# Solver information
# Time        	U_solver      	Ux_initial    	Ux_final      	Ux_iters      	Uy_initial    	Uy_final      	Uy_iters      	Uz_initial    	Uz_final      	Uz_iters      	U_converged   	p_solver      	p_initial     	p_final       	p_iters       	p_converged   
1             	smoothSolver	2.275880e-02	1.977050e-03	9	2.230610e-01	2.202980e-02	8	2.190570e-01	2.071080e-02	7	false	GAMG	1.000000e+00	9.777250e-03	11	true
2             	smoothSolver	1.423180e-02	1.266440e-03	8	1.351100e-01	1.056080e-02	8	1.131600e-01	9.027540e-03	8	false	GAMG	6.287290e-02	6.029240e-04	11	true
3             	smoothSolver	9.151910e-03	7.795880e-04	8	1.001370e-01	9.902910e-03	7	9.179470e-02	7.204620e-03	8	false	GAMG	4.453870e-02	3.306010e-04	9	true
4             	smoothSolver	7.152170e-03	5.886580e-04	8	8.164050e-02	8.104900e-03	7	7.167100e-02	5.581120e-03	8	false	GAMG	3.524110e-02	2.956090e-04	9	true
5             	smoothSolver	5.983200e-03	5.156290e-04	8	7.072610e-02	5.777530e-03	8	5.691810e-02	4.644780e-03	8	false	GAMG	2.972040e-02	2.686320e-04	9	true
6             	smoothSolver	5.197660e-03	4.788630e-04	8	6.438680e-02	5.718380e-03	8	4.876430e-02	4.246290e-03	8	false	GAMG	2.619560e-02	2.360910e-04	9	true
7             	smoothSolver	4.634160e-03	4.515780e-04	8	5.956110e-02	5.673090e-03	8	4.274870e-02	3.972900e-03	8	false	GAMG	2.351570e-02	2.129890e-04	6	true
8             	smoothSolver	4.245220e-03	3.350670e-04	9	5.452440e-02	4.322830e-03	9	3.780290e-02	3.708360e-03	8	false	GAMG	2.138750e-02	1.963310e-04	7	true
9             	smoothSolver	3.909280e-03	3.167540e-04	9	5.019030e-02	4.122890e-03	9	3.405690e-02	2.702400e-03	9	false	GAMG	2.043470e-02	2.019500e-04	7	true
10            	smoothSolver	3.670980e-03	3.039440e-04	9	4.703100e-02	3.967280e-03	9	3.127220e-02	2.515240e-03	9	false	GAMG	1.946650e-02	1.813790e-04	7	true
11            	smoothSolver	3.476910e-03	2.950350e-04	9	4.456230e-02	3.850260e-03	9	2.919170e-02	2.407050e-03	9	false	GAMG	1.858590e-02	1.488840e-04	7	true
12            	smoothSolver	3.316220e-03	2.894870e-04	9	4.264710e-02	3.763020e-03	9	2.745740e-02	2.327070e-03	9	false	GAMG	1.785560e-02	1.726660e-04	6	true
13            	smoothSolver	3.219700e-03	2.857470e-04	9	4.133220e-02	3.713390e-03	9	2.594270e-02	2.248590e-03	9	false	GAMG	1.735170e-02	1.597840e-04	6	true
14            	smoothSolver	3.110510e-03	2.832250e-04	9	4.028810e-02	3.689670e-03	9	2.470730e-02	2.186030e-03	9	false	GAMG	1.678990e-02	1.633920e-04	6	true
15            	smoothSolver	2.996630e-03	2.813240e-04	9	3.925290e-02	3.662790e-03	9	2.360490e-02	2.131470e-03	9	false	GAMG	1.629670e-02	1.119970e-04	7	true
16            	smoothSolver	2.937470e-03	2.796900e-04	9	3.850810e-02	3.670480e-03	9	2.251950e-02	2.075240e-03	9	false	GAMG	1.581710e-02	1.139330e-04	7	true
17            	smoothSolver	2.872010e-03	2.785810e-04	9	3.777010e-02	3.678350e-03	9	2.142280e-02	2.014180e-03	9	false	GAMG	1.519640e-02	1.020540e-04	7	true
18            	smoothSolver	2.806140e-03	2.770140e-04	9	3.709510e-02	3.683290e-03	9	2.037410e-02	1.954570e-03	9	false	GAMG	1.467470e-02	9.740170e-05	6	true
19            	smoothSolver	2.738590e-03	2.185600e-04	10	3.648280e-02	2.932780e-03	10	1.946080e-02	1.903530e-03	9	false	GAMG	1.436240e-02	8.759500e-05	6	true
20            	smoothSolver	2.681240e-03	2.174700e-04	10	3.584990e-02	2.930370e-03	10	1.881100e-02	1.871490e-03	9	false	GAMG	1.414750e-02	8.543370e-05	6	true
21            	smoothSolver	2.643010e-03	2.179880e-04	10	3.542410e-02	2.928290e-03	10	1.834400e-02	1.466270e-03	10	false	GAMG	1.404940e-02	1.283540e-04	6	true
22            	smoothSolver	2.634380e-03	2.184080e-04	10	3.523130e-02	2.928430e-03	10	1.792830e-02	1.455920e-03	10	false	GAMG	1.409410e-02	9.370670e-05	7	true
23            	smoothSolver	2.591730e-03	2.173050e-04	10	3.505270e-02	2.923110e-03	10	1.765190e-02	1.457760e-03	10	false	GAMG	1.408480e-02	9.458740e-05	7	true
24            	smoothSolver	2.574510e-03	2.162430e-04	10	3.495800e-02	2.929630e-03	10	1.753220e-02	1.465080e-03	10	false	GAMG	1.425520e-02	9.403190e-05	7	true
25            	smoothSolver	2.567610e-03	2.160760e-04	10	3.489500e-02	2.945160e-03	10	1.752580e-02	1.475970e-03	10	false	GAMG	1.434720e-02	1.145770e-04	6	true
26            	smoothSolver	2.581170e-03	2.165350e-04	10	3.481120e-02	2.961750e-03	10	1.754610e-02	1.486840e-03	10	false	GAMG	1.438000e-02	9.077400e-05	6	true
27            	smoothSolver	2.564280e-03	2.171180e-04	10	3.464090e-02	2.971710e-03	10	1.755040e-02	1.496960e-03	10	false	GAMG	1.422310e-02	8.680770e-05	6	true
28            	smoothSolver	2.565580e-03	2.175180e-04	10	3.453900e-02	2.989790e-03	10	1.753580e-02	1.509460e-03	10	false	GAMG	1.396880e-02	9.291430e-05	6	true
29            	smoothSolver	2.572380e-03	2.186630e-04	10	3.456640e-02	3.032420e-03	10	1.751310e-02	1.524210e-03	10	false	GAMG	1.369350e-02	9.468250e-05	6	true
30            	smoothSolver	2.578900e-03	2.206250e-04	10	3.470460e-02	3.090530e-03	10	1.752010e-02	1.540520e-03	10	false	GAMG	1.343150e-02	8.961920e-05	6	true
31            	smoothSolver	2.594440e-03	2.231900e-04	10	3.489250e-02	3.144550e-03	10	1.754570e-02	1.556800e-03	10	false	GAMG	1.324280e-02	8.376310e-05	6	true
32            	smoothSolver	2.617220e-03	2.257280e-04	10	3.503970e-02	3.186240e-03	10	1.756740e-02	1.569500e-03	10	false	GAMG	1.309530e-02	8.076210e-05	6	true
33            	smoothSolver	2.645910e-03	2.280440e-04	10	3.517380e-02	3.220890e-03	10	1.758920e-02	1.583110e-03	10	false	GAMG	1.300570e-02	7.939940e-05	6	true
34            	smoothSolver	2.676400e-03	2.301770e-04	10	3.533720e-02	3.252820e-03	10	1.763020e-02	1.599460e-03	10	false	GAMG	1.292140e-02	8.174790e-05	6	true
35            	smoothSolver	2.707260e-03	2.324560e-04	10	3.558020e-02	3.288180e-03	10	1.774130e-02	1.617940e-03	10	false	GAMG	1.290150e-02	9.106590e-05	6	true
36            	smoothSolver	2.739920e-03	2.352280e-04	10	3.592000e-02	3.331510e-03	10	1.796870e-02	1.639630e-03	10	false	GAMG	1.295830e-02	9.736020e-05	6	true
37            	smoothSolver	2.779820e-03	2.383970e-04	10	3.638360e-02	3.379300e-03	10	1.830670e-02	1.671510e-03	10	false	GAMG	1.307580e-02	9.937060e-05	6	true
38            	smoothSolver	2.830170e-03	2.419830e-04	10	3.703900e-02	3.437810e-03	10	1.873880e-02	1.713240e-03	10	false	GAMG	1.316610e-02	9.783920e-05	6	true
39            	smoothSolver	2.886700e-03	2.464680e-04	10	3.774390e-02	3.505420e-03	10	1.926980e-02	1.762760e-03	10	false	GAMG	1.322210e-02	9.510460e-05	6	true
40            	smoothSolver	2.950900e-03	2.518840e-04	10	3.840390e-02	3.569920e-03	10	1.989210e-02	1.816250e-03	10	false	GAMG	1.327010e-02	9.529540e-05	6	true
41            	smoothSolver	3.016230e-03	2.577880e-04	10	3.904370e-02	3.631190e-03	10	2.058040e-02	1.871700e-03	10	false	GAMG	1.333360e-02	1.008720e-04	6	true
42            	smoothSolver	3.074920e-03	2.628810e-04	10	3.960800e-02	3.684770e-03	10	2.127390e-02	1.930500e-03	10	false	GAMG	1.340380e-02	1.077140e-04	6	true
43            	smoothSolver	3.125330e-03	2.667700e-04	10	4.011740e-02	3.727330e-03	10	2.195250e-02	1.988510e-03	10	false	GAMG	1.346490e-02	1.070290e-04	6	true
44            	smoothSolver	3.170570e-03	2.687830e-04	10	4.060190e-02	3.763510e-03	10	2.264650e-02	2.040670e-03	10	false	GAMG	1.361540e-02	1.012360e-04	6	true
45            	smoothSolver	3.217990e-03	2.683320e-04	10	4.115240e-02	3.797580e-03	10	2.332870e-02	2.083270e-03	10	false	GAMG	1.388610e-02	9.924410e-05	6	true
46            	smoothSolver	3.260770e-03	2.664340e-04	10	4.187370e-02	3.826840e-03	10	2.402550e-02	2.118310e-03	10	false	GAMG	1.424180e-02	9.971710e-05	6	true
47            	smoothSolver	3.298750e-03	2.642980e-04	10	4.265150e-02	3.845350e-03	10	2.484140e-02	2.152960e-03	10	false	GAMG	1.489980e-02	1.061110e-04	6	true
48            	smoothSolver	3.347320e-03	3.337760e-04	9	4.343620e-02	3.844610e-03	10	2.578310e-02	2.196340e-03	10	false	GAMG	1.587720e-02	1.136120e-04	6	true
49            	smoothSolver	3.411950e-03	3.353230e-04	9	4.397110e-02	3.815230e-03	10	2.670690e-02	2.243630e-03	10	false	GAMG	1.689580e-02	1.150240e-04	6	true
50            	smoothSolver	3.451200e-03	3.368490e-04	9	4.421220e-02	3.791660e-03	10	2.764880e-02	2.304270e-03	10	false	GAMG	1.755610e-02	1.139920e-04	6	true
51            	smoothSolver	3.464040e-03	3.388010e-04	9	4.418250e-02	3.776180e-03	10	2.859990e-02	2.373370e-03	10	false	GAMG	1.785920e-02	1.100610e-04	6	true
52            	smoothSolver	3.451750e-03	3.411860e-04	9	4.380600e-02	3.762670e-03	10	2.945910e-02	2.447610e-03	10	false	GAMG	1.800630e-02	1.061840e-04	6	true
53            	smoothSolver	3.443360e-03	3.438630e-04	9	4.329580e-02	3.749090e-03	10	3.023680e-02	2.525490e-03	10	false	GAMG	1.801780e-02	1.035680e-04	6	true
54            	smoothSolver	3.451190e-03	2.739360e-04	10	4.294330e-02	3.741930e-03	10	3.101220e-02	2.607020e-03	10	false	GAMG	1.770200e-02	1.019220e-04	6	true
55            	smoothSolver	3.423030e-03	2.739940e-04	10	4.265540e-02	3.746990e-03	10	3.180460e-02	2.689910e-03	10	false	GAMG	1.731370e-02	1.028700e-04	6	true
56            	smoothSolver	3.386240e-03	2.737300e-04	10	4.228130e-02	3.747320e-03	10	3.237250e-02	2.751560e-03	10	false	GAMG	1.694470e-02	1.031960e-04	6	true
57            	smoothSolver	3.350090e-03	2.731930e-04	10	4.204360e-02	3.741030e-03	10	3.274390e-02	2.794330e-03	10	false	GAMG	1.659940e-02	9.926200e-05	6	true
58            	smoothSolver	3.305780e-03	2.717320e-04	10	4.196440e-02	3.726860e-03	10	3.297380e-02	2.814660e-03	10	false	GAMG	1.642700e-02	9.883360e-05	6	true
59            	smoothSolver	3.274360e-03	2.693810e-04	10	4.198700e-02	3.702180e-03	10	3.307090e-02	2.804510e-03	10	false	GAMG	1.652770e-02	1.012750e-04	6	true
60            	smoothSolver	3.256210e-03	2.666600e-04	10	4.198210e-02	3.666040e-03	10	3.310800e-02	2.770360e-03	10	false	GAMG	1.694010e-02	1.039190e-04	6	true
61            	smoothSolver	3.229830e-03	2.632590e-04	10	4.188180e-02	3.612380e-03	10	3.302200e-02	2.718520e-03	10	false	GAMG	1.759270e-02	1.064320e-04	6	true
62            	smoothSolver	3.188030e-03	2.582790e-04	10	4.167110e-02	3.546120e-03	10	3.268950e-02	2.651420e-03	10	false	GAMG	1.848240e-02	1.090420e-04	6	true
63            	smoothSolver	3.126700e-03	2.515650e-04	10	4.144710e-02	3.464850e-03	10	3.227700e-02	2.571380e-03	10	false	GAMG	1.942700e-02	1.080230e-04	6	true
64            	smoothSolver	3.051100e-03	2.443640e-04	10	4.103990e-02	3.380700e-03	10	3.187600e-02	3.157500e-03	9	false	GAMG	2.008540e-02	1.899260e-04	5	true
65            	smoothSolver	2.970880e-03	2.359050e-04	10	4.055950e-02	3.284930e-03	10	3.145390e-02	3.075050e-03	9	false	GAMG	2.030400e-02	1.923870e-04	5	true
66            	smoothSolver	2.923370e-03	2.894440e-04	9	4.011770e-02	3.197910e-03	10	3.093900e-02	2.997530e-03	9	false	GAMG	2.009290e-02	1.821370e-04	5	true
67            	smoothSolver	2.901030e-03	2.806590e-04	9	3.976330e-02	3.959550e-03	9	3.037840e-02	2.927950e-03	9	false	GAMG	1.999160e-02	1.789630e-04	5	true
68            	smoothSolver	2.876830e-03	2.726350e-04	9	3.990650e-02	3.916780e-03	9	2.977140e-02	2.867440e-03	9	false	GAMG	1.989170e-02	1.743180e-04	5	true
69            	smoothSolver	2.852410e-03	2.662190e-04	9	3.988940e-02	3.863690e-03	9	2.915260e-02	2.807900e-03	9	false	GAMG	1.968310e-02	1.678890e-04	5	true
70            	smoothSolver	2.831450e-03	2.605170e-04	9	3.992120e-02	3.798870e-03	9	2.865000e-02	2.739930e-03	9	false	GAMG	1.931760e-02	1.611740e-04	5	true
71            	smoothSolver	2.803220e-03	2.553160e-04	9	3.977400e-02	3.724760e-03	9	2.818550e-02	2.666230e-03	9	false	GAMG	1.889840e-02	1.567960e-04	5	true
72            	smoothSolver	2.759090e-03	2.498440e-04	9	3.953460e-02	3.648440e-03	9	2.762980e-02	2.593480e-03	9	false	GAMG	1.840620e-02	1.528960e-04	5	true
73            	smoothSolver	2.706850e-03	2.441270e-04	9	3.901310e-02	3.581870e-03	9	2.707340e-02	2.522250e-03	9	false	GAMG	1.801960e-02	1.493230e-04	5	true
74            	smoothSolver	2.634550e-03	2.388170e-04	9	3.828510e-02	3.525340e-03	9	2.652560e-02	2.464290e-03	9	false	GAMG	1.791670e-02	1.481770e-04	5	true
75            	smoothSolver	2.553940e-03	2.339900e-04	9	3.758710e-02	3.476290e-03	9	2.602950e-02	2.414320e-03	9	false	GAMG	1.775250e-02	1.480630e-04	5	true
76            	smoothSolver	2.471330e-03	2.294040e-04	9	3.692660e-02	3.434250e-03	9	2.555950e-02	2.365320e-03	9	false	GAMG	1.755080e-02	1.478810e-04	5	true
77            	smoothSolver	2.384240e-03	2.249580e-04	9	3.633180e-02	3.398280e-03	9	2.508650e-02	2.317300e-03	9	false	GAMG	1.717970e-02	1.481660e-04	5	true
78            	smoothSolver	2.298410e-03	2.207300e-04	9	3.578360e-02	3.371350e-03	9	2.453690e-02	2.272010e-03	9	false	GAMG	1.685920e-02	1.480850e-04	5	true
79            	smoothSolver	2.217140e-03	2.169670e-04	9	3.535100e-02	3.356900e-03	9	2.387070e-02	2.232170e-03	9	false	GAMG	1.681650e-02	1.475880e-04	5	true
80            	smoothSolver	2.147440e-03	2.138080e-04	9	3.488050e-02	3.354380e-03	9	2.317740e-02	2.194540e-03	9	false	GAMG	1.680760e-02	1.467950e-04	5	true
81            	smoothSolver	2.086440e-03	1.673470e-04	10	3.442970e-02	3.361410e-03	9	2.255400e-02	2.156020e-03	9	false	GAMG	1.676300e-02	1.451480e-04	5	true
82            	smoothSolver	2.022050e-03	1.645860e-04	10	3.405190e-02	3.377950e-03	9	2.200600e-02	2.121940e-03	9	false	GAMG	1.665010e-02	1.431410e-04	5	true
83            	smoothSolver	1.967440e-03	1.620190e-04	10	3.365570e-02	2.673790e-03	10	2.147950e-02	2.088150e-03	9	false	GAMG	1.650440e-02	1.410520e-04	5	true
84            	smoothSolver	1.921370e-03	1.600690e-04	10	3.306320e-02	2.646370e-03	10	2.106540e-02	2.064250e-03	9	false	GAMG	1.630600e-02	1.402180e-04	5	true
85            	smoothSolver	1.879470e-03	1.582330e-04	10	3.255170e-02	2.626310e-03	10	2.069990e-02	2.047960e-03	9	false	GAMG	1.607200e-02	1.373640e-04	5	true
86            	smoothSolver	1.839980e-03	1.563390e-04	10	3.216340e-02	2.608480e-03	10	2.036810e-02	2.034750e-03	9	false	GAMG	1.580110e-02	1.322260e-04	5	true
87            	smoothSolver	1.803860e-03	1.544270e-04	10	3.180350e-02	2.587910e-03	10	2.005720e-02	1.598620e-03	10	false	GAMG	1.555630e-02	1.292750e-04	5	true
88            	smoothSolver	1.771750e-03	1.527130e-04	10	3.154030e-02	2.573060e-03	10	1.972470e-02	1.576310e-03	10	false	GAMG	1.521080e-02	1.213400e-04	5	true
89            	smoothSolver	1.746920e-03	1.512260e-04	10	3.133340e-02	2.564820e-03	10	1.949840e-02	1.562080e-03	10	false	GAMG	1.488590e-02	1.152130e-04	5	true
90            	smoothSolver	1.726370e-03	1.500180e-04	10	3.118170e-02	2.562480e-03	10	1.928180e-02	1.553230e-03	10	false	GAMG	1.456920e-02	1.097670e-04	5	true
91            	smoothSolver	1.711550e-03	1.492400e-04	10	3.102560e-02	2.563340e-03	10	1.902390e-02	1.546920e-03	10	false	GAMG	1.425780e-02	1.050080e-04	5	true
92            	smoothSolver	1.700120e-03	1.486770e-04	10	3.083140e-02	2.566850e-03	10	1.873680e-02	1.539980e-03	10	false	GAMG	1.394340e-02	1.008520e-04	5	true
93            	smoothSolver	1.688180e-03	1.478870e-04	10	3.062730e-02	2.571130e-03	10	1.842970e-02	1.532910e-03	10	false	GAMG	1.355440e-02	9.865550e-05	5	true
94            	smoothSolver	1.674490e-03	1.467260e-04	10	3.035960e-02	2.569730e-03	10	1.816190e-02	1.528050e-03	10	false	GAMG	1.305510e-02	9.810730e-05	5	true
95            	smoothSolver	1.658030e-03	1.452700e-04	10	2.997090e-02	2.558090e-03	10	1.797290e-02	1.524810e-03	10	false	GAMG	1.252940e-02	9.580360e-05	5	true
96            	smoothSolver	1.641250e-03	1.435210e-04	10	2.952110e-02	2.530620e-03	10	1.779350e-02	1.517760e-03	10	false	GAMG	1.209940e-02	9.377310e-05	5	true
97            	smoothSolver	1.625800e-03	1.416750e-04	10	2.909690e-02	2.487950e-03	10	1.768430e-02	1.508220e-03	10	false	GAMG	1.196540e-02	9.200650e-05	5	true
98            	smoothSolver	1.611040e-03	1.397510e-04	10	2.869930e-02	2.437260e-03	10	1.762730e-02	1.494030e-03	10	false	GAMG	1.208540e-02	9.052980e-05	5	true
99            	smoothSolver	1.600340e-03	1.376710e-04	10	2.829080e-02	2.387120e-03	10	1.757540e-02	1.473850e-03	10	false	GAMG	1.230920e-02	8.901340e-05	5	true
100           	smoothSolver	1.591330e-03	1.353490e-04	10	2.798340e-02	2.342030e-03	10	1.749720e-02	1.451270e-03	10	false	GAMG	1.253060e-02	8.771790e-05	5	true
101           	smoothSolver	1.586430e-03	1.329090e-04	10	2.775550e-02	2.306620e-03	10	1.738280e-02	1.429530e-03	10	false	GAMG	1.272070e-02	8.678170e-05	5	true
102           	smoothSolver	1.579570e-03	1.304220e-04	10	2.742960e-02	2.279730e-03	10	1.727900e-02	1.409030e-03	10	false	GAMG	1.288880e-02	8.628310e-05	5	true
103           	smoothSolver	1.561180e-03	1.280240e-04	10	2.705560e-02	2.249980e-03	10	1.713300e-02	1.390880e-03	10	false	GAMG	1.295560e-02	8.597860e-05	5	true
104           	smoothSolver	1.538490e-03	1.259800e-04	10	2.661490e-02	2.217730e-03	10	1.685950e-02	1.375930e-03	10	false	GAMG	1.287130e-02	8.553520e-05	5	true
105           	smoothSolver	1.513290e-03	1.243870e-04	10	2.605850e-02	2.179550e-03	10	1.651950e-02	1.364670e-03	10	false	GAMG	1.255820e-02	8.452870e-05	5	true
106           	smoothSolver	1.489110e-03	1.231550e-04	10	2.543760e-02	2.135330e-03	10	1.618270e-02	1.356410e-03	10	false	GAMG	1.210070e-02	8.254910e-05	5	true
107           	smoothSolver	1.462360e-03	1.220020e-04	10	2.478730e-02	2.089420e-03	10	1.588570e-02	1.352970e-03	10	false	GAMG	1.149780e-02	8.022940e-05	5	true
108           	smoothSolver	1.433010e-03	1.208560e-04	10	2.416690e-02	2.048050e-03	10	1.568450e-02	1.353530e-03	10	false	GAMG	1.089360e-02	7.805770e-05	5	true
109           	smoothSolver	1.406470e-03	1.196690e-04	10	2.370260e-02	2.010640e-03	10	1.555530e-02	1.353210e-03	10	false	GAMG	1.052060e-02	7.650360e-05	5	true
110           	smoothSolver	1.381580e-03	1.184120e-04	10	2.335180e-02	1.976470e-03	10	1.549420e-02	1.347560e-03	10	false	GAMG	1.040970e-02	7.627420e-05	5	true
111           	smoothSolver	1.357720e-03	1.170690e-04	10	2.317150e-02	1.946910e-03	10	1.544260e-02	1.335230e-03	10	false	GAMG	1.041950e-02	7.775590e-05	5	true
112           	smoothSolver	1.339570e-03	1.156370e-04	10	2.317650e-02	1.929650e-03	10	1.540110e-02	1.317090e-03	10	false	GAMG	1.051520e-02	8.016130e-05	5	true
113           	smoothSolver	1.328320e-03	1.139900e-04	10	2.335480e-02	1.919010e-03	10	1.537940e-02	1.294580e-03	10	false	GAMG	1.068470e-02	8.096380e-05	5	true
114           	smoothSolver	1.320730e-03	1.122290e-04	10	2.365480e-02	1.916360e-03	10	1.533190e-02	1.268730e-03	10	false	GAMG	1.094550e-02	7.977810e-05	5	true
115           	smoothSolver	1.312830e-03	1.105000e-04	10	2.399940e-02	1.920950e-03	10	1.527000e-02	1.245220e-03	10	false	GAMG	1.116590e-02	7.833620e-05	5	true
116           	smoothSolver	1.305160e-03	1.088440e-04	10	2.436580e-02	1.927820e-03	10	1.516330e-02	1.222180e-03	10	false	GAMG	1.133100e-02	7.645410e-05	5	true
117           	smoothSolver	1.297240e-03	1.073630e-04	10	2.461460e-02	2.443740e-03	9	1.504010e-02	1.199790e-03	10	false	GAMG	1.144790e-02	7.452560e-05	5	true
118           	smoothSolver	1.285960e-03	1.060140e-04	10	2.485140e-02	2.455960e-03	9	1.482490e-02	1.177150e-03	10	false	GAMG	1.160670e-02	7.271320e-05	5	true
119           	smoothSolver	1.275340e-03	1.051230e-04	10	2.493450e-02	2.459900e-03	9	1.455450e-02	1.158170e-03	10	false	GAMG	1.179940e-02	7.115860e-05	5	true
120           	smoothSolver	1.263950e-03	1.046970e-04	10	2.495420e-02	2.464550e-03	9	1.430190e-02	1.142940e-03	10	false	GAMG	1.186110e-02	7.010610e-05	5	true
121           	smoothSolver	1.252090e-03	1.046450e-04	10	2.493970e-02	2.470060e-03	9	1.409810e-02	1.132890e-03	10	false	GAMG	1.176350e-02	6.940330e-05	5	true
122           	smoothSolver	1.240770e-03	1.049050e-04	10	2.497680e-02	2.478020e-03	9	1.394530e-02	1.127630e-03	10	false	GAMG	1.154130e-02	6.872760e-05	5	true
123           	smoothSolver	1.229450e-03	1.052780e-04	10	2.499390e-02	2.487930e-03	9	1.382360e-02	1.126780e-03	10	false	GAMG	1.116310e-02	6.746170e-05	5	true
124           	smoothSolver	1.217490e-03	1.055850e-04	10	2.496960e-02	1.982320e-03	10	1.368740e-02	1.129200e-03	10	false	GAMG	1.070660e-02	6.616500e-05	5	true
125           	smoothSolver	1.207820e-03	1.059100e-04	10	2.479780e-02	1.980460e-03	10	1.359560e-02	1.137190e-03	10	false	GAMG	1.030090e-02	6.563870e-05	5	true
126           	smoothSolver	1.201400e-03	1.060480e-04	10	2.460020e-02	1.986850e-03	10	1.349700e-02	1.146580e-03	10	false	GAMG	9.955040e-03	6.527740e-05	5	true
127           	smoothSolver	1.197470e-03	1.061660e-04	10	2.436080e-02	1.998940e-03	10	1.336650e-02	1.157270e-03	10	false	GAMG	9.658130e-03	6.541970e-05	5	true
128           	smoothSolver	1.195800e-03	1.062920e-04	10	2.407030e-02	2.009510e-03	10	1.320390e-02	1.168450e-03	10	false	GAMG	9.410750e-03	6.590890e-05	5	true
129           	smoothSolver	1.196760e-03	1.063710e-04	10	2.374170e-02	2.016010e-03	10	1.303720e-02	1.178380e-03	10	false	GAMG	9.187420e-03	6.694680e-05	5	true
130           	smoothSolver	1.200130e-03	1.063910e-04	10	2.344550e-02	2.017740e-03	10	1.290000e-02	1.185130e-03	10	false	GAMG	8.991870e-03	6.763160e-05	5	true
131           	smoothSolver	1.204320e-03	1.063050e-04	10	2.315280e-02	2.011340e-03	10	1.280180e-02	1.188110e-03	10	false	GAMG	8.822130e-03	6.748120e-05	5	true
132           	smoothSolver	1.208660e-03	1.061130e-04	10	2.290670e-02	1.998410e-03	10	1.276460e-02	1.187730e-03	10	false	GAMG	8.646640e-03	6.664390e-05	5	true
133           	smoothSolver	1.213240e-03	1.058500e-04	10	2.271310e-02	1.982500e-03	10	1.275480e-02	1.183310e-03	10	false	GAMG	8.430860e-03	6.502180e-05	5	true
134           	smoothSolver	1.214570e-03	1.055550e-04	10	2.254330e-02	1.963540e-03	10	1.275660e-02	1.174660e-03	10	false	GAMG	8.180800e-03	6.304790e-05	5	true
135           	smoothSolver	1.213550e-03	1.051940e-04	10	2.239340e-02	1.938180e-03	10	1.276340e-02	1.161960e-03	10	false	GAMG	7.963950e-03	6.187600e-05	5	true
136           	smoothSolver	1.211080e-03	1.046140e-04	10	2.224630e-02	1.904820e-03	10	1.277550e-02	1.146220e-03	10	false	GAMG	7.845980e-03	6.316700e-05	5	true
137           	smoothSolver	1.210000e-03	1.037930e-04	10	2.205590e-02	1.863500e-03	10	1.279980e-02	1.128250e-03	10	false	GAMG	7.906850e-03	6.667790e-05	5	true
138           	smoothSolver	1.211650e-03	1.028040e-04	10	2.182050e-02	1.815580e-03	10	1.279980e-02	1.109050e-03	10	false	GAMG	8.184190e-03	6.999430e-05	5	true
139           	smoothSolver	1.215620e-03	1.016820e-04	10	2.146490e-02	1.764660e-03	10	1.278280e-02	1.091340e-03	10	false	GAMG	8.593080e-03	7.217810e-05	5	true
140           	smoothSolver	1.217150e-03	1.005210e-04	10	2.100000e-02	1.712620e-03	10	1.271230e-02	1.075640e-03	10	false	GAMG	8.980470e-03	7.298240e-05	5	true
141           	smoothSolver	1.215570e-03	9.935400e-05	10	2.041900e-02	1.660740e-03	10	1.258110e-02	1.061460e-03	10	false	GAMG	9.288450e-03	7.264160e-05	5	true
142           	smoothSolver	1.210050e-03	9.815060e-05	10	1.976660e-02	1.610810e-03	10	1.237480e-02	1.048500e-03	10	false	GAMG	9.440960e-03	7.126450e-05	5	true
143           	smoothSolver	1.200030e-03	9.705270e-05	10	1.907980e-02	1.565410e-03	10	1.212680e-02	1.037520e-03	10	false	GAMG	9.554290e-03	6.933890e-05	5	true
144           	smoothSolver	1.185960e-03	9.589220e-05	10	1.844750e-02	1.527740e-03	10	1.186750e-02	1.026480e-03	10	false	GAMG	9.674770e-03	6.825150e-05	5	true
145           	smoothSolver	1.169020e-03	9.476360e-05	10	1.794320e-02	1.496620e-03	10	1.163350e-02	1.014410e-03	10	false	GAMG	9.705300e-03	6.826720e-05	5	true
146           	smoothSolver	1.151220e-03	9.366450e-05	10	1.761200e-02	1.472800e-03	10	1.144630e-02	1.001550e-03	10	false	GAMG	9.670730e-03	6.852320e-05	5	true
147           	smoothSolver	1.132100e-03	9.265570e-05	10	1.741210e-02	1.451970e-03	10	1.131430e-02	9.880920e-04	10	false	GAMG	9.659640e-03	6.830480e-05	5	true
148           	smoothSolver	1.115440e-03	9.192770e-05	10	1.727740e-02	1.433670e-03	10	1.122110e-02	9.750420e-04	10	false	GAMG	9.768630e-03	6.736430e-05	5	true
149           	smoothSolver	1.101620e-03	9.137960e-05	10	1.720590e-02	1.420740e-03	10	1.117610e-02	9.633520e-04	10	false	GAMG	1.001080e-02	6.599510e-05	5	true
150           	smoothSolver	1.093070e-03	9.095920e-05	10	1.717820e-02	1.411110e-03	10	1.114970e-02	9.527470e-04	10	false	GAMG	1.024650e-02	6.443580e-05	5	true
151           	smoothSolver	1.091680e-03	9.059800e-05	10	1.718260e-02	1.406040e-03	10	1.110440e-02	9.423040e-04	10	false	GAMG	1.036350e-02	6.289350e-05	5	true
152           	smoothSolver	1.093030e-03	9.026970e-05	10	1.718570e-02	1.404840e-03	10	1.101700e-02	9.312920e-04	10	false	GAMG	1.042340e-02	6.200900e-05	5	true
153           	smoothSolver	1.094170e-03	8.990470e-05	10	1.716870e-02	1.404320e-03	10	1.086250e-02	9.195890e-04	10	false	GAMG	1.042710e-02	6.196150e-05	5	true
154           	smoothSolver	1.092400e-03	8.945790e-05	10	1.709120e-02	1.403550e-03	10	1.066410e-02	9.080960e-04	10	false	GAMG	1.034170e-02	6.288910e-05	5	true
155           	smoothSolver	1.087520e-03	8.890990e-05	10	1.694680e-02	1.402480e-03	10	1.045100e-02	8.977520e-04	10	false	GAMG	1.010420e-02	6.394410e-05	5	true
156           	smoothSolver	1.077270e-03	8.816720e-05	10	1.678880e-02	1.400240e-03	10	1.025140e-02	8.886890e-04	10	false	GAMG	9.844080e-03	6.459050e-05	5	true
157           	smoothSolver	1.065300e-03	8.732590e-05	10	1.660160e-02	1.396240e-03	10	1.006120e-02	8.817300e-04	10	false	GAMG	9.751710e-03	6.462330e-05	5	true
158           	smoothSolver	1.052060e-03	8.642580e-05	10	1.641180e-02	1.390480e-03	10	9.899330e-03	8.756760e-04	10	false	GAMG	9.725910e-03	6.375880e-05	5	true
159           	smoothSolver	1.038420e-03	8.555960e-05	10	1.626010e-02	1.384120e-03	10	9.799750e-03	8.697240e-04	10	false	GAMG	9.771340e-03	6.311280e-05	5	true
160           	smoothSolver	1.027990e-03	8.480720e-05	10	1.619040e-02	1.378720e-03	10	9.748340e-03	8.655170e-04	10	false	GAMG	9.812160e-03	6.261180e-05	5	true
161           	smoothSolver	1.022200e-03	8.435830e-05	10	1.623610e-02	1.376380e-03	10	9.743000e-03	8.639480e-04	10	false	GAMG	9.794590e-03	6.218810e-05	5	true
162           	smoothSolver	1.021510e-03	8.423890e-05	10	1.638250e-02	1.376490e-03	10	9.768640e-03	8.632610e-04	10	false	GAMG	9.704610e-03	6.236750e-05	5	true
163           	smoothSolver	1.023610e-03	8.440800e-05	10	1.658770e-02	1.377320e-03	10	9.822210e-03	8.622780e-04	10	false	GAMG	9.664960e-03	6.307650e-05	5	true
164           	smoothSolver	1.028170e-03	8.469820e-05	10	1.678790e-02	1.379140e-03	10	9.872370e-03	8.586930e-04	10	false	GAMG	9.597030e-03	6.323680e-05	5	true
165           	smoothSolver	1.033450e-03	8.491760e-05	10	1.694110e-02	1.383510e-03	10	9.884410e-03	8.518750e-04	10	false	GAMG	9.441640e-03	6.261690e-05	5	true
166           	smoothSolver	1.040100e-03	8.509840e-05	10	1.703480e-02	1.390040e-03	10	9.839000e-03	8.435700e-04	10	false	GAMG	9.322920e-03	6.151750e-05	5	true
167           	smoothSolver	1.049290e-03	8.539830e-05	10	1.704020e-02	1.394600e-03	10	9.763050e-03	8.340870e-04	10	false	GAMG	9.369170e-03	6.053780e-05	5	true
168           	smoothSolver	1.057650e-03	8.568630e-05	10	1.701700e-02	1.398760e-03	10	9.657260e-03	8.232560e-04	10	false	GAMG	9.505370e-03	5.982450e-05	5	true
169           	smoothSolver	1.062360e-03	8.582210e-05	10	1.698220e-02	1.401440e-03	10	9.562870e-03	8.114600e-04	10	false	GAMG	9.539230e-03	5.999020e-05	5	true
170           	smoothSolver	1.063330e-03	8.569200e-05	10	1.698880e-02	1.401690e-03	10	9.486170e-03	7.996630e-04	10	false	GAMG	9.506580e-03	6.134990e-05	5	true
171           	smoothSolver	1.059210e-03	8.543630e-05	10	1.693750e-02	1.401240e-03	10	9.373340e-03	7.878800e-04	10	false	GAMG	9.432580e-03	6.257990e-05	5	true
172           	smoothSolver	1.049540e-03	8.508570e-05	10	1.681550e-02	1.397640e-03	10	9.213330e-03	7.771320e-04	10	false	GAMG	9.308810e-03	6.256730e-05	5	true
173           	smoothSolver	1.034440e-03	8.465390e-05	10	1.663180e-02	1.391910e-03	10	9.050800e-03	7.682500e-04	10	false	GAMG	9.171360e-03	6.230100e-05	5	true
174           	smoothSolver	1.014700e-03	8.409550e-05	10	1.642100e-02	1.385390e-03	10	8.886620e-03	7.613780e-04	10	false	GAMG	8.999940e-03	6.173810e-05	5	true
175           	smoothSolver	9.928590e-04	8.339480e-05	10	1.622440e-02	1.378420e-03	10	8.713980e-03	7.560070e-04	10	false	GAMG	8.783300e-03	6.044430e-05	5	true
176           	smoothSolver	9.735900e-04	8.257600e-05	10	1.605570e-02	1.371320e-03	10	8.549700e-03	7.510430e-04	10	false	GAMG	8.508550e-03	5.832690e-05	5	true
177           	smoothSolver	9.559200e-04	8.172890e-05	10	1.592970e-02	1.365820e-03	10	8.424250e-03	7.463520e-04	10	false	GAMG	8.212080e-03	5.629090e-05	5	true
178           	smoothSolver	9.417610e-04	8.091820e-05	10	1.586120e-02	1.363450e-03	10	8.323850e-03	7.404810e-04	10	false	GAMG	7.991290e-03	5.448150e-05	5	true
179           	smoothSolver	9.325030e-04	8.026760e-05	10	1.581130e-02	1.364680e-03	10	8.229740e-03	7.342110e-04	10	false	GAMG	7.861680e-03	5.326100e-05	5	true
180           	smoothSolver	9.289150e-04	7.979570e-05	10	1.584400e-02	1.369640e-03	10	8.130470e-03	7.277010e-04	10	false	GAMG	7.829240e-03	5.458550e-05	5	true
181           	smoothSolver	9.283480e-04	7.942430e-05	10	1.592930e-02	1.377170e-03	10	8.062410e-03	7.212210e-04	10	false	GAMG	7.935940e-03	5.726910e-05	5	true
182           	smoothSolver	9.259470e-04	7.915620e-05	10	1.599600e-02	1.389650e-03	10	7.977330e-03	7.154370e-04	10	false	GAMG	8.167780e-03	5.972570e-05	5	true
183           	smoothSolver	9.208050e-04	7.905850e-05	10	1.605130e-02	1.409500e-03	10	7.900540e-03	7.113080e-04	10	false	GAMG	8.297480e-03	6.151860e-05	5	true
184           	smoothSolver	9.146320e-04	7.913830e-05	10	1.612020e-02	1.435830e-03	10	7.831960e-03	7.090260e-04	10	false	GAMG	8.354370e-03	6.263590e-05	5	true
185           	smoothSolver	9.088230e-04	7.940890e-05	10	1.625990e-02	1.465180e-03	10	7.771870e-03	7.088670e-04	10	false	GAMG	8.271410e-03	6.311630e-05	5	true
186           	smoothSolver	9.062170e-04	7.991290e-05	10	1.651290e-02	1.496540e-03	10	7.768020e-03	7.118720e-04	10	false	GAMG	8.194850e-03	6.210680e-05	5	true
187           	smoothSolver	9.073160e-04	8.059700e-05	10	1.686180e-02	1.528510e-03	10	7.814930e-03	7.166660e-04	10	false	GAMG	8.127270e-03	6.036210e-05	5	true
188           	smoothSolver	9.090910e-04	8.141070e-05	10	1.725220e-02	1.561720e-03	10	7.878950e-03	7.221170e-04	10	false	GAMG	8.031150e-03	5.856410e-05	5	true
189           	smoothSolver	9.105590e-04	8.225280e-05	10	1.769770e-02	1.595640e-03	10	7.951540e-03	7.277760e-04	10	false	GAMG	7.868620e-03	5.673260e-05	5	true
190           	smoothSolver	9.138180e-04	8.301090e-05	10	1.814270e-02	1.631880e-03	10	8.015320e-03	7.328540e-04	10	false	GAMG	7.705040e-03	5.504520e-05	5	true
191           	smoothSolver	9.182970e-04	8.362850e-05	10	1.854650e-02	1.668600e-03	10	8.081360e-03	7.362330e-04	10	false	GAMG	7.526150e-03	5.441530e-05	5	true
192           	smoothSolver	9.223040e-04	8.402600e-05	10	1.889180e-02	1.701060e-03	10	8.119830e-03	7.371080e-04	10	false	GAMG	7.398610e-03	5.546050e-05	5	true
193           	smoothSolver	9.273430e-04	8.422680e-05	10	1.913580e-02	1.725490e-03	10	8.131280e-03	7.355730e-04	10	false	GAMG	7.376350e-03	5.810670e-05	5	true
194           	smoothSolver	9.332120e-04	8.428750e-05	10	1.927930e-02	1.739320e-03	10	8.116950e-03	7.333970e-04	10	false	GAMG	7.404330e-03	6.069150e-05	5	true
195           	smoothSolver	9.377060e-04	8.436500e-05	10	1.916890e-02	1.736380e-03	10	8.080070e-03	7.331520e-04	10	false	GAMG	7.440280e-03	6.191460e-05	5	true
196           	smoothSolver	9.387540e-04	8.448540e-05	10	1.891110e-02	1.726310e-03	10	8.050130e-03	7.333130e-04	10	false	GAMG	7.453660e-03	6.187210e-05	5	true
197           	smoothSolver	9.368020e-04	8.468660e-05	10	1.856950e-02	1.708000e-03	10	8.005860e-03	7.336730e-04	10	false	GAMG	7.346040e-03	6.074570e-05	5	true
198           	smoothSolver	9.341770e-04	8.482890e-05	10	1.824930e-02	1.684050e-03	10	7.960190e-03	7.327800e-04	10	false	GAMG	7.163860e-03	5.843210e-05	5	true
199           	smoothSolver	9.322310e-04	8.478050e-05	10	1.793430e-02	1.656230e-03	10	7.936070e-03	7.296950e-04	10	false	GAMG	6.972330e-03	5.534760e-05	5	true
200           	smoothSolver	9.338980e-04	8.454810e-05	10	1.765280e-02	1.627620e-03	10	7.895120e-03	7.248600e-04	10	false	GAMG	6.923230e-03	5.281680e-05	5	true
201           	smoothSolver	9.371270e-04	8.415260e-05	10	1.740490e-02	1.600640e-03	10	7.861900e-03	7.199180e-04	10	false	GAMG	6.881250e-03	5.133800e-05	5	true
202           	smoothSolver	9.394470e-04	8.370320e-05	10	1.719600e-02	1.576340e-03	10	7.843400e-03	7.154550e-04	10	false	GAMG	6.818980e-03	5.055810e-05	5	true
203           	smoothSolver	9.414170e-04	8.326120e-05	10	1.700560e-02	1.555650e-03	10	7.843330e-03	7.124100e-04	10	false	GAMG	6.691520e-03	4.990270e-05	5	true
204           	smoothSolver	9.434280e-04	8.277790e-05	10	1.683840e-02	1.539310e-03	10	7.853710e-03	7.107400e-04	10	false	GAMG	6.576960e-03	4.961780e-05	5	true
205           	smoothSolver	9.450390e-04	8.227640e-05	10	1.670680e-02	1.528450e-03	10	7.855400e-03	7.104030e-04	10	false	GAMG	6.505350e-03	4.921440e-05	5	true
206           	smoothSolver	9.469470e-04	8.174770e-05	10	1.662330e-02	1.523020e-03	10	7.852210e-03	7.105070e-04	10	false	GAMG	6.472180e-03	4.964200e-05	5	true
207           	smoothSolver	9.465470e-04	8.123590e-05	10	1.658830e-02	1.521240e-03	10	7.847610e-03	7.103030e-04	10	false	GAMG	6.479300e-03	5.169110e-05	5	true
208           	smoothSolver	9.444700e-04	8.070670e-05	10	1.660710e-02	1.522080e-03	10	7.837300e-03	7.093220e-04	10	false	GAMG	6.507140e-03	5.406240e-05	5	true
209           	smoothSolver	9.404820e-04	8.012270e-05	10	1.667680e-02	1.525660e-03	10	7.823540e-03	7.077280e-04	10	false	GAMG	6.531130e-03	5.583910e-05	5	true
210           	smoothSolver	9.341690e-04	7.950570e-05	10	1.678330e-02	1.532540e-03	10	7.800500e-03	7.059010e-04	10	false	GAMG	6.534430e-03	5.608610e-05	5	true
211           	smoothSolver	9.267270e-04	7.888680e-05	10	1.692520e-02	1.542960e-03	10	7.792710e-03	7.049080e-04	10	false	GAMG	6.494360e-03	5.515130e-05	5	true
212           	smoothSolver	9.184210e-04	7.826920e-05	10	1.711970e-02	1.555600e-03	10	7.802840e-03	7.046160e-04	10	false	GAMG	6.431930e-03	5.396980e-05	5	true
213           	smoothSolver	9.104200e-04	7.764050e-05	10	1.735620e-02	1.569430e-03	10	7.827690e-03	7.045600e-04	10	false	GAMG	6.372810e-03	5.290510e-05	5	true
214           	smoothSolver	9.032510e-04	7.699360e-05	10	1.762680e-02	1.585260e-03	10	7.869990e-03	7.045450e-04	10	false	GAMG	6.346960e-03	5.197060e-05	5	true
215           	smoothSolver	8.976750e-04	7.634670e-05	10	1.793670e-02	1.602330e-03	10	7.929560e-03	7.046190e-04	10	false	GAMG	6.341700e-03	5.132090e-05	5	true
216           	smoothSolver	8.932580e-04	7.574990e-05	10	1.825650e-02	1.618920e-03	10	7.996960e-03	7.050560e-04	10	false	GAMG	6.348400e-03	5.113790e-05	5	true
217           	smoothSolver	8.898380e-04	7.528310e-05	10	1.854340e-02	1.633540e-03	10	8.069120e-03	7.060120e-04	10	false	GAMG	6.379980e-03	5.139630e-05	5	true
218           	smoothSolver	8.877190e-04	7.493600e-05	10	1.874840e-02	1.639730e-03	10	8.140960e-03	7.065130e-04	10	false	GAMG	6.422510e-03	5.194150e-05	5	true
219           	smoothSolver	8.856120e-04	7.469160e-05	10	1.864250e-02	1.616240e-03	10	8.211270e-03	7.068440e-04	10	false	GAMG	6.455380e-03	5.202570e-05	5	true
220           	smoothSolver	8.841610e-04	7.454920e-05	10	1.841450e-02	1.581060e-03	10	8.282090e-03	7.069930e-04	10	false	GAMG	6.470970e-03	5.188050e-05	5	true
221           	smoothSolver	8.832560e-04	7.448360e-05	10	1.816870e-02	1.540900e-03	10	8.352620e-03	7.063770e-04	10	false	GAMG	6.452730e-03	5.147230e-05	5	true
222           	smoothSolver	8.837570e-04	7.448130e-05	10	1.790560e-02	1.499590e-03	10	8.411280e-03	7.044710e-04	10	false	GAMG	6.450610e-03	5.110920e-05	5	true
223           	smoothSolver	8.860660e-04	7.446790e-05	10	1.762270e-02	1.458380e-03	10	8.454400e-03	7.021390e-04	10	false	GAMG	6.454660e-03	5.063420e-05	5	true
224           	smoothSolver	8.893060e-04	7.431700e-05	10	1.729370e-02	1.416710e-03	10	8.472460e-03	6.984360e-04	10	false	GAMG	6.455180e-03	5.012340e-05	5	true
225           	smoothSolver	8.922160e-04	7.400350e-05	10	1.691350e-02	1.375180e-03	10	8.459250e-03	6.931900e-04	10	false	GAMG	6.462310e-03	4.950190e-05	5	true
226           	smoothSolver	8.942760e-04	7.361020e-05	10	1.649880e-02	1.335380e-03	10	8.407590e-03	6.866970e-04	10	false	GAMG	6.496660e-03	4.862750e-05	5	true
227           	smoothSolver	8.938800e-04	7.319080e-05	10	1.601520e-02	1.298390e-03	10	8.313150e-03	6.795400e-04	10	false	GAMG	6.537940e-03	4.804400e-05	5	true
228           	smoothSolver	8.904160e-04	7.271960e-05	10	1.549620e-02	1.266050e-03	10	8.181650e-03	6.722060e-04	10	false	GAMG	6.544490e-03	4.797690e-05	5	true
229           	smoothSolver	8.848940e-04	7.212690e-05	10	1.497500e-02	1.237260e-03	10	8.022320e-03	6.647350e-04	10	false	GAMG	6.524280e-03	4.800100e-05	5	true
230           	smoothSolver	8.765180e-04	7.137440e-05	10	1.447580e-02	1.211070e-03	10	7.836600e-03	6.567120e-04	10	false	GAMG	6.473190e-03	4.794650e-05	5	true
231           	smoothSolver	8.644240e-04	7.053780e-05	10	1.399650e-02	1.187080e-03	10	7.642790e-03	6.484300e-04	10	false	GAMG	6.403060e-03	4.763930e-05	5	true
232           	smoothSolver	8.504820e-04	6.968830e-05	10	1.356150e-02	1.165720e-03	10	7.442860e-03	6.395960e-04	10	false	GAMG	6.350580e-03	4.773510e-05	5	true
233           	smoothSolver	8.357930e-04	6.888950e-05	10	1.318640e-02	1.146650e-03	10	7.263810e-03	6.309060e-04	10	false	GAMG	6.291070e-03	4.805170e-05	5	true
234           	smoothSolver	8.206460e-04	6.810210e-05	10	1.288170e-02	1.129780e-03	10	7.109360e-03	6.227830e-04	10	false	GAMG	6.242090e-03	4.845100e-05	5	true
235           	smoothSolver	8.057000e-04	6.738430e-05	10	1.264280e-02	1.115720e-03	10	6.989660e-03	6.162930e-04	10	false	GAMG	6.235370e-03	4.880680e-05	5	true
236           	smoothSolver	7.910240e-04	6.677010e-05	10	1.247000e-02	1.103590e-03	10	6.898520e-03	6.117800e-04	10	false	GAMG	6.256350e-03	4.866520e-05	5	true
237           	smoothSolver	7.779860e-04	6.622800e-05	10	1.237070e-02	1.093310e-03	10	6.834970e-03	6.087860e-04	10	false	GAMG	6.252340e-03	4.806250e-05	5	true
238           	smoothSolver	7.652730e-04	6.573680e-05	10	1.231400e-02	1.085170e-03	10	6.790420e-03	6.059500e-04	10	false	GAMG	6.202830e-03	4.768650e-05	5	true
239           	smoothSolver	7.527470e-04	6.520720e-05	10	1.229590e-02	1.078960e-03	10	6.761700e-03	6.024540e-04	10	false	GAMG	6.125750e-03	4.827120e-05	5	true
240           	smoothSolver	7.410750e-04	6.458010e-05	10	1.230480e-02	1.073560e-03	10	6.739360e-03	5.979410e-04	10	false	GAMG	6.035660e-03	5.052900e-05	5	true
241           	smoothSolver	7.311760e-04	6.390760e-05	10	1.233080e-02	1.068570e-03	10	6.723950e-03	5.931420e-04	10	false	GAMG	5.948170e-03	5.200430e-05	5	true
242           	smoothSolver	7.240450e-04	6.330190e-05	10	1.235980e-02	1.064290e-03	10	6.706240e-03	5.883490e-04	10	false	GAMG	5.883980e-03	5.164080e-05	5	true
243           	smoothSolver	7.186310e-04	6.287520e-05	10	1.237810e-02	1.060670e-03	10	6.688320e-03	5.837920e-04	10	false	GAMG	5.842150e-03	5.076010e-05	5	true
244           	smoothSolver	7.153610e-04	6.266820e-05	10	1.239820e-02	1.058370e-03	10	6.668800e-03	5.794940e-04	10	false	GAMG	5.822130e-03	4.918160e-05	5	true
245           	smoothSolver	7.125120e-04	6.259910e-05	10	1.241660e-02	1.057180e-03	10	6.648550e-03	5.755800e-04	10	false	GAMG	5.814070e-03	4.703940e-05	5	true
246           	smoothSolver	7.095450e-04	6.258390e-05	10	1.243380e-02	1.056570e-03	10	6.618730e-03	5.717630e-04	10	false	GAMG	5.805630e-03	4.501460e-05	5	true
247           	smoothSolver	7.069180e-04	6.252220e-05	10	1.242920e-02	1.056270e-03	10	6.580910e-03	5.682360e-04	10	false	GAMG	5.798310e-03	4.334760e-05	5	true
248           	smoothSolver	7.045110e-04	6.240530e-05	10	1.241970e-02	1.057000e-03	10	6.530030e-03	5.652550e-04	10	false	GAMG	5.771210e-03	4.242160e-05	5	true
249           	smoothSolver	7.026530e-04	6.229980e-05	10	1.241790e-02	1.058630e-03	10	6.475910e-03	5.624370e-04	10	false	GAMG	5.734850e-03	4.249300e-05	5	true
250           	smoothSolver	7.013050e-04	6.226420e-05	10	1.243240e-02	1.061250e-03	10	6.417210e-03	5.603500e-04	10	false	GAMG	5.712030e-03	4.373720e-05	5	true
251           	smoothSolver	7.009030e-04	6.233950e-05	10	1.245220e-02	1.065340e-03	10	6.368490e-03	5.591220e-04	10	false	GAMG	5.682130e-03	4.540570e-05	5	true
252           	smoothSolver	7.010880e-04	6.255800e-05	10	1.248570e-02	1.071250e-03	10	6.332290e-03	5.591340e-04	10	false	GAMG	5.611340e-03	4.565830e-05	5	true
253           	smoothSolver	7.032840e-04	6.292170e-05	10	1.253130e-02	1.077590e-03	10	6.312140e-03	5.606450e-04	10	false	GAMG	5.510860e-03	4.475680e-05	5	true
254           	smoothSolver	7.067120e-04	6.334090e-05	10	1.258650e-02	1.084110e-03	10	6.311040e-03	5.630190e-04	10	false	GAMG	5.401670e-03	4.334200e-05	5	true
255           	smoothSolver	7.102590e-04	6.372950e-05	10	1.263240e-02	1.090820e-03	10	6.325190e-03	5.661630e-04	10	false	GAMG	5.295380e-03	4.203420e-05	5	true
256           	smoothSolver	7.125000e-04	6.403220e-05	10	1.267740e-02	1.097910e-03	10	6.342720e-03	5.687990e-04	10	false	GAMG	5.190820e-03	4.090620e-05	5	true
257           	smoothSolver	7.141540e-04	6.420550e-05	10	1.272150e-02	1.104640e-03	10	6.357680e-03	5.705870e-04	10	false	GAMG	5.112690e-03	3.996450e-05	5	true
258           	smoothSolver	7.155090e-04	6.421480e-05	10	1.276100e-02	1.110350e-03	10	6.364800e-03	5.711030e-04	10	false	GAMG	5.056490e-03	3.911090e-05	5	true
259           	smoothSolver	7.158100e-04	6.413220e-05	10	1.280700e-02	1.115670e-03	10	6.369310e-03	5.704650e-04	10	false	GAMG	5.035640e-03	3.856740e-05	5	true
260           	smoothSolver	7.150500e-04	6.400290e-05	10	1.286490e-02	1.121930e-03	10	6.367030e-03	5.690740e-04	10	false	GAMG	5.033030e-03	3.819530e-05	5	true
261           	smoothSolver	7.138480e-04	6.389350e-05	10	1.295470e-02	1.130340e-03	10	6.363540e-03	5.676540e-04	10	false	GAMG	5.014520e-03	3.785190e-05	5	true
262           	smoothSolver	7.121440e-04	6.375780e-05	10	1.304940e-02	1.139770e-03	10	6.349320e-03	5.654540e-04	10	false	GAMG	4.982330e-03	3.781710e-05	5	true
263           	smoothSolver	7.109380e-04	6.352010e-05	10	1.316780e-02	1.148840e-03	10	6.327240e-03	5.620260e-04	10	false	GAMG	4.941240e-03	3.797160e-05	5	true
264           	smoothSolver	7.097990e-04	6.318050e-05	10	1.330810e-02	1.157550e-03	10	6.287300e-03	5.570000e-04	10	false	GAMG	4.908750e-03	3.803260e-05	5	true
265           	smoothSolver	7.088260e-04	6.280860e-05	10	1.344010e-02	1.166860e-03	10	6.237760e-03	5.510590e-04	10	false	GAMG	4.906370e-03	3.803380e-05	5	true
266           	smoothSolver	7.078040e-04	6.246510e-05	10	1.355560e-02	1.178170e-03	10	6.176890e-03	5.446340e-04	10	false	GAMG	4.915740e-03	3.805500e-05	5	true
267           	smoothSolver	7.071950e-04	6.212680e-05	10	1.364920e-02	1.190720e-03	10	6.108240e-03	5.384970e-04	10	false	GAMG	4.926780e-03	3.822180e-05	5	true
268           	smoothSolver	7.065060e-04	6.177600e-05	10	1.373570e-02	1.203860e-03	10	6.042530e-03	5.335990e-04	10	false	GAMG	4.927130e-03	3.888770e-05	5	true
269           	smoothSolver	7.055000e-04	6.146370e-05	10	1.378250e-02	1.216150e-03	10	5.984200e-03	5.303920e-04	10	false	GAMG	4.911100e-03	4.042130e-05	5	true
270           	smoothSolver	7.051160e-04	6.121920e-05	10	1.373730e-02	1.222800e-03	10	5.928190e-03	5.283410e-04	10	false	GAMG	4.889150e-03	4.247510e-05	5	true
271           	smoothSolver	7.052920e-04	6.102440e-05	10	1.360180e-02	1.220960e-03	10	5.878520e-03	5.272970e-04	10	false	GAMG	4.885730e-03	4.262090e-05	5	true
272           	smoothSolver	7.061600e-04	6.079010e-05	10	1.344050e-02	1.214630e-03	10	5.836590e-03	5.269540e-04	10	false	GAMG	4.895140e-03	4.169280e-05	5	true
273           	smoothSolver	7.065840e-04	6.052460e-05	10	1.329400e-02	1.206140e-03	10	5.808770e-03	5.274090e-04	10	false	GAMG	4.896430e-03	4.116000e-05	5	true
274           	smoothSolver	7.064850e-04	6.029960e-05	10	1.318370e-02	1.200060e-03	10	5.795700e-03	5.287000e-04	10	false	GAMG	4.895060e-03	4.114150e-05	5	true
275           	smoothSolver	7.051090e-04	6.004800e-05	10	1.310830e-02	1.197300e-03	10	5.794710e-03	5.305840e-04	10	false	GAMG	4.898400e-03	4.077280e-05	5	true
276           	smoothSolver	7.017380e-04	5.983840e-05	10	1.305890e-02	1.195220e-03	10	5.795860e-03	5.323790e-04	10	false	GAMG	4.891300e-03	4.086290e-05	5	true
277           	smoothSolver	6.968350e-04	5.960890e-05	10	1.303820e-02	1.191720e-03	10	5.794790e-03	5.332290e-04	10	false	GAMG	4.871020e-03	4.195400e-05	5	true
278           	smoothSolver	6.916780e-04	5.942530e-05	10	1.304140e-02	1.187020e-03	10	5.790420e-03	5.329570e-04	10	false	GAMG	4.840980e-03	4.440980e-05	5	true
279           	smoothSolver	6.871610e-04	5.929040e-05	10	1.306820e-02	1.183590e-03	10	5.791180e-03	5.321640e-04	10	false	GAMG	4.810150e-03	4.516830e-05	5	true
280           	smoothSolver	6.831500e-04	5.912210e-05	10	1.312780e-02	1.180370e-03	10	5.800280e-03	5.309250e-04	10	false	GAMG	4.794810e-03	4.254080e-05	5	true
281           	smoothSolver	6.788980e-04	5.888070e-05	10	1.322050e-02	1.176340e-03	10	5.823040e-03	5.296400e-04	10	false	GAMG	4.845750e-03	4.027150e-05	5	true
282           	smoothSolver	6.750520e-04	5.855200e-05	10	1.333360e-02	1.172180e-03	10	5.856710e-03	5.273050e-04	10	false	GAMG	4.919100e-03	3.976930e-05	5	true
283           	smoothSolver	6.714590e-04	5.814400e-05	10	1.344600e-02	1.168730e-03	10	5.904490e-03	5.247640e-04	10	false	GAMG	5.019120e-03	4.003700e-05	5	true
284           	smoothSolver	6.692090e-04	5.774720e-05	10	1.354240e-02	1.165220e-03	10	5.942270e-03	5.221560e-04	10	false	GAMG	5.120010e-03	4.171340e-05	5	true
285           	smoothSolver	6.671940e-04	5.742690e-05	10	1.363310e-02	1.161110e-03	10	5.979420e-03	5.195800e-04	10	false	GAMG	5.177440e-03	4.465070e-05	5	true
286           	smoothSolver	6.635020e-04	5.725710e-05	10	1.368960e-02	1.157040e-03	10	6.012180e-03	5.175970e-04	10	false	GAMG	5.199560e-03	4.672240e-05	5	true
287           	smoothSolver	6.594740e-04	5.715350e-05	10	1.373770e-02	1.152270e-03	10	6.033730e-03	5.162470e-04	10	false	GAMG	5.184530e-03	4.622100e-05	5	true
288           	smoothSolver	6.553410e-04	5.711100e-05	10	1.377020e-02	1.147330e-03	10	6.036860e-03	5.150560e-04	10	false	GAMG	5.114290e-03	4.461730e-05	5	true
289           	smoothSolver	6.528140e-04	5.706640e-05	10	1.378690e-02	1.142790e-03	10	6.031080e-03	5.146350e-04	10	false	GAMG	5.017630e-03	4.273990e-05	5	true
290           	smoothSolver	6.510680e-04	5.700360e-05	10	1.380630e-02	1.139480e-03	10	6.024610e-03	5.148580e-04	10	false	GAMG	4.912630e-03	4.070300e-05	5	true
291           	smoothSolver	6.499870e-04	5.690490e-05	10	1.382040e-02	1.138440e-03	10	6.016190e-03	5.151140e-04	10	false	GAMG	4.825300e-03	3.893890e-05	5	true
292           	smoothSolver	6.494020e-04	5.675880e-05	10	1.381290e-02	1.139400e-03	10	5.995930e-03	5.150040e-04	10	false	GAMG	4.760300e-03	3.768920e-05	5	true
293           	smoothSolver	6.496340e-04	5.657750e-05	10	1.378990e-02	1.141500e-03	10	5.966220e-03	5.139780e-04	10	false	GAMG	4.694580e-03	3.652370e-05	5	true
294           	smoothSolver	6.500030e-04	5.636420e-05	10	1.374240e-02	1.143670e-03	10	5.924100e-03	5.120300e-04	10	false	GAMG	4.642270e-03	3.576570e-05	5	true
295           	smoothSolver	6.499570e-04	5.616120e-05	10	1.365570e-02	1.146070e-03	10	5.872510e-03	5.097860e-04	10	false	GAMG	4.595680e-03	3.623340e-05	5	true
296           	smoothSolver	6.500690e-04	5.602190e-05	10	1.352790e-02	1.149590e-03	10	5.812620e-03	5.075170e-04	10	false	GAMG	4.558900e-03	3.836150e-05	5	true
297           	smoothSolver	6.497200e-04	5.593800e-05	10	1.338110e-02	1.151700e-03	10	5.741770e-03	5.051700e-04	10	false	GAMG	4.520810e-03	3.937030e-05	5	true
298           	smoothSolver	6.484840e-04	5.582960e-05	10	1.316780e-02	1.147340e-03	10	5.660140e-03	5.023610e-04	10	false	GAMG	4.489620e-03	3.809950e-05	5	true
299           	smoothSolver	6.460940e-04	5.570490e-05	10	1.294370e-02	1.141670e-03	10	5.575880e-03	4.992080e-04	10	false	GAMG	4.456250e-03	3.608130e-05	5	true
300           	smoothSolver	6.429690e-04	5.557360e-05	10	1.272430e-02	1.137140e-03	10	5.488720e-03	4.961190e-04	10	false	GAMG	4.417890e-03	3.407880e-05	5	true
301           	smoothSolver	6.386990e-04	5.543450e-05	10	1.251970e-02	1.133790e-03	10	5.403790e-03	4.927600e-04	10	false	GAMG	4.364030e-03	3.359120e-05	5	true
302           	smoothSolver	6.340680e-04	5.532070e-05	10	1.232100e-02	1.130360e-03	10	5.322080e-03	4.891080e-04	10	false	GAMG	4.305840e-03	3.546700e-05	5	true
303           	smoothSolver	6.292280e-04	5.523860e-05	10	1.213980e-02	1.126520e-03	10	5.245210e-03	4.855430e-04	10	false	GAMG	4.252400e-03	3.753560e-05	5	true
304           	smoothSolver	6.242460e-04	5.517160e-05	10	1.197210e-02	1.121510e-03	10	5.175040e-03	4.823980e-04	10	false	GAMG	4.207160e-03	3.673110e-05	5	true
305           	smoothSolver	6.195230e-04	5.512600e-05	10	1.181940e-02	1.116480e-03	10	5.115750e-03	4.799520e-04	10	false	GAMG	4.169390e-03	3.545740e-05	5	true
306           	smoothSolver	6.155220e-04	5.508450e-05	10	1.168950e-02	1.111810e-03	10	5.066150e-03	4.784200e-04	10	false	GAMG	4.145940e-03	3.453290e-05	5	true
307           	smoothSolver	6.120990e-04	5.501510e-05	10	1.157820e-02	1.107600e-03	10	5.025630e-03	4.775790e-04	10	false	GAMG	4.115500e-03	3.400920e-05	5	true
308           	smoothSolver	6.090100e-04	5.489570e-05	10	1.147460e-02	1.102560e-03	10	4.991600e-03	4.767810e-04	10	false	GAMG	4.076370e-03	3.354160e-05	5	true
309           	smoothSolver	6.064150e-04	5.472630e-05	10	1.136900e-02	1.094740e-03	10	4.962730e-03	4.758560e-04	10	false	GAMG	4.031320e-03	3.323460e-05	5	true
310           	smoothSolver	6.039650e-04	5.456850e-05	10	1.126120e-02	1.085040e-03	10	4.941040e-03	4.748970e-04	10	false	GAMG	3.998370e-03	3.296220e-05	5	true
311           	smoothSolver	6.017950e-04	5.446290e-05	10	1.115080e-02	1.074240e-03	10	4.924430e-03	4.740180e-04	10	false	GAMG	3.977980e-03	3.290770e-05	5	true
312           	smoothSolver	5.995430e-04	5.440840e-05	10	1.104170e-02	1.062510e-03	10	4.911090e-03	4.734440e-04	10	false	GAMG	3.977960e-03	3.318920e-05	5	true
313           	smoothSolver	5.975030e-04	5.438630e-05	10	1.093930e-02	1.050930e-03	10	4.900440e-03	4.731610e-04	10	false	GAMG	3.991360e-03	3.396690e-05	5	true
314           	smoothSolver	5.961460e-04	5.440200e-05	10	1.085620e-02	1.040000e-03	10	4.893040e-03	4.728760e-04	10	false	GAMG	4.017330e-03	3.535350e-05	5	true
315           	smoothSolver	5.951310e-04	5.441710e-05	10	1.078950e-02	1.031180e-03	10	4.886100e-03	4.723810e-04	10	false	GAMG	4.038570e-03	3.634670e-05	5	true
316           	smoothSolver	5.936660e-04	5.438940e-05	10	1.074630e-02	1.024940e-03	10	4.881850e-03	4.714360e-04	10	false	GAMG	4.063930e-03	3.642150e-05	5	true
317           	smoothSolver	5.921770e-04	5.432020e-05	10	1.073940e-02	1.022000e-03	10	4.882560e-03	4.709310e-04	10	false	GAMG	4.094890e-03	3.584870e-05	5	true
318           	smoothSolver	5.915540e-04	5.427630e-05	10	1.075850e-02	1.021750e-03	10	4.886500e-03	4.706560e-04	10	false	GAMG	4.134240e-03	3.595720e-05	5	true
319           	smoothSolver	5.915230e-04	5.427260e-05	10	1.079480e-02	1.022760e-03	10	4.892690e-03	4.704050e-04	10	false	GAMG	4.180020e-03	3.666100e-05	5	true
320           	smoothSolver	5.915780e-04	5.425450e-05	10	1.084100e-02	1.023260e-03	10	4.900160e-03	4.698340e-04	10	false	GAMG	4.223770e-03	3.771130e-05	5	true
321           	smoothSolver	5.919940e-04	5.422540e-05	10	1.089780e-02	1.023760e-03	10	4.914100e-03	4.693990e-04	10	false	GAMG	4.252860e-03	3.774340e-05	5	true
322           	smoothSolver	5.923930e-04	5.419130e-05	10	1.097280e-02	1.026270e-03	10	4.929520e-03	4.692430e-04	10	false	GAMG	4.265870e-03	3.699900e-05	5	true
323           	smoothSolver	5.923670e-04	5.412570e-05	10	1.104750e-02	1.029420e-03	10	4.948720e-03	4.694330e-04	10	false	GAMG	4.253670e-03	3.623100e-05	5	true
324           	smoothSolver	5.914040e-04	5.402040e-05	10	1.112480e-02	1.031800e-03	10	4.972290e-03	4.697590e-04	10	false	GAMG	4.231660e-03	3.557130e-05	5	true
325           	smoothSolver	5.903650e-04	5.386620e-05	10	1.119240e-02	1.033630e-03	10	5.002010e-03	4.699410e-04	10	false	GAMG	4.213060e-03	3.516000e-05	5	true
326           	smoothSolver	5.888940e-04	5.370760e-05	10	1.125470e-02	1.034320e-03	10	5.034370e-03	4.699250e-04	10	false	GAMG	4.207740e-03	3.512730e-05	5	true
327           	smoothSolver	5.877520e-04	5.356100e-05	10	1.132190e-02	1.033910e-03	10	5.071660e-03	4.702240e-04	10	false	GAMG	4.218960e-03	3.569330e-05	5	true
328           	smoothSolver	5.872810e-04	5.340790e-05	10	1.140680e-02	1.032940e-03	10	5.116200e-03	4.704520e-04	10	false	GAMG	4.246160e-03	3.660960e-05	5	true
329           	smoothSolver	5.877520e-04	5.325270e-05	10	1.150170e-02	1.030320e-03	10	5.160790e-03	4.699170e-04	10	false	GAMG	4.277140e-03	3.717160e-05	5	true
330           	smoothSolver	5.887290e-04	5.309010e-05	10	1.161000e-02	1.026720e-03	10	5.204140e-03	4.686290e-04	10	false	GAMG	4.305590e-03	3.754140e-05	5	true
331           	smoothSolver	5.902640e-04	5.289310e-05	10	1.173690e-02	1.023730e-03	10	5.236760e-03	4.666920e-04	10	false	GAMG	4.349580e-03	3.759880e-05	5	true
332           	smoothSolver	5.911920e-04	5.264500e-05	10	1.186890e-02	1.022760e-03	10	5.258340e-03	4.642070e-04	10	false	GAMG	4.396560e-03	3.750610e-05	5	true
333           	smoothSolver	5.920180e-04	5.234430e-05	10	1.199390e-02	1.024010e-03	10	5.270730e-03	4.612480e-04	10	false	GAMG	4.429460e-03	3.714990e-05	5	true
334           	smoothSolver	5.926450e-04	5.200850e-05	10	1.209800e-02	1.026060e-03	10	5.273960e-03	4.580310e-04	10	false	GAMG	4.450780e-03	3.654260e-05	5	true
335           	smoothSolver	5.934060e-04	5.169240e-05	10	1.216480e-02	1.027380e-03	10	5.267910e-03	4.548530e-04	10	false	GAMG	4.464200e-03	3.579830e-05	5	true
336           	smoothSolver	5.952470e-04	5.144050e-05	10	1.218310e-02	1.026620e-03	10	5.245090e-03	4.516500e-04	10	false	GAMG	4.449950e-03	3.540520e-05	5	true
337           	smoothSolver	5.972760e-04	5.122960e-05	10	1.214230e-02	1.024750e-03	10	5.211620e-03	4.485760e-04	10	false	GAMG	4.421350e-03	3.573450e-05	5	true
338           	smoothSolver	5.992570e-04	5.102850e-05	10	1.203880e-02	1.021940e-03	10	5.160280e-03	4.459480e-04	10	false	GAMG	4.374820e-03	3.642260e-05	5	true
339           	smoothSolver	6.000540e-04	5.079200e-05	10	1.189930e-02	1.019620e-03	10	5.096540e-03	4.439650e-04	10	false	GAMG	4.309770e-03	3.665990e-05	5	true
340           	smoothSolver	5.993870e-04	5.064670e-05	10	1.175680e-02	1.018150e-03	10	5.029090e-03	4.423090e-04	10	false	GAMG	4.235710e-03	3.622210e-05	5	true
341           	smoothSolver	5.973190e-04	5.058040e-05	10	1.160110e-02	1.018310e-03	10	4.964800e-03	4.411900e-04	10	false	GAMG	4.167460e-03	3.532160e-05	5	true
342           	smoothSolver	5.937310e-04	5.059930e-05	10	1.143330e-02	1.021530e-03	10	4.905400e-03	4.409920e-04	10	false	GAMG	4.122720e-03	3.431750e-05	5	true
343           	smoothSolver	5.896630e-04	5.067850e-05	10	1.129620e-02	1.026110e-03	10	4.857910e-03	4.418600e-04	10	false	GAMG	4.087860e-03	3.352840e-05	5	true
344           	smoothSolver	5.847520e-04	5.079250e-05	10	1.120780e-02	1.030220e-03	10	4.827380e-03	4.437520e-04	10	false	GAMG	4.047270e-03	3.294500e-05	5	true
345           	smoothSolver	5.795730e-04	5.096110e-05	10	1.114830e-02	1.034350e-03	10	4.814590e-03	4.467670e-04	10	false	GAMG	4.005990e-03	3.297640e-05	5	true
346           	smoothSolver	5.741640e-04	5.118170e-05	10	1.112780e-02	1.040560e-03	10	4.813230e-03	4.507200e-04	10	false	GAMG	3.969280e-03	3.342070e-05	5	true
347           	smoothSolver	5.694030e-04	5.143470e-05	10	1.113940e-02	1.050060e-03	10	4.824050e-03	4.554640e-04	10	false	GAMG	3.938260e-03	3.352590e-05	5	true
348           	smoothSolver	5.651930e-04	5.166670e-05	10	1.119090e-02	1.061000e-03	10	4.838510e-03	4.604230e-04	10	false	GAMG	3.917650e-03	3.327490e-05	5	true
349           	smoothSolver	5.611300e-04	5.182760e-05	10	1.125720e-02	1.072150e-03	10	4.858960e-03	4.650520e-04	10	false	GAMG	3.904140e-03	3.320270e-05	5	true
350           	smoothSolver	5.576470e-04	5.194320e-05	10	1.134030e-02	1.083450e-03	10	4.877720e-03	4.686180e-04	10	false	GAMG	3.898170e-03	3.359890e-05	5	true
351           	smoothSolver	5.550780e-04	5.206350e-05	10	1.141230e-02	1.094090e-03	10	4.895260e-03	4.718560e-04	10	false	GAMG	3.891830e-03	3.421390e-05	5	true
352           	smoothSolver	5.534600e-04	5.223990e-05	10	1.147340e-02	1.102320e-03	10	4.911740e-03	4.750980e-04	10	false	GAMG	3.891370e-03	3.540320e-05	5	true
353           	smoothSolver	5.527960e-04	5.242970e-05	10	1.152510e-02	1.108440e-03	10	4.927110e-03	4.778610e-04	10	false	GAMG	3.893810e-03	3.636400e-05	5	true
354           	smoothSolver	5.529650e-04	5.259930e-05	10	1.156600e-02	1.113200e-03	10	4.936820e-03	4.799840e-04	10	false	GAMG	3.899470e-03	3.629550e-05	5	true
355           	smoothSolver	5.537550e-04	5.271020e-05	10	1.159020e-02	1.116630e-03	10	4.946800e-03	4.816860e-04	10	false	GAMG	3.898650e-03	3.588770e-05	5	true
356           	smoothSolver	5.544940e-04	5.273540e-05	10	1.160300e-02	1.117690e-03	10	4.954760e-03	4.827120e-04	10	false	GAMG	3.888200e-03	3.499320e-05	5	true
357           	smoothSolver	5.543840e-04	5.265050e-05	10	1.159300e-02	1.115470e-03	10	4.960640e-03	4.828060e-04	10	false	GAMG	3.871570e-03	3.382480e-05	5	true
358           	smoothSolver	5.533440e-04	5.250790e-05	10	1.155930e-02	1.111180e-03	10	4.956580e-03	4.822150e-04	10	false	GAMG	3.856750e-03	3.294970e-05	5	true
359           	smoothSolver	5.518510e-04	5.237340e-05	10	1.151090e-02	1.107360e-03	10	4.946280e-03	4.812130e-04	10	false	GAMG	3.845580e-03	3.305120e-05	5	true
360           	smoothSolver	5.506550e-04	5.229340e-05	10	1.145810e-02	1.104090e-03	10	4.935350e-03	4.802990e-04	10	false	GAMG	3.834790e-03	3.485800e-05	5	true
361           	smoothSolver	5.502500e-04	5.222540e-05	10	1.140610e-02	1.100710e-03	10	4.930210e-03	4.797400e-04	10	false	GAMG	3.835000e-03	3.768810e-05	5	true
362           	smoothSolver	5.505520e-04	5.216230e-05	10	1.135450e-02	1.097590e-03	10	4.922560e-03	4.792570e-04	10	false	GAMG	3.847300e-03	3.728890e-05	5	true
363           	smoothSolver	5.514490e-04	5.217260e-05	10	1.131060e-02	1.095630e-03	10	4.916190e-03	4.787340e-04	10	false	GAMG	3.860380e-03	3.651660e-05	5	true
364           	smoothSolver	5.537710e-04	5.223910e-05	10	1.129510e-02	1.095140e-03	10	4.914250e-03	4.782930e-04	10	false	GAMG	3.855060e-03	3.593500e-05	5	true
365           	smoothSolver	5.562540e-04	5.229910e-05	10	1.130440e-02	1.095700e-03	10	4.914990e-03	4.777900e-04	10	false	GAMG	3.837100e-03	3.550530e-05	5	true
366           	smoothSolver	5.583780e-04	5.234190e-05	10	1.132700e-02	1.096670e-03	10	4.913540e-03	4.767960e-04	10	false	GAMG	3.822800e-03	3.484370e-05	5	true
367           	smoothSolver	5.596590e-04	5.241920e-05	10	1.135450e-02	1.098200e-03	10	4.911760e-03	4.760400e-04	10	false	GAMG	3.811170e-03	3.409020e-05	5	true
368           	smoothSolver	5.603910e-04	5.256180e-05	10	1.137990e-02	1.100610e-03	10	4.907170e-03	4.760780e-04	10	false	GAMG	3.812690e-03	3.360360e-05	5	true
369           	smoothSolver	5.607620e-04	5.274990e-05	10	1.140310e-02	1.103710e-03	10	4.901410e-03	4.762220e-04	10	false	GAMG	3.818160e-03	3.355700e-05	5	true
370           	smoothSolver	5.608130e-04	5.289300e-05	10	1.141160e-02	1.105280e-03	10	4.891620e-03	4.759910e-04	10	false	GAMG	3.830230e-03	3.495010e-05	5	true
371           	smoothSolver	5.606200e-04	5.290010e-05	10	1.140010e-02	1.104590e-03	10	4.879900e-03	4.751130e-04	10	false	GAMG	3.835850e-03	3.820100e-05	5	true
372           	smoothSolver	5.598800e-04	5.279940e-05	10	1.136970e-02	1.101200e-03	10	4.858400e-03	4.731250e-04	10	false	GAMG	3.828060e-03	3.821070e-05	5	true
373           	smoothSolver	5.583080e-04	5.263420e-05	10	1.132940e-02	1.095840e-03	10	4.831630e-03	4.703080e-04	10	false	GAMG	3.814560e-03	3.726840e-05	5	true
374           	smoothSolver	5.561160e-04	5.249120e-05	10	1.128550e-02	1.090100e-03	10	4.805330e-03	4.675220e-04	10	false	GAMG	3.799060e-03	3.581810e-05	5	true
375           	smoothSolver	5.540290e-04	5.244380e-05	10	1.124800e-02	1.085440e-03	10	4.784980e-03	4.651960e-04	10	false	GAMG	3.782250e-03	3.422380e-05	5	true
376           	smoothSolver	5.521790e-04	5.255390e-05	10	1.121710e-02	1.084900e-03	10	4.768610e-03	4.636500e-04	10	false	GAMG	3.768030e-03	3.314620e-05	5	true
377           	smoothSolver	5.509050e-04	5.273580e-05	10	1.120360e-02	1.085780e-03	10	4.757930e-03	4.629590e-04	10	false	GAMG	3.764280e-03	3.305740e-05	5	true
378           	smoothSolver	5.503220e-04	5.293580e-05	10	1.120270e-02	1.085330e-03	10	4.752410e-03	4.626670e-04	10	false	GAMG	3.763190e-03	3.384210e-05	5	true
379           	smoothSolver	5.506280e-04	5.311790e-05	10	1.121580e-02	1.083500e-03	10	4.751490e-03	4.621800e-04	10	false	GAMG	3.766310e-03	3.523090e-05	5	true
380           	smoothSolver	5.519540e-04	5.334130e-05	10	1.124130e-02	1.082100e-03	10	4.753650e-03	4.618680e-04	10	false	GAMG	3.783090e-03	3.687160e-05	5	true
381           	smoothSolver	5.547870e-04	5.366890e-05	10	1.129390e-02	1.083640e-03	10	4.766530e-03	4.623330e-04	10	false	GAMG	3.811610e-03	3.706210e-05	5	true
382           	smoothSolver	5.585090e-04	5.405060e-05	10	1.135770e-02	1.088100e-03	10	4.785590e-03	4.639270e-04	10	false	GAMG	3.846020e-03	3.717410e-05	5	true
383           	smoothSolver	5.624830e-04	5.438320e-05	10	1.141130e-02	1.092350e-03	10	4.807490e-03	4.660660e-04	10	false	GAMG	3.881960e-03	3.714550e-05	5	true
384           	smoothSolver	5.658620e-04	5.458990e-05	10	1.144550e-02	1.093360e-03	10	4.826830e-03	4.678540e-04	10	false	GAMG	3.918130e-03	3.685170e-05	5	true
385           	smoothSolver	5.690880e-04	5.463330e-05	10	1.145540e-02	1.090670e-03	10	4.844580e-03	4.690040e-04	10	false	GAMG	3.950110e-03	3.651560e-05	5	true
386           	smoothSolver	5.716820e-04	5.457190e-05	10	1.144100e-02	1.085900e-03	10	4.856130e-03	4.689360e-04	10	false	GAMG	3.978150e-03	3.642140e-05	5	true
387           	smoothSolver	5.737240e-04	5.442000e-05	10	1.140800e-02	1.080620e-03	10	4.861780e-03	4.678050e-04	10	false	GAMG	4.001030e-03	3.715930e-05	5	true
388           	smoothSolver	5.759520e-04	5.426950e-05	10	1.135710e-02	1.075210e-03	10	4.859010e-03	4.665490e-04	10	false	GAMG	4.014970e-03	3.944290e-05	5	true
389           	smoothSolver	5.774390e-04	5.408570e-05	10	1.129460e-02	1.069090e-03	10	4.850650e-03	4.655230e-04	10	false	GAMG	4.028130e-03	2.438830e-05	6	true
390           	smoothSolver	5.770980e-04	5.377510e-05	10	1.120150e-02	1.060250e-03	10	4.834320e-03	4.636180e-04	10	false	GAMG	4.035510e-03	3.602890e-05	5	true
391           	smoothSolver	5.776440e-04	5.337640e-05	10	1.110160e-02	1.046940e-03	10	4.809470e-03	4.599550e-04	10	false	GAMG	4.044350e-03	3.893980e-05	5	true
392           	smoothSolver	5.755670e-04	5.286840e-05	10	1.098230e-02	1.032770e-03	10	4.785640e-03	4.564830e-04	10	false	GAMG	4.035050e-03	3.787270e-05	5	true
393           	smoothSolver	5.726310e-04	5.231440e-05	10	1.085270e-02	1.018670e-03	10	4.756110e-03	4.526070e-04	10	false	GAMG	4.015220e-03	3.629040e-05	5	true
394           	smoothSolver	5.690880e-04	5.181000e-05	10	1.072280e-02	1.006370e-03	10	4.718810e-03	4.481460e-04	10	false	GAMG	3.987010e-03	3.537300e-05	5	true
395           	smoothSolver	5.653120e-04	5.138130e-05	10	1.059110e-02	9.939290e-04	10	4.676140e-03	4.430480e-04	10	false	GAMG	3.964100e-03	3.555720e-05	5	true
396           	smoothSolver	5.611710e-04	5.102410e-05	10	1.046570e-02	9.816770e-04	10	4.626190e-03	4.378100e-04	10	false	GAMG	3.946930e-03	3.724740e-05	5	true
397           	smoothSolver	5.569950e-04	5.076250e-05	10	1.036160e-02	9.720270e-04	10	4.573620e-03	4.328380e-04	10	false	GAMG	3.933290e-03	3.834120e-05	5	true
398           	smoothSolver	5.529300e-04	5.060630e-05	10	1.027240e-02	9.650870e-04	10	4.517250e-03	4.280670e-04	10	false	GAMG	3.925390e-03	3.774580e-05	5	true
399           	smoothSolver	5.491400e-04	5.053610e-05	10	1.019400e-02	9.597270e-04	10	4.462350e-03	4.237300e-04	10	false	GAMG	3.915500e-03	3.722730e-05	5	true
400           	smoothSolver	5.455850e-04	5.053360e-05	10	1.013460e-02	9.560600e-04	10	4.412910e-03	4.199990e-04	10	false	GAMG	3.902930e-03	3.670270e-05	5	true
401           	smoothSolver	5.418960e-04	5.052590e-05	10	1.008930e-02	9.530550e-04	10	4.371430e-03	4.168870e-04	10	false	GAMG	3.890110e-03	3.604910e-05	5	true
402           	smoothSolver	5.384070e-04	5.046040e-05	10	1.004550e-02	9.505480e-04	10	4.335110e-03	4.145730e-04	10	false	GAMG	3.885000e-03	3.513380e-05	5	true
403           	smoothSolver	5.351950e-04	5.032310e-05	10	1.000750e-02	9.482680e-04	10	4.306230e-03	4.128480e-04	10	false	GAMG	3.876860e-03	3.432020e-05	5	true
404           	smoothSolver	5.322790e-04	5.013410e-05	10	9.976210e-03	9.464230e-04	10	4.282690e-03	4.116140e-04	10	false	GAMG	3.863020e-03	3.407710e-05	5	true
405           	smoothSolver	5.297510e-04	4.993900e-05	10	9.951670e-03	9.457040e-04	10	4.264370e-03	4.107620e-04	10	false	GAMG	3.838080e-03	3.435480e-05	5	true
406           	smoothSolver	5.275120e-04	4.971000e-05	10	9.931450e-03	9.458840e-04	10	4.248040e-03	4.096760e-04	10	false	GAMG	3.808530e-03	3.537730e-05	5	true
407           	smoothSolver	5.252100e-04	4.946460e-05	10	9.918910e-03	9.461090e-04	10	4.236390e-03	4.083910e-04	10	false	GAMG	3.783620e-03	3.602320e-05	5	true
408           	smoothSolver	5.230600e-04	4.925850e-05	10	9.911490e-03	9.451910e-04	10	4.228250e-03	4.071590e-04	10	false	GAMG	3.767920e-03	3.526410e-05	5	true
409           	smoothSolver	5.212680e-04	4.913670e-05	10	9.895240e-03	9.437680e-04	10	4.225770e-03	4.063420e-04	10	false	GAMG	3.755780e-03	3.412450e-05	5	true
410           	smoothSolver	5.200250e-04	4.908740e-05	10	9.874590e-03	9.418960e-04	10	4.227270e-03	4.062110e-04	10	false	GAMG	3.738300e-03	3.287930e-05	5	true
411           	smoothSolver	5.188610e-04	4.908550e-05	10	9.852710e-03	9.389680e-04	10	4.229400e-03	4.067060e-04	10	false	GAMG	3.722400e-03	3.211480e-05	5	true
412           	smoothSolver	5.179570e-04	4.906190e-05	10	9.820820e-03	9.354030e-04	10	4.227030e-03	4.073730e-04	10	false	GAMG	3.711080e-03	3.257220e-05	5	true
413           	smoothSolver	5.170920e-04	4.899250e-05	10	9.767080e-03	9.319030e-04	10	4.220850e-03	4.078090e-04	10	false	GAMG	3.707530e-03	3.477550e-05	5	true
414           	smoothSolver	5.160640e-04	4.884280e-05	10	9.709040e-03	9.288580e-04	10	4.211250e-03	4.074710e-04	10	false	GAMG	3.703830e-03	3.528060e-05	5	true
415           	smoothSolver	5.149340e-04	4.866120e-05	10	9.648660e-03	9.264180e-04	10	4.203040e-03	4.067510e-04	10	false	GAMG	3.697760e-03	3.421510e-05	5	true
416           	smoothSolver	5.137490e-04	4.850700e-05	10	9.608200e-03	9.240270e-04	10	4.199520e-03	4.064490e-04	10	false	GAMG	3.690000e-03	3.304490e-05	5	true
417           	smoothSolver	5.127770e-04	4.842300e-05	10	9.576830e-03	9.209740e-04	10	4.204530e-03	4.065200e-04	10	false	GAMG	3.675040e-03	3.231210e-05	5	true
418           	smoothSolver	5.122950e-04	4.841490e-05	10	9.558310e-03	9.174630e-04	10	4.214160e-03	4.071290e-04	10	false	GAMG	3.661810e-03	3.213700e-05	5	true
419           	smoothSolver	5.117180e-04	4.847910e-05	10	9.541820e-03	9.138630e-04	10	4.227940e-03	4.084780e-04	10	false	GAMG	3.651660e-03	3.230280e-05	5	true
420           	smoothSolver	5.111320e-04	4.854060e-05	10	9.526130e-03	9.101470e-04	10	4.243650e-03	4.101130e-04	10	false	GAMG	3.630480e-03	3.277810e-05	5	true
421           	smoothSolver	5.106530e-04	4.860320e-05	10	9.501200e-03	9.056680e-04	10	4.262530e-03	4.116180e-04	10	false	GAMG	3.602640e-03	3.343460e-05	5	true
422           	smoothSolver	5.102040e-04	4.866810e-05	10	9.482150e-03	9.018310e-04	10	4.281290e-03	4.129950e-04	10	false	GAMG	3.581510e-03	3.464460e-05	5	true
423           	smoothSolver	5.096630e-04	4.869060e-05	10	9.466430e-03	8.986810e-04	10	4.302090e-03	4.139750e-04	10	false	GAMG	3.566140e-03	2.257530e-05	6	true
424           	smoothSolver	5.090270e-04	4.859520e-05	10	9.448340e-03	8.948260e-04	10	4.312340e-03	4.140890e-04	10	false	GAMG	3.554390e-03	3.351710e-05	5	true
425           	smoothSolver	5.088540e-04	4.841010e-05	10	9.421640e-03	8.886950e-04	10	4.303930e-03	4.128570e-04	10	false	GAMG	3.549210e-03	2.151010e-05	6	true
426           	smoothSolver	5.069660e-04	4.815880e-05	10	9.398350e-03	8.837480e-04	10	4.292250e-03	4.117510e-04	10	false	GAMG	3.539360e-03	3.181800e-05	5	true
427           	smoothSolver	5.063740e-04	4.793360e-05	10	9.347480e-03	8.789770e-04	10	4.263710e-03	4.092030e-04	10	false	GAMG	3.535770e-03	3.267390e-05	5	true
428           	smoothSolver	5.052840e-04	4.775530e-05	10	9.310600e-03	8.776510e-04	10	4.233450e-03	4.073500e-04	10	false	GAMG	3.533270e-03	3.146350e-05	5	true
429           	smoothSolver	5.047600e-04	4.766360e-05	10	9.279630e-03	8.795330e-04	10	4.200180e-03	4.056550e-04	10	false	GAMG	3.531590e-03	3.065370e-05	5	true
430           	smoothSolver	5.046340e-04	4.766310e-05	10	9.261700e-03	8.833770e-04	10	4.168400e-03	4.037900e-04	10	false	GAMG	3.535600e-03	3.073050e-05	5	true
431           	smoothSolver	5.043230e-04	4.767690e-05	10	9.252940e-03	8.859950e-04	10	4.142130e-03	4.019990e-04	10	false	GAMG	3.541370e-03	3.155000e-05	5	true
432           	smoothSolver	5.036810e-04	4.765430e-05	10	9.245360e-03	8.871160e-04	10	4.114840e-03	4.000530e-04	10	false	GAMG	3.542760e-03	3.244360e-05	5	true
433           	smoothSolver	5.025430e-04	4.761580e-05	10	9.228680e-03	8.873620e-04	10	4.088270e-03	3.976730e-04	10	false	GAMG	3.526370e-03	3.175410e-05	5	true
434           	smoothSolver	5.009890e-04	4.759770e-05	10	9.214210e-03	8.875410e-04	10	4.058550e-03	3.951820e-04	10	false	GAMG	3.500700e-03	3.064510e-05	5	true
435           	smoothSolver	5.001010e-04	4.762660e-05	10	9.209680e-03	8.891390e-04	10	4.037360e-03	3.935420e-04	10	false	GAMG	3.475590e-03	3.014630e-05	5	true
436           	smoothSolver	4.999140e-04	4.773830e-05	10	9.224910e-03	8.921290e-04	10	4.029650e-03	3.931660e-04	10	false	GAMG	3.459750e-03	3.042710e-05	5	true
437           	smoothSolver	5.001290e-04	4.790180e-05	10	9.249770e-03	8.962520e-04	10	4.034760e-03	3.941430e-04	10	false	GAMG	3.449470e-03	3.093940e-05	5	true
438           	smoothSolver	5.005460e-04	4.808190e-05	10	9.276920e-03	9.013460e-04	10	4.048680e-03	3.963660e-04	10	false	GAMG	3.436240e-03	3.091630e-05	5	true
439           	smoothSolver	5.014540e-04	4.831860e-05	10	9.309840e-03	9.082900e-04	10	4.069060e-03	3.994100e-04	10	false	GAMG	3.425150e-03	3.039340e-05	5	true
440           	smoothSolver	5.030860e-04	4.859420e-05	10	9.363900e-03	9.171020e-04	10	4.089780e-03	4.026320e-04	10	false	GAMG	3.414440e-03	2.986160e-05	5	true
441           	smoothSolver	5.057160e-04	4.888450e-05	10	9.439930e-03	9.268400e-04	10	4.116220e-03	4.059930e-04	10	false	GAMG	3.405430e-03	2.972730e-05	5	true
442           	smoothSolver	5.087770e-04	4.917490e-05	10	9.530610e-03	9.369170e-04	10	4.145940e-03	4.090530e-04	10	false	GAMG	3.401880e-03	3.015290e-05	5	true
443           	smoothSolver	5.115690e-04	4.946550e-05	10	9.629050e-03	9.470690e-04	10	4.174890e-03	4.118280e-04	10	false	GAMG	3.404650e-03	3.079370e-05	5	true
444           	smoothSolver	5.137610e-04	4.973310e-05	10	9.728390e-03	9.574370e-04	10	4.197180e-03	4.145020e-04	10	false	GAMG	3.411910e-03	3.127620e-05	5	true
445           	smoothSolver	5.158640e-04	4.995750e-05	10	9.823880e-03	9.687200e-04	10	4.218000e-03	4.172000e-04	10	false	GAMG	3.423850e-03	3.129070e-05	5	true
446           	smoothSolver	5.180870e-04	5.012540e-05	10	9.918330e-03	9.801060e-04	10	4.239060e-03	4.198060e-04	10	false	GAMG	3.439610e-03	3.094040e-05	5	true
447           	smoothSolver	5.206610e-04	5.033320e-05	10	1.001080e-02	9.915720e-04	10	4.264330e-03	4.227420e-04	10	false	GAMG	3.459400e-03	3.080830e-05	5	true
448           	smoothSolver	5.234010e-04	5.049730e-05	10	1.010720e-02	1.002160e-03	10	4.290880e-03	4.253310e-04	10	false	GAMG	3.487020e-03	3.112990e-05	5	true
449           	smoothSolver	5.262580e-04	5.058430e-05	10	1.019720e-02	1.011200e-03	10	4.314750e-03	4.273960e-04	10	false	GAMG	3.516060e-03	3.204730e-05	5	true
450           	smoothSolver	5.289130e-04	5.057960e-05	10	1.028110e-02	1.018630e-03	10	4.334120e-03	4.285560e-04	10	false	GAMG	3.555240e-03	3.284480e-05	5	true
451           	smoothSolver	5.315880e-04	5.052450e-05	10	1.035410e-02	1.023480e-03	10	4.349250e-03	4.287580e-04	10	false	GAMG	3.598560e-03	3.288030e-05	5	true
452           	smoothSolver	5.340320e-04	5.047730e-05	10	1.042470e-02	1.025800e-03	10	4.360030e-03	4.278010e-04	10	false	GAMG	3.645560e-03	3.230710e-05	5	true
453           	smoothSolver	5.362730e-04	5.040680e-05	10	1.047820e-02	1.026340e-03	10	4.372730e-03	4.264940e-04	10	false	GAMG	3.695580e-03	3.182700e-05	5	true
454           	smoothSolver	5.383490e-04	5.035830e-05	10	1.050130e-02	1.025220e-03	10	4.390310e-03	4.255400e-04	10	false	GAMG	3.737010e-03	3.185470e-05	5	true
455           	smoothSolver	5.397590e-04	5.032930e-05	10	1.049460e-02	1.022380e-03	10	4.410640e-03	4.254700e-04	10	false	GAMG	3.767370e-03	3.234910e-05	5	true
456           	smoothSolver	5.408220e-04	5.031610e-05	10	1.046950e-02	1.017130e-03	10	4.426030e-03	4.257200e-04	10	false	GAMG	3.785070e-03	3.314970e-05	5	true
457           	smoothSolver	5.416890e-04	5.030270e-05	10	1.043220e-02	1.010880e-03	10	4.437770e-03	4.259350e-04	10	false	GAMG	3.792890e-03	3.325850e-05	5	true
458           	smoothSolver	5.422910e-04	5.028260e-05	10	1.040280e-02	1.007230e-03	10	4.443490e-03	4.265310e-04	10	false	GAMG	3.792790e-03	3.296640e-05	5	true
459           	smoothSolver	5.428910e-04	5.033200e-05	10	1.039090e-02	1.007840e-03	10	4.450350e-03	4.275280e-04	10	false	GAMG	3.789820e-03	3.269920e-05	5	true
460           	smoothSolver	5.431910e-04	5.034780e-05	10	1.040270e-02	1.011130e-03	10	4.455310e-03	4.283760e-04	10	false	GAMG	3.799260e-03	3.305050e-05	5	true
461           	smoothSolver	5.427280e-04	5.029220e-05	10	1.042730e-02	1.015750e-03	10	4.457310e-03	4.285830e-04	10	false	GAMG	3.821450e-03	3.375910e-05	5	true
462           	smoothSolver	5.418090e-04	5.022470e-05	10	1.045230e-02	1.020070e-03	10	4.453020e-03	4.278830e-04	10	false	GAMG	3.847450e-03	3.396310e-05	5	true
463           	smoothSolver	5.406090e-04	5.020410e-05	10	1.048720e-02	1.023430e-03	10	4.447840e-03	4.268340e-04	10	false	GAMG	3.864810e-03	3.358490e-05	5	true
464           	smoothSolver	5.395660e-04	5.020220e-05	10	1.053160e-02	1.025770e-03	10	4.438240e-03	4.254770e-04	10	false	GAMG	3.870970e-03	3.317830e-05	5	true
465           	smoothSolver	5.384970e-04	5.020890e-05	10	1.057080e-02	1.028150e-03	10	4.426460e-03	4.240550e-04	10	false	GAMG	3.860380e-03	3.308760e-05	5	true
466           	smoothSolver	5.373240e-04	5.017530e-05	10	1.060330e-02	1.030860e-03	10	4.413740e-03	4.226200e-04	10	false	GAMG	3.849130e-03	3.336780e-05	5	true
467           	smoothSolver	5.356140e-04	5.005810e-05	10	1.063480e-02	1.034040e-03	10	4.400020e-03	4.208220e-04	10	false	GAMG	3.845220e-03	3.380790e-05	5	true
468           	smoothSolver	5.334330e-04	4.985270e-05	10	1.066180e-02	1.037490e-03	10	4.385650e-03	4.188000e-04	10	false	GAMG	3.848520e-03	3.414220e-05	5	true
469           	smoothSolver	5.311000e-04	4.961170e-05	10	1.067830e-02	1.041160e-03	10	4.371550e-03	4.168470e-04	10	false	GAMG	3.854590e-03	3.405950e-05	5	true
470           	smoothSolver	5.289650e-04	4.946130e-05	10	1.068940e-02	1.044260e-03	10	4.358800e-03	4.156100e-04	10	false	GAMG	3.865130e-03	3.365680e-05	5	true
471           	smoothSolver	5.278840e-04	4.941680e-05	10	1.069660e-02	1.047390e-03	10	4.355220e-03	4.157980e-04	10	false	GAMG	3.880800e-03	3.352930e-05	5	true
472           	smoothSolver	5.278590e-04	4.948680e-05	10	1.069650e-02	1.049660e-03	10	4.359620e-03	4.171790e-04	10	false	GAMG	3.902330e-03	3.382880e-05	5	true
473           	smoothSolver	5.283710e-04	4.962430e-05	10	1.070090e-02	1.052520e-03	10	4.373990e-03	4.197520e-04	10	false	GAMG	3.920770e-03	3.442940e-05	5	true
474           	smoothSolver	5.293980e-04	4.982100e-05	10	1.072290e-02	1.056500e-03	10	4.395230e-03	4.232780e-04	10	false	GAMG	3.924360e-03	3.466280e-05	5	true
475           	smoothSolver	5.310150e-04	5.008970e-05	10	1.077140e-02	1.062410e-03	10	4.424210e-03	4.274150e-04	10	false	GAMG	3.908400e-03	3.507310e-05	5	true
476           	smoothSolver	5.330150e-04	5.039600e-05	10	1.085140e-02	1.071440e-03	10	4.457280e-03	4.317670e-04	10	false	GAMG	3.883820e-03	3.544970e-05	5	true
477           	smoothSolver	5.352800e-04	5.070580e-05	10	1.095560e-02	1.082500e-03	10	4.498260e-03	4.360120e-04	10	false	GAMG	3.867100e-03	3.539990e-05	5	true
478           	smoothSolver	5.370720e-04	5.098830e-05	10	1.105740e-02	1.091840e-03	10	4.537570e-03	4.394390e-04	10	false	GAMG	3.868030e-03	3.491240e-05	5	true
479           	smoothSolver	5.380140e-04	5.115770e-05	10	1.113630e-02	1.096880e-03	10	4.570330e-03	4.419560e-04	10	false	GAMG	3.865170e-03	3.429750e-05	5	true
480           	smoothSolver	5.380580e-04	5.124000e-05	10	1.117950e-02	1.097970e-03	10	4.584040e-03	4.434640e-04	10	false	GAMG	3.867370e-03	3.373900e-05	5	true
481           	smoothSolver	5.375430e-04	5.125270e-05	10	1.119850e-02	1.098440e-03	10	4.583350e-03	4.441520e-04	10	false	GAMG	3.864490e-03	3.343240e-05	5	true
482           	smoothSolver	5.366880e-04	5.121070e-05	10	1.119440e-02	1.097440e-03	10	4.573750e-03	4.442260e-04	10	false	GAMG	3.844030e-03	3.350110e-05	5	true
483           	smoothSolver	5.359080e-04	5.117530e-05	10	1.117810e-02	1.096790e-03	10	4.559190e-03	4.433500e-04	10	false	GAMG	3.803990e-03	3.361280e-05	5	true
484           	smoothSolver	5.346310e-04	5.114200e-05	10	1.114640e-02	1.095960e-03	10	4.536670e-03	4.413910e-04	10	false	GAMG	3.764500e-03	3.355990e-05	5	true
485           	smoothSolver	5.325860e-04	5.102190e-05	10	1.110470e-02	1.094640e-03	10	4.506470e-03	4.382030e-04	10	false	GAMG	3.727790e-03	3.329740e-05	5	true
486           	smoothSolver	5.303560e-04	5.074800e-05	10	1.106110e-02	1.091620e-03	10	4.470170e-03	4.336810e-04	10	false	GAMG	3.698770e-03	3.283440e-05	5	true
487           	smoothSolver	5.279530e-04	5.041270e-05	10	1.102690e-02	1.087610e-03	10	4.430020e-03	4.284700e-04	10	false	GAMG	3.683310e-03	3.217600e-05	5	true
488           	smoothSolver	5.259030e-04	5.012300e-05	10	1.100790e-02	1.083200e-03	10	4.391750e-03	4.236770e-04	10	false	GAMG	3.679080e-03	3.160120e-05	5	true
489           	smoothSolver	5.244280e-04	4.991090e-05	10	1.100390e-02	1.079780e-03	10	4.361650e-03	4.202220e-04	10	false	GAMG	3.667600e-03	3.154600e-05	5	true
490           	smoothSolver	5.234020e-04	4.975070e-05	10	1.100740e-02	1.077870e-03	10	4.336680e-03	4.176470e-04	10	false	GAMG	3.657450e-03	3.197320e-05	5	true
491           	smoothSolver	5.222810e-04	4.962600e-05	10	1.103030e-02	1.078160e-03	10	4.318400e-03	4.156600e-04	10	false	GAMG	3.648570e-03	3.258600e-05	5	true
492           	smoothSolver	5.215820e-04	4.952450e-05	10	1.105880e-02	1.080780e-03	10	4.298220e-03	4.139360e-04	10	false	GAMG	3.645240e-03	3.296260e-05	5	true
493           	smoothSolver	5.211270e-04	4.948510e-05	10	1.109220e-02	1.084840e-03	10	4.283190e-03	4.126410e-04	10	false	GAMG	3.639670e-03	3.308740e-05	5	true
494           	smoothSolver	5.214780e-04	4.955280e-05	10	1.113300e-02	1.089650e-03	10	4.274680e-03	4.118640e-04	10	false	GAMG	3.631640e-03	3.355670e-05	5	true
495           	smoothSolver	5.224190e-04	4.972390e-05	10	1.118540e-02	1.093690e-03	10	4.277520e-03	4.116390e-04	10	false	GAMG	3.620000e-03	3.411630e-05	5	true
496           	smoothSolver	5.235510e-04	4.986110e-05	10	1.123420e-02	1.095320e-03	10	4.284880e-03	4.117090e-04	10	false	GAMG	3.611620e-03	3.425050e-05	5	true
497           	smoothSolver	5.250050e-04	4.993840e-05	10	1.127100e-02	1.094620e-03	10	4.293070e-03	4.114600e-04	10	false	GAMG	3.606250e-03	3.361910e-05	5	true
498           	smoothSolver	5.265150e-04	4.999300e-05	10	1.128630e-02	1.092880e-03	10	4.300040e-03	4.110550e-04	10	false	GAMG	3.605400e-03	3.277180e-05	5	true
499           	smoothSolver	5.282150e-04	5.003370e-05	10	1.129360e-02	1.090270e-03	10	4.307910e-03	4.105650e-04	10	false	GAMG	3.597550e-03	3.253770e-05	5	true
500           	smoothSolver	5.303500e-04	5.002620e-05	10	1.129220e-02	1.086070e-03	10	4.314220e-03	4.100160e-04	10	false	GAMG	3.585370e-03	3.267040e-05	5	true
501           	smoothSolver	5.328350e-04	5.000850e-05	10	1.127930e-02	1.080810e-03	10	4.324550e-03	4.097670e-04	10	false	GAMG	3.579720e-03	3.303790e-05	5	true
502           	smoothSolver	5.350910e-04	4.997970e-05	10	1.125950e-02	1.074920e-03	10	4.337430e-03	4.097510e-04	10	false	GAMG	3.586150e-03	3.400140e-05	5	true
503           	smoothSolver	5.367000e-04	4.994850e-05	10	1.122400e-02	1.068540e-03	10	4.349420e-03	4.098770e-04	10	false	GAMG	3.602840e-03	3.475020e-05	5	true
504           	smoothSolver	5.380260e-04	4.991500e-05	10	1.117070e-02	1.062090e-03	10	4.352890e-03	4.094680e-04	10	false	GAMG	3.619310e-03	3.471650e-05	5	true
505           	smoothSolver	5.392730e-04	4.993440e-05	10	1.111180e-02	1.056550e-03	10	4.350380e-03	4.087030e-04	10	false	GAMG	3.630290e-03	3.409680e-05	5	true
506           	smoothSolver	5.408160e-04	5.004340e-05	10	1.105560e-02	1.053990e-03	10	4.338620e-03	4.081790e-04	10	false	GAMG	3.639050e-03	3.386120e-05	5	true
507           	smoothSolver	5.429080e-04	5.023480e-05	10	1.102100e-02	1.055040e-03	10	4.320690e-03	4.081690e-04	10	false	GAMG	3.653510e-03	3.396850e-05	5	true
508           	smoothSolver	5.446200e-04	5.042110e-05	10	1.100840e-02	1.059890e-03	10	4.300900e-03	4.083800e-04	10	false	GAMG	3.677430e-03	3.407560e-05	5	true
509           	smoothSolver	5.454120e-04	5.052660e-05	10	1.102260e-02	1.066900e-03	10	4.287700e-03	4.088890e-04	10	false	GAMG	3.693860e-03	3.385200e-05	5	true
510           	smoothSolver	5.450370e-04	5.057550e-05	10	1.106330e-02	1.074080e-03	10	4.285850e-03	4.098040e-04	10	false	GAMG	3.694700e-03	3.354040e-05	5	true
511           	smoothSolver	5.437390e-04	5.057640e-05	10	1.114230e-02	1.080730e-03	10	4.298350e-03	4.111490e-04	10	false	GAMG	3.684250e-03	3.345630e-05	5	true
512           	smoothSolver	5.420910e-04	5.057780e-05	10	1.125640e-02	1.088200e-03	10	4.323310e-03	4.130200e-04	10	false	GAMG	3.670700e-03	3.429800e-05	5	true
513           	smoothSolver	5.408910e-04	5.060720e-05	10	1.141330e-02	1.098020e-03	10	4.362780e-03	4.155830e-04	10	false	GAMG	3.659130e-03	3.554370e-05	5	true
514           	smoothSolver	5.400870e-04	5.064920e-05	10	1.159800e-02	1.109050e-03	10	4.405250e-03	4.177560e-04	10	false	GAMG	3.658340e-03	3.582560e-05	5	true
515           	smoothSolver	5.396550e-04	5.067340e-05	10	1.179610e-02	1.119010e-03	10	4.449010e-03	4.194530e-04	10	false	GAMG	3.678650e-03	3.593340e-05	5	true
516           	smoothSolver	5.398660e-04	5.070470e-05	10	1.198400e-02	1.127750e-03	10	4.492450e-03	4.210470e-04	10	false	GAMG	3.704000e-03	3.599360e-05	5	true
517           	smoothSolver	5.410470e-04	5.078290e-05	10	1.215280e-02	1.135810e-03	10	4.534910e-03	4.230940e-04	10	false	GAMG	3.726650e-03	3.529170e-05	5	true
518           	smoothSolver	5.433290e-04	5.098160e-05	10	1.230310e-02	1.145870e-03	10	4.578930e-03	4.257820e-04	10	false	GAMG	3.746460e-03	3.425750e-05	5	true
519           	smoothSolver	5.464940e-04	5.124540e-05	10	1.242690e-02	1.155420e-03	10	4.626620e-03	4.293860e-04	10	false	GAMG	3.755100e-03	3.382770e-05	5	true
520           	smoothSolver	5.501870e-04	5.153660e-05	10	1.251820e-02	1.161900e-03	10	4.671330e-03	4.329650e-04	10	false	GAMG	3.761270e-03	3.440040e-05	5	true
521           	smoothSolver	5.545050e-04	5.178250e-05	10	1.258420e-02	1.165790e-03	10	4.708480e-03	4.359250e-04	10	false	GAMG	3.764520e-03	3.625870e-05	5	true
522           	smoothSolver	5.592430e-04	5.198790e-05	10	1.263300e-02	1.169650e-03	10	4.733230e-03	4.376780e-04	10	false	GAMG	3.768380e-03	2.669440e-05	6	true
523           	smoothSolver	5.639150e-04	5.215450e-05	10	1.267790e-02	1.174840e-03	10	4.747950e-03	4.383680e-04	10	false	GAMG	3.782700e-03	3.461520e-05	5	true
524           	smoothSolver	5.683140e-04	5.232120e-05	10	1.274610e-02	1.181270e-03	10	4.749740e-03	4.381510e-04	10	false	GAMG	3.775550e-03	3.534940e-05	5	true
525           	smoothSolver	5.721330e-04	5.245670e-05	10	1.281950e-02	1.189870e-03	10	4.764210e-03	4.393890e-04	10	false	GAMG	3.779290e-03	3.424630e-05	5	true
526           	smoothSolver	5.754350e-04	5.257460e-05	10	1.289480e-02	1.196440e-03	10	4.781600e-03	4.409650e-04	10	false	GAMG	3.793550e-03	3.341210e-05	5	true
527           	smoothSolver	5.782480e-04	5.268020e-05	10	1.289870e-02	1.196490e-03	10	4.804210e-03	4.430930e-04	10	false	GAMG	3.813270e-03	3.357320e-05	5	true
528           	smoothSolver	5.809100e-04	5.281270e-05	10	1.287380e-02	1.194110e-03	10	4.826380e-03	4.451690e-04	10	false	GAMG	3.828890e-03	3.428670e-05	5	true
529           	smoothSolver	5.837350e-04	5.294620e-05	10	1.283690e-02	1.190860e-03	10	4.845620e-03	4.469500e-04	10	false	GAMG	3.830510e-03	3.455980e-05	5	true
530           	smoothSolver	5.865600e-04	5.305040e-05	10	1.279180e-02	1.187650e-03	10	4.854610e-03	4.482730e-04	10	false	GAMG	3.831300e-03	3.444130e-05	5	true
531           	smoothSolver	5.896290e-04	5.311670e-05	10	1.274880e-02	1.185840e-03	10	4.856250e-03	4.495890e-04	10	false	GAMG	3.834560e-03	3.463940e-05	5	true
532           	smoothSolver	5.922240e-04	5.313040e-05	10	1.268750e-02	1.183220e-03	10	4.850220e-03	4.502720e-04	10	false	GAMG	3.849610e-03	3.497140e-05	5	true
533           	smoothSolver	5.939920e-04	5.305690e-05	10	1.261290e-02	1.178310e-03	10	4.835350e-03	4.496090e-04	10	false	GAMG	3.869320e-03	3.510600e-05	5	true
534           	smoothSolver	5.947730e-04	5.291380e-05	10	1.250910e-02	1.170380e-03	10	4.811210e-03	4.473460e-04	10	false	GAMG	3.892230e-03	3.472900e-05	5	true
535           	smoothSolver	5.945840e-04	5.275490e-05	10	1.238550e-02	1.160780e-03	10	4.778510e-03	4.444240e-04	10	false	GAMG	3.907710e-03	3.402940e-05	5	true
536           	smoothSolver	5.933390e-04	5.263430e-05	10	1.224910e-02	1.151210e-03	10	4.741530e-03	4.417760e-04	10	false	GAMG	3.926380e-03	3.356610e-05	5	true
537           	smoothSolver	5.915450e-04	5.252490e-05	10	1.211940e-02	1.142720e-03	10	4.708890e-03	4.399350e-04	10	false	GAMG	3.953750e-03	3.373130e-05	5	true
538           	smoothSolver	5.893800e-04	5.241890e-05	10	1.199670e-02	1.135210e-03	10	4.678260e-03	4.391680e-04	10	false	GAMG	3.994210e-03	3.445820e-05	5	true
539           	smoothSolver	5.870160e-04	5.233780e-05	10	1.188350e-02	1.128360e-03	10	4.653310e-03	4.390160e-04	10	false	GAMG	4.032490e-03	3.555920e-05	5	true
540           	smoothSolver	5.847990e-04	5.228770e-05	10	1.179680e-02	1.123700e-03	10	4.628130e-03	4.385450e-04	10	false	GAMG	4.063600e-03	3.626990e-05	5	true
541           	smoothSolver	5.833190e-04	5.232060e-05	10	1.174670e-02	1.123070e-03	10	4.611560e-03	4.382870e-04	10	false	GAMG	4.084810e-03	3.637850e-05	5	true
542           	smoothSolver	5.830560e-04	5.245680e-05	10	1.174220e-02	1.125680e-03	10	4.611730e-03	4.390580e-04	10	false	GAMG	4.102500e-03	3.651920e-05	5	true
543           	smoothSolver	5.840060e-04	5.268390e-05	10	1.177980e-02	1.128900e-03	10	4.629090e-03	4.405310e-04	10	false	GAMG	4.118810e-03	3.701790e-05	5	true
544           	smoothSolver	5.853190e-04	5.300180e-05	10	1.185020e-02	1.132960e-03	10	4.659200e-03	4.425520e-04	10	false	GAMG	4.134590e-03	3.751330e-05	5	true
545           	smoothSolver	5.866010e-04	5.337760e-05	10	1.195130e-02	1.139210e-03	10	4.696520e-03	4.449050e-04	10	false	GAMG	4.139620e-03	3.766420e-05	5	true
546           	smoothSolver	5.871840e-04	5.374870e-05	10	1.206580e-02	1.148320e-03	10	4.728940e-03	4.473160e-04	10	false	GAMG	4.125290e-03	3.751870e-05	5	true
547           	smoothSolver	5.868680e-04	5.409540e-05	10	1.219370e-02	1.159270e-03	10	4.756780e-03	4.494770e-04	10	false	GAMG	4.086570e-03	3.723630e-05	5	true
548           	smoothSolver	5.854810e-04	5.441780e-05	10	1.234440e-02	1.171140e-03	10	4.781750e-03	4.515110e-04	10	false	GAMG	4.037730e-03	3.753230e-05	5	true
549           	smoothSolver	5.833820e-04	5.465150e-05	10	1.250130e-02	1.183770e-03	10	4.805530e-03	4.531870e-04	10	false	GAMG	3.995210e-03	3.808390e-05	5	true
550           	smoothSolver	5.813140e-04	5.482390e-05	10	1.266560e-02	1.196690e-03	10	4.829510e-03	4.542940e-04	10	false	GAMG	3.966300e-03	3.881080e-05	5	true
551           	smoothSolver	5.801420e-04	5.497000e-05	10	1.283830e-02	1.209080e-03	10	4.855410e-03	4.548830e-04	10	false	GAMG	3.932950e-03	3.905070e-05	5	true
552           	smoothSolver	5.804120e-04	5.507940e-05	10	1.302330e-02	1.220480e-03	10	4.886480e-03	4.550470e-04	10	false	GAMG	3.898120e-03	3.851430e-05	5	true
553           	smoothSolver	5.820950e-04	5.513260e-05	10	1.322290e-02	1.229890e-03	10	4.929920e-03	4.555070e-04	10	false	GAMG	3.875270e-03	3.737930e-05	5	true
554           	smoothSolver	5.853930e-04	5.513150e-05	10	1.341910e-02	1.236190e-03	10	4.980930e-03	4.565190e-04	10	false	GAMG	3.862730e-03	3.661360e-05	5	true
555           	smoothSolver	5.894550e-04	5.505780e-05	10	1.362060e-02	1.239160e-03	10	5.039510e-03	4.578350e-04	10	false	GAMG	3.868050e-03	3.643150e-05	5	true
556           	smoothSolver	5.940650e-04	5.483160e-05	10	1.380560e-02	1.238810e-03	10	5.095460e-03	4.587980e-04	10	false	GAMG	3.886750e-03	3.657660e-05	5	true
557           	smoothSolver	5.986440e-04	5.446900e-05	10	1.395290e-02	1.232770e-03	10	5.148160e-03	4.584580e-04	10	false	GAMG	3.921750e-03	3.711520e-05	5	true
558           	smoothSolver	6.033940e-04	5.403570e-05	10	1.397260e-02	1.214400e-03	10	5.192390e-03	4.567830e-04	10	false	GAMG	3.970920e-03	3.794070e-05	5	true
559           	smoothSolver	6.078810e-04	5.359190e-05	10	1.395220e-02	1.191760e-03	10	5.231540e-03	4.548330e-04	10	false	GAMG	4.036030e-03	3.866570e-05	5	true
560           	smoothSolver	6.126360e-04	5.317020e-05	10	1.387810e-02	1.166570e-03	10	5.265840e-03	4.529270e-04	10	false	GAMG	4.119580e-03	3.945940e-05	5	true
561           	smoothSolver	6.170770e-04	5.277500e-05	10	1.374810e-02	1.140020e-03	10	5.296070e-03	4.508560e-04	10	false	GAMG	4.213210e-03	4.027660e-05	5	true
562           	smoothSolver	6.208600e-04	5.238240e-05	10	1.357220e-02	1.113620e-03	10	5.312150e-03	4.483430e-04	10	false	GAMG	4.292920e-03	4.088560e-05	5	true
563           	smoothSolver	6.240190e-04	5.198520e-05	10	1.334000e-02	1.086960e-03	10	5.312870e-03	4.453020e-04	10	false	GAMG	4.353810e-03	4.075590e-05	5	true
564           	smoothSolver	6.262870e-04	5.162970e-05	10	1.304740e-02	1.059890e-03	10	5.292090e-03	4.417530e-04	10	false	GAMG	4.395190e-03	3.959960e-05	5	true
565           	smoothSolver	6.284090e-04	5.134420e-05	10	1.270580e-02	1.034070e-03	10	5.253980e-03	4.380490e-04	10	false	GAMG	4.401700e-03	3.757960e-05	5	true
566           	smoothSolver	6.299790e-04	5.107470e-05	10	1.233150e-02	1.009350e-03	10	5.203730e-03	4.344330e-04	10	false	GAMG	4.381540e-03	3.607780e-05	5	true
567           	smoothSolver	6.294950e-04	5.078930e-05	10	1.192640e-02	9.858610e-04	10	5.140530e-03	4.307000e-04	10	false	GAMG	4.358570e-03	3.531030e-05	5	true
568           	smoothSolver	6.276950e-04	5.050550e-05	10	1.150620e-02	9.634260e-04	10	5.058610e-03	4.267560e-04	10	false	GAMG	4.335860e-03	3.505510e-05	5	true
569           	smoothSolver	6.245480e-04	5.022510e-05	10	1.109400e-02	9.423670e-04	10	4.958110e-03	4.225120e-04	10	false	GAMG	4.307010e-03	3.515780e-05	5	true
570           	smoothSolver	6.203220e-04	4.993280e-05	10	1.071940e-02	9.243450e-04	10	4.850650e-03	4.181640e-04	10	false	GAMG	4.263730e-03	3.525760e-05	5	true
571           	smoothSolver	6.150140e-04	4.966100e-05	10	1.040680e-02	9.106210e-04	10	4.747010e-03	4.141230e-04	10	false	GAMG	4.213070e-03	3.563410e-05	5	true
572           	smoothSolver	6.081500e-04	4.940450e-05	10	1.014570e-02	9.011770e-04	10	4.647860e-03	4.104540e-04	10	false	GAMG	4.180970e-03	3.596930e-05	5	true
573           	smoothSolver	5.994420e-04	4.908680e-05	10	9.924500e-03	8.935140e-04	10	4.556000e-03	4.070760e-04	10	false	GAMG	4.146460e-03	3.608370e-05	5	true
574           	smoothSolver	5.895920e-04	4.874230e-05	10	9.732660e-03	8.863570e-04	10	4.474160e-03	4.042670e-04	10	false	GAMG	4.115940e-03	3.611160e-05	5	true
575           	smoothSolver	5.790960e-04	4.841990e-05	10	9.564070e-03	8.789580e-04	10	4.406940e-03	4.019800e-04	10	false	GAMG	4.083630e-03	3.545960e-05	5	true
576           	smoothSolver	5.685160e-04	4.819290e-05	10	9.422470e-03	8.716560e-04	10	4.352970e-03	4.001690e-04	10	false	GAMG	4.045090e-03	3.445690e-05	5	true
577           	smoothSolver	5.588440e-04	4.809540e-05	10	9.325230e-03	8.657210e-04	10	4.313590e-03	3.988240e-04	10	false	GAMG	4.000200e-03	3.386840e-05	5	true
578           	smoothSolver	5.500180e-04	4.806190e-05	10	9.251190e-03	8.618280e-04	10	4.282710e-03	3.975940e-04	10	false	GAMG	3.958150e-03	3.358110e-05	5	true
579           	smoothSolver	5.418740e-04	4.799990e-05	10	9.192720e-03	8.585300e-04	10	4.260260e-03	3.966890e-04	10	false	GAMG	3.920160e-03	3.313520e-05	5	true
580           	smoothSolver	5.351240e-04	4.789440e-05	10	9.149740e-03	8.551490e-04	10	4.245350e-03	3.962730e-04	10	false	GAMG	3.882410e-03	3.260270e-05	5	true
581           	smoothSolver	5.297940e-04	4.781990e-05	10	9.111240e-03	8.513120e-04	10	4.240740e-03	3.965340e-04	10	false	GAMG	3.853430e-03	3.219660e-05	5	true
582           	smoothSolver	5.256410e-04	4.784610e-05	10	9.081140e-03	8.475750e-04	10	4.250190e-03	3.974910e-04	10	false	GAMG	3.840650e-03	3.203930e-05	5	true
583           	smoothSolver	5.230240e-04	4.799800e-05	10	9.059620e-03	8.451290e-04	10	4.277170e-03	3.993590e-04	10	false	GAMG	3.837010e-03	3.222080e-05	5	true
584           	smoothSolver	5.213610e-04	4.822090e-05	10	9.039220e-03	8.433050e-04	10	4.309960e-03	4.019840e-04	10	false	GAMG	3.834020e-03	3.262740e-05	5	true
585           	smoothSolver	5.204030e-04	4.849610e-05	10	9.014000e-03	8.407790e-04	10	4.340670e-03	4.049420e-04	10	false	GAMG	3.838040e-03	3.316830e-05	5	true
586           	smoothSolver	5.197710e-04	4.875770e-05	10	8.981700e-03	8.378710e-04	10	4.363110e-03	4.076570e-04	10	false	GAMG	3.842570e-03	3.359870e-05	5	true
587           	smoothSolver	5.195430e-04	4.897260e-05	10	8.952480e-03	8.356780e-04	10	4.379790e-03	4.096250e-04	10	false	GAMG	3.839720e-03	3.355300e-05	5	true
588           	smoothSolver	5.198070e-04	4.914760e-05	10	8.928000e-03	8.348330e-04	10	4.386830e-03	4.106410e-04	10	false	GAMG	3.842410e-03	3.318590e-05	5	true
589           	smoothSolver	5.204290e-04	4.922740e-05	10	8.909260e-03	8.345170e-04	10	4.388430e-03	4.106800e-04	10	false	GAMG	3.836590e-03	3.293040e-05	5	true
590           	smoothSolver	5.206510e-04	4.923420e-05	10	8.889480e-03	8.334800e-04	10	4.381710e-03	4.100260e-04	10	false	GAMG	3.825170e-03	3.283280e-05	5	true
591           	smoothSolver	5.207720e-04	4.925910e-05	10	8.858970e-03	8.313880e-04	10	4.373300e-03	4.091000e-04	10	false	GAMG	3.806140e-03	3.279810e-05	5	true
592           	smoothSolver	5.206340e-04	4.934320e-05	10	8.814000e-03	8.282620e-04	10	4.363530e-03	4.082080e-04	10	false	GAMG	3.783720e-03	3.267720e-05	5	true
593           	smoothSolver	5.207100e-04	4.948180e-05	10	8.752730e-03	8.239850e-04	10	4.356460e-03	4.078400e-04	10	false	GAMG	3.750960e-03	3.227580e-05	5	true
594           	smoothSolver	5.208230e-04	4.962830e-05	10	8.675630e-03	8.187290e-04	10	4.349330e-03	4.078400e-04	10	false	GAMG	3.716340e-03	3.179230e-05	5	true
595           	smoothSolver	5.203290e-04	4.972550e-05	10	8.594790e-03	8.129650e-04	10	4.341620e-03	4.077510e-04	10	false	GAMG	3.680120e-03	3.125340e-05	5	true
596           	smoothSolver	5.188910e-04	4.971820e-05	10	8.516830e-03	8.075520e-04	10	4.326450e-03	4.070630e-04	10	false	GAMG	3.642800e-03	3.077540e-05	5	true
597           	smoothSolver	5.169410e-04	4.962030e-05	10	8.445280e-03	8.026790e-04	10	4.307950e-03	4.057500e-04	10	false	GAMG	3.607250e-03	3.011590e-05	5	true
598           	smoothSolver	5.153900e-04	4.944080e-05	10	8.387730e-03	7.984210e-04	10	4.286250e-03	4.037640e-04	10	false	GAMG	3.581530e-03	2.952990e-05	5	true
599           	smoothSolver	5.142000e-04	4.920280e-05	10	8.351440e-03	7.945820e-04	10	4.266200e-03	4.015450e-04	10	false	GAMG	3.560080e-03	2.930170e-05	5	true
600           	smoothSolver	5.135050e-04	4.896430e-05	10	8.329610e-03	7.916060e-04	10	4.248400e-03	3.995340e-04	10	false	GAMG	3.546300e-03	2.961760e-05	5	true
601           	smoothSolver	5.136090e-04	4.881620e-05	10	8.317070e-03	7.898120e-04	10	4.237030e-03	3.982430e-04	10	false	GAMG	3.545920e-03	3.025220e-05	5	true
602           	smoothSolver	5.141520e-04	4.876660e-05	10	8.321050e-03	7.894510e-04	10	4.232390e-03	3.976520e-04	10	false	GAMG	3.553860e-03	3.080340e-05	5	true
603           	smoothSolver	5.148450e-04	4.872750e-05	10	8.344350e-03	7.905740e-04	10	4.233590e-03	3.978080e-04	10	false	GAMG	3.561230e-03	3.100180e-05	5	true
604           	smoothSolver	5.153830e-04	4.867790e-05	10	8.385960e-03	7.936800e-04	10	4.239680e-03	3.982080e-04	10	false	GAMG	3.569470e-03	3.088150e-05	5	true
605           	smoothSolver	5.153180e-04	4.865210e-05	10	8.441260e-03	7.992060e-04	10	4.246500e-03	3.988170e-04	10	false	GAMG	3.569330e-03	3.050970e-05	5	true
606           	smoothSolver	5.151440e-04	4.865280e-05	10	8.514160e-03	8.067950e-04	10	4.253780e-03	3.999800e-04	10	false	GAMG	3.564600e-03	3.002330e-05	5	true
607           	smoothSolver	5.152610e-04	4.867110e-05	10	8.596540e-03	8.147580e-04	10	4.266280e-03	4.017890e-04	10	false	GAMG	3.564460e-03	2.970920e-05	5	true
608           	smoothSolver	5.159090e-04	4.871070e-05	10	8.678460e-03	8.228130e-04	10	4.282000e-03	4.039110e-04	10	false	GAMG	3.575040e-03	2.973450e-05	5	true
609           	smoothSolver	5.168540e-04	4.879930e-05	10	8.755440e-03	8.312380e-04	10	4.303710e-03	4.064560e-04	10	false	GAMG	3.587380e-03	3.006990e-05	5	true
610           	smoothSolver	5.182020e-04	4.895040e-05	10	8.830520e-03	8.409380e-04	10	4.324940e-03	4.093320e-04	10	false	GAMG	3.596950e-03	3.084650e-05	5	true
611           	smoothSolver	5.196650e-04	4.912740e-05	10	8.899680e-03	8.504680e-04	10	4.346220e-03	4.124460e-04	10	false	GAMG	3.599970e-03	3.150970e-05	5	true
612           	smoothSolver	5.210940e-04	4.929460e-05	10	8.957140e-03	8.585800e-04	10	4.365430e-03	4.153980e-04	10	false	GAMG	3.594630e-03	3.169050e-05	5	true
613           	smoothSolver	5.225530e-04	4.948240e-05	10	8.998640e-03	8.648990e-04	10	4.381720e-03	4.179590e-04	10	false	GAMG	3.586740e-03	3.165520e-05	5	true
614           	smoothSolver	5.235510e-04	4.967880e-05	10	9.039120e-03	8.703730e-04	10	4.394750e-03	4.200540e-04	10	false	GAMG	3.573800e-03	3.135840e-05	5	true
615           	smoothSolver	5.243100e-04	4.984240e-05	10	9.074550e-03	8.752680e-04	10	4.408390e-03	4.218200e-04	10	false	GAMG	3.559740e-03	3.107810e-05	5	true
616           	smoothSolver	5.248780e-04	4.994500e-05	10	9.116550e-03	8.800230e-04	10	4.420870e-03	4.232220e-04	10	false	GAMG	3.542010e-03	3.087100e-05	5	true
617           	smoothSolver	5.253790e-04	4.998830e-05	10	9.165360e-03	8.846500e-04	10	4.436850e-03	4.243970e-04	10	false	GAMG	3.520320e-03	3.117730e-05	5	true
618           	smoothSolver	5.259880e-04	5.000530e-05	10	9.236050e-03	8.908170e-04	10	4.453780e-03	4.257060e-04	10	false	GAMG	3.495250e-03	3.191160e-05	5	true
619           	smoothSolver	5.268020e-04	5.002760e-05	10	9.332840e-03	8.993730e-04	10	4.473280e-03	4.271460e-04	10	false	GAMG	3.471620e-03	3.199780e-05	5	true
620           	smoothSolver	5.279530e-04	5.005930e-05	10	9.453210e-03	9.106530e-04	10	4.493840e-03	4.287290e-04	10	false	GAMG	3.456920e-03	3.159150e-05	5	true
621           	smoothSolver	5.293930e-04	5.007270e-05	10	9.590950e-03	9.236690e-04	10	4.517640e-03	4.303460e-04	10	false	GAMG	3.444700e-03	3.125600e-05	5	true
622           	smoothSolver	5.310790e-04	5.004510e-05	10	9.743580e-03	9.376080e-04	10	4.542950e-03	4.318510e-04	10	false	GAMG	3.434600e-03	3.112230e-05	5	true
623           	smoothSolver	5.331400e-04	4.998350e-05	10	9.912200e-03	9.517410e-04	10	4.571340e-03	4.333220e-04	10	false	GAMG	3.427150e-03	3.106660e-05	5	true
624           	smoothSolver	5.356930e-04	4.991710e-05	10	1.010160e-02	9.664220e-04	10	4.603790e-03	4.348140e-04	10	false	GAMG	3.423500e-03	3.094290e-05	5	true
625           	smoothSolver	5.388070e-04	4.989070e-05	10	1.031460e-02	9.814960e-04	10	4.640640e-03	4.360730e-04	10	false	GAMG	3.426420e-03	3.045350e-05	5	true
626           	smoothSolver	5.426620e-04	4.990510e-05	10	1.054310e-02	9.973840e-04	10	4.681020e-03	4.375080e-04	10	false	GAMG	3.440810e-03	3.002050e-05	5	true
627           	smoothSolver	5.470140e-04	4.998950e-05	10	1.077820e-02	1.014330e-03	10	4.724910e-03	4.393630e-04	10	false	GAMG	3.459310e-03	2.991420e-05	5	true
628           	smoothSolver	5.517480e-04	5.017290e-05	10	1.101150e-02	1.032130e-03	10	4.763500e-03	4.416330e-04	10	false	GAMG	3.487520e-03	3.013750e-05	5	true
629           	smoothSolver	5.564610e-04	5.042380e-05	10	1.123330e-02	1.050610e-03	10	4.799660e-03	4.445580e-04	10	false	GAMG	3.518930e-03	3.046110e-05	5	true
630           	smoothSolver	5.613200e-04	5.071470e-05	10	1.142960e-02	1.068070e-03	10	4.828840e-03	4.475890e-04	10	false	GAMG	3.548130e-03	3.077320e-05	5	true
631           	smoothSolver	5.663880e-04	5.105590e-05	10	1.159080e-02	1.083180e-03	10	4.849920e-03	4.499960e-04	10	false	GAMG	3.569900e-03	3.091600e-05	5	true
632           	smoothSolver	5.714320e-04	5.139720e-05	10	1.171430e-02	1.095550e-03	10	4.860990e-03	4.515460e-04	10	false	GAMG	3.591400e-03	3.097350e-05	5	true
633           	smoothSolver	5.764350e-04	5.173090e-05	10	1.180830e-02	1.106230e-03	10	4.865270e-03	4.522090e-04	10	false	GAMG	3.608130e-03	3.109360e-05	5	true
634           	smoothSolver	5.812520e-04	5.201890e-05	10	1.188210e-02	1.115510e-03	10	4.865140e-03	4.522370e-04	10	false	GAMG	3.629170e-03	3.129990e-05	5	true
635           	smoothSolver	5.857530e-04	5.221860e-05	10	1.193500e-02	1.123250e-03	10	4.865740e-03	4.520920e-04	10	false	GAMG	3.644320e-03	3.144050e-05	5	true
636           	smoothSolver	5.896510e-04	5.239590e-05	10	1.197690e-02	1.130810e-03	10	4.866390e-03	4.527770e-04	10	false	GAMG	3.658290e-03	3.173150e-05	5	true
637           	smoothSolver	5.937830e-04	5.259920e-05	10	1.201560e-02	1.138290e-03	10	4.870720e-03	4.543940e-04	10	false	GAMG	3.670710e-03	3.223600e-05	5	true
638           	smoothSolver	5.977860e-04	5.283580e-05	10	1.205230e-02	1.144810e-03	10	4.874550e-03	4.565260e-04	10	false	GAMG	3.697740e-03	3.285710e-05	5	true
639           	smoothSolver	6.011170e-04	5.303910e-05	10	1.207680e-02	1.149840e-03	10	4.876220e-03	4.589140e-04	10	false	GAMG	3.725670e-03	3.345910e-05	5	true
640           	smoothSolver	6.039760e-04	5.320760e-05	10	1.210180e-02	1.151580e-03	10	4.874800e-03	4.609810e-04	10	false	GAMG	3.758530e-03	3.365510e-05	5	true
641           	smoothSolver	6.059170e-04	5.336990e-05	10	1.209580e-02	1.148640e-03	10	4.875200e-03	4.623650e-04	10	false	GAMG	3.796230e-03	3.380850e-05	5	true
642           	smoothSolver	6.072760e-04	5.353130e-05	10	1.203510e-02	1.140450e-03	10	4.873690e-03	4.634760e-04	10	false	GAMG	3.815280e-03	3.398090e-05	5	true
643           	smoothSolver	6.089320e-04	5.373140e-05	10	1.195450e-02	1.131090e-03	10	4.872430e-03	4.644020e-04	10	false	GAMG	3.837810e-03	3.397580e-05	5	true
644           	smoothSolver	6.111470e-04	5.395830e-05	10	1.186640e-02	1.121700e-03	10	4.874630e-03	4.649930e-04	10	false	GAMG	3.863710e-03	3.366610e-05	5	true
645           	smoothSolver	6.135660e-04	5.418480e-05	10	1.177970e-02	1.113800e-03	10	4.875410e-03	4.652790e-04	10	false	GAMG	3.887920e-03	3.364310e-05	5	true
646           	smoothSolver	6.154810e-04	5.438400e-05	10	1.169430e-02	1.106990e-03	10	4.873650e-03	4.650650e-04	10	false	GAMG	3.924560e-03	3.413450e-05	5	true
647           	smoothSolver	6.170260e-04	5.457280e-05	10	1.163120e-02	1.102620e-03	10	4.873880e-03	4.647430e-04	10	false	GAMG	3.959330e-03	3.463720e-05	5	true
648           	smoothSolver	6.182370e-04	5.470770e-05	10	1.159190e-02	1.099660e-03	10	4.873320e-03	4.642740e-04	10	false	GAMG	3.995230e-03	3.515090e-05	5	true
649           	smoothSolver	6.185310e-04	5.475950e-05	10	1.157080e-02	1.097090e-03	10	4.870800e-03	4.638110e-04	10	false	GAMG	4.027410e-03	3.536490e-05	5	true
650           	smoothSolver	6.179570e-04	5.477460e-05	10	1.157620e-02	1.095310e-03	10	4.873260e-03	4.629620e-04	10	false	GAMG	4.050670e-03	3.543440e-05	5	true
651           	smoothSolver	6.176610e-04	5.479760e-05	10	1.160520e-02	1.095420e-03	10	4.879910e-03	4.618810e-04	10	false	GAMG	4.069780e-03	3.540240e-05	5	true
652           	smoothSolver	6.177040e-04	5.489420e-05	10	1.165670e-02	1.098110e-03	10	4.888560e-03	4.606530e-04	10	false	GAMG	4.089630e-03	3.569190e-05	5	true
653           	smoothSolver	6.178740e-04	5.496690e-05	10	1.172260e-02	1.101490e-03	10	4.899840e-03	4.593220e-04	10	false	GAMG	4.108160e-03	3.627660e-05	5	true
654           	smoothSolver	6.173990e-04	5.497710e-05	10	1.179500e-02	1.102780e-03	10	4.918530e-03	4.581710e-04	10	false	GAMG	4.123910e-03	3.678710e-05	5	true
655           	smoothSolver	6.163410e-04	5.494920e-05	10	1.186110e-02	1.101640e-03	10	4.939730e-03	4.574400e-04	10	false	GAMG	4.131920e-03	3.692510e-05	5	true
656           	smoothSolver	6.150420e-04	5.492960e-05	10	1.192510e-02	1.098780e-03	10	4.963650e-03	4.567290e-04	10	false	GAMG	4.134020e-03	3.658720e-05	5	true
657           	smoothSolver	6.133200e-04	5.493410e-05	10	1.198060e-02	1.095200e-03	10	4.989570e-03	4.564330e-04	10	false	GAMG	4.135650e-03	3.621360e-05	5	true
658           	smoothSolver	6.107850e-04	5.496940e-05	10	1.203190e-02	1.092460e-03	10	5.016710e-03	4.563840e-04	10	false	GAMG	4.150800e-03	3.619380e-05	5	true
659           	smoothSolver	6.085650e-04	5.504710e-05	10	1.209640e-02	1.091220e-03	10	5.047120e-03	4.565770e-04	10	false	GAMG	4.179940e-03	3.659690e-05	5	true
660           	smoothSolver	6.068750e-04	5.514420e-05	10	1.217680e-02	1.091040e-03	10	5.077080e-03	4.571740e-04	10	false	GAMG	4.205390e-03	3.730350e-05	5	true
661           	smoothSolver	6.059570e-04	5.522960e-05	10	1.227850e-02	1.091950e-03	10	5.110140e-03	4.579790e-04	10	false	GAMG	4.207460e-03	3.789160e-05	5	true
662           	smoothSolver	6.064460e-04	5.531740e-05	10	1.239330e-02	1.093830e-03	10	5.144150e-03	4.589950e-04	10	false	GAMG	4.212320e-03	3.802630e-05	5	true
663           	smoothSolver	6.086430e-04	5.541710e-05	10	1.254290e-02	1.097340e-03	10	5.186610e-03	4.599720e-04	10	false	GAMG	4.213070e-03	3.789180e-05	5	true
664           	smoothSolver	6.127560e-04	5.547860e-05	10	1.271980e-02	1.102950e-03	10	5.232800e-03	4.609270e-04	10	false	GAMG	4.222670e-03	3.786370e-05	5	true
665           	smoothSolver	6.179700e-04	5.547500e-05	10	1.291200e-02	1.109990e-03	10	5.275290e-03	4.615180e-04	10	false	GAMG	4.244120e-03	3.799260e-05	5	true
666           	smoothSolver	6.232860e-04	5.542450e-05	10	1.311800e-02	1.118370e-03	10	5.312890e-03	4.615150e-04	10	false	GAMG	4.290270e-03	3.818420e-05	5	true
667           	smoothSolver	6.277700e-04	5.528930e-05	10	1.332170e-02	1.128790e-03	10	5.349640e-03	4.612970e-04	10	false	GAMG	4.345370e-03	3.845550e-05	5	true
668           	smoothSolver	6.314820e-04	5.506430e-05	10	1.352920e-02	1.139520e-03	10	5.379880e-03	4.609050e-04	10	false	GAMG	4.405930e-03	3.897930e-05	5	true
669           	smoothSolver	6.344480e-04	5.479470e-05	10	1.370520e-02	1.149170e-03	10	5.406310e-03	4.603350e-04	10	false	GAMG	4.474170e-03	3.983490e-05	5	true
670           	smoothSolver	6.365890e-04	5.452640e-05	10	1.376830e-02	1.150870e-03	10	5.421240e-03	4.597290e-04	10	false	GAMG	4.543720e-03	4.108440e-05	5	true
671           	smoothSolver	6.379530e-04	5.429440e-05	10	1.364470e-02	1.140180e-03	10	5.424080e-03	4.590390e-04	10	false	GAMG	4.618500e-03	4.225490e-05	5	true
672           	smoothSolver	6.398720e-04	5.410410e-05	10	1.345920e-02	1.125340e-03	10	5.418430e-03	4.580090e-04	10	false	GAMG	4.691820e-03	4.273060e-05	5	true
673           	smoothSolver	6.422620e-04	5.390200e-05	10	1.322950e-02	1.108020e-03	10	5.408780e-03	4.566070e-04	10	false	GAMG	4.754110e-03	4.257180e-05	5	true
674           	smoothSolver	6.446890e-04	5.370420e-05	10	1.297310e-02	1.089370e-03	10	5.386730e-03	4.552650e-04	10	false	GAMG	4.791420e-03	4.206680e-05	5	true
675           	smoothSolver	6.465320e-04	5.354450e-05	10	1.270520e-02	1.068920e-03	10	5.359990e-03	4.542880e-04	10	false	GAMG	4.797510e-03	4.153350e-05	5	true
676           	smoothSolver	6.482220e-04	5.341820e-05	10	1.243350e-02	1.048000e-03	10	5.334980e-03	4.536170e-04	10	false	GAMG	4.770610e-03	4.135790e-05	5	true
677           	smoothSolver	6.503330e-04	5.334480e-05	10	1.217040e-02	1.028250e-03	10	5.310120e-03	4.526860e-04	10	false	GAMG	4.724280e-03	4.122060e-05	5	true
678           	smoothSolver	6.521260e-04	5.331510e-05	10	1.191180e-02	1.009840e-03	10	5.279310e-03	4.511580e-04	10	false	GAMG	4.673030e-03	4.093060e-05	5	true
679           	smoothSolver	6.532570e-04	5.327520e-05	10	1.166620e-02	9.917800e-04	10	5.241690e-03	4.493390e-04	10	false	GAMG	4.638130e-03	4.023280e-05	5	true
680           	smoothSolver	6.534940e-04	5.318400e-05	10	1.141130e-02	9.739590e-04	10	5.194180e-03	4.470940e-04	10	false	GAMG	4.594690e-03	3.931150e-05	5	true
681           	smoothSolver	6.528570e-04	5.298940e-05	10	1.115250e-02	9.570020e-04	10	5.143430e-03	4.442680e-04	10	false	GAMG	4.559930e-03	3.857630e-05	5	true
682           	smoothSolver	6.515590e-04	5.269280e-05	10	1.089100e-02	9.403320e-04	10	5.084190e-03	4.411850e-04	10	false	GAMG	4.533740e-03	3.786440e-05	5	true
683           	smoothSolver	6.498300e-04	5.236490e-05	10	1.063570e-02	9.251080e-04	10	5.021880e-03	4.382760e-04	10	false	GAMG	4.498320e-03	3.726030e-05	5	true
684           	smoothSolver	6.464960e-04	5.209820e-05	10	1.038370e-02	9.115840e-04	10	4.956000e-03	4.360760e-04	10	false	GAMG	4.455980e-03	3.687620e-05	5	true
685           	smoothSolver	6.412790e-04	5.193440e-05	10	1.013020e-02	8.992980e-04	10	4.889540e-03	4.341360e-04	10	false	GAMG	4.408780e-03	3.648520e-05	5	true
686           	smoothSolver	6.339570e-04	5.180310e-05	10	9.892160e-03	8.889040e-04	10	4.820210e-03	4.322800e-04	10	false	GAMG	4.373060e-03	3.634290e-05	5	true
687           	smoothSolver	6.241320e-04	5.165010e-05	10	9.670420e-03	8.786760e-04	10	4.747260e-03	4.302470e-04	10	false	GAMG	4.323780e-03	3.615580e-05	5	true
688           	smoothSolver	6.137870e-04	5.146000e-05	10	9.466130e-03	8.680560e-04	10	4.672140e-03	4.274910e-04	10	false	GAMG	4.275530e-03	3.587120e-05	5	true
689           	smoothSolver	6.026280e-04	5.119280e-05	10	9.292110e-03	8.570410e-04	10	4.604330e-03	4.237030e-04	10	false	GAMG	4.228280e-03	3.530960e-05	5	true
690           	smoothSolver	5.915080e-04	5.083030e-05	10	9.149450e-03	8.469160e-04	10	4.536810e-03	4.187790e-04	10	false	GAMG	4.174810e-03	3.454950e-05	5	true
691           	smoothSolver	5.810140e-04	5.040730e-05	10	9.043240e-03	8.383620e-04	10	4.480340e-03	4.135410e-04	10	false	GAMG	4.123080e-03	3.408260e-05	5	true
692           	smoothSolver	5.709250e-04	4.997040e-05	10	8.977140e-03	8.316010e-04	10	4.439890e-03	4.086210e-04	10	false	GAMG	4.088080e-03	3.399490e-05	5	true
693           	smoothSolver	5.616190e-04	4.957390e-05	10	8.938430e-03	8.263400e-04	10	4.415360e-03	4.049720e-04	10	false	GAMG	4.065500e-03	3.460100e-05	5	true
694           	smoothSolver	5.533050e-04	4.929960e-05	10	8.923200e-03	8.227060e-04	10	4.408740e-03	4.031900e-04	10	false	GAMG	4.049380e-03	3.565120e-05	5	true
695           	smoothSolver	5.465410e-04	4.916480e-05	10	8.919860e-03	8.203710e-04	10	4.417760e-03	4.031570e-04	10	false	GAMG	4.031680e-03	3.652400e-05	5	true
696           	smoothSolver	5.411850e-04	4.913730e-05	10	8.925110e-03	8.193070e-04	10	4.436170e-03	4.046980e-04	10	false	GAMG	4.010550e-03	3.695700e-05	5	true
697           	smoothSolver	5.371810e-04	4.918170e-05	10	8.941140e-03	8.200750e-04	10	4.462800e-03	4.076630e-04	10	false	GAMG	3.993050e-03	3.690120e-05	5	true
698           	smoothSolver	5.345760e-04	4.927470e-05	10	8.964530e-03	8.227870e-04	10	4.488260e-03	4.115240e-04	10	false	GAMG	3.981130e-03	3.666260e-05	5	true
699           	smoothSolver	5.327990e-04	4.938000e-05	10	8.991810e-03	8.274090e-04	10	4.515710e-03	4.156750e-04	10	false	GAMG	3.970910e-03	3.643660e-05	5	true
700           	smoothSolver	5.313120e-04	4.948660e-05	10	9.011000e-03	8.332880e-04	10	4.536630e-03	4.195730e-04	10	false	GAMG	3.962090e-03	3.627790e-05	5	true
701           	smoothSolver	5.299620e-04	4.956540e-05	10	9.022820e-03	8.385030e-04	10	4.551160e-03	4.230800e-04	10	false	GAMG	3.936090e-03	3.595850e-05	5	true
702           	smoothSolver	5.288480e-04	4.961690e-05	10	9.023200e-03	8.422380e-04	10	4.558120e-03	4.255420e-04	10	false	GAMG	3.894760e-03	3.540530e-05	5	true
703           	smoothSolver	5.277010e-04	4.970740e-05	10	9.008240e-03	8.444910e-04	10	4.562270e-03	4.270530e-04	10	false	GAMG	3.847990e-03	3.477670e-05	5	true
704           	smoothSolver	5.266620e-04	4.984240e-05	10	8.981370e-03	8.461610e-04	10	4.565160e-03	4.284650e-04	10	false	GAMG	3.793130e-03	3.428760e-05	5	true
705           	smoothSolver	5.253890e-04	4.996180e-05	10	8.956670e-03	8.469200e-04	10	4.568520e-03	4.299480e-04	10	false	GAMG	3.723970e-03	3.409670e-05	5	true
706           	smoothSolver	5.241310e-04	4.997960e-05	10	8.935680e-03	8.472740e-04	10	4.566310e-03	4.306510e-04	10	false	GAMG	3.659920e-03	3.384430e-05	5	true
707           	smoothSolver	5.231180e-04	4.993260e-05	10	8.929090e-03	8.470860e-04	10	4.557840e-03	4.300870e-04	10	false	GAMG	3.609190e-03	3.305520e-05	5	true
708           	smoothSolver	5.223190e-04	4.984490e-05	10	8.942050e-03	8.465640e-04	10	4.549720e-03	4.291640e-04	10	false	GAMG	3.573980e-03	3.185030e-05	5	true
709           	smoothSolver	5.226640e-04	4.976210e-05	10	8.983430e-03	8.462720e-04	10	4.549870e-03	4.279930e-04	10	false	GAMG	3.542960e-03	3.094160e-05	5	true
710           	smoothSolver	5.241110e-04	4.966540e-05	10	9.045510e-03	8.461390e-04	10	4.556330e-03	4.266110e-04	10	false	GAMG	3.513470e-03	3.049880e-05	5	true
711           	smoothSolver	5.263850e-04	4.958690e-05	10	9.113210e-03	8.458030e-04	10	4.571650e-03	4.250570e-04	10	false	GAMG	3.488750e-03	3.050940e-05	5	true
712           	smoothSolver	5.289430e-04	4.958780e-05	10	9.178170e-03	8.450400e-04	10	4.588980e-03	4.237190e-04	10	false	GAMG	3.477270e-03	3.091930e-05	5	true
713           	smoothSolver	5.316950e-04	4.966360e-05	10	9.233760e-03	8.440580e-04	10	4.608330e-03	4.229300e-04	10	false	GAMG	3.478280e-03	3.164360e-05	5	true
714           	smoothSolver	5.343610e-04	4.976040e-05	10	9.283820e-03	8.430670e-04	10	4.625890e-03	4.227770e-04	10	false	GAMG	3.484980e-03	3.227180e-05	5	true
715           	smoothSolver	5.370040e-04	4.980260e-05	10	9.331960e-03	8.423840e-04	10	4.642530e-03	4.230500e-04	10	false	GAMG	3.495560e-03	3.254180e-05	5	true
716           	smoothSolver	5.392540e-04	4.975640e-05	10	9.373240e-03	8.420460e-04	10	4.655610e-03	4.235510e-04	10	false	GAMG	3.509400e-03	3.283410e-05	5	true
717           	smoothSolver	5.411900e-04	4.965860e-05	10	9.405510e-03	8.419770e-04	10	4.667010e-03	4.240090e-04	10	false	GAMG	3.524770e-03	3.309210e-05	5	true
718           	smoothSolver	5.425460e-04	4.955770e-05	10	9.427590e-03	8.407940e-04	10	4.672240e-03	4.237040e-04	10	false	GAMG	3.539150e-03	3.311980e-05	5	true
719           	smoothSolver	5.434410e-04	4.945380e-05	10	9.427010e-03	8.376610e-04	10	4.664680e-03	4.218960e-04	10	false	GAMG	3.543950e-03	3.286900e-05	5	true
720           	smoothSolver	5.444170e-04	4.938960e-05	10	9.405020e-03	8.336380e-04	10	4.649420e-03	4.193650e-04	10	false	GAMG	3.550520e-03	3.281890e-05	5	true
721           	smoothSolver	5.455170e-04	4.942200e-05	10	9.371990e-03	8.303430e-04	10	4.626760e-03	4.172250e-04	10	false	GAMG	3.556230e-03	3.318790e-05	5	true
722           	smoothSolver	5.465000e-04	4.945420e-05	10	9.338360e-03	8.279820e-04	10	4.597690e-03	4.155220e-04	10	false	GAMG	3.567150e-03	3.361940e-05	5	true
723           	smoothSolver	5.471600e-04	4.941280e-05	10	9.304650e-03	8.263160e-04	10	4.566520e-03	4.137740e-04	10	false	GAMG	3.583520e-03	3.361520e-05	5	true
724           	smoothSolver	5.471420e-04	4.930510e-05	10	9.262060e-03	8.263010e-04	10	4.528410e-03	4.114900e-04	10	false	GAMG	3.605150e-03	3.313220e-05	5	true
725           	smoothSolver	5.464340e-04	4.915060e-05	10	9.223160e-03	8.278200e-04	10	4.487060e-03	4.087660e-04	10	false	GAMG	3.627540e-03	3.253850e-05	5	true
726           	smoothSolver	5.450840e-04	4.899950e-05	10	9.192950e-03	8.304850e-04	10	4.443950e-03	4.056710e-04	10	false	GAMG	3.650000e-03	3.233140e-05	5	true
727           	smoothSolver	5.430740e-04	4.886210e-05	10	9.171310e-03	8.337620e-04	10	4.400310e-03	4.024740e-04	10	false	GAMG	3.662920e-03	3.247680e-05	5	true
728           	smoothSolver	5.413610e-04	4.876990e-05	10	9.155890e-03	8.372930e-04	10	4.358550e-03	3.992760e-04	10	false	GAMG	3.665840e-03	3.246280e-05	5	true
729           	smoothSolver	5.399390e-04	4.875520e-05	10	9.152640e-03	8.413120e-04	10	4.321700e-03	3.967880e-04	10	false	GAMG	3.663240e-03	3.202750e-05	5	true
730           	smoothSolver	5.386140e-04	4.877950e-05	10	9.158970e-03	8.461120e-04	10	4.285460e-03	3.951300e-04	10	false	GAMG	3.650800e-03	3.166550e-05	5	true
731           	smoothSolver	5.374290e-04	4.879030e-05	10	9.173690e-03	8.520290e-04	10	4.248740e-03	3.937290e-04	10	false	GAMG	3.627790e-03	3.162670e-05	5	true
732           	smoothSolver	5.360460e-04	4.873260e-05	10	9.197820e-03	8.589600e-04	10	4.212700e-03	3.922580e-04	10	false	GAMG	3.600210e-03	3.200350e-05	5	true
733           	smoothSolver	5.346940e-04	4.859510e-05	10	9.222030e-03	8.647200e-04	10	4.180930e-03	3.908940e-04	10	false	GAMG	3.569610e-03	3.222390e-05	5	true
734           	smoothSolver	5.333400e-04	4.842490e-05	10	9.245800e-03	8.690770e-04	10	4.152980e-03	3.898590e-04	10	false	GAMG	3.532710e-03	3.178570e-05	5	true
735           	smoothSolver	5.321490e-04	4.825870e-05	10	9.277820e-03	8.734770e-04	10	4.137770e-03	3.898660e-04	10	false	GAMG	3.492530e-03	3.089830e-05	5	true
736           	smoothSolver	5.311270e-04	4.816320e-05	10	9.319030e-03	8.788310e-04	10	4.131520e-03	3.904770e-04	10	false	GAMG	3.462090e-03	3.027960e-05	5	true
737           	smoothSolver	5.300960e-04	4.816680e-05	10	9.377330e-03	8.864420e-04	10	4.132060e-03	3.918540e-04	10	false	GAMG	3.437800e-03	3.028890e-05	5	true
738           	smoothSolver	5.292360e-04	4.823630e-05	10	9.445480e-03	8.952560e-04	10	4.135340e-03	3.942480e-04	10	false	GAMG	3.423670e-03	3.064640e-05	5	true
739           	smoothSolver	5.289160e-04	4.841370e-05	10	9.511440e-03	9.041800e-04	10	4.142630e-03	3.974260e-04	10	false	GAMG	3.422800e-03	3.097150e-05	5	true
740           	smoothSolver	5.289500e-04	4.862390e-05	10	9.579330e-03	9.141190e-04	10	4.150290e-03	4.012740e-04	10	false	GAMG	3.441150e-03	3.143810e-05	5	true
741           	smoothSolver	5.289150e-04	4.878580e-05	10	9.644880e-03	9.249710e-04	10	4.156740e-03	4.050970e-04	10	false	GAMG	3.466550e-03	3.142920e-05	5	true
742           	smoothSolver	5.288570e-04	4.888740e-05	10	9.709490e-03	9.360450e-04	10	4.162490e-03	4.086790e-04	10	false	GAMG	3.492820e-03	3.105370e-05	5	true
743           	smoothSolver	5.292220e-04	4.892560e-05	10	9.777540e-03	9.460780e-04	10	4.177580e-03	4.121990e-04	10	false	GAMG	3.513570e-03	3.043020e-05	5	true
744           	smoothSolver	5.299880e-04	4.898650e-05	10	9.846410e-03	9.544140e-04	10	4.198860e-03	4.157030e-04	10	false	GAMG	3.524930e-03	2.999050e-05	5	true
745           	smoothSolver	5.310280e-04	4.914210e-05	10	9.913350e-03	9.627440e-04	10	4.227140e-03	4.192200e-04	10	false	GAMG	3.528210e-03	2.959200e-05	5	true
746           	smoothSolver	5.315900e-04	4.937930e-05	10	9.983260e-03	9.714470e-04	10	4.257510e-03	4.226650e-04	10	false	GAMG	3.521840e-03	2.911430e-05	5	true
747           	smoothSolver	5.318370e-04	4.966490e-05	10	1.006280e-02	9.802820e-04	10	4.287750e-03	4.258710e-04	10	false	GAMG	3.511590e-03	2.886390e-05	5	true
748           	smoothSolver	5.318690e-04	4.997430e-05	10	1.014700e-02	9.903750e-04	10	4.317220e-03	4.292610e-04	10	false	GAMG	3.505490e-03	2.925780e-05	5	true
749           	smoothSolver	5.318610e-04	5.023690e-05	10	1.022940e-02	1.001920e-03	10	4.344220e-03	4.329820e-04	10	false	GAMG	3.501740e-03	3.037770e-05	5	true
750           	smoothSolver	5.319060e-04	5.041430e-05	10	1.030190e-02	1.013030e-03	10	4.368370e-03	4.367840e-04	10	false	GAMG	3.481880e-03	3.078060e-05	5	true
751           	smoothSolver	5.319080e-04	5.053450e-05	10	1.036490e-02	1.021620e-03	10	4.392800e-03	3.519710e-04	11	false	GAMG	3.457600e-03	3.031670e-05	5	true
752           	smoothSolver	5.318610e-04	5.063660e-05	10	1.042500e-02	1.028060e-03	10	4.390210e-03	3.520910e-04	11	false	GAMG	3.430910e-03	2.962410e-05	5	true
753           	smoothSolver	5.316000e-04	5.068020e-05	10	1.046250e-02	1.031640e-03	10	4.393420e-03	3.522970e-04	11	false	GAMG	3.402790e-03	2.885290e-05	5	true
754           	smoothSolver	5.310090e-04	5.071530e-05	10	1.047930e-02	1.033770e-03	10	4.392390e-03	3.520390e-04	11	false	GAMG	3.376900e-03	2.872230e-05	5	true
755           	smoothSolver	5.302540e-04	5.070840e-05	10	1.050260e-02	1.036260e-03	10	4.382000e-03	3.510180e-04	11	false	GAMG	3.357790e-03	2.898300e-05	5	true
756           	smoothSolver	5.296300e-04	5.068250e-05	10	1.054070e-02	1.039690e-03	10	4.361310e-03	3.488880e-04	11	false	GAMG	3.354750e-03	2.923120e-05	5	true
757           	smoothSolver	5.288340e-04	5.063540e-05	10	1.059670e-02	1.045360e-03	10	4.333770e-03	4.327450e-04	10	false	GAMG	3.358910e-03	2.907300e-05	5	true
758           	smoothSolver	5.275160e-04	5.051120e-05	10	1.066000e-02	1.051370e-03	10	4.327250e-03	4.310440e-04	10	false	GAMG	3.372330e-03	2.915810e-05	5	true
759           	smoothSolver	5.268550e-04	5.044440e-05	10	1.072890e-02	1.057140e-03	10	4.316020e-03	4.288110e-04	10	false	GAMG	3.388590e-03	2.875700e-05	5	true
760           	smoothSolver	5.265150e-04	5.040310e-05	10	1.080480e-02	1.062900e-03	10	4.303940e-03	4.267710e-04	10	false	GAMG	3.403960e-03	2.868260e-05	5	true
761           	smoothSolver	5.264620e-04	5.038890e-05	10	1.087930e-02	1.069720e-03	10	4.298050e-03	4.253380e-04	10	false	GAMG	3.420700e-03	2.913510e-05	5	true
762           	smoothSolver	5.263310e-04	5.040190e-05	10	1.095450e-02	1.076850e-03	10	4.295640e-03	4.242670e-04	10	false	GAMG	3.436660e-03	2.941770e-05	5	true
763           	smoothSolver	5.257730e-04	5.043000e-05	10	1.100430e-02	1.082220e-03	10	4.291560e-03	4.232690e-04	10	false	GAMG	3.451000e-03	2.943240e-05	5	true
764           	smoothSolver	5.251310e-04	5.042050e-05	10	1.102250e-02	1.083400e-03	10	4.282170e-03	4.217490e-04	10	false	GAMG	3.466780e-03	2.935400e-05	5	true
765           	smoothSolver	5.245300e-04	5.035470e-05	10	1.101790e-02	1.081950e-03	10	4.270050e-03	4.199870e-04	10	false	GAMG	3.472610e-03	2.942410e-05	5	true
766           	smoothSolver	5.237650e-04	5.019050e-05	10	1.099430e-02	1.079640e-03	10	4.254550e-03	4.181830e-04	10	false	GAMG	3.471790e-03	2.966460e-05	5	true
767           	smoothSolver	5.231730e-04	4.992780e-05	10	1.096510e-02	1.076420e-03	10	4.241290e-03	4.168520e-04	10	false	GAMG	3.458800e-03	2.969180e-05	5	true
768           	smoothSolver	5.222730e-04	4.962150e-05	10	1.092840e-02	1.072020e-03	10	4.232160e-03	4.157040e-04	10	false	GAMG	3.440810e-03	2.940320e-05	5	true
769           	smoothSolver	5.211140e-04	4.936390e-05	10	1.087930e-02	1.066170e-03	10	4.226400e-03	4.144270e-04	10	false	GAMG	3.419140e-03	2.916200e-05	5	true
770           	smoothSolver	5.200330e-04	4.924410e-05	10	1.081780e-02	1.059050e-03	10	4.220820e-03	4.135010e-04	10	false	GAMG	3.399520e-03	2.946820e-05	5	true
771           	smoothSolver	5.194360e-04	4.925700e-05	10	1.075750e-02	1.051290e-03	10	4.219630e-03	4.133550e-04	10	false	GAMG	3.393580e-03	3.067110e-05	5	true
772           	smoothSolver	5.191340e-04	4.931790e-05	10	1.071670e-02	1.044260e-03	10	4.222540e-03	4.135200e-04	10	false	GAMG	3.406800e-03	3.191240e-05	5	true
773           	smoothSolver	5.193140e-04	4.934650e-05	10	1.069840e-02	1.038950e-03	10	4.225690e-03	4.132550e-04	10	false	GAMG	3.426750e-03	3.226780e-05	5	true
774           	smoothSolver	5.193130e-04	4.930280e-05	10	1.069700e-02	1.036090e-03	10	4.226590e-03	4.117380e-04	10	false	GAMG	3.449670e-03	3.223180e-05	5	true
775           	smoothSolver	5.189160e-04	4.917600e-05	10	1.072410e-02	1.035710e-03	10	4.226150e-03	4.090260e-04	10	false	GAMG	3.471010e-03	3.225460e-05	5	true
776           	smoothSolver	5.181800e-04	4.893480e-05	10	1.077700e-02	1.036400e-03	10	4.226080e-03	4.057130e-04	10	false	GAMG	3.493500e-03	3.250400e-05	5	true
777           	smoothSolver	5.171550e-04	4.863070e-05	10	1.084520e-02	1.037270e-03	10	4.228310e-03	4.025850e-04	10	false	GAMG	3.524430e-03	3.278380e-05	5	true
778           	smoothSolver	5.160160e-04	4.834410e-05	10	1.091080e-02	1.037110e-03	10	4.234510e-03	3.996900e-04	10	false	GAMG	3.566510e-03	3.323270e-05	5	true
779           	smoothSolver	5.153410e-04	4.812610e-05	10	1.096990e-02	1.035880e-03	10	4.248540e-03	3.975480e-04	10	false	GAMG	3.619420e-03	3.390530e-05	5	true
780           	smoothSolver	5.152260e-04	4.795540e-05	10	1.103020e-02	1.034360e-03	10	4.266320e-03	3.960420e-04	10	false	GAMG	3.670370e-03	3.450490e-05	5	true
781           	smoothSolver	5.153740e-04	4.784130e-05	10	1.108860e-02	1.033200e-03	10	4.286870e-03	3.955600e-04	10	false	GAMG	3.705720e-03	3.485700e-05	5	true
782           	smoothSolver	5.156000e-04	4.775460e-05	10	1.114940e-02	1.032840e-03	10	4.309780e-03	3.955260e-04	10	false	GAMG	3.726540e-03	3.543830e-05	5	true
783           	smoothSolver	5.160290e-04	4.769300e-05	10	1.120540e-02	1.032080e-03	10	4.335700e-03	3.953050e-04	10	false	GAMG	3.731660e-03	3.601310e-05	5	true
784           	smoothSolver	5.169760e-04	4.762140e-05	10	1.125100e-02	1.028730e-03	10	4.361520e-03	3.943690e-04	10	false	GAMG	3.731770e-03	3.642530e-05	5	true
785           	smoothSolver	5.187590e-04	4.756590e-05	10	1.128280e-02	1.022640e-03	10	4.390860e-03	3.929160e-04	10	false	GAMG	3.734580e-03	3.657900e-05	5	true
786           	smoothSolver	5.216170e-04	4.751610e-05	10	1.131090e-02	1.013470e-03	10	4.426480e-03	3.915090e-04	10	false	GAMG	3.746930e-03	3.633230e-05	5	true
787           	smoothSolver	5.258660e-04	4.752420e-05	10	1.133200e-02	1.001260e-03	10	4.466310e-03	3.899060e-04	10	false	GAMG	3.770440e-03	3.587190e-05	5	true
788           	smoothSolver	5.323550e-04	4.760250e-05	10	1.134480e-02	9.866790e-04	10	4.507170e-03	3.882380e-04	10	false	GAMG	3.810450e-03	3.584380e-05	5	true
789           	smoothSolver	5.404440e-04	4.771480e-05	10	1.136560e-02	9.714170e-04	10	4.549040e-03	3.864850e-04	10	false	GAMG	3.865090e-03	3.599370e-05	5	true
790           	smoothSolver	5.494270e-04	4.777140e-05	10	1.138030e-02	9.575800e-04	10	4.583450e-03	3.838750e-04	10	false	GAMG	3.928470e-03	3.618690e-05	5	true
791           	smoothSolver	5.583850e-04	4.770880e-05	10	1.139280e-02	9.466610e-04	10	4.607680e-03	3.809350e-04	10	false	GAMG	3.992850e-03	3.651380e-05	5	true
792           	smoothSolver	5.668270e-04	4.759450e-05	10	1.138480e-02	9.369370e-04	10	4.616380e-03	3.777510e-04	10	false	GAMG	4.053290e-03	3.597680e-05	5	true
793           	smoothSolver	5.742920e-04	4.747340e-05	10	1.133600e-02	9.271580e-04	10	4.612570e-03	3.745280e-04	10	false	GAMG	4.086440e-03	3.486170e-05	5	true
794           	smoothSolver	5.809650e-04	4.736100e-05	10	1.124470e-02	9.165250e-04	10	4.600150e-03	3.715830e-04	10	false	GAMG	4.108900e-03	3.378540e-05	5	true
795           	smoothSolver	5.859530e-04	4.722190e-05	10	1.110870e-02	9.036950e-04	10	4.580440e-03	3.685170e-04	10	false	GAMG	4.128500e-03	3.312920e-05	5	true
796           	smoothSolver	5.899980e-04	4.703180e-05	10	1.093270e-02	8.885290e-04	10	4.550210e-03	3.656830e-04	10	false	GAMG	4.131190e-03	3.328120e-05	5	true
797           	smoothSolver	5.930580e-04	5.888370e-05	9	1.072010e-02	8.739720e-04	10	4.509620e-03	3.632810e-04	10	false	GAMG	4.114880e-03	3.396610e-05	5	true
798           	smoothSolver	5.957360e-04	5.875800e-05	9	1.043050e-02	8.567250e-04	10	4.439120e-03	3.594560e-04	10	false	GAMG	4.117650e-03	3.413360e-05	5	true
799           	smoothSolver	5.953810e-04	5.848200e-05	9	1.014030e-02	8.430650e-04	10	4.364150e-03	3.567680e-04	10	false	GAMG	4.105620e-03	3.378620e-05	5	true
800           	smoothSolver	5.915800e-04	5.805390e-05	9	9.857730e-03	8.306420e-04	10	4.282970e-03	3.542410e-04	10	false	GAMG	4.089880e-03	3.293350e-05	5	true
801           	smoothSolver	5.848460e-04	5.757540e-05	9	9.581790e-03	8.179810e-04	10	4.197510e-03	3.515980e-04	10	false	GAMG	4.069310e-03	3.227190e-05	5	true
802           	smoothSolver	5.755580e-04	5.717470e-05	9	9.314550e-03	8.057870e-04	10	4.114440e-03	3.492550e-04	10	false	GAMG	4.045260e-03	3.182020e-05	5	true
803           	smoothSolver	5.651580e-04	4.515460e-05	10	9.072360e-03	7.942150e-04	10	4.047280e-03	3.480000e-04	10	false	GAMG	4.009090e-03	3.199830e-05	5	true
804           	smoothSolver	5.525560e-04	4.481760e-05	10	8.898460e-03	7.863580e-04	10	4.013020e-03	3.495380e-04	10	false	GAMG	3.950850e-03	3.191220e-05	5	true
805           	smoothSolver	5.407910e-04	4.454630e-05	10	8.751210e-03	7.774760e-04	10	3.988660e-03	3.513280e-04	10	false	GAMG	3.883870e-03	3.174430e-05	5	true
806           	smoothSolver	5.296070e-04	4.431180e-05	10	8.649940e-03	7.709890e-04	10	3.975160e-03	3.530930e-04	10	false	GAMG	3.817230e-03	3.153940e-05	5	true
807           	smoothSolver	5.189830e-04	4.412550e-05	10	8.595970e-03	7.668100e-04	10	3.978960e-03	3.549430e-04	10	false	GAMG	3.764600e-03	3.109690e-05	5	true
808           	smoothSolver	5.085700e-04	4.394360e-05	10	8.574080e-03	7.642140e-04	10	3.989310e-03	3.565150e-04	10	false	GAMG	3.724650e-03	3.043200e-05	5	true
809           	smoothSolver	4.986500e-04	4.378030e-05	10	8.582790e-03	7.629260e-04	10	4.000810e-03	3.574720e-04	10	false	GAMG	3.694040e-03	2.990160e-05	5	true
810           	smoothSolver	4.898300e-04	4.366580e-05	10	8.598740e-03	7.631200e-04	10	4.010890e-03	3.578990e-04	10	false	GAMG	3.673950e-03	2.956580e-05	5	true
811           	smoothSolver	4.827910e-04	4.360770e-05	10	8.614810e-03	7.636670e-04	10	4.019440e-03	3.581030e-04	10	false	GAMG	3.652030e-03	2.949200e-05	5	true
812           	smoothSolver	4.773550e-04	4.362470e-05	10	8.627400e-03	7.640460e-04	10	4.027390e-03	3.588920e-04	10	false	GAMG	3.630730e-03	2.955060e-05	5	true
813           	smoothSolver	4.738350e-04	4.372040e-05	10	8.644230e-03	7.659180e-04	10	4.034640e-03	3.603660e-04	10	false	GAMG	3.614880e-03	2.961900e-05	5	true
814           	smoothSolver	4.714240e-04	4.382120e-05	10	8.654270e-03	7.688220e-04	10	4.037570e-03	3.620140e-04	10	false	GAMG	3.595570e-03	2.985090e-05	5	true
815           	smoothSolver	4.694950e-04	4.388630e-05	10	8.650370e-03	7.713340e-04	10	4.036710e-03	3.634470e-04	10	false	GAMG	3.571660e-03	3.008320e-05	5	true
816           	smoothSolver	4.675280e-04	4.390180e-05	10	8.632290e-03	7.722940e-04	10	4.033330e-03	3.642280e-04	10	false	GAMG	3.542370e-03	3.017990e-05	5	true
817           	smoothSolver	4.658690e-04	4.392010e-05	10	8.598070e-03	7.712950e-04	10	4.026440e-03	3.648740e-04	10	false	GAMG	3.509080e-03	2.994430e-05	5	true
818           	smoothSolver	4.646390e-04	4.396340e-05	10	8.540550e-03	7.689130e-04	10	4.017040e-03	3.654980e-04	10	false	GAMG	3.473660e-03	2.960030e-05	5	true
819           	smoothSolver	4.637510e-04	4.403670e-05	10	8.471430e-03	7.659440e-04	10	4.008770e-03	3.661660e-04	10	false	GAMG	3.441750e-03	2.965290e-05	5	true
820           	smoothSolver	4.636650e-04	4.415130e-05	10	8.409730e-03	7.627930e-04	10	4.002940e-03	3.671050e-04	10	false	GAMG	3.417380e-03	3.008270e-05	5	true
821           	smoothSolver	4.642510e-04	4.427140e-05	10	8.354340e-03	7.598430e-04	10	3.998070e-03	3.679490e-04	10	false	GAMG	3.391390e-03	2.999680e-05	5	true
822           	smoothSolver	4.652770e-04	4.435180e-05	10	8.309060e-03	7.576910e-04	10	3.989670e-03	3.681210e-04	10	false	GAMG	3.364280e-03	2.969150e-05	5	true
823           	smoothSolver	4.666780e-04	4.439640e-05	10	8.280300e-03	7.564560e-04	10	3.979740e-03	3.677970e-04	10	false	GAMG	3.338850e-03	2.945180e-05	5	true
824           	smoothSolver	4.682780e-04	4.438750e-05	10	8.266840e-03	7.562670e-04	10	3.966480e-03	3.668360e-04	10	false	GAMG	3.323170e-03	2.938920e-05	5	true
825           	smoothSolver	4.700490e-04	4.433640e-05	10	8.264070e-03	7.565660e-04	10	3.951720e-03	3.654110e-04	10	false	GAMG	3.320120e-03	2.946450e-05	5	true
826           	smoothSolver	4.719820e-04	4.427140e-05	10	8.278790e-03	7.575830e-04	10	3.938270e-03	3.638910e-04	10	false	GAMG	3.326680e-03	2.958920e-05	5	true
827           	smoothSolver	4.741170e-04	4.421670e-05	10	8.302130e-03	7.590240e-04	10	3.930540e-03	3.627790e-04	10	false	GAMG	3.336810e-03	2.953160e-05	5	true
828           	smoothSolver	4.766390e-04	4.421010e-05	10	8.336930e-03	7.616570e-04	10	3.926760e-03	3.624290e-04	10	false	GAMG	3.350830e-03	2.955670e-05	5	true
829           	smoothSolver	4.793720e-04	4.428150e-05	10	8.381190e-03	7.663240e-04	10	3.928650e-03	3.628410e-04	10	false	GAMG	3.367670e-03	2.995060e-05	5	true
830           	smoothSolver	4.821770e-04	4.441310e-05	10	8.427610e-03	7.725030e-04	10	3.933310e-03	3.633330e-04	10	false	GAMG	3.381620e-03	3.173080e-05	5	true
831           	smoothSolver	4.849390e-04	4.453780e-05	10	8.467610e-03	7.781780e-04	10	3.937430e-03	3.636470e-04	10	false	GAMG	3.383030e-03	3.302740e-05	5	true
832           	smoothSolver	4.872950e-04	4.461600e-05	10	8.491620e-03	7.823210e-04	10	3.935100e-03	3.634400e-04	10	false	GAMG	3.376980e-03	3.290500e-05	5	true
833           	smoothSolver	4.893410e-04	4.466620e-05	10	8.506390e-03	7.851600e-04	10	3.930400e-03	3.631520e-04	10	false	GAMG	3.367840e-03	3.208940e-05	5	true
834           	smoothSolver	4.907860e-04	4.472950e-05	10	8.507900e-03	7.875110e-04	10	3.924400e-03	3.631540e-04	10	false	GAMG	3.363540e-03	3.084610e-05	5	true
835           	smoothSolver	4.917530e-04	4.482080e-05	10	8.500380e-03	7.902520e-04	10	3.917170e-03	3.637650e-04	10	false	GAMG	3.367040e-03	2.983040e-05	5	true
836           	smoothSolver	4.920420e-04	4.495360e-05	10	8.482020e-03	7.931920e-04	10	3.907760e-03	3.649450e-04	10	false	GAMG	3.379950e-03	2.922630e-05	5	true
837           	smoothSolver	4.923040e-04	4.511990e-05	10	8.471160e-03	7.962900e-04	10	3.902810e-03	3.664870e-04	10	false	GAMG	3.399660e-03	2.898500e-05	5	true
838           	smoothSolver	4.923350e-04	4.523680e-05	10	8.471690e-03	8.002080e-04	10	3.897430e-03	3.681840e-04	10	false	GAMG	3.420070e-03	2.916570e-05	5	true
839           	smoothSolver	4.920290e-04	4.529520e-05	10	8.481940e-03	8.056460e-04	10	3.894030e-03	3.697730e-04	10	false	GAMG	3.432560e-03	2.950040e-05	5	true
840           	smoothSolver	4.913700e-04	4.530020e-05	10	8.508120e-03	8.117770e-04	10	3.889560e-03	3.713110e-04	10	false	GAMG	3.440580e-03	2.996940e-05	5	true
841           	smoothSolver	4.903040e-04	4.528080e-05	10	8.556930e-03	8.185660e-04	10	3.890160e-03	3.729920e-04	10	false	GAMG	3.454410e-03	3.036380e-05	5	true
842           	smoothSolver	4.894520e-04	4.527560e-05	10	8.625750e-03	8.267190e-04	10	3.894810e-03	3.743750e-04	10	false	GAMG	3.475060e-03	3.051560e-05	5	true
843           	smoothSolver	4.887760e-04	4.531510e-05	10	8.705370e-03	8.349380e-04	10	3.903550e-03	3.755920e-04	10	false	GAMG	3.497210e-03	3.062700e-05	5	true
844           	smoothSolver	4.886860e-04	4.538400e-05	10	8.788260e-03	8.414940e-04	10	3.911580e-03	3.766210e-04	10	false	GAMG	3.520520e-03	3.055140e-05	5	true
845           	smoothSolver	4.891570e-04	4.544750e-05	10	8.878280e-03	8.480580e-04	10	3.921570e-03	3.776470e-04	10	false	GAMG	3.541560e-03	3.031660e-05	5	true
846           	smoothSolver	4.899780e-04	4.550540e-05	10	8.967430e-03	8.563220e-04	10	3.935970e-03	3.789880e-04	10	false	GAMG	3.565320e-03	3.014740e-05	5	true
847           	smoothSolver	4.911310e-04	4.556230e-05	10	9.058750e-03	8.661260e-04	10	3.953690e-03	3.807800e-04	10	false	GAMG	3.574980e-03	3.020270e-05	5	true
848           	smoothSolver	4.925690e-04	4.567300e-05	10	9.150350e-03	8.762310e-04	10	3.976270e-03	3.829870e-04	10	false	GAMG	3.570600e-03	3.039700e-05	5	true
849           	smoothSolver	4.942430e-04	4.584950e-05	10	9.243800e-03	8.851010e-04	10	4.004360e-03	3.854890e-04	10	false	GAMG	3.559150e-03	3.047610e-05	5	true
850           	smoothSolver	4.961780e-04	4.610100e-05	10	9.336070e-03	8.937250e-04	10	4.033570e-03	3.882300e-04	10	false	GAMG	3.551140e-03	3.031180e-05	5	true
851           	smoothSolver	4.985060e-04	4.643510e-05	10	9.420020e-03	9.025790e-04	10	4.061360e-03	3.909970e-04	10	false	GAMG	3.542940e-03	3.021610e-05	5	true
852           	smoothSolver	5.009770e-04	4.677840e-05	10	9.508530e-03	9.107030e-04	10	4.083400e-03	3.937260e-04	10	false	GAMG	3.544360e-03	3.084990e-05	5	true
853           	smoothSolver	5.036570e-04	4.705700e-05	10	9.603920e-03	9.190150e-04	10	4.104900e-03	3.962540e-04	10	false	GAMG	3.552600e-03	3.201510e-05	5	true
854           	smoothSolver	5.061160e-04	4.726030e-05	10	9.707950e-03	9.290450e-04	10	4.123390e-03	3.984580e-04	10	false	GAMG	3.570720e-03	3.237310e-05	5	true
855           	smoothSolver	5.083510e-04	4.743330e-05	10	9.820160e-03	9.415570e-04	10	4.135250e-03	4.002240e-04	10	false	GAMG	3.583610e-03	3.182510e-05	5	true
856           	smoothSolver	5.103930e-04	4.759860e-05	10	9.940630e-03	9.549400e-04	10	4.144410e-03	4.014930e-04	10	false	GAMG	3.593400e-03	3.110770e-05	5	true
857           	smoothSolver	5.124460e-04	4.778770e-05	10	1.005830e-02	9.688950e-04	10	4.151290e-03	4.025330e-04	10	false	GAMG	3.596980e-03	3.055630e-05	5	true
858           	smoothSolver	5.145810e-04	4.802370e-05	10	1.017610e-02	9.826610e-04	10	4.158550e-03	4.034050e-04	10	false	GAMG	3.594960e-03	3.013740e-05	5	true
859           	smoothSolver	5.169150e-04	4.834180e-05	10	1.028800e-02	9.948660e-04	10	4.170570e-03	4.044480e-04	10	false	GAMG	3.586700e-03	2.983460e-05	5	true
860           	smoothSolver	5.195910e-04	4.871920e-05	10	1.038030e-02	1.004650e-03	10	4.185310e-03	4.062430e-04	10	false	GAMG	3.571270e-03	2.983790e-05	5	true
861           	smoothSolver	5.230330e-04	4.919680e-05	10	1.045470e-02	1.012430e-03	10	4.205490e-03	4.088730e-04	10	false	GAMG	3.556560e-03	3.024480e-05	5	true
862           	smoothSolver	5.273260e-04	4.969380e-05	10	1.051250e-02	1.019270e-03	10	4.226150e-03	4.119760e-04	10	false	GAMG	3.541840e-03	3.099730e-05	5	true
863           	smoothSolver	5.315120e-04	5.011090e-05	10	1.055620e-02	1.025410e-03	10	4.245640e-03	4.152200e-04	10	false	GAMG	3.527020e-03	3.120630e-05	5	true
864           	smoothSolver	5.348050e-04	5.043560e-05	10	1.059090e-02	1.030420e-03	10	4.260170e-03	4.182370e-04	10	false	GAMG	3.513880e-03	3.071050e-05	5	true
865           	smoothSolver	5.372670e-04	5.072760e-05	10	1.062490e-02	1.035620e-03	10	4.274670e-03	4.210520e-04	10	false	GAMG	3.514580e-03	2.995870e-05	5	true
866           	smoothSolver	5.392220e-04	5.108010e-05	10	1.067270e-02	1.041860e-03	10	4.287790e-03	4.236810e-04	10	false	GAMG	3.522530e-03	2.947260e-05	5	true
867           	smoothSolver	5.409110e-04	5.149390e-05	10	1.073640e-02	1.049900e-03	10	4.308340e-03	4.265440e-04	10	false	GAMG	3.527400e-03	2.959970e-05	5	true
868           	smoothSolver	5.428520e-04	5.192920e-05	10	1.084020e-02	1.059150e-03	10	4.338610e-03	4.299050e-04	10	false	GAMG	3.526140e-03	3.039700e-05	5	true
869           	smoothSolver	5.448270e-04	5.237460e-05	10	1.096630e-02	1.069970e-03	10	4.377850e-03	4.331970e-04	10	false	GAMG	3.523900e-03	3.115900e-05	5	true
870           	smoothSolver	5.467490e-04	5.277280e-05	10	1.111460e-02	1.080840e-03	10	4.420070e-03	4.359810e-04	10	false	GAMG	3.522170e-03	3.147380e-05	5	true
871           	smoothSolver	5.483540e-04	5.307770e-05	10	1.126270e-02	1.091500e-03	10	4.463700e-03	4.383720e-04	10	false	GAMG	3.514840e-03	3.137600e-05	5	true
872           	smoothSolver	5.496310e-04	5.326950e-05	10	1.142470e-02	1.103180e-03	10	4.506250e-03	4.405820e-04	10	false	GAMG	3.522810e-03	3.098710e-05	5	true
873           	smoothSolver	5.509090e-04	5.338010e-05	10	1.158480e-02	1.115110e-03	10	4.547230e-03	4.429630e-04	10	false	GAMG	3.544420e-03	3.070210e-05	5	true
874           	smoothSolver	5.522290e-04	5.348180e-05	10	1.174190e-02	1.125160e-03	10	4.587610e-03	4.449150e-04	10	false	GAMG	3.577190e-03	3.052770e-05	5	true
875           	smoothSolver	5.537270e-04	5.367300e-05	10	1.187170e-02	1.132420e-03	10	4.624760e-03	4.460370e-04	10	false	GAMG	3.623890e-03	3.080920e-05	5	true
876           	smoothSolver	5.559920e-04	5.389370e-05	10	1.196710e-02	1.136110e-03	10	4.657080e-03	4.463520e-04	10	false	GAMG	3.675440e-03	3.124650e-05	5	true
877           	smoothSolver	5.590610e-04	5.408870e-05	10	1.202960e-02	1.137070e-03	10	4.685910e-03	4.463700e-04	10	false	GAMG	3.712600e-03	3.146040e-05	5	true
878           	smoothSolver	5.621410e-04	5.420770e-05	10	1.205220e-02	1.137240e-03	10	4.709080e-03	4.466660e-04	10	false	GAMG	3.735000e-03	3.165530e-05	5	true
879           	smoothSolver	5.655610e-04	5.425800e-05	10	1.204400e-02	1.136060e-03	10	4.728170e-03	4.475940e-04	10	false	GAMG	3.743880e-03	3.195200e-05	5	true
880           	smoothSolver	5.692680e-04	5.429630e-05	10	1.199920e-02	1.131280e-03	10	4.744750e-03	4.484420e-04	10	false	GAMG	3.748440e-03	3.246590e-05	5	true
881           	smoothSolver	5.732110e-04	5.434200e-05	10	1.191850e-02	1.122520e-03	10	4.758040e-03	4.488100e-04	10	false	GAMG	3.749040e-03	3.299630e-05	5	true
882           	smoothSolver	5.769010e-04	5.439130e-05	10	1.181850e-02	1.111510e-03	10	4.765830e-03	4.491630e-04	10	false	GAMG	3.749180e-03	3.345010e-05	5	true
883           	smoothSolver	5.799210e-04	5.445750e-05	10	1.171780e-02	1.101040e-03	10	4.771260e-03	4.497630e-04	10	false	GAMG	3.751790e-03	3.385300e-05	5	true
884           	smoothSolver	5.822010e-04	5.450520e-05	10	1.162910e-02	1.090960e-03	10	4.775600e-03	4.503480e-04	10	false	GAMG	3.759340e-03	3.408310e-05	5	true
885           	smoothSolver	5.839620e-04	5.448980e-05	10	1.155580e-02	1.081180e-03	10	4.776670e-03	4.507430e-04	10	false	GAMG	3.767950e-03	3.403370e-05	5	true
886           	smoothSolver	5.853800e-04	5.441840e-05	10	1.148950e-02	1.073180e-03	10	4.772890e-03	4.509490e-04	10	false	GAMG	3.775520e-03	3.384490e-05	5	true
887           	smoothSolver	5.867640e-04	5.433590e-05	10	1.143560e-02	1.067310e-03	10	4.769250e-03	4.507570e-04	10	false	GAMG	3.778050e-03	3.383400e-05	5	true
888           	smoothSolver	5.878760e-04	5.421560e-05	10	1.139590e-02	1.062730e-03	10	4.761940e-03	4.500220e-04	10	false	GAMG	3.790550e-03	3.430060e-05	5	true
889           	smoothSolver	5.887540e-04	5.409810e-05	10	1.136750e-02	1.059120e-03	10	4.754710e-03	4.488660e-04	10	false	GAMG	3.809970e-03	3.548290e-05	5	true
890           	smoothSolver	5.894730e-04	5.404750e-05	10	1.134710e-02	1.057400e-03	10	4.751370e-03	4.477580e-04	10	false	GAMG	3.844090e-03	3.660700e-05	5	true
891           	smoothSolver	5.897240e-04	5.403600e-05	10	1.133620e-02	1.057070e-03	10	4.753730e-03	4.470380e-04	10	false	GAMG	3.892380e-03	3.704990e-05	5	true
892           	smoothSolver	5.896280e-04	5.402350e-05	10	1.131400e-02	1.055480e-03	10	4.753600e-03	4.466890e-04	10	false	GAMG	3.944420e-03	3.669500e-05	5	true
893           	smoothSolver	5.893660e-04	5.398070e-05	10	1.127650e-02	1.051580e-03	10	4.749340e-03	4.462230e-04	10	false	GAMG	3.982950e-03	3.610580e-05	5	true
894           	smoothSolver	5.887330e-04	5.386890e-05	10	1.121730e-02	1.046060e-03	10	4.732600e-03	4.452800e-04	10	false	GAMG	4.005880e-03	3.556990e-05	5	true
895           	smoothSolver	5.875100e-04	5.367490e-05	10	1.112900e-02	1.039190e-03	10	4.710120e-03	4.438800e-04	10	false	GAMG	4.016690e-03	3.533510e-05	5	true
896           	smoothSolver	5.859810e-04	5.338090e-05	10	1.101120e-02	1.029300e-03	10	4.684060e-03	4.415910e-04	10	false	GAMG	4.011380e-03	3.517610e-05	5	true
897           	smoothSolver	5.839310e-04	5.301830e-05	10	1.087080e-02	1.016890e-03	10	4.660290e-03	4.383430e-04	10	false	GAMG	3.996260e-03	3.485180e-05	5	true
898           	smoothSolver	5.815860e-04	5.267200e-05	10	1.073130e-02	1.003100e-03	10	4.642770e-03	4.352930e-04	10	false	GAMG	3.988020e-03	3.473810e-05	5	true
899           	smoothSolver	5.798160e-04	5.240860e-05	10	1.059140e-02	9.889140e-04	10	4.636550e-03	4.333810e-04	10	false	GAMG	3.984240e-03	3.511310e-05	5	true
900           	smoothSolver	5.793260e-04	5.222750e-05	10	1.047060e-02	9.749430e-04	10	4.642310e-03	4.324670e-04	10	false	GAMG	3.983810e-03	3.585200e-05	5	true
901           	smoothSolver	5.795600e-04	5.211290e-05	10	1.037680e-02	9.621000e-04	10	4.658200e-03	4.319410e-04	10	false	GAMG	3.984720e-03	3.653420e-05	5	true
902           	smoothSolver	5.802670e-04	5.200990e-05	10	1.031640e-02	9.512240e-04	10	4.672670e-03	4.311220e-04	10	false	GAMG	3.988960e-03	3.706270e-05	5	true
903           	smoothSolver	5.812830e-04	5.187660e-05	10	1.028010e-02	9.428940e-04	10	4.683540e-03	4.301210e-04	10	false	GAMG	4.011770e-03	3.714100e-05	5	true
904           	smoothSolver	5.819660e-04	5.170160e-05	10	1.025420e-02	9.360550e-04	10	4.692330e-03	4.293480e-04	10	false	GAMG	4.040750e-03	3.681740e-05	5	true
905           	smoothSolver	5.832100e-04	5.151770e-05	10	1.022250e-02	9.304400e-04	10	4.700110e-03	4.285650e-04	10	false	GAMG	4.071390e-03	3.611020e-05	5	true
906           	smoothSolver	5.849890e-04	5.135280e-05	10	1.018810e-02	9.258960e-04	10	4.709010e-03	4.278270e-04	10	false	GAMG	4.082190e-03	3.550590e-05	5	true
907           	smoothSolver	5.870010e-04	5.130110e-05	10	1.013860e-02	9.216890e-04	10	4.716890e-03	4.271830e-04	10	false	GAMG	4.084720e-03	3.510790e-05	5	true
908           	smoothSolver	5.891530e-04	5.136230e-05	10	1.006730e-02	9.167590e-04	10	4.714000e-03	4.265790e-04	10	false	GAMG	4.087010e-03	3.498730e-05	5	true
909           	smoothSolver	5.914230e-04	5.147390e-05	10	9.974740e-03	9.116650e-04	10	4.700770e-03	4.263140e-04	10	false	GAMG	4.077550e-03	3.478550e-05	5	true
910           	smoothSolver	5.925660e-04	5.155490e-05	10	9.865910e-03	9.080590e-04	10	4.676230e-03	4.264910e-04	10	false	GAMG	4.054340e-03	3.458660e-05	5	true
911           	smoothSolver	5.914700e-04	5.155950e-05	10	9.733560e-03	9.040420e-04	10	4.641100e-03	4.267050e-04	10	false	GAMG	4.014700e-03	3.435890e-05	5	true
912           	smoothSolver	5.884070e-04	5.148180e-05	10	9.580990e-03	8.984300e-04	10	4.592460e-03	4.259010e-04	10	false	GAMG	3.965090e-03	3.394950e-05	5	true
913           	smoothSolver	5.832010e-04	5.133680e-05	10	9.429330e-03	8.908980e-04	10	4.542300e-03	4.236400e-04	10	false	GAMG	3.922090e-03	3.345710e-05	5	true
914           	smoothSolver	5.770000e-04	5.121130e-05	10	9.293710e-03	8.833920e-04	10	4.498190e-03	4.209610e-04	10	false	GAMG	3.893080e-03	3.310460e-05	5	true
915           	smoothSolver	5.703880e-04	5.108890e-05	10	9.184170e-03	8.762280e-04	10	4.469240e-03	4.188340e-04	10	false	GAMG	3.870710e-03	3.316580e-05	5	true
916           	smoothSolver	5.643370e-04	5.094820e-05	10	9.114100e-03	8.705220e-04	10	4.455910e-03	4.176940e-04	10	false	GAMG	3.854260e-03	3.338650e-05	5	true
917           	smoothSolver	5.592450e-04	5.083220e-05	10	9.083960e-03	8.666540e-04	10	4.453110e-03	4.174210e-04	10	false	GAMG	3.842100e-03	3.336240e-05	5	true
918           	smoothSolver	5.546940e-04	5.071410e-05	10	9.081250e-03	8.650120e-04	10	4.460240e-03	4.172260e-04	10	false	GAMG	3.830200e-03	3.331120e-05	5	true
919           	smoothSolver	5.509610e-04	5.061080e-05	10	9.102050e-03	8.654790e-04	10	4.469670e-03	4.171440e-04	10	false	GAMG	3.821930e-03	3.308380e-05	5	true
920           	smoothSolver	5.477100e-04	5.048370e-05	10	9.132660e-03	8.665550e-04	10	4.481270e-03	4.173580e-04	10	false	GAMG	3.815540e-03	3.315300e-05	5	true
921           	smoothSolver	5.448040e-04	5.034430e-05	10	9.169690e-03	8.680010e-04	10	4.494640e-03	4.179570e-04	10	false	GAMG	3.815270e-03	3.352600e-05	5	true
922           	smoothSolver	5.424520e-04	5.025460e-05	10	9.209300e-03	8.705410e-04	10	4.507420e-03	4.193800e-04	10	false	GAMG	3.817840e-03	3.400310e-05	5	true
923           	smoothSolver	5.409460e-04	5.025630e-05	10	9.250320e-03	8.744090e-04	10	4.528800e-03	4.217040e-04	10	false	GAMG	3.820330e-03	3.454380e-05	5	true
924           	smoothSolver	5.402690e-04	5.034130e-05	10	9.292190e-03	8.786120e-04	10	4.553370e-03	4.250310e-04	10	false	GAMG	3.826470e-03	3.513660e-05	5	true
925           	smoothSolver	5.405030e-04	5.052180e-05	10	9.338030e-03	8.839990e-04	10	4.580320e-03	4.291810e-04	10	false	GAMG	3.828120e-03	3.538610e-05	5	true
926           	smoothSolver	5.409470e-04	5.079040e-05	10	9.382460e-03	8.916580e-04	10	4.605990e-03	4.337870e-04	10	false	GAMG	3.824720e-03	3.523050e-05	5	true
927           	smoothSolver	5.414670e-04	5.108610e-05	10	9.419590e-03	9.002730e-04	10	4.626630e-03	4.382400e-04	10	false	GAMG	3.804940e-03	3.453370e-05	5	true
928           	smoothSolver	5.414490e-04	5.135340e-05	10	9.442630e-03	9.076760e-04	10	4.639080e-03	4.417860e-04	10	false	GAMG	3.770800e-03	3.342730e-05	5	true
929           	smoothSolver	5.409070e-04	5.156810e-05	10	9.456970e-03	9.123970e-04	10	4.644280e-03	4.441520e-04	10	false	GAMG	3.725340e-03	3.213530e-05	5	true
930           	smoothSolver	5.403450e-04	5.177710e-05	10	9.458860e-03	9.156860e-04	10	4.646260e-03	4.460890e-04	10	false	GAMG	3.678180e-03	3.121010e-05	5	true
931           	smoothSolver	5.398370e-04	5.200120e-05	10	9.460500e-03	9.194460e-04	10	4.651980e-03	4.481050e-04	10	false	GAMG	3.632610e-03	3.123110e-05	5	true
932           	smoothSolver	5.396660e-04	5.222470e-05	10	9.476940e-03	9.240410e-04	10	4.659900e-03	4.502600e-04	10	false	GAMG	3.597250e-03	3.224760e-05	5	true
933           	smoothSolver	5.402880e-04	5.239080e-05	10	9.516110e-03	9.293210e-04	10	4.671490e-03	4.521320e-04	10	false	GAMG	3.564170e-03	3.286840e-05	5	true
934           	smoothSolver	5.414320e-04	5.249010e-05	10	9.564440e-03	9.345140e-04	10	4.678660e-03	4.528230e-04	10	false	GAMG	3.538890e-03	3.243030e-05	5	true
935           	smoothSolver	5.429280e-04	5.255030e-05	10	9.633170e-03	9.401260e-04	10	4.683270e-03	4.521970e-04	10	false	GAMG	3.516940e-03	3.204250e-05	5	true
936           	smoothSolver	5.448300e-04	5.258060e-05	10	9.727820e-03	9.468440e-04	10	4.686430e-03	4.509940e-04	10	false	GAMG	3.502770e-03	3.184530e-05	5	true
937           	smoothSolver	5.473350e-04	5.263420e-05	10	9.849040e-03	9.551470e-04	10	4.692350e-03	4.498110e-04	10	false	GAMG	3.493800e-03	3.171630e-05	5	true
938           	smoothSolver	5.503180e-04	5.271490e-05	10	9.985520e-03	9.650160e-04	10	4.700240e-03	4.484150e-04	10	false	GAMG	3.498540e-03	3.155920e-05	5	true
939           	smoothSolver	5.533710e-04	5.283800e-05	10	1.013520e-02	9.759500e-04	10	4.710590e-03	4.468880e-04	10	false	GAMG	3.503620e-03	3.142600e-05	5	true
940           	smoothSolver	5.565220e-04	5.296750e-05	10	1.029980e-02	9.873360e-04	10	4.721770e-03	4.456100e-04	10	false	GAMG	3.516840e-03	3.135410e-05	5	true
941           	smoothSolver	5.595680e-04	5.304430e-05	10	1.047900e-02	9.995020e-04	10	4.735790e-03	4.447280e-04	10	false	GAMG	3.535190e-03	3.151440e-05	5	true
942           	smoothSolver	5.626120e-04	5.304450e-05	10	1.066750e-02	1.012400e-03	10	4.747630e-03	4.437490e-04	10	false	GAMG	3.550180e-03	3.221100e-05	5	true
943           	smoothSolver	5.654320e-04	5.292140e-05	10	1.085530e-02	1.024790e-03	10	4.757370e-03	4.421340e-04	10	false	GAMG	3.559690e-03	3.294290e-05	5	true
944           	smoothSolver	5.678370e-04	5.269970e-05	10	1.103130e-02	1.035040e-03	10	4.761590e-03	4.395490e-04	10	false	GAMG	3.560820e-03	3.272640e-05	5	true
945           	smoothSolver	5.701720e-04	5.246330e-05	10	1.118670e-02	1.042210e-03	10	4.759830e-03	4.361370e-04	10	false	GAMG	3.553010e-03	3.190820e-05	5	true
946           	smoothSolver	5.724350e-04	5.227030e-05	10	1.132190e-02	1.047570e-03	10	4.751940e-03	4.327480e-04	10	false	GAMG	3.549150e-03	3.102350e-05	5	true
947           	smoothSolver	5.748990e-04	5.213320e-05	10	1.143270e-02	1.052200e-03	10	4.740920e-03	4.297530e-04	10	false	GAMG	3.548260e-03	3.061470e-05	5	true
948           	smoothSolver	5.775230e-04	5.206340e-05	10	1.153000e-02	1.056320e-03	10	4.728220e-03	4.270820e-04	10	false	GAMG	3.557970e-03	3.093620e-05	5	true
949           	smoothSolver	5.805810e-04	5.201970e-05	10	1.162530e-02	1.060320e-03	10	4.720310e-03	4.249070e-04	10	false	GAMG	3.581030e-03	3.154190e-05	5	true
950           	smoothSolver	5.837690e-04	5.192340e-05	10	1.171970e-02	1.064880e-03	10	4.712590e-03	4.228150e-04	10	false	GAMG	3.613110e-03	3.210120e-05	5	true
951           	smoothSolver	5.866870e-04	5.174990e-05	10	1.181830e-02	1.070390e-03	10	4.706360e-03	4.209570e-04	10	false	GAMG	3.649670e-03	3.251290e-05	5	true
952           	smoothSolver	5.892010e-04	5.149500e-05	10	1.191960e-02	1.076750e-03	10	4.699140e-03	4.191540e-04	10	false	GAMG	3.685390e-03	3.263030e-05	5	true
953           	smoothSolver	5.911570e-04	5.118300e-05	10	1.202270e-02	1.082700e-03	10	4.690730e-03	4.171280e-04	10	false	GAMG	3.715030e-03	3.243660e-05	5	true
954           	smoothSolver	5.934880e-04	5.087940e-05	10	1.210850e-02	1.087620e-03	10	4.679710e-03	4.149300e-04	10	false	GAMG	3.742030e-03	3.210200e-05	5	true
955           	smoothSolver	5.958560e-04	5.064870e-05	10	1.216810e-02	1.089700e-03	10	4.668140e-03	4.126510e-04	10	false	GAMG	3.760880e-03	3.156690e-05	5	true
956           	smoothSolver	5.981730e-04	5.047340e-05	10	1.219430e-02	1.088230e-03	10	4.656460e-03	4.106460e-04	10	false	GAMG	3.768690e-03	3.110870e-05	5	true
957           	smoothSolver	6.004630e-04	5.035870e-05	10	1.218850e-02	1.085040e-03	10	4.644790e-03	4.094000e-04	10	false	GAMG	3.765280e-03	3.078360e-05	5	true
958           	smoothSolver	6.024010e-04	5.025900e-05	10	1.215400e-02	1.081540e-03	10	4.629000e-03	4.087160e-04	10	false	GAMG	3.762000e-03	3.096410e-05	5	true
959           	smoothSolver	6.037990e-04	5.011820e-05	10	1.208120e-02	1.077550e-03	10	4.607790e-03	4.079500e-04	10	false	GAMG	3.759830e-03	3.175640e-05	5	true
960           	smoothSolver	6.037650e-04	4.994530e-05	10	1.197490e-02	1.072550e-03	10	4.574360e-03	4.064240e-04	10	false	GAMG	3.747270e-03	3.214490e-05	5	true
961           	smoothSolver	6.021600e-04	4.974290e-05	10	1.182700e-02	1.064580e-03	10	4.530910e-03	4.041610e-04	10	false	GAMG	3.728360e-03	3.182330e-05	5	true
962           	smoothSolver	5.987110e-04	4.955790e-05	10	1.165460e-02	1.056180e-03	10	4.478120e-03	4.018450e-04	10	false	GAMG	3.708310e-03	3.148830e-05	5	true
963           	smoothSolver	5.945610e-04	4.943910e-05	10	1.147490e-02	1.048620e-03	10	4.418120e-03	3.998730e-04	10	false	GAMG	3.677650e-03	3.113890e-05	5	true
964           	smoothSolver	5.896760e-04	4.938980e-05	10	1.129840e-02	1.041980e-03	10	4.360230e-03	3.986500e-04	10	false	GAMG	3.651380e-03	3.094960e-05	5	true
965           	smoothSolver	5.839170e-04	4.934650e-05	10	1.113450e-02	1.035980e-03	10	4.312450e-03	3.980080e-04	10	false	GAMG	3.639180e-03	3.081080e-05	5	true
966           	smoothSolver	5.776450e-04	4.925080e-05	10	1.099950e-02	1.030010e-03	10	4.277140e-03	3.972810e-04	10	false	GAMG	3.638530e-03	3.081100e-05	5	true
967           	smoothSolver	5.709740e-04	4.910350e-05	10	1.088790e-02	1.023500e-03	10	4.250020e-03	3.962770e-04	10	false	GAMG	3.640110e-03	3.096770e-05	5	true
968           	smoothSolver	5.637740e-04	4.889950e-05	10	1.078900e-02	1.016080e-03	10	4.230110e-03	3.950590e-04	10	false	GAMG	3.640060e-03	3.102250e-05	5	true
969           	smoothSolver	5.565950e-04	4.869600e-05	10	1.071690e-02	1.008600e-03	10	4.220140e-03	3.937750e-04	10	false	GAMG	3.639350e-03	3.096390e-05	5	true
970           	smoothSolver	5.498860e-04	4.854970e-05	10	1.066960e-02	1.001200e-03	10	4.221200e-03	3.928560e-04	10	false	GAMG	3.644750e-03	3.069180e-05	5	true
971           	smoothSolver	5.433490e-04	4.849710e-05	10	1.064060e-02	9.934320e-04	10	4.235400e-03	3.925870e-04	10	false	GAMG	3.641970e-03	3.047540e-05	5	true
972           	smoothSolver	5.373890e-04	4.855580e-05	10	1.062360e-02	9.857190e-04	10	4.257630e-03	3.934330e-04	10	false	GAMG	3.637640e-03	3.003900e-05	5	true
973           	smoothSolver	5.325810e-04	4.873220e-05	10	1.060740e-02	9.795720e-04	10	4.288610e-03	3.954860e-04	10	false	GAMG	3.628520e-03	2.950320e-05	5	true
974           	smoothSolver	5.288920e-04	4.897300e-05	10	1.059400e-02	9.768800e-04	10	4.322580e-03	3.985950e-04	10	false	GAMG	3.612090e-03	2.932560e-05	5	true
975           	smoothSolver	5.263350e-04	4.918010e-05	10	1.059090e-02	9.772960e-04	10	4.361770e-03	4.022340e-04	10	false	GAMG	3.591890e-03	2.956510e-05	5	true
976           	smoothSolver	5.248110e-04	4.931110e-05	10	1.059770e-02	9.791950e-04	10	4.400770e-03	4.059350e-04	10	false	GAMG	3.577420e-03	3.041220e-05	5	true
977           	smoothSolver	5.241160e-04	4.937460e-05	10	1.062110e-02	9.824480e-04	10	4.438580e-03	4.095180e-04	10	false	GAMG	3.564350e-03	3.104560e-05	5	true
978           	smoothSolver	5.244140e-04	4.943950e-05	10	1.066860e-02	9.875740e-04	10	4.476000e-03	4.132340e-04	10	false	GAMG	3.553100e-03	3.180960e-05	5	true
979           	smoothSolver	5.254760e-04	4.956920e-05	10	1.073830e-02	9.943480e-04	10	4.518080e-03	4.169740e-04	10	false	GAMG	3.548830e-03	3.184120e-05	5	true
980           	smoothSolver	5.274260e-04	4.979700e-05	10	1.082350e-02	1.002650e-03	10	4.559530e-03	4.207620e-04	10	false	GAMG	3.560480e-03	3.161980e-05	5	true
981           	smoothSolver	5.304150e-04	5.010690e-05	10	1.091550e-02	1.011240e-03	10	4.603610e-03	4.246920e-04	10	false	GAMG	3.570310e-03	3.196130e-05	5	true
982           	smoothSolver	5.344440e-04	5.047560e-05	10	1.101370e-02	1.020230e-03	10	4.647320e-03	4.286880e-04	10	false	GAMG	3.578410e-03	3.248500e-05	5	true
983           	smoothSolver	5.388080e-04	5.083640e-05	10	1.111720e-02	1.029490e-03	10	4.693690e-03	4.326430e-04	10	false	GAMG	3.583630e-03	3.266390e-05	5	true
984           	smoothSolver	5.431980e-04	5.117780e-05	10	1.122730e-02	1.038540e-03	10	4.737680e-03	4.363560e-04	10	false	GAMG	3.597610e-03	3.226880e-05	5	true
985           	smoothSolver	5.472390e-04	5.147930e-05	10	1.133770e-02	1.047900e-03	10	4.781940e-03	4.398730e-04	10	false	GAMG	3.619200e-03	3.183370e-05	5	true
986           	smoothSolver	5.513610e-04	5.173920e-05	10	1.146570e-02	1.058250e-03	10	4.826270e-03	4.433290e-04	10	false	GAMG	3.651630e-03	3.178680e-05	5	true
987           	smoothSolver	5.555610e-04	5.201790e-05	10	1.160810e-02	1.068990e-03	10	4.870670e-03	4.467490e-04	10	false	GAMG	3.688800e-03	3.200800e-05	5	true
988           	smoothSolver	5.601510e-04	5.231200e-05	10	1.176380e-02	1.080290e-03	10	4.913800e-03	4.500190e-04	10	false	GAMG	3.731900e-03	3.226480e-05	5	true
989           	smoothSolver	5.651390e-04	5.261040e-05	10	1.192860e-02	1.092800e-03	10	4.959800e-03	4.533480e-04	10	false	GAMG	3.781300e-03	3.246940e-05	5	true
990           	smoothSolver	5.703480e-04	5.291230e-05	10	1.210170e-02	1.107740e-03	10	5.003210e-03	4.565560e-04	10	false	GAMG	3.823740e-03	3.252680e-05	5	true
991           	smoothSolver	5.757150e-04	5.317800e-05	10	1.228390e-02	1.124890e-03	10	5.042470e-03	4.594090e-04	10	false	GAMG	3.854600e-03	3.240140e-05	5	true
992           	smoothSolver	5.812460e-04	5.339350e-05	10	1.246880e-02	1.142700e-03	10	5.075300e-03	4.617870e-04	10	false	GAMG	3.877470e-03	3.216090e-05	5	true
993           	smoothSolver	5.865290e-04	5.358390e-05	10	1.264970e-02	1.160040e-03	10	5.103480e-03	4.636310e-04	10	false	GAMG	3.894720e-03	3.198310e-05	5	true
994           	smoothSolver	5.912520e-04	5.377850e-05	10	1.282360e-02	1.176160e-03	10	5.125540e-03	4.647500e-04	10	false	GAMG	3.913770e-03	3.175040e-05	5	true
995           	smoothSolver	5.958380e-04	5.400700e-05	10	1.299620e-02	1.192240e-03	10	5.145630e-03	4.657170e-04	10	false	GAMG	3.936910e-03	3.218950e-05	5	true
996           	smoothSolver	6.000430e-04	5.424770e-05	10	1.317240e-02	1.207690e-03	10	5.165530e-03	4.669240e-04	10	false	GAMG	3.967200e-03	3.353560e-05	5	true
997           	smoothSolver	6.041250e-04	5.444610e-05	10	1.333360e-02	1.220670e-03	10	5.189110e-03	4.686040e-04	10	false	GAMG	3.995760e-03	3.506300e-05	5	true
998           	smoothSolver	6.082670e-04	5.457480e-05	10	1.340210e-02	1.224260e-03	10	5.218230e-03	4.704410e-04	10	false	GAMG	4.026100e-03	3.607770e-05	5	true
999           	smoothSolver	6.131650e-04	5.464340e-05	10	1.341260e-02	1.220220e-03	10	5.251680e-03	4.717780e-04	10	false	GAMG	4.061470e-03	3.628310e-05	5	true
1000          	smoothSolver	6.184190e-04	5.465660e-05	10	1.341190e-02	1.213560e-03	10	5.280430e-03	4.722640e-04	10	false	GAMG	4.103090e-03	3.620550e-05	5	true
1001          	smoothSolver	6.237810e-04	5.461780e-05	10	1.341600e-02	1.205780e-03	10	5.303630e-03	4.721630e-04	10	false	GAMG	4.144380e-03	3.596710e-05	5	true
1002          	smoothSolver	6.286400e-04	5.453580e-05	10	1.340450e-02	1.198550e-03	10	5.323810e-03	4.716840e-04	10	false	GAMG	4.181180e-03	3.572810e-05	5	true
1003          	smoothSolver	6.330940e-04	5.442270e-05	10	1.337510e-02	1.190070e-03	10	5.335020e-03	4.709700e-04	10	false	GAMG	4.210030e-03	3.565640e-05	5	true
1004          	smoothSolver	6.367720e-04	5.435130e-05	10	1.330130e-02	1.179830e-03	10	5.333350e-03	4.699400e-04	10	false	GAMG	4.242210e-03	3.578850e-05	5	true
1005          	smoothSolver	6.396630e-04	5.434470e-05	10	1.318750e-02	1.167330e-03	10	5.322490e-03	4.684570e-04	10	false	GAMG	4.271030e-03	3.607220e-05	5	true
1006          	smoothSolver	6.420490e-04	5.441150e-05	10	1.301870e-02	1.153410e-03	10	5.296190e-03	4.664100e-04	10	false	GAMG	4.307170e-03	3.646000e-05	5	true
1007          	smoothSolver	6.440950e-04	5.445550e-05	10	1.280340e-02	1.138770e-03	10	5.256760e-03	4.635410e-04	10	false	GAMG	4.339330e-03	3.684750e-05	5	true
1008          	smoothSolver	6.455460e-04	5.441820e-05	10	1.255080e-02	1.122470e-03	10	5.207120e-03	4.600490e-04	10	false	GAMG	4.355960e-03	3.752570e-05	5	true
1009          	smoothSolver	6.461780e-04	5.430760e-05	10	1.226500e-02	1.104710e-03	10	5.154010e-03	4.567860e-04	10	false	GAMG	4.351370e-03	3.755710e-05	5	true
1010          	smoothSolver	6.455440e-04	5.414230e-05	10	1.195520e-02	1.085380e-03	10	5.096320e-03	4.537920e-04	10	false	GAMG	4.346800e-03	3.733780e-05	5	true
1011          	smoothSolver	6.436540e-04	5.399560e-05	10	1.163260e-02	1.064780e-03	10	5.036760e-03	4.508440e-04	10	false	GAMG	4.342800e-03	3.650030e-05	5	true
1012          	smoothSolver	6.404830e-04	5.394850e-05	10	1.130510e-02	1.044490e-03	10	4.977110e-03	4.482810e-04	10	false	GAMG	4.345590e-03	3.566780e-05	5	true
1013          	smoothSolver	6.359860e-04	5.395510e-05	10	1.099130e-02	1.024930e-03	10	4.920550e-03	4.465780e-04	10	false	GAMG	4.338330e-03	3.503640e-05	5	true
1014          	smoothSolver	6.302490e-04	5.394180e-05	10	1.069770e-02	1.005370e-03	10	4.862760e-03	4.455810e-04	10	false	GAMG	4.312340e-03	3.457920e-05	5	true
1015          	smoothSolver	6.242920e-04	5.387220e-05	10	1.042980e-02	9.863300e-04	10	4.809910e-03	4.448170e-04	10	false	GAMG	4.286530e-03	3.437500e-05	5	true
1016          	smoothSolver	6.188460e-04	5.371900e-05	10	1.019470e-02	9.694760e-04	10	4.759820e-03	4.441480e-04	10	false	GAMG	4.251750e-03	3.465360e-05	5	true
1017          	smoothSolver	6.140560e-04	5.352730e-05	10	1.000470e-02	9.548080e-04	10	4.723620e-03	4.434140e-04	10	false	GAMG	4.222850e-03	3.471120e-05	5	true
1018          	smoothSolver	6.098170e-04	5.338830e-05	10	9.855640e-03	9.419810e-04	10	4.699230e-03	4.428220e-04	10	false	GAMG	4.209720e-03	3.485580e-05	5	true
1019          	smoothSolver	6.060620e-04	5.333170e-05	10	9.736160e-03	9.298010e-04	10	4.691750e-03	4.426650e-04	10	false	GAMG	4.205520e-03	3.516260e-05	5	true
1020          	smoothSolver	6.033210e-04	5.333810e-05	10	9.637380e-03	9.184510e-04	10	4.691380e-03	4.429480e-04	10	false	GAMG	4.205730e-03	3.537300e-05	5	true
1021          	smoothSolver	6.009410e-04	5.337630e-05	10	9.554910e-03	9.088020e-04	10	4.696150e-03	4.437490e-04	10	false	GAMG	4.206690e-03	3.607340e-05	5	true
1022          	smoothSolver	5.987690e-04	5.341160e-05	10	9.477950e-03	9.008420e-04	10	4.697470e-03	4.449260e-04	10	false	GAMG	4.203450e-03	3.674570e-05	5	true
1023          	smoothSolver	5.970550e-04	5.345410e-05	10	9.413420e-03	8.948850e-04	10	4.693050e-03	4.457920e-04	10	false	GAMG	4.184060e-03	3.688530e-05	5	true
1024          	smoothSolver	5.958830e-04	5.343760e-05	10	9.363130e-03	8.895980e-04	10	4.684390e-03	4.457860e-04	10	false	GAMG	4.157090e-03	3.707330e-05	5	true
1025          	smoothSolver	5.956920e-04	5.335680e-05	10	9.331250e-03	8.842340e-04	10	4.683100e-03	4.449350e-04	10	false	GAMG	4.137820e-03	3.729450e-05	5	true
1026          	smoothSolver	5.965530e-04	5.322500e-05	10	9.315150e-03	8.781280e-04	10	4.691560e-03	4.434090e-04	10	false	GAMG	4.128530e-03	3.733280e-05	5	true
1027          	smoothSolver	5.972720e-04	5.311840e-05	10	9.316450e-03	8.716970e-04	10	4.715180e-03	4.417750e-04	10	false	GAMG	4.124660e-03	3.705710e-05	5	true
1028          	smoothSolver	5.971710e-04	5.310260e-05	10	9.331350e-03	8.661770e-04	10	4.746730e-03	4.406680e-04	10	false	GAMG	4.137700e-03	3.678940e-05	5	true
1029          	smoothSolver	5.961640e-04	5.314920e-05	10	9.359150e-03	8.623540e-04	10	4.784620e-03	4.407080e-04	10	false	GAMG	4.166980e-03	3.682980e-05	5	true
1030          	smoothSolver	5.944760e-04	5.327510e-05	10	9.391420e-03	8.598330e-04	10	4.826070e-03	4.421230e-04	10	false	GAMG	4.208020e-03	3.700260e-05	5	true
1031          	smoothSolver	5.918570e-04	5.339810e-05	10	9.429710e-03	8.586810e-04	10	4.869330e-03	4.445950e-04	10	false	GAMG	4.237280e-03	3.697110e-05	5	true
1032          	smoothSolver	5.889580e-04	5.349860e-05	10	9.475110e-03	8.596040e-04	10	4.912020e-03	4.475340e-04	10	false	GAMG	4.265450e-03	3.674830e-05	5	true
1033          	smoothSolver	5.866060e-04	5.359870e-05	10	9.522020e-03	8.624700e-04	10	4.950500e-03	4.506200e-04	10	false	GAMG	4.283290e-03	3.654370e-05	5	true
1034          	smoothSolver	5.844180e-04	5.366190e-05	10	9.571390e-03	8.672580e-04	10	4.983560e-03	4.534770e-04	10	false	GAMG	4.293630e-03	3.650890e-05	5	true
1035          	smoothSolver	5.829500e-04	5.370050e-05	10	9.627030e-03	8.736150e-04	10	5.009650e-03	4.558020e-04	10	false	GAMG	4.289660e-03	3.646470e-05	5	true
1036          	smoothSolver	5.819630e-04	5.374310e-05	10	9.679570e-03	8.805740e-04	10	5.032760e-03	4.575620e-04	10	false	GAMG	4.276220e-03	3.638040e-05	5	true
1037          	smoothSolver	5.811880e-04	5.378450e-05	10	9.736020e-03	8.866390e-04	10	5.054670e-03	4.588960e-04	10	false	GAMG	4.263530e-03	3.628530e-05	5	true
1038          	smoothSolver	5.809010e-04	5.386180e-05	10	9.789860e-03	8.924190e-04	10	5.070410e-03	4.603000e-04	10	false	GAMG	4.249610e-03	3.614690e-05	5	true
1039          	smoothSolver	5.807310e-04	5.396830e-05	10	9.848450e-03	8.998210e-04	10	5.086930e-03	4.620910e-04	10	false	GAMG	4.226180e-03	3.612860e-05	5	true
1040          	smoothSolver	5.800990e-04	5.405120e-05	10	9.899790e-03	9.076010e-04	10	5.095970e-03	4.639210e-04	10	false	GAMG	4.202060e-03	3.609740e-05	5	true
1041          	smoothSolver	5.790470e-04	5.408970e-05	10	9.945080e-03	9.138630e-04	10	5.102770e-03	4.653520e-04	10	false	GAMG	4.175300e-03	3.590810e-05	5	true
1042          	smoothSolver	5.782140e-04	5.406670e-05	10	9.981780e-03	9.183540e-04	10	5.102920e-03	4.657460e-04	10	false	GAMG	4.141380e-03	3.580050e-05	5	true
1043          	smoothSolver	5.778500e-04	5.405770e-05	10	1.001800e-02	9.223010e-04	10	5.101690e-03	4.654610e-04	10	false	GAMG	4.096250e-03	3.582630e-05	5	true
1044          	smoothSolver	5.783080e-04	5.407800e-05	10	1.006320e-02	9.262310e-04	10	5.101790e-03	4.648150e-04	10	false	GAMG	4.046860e-03	3.599260e-05	5	true
1045          	smoothSolver	5.794840e-04	5.411240e-05	10	1.012570e-02	9.302630e-04	10	5.108170e-03	4.639560e-04	10	false	GAMG	4.000360e-03	3.643930e-05	5	true
1046          	smoothSolver	5.814930e-04	5.415760e-05	10	1.021100e-02	9.346590e-04	10	5.114210e-03	4.631460e-04	10	false	GAMG	3.969690e-03	3.657340e-05	5	true
1047          	smoothSolver	5.836110e-04	5.423100e-05	10	1.031660e-02	9.412030e-04	10	5.119000e-03	4.622860e-04	10	false	GAMG	3.956570e-03	3.644790e-05	5	true
1048          	smoothSolver	5.866050e-04	5.434140e-05	10	1.044540e-02	9.501760e-04	10	5.123210e-03	4.615770e-04	10	false	GAMG	3.961120e-03	3.619140e-05	5	true
1049          	smoothSolver	5.900660e-04	5.445950e-05	10	1.059480e-02	9.614510e-04	10	5.127760e-03	4.607820e-04	10	false	GAMG	3.972810e-03	3.619390e-05	5	true
1050          	smoothSolver	5.942540e-04	5.455560e-05	10	1.076020e-02	9.747150e-04	10	5.134310e-03	4.602140e-04	10	false	GAMG	3.987780e-03	3.664090e-05	5	true
1051          	smoothSolver	5.988880e-04	5.466300e-05	10	1.093900e-02	9.891100e-04	10	5.149720e-03	4.604570e-04	10	false	GAMG	3.995500e-03	3.762790e-05	5	true
1052          	smoothSolver	6.036140e-04	5.476280e-05	10	1.112300e-02	1.003470e-03	10	5.168840e-03	4.612800e-04	10	false	GAMG	4.001770e-03	3.900630e-05	5	true
1053          	smoothSolver	6.083610e-04	5.481550e-05	10	1.130020e-02	1.016390e-03	10	5.190560e-03	4.625270e-04	10	false	GAMG	4.000840e-03	3.962810e-05	5	true
1054          	smoothSolver	6.131090e-04	5.482600e-05	10	1.145380e-02	1.027560e-03	10	5.207960e-03	4.635430e-04	10	false	GAMG	4.001440e-03	3.949140e-05	5	true
1055          	smoothSolver	6.174470e-04	5.480520e-05	10	1.158790e-02	1.037660e-03	10	5.221430e-03	4.642960e-04	10	false	GAMG	3.994530e-03	3.866840e-05	5	true
1056          	smoothSolver	6.209970e-04	5.479150e-05	10	1.169620e-02	1.046760e-03	10	5.229340e-03	4.651640e-04	10	false	GAMG	3.986310e-03	3.768630e-05	5	true
1057          	smoothSolver	6.238350e-04	5.477110e-05	10	1.176800e-02	1.054330e-03	10	5.232000e-03	4.658340e-04	10	false	GAMG	3.976330e-03	3.627130e-05	5	true
1058          	smoothSolver	6.261020e-04	5.473070e-05	10	1.179860e-02	1.059250e-03	10	5.221430e-03	4.659900e-04	10	false	GAMG	3.964720e-03	3.500200e-05	5	true
1059          	smoothSolver	6.281580e-04	5.470760e-05	10	1.179250e-02	1.062270e-03	10	5.201280e-03	4.656170e-04	10	false	GAMG	3.946950e-03	3.405500e-05	5	true
1060          	smoothSolver	6.296460e-04	5.470760e-05	10	1.176530e-02	1.064610e-03	10	5.170680e-03	4.648660e-04	10	false	GAMG	3.932940e-03	3.383760e-05	5	true
1061          	smoothSolver	6.306340e-04	5.472830e-05	10	1.172900e-02	1.066970e-03	10	5.137060e-03	4.639300e-04	10	false	GAMG	3.921450e-03	3.450370e-05	5	true
1062          	smoothSolver	6.312100e-04	5.476610e-05	10	1.169050e-02	1.069830e-03	10	5.094440e-03	4.625190e-04	10	false	GAMG	3.917820e-03	3.525790e-05	5	true
1063          	smoothSolver	6.312080e-04	5.479060e-05	10	1.166200e-02	1.074450e-03	10	5.045910e-03	4.606250e-04	10	false	GAMG	3.915330e-03	3.484810e-05	5	true
1064          	smoothSolver	6.309800e-04	5.477160e-05	10	1.165590e-02	1.080950e-03	10	4.994620e-03	4.584400e-04	10	false	GAMG	3.913490e-03	3.366930e-05	5	true
1065          	smoothSolver	6.300950e-04	5.472040e-05	10	1.167380e-02	1.090340e-03	10	4.946470e-03	4.559300e-04	10	false	GAMG	3.909190e-03	3.264640e-05	5	true
1066          	smoothSolver	6.288720e-04	5.469610e-05	10	1.172110e-02	1.102170e-03	10	4.901310e-03	4.535430e-04	10	false	GAMG	3.910640e-03	3.186690e-05	5	true
1067          	smoothSolver	6.276530e-04	5.475640e-05	10	1.177870e-02	1.115480e-03	10	4.864910e-03	4.518860e-04	10	false	GAMG	3.911380e-03	3.142620e-05	5	true
1068          	smoothSolver	6.264280e-04	5.484720e-05	10	1.185580e-02	1.128870e-03	10	4.832550e-03	4.507550e-04	10	false	GAMG	3.916740e-03	3.126490e-05	5	true
1069          	smoothSolver	6.251420e-04	5.496360e-05	10	1.194640e-02	1.142360e-03	10	4.808850e-03	4.504520e-04	10	false	GAMG	3.921690e-03	3.139760e-05	5	true
1070          	smoothSolver	6.240140e-04	5.507870e-05	10	1.204930e-02	1.156300e-03	10	4.790340e-03	4.511360e-04	10	false	GAMG	3.919430e-03	3.183070e-05	5	true
1071          	smoothSolver	6.229350e-04	5.518120e-05	10	1.215150e-02	1.170790e-03	10	4.779370e-03	4.520910e-04	10	false	GAMG	3.917510e-03	3.198290e-05	5	true
1072          	smoothSolver	6.212620e-04	5.521250e-05	10	1.224330e-02	1.184290e-03	10	4.766260e-03	4.528010e-04	10	false	GAMG	3.907290e-03	3.177260e-05	5	true
1073          	smoothSolver	6.195930e-04	5.520890e-05	10	1.229680e-02	1.195170e-03	10	4.754350e-03	4.532510e-04	10	false	GAMG	3.874650e-03	3.162060e-05	5	true
1074          	smoothSolver	6.179880e-04	5.523090e-05	10	1.229320e-02	1.200990e-03	10	4.741340e-03	4.537490e-04	10	false	GAMG	3.839480e-03	3.158180e-05	5	true
1075          	smoothSolver	6.164800e-04	5.529530e-05	10	1.227400e-02	1.205300e-03	10	4.734340e-03	4.546020e-04	10	false	GAMG	3.806800e-03	3.173050e-05	5	true
1076          	smoothSolver	6.151650e-04	5.540770e-05	10	1.225070e-02	1.208810e-03	10	4.734620e-03	4.558240e-04	10	false	GAMG	3.780030e-03	3.208510e-05	5	true
1077          	smoothSolver	6.144000e-04	5.554430e-05	10	1.222490e-02	1.209550e-03	10	4.739550e-03	4.573870e-04	10	false	GAMG	3.766040e-03	3.226330e-05	5	true
1078          	smoothSolver	6.133710e-04	5.566250e-05	10	1.219430e-02	1.206150e-03	10	4.744260e-03	4.585920e-04	10	false	GAMG	3.763530e-03	3.238010e-05	5	true
1079          	smoothSolver	6.118270e-04	5.574300e-05	10	1.214250e-02	1.199580e-03	10	4.754450e-03	4.594100e-04	10	false	GAMG	3.771000e-03	3.275810e-05	5	true
1080          	smoothSolver	6.099630e-04	5.578500e-05	10	1.208450e-02	1.191200e-03	10	4.767720e-03	4.601080e-04	10	false	GAMG	3.781620e-03	3.321800e-05	5	true
1081          	smoothSolver	6.081510e-04	5.583250e-05	10	1.202300e-02	1.182380e-03	10	4.785990e-03	4.610100e-04	10	false	GAMG	3.790360e-03	3.324530e-05	5	true
1082          	smoothSolver	6.066590e-04	5.593350e-05	10	1.195360e-02	1.174150e-03	10	4.807880e-03	4.620910e-04	10	false	GAMG	3.797130e-03	3.265280e-05	5	true
1083          	smoothSolver	6.052370e-04	5.609210e-05	10	1.188020e-02	1.166030e-03	10	4.836630e-03	4.638560e-04	10	false	GAMG	3.792860e-03	3.270880e-05	5	true
1084          	smoothSolver	6.039500e-04	5.625910e-05	10	1.180310e-02	1.157690e-03	10	4.865190e-03	4.661780e-04	10	false	GAMG	3.784430e-03	3.232810e-05	5	true
1085          	smoothSolver	6.026260e-04	5.639700e-05	10	1.173770e-02	1.150210e-03	10	4.893280e-03	4.687310e-04	10	false	GAMG	3.771510e-03	3.229690e-05	5	true
1086          	smoothSolver	6.013380e-04	5.651070e-05	10	1.169100e-02	1.144940e-03	10	4.919180e-03	4.716190e-04	10	false	GAMG	3.760060e-03	3.243530e-05	5	true
1087          	smoothSolver	6.004410e-04	5.659490e-05	10	1.165850e-02	1.142170e-03	10	4.944890e-03	4.744690e-04	10	false	GAMG	3.742950e-03	3.273820e-05	5	true
1088          	smoothSolver	5.998850e-04	5.662800e-05	10	1.165020e-02	1.141070e-03	10	4.968640e-03	4.766110e-04	10	false	GAMG	3.726640e-03	3.320900e-05	5	true
1089          	smoothSolver	5.995820e-04	5.659740e-05	10	1.166940e-02	1.142260e-03	10	4.989660e-03	4.778660e-04	10	false	GAMG	3.716750e-03	3.398300e-05	5	true
1090          	smoothSolver	5.996660e-04	5.658470e-05	10	1.172880e-02	1.146270e-03	10	5.009200e-03	4.787860e-04	10	false	GAMG	3.718310e-03	3.425340e-05	5	true
1091          	smoothSolver	6.000770e-04	5.663550e-05	10	1.182260e-02	1.153700e-03	10	5.030620e-03	4.796380e-04	10	false	GAMG	3.718910e-03	3.425180e-05	5	true
1092          	smoothSolver	6.003430e-04	5.674380e-05	10	1.195530e-02	1.163610e-03	10	5.051990e-03	4.805740e-04	10	false	GAMG	3.719290e-03	3.404180e-05	5	true
1093          	smoothSolver	6.005860e-04	5.685870e-05	10	1.210890e-02	1.174610e-03	10	5.079560e-03	4.818360e-04	10	false	GAMG	3.716280e-03	3.368710e-05	5	true
1094          	smoothSolver	6.005810e-04	5.692150e-05	10	1.228580e-02	1.186790e-03	10	5.111660e-03	4.832400e-04	10	false	GAMG	3.719950e-03	3.345560e-05	5	true
1095          	smoothSolver	6.003810e-04	5.690450e-05	10	1.247940e-02	1.200090e-03	10	5.148280e-03	4.845760e-04	10	false	GAMG	3.730160e-03	3.322730e-05	5	true
1096          	smoothSolver	5.999550e-04	5.680760e-05	10	1.268130e-02	1.213830e-03	10	5.184050e-03	4.859090e-04	10	false	GAMG	3.749450e-03	3.312480e-05	5	true
1097          	smoothSolver	5.995600e-04	5.666650e-05	10	1.288600e-02	1.227400e-03	10	5.220670e-03	4.870500e-04	10	false	GAMG	3.775760e-03	3.324250e-05	5	true
1098          	smoothSolver	5.992690e-04	5.650670e-05	10	1.309780e-02	1.241330e-03	10	5.254190e-03	4.878690e-04	10	false	GAMG	3.804740e-03	3.328170e-05	5	true
1099          	smoothSolver	5.996550e-04	5.638460e-05	10	1.331030e-02	1.256370e-03	10	5.289690e-03	4.887410e-04	10	false	GAMG	3.837110e-03	3.352910e-05	5	true
1100          	smoothSolver	6.009630e-04	5.631390e-05	10	1.352180e-02	1.271520e-03	10	5.325230e-03	4.900280e-04	10	false	GAMG	3.874380e-03	3.387530e-05	5	true
1101          	smoothSolver	6.032310e-04	5.631330e-05	10	1.374940e-02	1.286700e-03	10	5.361750e-03	4.916850e-04	10	false	GAMG	3.914600e-03	3.389690e-05	5	true
1102          	smoothSolver	6.066220e-04	5.639210e-05	10	1.398090e-02	1.303000e-03	10	5.399350e-03	4.935940e-04	10	false	GAMG	3.958440e-03	3.371060e-05	5	true
1103          	smoothSolver	6.103540e-04	5.654950e-05	10	1.421780e-02	1.320040e-03	10	5.438610e-03	4.951750e-04	10	false	GAMG	4.002410e-03	3.371860e-05	5	true
1104          	smoothSolver	6.148280e-04	5.674100e-05	10	1.445700e-02	1.335870e-03	10	5.475400e-03	4.958770e-04	10	false	GAMG	4.048630e-03	3.413550e-05	5	true
1105          	smoothSolver	6.200820e-04	5.687900e-05	10	1.469650e-02	1.348430e-03	10	5.513040e-03	4.958570e-04	10	false	GAMG	4.097070e-03	3.491470e-05	5	true
1106          	smoothSolver	6.266940e-04	5.695290e-05	10	1.494000e-02	1.356610e-03	10	5.554940e-03	4.950210e-04	10	false	GAMG	4.154150e-03	3.588820e-05	5	true
1107          	smoothSolver	6.343930e-04	5.698160e-05	10	1.513970e-02	1.356440e-03	10	5.597530e-03	4.932560e-04	10	false	GAMG	4.209470e-03	3.698610e-05	5	true
1108          	smoothSolver	6.432390e-04	5.700140e-05	10	1.514210e-02	1.338470e-03	10	5.637220e-03	4.914160e-04	10	false	GAMG	4.279460e-03	3.807720e-05	5	true
1109          	smoothSolver	6.520490e-04	5.699860e-05	10	1.509150e-02	1.316170e-03	10	5.676180e-03	4.895180e-04	10	false	GAMG	4.368530e-03	3.867960e-05	5	true
1110          	smoothSolver	6.602110e-04	5.693690e-05	10	1.499960e-02	1.293300e-03	10	5.705640e-03	4.873730e-04	10	false	GAMG	4.461470e-03	3.881230e-05	5	true
1111          	smoothSolver	6.670890e-04	5.683110e-05	10	1.486110e-02	1.271690e-03	10	5.723510e-03	4.851410e-04	10	false	GAMG	4.539050e-03	3.894360e-05	5	true
1112          	smoothSolver	6.731580e-04	5.670340e-05	10	1.467720e-02	1.251140e-03	10	5.724460e-03	4.824290e-04	10	false	GAMG	4.600590e-03	3.891790e-05	5	true
1113          	smoothSolver	6.777000e-04	5.652040e-05	10	1.444790e-02	1.231540e-03	10	5.703930e-03	4.792110e-04	10	false	GAMG	4.637240e-03	3.883520e-05	5	true
1114          	smoothSolver	6.814230e-04	5.625110e-05	10	1.416960e-02	1.212620e-03	10	5.666240e-03	4.760330e-04	10	false	GAMG	4.664230e-03	3.876180e-05	5	true
1115          	smoothSolver	6.838250e-04	5.593870e-05	10	1.385840e-02	1.193420e-03	10	5.609880e-03	4.731350e-04	10	false	GAMG	4.678210e-03	3.880520e-05	5	true
1116          	smoothSolver	6.843680e-04	5.561180e-05	10	1.352730e-02	1.174200e-03	10	5.543250e-03	4.704340e-04	10	false	GAMG	4.672190e-03	3.880720e-05	5	true
1117          	smoothSolver	6.836990e-04	5.535830e-05	10	1.318400e-02	1.155680e-03	10	5.470280e-03	4.680920e-04	10	false	GAMG	4.660490e-03	3.872940e-05	5	true
1118          	smoothSolver	6.822140e-04	5.522070e-05	10	1.283830e-02	1.139110e-03	10	5.394370e-03	4.658510e-04	10	false	GAMG	4.648950e-03	3.882060e-05	5	true
1119          	smoothSolver	6.795590e-04	5.514480e-05	10	1.249640e-02	1.123600e-03	10	5.314860e-03	4.635290e-04	10	false	GAMG	4.635440e-03	3.901960e-05	5	true
1120          	smoothSolver	6.768420e-04	5.506300e-05	10	1.215450e-02	1.108030e-03	10	5.235150e-03	4.615750e-04	10	false	GAMG	4.617830e-03	3.880980e-05	5	true
1121          	smoothSolver	6.731410e-04	5.497640e-05	10	1.181610e-02	1.090980e-03	10	5.161870e-03	4.597650e-04	10	false	GAMG	4.584800e-03	3.806430e-05	5	true
1122          	smoothSolver	6.681500e-04	5.487240e-05	10	1.147850e-02	1.072090e-03	10	5.091410e-03	4.582130e-04	10	false	GAMG	4.526060e-03	3.751210e-05	5	true
1123          	smoothSolver	6.621280e-04	5.481900e-05	10	1.114240e-02	1.053390e-03	10	5.025710e-03	4.569670e-04	10	false	GAMG	4.468010e-03	3.731060e-05	5	true
1124          	smoothSolver	6.555390e-04	5.486080e-05	10	1.082410e-02	1.036400e-03	10	4.964300e-03	4.563060e-04	10	false	GAMG	4.428190e-03	3.760550e-05	5	true
1125          	smoothSolver	6.496700e-04	5.498960e-05	10	1.056200e-02	1.021080e-03	10	4.919230e-03	4.565450e-04	10	false	GAMG	4.406410e-03	3.819130e-05	5	true
1126          	smoothSolver	6.452050e-04	5.514610e-05	10	1.034290e-02	1.007190e-03	10	4.888200e-03	4.573620e-04	10	false	GAMG	4.405470e-03	3.873130e-05	5	true
1127          	smoothSolver	6.414720e-04	5.528960e-05	10	1.017620e-02	9.957620e-04	10	4.873000e-03	4.587920e-04	10	false	GAMG	4.408020e-03	3.906520e-05	5	true
1128          	smoothSolver	6.380270e-04	5.540180e-05	10	1.004520e-02	9.866530e-04	10	4.871790e-03	4.605870e-04	10	false	GAMG	4.404080e-03	3.922330e-05	5	true
1129          	smoothSolver	6.351430e-04	5.550800e-05	10	9.953470e-03	9.789520e-04	10	4.880190e-03	4.622560e-04	10	false	GAMG	4.409020e-03	3.935320e-05	5	true
1130          	smoothSolver	6.331830e-04	5.562080e-05	10	9.884790e-03	9.722010e-04	10	4.889550e-03	4.634520e-04	10	false	GAMG	4.425940e-03	3.966860e-05	5	true
1131          	smoothSolver	6.319950e-04	5.571480e-05	10	9.824820e-03	9.653000e-04	10	4.900890e-03	4.641870e-04	10	false	GAMG	4.447980e-03	4.017880e-05	5	true
1132          	smoothSolver	6.307340e-04	5.579650e-05	10	9.768220e-03	9.584740e-04	10	4.912240e-03	4.647370e-04	10	false	GAMG	4.460400e-03	4.094080e-05	5	true
1133          	smoothSolver	6.288160e-04	5.585000e-05	10	9.713690e-03	9.519260e-04	10	4.925220e-03	4.655130e-04	10	false	GAMG	4.456370e-03	4.171370e-05	5	true
1134          	smoothSolver	6.264280e-04	5.588640e-05	10	9.656660e-03	9.459800e-04	10	4.937790e-03	4.668000e-04	10	false	GAMG	4.432190e-03	4.207700e-05	5	true
1135          	smoothSolver	6.239090e-04	5.594310e-05	10	9.609440e-03	9.410150e-04	10	4.951860e-03	4.683690e-04	10	false	GAMG	4.401810e-03	4.183010e-05	5	true
1136          	smoothSolver	6.209450e-04	5.597480e-05	10	9.576110e-03	9.377980e-04	10	4.970370e-03	4.699910e-04	10	false	GAMG	4.371830e-03	4.116880e-05	5	true
1137          	smoothSolver	6.181750e-04	5.598800e-05	10	9.565380e-03	9.361710e-04	10	4.994810e-03	4.715170e-04	10	false	GAMG	4.336860e-03	4.042040e-05	5	true
1138          	smoothSolver	6.156430e-04	5.598890e-05	10	9.580970e-03	9.349350e-04	10	5.025860e-03	4.725430e-04	10	false	GAMG	4.296480e-03	3.954550e-05	5	true
1139          	smoothSolver	6.131720e-04	5.599580e-05	10	9.625140e-03	9.340330e-04	10	5.060950e-03	4.729530e-04	10	false	GAMG	4.245130e-03	3.902000e-05	5	true
1140          	smoothSolver	6.109190e-04	5.608580e-05	10	9.697060e-03	9.345570e-04	10	5.098930e-03	4.731540e-04	10	false	GAMG	4.189540e-03	3.927780e-05	5	true
1141          	smoothSolver	6.092310e-04	5.626080e-05	10	9.786960e-03	9.363810e-04	10	5.144580e-03	4.738650e-04	10	false	GAMG	4.136570e-03	3.938760e-05	5	true
1142          	smoothSolver	6.085300e-04	5.649060e-05	10	9.895370e-03	9.392600e-04	10	5.194650e-03	4.751480e-04	10	false	GAMG	4.090680e-03	3.867050e-05	5	true
1143          	smoothSolver	6.085200e-04	5.673980e-05	10	1.002860e-02	9.430800e-04	10	5.250800e-03	4.769100e-04	10	false	GAMG	4.060870e-03	3.750110e-05	5	true
1144          	smoothSolver	6.086770e-04	5.696630e-05	10	1.018260e-02	9.488140e-04	10	5.312150e-03	4.790230e-04	10	false	GAMG	4.049040e-03	3.676910e-05	5	true
1145          	smoothSolver	6.095760e-04	5.713520e-05	10	1.035730e-02	9.566000e-04	10	5.378900e-03	4.818280e-04	10	false	GAMG	4.057850e-03	3.648170e-05	5	true
1146          	smoothSolver	6.118440e-04	5.727080e-05	10	1.054450e-02	9.654560e-04	10	5.447460e-03	4.851760e-04	10	false	GAMG	4.081130e-03	3.680910e-05	5	true
1147          	smoothSolver	6.160920e-04	5.738840e-05	10	1.074200e-02	9.743210e-04	10	5.518600e-03	4.885390e-04	10	false	GAMG	4.101260e-03	3.752500e-05	5	true
1148          	smoothSolver	6.216110e-04	5.750280e-05	10	1.093740e-02	9.828760e-04	10	5.590440e-03	4.915390e-04	10	false	GAMG	4.121590e-03	3.821020e-05	5	true
1149          	smoothSolver	6.283950e-04	5.768470e-05	10	1.112240e-02	9.908860e-04	10	5.663300e-03	4.942200e-04	10	false	GAMG	4.143070e-03	3.889530e-05	5	true
1150          	smoothSolver	6.356790e-04	5.788060e-05	10	1.129390e-02	9.983190e-04	10	5.731840e-03	4.969160e-04	10	false	GAMG	4.166450e-03	3.960990e-05	5	true
1151          	smoothSolver	6.431500e-04	5.806820e-05	10	1.145450e-02	1.005710e-03	10	5.792130e-03	4.994990e-04	10	false	GAMG	4.195160e-03	4.047630e-05	5	true
1152          	smoothSolver	6.502110e-04	5.816630e-05	10	1.158920e-02	1.012900e-03	10	5.838320e-03	5.016580e-04	10	false	GAMG	4.220390e-03	4.112700e-05	5	true
1153          	smoothSolver	6.564380e-04	5.815160e-05	10	1.169150e-02	1.018520e-03	10	5.870470e-03	5.029240e-04	10	false	GAMG	4.243890e-03	4.158780e-05	5	true
1154          	smoothSolver	6.614450e-04	5.800350e-05	10	1.175630e-02	1.021660e-03	10	5.885030e-03	5.029370e-04	10	false	GAMG	4.266730e-03	4.181960e-05	5	true
1155          	smoothSolver	6.655990e-04	5.777710e-05	10	1.179660e-02	1.022640e-03	10	5.885170e-03	5.016500e-04	10	false	GAMG	4.290960e-03	4.168960e-05	5	true
1156          	smoothSolver	6.689820e-04	5.755940e-05	10	1.181130e-02	1.023070e-03	10	5.871930e-03	4.990880e-04	10	false	GAMG	4.316150e-03	4.132060e-05	5	true
1157          	smoothSolver	6.716040e-04	5.738640e-05	10	1.181680e-02	1.024370e-03	10	5.847930e-03	4.957990e-04	10	false	GAMG	4.344820e-03	4.090430e-05	5	true
1158          	smoothSolver	6.735660e-04	5.726820e-05	10	1.183850e-02	1.027120e-03	10	5.812710e-03	4.922850e-04	10	false	GAMG	4.379350e-03	4.086060e-05	5	true
1159          	smoothSolver	6.752140e-04	5.720180e-05	10	1.187100e-02	1.031960e-03	10	5.771180e-03	4.889060e-04	10	false	GAMG	4.404270e-03	4.058580e-05	5	true
1160          	smoothSolver	6.760460e-04	5.709520e-05	10	1.192150e-02	1.039440e-03	10	5.724900e-03	4.857420e-04	10	false	GAMG	4.416950e-03	4.001900e-05	5	true
1161          	smoothSolver	6.759290e-04	5.692520e-05	10	1.199010e-02	1.050230e-03	10	5.678190e-03	4.829250e-04	10	false	GAMG	4.419620e-03	3.932240e-05	5	true
1162          	smoothSolver	6.751470e-04	5.672690e-05	10	1.208290e-02	1.063880e-03	10	5.628990e-03	4.803230e-04	10	false	GAMG	4.406980e-03	3.861450e-05	5	true
1163          	smoothSolver	6.736670e-04	5.649780e-05	10	1.219870e-02	1.079420e-03	10	5.580390e-03	4.780180e-04	10	false	GAMG	4.387520e-03	3.819760e-05	5	true
1164          	smoothSolver	6.724170e-04	5.627100e-05	10	1.233620e-02	1.096020e-03	10	5.535410e-03	4.757190e-04	10	false	GAMG	4.351470e-03	3.790130e-05	5	true
1165          	smoothSolver	6.708730e-04	5.611860e-05	10	1.248250e-02	1.113210e-03	10	5.496360e-03	4.731810e-04	10	false	GAMG	4.293490e-03	3.737560e-05	5	true
1166          	smoothSolver	6.698990e-04	5.601760e-05	10	1.265230e-02	1.129910e-03	10	5.459270e-03	4.707070e-04	10	false	GAMG	4.245070e-03	3.660750e-05	5	true
1167          	smoothSolver	6.693820e-04	5.600000e-05	10	1.280310e-02	1.146450e-03	10	5.424300e-03	4.686050e-04	10	false	GAMG	4.207660e-03	3.594660e-05	5	true
1168          	smoothSolver	6.700970e-04	5.606390e-05	10	1.294280e-02	1.163320e-03	10	5.387690e-03	4.671420e-04	10	false	GAMG	4.190040e-03	3.558400e-05	5	true
1169          	smoothSolver	6.710330e-04	5.620830e-05	10	1.305130e-02	1.179820e-03	10	5.349790e-03	4.667780e-04	10	false	GAMG	4.188600e-03	3.564880e-05	5	true
1170          	smoothSolver	6.718780e-04	5.635440e-05	10	1.313210e-02	1.194580e-03	10	5.310400e-03	4.667590e-04	10	false	GAMG	4.194010e-03	3.589490e-05	5	true
1171          	smoothSolver	6.728390e-04	5.650940e-05	10	1.317980e-02	1.206370e-03	10	5.270850e-03	4.669550e-04	10	false	GAMG	4.201530e-03	3.580470e-05	5	true
1172          	smoothSolver	6.740880e-04	5.673910e-05	10	1.318630e-02	1.215100e-03	10	5.231140e-03	4.675490e-04	10	false	GAMG	4.214120e-03	3.553040e-05	5	true
1173          	smoothSolver	6.746640e-04	5.709360e-05	10	1.316240e-02	1.223000e-03	10	5.193270e-03	4.686750e-04	10	false	GAMG	4.217950e-03	3.550790e-05	5	true
1174          	smoothSolver	6.745540e-04	5.756080e-05	10	1.312700e-02	1.231360e-03	10	5.156820e-03	4.703010e-04	10	false	GAMG	4.211930e-03	3.597910e-05	5	true
1175          	smoothSolver	6.747230e-04	5.808620e-05	10	1.308450e-02	1.239300e-03	10	5.125160e-03	4.723850e-04	10	false	GAMG	4.185420e-03	3.645880e-05	5	true
1176          	smoothSolver	6.746360e-04	5.859760e-05	10	1.302100e-02	1.242670e-03	10	5.103030e-03	4.744940e-04	10	false	GAMG	4.166150e-03	3.660820e-05	5	true
1177          	smoothSolver	6.749560e-04	5.905730e-05	10	1.293370e-02	1.240090e-03	10	5.092440e-03	4.765330e-04	10	false	GAMG	4.154580e-03	3.675480e-05	5	true
1178          	smoothSolver	6.746180e-04	5.940010e-05	10	1.283660e-02	1.233130e-03	10	5.082920e-03	4.778640e-04	10	false	GAMG	4.151800e-03	3.618600e-05	5	true
1179          	smoothSolver	6.730730e-04	5.959300e-05	10	1.273650e-02	1.223970e-03	10	5.076990e-03	4.786250e-04	10	false	GAMG	4.146500e-03	3.553330e-05	5	true
1180          	smoothSolver	6.703040e-04	5.968610e-05	10	1.264030e-02	1.213280e-03	10	5.076430e-03	4.792850e-04	10	false	GAMG	4.146700e-03	3.501360e-05	5	true
1181          	smoothSolver	6.669030e-04	5.969160e-05	10	1.252610e-02	1.201420e-03	10	5.077920e-03	4.796350e-04	10	false	GAMG	4.156490e-03	3.490080e-05	5	true
1182          	smoothSolver	6.632930e-04	5.966220e-05	10	1.241740e-02	1.189250e-03	10	5.084770e-03	4.800110e-04	10	false	GAMG	4.162240e-03	3.509560e-05	5	true
1183          	smoothSolver	6.597980e-04	5.966030e-05	10	1.231870e-02	1.178460e-03	10	5.098290e-03	4.813290e-04	10	false	GAMG	4.165450e-03	3.533150e-05	5	true
1184          	smoothSolver	6.563360e-04	5.969420e-05	10	1.224560e-02	1.171160e-03	10	5.118550e-03	4.831130e-04	10	false	GAMG	4.162590e-03	3.591430e-05	5	true
1185          	smoothSolver	6.531840e-04	5.974760e-05	10	1.220760e-02	1.167670e-03	10	5.143080e-03	4.846860e-04	10	false	GAMG	4.156080e-03	3.648750e-05	5	true
1186          	smoothSolver	6.497160e-04	5.966110e-05	10	1.220100e-02	1.165080e-03	10	5.163640e-03	4.850610e-04	10	false	GAMG	4.141570e-03	3.715740e-05	5	true
1187          	smoothSolver	6.461800e-04	5.936290e-05	10	1.220890e-02	1.161950e-03	10	5.184990e-03	4.844990e-04	10	false	GAMG	4.115790e-03	3.750030e-05	5	true
1188          	smoothSolver	6.420590e-04	5.893240e-05	10	1.223300e-02	1.159170e-03	10	5.205610e-03	4.837200e-04	10	false	GAMG	4.075230e-03	3.712170e-05	5	true
1189          	smoothSolver	6.374390e-04	5.851880e-05	10	1.227810e-02	1.157860e-03	10	5.225310e-03	4.832230e-04	10	false	GAMG	4.020630e-03	3.632540e-05	5	true
1190          	smoothSolver	6.325280e-04	5.819160e-05	10	1.233000e-02	1.157780e-03	10	5.233230e-03	4.828130e-04	10	false	GAMG	3.961450e-03	3.563610e-05	5	true
1191          	smoothSolver	6.279250e-04	5.794840e-05	10	1.238050e-02	1.157650e-03	10	5.234520e-03	4.819960e-04	10	false	GAMG	3.906910e-03	3.552410e-05	5	true
1192          	smoothSolver	6.236250e-04	5.774970e-05	10	1.243150e-02	1.156900e-03	10	5.228360e-03	4.803930e-04	10	false	GAMG	3.871560e-03	3.597740e-05	5	true
1193          	smoothSolver	6.197420e-04	5.757670e-05	10	1.247810e-02	1.156160e-03	10	5.214670e-03	4.775880e-04	10	false	GAMG	3.843150e-03	3.582400e-05	5	true
1194          	smoothSolver	6.162190e-04	5.737910e-05	10	1.251850e-02	1.155370e-03	10	5.195440e-03	4.740300e-04	10	false	GAMG	3.823980e-03	3.516830e-05	5	true
1195          	smoothSolver	6.132260e-04	5.715220e-05	10	1.254530e-02	1.154110e-03	10	5.175020e-03	4.703860e-04	10	false	GAMG	3.806560e-03	3.466130e-05	5	true
1196          	smoothSolver	6.117270e-04	5.694700e-05	10	1.257980e-02	1.152800e-03	10	5.157080e-03	4.670710e-04	10	false	GAMG	3.791980e-03	3.431970e-05	5	true
1197          	smoothSolver	6.114430e-04	5.681110e-05	10	1.261970e-02	1.152170e-03	10	5.147570e-03	4.646040e-04	10	false	GAMG	3.785200e-03	3.415420e-05	5	true
1198          	smoothSolver	6.120130e-04	5.678030e-05	10	1.266400e-02	1.151920e-03	10	5.142860e-03	4.625440e-04	10	false	GAMG	3.796210e-03	3.423690e-05	5	true
1199          	smoothSolver	6.125090e-04	5.678470e-05	10	1.271910e-02	1.152320e-03	10	5.139980e-03	4.605120e-04	10	false	GAMG	3.821660e-03	3.437600e-05	5	true
1200          	smoothSolver	6.129950e-04	5.678810e-05	10	1.279880e-02	1.154370e-03	10	5.135280e-03	4.587090e-04	10	false	GAMG	3.859860e-03	3.463570e-05	5	true
1201          	smoothSolver	6.139530e-04	5.676020e-05	10	1.290290e-02	1.159170e-03	10	5.133500e-03	4.567380e-04	10	false	GAMG	3.899380e-03	3.527480e-05	5	true
1202          	smoothSolver	6.153380e-04	5.666950e-05	10	1.302370e-02	1.165440e-03	10	5.130480e-03	4.542330e-04	10	false	GAMG	3.939330e-03	3.595620e-05	5	true
1203          	smoothSolver	6.176120e-04	5.650570e-05	10	1.316390e-02	1.171850e-03	10	5.133120e-03	4.513300e-04	10	false	GAMG	3.974500e-03	3.639930e-05	5	true
1204          	smoothSolver	6.203130e-04	5.628660e-05	10	1.332790e-02	1.178530e-03	10	5.137680e-03	4.481870e-04	10	false	GAMG	4.003270e-03	3.660790e-05	5	true
1205          	smoothSolver	6.229820e-04	5.605380e-05	10	1.350770e-02	1.185080e-03	10	5.147650e-03	4.451870e-04	10	false	GAMG	4.037840e-03	3.651560e-05	5	true
1206          	smoothSolver	6.255670e-04	5.582840e-05	10	1.367470e-02	1.190030e-03	10	5.161630e-03	4.427970e-04	10	false	GAMG	4.088090e-03	3.663850e-05	5	true
1207          	smoothSolver	6.276900e-04	5.561320e-05	10	1.372710e-02	1.183760e-03	10	5.177650e-03	4.410340e-04	10	false	GAMG	4.146720e-03	3.732590e-05	5	true
1208          	smoothSolver	6.300060e-04	5.538050e-05	10	1.370870e-02	1.169800e-03	10	5.190230e-03	4.393010e-04	10	false	GAMG	4.213020e-03	3.850730e-05	5	true
1209          	smoothSolver	6.324250e-04	5.505780e-05	10	1.365470e-02	1.153170e-03	10	5.197680e-03	4.370500e-04	10	false	GAMG	4.286850e-03	3.954110e-05	5	true
1210          	smoothSolver	6.343090e-04	5.459990e-05	10	1.356890e-02	1.135240e-03	10	5.190110e-03	4.337810e-04	10	false	GAMG	4.371520e-03	3.989800e-05	5	true
1211          	smoothSolver	6.355170e-04	5.404030e-05	10	1.344460e-02	1.116200e-03	10	5.174590e-03	4.294290e-04	10	false	GAMG	4.462280e-03	4.010650e-05	5	true
1212          	smoothSolver	6.365920e-04	5.343690e-05	10	1.327870e-02	1.097050e-03	10	5.146170e-03	4.244990e-04	10	false	GAMG	4.541720e-03	4.063710e-05	5	true
1213          	smoothSolver	6.377150e-04	5.287370e-05	10	1.310410e-02	1.078290e-03	10	5.110680e-03	4.194900e-04	10	false	GAMG	4.608120e-03	4.100280e-05	5	true
1214          	smoothSolver	6.390100e-04	5.240690e-05	10	1.289420e-02	1.058960e-03	10	5.066260e-03	4.144590e-04	10	false	GAMG	4.665420e-03	4.086560e-05	5	true
1215          	smoothSolver	6.392900e-04	5.199680e-05	10	1.263860e-02	1.039260e-03	10	5.011580e-03	4.098030e-04	10	false	GAMG	4.702220e-03	4.054120e-05	5	true
1216          	smoothSolver	6.387800e-04	5.163090e-05	10	1.235290e-02	1.020380e-03	10	4.940500e-03	4.055560e-04	10	false	GAMG	4.717560e-03	4.007480e-05	5	true
1217          	smoothSolver	6.369570e-04	5.127990e-05	10	1.203970e-02	1.002540e-03	10	4.860750e-03	4.016960e-04	10	false	GAMG	4.710410e-03	3.960760e-05	5	true
1218          	smoothSolver	6.336270e-04	5.090490e-05	10	1.170110e-02	9.848560e-04	10	4.773000e-03	3.979620e-04	10	false	GAMG	4.684920e-03	3.944620e-05	5	true
1219          	smoothSolver	6.290620e-04	5.051010e-05	10	1.135200e-02	9.679570e-04	10	4.683030e-03	3.941180e-04	10	false	GAMG	4.637590e-03	3.867050e-05	5	true
1220          	smoothSolver	6.240620e-04	5.008580e-05	10	1.100330e-02	9.517740e-04	10	4.586980e-03	3.901890e-04	10	false	GAMG	4.597980e-03	3.743060e-05	5	true
1221          	smoothSolver	6.182260e-04	4.967510e-05	10	1.066150e-02	9.357940e-04	10	4.495010e-03	3.863720e-04	10	false	GAMG	4.579670e-03	3.580330e-05	5	true
1222          	smoothSolver	6.114890e-04	4.934650e-05	10	1.033720e-02	9.202390e-04	10	4.406180e-03	3.829840e-04	10	false	GAMG	4.566070e-03	3.467530e-05	5	true
1223          	smoothSolver	6.041460e-04	4.912370e-05	10	1.005130e-02	9.064520e-04	10	4.326530e-03	3.804140e-04	10	false	GAMG	4.526490e-03	3.446000e-05	5	true
1224          	smoothSolver	5.965080e-04	4.902220e-05	10	9.827670e-03	8.955190e-04	10	4.260750e-03	3.789120e-04	10	false	GAMG	4.472290e-03	3.520780e-05	5	true
1225          	smoothSolver	5.884900e-04	4.891810e-05	10	9.660520e-03	8.874910e-04	10	4.213930e-03	3.783220e-04	10	false	GAMG	4.414870e-03	3.648700e-05	5	true
1226          	smoothSolver	5.798240e-04	4.878120e-05	10	9.543570e-03	8.822380e-04	10	4.179610e-03	3.780660e-04	10	false	GAMG	4.370080e-03	3.653390e-05	5	true
1227          	smoothSolver	5.706830e-04	4.860800e-05	10	9.465370e-03	8.787410e-04	10	4.154620e-03	3.779040e-04	10	false	GAMG	4.334070e-03	3.600600e-05	5	true
1228          	smoothSolver	5.616010e-04	4.839600e-05	10	9.429810e-03	8.771760e-04	10	4.133340e-03	3.775580e-04	10	false	GAMG	4.295920e-03	3.557220e-05	5	true
1229          	smoothSolver	5.531860e-04	4.816780e-05	10	9.415620e-03	8.779380e-04	10	4.117600e-03	3.772280e-04	10	false	GAMG	4.241590e-03	3.518640e-05	5	true
1230          	smoothSolver	5.455800e-04	4.800980e-05	10	9.420700e-03	8.799120e-04	10	4.105490e-03	3.768320e-04	10	false	GAMG	4.185150e-03	3.502360e-05	5	true
1231          	smoothSolver	5.389440e-04	4.795440e-05	10	9.430580e-03	8.814720e-04	10	4.099280e-03	3.767980e-04	10	false	GAMG	4.136730e-03	3.480800e-05	5	true
1232          	smoothSolver	5.336150e-04	4.801190e-05	10	9.439230e-03	8.826690e-04	10	4.102390e-03	3.776220e-04	10	false	GAMG	4.103090e-03	3.444010e-05	5	true
1233          	smoothSolver	5.296320e-04	4.816280e-05	10	9.452980e-03	8.852370e-04	10	4.117260e-03	3.796790e-04	10	false	GAMG	4.083790e-03	3.428820e-05	5	true
1234          	smoothSolver	5.273640e-04	4.836700e-05	10	9.459800e-03	8.894490e-04	10	4.143650e-03	3.829010e-04	10	false	GAMG	4.085760e-03	3.463220e-05	5	true
1235          	smoothSolver	5.262050e-04	4.859680e-05	10	9.470020e-03	8.939900e-04	10	4.182350e-03	3.870730e-04	10	false	GAMG	4.098680e-03	3.546350e-05	5	true
1236          	smoothSolver	5.261430e-04	4.883820e-05	10	9.479300e-03	8.981030e-04	10	4.225810e-03	3.916230e-04	10	false	GAMG	4.122260e-03	3.651500e-05	5	true
1237          	smoothSolver	5.271770e-04	4.913520e-05	10	9.483130e-03	9.018970e-04	10	4.275960e-03	3.963180e-04	10	false	GAMG	4.153060e-03	3.771730e-05	5	true
1238          	smoothSolver	5.289180e-04	4.951770e-05	10	9.476240e-03	9.057900e-04	10	4.324140e-03	4.008860e-04	10	false	GAMG	4.187110e-03	3.825750e-05	5	true
1239          	smoothSolver	5.309020e-04	4.986260e-05	10	9.457420e-03	9.088060e-04	10	4.366310e-03	4.051830e-04	10	false	GAMG	4.214800e-03	3.817420e-05	5	true
1240          	smoothSolver	5.323620e-04	5.009270e-05	10	9.425560e-03	9.102490e-04	10	4.396700e-03	4.091430e-04	10	false	GAMG	4.231680e-03	3.788400e-05	5	true
1241          	smoothSolver	5.331410e-04	5.023710e-05	10	9.385910e-03	9.108540e-04	10	4.410110e-03	4.122420e-04	10	false	GAMG	4.231580e-03	3.742360e-05	5	true
1242          	smoothSolver	5.331990e-04	5.032070e-05	10	9.347630e-03	9.119830e-04	10	4.410090e-03	4.141710e-04	10	false	GAMG	4.231760e-03	3.696920e-05	5	true
1243          	smoothSolver	5.329230e-04	5.035980e-05	10	9.321540e-03	9.143460e-04	10	4.407190e-03	4.152780e-04	10	false	GAMG	4.226910e-03	3.655850e-05	5	true
1244          	smoothSolver	5.322660e-04	5.034720e-05	10	9.313490e-03	9.178300e-04	10	4.400650e-03	4.155960e-04	10	false	GAMG	4.214480e-03	3.633230e-05	5	true
1245          	smoothSolver	5.314760e-04	5.030540e-05	10	9.321590e-03	9.220270e-04	10	4.397260e-03	4.158560e-04	10	false	GAMG	4.201710e-03	3.613460e-05	5	true
1246          	smoothSolver	5.305580e-04	5.030600e-05	10	9.340330e-03	9.257810e-04	10	4.399940e-03	4.164720e-04	10	false	GAMG	4.184330e-03	3.599150e-05	5	true
1247          	smoothSolver	5.295840e-04	5.034890e-05	10	9.367050e-03	9.285910e-04	10	4.411970e-03	4.177800e-04	10	false	GAMG	4.159240e-03	3.579700e-05	5	true
1248          	smoothSolver	5.289330e-04	5.045790e-05	10	9.405540e-03	9.306630e-04	10	4.432000e-03	4.192960e-04	10	false	GAMG	4.121780e-03	3.559280e-05	5	true
1249          	smoothSolver	5.281960e-04	5.058080e-05	10	9.448520e-03	9.330740e-04	10	4.452570e-03	4.205680e-04	10	false	GAMG	4.072860e-03	3.602610e-05	5	true
1250          	smoothSolver	5.274450e-04	5.061940e-05	10	9.494930e-03	9.356070e-04	10	4.469030e-03	4.211770e-04	10	false	GAMG	4.018400e-03	3.681580e-05	5	true
1251          	smoothSolver	5.267500e-04	5.056770e-05	10	9.541670e-03	9.372160e-04	10	4.482680e-03	4.210470e-04	10	false	GAMG	3.958200e-03	3.640620e-05	5	true
1252          	smoothSolver	5.260100e-04	5.050250e-05	10	9.580700e-03	9.382910e-04	10	4.494740e-03	4.207580e-04	10	false	GAMG	3.901670e-03	3.589660e-05	5	true
1253          	smoothSolver	5.265490e-04	5.048610e-05	10	9.618480e-03	9.384960e-04	10	4.510700e-03	4.211640e-04	10	false	GAMG	3.853750e-03	3.526890e-05	5	true
1254          	smoothSolver	5.278830e-04	5.057260e-05	10	9.653940e-03	9.386000e-04	10	4.532340e-03	4.226120e-04	10	false	GAMG	3.824070e-03	3.465950e-05	5	true
1255          	smoothSolver	5.304360e-04	5.077360e-05	10	9.701060e-03	9.400830e-04	10	4.559350e-03	4.250410e-04	10	false	GAMG	3.807370e-03	3.439120e-05	5	true
1256          	smoothSolver	5.334980e-04	5.103650e-05	10	9.761860e-03	9.429490e-04	10	4.589920e-03	4.279660e-04	10	false	GAMG	3.800190e-03	3.442560e-05	5	true
1257          	smoothSolver	5.370750e-04	5.129390e-05	10	9.834380e-03	9.468780e-04	10	4.623970e-03	4.308600e-04	10	false	GAMG	3.799930e-03	3.439160e-05	5	true
1258          	smoothSolver	5.409030e-04	5.152530e-05	10	9.921360e-03	9.520430e-04	10	4.654880e-03	4.334860e-04	10	false	GAMG	3.801020e-03	3.444040e-05	5	true
1259          	smoothSolver	5.446230e-04	5.178820e-05	10	1.001630e-02	9.588840e-04	10	4.682460e-03	4.357760e-04	10	false	GAMG	3.808580e-03	3.452310e-05	5	true
1260          	smoothSolver	5.481620e-04	5.207820e-05	10	1.012020e-02	9.673740e-04	10	4.703960e-03	4.377630e-04	10	false	GAMG	3.820160e-03	3.462190e-05	5	true
1261          	smoothSolver	5.515060e-04	5.236890e-05	10	1.022440e-02	9.767650e-04	10	4.721960e-03	4.395750e-04	10	false	GAMG	3.835950e-03	3.510760e-05	5	true
1262          	smoothSolver	5.554260e-04	5.268870e-05	10	1.032750e-02	9.857790e-04	10	4.737830e-03	4.407630e-04	10	false	GAMG	3.852710e-03	3.578700e-05	5	true
1263          	smoothSolver	5.595340e-04	5.308900e-05	10	1.042140e-02	9.936810e-04	10	4.751370e-03	4.411970e-04	10	false	GAMG	3.861240e-03	3.636150e-05	5	true
1264          	smoothSolver	5.638370e-04	5.352310e-05	10	1.050460e-02	1.000140e-03	10	4.760780e-03	4.411240e-04	10	false	GAMG	3.869640e-03	3.649590e-05	5	true
1265          	smoothSolver	5.686320e-04	5.395110e-05	10	1.058220e-02	1.006150e-03	10	4.766170e-03	4.409730e-04	10	false	GAMG	3.874990e-03	3.636440e-05	5	true
1266          	smoothSolver	5.737380e-04	5.434060e-05	10	1.065410e-02	1.013190e-03	10	4.769530e-03	4.410450e-04	10	false	GAMG	3.876120e-03	3.580210e-05	5	true
1267          	smoothSolver	5.787980e-04	5.465600e-05	10	1.073020e-02	1.021430e-03	10	4.774010e-03	4.414460e-04	10	false	GAMG	3.884440e-03	3.521550e-05	5	true
1268          	smoothSolver	5.837730e-04	5.492950e-05	10	1.081150e-02	1.030240e-03	10	4.780770e-03	4.421240e-04	10	false	GAMG	3.900040e-03	3.491350e-05	5	true
1269          	smoothSolver	5.889460e-04	5.521170e-05	10	1.089760e-02	1.037880e-03	10	4.791420e-03	4.428210e-04	10	false	GAMG	3.909950e-03	3.490000e-05	5	true
1270          	smoothSolver	5.941720e-04	5.551470e-05	10	1.098540e-02	1.044890e-03	10	4.803460e-03	4.436610e-04	10	false	GAMG	3.923110e-03	3.517100e-05	5	true
1271          	smoothSolver	5.994330e-04	5.585580e-05	10	1.107890e-02	1.052450e-03	10	4.819880e-03	4.445750e-04	10	false	GAMG	3.938100e-03	3.582990e-05	5	true
1272          	smoothSolver	6.047530e-04	5.621740e-05	10	1.119360e-02	1.061460e-03	10	4.839560e-03	4.459940e-04	10	false	GAMG	3.959000e-03	3.660490e-05	5	true
1273          	smoothSolver	6.097320e-04	5.653700e-05	10	1.133070e-02	1.072360e-03	10	4.865220e-03	4.482320e-04	10	false	GAMG	3.982570e-03	3.697830e-05	5	true
1274          	smoothSolver	6.140700e-04	5.676970e-05	10	1.148460e-02	1.085550e-03	10	4.890340e-03	4.508140e-04	10	false	GAMG	4.004980e-03	3.673210e-05	5	true
1275          	smoothSolver	6.181580e-04	5.694750e-05	10	1.165040e-02	1.101350e-03	10	4.912890e-03	4.531060e-04	10	false	GAMG	4.011920e-03	3.610400e-05	5	true
1276          	smoothSolver	6.216860e-04	5.711340e-05	10	1.182660e-02	1.118730e-03	10	4.930070e-03	4.546870e-04	10	false	GAMG	4.010140e-03	3.557520e-05	5	true
1277          	smoothSolver	6.251480e-04	5.736420e-05	10	1.199940e-02	1.137410e-03	10	4.941760e-03	4.566010e-04	10	false	GAMG	4.012050e-03	3.543890e-05	5	true
1278          	smoothSolver	6.285540e-04	5.771020e-05	10	1.216390e-02	1.156580e-03	10	4.951450e-03	4.592070e-04	10	false	GAMG	4.020990e-03	3.542740e-05	5	true
1279          	smoothSolver	6.322560e-04	5.813670e-05	10	1.231360e-02	1.174690e-03	10	4.966140e-03	4.622920e-04	10	false	GAMG	4.030110e-03	3.525440e-05	5	true
1280          	smoothSolver	6.360280e-04	5.861600e-05	10	1.243200e-02	1.190500e-03	10	4.980610e-03	4.661020e-04	10	false	GAMG	4.032320e-03	3.532490e-05	5	true
1281          	smoothSolver	6.401310e-04	5.908580e-05	10	1.252490e-02	1.203160e-03	10	4.998470e-03	4.700430e-04	10	false	GAMG	4.023660e-03	3.536910e-05	5	true
1282          	smoothSolver	6.440720e-04	5.949840e-05	10	1.259500e-02	1.212610e-03	10	5.016740e-03	4.736490e-04	10	false	GAMG	4.016830e-03	3.525060e-05	5	true
1283          	smoothSolver	6.477030e-04	5.979540e-05	10	1.265020e-02	1.219950e-03	10	5.041540e-03	4.771690e-04	10	false	GAMG	4.015460e-03	3.544040e-05	5	true
1284          	smoothSolver	6.504190e-04	5.992020e-05	10	1.268840e-02	1.224840e-03	10	5.066520e-03	4.805680e-04	10	false	GAMG	4.018130e-03	3.519020e-05	5	true
1285          	smoothSolver	6.521720e-04	5.990530e-05	10	1.270510e-02	1.226510e-03	10	5.090080e-03	4.834650e-04	10	false	GAMG	4.027650e-03	3.481650e-05	5	true
1286          	smoothSolver	6.532750e-04	5.981870e-05	10	1.271190e-02	1.225650e-03	10	5.105330e-03	4.853950e-04	10	false	GAMG	4.043040e-03	3.440430e-05	5	true
1287          	smoothSolver	6.542030e-04	5.974560e-05	10	1.271750e-02	1.224560e-03	10	5.117840e-03	4.866410e-04	10	false	GAMG	4.063790e-03	3.439380e-05	5	true
1288          	smoothSolver	6.551850e-04	5.969880e-05	10	1.272540e-02	1.223680e-03	10	5.129410e-03	4.875300e-04	10	false	GAMG	4.089540e-03	3.499000e-05	5	true
1289          	smoothSolver	6.561710e-04	5.962690e-05	10	1.275050e-02	1.222760e-03	10	5.138970e-03	4.877920e-04	10	false	GAMG	4.121210e-03	3.556900e-05	5	true
1290          	smoothSolver	6.572360e-04	5.950350e-05	10	1.279500e-02	1.222130e-03	10	5.142260e-03	4.872560e-04	10	false	GAMG	4.159130e-03	3.571750e-05	5	true
1291          	smoothSolver	6.588250e-04	5.931140e-05	10	1.286330e-02	1.223490e-03	10	5.138070e-03	4.855770e-04	10	false	GAMG	4.176230e-03	3.554460e-05	5	true
1292          	smoothSolver	6.598850e-04	5.903200e-05	10	1.295040e-02	1.228030e-03	10	5.120920e-03	4.827990e-04	10	false	GAMG	4.183350e-03	3.543860e-05	5	true
1293          	smoothSolver	6.606020e-04	5.869330e-05	10	1.305330e-02	1.234950e-03	10	5.099110e-03	4.791530e-04	10	false	GAMG	4.200220e-03	3.606200e-05	5	true
1294          	smoothSolver	6.607010e-04	5.832250e-05	10	1.316840e-02	1.244390e-03	10	5.073880e-03	4.748860e-04	10	false	GAMG	4.209880e-03	3.709660e-05	5	true
1295          	smoothSolver	6.602990e-04	5.801300e-05	10	1.326240e-02	1.254020e-03	10	5.047700e-03	4.707970e-04	10	false	GAMG	4.208910e-03	3.777180e-05	5	true
1296          	smoothSolver	6.610810e-04	5.783710e-05	10	1.326570e-02	1.256920e-03	10	5.019380e-03	4.670670e-04	10	false	GAMG	4.225110e-03	3.761760e-05	5	true
1297          	smoothSolver	6.622890e-04	5.777830e-05	10	1.320120e-02	1.254800e-03	10	4.993620e-03	4.640920e-04	10	false	GAMG	4.256170e-03	3.709260e-05	5	true
1298          	smoothSolver	6.622870e-04	5.779920e-05	10	1.309730e-02	1.251410e-03	10	4.967400e-03	4.625870e-04	10	false	GAMG	4.285230e-03	3.706550e-05	5	true
1299          	smoothSolver	6.617030e-04	5.784200e-05	10	1.297630e-02	1.248060e-03	10	4.942710e-03	4.621800e-04	10	false	GAMG	4.309740e-03	3.730430e-05	5	true
1300          	smoothSolver	6.604160e-04	5.783890e-05	10	1.284020e-02	1.243460e-03	10	4.920120e-03	4.621240e-04	10	false	GAMG	4.334190e-03	3.767250e-05	5	true
1301          	smoothSolver	6.577830e-04	5.778360e-05	10	1.272670e-02	1.239050e-03	10	4.907240e-03	4.618000e-04	10	false	GAMG	4.359870e-03	3.784840e-05	5	true
1302          	smoothSolver	6.548950e-04	5.766490e-05	10	1.264210e-02	1.236100e-03	10	4.898520e-03	4.613550e-04	10	false	GAMG	4.377730e-03	3.785830e-05	5	true
1303          	smoothSolver	6.515500e-04	5.757420e-05	10	1.259060e-02	1.235730e-03	10	4.902640e-03	4.616530e-04	10	false	GAMG	4.372930e-03	3.802780e-05	5	true
1304          	smoothSolver	6.479110e-04	5.757450e-05	10	1.257260e-02	1.237350e-03	10	4.917890e-03	4.628970e-04	10	false	GAMG	4.359160e-03	3.824280e-05	5	true
1305          	smoothSolver	6.443190e-04	5.770640e-05	10	1.258610e-02	1.239690e-03	10	4.939310e-03	4.646790e-04	10	false	GAMG	4.338400e-03	3.813290e-05	5	true
1306          	smoothSolver	6.408800e-04	5.795720e-05	10	1.260910e-02	1.242070e-03	10	4.960680e-03	4.672690e-04	10	false	GAMG	4.318280e-03	3.788130e-05	5	true
1307          	smoothSolver	6.376430e-04	5.825700e-05	10	1.264340e-02	1.245030e-03	10	4.980710e-03	4.697190e-04	10	false	GAMG	4.288400e-03	3.760570e-05	5	true
1308          	smoothSolver	6.342740e-04	5.855060e-05	10	1.267890e-02	1.247910e-03	10	4.989740e-03	4.717520e-04	10	false	GAMG	4.250260e-03	3.768910e-05	5	true
1309          	smoothSolver	6.311940e-04	5.882930e-05	10	1.272990e-02	1.250890e-03	10	5.000120e-03	4.734080e-04	10	false	GAMG	4.211140e-03	3.807050e-05	5	true
1310          	smoothSolver	6.288020e-04	5.909830e-05	10	1.279970e-02	1.255210e-03	10	5.014020e-03	4.748720e-04	10	false	GAMG	4.183010e-03	3.859640e-05	5	true
1311          	smoothSolver	6.275020e-04	5.938550e-05	10	1.289300e-02	1.261470e-03	10	5.041600e-03	4.765190e-04	10	false	GAMG	4.172050e-03	3.885620e-05	5	true
1312          	smoothSolver	6.270610e-04	5.968490e-05	10	1.300700e-02	1.266860e-03	10	5.082520e-03	4.782760e-04	10	false	GAMG	4.168470e-03	3.887160e-05	5	true
1313          	smoothSolver	6.272930e-04	5.995500e-05	10	1.313830e-02	1.270830e-03	10	5.132950e-03	4.798990e-04	10	false	GAMG	4.162310e-03	3.873330e-05	5	true
1314          	smoothSolver	6.281450e-04	6.018940e-05	10	1.328240e-02	1.274640e-03	10	5.183820e-03	4.815130e-04	10	false	GAMG	4.156040e-03	3.842330e-05	5	true
1315          	smoothSolver	6.295490e-04	6.035360e-05	10	1.345250e-02	1.281010e-03	10	5.238450e-03	4.830380e-04	10	false	GAMG	4.151230e-03	3.803200e-05	5	true
1316          	smoothSolver	6.322890e-04	6.043560e-05	10	1.365150e-02	1.290340e-03	10	5.298590e-03	4.849310e-04	10	false	GAMG	4.154620e-03	3.794270e-05	5	true
1317          	smoothSolver	6.355150e-04	6.045460e-05	10	1.386820e-02	1.301580e-03	10	5.360430e-03	4.869930e-04	10	false	GAMG	4.165610e-03	3.807580e-05	5	true
1318          	smoothSolver	6.394800e-04	6.043510e-05	10	1.410490e-02	1.313570e-03	10	5.415770e-03	4.883310e-04	10	false	GAMG	4.189190e-03	3.850570e-05	5	true
1319          	smoothSolver	6.439670e-04	6.045290e-05	10	1.436290e-02	1.327750e-03	10	5.465540e-03	4.893940e-04	10	false	GAMG	4.225580e-03	3.892270e-05	5	true
1320          	smoothSolver	6.488090e-04	6.050730e-05	10	1.462700e-02	1.343220e-03	10	5.508480e-03	4.902230e-04	10	false	GAMG	4.277160e-03	3.939190e-05	5	true
1321          	smoothSolver	6.540840e-04	6.060530e-05	10	1.489700e-02	1.358750e-03	10	5.548270e-03	4.908660e-04	10	false	GAMG	4.326330e-03	3.977530e-05	5	true
1322          	smoothSolver	6.601730e-04	6.066180e-05	10	1.517430e-02	1.373130e-03	10	5.586550e-03	4.913680e-04	10	false	GAMG	4.377200e-03	4.000340e-05	5	true
1323          	smoothSolver	6.665270e-04	6.061160e-05	10	1.544730e-02	1.386560e-03	10	5.631230e-03	4.916000e-04	10	false	GAMG	4.435200e-03	4.037190e-05	5	true
1324          	smoothSolver	6.733890e-04	6.047540e-05	10	1.570160e-02	1.396470e-03	10	5.676350e-03	4.913850e-04	10	false	GAMG	4.502870e-03	4.107300e-05	5	true
1325          	smoothSolver	6.812450e-04	6.028060e-05	10	1.579680e-02	1.388500e-03	10	5.726810e-03	4.906680e-04	10	false	GAMG	4.580940e-03	4.225850e-05	5	true
1326          	smoothSolver	6.899880e-04	6.006590e-05	10	1.579580e-02	1.369590e-03	10	5.781220e-03	4.896590e-04	10	false	GAMG	4.663040e-03	4.354570e-05	5	true
1327          	smoothSolver	6.998990e-04	5.986900e-05	10	1.576180e-02	1.345750e-03	10	5.842740e-03	4.886370e-04	10	false	GAMG	4.752440e-03	4.502060e-05	5	true
1328          	smoothSolver	7.106500e-04	5.969290e-05	10	1.570590e-02	1.317920e-03	10	5.905350e-03	4.871250e-04	10	false	GAMG	4.833690e-03	4.629110e-05	5	true
1329          	smoothSolver	7.219130e-04	5.948250e-05	10	1.562680e-02	1.287370e-03	10	5.965110e-03	4.851000e-04	10	false	GAMG	4.924880e-03	4.706930e-05	5	true
1330          	smoothSolver	7.321070e-04	5.922790e-05	10	1.549560e-02	1.256690e-03	10	6.009060e-03	4.824230e-04	10	false	GAMG	5.005270e-03	4.730880e-05	5	true
1331          	smoothSolver	7.401530e-04	5.890940e-05	10	1.531950e-02	1.226880e-03	10	6.024880e-03	6.023620e-04	9	false	GAMG	5.061950e-03	4.748160e-05	5	true
1332          	smoothSolver	7.453600e-04	7.367030e-05	9	1.507310e-02	1.502250e-03	9	6.043960e-03	6.013600e-04	9	false	GAMG	5.098020e-03	4.686370e-05	5	true
1333          	smoothSolver	7.490940e-04	7.328770e-05	9	1.477630e-02	1.468510e-03	9	5.993110e-03	5.945020e-04	9	false	GAMG	5.115380e-03	4.611610e-05	5	true
1334          	smoothSolver	7.505280e-04	7.292410e-05	9	1.442090e-02	1.437530e-03	9	5.927310e-03	5.893710e-04	9	false	GAMG	5.120370e-03	4.501910e-05	5	true
1335          	smoothSolver	7.492830e-04	7.261290e-05	9	1.401380e-02	1.123130e-03	10	5.849690e-03	4.658310e-04	10	false	GAMG	5.131570e-03	4.400060e-05	5	true
1336          	smoothSolver	7.474400e-04	7.260220e-05	9	1.350790e-02	1.097560e-03	10	5.736860e-03	4.625540e-04	10	false	GAMG	5.104550e-03	4.281200e-05	5	true
1337          	smoothSolver	7.434680e-04	7.261730e-05	9	1.300810e-02	1.075530e-03	10	5.619980e-03	4.611490e-04	10	false	GAMG	5.057130e-03	4.254980e-05	5	true
1338          	smoothSolver	7.380200e-04	7.262340e-05	9	1.252430e-02	1.056000e-03	10	5.503110e-03	4.607380e-04	10	false	GAMG	4.999290e-03	4.301330e-05	5	true
1339          	smoothSolver	7.315200e-04	7.258690e-05	9	1.208080e-02	1.039990e-03	10	5.389680e-03	4.604180e-04	10	false	GAMG	4.953620e-03	4.364870e-05	5	true
1340          	smoothSolver	7.234240e-04	5.762410e-05	10	1.168590e-02	1.026600e-03	10	5.284050e-03	4.598860e-04	10	false	GAMG	4.913990e-03	4.270280e-05	5	true
1341          	smoothSolver	7.114850e-04	5.726940e-05	10	1.139170e-02	1.018330e-03	10	5.207550e-03	4.607300e-04	10	false	GAMG	4.861640e-03	4.094690e-05	5	true
1342          	smoothSolver	6.988530e-04	5.693490e-05	10	1.111850e-02	1.007540e-03	10	5.140040e-03	4.604450e-04	10	false	GAMG	4.820740e-03	4.000060e-05	5	true
1343          	smoothSolver	6.872430e-04	5.672430e-05	10	1.090410e-02	9.967140e-04	10	5.093710e-03	4.601960e-04	10	false	GAMG	4.796550e-03	3.978260e-05	5	true
1344          	smoothSolver	6.753650e-04	5.663090e-05	10	1.073340e-02	9.859720e-04	10	5.069050e-03	4.603870e-04	10	false	GAMG	4.762110e-03	4.015480e-05	5	true
1345          	smoothSolver	6.636920e-04	5.657540e-05	10	1.059300e-02	9.748840e-04	10	5.062600e-03	4.613550e-04	10	false	GAMG	4.710620e-03	4.076610e-05	5	true
1346          	smoothSolver	6.530170e-04	5.652870e-05	10	1.048920e-02	9.642380e-04	10	5.066370e-03	4.630520e-04	10	false	GAMG	4.653740e-03	4.108910e-05	5	true
1347          	smoothSolver	6.428870e-04	5.646640e-05	10	1.041640e-02	9.549650e-04	10	5.082190e-03	4.655480e-04	10	false	GAMG	4.593350e-03	4.128530e-05	5	true
1348          	smoothSolver	6.334260e-04	5.635030e-05	10	1.036050e-02	9.462230e-04	10	5.107360e-03	4.682490e-04	10	false	GAMG	4.524360e-03	4.077750e-05	5	true
1349          	smoothSolver	6.255110e-04	5.614530e-05	10	1.031140e-02	9.368550e-04	10	5.136540e-03	4.705550e-04	10	false	GAMG	4.448250e-03	4.010250e-05	5	true
1350          	smoothSolver	6.183010e-04	5.584470e-05	10	1.026430e-02	9.269520e-04	10	5.162710e-03	4.718680e-04	10	false	GAMG	4.371550e-03	3.887910e-05	5	true
1351          	smoothSolver	6.119750e-04	5.552190e-05	10	1.020990e-02	9.177860e-04	10	5.187990e-03	4.725500e-04	10	false	GAMG	4.293180e-03	3.736560e-05	5	true
1352          	smoothSolver	6.058020e-04	5.525600e-05	10	1.014740e-02	9.099110e-04	10	5.201120e-03	4.726120e-04	10	false	GAMG	4.212110e-03	3.639510e-05	5	true
1353          	smoothSolver	6.002430e-04	5.503920e-05	10	1.009060e-02	9.029470e-04	10	5.211590e-03	4.727240e-04	10	false	GAMG	4.138290e-03	3.602660e-05	5	true
1354          	smoothSolver	5.959090e-04	5.487320e-05	10	1.004670e-02	8.970020e-04	10	5.218730e-03	4.734070e-04	10	false	GAMG	4.081760e-03	3.690110e-05	5	true
1355          	smoothSolver	5.925260e-04	5.473550e-05	10	1.002310e-02	8.937030e-04	10	5.229880e-03	4.746180e-04	10	false	GAMG	4.030860e-03	4.009950e-05	5	true
1356          	smoothSolver	5.895630e-04	5.462570e-05	10	1.002690e-02	8.945980e-04	10	5.239790e-03	4.760570e-04	10	false	GAMG	4.004390e-03	2.723260e-05	6	true
1357          	smoothSolver	5.883780e-04	5.452680e-05	10	1.007620e-02	8.987720e-04	10	5.254520e-03	4.773310e-04	10	false	GAMG	3.997860e-03	3.664400e-05	5	true
1358          	smoothSolver	5.858270e-04	5.449700e-05	10	1.013160e-02	9.046650e-04	10	5.266850e-03	4.778740e-04	10	false	GAMG	3.999060e-03	3.815380e-05	5	true
1359          	smoothSolver	5.869650e-04	5.455400e-05	10	1.022930e-02	9.125850e-04	10	5.290950e-03	4.789330e-04	10	false	GAMG	4.000510e-03	3.702170e-05	5	true
1360          	smoothSolver	5.889400e-04	5.470360e-05	10	1.033820e-02	9.200480e-04	10	5.315050e-03	4.796580e-04	10	false	GAMG	4.006380e-03	3.633790e-05	5	true
1361          	smoothSolver	5.919740e-04	5.491440e-05	10	1.045710e-02	9.263770e-04	10	5.344280e-03	4.804760e-04	10	false	GAMG	4.025680e-03	3.636080e-05	5	true
1362          	smoothSolver	5.957050e-04	5.512490e-05	10	1.057520e-02	9.324250e-04	10	5.373160e-03	4.817630e-04	10	false	GAMG	4.051500e-03	3.679880e-05	5	true
1363          	smoothSolver	5.998930e-04	5.527530e-05	10	1.068490e-02	9.382890e-04	10	5.406070e-03	4.832740e-04	10	false	GAMG	4.075020e-03	3.766890e-05	5	true
1364          	smoothSolver	6.043090e-04	5.531810e-05	10	1.078780e-02	9.437780e-04	10	5.438690e-03	4.849380e-04	10	false	GAMG	4.102460e-03	3.864190e-05	5	true
1365          	smoothSolver	6.087210e-04	5.525300e-05	10	1.088940e-02	9.489410e-04	10	5.475400e-03	4.868420e-04	10	false	GAMG	4.140870e-03	3.941210e-05	5	true
1366          	smoothSolver	6.129360e-04	5.513490e-05	10	1.098440e-02	9.536760e-04	10	5.508600e-03	4.885190e-04	10	false	GAMG	4.194300e-03	3.990200e-05	5	true
1367          	smoothSolver	6.169880e-04	5.503030e-05	10	1.106780e-02	9.577480e-04	10	5.539970e-03	4.899470e-04	10	false	GAMG	4.244650e-03	4.001180e-05	5	true
1368          	smoothSolver	6.204570e-04	5.498050e-05	10	1.113150e-02	9.617570e-04	10	5.560030e-03	4.909050e-04	10	false	GAMG	4.290290e-03	3.995070e-05	5	true
1369          	smoothSolver	6.226570e-04	5.499380e-05	10	1.118130e-02	9.648760e-04	10	5.567630e-03	4.913330e-04	10	false	GAMG	4.329310e-03	3.995350e-05	5	true
1370          	smoothSolver	6.243260e-04	5.500650e-05	10	1.120420e-02	9.671760e-04	10	5.556040e-03	4.911800e-04	10	false	GAMG	4.361830e-03	3.985680e-05	5	true
1371          	smoothSolver	6.250620e-04	5.494580e-05	10	1.121730e-02	9.700470e-04	10	5.531420e-03	4.903730e-04	10	false	GAMG	4.376600e-03	3.959710e-05	5	true
1372          	smoothSolver	6.253100e-04	5.480690e-05	10	1.121660e-02	9.740850e-04	10	5.494660e-03	4.886620e-04	10	false	GAMG	4.382850e-03	3.953960e-05	5	true
1373          	smoothSolver	6.252170e-04	5.463190e-05	10	1.121800e-02	9.788570e-04	10	5.441790e-03	4.859400e-04	10	false	GAMG	4.379540e-03	3.993580e-05	5	true
1374          	smoothSolver	6.248570e-04	5.447380e-05	10	1.121840e-02	9.846400e-04	10	5.373290e-03	4.822440e-04	10	false	GAMG	4.379220e-03	4.016200e-05	5	true
1375          	smoothSolver	6.243600e-04	5.433100e-05	10	1.121880e-02	9.915690e-04	10	5.300670e-03	4.779710e-04	10	false	GAMG	4.384110e-03	3.923340e-05	5	true
1376          	smoothSolver	6.235580e-04	5.422830e-05	10	1.122510e-02	9.995380e-04	10	5.229060e-03	4.731780e-04	10	false	GAMG	4.377630e-03	3.816460e-05	5	true
1377          	smoothSolver	6.227300e-04	5.419610e-05	10	1.121740e-02	1.007990e-03	10	5.163550e-03	4.687420e-04	10	false	GAMG	4.362020e-03	3.751660e-05	5	true
1378          	smoothSolver	6.216160e-04	5.420610e-05	10	1.121520e-02	1.015770e-03	10	5.098360e-03	4.648260e-04	10	false	GAMG	4.343020e-03	3.730830e-05	5	true
1379          	smoothSolver	6.200630e-04	5.421790e-05	10	1.120760e-02	1.022400e-03	10	5.037140e-03	4.612790e-04	10	false	GAMG	4.319860e-03	3.800750e-05	5	true
1380          	smoothSolver	6.179410e-04	5.416890e-05	10	1.118680e-02	1.027770e-03	10	4.979150e-03	4.582070e-04	10	false	GAMG	4.291720e-03	4.020270e-05	5	true
1381          	smoothSolver	6.153420e-04	5.401360e-05	10	1.114460e-02	1.030830e-03	10	4.926980e-03	4.556690e-04	10	false	GAMG	4.248590e-03	4.073650e-05	5	true
1382          	smoothSolver	6.124770e-04	5.381930e-05	10	1.110060e-02	1.031630e-03	10	4.880770e-03	4.536770e-04	10	false	GAMG	4.197060e-03	3.937380e-05	5	true
1383          	smoothSolver	6.096290e-04	5.366300e-05	10	1.105270e-02	1.031050e-03	10	4.842570e-03	4.521910e-04	10	false	GAMG	4.155890e-03	3.799540e-05	5	true
1384          	smoothSolver	6.067650e-04	5.362750e-05	10	1.101150e-02	1.031970e-03	10	4.809230e-03	4.515540e-04	10	false	GAMG	4.133450e-03	3.690780e-05	5	true
1385          	smoothSolver	6.041500e-04	5.375720e-05	10	1.097970e-02	1.036010e-03	10	4.785640e-03	4.524780e-04	10	false	GAMG	4.118560e-03	3.608630e-05	5	true
1386          	smoothSolver	6.016270e-04	5.397480e-05	10	1.097550e-02	1.041570e-03	10	4.775700e-03	4.548050e-04	10	false	GAMG	4.103650e-03	3.575700e-05	5	true
1387          	smoothSolver	5.996100e-04	5.419830e-05	10	1.098680e-02	1.047170e-03	10	4.776880e-03	4.580560e-04	10	false	GAMG	4.088760e-03	3.557820e-05	5	true
1388          	smoothSolver	5.982000e-04	5.440740e-05	10	1.101990e-02	1.054250e-03	10	4.785360e-03	4.616690e-04	10	false	GAMG	4.074960e-03	3.585500e-05	5	true
1389          	smoothSolver	5.971720e-04	5.460450e-05	10	1.108150e-02	1.065000e-03	10	4.802610e-03	4.654480e-04	10	false	GAMG	4.058320e-03	3.674000e-05	5	true
1390          	smoothSolver	5.962970e-04	5.477080e-05	10	1.117410e-02	1.076900e-03	10	4.822990e-03	4.693540e-04	10	false	GAMG	4.046890e-03	3.738530e-05	5	true
1391          	smoothSolver	5.950350e-04	5.491330e-05	10	1.128080e-02	1.088700e-03	10	4.849570e-03	4.733460e-04	10	false	GAMG	4.042890e-03	3.729690e-05	5	true
1392          	smoothSolver	5.941370e-04	5.503500e-05	10	1.137770e-02	1.098670e-03	10	4.873280e-03	4.769350e-04	10	false	GAMG	4.044310e-03	3.663250e-05	5	true
1393          	smoothSolver	5.932310e-04	5.521300e-05	10	1.146730e-02	1.107580e-03	10	4.903920e-03	4.802240e-04	10	false	GAMG	4.046130e-03	3.575820e-05	5	true
1394          	smoothSolver	5.923360e-04	5.544960e-05	10	1.154520e-02	1.115650e-03	10	4.936770e-03	4.835100e-04	10	false	GAMG	4.039660e-03	3.515550e-05	5	true
1395          	smoothSolver	5.919300e-04	5.573630e-05	10	1.161230e-02	1.122900e-03	10	4.969400e-03	4.864920e-04	10	false	GAMG	4.029770e-03	3.469140e-05	5	true
1396          	smoothSolver	5.913520e-04	5.602390e-05	10	1.166230e-02	1.129990e-03	10	4.993650e-03	4.890070e-04	10	false	GAMG	4.020030e-03	3.464930e-05	5	true
1397          	smoothSolver	5.903510e-04	5.626660e-05	10	1.170270e-02	1.137420e-03	10	5.011720e-03	4.915260e-04	10	false	GAMG	4.010150e-03	3.531730e-05	5	true
1398          	smoothSolver	5.892420e-04	5.644070e-05	10	1.173220e-02	1.144750e-03	10	5.022370e-03	4.937040e-04	10	false	GAMG	3.995170e-03	3.608220e-05	5	true
1399          	smoothSolver	5.875760e-04	5.654200e-05	10	1.177120e-02	1.151860e-03	10	5.029470e-03	4.949930e-04	10	false	GAMG	3.979730e-03	3.605030e-05	5	true
1400          	smoothSolver	5.861660e-04	5.658300e-05	10	1.181970e-02	1.159240e-03	10	5.030090e-03	4.958390e-04	10	false	GAMG	3.968410e-03	3.552550e-05	5	true
1401          	smoothSolver	5.857300e-04	5.664140e-05	10	1.188310e-02	1.168530e-03	10	5.029020e-03	4.968480e-04	10	false	GAMG	3.962510e-03	3.520030e-05	5	true
1402          	smoothSolver	5.858510e-04	5.670270e-05	10	1.196730e-02	1.179800e-03	10	5.024640e-03	4.978900e-04	10	false	GAMG	3.950850e-03	3.533120e-05	5	true
1403          	smoothSolver	5.866390e-04	5.671480e-05	10	1.207570e-02	1.191950e-03	10	5.020690e-03	4.985230e-04	10	false	GAMG	3.933560e-03	3.541580e-05	5	true
1404          	smoothSolver	5.879400e-04	5.671280e-05	10	1.220620e-02	1.205260e-03	10	5.018340e-03	4.984010e-04	10	false	GAMG	3.919440e-03	3.532220e-05	5	true
1405          	smoothSolver	5.900490e-04	5.677920e-05	10	1.235270e-02	1.220270e-03	10	5.018480e-03	4.976740e-04	10	false	GAMG	3.910430e-03	3.508890e-05	5	true
1406          	smoothSolver	5.929220e-04	5.694940e-05	10	1.248780e-02	1.234610e-03	10	5.017980e-03	4.966100e-04	10	false	GAMG	3.908450e-03	3.486310e-05	5	true
1407          	smoothSolver	5.963590e-04	5.718910e-05	10	1.254270e-02	1.240580e-03	10	5.021840e-03	4.957740e-04	10	false	GAMG	3.909930e-03	3.454980e-05	5	true
1408          	smoothSolver	5.992650e-04	5.740740e-05	10	1.252190e-02	1.238940e-03	10	5.026870e-03	4.954100e-04	10	false	GAMG	3.912420e-03	3.436810e-05	5	true
1409          	smoothSolver	6.018320e-04	5.761260e-05	10	1.247140e-02	1.232450e-03	10	5.035810e-03	4.955990e-04	10	false	GAMG	3.911060e-03	3.424060e-05	5	true
1410          	smoothSolver	6.035920e-04	5.783670e-05	10	1.240800e-02	1.224470e-03	10	5.046750e-03	4.966220e-04	10	false	GAMG	3.908420e-03	3.448100e-05	5	true
1411          	smoothSolver	6.049320e-04	5.807740e-05	10	1.235790e-02	1.217240e-03	10	5.063060e-03	4.983690e-04	10	false	GAMG	3.912570e-03	3.493030e-05	5	true
1412          	smoothSolver	6.061100e-04	5.829340e-05	10	1.233250e-02	1.212960e-03	10	5.079550e-03	5.003430e-04	10	false	GAMG	3.921510e-03	3.533890e-05	5	true
1413          	smoothSolver	6.072280e-04	5.840600e-05	10	1.232940e-02	1.211910e-03	10	5.096280e-03	5.018220e-04	10	false	GAMG	3.931500e-03	3.547960e-05	5	true
1414          	smoothSolver	6.085270e-04	5.841540e-05	10	1.234690e-02	1.213330e-03	10	5.111570e-03	5.029460e-04	10	false	GAMG	3.937430e-03	3.546500e-05	5	true
1415          	smoothSolver	6.101800e-04	5.840800e-05	10	1.239310e-02	1.216880e-03	10	5.131540e-03	5.043140e-04	10	false	GAMG	3.939670e-03	3.552630e-05	5	true
1416          	smoothSolver	6.120530e-04	5.843130e-05	10	1.246480e-02	1.222270e-03	10	5.153950e-03	5.058720e-04	10	false	GAMG	3.944820e-03	3.569930e-05	5	true
1417          	smoothSolver	6.141710e-04	5.855470e-05	10	1.254110e-02	1.229170e-03	10	5.180540e-03	5.081270e-04	10	false	GAMG	3.951180e-03	3.549490e-05	5	true
1418          	smoothSolver	6.159210e-04	5.868750e-05	10	1.262380e-02	1.236550e-03	10	5.207760e-03	5.107620e-04	10	false	GAMG	3.952770e-03	3.540050e-05	5	true
1419          	smoothSolver	6.173280e-04	5.880990e-05	10	1.270920e-02	1.242360e-03	10	5.231810e-03	5.129430e-04	10	false	GAMG	3.950290e-03	3.575330e-05	5	true
1420          	smoothSolver	6.186520e-04	5.891420e-05	10	1.278860e-02	1.246580e-03	10	5.249730e-03	5.143920e-04	10	false	GAMG	3.959580e-03	3.657630e-05	5	true
1421          	smoothSolver	6.202490e-04	5.898290e-05	10	1.286990e-02	1.250150e-03	10	5.263710e-03	5.150680e-04	10	false	GAMG	3.981010e-03	3.729180e-05	5	true
1422          	smoothSolver	6.214480e-04	5.897560e-05	10	1.294840e-02	1.252910e-03	10	5.272940e-03	5.147740e-04	10	false	GAMG	4.011360e-03	3.774350e-05	5	true
1423          	smoothSolver	6.223430e-04	5.889600e-05	10	1.302430e-02	1.253280e-03	10	5.282480e-03	5.132720e-04	10	false	GAMG	4.039010e-03	3.813800e-05	5	true
1424          	smoothSolver	6.229530e-04	5.876440e-05	10	1.310480e-02	1.253920e-03	10	5.294230e-03	5.115010e-04	10	false	GAMG	4.072940e-03	3.865200e-05	5	true
1425          	smoothSolver	6.236350e-04	5.864190e-05	10	1.318910e-02	1.254210e-03	10	5.311410e-03	5.097080e-04	10	false	GAMG	4.101510e-03	3.899860e-05	5	true
1426          	smoothSolver	6.242070e-04	5.857660e-05	10	1.326240e-02	1.253610e-03	10	5.332420e-03	5.082590e-04	10	false	GAMG	4.127740e-03	3.902370e-05	5	true
1427          	smoothSolver	6.243220e-04	5.854990e-05	10	1.330840e-02	1.250720e-03	10	5.354630e-03	5.075870e-04	10	false	GAMG	4.149790e-03	3.887190e-05	5	true
1428          	smoothSolver	6.240960e-04	5.857750e-05	10	1.331300e-02	1.246090e-03	10	5.366770e-03	5.075850e-04	10	false	GAMG	4.172330e-03	3.834140e-05	5	true
1429          	smoothSolver	6.234240e-04	5.861350e-05	10	1.326750e-02	1.240340e-03	10	5.365990e-03	5.072440e-04	10	false	GAMG	4.191390e-03	3.757920e-05	5	true
1430          	smoothSolver	6.224810e-04	5.861600e-05	10	1.318270e-02	1.233410e-03	10	5.353760e-03	5.061540e-04	10	false	GAMG	4.214520e-03	3.710380e-05	5	true
1431          	smoothSolver	6.215100e-04	5.856110e-05	10	1.306890e-02	1.224600e-03	10	5.333930e-03	5.044990e-04	10	false	GAMG	4.239610e-03	3.686170e-05	5	true
1432          	smoothSolver	6.207000e-04	5.846730e-05	10	1.292620e-02	1.212780e-03	10	5.315190e-03	5.026440e-04	10	false	GAMG	4.260360e-03	3.673440e-05	5	true
1433          	smoothSolver	6.201510e-04	5.837650e-05	10	1.276760e-02	1.197910e-03	10	5.299440e-03	5.005790e-04	10	false	GAMG	4.274360e-03	3.674380e-05	5	true
1434          	smoothSolver	6.199640e-04	5.830180e-05	10	1.260050e-02	1.181560e-03	10	5.288160e-03	4.985480e-04	10	false	GAMG	4.294630e-03	3.711030e-05	5	true
1435          	smoothSolver	6.201210e-04	5.827660e-05	10	1.244780e-02	1.164060e-03	10	5.282830e-03	4.966050e-04	10	false	GAMG	4.316620e-03	3.808400e-05	5	true
1436          	smoothSolver	6.212230e-04	5.822400e-05	10	1.231770e-02	1.145880e-03	10	5.284020e-03	4.943050e-04	10	false	GAMG	4.341330e-03	3.936870e-05	5	true
1437          	smoothSolver	6.233100e-04	5.812210e-05	10	1.222950e-02	1.128590e-03	10	5.288700e-03	4.915870e-04	10	false	GAMG	4.368930e-03	4.030290e-05	5	true
1438          	smoothSolver	6.265190e-04	5.798230e-05	10	1.217070e-02	1.114240e-03	10	5.288610e-03	4.886360e-04	10	false	GAMG	4.392750e-03	4.052170e-05	5	true
1439          	smoothSolver	6.302980e-04	5.779730e-05	10	1.214010e-02	1.103860e-03	10	5.288180e-03	4.856430e-04	10	false	GAMG	4.400570e-03	4.032240e-05	5	true
1440          	smoothSolver	6.338130e-04	5.756290e-05	10	1.212260e-02	1.097340e-03	10	5.285430e-03	4.825660e-04	10	false	GAMG	4.391510e-03	3.994430e-05	5	true
1441          	smoothSolver	6.362650e-04	5.730300e-05	10	1.210880e-02	1.092740e-03	10	5.276590e-03	4.789800e-04	10	false	GAMG	4.381460e-03	3.946160e-05	5	true
1442          	smoothSolver	6.380660e-04	5.705310e-05	10	1.207580e-02	1.087900e-03	10	5.257190e-03	4.752660e-04	10	false	GAMG	4.377750e-03	3.902280e-05	5	true
1443          	smoothSolver	6.394040e-04	5.683360e-05	10	1.200860e-02	1.082280e-03	10	5.229040e-03	4.720890e-04	10	false	GAMG	4.372960e-03	3.895950e-05	5	true
1444          	smoothSolver	6.398390e-04	5.665180e-05	10	1.190660e-02	1.076150e-03	10	5.191680e-03	4.694470e-04	10	false	GAMG	4.366810e-03	3.931690e-05	5	true
1445          	smoothSolver	6.397650e-04	5.649050e-05	10	1.177210e-02	1.070210e-03	10	5.150480e-03	4.678860e-04	10	false	GAMG	4.356620e-03	3.963210e-05	5	true
1446          	smoothSolver	6.386470e-04	5.630010e-05	10	1.161720e-02	1.064910e-03	10	5.107020e-03	4.673740e-04	10	false	GAMG	4.338900e-03	3.982020e-05	5	true
1447          	smoothSolver	6.364550e-04	5.607870e-05	10	1.145070e-02	1.060170e-03	10	5.065180e-03	4.674980e-04	10	false	GAMG	4.318920e-03	3.974950e-05	5	true
1448          	smoothSolver	6.333340e-04	5.584510e-05	10	1.128180e-02	1.056060e-03	10	5.025930e-03	4.675280e-04	10	false	GAMG	4.288860e-03	3.935550e-05	5	true
1449          	smoothSolver	6.295160e-04	5.562770e-05	10	1.111670e-02	1.051920e-03	10	4.989580e-03	4.675550e-04	10	false	GAMG	4.256480e-03	3.878800e-05	5	true
1450          	smoothSolver	6.254120e-04	5.544460e-05	10	1.095440e-02	1.047780e-03	10	4.959420e-03	4.678710e-04	10	false	GAMG	4.227930e-03	3.809510e-05	5	true
1451          	smoothSolver	6.213290e-04	5.535870e-05	10	1.080860e-02	1.042440e-03	10	4.933440e-03	4.684790e-04	10	false	GAMG	4.210980e-03	3.759220e-05	5	true
1452          	smoothSolver	6.177900e-04	5.538120e-05	10	1.066780e-02	1.036490e-03	10	4.907450e-03	4.693790e-04	10	false	GAMG	4.194350e-03	3.754830e-05	5	true
1453          	smoothSolver	6.150330e-04	5.548450e-05	10	1.053620e-02	1.030660e-03	10	4.891970e-03	4.706640e-04	10	false	GAMG	4.177240e-03	3.791400e-05	5	true
1454          	smoothSolver	6.129300e-04	5.558650e-05	10	1.042470e-02	1.025840e-03	10	4.881920e-03	4.719900e-04	10	false	GAMG	4.162930e-03	3.824760e-05	5	true
1455          	smoothSolver	6.113940e-04	5.567840e-05	10	1.033660e-02	1.021470e-03	10	4.878990e-03	4.735170e-04	10	false	GAMG	4.159020e-03	3.859920e-05	5	true
1456          	smoothSolver	6.104030e-04	5.577750e-05	10	1.026730e-02	1.017510e-03	10	4.884200e-03	4.747660e-04	10	false	GAMG	4.175540e-03	3.887860e-05	5	true
1457          	smoothSolver	6.101520e-04	5.585620e-05	10	1.022280e-02	1.014150e-03	10	4.899190e-03	4.758570e-04	10	false	GAMG	4.202630e-03	3.896790e-05	5	true
1458          	smoothSolver	6.107650e-04	5.593820e-05	10	1.018930e-02	1.009090e-03	10	4.918250e-03	4.763410e-04	10	false	GAMG	4.238720e-03	3.922540e-05	5	true
1459          	smoothSolver	6.119990e-04	5.599420e-05	10	1.016680e-02	1.001160e-03	10	4.940820e-03	4.756700e-04	10	false	GAMG	4.267180e-03	3.912260e-05	5	true
1460          	smoothSolver	6.140900e-04	5.604910e-05	10	1.014260e-02	9.915670e-04	10	4.958970e-03	4.744210e-04	10	false	GAMG	4.291460e-03	3.884540e-05	5	true
1461          	smoothSolver	6.162850e-04	5.608630e-05	10	1.012130e-02	9.823500e-04	10	4.976700e-03	4.731590e-04	10	false	GAMG	4.310930e-03	3.874840e-05	5	true
1462          	smoothSolver	6.187650e-04	5.608420e-05	10	1.008860e-02	9.744780e-04	10	4.993870e-03	4.721670e-04	10	false	GAMG	4.330950e-03	3.903190e-05	5	true
1463          	smoothSolver	6.208580e-04	5.599490e-05	10	1.005010e-02	9.670840e-04	10	5.008070e-03	4.708830e-04	10	false	GAMG	4.337760e-03	3.926160e-05	5	true
1464          	smoothSolver	6.223690e-04	5.586870e-05	10	9.995480e-03	9.600320e-04	10	5.014410e-03	4.695180e-04	10	false	GAMG	4.332540e-03	3.934680e-05	5	true
1465          	smoothSolver	6.231830e-04	5.574760e-05	10	9.929260e-03	9.532360e-04	10	5.012180e-03	4.684570e-04	10	false	GAMG	4.321690e-03	3.945100e-05	5	true
1466          	smoothSolver	6.234520e-04	5.567480e-05	10	9.863750e-03	9.474500e-04	10	5.003030e-03	4.677900e-04	10	false	GAMG	4.315200e-03	3.969090e-05	5	true
1467          	smoothSolver	6.233900e-04	5.568700e-05	10	9.818300e-03	9.434800e-04	10	4.993520e-03	4.672920e-04	10	false	GAMG	4.308280e-03	4.000490e-05	5	true
1468          	smoothSolver	6.227510e-04	5.576570e-05	10	9.794580e-03	9.422200e-04	10	4.987770e-03	4.668290e-04	10	false	GAMG	4.298530e-03	3.980550e-05	5	true
1469          	smoothSolver	6.212560e-04	5.585480e-05	10	9.804340e-03	9.441540e-04	10	4.988900e-03	4.664150e-04	10	false	GAMG	4.282120e-03	3.913900e-05	5	true
1470          	smoothSolver	6.189020e-04	5.595130e-05	10	9.842310e-03	9.483060e-04	10	4.991410e-03	4.662660e-04	10	false	GAMG	4.268840e-03	3.887540e-05	5	true
1471          	smoothSolver	6.161540e-04	5.603780e-05	10	9.902560e-03	9.544030e-04	10	4.999340e-03	4.661580e-04	10	false	GAMG	4.253350e-03	3.913130e-05	5	true
1472          	smoothSolver	6.134310e-04	5.616150e-05	10	9.984880e-03	9.617200e-04	10	5.014000e-03	4.663250e-04	10	false	GAMG	4.231860e-03	3.968490e-05	5	true
1473          	smoothSolver	6.111280e-04	5.633000e-05	10	1.008980e-02	9.692600e-04	10	5.039800e-03	4.670030e-04	10	false	GAMG	4.205300e-03	4.019690e-05	5	true
1474          	smoothSolver	6.092810e-04	5.652640e-05	10	1.022060e-02	9.764130e-04	10	5.074920e-03	4.682080e-04	10	false	GAMG	4.185830e-03	4.036200e-05	5	true
1475          	smoothSolver	6.078040e-04	5.665820e-05	10	1.036580e-02	9.827070e-04	10	5.113730e-03	4.700800e-04	10	false	GAMG	4.176880e-03	4.043720e-05	5	true
1476          	smoothSolver	6.066530e-04	5.669460e-05	10	1.051320e-02	9.892790e-04	10	5.159800e-03	4.728510e-04	10	false	GAMG	4.167190e-03	4.068250e-05	5	true
1477          	smoothSolver	6.062450e-04	5.668260e-05	10	1.065660e-02	9.956200e-04	10	5.213150e-03	4.760600e-04	10	false	GAMG	4.156420e-03	4.059850e-05	5	true
1478          	smoothSolver	6.073990e-04	5.667240e-05	10	1.079890e-02	1.001240e-03	10	5.265690e-03	4.788540e-04	10	false	GAMG	4.146270e-03	4.044510e-05	5	true
1479          	smoothSolver	6.098350e-04	5.672240e-05	10	1.093680e-02	1.005610e-03	10	5.316000e-03	4.811130e-04	10	false	GAMG	4.141920e-03	3.998480e-05	5	true
1480          	smoothSolver	6.135880e-04	5.684210e-05	10	1.105770e-02	1.009070e-03	10	5.360650e-03	4.832400e-04	10	false	GAMG	4.152150e-03	3.968800e-05	5	true
1481          	smoothSolver	6.182060e-04	5.698620e-05	10	1.116380e-02	1.012230e-03	10	5.400400e-03	4.855020e-04	10	false	GAMG	4.165560e-03	3.952200e-05	5	true
1482          	smoothSolver	6.231190e-04	5.712020e-05	10	1.125350e-02	1.014900e-03	10	5.429850e-03	4.874280e-04	10	false	GAMG	4.183650e-03	3.970780e-05	5	true
1483          	smoothSolver	6.281110e-04	5.721990e-05	10	1.133060e-02	1.017220e-03	10	5.447560e-03	4.883550e-04	10	false	GAMG	4.204350e-03	4.006680e-05	5	true
1484          	smoothSolver	6.323950e-04	5.727440e-05	10	1.139860e-02	1.019850e-03	10	5.449790e-03	4.878490e-04	10	false	GAMG	4.225510e-03	4.054140e-05	5	true
1485          	smoothSolver	6.362390e-04	5.734190e-05	10	1.146250e-02	1.024430e-03	10	5.439540e-03	4.863730e-04	10	false	GAMG	4.241850e-03	4.072920e-05	5	true
1486          	smoothSolver	6.394960e-04	5.745410e-05	10	1.153250e-02	1.031060e-03	10	5.421110e-03	4.845910e-04	10	false	GAMG	4.262120e-03	4.059610e-05	5	true
1487          	smoothSolver	6.428820e-04	5.759390e-05	10	1.161200e-02	1.039430e-03	10	5.403930e-03	4.833480e-04	10	false	GAMG	4.284110e-03	4.070570e-05	5	true
1488          	smoothSolver	6.463130e-04	5.777360e-05	10	1.169990e-02	1.049560e-03	10	5.391490e-03	4.829830e-04	10	false	GAMG	4.304700e-03	4.082110e-05	5	true
1489          	smoothSolver	6.501510e-04	5.806180e-05	10	1.179750e-02	1.060200e-03	10	5.391820e-03	4.835630e-04	10	false	GAMG	4.323280e-03	4.117290e-05	5	true
1490          	smoothSolver	6.542310e-04	5.838740e-05	10	1.189680e-02	1.069550e-03	10	5.400510e-03	4.848460e-04	10	false	GAMG	4.345360e-03	4.147050e-05	5	true
1491          	smoothSolver	6.582520e-04	5.869310e-05	10	1.200040e-02	1.077990e-03	10	5.419980e-03	4.868800e-04	10	false	GAMG	4.357790e-03	4.144390e-05	5	true
1492          	smoothSolver	6.624750e-04	5.893450e-05	10	1.210830e-02	1.086440e-03	10	5.441490e-03	4.894030e-04	10	false	GAMG	4.364110e-03	4.136590e-05	5	true
1493          	smoothSolver	6.668680e-04	5.908710e-05	10	1.221260e-02	1.094880e-03	10	5.464440e-03	4.917890e-04	10	false	GAMG	4.360740e-03	4.174820e-05	5	true
1494          	smoothSolver	6.712750e-04	5.911710e-05	10	1.233070e-02	1.102220e-03	10	5.487530e-03	4.937140e-04	10	false	GAMG	4.346420e-03	4.231030e-05	5	true
1495          	smoothSolver	6.760280e-04	5.907090e-05	10	1.245890e-02	1.108160e-03	10	5.513090e-03	4.950430e-04	10	false	GAMG	4.332540e-03	4.273980e-05	5	true
1496          	smoothSolver	6.807850e-04	5.899810e-05	10	1.258830e-02	1.112460e-03	10	5.541410e-03	4.959990e-04	10	false	GAMG	4.332000e-03	4.263650e-05	5	true
1497          	smoothSolver	6.855430e-04	5.897420e-05	10	1.270290e-02	1.116240e-03	10	5.574120e-03	4.970010e-04	10	false	GAMG	4.335950e-03	4.199810e-05	5	true
1498          	smoothSolver	6.897460e-04	5.892560e-05	10	1.279830e-02	1.118710e-03	10	5.597320e-03	4.980530e-04	10	false	GAMG	4.344010e-03	4.058040e-05	5	true
1499          	smoothSolver	6.931760e-04	5.884060e-05	10	1.284790e-02	1.119630e-03	10	5.605110e-03	4.987540e-04	10	false	GAMG	4.354230e-03	3.902740e-05	5	true
1500          	smoothSolver	6.947620e-04	5.863160e-05	10	1.285750e-02	1.119900e-03	10	5.592390e-03	4.989670e-04	10	false	GAMG	4.360740e-03	3.795050e-05	5	true
