# Solver information
# Time        	U_solver      	Ux_initial    	Ux_final      	Ux_iters      	Uy_initial    	Uy_final      	Uy_iters      	Uz_initial    	Uz_final      	Uz_iters      	U_converged   	p_solver      	p_initial     	p_final       	p_iters       	p_converged   
1             	smoothSolver	2.275880e-02	1.984250e-03	9	2.233800e-01	2.209860e-02	8	2.188120e-01	2.073300e-02	7	false	GAMG	1.000000e+00	8.654090e-03	11	true
2             	smoothSolver	1.422070e-02	1.268600e-03	8	1.351730e-01	1.057770e-02	8	1.128130e-01	9.017480e-03	8	false	GAMG	6.327940e-02	6.301690e-04	10	true
3             	smoothSolver	9.169690e-03	7.822720e-04	8	1.003490e-01	9.929130e-03	7	9.144750e-02	7.191310e-03	8	false	GAMG	4.351190e-02	3.446780e-04	9	true
4             	smoothSolver	7.091710e-03	5.902470e-04	8	8.169210e-02	8.140260e-03	7	7.189830e-02	5.620060e-03	8	false	GAMG	3.545220e-02	2.669430e-04	9	true
5             	smoothSolver	5.924860e-03	5.170900e-04	8	7.068770e-02	5.791560e-03	8	5.698090e-02	4.663640e-03	8	false	GAMG	2.930160e-02	2.488010e-04	9	true
6             	smoothSolver	5.152500e-03	4.802080e-04	8	6.440850e-02	5.739330e-03	8	4.878690e-02	4.264400e-03	8	false	GAMG	2.604810e-02	2.151120e-04	9	true
7             	smoothSolver	4.601210e-03	4.534700e-04	8	5.962660e-02	5.695210e-03	8	4.281710e-02	3.991400e-03	8	false	GAMG	2.353800e-02	1.817950e-04	7	true
8             	smoothSolver	4.177850e-03	3.364540e-04	9	5.455950e-02	4.339370e-03	9	3.791160e-02	3.732640e-03	8	false	GAMG	2.156410e-02	1.734290e-04	7	true
9             	smoothSolver	3.898900e-03	3.187520e-04	9	5.017440e-02	4.134280e-03	9	3.420420e-02	2.725200e-03	9	false	GAMG	2.026280e-02	1.752130e-04	7	true
10            	smoothSolver	3.651430e-03	3.058720e-04	9	4.700760e-02	3.981820e-03	9	3.144700e-02	2.539600e-03	9	false	GAMG	1.943860e-02	1.609550e-04	7	true
11            	smoothSolver	3.457830e-03	2.967580e-04	9	4.448620e-02	3.859340e-03	9	2.938710e-02	2.434100e-03	9	false	GAMG	1.867910e-02	1.351330e-04	7	true
12            	smoothSolver	3.302310e-03	2.910900e-04	9	4.255180e-02	3.767540e-03	9	2.766500e-02	2.354520e-03	9	false	GAMG	1.798890e-02	1.679530e-04	6	true
13            	smoothSolver	3.207210e-03	2.873530e-04	9	4.118420e-02	3.709820e-03	9	2.614800e-02	2.274330e-03	9	false	GAMG	1.745380e-02	1.597290e-04	6	true
14            	smoothSolver	3.101480e-03	2.848800e-04	9	4.006780e-02	3.677350e-03	9	2.488310e-02	2.209560e-03	9	false	GAMG	1.688360e-02	1.653680e-04	6	true
15            	smoothSolver	2.995500e-03	2.829740e-04	9	3.899690e-02	3.644440e-03	9	2.374260e-02	2.153320e-03	9	false	GAMG	1.637800e-02	1.113890e-04	7	true
16            	smoothSolver	2.931920e-03	2.811470e-04	9	3.813670e-02	3.640010e-03	9	2.260050e-02	2.092750e-03	9	false	GAMG	1.592530e-02	1.074040e-04	7	true
17            	smoothSolver	2.866400e-03	2.796850e-04	9	3.730700e-02	3.635370e-03	9	2.145720e-02	2.026150e-03	9	false	GAMG	1.530840e-02	1.301020e-04	6	true
18            	smoothSolver	2.791660e-03	2.781420e-04	9	3.651320e-02	3.626500e-03	9	2.035610e-02	1.960450e-03	9	false	GAMG	1.484230e-02	9.221910e-05	6	true
19            	smoothSolver	2.737680e-03	2.196160e-04	10	3.582310e-02	2.879130e-03	10	1.942940e-02	1.906440e-03	9	false	GAMG	1.454690e-02	9.008950e-05	6	true
20            	smoothSolver	2.681170e-03	2.185140e-04	10	3.510220e-02	2.869290e-03	10	1.875000e-02	1.869770e-03	9	false	GAMG	1.430960e-02	8.794300e-05	6	true
21            	smoothSolver	2.642760e-03	2.185110e-04	10	3.462020e-02	2.858990e-03	10	1.824010e-02	1.461660e-03	10	false	GAMG	1.422680e-02	1.361560e-04	6	true
22            	smoothSolver	2.630430e-03	2.181850e-04	10	3.438260e-02	2.852080e-03	10	1.777540e-02	1.445910e-03	10	false	GAMG	1.429450e-02	1.365190e-04	6	true
23            	smoothSolver	2.595350e-03	2.168220e-04	10	3.421580e-02	2.849790e-03	10	1.747120e-02	1.442550e-03	10	false	GAMG	1.431930e-02	1.352080e-04	6	true
24            	smoothSolver	2.568930e-03	2.156530e-04	10	3.413480e-02	2.860770e-03	10	1.730650e-02	1.445700e-03	10	false	GAMG	1.441660e-02	9.811740e-05	6	true
25            	smoothSolver	2.545090e-03	2.156520e-04	10	3.413320e-02	2.882880e-03	10	1.724510e-02	1.452290e-03	10	false	GAMG	1.444660e-02	9.335340e-05	6	true
26            	smoothSolver	2.548040e-03	2.164510e-04	10	3.413030e-02	2.905690e-03	10	1.721150e-02	1.459610e-03	10	false	GAMG	1.443630e-02	8.978710e-05	6	true
27            	smoothSolver	2.556140e-03	2.174020e-04	10	3.408930e-02	2.923640e-03	10	1.720400e-02	1.469670e-03	10	false	GAMG	1.434420e-02	9.691750e-05	6	true
28            	smoothSolver	2.562380e-03	2.179380e-04	10	3.411180e-02	2.949330e-03	10	1.720670e-02	1.482900e-03	10	false	GAMG	1.409300e-02	1.046010e-04	6	true
29            	smoothSolver	2.566980e-03	2.192000e-04	10	3.424630e-02	2.997810e-03	10	1.719150e-02	1.497910e-03	10	false	GAMG	1.379830e-02	9.882350e-05	6	true
30            	smoothSolver	2.578120e-03	2.213090e-04	10	3.456360e-02	3.067080e-03	10	1.720040e-02	1.515010e-03	10	false	GAMG	1.357790e-02	8.928620e-05	6	true
31            	smoothSolver	2.599740e-03	2.239720e-04	10	3.500370e-02	3.141680e-03	10	1.727410e-02	1.534740e-03	10	false	GAMG	1.343690e-02	8.329970e-05	6	true
32            	smoothSolver	2.629240e-03	2.268230e-04	10	3.543810e-02	3.210220e-03	10	1.734560e-02	1.551240e-03	10	false	GAMG	1.334930e-02	8.139200e-05	6	true
33            	smoothSolver	2.662810e-03	2.294650e-04	10	3.583960e-02	3.268210e-03	10	1.740110e-02	1.564480e-03	10	false	GAMG	1.335890e-02	8.549390e-05	6	true
34            	smoothSolver	2.698700e-03	2.322540e-04	10	3.614860e-02	3.307820e-03	10	1.747800e-02	1.578630e-03	10	false	GAMG	1.345070e-02	8.679270e-05	6	true
35            	smoothSolver	2.740020e-03	2.352660e-04	10	3.647170e-02	3.345050e-03	10	1.759010e-02	1.594870e-03	10	false	GAMG	1.355780e-02	8.873250e-05	6	true
36            	smoothSolver	2.783040e-03	2.384360e-04	10	3.685870e-02	3.389200e-03	10	1.778780e-02	1.613210e-03	10	false	GAMG	1.366620e-02	9.119680e-05	6	true
37            	smoothSolver	2.831010e-03	2.418860e-04	10	3.736240e-02	3.438830e-03	10	1.811150e-02	1.643680e-03	10	false	GAMG	1.373690e-02	9.086420e-05	6	true
38            	smoothSolver	2.886410e-03	2.459290e-04	10	3.801240e-02	3.497280e-03	10	1.855920e-02	1.687680e-03	10	false	GAMG	1.379240e-02	9.266920e-05	6	true
39            	smoothSolver	2.948390e-03	2.509030e-04	10	3.861920e-02	3.556410e-03	10	1.909150e-02	1.739150e-03	10	false	GAMG	1.383860e-02	9.543130e-05	6	true
40            	smoothSolver	3.011090e-03	2.565520e-04	10	3.912760e-02	3.606420e-03	10	1.966240e-02	1.790330e-03	10	false	GAMG	1.380180e-02	1.000110e-04	6	true
41            	smoothSolver	3.070670e-03	2.623850e-04	10	3.960320e-02	3.653560e-03	10	2.027400e-02	1.840470e-03	10	false	GAMG	1.374370e-02	1.045980e-04	6	true
42            	smoothSolver	3.122490e-03	2.671750e-04	10	4.007090e-02	3.702600e-03	10	2.090450e-02	1.894560e-03	10	false	GAMG	1.371600e-02	1.048750e-04	6	true
43            	smoothSolver	3.165580e-03	2.703190e-04	10	4.053620e-02	3.747600e-03	10	2.154450e-02	1.950930e-03	10	false	GAMG	1.375010e-02	1.035550e-04	6	true
44            	smoothSolver	3.201360e-03	2.710500e-04	10	4.100150e-02	3.789620e-03	10	2.219600e-02	2.000620e-03	10	false	GAMG	1.388890e-02	1.020150e-04	6	true
45            	smoothSolver	3.240070e-03	2.695090e-04	10	4.157730e-02	3.827860e-03	10	2.281720e-02	2.038380e-03	10	false	GAMG	1.416890e-02	1.003120e-04	6	true
46            	smoothSolver	3.274830e-03	2.666190e-04	10	4.230760e-02	3.853400e-03	10	2.346490e-02	2.068000e-03	10	false	GAMG	1.459910e-02	1.015440e-04	6	true
47            	smoothSolver	3.309830e-03	2.634660e-04	10	4.310820e-02	3.868420e-03	10	2.424350e-02	2.100590e-03	10	false	GAMG	1.529230e-02	1.135290e-04	6	true
48            	smoothSolver	3.362900e-03	3.320890e-04	9	4.394360e-02	3.870540e-03	10	2.518280e-02	2.146840e-03	10	false	GAMG	1.634430e-02	1.264350e-04	6	true
49            	smoothSolver	3.432800e-03	3.334050e-04	9	4.449150e-02	3.844720e-03	10	2.612970e-02	2.200850e-03	10	false	GAMG	1.742690e-02	1.283450e-04	6	true
50            	smoothSolver	3.473960e-03	3.350510e-04	9	4.469420e-02	3.819350e-03	10	2.709990e-02	2.267460e-03	10	false	GAMG	1.807570e-02	1.305250e-04	6	true
51            	smoothSolver	3.484480e-03	3.366910e-04	9	4.460680e-02	3.799540e-03	10	2.808940e-02	2.342730e-03	10	false	GAMG	1.837020e-02	1.264760e-04	6	true
52            	smoothSolver	3.466000e-03	3.384700e-04	9	4.413610e-02	3.776060e-03	10	2.901470e-02	2.424240e-03	10	false	GAMG	1.852490e-02	1.222770e-04	6	true
53            	smoothSolver	3.449850e-03	3.406490e-04	9	4.345740e-02	3.747170e-03	10	2.985840e-02	2.509890e-03	10	false	GAMG	1.860050e-02	1.155440e-04	6	true
54            	smoothSolver	3.446350e-03	3.424960e-04	9	4.289410e-02	3.719880e-03	10	3.068540e-02	2.596240e-03	10	false	GAMG	1.833360e-02	1.088560e-04	6	true
55            	smoothSolver	3.421560e-03	2.712770e-04	10	4.228590e-02	3.695030e-03	10	3.144760e-02	2.676180e-03	10	false	GAMG	1.792650e-02	1.033560e-04	6	true
56            	smoothSolver	3.371160e-03	2.704550e-04	10	4.169570e-02	3.677690e-03	10	3.210780e-02	2.747290e-03	10	false	GAMG	1.748110e-02	9.981350e-05	6	true
57            	smoothSolver	3.331530e-03	2.707200e-04	10	4.119940e-02	3.654480e-03	10	3.258570e-02	2.801700e-03	10	false	GAMG	1.706010e-02	9.997460e-05	6	true
58            	smoothSolver	3.293970e-03	2.710540e-04	10	4.082790e-02	3.628280e-03	10	3.295670e-02	2.839190e-03	10	false	GAMG	1.688040e-02	1.005140e-04	6	true
59            	smoothSolver	3.272500e-03	2.705160e-04	10	4.060170e-02	3.593950e-03	10	3.323040e-02	2.852160e-03	10	false	GAMG	1.699480e-02	1.012860e-04	6	true
60            	smoothSolver	3.269050e-03	2.694210e-04	10	4.045820e-02	3.552640e-03	10	3.350260e-02	2.845820e-03	10	false	GAMG	1.741670e-02	1.046620e-04	6	true
61            	smoothSolver	3.258940e-03	2.676400e-04	10	4.038200e-02	3.505650e-03	10	3.366290e-02	2.818930e-03	10	false	GAMG	1.804590e-02	1.077800e-04	6	true
62            	smoothSolver	3.232600e-03	2.642380e-04	10	4.028100e-02	3.454150e-03	10	3.354010e-02	2.769620e-03	10	false	GAMG	1.883180e-02	1.070540e-04	6	true
63            	smoothSolver	3.186510e-03	2.590350e-04	10	4.023550e-02	3.396580e-03	10	3.329170e-02	2.700750e-03	10	false	GAMG	1.956450e-02	1.043140e-04	6	true
64            	smoothSolver	3.125520e-03	2.532750e-04	10	4.012250e-02	3.342850e-03	10	3.301820e-02	2.621360e-03	10	false	GAMG	2.004080e-02	1.929230e-04	5	true
65            	smoothSolver	3.059580e-03	2.466160e-04	10	4.005840e-02	3.288450e-03	10	3.254650e-02	3.224570e-03	9	false	GAMG	2.006440e-02	1.894810e-04	5	true
66            	smoothSolver	3.018930e-03	2.395530e-04	10	3.991910e-02	3.231850e-03	10	3.220520e-02	3.165410e-03	9	false	GAMG	1.972470e-02	1.838570e-04	5	true
67            	smoothSolver	2.987590e-03	2.957930e-04	9	3.985970e-02	3.187550e-03	10	3.184290e-02	3.124180e-03	9	false	GAMG	1.957180e-02	1.808660e-04	5	true
68            	smoothSolver	2.975820e-03	2.898060e-04	9	3.996050e-02	3.989750e-03	9	3.139310e-02	3.087670e-03	9	false	GAMG	1.931200e-02	1.774270e-04	5	true
69            	smoothSolver	2.958110e-03	2.842750e-04	9	4.022880e-02	3.969620e-03	9	3.087770e-02	3.041260e-03	9	false	GAMG	1.911740e-02	1.688350e-04	5	true
70            	smoothSolver	2.944220e-03	2.795190e-04	9	4.056270e-02	3.943080e-03	9	3.050760e-02	2.990500e-03	9	false	GAMG	1.881810e-02	1.609790e-04	5	true
71            	smoothSolver	2.925620e-03	2.754580e-04	9	4.069590e-02	3.905400e-03	9	3.017730e-02	2.933830e-03	9	false	GAMG	1.851960e-02	1.553890e-04	5	true
72            	smoothSolver	2.894040e-03	2.715650e-04	9	4.069520e-02	3.863020e-03	9	2.977880e-02	2.876170e-03	9	false	GAMG	1.817600e-02	1.500330e-04	5	true
73            	smoothSolver	2.852820e-03	2.676850e-04	9	4.038880e-02	3.824660e-03	9	2.938530e-02	2.822260e-03	9	false	GAMG	1.790610e-02	1.444070e-04	5	true
74            	smoothSolver	2.793900e-03	2.641310e-04	9	3.979510e-02	3.791680e-03	9	2.902180e-02	2.788790e-03	9	false	GAMG	1.789470e-02	1.411810e-04	5	true
75            	smoothSolver	2.726950e-03	2.607820e-04	9	3.924110e-02	3.770700e-03	9	2.875040e-02	2.770400e-03	9	false	GAMG	1.780940e-02	1.395390e-04	5	true
76            	smoothSolver	2.658490e-03	2.577510e-04	9	3.879750e-02	3.764380e-03	9	2.853210e-02	2.762760e-03	9	false	GAMG	1.767970e-02	1.381540e-04	5	true
77            	smoothSolver	2.584720e-03	2.549610e-04	9	3.846160e-02	3.770720e-03	9	2.837370e-02	2.760340e-03	9	false	GAMG	1.740200e-02	1.371400e-04	5	true
78            	smoothSolver	2.513170e-03	2.001080e-04	10	3.818640e-02	3.786450e-03	9	2.811840e-02	2.760570e-03	9	false	GAMG	1.714940e-02	1.376260e-04	5	true
79            	smoothSolver	2.431970e-03	1.971520e-04	10	3.804600e-02	3.030130e-03	10	2.780490e-02	2.769440e-03	9	false	GAMG	1.715070e-02	1.388290e-04	5	true
80            	smoothSolver	2.364920e-03	1.947850e-04	10	3.751820e-02	3.025720e-03	10	2.745490e-02	2.204830e-03	10	false	GAMG	1.716970e-02	1.467850e-04	5	true
81            	smoothSolver	2.309040e-03	1.926530e-04	10	3.704680e-02	3.023010e-03	10	2.694630e-02	2.193140e-03	10	false	GAMG	1.708590e-02	1.481080e-04	5	true
82            	smoothSolver	2.256690e-03	1.902530e-04	10	3.652920e-02	3.014910e-03	10	2.646280e-02	2.181180e-03	10	false	GAMG	1.698370e-02	1.492920e-04	5	true
83            	smoothSolver	2.204810e-03	1.874650e-04	10	3.595400e-02	3.002520e-03	10	2.601330e-02	2.164900e-03	10	false	GAMG	1.681850e-02	1.497210e-04	5	true
84            	smoothSolver	2.151780e-03	1.844310e-04	10	3.529180e-02	2.982980e-03	10	2.560560e-02	2.142380e-03	10	false	GAMG	1.662750e-02	1.477070e-04	5	true
85            	smoothSolver	2.100270e-03	1.813890e-04	10	3.460910e-02	2.953660e-03	10	2.517790e-02	2.111860e-03	10	false	GAMG	1.638390e-02	1.447830e-04	5	true
86            	smoothSolver	2.050320e-03	1.783050e-04	10	3.397770e-02	2.916500e-03	10	2.471510e-02	2.077770e-03	10	false	GAMG	1.609810e-02	1.428340e-04	5	true
87            	smoothSolver	2.002550e-03	1.752000e-04	10	3.329030e-02	2.875610e-03	10	2.425630e-02	2.045910e-03	10	false	GAMG	1.577710e-02	1.421980e-04	5	true
88            	smoothSolver	1.960560e-03	1.724200e-04	10	3.268190e-02	2.833820e-03	10	2.381270e-02	2.017860e-03	10	false	GAMG	1.547680e-02	1.399860e-04	5	true
89            	smoothSolver	1.925390e-03	1.698740e-04	10	3.216640e-02	2.795830e-03	10	2.335630e-02	1.991610e-03	10	false	GAMG	1.521220e-02	1.343910e-04	5	true
90            	smoothSolver	1.896060e-03	1.677870e-04	10	3.175210e-02	2.769340e-03	10	2.288020e-02	1.964980e-03	10	false	GAMG	1.493250e-02	1.272420e-04	5	true
91            	smoothSolver	1.869140e-03	1.659030e-04	10	3.142140e-02	2.754050e-03	10	2.238170e-02	1.938440e-03	10	false	GAMG	1.466790e-02	1.206670e-04	5	true
92            	smoothSolver	1.844750e-03	1.641970e-04	10	3.120250e-02	2.748520e-03	10	2.193070e-02	1.911130e-03	10	false	GAMG	1.441810e-02	1.151680e-04	5	true
93            	smoothSolver	1.822650e-03	1.624110e-04	10	3.104390e-02	2.750490e-03	10	2.155710e-02	1.883310e-03	10	false	GAMG	1.416090e-02	1.109370e-04	5	true
94            	smoothSolver	1.802340e-03	1.606260e-04	10	3.095310e-02	2.757590e-03	10	2.124230e-02	1.857700e-03	10	false	GAMG	1.391180e-02	1.075750e-04	5	true
95            	smoothSolver	1.784850e-03	1.589970e-04	10	3.085870e-02	2.766200e-03	10	2.096440e-02	1.837030e-03	10	false	GAMG	1.367320e-02	1.048310e-04	5	true
96            	smoothSolver	1.772940e-03	1.575650e-04	10	3.076990e-02	2.774960e-03	10	2.077140e-02	1.825580e-03	10	false	GAMG	1.341180e-02	1.023880e-04	5	true
97            	smoothSolver	1.764690e-03	1.561220e-04	10	3.070120e-02	2.782370e-03	10	2.061780e-02	1.820850e-03	10	false	GAMG	1.317970e-02	1.002810e-04	5	true
98            	smoothSolver	1.758370e-03	1.546720e-04	10	3.062760e-02	2.782560e-03	10	2.049500e-02	1.817180e-03	10	false	GAMG	1.302380e-02	9.810220e-05	5	true
99            	smoothSolver	1.753970e-03	1.531970e-04	10	3.053790e-02	2.773360e-03	10	2.040680e-02	1.810610e-03	10	false	GAMG	1.296120e-02	9.701700e-05	5	true
100           	smoothSolver	1.749330e-03	1.517420e-04	10	3.040890e-02	2.751480e-03	10	2.033590e-02	1.800120e-03	10	false	GAMG	1.303140e-02	9.761620e-05	5	true
101           	smoothSolver	1.740520e-03	1.500690e-04	10	3.020310e-02	2.712450e-03	10	2.025160e-02	1.785160e-03	10	false	GAMG	1.307600e-02	9.783520e-05	5	true
102           	smoothSolver	1.729570e-03	1.479550e-04	10	2.992790e-02	2.657960e-03	10	2.015110e-02	1.764850e-03	10	false	GAMG	1.304630e-02	9.636700e-05	5	true
103           	smoothSolver	1.716950e-03	1.457730e-04	10	2.950410e-02	2.591730e-03	10	2.003230e-02	1.738780e-03	10	false	GAMG	1.306470e-02	9.441520e-05	5	true
104           	smoothSolver	1.701390e-03	1.439000e-04	10	2.900640e-02	2.519550e-03	10	1.995560e-02	1.711240e-03	10	false	GAMG	1.315350e-02	9.333980e-05	5	true
105           	smoothSolver	1.686840e-03	1.418030e-04	10	2.856890e-02	2.445770e-03	10	1.990420e-02	1.684770e-03	10	false	GAMG	1.329290e-02	9.327570e-05	5	true
106           	smoothSolver	1.677660e-03	1.395200e-04	10	2.818640e-02	2.374940e-03	10	1.987750e-02	1.654250e-03	10	false	GAMG	1.347420e-02	9.318660e-05	5	true
107           	smoothSolver	1.673190e-03	1.373000e-04	10	2.772100e-02	2.306320e-03	10	1.976950e-02	1.620720e-03	10	false	GAMG	1.379120e-02	9.243460e-05	5	true
108           	smoothSolver	1.666990e-03	1.349880e-04	10	2.725950e-02	2.240130e-03	10	1.957450e-02	1.584080e-03	10	false	GAMG	1.396270e-02	9.109440e-05	5	true
109           	smoothSolver	1.652060e-03	1.326660e-04	10	2.667750e-02	2.172370e-03	10	1.929300e-02	1.543580e-03	10	false	GAMG	1.407690e-02	8.851940e-05	5	true
110           	smoothSolver	1.627550e-03	1.303670e-04	10	2.613890e-02	2.105490e-03	10	1.901760e-02	1.899810e-03	9	false	GAMG	1.426160e-02	8.534090e-05	5	true
111           	smoothSolver	1.595960e-03	1.280020e-04	10	2.553770e-02	2.037070e-03	10	1.874360e-02	1.867990e-03	9	false	GAMG	1.429560e-02	8.545210e-05	5	true
112           	smoothSolver	1.563980e-03	1.257990e-04	10	2.506620e-02	2.498570e-03	9	1.836140e-02	1.833720e-03	9	false	GAMG	1.429510e-02	8.539660e-05	5	true
113           	smoothSolver	1.527340e-03	1.237730e-04	10	2.480510e-02	2.462200e-03	9	1.782800e-02	1.429620e-03	10	false	GAMG	1.422550e-02	8.600820e-05	5	true
114           	smoothSolver	1.495420e-03	1.224290e-04	10	2.454660e-02	2.450150e-03	9	1.719490e-02	1.402520e-03	10	false	GAMG	1.412200e-02	8.652890e-05	5	true
115           	smoothSolver	1.468080e-03	1.215240e-04	10	2.439020e-02	1.953280e-03	10	1.667070e-02	1.387080e-03	10	false	GAMG	1.393360e-02	8.808690e-05	5	true
116           	smoothSolver	1.448050e-03	1.212570e-04	10	2.416250e-02	1.971280e-03	10	1.631270e-02	1.384530e-03	10	false	GAMG	1.353970e-02	8.928130e-05	5	true
117           	smoothSolver	1.434960e-03	1.210910e-04	10	2.406860e-02	2.009400e-03	10	1.604280e-02	1.386520e-03	10	false	GAMG	1.310470e-02	8.945920e-05	5	true
118           	smoothSolver	1.426820e-03	1.209750e-04	10	2.410750e-02	2.055530e-03	10	1.588030e-02	1.392830e-03	10	false	GAMG	1.268850e-02	8.907760e-05	5	true
119           	smoothSolver	1.420030e-03	1.209820e-04	10	2.434060e-02	2.106160e-03	10	1.581180e-02	1.404390e-03	10	false	GAMG	1.222990e-02	8.880140e-05	5	true
120           	smoothSolver	1.411170e-03	1.210840e-04	10	2.467720e-02	2.159230e-03	10	1.582890e-02	1.419400e-03	10	false	GAMG	1.166990e-02	8.853040e-05	5	true
121           	smoothSolver	1.399550e-03	1.211570e-04	10	2.511460e-02	2.212500e-03	10	1.591730e-02	1.431330e-03	10	false	GAMG	1.113320e-02	8.734090e-05	5	true
122           	smoothSolver	1.386240e-03	1.211170e-04	10	2.567540e-02	2.264970e-03	10	1.605370e-02	1.438050e-03	10	false	GAMG	1.066960e-02	8.523070e-05	5	true
123           	smoothSolver	1.372230e-03	1.210210e-04	10	2.637870e-02	2.315210e-03	10	1.622920e-02	1.441530e-03	10	false	GAMG	1.038930e-02	8.274430e-05	5	true
124           	smoothSolver	1.360080e-03	1.208760e-04	10	2.710400e-02	2.361920e-03	10	1.636310e-02	1.442050e-03	10	false	GAMG	1.024520e-02	8.070860e-05	5	true
125           	smoothSolver	1.350880e-03	1.207380e-04	10	2.777740e-02	2.401210e-03	10	1.645460e-02	1.438970e-03	10	false	GAMG	1.024030e-02	7.979840e-05	5	true
126           	smoothSolver	1.347220e-03	1.206620e-04	10	2.827210e-02	2.429410e-03	10	1.652240e-02	1.433790e-03	10	false	GAMG	1.035810e-02	8.026120e-05	5	true
127           	smoothSolver	1.347420e-03	1.207210e-04	10	2.855730e-02	2.442360e-03	10	1.654330e-02	1.426570e-03	10	false	GAMG	1.054270e-02	8.170890e-05	5	true
128           	smoothSolver	1.349850e-03	1.208610e-04	10	2.853390e-02	2.434060e-03	10	1.649600e-02	1.416740e-03	10	false	GAMG	1.072900e-02	8.380330e-05	5	true
129           	smoothSolver	1.355620e-03	1.209530e-04	10	2.836290e-02	2.417280e-03	10	1.638330e-02	1.403790e-03	10	false	GAMG	1.091830e-02	8.605520e-05	5	true
130           	smoothSolver	1.362150e-03	1.208350e-04	10	2.816260e-02	2.400080e-03	10	1.621040e-02	1.387910e-03	10	false	GAMG	1.101700e-02	8.839680e-05	5	true
131           	smoothSolver	1.366370e-03	1.204410e-04	10	2.792010e-02	2.385570e-03	10	1.598260e-02	1.372210e-03	10	false	GAMG	1.106050e-02	8.964520e-05	5	true
132           	smoothSolver	1.367730e-03	1.197500e-04	10	2.755840e-02	2.366290e-03	10	1.572050e-02	1.359210e-03	10	false	GAMG	1.101840e-02	8.934130e-05	5	true
133           	smoothSolver	1.363460e-03	1.187060e-04	10	2.697360e-02	2.329860e-03	10	1.544210e-02	1.346220e-03	10	false	GAMG	1.089090e-02	8.878650e-05	5	true
134           	smoothSolver	1.354610e-03	1.174890e-04	10	2.629420e-02	2.279310e-03	10	1.518100e-02	1.334020e-03	10	false	GAMG	1.071290e-02	8.903160e-05	5	true
135           	smoothSolver	1.343090e-03	1.160670e-04	10	2.557450e-02	2.216070e-03	10	1.495290e-02	1.321230e-03	10	false	GAMG	1.051020e-02	8.885980e-05	5	true
136           	smoothSolver	1.331260e-03	1.144400e-04	10	2.488750e-02	2.148220e-03	10	1.476870e-02	1.305420e-03	10	false	GAMG	1.036360e-02	8.805650e-05	5	true
137           	smoothSolver	1.320650e-03	1.127620e-04	10	2.429000e-02	2.082380e-03	10	1.465910e-02	1.285960e-03	10	false	GAMG	1.031450e-02	8.611540e-05	5	true
138           	smoothSolver	1.309240e-03	1.111740e-04	10	2.384540e-02	2.019240e-03	10	1.459140e-02	1.262750e-03	10	false	GAMG	1.031130e-02	8.247470e-05	5	true
139           	smoothSolver	1.298720e-03	1.097530e-04	10	2.352640e-02	1.963750e-03	10	1.452610e-02	1.236860e-03	10	false	GAMG	1.030130e-02	7.712800e-05	5	true
140           	smoothSolver	1.288430e-03	1.084560e-04	10	2.330370e-02	1.910080e-03	10	1.447220e-02	1.209110e-03	10	false	GAMG	1.026850e-02	7.206060e-05	5	true
141           	smoothSolver	1.277610e-03	1.073210e-04	10	2.315870e-02	1.858020e-03	10	1.444090e-02	1.183190e-03	10	false	GAMG	1.026130e-02	6.954090e-05	5	true
142           	smoothSolver	1.267780e-03	1.062010e-04	10	2.306710e-02	2.284090e-03	9	1.441180e-02	1.160570e-03	10	false	GAMG	1.018880e-02	7.113350e-05	5	true
143           	smoothSolver	1.257220e-03	1.050830e-04	10	2.305470e-02	2.240010e-03	9	1.433750e-02	1.431650e-03	9	false	GAMG	1.022360e-02	7.623590e-05	5	true
144           	smoothSolver	1.244760e-03	1.039130e-04	10	2.291180e-02	2.190170e-03	9	1.432310e-02	1.406960e-03	9	false	GAMG	1.036010e-02	8.382730e-05	5	true
145           	smoothSolver	1.232750e-03	1.028260e-04	10	2.264650e-02	2.143150e-03	9	1.418400e-02	1.377790e-03	9	false	GAMG	1.041400e-02	8.602310e-05	5	true
146           	smoothSolver	1.217750e-03	1.017650e-04	10	2.225050e-02	2.102070e-03	9	1.391350e-02	1.347970e-03	9	false	GAMG	1.058770e-02	8.330480e-05	5	true
147           	smoothSolver	1.204420e-03	1.007480e-04	10	2.174810e-02	2.069140e-03	9	1.354490e-02	1.320640e-03	9	false	GAMG	1.094040e-02	7.878290e-05	5	true
148           	smoothSolver	1.192040e-03	9.995820e-05	10	2.118100e-02	2.044920e-03	9	1.313310e-02	1.299440e-03	9	false	GAMG	1.112030e-02	7.293840e-05	5	true
149           	smoothSolver	1.182100e-03	9.924730e-05	10	2.060240e-02	2.025840e-03	9	1.278680e-02	1.021950e-03	10	false	GAMG	1.105450e-02	6.803580e-05	5	true
150           	smoothSolver	1.176770e-03	9.876120e-05	10	2.023270e-02	2.010010e-03	9	1.247860e-02	1.007950e-03	10	false	GAMG	1.079940e-02	6.433430e-05	5	true
151           	smoothSolver	1.175470e-03	9.830670e-05	10	1.995460e-02	1.990240e-03	9	1.224750e-02	9.958920e-04	10	false	GAMG	1.054280e-02	6.171180e-05	5	true
152           	smoothSolver	1.174470e-03	9.790890e-05	10	1.972360e-02	1.965850e-03	9	1.205980e-02	9.819630e-04	10	false	GAMG	1.033680e-02	6.090190e-05	5	true
153           	smoothSolver	1.173510e-03	9.748450e-05	10	1.950180e-02	1.934750e-03	9	1.188840e-02	9.650300e-04	10	false	GAMG	1.019430e-02	6.082470e-05	5	true
154           	smoothSolver	1.172550e-03	9.707290e-05	10	1.928980e-02	1.896890e-03	9	1.173910e-02	9.471480e-04	10	false	GAMG	9.983270e-03	6.082100e-05	5	true
155           	smoothSolver	1.170360e-03	9.665330e-05	10	1.906210e-02	1.856510e-03	9	1.159800e-02	9.303680e-04	10	false	GAMG	9.817850e-03	6.080770e-05	5	true
156           	smoothSolver	1.166090e-03	9.626370e-05	10	1.876360e-02	1.819360e-03	9	1.144980e-02	9.160500e-04	10	false	GAMG	9.739640e-03	5.987990e-05	5	true
157           	smoothSolver	1.160710e-03	9.582470e-05	10	1.841020e-02	1.790330e-03	9	1.130870e-02	9.054660e-04	10	false	GAMG	9.653140e-03	5.939170e-05	5	true
158           	smoothSolver	1.152850e-03	9.538560e-05	10	1.801110e-02	1.766820e-03	9	1.112160e-02	8.992030e-04	10	false	GAMG	9.514200e-03	6.010230e-05	5	true
159           	smoothSolver	1.143090e-03	9.510400e-05	10	1.756840e-02	1.751010e-03	9	1.089630e-02	8.972600e-04	10	false	GAMG	9.274800e-03	6.008790e-05	5	true
160           	smoothSolver	1.133170e-03	9.499510e-05	10	1.709750e-02	1.386250e-03	10	1.066800e-02	8.983990e-04	10	false	GAMG	9.028650e-03	5.965710e-05	5	true
161           	smoothSolver	1.125800e-03	9.524570e-05	10	1.656590e-02	1.377250e-03	10	1.049340e-02	9.027080e-04	10	false	GAMG	8.758910e-03	5.838700e-05	5	true
162           	smoothSolver	1.118410e-03	9.543340e-05	10	1.612010e-02	1.373290e-03	10	1.032080e-02	9.056170e-04	10	false	GAMG	8.481560e-03	5.702050e-05	5	true
163           	smoothSolver	1.110930e-03	9.550960e-05	10	1.574240e-02	1.367380e-03	10	1.016260e-02	9.068410e-04	10	false	GAMG	8.197120e-03	5.626810e-05	5	true
164           	smoothSolver	1.103190e-03	9.547640e-05	10	1.544980e-02	1.360160e-03	10	1.003810e-02	9.068850e-04	10	false	GAMG	7.912170e-03	5.681480e-05	5	true
165           	smoothSolver	1.095580e-03	9.536880e-05	10	1.522260e-02	1.350850e-03	10	9.948300e-03	9.063730e-04	10	false	GAMG	7.639360e-03	6.008550e-05	5	true
166           	smoothSolver	1.087660e-03	9.529390e-05	10	1.505170e-02	1.338890e-03	10	9.904600e-03	9.042310e-04	10	false	GAMG	7.426680e-03	6.397620e-05	5	true
167           	smoothSolver	1.079970e-03	9.524470e-05	10	1.494230e-02	1.325400e-03	10	9.886430e-03	9.014340e-04	10	false	GAMG	7.284720e-03	6.410110e-05	5	true
168           	smoothSolver	1.074710e-03	9.517420e-05	10	1.489680e-02	1.312880e-03	10	9.886190e-03	8.988350e-04	10	false	GAMG	7.219950e-03	6.272210e-05	5	true
169           	smoothSolver	1.071100e-03	9.493780e-05	10	1.487120e-02	1.305130e-03	10	9.885720e-03	8.961850e-04	10	false	GAMG	7.196740e-03	5.989930e-05	5	true
170           	smoothSolver	1.068590e-03	9.447710e-05	10	1.481380e-02	1.303510e-03	10	9.842150e-03	8.925470e-04	10	false	GAMG	7.123940e-03	5.618460e-05	5	true
171           	smoothSolver	1.065530e-03	9.388980e-05	10	1.471600e-02	1.303190e-03	10	9.753090e-03	8.888960e-04	10	false	GAMG	7.011560e-03	5.360170e-05	5	true
172           	smoothSolver	1.062820e-03	9.322340e-05	10	1.465060e-02	1.301010e-03	10	9.690900e-03	8.861800e-04	10	false	GAMG	6.936590e-03	5.362430e-05	5	true
173           	smoothSolver	1.060120e-03	9.255000e-05	10	1.470550e-02	1.298750e-03	10	9.694220e-03	8.849940e-04	10	false	GAMG	6.932410e-03	5.735730e-05	5	true
174           	smoothSolver	1.057220e-03	9.193580e-05	10	1.489020e-02	1.300730e-03	10	9.756330e-03	8.844400e-04	10	false	GAMG	6.947840e-03	6.150150e-05	5	true
175           	smoothSolver	1.055040e-03	9.141940e-05	10	1.517920e-02	1.307790e-03	10	9.844300e-03	8.832330e-04	10	false	GAMG	6.951660e-03	6.293550e-05	5	true
176           	smoothSolver	1.050370e-03	9.089970e-05	10	1.551450e-02	1.317830e-03	10	9.941360e-03	8.797390e-04	10	false	GAMG	6.963060e-03	6.335210e-05	5	true
177           	smoothSolver	1.047560e-03	9.035840e-05	10	1.588400e-02	1.328980e-03	10	1.002300e-02	8.736440e-04	10	false	GAMG	7.042320e-03	6.345810e-05	5	true
178           	smoothSolver	1.047820e-03	8.989950e-05	10	1.628480e-02	1.339910e-03	10	1.010480e-02	8.649670e-04	10	false	GAMG	7.160790e-03	6.329240e-05	5	true
179           	smoothSolver	1.050570e-03	8.946780e-05	10	1.665670e-02	1.348920e-03	10	1.016780e-02	8.544310e-04	10	false	GAMG	7.320850e-03	6.219630e-05	5	true
180           	smoothSolver	1.055480e-03	8.900460e-05	10	1.696090e-02	1.355430e-03	10	1.017450e-02	8.425750e-04	10	false	GAMG	7.530400e-03	5.974220e-05	5	true
181           	smoothSolver	1.061410e-03	8.853860e-05	10	1.717900e-02	1.713110e-03	9	1.013060e-02	8.294550e-04	10	false	GAMG	7.696770e-03	5.622450e-05	5	true
182           	smoothSolver	1.064760e-03	8.794370e-05	10	1.736920e-02	1.728320e-03	9	1.000670e-02	8.139790e-04	10	false	GAMG	7.826220e-03	5.352310e-05	5	true
183           	smoothSolver	1.067060e-03	8.742180e-05	10	1.740750e-02	1.736820e-03	9	9.817590e-03	7.991230e-04	10	false	GAMG	7.941950e-03	5.281520e-05	5	true
184           	smoothSolver	1.065840e-03	8.697050e-05	10	1.736130e-02	1.383280e-03	10	9.594750e-03	7.841390e-04	10	false	GAMG	8.027070e-03	5.460890e-05	5	true
185           	smoothSolver	1.062880e-03	8.668090e-05	10	1.718520e-02	1.379590e-03	10	9.395390e-03	7.727320e-04	10	false	GAMG	7.939320e-03	5.855410e-05	5	true
186           	smoothSolver	1.056270e-03	8.631410e-05	10	1.705130e-02	1.382260e-03	10	9.187220e-03	7.609830e-04	10	false	GAMG	7.802530e-03	6.458480e-05	5	true
187           	smoothSolver	1.048750e-03	8.582630e-05	10	1.699430e-02	1.385410e-03	10	8.998550e-03	7.485360e-04	10	false	GAMG	7.679400e-03	6.528900e-05	5	true
188           	smoothSolver	1.040950e-03	8.516870e-05	10	1.695490e-02	1.385030e-03	10	8.826250e-03	7.353200e-04	10	false	GAMG	7.589630e-03	6.248280e-05	5	true
189           	smoothSolver	1.030510e-03	8.437160e-05	10	1.695610e-02	1.381610e-03	10	8.680930e-03	7.215470e-04	10	false	GAMG	7.576270e-03	5.923160e-05	5	true
190           	smoothSolver	1.019730e-03	8.349230e-05	10	1.691790e-02	1.377400e-03	10	8.518770e-03	7.070880e-04	10	false	GAMG	7.629360e-03	5.533930e-05	5	true
191           	smoothSolver	1.006630e-03	8.256690e-05	10	1.686510e-02	1.372410e-03	10	8.359150e-03	6.931100e-04	10	false	GAMG	7.688980e-03	5.190700e-05	5	true
192           	smoothSolver	9.906710e-04	8.156660e-05	10	1.675960e-02	1.367580e-03	10	8.197690e-03	6.802540e-04	10	false	GAMG	7.657380e-03	4.955980e-05	5	true
193           	smoothSolver	9.727870e-04	8.046070e-05	10	1.659850e-02	1.362630e-03	10	8.020710e-03	6.686230e-04	10	false	GAMG	7.591480e-03	4.890360e-05	5	true
194           	smoothSolver	9.534150e-04	7.937680e-05	10	1.640480e-02	1.358110e-03	10	7.826370e-03	6.578740e-04	10	false	GAMG	7.528330e-03	5.037690e-05	5	true
195           	smoothSolver	9.328950e-04	7.843740e-05	10	1.619760e-02	1.354650e-03	10	7.633380e-03	6.481870e-04	10	false	GAMG	7.422620e-03	5.347020e-05	5	true
196           	smoothSolver	9.136950e-04	7.760170e-05	10	1.601080e-02	1.349330e-03	10	7.455040e-03	6.394980e-04	10	false	GAMG	7.301280e-03	5.606290e-05	5	true
197           	smoothSolver	8.984670e-04	7.680500e-05	10	1.586320e-02	1.343040e-03	10	7.311020e-03	6.325780e-04	10	false	GAMG	7.227110e-03	5.755140e-05	5	true
198           	smoothSolver	8.871970e-04	7.600100e-05	10	1.574150e-02	1.336250e-03	10	7.189110e-03	6.288630e-04	10	false	GAMG	7.144160e-03	5.730080e-05	5	true
199           	smoothSolver	8.778850e-04	7.526610e-05	10	1.560840e-02	1.329670e-03	10	7.109110e-03	6.266070e-04	10	false	GAMG	7.056340e-03	5.642140e-05	5	true
200           	smoothSolver	8.714750e-04	7.460620e-05	10	1.542990e-02	1.323540e-03	10	7.054050e-03	6.246990e-04	10	false	GAMG	6.968480e-03	5.454550e-05	5	true
201           	smoothSolver	8.650440e-04	7.403300e-05	10	1.521670e-02	1.314280e-03	10	7.005320e-03	6.223220e-04	10	false	GAMG	6.887990e-03	5.202220e-05	5	true
202           	smoothSolver	8.576060e-04	7.354550e-05	10	1.491140e-02	1.297020e-03	10	6.966800e-03	6.197760e-04	10	false	GAMG	6.783600e-03	4.880360e-05	5	true
203           	smoothSolver	8.499420e-04	7.312710e-05	10	1.458940e-02	1.278360e-03	10	6.917320e-03	6.179100e-04	10	false	GAMG	6.643600e-03	4.591790e-05	5	true
204           	smoothSolver	8.417480e-04	7.276640e-05	10	1.429990e-02	1.259800e-03	10	6.869220e-03	6.166730e-04	10	false	GAMG	6.499500e-03	4.520190e-05	5	true
205           	smoothSolver	8.357180e-04	7.245740e-05	10	1.403980e-02	1.242190e-03	10	6.842370e-03	6.167100e-04	10	false	GAMG	6.384050e-03	4.550580e-05	5	true
206           	smoothSolver	8.301120e-04	7.217830e-05	10	1.381040e-02	1.227040e-03	10	6.816230e-03	6.182900e-04	10	false	GAMG	6.291550e-03	4.605510e-05	5	true
207           	smoothSolver	8.238900e-04	7.190450e-05	10	1.360790e-02	1.214200e-03	10	6.796530e-03	6.206640e-04	10	false	GAMG	6.230320e-03	4.708720e-05	5	true
208           	smoothSolver	8.178890e-04	7.168710e-05	10	1.344670e-02	1.203680e-03	10	6.786880e-03	6.232300e-04	10	false	GAMG	6.182350e-03	4.769950e-05	5	true
209           	smoothSolver	8.117720e-04	7.156780e-05	10	1.332570e-02	1.195110e-03	10	6.791880e-03	6.259150e-04	10	false	GAMG	6.120060e-03	4.825750e-05	5	true
210           	smoothSolver	8.059500e-04	7.155770e-05	10	1.323090e-02	1.188380e-03	10	6.803750e-03	6.288710e-04	10	false	GAMG	6.036270e-03	4.915970e-05	5	true
211           	smoothSolver	8.009150e-04	7.165460e-05	10	1.317970e-02	1.182970e-03	10	6.837430e-03	6.326070e-04	10	false	GAMG	5.951770e-03	5.084980e-05	5	true
212           	smoothSolver	7.974320e-04	7.187880e-05	10	1.316000e-02	1.179700e-03	10	6.884130e-03	6.375720e-04	10	false	GAMG	5.877300e-03	5.111230e-05	5	true
213           	smoothSolver	7.948030e-04	7.221580e-05	10	1.319830e-02	1.179260e-03	10	6.950950e-03	6.440130e-04	10	false	GAMG	5.795240e-03	4.900980e-05	5	true
214           	smoothSolver	7.934290e-04	7.267010e-05	10	1.329030e-02	1.182890e-03	10	7.024600e-03	6.517390e-04	10	false	GAMG	5.716940e-03	4.618100e-05	5	true
215           	smoothSolver	7.939180e-04	7.325150e-05	10	1.340370e-02	1.190220e-03	10	7.110530e-03	6.600830e-04	10	false	GAMG	5.649000e-03	4.380580e-05	5	true
216           	smoothSolver	7.965670e-04	7.389680e-05	10	1.353730e-02	1.200280e-03	10	7.199640e-03	6.687500e-04	10	false	GAMG	5.588260e-03	4.253090e-05	5	true
217           	smoothSolver	8.007500e-04	7.460170e-05	10	1.369080e-02	1.212220e-03	10	7.287320e-03	6.773190e-04	10	false	GAMG	5.533120e-03	4.208000e-05	5	true
218           	smoothSolver	8.063190e-04	7.531140e-05	10	1.386380e-02	1.225550e-03	10	7.370100e-03	6.851870e-04	10	false	GAMG	5.500610e-03	4.252590e-05	5	true
219           	smoothSolver	8.133610e-04	7.600290e-05	10	1.404550e-02	1.240400e-03	10	7.438680e-03	6.921630e-04	10	false	GAMG	5.484080e-03	4.392080e-05	5	true
220           	smoothSolver	8.201720e-04	7.666870e-05	10	1.422080e-02	1.256460e-03	10	7.488990e-03	6.983430e-04	10	false	GAMG	5.500200e-03	4.504760e-05	5	true
221           	smoothSolver	8.265670e-04	7.722950e-05	10	1.439880e-02	1.272750e-03	10	7.538800e-03	7.025820e-04	10	false	GAMG	5.550050e-03	4.476070e-05	5	true
222           	smoothSolver	8.329190e-04	7.770450e-05	10	1.458020e-02	1.289070e-03	10	7.577030e-03	7.058400e-04	10	false	GAMG	5.632550e-03	4.399600e-05	5	true
223           	smoothSolver	8.384870e-04	7.810670e-05	10	1.476910e-02	1.305590e-03	10	7.615080e-03	7.090100e-04	10	false	GAMG	5.698830e-03	4.378160e-05	5	true
224           	smoothSolver	8.426260e-04	7.840490e-05	10	1.498500e-02	1.323070e-03	10	7.654490e-03	7.109230e-04	10	false	GAMG	5.733210e-03	4.419800e-05	5	true
225           	smoothSolver	8.465380e-04	7.859580e-05	10	1.523390e-02	1.341510e-03	10	7.685950e-03	7.126930e-04	10	false	GAMG	5.765050e-03	4.455930e-05	5	true
226           	smoothSolver	8.493210e-04	7.860140e-05	10	1.548540e-02	1.360170e-03	10	7.711490e-03	7.131080e-04	10	false	GAMG	5.807230e-03	4.480770e-05	5	true
227           	smoothSolver	8.524000e-04	7.836600e-05	10	1.575910e-02	1.378420e-03	10	7.732080e-03	7.118470e-04	10	false	GAMG	5.878690e-03	4.505300e-05	5	true
228           	smoothSolver	8.547200e-04	7.798070e-05	10	1.605660e-02	1.397170e-03	10	7.753500e-03	7.093340e-04	10	false	GAMG	5.993290e-03	4.536880e-05	5	true
229           	smoothSolver	8.557640e-04	7.748270e-05	10	1.637760e-02	1.414970e-03	10	7.778040e-03	7.054460e-04	10	false	GAMG	6.102780e-03	4.597340e-05	5	true
230           	smoothSolver	8.553430e-04	7.704920e-05	10	1.658560e-02	1.422200e-03	10	7.799900e-03	7.015380e-04	10	false	GAMG	6.192130e-03	4.652550e-05	5	true
231           	smoothSolver	8.537900e-04	7.655860e-05	10	1.652840e-02	1.405530e-03	10	7.808270e-03	6.968570e-04	10	false	GAMG	6.231040e-03	4.656380e-05	5	true
232           	smoothSolver	8.505250e-04	7.598320e-05	10	1.635900e-02	1.379500e-03	10	7.805220e-03	6.905540e-04	10	false	GAMG	6.209720e-03	4.632250e-05	5	true
233           	smoothSolver	8.470610e-04	7.536410e-05	10	1.610050e-02	1.348130e-03	10	7.777950e-03	6.832700e-04	10	false	GAMG	6.167300e-03	4.588270e-05	5	true
234           	smoothSolver	8.438260e-04	7.470890e-05	10	1.581050e-02	1.315220e-03	10	7.730330e-03	6.753920e-04	10	false	GAMG	6.139640e-03	4.574800e-05	5	true
235           	smoothSolver	8.412920e-04	7.398160e-05	10	1.547180e-02	1.282650e-03	10	7.656130e-03	6.673870e-04	10	false	GAMG	6.132610e-03	4.613600e-05	5	true
236           	smoothSolver	8.390450e-04	7.319240e-05	10	1.512730e-02	1.251830e-03	10	7.575110e-03	6.590910e-04	10	false	GAMG	6.108680e-03	4.617090e-05	5	true
237           	smoothSolver	8.375790e-04	7.232020e-05	10	1.478590e-02	1.223140e-03	10	7.488140e-03	6.500800e-04	10	false	GAMG	6.093670e-03	4.587620e-05	5	true
238           	smoothSolver	8.366990e-04	7.137700e-05	10	1.444620e-02	1.196140e-03	10	7.389280e-03	6.398410e-04	10	false	GAMG	6.056520e-03	4.577720e-05	5	true
239           	smoothSolver	8.362360e-04	7.042800e-05	10	1.411370e-02	1.170350e-03	10	7.287720e-03	6.290350e-04	10	false	GAMG	6.022030e-03	4.579120e-05	5	true
240           	smoothSolver	8.359770e-04	6.960690e-05	10	1.379000e-02	1.145670e-03	10	7.192160e-03	6.188950e-04	10	false	GAMG	5.980530e-03	4.568530e-05	5	true
241           	smoothSolver	8.345550e-04	6.896540e-05	10	1.346120e-02	1.122590e-03	10	7.092590e-03	6.098500e-04	10	false	GAMG	5.935590e-03	4.537260e-05	5	true
242           	smoothSolver	8.318980e-04	6.846260e-05	10	1.311240e-02	1.100360e-03	10	6.975110e-03	6.015320e-04	10	false	GAMG	5.893900e-03	4.494560e-05	5	true
243           	smoothSolver	8.278160e-04	6.801040e-05	10	1.277370e-02	1.079370e-03	10	6.843190e-03	5.939360e-04	10	false	GAMG	5.862290e-03	4.437260e-05	5	true
244           	smoothSolver	8.233620e-04	6.755400e-05	10	1.245880e-02	1.061390e-03	10	6.715260e-03	5.878880e-04	10	false	GAMG	5.825690e-03	4.428950e-05	5	true
245           	smoothSolver	8.175960e-04	6.706010e-05	10	1.219590e-02	1.047580e-03	10	6.612670e-03	5.833310e-04	10	false	GAMG	5.792590e-03	4.508870e-05	5	true
246           	smoothSolver	8.099140e-04	6.657290e-05	10	1.200780e-02	1.037930e-03	10	6.546320e-03	5.801630e-04	10	false	GAMG	5.758290e-03	4.602950e-05	5	true
247           	smoothSolver	8.002550e-04	6.611330e-05	10	1.188640e-02	1.030210e-03	10	6.512410e-03	5.784440e-04	10	false	GAMG	5.691060e-03	4.676070e-05	5	true
248           	smoothSolver	7.897510e-04	6.568840e-05	10	1.183130e-02	1.024020e-03	10	6.511500e-03	5.784240e-04	10	false	GAMG	5.606710e-03	4.679050e-05	5	true
249           	smoothSolver	7.785380e-04	6.534530e-05	10	1.183410e-02	1.020440e-03	10	6.541900e-03	5.803760e-04	10	false	GAMG	5.509700e-03	4.684610e-05	5	true
250           	smoothSolver	7.657350e-04	6.506420e-05	10	1.188970e-02	1.019600e-03	10	6.602460e-03	5.833520e-04	10	false	GAMG	5.414650e-03	4.745380e-05	5	true
251           	smoothSolver	7.539060e-04	6.486850e-05	10	1.198640e-02	1.019810e-03	10	6.676330e-03	5.870930e-04	10	false	GAMG	5.314190e-03	4.773810e-05	5	true
252           	smoothSolver	7.444520e-04	6.475380e-05	10	1.210750e-02	1.020960e-03	10	6.748200e-03	5.912960e-04	10	false	GAMG	5.225420e-03	4.671270e-05	5	true
253           	smoothSolver	7.369260e-04	6.471400e-05	10	1.223890e-02	1.023350e-03	10	6.808520e-03	5.948630e-04	10	false	GAMG	5.161500e-03	4.504660e-05	5	true
254           	smoothSolver	7.313870e-04	6.476710e-05	10	1.236580e-02	1.026960e-03	10	6.855700e-03	5.970060e-04	10	false	GAMG	5.125460e-03	4.350530e-05	5	true
255           	smoothSolver	7.282360e-04	6.487190e-05	10	1.247200e-02	1.032020e-03	10	6.888770e-03	5.980490e-04	10	false	GAMG	5.110590e-03	4.290870e-05	5	true
256           	smoothSolver	7.279340e-04	6.498310e-05	10	1.255860e-02	1.039000e-03	10	6.902050e-03	5.986250e-04	10	false	GAMG	5.106480e-03	4.336740e-05	5	true
257           	smoothSolver	7.295940e-04	6.503950e-05	10	1.263340e-02	1.048620e-03	10	6.893610e-03	5.985630e-04	10	false	GAMG	5.099420e-03	4.439420e-05	5	true
258           	smoothSolver	7.317570e-04	6.510620e-05	10	1.269520e-02	1.060940e-03	10	6.863270e-03	5.976780e-04	10	false	GAMG	5.088740e-03	4.602730e-05	5	true
259           	smoothSolver	7.337930e-04	6.523260e-05	10	1.274640e-02	1.076260e-03	10	6.810370e-03	5.963320e-04	10	false	GAMG	5.080120e-03	4.684810e-05	5	true
260           	smoothSolver	7.353220e-04	6.533200e-05	10	1.279400e-02	1.094250e-03	10	6.742770e-03	5.950140e-04	10	false	GAMG	5.077770e-03	4.615190e-05	5	true
261           	smoothSolver	7.358510e-04	6.542130e-05	10	1.283470e-02	1.113610e-03	10	6.672980e-03	5.940440e-04	10	false	GAMG	5.064140e-03	4.412730e-05	5	true
262           	smoothSolver	7.353990e-04	6.544350e-05	10	1.287580e-02	1.132780e-03	10	6.601700e-03	5.935980e-04	10	false	GAMG	5.050440e-03	4.223210e-05	5	true
263           	smoothSolver	7.340510e-04	6.537720e-05	10	1.291640e-02	1.151590e-03	10	6.530160e-03	5.934460e-04	10	false	GAMG	5.050260e-03	4.130120e-05	5	true
264           	smoothSolver	7.314240e-04	6.525280e-05	10	1.296180e-02	1.169620e-03	10	6.465540e-03	5.930110e-04	10	false	GAMG	5.043010e-03	4.139220e-05	5	true
265           	smoothSolver	7.273060e-04	6.507490e-05	10	1.299720e-02	1.186570e-03	10	6.408350e-03	5.926970e-04	10	false	GAMG	5.018380e-03	4.239640e-05	5	true
266           	smoothSolver	7.222530e-04	6.487340e-05	10	1.304220e-02	1.203660e-03	10	6.361830e-03	5.927250e-04	10	false	GAMG	4.972280e-03	4.456130e-05	5	true
267           	smoothSolver	7.170670e-04	6.476030e-05	10	1.309950e-02	1.221530e-03	10	6.323890e-03	5.933930e-04	10	false	GAMG	4.908160e-03	4.612300e-05	5	true
268           	smoothSolver	7.129020e-04	6.478010e-05	10	1.317410e-02	1.237770e-03	10	6.296680e-03	5.946670e-04	10	false	GAMG	4.852990e-03	4.583610e-05	5	true
269           	smoothSolver	7.108890e-04	6.498780e-05	10	1.326880e-02	1.252760e-03	10	6.293420e-03	5.965790e-04	10	false	GAMG	4.802630e-03	4.529690e-05	5	true
270           	smoothSolver	7.113230e-04	6.536670e-05	10	1.336720e-02	1.264820e-03	10	6.310030e-03	5.997200e-04	10	false	GAMG	4.769280e-03	4.449630e-05	5	true
271           	smoothSolver	7.145100e-04	6.578490e-05	10	1.346920e-02	1.273370e-03	10	6.345600e-03	6.038580e-04	10	false	GAMG	4.748060e-03	4.401380e-05	5	true
272           	smoothSolver	7.192880e-04	6.619190e-05	10	1.357620e-02	1.278040e-03	10	6.394140e-03	6.085170e-04	10	false	GAMG	4.739480e-03	4.323120e-05	5	true
273           	smoothSolver	7.241120e-04	6.654830e-05	10	1.367410e-02	1.280550e-03	10	6.451730e-03	6.137550e-04	10	false	GAMG	4.742840e-03	4.247230e-05	5	true
274           	smoothSolver	7.287850e-04	6.683700e-05	10	1.376520e-02	1.283120e-03	10	6.509020e-03	6.185610e-04	10	false	GAMG	4.765350e-03	4.176080e-05	5	true
275           	smoothSolver	7.330570e-04	6.705350e-05	10	1.385760e-02	1.285840e-03	10	6.559460e-03	6.215700e-04	10	false	GAMG	4.823320e-03	4.172480e-05	5	true
276           	smoothSolver	7.363540e-04	6.717830e-05	10	1.395250e-02	1.288380e-03	10	6.593690e-03	6.227570e-04	10	false	GAMG	4.906290e-03	4.188880e-05	5	true
277           	smoothSolver	7.392260e-04	6.719900e-05	10	1.404520e-02	1.291790e-03	10	6.607500e-03	6.226330e-04	10	false	GAMG	5.000870e-03	4.208670e-05	5	true
278           	smoothSolver	7.427140e-04	6.713610e-05	10	1.411930e-02	1.295300e-03	10	6.601370e-03	6.207840e-04	10	false	GAMG	5.076470e-03	4.221460e-05	5	true
279           	smoothSolver	7.463220e-04	6.706180e-05	10	1.417520e-02	1.299010e-03	10	6.581340e-03	6.174380e-04	10	false	GAMG	5.121200e-03	4.244760e-05	5	true
280           	smoothSolver	7.501100e-04	6.705270e-05	10	1.421790e-02	1.303660e-03	10	6.549930e-03	6.137240e-04	10	false	GAMG	5.136240e-03	4.250630e-05	5	true
281           	smoothSolver	7.544960e-04	6.711670e-05	10	1.424580e-02	1.307970e-03	10	6.519890e-03	6.106320e-04	10	false	GAMG	5.124640e-03	4.184600e-05	5	true
282           	smoothSolver	7.583110e-04	6.718340e-05	10	1.427230e-02	1.309900e-03	10	6.498430e-03	6.078920e-04	10	false	GAMG	5.095740e-03	4.084150e-05	5	true
283           	smoothSolver	7.620290e-04	6.715220e-05	10	1.431070e-02	1.308410e-03	10	6.489990e-03	6.058820e-04	10	false	GAMG	5.079770e-03	4.007820e-05	5	true
284           	smoothSolver	7.644900e-04	6.704130e-05	10	1.438040e-02	1.303290e-03	10	6.509240e-03	6.047980e-04	10	false	GAMG	5.084830e-03	4.021510e-05	5	true
285           	smoothSolver	7.653320e-04	6.683560e-05	10	1.446670e-02	1.296720e-03	10	6.541400e-03	6.040600e-04	10	false	GAMG	5.088190e-03	4.193890e-05	5	true
286           	smoothSolver	7.644160e-04	6.644980e-05	10	1.459130e-02	1.290860e-03	10	6.581040e-03	6.033880e-04	10	false	GAMG	5.089980e-03	4.470440e-05	5	true
287           	smoothSolver	7.619230e-04	6.591830e-05	10	1.472360e-02	1.285590e-03	10	6.618670e-03	6.023430e-04	10	false	GAMG	5.087530e-03	4.540560e-05	5	true
288           	smoothSolver	7.576840e-04	6.536260e-05	10	1.483170e-02	1.281540e-03	10	6.646210e-03	5.997040e-04	10	false	GAMG	5.088340e-03	4.377290e-05	5	true
289           	smoothSolver	7.529130e-04	6.489390e-05	10	1.490870e-02	1.278960e-03	10	6.655410e-03	5.966120e-04	10	false	GAMG	5.060010e-03	4.228130e-05	5	true
290           	smoothSolver	7.481930e-04	6.454260e-05	10	1.493500e-02	1.278640e-03	10	6.636930e-03	5.942300e-04	10	false	GAMG	5.014400e-03	4.075120e-05	5	true
291           	smoothSolver	7.444630e-04	6.430270e-05	10	1.489750e-02	1.280850e-03	10	6.595940e-03	5.932450e-04	10	false	GAMG	4.950090e-03	3.931600e-05	5	true
292           	smoothSolver	7.409770e-04	6.411750e-05	10	1.481680e-02	1.284630e-03	10	6.539780e-03	5.930440e-04	10	false	GAMG	4.885300e-03	3.839330e-05	5	true
293           	smoothSolver	7.368590e-04	6.397220e-05	10	1.470520e-02	1.288860e-03	10	6.473630e-03	5.927990e-04	10	false	GAMG	4.833140e-03	3.797600e-05	5	true
294           	smoothSolver	7.320040e-04	6.388190e-05	10	1.457850e-02	1.293210e-03	10	6.403300e-03	5.918300e-04	10	false	GAMG	4.785660e-03	3.767270e-05	5	true
295           	smoothSolver	7.265100e-04	6.383910e-05	10	1.444470e-02	1.296340e-03	10	6.330280e-03	5.898690e-04	10	false	GAMG	4.737410e-03	3.808240e-05	5	true
296           	smoothSolver	7.198620e-04	6.381890e-05	10	1.431960e-02	1.298370e-03	10	6.260300e-03	5.872540e-04	10	false	GAMG	4.699310e-03	3.871380e-05	5	true
297           	smoothSolver	7.133070e-04	6.379870e-05	10	1.421300e-02	1.300350e-03	10	6.193070e-03	5.843190e-04	10	false	GAMG	4.669890e-03	3.909860e-05	5	true
298           	smoothSolver	7.073040e-04	6.379380e-05	10	1.411900e-02	1.303990e-03	10	6.130500e-03	5.814350e-04	10	false	GAMG	4.642060e-03	3.930990e-05	5	true
299           	smoothSolver	7.027270e-04	6.381210e-05	10	1.404300e-02	1.308570e-03	10	6.075470e-03	5.791620e-04	10	false	GAMG	4.617210e-03	4.017310e-05	5	true
300           	smoothSolver	6.995830e-04	6.387730e-05	10	1.399190e-02	1.312590e-03	10	6.029130e-03	5.776550e-04	10	false	GAMG	4.598880e-03	4.142490e-05	5	true
301           	smoothSolver	6.982350e-04	6.403240e-05	10	1.395600e-02	1.316140e-03	10	5.990030e-03	5.766880e-04	10	false	GAMG	4.581090e-03	4.194420e-05	5	true
302           	smoothSolver	6.985080e-04	6.430310e-05	10	1.393850e-02	1.319160e-03	10	5.960380e-03	5.762080e-04	10	false	GAMG	4.569770e-03	4.172820e-05	5	true
303           	smoothSolver	7.003630e-04	6.459980e-05	10	1.395420e-02	1.320970e-03	10	5.944790e-03	5.758170e-04	10	false	GAMG	4.576980e-03	4.077670e-05	5	true
304           	smoothSolver	7.036730e-04	6.494070e-05	10	1.400020e-02	1.323520e-03	10	5.943820e-03	5.755610e-04	10	false	GAMG	4.597220e-03	3.968960e-05	5	true
305           	smoothSolver	7.073950e-04	6.535460e-05	10	1.405320e-02	1.327540e-03	10	5.954280e-03	5.759330e-04	10	false	GAMG	4.605200e-03	3.900130e-05	5	true
306           	smoothSolver	7.111270e-04	6.588590e-05	10	1.412670e-02	1.332740e-03	10	5.982850e-03	5.777790e-04	10	false	GAMG	4.607550e-03	3.873780e-05	5	true
307           	smoothSolver	7.143930e-04	6.650650e-05	10	1.422830e-02	1.340710e-03	10	6.018820e-03	5.816520e-04	10	false	GAMG	4.597840e-03	3.885480e-05	5	true
308           	smoothSolver	7.173800e-04	6.716530e-05	10	1.434970e-02	1.352350e-03	10	6.060170e-03	5.863190e-04	10	false	GAMG	4.587260e-03	3.895700e-05	5	true
309           	smoothSolver	7.204550e-04	6.780410e-05	10	1.447430e-02	1.366040e-03	10	6.098770e-03	5.915090e-04	10	false	GAMG	4.575470e-03	3.903570e-05	5	true
310           	smoothSolver	7.237050e-04	6.842370e-05	10	1.460970e-02	1.380010e-03	10	6.127600e-03	5.967240e-04	10	false	GAMG	4.567210e-03	4.050470e-05	5	true
311           	smoothSolver	7.275690e-04	6.899810e-05	10	1.472600e-02	1.391080e-03	10	6.155180e-03	6.016920e-04	10	false	GAMG	4.553710e-03	4.097750e-05	5	true
312           	smoothSolver	7.325130e-04	6.953830e-05	10	1.478210e-02	1.397550e-03	10	6.191890e-03	6.067870e-04	10	false	GAMG	4.541300e-03	4.171550e-05	5	true
313           	smoothSolver	7.376200e-04	7.010360e-05	10	1.477850e-02	1.399430e-03	10	6.234250e-03	6.116530e-04	10	false	GAMG	4.517170e-03	4.218220e-05	5	true
314           	smoothSolver	7.431250e-04	7.068100e-05	10	1.471770e-02	1.395080e-03	10	6.281560e-03	6.164730e-04	10	false	GAMG	4.499890e-03	4.217270e-05	5	true
315           	smoothSolver	7.489800e-04	7.119180e-05	10	1.461160e-02	1.383240e-03	10	6.336530e-03	6.211740e-04	10	false	GAMG	4.493430e-03	4.161390e-05	5	true
316           	smoothSolver	7.549220e-04	7.163870e-05	10	1.447390e-02	1.363020e-03	10	6.401430e-03	6.256270e-04	10	false	GAMG	4.498920e-03	4.097400e-05	5	true
317           	smoothSolver	7.607110e-04	7.198840e-05	10	1.434670e-02	1.337070e-03	10	6.479710e-03	6.292150e-04	10	false	GAMG	4.513600e-03	4.030900e-05	5	true
318           	smoothSolver	7.668600e-04	7.229740e-05	10	1.422850e-02	1.308680e-03	10	6.562880e-03	6.315300e-04	10	false	GAMG	4.528820e-03	3.986300e-05	5	true
319           	smoothSolver	7.731330e-04	7.255810e-05	10	1.414950e-02	1.281330e-03	10	6.647780e-03	6.328090e-04	10	false	GAMG	4.555930e-03	3.989210e-05	5	true
320           	smoothSolver	7.797240e-04	7.273100e-05	10	1.411020e-02	1.256120e-03	10	6.730640e-03	6.328400e-04	10	false	GAMG	4.618220e-03	4.043120e-05	5	true
321           	smoothSolver	7.860830e-04	7.282630e-05	10	1.409440e-02	1.233040e-03	10	6.805820e-03	6.313270e-04	10	false	GAMG	4.718240e-03	4.154590e-05	5	true
322           	smoothSolver	7.928570e-04	7.284060e-05	10	1.410770e-02	1.211600e-03	10	6.880910e-03	6.287150e-04	10	false	GAMG	4.839900e-03	4.317740e-05	5	true
323           	smoothSolver	8.002420e-04	7.277110e-05	10	1.413890e-02	1.191200e-03	10	6.950670e-03	6.268710e-04	10	false	GAMG	4.974760e-03	4.523470e-05	5	true
324           	smoothSolver	8.083890e-04	7.261430e-05	10	1.419100e-02	1.171540e-03	10	7.013460e-03	6.257940e-04	10	false	GAMG	5.133670e-03	4.664050e-05	5	true
325           	smoothSolver	8.153310e-04	7.227430e-05	10	1.423040e-02	1.152750e-03	10	7.071880e-03	6.237690e-04	10	false	GAMG	5.286630e-03	4.725740e-05	5	true
326           	smoothSolver	8.190220e-04	7.163290e-05	10	1.423840e-02	1.135040e-03	10	7.101230e-03	6.199490e-04	10	false	GAMG	5.429190e-03	4.756210e-05	5	true
327           	smoothSolver	8.198170e-04	7.065750e-05	10	1.416650e-02	1.411800e-03	9	7.089450e-03	6.130000e-04	10	false	GAMG	5.551190e-03	4.688960e-05	5	true
328           	smoothSolver	8.183830e-04	6.948530e-05	10	1.409050e-02	1.401680e-03	9	7.021510e-03	6.028890e-04	10	false	GAMG	5.664160e-03	4.695500e-05	5	true
329           	smoothSolver	8.143950e-04	6.813780e-05	10	1.388030e-02	1.385580e-03	9	6.923640e-03	5.922350e-04	10	false	GAMG	5.728560e-03	4.777570e-05	5	true
330           	smoothSolver	8.103930e-04	6.702350e-05	10	1.360710e-02	1.083470e-03	10	6.794600e-03	5.805860e-04	10	false	GAMG	5.809350e-03	4.982160e-05	5	true
331           	smoothSolver	8.067340e-04	6.597300e-05	10	1.321490e-02	1.058570e-03	10	6.666430e-03	5.704340e-04	10	false	GAMG	5.887140e-03	5.194710e-05	5	true
332           	smoothSolver	8.038740e-04	6.465600e-05	10	1.289410e-02	1.036510e-03	10	6.552340e-03	5.610700e-04	10	false	GAMG	5.937110e-03	5.312370e-05	5	true
333           	smoothSolver	7.995510e-04	7.994170e-05	9	1.264020e-02	1.016190e-03	10	6.448530e-03	5.518710e-04	10	false	GAMG	5.961300e-03	5.232810e-05	5	true
334           	smoothSolver	7.908660e-04	7.850650e-05	9	1.240490e-02	9.938000e-04	10	6.346180e-03	5.413850e-04	10	false	GAMG	5.954050e-03	5.094670e-05	5	true
335           	smoothSolver	7.760640e-04	7.721150e-05	9	1.221730e-02	9.772030e-04	10	6.254140e-03	5.325190e-04	10	false	GAMG	5.892530e-03	4.922080e-05	5	true
336           	smoothSolver	7.583360e-04	6.025720e-05	10	1.205910e-02	9.636350e-04	10	6.159580e-03	5.259360e-04	10	false	GAMG	5.775790e-03	4.667230e-05	5	true
337           	smoothSolver	7.346940e-04	5.926420e-05	10	1.197700e-02	9.559220e-04	10	6.088890e-03	5.227570e-04	10	false	GAMG	5.614460e-03	4.382740e-05	5	true
338           	smoothSolver	7.102470e-04	5.846160e-05	10	1.190710e-02	9.475060e-04	10	6.022060e-03	5.207460e-04	10	false	GAMG	5.466090e-03	4.208240e-05	5	true
339           	smoothSolver	6.878320e-04	5.779460e-05	10	1.181790e-02	9.423800e-04	10	5.965170e-03	5.193730e-04	10	false	GAMG	5.336020e-03	4.109650e-05	5	true
340           	smoothSolver	6.682180e-04	5.723300e-05	10	1.170770e-02	9.398540e-04	10	5.906990e-03	5.182690e-04	10	false	GAMG	5.243640e-03	4.043070e-05	5	true
341           	smoothSolver	6.514590e-04	5.672350e-05	10	1.156370e-02	9.391470e-04	10	5.841450e-03	5.170650e-04	10	false	GAMG	5.161470e-03	4.031710e-05	5	true
342           	smoothSolver	6.376590e-04	5.626760e-05	10	1.139680e-02	9.395780e-04	10	5.769670e-03	5.153330e-04	10	false	GAMG	5.075570e-03	4.108380e-05	5	true
343           	smoothSolver	6.263210e-04	5.581870e-05	10	1.122700e-02	9.413570e-04	10	5.690130e-03	5.134190e-04	10	false	GAMG	4.975580e-03	4.211010e-05	5	true
344           	smoothSolver	6.174270e-04	5.536880e-05	10	1.106100e-02	9.437830e-04	10	5.605290e-03	5.111540e-04	10	false	GAMG	4.868300e-03	4.166220e-05	5	true
345           	smoothSolver	6.098030e-04	5.492470e-05	10	1.090230e-02	9.466650e-04	10	5.519690e-03	5.087950e-04	10	false	GAMG	4.766120e-03	4.056160e-05	5	true
346           	smoothSolver	6.029710e-04	5.453620e-05	10	1.076590e-02	9.505520e-04	10	5.440130e-03	5.067050e-04	10	false	GAMG	4.660610e-03	3.956040e-05	5	true
347           	smoothSolver	5.963300e-04	5.421330e-05	10	1.065490e-02	9.554320e-04	10	5.367560e-03	5.049860e-04	10	false	GAMG	4.549810e-03	3.773350e-05	5	true
348           	smoothSolver	5.896820e-04	5.395890e-05	10	1.057100e-02	9.608010e-04	10	5.302090e-03	5.037800e-04	10	false	GAMG	4.446020e-03	3.593140e-05	5	true
349           	smoothSolver	5.833940e-04	5.377820e-05	10	1.050380e-02	9.655070e-04	10	5.244860e-03	5.028470e-04	10	false	GAMG	4.350230e-03	3.378100e-05	5	true
350           	smoothSolver	5.777780e-04	5.364420e-05	10	1.045190e-02	9.696050e-04	10	5.201190e-03	5.024230e-04	10	false	GAMG	4.256920e-03	3.237690e-05	5	true
351           	smoothSolver	5.728390e-04	5.354310e-05	10	1.041600e-02	9.731290e-04	10	5.171850e-03	5.024760e-04	10	false	GAMG	4.171830e-03	3.203860e-05	5	true
352           	smoothSolver	5.688310e-04	5.346200e-05	10	1.039310e-02	9.749650e-04	10	5.157490e-03	5.029700e-04	10	false	GAMG	4.090780e-03	3.272050e-05	5	true
353           	smoothSolver	5.655190e-04	5.330860e-05	10	1.037480e-02	9.740320e-04	10	5.156740e-03	5.033570e-04	10	false	GAMG	4.016500e-03	3.474370e-05	5	true
354           	smoothSolver	5.623210e-04	5.304390e-05	10	1.034610e-02	9.705120e-04	10	5.161980e-03	5.030330e-04	10	false	GAMG	3.952780e-03	3.567230e-05	5	true
355           	smoothSolver	5.596270e-04	5.272300e-05	10	1.034180e-02	9.651040e-04	10	5.168520e-03	5.022200e-04	10	false	GAMG	3.902330e-03	3.569800e-05	5	true
356           	smoothSolver	5.580470e-04	5.243380e-05	10	1.033980e-02	9.594100e-04	10	5.174890e-03	5.013610e-04	10	false	GAMG	3.875330e-03	3.583830e-05	5	true
357           	smoothSolver	5.570960e-04	5.221030e-05	10	1.033500e-02	9.547370e-04	10	5.177020e-03	5.004520e-04	10	false	GAMG	3.857540e-03	3.599650e-05	5	true
358           	smoothSolver	5.562240e-04	5.206010e-05	10	1.031500e-02	9.504850e-04	10	5.171700e-03	4.992570e-04	10	false	GAMG	3.844000e-03	3.601830e-05	5	true
359           	smoothSolver	5.559030e-04	5.194300e-05	10	1.027980e-02	9.469880e-04	10	5.153160e-03	4.972840e-04	10	false	GAMG	3.835420e-03	3.520120e-05	5	true
360           	smoothSolver	5.556060e-04	5.181460e-05	10	1.022120e-02	9.433250e-04	10	5.122680e-03	4.944620e-04	10	false	GAMG	3.831140e-03	3.404740e-05	5	true
361           	smoothSolver	5.550100e-04	5.163690e-05	10	1.013890e-02	9.382020e-04	10	5.081490e-03	4.907670e-04	10	false	GAMG	3.818690e-03	3.271500e-05	5	true
362           	smoothSolver	5.539080e-04	5.144000e-05	10	1.005700e-02	9.322110e-04	10	5.042070e-03	4.867790e-04	10	false	GAMG	3.795850e-03	3.161460e-05	5	true
363           	smoothSolver	5.524770e-04	5.122630e-05	10	9.981130e-03	9.254720e-04	10	5.009200e-03	4.827580e-04	10	false	GAMG	3.768370e-03	3.102000e-05	5	true
364           	smoothSolver	5.512550e-04	5.101240e-05	10	9.918000e-03	9.191380e-04	10	4.983240e-03	4.787810e-04	10	false	GAMG	3.734390e-03	3.066360e-05	5	true
365           	smoothSolver	5.500100e-04	5.081330e-05	10	9.885090e-03	9.140500e-04	10	4.966500e-03	4.751530e-04	10	false	GAMG	3.703720e-03	3.042980e-05	5	true
366           	smoothSolver	5.488830e-04	5.061980e-05	10	9.875450e-03	9.094920e-04	10	4.958190e-03	4.721310e-04	10	false	GAMG	3.694460e-03	3.028570e-05	5	true
367           	smoothSolver	5.475110e-04	5.044040e-05	10	9.874290e-03	9.051210e-04	10	4.953590e-03	4.695830e-04	10	false	GAMG	3.708210e-03	3.040650e-05	5	true
368           	smoothSolver	5.461960e-04	5.031730e-05	10	9.877080e-03	9.017200e-04	10	4.950380e-03	4.674580e-04	10	false	GAMG	3.720850e-03	3.050660e-05	5	true
369           	smoothSolver	5.444490e-04	5.025340e-05	10	9.879650e-03	8.990240e-04	10	4.944210e-03	4.657850e-04	10	false	GAMG	3.724110e-03	3.051910e-05	5	true
370           	smoothSolver	5.422350e-04	5.024780e-05	10	9.871450e-03	8.971680e-04	10	4.932020e-03	4.644760e-04	10	false	GAMG	3.723010e-03	3.057590e-05	5	true
371           	smoothSolver	5.409850e-04	5.027040e-05	10	9.852740e-03	8.964360e-04	10	4.915290e-03	4.635790e-04	10	false	GAMG	3.728560e-03	3.075130e-05	5	true
372           	smoothSolver	5.408390e-04	5.029440e-05	10	9.835130e-03	8.974180e-04	10	4.897170e-03	4.630390e-04	10	false	GAMG	3.739110e-03	3.095340e-05	5	true
373           	smoothSolver	5.410500e-04	5.031550e-05	10	9.826510e-03	9.001350e-04	10	4.883550e-03	4.631220e-04	10	false	GAMG	3.755090e-03	3.130640e-05	5	true
374           	smoothSolver	5.415350e-04	5.035560e-05	10	9.819720e-03	9.041190e-04	10	4.876020e-03	4.636090e-04	10	false	GAMG	3.771360e-03	3.158670e-05	5	true
375           	smoothSolver	5.426830e-04	5.035960e-05	10	9.825460e-03	9.085290e-04	10	4.870760e-03	4.640780e-04	10	false	GAMG	3.789960e-03	3.179360e-05	5	true
376           	smoothSolver	5.442450e-04	5.029120e-05	10	9.853220e-03	9.131680e-04	10	4.866510e-03	4.636500e-04	10	false	GAMG	3.813030e-03	3.214660e-05	5	true
377           	smoothSolver	5.452450e-04	5.016280e-05	10	9.896820e-03	9.180640e-04	10	4.859770e-03	4.621340e-04	10	false	GAMG	3.828960e-03	3.251670e-05	5	true
378           	smoothSolver	5.463400e-04	4.999040e-05	10	9.956000e-03	9.233440e-04	10	4.849730e-03	4.603770e-04	10	false	GAMG	3.826150e-03	3.274420e-05	5	true
379           	smoothSolver	5.461350e-04	4.982600e-05	10	1.001920e-02	9.297480e-04	10	4.833070e-03	4.584580e-04	10	false	GAMG	3.806910e-03	3.313210e-05	5	true
380           	smoothSolver	5.453510e-04	4.972350e-05	10	1.008640e-02	9.367930e-04	10	4.813100e-03	4.562590e-04	10	false	GAMG	3.782580e-03	3.348660e-05	5	true
381           	smoothSolver	5.437340e-04	4.970010e-05	10	1.014270e-02	9.433230e-04	10	4.786010e-03	4.538940e-04	10	false	GAMG	3.755520e-03	3.338750e-05	5	true
382           	smoothSolver	5.415810e-04	4.974820e-05	10	1.018110e-02	9.484650e-04	10	4.755030e-03	4.516640e-04	10	false	GAMG	3.733320e-03	3.259500e-05	5	true
383           	smoothSolver	5.395370e-04	4.984300e-05	10	1.020120e-02	9.518820e-04	10	4.721560e-03	4.495820e-04	10	false	GAMG	3.713770e-03	3.169860e-05	5	true
384           	smoothSolver	5.375830e-04	4.994010e-05	10	1.021770e-02	9.538530e-04	10	4.690520e-03	4.474500e-04	10	false	GAMG	3.684110e-03	3.068720e-05	5	true
385           	smoothSolver	5.360520e-04	5.000420e-05	10	1.022610e-02	9.546920e-04	10	4.664930e-03	4.451860e-04	10	false	GAMG	3.652730e-03	3.000810e-05	5	true
386           	smoothSolver	5.350770e-04	5.004610e-05	10	1.024470e-02	9.554540e-04	10	4.649890e-03	4.429920e-04	10	false	GAMG	3.629640e-03	3.006630e-05	5	true
387           	smoothSolver	5.347130e-04	5.005040e-05	10	1.028910e-02	9.572660e-04	10	4.645940e-03	4.412470e-04	10	false	GAMG	3.610960e-03	3.091980e-05	5	true
388           	smoothSolver	5.354160e-04	4.999650e-05	10	1.036510e-02	9.601760e-04	10	4.656630e-03	4.402400e-04	10	false	GAMG	3.603560e-03	3.241400e-05	5	true
389           	smoothSolver	5.372000e-04	4.993020e-05	10	1.047240e-02	9.654760e-04	10	4.678590e-03	4.402650e-04	10	false	GAMG	3.619730e-03	3.367060e-05	5	true
390           	smoothSolver	5.405120e-04	4.988160e-05	10	1.060690e-02	9.739010e-04	10	4.709160e-03	4.415900e-04	10	false	GAMG	3.654480e-03	3.476870e-05	5	true
391           	smoothSolver	5.447750e-04	4.989830e-05	10	1.076510e-02	9.845180e-04	10	4.748250e-03	4.441940e-04	10	false	GAMG	3.694010e-03	3.571160e-05	5	true
392           	smoothSolver	5.494440e-04	4.997410e-05	10	1.092540e-02	9.964500e-04	10	4.793600e-03	4.479290e-04	10	false	GAMG	3.731880e-03	3.621290e-05	5	true
393           	smoothSolver	5.535460e-04	5.008160e-05	10	1.107940e-02	1.009060e-03	10	4.839890e-03	4.525830e-04	10	false	GAMG	3.765610e-03	3.603110e-05	5	true
394           	smoothSolver	5.571570e-04	5.020420e-05	10	1.122020e-02	1.021830e-03	10	4.885290e-03	4.574630e-04	10	false	GAMG	3.787930e-03	3.530350e-05	5	true
395           	smoothSolver	5.597670e-04	5.034470e-05	10	1.134740e-02	1.033380e-03	10	4.930050e-03	4.621350e-04	10	false	GAMG	3.797080e-03	3.476270e-05	5	true
396           	smoothSolver	5.611920e-04	5.044970e-05	10	1.145830e-02	1.042270e-03	10	4.972680e-03	4.664490e-04	10	false	GAMG	3.784740e-03	3.372350e-05	5	true
397           	smoothSolver	5.616910e-04	5.047630e-05	10	1.152820e-02	1.048090e-03	10	5.010560e-03	4.703400e-04	10	false	GAMG	3.758170e-03	3.300170e-05	5	true
398           	smoothSolver	5.611830e-04	5.043150e-05	10	1.156810e-02	1.051490e-03	10	5.035410e-03	4.736240e-04	10	false	GAMG	3.721490e-03	3.248090e-05	5	true
399           	smoothSolver	5.604490e-04	5.035580e-05	10	1.157160e-02	1.052940e-03	10	5.050130e-03	4.758500e-04	10	false	GAMG	3.699320e-03	3.222010e-05	5	true
400           	smoothSolver	5.589290e-04	5.028430e-05	10	1.155930e-02	1.053750e-03	10	5.058280e-03	4.767980e-04	10	false	GAMG	3.688910e-03	3.234100e-05	5	true
401           	smoothSolver	5.569630e-04	5.023570e-05	10	1.153780e-02	1.054230e-03	10	5.054670e-03	4.771080e-04	10	false	GAMG	3.681090e-03	3.253850e-05	5	true
402           	smoothSolver	5.546950e-04	5.020410e-05	10	1.149660e-02	1.055720e-03	10	5.035250e-03	4.770890e-04	10	false	GAMG	3.685430e-03	3.286370e-05	5	true
403           	smoothSolver	5.522930e-04	5.014950e-05	10	1.145120e-02	1.057190e-03	10	5.003840e-03	4.765760e-04	10	false	GAMG	3.693180e-03	3.310460e-05	5	true
404           	smoothSolver	5.497130e-04	5.011650e-05	10	1.140040e-02	1.056430e-03	10	4.972860e-03	4.754360e-04	10	false	GAMG	3.701900e-03	3.291170e-05	5	true
405           	smoothSolver	5.472240e-04	5.013650e-05	10	1.135950e-02	1.052990e-03	10	4.946140e-03	4.733420e-04	10	false	GAMG	3.712180e-03	3.254990e-05	5	true
406           	smoothSolver	5.456470e-04	5.023030e-05	10	1.133080e-02	1.047480e-03	10	4.927280e-03	4.706030e-04	10	false	GAMG	3.722610e-03	3.216660e-05	5	true
407           	smoothSolver	5.452810e-04	5.043930e-05	10	1.132660e-02	1.041850e-03	10	4.920640e-03	4.673980e-04	10	false	GAMG	3.733190e-03	3.171940e-05	5	true
408           	smoothSolver	5.461930e-04	5.072470e-05	10	1.134710e-02	1.036820e-03	10	4.926450e-03	4.640750e-04	10	false	GAMG	3.737400e-03	3.164320e-05	5	true
409           	smoothSolver	5.485740e-04	5.103630e-05	10	1.139830e-02	1.032980e-03	10	4.941480e-03	4.612330e-04	10	false	GAMG	3.746510e-03	3.175600e-05	5	true
410           	smoothSolver	5.522470e-04	5.142360e-05	10	1.148450e-02	1.031120e-03	10	4.968870e-03	4.592020e-04	10	false	GAMG	3.767280e-03	3.212910e-05	5	true
411           	smoothSolver	5.573520e-04	5.189490e-05	10	1.160650e-02	1.031000e-03	10	5.006850e-03	4.580580e-04	10	false	GAMG	3.804400e-03	3.290880e-05	5	true
412           	smoothSolver	5.639410e-04	5.244670e-05	10	1.174120e-02	1.032750e-03	10	5.050200e-03	4.573540e-04	10	false	GAMG	3.864170e-03	3.447310e-05	5	true
413           	smoothSolver	5.716360e-04	5.304950e-05	10	1.188510e-02	1.037080e-03	10	5.097450e-03	4.573630e-04	10	false	GAMG	3.939990e-03	3.593530e-05	5	true
414           	smoothSolver	5.813330e-04	5.374140e-05	10	1.202970e-02	1.044630e-03	10	5.143940e-03	4.588420e-04	10	false	GAMG	4.027770e-03	3.721890e-05	5	true
415           	smoothSolver	5.922340e-04	5.453730e-05	10	1.216810e-02	1.055590e-03	10	5.189540e-03	4.618320e-04	10	false	GAMG	4.115380e-03	3.809750e-05	5	true
416           	smoothSolver	6.038280e-04	5.544530e-05	10	1.229530e-02	1.069590e-03	10	5.236940e-03	4.665850e-04	10	false	GAMG	4.194080e-03	3.866210e-05	5	true
417           	smoothSolver	6.160890e-04	5.645610e-05	10	1.241170e-02	1.087090e-03	10	5.286300e-03	4.730700e-04	10	false	GAMG	4.259110e-03	3.924070e-05	5	true
418           	smoothSolver	6.282930e-04	5.748920e-05	10	1.251200e-02	1.106620e-03	10	5.337340e-03	4.806280e-04	10	false	GAMG	4.310470e-03	3.944110e-05	5	true
419           	smoothSolver	6.401060e-04	5.844290e-05	10	1.259180e-02	1.126430e-03	10	5.387610e-03	4.886600e-04	10	false	GAMG	4.345820e-03	3.915920e-05	5	true
420           	smoothSolver	6.501290e-04	5.923290e-05	10	1.265900e-02	1.143460e-03	10	5.444690e-03	4.964590e-04	10	false	GAMG	4.375930e-03	3.877860e-05	5	true
421           	smoothSolver	6.584030e-04	5.992010e-05	10	1.269180e-02	1.156930e-03	10	5.504690e-03	5.037060e-04	10	false	GAMG	4.427220e-03	3.863600e-05	5	true
422           	smoothSolver	6.660520e-04	6.053720e-05	10	1.271000e-02	1.167900e-03	10	5.562540e-03	5.116810e-04	10	false	GAMG	4.458130e-03	3.831760e-05	5	true
423           	smoothSolver	6.723680e-04	6.112960e-05	10	1.271710e-02	1.176450e-03	10	5.616420e-03	5.193910e-04	10	false	GAMG	4.454610e-03	3.772810e-05	5	true
424           	smoothSolver	6.788080e-04	6.173600e-05	10	1.271940e-02	1.182470e-03	10	5.659090e-03	5.265430e-04	10	false	GAMG	4.440990e-03	3.736600e-05	5	true
425           	smoothSolver	6.856630e-04	6.232290e-05	10	1.270460e-02	1.184130e-03	10	5.694430e-03	5.329180e-04	10	false	GAMG	4.426550e-03	3.712670e-05	5	true
426           	smoothSolver	6.936800e-04	6.293600e-05	10	1.267320e-02	1.182740e-03	10	5.722820e-03	5.385090e-04	10	false	GAMG	4.419900e-03	3.781080e-05	5	true
427           	smoothSolver	7.041960e-04	6.359690e-05	10	1.266120e-02	1.177300e-03	10	5.764400e-03	5.429580e-04	10	false	GAMG	4.448820e-03	3.915660e-05	5	true
428           	smoothSolver	7.158820e-04	6.414750e-05	10	1.267770e-02	1.168380e-03	10	5.820930e-03	5.456320e-04	10	false	GAMG	4.522210e-03	4.033550e-05	5	true
429           	smoothSolver	7.283010e-04	6.461170e-05	10	1.271400e-02	1.156410e-03	10	5.891910e-03	5.462540e-04	10	false	GAMG	4.630420e-03	4.141920e-05	5	true
430           	smoothSolver	7.417880e-04	6.506530e-05	10	1.276750e-02	1.142180e-03	10	5.984270e-03	5.454920e-04	10	false	GAMG	4.789940e-03	4.286010e-05	5	true
431           	smoothSolver	7.561520e-04	6.553300e-05	10	1.285020e-02	1.127040e-03	10	6.089260e-03	5.440510e-04	10	false	GAMG	4.977350e-03	4.417180e-05	5	true
432           	smoothSolver	7.685080e-04	6.602850e-05	10	1.295000e-02	1.112680e-03	10	6.195650e-03	5.424250e-04	10	false	GAMG	5.134050e-03	4.506070e-05	5	true
433           	smoothSolver	7.794280e-04	6.657720e-05	10	1.300320e-02	1.100580e-03	10	6.280790e-03	5.413590e-04	10	false	GAMG	5.245360e-03	4.582930e-05	5	true
434           	smoothSolver	7.869790e-04	6.715770e-05	10	1.301070e-02	1.089780e-03	10	6.334990e-03	5.408540e-04	10	false	GAMG	5.323180e-03	4.658760e-05	5	true
435           	smoothSolver	7.909730e-04	6.772890e-05	10	1.296520e-02	1.078070e-03	10	6.361550e-03	5.407930e-04	10	false	GAMG	5.377330e-03	4.684780e-05	5	true
436           	smoothSolver	7.943840e-04	6.821940e-05	10	1.286320e-02	1.065820e-03	10	6.358490e-03	5.412730e-04	10	false	GAMG	5.416820e-03	4.702790e-05	5	true
437           	smoothSolver	7.967370e-04	6.856350e-05	10	1.272620e-02	1.052670e-03	10	6.330300e-03	5.414920e-04	10	false	GAMG	5.433320e-03	4.677650e-05	5	true
438           	smoothSolver	7.965580e-04	6.875470e-05	10	1.256590e-02	1.038990e-03	10	6.284390e-03	5.412930e-04	10	false	GAMG	5.447910e-03	4.653070e-05	5	true
439           	smoothSolver	7.930200e-04	6.880030e-05	10	1.239330e-02	1.024200e-03	10	6.225350e-03	5.401420e-04	10	false	GAMG	5.467250e-03	4.680370e-05	5	true
440           	smoothSolver	7.907930e-04	6.858780e-05	10	1.221200e-02	1.006800e-03	10	6.160170e-03	5.377550e-04	10	false	GAMG	5.487710e-03	4.773490e-05	5	true
441           	smoothSolver	7.899620e-04	6.813050e-05	10	1.199800e-02	9.876530e-04	10	6.093230e-03	5.331430e-04	10	false	GAMG	5.498060e-03	4.908680e-05	5	true
442           	smoothSolver	7.913050e-04	6.753680e-05	10	1.176260e-02	9.679810e-04	10	6.022320e-03	5.270740e-04	10	false	GAMG	5.514540e-03	5.057450e-05	5	true
443           	smoothSolver	7.926550e-04	6.685230e-05	10	1.152210e-02	9.489280e-04	10	5.934600e-03	5.204980e-04	10	false	GAMG	5.626100e-03	5.230080e-05	5	true
444           	smoothSolver	7.937350e-04	6.616990e-05	10	1.130100e-02	9.307740e-04	10	5.844920e-03	5.132010e-04	10	false	GAMG	5.849610e-03	5.436550e-05	5	true
445           	smoothSolver	7.960530e-04	6.539440e-05	10	1.110490e-02	9.136990e-04	10	5.763060e-03	5.053690e-04	10	false	GAMG	6.120200e-03	5.747370e-05	5	true
446           	smoothSolver	7.974920e-04	6.461030e-05	10	1.092070e-02	8.978080e-04	10	5.689820e-03	4.973690e-04	10	false	GAMG	6.357930e-03	6.010280e-05	5	true
447           	smoothSolver	7.981490e-04	6.375600e-05	10	1.078650e-02	8.837770e-04	10	5.636440e-03	4.895080e-04	10	false	GAMG	6.569230e-03	6.243750e-05	5	true
448           	smoothSolver	7.944380e-04	7.943760e-05	9	1.068400e-02	8.723360e-04	10	5.612430e-03	4.837350e-04	10	false	GAMG	6.685410e-03	6.325610e-05	5	true
449           	smoothSolver	7.882000e-04	7.870230e-05	9	1.058480e-02	8.590110e-04	10	5.603910e-03	4.790100e-04	10	false	GAMG	6.712440e-03	6.275800e-05	5	true
450           	smoothSolver	7.778760e-04	6.169520e-05	10	1.055530e-02	8.511920e-04	10	5.610800e-03	4.759130e-04	10	false	GAMG	6.638980e-03	6.110880e-05	5	true
451           	smoothSolver	7.636660e-04	6.081400e-05	10	1.059760e-02	8.507820e-04	10	5.636840e-03	4.752950e-04	10	false	GAMG	6.508270e-03	5.808450e-05	5	true
452           	smoothSolver	7.499470e-04	6.005170e-05	10	1.060110e-02	8.490540e-04	10	5.645530e-03	4.745780e-04	10	false	GAMG	6.389420e-03	5.549380e-05	5	true
453           	smoothSolver	7.350710e-04	5.944260e-05	10	1.055790e-02	8.481990e-04	10	5.638510e-03	4.735290e-04	10	false	GAMG	6.261760e-03	5.309730e-05	5	true
454           	smoothSolver	7.202570e-04	5.899580e-05	10	1.048350e-02	8.484620e-04	10	5.594810e-03	4.727130e-04	10	false	GAMG	6.124710e-03	5.110850e-05	5	true
455           	smoothSolver	7.055960e-04	5.869950e-05	10	1.040890e-02	8.493570e-04	10	5.544980e-03	4.726350e-04	10	false	GAMG	5.972840e-03	4.925110e-05	5	true
456           	smoothSolver	6.916480e-04	5.852800e-05	10	1.032340e-02	8.520510e-04	10	5.512310e-03	4.736310e-04	10	false	GAMG	5.816640e-03	4.767720e-05	5	true
457           	smoothSolver	6.799280e-04	5.845640e-05	10	1.023290e-02	8.565770e-04	10	5.490490e-03	4.758020e-04	10	false	GAMG	5.668160e-03	4.647360e-05	5	true
458           	smoothSolver	6.698410e-04	5.840290e-05	10	1.013970e-02	8.614150e-04	10	5.470210e-03	4.779340e-04	10	false	GAMG	5.521220e-03	4.516520e-05	5	true
459           	smoothSolver	6.605660e-04	5.828650e-05	10	1.004410e-02	8.661630e-04	10	5.443120e-03	4.797980e-04	10	false	GAMG	5.380510e-03	4.420190e-05	5	true
460           	smoothSolver	6.526170e-04	5.808990e-05	10	9.949490e-03	8.703520e-04	10	5.404620e-03	4.812420e-04	10	false	GAMG	5.251670e-03	4.362120e-05	5	true
461           	smoothSolver	6.466100e-04	5.783520e-05	10	9.864480e-03	8.743610e-04	10	5.364710e-03	4.821500e-04	10	false	GAMG	5.122010e-03	4.287800e-05	5	true
462           	smoothSolver	6.412980e-04	5.750980e-05	10	9.796660e-03	8.785780e-04	10	5.327610e-03	4.825680e-04	10	false	GAMG	5.001300e-03	4.176690e-05	5	true
463           	smoothSolver	6.372300e-04	5.715580e-05	10	9.737690e-03	8.821070e-04	10	5.293500e-03	4.827780e-04	10	false	GAMG	4.894210e-03	4.045620e-05	5	true
464           	smoothSolver	6.344610e-04	5.683210e-05	10	9.689540e-03	8.847160e-04	10	5.268430e-03	4.834770e-04	10	false	GAMG	4.794460e-03	3.910690e-05	5	true
465           	smoothSolver	6.320010e-04	5.657540e-05	10	9.646160e-03	8.858070e-04	10	5.251150e-03	4.845030e-04	10	false	GAMG	4.714400e-03	3.792890e-05	5	true
466           	smoothSolver	6.292640e-04	5.635400e-05	10	9.603540e-03	8.847380e-04	10	5.234710e-03	4.850410e-04	10	false	GAMG	4.648980e-03	3.717930e-05	5	true
467           	smoothSolver	6.262480e-04	5.608980e-05	10	9.559960e-03	8.821180e-04	10	5.216370e-03	4.848770e-04	10	false	GAMG	4.590830e-03	3.686520e-05	5	true
468           	smoothSolver	6.224520e-04	5.578920e-05	10	9.530010e-03	8.791160e-04	10	5.195450e-03	4.843020e-04	10	false	GAMG	4.539130e-03	3.629470e-05	5	true
469           	smoothSolver	6.182850e-04	5.544900e-05	10	9.506840e-03	8.770210e-04	10	5.174180e-03	4.831380e-04	10	false	GAMG	4.504030e-03	3.568840e-05	5	true
470           	smoothSolver	6.139020e-04	5.510220e-05	10	9.502240e-03	8.750400e-04	10	5.159480e-03	4.813860e-04	10	false	GAMG	4.461780e-03	3.481910e-05	5	true
471           	smoothSolver	6.095950e-04	5.478190e-05	10	9.513270e-03	8.737080e-04	10	5.150360e-03	4.788830e-04	10	false	GAMG	4.405710e-03	3.407870e-05	5	true
472           	smoothSolver	6.060160e-04	5.447430e-05	10	9.543720e-03	8.727640e-04	10	5.147790e-03	4.759480e-04	10	false	GAMG	4.355580e-03	3.399740e-05	5	true
473           	smoothSolver	6.038290e-04	5.421890e-05	10	9.604670e-03	8.721390e-04	10	5.155990e-03	4.730500e-04	10	false	GAMG	4.328050e-03	3.486550e-05	5	true
474           	smoothSolver	6.034180e-04	5.399820e-05	10	9.692520e-03	8.720390e-04	10	5.175540e-03	4.704310e-04	10	false	GAMG	4.327930e-03	3.634300e-05	5	true
475           	smoothSolver	6.043780e-04	5.377400e-05	10	9.793380e-03	8.728360e-04	10	5.203370e-03	4.681640e-04	10	false	GAMG	4.363430e-03	3.760470e-05	5	true
476           	smoothSolver	6.067000e-04	5.355840e-05	10	9.903890e-03	8.753340e-04	10	5.234270e-03	4.664030e-04	10	false	GAMG	4.412970e-03	3.883350e-05	5	true
477           	smoothSolver	6.096150e-04	5.333720e-05	10	1.002180e-02	8.795330e-04	10	5.260210e-03	4.648720e-04	10	false	GAMG	4.468740e-03	4.018910e-05	5	true
478           	smoothSolver	6.120970e-04	5.312710e-05	10	1.013210e-02	8.851560e-04	10	5.272260e-03	4.629050e-04	10	false	GAMG	4.522260e-03	4.160240e-05	5	true
479           	smoothSolver	6.139650e-04	5.292540e-05	10	1.022770e-02	8.924120e-04	10	5.270450e-03	4.610460e-04	10	false	GAMG	4.569160e-03	4.255550e-05	5	true
480           	smoothSolver	6.153350e-04	5.273890e-05	10	1.030310e-02	9.012740e-04	10	5.254370e-03	4.592850e-04	10	false	GAMG	4.603780e-03	4.260830e-05	5	true
481           	smoothSolver	6.164070e-04	5.258860e-05	10	1.036350e-02	9.113010e-04	10	5.221950e-03	4.573860e-04	10	false	GAMG	4.626280e-03	4.199810e-05	5	true
482           	smoothSolver	6.167350e-04	5.249100e-05	10	1.039860e-02	9.224150e-04	10	5.177330e-03	4.559330e-04	10	false	GAMG	4.630320e-03	4.148220e-05	5	true
483           	smoothSolver	6.157950e-04	5.242740e-05	10	1.041360e-02	9.336270e-04	10	5.122460e-03	4.547560e-04	10	false	GAMG	4.611310e-03	4.133900e-05	5	true
484           	smoothSolver	6.133280e-04	5.234950e-05	10	1.040850e-02	9.439280e-04	10	5.058760e-03	4.532440e-04	10	false	GAMG	4.576960e-03	4.124870e-05	5	true
485           	smoothSolver	6.098470e-04	5.228760e-05	10	1.040500e-02	9.529090e-04	10	4.989530e-03	4.511710e-04	10	false	GAMG	4.540590e-03	4.118110e-05	5	true
486           	smoothSolver	6.056670e-04	5.226840e-05	10	1.039160e-02	9.611740e-04	10	4.924430e-03	4.484560e-04	10	false	GAMG	4.494090e-03	4.057570e-05	5	true
487           	smoothSolver	6.015660e-04	5.229040e-05	10	1.038920e-02	9.694390e-04	10	4.867560e-03	4.459780e-04	10	false	GAMG	4.441230e-03	3.905520e-05	5	true
488           	smoothSolver	5.980280e-04	5.237160e-05	10	1.041620e-02	9.783570e-04	10	4.826180e-03	4.444570e-04	10	false	GAMG	4.380930e-03	3.740630e-05	5	true
489           	smoothSolver	5.948670e-04	5.247220e-05	10	1.046920e-02	9.875020e-04	10	4.806160e-03	4.444810e-04	10	false	GAMG	4.315550e-03	3.618260e-05	5	true
490           	smoothSolver	5.920030e-04	5.259130e-05	10	1.054130e-02	9.967590e-04	10	4.807200e-03	4.457460e-04	10	false	GAMG	4.242230e-03	3.567990e-05	5	true
491           	smoothSolver	5.894970e-04	5.276070e-05	10	1.063470e-02	1.006820e-03	10	4.824830e-03	4.481290e-04	10	false	GAMG	4.172600e-03	3.527210e-05	5	true
492           	smoothSolver	5.876580e-04	5.302740e-05	10	1.074020e-02	1.018820e-03	10	4.852130e-03	4.519220e-04	10	false	GAMG	4.117040e-03	3.502700e-05	5	true
493           	smoothSolver	5.863430e-04	5.331320e-05	10	1.086290e-02	1.033120e-03	10	4.885970e-03	4.565560e-04	10	false	GAMG	4.082320e-03	3.545120e-05	5	true
494           	smoothSolver	5.857190e-04	5.359570e-05	10	1.099660e-02	1.050010e-03	10	4.920290e-03	4.614600e-04	10	false	GAMG	4.071400e-03	3.672910e-05	5	true
495           	smoothSolver	5.859600e-04	5.385320e-05	10	1.113240e-02	1.069670e-03	10	4.948090e-03	4.667090e-04	10	false	GAMG	4.067600e-03	3.742690e-05	5	true
496           	smoothSolver	5.870300e-04	5.409160e-05	10	1.126060e-02	1.089670e-03	10	4.964160e-03	4.713520e-04	10	false	GAMG	4.072410e-03	3.663130e-05	5	true
497           	smoothSolver	5.887680e-04	5.437980e-05	10	1.139520e-02	1.107700e-03	10	4.981380e-03	4.746700e-04	10	false	GAMG	4.072690e-03	3.560160e-05	5	true
498           	smoothSolver	5.914480e-04	5.467850e-05	10	1.154080e-02	1.123540e-03	10	5.000040e-03	4.767740e-04	10	false	GAMG	4.049590e-03	3.463020e-05	5	true
499           	smoothSolver	5.942910e-04	5.493870e-05	10	1.169490e-02	1.137510e-03	10	5.032770e-03	4.783990e-04	10	false	GAMG	4.011080e-03	3.413410e-05	5	true
500           	smoothSolver	5.967080e-04	5.515170e-05	10	1.187550e-02	1.150270e-03	10	5.080950e-03	4.800410e-04	10	false	GAMG	3.975760e-03	3.461130e-05	5	true
501           	smoothSolver	5.997410e-04	5.533250e-05	10	1.209490e-02	1.160210e-03	10	5.145960e-03	4.824480e-04	10	false	GAMG	3.943790e-03	3.541820e-05	5	true
502           	smoothSolver	6.027800e-04	5.547340e-05	10	1.232160e-02	1.166560e-03	10	5.224670e-03	4.854540e-04	10	false	GAMG	3.929190e-03	3.570680e-05	5	true
503           	smoothSolver	6.057560e-04	5.556200e-05	10	1.253970e-02	1.169740e-03	10	5.303420e-03	4.883110e-04	10	false	GAMG	3.930480e-03	3.548170e-05	5	true
504           	smoothSolver	6.090100e-04	5.558270e-05	10	1.274120e-02	1.170850e-03	10	5.369580e-03	4.903870e-04	10	false	GAMG	3.936070e-03	3.537480e-05	5	true
505           	smoothSolver	6.126830e-04	5.551570e-05	10	1.291800e-02	1.171890e-03	10	5.415200e-03	4.912630e-04	10	false	GAMG	3.951400e-03	3.503030e-05	5	true
506           	smoothSolver	6.163760e-04	5.539650e-05	10	1.306130e-02	1.174560e-03	10	5.434900e-03	4.911730e-04	10	false	GAMG	3.975390e-03	3.454720e-05	5	true
507           	smoothSolver	6.198380e-04	5.526860e-05	10	1.315620e-02	1.178170e-03	10	5.430500e-03	4.900020e-04	10	false	GAMG	3.999520e-03	3.415420e-05	5	true
508           	smoothSolver	6.226360e-04	5.515000e-05	10	1.320350e-02	1.181420e-03	10	5.399480e-03	4.874940e-04	10	false	GAMG	4.024510e-03	3.409690e-05	5	true
509           	smoothSolver	6.249100e-04	5.505490e-05	10	1.320760e-02	1.184210e-03	10	5.343360e-03	4.837080e-04	10	false	GAMG	4.043130e-03	3.407930e-05	5	true
510           	smoothSolver	6.262230e-04	5.496570e-05	10	1.316990e-02	1.185840e-03	10	5.266090e-03	4.786600e-04	10	false	GAMG	4.059570e-03	3.434560e-05	5	true
511           	smoothSolver	6.267680e-04	5.483820e-05	10	1.309790e-02	1.186940e-03	10	5.176090e-03	4.727550e-04	10	false	GAMG	4.066170e-03	3.417420e-05	5	true
512           	smoothSolver	6.264130e-04	5.467990e-05	10	1.300960e-02	1.188090e-03	10	5.086360e-03	4.671200e-04	10	false	GAMG	4.066920e-03	3.347410e-05	5	true
513           	smoothSolver	6.257200e-04	5.454800e-05	10	1.292310e-02	1.189890e-03	10	5.014910e-03	4.622710e-04	10	false	GAMG	4.056270e-03	3.208920e-05	5	true
514           	smoothSolver	6.248020e-04	5.446900e-05	10	1.285380e-02	1.192380e-03	10	4.958160e-03	4.584850e-04	10	false	GAMG	4.035360e-03	3.102310e-05	5	true
515           	smoothSolver	6.232840e-04	5.440930e-05	10	1.281370e-02	1.194590e-03	10	4.918620e-03	4.553310e-04	10	false	GAMG	4.013830e-03	3.092510e-05	5	true
516           	smoothSolver	6.211450e-04	5.433680e-05	10	1.280760e-02	1.197230e-03	10	4.889690e-03	4.526260e-04	10	false	GAMG	4.004270e-03	3.148800e-05	5	true
517           	smoothSolver	6.182580e-04	5.425060e-05	10	1.284340e-02	1.200650e-03	10	4.879130e-03	4.507690e-04	10	false	GAMG	4.002050e-03	3.158240e-05	5	true
518           	smoothSolver	6.156260e-04	5.414340e-05	10	1.290430e-02	1.205790e-03	10	4.878370e-03	4.499030e-04	10	false	GAMG	4.005710e-03	3.108130e-05	5	true
519           	smoothSolver	6.132030e-04	5.405430e-05	10	1.298130e-02	1.211950e-03	10	4.888890e-03	4.499020e-04	10	false	GAMG	4.006730e-03	3.113470e-05	5	true
520           	smoothSolver	6.108080e-04	5.396200e-05	10	1.305110e-02	1.217900e-03	10	4.902770e-03	4.509490e-04	10	false	GAMG	4.001950e-03	3.147920e-05	5	true
521           	smoothSolver	6.081510e-04	5.387150e-05	10	1.310120e-02	1.223040e-03	10	4.912580e-03	4.525660e-04	10	false	GAMG	4.004630e-03	3.143170e-05	5	true
522           	smoothSolver	6.059560e-04	5.381080e-05	10	1.310940e-02	1.226250e-03	10	4.914000e-03	4.541490e-04	10	false	GAMG	4.025120e-03	3.093390e-05	5	true
523           	smoothSolver	6.042350e-04	5.382190e-05	10	1.308370e-02	1.227290e-03	10	4.909230e-03	4.553070e-04	10	false	GAMG	4.031300e-03	3.072300e-05	5	true
524           	smoothSolver	6.027960e-04	5.387880e-05	10	1.301950e-02	1.226310e-03	10	4.898860e-03	4.562370e-04	10	false	GAMG	4.019120e-03	3.027690e-05	5	true
525           	smoothSolver	6.012930e-04	5.399140e-05	10	1.293450e-02	1.223660e-03	10	4.886560e-03	4.571640e-04	10	false	GAMG	3.988310e-03	2.958780e-05	5	true
526           	smoothSolver	5.989550e-04	5.407940e-05	10	1.283270e-02	1.219960e-03	10	4.874950e-03	4.581290e-04	10	false	GAMG	3.941590e-03	2.908780e-05	5	true
527           	smoothSolver	5.952890e-04	5.411570e-05	10	1.272090e-02	1.214900e-03	10	4.855690e-03	4.587670e-04	10	false	GAMG	3.883210e-03	2.893120e-05	5	true
528           	smoothSolver	5.902810e-04	5.406900e-05	10	1.260780e-02	1.207770e-03	10	4.830090e-03	4.585860e-04	10	false	GAMG	3.823850e-03	2.879970e-05	5	true
529           	smoothSolver	5.848150e-04	5.398270e-05	10	1.249780e-02	1.199540e-03	10	4.798870e-03	4.576230e-04	10	false	GAMG	3.762320e-03	2.855030e-05	5	true
530           	smoothSolver	5.792530e-04	5.389990e-05	10	1.240270e-02	1.191610e-03	10	4.767700e-03	4.560710e-04	10	false	GAMG	3.707490e-03	2.833240e-05	5	true
531           	smoothSolver	5.746200e-04	5.384830e-05	10	1.233680e-02	1.184560e-03	10	4.742730e-03	4.542430e-04	10	false	GAMG	3.672200e-03	2.832590e-05	5	true
532           	smoothSolver	5.714940e-04	5.382110e-05	10	1.231470e-02	1.179360e-03	10	4.733480e-03	4.524370e-04	10	false	GAMG	3.653010e-03	2.858710e-05	5	true
533           	smoothSolver	5.699070e-04	5.382130e-05	10	1.233180e-02	1.174720e-03	10	4.741870e-03	4.509870e-04	10	false	GAMG	3.643610e-03	2.877600e-05	5	true
534           	smoothSolver	5.695270e-04	5.384310e-05	10	1.237440e-02	1.168580e-03	10	4.762710e-03	4.497580e-04	10	false	GAMG	3.644390e-03	2.907320e-05	5	true
535           	smoothSolver	5.703360e-04	5.387250e-05	10	1.243270e-02	1.160760e-03	10	4.793700e-03	4.488220e-04	10	false	GAMG	3.644950e-03	2.947520e-05	5	true
536           	smoothSolver	5.724400e-04	5.387210e-05	10	1.249230e-02	1.151400e-03	10	4.833520e-03	4.484500e-04	10	false	GAMG	3.641080e-03	2.994990e-05	5	true
537           	smoothSolver	5.755760e-04	5.385760e-05	10	1.255100e-02	1.140190e-03	10	4.881030e-03	4.484320e-04	10	false	GAMG	3.646420e-03	3.029420e-05	5	true
538           	smoothSolver	5.798940e-04	5.384230e-05	10	1.260750e-02	1.126970e-03	10	4.932420e-03	4.487260e-04	10	false	GAMG	3.672090e-03	3.075940e-05	5	true
539           	smoothSolver	5.843270e-04	5.377000e-05	10	1.263810e-02	1.111480e-03	10	4.981210e-03	4.484930e-04	10	false	GAMG	3.722600e-03	3.155500e-05	5	true
540           	smoothSolver	5.892760e-04	5.364960e-05	10	1.264510e-02	1.093320e-03	10	5.018840e-03	4.471500e-04	10	false	GAMG	3.799510e-03	3.267180e-05	5	true
541           	smoothSolver	5.945790e-04	5.349420e-05	10	1.260910e-02	1.073200e-03	10	5.043720e-03	4.445520e-04	10	false	GAMG	3.875800e-03	3.370680e-05	5	true
542           	smoothSolver	6.001150e-04	5.331490e-05	10	1.253090e-02	1.052240e-03	10	5.050270e-03	4.407720e-04	10	false	GAMG	3.947580e-03	3.413350e-05	5	true
543           	smoothSolver	6.056050e-04	5.311200e-05	10	1.240230e-02	1.032920e-03	10	5.036580e-03	4.359570e-04	10	false	GAMG	4.016000e-03	3.380240e-05	5	true
544           	smoothSolver	6.111350e-04	5.292170e-05	10	1.224760e-02	1.014650e-03	10	5.016300e-03	4.309550e-04	10	false	GAMG	4.080380e-03	3.297870e-05	5	true
545           	smoothSolver	6.159700e-04	5.270940e-05	10	1.205300e-02	9.950820e-04	10	4.987500e-03	4.259370e-04	10	false	GAMG	4.122810e-03	3.232020e-05	5	true
546           	smoothSolver	6.196800e-04	5.247110e-05	10	1.182170e-02	9.734200e-04	10	4.945470e-03	4.204530e-04	10	false	GAMG	4.144910e-03	3.214610e-05	5	true
547           	smoothSolver	6.220580e-04	5.217120e-05	10	1.156150e-02	9.506890e-04	10	4.899040e-03	4.144870e-04	10	false	GAMG	4.159330e-03	3.229330e-05	5	true
548           	smoothSolver	6.228070e-04	5.177690e-05	10	1.129490e-02	9.285170e-04	10	4.846010e-03	4.083190e-04	10	false	GAMG	4.177340e-03	3.240710e-05	5	true
549           	smoothSolver	6.221070e-04	5.136600e-05	10	1.102390e-02	9.077850e-04	10	4.785180e-03	4.024150e-04	10	false	GAMG	4.211310e-03	3.268270e-05	5	true
550           	smoothSolver	6.200610e-04	5.093830e-05	10	1.074700e-02	8.883340e-04	10	4.718140e-03	3.967780e-04	10	false	GAMG	4.259970e-03	3.270700e-05	5	true
551           	smoothSolver	6.158620e-04	5.051450e-05	10	1.048080e-02	8.697450e-04	10	4.643580e-03	3.914340e-04	10	false	GAMG	4.301110e-03	3.244650e-05	5	true
552           	smoothSolver	6.095030e-04	5.004700e-05	10	1.021430e-02	8.515820e-04	10	4.561970e-03	3.862600e-04	10	false	GAMG	4.311830e-03	3.225410e-05	5	true
553           	smoothSolver	6.024620e-04	4.955550e-05	10	9.966620e-03	8.343790e-04	10	4.482510e-03	3.817150e-04	10	false	GAMG	4.305590e-03	3.213670e-05	5	true
554           	smoothSolver	5.953530e-04	4.909030e-05	10	9.734970e-03	8.184870e-04	10	4.410020e-03	3.782040e-04	10	false	GAMG	4.294350e-03	3.201450e-05	5	true
555           	smoothSolver	5.888210e-04	4.870260e-05	10	9.524810e-03	8.044470e-04	10	4.352580e-03	3.757120e-04	10	false	GAMG	4.301900e-03	3.198660e-05	5	true
556           	smoothSolver	5.824830e-04	4.836880e-05	10	9.345250e-03	7.930000e-04	10	4.321090e-03	3.743980e-04	10	false	GAMG	4.318020e-03	3.202650e-05	5	true
557           	smoothSolver	5.773560e-04	4.810890e-05	10	9.187430e-03	7.834860e-04	10	4.308750e-03	3.737050e-04	10	false	GAMG	4.328350e-03	3.206670e-05	5	true
558           	smoothSolver	5.726170e-04	4.791630e-05	10	9.061040e-03	7.752030e-04	10	4.306300e-03	3.731360e-04	10	false	GAMG	4.325470e-03	3.206830e-05	5	true
559           	smoothSolver	5.680700e-04	4.776920e-05	10	8.958230e-03	7.678200e-04	10	4.309860e-03	3.723450e-04	10	false	GAMG	4.312280e-03	3.268690e-05	5	true
560           	smoothSolver	5.640170e-04	4.762720e-05	10	8.863500e-03	7.604840e-04	10	4.312960e-03	3.711890e-04	10	false	GAMG	4.283310e-03	3.308180e-05	5	true
561           	smoothSolver	5.603410e-04	4.751590e-05	10	8.776040e-03	7.525870e-04	10	4.316510e-03	3.698610e-04	10	false	GAMG	4.241080e-03	3.286820e-05	5	true
562           	smoothSolver	5.567600e-04	4.746250e-05	10	8.686650e-03	7.448980e-04	10	4.323180e-03	3.690760e-04	10	false	GAMG	4.197590e-03	3.292150e-05	5	true
563           	smoothSolver	5.540370e-04	4.739570e-05	10	8.599240e-03	7.369040e-04	10	4.329720e-03	3.690500e-04	10	false	GAMG	4.168870e-03	3.364480e-05	5	true
564           	smoothSolver	5.516860e-04	4.726310e-05	10	8.514940e-03	7.281460e-04	10	4.332260e-03	3.690830e-04	10	false	GAMG	4.147460e-03	3.453060e-05	5	true
565           	smoothSolver	5.502440e-04	4.710830e-05	10	8.417450e-03	7.196800e-04	10	4.320740e-03	3.686320e-04	10	false	GAMG	4.143020e-03	3.525360e-05	5	true
566           	smoothSolver	5.501590e-04	4.696440e-05	10	8.312620e-03	7.124360e-04	10	4.292210e-03	3.676910e-04	10	false	GAMG	4.138100e-03	3.546470e-05	5	true
567           	smoothSolver	5.505530e-04	4.680600e-05	10	8.190330e-03	7.068680e-04	10	4.246500e-03	3.665940e-04	10	false	GAMG	4.130530e-03	3.546970e-05	5	true
568           	smoothSolver	5.507590e-04	4.661510e-05	10	8.067980e-03	7.032620e-04	10	4.189290e-03	3.651960e-04	10	false	GAMG	4.119130e-03	3.550560e-05	5	true
569           	smoothSolver	5.508680e-04	4.637200e-05	10	7.964080e-03	7.009970e-04	10	4.130230e-03	3.628220e-04	10	false	GAMG	4.109980e-03	3.584010e-05	5	true
570           	smoothSolver	5.494860e-04	4.609560e-05	10	7.879130e-03	6.994080e-04	10	4.068010e-03	3.595340e-04	10	false	GAMG	4.109430e-03	3.630050e-05	5	true
571           	smoothSolver	5.465810e-04	4.580170e-05	10	7.813610e-03	6.983140e-04	10	4.010940e-03	3.557130e-04	10	false	GAMG	4.116940e-03	3.692440e-05	5	true
572           	smoothSolver	5.419840e-04	4.549490e-05	10	7.774590e-03	6.979690e-04	10	3.969670e-03	3.516190e-04	10	false	GAMG	4.133010e-03	3.739890e-05	5	true
573           	smoothSolver	5.366310e-04	4.522130e-05	10	7.759830e-03	6.986740e-04	10	3.942390e-03	3.480130e-04	10	false	GAMG	4.140750e-03	3.727660e-05	5	true
574           	smoothSolver	5.316000e-04	4.506680e-05	10	7.780520e-03	7.009850e-04	10	3.930360e-03	3.458430e-04	10	false	GAMG	4.141620e-03	3.686830e-05	5	true
575           	smoothSolver	5.268900e-04	4.494280e-05	10	7.831970e-03	7.043180e-04	10	3.936510e-03	3.454130e-04	10	false	GAMG	4.134990e-03	3.622940e-05	5	true
576           	smoothSolver	5.223460e-04	4.480460e-05	10	7.900060e-03	7.078530e-04	10	3.951540e-03	3.458190e-04	10	false	GAMG	4.124770e-03	3.527990e-05	5	true
577           	smoothSolver	5.185630e-04	4.466220e-05	10	7.969350e-03	7.117070e-04	10	3.969130e-03	3.464710e-04	10	false	GAMG	4.089540e-03	3.427800e-05	5	true
578           	smoothSolver	5.149820e-04	4.455650e-05	10	8.031330e-03	7.156450e-04	10	3.984050e-03	3.470840e-04	10	false	GAMG	4.025990e-03	3.350040e-05	5	true
579           	smoothSolver	5.122680e-04	4.451520e-05	10	8.082380e-03	7.197280e-04	10	3.987080e-03	3.473930e-04	10	false	GAMG	3.959940e-03	3.308680e-05	5	true
580           	smoothSolver	5.107620e-04	4.455230e-05	10	8.122500e-03	7.240180e-04	10	3.978370e-03	3.475390e-04	10	false	GAMG	3.906930e-03	3.335190e-05	5	true
581           	smoothSolver	5.099160e-04	4.461740e-05	10	8.154430e-03	7.283180e-04	10	3.963340e-03	3.475310e-04	10	false	GAMG	3.862790e-03	3.395150e-05	5	true
582           	smoothSolver	5.091120e-04	4.468290e-05	10	8.185310e-03	7.324060e-04	10	3.947720e-03	3.474090e-04	10	false	GAMG	3.826850e-03	3.422410e-05	5	true
583           	smoothSolver	5.081850e-04	4.470420e-05	10	8.214750e-03	7.353080e-04	10	3.931160e-03	3.473010e-04	10	false	GAMG	3.794380e-03	3.438860e-05	5	true
584           	smoothSolver	5.069720e-04	4.467760e-05	10	8.235610e-03	7.368670e-04	10	3.915590e-03	3.468590e-04	10	false	GAMG	3.762310e-03	3.416860e-05	5	true
585           	smoothSolver	5.052160e-04	4.460260e-05	10	8.237070e-03	7.365090e-04	10	3.899980e-03	3.460640e-04	10	false	GAMG	3.726520e-03	3.343310e-05	5	true
586           	smoothSolver	5.032680e-04	4.452020e-05	10	8.219520e-03	7.344560e-04	10	3.886330e-03	3.454610e-04	10	false	GAMG	3.688810e-03	3.255330e-05	5	true
587           	smoothSolver	5.012220e-04	4.442550e-05	10	8.190850e-03	7.309270e-04	10	3.876970e-03	3.452530e-04	10	false	GAMG	3.660910e-03	3.182810e-05	5	true
588           	smoothSolver	4.990180e-04	4.431170e-05	10	8.148920e-03	7.260490e-04	10	3.868880e-03	3.450750e-04	10	false	GAMG	3.645830e-03	3.146680e-05	5	true
589           	smoothSolver	4.969620e-04	4.419090e-05	10	8.103880e-03	7.209630e-04	10	3.859610e-03	3.447730e-04	10	false	GAMG	3.637750e-03	3.137550e-05	5	true
590           	smoothSolver	4.955870e-04	4.407350e-05	10	8.069000e-03	7.173710e-04	10	3.849630e-03	3.445050e-04	10	false	GAMG	3.635400e-03	3.151640e-05	5	true
591           	smoothSolver	4.946250e-04	4.399330e-05	10	8.057860e-03	7.162030e-04	10	3.843250e-03	3.441640e-04	10	false	GAMG	3.637870e-03	3.155590e-05	5	true
592           	smoothSolver	4.943200e-04	4.397660e-05	10	8.073000e-03	7.172030e-04	10	3.838630e-03	3.439310e-04	10	false	GAMG	3.645680e-03	3.153630e-05	5	true
593           	smoothSolver	4.942340e-04	4.400020e-05	10	8.105450e-03	7.200870e-04	10	3.842440e-03	3.439790e-04	10	false	GAMG	3.658300e-03	3.160990e-05	5	true
594           	smoothSolver	4.938210e-04	4.400500e-05	10	8.157990e-03	7.237810e-04	10	3.852130e-03	3.441970e-04	10	false	GAMG	3.661900e-03	3.170270e-05	5	true
595           	smoothSolver	4.934670e-04	4.396180e-05	10	8.218270e-03	7.270660e-04	10	3.866130e-03	3.442890e-04	10	false	GAMG	3.657550e-03	3.167890e-05	5	true
596           	smoothSolver	4.928370e-04	4.387310e-05	10	8.286270e-03	7.298350e-04	10	3.879670e-03	3.439950e-04	10	false	GAMG	3.650930e-03	3.147360e-05	5	true
597           	smoothSolver	4.920890e-04	4.375990e-05	10	8.353290e-03	7.324540e-04	10	3.887400e-03	3.437630e-04	10	false	GAMG	3.649380e-03	3.114310e-05	5	true
598           	smoothSolver	4.916110e-04	4.366240e-05	10	8.417980e-03	7.351690e-04	10	3.893700e-03	3.437980e-04	10	false	GAMG	3.647310e-03	3.068430e-05	5	true
599           	smoothSolver	4.917810e-04	4.356170e-05	10	8.470630e-03	7.386350e-04	10	3.898490e-03	3.442810e-04	10	false	GAMG	3.649010e-03	3.054150e-05	5	true
600           	smoothSolver	4.915790e-04	4.348010e-05	10	8.516590e-03	7.423120e-04	10	3.905180e-03	3.451310e-04	10	false	GAMG	3.653460e-03	3.111640e-05	5	true
601           	smoothSolver	4.918050e-04	4.343040e-05	10	8.551020e-03	7.458990e-04	10	3.908510e-03	3.459520e-04	10	false	GAMG	3.656530e-03	3.223890e-05	5	true
602           	smoothSolver	4.917370e-04	4.337170e-05	10	8.571770e-03	7.490330e-04	10	3.909440e-03	3.466550e-04	10	false	GAMG	3.654280e-03	3.306770e-05	5	true
603           	smoothSolver	4.918840e-04	4.330380e-05	10	8.576470e-03	7.514980e-04	10	3.902480e-03	3.469860e-04	10	false	GAMG	3.650300e-03	3.253300e-05	5	true
604           	smoothSolver	4.924210e-04	4.328270e-05	10	8.574170e-03	7.539300e-04	10	3.888500e-03	3.472310e-04	10	false	GAMG	3.647570e-03	3.182320e-05	5	true
605           	smoothSolver	4.932860e-04	4.332260e-05	10	8.567650e-03	7.570050e-04	10	3.877030e-03	3.480380e-04	10	false	GAMG	3.652250e-03	3.146080e-05	5	true
606           	smoothSolver	4.937480e-04	4.339840e-05	10	8.559360e-03	7.602880e-04	10	3.868610e-03	3.494890e-04	10	false	GAMG	3.664520e-03	3.112730e-05	5	true
607           	smoothSolver	4.938770e-04	4.347410e-05	10	8.546700e-03	7.628760e-04	10	3.864120e-03	3.513330e-04	10	false	GAMG	3.681330e-03	3.084620e-05	5	true
608           	smoothSolver	4.939220e-04	4.356050e-05	10	8.523870e-03	7.640940e-04	10	3.860630e-03	3.531040e-04	10	false	GAMG	3.697480e-03	3.037800e-05	5	true
609           	smoothSolver	4.943690e-04	4.365280e-05	10	8.484440e-03	7.635930e-04	10	3.860480e-03	3.546320e-04	10	false	GAMG	3.703100e-03	2.976030e-05	5	true
610           	smoothSolver	4.951820e-04	4.371590e-05	10	8.439540e-03	7.618030e-04	10	3.863020e-03	3.560240e-04	10	false	GAMG	3.699100e-03	2.886940e-05	5	true
611           	smoothSolver	4.961090e-04	4.375930e-05	10	8.394840e-03	7.593790e-04	10	3.870900e-03	3.572810e-04	10	false	GAMG	3.690300e-03	2.832460e-05	5	true
612           	smoothSolver	4.965030e-04	4.377380e-05	10	8.363450e-03	7.569180e-04	10	3.879050e-03	3.584670e-04	10	false	GAMG	3.681920e-03	2.822970e-05	5	true
613           	smoothSolver	4.963270e-04	4.372430e-05	10	8.343530e-03	7.549110e-04	10	3.886070e-03	3.595550e-04	10	false	GAMG	3.675620e-03	2.845800e-05	5	true
614           	smoothSolver	4.959180e-04	4.364880e-05	10	8.339640e-03	7.543210e-04	10	3.891340e-03	3.603620e-04	10	false	GAMG	3.666120e-03	2.909420e-05	5	true
615           	smoothSolver	4.952320e-04	4.360450e-05	10	8.359900e-03	7.557500e-04	10	3.895880e-03	3.609710e-04	10	false	GAMG	3.665190e-03	2.926020e-05	5	true
616           	smoothSolver	4.945430e-04	4.358940e-05	10	8.397240e-03	7.598310e-04	10	3.898250e-03	3.613880e-04	10	false	GAMG	3.678340e-03	2.905610e-05	5	true
617           	smoothSolver	4.941950e-04	4.360560e-05	10	8.445820e-03	7.665060e-04	10	3.901730e-03	3.618990e-04	10	false	GAMG	3.696630e-03	2.896390e-05	5	true
618           	smoothSolver	4.936210e-04	4.368730e-05	10	8.501900e-03	7.751230e-04	10	3.907560e-03	3.630590e-04	10	false	GAMG	3.705280e-03	2.900360e-05	5	true
619           	smoothSolver	4.933030e-04	4.380740e-05	10	8.574180e-03	7.854010e-04	10	3.913760e-03	3.642780e-04	10	false	GAMG	3.703080e-03	2.929170e-05	5	true
620           	smoothSolver	4.932010e-04	4.394020e-05	10	8.659330e-03	7.963910e-04	10	3.921790e-03	3.654250e-04	10	false	GAMG	3.683910e-03	2.912730e-05	5	true
621           	smoothSolver	4.930900e-04	4.407600e-05	10	8.753420e-03	8.072670e-04	10	3.930300e-03	3.662690e-04	10	false	GAMG	3.645390e-03	2.859950e-05	5	true
622           	smoothSolver	4.923960e-04	4.419810e-05	10	8.844840e-03	8.181800e-04	10	3.935230e-03	3.672080e-04	10	false	GAMG	3.602970e-03	2.796420e-05	5	true
623           	smoothSolver	4.917410e-04	4.430870e-05	10	8.929950e-03	8.291620e-04	10	3.938760e-03	3.683210e-04	10	false	GAMG	3.566860e-03	2.742130e-05	5	true
624           	smoothSolver	4.907980e-04	4.442940e-05	10	9.013420e-03	8.391780e-04	10	3.942590e-03	3.691440e-04	10	false	GAMG	3.557490e-03	2.753040e-05	5	true
625           	smoothSolver	4.897750e-04	4.456780e-05	10	9.078510e-03	8.473200e-04	10	3.941430e-03	3.694520e-04	10	false	GAMG	3.565480e-03	2.827920e-05	5	true
626           	smoothSolver	4.892630e-04	4.472050e-05	10	9.125820e-03	8.542460e-04	10	3.935200e-03	3.692810e-04	10	false	GAMG	3.587870e-03	2.900060e-05	5	true
627           	smoothSolver	4.896040e-04	4.494090e-05	10	9.170350e-03	8.608580e-04	10	3.928390e-03	3.689810e-04	10	false	GAMG	3.608450e-03	2.940350e-05	5	true
628           	smoothSolver	4.908220e-04	4.525470e-05	10	9.220420e-03	8.674250e-04	10	3.921630e-03	3.689190e-04	10	false	GAMG	3.637780e-03	2.953610e-05	5	true
629           	smoothSolver	4.929150e-04	4.559590e-05	10	9.274680e-03	8.742560e-04	10	3.919290e-03	3.689950e-04	10	false	GAMG	3.667870e-03	2.963430e-05	5	true
630           	smoothSolver	4.955900e-04	4.592790e-05	10	9.341530e-03	8.807950e-04	10	3.923630e-03	3.691420e-04	10	false	GAMG	3.687680e-03	2.976610e-05	5	true
631           	smoothSolver	4.986360e-04	4.620000e-05	10	9.412930e-03	8.862910e-04	10	3.936220e-03	3.693440e-04	10	false	GAMG	3.696980e-03	2.987690e-05	5	true
632           	smoothSolver	5.018930e-04	4.639890e-05	10	9.495550e-03	8.906910e-04	10	3.955250e-03	3.695470e-04	10	false	GAMG	3.697630e-03	2.985850e-05	5	true
633           	smoothSolver	5.048520e-04	4.652560e-05	10	9.590760e-03	8.947810e-04	10	3.980760e-03	3.698010e-04	10	false	GAMG	3.691750e-03	2.976530e-05	5	true
634           	smoothSolver	5.076870e-04	4.659690e-05	10	9.699480e-03	8.991750e-04	10	4.012380e-03	3.700590e-04	10	false	GAMG	3.683420e-03	2.976820e-05	5	true
635           	smoothSolver	5.101090e-04	4.664380e-05	10	9.814340e-03	9.034180e-04	10	4.050050e-03	3.704250e-04	10	false	GAMG	3.679620e-03	2.983140e-05	5	true
636           	smoothSolver	5.120740e-04	4.668350e-05	10	9.930310e-03	9.070750e-04	10	4.087610e-03	3.713190e-04	10	false	GAMG	3.687030e-03	2.998560e-05	5	true
637           	smoothSolver	5.139660e-04	4.676610e-05	10	1.003320e-02	9.101070e-04	10	4.123760e-03	3.726020e-04	10	false	GAMG	3.707790e-03	3.063780e-05	5	true
638           	smoothSolver	5.162890e-04	4.691830e-05	10	1.012430e-02	9.138240e-04	10	4.164950e-03	3.749100e-04	10	false	GAMG	3.739430e-03	3.214000e-05	5	true
639           	smoothSolver	5.197250e-04	4.717290e-05	10	1.021860e-02	9.190090e-04	10	4.214720e-03	3.786290e-04	10	false	GAMG	3.774460e-03	3.419930e-05	5	true
640           	smoothSolver	5.248160e-04	4.758630e-05	10	1.033250e-02	9.282570e-04	10	4.274580e-03	3.838220e-04	10	false	GAMG	3.817770e-03	3.606550e-05	5	true
641           	smoothSolver	5.306320e-04	4.814720e-05	10	1.045960e-02	9.414900e-04	10	4.343410e-03	3.905920e-04	10	false	GAMG	3.863310e-03	3.709930e-05	5	true
642           	smoothSolver	5.372590e-04	4.880040e-05	10	1.058720e-02	9.569680e-04	10	4.411600e-03	3.985830e-04	10	false	GAMG	3.903450e-03	3.697470e-05	5	true
643           	smoothSolver	5.436430e-04	4.949210e-05	10	1.070630e-02	9.749170e-04	10	4.481050e-03	4.074730e-04	10	false	GAMG	3.935020e-03	3.580080e-05	5	true
644           	smoothSolver	5.493950e-04	5.023650e-05	10	1.081090e-02	9.949710e-04	10	4.549480e-03	4.174110e-04	10	false	GAMG	3.961800e-03	3.461390e-05	5	true
645           	smoothSolver	5.546880e-04	5.097960e-05	10	1.091090e-02	1.015180e-03	10	4.611940e-03	4.275870e-04	10	false	GAMG	3.972920e-03	3.439780e-05	5	true
646           	smoothSolver	5.592810e-04	5.172920e-05	10	1.099740e-02	1.036080e-03	10	4.672710e-03	4.373820e-04	10	false	GAMG	3.985110e-03	3.420940e-05	5	true
647           	smoothSolver	5.627830e-04	5.243270e-05	10	1.107870e-02	1.057090e-03	10	4.725890e-03	4.474680e-04	10	false	GAMG	3.987730e-03	3.411370e-05	5	true
648           	smoothSolver	5.650440e-04	5.307230e-05	10	1.114120e-02	1.075390e-03	10	4.768920e-03	4.560690e-04	10	false	GAMG	3.976540e-03	3.413810e-05	5	true
649           	smoothSolver	5.668960e-04	5.359710e-05	10	1.119300e-02	1.090870e-03	10	4.795400e-03	4.619660e-04	10	false	GAMG	3.962410e-03	3.399640e-05	5	true
650           	smoothSolver	5.682780e-04	5.397510e-05	10	1.122230e-02	1.101150e-03	10	4.803080e-03	4.655650e-04	10	false	GAMG	3.944070e-03	3.394160e-05	5	true
651           	smoothSolver	5.692300e-04	5.418560e-05	10	1.124520e-02	1.105360e-03	10	4.799110e-03	4.669820e-04	10	false	GAMG	3.918750e-03	3.379440e-05	5	true
652           	smoothSolver	5.703620e-04	5.433620e-05	10	1.125320e-02	1.103870e-03	10	4.790400e-03	4.672560e-04	10	false	GAMG	3.890750e-03	3.371660e-05	5	true
653           	smoothSolver	5.716150e-04	5.443880e-05	10	1.125280e-02	1.099860e-03	10	4.783480e-03	4.667300e-04	10	false	GAMG	3.865030e-03	3.385370e-05	5	true
654           	smoothSolver	5.731780e-04	5.452510e-05	10	1.125660e-02	1.094650e-03	10	4.780690e-03	4.655000e-04	10	false	GAMG	3.846960e-03	3.401830e-05	5	true
655           	smoothSolver	5.750980e-04	5.455240e-05	10	1.126370e-02	1.089200e-03	10	4.777060e-03	4.628630e-04	10	false	GAMG	3.841070e-03	3.394960e-05	5	true
656           	smoothSolver	5.775090e-04	5.458480e-05	10	1.128310e-02	1.084420e-03	10	4.771590e-03	4.589990e-04	10	false	GAMG	3.848800e-03	3.352260e-05	5	true
657           	smoothSolver	5.799230e-04	5.459850e-05	10	1.131620e-02	1.079510e-03	10	4.763000e-03	4.539660e-04	10	false	GAMG	3.878930e-03	3.320490e-05	5	true
658           	smoothSolver	5.825610e-04	5.459530e-05	10	1.136370e-02	1.073220e-03	10	4.749850e-03	4.482350e-04	10	false	GAMG	3.919910e-03	3.310960e-05	5	true
659           	smoothSolver	5.861370e-04	5.457730e-05	10	1.141360e-02	1.067430e-03	10	4.736850e-03	4.426760e-04	10	false	GAMG	3.969870e-03	3.354760e-05	5	true
660           	smoothSolver	5.902980e-04	5.450820e-05	10	1.146720e-02	1.064620e-03	10	4.724250e-03	4.377300e-04	10	false	GAMG	4.028170e-03	3.467630e-05	5	true
661           	smoothSolver	5.951740e-04	5.439510e-05	10	1.152120e-02	1.065710e-03	10	4.707530e-03	4.339640e-04	10	false	GAMG	4.103310e-03	3.614460e-05	5	true
662           	smoothSolver	6.004900e-04	5.432000e-05	10	1.157930e-02	1.070330e-03	10	4.686880e-03	4.313170e-04	10	false	GAMG	4.175600e-03	3.695630e-05	5	true
663           	smoothSolver	6.061570e-04	5.429890e-05	10	1.163630e-02	1.076150e-03	10	4.662690e-03	4.287390e-04	10	false	GAMG	4.234170e-03	3.697910e-05	5	true
664           	smoothSolver	6.112460e-04	5.429510e-05	10	1.167350e-02	1.081260e-03	10	4.630420e-03	4.258900e-04	10	false	GAMG	4.268700e-03	3.637810e-05	5	true
665           	smoothSolver	6.152620e-04	5.429830e-05	10	1.168690e-02	1.084620e-03	10	4.596060e-03	4.231210e-04	10	false	GAMG	4.292450e-03	3.572160e-05	5	true
666           	smoothSolver	6.183290e-04	5.424990e-05	10	1.165800e-02	1.085880e-03	10	4.557490e-03	4.204070e-04	10	false	GAMG	4.316490e-03	3.571990e-05	5	true
667           	smoothSolver	6.194110e-04	5.411570e-05	10	1.162130e-02	1.085790e-03	10	4.518590e-03	4.178820e-04	10	false	GAMG	4.355390e-03	3.589290e-05	5	true
668           	smoothSolver	6.188820e-04	5.389460e-05	10	1.156650e-02	1.084640e-03	10	4.484840e-03	4.152970e-04	10	false	GAMG	4.405110e-03	3.609440e-05	5	true
669           	smoothSolver	6.171810e-04	5.363250e-05	10	1.150210e-02	1.081760e-03	10	4.457120e-03	4.123990e-04	10	false	GAMG	4.450570e-03	3.617440e-05	5	true
670           	smoothSolver	6.136680e-04	5.341290e-05	10	1.143970e-02	1.076450e-03	10	4.434150e-03	4.092040e-04	10	false	GAMG	4.476860e-03	3.657600e-05	5	true
671           	smoothSolver	6.096340e-04	5.323560e-05	10	1.135890e-02	1.070080e-03	10	4.410610e-03	4.059860e-04	10	false	GAMG	4.485860e-03	3.755690e-05	5	true
672           	smoothSolver	6.042930e-04	5.308440e-05	10	1.128440e-02	1.062530e-03	10	4.390130e-03	4.034470e-04	10	false	GAMG	4.487040e-03	3.856780e-05	5	true
673           	smoothSolver	5.998490e-04	5.298890e-05	10	1.122210e-02	1.053550e-03	10	4.376560e-03	4.017300e-04	10	false	GAMG	4.467330e-03	3.919770e-05	5	true
674           	smoothSolver	5.968430e-04	5.293900e-05	10	1.116300e-02	1.043250e-03	10	4.381250e-03	4.005430e-04	10	false	GAMG	4.436770e-03	3.934280e-05	5	true
675           	smoothSolver	5.945870e-04	5.291600e-05	10	1.110550e-02	1.032290e-03	10	4.400760e-03	4.000500e-04	10	false	GAMG	4.416560e-03	3.886960e-05	5	true
676           	smoothSolver	5.936430e-04	5.290130e-05	10	1.107630e-02	1.021190e-03	10	4.430830e-03	4.002940e-04	10	false	GAMG	4.413220e-03	3.836640e-05	5	true
677           	smoothSolver	5.943700e-04	5.292020e-05	10	1.106330e-02	1.010360e-03	10	4.470890e-03	4.012820e-04	10	false	GAMG	4.417800e-03	3.802270e-05	5	true
678           	smoothSolver	5.959910e-04	5.297560e-05	10	1.105870e-02	1.000420e-03	10	4.516240e-03	4.032140e-04	10	false	GAMG	4.427490e-03	3.795160e-05	5	true
679           	smoothSolver	5.993750e-04	5.310250e-05	10	1.104510e-02	9.912790e-04	10	4.565930e-03	4.055780e-04	10	false	GAMG	4.446000e-03	3.819170e-05	5	true
680           	smoothSolver	6.040800e-04	5.331640e-05	10	1.103410e-02	9.832830e-04	10	4.620030e-03	4.082120e-04	10	false	GAMG	4.471110e-03	3.870110e-05	5	true
681           	smoothSolver	6.100430e-04	5.357620e-05	10	1.102610e-02	9.765260e-04	10	4.681930e-03	4.115780e-04	10	false	GAMG	4.502710e-03	3.918260e-05	5	true
682           	smoothSolver	6.159570e-04	5.386950e-05	10	1.102130e-02	9.712640e-04	10	4.750520e-03	4.160120e-04	10	false	GAMG	4.537840e-03	4.005400e-05	5	true
683           	smoothSolver	6.217080e-04	5.413820e-05	10	1.102130e-02	9.668640e-04	10	4.817750e-03	4.212990e-04	10	false	GAMG	4.578200e-03	4.211310e-05	5	true
684           	smoothSolver	6.273040e-04	5.436250e-05	10	1.101710e-02	9.626960e-04	10	4.877960e-03	4.268090e-04	10	false	GAMG	4.623140e-03	4.494670e-05	5	true
685           	smoothSolver	6.320880e-04	5.455110e-05	10	1.100810e-02	9.586750e-04	10	4.929250e-03	4.316100e-04	10	false	GAMG	4.663400e-03	4.546150e-05	5	true
686           	smoothSolver	6.358910e-04	5.467670e-05	10	1.098220e-02	9.545760e-04	10	4.971320e-03	4.356480e-04	10	false	GAMG	4.703740e-03	4.584590e-05	5	true
687           	smoothSolver	6.393460e-04	5.476160e-05	10	1.093630e-02	9.498590e-04	10	5.003330e-03	4.387940e-04	10	false	GAMG	4.738490e-03	4.539830e-05	5	true
688           	smoothSolver	6.419530e-04	5.480800e-05	10	1.087340e-02	9.449930e-04	10	5.018940e-03	4.409430e-04	10	false	GAMG	4.748960e-03	4.258940e-05	5	true
689           	smoothSolver	6.436470e-04	5.484540e-05	10	1.078570e-02	9.405980e-04	10	5.018630e-03	4.427080e-04	10	false	GAMG	4.739130e-03	3.966030e-05	5	true
690           	smoothSolver	6.445470e-04	5.485860e-05	10	1.067060e-02	9.363220e-04	10	5.006420e-03	4.447460e-04	10	false	GAMG	4.709680e-03	3.938720e-05	5	true
691           	smoothSolver	6.450870e-04	5.486000e-05	10	1.053520e-02	9.320380e-04	10	4.993480e-03	4.475660e-04	10	false	GAMG	4.666830e-03	4.417550e-05	5	true
692           	smoothSolver	6.452630e-04	5.484340e-05	10	1.040430e-02	9.283860e-04	10	4.983980e-03	4.511800e-04	10	false	GAMG	4.618970e-03	2.986680e-05	6	true
693           	smoothSolver	6.439100e-04	5.471480e-05	10	1.029160e-02	9.244260e-04	10	4.979700e-03	4.547160e-04	10	false	GAMG	4.581850e-03	4.500620e-05	5	true
694           	smoothSolver	6.397190e-04	5.455650e-05	10	1.020230e-02	9.201990e-04	10	4.983450e-03	4.579620e-04	10	false	GAMG	4.565220e-03	2.946780e-05	6	true
695           	smoothSolver	6.363500e-04	5.437320e-05	10	1.015910e-02	9.169060e-04	10	5.003040e-03	4.614390e-04	10	false	GAMG	4.567690e-03	4.278590e-05	5	true
696           	smoothSolver	6.313850e-04	5.424640e-05	10	1.014160e-02	9.145680e-04	10	5.029610e-03	4.638790e-04	10	false	GAMG	4.584300e-03	4.402390e-05	5	true
697           	smoothSolver	6.261980e-04	5.412730e-05	10	1.014630e-02	9.131630e-04	10	5.064760e-03	4.659600e-04	10	false	GAMG	4.582480e-03	4.256240e-05	5	true
698           	smoothSolver	6.204880e-04	5.397990e-05	10	1.016770e-02	9.119990e-04	10	5.101350e-03	4.680050e-04	10	false	GAMG	4.558560e-03	4.047900e-05	5	true
699           	smoothSolver	6.143670e-04	5.379390e-05	10	1.019140e-02	9.106160e-04	10	5.138790e-03	4.704030e-04	10	false	GAMG	4.522760e-03	3.870240e-05	5	true
700           	smoothSolver	6.086370e-04	5.362180e-05	10	1.020850e-02	9.084310e-04	10	5.174180e-03	4.728900e-04	10	false	GAMG	4.472140e-03	3.737970e-05	5	true
701           	smoothSolver	6.036420e-04	5.347100e-05	10	1.021620e-02	9.056920e-04	10	5.204370e-03	4.750670e-04	10	false	GAMG	4.420440e-03	3.673290e-05	5	true
702           	smoothSolver	5.995020e-04	5.338270e-05	10	1.021460e-02	9.028500e-04	10	5.227720e-03	4.770220e-04	10	false	GAMG	4.370640e-03	3.649240e-05	5	true
703           	smoothSolver	5.969500e-04	5.336460e-05	10	1.020300e-02	9.002720e-04	10	5.246920e-03	4.789420e-04	10	false	GAMG	4.337500e-03	3.637270e-05	5	true
704           	smoothSolver	5.955050e-04	5.333270e-05	10	1.019300e-02	8.978520e-04	10	5.266600e-03	4.810310e-04	10	false	GAMG	4.322780e-03	3.613350e-05	5	true
705           	smoothSolver	5.952810e-04	5.326620e-05	10	1.018550e-02	8.963440e-04	10	5.284790e-03	4.830760e-04	10	false	GAMG	4.331240e-03	3.608330e-05	5	true
706           	smoothSolver	5.959740e-04	5.318290e-05	10	1.018540e-02	8.962360e-04	10	5.299240e-03	4.850260e-04	10	false	GAMG	4.349410e-03	3.627060e-05	5	true
707           	smoothSolver	5.973370e-04	5.309720e-05	10	1.019950e-02	8.979350e-04	10	5.313410e-03	4.866440e-04	10	false	GAMG	4.374510e-03	3.650800e-05	5	true
708           	smoothSolver	5.988970e-04	5.303900e-05	10	1.022260e-02	9.016060e-04	10	5.324560e-03	4.879060e-04	10	false	GAMG	4.400490e-03	3.669420e-05	5	true
709           	smoothSolver	6.006130e-04	5.303480e-05	10	1.025980e-02	9.075850e-04	10	5.336830e-03	4.890970e-04	10	false	GAMG	4.423060e-03	3.695010e-05	5	true
710           	smoothSolver	6.025510e-04	5.303180e-05	10	1.030680e-02	9.153370e-04	10	5.347650e-03	4.903620e-04	10	false	GAMG	4.445400e-03	3.712180e-05	5	true
711           	smoothSolver	6.037120e-04	5.305330e-05	10	1.036830e-02	9.245310e-04	10	5.355050e-03	4.916150e-04	10	false	GAMG	4.473370e-03	3.732650e-05	5	true
712           	smoothSolver	6.045250e-04	5.311030e-05	10	1.042790e-02	9.350400e-04	10	5.353720e-03	4.926810e-04	10	false	GAMG	4.493530e-03	3.751600e-05	5	true
713           	smoothSolver	6.045780e-04	5.322450e-05	10	1.048590e-02	9.462790e-04	10	5.344190e-03	4.937710e-04	10	false	GAMG	4.494840e-03	3.754190e-05	5	true
714           	smoothSolver	6.046640e-04	5.336860e-05	10	1.053790e-02	9.576950e-04	10	5.330170e-03	4.952140e-04	10	false	GAMG	4.474540e-03	3.712220e-05	5	true
715           	smoothSolver	6.044880e-04	5.354730e-05	10	1.059460e-02	9.697090e-04	10	5.312780e-03	4.967830e-04	10	false	GAMG	4.437620e-03	3.645730e-05	5	true
716           	smoothSolver	6.044270e-04	5.371560e-05	10	1.065450e-02	9.827080e-04	10	5.297470e-03	4.983800e-04	10	false	GAMG	4.400790e-03	3.580620e-05	5	true
717           	smoothSolver	6.036320e-04	5.386460e-05	10	1.071920e-02	9.960510e-04	10	5.285000e-03	4.997270e-04	10	false	GAMG	4.367480e-03	3.527560e-05	5	true
718           	smoothSolver	6.024610e-04	5.404830e-05	10	1.077530e-02	1.008450e-03	10	5.268880e-03	5.007370e-04	10	false	GAMG	4.336640e-03	3.491960e-05	5	true
719           	smoothSolver	6.010500e-04	5.422390e-05	10	1.082600e-02	1.019300e-03	10	5.249930e-03	5.012320e-04	10	false	GAMG	4.319000e-03	3.506780e-05	5	true
720           	smoothSolver	6.000030e-04	5.435800e-05	10	1.085660e-02	1.028500e-03	10	5.229870e-03	5.013210e-04	10	false	GAMG	4.310270e-03	3.567090e-05	5	true
721           	smoothSolver	5.998120e-04	5.450720e-05	10	1.087470e-02	1.036280e-03	10	5.205850e-03	5.009950e-04	10	false	GAMG	4.304990e-03	3.591750e-05	5	true
722           	smoothSolver	6.003410e-04	5.467950e-05	10	1.089460e-02	1.042470e-03	10	5.186330e-03	5.005240e-04	10	false	GAMG	4.306780e-03	3.542600e-05	5	true
723           	smoothSolver	6.013610e-04	5.483640e-05	10	1.091620e-02	1.047970e-03	10	5.169930e-03	4.999480e-04	10	false	GAMG	4.317300e-03	3.489270e-05	5	true
724           	smoothSolver	6.026370e-04	5.496950e-05	10	1.094340e-02	1.053230e-03	10	5.158160e-03	4.992820e-04	10	false	GAMG	4.326260e-03	3.453870e-05	5	true
725           	smoothSolver	6.045900e-04	5.510640e-05	10	1.098520e-02	1.059680e-03	10	5.150340e-03	4.984070e-04	10	false	GAMG	4.331930e-03	3.463640e-05	5	true
726           	smoothSolver	6.069290e-04	5.520850e-05	10	1.105300e-02	1.067220e-03	10	5.144180e-03	4.974260e-04	10	false	GAMG	4.326960e-03	3.490480e-05	5	true
727           	smoothSolver	6.099910e-04	5.529220e-05	10	1.114310e-02	1.075710e-03	10	5.145950e-03	4.965750e-04	10	false	GAMG	4.323370e-03	3.550360e-05	5	true
728           	smoothSolver	6.133450e-04	5.538320e-05	10	1.125880e-02	1.085690e-03	10	5.154450e-03	4.959680e-04	10	false	GAMG	4.321220e-03	3.614470e-05	5	true
729           	smoothSolver	6.164980e-04	5.548030e-05	10	1.139700e-02	1.097070e-03	10	5.172230e-03	4.954030e-04	10	false	GAMG	4.322870e-03	3.683900e-05	5	true
730           	smoothSolver	6.188160e-04	5.556620e-05	10	1.153790e-02	1.110280e-03	10	5.186570e-03	4.952510e-04	10	false	GAMG	4.314700e-03	3.670300e-05	5	true
731           	smoothSolver	6.202210e-04	5.565270e-05	10	1.168920e-02	1.125550e-03	10	5.198770e-03	4.952790e-04	10	false	GAMG	4.300670e-03	3.632330e-05	5	true
732           	smoothSolver	6.213550e-04	5.578490e-05	10	1.185670e-02	1.142640e-03	10	5.212050e-03	4.955230e-04	10	false	GAMG	4.289750e-03	3.571770e-05	5	true
733           	smoothSolver	6.227090e-04	5.599350e-05	10	1.204320e-02	1.160840e-03	10	5.227090e-03	4.962670e-04	10	false	GAMG	4.282000e-03	3.498150e-05	5	true
734           	smoothSolver	6.245630e-04	5.627760e-05	10	1.223280e-02	1.178980e-03	10	5.245920e-03	4.976940e-04	10	false	GAMG	4.275970e-03	3.461590e-05	5	true
735           	smoothSolver	6.262950e-04	5.656690e-05	10	1.242050e-02	1.196740e-03	10	5.269940e-03	4.998590e-04	10	false	GAMG	4.270040e-03	3.480810e-05	5	true
736           	smoothSolver	6.275040e-04	5.681590e-05	10	1.261840e-02	1.214070e-03	10	5.296550e-03	5.023100e-04	10	false	GAMG	4.262120e-03	3.561390e-05	5	true
737           	smoothSolver	6.277070e-04	5.700700e-05	10	1.280890e-02	1.231150e-03	10	5.312630e-03	5.043700e-04	10	false	GAMG	4.257730e-03	3.708930e-05	5	true
738           	smoothSolver	6.276350e-04	5.707210e-05	10	1.299290e-02	1.247420e-03	10	5.319700e-03	5.055560e-04	10	false	GAMG	4.258450e-03	3.789670e-05	5	true
739           	smoothSolver	6.276100e-04	5.705430e-05	10	1.317310e-02	1.263950e-03	10	5.321350e-03	5.056570e-04	10	false	GAMG	4.261690e-03	3.739540e-05	5	true
740           	smoothSolver	6.274610e-04	5.700930e-05	10	1.337220e-02	1.283080e-03	10	5.317850e-03	5.049210e-04	10	false	GAMG	4.271150e-03	3.686420e-05	5	true
741           	smoothSolver	6.276230e-04	5.698400e-05	10	1.358810e-02	1.304590e-03	10	5.309930e-03	5.035000e-04	10	false	GAMG	4.290010e-03	3.661620e-05	5	true
742           	smoothSolver	6.275060e-04	5.694960e-05	10	1.379810e-02	1.325370e-03	10	5.301550e-03	5.014020e-04	10	false	GAMG	4.304510e-03	3.675880e-05	5	true
743           	smoothSolver	6.275760e-04	5.691050e-05	10	1.400510e-02	1.344230e-03	10	5.297880e-03	4.993620e-04	10	false	GAMG	4.306530e-03	3.664030e-05	5	true
744           	smoothSolver	6.283350e-04	5.698580e-05	10	1.420600e-02	1.361420e-03	10	5.297870e-03	4.979520e-04	10	false	GAMG	4.298120e-03	3.619180e-05	5	true
745           	smoothSolver	6.301310e-04	5.716520e-05	10	1.438730e-02	1.376570e-03	10	5.308640e-03	4.970910e-04	10	false	GAMG	4.284010e-03	3.598440e-05	5	true
746           	smoothSolver	6.331570e-04	5.742380e-05	10	1.457000e-02	1.388190e-03	10	5.335140e-03	4.972720e-04	10	false	GAMG	4.278630e-03	3.554700e-05	5	true
747           	smoothSolver	6.374910e-04	5.773130e-05	10	1.474300e-02	1.395790e-03	10	5.370310e-03	4.980460e-04	10	false	GAMG	4.279570e-03	3.543220e-05	5	true
748           	smoothSolver	6.432640e-04	5.801070e-05	10	1.479840e-02	1.391390e-03	10	5.410400e-03	4.988300e-04	10	false	GAMG	4.289890e-03	3.527660e-05	5	true
749           	smoothSolver	6.495430e-04	5.824480e-05	10	1.477550e-02	1.379990e-03	10	5.451330e-03	4.996420e-04	10	false	GAMG	4.309460e-03	3.606260e-05	5	true
750           	smoothSolver	6.560570e-04	5.839060e-05	10	1.471580e-02	1.365860e-03	10	5.491850e-03	5.006860e-04	10	false	GAMG	4.337840e-03	3.717860e-05	5	true
751           	smoothSolver	6.624900e-04	5.847840e-05	10	1.460940e-02	1.349800e-03	10	5.524290e-03	5.020220e-04	10	false	GAMG	4.387630e-03	3.847340e-05	5	true
752           	smoothSolver	6.694260e-04	5.858980e-05	10	1.446160e-02	1.333750e-03	10	5.554440e-03	5.039530e-04	10	false	GAMG	4.457230e-03	4.102240e-05	5	true
753           	smoothSolver	6.761460e-04	5.872660e-05	10	1.427980e-02	1.317700e-03	10	5.576220e-03	5.062070e-04	10	false	GAMG	4.532480e-03	4.097150e-05	5	true
754           	smoothSolver	6.817640e-04	5.888070e-05	10	1.406980e-02	1.300790e-03	10	5.586480e-03	5.084720e-04	10	false	GAMG	4.592440e-03	4.127490e-05	5	true
755           	smoothSolver	6.867430e-04	5.907290e-05	10	1.383790e-02	1.282960e-03	10	5.586700e-03	5.109220e-04	10	false	GAMG	4.629180e-03	4.085960e-05	5	true
756           	smoothSolver	6.909720e-04	5.930460e-05	10	1.359020e-02	1.265840e-03	10	5.583280e-03	5.134610e-04	10	false	GAMG	4.631450e-03	3.962720e-05	5	true
757           	smoothSolver	6.948180e-04	5.955560e-05	10	1.336010e-02	1.249290e-03	10	5.577430e-03	5.160630e-04	10	false	GAMG	4.614030e-03	3.822160e-05	5	true
758           	smoothSolver	6.975570e-04	5.982620e-05	10	1.315480e-02	1.234760e-03	10	5.580560e-03	5.193750e-04	10	false	GAMG	4.591960e-03	3.753770e-05	5	true
759           	smoothSolver	6.984260e-04	6.009360e-05	10	1.298680e-02	1.222240e-03	10	5.592280e-03	5.233500e-04	10	false	GAMG	4.561220e-03	3.753230e-05	5	true
760           	smoothSolver	6.976740e-04	6.028740e-05	10	1.286100e-02	1.212520e-03	10	5.606000e-03	5.273270e-04	10	false	GAMG	4.521560e-03	3.825490e-05	5	true
761           	smoothSolver	6.952100e-04	6.038170e-05	10	1.277230e-02	1.205900e-03	10	5.618920e-03	5.302920e-04	10	false	GAMG	4.477120e-03	3.842920e-05	5	true
762           	smoothSolver	6.919010e-04	6.040130e-05	10	1.271690e-02	1.201450e-03	10	5.631090e-03	5.321340e-04	10	false	GAMG	4.436090e-03	3.794270e-05	5	true
763           	smoothSolver	6.879990e-04	6.044250e-05	10	1.269860e-02	1.199010e-03	10	5.646040e-03	5.332840e-04	10	false	GAMG	4.403570e-03	3.745840e-05	5	true
764           	smoothSolver	6.837000e-04	6.056500e-05	10	1.272620e-02	1.198570e-03	10	5.667010e-03	5.341510e-04	10	false	GAMG	4.391900e-03	3.707770e-05	5	true
765           	smoothSolver	6.796060e-04	6.078340e-05	10	1.280030e-02	1.199150e-03	10	5.697950e-03	5.350980e-04	10	false	GAMG	4.380630e-03	3.645720e-05	5	true
766           	smoothSolver	6.756810e-04	6.103070e-05	10	1.290980e-02	1.200340e-03	10	5.733910e-03	5.357560e-04	10	false	GAMG	4.361070e-03	3.579470e-05	5	true
767           	smoothSolver	6.723120e-04	6.124400e-05	10	1.303790e-02	1.203120e-03	10	5.773990e-03	5.356580e-04	10	false	GAMG	4.330980e-03	3.530180e-05	5	true
768           	smoothSolver	6.695880e-04	6.142500e-05	10	1.318990e-02	1.207110e-03	10	5.816860e-03	5.346470e-04	10	false	GAMG	4.294720e-03	3.519920e-05	5	true
769           	smoothSolver	6.682500e-04	6.159560e-05	10	1.336390e-02	1.212300e-03	10	5.853240e-03	5.331770e-04	10	false	GAMG	4.270900e-03	3.550340e-05	5	true
770           	smoothSolver	6.686540e-04	6.174440e-05	10	1.356410e-02	1.218840e-03	10	5.893500e-03	5.317690e-04	10	false	GAMG	4.275910e-03	3.602610e-05	5	true
771           	smoothSolver	6.702580e-04	6.185600e-05	10	1.377520e-02	1.226370e-03	10	5.933950e-03	5.304040e-04	10	false	GAMG	4.301610e-03	3.659580e-05	5	true
772           	smoothSolver	6.729040e-04	6.187840e-05	10	1.398940e-02	1.234960e-03	10	5.968770e-03	5.293920e-04	10	false	GAMG	4.335770e-03	3.734770e-05	5	true
773           	smoothSolver	6.757360e-04	6.180150e-05	10	1.418310e-02	1.244530e-03	10	5.993830e-03	5.285030e-04	10	false	GAMG	4.379280e-03	3.895000e-05	5	true
774           	smoothSolver	6.790190e-04	6.163790e-05	10	1.435860e-02	1.254740e-03	10	6.001870e-03	5.271740e-04	10	false	GAMG	4.436800e-03	4.203380e-05	5	true
775           	smoothSolver	6.830610e-04	6.147340e-05	10	1.451670e-02	1.264520e-03	10	5.999170e-03	5.254460e-04	10	false	GAMG	4.513860e-03	4.346940e-05	5	true
776           	smoothSolver	6.878130e-04	6.139040e-05	10	1.465020e-02	1.274170e-03	10	5.987500e-03	5.235520e-04	10	false	GAMG	4.580630e-03	4.283670e-05	5	true
777           	smoothSolver	6.926260e-04	6.137820e-05	10	1.475720e-02	1.283580e-03	10	5.967010e-03	5.213970e-04	10	false	GAMG	4.634840e-03	4.171520e-05	5	true
778           	smoothSolver	6.973540e-04	6.140840e-05	10	1.483620e-02	1.292230e-03	10	5.940290e-03	5.189060e-04	10	false	GAMG	4.674770e-03	4.009730e-05	5	true
779           	smoothSolver	7.012120e-04	6.144090e-05	10	1.489190e-02	1.300210e-03	10	5.904920e-03	5.161110e-04	10	false	GAMG	4.687380e-03	3.830040e-05	5	true
780           	smoothSolver	7.042320e-04	6.145990e-05	10	1.493450e-02	1.309190e-03	10	5.865510e-03	5.134920e-04	10	false	GAMG	4.677180e-03	3.759430e-05	5	true
781           	smoothSolver	7.062760e-04	6.147110e-05	10	1.496530e-02	1.320570e-03	10	5.826720e-03	5.115780e-04	10	false	GAMG	4.648060e-03	3.731530e-05	5	true
782           	smoothSolver	7.072590e-04	6.147880e-05	10	1.499470e-02	1.333960e-03	10	5.792210e-03	5.110910e-04	10	false	GAMG	4.606600e-03	3.683390e-05	5	true
783           	smoothSolver	7.073980e-04	6.149260e-05	10	1.497850e-02	1.344720e-03	10	5.763940e-03	5.117830e-04	10	false	GAMG	4.558800e-03	3.603670e-05	5	true
784           	smoothSolver	7.065520e-04	6.153020e-05	10	1.484050e-02	1.344730e-03	10	5.743530e-03	5.131210e-04	10	false	GAMG	4.510670e-03	3.553840e-05	5	true
785           	smoothSolver	7.056700e-04	6.157940e-05	10	1.465880e-02	1.338880e-03	10	5.732350e-03	5.146850e-04	10	false	GAMG	4.468240e-03	3.563360e-05	5	true
786           	smoothSolver	7.051190e-04	6.167450e-05	10	1.445720e-02	1.328090e-03	10	5.730910e-03	5.169520e-04	10	false	GAMG	4.430470e-03	3.632320e-05	5	true
787           	smoothSolver	7.056810e-04	6.181890e-05	10	1.424980e-02	1.313120e-03	10	5.746220e-03	5.201000e-04	10	false	GAMG	4.406420e-03	3.719450e-05	5	true
788           	smoothSolver	7.082470e-04	6.196900e-05	10	1.405050e-02	1.293510e-03	10	5.781600e-03	5.239700e-04	10	false	GAMG	4.387770e-03	3.771860e-05	5	true
789           	smoothSolver	7.129720e-04	6.207700e-05	10	1.386220e-02	1.268430e-03	10	5.841920e-03	5.280530e-04	10	false	GAMG	4.387920e-03	3.810270e-05	5	true
790           	smoothSolver	7.188900e-04	6.211710e-05	10	1.370580e-02	1.238460e-03	10	5.928070e-03	5.320910e-04	10	false	GAMG	4.409850e-03	3.894280e-05	5	true
791           	smoothSolver	7.260120e-04	6.207360e-05	10	1.357740e-02	1.205690e-03	10	6.038030e-03	5.363350e-04	10	false	GAMG	4.469920e-03	4.052200e-05	5	true
792           	smoothSolver	7.336000e-04	6.195870e-05	10	1.347530e-02	1.172800e-03	10	6.166820e-03	5.402490e-04	10	false	GAMG	4.572390e-03	4.299100e-05	5	true
793           	smoothSolver	7.425100e-04	6.174910e-05	10	1.340730e-02	1.141660e-03	10	6.305160e-03	5.435850e-04	10	false	GAMG	4.716480e-03	4.539240e-05	5	true
794           	smoothSolver	7.521340e-04	6.149160e-05	10	1.333080e-02	1.112760e-03	10	6.438890e-03	5.460980e-04	10	false	GAMG	4.881210e-03	4.707830e-05	5	true
795           	smoothSolver	7.626470e-04	6.125230e-05	10	1.322590e-02	1.085430e-03	10	6.549260e-03	5.475420e-04	10	false	GAMG	5.026140e-03	4.806930e-05	5	true
796           	smoothSolver	7.708110e-04	6.099870e-05	10	1.306270e-02	1.059730e-03	10	6.611620e-03	5.475710e-04	10	false	GAMG	5.118070e-03	4.851080e-05	5	true
797           	smoothSolver	7.754120e-04	7.672530e-05	9	1.282730e-02	1.036290e-03	10	6.602890e-03	5.457800e-04	10	false	GAMG	5.136740e-03	4.823810e-05	5	true
798           	smoothSolver	7.791280e-04	7.669260e-05	9	1.249130e-02	1.011750e-03	10	6.515090e-03	5.413820e-04	10	false	GAMG	5.131390e-03	4.858040e-05	5	true
799           	smoothSolver	7.807560e-04	7.659710e-05	9	1.213990e-02	9.918900e-04	10	6.406680e-03	5.371230e-04	10	false	GAMG	5.113640e-03	5.012820e-05	5	true
800           	smoothSolver	7.816990e-04	7.651490e-05	9	1.179130e-02	9.744190e-04	10	6.289290e-03	5.333410e-04	10	false	GAMG	5.134190e-03	2.783730e-05	6	true
801           	smoothSolver	7.814260e-04	7.639410e-05	9	1.149890e-02	9.596780e-04	10	6.192100e-03	5.302770e-04	10	false	GAMG	5.191190e-03	2.824300e-05	6	true
802           	smoothSolver	7.802420e-04	7.619450e-05	9	1.124090e-02	9.465190e-04	10	6.105400e-03	5.264150e-04	10	false	GAMG	5.304900e-03	2.982860e-05	6	true
803           	smoothSolver	7.779330e-04	7.592850e-05	9	1.104600e-02	9.359930e-04	10	6.038460e-03	5.229630e-04	10	false	GAMG	5.397710e-03	2.981440e-05	6	true
804           	smoothSolver	7.730510e-04	7.560790e-05	9	1.090390e-02	9.279660e-04	10	5.987570e-03	5.200620e-04	10	false	GAMG	5.470850e-03	5.409180e-05	5	true
805           	smoothSolver	7.650970e-04	7.525890e-05	9	1.080070e-02	9.218280e-04	10	5.945840e-03	5.170850e-04	10	false	GAMG	5.518420e-03	5.487500e-05	5	true
806           	smoothSolver	7.555130e-04	7.491530e-05	9	1.074600e-02	9.176140e-04	10	5.933820e-03	5.151300e-04	10	false	GAMG	5.523310e-03	5.301570e-05	5	true
807           	smoothSolver	7.441330e-04	5.910110e-05	10	1.071760e-02	9.140260e-04	10	5.926010e-03	5.141080e-04	10	false	GAMG	5.484800e-03	5.169850e-05	5	true
808           	smoothSolver	7.285270e-04	5.851900e-05	10	1.073870e-02	9.141570e-04	10	5.936740e-03	5.154610e-04	10	false	GAMG	5.397010e-03	4.983570e-05	5	true
809           	smoothSolver	7.140450e-04	5.802740e-05	10	1.073680e-02	9.113840e-04	10	5.943930e-03	5.165560e-04	10	false	GAMG	5.304930e-03	4.882590e-05	5	true
810           	smoothSolver	7.010730e-04	5.762040e-05	10	1.071940e-02	9.071390e-04	10	5.942140e-03	5.174020e-04	10	false	GAMG	5.208750e-03	4.919010e-05	5	true
811           	smoothSolver	6.899270e-04	5.725140e-05	10	1.068130e-02	9.023470e-04	10	5.938100e-03	5.183110e-04	10	false	GAMG	5.098980e-03	4.876110e-05	5	true
812           	smoothSolver	6.806580e-04	5.696050e-05	10	1.061930e-02	8.979370e-04	10	5.931140e-03	5.196680e-04	10	false	GAMG	4.985570e-03	4.678920e-05	5	true
813           	smoothSolver	6.735760e-04	5.676930e-05	10	1.055060e-02	8.953410e-04	10	5.919960e-03	5.218810e-04	10	false	GAMG	4.892310e-03	4.488860e-05	5	true
814           	smoothSolver	6.676470e-04	5.666410e-05	10	1.048480e-02	8.950310e-04	10	5.902760e-03	5.246970e-04	10	false	GAMG	4.822270e-03	4.386000e-05	5	true
815           	smoothSolver	6.627280e-04	5.662710e-05	10	1.041670e-02	8.959040e-04	10	5.884080e-03	5.274860e-04	10	false	GAMG	4.768770e-03	4.321050e-05	5	true
816           	smoothSolver	6.580610e-04	5.661740e-05	10	1.035270e-02	8.972270e-04	10	5.861260e-03	5.296400e-04	10	false	GAMG	4.725760e-03	4.251850e-05	5	true
817           	smoothSolver	6.536190e-04	5.662270e-05	10	1.029190e-02	8.986950e-04	10	5.835450e-03	5.308180e-04	10	false	GAMG	4.677630e-03	4.143180e-05	5	true
818           	smoothSolver	6.497260e-04	5.670260e-05	10	1.023640e-02	9.004690e-04	10	5.808560e-03	5.313500e-04	10	false	GAMG	4.641120e-03	4.013220e-05	5	true
819           	smoothSolver	6.467720e-04	5.687680e-05	10	1.018880e-02	9.024270e-04	10	5.784810e-03	5.316720e-04	10	false	GAMG	4.614200e-03	3.901030e-05	5	true
820           	smoothSolver	6.436680e-04	5.707680e-05	10	1.015710e-02	9.043510e-04	10	5.765870e-03	5.316710e-04	10	false	GAMG	4.590580e-03	3.815820e-05	5	true
821           	smoothSolver	6.407540e-04	5.722400e-05	10	1.014520e-02	9.065830e-04	10	5.748860e-03	5.312110e-04	10	false	GAMG	4.569650e-03	3.735560e-05	5	true
822           	smoothSolver	6.379710e-04	5.726850e-05	10	1.013980e-02	9.094670e-04	10	5.726560e-03	5.299000e-04	10	false	GAMG	4.549490e-03	3.698080e-05	5	true
823           	smoothSolver	6.356720e-04	5.721030e-05	10	1.014920e-02	9.134590e-04	10	5.701590e-03	5.276960e-04	10	false	GAMG	4.539260e-03	3.731920e-05	5	true
824           	smoothSolver	6.337400e-04	5.708200e-05	10	1.017180e-02	9.180540e-04	10	5.679330e-03	5.247940e-04	10	false	GAMG	4.539010e-03	3.773130e-05	5	true
825           	smoothSolver	6.324580e-04	5.691920e-05	10	1.021680e-02	9.230970e-04	10	5.661540e-03	5.215560e-04	10	false	GAMG	4.538700e-03	3.751650e-05	5	true
826           	smoothSolver	6.319860e-04	5.675900e-05	10	1.028460e-02	9.285130e-04	10	5.651960e-03	5.183030e-04	10	false	GAMG	4.531220e-03	3.713930e-05	5	true
827           	smoothSolver	6.317780e-04	5.663380e-05	10	1.037510e-02	9.347090e-04	10	5.648760e-03	5.149390e-04	10	false	GAMG	4.520650e-03	3.709720e-05	5	true
828           	smoothSolver	6.321430e-04	5.653500e-05	10	1.049880e-02	9.410830e-04	10	5.650780e-03	5.115080e-04	10	false	GAMG	4.516210e-03	3.730620e-05	5	true
829           	smoothSolver	6.336050e-04	5.648290e-05	10	1.064670e-02	9.465470e-04	10	5.657100e-03	5.080580e-04	10	false	GAMG	4.513050e-03	3.756400e-05	5	true
830           	smoothSolver	6.364770e-04	5.647700e-05	10	1.080370e-02	9.511700e-04	10	5.664930e-03	5.046260e-04	10	false	GAMG	4.520060e-03	3.795990e-05	5	true
831           	smoothSolver	6.400990e-04	5.647960e-05	10	1.095830e-02	9.550840e-04	10	5.673740e-03	5.017160e-04	10	false	GAMG	4.551280e-03	3.895850e-05	5	true
832           	smoothSolver	6.439940e-04	5.647340e-05	10	1.110910e-02	9.583390e-04	10	5.688420e-03	4.990960e-04	10	false	GAMG	4.612510e-03	4.081190e-05	5	true
833           	smoothSolver	6.478890e-04	5.645550e-05	10	1.124240e-02	9.615620e-04	10	5.699420e-03	4.961600e-04	10	false	GAMG	4.694330e-03	4.269950e-05	5	true
834           	smoothSolver	6.512290e-04	5.640270e-05	10	1.134730e-02	9.653370e-04	10	5.696340e-03	4.927160e-04	10	false	GAMG	4.777360e-03	4.424630e-05	5	true
835           	smoothSolver	6.540710e-04	5.634300e-05	10	1.145080e-02	9.711290e-04	10	5.673020e-03	4.888120e-04	10	false	GAMG	4.854590e-03	4.581200e-05	5	true
836           	smoothSolver	6.563380e-04	5.628560e-05	10	1.153160e-02	9.790830e-04	10	5.631180e-03	4.848150e-04	10	false	GAMG	4.924830e-03	4.713430e-05	5	true
837           	smoothSolver	6.578900e-04	5.623280e-05	10	1.159520e-02	9.881600e-04	10	5.575250e-03	4.810170e-04	10	false	GAMG	4.997080e-03	4.801180e-05	5	true
838           	smoothSolver	6.591080e-04	5.618110e-05	10	1.164140e-02	9.979580e-04	10	5.510420e-03	4.778930e-04	10	false	GAMG	5.053850e-03	4.838160e-05	5	true
839           	smoothSolver	6.595550e-04	5.611960e-05	10	1.167640e-02	1.008430e-03	10	5.443160e-03	4.754090e-04	10	false	GAMG	5.077830e-03	4.850210e-05	5	true
840           	smoothSolver	6.594060e-04	5.606860e-05	10	1.170380e-02	1.019250e-03	10	5.377930e-03	4.735970e-04	10	false	GAMG	5.080340e-03	4.810990e-05	5	true
841           	smoothSolver	6.586740e-04	5.600620e-05	10	1.172660e-02	1.029520e-03	10	5.322580e-03	4.721770e-04	10	false	GAMG	5.061710e-03	4.698250e-05	5	true
842           	smoothSolver	6.576110e-04	5.595300e-05	10	1.173490e-02	1.038760e-03	10	5.275130e-03	4.712960e-04	10	false	GAMG	5.016090e-03	4.384990e-05	5	true
843           	smoothSolver	6.562280e-04	5.589000e-05	10	1.173850e-02	1.047210e-03	10	5.240170e-03	4.710260e-04	10	false	GAMG	4.944820e-03	4.238970e-05	5	true
844           	smoothSolver	6.543270e-04	5.586030e-05	10	1.174760e-02	1.055290e-03	10	5.220720e-03	4.722680e-04	10	false	GAMG	4.859330e-03	4.193960e-05	5	true
845           	smoothSolver	6.514400e-04	5.586100e-05	10	1.175240e-02	1.062860e-03	10	5.214420e-03	4.757290e-04	10	false	GAMG	4.780840e-03	4.211150e-05	5	true
846           	smoothSolver	6.475290e-04	5.585350e-05	10	1.175910e-02	1.069690e-03	10	5.220990e-03	4.805750e-04	10	false	GAMG	4.725610e-03	4.173750e-05	5	true
847           	smoothSolver	6.428620e-04	5.581630e-05	10	1.176010e-02	1.076480e-03	10	5.233150e-03	4.857490e-04	10	false	GAMG	4.690040e-03	4.077080e-05	5	true
848           	smoothSolver	6.381440e-04	5.575640e-05	10	1.176580e-02	1.083740e-03	10	5.249210e-03	4.907890e-04	10	false	GAMG	4.666580e-03	4.020800e-05	5	true
849           	smoothSolver	6.336270e-04	5.570560e-05	10	1.178380e-02	1.091690e-03	10	5.271420e-03	4.961360e-04	10	false	GAMG	4.649730e-03	3.995550e-05	5	true
850           	smoothSolver	6.299910e-04	5.573350e-05	10	1.181680e-02	1.100390e-03	10	5.302740e-03	5.016980e-04	10	false	GAMG	4.631650e-03	3.977180e-05	5	true
851           	smoothSolver	6.269670e-04	5.583970e-05	10	1.187210e-02	1.108510e-03	10	5.337150e-03	5.065780e-04	10	false	GAMG	4.614510e-03	3.949920e-05	5	true
852           	smoothSolver	6.240050e-04	5.593080e-05	10	1.193770e-02	1.114530e-03	10	5.369120e-03	5.097920e-04	10	false	GAMG	4.584510e-03	3.832470e-05	5	true
853           	smoothSolver	6.215840e-04	5.596150e-05	10	1.201080e-02	1.117960e-03	10	5.396490e-03	5.114080e-04	10	false	GAMG	4.543530e-03	3.661710e-05	5	true
854           	smoothSolver	6.206180e-04	5.594090e-05	10	1.208950e-02	1.120230e-03	10	5.416420e-03	5.121580e-04	10	false	GAMG	4.503240e-03	3.526680e-05	5	true
855           	smoothSolver	6.208130e-04	5.592070e-05	10	1.218780e-02	1.123350e-03	10	5.435000e-03	5.125090e-04	10	false	GAMG	4.464390e-03	3.474610e-05	5	true
856           	smoothSolver	6.218920e-04	5.591780e-05	10	1.229210e-02	1.128720e-03	10	5.455200e-03	5.128210e-04	10	false	GAMG	4.428920e-03	3.557170e-05	5	true
857           	smoothSolver	6.229390e-04	5.591520e-05	10	1.238670e-02	1.135340e-03	10	5.468810e-03	5.127670e-04	10	false	GAMG	4.408200e-03	3.727240e-05	5	true
858           	smoothSolver	6.232420e-04	5.588070e-05	10	1.245730e-02	1.142070e-03	10	5.468070e-03	5.119150e-04	10	false	GAMG	4.399740e-03	3.720770e-05	5	true
859           	smoothSolver	6.231880e-04	5.582300e-05	10	1.250470e-02	1.147830e-03	10	5.447330e-03	5.098670e-04	10	false	GAMG	4.394180e-03	3.655000e-05	5	true
860           	smoothSolver	6.226860e-04	5.573980e-05	10	1.252910e-02	1.152610e-03	10	5.411070e-03	5.065400e-04	10	false	GAMG	4.383680e-03	3.599840e-05	5	true
861           	smoothSolver	6.220750e-04	5.560370e-05	10	1.252840e-02	1.156690e-03	10	5.358110e-03	5.026400e-04	10	false	GAMG	4.366730e-03	3.574490e-05	5	true
862           	smoothSolver	6.217980e-04	5.547700e-05	10	1.251350e-02	1.161630e-03	10	5.299380e-03	4.984530e-04	10	false	GAMG	4.338830e-03	3.535690e-05	5	true
863           	smoothSolver	6.211740e-04	5.535180e-05	10	1.249740e-02	1.165610e-03	10	5.235690e-03	4.938000e-04	10	false	GAMG	4.304010e-03	3.500930e-05	5	true
864           	smoothSolver	6.200860e-04	5.523790e-05	10	1.246740e-02	1.168070e-03	10	5.163350e-03	4.880740e-04	10	false	GAMG	4.264460e-03	3.452090e-05	5	true
865           	smoothSolver	6.184800e-04	5.513610e-05	10	1.243000e-02	1.168780e-03	10	5.090110e-03	4.817040e-04	10	false	GAMG	4.214550e-03	3.310880e-05	5	true
866           	smoothSolver	6.165110e-04	5.508400e-05	10	1.240790e-02	1.168740e-03	10	5.024040e-03	4.749960e-04	10	false	GAMG	4.156080e-03	3.202040e-05	5	true
867           	smoothSolver	6.142300e-04	5.505930e-05	10	1.240420e-02	1.168590e-03	10	4.969320e-03	4.683800e-04	10	false	GAMG	4.104920e-03	3.130830e-05	5	true
868           	smoothSolver	6.116120e-04	5.502180e-05	10	1.243150e-02	1.168240e-03	10	4.929280e-03	4.622550e-04	10	false	GAMG	4.066030e-03	3.088960e-05	5	true
869           	smoothSolver	6.083630e-04	5.491120e-05	10	1.247480e-02	1.166490e-03	10	4.902290e-03	4.566590e-04	10	false	GAMG	4.039180e-03	3.120130e-05	5	true
870           	smoothSolver	6.038790e-04	5.470910e-05	10	1.252580e-02	1.163480e-03	10	4.886040e-03	4.512360e-04	10	false	GAMG	4.012740e-03	3.169970e-05	5	true
871           	smoothSolver	5.990840e-04	5.445100e-05	10	1.257390e-02	1.160210e-03	10	4.873080e-03	4.462180e-04	10	false	GAMG	3.989160e-03	3.107060e-05	5	true
872           	smoothSolver	5.942220e-04	5.421770e-05	10	1.261660e-02	1.158900e-03	10	4.859430e-03	4.415240e-04	10	false	GAMG	3.974630e-03	3.054200e-05	5	true
873           	smoothSolver	5.900910e-04	5.402450e-05	10	1.265380e-02	1.159390e-03	10	4.843350e-03	4.373160e-04	10	false	GAMG	3.968910e-03	3.034250e-05	5	true
874           	smoothSolver	5.872610e-04	5.388630e-05	10	1.268240e-02	1.161430e-03	10	4.824840e-03	4.339250e-04	10	false	GAMG	3.969760e-03	3.055460e-05	5	true
875           	smoothSolver	5.857320e-04	5.380750e-05	10	1.270710e-02	1.163740e-03	10	4.805000e-03	4.314500e-04	10	false	GAMG	3.969480e-03	3.110520e-05	5	true
876           	smoothSolver	5.852990e-04	5.374980e-05	10	1.272200e-02	1.166320e-03	10	4.785740e-03	4.300500e-04	10	false	GAMG	3.965030e-03	3.147520e-05	5	true
877           	smoothSolver	5.858820e-04	5.374960e-05	10	1.272770e-02	1.169610e-03	10	4.770630e-03	4.299070e-04	10	false	GAMG	3.952440e-03	3.193670e-05	5	true
878           	smoothSolver	5.873400e-04	5.384270e-05	10	1.272650e-02	1.173630e-03	10	4.762030e-03	4.310690e-04	10	false	GAMG	3.937160e-03	3.181950e-05	5	true
879           	smoothSolver	5.901400e-04	5.408750e-05	10	1.272970e-02	1.178350e-03	10	4.764030e-03	4.333770e-04	10	false	GAMG	3.921210e-03	3.223370e-05	5	true
880           	smoothSolver	5.938790e-04	5.446210e-05	10	1.272240e-02	1.183120e-03	10	4.774750e-03	4.365900e-04	10	false	GAMG	3.899760e-03	3.311360e-05	5	true
881           	smoothSolver	5.972280e-04	5.489810e-05	10	1.270040e-02	1.187310e-03	10	4.792170e-03	4.405860e-04	10	false	GAMG	3.874760e-03	3.425940e-05	5	true
882           	smoothSolver	6.000360e-04	5.533730e-05	10	1.267770e-02	1.190700e-03	10	4.811720e-03	4.451530e-04	10	false	GAMG	3.858940e-03	3.476040e-05	5	true
883           	smoothSolver	6.020540e-04	5.574650e-05	10	1.264650e-02	1.193530e-03	10	4.830600e-03	4.499330e-04	10	false	GAMG	3.851040e-03	3.524280e-05	5	true
884           	smoothSolver	6.035740e-04	5.614100e-05	10	1.261750e-02	1.195460e-03	10	4.850530e-03	4.548310e-04	10	false	GAMG	3.845270e-03	3.502950e-05	5	true
885           	smoothSolver	6.054100e-04	5.652470e-05	10	1.259930e-02	1.197300e-03	10	4.876470e-03	4.595680e-04	10	false	GAMG	3.848460e-03	3.431280e-05	5	true
886           	smoothSolver	6.072010e-04	5.690540e-05	10	1.260670e-02	1.200700e-03	10	4.909080e-03	4.642770e-04	10	false	GAMG	3.848660e-03	3.350240e-05	5	true
887           	smoothSolver	6.090500e-04	5.724080e-05	10	1.265060e-02	1.205990e-03	10	4.948340e-03	4.689660e-04	10	false	GAMG	3.846920e-03	3.293080e-05	5	true
888           	smoothSolver	6.108910e-04	5.754840e-05	10	1.273490e-02	1.213330e-03	10	4.992340e-03	4.734650e-04	10	false	GAMG	3.839100e-03	3.264240e-05	5	true
889           	smoothSolver	6.132150e-04	5.784600e-05	10	1.285620e-02	1.222030e-03	10	5.037400e-03	4.775860e-04	10	false	GAMG	3.828700e-03	3.203130e-05	5	true
890           	smoothSolver	6.164390e-04	5.813610e-05	10	1.300530e-02	1.230130e-03	10	5.081480e-03	4.809520e-04	10	false	GAMG	3.821290e-03	3.197880e-05	5	true
891           	smoothSolver	6.203660e-04	5.840670e-05	10	1.317910e-02	1.236320e-03	10	5.126010e-03	4.831410e-04	10	false	GAMG	3.830610e-03	3.234910e-05	5	true
892           	smoothSolver	6.249600e-04	5.862940e-05	10	1.330490e-02	1.235310e-03	10	5.173180e-03	4.841320e-04	10	false	GAMG	3.861330e-03	3.306470e-05	5	true
893           	smoothSolver	6.298730e-04	5.879850e-05	10	1.338810e-02	1.228120e-03	10	5.221890e-03	4.843230e-04	10	false	GAMG	3.910970e-03	3.351800e-05	5	true
894           	smoothSolver	6.348650e-04	5.892280e-05	10	1.342100e-02	1.216540e-03	10	5.268270e-03	4.837290e-04	10	false	GAMG	3.968380e-03	3.370250e-05	5	true
895           	smoothSolver	6.400210e-04	5.902220e-05	10	1.340980e-02	1.201650e-03	10	5.309630e-03	4.826070e-04	10	false	GAMG	4.031900e-03	3.394760e-05	5	true
896           	smoothSolver	6.461030e-04	5.914910e-05	10	1.336350e-02	1.185110e-03	10	5.349760e-03	4.813450e-04	10	false	GAMG	4.103530e-03	3.432550e-05	5	true
897           	smoothSolver	6.529570e-04	5.935120e-05	10	1.330620e-02	1.169280e-03	10	5.386280e-03	4.803530e-04	10	false	GAMG	4.187190e-03	3.498900e-05	5	true
898           	smoothSolver	6.605150e-04	5.959970e-05	10	1.323150e-02	1.154770e-03	10	5.422700e-03	4.800810e-04	10	false	GAMG	4.269450e-03	3.534970e-05	5	true
899           	smoothSolver	6.677490e-04	5.986350e-05	10	1.313790e-02	1.141500e-03	10	5.456270e-03	4.807580e-04	10	false	GAMG	4.332660e-03	3.537950e-05	5	true
900           	smoothSolver	6.743250e-04	6.016190e-05	10	1.302440e-02	1.129270e-03	10	5.479460e-03	4.820600e-04	10	false	GAMG	4.377850e-03	3.548120e-05	5	true
901           	smoothSolver	6.795580e-04	6.047470e-05	10	1.288500e-02	1.117950e-03	10	5.492000e-03	4.837360e-04	10	false	GAMG	4.407370e-03	3.568230e-05	5	true
902           	smoothSolver	6.837350e-04	6.080430e-05	10	1.273160e-02	1.107290e-03	10	5.495740e-03	4.853770e-04	10	false	GAMG	4.427000e-03	3.603390e-05	5	true
903           	smoothSolver	6.866990e-04	6.109340e-05	10	1.256230e-02	1.097400e-03	10	5.496380e-03	4.871310e-04	10	false	GAMG	4.445930e-03	3.644360e-05	5	true
904           	smoothSolver	6.889830e-04	6.131500e-05	10	1.238490e-02	1.086960e-03	10	5.498950e-03	4.890040e-04	10	false	GAMG	4.459950e-03	3.659150e-05	5	true
905           	smoothSolver	6.903490e-04	6.143920e-05	10	1.220260e-02	1.075340e-03	10	5.501910e-03	4.908490e-04	10	false	GAMG	4.466440e-03	3.681660e-05	5	true
906           	smoothSolver	6.912500e-04	6.148510e-05	10	1.203380e-02	1.063230e-03	10	5.507970e-03	4.928010e-04	10	false	GAMG	4.470950e-03	3.709440e-05	5	true
907           	smoothSolver	6.928410e-04	6.145110e-05	10	1.189010e-02	1.050650e-03	10	5.523390e-03	4.946670e-04	10	false	GAMG	4.482290e-03	3.765700e-05	5	true
908           	smoothSolver	6.964540e-04	6.137330e-05	10	1.179700e-02	1.038280e-03	10	5.553280e-03	4.961910e-04	10	false	GAMG	4.510490e-03	3.868170e-05	5	true
909           	smoothSolver	7.017190e-04	6.127560e-05	10	1.173850e-02	1.027250e-03	10	5.590620e-03	4.971550e-04	10	false	GAMG	4.558870e-03	4.008470e-05	5	true
910           	smoothSolver	7.086420e-04	6.119090e-05	10	1.168160e-02	1.017320e-03	10	5.626340e-03	4.979930e-04	10	false	GAMG	4.629480e-03	4.167430e-05	5	true
911           	smoothSolver	7.168320e-04	6.110200e-05	10	1.161030e-02	1.007740e-03	10	5.658900e-03	4.988460e-04	10	false	GAMG	4.723930e-03	4.351510e-05	5	true
912           	smoothSolver	7.250660e-04	6.102470e-05	10	1.151860e-02	9.969680e-04	10	5.678200e-03	4.987820e-04	10	false	GAMG	4.826170e-03	4.502320e-05	5	true
913           	smoothSolver	7.327100e-04	6.099480e-05	10	1.141900e-02	9.864640e-04	10	5.679730e-03	4.980720e-04	10	false	GAMG	4.945580e-03	4.600900e-05	5	true
914           	smoothSolver	7.390300e-04	6.098380e-05	10	1.128960e-02	9.771010e-04	10	5.666630e-03	4.975130e-04	10	false	GAMG	5.063680e-03	4.728740e-05	5	true
915           	smoothSolver	7.448260e-04	6.099020e-05	10	1.113950e-02	9.695570e-04	10	5.639550e-03	4.970790e-04	10	false	GAMG	5.180060e-03	4.883650e-05	5	true
916           	smoothSolver	7.470090e-04	6.095290e-05	10	1.101080e-02	9.638970e-04	10	5.601100e-03	4.967370e-04	10	false	GAMG	5.285200e-03	5.018260e-05	5	true
917           	smoothSolver	7.468860e-04	6.087230e-05	10	1.088950e-02	9.600860e-04	10	5.584670e-03	4.971500e-04	10	false	GAMG	5.392340e-03	5.107860e-05	5	true
918           	smoothSolver	7.439690e-04	6.079640e-05	10	1.077970e-02	9.588850e-04	10	5.571180e-03	4.986370e-04	10	false	GAMG	5.431000e-03	5.090700e-05	5	true
919           	smoothSolver	7.399720e-04	6.078050e-05	10	1.069800e-02	9.597240e-04	10	5.570540e-03	5.009430e-04	10	false	GAMG	5.405990e-03	5.018280e-05	5	true
920           	smoothSolver	7.345590e-04	6.082530e-05	10	1.066440e-02	9.605030e-04	10	5.578770e-03	5.036360e-04	10	false	GAMG	5.347710e-03	4.874980e-05	5	true
921           	smoothSolver	7.296350e-04	6.089680e-05	10	1.063620e-02	9.599980e-04	10	5.607210e-03	5.067290e-04	10	false	GAMG	5.290060e-03	4.699780e-05	5	true
922           	smoothSolver	7.261400e-04	6.100550e-05	10	1.061840e-02	9.572140e-04	10	5.660270e-03	5.108170e-04	10	false	GAMG	5.248670e-03	4.474150e-05	5	true
923           	smoothSolver	7.239800e-04	6.115420e-05	10	1.061380e-02	9.532710e-04	10	5.732940e-03	5.160300e-04	10	false	GAMG	5.209990e-03	4.322770e-05	5	true
924           	smoothSolver	7.228170e-04	6.129150e-05	10	1.063140e-02	9.495560e-04	10	5.818950e-03	5.220360e-04	10	false	GAMG	5.196380e-03	4.369280e-05	5	true
925           	smoothSolver	7.218760e-04	6.140160e-05	10	1.065180e-02	9.468000e-04	10	5.910590e-03	5.283900e-04	10	false	GAMG	5.178270e-03	4.582230e-05	5	true
926           	smoothSolver	7.205930e-04	6.149990e-05	10	1.064260e-02	9.449100e-04	10	6.000700e-03	5.352010e-04	10	false	GAMG	5.154830e-03	4.755820e-05	5	true
927           	smoothSolver	7.181930e-04	6.161100e-05	10	1.059340e-02	9.429730e-04	10	6.061950e-03	5.421600e-04	10	false	GAMG	5.118810e-03	4.703390e-05	5	true
928           	smoothSolver	7.151260e-04	6.170300e-05	10	1.050420e-02	9.405530e-04	10	6.095800e-03	5.489020e-04	10	false	GAMG	5.099110e-03	4.661980e-05	5	true
929           	smoothSolver	7.130770e-04	6.172980e-05	10	1.039090e-02	9.359870e-04	10	6.113960e-03	5.548220e-04	10	false	GAMG	5.064050e-03	4.570740e-05	5	true
930           	smoothSolver	7.116750e-04	6.167490e-05	10	1.029590e-02	9.300710e-04	10	6.125430e-03	5.593490e-04	10	false	GAMG	5.008300e-03	4.499030e-05	5	true
931           	smoothSolver	7.093140e-04	6.158360e-05	10	1.023860e-02	9.246110e-04	10	6.148240e-03	5.626370e-04	10	false	GAMG	4.963720e-03	4.495350e-05	5	true
932           	smoothSolver	7.062420e-04	6.149600e-05	10	1.022110e-02	9.199100e-04	10	6.181050e-03	5.648530e-04	10	false	GAMG	4.954810e-03	4.532090e-05	5	true
933           	smoothSolver	7.036000e-04	6.142890e-05	10	1.024020e-02	9.150830e-04	10	6.215980e-03	5.661890e-04	10	false	GAMG	4.953320e-03	4.516700e-05	5	true
934           	smoothSolver	7.024270e-04	6.134320e-05	10	1.026630e-02	9.102250e-04	10	6.241610e-03	5.664870e-04	10	false	GAMG	4.955730e-03	4.462250e-05	5	true
935           	smoothSolver	7.022300e-04	6.120540e-05	10	1.030170e-02	9.061740e-04	10	6.270550e-03	5.656900e-04	10	false	GAMG	4.961080e-03	4.439250e-05	5	true
936           	smoothSolver	7.015880e-04	6.107410e-05	10	1.035470e-02	9.044430e-04	10	6.295120e-03	5.642310e-04	10	false	GAMG	4.955230e-03	4.483090e-05	5	true
937           	smoothSolver	7.015470e-04	6.095610e-05	10	1.042170e-02	9.053230e-04	10	6.313860e-03	5.631580e-04	10	false	GAMG	4.960160e-03	4.583530e-05	5	true
938           	smoothSolver	7.023150e-04	6.080990e-05	10	1.050210e-02	9.089330e-04	10	6.328890e-03	5.624950e-04	10	false	GAMG	4.999110e-03	4.641870e-05	5	true
939           	smoothSolver	7.034880e-04	6.063560e-05	10	1.058550e-02	9.149120e-04	10	6.338370e-03	5.615340e-04	10	false	GAMG	5.051710e-03	4.572310e-05	5	true
940           	smoothSolver	7.046450e-04	6.046170e-05	10	1.067630e-02	9.218670e-04	10	6.329330e-03	5.599430e-04	10	false	GAMG	5.095800e-03	4.489160e-05	5	true
941           	smoothSolver	7.052910e-04	6.029870e-05	10	1.077140e-02	9.293670e-04	10	6.304360e-03	5.579300e-04	10	false	GAMG	5.133040e-03	4.444260e-05	5	true
942           	smoothSolver	7.046470e-04	6.015130e-05	10	1.086220e-02	9.369090e-04	10	6.264470e-03	5.550000e-04	10	false	GAMG	5.150380e-03	4.424790e-05	5	true
943           	smoothSolver	7.030620e-04	6.000510e-05	10	1.094080e-02	9.433610e-04	10	6.216470e-03	5.509320e-04	10	false	GAMG	5.162440e-03	4.401270e-05	5	true
944           	smoothSolver	7.006870e-04	5.983190e-05	10	1.100930e-02	9.487660e-04	10	6.157420e-03	5.458910e-04	10	false	GAMG	5.162740e-03	4.369740e-05	5	true
945           	smoothSolver	6.973980e-04	5.961020e-05	10	1.108280e-02	9.538660e-04	10	6.094910e-03	5.405300e-04	10	false	GAMG	5.159570e-03	4.347390e-05	5	true
946           	smoothSolver	6.933460e-04	5.937290e-05	10	1.114960e-02	9.591560e-04	10	6.031770e-03	5.349000e-04	10	false	GAMG	5.149740e-03	4.405670e-05	5	true
947           	smoothSolver	6.894770e-04	5.917860e-05	10	1.120620e-02	9.639770e-04	10	5.966700e-03	5.289410e-04	10	false	GAMG	5.134920e-03	4.577290e-05	5	true
948           	smoothSolver	6.856740e-04	5.900690e-05	10	1.124070e-02	9.684010e-04	10	5.902400e-03	5.232920e-04	10	false	GAMG	5.111800e-03	4.840330e-05	5	true
949           	smoothSolver	6.821070e-04	5.882460e-05	10	1.126150e-02	9.719630e-04	10	5.839910e-03	5.183160e-04	10	false	GAMG	5.084110e-03	4.930460e-05	5	true
950           	smoothSolver	6.790700e-04	5.865160e-05	10	1.124960e-02	9.739670e-04	10	5.775580e-03	5.135380e-04	10	false	GAMG	5.060830e-03	4.809330e-05	5	true
951           	smoothSolver	6.758560e-04	5.848710e-05	10	1.121550e-02	9.745220e-04	10	5.708360e-03	5.089470e-04	10	false	GAMG	5.034680e-03	4.620030e-05	5	true
952           	smoothSolver	6.724220e-04	5.832880e-05	10	1.115700e-02	9.742120e-04	10	5.636610e-03	5.045410e-04	10	false	GAMG	5.002890e-03	4.407380e-05	5	true
953           	smoothSolver	6.694310e-04	5.820340e-05	10	1.107090e-02	9.727050e-04	10	5.560220e-03	5.002070e-04	10	false	GAMG	4.973630e-03	4.208220e-05	5	true
954           	smoothSolver	6.669140e-04	5.807560e-05	10	1.096270e-02	9.692340e-04	10	5.485720e-03	4.962390e-04	10	false	GAMG	4.946500e-03	4.052160e-05	5	true
955           	smoothSolver	6.647430e-04	5.790320e-05	10	1.084450e-02	9.644500e-04	10	5.416270e-03	4.926380e-04	10	false	GAMG	4.916180e-03	3.958700e-05	5	true
956           	smoothSolver	6.621340e-04	5.770350e-05	10	1.073450e-02	9.602690e-04	10	5.357330e-03	4.895290e-04	10	false	GAMG	4.874770e-03	3.949510e-05	5	true
957           	smoothSolver	6.590430e-04	5.748870e-05	10	1.063270e-02	9.574880e-04	10	5.311780e-03	4.871620e-04	10	false	GAMG	4.832960e-03	4.033640e-05	5	true
958           	smoothSolver	6.556200e-04	5.731290e-05	10	1.054960e-02	9.569220e-04	10	5.276700e-03	4.856370e-04	10	false	GAMG	4.799650e-03	4.068110e-05	5	true
959           	smoothSolver	6.517710e-04	5.716370e-05	10	1.049140e-02	9.590380e-04	10	5.248590e-03	4.847850e-04	10	false	GAMG	4.776510e-03	4.043170e-05	5	true
960           	smoothSolver	6.474720e-04	5.702340e-05	10	1.045500e-02	9.636780e-04	10	5.230670e-03	4.847190e-04	10	false	GAMG	4.748200e-03	4.042090e-05	5	true
961           	smoothSolver	6.432710e-04	5.690540e-05	10	1.044500e-02	9.692960e-04	10	5.219690e-03	4.853490e-04	10	false	GAMG	4.714160e-03	3.985880e-05	5	true
962           	smoothSolver	6.392330e-04	5.681320e-05	10	1.046470e-02	9.746270e-04	10	5.216080e-03	4.860160e-04	10	false	GAMG	4.676910e-03	3.915110e-05	5	true
963           	smoothSolver	6.352470e-04	5.675550e-05	10	1.050660e-02	9.799000e-04	10	5.221310e-03	4.868360e-04	10	false	GAMG	4.637510e-03	3.800430e-05	5	true
964           	smoothSolver	6.310940e-04	5.673620e-05	10	1.056980e-02	9.852150e-04	10	5.233030e-03	4.875690e-04	10	false	GAMG	4.585440e-03	3.624420e-05	5	true
965           	smoothSolver	6.274950e-04	5.675310e-05	10	1.063870e-02	9.903850e-04	10	5.245930e-03	4.880960e-04	10	false	GAMG	4.527850e-03	3.473790e-05	5	true
966           	smoothSolver	6.248100e-04	5.673040e-05	10	1.072630e-02	9.948710e-04	10	5.264490e-03	4.885810e-04	10	false	GAMG	4.479940e-03	3.370920e-05	5	true
967           	smoothSolver	6.226650e-04	5.670080e-05	10	1.081990e-02	9.998830e-04	10	5.284250e-03	4.894100e-04	10	false	GAMG	4.432180e-03	3.355200e-05	5	true
968           	smoothSolver	6.213530e-04	5.669330e-05	10	1.092330e-02	1.006850e-03	10	5.304480e-03	4.905340e-04	10	false	GAMG	4.403270e-03	3.452440e-05	5	true
969           	smoothSolver	6.210120e-04	5.669950e-05	10	1.104760e-02	1.016390e-03	10	5.322820e-03	4.916630e-04	10	false	GAMG	4.397970e-03	3.620300e-05	5	true
970           	smoothSolver	6.221730e-04	5.668970e-05	10	1.118440e-02	1.029080e-03	10	5.338210e-03	4.923830e-04	10	false	GAMG	4.402700e-03	3.743070e-05	5	true
971           	smoothSolver	6.234570e-04	5.659930e-05	10	1.133870e-02	1.044570e-03	10	5.345080e-03	4.921610e-04	10	false	GAMG	4.408100e-03	3.768160e-05	5	true
972           	smoothSolver	6.240090e-04	5.640510e-05	10	1.150840e-02	1.061620e-03	10	5.336020e-03	4.912010e-04	10	false	GAMG	4.405860e-03	3.808690e-05	5	true
973           	smoothSolver	6.240090e-04	5.615620e-05	10	1.167870e-02	1.078920e-03	10	5.316770e-03	4.896650e-04	10	false	GAMG	4.396200e-03	3.908950e-05	5	true
974           	smoothSolver	6.238040e-04	5.592060e-05	10	1.185020e-02	1.094740e-03	10	5.289490e-03	4.874840e-04	10	false	GAMG	4.385060e-03	4.060810e-05	5	true
975           	smoothSolver	6.238520e-04	5.573730e-05	10	1.201180e-02	1.108390e-03	10	5.256200e-03	4.849320e-04	10	false	GAMG	4.370110e-03	4.154670e-05	5	true
976           	smoothSolver	6.240730e-04	5.560380e-05	10	1.215500e-02	1.120580e-03	10	5.228020e-03	4.828320e-04	10	false	GAMG	4.356770e-03	4.092420e-05	5	true
977           	smoothSolver	6.245000e-04	5.550170e-05	10	1.229050e-02	1.131650e-03	10	5.208380e-03	4.811090e-04	10	false	GAMG	4.346860e-03	3.922870e-05	5	true
978           	smoothSolver	6.249670e-04	5.541930e-05	10	1.241610e-02	1.141140e-03	10	5.195240e-03	4.796400e-04	10	false	GAMG	4.336930e-03	3.639280e-05	5	true
979           	smoothSolver	6.256050e-04	5.534550e-05	10	1.252110e-02	1.149490e-03	10	5.180670e-03	4.786320e-04	10	false	GAMG	4.326570e-03	3.463860e-05	5	true
980           	smoothSolver	6.263810e-04	5.530020e-05	10	1.261380e-02	1.158550e-03	10	5.168720e-03	4.783560e-04	10	false	GAMG	4.312740e-03	3.490250e-05	5	true
981           	smoothSolver	6.273420e-04	5.534890e-05	10	1.271080e-02	1.169170e-03	10	5.164450e-03	4.787300e-04	10	false	GAMG	4.303850e-03	3.757820e-05	5	true
982           	smoothSolver	6.284370e-04	5.547530e-05	10	1.281820e-02	1.181830e-03	10	5.170830e-03	4.800560e-04	10	false	GAMG	4.308890e-03	3.977560e-05	5	true
983           	smoothSolver	6.287750e-04	5.562870e-05	10	1.293710e-02	1.196090e-03	10	5.184770e-03	4.824520e-04	10	false	GAMG	4.341490e-03	3.939240e-05	5	true
984           	smoothSolver	6.296240e-04	5.581490e-05	10	1.306330e-02	1.211530e-03	10	5.202890e-03	4.855020e-04	10	false	GAMG	4.392480e-03	3.977050e-05	5	true
985           	smoothSolver	6.312440e-04	5.606060e-05	10	1.320660e-02	1.228040e-03	10	5.228070e-03	4.887830e-04	10	false	GAMG	4.433770e-03	4.120400e-05	5	true
986           	smoothSolver	6.326220e-04	5.630390e-05	10	1.335210e-02	1.244320e-03	10	5.254300e-03	4.919030e-04	10	false	GAMG	4.460130e-03	4.085460e-05	5	true
987           	smoothSolver	6.338770e-04	5.652840e-05	10	1.348230e-02	1.258170e-03	10	5.278370e-03	4.944860e-04	10	false	GAMG	4.460900e-03	3.899000e-05	5	true
988           	smoothSolver	6.351780e-04	5.672960e-05	10	1.353230e-02	1.265170e-03	10	5.302450e-03	4.968980e-04	10	false	GAMG	4.448090e-03	3.610080e-05	5	true
989           	smoothSolver	6.367000e-04	5.688800e-05	10	1.348600e-02	1.264380e-03	10	5.323800e-03	4.997140e-04	10	false	GAMG	4.417940e-03	3.436490e-05	5	true
990           	smoothSolver	6.381250e-04	5.706770e-05	10	1.341150e-02	1.260460e-03	10	5.343560e-03	5.032660e-04	10	false	GAMG	4.376260e-03	3.382850e-05	5	true
991           	smoothSolver	6.396830e-04	5.731060e-05	10	1.332110e-02	1.254550e-03	10	5.360740e-03	5.073290e-04	10	false	GAMG	4.333460e-03	3.395470e-05	5	true
992           	smoothSolver	6.411640e-04	5.757560e-05	10	1.322430e-02	1.248340e-03	10	5.370330e-03	5.105000e-04	10	false	GAMG	4.306600e-03	3.439510e-05	5	true
993           	smoothSolver	6.428670e-04	5.783180e-05	10	1.312640e-02	1.242920e-03	10	5.370070e-03	5.124460e-04	10	false	GAMG	4.284980e-03	3.516770e-05	5	true
994           	smoothSolver	6.434290e-04	5.794470e-05	10	1.304380e-02	1.237510e-03	10	5.367170e-03	5.133050e-04	10	false	GAMG	4.264580e-03	3.574170e-05	5	true
995           	smoothSolver	6.426640e-04	5.797090e-05	10	1.298780e-02	1.231810e-03	10	5.364700e-03	5.131970e-04	10	false	GAMG	4.247430e-03	3.633130e-05	5	true
996           	smoothSolver	6.411310e-04	5.796490e-05	10	1.294310e-02	1.225670e-03	10	5.362220e-03	5.120970e-04	10	false	GAMG	4.228050e-03	3.739800e-05	5	true
997           	smoothSolver	6.385570e-04	5.794800e-05	10	1.293800e-02	1.220940e-03	10	5.361620e-03	5.101570e-04	10	false	GAMG	4.209430e-03	3.788750e-05	5	true
998           	smoothSolver	6.352980e-04	5.788930e-05	10	1.297280e-02	1.217710e-03	10	5.366700e-03	5.075140e-04	10	false	GAMG	4.186420e-03	3.678340e-05	5	true
999           	smoothSolver	6.316470e-04	5.775320e-05	10	1.304900e-02	1.215720e-03	10	5.382650e-03	5.045820e-04	10	false	GAMG	4.151080e-03	3.501690e-05	5	true
1000          	smoothSolver	6.274650e-04	5.756300e-05	10	1.314780e-02	1.214380e-03	10	5.405240e-03	5.016790e-04	10	false	GAMG	4.123570e-03	3.400810e-05	5	true
1001          	smoothSolver	6.235210e-04	5.737820e-05	10	1.326420e-02	1.213700e-03	10	5.429600e-03	4.989800e-04	10	false	GAMG	4.101000e-03	3.349380e-05	5	true
1002          	smoothSolver	6.204950e-04	5.724310e-05	10	1.339070e-02	1.213880e-03	10	5.451830e-03	4.963030e-04	10	false	GAMG	4.083750e-03	3.316600e-05	5	true
1003          	smoothSolver	6.186410e-04	5.719800e-05	10	1.352150e-02	1.214260e-03	10	5.471910e-03	4.939420e-04	10	false	GAMG	4.079200e-03	3.315580e-05	5	true
1004          	smoothSolver	6.181060e-04	5.720680e-05	10	1.365830e-02	1.215840e-03	10	5.487420e-03	4.918970e-04	10	false	GAMG	4.083750e-03	3.380640e-05	5	true
1005          	smoothSolver	6.190220e-04	5.725640e-05	10	1.379040e-02	1.219360e-03	10	5.500120e-03	4.904320e-04	10	false	GAMG	4.107660e-03	3.557380e-05	5	true
1006          	smoothSolver	6.216680e-04	5.733050e-05	10	1.389780e-02	1.224320e-03	10	5.507940e-03	4.892120e-04	10	false	GAMG	4.157680e-03	3.799480e-05	5	true
1007          	smoothSolver	6.252870e-04	5.745180e-05	10	1.396320e-02	1.229710e-03	10	5.501420e-03	4.875600e-04	10	false	GAMG	4.228940e-03	4.045510e-05	5	true
1008          	smoothSolver	6.291480e-04	5.762030e-05	10	1.399170e-02	1.235120e-03	10	5.481270e-03	4.855800e-04	10	false	GAMG	4.304600e-03	4.221840e-05	5	true
1009          	smoothSolver	6.337660e-04	5.789020e-05	10	1.400040e-02	1.241050e-03	10	5.453200e-03	4.834480e-04	10	false	GAMG	4.372710e-03	4.256890e-05	5	true
1010          	smoothSolver	6.389500e-04	5.821260e-05	10	1.400460e-02	1.248490e-03	10	5.423900e-03	4.818540e-04	10	false	GAMG	4.426140e-03	4.124390e-05	5	true
1011          	smoothSolver	6.440620e-04	5.851100e-05	10	1.402010e-02	1.258080e-03	10	5.398120e-03	4.812300e-04	10	false	GAMG	4.458850e-03	3.913860e-05	5	true
1012          	smoothSolver	6.487790e-04	5.881360e-05	10	1.405740e-02	1.269670e-03	10	5.378080e-03	4.812710e-04	10	false	GAMG	4.476280e-03	3.721400e-05	5	true
1013          	smoothSolver	6.528890e-04	5.912130e-05	10	1.410750e-02	1.282050e-03	10	5.364550e-03	4.820400e-04	10	false	GAMG	4.483970e-03	3.611440e-05	5	true
1014          	smoothSolver	6.570700e-04	5.937880e-05	10	1.416220e-02	1.294120e-03	10	5.353190e-03	4.835010e-04	10	false	GAMG	4.489090e-03	3.573390e-05	5	true
1015          	smoothSolver	6.613170e-04	5.959930e-05	10	1.422990e-02	1.305160e-03	10	5.348070e-03	4.852950e-04	10	false	GAMG	4.496570e-03	3.619550e-05	5	true
1016          	smoothSolver	6.656160e-04	5.983280e-05	10	1.430650e-02	1.315040e-03	10	5.355610e-03	4.871750e-04	10	false	GAMG	4.500630e-03	3.761630e-05	5	true
1017          	smoothSolver	6.704150e-04	6.014290e-05	10	1.434060e-02	1.318460e-03	10	5.373920e-03	4.893980e-04	10	false	GAMG	4.499510e-03	3.921850e-05	5	true
1018          	smoothSolver	6.750590e-04	6.050480e-05	10	1.433790e-02	1.319030e-03	10	5.399580e-03	4.923600e-04	10	false	GAMG	4.502210e-03	3.966000e-05	5	true
1019          	smoothSolver	6.796440e-04	6.090540e-05	10	1.430820e-02	1.316510e-03	10	5.433180e-03	4.959570e-04	10	false	GAMG	4.512290e-03	4.007950e-05	5	true
1020          	smoothSolver	6.842940e-04	6.131620e-05	10	1.424560e-02	1.310330e-03	10	5.471220e-03	5.000940e-04	10	false	GAMG	4.518470e-03	4.041100e-05	5	true
1021          	smoothSolver	6.888090e-04	6.173120e-05	10	1.416260e-02	1.302110e-03	10	5.516730e-03	5.050590e-04	10	false	GAMG	4.516980e-03	4.062150e-05	5	true
1022          	smoothSolver	6.937720e-04	6.217980e-05	10	1.406500e-02	1.293930e-03	10	5.572070e-03	5.110410e-04	10	false	GAMG	4.525050e-03	4.064710e-05	5	true
1023          	smoothSolver	6.990800e-04	6.268020e-05	10	1.397970e-02	1.286740e-03	10	5.638360e-03	5.180410e-04	10	false	GAMG	4.545990e-03	4.015270e-05	5	true
1024          	smoothSolver	7.046430e-04	6.315990e-05	10	1.391430e-02	1.279410e-03	10	5.717170e-03	5.252770e-04	10	false	GAMG	4.578640e-03	4.002680e-05	5	true
1025          	smoothSolver	7.098080e-04	6.360330e-05	10	1.385660e-02	1.271920e-03	10	5.797130e-03	5.317630e-04	10	false	GAMG	4.620340e-03	4.032260e-05	5	true
1026          	smoothSolver	7.147690e-04	6.398110e-05	10	1.379150e-02	1.264150e-03	10	5.869790e-03	5.372840e-04	10	false	GAMG	4.671140e-03	4.091670e-05	5	true
1027          	smoothSolver	7.195570e-04	6.426550e-05	10	1.373120e-02	1.255330e-03	10	5.943450e-03	5.429170e-04	10	false	GAMG	4.734230e-03	4.161720e-05	5	true
1028          	smoothSolver	7.239520e-04	6.443790e-05	10	1.368820e-02	1.243450e-03	10	6.017530e-03	5.482830e-04	10	false	GAMG	4.809120e-03	4.242820e-05	5	true
1029          	smoothSolver	7.292240e-04	6.452350e-05	10	1.365520e-02	1.229760e-03	10	6.095200e-03	5.526580e-04	10	false	GAMG	4.900160e-03	4.372670e-05	5	true
1030          	smoothSolver	7.357040e-04	6.454200e-05	10	1.363990e-02	1.215250e-03	10	6.178560e-03	5.560490e-04	10	false	GAMG	5.009760e-03	4.547320e-05	5	true
1031          	smoothSolver	7.440030e-04	6.448980e-05	10	1.362930e-02	1.199080e-03	10	6.254980e-03	5.579860e-04	10	false	GAMG	5.112730e-03	4.671050e-05	5	true
1032          	smoothSolver	7.530280e-04	6.432990e-05	10	1.358180e-02	1.182110e-03	10	6.307660e-03	5.581290e-04	10	false	GAMG	5.187390e-03	4.687410e-05	5	true
1033          	smoothSolver	7.614910e-04	6.406370e-05	10	1.348240e-02	1.163320e-03	10	6.328820e-03	5.565450e-04	10	false	GAMG	5.234240e-03	4.622220e-05	5	true
1034          	smoothSolver	7.690100e-04	6.378450e-05	10	1.332060e-02	1.143810e-03	10	6.314010e-03	5.535590e-04	10	false	GAMG	5.249530e-03	4.612490e-05	5	true
1035          	smoothSolver	7.741010e-04	6.346860e-05	10	1.308710e-02	1.125250e-03	10	6.270740e-03	5.499230e-04	10	false	GAMG	5.252130e-03	4.760200e-05	5	true
1036          	smoothSolver	7.765440e-04	6.311780e-05	10	1.280960e-02	1.107520e-03	10	6.207250e-03	5.460610e-04	10	false	GAMG	5.264820e-03	5.052030e-05	5	true
1037          	smoothSolver	7.782970e-04	6.273110e-05	10	1.251920e-02	1.089750e-03	10	6.126890e-03	5.420110e-04	10	false	GAMG	5.279320e-03	5.215090e-05	5	true
1038          	smoothSolver	7.759760e-04	6.224540e-05	10	1.222220e-02	1.071070e-03	10	6.045030e-03	5.373240e-04	10	false	GAMG	5.301930e-03	5.066610e-05	5	true
1039          	smoothSolver	7.709150e-04	6.174010e-05	10	1.197310e-02	1.052740e-03	10	5.975790e-03	5.318980e-04	10	false	GAMG	5.343720e-03	4.948680e-05	5	true
1040          	smoothSolver	7.625750e-04	6.120350e-05	10	1.177400e-02	1.036650e-03	10	5.930340e-03	5.275590e-04	10	false	GAMG	5.372110e-03	4.898110e-05	5	true
1041          	smoothSolver	7.535080e-04	6.072130e-05	10	1.161950e-02	1.022690e-03	10	5.900330e-03	5.252600e-04	10	false	GAMG	5.360430e-03	4.875960e-05	5	true
1042          	smoothSolver	7.423120e-04	6.031800e-05	10	1.147780e-02	1.010100e-03	10	5.877180e-03	5.249040e-04	10	false	GAMG	5.314560e-03	4.802760e-05	5	true
1043          	smoothSolver	7.290590e-04	6.003610e-05	10	1.134390e-02	9.996520e-04	10	5.851770e-03	5.253790e-04	10	false	GAMG	5.222290e-03	4.672980e-05	5	true
1044          	smoothSolver	7.146760e-04	5.985210e-05	10	1.121020e-02	9.908570e-04	10	5.827150e-03	5.257630e-04	10	false	GAMG	5.107060e-03	4.495510e-05	5	true
1045          	smoothSolver	7.005520e-04	5.972520e-05	10	1.108070e-02	9.823360e-04	10	5.795590e-03	5.248980e-04	10	false	GAMG	4.984780e-03	4.286380e-05	5	true
1046          	smoothSolver	6.874810e-04	5.960120e-05	10	1.093790e-02	9.730740e-04	10	5.750900e-03	5.227340e-04	10	false	GAMG	4.852240e-03	4.085090e-05	5	true
1047          	smoothSolver	6.765270e-04	5.948530e-05	10	1.079250e-02	9.632920e-04	10	5.697570e-03	5.200790e-04	10	false	GAMG	4.731690e-03	3.917180e-05	5	true
1048          	smoothSolver	6.675760e-04	5.943280e-05	10	1.063010e-02	9.541530e-04	10	5.643000e-03	5.175760e-04	10	false	GAMG	4.623330e-03	3.785500e-05	5	true
1049          	smoothSolver	6.598460e-04	5.941830e-05	10	1.047440e-02	9.465320e-04	10	5.586490e-03	5.149380e-04	10	false	GAMG	4.534230e-03	3.709580e-05	5	true
1050          	smoothSolver	6.529060e-04	5.940750e-05	10	1.032740e-02	9.403170e-04	10	5.526990e-03	5.120970e-04	10	false	GAMG	4.457020e-03	3.653190e-05	5	true
1051          	smoothSolver	6.462800e-04	5.938940e-05	10	1.019620e-02	9.352430e-04	10	5.467800e-03	5.089120e-04	10	false	GAMG	4.396360e-03	3.607200e-05	5	true
1052          	smoothSolver	6.403010e-04	5.940550e-05	10	1.008720e-02	9.318080e-04	10	5.411240e-03	5.059450e-04	10	false	GAMG	4.346710e-03	3.591470e-05	5	true
1053          	smoothSolver	6.357940e-04	5.946490e-05	10	1.001580e-02	9.305550e-04	10	5.367550e-03	5.036870e-04	10	false	GAMG	4.307830e-03	3.607130e-05	5	true
1054          	smoothSolver	6.328190e-04	5.953870e-05	10	9.972140e-03	9.312600e-04	10	5.335680e-03	5.026200e-04	10	false	GAMG	4.277820e-03	3.628290e-05	5	true
1055          	smoothSolver	6.308990e-04	5.957290e-05	10	9.951700e-03	9.342930e-04	10	5.314000e-03	5.027270e-04	10	false	GAMG	4.259140e-03	3.646540e-05	5	true
1056          	smoothSolver	6.299780e-04	5.955750e-05	10	9.963970e-03	9.392630e-04	10	5.306020e-03	5.036770e-04	10	false	GAMG	4.245990e-03	3.694040e-05	5	true
1057          	smoothSolver	6.304250e-04	5.960720e-05	10	1.000860e-02	9.475300e-04	10	5.313540e-03	5.058850e-04	10	false	GAMG	4.227800e-03	3.723550e-05	5	true
1058          	smoothSolver	6.317620e-04	5.977190e-05	10	1.009110e-02	9.601100e-04	10	5.338570e-03	5.097060e-04	10	false	GAMG	4.204440e-03	3.748000e-05	5	true
1059          	smoothSolver	6.335000e-04	6.003480e-05	10	1.020840e-02	9.757390e-04	10	5.382630e-03	5.151550e-04	10	false	GAMG	4.180640e-03	3.768880e-05	5	true
1060          	smoothSolver	6.356750e-04	6.033540e-05	10	1.034880e-02	9.922060e-04	10	5.440270e-03	5.213400e-04	10	false	GAMG	4.158630e-03	3.778260e-05	5	true
1061          	smoothSolver	6.377580e-04	6.059870e-05	10	1.048620e-02	1.007190e-03	10	5.497460e-03	5.273190e-04	10	false	GAMG	4.143000e-03	3.778470e-05	5	true
1062          	smoothSolver	6.400940e-04	6.080920e-05	10	1.061050e-02	1.019820e-03	10	5.551350e-03	5.330080e-04	10	false	GAMG	4.140810e-03	3.750380e-05	5	true
1063          	smoothSolver	6.427380e-04	6.096780e-05	10	1.072440e-02	1.029360e-03	10	5.602170e-03	5.380750e-04	10	false	GAMG	4.146880e-03	3.717840e-05	5	true
1064          	smoothSolver	6.458240e-04	6.108650e-05	10	1.082930e-02	1.037320e-03	10	5.650610e-03	5.423380e-04	10	false	GAMG	4.156050e-03	3.724630e-05	5	true
1065          	smoothSolver	6.493640e-04	6.122200e-05	10	1.092580e-02	1.045690e-03	10	5.695300e-03	5.463840e-04	10	false	GAMG	4.169750e-03	3.766040e-05	5	true
1066          	smoothSolver	6.533040e-04	6.141160e-05	10	1.101940e-02	1.055330e-03	10	5.736900e-03	5.505990e-04	10	false	GAMG	4.195050e-03	3.830180e-05	5	true
1067          	smoothSolver	6.571370e-04	6.167520e-05	10	1.110990e-02	1.064990e-03	10	5.770960e-03	5.546450e-04	10	false	GAMG	4.221310e-03	3.896370e-05	5	true
1068          	smoothSolver	6.605010e-04	6.188420e-05	10	1.120980e-02	1.073610e-03	10	5.795710e-03	5.579400e-04	10	false	GAMG	4.247140e-03	3.939710e-05	5	true
1069          	smoothSolver	6.630240e-04	6.196860e-05	10	1.130070e-02	1.081240e-03	10	5.809300e-03	5.602800e-04	10	false	GAMG	4.271060e-03	3.949270e-05	5	true
1070          	smoothSolver	6.653030e-04	6.197290e-05	10	1.139040e-02	1.089560e-03	10	5.813070e-03	5.618210e-04	10	false	GAMG	4.291240e-03	3.927110e-05	5	true
1071          	smoothSolver	6.669790e-04	6.196470e-05	10	1.148720e-02	1.099100e-03	10	5.805360e-03	5.622710e-04	10	false	GAMG	4.305070e-03	3.912100e-05	5	true
1072          	smoothSolver	6.676490e-04	6.195390e-05	10	1.158200e-02	1.109780e-03	10	5.788070e-03	5.614630e-04	10	false	GAMG	4.314450e-03	3.938470e-05	5	true
1073          	smoothSolver	6.677990e-04	6.198720e-05	10	1.168540e-02	1.121900e-03	10	5.764250e-03	5.601850e-04	10	false	GAMG	4.319640e-03	3.999390e-05	5	true
1074          	smoothSolver	6.679400e-04	6.212270e-05	10	1.180640e-02	1.136310e-03	10	5.743650e-03	5.594210e-04	10	false	GAMG	4.315610e-03	3.978330e-05	5	true
1075          	smoothSolver	6.682540e-04	6.232290e-05	10	1.194910e-02	1.152680e-03	10	5.728580e-03	5.596320e-04	10	false	GAMG	4.297100e-03	3.836390e-05	5	true
1076          	smoothSolver	6.691880e-04	6.258960e-05	10	1.211410e-02	1.171620e-03	10	5.720700e-03	5.607390e-04	10	false	GAMG	4.272950e-03	3.722490e-05	5	true
1077          	smoothSolver	6.706110e-04	6.292270e-05	10	1.228450e-02	1.193210e-03	10	5.718240e-03	5.627580e-04	10	false	GAMG	4.243470e-03	3.688310e-05	5	true
1078          	smoothSolver	6.726090e-04	6.325640e-05	10	1.246490e-02	1.215860e-03	10	5.729700e-03	5.657270e-04	10	false	GAMG	4.214910e-03	3.714670e-05	5	true
1079          	smoothSolver	6.748330e-04	6.351710e-05	10	1.264610e-02	1.237990e-03	10	5.746320e-03	5.690510e-04	10	false	GAMG	4.189460e-03	3.737790e-05	5	true
1080          	smoothSolver	6.767070e-04	6.370180e-05	10	1.283440e-02	1.260600e-03	10	5.766800e-03	5.723020e-04	10	false	GAMG	4.168050e-03	3.714040e-05	5	true
1081          	smoothSolver	6.787820e-04	6.387470e-05	10	1.303370e-02	1.284100e-03	10	5.792820e-03	5.759250e-04	10	false	GAMG	4.143960e-03	3.676490e-05	5	true
1082          	smoothSolver	6.810130e-04	6.410700e-05	10	1.324050e-02	1.307700e-03	10	5.823110e-03	5.800650e-04	10	false	GAMG	4.127320e-03	3.670740e-05	5	true
1083          	smoothSolver	6.834870e-04	6.439680e-05	10	1.345000e-02	1.330820e-03	10	5.857230e-03	5.844190e-04	10	false	GAMG	4.113930e-03	3.659380e-05	5	true
1084          	smoothSolver	6.860170e-04	6.470130e-05	10	1.366480e-02	1.352490e-03	10	5.889600e-03	5.885640e-04	10	false	GAMG	4.100620e-03	3.625280e-05	5	true
1085          	smoothSolver	6.885660e-04	6.499750e-05	10	1.387460e-02	1.372350e-03	10	5.926100e-03	5.920690e-04	10	false	GAMG	4.087770e-03	3.588900e-05	5	true
1086          	smoothSolver	6.911070e-04	6.527840e-05	10	1.408250e-02	1.390010e-03	10	5.964300e-03	5.948390e-04	10	false	GAMG	4.078020e-03	3.553920e-05	5	true
1087          	smoothSolver	6.934580e-04	6.552060e-05	10	1.429970e-02	1.405250e-03	10	6.007990e-03	5.974240e-04	10	false	GAMG	4.066950e-03	3.572200e-05	5	true
1088          	smoothSolver	6.959300e-04	6.572650e-05	10	1.452090e-02	1.419140e-03	10	6.055620e-03	5.999230e-04	10	false	GAMG	4.057520e-03	3.687390e-05	5	true
1089          	smoothSolver	6.986930e-04	6.587520e-05	10	1.474800e-02	1.432680e-03	10	6.104210e-03	6.018740e-04	10	false	GAMG	4.053270e-03	3.864790e-05	5	true
1090          	smoothSolver	7.019890e-04	6.595070e-05	10	1.499210e-02	1.445660e-03	10	6.151820e-03	6.032570e-04	10	false	GAMG	4.063360e-03	3.878010e-05	5	true
1091          	smoothSolver	7.057210e-04	6.593760e-05	10	1.523430e-02	1.457240e-03	10	6.194000e-03	6.041040e-04	10	false	GAMG	4.089260e-03	3.883880e-05	5	true
1092          	smoothSolver	7.102560e-04	6.587180e-05	10	1.546560e-02	1.466590e-03	10	6.232810e-03	6.042940e-04	10	false	GAMG	4.135250e-03	3.887500e-05	5	true
1093          	smoothSolver	7.153830e-04	6.579710e-05	10	1.567670e-02	1.472770e-03	10	6.268190e-03	6.038550e-04	10	false	GAMG	4.194450e-03	3.902360e-05	5	true
1094          	smoothSolver	7.203490e-04	6.571390e-05	10	1.586750e-02	1.475220e-03	10	6.299930e-03	6.027990e-04	10	false	GAMG	4.258370e-03	3.919760e-05	5	true
1095          	smoothSolver	7.258770e-04	6.562130e-05	10	1.601120e-02	1.474170e-03	10	6.326390e-03	6.013970e-04	10	false	GAMG	4.321250e-03	3.913630e-05	5	true
1096          	smoothSolver	7.318400e-04	6.549880e-05	10	1.610010e-02	1.469020e-03	10	6.351040e-03	5.997410e-04	10	false	GAMG	4.379730e-03	3.880350e-05	5	true
1097          	smoothSolver	7.376090e-04	6.534010e-05	10	1.605620e-02	1.454600e-03	10	6.367780e-03	5.982880e-04	10	false	GAMG	4.431240e-03	3.823260e-05	5	true
1098          	smoothSolver	7.431290e-04	6.515160e-05	10	1.594290e-02	1.435610e-03	10	6.377090e-03	5.968840e-04	10	false	GAMG	4.461180e-03	3.773450e-05	5	true
1099          	smoothSolver	7.476060e-04	6.494660e-05	10	1.578260e-02	1.416770e-03	10	6.372810e-03	5.952340e-04	10	false	GAMG	4.473800e-03	3.751690e-05	5	true
1100          	smoothSolver	7.501680e-04	6.469010e-05	10	1.560140e-02	1.398910e-03	10	6.355610e-03	5.932830e-04	10	false	GAMG	4.475460e-03	3.765250e-05	5	true
1101          	smoothSolver	7.512370e-04	6.433640e-05	10	1.539610e-02	1.382640e-03	10	6.329800e-03	5.908300e-04	10	false	GAMG	4.484220e-03	3.779630e-05	5	true
1102          	smoothSolver	7.508430e-04	6.388270e-05	10	1.519480e-02	1.368440e-03	10	6.285400e-03	5.877930e-04	10	false	GAMG	4.501930e-03	3.764720e-05	5	true
1103          	smoothSolver	7.488840e-04	6.333710e-05	10	1.499460e-02	1.357150e-03	10	6.224470e-03	5.842750e-04	10	false	GAMG	4.512140e-03	3.753810e-05	5	true
1104          	smoothSolver	7.454010e-04	6.274290e-05	10	1.480260e-02	1.348170e-03	10	6.151380e-03	5.802080e-04	10	false	GAMG	4.533510e-03	3.764300e-05	5	true
1105          	smoothSolver	7.404690e-04	6.215040e-05	10	1.463230e-02	1.340970e-03	10	6.089540e-03	5.757610e-04	10	false	GAMG	4.555700e-03	3.823140e-05	5	true
1106          	smoothSolver	7.347620e-04	6.164800e-05	10	1.452600e-02	1.335300e-03	10	6.045220e-03	5.710510e-04	10	false	GAMG	4.589230e-03	3.859670e-05	5	true
1107          	smoothSolver	7.280690e-04	6.118980e-05	10	1.447120e-02	1.330280e-03	10	6.015810e-03	5.659830e-04	10	false	GAMG	4.634350e-03	3.853710e-05	5	true
1108          	smoothSolver	7.205220e-04	6.074740e-05	10	1.447250e-02	1.324680e-03	10	6.001500e-03	5.605590e-04	10	false	GAMG	4.681230e-03	3.835330e-05	5	true
1109          	smoothSolver	7.130630e-04	6.028420e-05	10	1.451410e-02	1.318260e-03	10	5.993100e-03	5.551730e-04	10	false	GAMG	4.718290e-03	3.824260e-05	5	true
1110          	smoothSolver	7.063450e-04	5.980010e-05	10	1.459680e-02	1.311600e-03	10	5.998680e-03	5.498980e-04	10	false	GAMG	4.764230e-03	3.839510e-05	5	true
1111          	smoothSolver	7.001280e-04	5.932900e-05	10	1.469860e-02	1.306250e-03	10	6.012990e-03	5.444780e-04	10	false	GAMG	4.797130e-03	3.919140e-05	5	true
1112          	smoothSolver	6.947770e-04	5.886950e-05	10	1.481080e-02	1.301400e-03	10	6.025520e-03	5.392830e-04	10	false	GAMG	4.809970e-03	4.012540e-05	5	true
1113          	smoothSolver	6.901500e-04	5.843620e-05	10	1.492200e-02	1.296960e-03	10	6.035120e-03	5.342730e-04	10	false	GAMG	4.810690e-03	4.106330e-05	5	true
1114          	smoothSolver	6.867560e-04	5.805330e-05	10	1.502500e-02	1.293200e-03	10	6.040700e-03	5.294650e-04	10	false	GAMG	4.788870e-03	4.197680e-05	5	true
1115          	smoothSolver	6.845270e-04	5.777000e-05	10	1.510520e-02	1.289930e-03	10	6.037220e-03	5.252450e-04	10	false	GAMG	4.758240e-03	4.287600e-05	5	true
1116          	smoothSolver	6.834520e-04	5.759490e-05	10	1.515010e-02	1.287820e-03	10	6.024880e-03	5.217370e-04	10	false	GAMG	4.727820e-03	4.319220e-05	5	true
1117          	smoothSolver	6.834260e-04	5.753850e-05	10	1.515700e-02	1.287530e-03	10	6.007380e-03	5.198190e-04	10	false	GAMG	4.707760e-03	4.235230e-05	5	true
1118          	smoothSolver	6.839100e-04	5.761540e-05	10	1.512840e-02	1.289440e-03	10	5.990880e-03	5.197480e-04	10	false	GAMG	4.694790e-03	4.061110e-05	5	true
1119          	smoothSolver	6.846210e-04	5.784240e-05	10	1.506660e-02	1.292730e-03	10	5.967190e-03	5.208600e-04	10	false	GAMG	4.662910e-03	3.893840e-05	5	true
1120          	smoothSolver	6.850490e-04	5.812120e-05	10	1.495730e-02	1.295240e-03	10	5.942930e-03	5.222510e-04	10	false	GAMG	4.617900e-03	3.800590e-05	5	true
1121          	smoothSolver	6.847430e-04	5.834160e-05	10	1.482370e-02	1.296430e-03	10	5.905960e-03	5.236770e-04	10	false	GAMG	4.576550e-03	3.803550e-05	5	true
1122          	smoothSolver	6.837920e-04	5.847350e-05	10	1.466110e-02	1.296000e-03	10	5.857320e-03	5.247650e-04	10	false	GAMG	4.529460e-03	3.864970e-05	5	true
1123          	smoothSolver	6.821420e-04	5.847620e-05	10	1.448440e-02	1.294270e-03	10	5.797370e-03	5.246450e-04	10	false	GAMG	4.473680e-03	3.915610e-05	5	true
1124          	smoothSolver	6.794280e-04	5.838820e-05	10	1.430100e-02	1.290720e-03	10	5.731820e-03	5.230260e-04	10	false	GAMG	4.418580e-03	3.842290e-05	5	true
1125          	smoothSolver	6.755260e-04	5.826040e-05	10	1.412090e-02	1.284990e-03	10	5.668590e-03	5.205570e-04	10	false	GAMG	4.367980e-03	3.721730e-05	5	true
1126          	smoothSolver	6.714410e-04	5.817100e-05	10	1.394320e-02	1.277320e-03	10	5.609100e-03	5.181260e-04	10	false	GAMG	4.327390e-03	3.654510e-05	5	true
1127          	smoothSolver	6.671470e-04	5.811390e-05	10	1.377590e-02	1.268080e-03	10	5.557310e-03	5.162660e-04	10	false	GAMG	4.305730e-03	3.600030e-05	5	true
1128          	smoothSolver	6.631010e-04	5.807410e-05	10	1.359830e-02	1.255700e-03	10	5.515160e-03	5.147270e-04	10	false	GAMG	4.283600e-03	3.537710e-05	5	true
1129          	smoothSolver	6.592580e-04	5.804230e-05	10	1.340240e-02	1.239370e-03	10	5.479150e-03	5.127690e-04	10	false	GAMG	4.247120e-03	3.471210e-05	5	true
1130          	smoothSolver	6.553490e-04	5.795860e-05	10	1.318800e-02	1.220200e-03	10	5.441910e-03	5.101760e-04	10	false	GAMG	4.202060e-03	3.403590e-05	5	true
1131          	smoothSolver	6.513870e-04	5.781470e-05	10	1.297440e-02	1.200030e-03	10	5.404990e-03	5.071600e-04	10	false	GAMG	4.159210e-03	3.331000e-05	5	true
1132          	smoothSolver	6.476690e-04	5.766750e-05	10	1.275750e-02	1.180690e-03	10	5.366830e-03	5.042190e-04	10	false	GAMG	4.129460e-03	3.309050e-05	5	true
1133          	smoothSolver	6.443640e-04	5.756190e-05	10	1.254800e-02	1.163740e-03	10	5.329900e-03	5.017210e-04	10	false	GAMG	4.114130e-03	3.347550e-05	5	true
1134          	smoothSolver	6.420010e-04	5.753880e-05	10	1.235380e-02	1.148980e-03	10	5.295910e-03	4.995230e-04	10	false	GAMG	4.108010e-03	3.508890e-05	5	true
1135          	smoothSolver	6.404320e-04	5.756710e-05	10	1.217820e-02	1.136050e-03	10	5.262880e-03	4.974160e-04	10	false	GAMG	4.111110e-03	3.613040e-05	5	true
1136          	smoothSolver	6.397150e-04	5.764430e-05	10	1.201580e-02	1.124330e-03	10	5.230610e-03	4.952310e-04	10	false	GAMG	4.124810e-03	3.581540e-05	5	true
1137          	smoothSolver	6.393900e-04	5.775210e-05	10	1.186620e-02	1.113720e-03	10	5.200320e-03	4.930850e-04	10	false	GAMG	4.144270e-03	3.482230e-05	5	true
1138          	smoothSolver	6.392820e-04	5.787530e-05	10	1.172650e-02	1.103250e-03	10	5.172310e-03	4.909450e-04	10	false	GAMG	4.169130e-03	3.379730e-05	5	true
1139          	smoothSolver	6.393720e-04	5.801880e-05	10	1.159350e-02	1.092110e-03	10	5.146610e-03	4.886940e-04	10	false	GAMG	4.190050e-03	3.322770e-05	5	true
1140          	smoothSolver	6.405320e-04	5.817330e-05	10	1.149020e-02	1.080830e-03	10	5.128130e-03	4.864550e-04	10	false	GAMG	4.222960e-03	3.346620e-05	5	true
1141          	smoothSolver	6.423470e-04	5.831100e-05	10	1.142220e-02	1.069720e-03	10	5.120560e-03	4.841980e-04	10	false	GAMG	4.271260e-03	3.449590e-05	5	true
1142          	smoothSolver	6.458260e-04	5.835890e-05	10	1.138190e-02	1.058650e-03	10	5.125980e-03	4.816450e-04	10	false	GAMG	4.331770e-03	3.635970e-05	5	true
1143          	smoothSolver	6.509180e-04	5.824690e-05	10	1.137440e-02	1.047120e-03	10	5.148020e-03	4.790420e-04	10	false	GAMG	4.392920e-03	3.901110e-05	5	true
1144          	smoothSolver	6.574590e-04	5.797450e-05	10	1.137450e-02	1.035500e-03	10	5.179720e-03	4.760080e-04	10	false	GAMG	4.460250e-03	4.079310e-05	5	true
1145          	smoothSolver	6.650160e-04	5.759650e-05	10	1.136340e-02	1.023470e-03	10	5.203700e-03	4.720080e-04	10	false	GAMG	4.536470e-03	4.075940e-05	5	true
1146          	smoothSolver	6.721190e-04	5.717420e-05	10	1.132150e-02	1.010970e-03	10	5.219250e-03	4.674630e-04	10	false	GAMG	4.605500e-03	3.995790e-05	5	true
1147          	smoothSolver	6.776200e-04	5.678340e-05	10	1.124080e-02	9.987640e-04	10	5.215570e-03	4.628300e-04	10	false	GAMG	4.660720e-03	4.002930e-05	5	true
1148          	smoothSolver	6.812340e-04	5.641220e-05	10	1.112670e-02	9.870170e-04	10	5.200370e-03	4.588570e-04	10	false	GAMG	4.703220e-03	4.065090e-05	5	true
1149          	smoothSolver	6.829230e-04	5.609520e-05	10	1.098980e-02	9.748550e-04	10	5.169170e-03	4.557000e-04	10	false	GAMG	4.733180e-03	4.127800e-05	5	true
1150          	smoothSolver	6.820940e-04	5.573360e-05	10	1.082150e-02	9.624220e-04	10	5.127030e-03	4.535670e-04	10	false	GAMG	4.767230e-03	4.184830e-05	5	true
1151          	smoothSolver	6.784470e-04	5.532530e-05	10	1.063800e-02	9.497160e-04	10	5.087220e-03	4.523210e-04	10	false	GAMG	4.777280e-03	4.226480e-05	5	true
1152          	smoothSolver	6.722950e-04	5.492010e-05	10	1.043980e-02	9.367850e-04	10	5.051180e-03	4.514380e-04	10	false	GAMG	4.770260e-03	4.231080e-05	5	true
1153          	smoothSolver	6.640800e-04	5.454860e-05	10	1.023790e-02	9.235910e-04	10	5.012810e-03	4.509420e-04	10	false	GAMG	4.763780e-03	4.237810e-05	5	true
1154          	smoothSolver	6.550850e-04	5.426270e-05	10	1.003880e-02	9.109190e-04	10	4.981570e-03	4.510160e-04	10	false	GAMG	4.730550e-03	4.208790e-05	5	true
1155          	smoothSolver	6.452260e-04	5.402450e-05	10	9.861130e-03	8.992220e-04	10	4.961290e-03	4.515730e-04	10	false	GAMG	4.681220e-03	4.136120e-05	5	true
1156          	smoothSolver	6.352670e-04	5.387180e-05	10	9.713310e-03	8.886190e-04	10	4.952550e-03	4.524270e-04	10	false	GAMG	4.636680e-03	4.057300e-05	5	true
1157          	smoothSolver	6.257190e-04	5.379170e-05	10	9.584480e-03	8.785120e-04	10	4.949360e-03	4.533680e-04	10	false	GAMG	4.604380e-03	3.987650e-05	5	true
1158          	smoothSolver	6.174660e-04	5.377350e-05	10	9.475460e-03	8.696240e-04	10	4.955300e-03	4.545400e-04	10	false	GAMG	4.567880e-03	3.941540e-05	5	true
1159          	smoothSolver	6.099700e-04	5.375890e-05	10	9.386230e-03	8.629230e-04	10	4.965810e-03	4.556830e-04	10	false	GAMG	4.533270e-03	3.912400e-05	5	true
1160          	smoothSolver	6.029130e-04	5.371080e-05	10	9.313880e-03	8.582950e-04	10	4.976310e-03	4.568910e-04	10	false	GAMG	4.486790e-03	3.862470e-05	5	true
1161          	smoothSolver	5.963000e-04	5.362520e-05	10	9.256080e-03	8.553320e-04	10	4.981370e-03	4.581480e-04	10	false	GAMG	4.426740e-03	3.776020e-05	5	true
1162          	smoothSolver	5.910220e-04	5.354550e-05	10	9.212910e-03	8.539160e-04	10	4.981210e-03	4.593130e-04	10	false	GAMG	4.357280e-03	3.681020e-05	5	true
1163          	smoothSolver	5.868370e-04	5.346990e-05	10	9.188430e-03	8.535000e-04	10	4.979440e-03	4.599410e-04	10	false	GAMG	4.290600e-03	3.625130e-05	5	true
1164          	smoothSolver	5.836190e-04	5.339080e-05	10	9.182580e-03	8.540150e-04	10	4.978010e-03	4.599100e-04	10	false	GAMG	4.236270e-03	3.636790e-05	5	true
1165          	smoothSolver	5.813180e-04	5.328190e-05	10	9.198880e-03	8.558150e-04	10	4.981020e-03	4.597720e-04	10	false	GAMG	4.200410e-03	3.747240e-05	5	true
1166          	smoothSolver	5.790120e-04	5.307540e-05	10	9.231850e-03	8.586130e-04	10	4.990700e-03	4.594550e-04	10	false	GAMG	4.179380e-03	3.914820e-05	5	true
1167          	smoothSolver	5.759240e-04	5.275550e-05	10	9.275510e-03	8.614870e-04	10	5.005750e-03	4.588240e-04	10	false	GAMG	4.166860e-03	3.846410e-05	5	true
1168          	smoothSolver	5.733300e-04	5.235300e-05	10	9.332560e-03	8.639120e-04	10	5.020650e-03	4.578160e-04	10	false	GAMG	4.161040e-03	3.691010e-05	5	true
1169          	smoothSolver	5.711040e-04	5.193470e-05	10	9.394040e-03	8.662860e-04	10	5.035960e-03	4.569360e-04	10	false	GAMG	4.157610e-03	3.618690e-05	5	true
1170          	smoothSolver	5.694420e-04	5.156080e-05	10	9.457260e-03	8.683590e-04	10	5.056260e-03	4.565070e-04	10	false	GAMG	4.157900e-03	3.585740e-05	5	true
1171          	smoothSolver	5.686180e-04	5.122790e-05	10	9.516910e-03	8.698670e-04	10	5.072140e-03	4.561890e-04	10	false	GAMG	4.161490e-03	3.562620e-05	5	true
1172          	smoothSolver	5.684780e-04	5.092380e-05	10	9.569490e-03	8.702640e-04	10	5.083480e-03	4.556230e-04	10	false	GAMG	4.162230e-03	3.574710e-05	5	true
1173          	smoothSolver	5.687240e-04	5.064700e-05	10	9.608170e-03	8.698690e-04	10	5.089330e-03	4.548680e-04	10	false	GAMG	4.155900e-03	3.612230e-05	5	true
1174          	smoothSolver	5.690050e-04	5.043100e-05	10	9.636000e-03	8.693560e-04	10	5.090010e-03	4.541040e-04	10	false	GAMG	4.145950e-03	3.661730e-05	5	true
1175          	smoothSolver	5.695940e-04	5.027150e-05	10	9.654540e-03	8.695020e-04	10	5.084020e-03	4.535370e-04	10	false	GAMG	4.136020e-03	3.708740e-05	5	true
1176          	smoothSolver	5.703660e-04	5.018680e-05	10	9.672830e-03	8.708430e-04	10	5.076840e-03	4.536490e-04	10	false	GAMG	4.130390e-03	3.735140e-05	5	true
1177          	smoothSolver	5.712170e-04	5.017280e-05	10	9.695930e-03	8.735390e-04	10	5.070900e-03	4.544250e-04	10	false	GAMG	4.134340e-03	3.745610e-05	5	true
1178          	smoothSolver	5.718010e-04	5.022210e-05	10	9.722740e-03	8.767630e-04	10	5.064360e-03	4.553460e-04	10	false	GAMG	4.151510e-03	3.774230e-05	5	true
1179          	smoothSolver	5.725540e-04	5.032530e-05	10	9.750490e-03	8.798720e-04	10	5.055190e-03	4.562050e-04	10	false	GAMG	4.184580e-03	3.833890e-05	5	true
1180          	smoothSolver	5.733500e-04	5.048430e-05	10	9.774100e-03	8.836020e-04	10	5.048460e-03	4.569410e-04	10	false	GAMG	4.216780e-03	3.922230e-05	5	true
1181          	smoothSolver	5.740130e-04	5.065850e-05	10	9.802100e-03	8.878650e-04	10	5.043100e-03	4.577130e-04	10	false	GAMG	4.242230e-03	3.970840e-05	5	true
1182          	smoothSolver	5.746570e-04	5.084380e-05	10	9.836050e-03	8.922760e-04	10	5.038780e-03	4.585590e-04	10	false	GAMG	4.256700e-03	3.940530e-05	5	true
1183          	smoothSolver	5.752230e-04	5.103280e-05	10	9.873360e-03	8.968100e-04	10	5.034580e-03	4.594550e-04	10	false	GAMG	4.258350e-03	3.866330e-05	5	true
1184          	smoothSolver	5.757350e-04	5.123810e-05	10	9.911580e-03	9.018810e-04	10	5.031400e-03	4.604380e-04	10	false	GAMG	4.249220e-03	3.787060e-05	5	true
1185          	smoothSolver	5.764920e-04	5.143370e-05	10	9.943290e-03	9.081310e-04	10	5.030050e-03	4.618190e-04	10	false	GAMG	4.228280e-03	3.720240e-05	5	true
1186          	smoothSolver	5.772780e-04	5.159780e-05	10	9.976110e-03	9.161880e-04	10	5.033880e-03	4.639440e-04	10	false	GAMG	4.199680e-03	3.694260e-05	5	true
1187          	smoothSolver	5.778630e-04	5.173880e-05	10	1.001890e-02	9.260070e-04	10	5.044130e-03	4.666110e-04	10	false	GAMG	4.166730e-03	3.682600e-05	5	true
1188          	smoothSolver	5.779220e-04	5.184000e-05	10	1.007280e-02	9.373250e-04	10	5.061690e-03	4.697000e-04	10	false	GAMG	4.135940e-03	3.644240e-05	5	true
1189          	smoothSolver	5.778060e-04	5.190960e-05	10	1.015010e-02	9.497180e-04	10	5.080590e-03	4.730300e-04	10	false	GAMG	4.110180e-03	3.596950e-05	5	true
1190          	smoothSolver	5.774800e-04	5.196260e-05	10	1.024090e-02	9.626820e-04	10	5.099560e-03	4.759200e-04	10	false	GAMG	4.081610e-03	3.538130e-05	5	true
1191          	smoothSolver	5.766810e-04	5.200570e-05	10	1.034680e-02	9.749110e-04	10	5.113090e-03	4.780140e-04	10	false	GAMG	4.053270e-03	3.453880e-05	5	true
1192          	smoothSolver	5.753740e-04	5.203530e-05	10	1.045450e-02	9.852820e-04	10	5.119750e-03	4.790450e-04	10	false	GAMG	4.028810e-03	3.367440e-05	5	true
1193          	smoothSolver	5.742850e-04	5.207330e-05	10	1.055430e-02	9.935190e-04	10	5.118890e-03	4.789830e-04	10	false	GAMG	4.008580e-03	3.307570e-05	5	true
1194          	smoothSolver	5.737630e-04	5.209880e-05	10	1.063940e-02	9.996870e-04	10	5.113970e-03	4.782290e-04	10	false	GAMG	3.990180e-03	3.299580e-05	5	true
1195          	smoothSolver	5.737890e-04	5.211310e-05	10	1.071940e-02	1.004360e-03	10	5.103280e-03	4.770290e-04	10	false	GAMG	3.971090e-03	3.325020e-05	5	true
1196          	smoothSolver	5.740740e-04	5.211150e-05	10	1.079490e-02	1.008960e-03	10	5.085300e-03	4.753280e-04	10	false	GAMG	3.953250e-03	3.379060e-05	5	true
1197          	smoothSolver	5.742910e-04	5.210210e-05	10	1.087100e-02	1.014340e-03	10	5.058170e-03	4.728000e-04	10	false	GAMG	3.945710e-03	3.432940e-05	5	true
1198          	smoothSolver	5.747050e-04	5.210300e-05	10	1.093260e-02	1.020470e-03	10	5.022290e-03	4.695100e-04	10	false	GAMG	3.962380e-03	3.471850e-05	5	true
1199          	smoothSolver	5.750570e-04	5.211040e-05	10	1.098860e-02	1.027540e-03	10	4.975940e-03	4.657860e-04	10	false	GAMG	3.993820e-03	3.502170e-05	5	true
1200          	smoothSolver	5.753680e-04	5.214300e-05	10	1.104010e-02	1.035390e-03	10	4.925780e-03	4.617850e-04	10	false	GAMG	4.024730e-03	3.530670e-05	5	true
1201          	smoothSolver	5.758340e-04	5.223470e-05	10	1.109540e-02	1.044600e-03	10	4.875070e-03	4.579790e-04	10	false	GAMG	4.051400e-03	3.535160e-05	5	true
1202          	smoothSolver	5.761590e-04	5.234810e-05	10	1.115910e-02	1.054030e-03	10	4.827730e-03	4.547400e-04	10	false	GAMG	4.068680e-03	3.519470e-05	5	true
1203          	smoothSolver	5.767990e-04	5.246530e-05	10	1.123210e-02	1.063300e-03	10	4.786890e-03	4.522550e-04	10	false	GAMG	4.070710e-03	3.488190e-05	5	true
1204          	smoothSolver	5.774790e-04	5.254540e-05	10	1.131140e-02	1.073260e-03	10	4.760880e-03	4.505070e-04	10	false	GAMG	4.059130e-03	3.437120e-05	5	true
1205          	smoothSolver	5.779150e-04	5.261360e-05	10	1.140090e-02	1.085000e-03	10	4.751570e-03	4.499800e-04	10	false	GAMG	4.031110e-03	3.379960e-05	5	true
1206          	smoothSolver	5.784870e-04	5.273430e-05	10	1.150000e-02	1.098670e-03	10	4.755010e-03	4.508080e-04	10	false	GAMG	4.000910e-03	3.331750e-05	5	true
1207          	smoothSolver	5.790580e-04	5.291540e-05	10	1.160840e-02	1.113690e-03	10	4.770020e-03	4.527380e-04	10	false	GAMG	3.980320e-03	3.322810e-05	5	true
1208          	smoothSolver	5.800690e-04	5.313970e-05	10	1.171400e-02	1.129290e-03	10	4.791780e-03	4.556620e-04	10	false	GAMG	3.972490e-03	3.336920e-05	5	true
1209          	smoothSolver	5.810520e-04	5.334900e-05	10	1.181600e-02	1.143930e-03	10	4.816030e-03	4.593550e-04	10	false	GAMG	3.977200e-03	3.381130e-05	5	true
1210          	smoothSolver	5.819060e-04	5.351590e-05	10	1.190680e-02	1.156860e-03	10	4.837020e-03	4.631870e-04	10	false	GAMG	3.982420e-03	3.391060e-05	5	true
1211          	smoothSolver	5.829130e-04	5.367440e-05	10	1.198550e-02	1.168420e-03	10	4.854940e-03	4.665280e-04	10	false	GAMG	3.980640e-03	3.359500e-05	5	true
1212          	smoothSolver	5.839740e-04	5.376480e-05	10	1.204440e-02	1.176770e-03	10	4.868640e-03	4.690350e-04	10	false	GAMG	3.963490e-03	3.291170e-05	5	true
1213          	smoothSolver	5.849850e-04	5.379810e-05	10	1.209260e-02	1.181590e-03	10	4.884250e-03	4.706140e-04	10	false	GAMG	3.945860e-03	3.234200e-05	5	true
1214          	smoothSolver	5.857790e-04	5.382780e-05	10	1.213500e-02	1.183380e-03	10	4.901580e-03	4.716960e-04	10	false	GAMG	3.924840e-03	3.199020e-05	5	true
1215          	smoothSolver	5.858000e-04	5.388140e-05	10	1.217660e-02	1.184510e-03	10	4.921910e-03	4.725750e-04	10	false	GAMG	3.904130e-03	3.178290e-05	5	true
1216          	smoothSolver	5.850120e-04	5.402230e-05	10	1.221370e-02	1.185800e-03	10	4.941280e-03	4.735990e-04	10	false	GAMG	3.878900e-03	3.174530e-05	5	true
1217          	smoothSolver	5.835910e-04	5.419310e-05	10	1.224490e-02	1.187070e-03	10	4.959160e-03	4.746930e-04	10	false	GAMG	3.864600e-03	3.193340e-05	5	true
1218          	smoothSolver	5.821450e-04	5.432470e-05	10	1.226990e-02	1.188270e-03	10	4.974660e-03	4.762630e-04	10	false	GAMG	3.865170e-03	3.211880e-05	5	true
1219          	smoothSolver	5.810100e-04	5.438710e-05	10	1.229730e-02	1.189890e-03	10	4.986020e-03	4.780760e-04	10	false	GAMG	3.870030e-03	3.215610e-05	5	true
1220          	smoothSolver	5.801250e-04	5.437110e-05	10	1.231960e-02	1.191270e-03	10	4.988370e-03	4.797020e-04	10	false	GAMG	3.876630e-03	3.217230e-05	5	true
1221          	smoothSolver	5.796460e-04	5.431090e-05	10	1.234730e-02	1.193060e-03	10	4.982310e-03	4.804350e-04	10	false	GAMG	3.877310e-03	3.210650e-05	5	true
1222          	smoothSolver	5.796130e-04	5.424370e-05	10	1.237990e-02	1.194860e-03	10	4.969810e-03	4.804140e-04	10	false	GAMG	3.883640e-03	3.200460e-05	5	true
1223          	smoothSolver	5.796140e-04	5.421220e-05	10	1.241720e-02	1.197520e-03	10	4.958400e-03	4.795940e-04	10	false	GAMG	3.891540e-03	3.189300e-05	5	true
1224          	smoothSolver	5.799640e-04	5.423710e-05	10	1.246850e-02	1.200690e-03	10	4.954810e-03	4.785970e-04	10	false	GAMG	3.888620e-03	3.158590e-05	5	true
1225          	smoothSolver	5.809970e-04	5.431410e-05	10	1.253100e-02	1.202820e-03	10	4.964270e-03	4.780990e-04	10	false	GAMG	3.877260e-03	3.168530e-05	5	true
1226          	smoothSolver	5.825100e-04	5.447370e-05	10	1.261270e-02	1.204210e-03	10	4.990960e-03	4.784350e-04	10	false	GAMG	3.860830e-03	3.230010e-05	5	true
1227          	smoothSolver	5.845590e-04	5.469110e-05	10	1.270240e-02	1.205250e-03	10	5.029150e-03	4.793430e-04	10	false	GAMG	3.849440e-03	3.323480e-05	5	true
1228          	smoothSolver	5.870140e-04	5.490620e-05	10	1.280670e-02	1.205670e-03	10	5.077640e-03	4.808600e-04	10	false	GAMG	3.851290e-03	3.351130e-05	5	true
1229          	smoothSolver	5.893660e-04	5.506680e-05	10	1.290330e-02	1.204450e-03	10	5.132740e-03	4.827570e-04	10	false	GAMG	3.866820e-03	3.293510e-05	5	true
1230          	smoothSolver	5.914660e-04	5.509050e-05	10	1.298990e-02	1.202160e-03	10	5.188150e-03	4.842010e-04	10	false	GAMG	3.897930e-03	3.253420e-05	5	true
1231          	smoothSolver	5.924670e-04	5.500660e-05	10	1.307060e-02	1.200890e-03	10	5.232330e-03	4.856690e-04	10	false	GAMG	3.931770e-03	3.269130e-05	5	true
1232          	smoothSolver	5.931020e-04	5.486840e-05	10	1.312580e-02	1.201220e-03	10	5.263910e-03	4.873640e-04	10	false	GAMG	3.962780e-03	3.390670e-05	5	true
1233          	smoothSolver	5.933320e-04	5.470220e-05	10	1.314830e-02	1.201640e-03	10	5.280930e-03	4.887880e-04	10	false	GAMG	3.987870e-03	3.588610e-05	5	true
1234          	smoothSolver	5.926230e-04	5.449840e-05	10	1.314110e-02	1.202190e-03	10	5.280830e-03	4.895600e-04	10	false	GAMG	4.006040e-03	3.731060e-05	5	true
1235          	smoothSolver	5.913440e-04	5.426230e-05	10	1.309160e-02	1.202860e-03	10	5.265240e-03	4.895790e-04	10	false	GAMG	4.014380e-03	3.625100e-05	5	true
1236          	smoothSolver	5.896230e-04	5.397510e-05	10	1.299680e-02	1.202020e-03	10	5.236610e-03	4.886640e-04	10	false	GAMG	4.023200e-03	3.458720e-05	5	true
1237          	smoothSolver	5.873800e-04	5.364840e-05	10	1.286690e-02	1.197720e-03	10	5.198640e-03	4.869090e-04	10	false	GAMG	4.026410e-03	3.311550e-05	5	true
1238          	smoothSolver	5.845280e-04	5.332420e-05	10	1.274440e-02	1.190940e-03	10	5.161500e-03	4.847490e-04	10	false	GAMG	4.019400e-03	3.294360e-05	5	true
1239          	smoothSolver	5.820300e-04	5.305990e-05	10	1.261600e-02	1.184400e-03	10	5.130850e-03	4.823150e-04	10	false	GAMG	4.003900e-03	3.368510e-05	5	true
1240          	smoothSolver	5.798470e-04	5.286980e-05	10	1.251680e-02	1.179870e-03	10	5.107830e-03	4.803060e-04	10	false	GAMG	3.988740e-03	3.439830e-05	5	true
1241          	smoothSolver	5.785460e-04	5.279590e-05	10	1.244580e-02	1.177940e-03	10	5.092050e-03	4.794540e-04	10	false	GAMG	3.995130e-03	3.495370e-05	5	true
1242          	smoothSolver	5.773670e-04	5.285850e-05	10	1.240680e-02	1.179320e-03	10	5.077840e-03	4.796970e-04	10	false	GAMG	4.015680e-03	3.535980e-05	5	true
1243          	smoothSolver	5.772750e-04	5.305360e-05	10	1.238680e-02	1.183640e-03	10	5.065830e-03	4.806590e-04	10	false	GAMG	4.033080e-03	3.588970e-05	5	true
1244          	smoothSolver	5.785860e-04	5.332940e-05	10	1.239220e-02	1.189840e-03	10	5.057630e-03	4.817540e-04	10	false	GAMG	4.045800e-03	3.640680e-05	5	true
1245          	smoothSolver	5.812840e-04	5.361350e-05	10	1.241630e-02	1.196100e-03	10	5.047070e-03	4.824240e-04	10	false	GAMG	4.039310e-03	3.644760e-05	5	true
1246          	smoothSolver	5.850760e-04	5.386010e-05	10	1.246270e-02	1.201090e-03	10	5.040790e-03	4.825530e-04	10	false	GAMG	4.025380e-03	3.577100e-05	5	true
1247          	smoothSolver	5.891160e-04	5.408880e-05	10	1.251560e-02	1.203510e-03	10	5.040570e-03	4.828180e-04	10	false	GAMG	4.006980e-03	3.480410e-05	5	true
1248          	smoothSolver	5.932230e-04	5.433090e-05	10	1.257220e-02	1.203260e-03	10	5.054200e-03	4.833870e-04	10	false	GAMG	3.978070e-03	3.406520e-05	5	true
1249          	smoothSolver	5.976300e-04	5.459220e-05	10	1.263730e-02	1.201290e-03	10	5.084050e-03	4.843630e-04	10	false	GAMG	3.943610e-03	3.410350e-05	5	true
1250          	smoothSolver	6.023120e-04	5.485830e-05	10	1.270120e-02	1.197180e-03	10	5.128560e-03	4.859990e-04	10	false	GAMG	3.912360e-03	3.518030e-05	5	true
1251          	smoothSolver	6.076140e-04	5.510550e-05	10	1.276610e-02	1.190250e-03	10	5.188820e-03	4.880550e-04	10	false	GAMG	3.898200e-03	3.685220e-05	5	true
1252          	smoothSolver	6.130040e-04	5.532210e-05	10	1.282010e-02	1.180340e-03	10	5.257900e-03	4.896970e-04	10	false	GAMG	3.911260e-03	3.665920e-05	5	true
1253          	smoothSolver	6.181150e-04	5.552020e-05	10	1.287530e-02	1.167860e-03	10	5.335790e-03	4.908770e-04	10	false	GAMG	3.959380e-03	3.612250e-05	5	true
1254          	smoothSolver	6.238910e-04	5.569010e-05	10	1.290990e-02	1.153000e-03	10	5.413050e-03	4.919440e-04	10	false	GAMG	4.040880e-03	3.623730e-05	5	true
1255          	smoothSolver	6.300360e-04	5.586130e-05	10	1.292940e-02	1.136750e-03	10	5.491640e-03	4.930600e-04	10	false	GAMG	4.143820e-03	3.690140e-05	5	true
1256          	smoothSolver	6.367190e-04	5.603870e-05	10	1.292340e-02	1.119050e-03	10	5.569810e-03	4.945970e-04	10	false	GAMG	4.256490e-03	3.738700e-05	5	true
1257          	smoothSolver	6.429410e-04	5.621840e-05	10	1.288330e-02	1.100280e-03	10	5.640580e-03	4.967900e-04	10	false	GAMG	4.372810e-03	3.722560e-05	5	true
1258          	smoothSolver	6.481770e-04	5.633330e-05	10	1.278810e-02	1.081340e-03	10	5.695640e-03	4.989520e-04	10	false	GAMG	4.467380e-03	3.649910e-05	5	true
1259          	smoothSolver	6.529110e-04	5.639490e-05	10	1.262430e-02	1.063000e-03	10	5.724820e-03	5.007210e-04	10	false	GAMG	4.513560e-03	3.571020e-05	5	true
1260          	smoothSolver	6.565400e-04	5.645000e-05	10	1.240670e-02	1.044870e-03	10	5.724290e-03	5.017460e-04	10	false	GAMG	4.511590e-03	3.536950e-05	5	true
1261          	smoothSolver	6.595750e-04	5.648890e-05	10	1.213680e-02	1.027420e-03	10	5.695090e-03	5.020890e-04	10	false	GAMG	4.500170e-03	3.554490e-05	5	true
1262          	smoothSolver	6.625230e-04	5.651120e-05	10	1.185230e-02	1.011040e-03	10	5.647120e-03	5.017030e-04	10	false	GAMG	4.500890e-03	3.594450e-05	5	true
1263          	smoothSolver	6.647360e-04	5.654370e-05	10	1.157290e-02	9.963470e-04	10	5.589200e-03	5.006370e-04	10	false	GAMG	4.515780e-03	3.674450e-05	5	true
1264          	smoothSolver	6.660090e-04	5.656830e-05	10	1.130060e-02	9.831180e-04	10	5.528300e-03	4.988850e-04	10	false	GAMG	4.552390e-03	3.814070e-05	5	true
1265          	smoothSolver	6.659010e-04	5.658250e-05	10	1.106670e-02	9.714840e-04	10	5.459900e-03	4.969990e-04	10	false	GAMG	4.608470e-03	3.940340e-05	5	true
1266          	smoothSolver	6.652890e-04	5.660570e-05	10	1.085390e-02	9.611840e-04	10	5.412470e-03	4.955600e-04	10	false	GAMG	4.657450e-03	4.025980e-05	5	true
1267          	smoothSolver	6.635060e-04	5.665590e-05	10	1.069130e-02	9.529900e-04	10	5.372360e-03	4.947770e-04	10	false	GAMG	4.703480e-03	4.034760e-05	5	true
1268          	smoothSolver	6.614650e-04	5.675700e-05	10	1.058120e-02	9.474330e-04	10	5.352950e-03	4.947250e-04	10	false	GAMG	4.766070e-03	3.993630e-05	5	true
1269          	smoothSolver	6.579970e-04	5.688590e-05	10	1.052200e-02	9.446110e-04	10	5.347680e-03	4.954690e-04	10	false	GAMG	4.812960e-03	3.915450e-05	5	true
1270          	smoothSolver	6.525590e-04	5.702870e-05	10	1.049960e-02	9.439460e-04	10	5.354720e-03	4.969600e-04	10	false	GAMG	4.817420e-03	3.812750e-05	5	true
1271          	smoothSolver	6.467180e-04	5.714410e-05	10	1.051250e-02	9.451950e-04	10	5.371700e-03	4.986260e-04	10	false	GAMG	4.791460e-03	3.659370e-05	5	true
1272          	smoothSolver	6.400230e-04	5.722600e-05	10	1.054940e-02	9.485480e-04	10	5.393830e-03	5.002830e-04	10	false	GAMG	4.741840e-03	3.532070e-05	5	true
1273          	smoothSolver	6.333790e-04	5.730340e-05	10	1.059850e-02	9.527530e-04	10	5.417430e-03	5.019480e-04	10	false	GAMG	4.672630e-03	3.478820e-05	5	true
1274          	smoothSolver	6.275750e-04	5.738040e-05	10	1.064010e-02	9.570720e-04	10	5.439500e-03	5.036200e-04	10	false	GAMG	4.604320e-03	3.486940e-05	5	true
1275          	smoothSolver	6.223200e-04	5.743650e-05	10	1.067370e-02	9.614580e-04	10	5.457250e-03	5.048190e-04	10	false	GAMG	4.540680e-03	3.527900e-05	5	true
1276          	smoothSolver	6.170760e-04	5.747510e-05	10	1.070380e-02	9.659130e-04	10	5.468140e-03	5.056730e-04	10	false	GAMG	4.488410e-03	3.507760e-05	5	true
1277          	smoothSolver	6.123210e-04	5.749600e-05	10	1.072110e-02	9.701410e-04	10	5.470570e-03	5.066010e-04	10	false	GAMG	4.445900e-03	3.494320e-05	5	true
1278          	smoothSolver	6.084220e-04	5.753450e-05	10	1.073070e-02	9.750130e-04	10	5.468380e-03	5.079230e-04	10	false	GAMG	4.412450e-03	3.532200e-05	5	true
1279          	smoothSolver	6.055640e-04	5.760590e-05	10	1.074120e-02	9.802750e-04	10	5.465460e-03	5.099050e-04	10	false	GAMG	4.387280e-03	3.610790e-05	5	true
1280          	smoothSolver	6.036100e-04	5.766660e-05	10	1.074290e-02	9.848590e-04	10	5.461850e-03	5.124350e-04	10	false	GAMG	4.372750e-03	3.702510e-05	5	true
1281          	smoothSolver	6.028460e-04	5.771170e-05	10	1.072410e-02	9.883980e-04	10	5.458280e-03	5.150980e-04	10	false	GAMG	4.363610e-03	3.752850e-05	5	true
1282          	smoothSolver	6.029700e-04	5.774670e-05	10	1.067390e-02	9.898240e-04	10	5.456080e-03	5.177240e-04	10	false	GAMG	4.357100e-03	3.749800e-05	5	true
1283          	smoothSolver	6.034940e-04	5.773690e-05	10	1.061080e-02	9.883210e-04	10	5.455630e-03	5.205170e-04	10	false	GAMG	4.354580e-03	3.684400e-05	5	true
1284          	smoothSolver	6.048000e-04	5.772830e-05	10	1.053370e-02	9.848580e-04	10	5.457860e-03	5.231550e-04	10	false	GAMG	4.349760e-03	3.618250e-05	5	true
1285          	smoothSolver	6.067250e-04	5.775560e-05	10	1.045620e-02	9.807190e-04	10	5.460230e-03	5.250610e-04	10	false	GAMG	4.342930e-03	3.539000e-05	5	true
1286          	smoothSolver	6.081960e-04	5.783310e-05	10	1.038790e-02	9.769670e-04	10	5.459380e-03	5.256960e-04	10	false	GAMG	4.324310e-03	3.517920e-05	5	true
1287          	smoothSolver	6.089880e-04	5.790020e-05	10	1.032450e-02	9.736720e-04	10	5.456070e-03	5.254280e-04	10	false	GAMG	4.305140e-03	3.603020e-05	5	true
1288          	smoothSolver	6.094720e-04	5.792840e-05	10	1.027940e-02	9.702540e-04	10	5.458030e-03	5.251370e-04	10	false	GAMG	4.300860e-03	3.751840e-05	5	true
1289          	smoothSolver	6.101130e-04	5.785990e-05	10	1.024610e-02	9.672880e-04	10	5.461560e-03	5.245970e-04	10	false	GAMG	4.306990e-03	3.851860e-05	5	true
1290          	smoothSolver	6.109820e-04	5.769730e-05	10	1.023060e-02	9.655060e-04	10	5.462600e-03	5.239930e-04	10	false	GAMG	4.314030e-03	3.945440e-05	5	true
1291          	smoothSolver	6.121210e-04	5.744810e-05	10	1.024650e-02	9.654630e-04	10	5.461040e-03	5.231750e-04	10	false	GAMG	4.314120e-03	3.945220e-05	5	true
1292          	smoothSolver	6.128310e-04	5.715990e-05	10	1.029610e-02	9.676150e-04	10	5.456980e-03	5.215850e-04	10	false	GAMG	4.307820e-03	3.822800e-05	5	true
1293          	smoothSolver	6.132540e-04	5.688200e-05	10	1.036170e-02	9.713780e-04	10	5.445770e-03	5.191930e-04	10	false	GAMG	4.281670e-03	3.679460e-05	5	true
1294          	smoothSolver	6.134300e-04	5.659280e-05	10	1.043000e-02	9.751960e-04	10	5.436890e-03	5.163110e-04	10	false	GAMG	4.246060e-03	3.590180e-05	5	true
1295          	smoothSolver	6.122110e-04	5.626520e-05	10	1.049510e-02	9.787370e-04	10	5.431690e-03	5.134240e-04	10	false	GAMG	4.212780e-03	3.539660e-05	5	true
1296          	smoothSolver	6.097330e-04	5.588300e-05	10	1.055500e-02	9.806600e-04	10	5.429100e-03	5.107570e-04	10	false	GAMG	4.179330e-03	3.468340e-05	5	true
1297          	smoothSolver	6.062990e-04	5.542120e-05	10	1.060980e-02	9.812660e-04	10	5.426820e-03	5.078330e-04	10	false	GAMG	4.154630e-03	3.374340e-05	5	true
1298          	smoothSolver	6.018350e-04	5.491350e-05	10	1.066170e-02	9.813670e-04	10	5.423110e-03	5.042510e-04	10	false	GAMG	4.131240e-03	3.318420e-05	5	true
1299          	smoothSolver	5.966570e-04	5.434500e-05	10	1.072210e-02	9.804620e-04	10	5.415110e-03	5.000970e-04	10	false	GAMG	4.110880e-03	3.296230e-05	5	true
1300          	smoothSolver	5.916520e-04	5.370850e-05	10	1.077030e-02	9.786890e-04	10	5.402070e-03	4.956020e-04	10	false	GAMG	4.100820e-03	3.364530e-05	5	true
1301          	smoothSolver	5.878510e-04	5.308140e-05	10	1.080540e-02	9.770300e-04	10	5.382900e-03	4.907050e-04	10	false	GAMG	4.100830e-03	3.553800e-05	5	true
1302          	smoothSolver	5.849850e-04	5.248280e-05	10	1.082620e-02	9.751120e-04	10	5.354370e-03	4.852690e-04	10	false	GAMG	4.115170e-03	3.796550e-05	5	true
1303          	smoothSolver	5.823950e-04	5.191990e-05	10	1.081840e-02	9.721820e-04	10	5.310390e-03	4.791930e-04	10	false	GAMG	4.148300e-03	3.873220e-05	5	true
1304          	smoothSolver	5.803570e-04	5.140090e-05	10	1.078060e-02	9.681320e-04	10	5.251160e-03	4.728360e-04	10	false	GAMG	4.184800e-03	3.847200e-05	5	true
1305          	smoothSolver	5.780820e-04	5.092330e-05	10	1.071670e-02	9.641750e-04	10	5.177340e-03	4.665500e-04	10	false	GAMG	4.213250e-03	3.795080e-05	5	true
1306          	smoothSolver	5.757520e-04	5.050560e-05	10	1.063400e-02	9.613190e-04	10	5.092670e-03	4.605880e-04	10	false	GAMG	4.222680e-03	3.707910e-05	5	true
1307          	smoothSolver	5.728930e-04	5.014050e-05	10	1.053600e-02	9.593890e-04	10	5.000370e-03	4.555120e-04	10	false	GAMG	4.216280e-03	3.638300e-05	5	true
1308          	smoothSolver	5.697040e-04	4.984910e-05	10	1.043820e-02	9.581030e-04	10	4.913780e-03	4.510910e-04	10	false	GAMG	4.198330e-03	3.591970e-05	5	true
1309          	smoothSolver	5.663350e-04	4.960740e-05	10	1.035050e-02	9.584400e-04	10	4.838950e-03	4.473650e-04	10	false	GAMG	4.176390e-03	3.558070e-05	5	true
1310          	smoothSolver	5.628160e-04	4.938150e-05	10	1.029480e-02	9.597420e-04	10	4.783960e-03	4.441800e-04	10	false	GAMG	4.152560e-03	3.547310e-05	5	true
1311          	smoothSolver	5.593490e-04	4.920460e-05	10	1.027930e-02	9.618110e-04	10	4.745710e-03	4.417270e-04	10	false	GAMG	4.121640e-03	3.551590e-05	5	true
1312          	smoothSolver	5.560260e-04	4.908510e-05	10	1.030350e-02	9.651340e-04	10	4.728050e-03	4.404710e-04	10	false	GAMG	4.083170e-03	3.583560e-05	5	true
1313          	smoothSolver	5.527700e-04	4.901000e-05	10	1.036430e-02	9.691050e-04	10	4.731400e-03	4.403000e-04	10	false	GAMG	4.050690e-03	3.576830e-05	5	true
1314          	smoothSolver	5.499820e-04	4.897270e-05	10	1.044860e-02	9.737710e-04	10	4.748500e-03	4.410500e-04	10	false	GAMG	4.026620e-03	3.583860e-05	5	true
1315          	smoothSolver	5.478870e-04	4.896860e-05	10	1.054210e-02	9.795080e-04	10	4.776210e-03	4.433200e-04	10	false	GAMG	4.012370e-03	3.544140e-05	5	true
1316          	smoothSolver	5.464180e-04	4.899260e-05	10	1.063450e-02	9.861930e-04	10	4.808190e-03	4.464730e-04	10	false	GAMG	4.006860e-03	3.507600e-05	5	true
1317          	smoothSolver	5.451990e-04	4.904780e-05	10	1.071630e-02	9.930500e-04	10	4.838140e-03	4.499140e-04	10	false	GAMG	4.011530e-03	3.446970e-05	5	true
1318          	smoothSolver	5.446750e-04	4.912600e-05	10	1.076640e-02	9.998700e-04	10	4.860170e-03	4.537170e-04	10	false	GAMG	4.014670e-03	3.413600e-05	5	true
1319          	smoothSolver	5.443580e-04	4.923390e-05	10	1.079820e-02	1.006950e-03	10	4.874270e-03	4.576680e-04	10	false	GAMG	4.016060e-03	3.429910e-05	5	true
1320          	smoothSolver	5.447760e-04	4.941900e-05	10	1.081660e-02	1.014380e-03	10	4.886780e-03	4.618060e-04	10	false	GAMG	4.006790e-03	3.463110e-05	5	true
1321          	smoothSolver	5.457810e-04	4.971500e-05	10	1.083850e-02	1.023650e-03	10	4.902320e-03	4.660480e-04	10	false	GAMG	3.988850e-03	3.506420e-05	5	true
1322          	smoothSolver	5.473730e-04	5.009440e-05	10	1.089060e-02	1.035200e-03	10	4.928210e-03	4.704420e-04	10	false	GAMG	3.968480e-03	3.550000e-05	5	true
1323          	smoothSolver	5.490660e-04	5.057840e-05	10	1.096680e-02	1.048920e-03	10	4.963240e-03	4.756970e-04	10	false	GAMG	3.946500e-03	3.590840e-05	5	true
1324          	smoothSolver	5.509650e-04	5.113390e-05	10	1.106850e-02	1.063650e-03	10	5.008770e-03	4.817060e-04	10	false	GAMG	3.914720e-03	3.626930e-05	5	true
1325          	smoothSolver	5.529150e-04	5.169120e-05	10	1.118540e-02	1.078170e-03	10	5.055870e-03	4.879900e-04	10	false	GAMG	3.893610e-03	3.652450e-05	5	true
1326          	smoothSolver	5.544970e-04	5.223210e-05	10	1.129610e-02	1.090510e-03	10	5.100520e-03	4.940230e-04	10	false	GAMG	3.886100e-03	3.656560e-05	5	true
1327          	smoothSolver	5.563640e-04	5.275070e-05	10	1.139630e-02	1.100680e-03	10	5.137510e-03	4.985860e-04	10	false	GAMG	3.880900e-03	3.602770e-05	5	true
1328          	smoothSolver	5.591350e-04	5.323710e-05	10	1.147880e-02	1.110410e-03	10	5.158890e-03	5.016530e-04	10	false	GAMG	3.875110e-03	3.508050e-05	5	true
1329          	smoothSolver	5.623640e-04	5.370960e-05	10	1.155420e-02	1.121610e-03	10	5.160220e-03	5.040430e-04	10	false	GAMG	3.870720e-03	3.432490e-05	5	true
1330          	smoothSolver	5.658300e-04	5.415220e-05	10	1.162370e-02	1.133810e-03	10	5.145780e-03	5.058520e-04	10	false	GAMG	3.880410e-03	3.381660e-05	5	true
1331          	smoothSolver	5.695970e-04	5.456450e-05	10	1.170080e-02	1.145360e-03	10	5.122260e-03	5.057170e-04	10	false	GAMG	3.899130e-03	3.376840e-05	5	true
1332          	smoothSolver	5.733010e-04	5.495650e-05	10	1.178440e-02	1.157600e-03	10	5.093860e-03	5.039080e-04	10	false	GAMG	3.921960e-03	3.411890e-05	5	true
1333          	smoothSolver	5.766110e-04	5.531050e-05	10	1.187390e-02	1.168990e-03	10	5.065500e-03	5.009700e-04	10	false	GAMG	3.940770e-03	3.484960e-05	5	true
1334          	smoothSolver	5.798780e-04	5.559230e-05	10	1.196110e-02	1.178950e-03	10	5.040300e-03	4.973480e-04	10	false	GAMG	3.947770e-03	3.519080e-05	5	true
1335          	smoothSolver	5.833450e-04	5.583720e-05	10	1.205020e-02	1.186130e-03	10	5.021640e-03	4.933940e-04	10	false	GAMG	3.932830e-03	3.474130e-05	5	true
1336          	smoothSolver	5.867050e-04	5.605690e-05	10	1.214110e-02	1.191650e-03	10	5.014350e-03	4.903970e-04	10	false	GAMG	3.909790e-03	3.420480e-05	5	true
1337          	smoothSolver	5.901640e-04	5.619660e-05	10	1.225130e-02	1.196080e-03	10	5.024750e-03	4.888680e-04	10	false	GAMG	3.899260e-03	3.371050e-05	5	true
1338          	smoothSolver	5.937230e-04	5.621650e-05	10	1.237270e-02	1.200440e-03	10	5.044710e-03	4.882440e-04	10	false	GAMG	3.899400e-03	3.371460e-05	5	true
1339          	smoothSolver	5.968830e-04	5.612080e-05	10	1.249330e-02	1.205280e-03	10	5.060710e-03	4.868020e-04	10	false	GAMG	3.908200e-03	3.401600e-05	5	true
1340          	smoothSolver	5.995960e-04	5.598090e-05	10	1.259120e-02	1.210320e-03	10	5.067950e-03	4.846530e-04	10	false	GAMG	3.931530e-03	3.422160e-05	5	true
1341          	smoothSolver	6.024730e-04	5.589840e-05	10	1.267780e-02	1.215470e-03	10	5.065500e-03	4.820040e-04	10	false	GAMG	3.962340e-03	3.432350e-05	5	true
1342          	smoothSolver	6.047560e-04	5.591040e-05	10	1.272850e-02	1.218560e-03	10	5.058950e-03	4.798630e-04	10	false	GAMG	3.986200e-03	3.452660e-05	5	true
1343          	smoothSolver	6.071730e-04	5.601150e-05	10	1.274570e-02	1.218230e-03	10	5.052020e-03	4.791280e-04	10	false	GAMG	4.007210e-03	3.481230e-05	5	true
1344          	smoothSolver	6.098750e-04	5.610670e-05	10	1.273510e-02	1.216700e-03	10	5.053790e-03	4.799560e-04	10	false	GAMG	4.014990e-03	3.496060e-05	5	true
1345          	smoothSolver	6.116290e-04	5.620580e-05	10	1.271390e-02	1.214460e-03	10	5.062000e-03	4.813410e-04	10	false	GAMG	3.999450e-03	3.479870e-05	5	true
1346          	smoothSolver	6.120620e-04	5.631760e-05	10	1.268410e-02	1.211190e-03	10	5.073460e-03	4.827070e-04	10	false	GAMG	3.965070e-03	3.425070e-05	5	true
1347          	smoothSolver	6.113120e-04	5.647650e-05	10	1.263970e-02	1.207530e-03	10	5.082740e-03	4.836660e-04	10	false	GAMG	3.932360e-03	3.366620e-05	5	true
1348          	smoothSolver	6.095410e-04	5.663710e-05	10	1.257040e-02	1.203750e-03	10	5.081400e-03	4.838420e-04	10	false	GAMG	3.910390e-03	3.342010e-05	5	true
1349          	smoothSolver	6.070520e-04	5.676860e-05	10	1.249110e-02	1.199370e-03	10	5.069800e-03	4.834570e-04	10	false	GAMG	3.902810e-03	3.344880e-05	5	true
1350          	smoothSolver	6.044470e-04	5.682640e-05	10	1.240770e-02	1.196140e-03	10	5.043040e-03	4.827590e-04	10	false	GAMG	3.899990e-03	3.367060e-05	5	true
1351          	smoothSolver	6.025070e-04	5.683340e-05	10	1.234850e-02	1.196110e-03	10	5.008110e-03	4.818430e-04	10	false	GAMG	3.896570e-03	3.397800e-05	5	true
1352          	smoothSolver	6.018350e-04	5.684850e-05	10	1.231180e-02	1.198070e-03	10	4.973460e-03	4.804190e-04	10	false	GAMG	3.893230e-03	3.419890e-05	5	true
1353          	smoothSolver	6.024510e-04	5.689820e-05	10	1.229920e-02	1.199690e-03	10	4.944560e-03	4.782960e-04	10	false	GAMG	3.903720e-03	3.446830e-05	5	true
1354          	smoothSolver	6.037660e-04	5.694310e-05	10	1.231230e-02	1.199650e-03	10	4.924970e-03	4.756570e-04	10	false	GAMG	3.917930e-03	3.462120e-05	5	true
1355          	smoothSolver	6.050380e-04	5.697500e-05	10	1.233720e-02	1.196750e-03	10	4.913750e-03	4.726000e-04	10	false	GAMG	3.925360e-03	3.443120e-05	5	true
1356          	smoothSolver	6.056240e-04	5.696500e-05	10	1.237500e-02	1.191140e-03	10	4.912200e-03	4.694090e-04	10	false	GAMG	3.925470e-03	3.396850e-05	5	true
1357          	smoothSolver	6.055560e-04	5.689000e-05	10	1.242920e-02	1.183460e-03	10	4.920850e-03	4.661710e-04	10	false	GAMG	3.928460e-03	3.351240e-05	5	true
1358          	smoothSolver	6.051530e-04	5.679620e-05	10	1.249100e-02	1.175320e-03	10	4.936840e-03	4.633000e-04	10	false	GAMG	3.940130e-03	3.350370e-05	5	true
1359          	smoothSolver	6.050390e-04	5.666050e-05	10	1.255700e-02	1.168740e-03	10	4.955380e-03	4.614030e-04	10	false	GAMG	3.966580e-03	3.397580e-05	5	true
1360          	smoothSolver	6.047480e-04	5.647110e-05	10	1.261500e-02	1.165340e-03	10	4.971290e-03	4.601670e-04	10	false	GAMG	4.004510e-03	3.486820e-05	5	true
1361          	smoothSolver	6.039720e-04	5.622480e-05	10	1.265870e-02	1.163360e-03	10	4.982150e-03	4.595160e-04	10	false	GAMG	4.041850e-03	3.596010e-05	5	true
1362          	smoothSolver	6.031590e-04	5.598010e-05	10	1.266930e-02	1.161090e-03	10	4.980810e-03	4.589230e-04	10	false	GAMG	4.082230e-03	3.707750e-05	5	true
1363          	smoothSolver	6.031820e-04	5.578990e-05	10	1.263910e-02	1.158050e-03	10	4.970570e-03	4.584440e-04	10	false	GAMG	4.127590e-03	3.743160e-05	5	true
1364          	smoothSolver	6.042050e-04	5.569910e-05	10	1.257950e-02	1.154940e-03	10	4.953980e-03	4.581160e-04	10	false	GAMG	4.159120e-03	3.743110e-05	5	true
1365          	smoothSolver	6.059340e-04	5.566620e-05	10	1.249450e-02	1.151980e-03	10	4.935270e-03	4.575670e-04	10	false	GAMG	4.162720e-03	3.737650e-05	5	true
1366          	smoothSolver	6.074420e-04	5.557750e-05	10	1.238180e-02	1.146940e-03	10	4.917890e-03	4.563040e-04	10	false	GAMG	4.160350e-03	3.738240e-05	5	true
1367          	smoothSolver	6.082960e-04	5.543800e-05	10	1.223590e-02	1.137800e-03	10	4.899260e-03	4.545590e-04	10	false	GAMG	4.154850e-03	3.706060e-05	5	true
1368          	smoothSolver	6.082110e-04	5.521980e-05	10	1.205690e-02	1.125560e-03	10	4.875600e-03	4.526500e-04	10	false	GAMG	4.142000e-03	3.631200e-05	5	true
1369          	smoothSolver	6.074780e-04	5.498030e-05	10	1.186790e-02	1.111970e-03	10	4.847360e-03	4.508400e-04	10	false	GAMG	4.126030e-03	3.571750e-05	5	true
1370          	smoothSolver	6.067640e-04	5.480350e-05	10	1.168590e-02	1.098690e-03	10	4.821120e-03	4.497250e-04	10	false	GAMG	4.120510e-03	3.560740e-05	5	true
1371          	smoothSolver	6.057060e-04	5.469360e-05	10	1.152380e-02	1.086960e-03	10	4.804210e-03	4.501600e-04	10	false	GAMG	4.111700e-03	3.586230e-05	5	true
1372          	smoothSolver	6.045310e-04	5.470640e-05	10	1.136660e-02	1.075640e-03	10	4.795750e-03	4.519860e-04	10	false	GAMG	4.106860e-03	3.644150e-05	5	true
1373          	smoothSolver	6.035120e-04	5.485700e-05	10	1.123170e-02	1.064040e-03	10	4.797880e-03	4.541670e-04	10	false	GAMG	4.104940e-03	3.673350e-05	5	true
1374          	smoothSolver	6.030990e-04	5.507260e-05	10	1.112680e-02	1.051930e-03	10	4.806240e-03	4.560710e-04	10	false	GAMG	4.100340e-03	3.676560e-05	5	true
1375          	smoothSolver	6.033380e-04	5.523830e-05	10	1.104060e-02	1.039110e-03	10	4.824460e-03	4.572010e-04	10	false	GAMG	4.084360e-03	3.661010e-05	5	true
1376          	smoothSolver	6.046030e-04	5.532220e-05	10	1.097490e-02	1.025880e-03	10	4.855690e-03	4.577090e-04	10	false	GAMG	4.066320e-03	3.623710e-05	5	true
1377          	smoothSolver	6.061620e-04	5.530470e-05	10	1.093180e-02	1.012360e-03	10	4.896310e-03	4.582190e-04	10	false	GAMG	4.055130e-03	3.579850e-05	5	true
1378          	smoothSolver	6.071370e-04	5.515410e-05	10	1.091720e-02	9.983190e-04	10	4.944460e-03	4.586760e-04	10	false	GAMG	4.060660e-03	3.549360e-05	5	true
1379          	smoothSolver	6.079180e-04	5.489550e-05	10	1.090710e-02	9.842370e-04	10	4.994320e-03	4.587810e-04	10	false	GAMG	4.083620e-03	3.584720e-05	5	true
1380          	smoothSolver	6.091360e-04	5.460170e-05	10	1.089350e-02	9.702410e-04	10	5.048900e-03	4.586160e-04	10	false	GAMG	4.135480e-03	3.716870e-05	5	true
1381          	smoothSolver	6.115310e-04	5.429500e-05	10	1.087910e-02	9.566730e-04	10	5.105910e-03	4.585860e-04	10	false	GAMG	4.214030e-03	3.908570e-05	5	true
1382          	smoothSolver	6.146450e-04	5.399020e-05	10	1.084940e-02	9.434310e-04	10	5.159580e-03	4.590930e-04	10	false	GAMG	4.304510e-03	4.084210e-05	5	true
1383          	smoothSolver	6.173400e-04	5.371880e-05	10	1.078770e-02	9.297630e-04	10	5.201550e-03	4.595640e-04	10	false	GAMG	4.386160e-03	4.157810e-05	5	true
1384          	smoothSolver	6.198260e-04	5.353120e-05	10	1.067930e-02	9.164670e-04	10	5.217110e-03	4.595220e-04	10	false	GAMG	4.440280e-03	4.147020e-05	5	true
1385          	smoothSolver	6.213630e-04	5.338590e-05	10	1.051830e-02	9.038170e-04	10	5.195990e-03	4.584550e-04	10	false	GAMG	4.447940e-03	4.108200e-05	5	true
1386          	smoothSolver	6.220720e-04	5.327420e-05	10	1.030310e-02	8.907840e-04	10	5.135980e-03	4.562760e-04	10	false	GAMG	4.401000e-03	4.078840e-05	5	true
1387          	smoothSolver	6.214080e-04	5.317790e-05	10	1.005860e-02	8.765950e-04	10	5.047330e-03	4.532660e-04	10	false	GAMG	4.331800e-03	4.071070e-05	5	true
1388          	smoothSolver	6.194270e-04	5.308290e-05	10	9.816550e-03	8.617920e-04	10	4.955660e-03	4.496410e-04	10	false	GAMG	4.277890e-03	4.081960e-05	5	true
1389          	smoothSolver	6.163540e-04	5.292800e-05	10	9.611280e-03	8.476910e-04	10	4.879600e-03	4.457340e-04	10	false	GAMG	4.249160e-03	4.107200e-05	5	true
1390          	smoothSolver	6.129040e-04	5.274940e-05	10	9.459470e-03	8.358240e-04	10	4.828740e-03	4.420370e-04	10	false	GAMG	4.248720e-03	4.130880e-05	5	true
1391          	smoothSolver	6.097730e-04	5.258080e-05	10	9.371250e-03	8.267520e-04	10	4.804130e-03	4.392770e-04	10	false	GAMG	4.289080e-03	4.130540e-05	5	true
1392          	smoothSolver	6.066560e-04	5.251370e-05	10	9.332070e-03	8.207240e-04	10	4.801130e-03	4.379660e-04	10	false	GAMG	4.350940e-03	4.119240e-05	5	true
1393          	smoothSolver	6.044100e-04	5.258160e-05	10	9.344290e-03	8.180630e-04	10	4.818920e-03	4.381280e-04	10	false	GAMG	4.417130e-03	4.089860e-05	5	true
1394          	smoothSolver	6.025190e-04	5.276480e-05	10	9.390970e-03	8.181850e-04	10	4.854520e-03	4.396390e-04	10	false	GAMG	4.469470e-03	4.054860e-05	5	true
1395          	smoothSolver	6.014700e-04	5.307810e-05	10	9.464190e-03	8.210630e-04	10	4.904870e-03	4.426230e-04	10	false	GAMG	4.505160e-03	4.044040e-05	5	true
1396          	smoothSolver	6.004530e-04	5.350420e-05	10	9.548230e-03	8.263260e-04	10	4.962090e-03	4.466280e-04	10	false	GAMG	4.528810e-03	4.048730e-05	5	true
1397          	smoothSolver	5.998620e-04	5.396090e-05	10	9.637400e-03	8.342780e-04	10	5.011900e-03	4.508460e-04	10	false	GAMG	4.524600e-03	4.004960e-05	5	true
1398          	smoothSolver	5.997370e-04	5.436800e-05	10	9.710160e-03	8.442220e-04	10	5.044090e-03	4.540540e-04	10	false	GAMG	4.507000e-03	3.939810e-05	5	true
1399          	smoothSolver	5.989610e-04	5.463910e-05	10	9.754410e-03	8.537800e-04	10	5.050190e-03	4.557200e-04	10	false	GAMG	4.476300e-03	3.879690e-05	5	true
1400          	smoothSolver	5.973910e-04	5.473030e-05	10	9.772060e-03	8.621600e-04	10	5.035180e-03	4.564800e-04	10	false	GAMG	4.445360e-03	3.820510e-05	5	true
1401          	smoothSolver	5.952090e-04	5.465990e-05	10	9.759450e-03	8.684700e-04	10	5.008210e-03	4.562460e-04	10	false	GAMG	4.411940e-03	3.727520e-05	5	true
1402          	smoothSolver	5.924410e-04	5.450630e-05	10	9.719710e-03	8.727650e-04	10	4.967890e-03	4.546630e-04	10	false	GAMG	4.373540e-03	3.647560e-05	5	true
1403          	smoothSolver	5.890530e-04	5.432630e-05	10	9.669430e-03	8.774090e-04	10	4.921060e-03	4.523460e-04	10	false	GAMG	4.335770e-03	3.600290e-05	5	true
1404          	smoothSolver	5.855370e-04	5.415610e-05	10	9.617430e-03	8.823720e-04	10	4.873250e-03	4.501420e-04	10	false	GAMG	4.303090e-03	3.625190e-05	5	true
1405          	smoothSolver	5.822890e-04	5.396570e-05	10	9.557370e-03	8.862940e-04	10	4.823990e-03	4.476670e-04	10	false	GAMG	4.272900e-03	3.728030e-05	5	true
1406          	smoothSolver	5.787470e-04	5.371630e-05	10	9.486300e-03	8.866840e-04	10	4.771560e-03	4.444450e-04	10	false	GAMG	4.236880e-03	3.786250e-05	5	true
1407          	smoothSolver	5.749870e-04	5.337560e-05	10	9.388950e-03	8.831330e-04	10	4.721010e-03	4.411830e-04	10	false	GAMG	4.190590e-03	3.736260e-05	5	true
1408          	smoothSolver	5.710680e-04	5.297510e-05	10	9.285990e-03	8.764740e-04	10	4.673850e-03	4.380830e-04	10	false	GAMG	4.139930e-03	3.606370e-05	5	true
1409          	smoothSolver	5.673330e-04	5.253860e-05	10	9.188710e-03	8.692020e-04	10	4.633370e-03	4.348150e-04	10	false	GAMG	4.083950e-03	3.442260e-05	5	true
1410          	smoothSolver	5.635410e-04	5.207210e-05	10	9.109690e-03	8.631170e-04	10	4.597110e-03	4.310270e-04	10	false	GAMG	4.025120e-03	3.289920e-05	5	true
1411          	smoothSolver	5.595520e-04	5.158800e-05	10	9.051700e-03	8.588710e-04	10	4.561420e-03	4.266650e-04	10	false	GAMG	3.962060e-03	3.182400e-05	5	true
1412          	smoothSolver	5.558210e-04	5.116760e-05	10	9.022500e-03	8.565510e-04	10	4.530410e-03	4.228480e-04	10	false	GAMG	3.909970e-03	3.166160e-05	5	true
1413          	smoothSolver	5.525480e-04	5.087190e-05	10	9.009840e-03	8.571510e-04	10	4.504650e-03	4.203830e-04	10	false	GAMG	3.871480e-03	3.293530e-05	5	true
1414          	smoothSolver	5.507000e-04	5.072250e-05	10	9.022800e-03	8.608630e-04	10	4.488310e-03	4.194870e-04	10	false	GAMG	3.853660e-03	3.367020e-05	5	true
1415          	smoothSolver	5.498990e-04	5.069800e-05	10	9.069300e-03	8.673420e-04	10	4.481610e-03	4.199300e-04	10	false	GAMG	3.847750e-03	3.435670e-05	5	true
1416          	smoothSolver	5.502050e-04	5.075860e-05	10	9.131560e-03	8.768810e-04	10	4.482610e-03	4.211890e-04	10	false	GAMG	3.838900e-03	3.504530e-05	5	true
1417          	smoothSolver	5.511520e-04	5.088800e-05	10	9.204770e-03	8.876020e-04	10	4.485100e-03	4.226130e-04	10	false	GAMG	3.830310e-03	3.496370e-05	5	true
1418          	smoothSolver	5.524330e-04	5.105150e-05	10	9.297360e-03	8.972640e-04	10	4.497300e-03	4.241150e-04	10	false	GAMG	3.818200e-03	3.409190e-05	5	true
1419          	smoothSolver	5.536570e-04	5.121020e-05	10	9.412150e-03	9.048510e-04	10	4.518730e-03	4.254520e-04	10	false	GAMG	3.799320e-03	3.293160e-05	5	true
1420          	smoothSolver	5.544570e-04	5.131530e-05	10	9.545730e-03	9.111420e-04	10	4.551240e-03	4.266360e-04	10	false	GAMG	3.781030e-03	3.264540e-05	5	true
1421          	smoothSolver	5.552320e-04	5.132730e-05	10	9.689970e-03	9.166920e-04	10	4.593780e-03	4.281370e-04	10	false	GAMG	3.764930e-03	3.345130e-05	5	true
1422          	smoothSolver	5.562040e-04	5.124390e-05	10	9.838600e-03	9.211120e-04	10	4.645780e-03	4.298480e-04	10	false	GAMG	3.757610e-03	3.516170e-05	5	true
1423          	smoothSolver	5.571490e-04	5.110210e-05	10	9.972960e-03	9.237650e-04	10	4.699490e-03	4.306930e-04	10	false	GAMG	3.769730e-03	3.708790e-05	5	true
1424          	smoothSolver	5.580210e-04	5.092580e-05	10	1.008180e-02	9.239940e-04	10	4.743390e-03	4.302750e-04	10	false	GAMG	3.781000e-03	3.699790e-05	5	true
1425          	smoothSolver	5.586600e-04	5.076400e-05	10	1.015810e-02	9.224920e-04	10	4.765180e-03	4.288370e-04	10	false	GAMG	3.794480e-03	3.624790e-05	5	true
1426          	smoothSolver	5.598770e-04	5.059890e-05	10	1.019670e-02	9.210570e-04	10	4.766140e-03	4.272860e-04	10	false	GAMG	3.805760e-03	3.648510e-05	5	true
1427          	smoothSolver	5.608810e-04	5.043130e-05	10	1.020740e-02	9.195970e-04	10	4.749130e-03	4.261410e-04	10	false	GAMG	3.811490e-03	3.706110e-05	5	true
1428          	smoothSolver	5.611680e-04	5.028280e-05	10	1.018110e-02	9.172230e-04	10	4.718570e-03	4.251940e-04	10	false	GAMG	3.807440e-03	3.721580e-05	5	true
1429          	smoothSolver	5.604760e-04	5.016830e-05	10	1.012530e-02	9.152280e-04	10	4.679580e-03	4.245890e-04	10	false	GAMG	3.801110e-03	3.690020e-05	5	true
1430          	smoothSolver	5.594310e-04	5.011380e-05	10	1.005640e-02	9.149090e-04	10	4.635210e-03	4.242420e-04	10	false	GAMG	3.798710e-03	3.623580e-05	5	true
1431          	smoothSolver	5.586360e-04	5.019770e-05	10	9.979000e-03	9.169230e-04	10	4.589030e-03	4.241060e-04	10	false	GAMG	3.792500e-03	3.539080e-05	5	true
1432          	smoothSolver	5.588220e-04	5.041570e-05	10	9.912080e-03	9.217330e-04	10	4.547110e-03	4.245150e-04	10	false	GAMG	3.790710e-03	3.464270e-05	5	true
1433          	smoothSolver	5.595610e-04	5.071840e-05	10	9.858050e-03	9.279170e-04	10	4.515770e-03	4.254430e-04	10	false	GAMG	3.792640e-03	3.423390e-05	5	true
1434          	smoothSolver	5.602120e-04	5.101880e-05	10	9.822770e-03	9.347670e-04	10	4.489410e-03	4.263920e-04	10	false	GAMG	3.795500e-03	3.440110e-05	5	true
1435          	smoothSolver	5.598130e-04	5.123660e-05	10	9.804960e-03	9.424920e-04	10	4.463790e-03	4.271490e-04	10	false	GAMG	3.792630e-03	3.495970e-05	5	true
1436          	smoothSolver	5.585220e-04	5.140270e-05	10	9.800550e-03	9.508450e-04	10	4.436800e-03	4.272570e-04	10	false	GAMG	3.785260e-03	3.547690e-05	5	true
1437          	smoothSolver	5.570640e-04	5.158580e-05	10	9.815490e-03	9.591050e-04	10	4.409520e-03	4.264970e-04	10	false	GAMG	3.771310e-03	3.538210e-05	5	true
1438          	smoothSolver	5.555040e-04	5.178030e-05	10	9.845360e-03	9.673290e-04	10	4.387320e-03	4.257550e-04	10	false	GAMG	3.751130e-03	3.487060e-05	5	true
1439          	smoothSolver	5.537380e-04	5.196230e-05	10	9.894490e-03	9.753230e-04	10	4.373100e-03	4.254620e-04	10	false	GAMG	3.729530e-03	3.405020e-05	5	true
1440          	smoothSolver	5.521820e-04	5.208360e-05	10	9.946570e-03	9.824280e-04	10	4.363890e-03	4.250750e-04	10	false	GAMG	3.707430e-03	3.320670e-05	5	true
1441          	smoothSolver	5.504230e-04	5.213830e-05	10	9.993870e-03	9.870760e-04	10	4.357910e-03	4.247000e-04	10	false	GAMG	3.692270e-03	3.319450e-05	5	true
1442          	smoothSolver	5.490350e-04	5.213940e-05	10	1.003190e-02	9.892410e-04	10	4.359500e-03	4.247980e-04	10	false	GAMG	3.686610e-03	3.421990e-05	5	true
1443          	smoothSolver	5.479090e-04	5.206620e-05	10	1.005970e-02	9.898010e-04	10	4.364350e-03	4.249060e-04	10	false	GAMG	3.685070e-03	3.446830e-05	5	true
1444          	smoothSolver	5.471880e-04	5.189440e-05	10	1.008120e-02	9.899050e-04	10	4.368720e-03	4.242320e-04	10	false	GAMG	3.683920e-03	3.257960e-05	5	true
1445          	smoothSolver	5.452220e-04	5.153920e-05	10	1.011260e-02	9.900830e-04	10	4.367720e-03	4.224240e-04	10	false	GAMG	3.680120e-03	3.101890e-05	5	true
1446          	smoothSolver	5.421490e-04	5.105480e-05	10	1.014470e-02	9.889480e-04	10	4.355250e-03	4.195550e-04	10	false	GAMG	3.672800e-03	3.008370e-05	5	true
1447          	smoothSolver	5.386350e-04	5.055630e-05	10	1.015520e-02	9.860660e-04	10	4.328040e-03	4.159200e-04	10	false	GAMG	3.660920e-03	2.943530e-05	5	true
1448          	smoothSolver	5.354210e-04	5.008270e-05	10	1.014690e-02	9.809060e-04	10	4.295490e-03	4.117100e-04	10	false	GAMG	3.644800e-03	2.926490e-05	5	true
1449          	smoothSolver	5.327790e-04	4.969220e-05	10	1.013410e-02	9.744390e-04	10	4.264820e-03	4.073940e-04	10	false	GAMG	3.631230e-03	2.964080e-05	5	true
1450          	smoothSolver	5.305060e-04	4.937580e-05	10	1.012210e-02	9.699970e-04	10	4.236530e-03	4.034090e-04	10	false	GAMG	3.625700e-03	2.989690e-05	5	true
1451          	smoothSolver	5.282140e-04	4.909080e-05	10	1.011840e-02	9.685270e-04	10	4.208690e-03	3.997860e-04	10	false	GAMG	3.631360e-03	2.968920e-05	5	true
1452          	smoothSolver	5.262780e-04	4.883100e-05	10	1.012020e-02	9.692850e-04	10	4.176970e-03	3.966390e-04	10	false	GAMG	3.640650e-03	2.945350e-05	5	true
1453          	smoothSolver	5.246840e-04	4.858850e-05	10	1.013190e-02	9.725600e-04	10	4.145310e-03	3.936130e-04	10	false	GAMG	3.648230e-03	2.941030e-05	5	true
1454          	smoothSolver	5.238180e-04	4.843890e-05	10	1.016750e-02	9.777810e-04	10	4.118340e-03	3.910530e-04	10	false	GAMG	3.655530e-03	2.948410e-05	5	true
1455          	smoothSolver	5.240520e-04	4.842590e-05	10	1.022870e-02	9.855300e-04	10	4.100550e-03	3.895160e-04	10	false	GAMG	3.671660e-03	2.995910e-05	5	true
1456          	smoothSolver	5.245820e-04	4.848660e-05	10	1.032090e-02	9.955400e-04	10	4.095850e-03	3.891520e-04	10	false	GAMG	3.688780e-03	3.053780e-05	5	true
1457          	smoothSolver	5.252040e-04	4.853420e-05	10	1.042850e-02	1.006460e-03	10	4.098080e-03	3.896190e-04	10	false	GAMG	3.699200e-03	3.095260e-05	5	true
1458          	smoothSolver	5.251010e-04	4.853040e-05	10	1.054280e-02	1.017030e-03	10	4.102640e-03	3.904990e-04	10	false	GAMG	3.696520e-03	3.104350e-05	5	true
1459          	smoothSolver	5.245710e-04	4.850210e-05	10	1.066100e-02	1.027490e-03	10	4.109470e-03	3.913580e-04	10	false	GAMG	3.684670e-03	3.090510e-05	5	true
1460          	smoothSolver	5.240350e-04	4.849290e-05	10	1.077420e-02	1.038320e-03	10	4.119810e-03	3.922320e-04	10	false	GAMG	3.675850e-03	3.062840e-05	5	true
1461          	smoothSolver	5.238910e-04	4.853800e-05	10	1.088350e-02	1.049740e-03	10	4.137260e-03	3.934360e-04	10	false	GAMG	3.676850e-03	3.090040e-05	5	true
1462          	smoothSolver	5.238820e-04	4.862660e-05	10	1.097810e-02	1.060750e-03	10	4.156800e-03	3.951200e-04	10	false	GAMG	3.688210e-03	3.160170e-05	5	true
1463          	smoothSolver	5.238750e-04	4.873170e-05	10	1.105620e-02	1.070820e-03	10	4.174000e-03	3.970330e-04	10	false	GAMG	3.695970e-03	3.213940e-05	5	true
1464          	smoothSolver	5.239650e-04	4.885230e-05	10	1.110210e-02	1.078660e-03	10	4.183800e-03	3.986780e-04	10	false	GAMG	3.695800e-03	3.182340e-05	5	true
1465          	smoothSolver	5.238610e-04	4.897350e-05	10	1.112300e-02	1.084540e-03	10	4.190120e-03	3.998970e-04	10	false	GAMG	3.683630e-03	3.112550e-05	5	true
1466          	smoothSolver	5.239630e-04	4.907690e-05	10	1.114130e-02	1.088900e-03	10	4.199030e-03	4.012760e-04	10	false	GAMG	3.664760e-03	3.032050e-05	5	true
1467          	smoothSolver	5.240790e-04	4.912080e-05	10	1.116620e-02	1.091350e-03	10	4.208440e-03	4.026010e-04	10	false	GAMG	3.646170e-03	3.006370e-05	5	true
1468          	smoothSolver	5.240190e-04	4.906720e-05	10	1.119300e-02	1.090200e-03	10	4.216760e-03	4.032820e-04	10	false	GAMG	3.637340e-03	3.009910e-05	5	true
1469          	smoothSolver	5.235270e-04	4.894200e-05	10	1.122000e-02	1.085490e-03	10	4.223230e-03	4.030040e-04	10	false	GAMG	3.635300e-03	3.040590e-05	5	true
1470          	smoothSolver	5.229120e-04	4.874280e-05	10	1.125140e-02	1.079130e-03	10	4.224340e-03	4.012590e-04	10	false	GAMG	3.634060e-03	3.071250e-05	5	true
1471          	smoothSolver	5.224940e-04	4.850230e-05	10	1.129410e-02	1.072720e-03	10	4.221030e-03	3.981980e-04	10	false	GAMG	3.649100e-03	3.054010e-05	5	true
1472          	smoothSolver	5.223760e-04	4.823140e-05	10	1.133650e-02	1.066960e-03	10	4.218300e-03	3.947610e-04	10	false	GAMG	3.668360e-03	3.033530e-05	5	true
1473          	smoothSolver	5.223810e-04	4.796480e-05	10	1.137620e-02	1.061800e-03	10	4.213010e-03	3.911930e-04	10	false	GAMG	3.699190e-03	3.027650e-05	5	true
1474          	smoothSolver	5.228600e-04	4.771450e-05	10	1.141340e-02	1.057480e-03	10	4.203930e-03	3.876300e-04	10	false	GAMG	3.734600e-03	3.026540e-05	5	true
1475          	smoothSolver	5.239810e-04	4.749780e-05	10	1.139140e-02	1.048910e-03	10	4.189500e-03	3.841960e-04	10	false	GAMG	3.772380e-03	3.054650e-05	5	true
1476          	smoothSolver	5.251420e-04	4.729890e-05	10	1.134840e-02	1.038580e-03	10	4.174750e-03	3.808280e-04	10	false	GAMG	3.807760e-03	3.084350e-05	5	true
1477          	smoothSolver	5.268720e-04	4.713020e-05	10	1.129450e-02	1.028450e-03	10	4.161390e-03	3.777320e-04	10	false	GAMG	3.838220e-03	3.091730e-05	5	true
1478          	smoothSolver	5.293990e-04	4.702030e-05	10	1.124410e-02	1.021240e-03	10	4.148870e-03	3.754490e-04	10	false	GAMG	3.871100e-03	3.107910e-05	5	true
1479          	smoothSolver	5.323050e-04	4.692640e-05	10	1.118180e-02	1.017590e-03	10	4.135990e-03	3.738720e-04	10	false	GAMG	3.896880e-03	3.137210e-05	5	true
1480          	smoothSolver	5.344730e-04	4.681770e-05	10	1.112730e-02	1.016740e-03	10	4.118560e-03	3.727910e-04	10	false	GAMG	3.925390e-03	3.183840e-05	5	true
1481          	smoothSolver	5.362260e-04	4.670870e-05	10	1.108590e-02	1.018630e-03	10	4.098630e-03	3.721960e-04	10	false	GAMG	3.953420e-03	3.238130e-05	5	true
1482          	smoothSolver	5.378750e-04	4.662120e-05	10	1.107550e-02	1.022610e-03	10	4.093690e-03	3.719580e-04	10	false	GAMG	3.985510e-03	3.286330e-05	5	true
1483          	smoothSolver	5.387740e-04	4.657640e-05	10	1.110110e-02	1.028480e-03	10	4.098380e-03	3.724250e-04	10	false	GAMG	4.021570e-03	3.323940e-05	5	true
1484          	smoothSolver	5.388560e-04	4.655090e-05	10	1.117780e-02	1.036400e-03	10	4.116010e-03	3.735790e-04	10	false	GAMG	4.055520e-03	3.357970e-05	5	true
1485          	smoothSolver	5.382580e-04	4.655370e-05	10	1.129350e-02	1.046140e-03	10	4.141040e-03	3.752550e-04	10	false	GAMG	4.083880e-03	3.389500e-05	5	true
1486          	smoothSolver	5.368130e-04	4.659530e-05	10	1.143620e-02	1.056290e-03	10	4.174150e-03	3.773030e-04	10	false	GAMG	4.102090e-03	3.400830e-05	5	true
1487          	smoothSolver	5.348050e-04	4.668400e-05	10	1.157930e-02	1.066380e-03	10	4.210930e-03	3.794490e-04	10	false	GAMG	4.107010e-03	3.396750e-05	5	true
1488          	smoothSolver	5.323950e-04	4.684840e-05	10	1.172650e-02	1.075910e-03	10	4.249850e-03	3.816950e-04	10	false	GAMG	4.098980e-03	3.385840e-05	5	true
1489          	smoothSolver	5.302680e-04	4.711400e-05	10	1.187010e-02	1.085040e-03	10	4.293190e-03	3.841490e-04	10	false	GAMG	4.087130e-03	3.403750e-05	5	true
1490          	smoothSolver	5.286080e-04	4.742600e-05	10	1.201580e-02	1.094570e-03	10	4.341370e-03	3.872210e-04	10	false	GAMG	4.074470e-03	3.472650e-05	5	true
1491          	smoothSolver	5.277680e-04	4.774120e-05	10	1.215930e-02	1.104070e-03	10	4.388720e-03	3.907120e-04	10	false	GAMG	4.062760e-03	3.567990e-05	5	true
1492          	smoothSolver	5.277760e-04	4.805940e-05	10	1.229540e-02	1.113330e-03	10	4.438270e-03	3.947150e-04	10	false	GAMG	4.040490e-03	3.639380e-05	5	true
1493          	smoothSolver	5.287880e-04	4.836340e-05	10	1.238150e-02	1.118760e-03	10	4.485520e-03	3.989880e-04	10	false	GAMG	4.007800e-03	3.639070e-05	5	true
1494          	smoothSolver	5.311200e-04	4.864800e-05	10	1.241720e-02	1.119530e-03	10	4.529060e-03	4.030370e-04	10	false	GAMG	3.983800e-03	3.598880e-05	5	true
1495          	smoothSolver	5.346540e-04	4.891010e-05	10	1.243020e-02	1.117920e-03	10	4.572940e-03	4.065940e-04	10	false	GAMG	3.974540e-03	3.557950e-05	5	true
1496          	smoothSolver	5.391080e-04	4.914460e-05	10	1.242400e-02	1.113260e-03	10	4.613930e-03	4.093860e-04	10	false	GAMG	3.978360e-03	3.522490e-05	5	true
1497          	smoothSolver	5.440620e-04	4.935230e-05	10	1.239630e-02	1.105390e-03	10	4.649780e-03	4.114700e-04	10	false	GAMG	3.991680e-03	3.531560e-05	5	true
1498          	smoothSolver	5.492150e-04	4.951190e-05	10	1.234330e-02	1.094780e-03	10	4.685780e-03	4.130700e-04	10	false	GAMG	4.017670e-03	3.651140e-05	5	true
1499          	smoothSolver	5.544260e-04	4.964140e-05	10	1.226990e-02	1.081880e-03	10	4.719450e-03	4.143170e-04	10	false	GAMG	4.056830e-03	3.766920e-05	5	true
1500          	smoothSolver	5.597540e-04	4.974950e-05	10	1.217470e-02	1.067700e-03	10	4.753550e-03	4.156220e-04	10	false	GAMG	4.101080e-03	3.756900e-05	5	true
