# Solver information
# Time        	U_solver      	Ux_initial    	Ux_final      	Ux_iters      	Uy_initial    	Uy_final      	Uy_iters      	Uz_initial    	Uz_final      	Uz_iters      	U_converged   	p_solver      	p_initial     	p_final       	p_iters       	p_converged   
1             	smoothSolver	3.793370e-02	3.236050e-03	9	2.236900e-01	1.780520e-02	9	2.439830e-01	1.921440e-02	8	false	GAMG	1.000000e+00	9.896780e-03	9	true
2             	smoothSolver	2.278880e-02	1.988030e-03	8	1.394090e-01	1.127870e-02	8	1.366780e-01	1.115500e-02	8	false	GAMG	6.680820e-02	6.057770e-04	7	true
3             	smoothSolver	1.398400e-02	1.209290e-03	8	1.029330e-01	7.940080e-03	8	1.037060e-01	8.339820e-03	8	false	GAMG	4.749120e-02	3.477790e-04	7	true
4             	smoothSolver	1.000430e-02	8.386130e-04	8	8.098030e-02	8.006980e-03	7	8.361260e-02	6.640090e-03	8	false	GAMG	3.960550e-02	3.529510e-04	6	true
5             	smoothSolver	7.785040e-03	6.691920e-04	8	6.940430e-02	5.514320e-03	8	7.136720e-02	5.700700e-03	8	false	GAMG	3.367560e-02	2.361540e-04	7	true
6             	smoothSolver	6.391630e-03	5.750240e-04	8	6.251120e-02	5.267710e-03	8	6.484110e-02	5.341310e-03	8	false	GAMG	3.016520e-02	1.975090e-04	7	true
7             	smoothSolver	5.432250e-03	5.114050e-04	8	5.707150e-02	5.106900e-03	8	6.035300e-02	5.201970e-03	8	false	GAMG	2.713090e-02	2.300990e-04	6	true
8             	smoothSolver	4.784390e-03	4.653210e-04	8	5.218880e-02	4.940840e-03	8	5.683630e-02	5.134220e-03	8	false	GAMG	2.474980e-02	1.949380e-04	6	true
9             	smoothSolver	4.299660e-03	3.416390e-04	9	4.833800e-02	4.782030e-03	8	5.329970e-02	5.006120e-03	8	false	GAMG	2.294440e-02	1.637970e-04	6	true
10            	smoothSolver	3.946510e-03	3.232210e-04	9	4.552380e-02	3.665970e-03	9	4.836520e-02	4.686280e-03	8	false	GAMG	2.135620e-02	1.619100e-04	6	true
11            	smoothSolver	3.684110e-03	3.094770e-04	9	4.308380e-02	3.540340e-03	9	4.381350e-02	4.368060e-03	8	false	GAMG	2.012280e-02	1.540510e-04	6	true
12            	smoothSolver	3.464820e-03	2.976560e-04	9	4.103140e-02	3.438710e-03	9	3.970160e-02	3.158910e-03	9	false	GAMG	1.912560e-02	1.264380e-04	6	true
13            	smoothSolver	3.306550e-03	2.888980e-04	9	3.923420e-02	3.360180e-03	9	3.593860e-02	2.890000e-03	9	false	GAMG	1.828760e-02	1.763360e-04	5	true
14            	smoothSolver	3.182760e-03	2.827400e-04	9	3.761500e-02	3.292140e-03	9	3.276090e-02	2.671260e-03	9	false	GAMG	1.777000e-02	1.032970e-04	6	true
15            	smoothSolver	3.094830e-03	2.791660e-04	9	3.639280e-02	3.244200e-03	9	3.030940e-02	2.515210e-03	9	false	GAMG	1.716160e-02	1.608910e-04	5	true
16            	smoothSolver	3.020920e-03	2.768970e-04	9	3.542870e-02	3.221990e-03	9	2.832070e-02	2.398360e-03	9	false	GAMG	1.677570e-02	1.662090e-04	5	true
17            	smoothSolver	2.965970e-03	2.762520e-04	9	3.464480e-02	3.211240e-03	9	2.676080e-02	2.319940e-03	9	false	GAMG	1.628170e-02	1.614600e-04	5	true
18            	smoothSolver	2.915540e-03	2.761370e-04	9	3.402250e-02	3.202610e-03	9	2.557200e-02	2.274090e-03	9	false	GAMG	1.588370e-02	1.569980e-04	5	true
19            	smoothSolver	2.864620e-03	2.751290e-04	9	3.344420e-02	3.192100e-03	9	2.469610e-02	2.247970e-03	9	false	GAMG	1.557790e-02	1.536770e-04	5	true
20            	smoothSolver	2.817580e-03	2.745600e-04	9	3.293390e-02	3.184690e-03	9	2.404530e-02	2.231000e-03	9	false	GAMG	1.537630e-02	1.513640e-04	5	true
21            	smoothSolver	2.775720e-03	2.748490e-04	9	3.251100e-02	3.183010e-03	9	2.350970e-02	2.214840e-03	9	false	GAMG	1.520110e-02	1.511860e-04	5	true
22            	smoothSolver	2.741380e-03	2.178740e-04	10	3.219740e-02	3.187950e-03	9	2.304150e-02	2.195650e-03	9	false	GAMG	1.503640e-02	9.711750e-05	6	true
23            	smoothSolver	2.718510e-03	2.177910e-04	10	3.211900e-02	3.210700e-03	9	2.272930e-02	2.184510e-03	9	false	GAMG	1.495040e-02	1.388680e-04	5	true
24            	smoothSolver	2.695520e-03	2.181840e-04	10	3.202270e-02	2.557430e-03	10	2.239880e-02	2.162870e-03	9	false	GAMG	1.497950e-02	1.482140e-04	5	true
25            	smoothSolver	2.695620e-03	2.184340e-04	10	3.194720e-02	2.562730e-03	10	2.226980e-02	2.155200e-03	9	false	GAMG	1.499930e-02	1.458600e-04	5	true
26            	smoothSolver	2.705710e-03	2.181170e-04	10	3.202080e-02	2.579460e-03	10	2.214190e-02	2.145900e-03	9	false	GAMG	1.496990e-02	1.421300e-04	5	true
27            	smoothSolver	2.726190e-03	2.181600e-04	10	3.224320e-02	2.605800e-03	10	2.207150e-02	2.140670e-03	9	false	GAMG	1.488970e-02	1.387190e-04	5	true
28            	smoothSolver	2.749790e-03	2.191270e-04	10	3.252710e-02	2.634150e-03	10	2.212810e-02	2.147380e-03	9	false	GAMG	1.479880e-02	1.380070e-04	5	true
29            	smoothSolver	2.769660e-03	2.199660e-04	10	3.277790e-02	2.660720e-03	10	2.227220e-02	2.160090e-03	9	false	GAMG	1.463360e-02	1.401720e-04	5	true
30            	smoothSolver	2.780640e-03	2.201570e-04	10	3.290970e-02	2.679300e-03	10	2.248050e-02	2.174820e-03	9	false	GAMG	1.451640e-02	1.435090e-04	5	true
31            	smoothSolver	2.787850e-03	2.201470e-04	10	3.298550e-02	2.689660e-03	10	2.278710e-02	2.205280e-03	9	false	GAMG	1.450230e-02	8.396680e-05	6	true
32            	smoothSolver	2.797580e-03	2.206090e-04	10	3.311660e-02	2.700010e-03	10	2.332190e-02	2.262550e-03	9	false	GAMG	1.458080e-02	1.423920e-04	5	true
33            	smoothSolver	2.817200e-03	2.796890e-04	9	3.320630e-02	2.700120e-03	10	2.396000e-02	2.327070e-03	9	false	GAMG	1.477340e-02	8.951550e-05	6	true
34            	smoothSolver	2.846290e-03	2.795740e-04	9	3.328630e-02	2.684570e-03	10	2.470600e-02	2.391400e-03	9	false	GAMG	1.505380e-02	8.387840e-05	6	true
35            	smoothSolver	2.867880e-03	2.779900e-04	9	3.331220e-02	2.655970e-03	10	2.546600e-02	2.447690e-03	9	false	GAMG	1.537900e-02	1.535260e-04	5	true
36            	smoothSolver	2.879940e-03	2.747130e-04	9	3.325270e-02	3.318170e-03	9	2.623020e-02	2.492090e-03	9	false	GAMG	1.565940e-02	8.581390e-05	6	true
37            	smoothSolver	2.883850e-03	2.691010e-04	9	3.332630e-02	3.277210e-03	9	2.697250e-02	2.522730e-03	9	false	GAMG	1.604940e-02	1.572400e-04	5	true
38            	smoothSolver	2.901870e-03	2.632300e-04	9	3.353560e-02	3.235990e-03	9	2.763150e-02	2.535360e-03	9	false	GAMG	1.647250e-02	9.064090e-05	6	true
39            	smoothSolver	2.930430e-03	2.578700e-04	9	3.399860e-02	3.191320e-03	9	2.839950e-02	2.540060e-03	9	false	GAMG	1.703600e-02	1.667820e-04	5	true
40            	smoothSolver	2.973830e-03	2.549870e-04	9	3.460780e-02	3.146340e-03	9	2.910530e-02	2.527340e-03	9	false	GAMG	1.787030e-02	1.759270e-04	5	true
41            	smoothSolver	3.018730e-03	2.538400e-04	9	3.522170e-02	3.100510e-03	9	2.982910e-02	2.512670e-03	9	false	GAMG	1.887690e-02	1.738210e-04	5	true
42            	smoothSolver	3.057300e-03	2.539420e-04	9	3.559350e-02	3.048810e-03	9	3.039960e-02	2.497090e-03	9	false	GAMG	1.980660e-02	1.686060e-04	5	true
43            	smoothSolver	3.057470e-03	2.542280e-04	9	3.562220e-02	2.989770e-03	9	3.071580e-02	2.481700e-03	9	false	GAMG	2.051480e-02	1.636100e-04	5	true
44            	smoothSolver	3.021460e-03	2.533340e-04	9	3.505330e-02	2.935580e-03	9	3.058130e-02	2.475300e-03	9	false	GAMG	2.068360e-02	1.602090e-04	5	true
45            	smoothSolver	2.947970e-03	2.505800e-04	9	3.425720e-02	2.902970e-03	9	3.011610e-02	2.479150e-03	9	false	GAMG	2.013530e-02	1.569010e-04	5	true
46            	smoothSolver	2.870610e-03	2.467690e-04	9	3.364900e-02	2.890550e-03	9	2.959290e-02	2.481480e-03	9	false	GAMG	1.920990e-02	1.529500e-04	5	true
47            	smoothSolver	2.802140e-03	2.431170e-04	9	3.314570e-02	2.893320e-03	9	2.910310e-02	2.475340e-03	9	false	GAMG	1.839140e-02	1.476000e-04	5	true
48            	smoothSolver	2.725530e-03	2.400790e-04	9	3.272750e-02	2.897680e-03	9	2.870310e-02	2.469280e-03	9	false	GAMG	1.761250e-02	1.414540e-04	5	true
49            	smoothSolver	2.648110e-03	2.375300e-04	9	3.229870e-02	2.904650e-03	9	2.837310e-02	2.476770e-03	9	false	GAMG	1.698880e-02	1.355580e-04	5	true
50            	smoothSolver	2.585120e-03	2.357520e-04	9	3.191580e-02	2.917930e-03	9	2.818470e-02	2.500460e-03	9	false	GAMG	1.647580e-02	1.308950e-04	5	true
51            	smoothSolver	2.525780e-03	2.350010e-04	9	3.165400e-02	2.940570e-03	9	2.820970e-02	2.543960e-03	9	false	GAMG	1.603470e-02	1.274270e-04	5	true
52            	smoothSolver	2.469800e-03	2.349100e-04	9	3.145260e-02	2.977230e-03	9	2.833720e-02	2.607520e-03	9	false	GAMG	1.571420e-02	1.243880e-04	5	true
53            	smoothSolver	2.424910e-03	2.348830e-04	9	3.119330e-02	3.022980e-03	9	2.852930e-02	2.685990e-03	9	false	GAMG	1.542770e-02	1.221240e-04	5	true
54            	smoothSolver	2.388550e-03	2.349760e-04	9	3.096320e-02	3.067090e-03	9	2.873640e-02	2.767660e-03	9	false	GAMG	1.510890e-02	1.203720e-04	5	true
55            	smoothSolver	2.360270e-03	2.356810e-04	9	3.082730e-02	2.457830e-03	10	2.903820e-02	2.845400e-03	9	false	GAMG	1.478740e-02	1.181660e-04	5	true
56            	smoothSolver	2.341740e-03	1.878300e-04	10	3.065040e-02	2.469830e-03	10	2.942780e-02	2.925580e-03	9	false	GAMG	1.443970e-02	1.163680e-04	5	true
57            	smoothSolver	2.319060e-03	1.888780e-04	10	3.065320e-02	2.500400e-03	10	2.983160e-02	2.380140e-03	10	false	GAMG	1.418050e-02	1.171440e-04	5	true
58            	smoothSolver	2.304070e-03	1.901870e-04	10	3.066070e-02	2.539550e-03	10	2.988790e-02	2.422680e-03	10	false	GAMG	1.388720e-02	1.148040e-04	5	true
59            	smoothSolver	2.291370e-03	1.914660e-04	10	3.066770e-02	2.581750e-03	10	2.994690e-02	2.470970e-03	10	false	GAMG	1.362400e-02	1.142990e-04	5	true
60            	smoothSolver	2.281510e-03	1.928090e-04	10	3.070720e-02	2.625790e-03	10	3.010200e-02	2.529750e-03	10	false	GAMG	1.345270e-02	1.145490e-04	5	true
61            	smoothSolver	2.279780e-03	1.946770e-04	10	3.082880e-02	2.674100e-03	10	3.036440e-02	2.596470e-03	10	false	GAMG	1.329220e-02	1.142440e-04	5	true
62            	smoothSolver	2.285420e-03	1.969870e-04	10	3.106840e-02	2.727130e-03	10	3.072770e-02	2.666950e-03	10	false	GAMG	1.316570e-02	1.142000e-04	5	true
63            	smoothSolver	2.294880e-03	1.996840e-04	10	3.143670e-02	2.778760e-03	10	3.116360e-02	2.735110e-03	10	false	GAMG	1.313300e-02	1.145390e-04	5	true
64            	smoothSolver	2.308760e-03	2.025970e-04	10	3.195170e-02	2.833360e-03	10	3.165950e-02	2.799470e-03	10	false	GAMG	1.319830e-02	1.156710e-04	5	true
65            	smoothSolver	2.327680e-03	2.051030e-04	10	3.261520e-02	2.889730e-03	10	3.225460e-02	2.855600e-03	10	false	GAMG	1.332470e-02	1.176180e-04	5	true
66            	smoothSolver	2.349750e-03	2.067520e-04	10	3.342790e-02	2.950030e-03	10	3.288670e-02	2.901220e-03	10	false	GAMG	1.350200e-02	1.201100e-04	5	true
67            	smoothSolver	2.376190e-03	2.075750e-04	10	3.433780e-02	3.007380e-03	10	3.343600e-02	2.929510e-03	10	false	GAMG	1.372900e-02	1.230980e-04	5	true
68            	smoothSolver	2.404730e-03	2.085270e-04	10	3.521170e-02	3.058900e-03	10	3.387780e-02	2.942980e-03	10	false	GAMG	1.401530e-02	1.267200e-04	5	true
69            	smoothSolver	2.434600e-03	2.100610e-04	10	3.597740e-02	3.105800e-03	10	3.423740e-02	2.949500e-03	10	false	GAMG	1.433020e-02	1.300530e-04	5	true
70            	smoothSolver	2.461920e-03	2.118410e-04	10	3.662980e-02	3.154570e-03	10	3.455030e-02	2.952570e-03	10	false	GAMG	1.469220e-02	1.329860e-04	5	true
71            	smoothSolver	2.483540e-03	2.132600e-04	10	3.722430e-02	3.201980e-03	10	3.475310e-02	2.954820e-03	10	false	GAMG	1.512520e-02	1.353710e-04	5	true
72            	smoothSolver	2.500640e-03	2.147160e-04	10	3.781200e-02	3.243980e-03	10	3.484350e-02	2.953620e-03	10	false	GAMG	1.559830e-02	1.372190e-04	5	true
73            	smoothSolver	2.515480e-03	2.162760e-04	10	3.841090e-02	3.283710e-03	10	3.484350e-02	2.952840e-03	10	false	GAMG	1.602580e-02	1.383860e-04	5	true
74            	smoothSolver	2.529260e-03	2.177270e-04	10	3.892110e-02	3.320700e-03	10	3.473030e-02	2.945430e-03	10	false	GAMG	1.637070e-02	1.384470e-04	5	true
75            	smoothSolver	2.541210e-03	2.188940e-04	10	3.936970e-02	3.354090e-03	10	3.450240e-02	2.922740e-03	10	false	GAMG	1.665250e-02	1.376420e-04	5	true
76            	smoothSolver	2.549200e-03	2.199790e-04	10	3.975770e-02	3.384540e-03	10	3.420710e-02	2.895050e-03	10	false	GAMG	1.684160e-02	1.362920e-04	5	true
77            	smoothSolver	2.551790e-03	2.210810e-04	10	4.006900e-02	3.409980e-03	10	3.391690e-02	2.868950e-03	10	false	GAMG	1.694500e-02	1.347740e-04	5	true
78            	smoothSolver	2.552750e-03	2.219260e-04	10	4.033350e-02	3.435160e-03	10	3.361570e-02	2.840460e-03	10	false	GAMG	1.697740e-02	1.334830e-04	5	true
79            	smoothSolver	2.556460e-03	2.224940e-04	10	4.062840e-02	3.459680e-03	10	3.329090e-02	2.811890e-03	10	false	GAMG	1.693810e-02	1.328010e-04	5	true
80            	smoothSolver	2.565960e-03	2.230580e-04	10	4.097030e-02	3.486590e-03	10	3.297150e-02	2.788620e-03	10	false	GAMG	1.688000e-02	1.317800e-04	5	true
81            	smoothSolver	2.580610e-03	2.237290e-04	10	4.140330e-02	3.525200e-03	10	3.265190e-02	2.766650e-03	10	false	GAMG	1.680810e-02	1.296210e-04	5	true
82            	smoothSolver	2.598120e-03	2.244550e-04	10	4.190280e-02	3.565670e-03	10	3.234290e-02	2.736060e-03	10	false	GAMG	1.680370e-02	1.270850e-04	5	true
83            	smoothSolver	2.613320e-03	2.252590e-04	10	4.244350e-02	3.594770e-03	10	3.200990e-02	2.700610e-03	10	false	GAMG	1.700270e-02	1.243200e-04	5	true
84            	smoothSolver	2.625410e-03	2.260390e-04	10	4.286320e-02	3.609690e-03	10	3.171070e-02	2.655770e-03	10	false	GAMG	1.729590e-02	1.215080e-04	5	true
85            	smoothSolver	2.635980e-03	2.264190e-04	10	4.320100e-02	3.614550e-03	10	3.130850e-02	2.597970e-03	10	false	GAMG	1.759480e-02	1.191950e-04	5	true
86            	smoothSolver	2.639030e-03	2.262830e-04	10	4.343440e-02	3.611650e-03	10	3.083160e-02	2.530990e-03	10	false	GAMG	1.779130e-02	1.184850e-04	5	true
87            	smoothSolver	2.632770e-03	2.259040e-04	10	4.338790e-02	3.602960e-03	10	3.032230e-02	2.466600e-03	10	false	GAMG	1.793380e-02	1.191990e-04	5	true
88            	smoothSolver	2.626300e-03	2.252780e-04	10	4.317620e-02	3.587720e-03	10	2.976000e-02	2.409720e-03	10	false	GAMG	1.803210e-02	1.209840e-04	5	true
89            	smoothSolver	2.616970e-03	2.241820e-04	10	4.290610e-02	3.571510e-03	10	2.918980e-02	2.364620e-03	10	false	GAMG	1.791250e-02	1.233390e-04	5	true
90            	smoothSolver	2.603870e-03	2.226840e-04	10	4.266580e-02	3.560560e-03	10	2.866480e-02	2.328630e-03	10	false	GAMG	1.765590e-02	1.248210e-04	5	true
91            	smoothSolver	2.589510e-03	2.210340e-04	10	4.254010e-02	3.556270e-03	10	2.824850e-02	2.307240e-03	10	false	GAMG	1.736620e-02	1.253950e-04	5	true
92            	smoothSolver	2.570470e-03	2.190680e-04	10	4.252460e-02	3.564240e-03	10	2.795050e-02	2.301640e-03	10	false	GAMG	1.708620e-02	1.261520e-04	5	true
93            	smoothSolver	2.545360e-03	2.173750e-04	10	4.226620e-02	3.556570e-03	10	2.779360e-02	2.304140e-03	10	false	GAMG	1.697840e-02	1.258560e-04	5	true
94            	smoothSolver	2.527420e-03	2.162550e-04	10	4.152570e-02	3.514760e-03	10	2.781490e-02	2.314240e-03	10	false	GAMG	1.693650e-02	1.254590e-04	5	true
95            	smoothSolver	2.515080e-03	2.152420e-04	10	4.073520e-02	3.453390e-03	10	2.794040e-02	2.334190e-03	10	false	GAMG	1.682620e-02	1.235290e-04	5	true
96            	smoothSolver	2.497880e-03	2.139490e-04	10	3.971260e-02	3.369110e-03	10	2.813700e-02	2.361500e-03	10	false	GAMG	1.658610e-02	1.208650e-04	5	true
97            	smoothSolver	2.476080e-03	2.121280e-04	10	3.840500e-02	3.260710e-03	10	2.827510e-02	2.390380e-03	10	false	GAMG	1.634580e-02	1.177660e-04	5	true
98            	smoothSolver	2.455570e-03	2.098790e-04	10	3.680160e-02	3.136330e-03	10	2.826640e-02	2.414490e-03	10	false	GAMG	1.616140e-02	1.162080e-04	5	true
99            	smoothSolver	2.435790e-03	2.074840e-04	10	3.527510e-02	3.010700e-03	10	2.820900e-02	2.424810e-03	10	false	GAMG	1.602130e-02	1.173850e-04	5	true
100           	smoothSolver	2.414320e-03	2.047870e-04	10	3.406420e-02	2.900170e-03	10	2.816040e-02	2.424680e-03	10	false	GAMG	1.599420e-02	1.210540e-04	5	true
101           	smoothSolver	2.397290e-03	2.019100e-04	10	3.322130e-02	2.804480e-03	10	2.808520e-02	2.413800e-03	10	false	GAMG	1.608100e-02	1.252660e-04	5	true
102           	smoothSolver	2.381260e-03	1.990520e-04	10	3.259510e-02	2.725090e-03	10	2.792550e-02	2.391470e-03	10	false	GAMG	1.632550e-02	1.279000e-04	5	true
103           	smoothSolver	2.366590e-03	1.966100e-04	10	3.219930e-02	2.663400e-03	10	2.770590e-02	2.359080e-03	10	false	GAMG	1.659550e-02	1.295290e-04	5	true
104           	smoothSolver	2.351200e-03	1.946530e-04	10	3.198820e-02	2.619540e-03	10	2.740650e-02	2.319550e-03	10	false	GAMG	1.671680e-02	1.301830e-04	5	true
105           	smoothSolver	2.333030e-03	1.930320e-04	10	3.188060e-02	2.585690e-03	10	2.705080e-02	2.276960e-03	10	false	GAMG	1.654470e-02	1.291440e-04	5	true
106           	smoothSolver	2.316180e-03	1.919300e-04	10	3.182990e-02	2.564970e-03	10	2.667170e-02	2.233290e-03	10	false	GAMG	1.612080e-02	1.273750e-04	5	true
107           	smoothSolver	2.301820e-03	1.910210e-04	10	3.180440e-02	2.563830e-03	10	2.633290e-02	2.194960e-03	10	false	GAMG	1.564950e-02	1.246640e-04	5	true
108           	smoothSolver	2.286580e-03	1.900550e-04	10	3.182640e-02	2.581020e-03	10	2.600830e-02	2.165070e-03	10	false	GAMG	1.526280e-02	1.214230e-04	5	true
109           	smoothSolver	2.269470e-03	1.888370e-04	10	3.183500e-02	2.613990e-03	10	2.569590e-02	2.143380e-03	10	false	GAMG	1.503450e-02	1.186400e-04	5	true
110           	smoothSolver	2.250580e-03	1.872800e-04	10	3.193880e-02	2.660020e-03	10	2.542060e-02	2.128180e-03	10	false	GAMG	1.491450e-02	1.171130e-04	5	true
111           	smoothSolver	2.233640e-03	1.856930e-04	10	3.224850e-02	2.716380e-03	10	2.527070e-02	2.115920e-03	10	false	GAMG	1.484450e-02	1.166240e-04	5	true
112           	smoothSolver	2.220030e-03	1.842810e-04	10	3.282770e-02	2.776660e-03	10	2.523080e-02	2.105020e-03	10	false	GAMG	1.476590e-02	1.171500e-04	5	true
113           	smoothSolver	2.212290e-03	1.831910e-04	10	3.366130e-02	2.832880e-03	10	2.525940e-02	2.093450e-03	10	false	GAMG	1.476700e-02	1.182180e-04	5	true
114           	smoothSolver	2.209300e-03	1.824700e-04	10	3.481900e-02	2.881970e-03	10	2.544360e-02	2.080270e-03	10	false	GAMG	1.488970e-02	1.189920e-04	5	true
115           	smoothSolver	2.217740e-03	1.821430e-04	10	3.620240e-02	2.925170e-03	10	2.569660e-02	2.067230e-03	10	false	GAMG	1.507150e-02	1.190640e-04	5	true
116           	smoothSolver	2.228810e-03	1.821270e-04	10	3.773410e-02	3.744740e-03	9	2.601510e-02	2.593660e-03	9	false	GAMG	1.519490e-02	1.165180e-04	5	true
117           	smoothSolver	2.228870e-03	1.816260e-04	10	3.920400e-02	3.803940e-03	9	2.635810e-02	2.586250e-03	9	false	GAMG	1.549890e-02	1.160200e-04	5	true
118           	smoothSolver	2.220230e-03	1.811190e-04	10	3.995320e-02	3.810270e-03	9	2.655250e-02	2.575020e-03	9	false	GAMG	1.582030e-02	1.149200e-04	5	true
119           	smoothSolver	2.203500e-03	1.804170e-04	10	3.941450e-02	3.722920e-03	9	2.657670e-02	2.564100e-03	9	false	GAMG	1.602450e-02	1.121250e-04	5	true
120           	smoothSolver	2.179530e-03	1.792820e-04	10	3.826900e-02	3.617730e-03	9	2.639730e-02	2.551790e-03	9	false	GAMG	1.602030e-02	1.098720e-04	5	true
121           	smoothSolver	2.159520e-03	1.779860e-04	10	3.673810e-02	3.510010e-03	9	2.602170e-02	2.537850e-03	9	false	GAMG	1.585140e-02	1.098420e-04	5	true
122           	smoothSolver	2.141680e-03	1.769790e-04	10	3.506920e-02	3.403990e-03	9	2.553440e-02	2.523120e-03	9	false	GAMG	1.566130e-02	1.108640e-04	5	true
123           	smoothSolver	2.124810e-03	1.763200e-04	10	3.345180e-02	3.301600e-03	9	2.499710e-02	1.992440e-03	10	false	GAMG	1.557120e-02	1.128920e-04	5	true
124           	smoothSolver	2.115940e-03	1.760190e-04	10	3.210590e-02	2.549490e-03	10	2.443070e-02	1.970530e-03	10	false	GAMG	1.557060e-02	1.131600e-04	5	true
125           	smoothSolver	2.119400e-03	1.759140e-04	10	3.077160e-02	2.459220e-03	10	2.408820e-02	1.959680e-03	10	false	GAMG	1.561170e-02	1.135770e-04	5	true
126           	smoothSolver	2.119250e-03	1.756090e-04	10	2.968530e-02	2.379960e-03	10	2.378240e-02	1.948090e-03	10	false	GAMG	1.589150e-02	1.131190e-04	5	true
127           	smoothSolver	2.112410e-03	1.751720e-04	10	2.880320e-02	2.309560e-03	10	2.354140e-02	1.934400e-03	10	false	GAMG	1.601780e-02	1.114420e-04	5	true
128           	smoothSolver	2.099080e-03	1.745120e-04	10	2.810730e-02	2.245860e-03	10	2.332120e-02	1.917400e-03	10	false	GAMG	1.597260e-02	1.079680e-04	5	true
129           	smoothSolver	2.089340e-03	1.736340e-04	10	2.755100e-02	2.189690e-03	10	2.310980e-02	1.900300e-03	10	false	GAMG	1.577530e-02	1.036020e-04	5	true
130           	smoothSolver	2.082550e-03	1.727630e-04	10	2.713300e-02	2.699950e-03	9	2.288290e-02	1.879320e-03	10	false	GAMG	1.515730e-02	9.811850e-05	5	true
131           	smoothSolver	2.068090e-03	1.716730e-04	10	2.690660e-02	2.668930e-03	9	2.264440e-02	1.848530e-03	10	false	GAMG	1.452000e-02	9.552620e-05	5	true
132           	smoothSolver	2.046800e-03	1.704430e-04	10	2.662970e-02	2.638180e-03	9	2.244080e-02	1.815380e-03	10	false	GAMG	1.420240e-02	9.431500e-05	5	true
133           	smoothSolver	2.021560e-03	1.688870e-04	10	2.628710e-02	2.609640e-03	9	2.214140e-02	1.783030e-03	10	false	GAMG	1.428210e-02	9.206450e-05	5	true
134           	smoothSolver	1.992860e-03	1.670610e-04	10	2.596190e-02	2.585590e-03	9	2.174380e-02	1.752670e-03	10	false	GAMG	1.443880e-02	8.898100e-05	5	true
135           	smoothSolver	1.962990e-03	1.651660e-04	10	2.569080e-02	2.568470e-03	9	2.132150e-02	1.725830e-03	10	false	GAMG	1.445160e-02	8.665070e-05	5	true
136           	smoothSolver	1.936920e-03	1.632980e-04	10	2.548180e-02	2.032330e-03	10	2.092410e-02	1.704930e-03	10	false	GAMG	1.427880e-02	8.548880e-05	5	true
137           	smoothSolver	1.916760e-03	1.619920e-04	10	2.527590e-02	2.023120e-03	10	2.067950e-02	1.695280e-03	10	false	GAMG	1.389770e-02	8.552550e-05	5	true
138           	smoothSolver	1.897740e-03	1.609220e-04	10	2.530190e-02	2.028860e-03	10	2.052250e-02	1.687540e-03	10	false	GAMG	1.370540e-02	8.659550e-05	5	true
139           	smoothSolver	1.878790e-03	1.601230e-04	10	2.540990e-02	2.045940e-03	10	2.039800e-02	1.680780e-03	10	false	GAMG	1.363710e-02	8.631580e-05	5	true
140           	smoothSolver	1.861580e-03	1.594910e-04	10	2.557120e-02	2.070670e-03	10	2.030190e-02	1.677280e-03	10	false	GAMG	1.351880e-02	8.500530e-05	5	true
141           	smoothSolver	1.843050e-03	1.588720e-04	10	2.578610e-02	2.100660e-03	10	2.022260e-02	1.675810e-03	10	false	GAMG	1.334730e-02	8.540410e-05	5	true
142           	smoothSolver	1.827060e-03	1.581570e-04	10	2.600900e-02	2.131110e-03	10	2.011970e-02	1.675780e-03	10	false	GAMG	1.316650e-02	8.687270e-05	5	true
143           	smoothSolver	1.814330e-03	1.571340e-04	10	2.621960e-02	2.158100e-03	10	1.996620e-02	1.675620e-03	10	false	GAMG	1.296580e-02	8.907580e-05	5	true
144           	smoothSolver	1.801960e-03	1.559280e-04	10	2.634590e-02	2.182820e-03	10	1.976140e-02	1.673710e-03	10	false	GAMG	1.281920e-02	9.196670e-05	5	true
145           	smoothSolver	1.788910e-03	1.547300e-04	10	2.647040e-02	2.208300e-03	10	1.953300e-02	1.668650e-03	10	false	GAMG	1.263200e-02	9.292090e-05	5	true
146           	smoothSolver	1.774870e-03	1.535290e-04	10	2.656660e-02	2.237680e-03	10	1.926090e-02	1.661290e-03	10	false	GAMG	1.239080e-02	9.220120e-05	5	true
147           	smoothSolver	1.761450e-03	1.523800e-04	10	2.669080e-02	2.270610e-03	10	1.896810e-02	1.653180e-03	10	false	GAMG	1.217850e-02	9.034770e-05	5	true
148           	smoothSolver	1.748640e-03	1.513950e-04	10	2.679120e-02	2.305130e-03	10	1.867170e-02	1.646200e-03	10	false	GAMG	1.194160e-02	8.855390e-05	5	true
149           	smoothSolver	1.736940e-03	1.506910e-04	10	2.684760e-02	2.339880e-03	10	1.839190e-02	1.642430e-03	10	false	GAMG	1.175300e-02	8.664330e-05	5	true
150           	smoothSolver	1.728550e-03	1.502270e-04	10	2.694300e-02	2.374760e-03	10	1.814570e-02	1.641700e-03	10	false	GAMG	1.156490e-02	8.560490e-05	5	true
151           	smoothSolver	1.722140e-03	1.498390e-04	10	2.706690e-02	2.409420e-03	10	1.794790e-02	1.644410e-03	10	false	GAMG	1.139270e-02	8.527220e-05	5	true
152           	smoothSolver	1.715510e-03	1.494120e-04	10	2.724210e-02	2.446390e-03	10	1.781040e-02	1.649980e-03	10	false	GAMG	1.118500e-02	8.579660e-05	5	true
153           	smoothSolver	1.708980e-03	1.490620e-04	10	2.746760e-02	2.488060e-03	10	1.771910e-02	1.655290e-03	10	false	GAMG	1.093930e-02	8.739850e-05	5	true
154           	smoothSolver	1.705010e-03	1.489970e-04	10	2.773180e-02	2.532220e-03	10	1.765610e-02	1.659410e-03	10	false	GAMG	1.069200e-02	8.858880e-05	5	true
155           	smoothSolver	1.704550e-03	1.493640e-04	10	2.804730e-02	2.578370e-03	10	1.762830e-02	1.661570e-03	10	false	GAMG	1.047590e-02	9.013860e-05	5	true
156           	smoothSolver	1.706120e-03	1.500190e-04	10	2.844550e-02	2.625390e-03	10	1.762100e-02	1.662360e-03	10	false	GAMG	1.033410e-02	8.950550e-05	5	true
157           	smoothSolver	1.709330e-03	1.507870e-04	10	2.888920e-02	2.669560e-03	10	1.763370e-02	1.662700e-03	10	false	GAMG	1.028890e-02	8.832690e-05	5	true
158           	smoothSolver	1.712100e-03	1.514380e-04	10	2.930480e-02	2.707740e-03	10	1.765250e-02	1.662510e-03	10	false	GAMG	1.023350e-02	8.577980e-05	5	true
159           	smoothSolver	1.712080e-03	1.519170e-04	10	2.967010e-02	2.737900e-03	10	1.765890e-02	1.660940e-03	10	false	GAMG	1.017210e-02	8.444970e-05	5	true
160           	smoothSolver	1.709200e-03	1.523070e-04	10	2.994720e-02	2.757660e-03	10	1.767730e-02	1.659510e-03	10	false	GAMG	1.010880e-02	8.318480e-05	5	true
161           	smoothSolver	1.704400e-03	1.527130e-04	10	3.003160e-02	2.756850e-03	10	1.769780e-02	1.659290e-03	10	false	GAMG	1.003920e-02	8.204770e-05	5	true
162           	smoothSolver	1.699350e-03	1.530090e-04	10	2.989800e-02	2.739140e-03	10	1.772850e-02	1.659300e-03	10	false	GAMG	9.957960e-03	8.176300e-05	5	true
163           	smoothSolver	1.693990e-03	1.530320e-04	10	2.969450e-02	2.715910e-03	10	1.774910e-02	1.659070e-03	10	false	GAMG	9.896320e-03	8.311180e-05	5	true
164           	smoothSolver	1.690750e-03	1.528030e-04	10	2.950830e-02	2.693390e-03	10	1.775820e-02	1.659460e-03	10	false	GAMG	9.845240e-03	8.485350e-05	5	true
165           	smoothSolver	1.686000e-03	1.524850e-04	10	2.936740e-02	2.675180e-03	10	1.777450e-02	1.658380e-03	10	false	GAMG	9.866880e-03	8.653750e-05	5	true
166           	smoothSolver	1.685780e-03	1.521370e-04	10	2.924700e-02	2.661440e-03	10	1.777710e-02	1.655400e-03	10	false	GAMG	9.972800e-03	8.870570e-05	5	true
167           	smoothSolver	1.687950e-03	1.518790e-04	10	2.913950e-02	2.652270e-03	10	1.775710e-02	1.649910e-03	10	false	GAMG	1.009160e-02	9.080160e-05	5	true
168           	smoothSolver	1.690430e-03	1.518600e-04	10	2.906570e-02	2.649630e-03	10	1.768670e-02	1.641910e-03	10	false	GAMG	1.020230e-02	9.093580e-05	5	true
169           	smoothSolver	1.694220e-03	1.521060e-04	10	2.904200e-02	2.653590e-03	10	1.753310e-02	1.630230e-03	10	false	GAMG	1.022850e-02	8.788650e-05	5	true
170           	smoothSolver	1.695580e-03	1.525340e-04	10	2.903400e-02	2.663930e-03	10	1.733090e-02	1.616780e-03	10	false	GAMG	1.019220e-02	8.350470e-05	5	true
171           	smoothSolver	1.697250e-03	1.529680e-04	10	2.899850e-02	2.678160e-03	10	1.712440e-02	1.603730e-03	10	false	GAMG	1.008290e-02	8.047100e-05	5	true
172           	smoothSolver	1.696160e-03	1.533280e-04	10	2.893760e-02	2.693390e-03	10	1.696170e-02	1.594850e-03	10	false	GAMG	1.000660e-02	7.873230e-05	5	true
173           	smoothSolver	1.691120e-03	1.536080e-04	10	2.885990e-02	2.705690e-03	10	1.682920e-02	1.588220e-03	10	false	GAMG	9.958470e-03	7.785250e-05	5	true
174           	smoothSolver	1.683130e-03	1.538780e-04	10	2.875880e-02	2.712210e-03	10	1.671920e-02	1.582630e-03	10	false	GAMG	9.926380e-03	7.769330e-05	5	true
175           	smoothSolver	1.674730e-03	1.540900e-04	10	2.870500e-02	2.713310e-03	10	1.664660e-02	1.576850e-03	10	false	GAMG	9.875240e-03	7.819210e-05	5	true
176           	smoothSolver	1.668340e-03	1.540420e-04	10	2.880010e-02	2.712710e-03	10	1.661160e-02	1.571330e-03	10	false	GAMG	9.847330e-03	7.914330e-05	5	true
177           	smoothSolver	1.666830e-03	1.535690e-04	10	2.902500e-02	2.711770e-03	10	1.664380e-02	1.565540e-03	10	false	GAMG	9.887270e-03	7.931160e-05	5	true
178           	smoothSolver	1.669520e-03	1.528050e-04	10	2.936470e-02	2.715870e-03	10	1.673020e-02	1.560130e-03	10	false	GAMG	9.977800e-03	8.004360e-05	5	true
179           	smoothSolver	1.676250e-03	1.519260e-04	10	2.978420e-02	2.725890e-03	10	1.685630e-02	1.554880e-03	10	false	GAMG	1.009460e-02	8.105550e-05	5	true
180           	smoothSolver	1.687020e-03	1.510590e-04	10	3.025930e-02	2.738660e-03	10	1.700270e-02	1.548930e-03	10	false	GAMG	1.019550e-02	8.117320e-05	5	true
181           	smoothSolver	1.699370e-03	1.503330e-04	10	3.075540e-02	2.750990e-03	10	1.713330e-02	1.541140e-03	10	false	GAMG	1.025510e-02	8.097560e-05	5	true
182           	smoothSolver	1.712010e-03	1.498570e-04	10	3.114670e-02	2.759240e-03	10	1.717920e-02	1.533060e-03	10	false	GAMG	1.030560e-02	8.092390e-05	5	true
183           	smoothSolver	1.719550e-03	1.495430e-04	10	3.124980e-02	2.751970e-03	10	1.715850e-02	1.525800e-03	10	false	GAMG	1.032070e-02	8.012730e-05	5	true
184           	smoothSolver	1.722120e-03	1.492710e-04	10	3.116350e-02	2.737790e-03	10	1.707970e-02	1.520740e-03	10	false	GAMG	1.028380e-02	7.893740e-05	5	true
185           	smoothSolver	1.715300e-03	1.488790e-04	10	3.097300e-02	2.725620e-03	10	1.695980e-02	1.517900e-03	10	false	GAMG	1.015890e-02	7.716300e-05	5	true
186           	smoothSolver	1.701270e-03	1.483730e-04	10	3.068030e-02	2.717230e-03	10	1.678780e-02	1.515180e-03	10	false	GAMG	1.001330e-02	7.487770e-05	5	true
187           	smoothSolver	1.684990e-03	1.477440e-04	10	3.034280e-02	2.710370e-03	10	1.656900e-02	1.511550e-03	10	false	GAMG	9.900320e-03	7.451930e-05	5	true
188           	smoothSolver	1.665520e-03	1.471110e-04	10	2.999350e-02	2.702380e-03	10	1.636680e-02	1.506350e-03	10	false	GAMG	9.817640e-03	7.733390e-05	5	true
189           	smoothSolver	1.648580e-03	1.463990e-04	10	2.973110e-02	2.691300e-03	10	1.616490e-02	1.499420e-03	10	false	GAMG	9.731920e-03	8.168630e-05	5	true
190           	smoothSolver	1.636100e-03	1.455510e-04	10	2.958000e-02	2.677270e-03	10	1.602030e-02	1.490680e-03	10	false	GAMG	9.651960e-03	8.621430e-05	5	true
191           	smoothSolver	1.626140e-03	1.444790e-04	10	2.946660e-02	2.661210e-03	10	1.587780e-02	1.478410e-03	10	false	GAMG	9.606790e-03	8.907620e-05	5	true
192           	smoothSolver	1.617780e-03	1.431980e-04	10	2.936180e-02	2.642120e-03	10	1.572330e-02	1.462560e-03	10	false	GAMG	9.541840e-03	8.924420e-05	5	true
193           	smoothSolver	1.608070e-03	1.418220e-04	10	2.926240e-02	2.621930e-03	10	1.553960e-02	1.441800e-03	10	false	GAMG	9.496450e-03	8.810270e-05	5	true
194           	smoothSolver	1.598040e-03	1.404320e-04	10	2.914670e-02	2.600270e-03	10	1.534910e-02	1.416160e-03	10	false	GAMG	9.465410e-03	8.619880e-05	5	true
195           	smoothSolver	1.586950e-03	1.392310e-04	10	2.900450e-02	2.577660e-03	10	1.513830e-02	1.388210e-03	10	false	GAMG	9.498200e-03	8.414750e-05	5	true
196           	smoothSolver	1.575480e-03	1.381910e-04	10	2.885930e-02	2.555860e-03	10	1.491900e-02	1.361240e-03	10	false	GAMG	9.533670e-03	8.216010e-05	5	true
197           	smoothSolver	1.562850e-03	1.371480e-04	10	2.870660e-02	2.535590e-03	10	1.469750e-02	1.338170e-03	10	false	GAMG	9.531410e-03	7.926800e-05	5	true
198           	smoothSolver	1.550220e-03	1.361090e-04	10	2.848030e-02	2.516290e-03	10	1.446890e-02	1.318680e-03	10	false	GAMG	9.508560e-03	7.630500e-05	5	true
199           	smoothSolver	1.536260e-03	1.350400e-04	10	2.819340e-02	2.497800e-03	10	1.422540e-02	1.301420e-03	10	false	GAMG	9.453510e-03	7.457040e-05	5	true
200           	smoothSolver	1.520740e-03	1.339000e-04	10	2.783430e-02	2.479850e-03	10	1.399020e-02	1.286020e-03	10	false	GAMG	9.360910e-03	7.356040e-05	5	true
201           	smoothSolver	1.504600e-03	1.328010e-04	10	2.744550e-02	2.461670e-03	10	1.376510e-02	1.272030e-03	10	false	GAMG	9.242360e-03	7.246450e-05	5	true
202           	smoothSolver	1.487890e-03	1.318960e-04	10	2.703450e-02	2.444450e-03	10	1.356340e-02	1.260230e-03	10	false	GAMG	9.138370e-03	6.997470e-05	5	true
203           	smoothSolver	1.472600e-03	1.312200e-04	10	2.661150e-02	2.431090e-03	10	1.337710e-02	1.251340e-03	10	false	GAMG	9.048630e-03	6.741180e-05	5	true
204           	smoothSolver	1.458280e-03	1.308810e-04	10	2.619100e-02	2.420080e-03	10	1.319830e-02	1.243470e-03	10	false	GAMG	8.965050e-03	6.511210e-05	5	true
205           	smoothSolver	1.445050e-03	1.308570e-04	10	2.578270e-02	2.409090e-03	10	1.302860e-02	1.236010e-03	10	false	GAMG	8.826290e-03	6.409050e-05	5	true
206           	smoothSolver	1.432960e-03	1.309770e-04	10	2.542060e-02	2.395590e-03	10	1.287930e-02	1.230010e-03	10	false	GAMG	8.622170e-03	6.358130e-05	5	true
207           	smoothSolver	1.421530e-03	1.310960e-04	10	2.508670e-02	2.379500e-03	10	1.275010e-02	1.225570e-03	10	false	GAMG	8.401850e-03	6.377030e-05	5	true
208           	smoothSolver	1.411260e-03	1.310950e-04	10	2.476870e-02	2.361720e-03	10	1.265970e-02	1.222190e-03	10	false	GAMG	8.197060e-03	6.410500e-05	5	true
209           	smoothSolver	1.401200e-03	1.310120e-04	10	2.448530e-02	2.343940e-03	10	1.260000e-02	1.219910e-03	10	false	GAMG	8.026650e-03	6.457470e-05	5	true
210           	smoothSolver	1.393520e-03	1.308930e-04	10	2.426710e-02	2.326990e-03	10	1.256970e-02	1.219100e-03	10	false	GAMG	7.882950e-03	6.507190e-05	5	true
211           	smoothSolver	1.388390e-03	1.307180e-04	10	2.408120e-02	2.309930e-03	10	1.255540e-02	1.219490e-03	10	false	GAMG	7.787130e-03	6.574860e-05	5	true
212           	smoothSolver	1.385620e-03	1.305460e-04	10	2.389700e-02	2.291120e-03	10	1.255730e-02	1.220760e-03	10	false	GAMG	7.736790e-03	6.607500e-05	5	true
213           	smoothSolver	1.384050e-03	1.303820e-04	10	2.372530e-02	2.271050e-03	10	1.258390e-02	1.222490e-03	10	false	GAMG	7.689330e-03	6.595860e-05	5	true
214           	smoothSolver	1.384180e-03	1.302930e-04	10	2.356570e-02	2.249950e-03	10	1.262980e-02	1.225580e-03	10	false	GAMG	7.656210e-03	6.564770e-05	5	true
215           	smoothSolver	1.386760e-03	1.303900e-04	10	2.340610e-02	2.228380e-03	10	1.268980e-02	1.229540e-03	10	false	GAMG	7.638540e-03	6.558590e-05	5	true
216           	smoothSolver	1.391910e-03	1.306910e-04	10	2.325110e-02	2.207130e-03	10	1.276700e-02	1.235010e-03	10	false	GAMG	7.635960e-03	6.611790e-05	5	true
217           	smoothSolver	1.399730e-03	1.310910e-04	10	2.309270e-02	2.186120e-03	10	1.287610e-02	1.242710e-03	10	false	GAMG	7.659200e-03	6.712590e-05	5	true
218           	smoothSolver	1.408900e-03	1.313830e-04	10	2.292980e-02	2.164130e-03	10	1.301470e-02	1.253650e-03	10	false	GAMG	7.744600e-03	6.864700e-05	5	true
219           	smoothSolver	1.416920e-03	1.315100e-04	10	2.275490e-02	2.140680e-03	10	1.317770e-02	1.266120e-03	10	false	GAMG	7.879220e-03	6.932580e-05	5	true
220           	smoothSolver	1.423330e-03	1.314540e-04	10	2.259680e-02	2.117630e-03	10	1.334430e-02	1.278920e-03	10	false	GAMG	8.020130e-03	6.938420e-05	5	true
221           	smoothSolver	1.429010e-03	1.313120e-04	10	2.247000e-02	2.099010e-03	10	1.350670e-02	1.290430e-03	10	false	GAMG	8.149900e-03	6.907920e-05	5	true
222           	smoothSolver	1.433630e-03	1.310870e-04	10	2.241100e-02	2.085180e-03	10	1.366860e-02	1.300450e-03	10	false	GAMG	8.262390e-03	6.889770e-05	5	true
223           	smoothSolver	1.437700e-03	1.307310e-04	10	2.240320e-02	2.072690e-03	10	1.381800e-02	1.307440e-03	10	false	GAMG	8.334050e-03	6.909720e-05	5	true
224           	smoothSolver	1.441170e-03	1.301940e-04	10	2.244020e-02	2.060700e-03	10	1.393210e-02	1.311750e-03	10	false	GAMG	8.399080e-03	7.035520e-05	5	true
225           	smoothSolver	1.445710e-03	1.296020e-04	10	2.251310e-02	2.051720e-03	10	1.405950e-02	1.313880e-03	10	false	GAMG	8.561440e-03	7.238190e-05	5	true
226           	smoothSolver	1.452140e-03	1.290010e-04	10	2.266550e-02	2.049560e-03	10	1.419810e-02	1.314570e-03	10	false	GAMG	8.783150e-03	7.465390e-05	5	true
227           	smoothSolver	1.461590e-03	1.282960e-04	10	2.291440e-02	2.055800e-03	10	1.435440e-02	1.313650e-03	10	false	GAMG	9.041890e-03	7.696570e-05	5	true
228           	smoothSolver	1.471980e-03	1.274780e-04	10	2.324650e-02	2.067880e-03	10	1.449840e-02	1.310420e-03	10	false	GAMG	9.251320e-03	7.832480e-05	5	true
229           	smoothSolver	1.480990e-03	1.266750e-04	10	2.360620e-02	2.083410e-03	10	1.459600e-02	1.303910e-03	10	false	GAMG	9.364970e-03	7.868050e-05	5	true
230           	smoothSolver	1.487610e-03	1.258490e-04	10	2.395390e-02	2.099720e-03	10	1.463750e-02	1.295050e-03	10	false	GAMG	9.404670e-03	7.884010e-05	5	true
231           	smoothSolver	1.493710e-03	1.249390e-04	10	2.425010e-02	2.113390e-03	10	1.461460e-02	1.284150e-03	10	false	GAMG	9.402660e-03	7.842270e-05	5	true
232           	smoothSolver	1.498190e-03	1.239500e-04	10	2.443400e-02	2.121990e-03	10	1.453170e-02	1.272870e-03	10	false	GAMG	9.387870e-03	7.863320e-05	5	true
233           	smoothSolver	1.498090e-03	1.229340e-04	10	2.448390e-02	2.125980e-03	10	1.438660e-02	1.261180e-03	10	false	GAMG	9.329320e-03	7.725210e-05	5	true
234           	smoothSolver	1.493380e-03	1.219580e-04	10	2.441060e-02	2.125910e-03	10	1.418070e-02	1.249790e-03	10	false	GAMG	9.232310e-03	7.557930e-05	5	true
235           	smoothSolver	1.482770e-03	1.210120e-04	10	2.420620e-02	2.119470e-03	10	1.395720e-02	1.239560e-03	10	false	GAMG	9.061340e-03	7.385100e-05	5	true
236           	smoothSolver	1.466310e-03	1.201620e-04	10	2.385240e-02	2.101020e-03	10	1.374480e-02	1.231330e-03	10	false	GAMG	8.838240e-03	7.201600e-05	5	true
237           	smoothSolver	1.446560e-03	1.193960e-04	10	2.338680e-02	2.074050e-03	10	1.357110e-02	1.225130e-03	10	false	GAMG	8.614360e-03	7.000940e-05	5	true
238           	smoothSolver	1.424300e-03	1.187220e-04	10	2.292470e-02	2.047790e-03	10	1.343690e-02	1.220990e-03	10	false	GAMG	8.447930e-03	6.867860e-05	5	true
239           	smoothSolver	1.399840e-03	1.180380e-04	10	2.251390e-02	2.024230e-03	10	1.333600e-02	1.217520e-03	10	false	GAMG	8.335080e-03	6.786010e-05	5	true
240           	smoothSolver	1.375570e-03	1.172390e-04	10	2.218780e-02	2.004290e-03	10	1.326950e-02	1.213590e-03	10	false	GAMG	8.284680e-03	6.782700e-05	5	true
241           	smoothSolver	1.353520e-03	1.163360e-04	10	2.195780e-02	1.987070e-03	10	1.320910e-02	1.208460e-03	10	false	GAMG	8.280670e-03	6.834430e-05	5	true
242           	smoothSolver	1.334250e-03	1.153560e-04	10	2.181190e-02	1.971560e-03	10	1.315810e-02	1.201890e-03	10	false	GAMG	8.317620e-03	6.844690e-05	5	true
243           	smoothSolver	1.315480e-03	1.143310e-04	10	2.173690e-02	1.955770e-03	10	1.309380e-02	1.193290e-03	10	false	GAMG	8.354760e-03	6.769310e-05	5	true
244           	smoothSolver	1.297930e-03	1.132190e-04	10	2.168930e-02	1.940410e-03	10	1.302440e-02	1.183360e-03	10	false	GAMG	8.441580e-03	6.672530e-05	5	true
245           	smoothSolver	1.282920e-03	1.120040e-04	10	2.166580e-02	1.925190e-03	10	1.295520e-02	1.172290e-03	10	false	GAMG	8.559770e-03	6.549360e-05	5	true
246           	smoothSolver	1.269460e-03	1.107990e-04	10	2.162990e-02	1.909480e-03	10	1.287070e-02	1.159620e-03	10	false	GAMG	8.709330e-03	6.465120e-05	5	true
247           	smoothSolver	1.257350e-03	1.095670e-04	10	2.156560e-02	1.894310e-03	10	1.275260e-02	1.145240e-03	10	false	GAMG	8.846290e-03	6.455560e-05	5	true
248           	smoothSolver	1.245300e-03	1.083150e-04	10	2.145270e-02	1.879230e-03	10	1.261520e-02	1.129680e-03	10	false	GAMG	8.919620e-03	6.467320e-05	5	true
249           	smoothSolver	1.233230e-03	1.070800e-04	10	2.128520e-02	1.863600e-03	10	1.246840e-02	1.112120e-03	10	false	GAMG	8.899090e-03	6.452450e-05	5	true
250           	smoothSolver	1.221020e-03	1.059020e-04	10	2.110170e-02	1.848760e-03	10	1.231850e-02	1.094000e-03	10	false	GAMG	8.778010e-03	6.429590e-05	5	true
251           	smoothSolver	1.209310e-03	1.047770e-04	10	2.094260e-02	1.836300e-03	10	1.214670e-02	1.076410e-03	10	false	GAMG	8.659310e-03	6.416170e-05	5	true
252           	smoothSolver	1.198160e-03	1.037590e-04	10	2.077670e-02	1.825910e-03	10	1.196880e-02	1.059600e-03	10	false	GAMG	8.553660e-03	6.371340e-05	5	true
253           	smoothSolver	1.186830e-03	1.028540e-04	10	2.060540e-02	1.814870e-03	10	1.178420e-02	1.043230e-03	10	false	GAMG	8.463670e-03	6.318210e-05	5	true
254           	smoothSolver	1.175400e-03	1.019810e-04	10	2.040870e-02	1.801400e-03	10	1.160140e-02	1.027200e-03	10	false	GAMG	8.371890e-03	6.277320e-05	5	true
255           	smoothSolver	1.163730e-03	1.011250e-04	10	2.019860e-02	1.785570e-03	10	1.141470e-02	1.011570e-03	10	false	GAMG	8.259710e-03	6.216330e-05	5	true
256           	smoothSolver	1.152990e-03	1.002920e-04	10	1.998420e-02	1.767690e-03	10	1.122880e-02	9.975710e-04	10	false	GAMG	8.139650e-03	6.118990e-05	5	true
257           	smoothSolver	1.143330e-03	9.956520e-05	10	1.975950e-02	1.750300e-03	10	1.106110e-02	9.854310e-04	10	false	GAMG	7.999580e-03	5.974570e-05	5	true
258           	smoothSolver	1.135170e-03	9.893370e-05	10	1.955060e-02	1.735030e-03	10	1.092700e-02	9.748730e-04	10	false	GAMG	7.857870e-03	5.827710e-05	5	true
259           	smoothSolver	1.127980e-03	9.836090e-05	10	1.935980e-02	1.722330e-03	10	1.081640e-02	9.647710e-04	10	false	GAMG	7.738870e-03	5.735140e-05	5	true
260           	smoothSolver	1.120890e-03	9.776060e-05	10	1.919770e-02	1.711270e-03	10	1.072000e-02	9.550240e-04	10	false	GAMG	7.655300e-03	5.673940e-05	5	true
261           	smoothSolver	1.114800e-03	9.709680e-05	10	1.904930e-02	1.700810e-03	10	1.062700e-02	9.469390e-04	10	false	GAMG	7.598370e-03	5.657300e-05	5	true
262           	smoothSolver	1.109330e-03	9.639050e-05	10	1.892110e-02	1.691220e-03	10	1.054830e-02	9.408650e-04	10	false	GAMG	7.578500e-03	5.655170e-05	5	true
263           	smoothSolver	1.103980e-03	9.561830e-05	10	1.880860e-02	1.682240e-03	10	1.047870e-02	9.350110e-04	10	false	GAMG	7.587160e-03	5.677170e-05	5	true
264           	smoothSolver	1.098640e-03	9.478100e-05	10	1.870850e-02	1.672950e-03	10	1.042450e-02	9.285780e-04	10	false	GAMG	7.615250e-03	5.703910e-05	5	true
265           	smoothSolver	1.092550e-03	9.394230e-05	10	1.860830e-02	1.664010e-03	10	1.036220e-02	9.216480e-04	10	false	GAMG	7.657500e-03	5.731100e-05	5	true
266           	smoothSolver	1.085460e-03	9.319610e-05	10	1.848990e-02	1.654890e-03	10	1.028610e-02	9.140880e-04	10	false	GAMG	7.666340e-03	5.732690e-05	5	true
267           	smoothSolver	1.077030e-03	9.252850e-05	10	1.834860e-02	1.644350e-03	10	1.020170e-02	9.050300e-04	10	false	GAMG	7.637640e-03	5.698380e-05	5	true
268           	smoothSolver	1.066580e-03	9.182430e-05	10	1.818430e-02	1.630790e-03	10	1.011870e-02	8.948140e-04	10	false	GAMG	7.583860e-03	5.642640e-05	5	true
269           	smoothSolver	1.055430e-03	9.105860e-05	10	1.800060e-02	1.614500e-03	10	1.001930e-02	8.829740e-04	10	false	GAMG	7.500380e-03	5.633750e-05	5	true
270           	smoothSolver	1.043610e-03	9.018750e-05	10	1.781290e-02	1.598040e-03	10	9.910920e-03	8.713400e-04	10	false	GAMG	7.366100e-03	5.651160e-05	5	true
271           	smoothSolver	1.031160e-03	8.922360e-05	10	1.763220e-02	1.583350e-03	10	9.791390e-03	8.605480e-04	10	false	GAMG	7.216910e-03	5.680710e-05	5	true
272           	smoothSolver	1.019020e-03	8.824280e-05	10	1.746320e-02	1.571410e-03	10	9.663360e-03	8.512450e-04	10	false	GAMG	7.056340e-03	5.644750e-05	5	true
273           	smoothSolver	1.007040e-03	8.731340e-05	10	1.726470e-02	1.559780e-03	10	9.521760e-03	8.431300e-04	10	false	GAMG	6.913530e-03	5.572270e-05	5	true
274           	smoothSolver	9.947460e-04	8.655980e-05	10	1.703660e-02	1.547370e-03	10	9.367110e-03	8.359180e-04	10	false	GAMG	6.784950e-03	5.461310e-05	5	true
275           	smoothSolver	9.830180e-04	8.600850e-05	10	1.680320e-02	1.536370e-03	10	9.215980e-03	8.296680e-04	10	false	GAMG	6.662650e-03	5.364680e-05	5	true
276           	smoothSolver	9.723590e-04	8.565000e-05	10	1.658030e-02	1.527100e-03	10	9.080620e-03	8.245660e-04	10	false	GAMG	6.528760e-03	5.277860e-05	5	true
277           	smoothSolver	9.617000e-04	8.542830e-05	10	1.639710e-02	1.518250e-03	10	8.960110e-03	8.190380e-04	10	false	GAMG	6.375230e-03	5.237630e-05	5	true
278           	smoothSolver	9.502110e-04	8.519410e-05	10	1.625470e-02	1.508770e-03	10	8.860290e-03	8.138180e-04	10	false	GAMG	6.230400e-03	5.165550e-05	5	true
279           	smoothSolver	9.390030e-04	8.490440e-05	10	1.615670e-02	1.498400e-03	10	8.795630e-03	8.099650e-04	10	false	GAMG	6.107810e-03	5.141560e-05	5	true
280           	smoothSolver	9.285900e-04	8.456910e-05	10	1.607570e-02	1.486570e-03	10	8.761730e-03	8.075820e-04	10	false	GAMG	6.010130e-03	5.065650e-05	5	true
281           	smoothSolver	9.194710e-04	8.421270e-05	10	1.602090e-02	1.474400e-03	10	8.757660e-03	8.056120e-04	10	false	GAMG	5.931370e-03	4.963800e-05	5	true
282           	smoothSolver	9.127590e-04	8.390490e-05	10	1.598870e-02	1.463110e-03	10	8.773300e-03	8.042060e-04	10	false	GAMG	5.876410e-03	4.912030e-05	5	true
283           	smoothSolver	9.082070e-04	8.362010e-05	10	1.597540e-02	1.453630e-03	10	8.799570e-03	8.030320e-04	10	false	GAMG	5.844550e-03	4.905800e-05	5	true
284           	smoothSolver	9.047270e-04	8.332900e-05	10	1.595450e-02	1.444900e-03	10	8.815600e-03	8.016840e-04	10	false	GAMG	5.820990e-03	4.901960e-05	5	true
285           	smoothSolver	9.027060e-04	8.312860e-05	10	1.590480e-02	1.437160e-03	10	8.814280e-03	7.997000e-04	10	false	GAMG	5.784600e-03	4.861340e-05	5	true
286           	smoothSolver	9.027330e-04	8.302070e-05	10	1.583170e-02	1.431620e-03	10	8.798770e-03	7.974440e-04	10	false	GAMG	5.739260e-03	4.815400e-05	5	true
287           	smoothSolver	9.030440e-04	8.292290e-05	10	1.574450e-02	1.427890e-03	10	8.755540e-03	7.940560e-04	10	false	GAMG	5.698280e-03	4.817940e-05	5	true
288           	smoothSolver	9.023100e-04	8.280480e-05	10	1.563960e-02	1.425460e-03	10	8.675510e-03	7.891760e-04	10	false	GAMG	5.666190e-03	4.821000e-05	5	true
289           	smoothSolver	9.005780e-04	8.260780e-05	10	1.554220e-02	1.424170e-03	10	8.582080e-03	7.832050e-04	10	false	GAMG	5.649120e-03	4.830900e-05	5	true
290           	smoothSolver	8.978190e-04	8.231500e-05	10	1.545750e-02	1.423090e-03	10	8.476180e-03	7.760200e-04	10	false	GAMG	5.636040e-03	4.809870e-05	5	true
291           	smoothSolver	8.942790e-04	8.197100e-05	10	1.538860e-02	1.421230e-03	10	8.373420e-03	7.687940e-04	10	false	GAMG	5.628840e-03	4.800180e-05	5	true
292           	smoothSolver	8.901970e-04	8.167260e-05	10	1.533760e-02	1.420960e-03	10	8.278070e-03	7.620880e-04	10	false	GAMG	5.635840e-03	4.745560e-05	5	true
293           	smoothSolver	8.864230e-04	8.147560e-05	10	1.532600e-02	1.425340e-03	10	8.198920e-03	7.562750e-04	10	false	GAMG	5.637710e-03	4.704780e-05	5	true
294           	smoothSolver	8.828080e-04	8.135820e-05	10	1.536200e-02	1.434470e-03	10	8.136540e-03	7.523000e-04	10	false	GAMG	5.631950e-03	4.717170e-05	5	true
295           	smoothSolver	8.785940e-04	8.126830e-05	10	1.543920e-02	1.447380e-03	10	8.092190e-03	7.497780e-04	10	false	GAMG	5.608540e-03	4.737470e-05	5	true
296           	smoothSolver	8.737040e-04	8.114210e-05	10	1.552940e-02	1.462180e-03	10	8.062180e-03	7.489810e-04	10	false	GAMG	5.562540e-03	4.719680e-05	5	true
297           	smoothSolver	8.691540e-04	8.103110e-05	10	1.561940e-02	1.477100e-03	10	8.042150e-03	7.496040e-04	10	false	GAMG	5.511330e-03	4.690490e-05	5	true
298           	smoothSolver	8.655030e-04	8.099770e-05	10	1.568880e-02	1.488260e-03	10	8.026740e-03	7.507680e-04	10	false	GAMG	5.461580e-03	4.607050e-05	5	true
299           	smoothSolver	8.636350e-04	8.100220e-05	10	1.574200e-02	1.495460e-03	10	8.030960e-03	7.521830e-04	10	false	GAMG	5.428820e-03	4.568540e-05	5	true
300           	smoothSolver	8.643250e-04	8.110740e-05	10	1.581130e-02	1.500440e-03	10	8.055110e-03	7.544170e-04	10	false	GAMG	5.417410e-03	4.582230e-05	5	true
301           	smoothSolver	8.669460e-04	8.126270e-05	10	1.592760e-02	1.505220e-03	10	8.107820e-03	7.571520e-04	10	false	GAMG	5.431250e-03	4.639220e-05	5	true
302           	smoothSolver	8.709510e-04	8.142670e-05	10	1.609590e-02	1.512340e-03	10	8.194310e-03	7.608820e-04	10	false	GAMG	5.450360e-03	4.709430e-05	5	true
303           	smoothSolver	8.762750e-04	8.156160e-05	10	1.631810e-02	1.522740e-03	10	8.305430e-03	7.662820e-04	10	false	GAMG	5.478970e-03	4.784800e-05	5	true
304           	smoothSolver	8.817110e-04	8.159420e-05	10	1.658210e-02	1.535780e-03	10	8.433250e-03	7.735250e-04	10	false	GAMG	5.498430e-03	4.804550e-05	5	true
305           	smoothSolver	8.867850e-04	8.152380e-05	10	1.685980e-02	1.549120e-03	10	8.564700e-03	7.800670e-04	10	false	GAMG	5.507540e-03	4.769590e-05	5	true
306           	smoothSolver	8.915210e-04	8.138190e-05	10	1.710810e-02	1.559540e-03	10	8.678070e-03	7.847200e-04	10	false	GAMG	5.518510e-03	4.709470e-05	5	true
307           	smoothSolver	8.961180e-04	8.120700e-05	10	1.716560e-02	1.553370e-03	10	8.763490e-03	7.873410e-04	10	false	GAMG	5.537830e-03	4.687450e-05	5	true
308           	smoothSolver	9.003810e-04	8.104190e-05	10	1.707910e-02	1.536150e-03	10	8.819630e-03	7.881300e-04	10	false	GAMG	5.570040e-03	4.663720e-05	5	true
309           	smoothSolver	9.038730e-04	8.089120e-05	10	1.693860e-02	1.515180e-03	10	8.856890e-03	7.874080e-04	10	false	GAMG	5.613780e-03	4.642860e-05	5	true
310           	smoothSolver	9.068190e-04	8.072690e-05	10	1.678920e-02	1.494470e-03	10	8.895430e-03	7.868070e-04	10	false	GAMG	5.666640e-03	4.618750e-05	5	true
311           	smoothSolver	9.080750e-04	8.056850e-05	10	1.665410e-02	1.476480e-03	10	8.930070e-03	7.868580e-04	10	false	GAMG	5.731620e-03	4.619380e-05	5	true
312           	smoothSolver	9.086100e-04	8.041950e-05	10	1.653560e-02	1.462740e-03	10	8.960330e-03	7.873050e-04	10	false	GAMG	5.805310e-03	4.637480e-05	5	true
313           	smoothSolver	9.086190e-04	8.028720e-05	10	1.641950e-02	1.451970e-03	10	8.988090e-03	7.884590e-04	10	false	GAMG	5.864430e-03	4.698900e-05	5	true
314           	smoothSolver	9.085880e-04	8.018690e-05	10	1.628510e-02	1.442860e-03	10	9.011680e-03	7.902560e-04	10	false	GAMG	5.896560e-03	4.797960e-05	5	true
315           	smoothSolver	9.096510e-04	8.009230e-05	10	1.615240e-02	1.434470e-03	10	9.022540e-03	7.915040e-04	10	false	GAMG	5.909840e-03	4.868160e-05	5	true
316           	smoothSolver	9.117460e-04	8.001930e-05	10	1.604460e-02	1.426750e-03	10	9.026010e-03	7.931420e-04	10	false	GAMG	5.912590e-03	4.893640e-05	5	true
317           	smoothSolver	9.140210e-04	7.995660e-05	10	1.593780e-02	1.420120e-03	10	9.032310e-03	7.960480e-04	10	false	GAMG	5.892830e-03	4.862210e-05	5	true
318           	smoothSolver	9.148190e-04	7.992050e-05	10	1.582460e-02	1.415390e-03	10	9.022780e-03	8.003120e-04	10	false	GAMG	5.877420e-03	4.854240e-05	5	true
319           	smoothSolver	9.142740e-04	7.984230e-05	10	1.569250e-02	1.411680e-03	10	9.005400e-03	8.053170e-04	10	false	GAMG	5.884890e-03	4.868730e-05	5	true
320           	smoothSolver	9.146700e-04	7.978400e-05	10	1.557830e-02	1.411500e-03	10	8.994290e-03	8.119490e-04	10	false	GAMG	5.900200e-03	4.893850e-05	5	true
321           	smoothSolver	9.161960e-04	7.976690e-05	10	1.551350e-02	1.414470e-03	10	9.011470e-03	8.204600e-04	10	false	GAMG	5.916910e-03	4.919860e-05	5	true
322           	smoothSolver	9.166510e-04	7.974280e-05	10	1.550170e-02	1.418440e-03	10	9.064850e-03	8.301220e-04	10	false	GAMG	5.931830e-03	4.919850e-05	5	true
323           	smoothSolver	9.158070e-04	7.975160e-05	10	1.553420e-02	1.421040e-03	10	9.144730e-03	8.399690e-04	10	false	GAMG	5.960840e-03	4.918530e-05	5	true
324           	smoothSolver	9.145610e-04	7.980860e-05	10	1.559600e-02	1.421790e-03	10	9.246660e-03	8.490020e-04	10	false	GAMG	5.970850e-03	4.913540e-05	5	true
325           	smoothSolver	9.130720e-04	7.984230e-05	10	1.567300e-02	1.419870e-03	10	9.352210e-03	8.556500e-04	10	false	GAMG	5.946930e-03	4.923490e-05	5	true
326           	smoothSolver	9.116810e-04	7.978620e-05	10	1.578130e-02	1.415940e-03	10	9.463850e-03	8.596780e-04	10	false	GAMG	5.881760e-03	4.900440e-05	5	true
327           	smoothSolver	9.108680e-04	7.968070e-05	10	1.592540e-02	1.411400e-03	10	9.571490e-03	8.622070e-04	10	false	GAMG	5.798940e-03	4.880080e-05	5	true
328           	smoothSolver	9.105170e-04	7.957600e-05	10	1.610360e-02	1.408110e-03	10	9.672850e-03	8.631950e-04	10	false	GAMG	5.730240e-03	4.812100e-05	5	true
329           	smoothSolver	9.102370e-04	7.943600e-05	10	1.627750e-02	1.406270e-03	10	9.753960e-03	8.619170e-04	10	false	GAMG	5.669530e-03	4.711600e-05	5	true
330           	smoothSolver	9.096600e-04	7.921300e-05	10	1.644870e-02	1.406190e-03	10	9.804710e-03	8.583990e-04	10	false	GAMG	5.621940e-03	4.605130e-05	5	true
331           	smoothSolver	9.087480e-04	7.887490e-05	10	1.660730e-02	1.407010e-03	10	9.820480e-03	8.532220e-04	10	false	GAMG	5.581550e-03	4.532720e-05	5	true
332           	smoothSolver	9.070860e-04	7.840790e-05	10	1.673350e-02	1.409160e-03	10	9.798880e-03	8.467850e-04	10	false	GAMG	5.577030e-03	4.474370e-05	5	true
333           	smoothSolver	9.037610e-04	7.788730e-05	10	1.680440e-02	1.413240e-03	10	9.728810e-03	8.388450e-04	10	false	GAMG	5.589140e-03	4.429460e-05	5	true
334           	smoothSolver	8.982520e-04	7.739480e-05	10	1.681510e-02	1.418340e-03	10	9.620350e-03	8.302250e-04	10	false	GAMG	5.595150e-03	4.417420e-05	5	true
335           	smoothSolver	8.899380e-04	7.688040e-05	10	1.678180e-02	1.423620e-03	10	9.475660e-03	8.210970e-04	10	false	GAMG	5.593780e-03	4.414710e-05	5	true
336           	smoothSolver	8.802000e-04	7.632670e-05	10	1.670720e-02	1.428330e-03	10	9.316670e-03	8.122620e-04	10	false	GAMG	5.598200e-03	4.419960e-05	5	true
337           	smoothSolver	8.690450e-04	7.574930e-05	10	1.660740e-02	1.432600e-03	10	9.147060e-03	8.042210e-04	10	false	GAMG	5.592600e-03	4.421870e-05	5	true
338           	smoothSolver	8.572920e-04	7.517990e-05	10	1.647600e-02	1.435650e-03	10	8.982430e-03	7.977740e-04	10	false	GAMG	5.574550e-03	4.407100e-05	5	true
339           	smoothSolver	8.455500e-04	7.461380e-05	10	1.632010e-02	1.436760e-03	10	8.830950e-03	7.925190e-04	10	false	GAMG	5.558680e-03	4.416730e-05	5	true
340           	smoothSolver	8.353410e-04	7.402910e-05	10	1.615040e-02	1.435010e-03	10	8.701500e-03	7.883670e-04	10	false	GAMG	5.560140e-03	4.455460e-05	5	true
341           	smoothSolver	8.259430e-04	7.343130e-05	10	1.597240e-02	1.431520e-03	10	8.587610e-03	7.848790e-04	10	false	GAMG	5.556440e-03	4.494590e-05	5	true
342           	smoothSolver	8.170110e-04	7.282490e-05	10	1.579750e-02	1.426860e-03	10	8.488790e-03	7.818690e-04	10	false	GAMG	5.536910e-03	4.490550e-05	5	true
343           	smoothSolver	8.081050e-04	7.220230e-05	10	1.562640e-02	1.420750e-03	10	8.399880e-03	7.783240e-04	10	false	GAMG	5.509850e-03	4.432410e-05	5	true
344           	smoothSolver	7.993060e-04	7.160640e-05	10	1.546010e-02	1.412720e-03	10	8.317460e-03	7.741490e-04	10	false	GAMG	5.477570e-03	4.349000e-05	5	true
345           	smoothSolver	7.903800e-04	7.103640e-05	10	1.531060e-02	1.403210e-03	10	8.235080e-03	7.688470e-04	10	false	GAMG	5.446760e-03	4.266550e-05	5	true
346           	smoothSolver	7.818880e-04	7.045470e-05	10	1.519380e-02	1.392440e-03	10	8.167970e-03	7.627410e-04	10	false	GAMG	5.421400e-03	4.197980e-05	5	true
347           	smoothSolver	7.744180e-04	6.985700e-05	10	1.510400e-02	1.380640e-03	10	8.108620e-03	7.557330e-04	10	false	GAMG	5.387670e-03	4.145070e-05	5	true
348           	smoothSolver	7.685070e-04	6.925020e-05	10	1.504680e-02	1.369590e-03	10	8.061270e-03	7.482730e-04	10	false	GAMG	5.346540e-03	4.107020e-05	5	true
349           	smoothSolver	7.638350e-04	6.865860e-05	10	1.500820e-02	1.360320e-03	10	8.014550e-03	7.402180e-04	10	false	GAMG	5.305020e-03	4.109550e-05	5	true
350           	smoothSolver	7.609840e-04	6.811560e-05	10	1.499280e-02	1.353880e-03	10	7.980560e-03	7.325620e-04	10	false	GAMG	5.272170e-03	4.130240e-05	5	true
351           	smoothSolver	7.594880e-04	6.763540e-05	10	1.500610e-02	1.350210e-03	10	7.947410e-03	7.250510e-04	10	false	GAMG	5.250040e-03	4.165150e-05	5	true
352           	smoothSolver	7.591690e-04	6.721810e-05	10	1.501790e-02	1.347460e-03	10	7.918200e-03	7.180650e-04	10	false	GAMG	5.241670e-03	4.197880e-05	5	true
353           	smoothSolver	7.597340e-04	6.684040e-05	10	1.502870e-02	1.344120e-03	10	7.879210e-03	7.112460e-04	10	false	GAMG	5.242540e-03	4.239030e-05	5	true
354           	smoothSolver	7.601360e-04	6.651840e-05	10	1.501210e-02	1.339980e-03	10	7.835970e-03	7.047960e-04	10	false	GAMG	5.246270e-03	4.254240e-05	5	true
355           	smoothSolver	7.602440e-04	6.627750e-05	10	1.496440e-02	1.335110e-03	10	7.778350e-03	6.983400e-04	10	false	GAMG	5.263930e-03	4.258260e-05	5	true
356           	smoothSolver	7.598760e-04	6.611500e-05	10	1.490020e-02	1.330050e-03	10	7.719670e-03	6.923570e-04	10	false	GAMG	5.286490e-03	4.240770e-05	5	true
357           	smoothSolver	7.585900e-04	6.595880e-05	10	1.482120e-02	1.324750e-03	10	7.654970e-03	6.865350e-04	10	false	GAMG	5.316360e-03	4.236550e-05	5	true
358           	smoothSolver	7.564180e-04	6.580830e-05	10	1.472620e-02	1.319080e-03	10	7.598000e-03	6.814150e-04	10	false	GAMG	5.333150e-03	4.244280e-05	5	true
359           	smoothSolver	7.539500e-04	6.566190e-05	10	1.462440e-02	1.313850e-03	10	7.537370e-03	6.768380e-04	10	false	GAMG	5.323920e-03	4.260950e-05	5	true
360           	smoothSolver	7.511750e-04	6.558090e-05	10	1.450900e-02	1.308150e-03	10	7.484330e-03	6.732340e-04	10	false	GAMG	5.284900e-03	4.282170e-05	5	true
361           	smoothSolver	7.474120e-04	6.549140e-05	10	1.437940e-02	1.300500e-03	10	7.430210e-03	6.696570e-04	10	false	GAMG	5.241410e-03	4.263710e-05	5	true
362           	smoothSolver	7.428770e-04	6.539010e-05	10	1.421300e-02	1.290580e-03	10	7.363270e-03	6.660880e-04	10	false	GAMG	5.205240e-03	4.207340e-05	5	true
363           	smoothSolver	7.365220e-04	6.525540e-05	10	1.403510e-02	1.279200e-03	10	7.287020e-03	6.619790e-04	10	false	GAMG	5.180990e-03	4.124250e-05	5	true
364           	smoothSolver	7.300090e-04	6.514110e-05	10	1.383060e-02	1.266260e-03	10	7.201400e-03	6.570750e-04	10	false	GAMG	5.150480e-03	4.028800e-05	5	true
365           	smoothSolver	7.235830e-04	6.506220e-05	10	1.362740e-02	1.253590e-03	10	7.110670e-03	6.519830e-04	10	false	GAMG	5.125830e-03	3.961490e-05	5	true
366           	smoothSolver	7.176090e-04	6.498980e-05	10	1.343550e-02	1.242250e-03	10	7.027910e-03	6.473830e-04	10	false	GAMG	5.096960e-03	3.961170e-05	5	true
367           	smoothSolver	7.119510e-04	6.488240e-05	10	1.328870e-02	1.233000e-03	10	6.956220e-03	6.425050e-04	10	false	GAMG	5.060800e-03	4.005400e-05	5	true
368           	smoothSolver	7.073070e-04	6.477990e-05	10	1.318180e-02	1.225840e-03	10	6.900500e-03	6.377590e-04	10	false	GAMG	5.017210e-03	4.016190e-05	5	true
369           	smoothSolver	7.035110e-04	6.467260e-05	10	1.310780e-02	1.221030e-03	10	6.847300e-03	6.331540e-04	10	false	GAMG	4.979710e-03	4.005180e-05	5	true
370           	smoothSolver	7.002110e-04	6.449570e-05	10	1.304010e-02	1.216490e-03	10	6.795600e-03	6.288930e-04	10	false	GAMG	4.953820e-03	4.010590e-05	5	true
371           	smoothSolver	6.968280e-04	6.426770e-05	10	1.298210e-02	1.211590e-03	10	6.741110e-03	6.239540e-04	10	false	GAMG	4.938900e-03	4.035380e-05	5	true
372           	smoothSolver	6.936380e-04	6.394310e-05	10	1.293100e-02	1.206660e-03	10	6.691670e-03	6.187700e-04	10	false	GAMG	4.923720e-03	4.048010e-05	5	true
373           	smoothSolver	6.909800e-04	6.358340e-05	10	1.288630e-02	1.200690e-03	10	6.638420e-03	6.135180e-04	10	false	GAMG	4.907300e-03	4.039260e-05	5	true
374           	smoothSolver	6.892720e-04	6.328290e-05	10	1.285080e-02	1.194930e-03	10	6.598060e-03	6.085070e-04	10	false	GAMG	4.893780e-03	4.046490e-05	5	true
375           	smoothSolver	6.890470e-04	6.305690e-05	10	1.284550e-02	1.190830e-03	10	6.567790e-03	6.037030e-04	10	false	GAMG	4.886650e-03	4.076900e-05	5	true
376           	smoothSolver	6.906070e-04	6.293020e-05	10	1.286340e-02	1.189700e-03	10	6.557490e-03	6.000530e-04	10	false	GAMG	4.897880e-03	4.120410e-05	5	true
377           	smoothSolver	6.920910e-04	6.289170e-05	10	1.289560e-02	1.189750e-03	10	6.558600e-03	5.970890e-04	10	false	GAMG	4.933070e-03	4.164320e-05	5	true
378           	smoothSolver	6.941800e-04	6.292560e-05	10	1.292090e-02	1.189470e-03	10	6.569210e-03	5.949730e-04	10	false	GAMG	4.981020e-03	4.199090e-05	5	true
379           	smoothSolver	6.963610e-04	6.298810e-05	10	1.293410e-02	1.188380e-03	10	6.588690e-03	5.936600e-04	10	false	GAMG	5.033440e-03	4.218350e-05	5	true
380           	smoothSolver	6.985240e-04	6.303940e-05	10	1.292430e-02	1.186240e-03	10	6.610470e-03	5.939530e-04	10	false	GAMG	5.075710e-03	4.226290e-05	5	true
381           	smoothSolver	7.005410e-04	6.308370e-05	10	1.289600e-02	1.183130e-03	10	6.620570e-03	5.949730e-04	10	false	GAMG	5.091710e-03	4.230010e-05	5	true
382           	smoothSolver	7.019460e-04	6.310440e-05	10	1.284620e-02	1.178650e-03	10	6.619790e-03	5.964730e-04	10	false	GAMG	5.086910e-03	4.255240e-05	5	true
383           	smoothSolver	7.020840e-04	6.313380e-05	10	1.277450e-02	1.173410e-03	10	6.607300e-03	5.979060e-04	10	false	GAMG	5.065530e-03	4.242080e-05	5	true
384           	smoothSolver	7.012990e-04	6.320110e-05	10	1.268520e-02	1.168150e-03	10	6.590920e-03	5.992530e-04	10	false	GAMG	5.036510e-03	4.226890e-05	5	true
385           	smoothSolver	7.001760e-04	6.328780e-05	10	1.259880e-02	1.163510e-03	10	6.577610e-03	6.005500e-04	10	false	GAMG	5.015520e-03	4.198030e-05	5	true
386           	smoothSolver	6.990290e-04	6.344200e-05	10	1.253520e-02	1.159980e-03	10	6.574000e-03	6.018480e-04	10	false	GAMG	4.993210e-03	4.166660e-05	5	true
387           	smoothSolver	6.978220e-04	6.366690e-05	10	1.248430e-02	1.157170e-03	10	6.568760e-03	6.026080e-04	10	false	GAMG	4.957900e-03	4.136120e-05	5	true
388           	smoothSolver	6.967760e-04	6.391260e-05	10	1.244820e-02	1.154480e-03	10	6.564250e-03	6.026070e-04	10	false	GAMG	4.916870e-03	4.085960e-05	5	true
389           	smoothSolver	6.956460e-04	6.411150e-05	10	1.243290e-02	1.152820e-03	10	6.551930e-03	6.016340e-04	10	false	GAMG	4.876730e-03	4.026770e-05	5	true
390           	smoothSolver	6.945190e-04	6.422170e-05	10	1.244190e-02	1.153470e-03	10	6.541210e-03	6.008480e-04	10	false	GAMG	4.827860e-03	3.971170e-05	5	true
391           	smoothSolver	6.927910e-04	6.427460e-05	10	1.245490e-02	1.155520e-03	10	6.524390e-03	6.000650e-04	10	false	GAMG	4.796330e-03	3.956020e-05	5	true
392           	smoothSolver	6.914110e-04	6.428430e-05	10	1.248080e-02	1.157020e-03	10	6.511600e-03	5.991420e-04	10	false	GAMG	4.779610e-03	3.965920e-05	5	true
393           	smoothSolver	6.906480e-04	6.426100e-05	10	1.251260e-02	1.158290e-03	10	6.500340e-03	5.980660e-04	10	false	GAMG	4.770170e-03	3.962050e-05	5	true
394           	smoothSolver	6.904150e-04	6.426150e-05	10	1.256040e-02	1.160580e-03	10	6.500670e-03	5.972940e-04	10	false	GAMG	4.766480e-03	3.968810e-05	5	true
395           	smoothSolver	6.907280e-04	6.427600e-05	10	1.262300e-02	1.164300e-03	10	6.497310e-03	5.959810e-04	10	false	GAMG	4.778550e-03	3.989060e-05	5	true
396           	smoothSolver	6.920980e-04	6.432230e-05	10	1.270050e-02	1.168810e-03	10	6.494380e-03	5.947090e-04	10	false	GAMG	4.801230e-03	4.007760e-05	5	true
397           	smoothSolver	6.940650e-04	6.437370e-05	10	1.277140e-02	1.173490e-03	10	6.499170e-03	5.940070e-04	10	false	GAMG	4.824460e-03	4.037720e-05	5	true
398           	smoothSolver	6.959660e-04	6.441520e-05	10	1.283280e-02	1.177760e-03	10	6.510430e-03	5.942190e-04	10	false	GAMG	4.842530e-03	4.029740e-05	5	true
399           	smoothSolver	6.978090e-04	6.442960e-05	10	1.288080e-02	1.181020e-03	10	6.522530e-03	5.946770e-04	10	false	GAMG	4.865930e-03	4.016850e-05	5	true
400           	smoothSolver	6.995170e-04	6.439410e-05	10	1.290870e-02	1.182920e-03	10	6.540400e-03	5.961360e-04	10	false	GAMG	4.891220e-03	3.991310e-05	5	true
401           	smoothSolver	7.009460e-04	6.435240e-05	10	1.290730e-02	1.182680e-03	10	6.555600e-03	5.979030e-04	10	false	GAMG	4.913780e-03	3.969270e-05	5	true
402           	smoothSolver	7.017580e-04	6.431210e-05	10	1.286950e-02	1.180280e-03	10	6.562620e-03	5.994880e-04	10	false	GAMG	4.929380e-03	3.938330e-05	5	true
403           	smoothSolver	7.013670e-04	6.423360e-05	10	1.280330e-02	1.177100e-03	10	6.561770e-03	5.999960e-04	10	false	GAMG	4.940020e-03	3.923910e-05	5	true
404           	smoothSolver	7.002170e-04	6.413980e-05	10	1.272480e-02	1.174610e-03	10	6.552960e-03	5.998300e-04	10	false	GAMG	4.947570e-03	3.937940e-05	5	true
405           	smoothSolver	6.982220e-04	6.400910e-05	10	1.265130e-02	1.172520e-03	10	6.538970e-03	5.992630e-04	10	false	GAMG	4.956380e-03	3.944490e-05	5	true
406           	smoothSolver	6.963750e-04	6.384820e-05	10	1.259430e-02	1.170180e-03	10	6.527240e-03	5.987160e-04	10	false	GAMG	4.961710e-03	3.944560e-05	5	true
407           	smoothSolver	6.945430e-04	6.373780e-05	10	1.255600e-02	1.168200e-03	10	6.514180e-03	5.982650e-04	10	false	GAMG	4.963360e-03	3.944410e-05	5	true
408           	smoothSolver	6.933870e-04	6.365610e-05	10	1.253320e-02	1.166140e-03	10	6.505720e-03	5.987240e-04	10	false	GAMG	4.956610e-03	3.978920e-05	5	true
409           	smoothSolver	6.924720e-04	6.359640e-05	10	1.251750e-02	1.164230e-03	10	6.501330e-03	5.992750e-04	10	false	GAMG	4.943550e-03	4.045960e-05	5	true
410           	smoothSolver	6.920570e-04	6.355370e-05	10	1.250880e-02	1.163900e-03	10	6.503110e-03	6.001410e-04	10	false	GAMG	4.924030e-03	4.095470e-05	5	true
411           	smoothSolver	6.922930e-04	6.347080e-05	10	1.251520e-02	1.165750e-03	10	6.506230e-03	6.015500e-04	10	false	GAMG	4.908780e-03	4.143170e-05	5	true
412           	smoothSolver	6.926370e-04	6.332190e-05	10	1.253470e-02	1.168870e-03	10	6.521250e-03	6.036950e-04	10	false	GAMG	4.891060e-03	4.156530e-05	5	true
413           	smoothSolver	6.925210e-04	6.313690e-05	10	1.256020e-02	1.171030e-03	10	6.531340e-03	6.050360e-04	10	false	GAMG	4.873730e-03	4.150540e-05	5	true
414           	smoothSolver	6.917470e-04	6.295930e-05	10	1.258240e-02	1.172120e-03	10	6.532600e-03	6.052490e-04	10	false	GAMG	4.860860e-03	4.119400e-05	5	true
415           	smoothSolver	6.899580e-04	6.278900e-05	10	1.260380e-02	1.172740e-03	10	6.525020e-03	6.039350e-04	10	false	GAMG	4.858390e-03	4.094940e-05	5	true
416           	smoothSolver	6.875850e-04	6.266860e-05	10	1.261780e-02	1.172820e-03	10	6.514390e-03	6.021690e-04	10	false	GAMG	4.862370e-03	4.082100e-05	5	true
417           	smoothSolver	6.855260e-04	6.262480e-05	10	1.261920e-02	1.172470e-03	10	6.501330e-03	6.011220e-04	10	false	GAMG	4.869900e-03	4.084990e-05	5	true
418           	smoothSolver	6.842060e-04	6.260690e-05	10	1.260620e-02	1.170740e-03	10	6.502060e-03	6.016160e-04	10	false	GAMG	4.865560e-03	4.095550e-05	5	true
419           	smoothSolver	6.830640e-04	6.253390e-05	10	1.257800e-02	1.167990e-03	10	6.515460e-03	6.029990e-04	10	false	GAMG	4.864510e-03	4.119020e-05	5	true
420           	smoothSolver	6.822500e-04	6.240450e-05	10	1.253070e-02	1.164110e-03	10	6.538470e-03	6.054400e-04	10	false	GAMG	4.859320e-03	4.175240e-05	5	true
421           	smoothSolver	6.826390e-04	6.229840e-05	10	1.248790e-02	1.159480e-03	10	6.565770e-03	6.089820e-04	10	false	GAMG	4.869540e-03	4.239840e-05	5	true
422           	smoothSolver	6.837710e-04	6.224830e-05	10	1.244660e-02	1.154670e-03	10	6.598240e-03	6.135920e-04	10	false	GAMG	4.886500e-03	4.238860e-05	5	true
423           	smoothSolver	6.850910e-04	6.228750e-05	10	1.240350e-02	1.150610e-03	10	6.633400e-03	6.182850e-04	10	false	GAMG	4.907310e-03	4.220080e-05	5	true
424           	smoothSolver	6.869000e-04	6.239270e-05	10	1.237670e-02	1.149230e-03	10	6.677290e-03	6.228540e-04	10	false	GAMG	4.922320e-03	4.230060e-05	5	true
425           	smoothSolver	6.885940e-04	6.255460e-05	10	1.237500e-02	1.150160e-03	10	6.710120e-03	6.269550e-04	10	false	GAMG	4.930980e-03	4.247330e-05	5	true
426           	smoothSolver	6.903160e-04	6.274160e-05	10	1.240500e-02	1.152990e-03	10	6.740870e-03	6.310740e-04	10	false	GAMG	4.924990e-03	4.259730e-05	5	true
427           	smoothSolver	6.919640e-04	6.294190e-05	10	1.246310e-02	1.156780e-03	10	6.766250e-03	6.345940e-04	10	false	GAMG	4.914360e-03	4.263240e-05	5	true
428           	smoothSolver	6.938810e-04	6.312030e-05	10	1.253810e-02	1.161100e-03	10	6.789840e-03	6.370970e-04	10	false	GAMG	4.900140e-03	4.282050e-05	5	true
429           	smoothSolver	6.953510e-04	6.321790e-05	10	1.260520e-02	1.165260e-03	10	6.804890e-03	6.385650e-04	10	false	GAMG	4.883830e-03	4.313630e-05	5	true
430           	smoothSolver	6.962850e-04	6.322500e-05	10	1.265990e-02	1.167960e-03	10	6.817740e-03	6.395680e-04	10	false	GAMG	4.871300e-03	4.328750e-05	5	true
431           	smoothSolver	6.966770e-04	6.313430e-05	10	1.269930e-02	1.169510e-03	10	6.823680e-03	6.403080e-04	10	false	GAMG	4.862430e-03	4.321830e-05	5	true
432           	smoothSolver	6.963730e-04	6.295810e-05	10	1.271140e-02	1.170320e-03	10	6.824330e-03	6.414870e-04	10	false	GAMG	4.844700e-03	4.284750e-05	5	true
433           	smoothSolver	6.952170e-04	6.279770e-05	10	1.270370e-02	1.169440e-03	10	6.817280e-03	6.420860e-04	10	false	GAMG	4.827390e-03	4.243980e-05	5	true
434           	smoothSolver	6.941180e-04	6.272150e-05	10	1.268550e-02	1.166700e-03	10	6.810620e-03	6.418530e-04	10	false	GAMG	4.831310e-03	4.212240e-05	5	true
435           	smoothSolver	6.926950e-04	6.268150e-05	10	1.269080e-02	1.164790e-03	10	6.806020e-03	6.409420e-04	10	false	GAMG	4.844930e-03	4.200850e-05	5	true
436           	smoothSolver	6.906410e-04	6.264030e-05	10	1.269830e-02	1.163510e-03	10	6.802750e-03	6.397200e-04	10	false	GAMG	4.858390e-03	4.220690e-05	5	true
437           	smoothSolver	6.888140e-04	6.262650e-05	10	1.270620e-02	1.161500e-03	10	6.798390e-03	6.376740e-04	10	false	GAMG	4.873860e-03	4.252120e-05	5	true
438           	smoothSolver	6.879260e-04	6.261010e-05	10	1.272050e-02	1.159230e-03	10	6.799600e-03	6.349340e-04	10	false	GAMG	4.887470e-03	4.243430e-05	5	true
439           	smoothSolver	6.867070e-04	6.250910e-05	10	1.273820e-02	1.156680e-03	10	6.800710e-03	6.314700e-04	10	false	GAMG	4.907570e-03	4.212800e-05	5	true
440           	smoothSolver	6.841810e-04	6.222190e-05	10	1.273010e-02	1.152630e-03	10	6.795240e-03	6.279350e-04	10	false	GAMG	4.929240e-03	4.170950e-05	5	true
441           	smoothSolver	6.804900e-04	6.180190e-05	10	1.268540e-02	1.148010e-03	10	6.768950e-03	6.236250e-04	10	false	GAMG	4.953350e-03	4.145090e-05	5	true
442           	smoothSolver	6.758890e-04	6.133280e-05	10	1.261440e-02	1.143620e-03	10	6.724470e-03	6.191320e-04	10	false	GAMG	4.983400e-03	4.127640e-05	5	true
443           	smoothSolver	6.711200e-04	6.085670e-05	10	1.254290e-02	1.140220e-03	10	6.676900e-03	6.144000e-04	10	false	GAMG	5.023950e-03	4.167490e-05	5	true
444           	smoothSolver	6.672850e-04	6.038510e-05	10	1.247550e-02	1.138040e-03	10	6.644710e-03	6.104410e-04	10	false	GAMG	5.062540e-03	4.258100e-05	5	true
445           	smoothSolver	6.645010e-04	5.992850e-05	10	1.245430e-02	1.136850e-03	10	6.636660e-03	6.065580e-04	10	false	GAMG	5.075420e-03	4.318430e-05	5	true
446           	smoothSolver	6.628230e-04	5.957180e-05	10	1.246690e-02	1.136540e-03	10	6.636040e-03	6.029970e-04	10	false	GAMG	5.080630e-03	4.347570e-05	5	true
447           	smoothSolver	6.624940e-04	5.935870e-05	10	1.250860e-02	1.137660e-03	10	6.625260e-03	5.994900e-04	10	false	GAMG	5.077570e-03	4.312460e-05	5	true
448           	smoothSolver	6.618960e-04	5.924770e-05	10	1.254870e-02	1.139890e-03	10	6.603170e-03	5.952870e-04	10	false	GAMG	5.055690e-03	4.203720e-05	5	true
449           	smoothSolver	6.611030e-04	5.921210e-05	10	1.257110e-02	1.143360e-03	10	6.557640e-03	5.901800e-04	10	false	GAMG	5.041150e-03	4.090010e-05	5	true
450           	smoothSolver	6.596800e-04	5.915140e-05	10	1.258730e-02	1.148140e-03	10	6.502180e-03	5.852230e-04	10	false	GAMG	5.019260e-03	4.005080e-05	5	true
451           	smoothSolver	6.575320e-04	5.901950e-05	10	1.259780e-02	1.153570e-03	10	6.433310e-03	5.805220e-04	10	false	GAMG	5.004190e-03	3.975420e-05	5	true
452           	smoothSolver	6.551200e-04	5.886270e-05	10	1.260680e-02	1.160500e-03	10	6.366640e-03	5.771730e-04	10	false	GAMG	4.980790e-03	3.966410e-05	5	true
453           	smoothSolver	6.518940e-04	5.867570e-05	10	1.263740e-02	1.170050e-03	10	6.308980e-03	5.746580e-04	10	false	GAMG	4.945210e-03	3.994430e-05	5	true
454           	smoothSolver	6.487590e-04	5.858120e-05	10	1.269820e-02	1.181910e-03	10	6.261930e-03	5.725480e-04	10	false	GAMG	4.914590e-03	4.016900e-05	5	true
455           	smoothSolver	6.462260e-04	5.859680e-05	10	1.279260e-02	1.194240e-03	10	6.222630e-03	5.695600e-04	10	false	GAMG	4.894940e-03	4.053130e-05	5	true
456           	smoothSolver	6.442340e-04	5.868380e-05	10	1.292050e-02	1.206220e-03	10	6.196670e-03	5.668230e-04	10	false	GAMG	4.866480e-03	4.078560e-05	5	true
457           	smoothSolver	6.432120e-04	5.882480e-05	10	1.306260e-02	1.216610e-03	10	6.184680e-03	5.644130e-04	10	false	GAMG	4.847150e-03	4.106690e-05	5	true
458           	smoothSolver	6.433730e-04	5.896300e-05	10	1.319770e-02	1.224790e-03	10	6.189030e-03	5.627130e-04	10	false	GAMG	4.836710e-03	4.101090e-05	5	true
459           	smoothSolver	6.441050e-04	5.904850e-05	10	1.328360e-02	1.227790e-03	10	6.198890e-03	5.615020e-04	10	false	GAMG	4.836400e-03	4.051340e-05	5	true
460           	smoothSolver	6.449690e-04	5.911500e-05	10	1.332740e-02	1.226970e-03	10	6.208590e-03	5.612680e-04	10	false	GAMG	4.833140e-03	4.018120e-05	5	true
461           	smoothSolver	6.457260e-04	5.914360e-05	10	1.334410e-02	1.223740e-03	10	6.207470e-03	5.608900e-04	10	false	GAMG	4.837560e-03	4.030460e-05	5	true
462           	smoothSolver	6.463480e-04	5.912760e-05	10	1.333590e-02	1.219090e-03	10	6.199910e-03	5.596710e-04	10	false	GAMG	4.836550e-03	4.059200e-05	5	true
463           	smoothSolver	6.467910e-04	5.906290e-05	10	1.330240e-02	1.215140e-03	10	6.182320e-03	5.576640e-04	10	false	GAMG	4.841690e-03	4.099170e-05	5	true
464           	smoothSolver	6.470020e-04	5.894890e-05	10	1.325460e-02	1.212760e-03	10	6.157050e-03	5.556020e-04	10	false	GAMG	4.838860e-03	4.108340e-05	5	true
465           	smoothSolver	6.462390e-04	5.882340e-05	10	1.319590e-02	1.211280e-03	10	6.119190e-03	5.531200e-04	10	false	GAMG	4.826730e-03	4.086970e-05	5	true
466           	smoothSolver	6.450530e-04	5.869870e-05	10	1.312590e-02	1.209590e-03	10	6.081340e-03	5.507920e-04	10	false	GAMG	4.804380e-03	4.085330e-05	5	true
467           	smoothSolver	6.435080e-04	5.866450e-05	10	1.306050e-02	1.208030e-03	10	6.044020e-03	5.486160e-04	10	false	GAMG	4.783530e-03	4.089570e-05	5	true
468           	smoothSolver	6.420900e-04	5.874560e-05	10	1.300570e-02	1.206800e-03	10	6.017600e-03	5.477990e-04	10	false	GAMG	4.754770e-03	4.122860e-05	5	true
469           	smoothSolver	6.411480e-04	5.888900e-05	10	1.297400e-02	1.206550e-03	10	6.004880e-03	5.486460e-04	10	false	GAMG	4.735070e-03	4.160280e-05	5	true
470           	smoothSolver	6.408470e-04	5.905610e-05	10	1.296610e-02	1.207820e-03	10	6.015920e-03	5.513440e-04	10	false	GAMG	4.718700e-03	4.153590e-05	5	true
471           	smoothSolver	6.402360e-04	5.919690e-05	10	1.296740e-02	1.209560e-03	10	6.029420e-03	5.549190e-04	10	false	GAMG	4.705650e-03	4.141310e-05	5	true
472           	smoothSolver	6.396350e-04	5.933420e-05	10	1.297540e-02	1.211340e-03	10	6.051180e-03	5.588060e-04	10	false	GAMG	4.692110e-03	4.123450e-05	5	true
473           	smoothSolver	6.390880e-04	5.951490e-05	10	1.299680e-02	1.213730e-03	10	6.075450e-03	5.624910e-04	10	false	GAMG	4.688720e-03	4.097860e-05	5	true
474           	smoothSolver	6.391650e-04	5.972780e-05	10	1.303570e-02	1.217060e-03	10	6.109340e-03	5.665650e-04	10	false	GAMG	4.673470e-03	4.065920e-05	5	true
475           	smoothSolver	6.398820e-04	6.002540e-05	10	1.308410e-02	1.220710e-03	10	6.146450e-03	5.705360e-04	10	false	GAMG	4.660760e-03	4.037470e-05	5	true
476           	smoothSolver	6.416640e-04	6.039510e-05	10	1.314330e-02	1.224910e-03	10	6.198880e-03	5.749340e-04	10	false	GAMG	4.657100e-03	4.053000e-05	5	true
477           	smoothSolver	6.447960e-04	6.075780e-05	10	1.321610e-02	1.229210e-03	10	6.266200e-03	5.799530e-04	10	false	GAMG	4.670510e-03	4.071370e-05	5	true
478           	smoothSolver	6.490900e-04	6.108080e-05	10	1.329610e-02	1.233500e-03	10	6.342430e-03	5.858420e-04	10	false	GAMG	4.683810e-03	4.076600e-05	5	true
479           	smoothSolver	6.537820e-04	6.134380e-05	10	1.338200e-02	1.238030e-03	10	6.420240e-03	5.921700e-04	10	false	GAMG	4.698230e-03	4.057550e-05	5	true
480           	smoothSolver	6.585380e-04	6.160340e-05	10	1.347160e-02	1.244050e-03	10	6.498450e-03	5.993200e-04	10	false	GAMG	4.710150e-03	4.023770e-05	5	true
481           	smoothSolver	6.627850e-04	6.183330e-05	10	1.355460e-02	1.250860e-03	10	6.563760e-03	6.064400e-04	10	false	GAMG	4.720220e-03	4.030340e-05	5	true
482           	smoothSolver	6.660950e-04	6.197750e-05	10	1.360890e-02	1.256460e-03	10	6.616850e-03	6.125760e-04	10	false	GAMG	4.731650e-03	4.102050e-05	5	true
483           	smoothSolver	6.690030e-04	6.207060e-05	10	1.362200e-02	1.258620e-03	10	6.659930e-03	6.175610e-04	10	false	GAMG	4.737430e-03	4.176640e-05	5	true
484           	smoothSolver	6.721030e-04	6.214420e-05	10	1.363910e-02	1.261960e-03	10	6.702600e-03	6.220790e-04	10	false	GAMG	4.742050e-03	4.206720e-05	5	true
485           	smoothSolver	6.747420e-04	6.218000e-05	10	1.366140e-02	1.266960e-03	10	6.735930e-03	6.262150e-04	10	false	GAMG	4.744590e-03	4.194030e-05	5	true
486           	smoothSolver	6.765890e-04	6.217960e-05	10	1.368450e-02	1.271520e-03	10	6.762130e-03	6.296290e-04	10	false	GAMG	4.743690e-03	4.159460e-05	5	true
487           	smoothSolver	6.776800e-04	6.218030e-05	10	1.369910e-02	1.275020e-03	10	6.773230e-03	6.317880e-04	10	false	GAMG	4.731300e-03	4.137990e-05	5	true
488           	smoothSolver	6.784400e-04	6.224430e-05	10	1.369370e-02	1.277580e-03	10	6.775120e-03	6.330160e-04	10	false	GAMG	4.709200e-03	4.134640e-05	5	true
489           	smoothSolver	6.789800e-04	6.231420e-05	10	1.367220e-02	1.279680e-03	10	6.771740e-03	6.340910e-04	10	false	GAMG	4.679700e-03	4.131590e-05	5	true
490           	smoothSolver	6.794970e-04	6.233910e-05	10	1.364630e-02	1.282750e-03	10	6.774630e-03	6.361410e-04	10	false	GAMG	4.649990e-03	4.128210e-05	5	true
491           	smoothSolver	6.797380e-04	6.236690e-05	10	1.363200e-02	1.286010e-03	10	6.781430e-03	6.385450e-04	10	false	GAMG	4.617380e-03	4.130430e-05	5	true
492           	smoothSolver	6.795670e-04	6.239170e-05	10	1.362690e-02	1.288110e-03	10	6.793610e-03	6.409320e-04	10	false	GAMG	4.595960e-03	4.119370e-05	5	true
493           	smoothSolver	6.790480e-04	6.240150e-05	10	1.363670e-02	1.289160e-03	10	6.798570e-03	6.423660e-04	10	false	GAMG	4.593660e-03	4.118940e-05	5	true
494           	smoothSolver	6.787660e-04	6.240650e-05	10	1.366780e-02	1.292370e-03	10	6.810620e-03	6.437530e-04	10	false	GAMG	4.590630e-03	4.108300e-05	5	true
495           	smoothSolver	6.783170e-04	6.243900e-05	10	1.371910e-02	1.298790e-03	10	6.819760e-03	6.458230e-04	10	false	GAMG	4.590850e-03	4.102820e-05	5	true
496           	smoothSolver	6.777300e-04	6.251260e-05	10	1.377410e-02	1.305600e-03	10	6.829610e-03	6.479660e-04	10	false	GAMG	4.593920e-03	4.114150e-05	5	true
497           	smoothSolver	6.772000e-04	6.257710e-05	10	1.381500e-02	1.310670e-03	10	6.837090e-03	6.492090e-04	10	false	GAMG	4.604500e-03	4.140460e-05	5	true
498           	smoothSolver	6.764880e-04	6.262720e-05	10	1.383310e-02	1.312150e-03	10	6.847420e-03	6.501320e-04	10	false	GAMG	4.616650e-03	4.146350e-05	5	true
499           	smoothSolver	6.751290e-04	6.266350e-05	10	1.382650e-02	1.310590e-03	10	6.848190e-03	6.507230e-04	10	false	GAMG	4.628070e-03	4.112410e-05	5	true
500           	smoothSolver	6.732020e-04	6.265190e-05	10	1.380900e-02	1.308320e-03	10	6.846360e-03	6.511210e-04	10	false	GAMG	4.631000e-03	4.082290e-05	5	true
501           	smoothSolver	6.711070e-04	6.259170e-05	10	1.376560e-02	1.305080e-03	10	6.837530e-03	6.511550e-04	10	false	GAMG	4.631550e-03	4.066530e-05	5	true
502           	smoothSolver	6.683940e-04	6.242610e-05	10	1.369570e-02	1.302030e-03	10	6.826690e-03	6.507700e-04	10	false	GAMG	4.623880e-03	4.067210e-05	5	true
503           	smoothSolver	6.651860e-04	6.217990e-05	10	1.362190e-02	1.298790e-03	10	6.805280e-03	6.490890e-04	10	false	GAMG	4.615690e-03	4.072070e-05	5	true
504           	smoothSolver	6.621530e-04	6.195420e-05	10	1.355630e-02	1.295550e-03	10	6.782180e-03	6.467790e-04	10	false	GAMG	4.617220e-03	4.083120e-05	5	true
505           	smoothSolver	6.597360e-04	6.178060e-05	10	1.351990e-02	1.293540e-03	10	6.761810e-03	6.441710e-04	10	false	GAMG	4.618420e-03	4.077970e-05	5	true
506           	smoothSolver	6.578310e-04	6.169670e-05	10	1.350640e-02	1.292160e-03	10	6.741830e-03	6.409870e-04	10	false	GAMG	4.613410e-03	4.028600e-05	5	true
507           	smoothSolver	6.565600e-04	6.169970e-05	10	1.349880e-02	1.291450e-03	10	6.711470e-03	6.367870e-04	10	false	GAMG	4.607220e-03	3.964970e-05	5	true
508           	smoothSolver	6.561980e-04	6.175960e-05	10	1.349800e-02	1.291540e-03	10	6.676850e-03	6.321930e-04	10	false	GAMG	4.598510e-03	3.901420e-05	5	true
509           	smoothSolver	6.563440e-04	6.186210e-05	10	1.350380e-02	1.291270e-03	10	6.646320e-03	6.282070e-04	10	false	GAMG	4.591700e-03	3.875280e-05	5	true
510           	smoothSolver	6.564600e-04	6.193030e-05	10	1.351050e-02	1.291640e-03	10	6.624680e-03	6.259170e-04	10	false	GAMG	4.591850e-03	3.911850e-05	5	true
511           	smoothSolver	6.566740e-04	6.195370e-05	10	1.350680e-02	1.292580e-03	10	6.603930e-03	6.245590e-04	10	false	GAMG	4.592180e-03	3.967010e-05	5	true
512           	smoothSolver	6.568490e-04	6.193880e-05	10	1.350140e-02	1.294890e-03	10	6.580390e-03	6.237720e-04	10	false	GAMG	4.585430e-03	3.970680e-05	5	true
513           	smoothSolver	6.568540e-04	6.192060e-05	10	1.351010e-02	1.298820e-03	10	6.557500e-03	6.222690e-04	10	false	GAMG	4.576970e-03	3.937290e-05	5	true
514           	smoothSolver	6.572630e-04	6.194680e-05	10	1.354390e-02	1.303580e-03	10	6.541750e-03	6.208830e-04	10	false	GAMG	4.572850e-03	3.898210e-05	5	true
515           	smoothSolver	6.580880e-04	6.200830e-05	10	1.361240e-02	1.309860e-03	10	6.532720e-03	6.201870e-04	10	false	GAMG	4.570480e-03	3.878900e-05	5	true
516           	smoothSolver	6.591320e-04	6.213860e-05	10	1.369710e-02	1.317530e-03	10	6.531530e-03	6.196910e-04	10	false	GAMG	4.565900e-03	3.865690e-05	5	true
517           	smoothSolver	6.605470e-04	6.229450e-05	10	1.378650e-02	1.325920e-03	10	6.535130e-03	6.191820e-04	10	false	GAMG	4.566260e-03	3.845760e-05	5	true
518           	smoothSolver	6.622330e-04	6.244120e-05	10	1.387490e-02	1.334890e-03	10	6.547910e-03	6.195790e-04	10	false	GAMG	4.566530e-03	3.836150e-05	5	true
519           	smoothSolver	6.632440e-04	6.262630e-05	10	1.395320e-02	1.341520e-03	10	6.555920e-03	6.203070e-04	10	false	GAMG	4.569090e-03	3.818010e-05	5	true
520           	smoothSolver	6.635860e-04	6.280630e-05	10	1.400750e-02	1.344890e-03	10	6.561390e-03	6.209180e-04	10	false	GAMG	4.553330e-03	3.771540e-05	5	true
521           	smoothSolver	6.637460e-04	6.296330e-05	10	1.403450e-02	1.345470e-03	10	6.557040e-03	6.206160e-04	10	false	GAMG	4.534570e-03	3.741330e-05	5	true
522           	smoothSolver	6.639650e-04	6.308130e-05	10	1.403500e-02	1.344120e-03	10	6.544160e-03	6.197560e-04	10	false	GAMG	4.511820e-03	3.757600e-05	5	true
523           	smoothSolver	6.638990e-04	6.313770e-05	10	1.402010e-02	1.340890e-03	10	6.518740e-03	6.176950e-04	10	false	GAMG	4.491570e-03	3.797940e-05	5	true
524           	smoothSolver	6.641140e-04	6.315760e-05	10	1.398710e-02	1.334490e-03	10	6.490680e-03	6.147330e-04	10	false	GAMG	4.480590e-03	3.843080e-05	5	true
525           	smoothSolver	6.650910e-04	6.319350e-05	10	1.394200e-02	1.326790e-03	10	6.474060e-03	6.119400e-04	10	false	GAMG	4.488620e-03	3.878780e-05	5	true
526           	smoothSolver	6.667490e-04	6.323320e-05	10	1.388310e-02	1.319640e-03	10	6.468840e-03	6.101860e-04	10	false	GAMG	4.502410e-03	3.905080e-05	5	true
527           	smoothSolver	6.691620e-04	6.329920e-05	10	1.381360e-02	1.312320e-03	10	6.468040e-03	6.087320e-04	10	false	GAMG	4.516560e-03	3.902670e-05	5	true
528           	smoothSolver	6.720900e-04	6.334710e-05	10	1.374050e-02	1.304680e-03	10	6.462840e-03	6.076980e-04	10	false	GAMG	4.535760e-03	3.908930e-05	5	true
529           	smoothSolver	6.750440e-04	6.339050e-05	10	1.365670e-02	1.296390e-03	10	6.456550e-03	6.072180e-04	10	false	GAMG	4.558930e-03	3.939720e-05	5	true
530           	smoothSolver	6.772130e-04	6.341320e-05	10	1.356560e-02	1.287150e-03	10	6.449500e-03	6.072540e-04	10	false	GAMG	4.573750e-03	3.946730e-05	5	true
531           	smoothSolver	6.783520e-04	6.341550e-05	10	1.347030e-02	1.278160e-03	10	6.440940e-03	6.070890e-04	10	false	GAMG	4.572240e-03	3.942860e-05	5	true
532           	smoothSolver	6.790180e-04	6.346870e-05	10	1.338820e-02	1.270580e-03	10	6.429850e-03	6.068750e-04	10	false	GAMG	4.565650e-03	3.921750e-05	5	true
533           	smoothSolver	6.788630e-04	6.352830e-05	10	1.332840e-02	1.264820e-03	10	6.413980e-03	6.061580e-04	10	false	GAMG	4.553670e-03	3.917870e-05	5	true
534           	smoothSolver	6.783640e-04	6.358730e-05	10	1.328840e-02	1.259450e-03	10	6.399790e-03	6.046950e-04	10	false	GAMG	4.553170e-03	3.931330e-05	5	true
535           	smoothSolver	6.785400e-04	6.362050e-05	10	1.326250e-02	1.255680e-03	10	6.392350e-03	6.028910e-04	10	false	GAMG	4.563810e-03	3.965560e-05	5	true
536           	smoothSolver	6.792990e-04	6.364270e-05	10	1.324600e-02	1.254150e-03	10	6.394780e-03	6.017070e-04	10	false	GAMG	4.574680e-03	4.000920e-05	5	true
537           	smoothSolver	6.806650e-04	6.368290e-05	10	1.324210e-02	1.254370e-03	10	6.402620e-03	6.009290e-04	10	false	GAMG	4.590800e-03	4.035690e-05	5	true
538           	smoothSolver	6.822160e-04	6.375580e-05	10	1.324500e-02	1.255050e-03	10	6.413640e-03	6.009940e-04	10	false	GAMG	4.608590e-03	4.088570e-05	5	true
539           	smoothSolver	6.833290e-04	6.385490e-05	10	1.325430e-02	1.255950e-03	10	6.426910e-03	6.021380e-04	10	false	GAMG	4.612910e-03	4.064350e-05	5	true
540           	smoothSolver	6.834150e-04	6.392260e-05	10	1.326540e-02	1.257760e-03	10	6.431690e-03	6.036380e-04	10	false	GAMG	4.602790e-03	4.007990e-05	5	true
541           	smoothSolver	6.824210e-04	6.394890e-05	10	1.328110e-02	1.260700e-03	10	6.426970e-03	6.046840e-04	10	false	GAMG	4.583980e-03	3.966620e-05	5	true
542           	smoothSolver	6.811560e-04	6.392920e-05	10	1.328470e-02	1.263610e-03	10	6.418920e-03	6.050460e-04	10	false	GAMG	4.565920e-03	3.912660e-05	5	true
543           	smoothSolver	6.796600e-04	6.388150e-05	10	1.328890e-02	1.265180e-03	10	6.407400e-03	6.046960e-04	10	false	GAMG	4.561050e-03	3.918380e-05	5	true
544           	smoothSolver	6.779500e-04	6.382450e-05	10	1.329790e-02	1.264110e-03	10	6.399300e-03	6.038540e-04	10	false	GAMG	4.556330e-03	3.927210e-05	5	true
545           	smoothSolver	6.763090e-04	6.379520e-05	10	1.329090e-02	1.260400e-03	10	6.391700e-03	6.019890e-04	10	false	GAMG	4.555010e-03	3.906400e-05	5	true
546           	smoothSolver	6.753530e-04	6.375730e-05	10	1.326890e-02	1.255540e-03	10	6.387710e-03	6.000790e-04	10	false	GAMG	4.549820e-03	3.884210e-05	5	true
547           	smoothSolver	6.741420e-04	6.370150e-05	10	1.323330e-02	1.249070e-03	10	6.377720e-03	5.979500e-04	10	false	GAMG	4.533710e-03	3.869120e-05	5	true
548           	smoothSolver	6.725720e-04	6.359850e-05	10	1.317700e-02	1.240000e-03	10	6.363390e-03	5.953820e-04	10	false	GAMG	4.511350e-03	3.875870e-05	5	true
549           	smoothSolver	6.706030e-04	6.342840e-05	10	1.309670e-02	1.228460e-03	10	6.344480e-03	5.918680e-04	10	false	GAMG	4.491450e-03	3.855890e-05	5	true
550           	smoothSolver	6.684550e-04	6.321210e-05	10	1.299940e-02	1.215200e-03	10	6.323660e-03	5.881310e-04	10	false	GAMG	4.483490e-03	3.843430e-05	5	true
551           	smoothSolver	6.666760e-04	6.298110e-05	10	1.290770e-02	1.202500e-03	10	6.299380e-03	5.838980e-04	10	false	GAMG	4.493520e-03	3.851480e-05	5	true
552           	smoothSolver	6.659190e-04	6.278500e-05	10	1.282120e-02	1.192000e-03	10	6.282890e-03	5.800190e-04	10	false	GAMG	4.510520e-03	3.860040e-05	5	true
553           	smoothSolver	6.664530e-04	6.261740e-05	10	1.276370e-02	1.184320e-03	10	6.272350e-03	5.770270e-04	10	false	GAMG	4.531800e-03	3.902880e-05	5	true
554           	smoothSolver	6.674390e-04	6.248710e-05	10	1.272950e-02	1.179110e-03	10	6.268270e-03	5.746670e-04	10	false	GAMG	4.545490e-03	3.928900e-05	5	true
555           	smoothSolver	6.686840e-04	6.240090e-05	10	1.270430e-02	1.175340e-03	10	6.260700e-03	5.717820e-04	10	false	GAMG	4.560560e-03	3.953880e-05	5	true
556           	smoothSolver	6.705200e-04	6.235560e-05	10	1.268690e-02	1.172540e-03	10	6.259970e-03	5.688990e-04	10	false	GAMG	4.580900e-03	3.972060e-05	5	true
557           	smoothSolver	6.727070e-04	6.227710e-05	10	1.268910e-02	1.171430e-03	10	6.255720e-03	5.662510e-04	10	false	GAMG	4.605150e-03	4.012550e-05	5	true
558           	smoothSolver	6.744700e-04	6.214300e-05	10	1.269720e-02	1.171100e-03	10	6.247060e-03	5.639220e-04	10	false	GAMG	4.623340e-03	3.978190e-05	5	true
559           	smoothSolver	6.751590e-04	6.194920e-05	10	1.269740e-02	1.170680e-03	10	6.230350e-03	5.616320e-04	10	false	GAMG	4.649250e-03	3.898360e-05	5	true
560           	smoothSolver	6.749040e-04	6.174450e-05	10	1.270120e-02	1.170350e-03	10	6.205690e-03	5.593530e-04	10	false	GAMG	4.664630e-03	3.882310e-05	5	true
561           	smoothSolver	6.738440e-04	6.150870e-05	10	1.270650e-02	1.171230e-03	10	6.173730e-03	5.564050e-04	10	false	GAMG	4.677840e-03	3.923420e-05	5	true
562           	smoothSolver	6.721480e-04	6.122720e-05	10	1.269980e-02	1.171950e-03	10	6.139690e-03	5.532950e-04	10	false	GAMG	4.694900e-03	3.966180e-05	5	true
563           	smoothSolver	6.703070e-04	6.098580e-05	10	1.268010e-02	1.171450e-03	10	6.104010e-03	5.504020e-04	10	false	GAMG	4.718910e-03	3.982480e-05	5	true
564           	smoothSolver	6.686030e-04	6.080390e-05	10	1.261400e-02	1.166490e-03	10	6.073390e-03	5.479730e-04	10	false	GAMG	4.752330e-03	4.001030e-05	5	true
565           	smoothSolver	6.665670e-04	6.066700e-05	10	1.253910e-02	1.160440e-03	10	6.049100e-03	5.458510e-04	10	false	GAMG	4.795710e-03	4.021260e-05	5	true
566           	smoothSolver	6.644040e-04	6.061230e-05	10	1.246750e-02	1.154090e-03	10	6.032560e-03	5.444640e-04	10	false	GAMG	4.833640e-03	4.037050e-05	5	true
567           	smoothSolver	6.631090e-04	6.059250e-05	10	1.240080e-02	1.148620e-03	10	6.017000e-03	5.438290e-04	10	false	GAMG	4.851600e-03	4.032480e-05	5	true
568           	smoothSolver	6.617280e-04	6.052730e-05	10	1.232780e-02	1.143220e-03	10	6.007900e-03	5.434780e-04	10	false	GAMG	4.856630e-03	4.035340e-05	5	true
569           	smoothSolver	6.598770e-04	6.044160e-05	10	1.225110e-02	1.137370e-03	10	5.999290e-03	5.432030e-04	10	false	GAMG	4.857830e-03	4.046140e-05	5	true
570           	smoothSolver	6.583980e-04	6.039190e-05	10	1.218170e-02	1.132180e-03	10	5.996260e-03	5.435600e-04	10	false	GAMG	4.852660e-03	4.076440e-05	5	true
571           	smoothSolver	6.577270e-04	6.043320e-05	10	1.213760e-02	1.129590e-03	10	5.994130e-03	5.447000e-04	10	false	GAMG	4.842820e-03	4.113180e-05	5	true
572           	smoothSolver	6.574360e-04	6.054790e-05	10	1.212510e-02	1.131060e-03	10	6.003440e-03	5.470350e-04	10	false	GAMG	4.830900e-03	4.133630e-05	5	true
573           	smoothSolver	6.575200e-04	6.075190e-05	10	1.214450e-02	1.135720e-03	10	6.014030e-03	5.504620e-04	10	false	GAMG	4.822320e-03	4.141550e-05	5	true
574           	smoothSolver	6.584260e-04	6.104740e-05	10	1.219140e-02	1.142550e-03	10	6.033310e-03	5.549750e-04	10	false	GAMG	4.821950e-03	4.186480e-05	5	true
575           	smoothSolver	6.601580e-04	6.140390e-05	10	1.225520e-02	1.150800e-03	10	6.063700e-03	5.599660e-04	10	false	GAMG	4.831930e-03	4.255480e-05	5	true
576           	smoothSolver	6.620860e-04	6.178060e-05	10	1.232010e-02	1.158580e-03	10	6.110460e-03	5.649240e-04	10	false	GAMG	4.848810e-03	4.307570e-05	5	true
577           	smoothSolver	6.643940e-04	6.212590e-05	10	1.236580e-02	1.164440e-03	10	6.162310e-03	5.700280e-04	10	false	GAMG	4.860000e-03	4.314980e-05	5	true
578           	smoothSolver	6.665680e-04	6.246880e-05	10	1.239130e-02	1.168170e-03	10	6.214030e-03	5.758290e-04	10	false	GAMG	4.861200e-03	4.249050e-05	5	true
579           	smoothSolver	6.675460e-04	6.283040e-05	10	1.239760e-02	1.169370e-03	10	6.249200e-03	5.807020e-04	10	false	GAMG	4.845390e-03	4.171350e-05	5	true
580           	smoothSolver	6.680930e-04	6.314890e-05	10	1.238390e-02	1.169160e-03	10	6.274260e-03	5.844360e-04	10	false	GAMG	4.823570e-03	4.136390e-05	5	true
581           	smoothSolver	6.685760e-04	6.335150e-05	10	1.236660e-02	1.169810e-03	10	6.290390e-03	5.873490e-04	10	false	GAMG	4.805850e-03	4.135640e-05	5	true
582           	smoothSolver	6.685840e-04	6.339930e-05	10	1.235680e-02	1.169680e-03	10	6.307090e-03	5.896240e-04	10	false	GAMG	4.783180e-03	4.168800e-05	5	true
583           	smoothSolver	6.687780e-04	6.339330e-05	10	1.235960e-02	1.168510e-03	10	6.322150e-03	5.912500e-04	10	false	GAMG	4.761490e-03	4.194030e-05	5	true
584           	smoothSolver	6.697960e-04	6.340020e-05	10	1.238760e-02	1.169060e-03	10	6.344890e-03	5.931120e-04	10	false	GAMG	4.750610e-03	4.189640e-05	5	true
585           	smoothSolver	6.712480e-04	6.343460e-05	10	1.242990e-02	1.171710e-03	10	6.366230e-03	5.948350e-04	10	false	GAMG	4.760930e-03	4.202790e-05	5	true
586           	smoothSolver	6.728620e-04	6.348450e-05	10	1.247000e-02	1.173900e-03	10	6.391180e-03	5.962200e-04	10	false	GAMG	4.776580e-03	4.209750e-05	5	true
587           	smoothSolver	6.750600e-04	6.353510e-05	10	1.251610e-02	1.174720e-03	10	6.411480e-03	5.971690e-04	10	false	GAMG	4.781240e-03	4.217550e-05	5	true
588           	smoothSolver	6.776630e-04	6.359330e-05	10	1.257160e-02	1.175450e-03	10	6.440310e-03	5.983340e-04	10	false	GAMG	4.789390e-03	4.251470e-05	5	true
589           	smoothSolver	6.797140e-04	6.368190e-05	10	1.261420e-02	1.175880e-03	10	6.457240e-03	5.985550e-04	10	false	GAMG	4.794640e-03	4.240180e-05	5	true
590           	smoothSolver	6.812100e-04	6.373890e-05	10	1.264060e-02	1.176760e-03	10	6.466550e-03	5.978710e-04	10	false	GAMG	4.795610e-03	4.236270e-05	5	true
591           	smoothSolver	6.816730e-04	6.373570e-05	10	1.266840e-02	1.179430e-03	10	6.463060e-03	5.968920e-04	10	false	GAMG	4.795680e-03	4.230210e-05	5	true
592           	smoothSolver	6.817930e-04	6.372030e-05	10	1.270040e-02	1.182770e-03	10	6.455490e-03	5.962170e-04	10	false	GAMG	4.794210e-03	4.194730e-05	5	true
593           	smoothSolver	6.815060e-04	6.370120e-05	10	1.273620e-02	1.186700e-03	10	6.443980e-03	5.960900e-04	10	false	GAMG	4.783390e-03	4.122410e-05	5	true
594           	smoothSolver	6.814290e-04	6.368070e-05	10	1.276550e-02	1.190650e-03	10	6.440050e-03	5.964930e-04	10	false	GAMG	4.779620e-03	4.070230e-05	5	true
595           	smoothSolver	6.820730e-04	6.367320e-05	10	1.277400e-02	1.192930e-03	10	6.436820e-03	5.962100e-04	10	false	GAMG	4.782740e-03	4.062120e-05	5	true
596           	smoothSolver	6.827340e-04	6.366740e-05	10	1.275080e-02	1.191850e-03	10	6.438430e-03	5.952210e-04	10	false	GAMG	4.794100e-03	4.046820e-05	5	true
597           	smoothSolver	6.827780e-04	6.358330e-05	10	1.268660e-02	1.186060e-03	10	6.432510e-03	5.935550e-04	10	false	GAMG	4.812190e-03	4.023960e-05	5	true
598           	smoothSolver	6.820030e-04	6.344950e-05	10	1.259090e-02	1.176880e-03	10	6.421300e-03	5.918170e-04	10	false	GAMG	4.817440e-03	3.977830e-05	5	true
599           	smoothSolver	6.799920e-04	6.326530e-05	10	1.247580e-02	1.166210e-03	10	6.393900e-03	5.894260e-04	10	false	GAMG	4.806830e-03	3.925180e-05	5	true
600           	smoothSolver	6.772160e-04	6.303540e-05	10	1.234970e-02	1.154910e-03	10	6.357870e-03	5.860790e-04	10	false	GAMG	4.785130e-03	3.880780e-05	5	true
601           	smoothSolver	6.739030e-04	6.276180e-05	10	1.222760e-02	1.145110e-03	10	6.314840e-03	5.822280e-04	10	false	GAMG	4.765120e-03	3.903290e-05	5	true
602           	smoothSolver	6.708660e-04	6.246130e-05	10	1.213100e-02	1.137110e-03	10	6.275910e-03	5.783180e-04	10	false	GAMG	4.748180e-03	3.942590e-05	5	true
603           	smoothSolver	6.679530e-04	6.214270e-05	10	1.206200e-02	1.130980e-03	10	6.236520e-03	5.741920e-04	10	false	GAMG	4.739400e-03	3.972610e-05	5	true
604           	smoothSolver	6.653410e-04	6.183490e-05	10	1.201710e-02	1.127060e-03	10	6.203960e-03	5.702840e-04	10	false	GAMG	4.727540e-03	3.959130e-05	5	true
605           	smoothSolver	6.635970e-04	6.166030e-05	10	1.198630e-02	1.124980e-03	10	6.168570e-03	5.666400e-04	10	false	GAMG	4.718230e-03	3.941280e-05	5	true
606           	smoothSolver	6.621960e-04	6.159570e-05	10	1.195550e-02	1.123330e-03	10	6.133630e-03	5.635010e-04	10	false	GAMG	4.713310e-03	3.917110e-05	5	true
607           	smoothSolver	6.603800e-04	6.159460e-05	10	1.192560e-02	1.121300e-03	10	6.095120e-03	5.600340e-04	10	false	GAMG	4.710140e-03	3.934800e-05	5	true
608           	smoothSolver	6.587810e-04	6.156640e-05	10	1.189790e-02	1.119500e-03	10	6.062790e-03	5.564600e-04	10	false	GAMG	4.699780e-03	3.961040e-05	5	true
609           	smoothSolver	6.567010e-04	6.151170e-05	10	1.188320e-02	1.118730e-03	10	6.028370e-03	5.531970e-04	10	false	GAMG	4.673410e-03	3.949470e-05	5	true
610           	smoothSolver	6.542730e-04	6.142680e-05	10	1.187370e-02	1.119100e-03	10	5.996830e-03	5.505670e-04	10	false	GAMG	4.639710e-03	3.950150e-05	5	true
611           	smoothSolver	6.510530e-04	6.123520e-05	10	1.187510e-02	1.121650e-03	10	5.958280e-03	5.481800e-04	10	false	GAMG	4.607110e-03	3.955080e-05	5	true
612           	smoothSolver	6.478920e-04	6.097870e-05	10	1.188640e-02	1.125460e-03	10	5.924810e-03	5.463430e-04	10	false	GAMG	4.560370e-03	3.957220e-05	5	true
613           	smoothSolver	6.450050e-04	6.076450e-05	10	1.190680e-02	1.128520e-03	10	5.896150e-03	5.452110e-04	10	false	GAMG	4.525070e-03	3.952210e-05	5	true
614           	smoothSolver	6.428280e-04	6.064010e-05	10	1.192910e-02	1.130760e-03	10	5.883440e-03	5.447730e-04	10	false	GAMG	4.492540e-03	3.922870e-05	5	true
615           	smoothSolver	6.417470e-04	6.058440e-05	10	1.194420e-02	1.131950e-03	10	5.880990e-03	5.447950e-04	10	false	GAMG	4.473850e-03	3.900220e-05	5	true
616           	smoothSolver	6.414220e-04	6.053260e-05	10	1.195060e-02	1.131110e-03	10	5.896140e-03	5.453310e-04	10	false	GAMG	4.468520e-03	3.884970e-05	5	true
617           	smoothSolver	6.411850e-04	6.046470e-05	10	1.193500e-02	1.127090e-03	10	5.914100e-03	5.458070e-04	10	false	GAMG	4.459990e-03	3.862760e-05	5	true
618           	smoothSolver	6.406720e-04	6.038010e-05	10	1.188960e-02	1.119860e-03	10	5.926720e-03	5.462340e-04	10	false	GAMG	4.439660e-03	3.810510e-05	5	true
619           	smoothSolver	6.399360e-04	6.028190e-05	10	1.181950e-02	1.111480e-03	10	5.930160e-03	5.466500e-04	10	false	GAMG	4.421870e-03	3.766830e-05	5	true
620           	smoothSolver	6.385220e-04	6.012800e-05	10	1.173120e-02	1.102440e-03	10	5.924640e-03	5.467870e-04	10	false	GAMG	4.412080e-03	3.751290e-05	5	true
621           	smoothSolver	6.368310e-04	5.990100e-05	10	1.162040e-02	1.092670e-03	10	5.908970e-03	5.459490e-04	10	false	GAMG	4.419730e-03	3.753440e-05	5	true
622           	smoothSolver	6.347770e-04	5.956650e-05	10	1.150710e-02	1.082850e-03	10	5.887810e-03	5.442920e-04	10	false	GAMG	4.431440e-03	3.776300e-05	5	true
623           	smoothSolver	6.327640e-04	5.920040e-05	10	1.140230e-02	1.073000e-03	10	5.861850e-03	5.422390e-04	10	false	GAMG	4.448770e-03	3.815510e-05	5	true
624           	smoothSolver	6.307700e-04	5.890980e-05	10	1.130550e-02	1.064340e-03	10	5.842680e-03	5.406910e-04	10	false	GAMG	4.476170e-03	3.821310e-05	5	true
625           	smoothSolver	6.290190e-04	5.878590e-05	10	1.121980e-02	1.057220e-03	10	5.825050e-03	5.394220e-04	10	false	GAMG	4.501960e-03	3.814310e-05	5	true
626           	smoothSolver	6.276180e-04	5.879120e-05	10	1.115040e-02	1.051530e-03	10	5.813960e-03	5.388720e-04	10	false	GAMG	4.512390e-03	3.821510e-05	5	true
627           	smoothSolver	6.262780e-04	5.881770e-05	10	1.110850e-02	1.047440e-03	10	5.808470e-03	5.384800e-04	10	false	GAMG	4.514210e-03	3.862210e-05	5	true
628           	smoothSolver	6.249960e-04	5.881800e-05	10	1.109200e-02	1.044340e-03	10	5.810230e-03	5.378980e-04	10	false	GAMG	4.515480e-03	3.872070e-05	5	true
629           	smoothSolver	6.235770e-04	5.874790e-05	10	1.109330e-02	1.042620e-03	10	5.810740e-03	5.371000e-04	10	false	GAMG	4.520790e-03	3.884120e-05	5	true
630           	smoothSolver	6.222060e-04	5.861430e-05	10	1.111050e-02	1.043850e-03	10	5.806870e-03	5.365180e-04	10	false	GAMG	4.534290e-03	3.882890e-05	5	true
631           	smoothSolver	6.210130e-04	5.844730e-05	10	1.114550e-02	1.047860e-03	10	5.795280e-03	5.354150e-04	10	false	GAMG	4.553750e-03	3.854380e-05	5	true
632           	smoothSolver	6.200700e-04	5.828670e-05	10	1.118670e-02	1.052820e-03	10	5.775440e-03	5.339440e-04	10	false	GAMG	4.566770e-03	3.800770e-05	5	true
633           	smoothSolver	6.204080e-04	5.818240e-05	10	1.123990e-02	1.058580e-03	10	5.754910e-03	5.325370e-04	10	false	GAMG	4.575190e-03	3.775690e-05	5	true
634           	smoothSolver	6.212620e-04	5.814850e-05	10	1.130280e-02	1.065160e-03	10	5.743370e-03	5.310950e-04	10	false	GAMG	4.577720e-03	3.796830e-05	5	true
635           	smoothSolver	6.231890e-04	5.813100e-05	10	1.136890e-02	1.071670e-03	10	5.745940e-03	5.299690e-04	10	false	GAMG	4.578560e-03	3.823750e-05	5	true
636           	smoothSolver	6.258810e-04	5.811630e-05	10	1.144010e-02	1.077500e-03	10	5.762210e-03	5.301930e-04	10	false	GAMG	4.587620e-03	3.851140e-05	5	true
637           	smoothSolver	6.286510e-04	5.808110e-05	10	1.150280e-02	1.082210e-03	10	5.787050e-03	5.317630e-04	10	false	GAMG	4.597530e-03	3.860000e-05	5	true
638           	smoothSolver	6.305080e-04	5.802330e-05	10	1.155070e-02	1.084690e-03	10	5.809610e-03	5.337360e-04	10	false	GAMG	4.601580e-03	3.838450e-05	5	true
639           	smoothSolver	6.311290e-04	5.793900e-05	10	1.157700e-02	1.085840e-03	10	5.824290e-03	5.349160e-04	10	false	GAMG	4.595100e-03	3.807340e-05	5	true
640           	smoothSolver	6.309060e-04	5.789540e-05	10	1.159040e-02	1.087460e-03	10	5.833490e-03	5.354510e-04	10	false	GAMG	4.582350e-03	3.788580e-05	5	true
641           	smoothSolver	6.301850e-04	5.786800e-05	10	1.159330e-02	1.089380e-03	10	5.832800e-03	5.353710e-04	10	false	GAMG	4.575250e-03	3.807490e-05	5	true
642           	smoothSolver	6.289250e-04	5.780060e-05	10	1.159200e-02	1.090970e-03	10	5.825500e-03	5.346290e-04	10	false	GAMG	4.567420e-03	3.844900e-05	5	true
643           	smoothSolver	6.273740e-04	5.774520e-05	10	1.159960e-02	1.092090e-03	10	5.815040e-03	5.335190e-04	10	false	GAMG	4.563250e-03	3.868680e-05	5	true
644           	smoothSolver	6.256300e-04	5.771060e-05	10	1.161240e-02	1.092810e-03	10	5.808830e-03	5.321750e-04	10	false	GAMG	4.573870e-03	3.867000e-05	5	true
645           	smoothSolver	6.242820e-04	5.770970e-05	10	1.163820e-02	1.093740e-03	10	5.812030e-03	5.308730e-04	10	false	GAMG	4.582080e-03	3.872360e-05	5	true
646           	smoothSolver	6.239720e-04	5.774320e-05	10	1.167900e-02	1.094100e-03	10	5.826780e-03	5.301290e-04	10	false	GAMG	4.592420e-03	3.912680e-05	5	true
647           	smoothSolver	6.246560e-04	5.778700e-05	10	1.173710e-02	1.094210e-03	10	5.850940e-03	5.299630e-04	10	false	GAMG	4.609040e-03	4.009100e-05	5	true
648           	smoothSolver	6.252470e-04	5.779420e-05	10	1.180520e-02	1.093190e-03	10	5.879480e-03	5.296560e-04	10	false	GAMG	4.625750e-03	4.043930e-05	5	true
649           	smoothSolver	6.256650e-04	5.772890e-05	10	1.187780e-02	1.092430e-03	10	5.899910e-03	5.286640e-04	10	false	GAMG	4.640940e-03	4.056870e-05	5	true
650           	smoothSolver	6.265880e-04	5.767900e-05	10	1.196060e-02	1.094840e-03	10	5.917330e-03	5.278740e-04	10	false	GAMG	4.658930e-03	4.066860e-05	5	true
651           	smoothSolver	6.282440e-04	5.769730e-05	10	1.206110e-02	1.101350e-03	10	5.923400e-03	5.272310e-04	10	false	GAMG	4.673460e-03	4.069290e-05	5	true
652           	smoothSolver	6.304520e-04	5.779990e-05	10	1.216620e-02	1.109060e-03	10	5.920340e-03	5.261540e-04	10	false	GAMG	4.685640e-03	4.067200e-05	5	true
653           	smoothSolver	6.328560e-04	5.799060e-05	10	1.226870e-02	1.117070e-03	10	5.916710e-03	5.250670e-04	10	false	GAMG	4.700390e-03	4.057260e-05	5	true
654           	smoothSolver	6.354470e-04	5.827710e-05	10	1.236100e-02	1.125560e-03	10	5.914370e-03	5.244960e-04	10	false	GAMG	4.725740e-03	4.084840e-05	5	true
655           	smoothSolver	6.381250e-04	5.856770e-05	10	1.243170e-02	1.133770e-03	10	5.919180e-03	5.246660e-04	10	false	GAMG	4.757770e-03	4.112750e-05	5	true
656           	smoothSolver	6.412050e-04	5.880620e-05	10	1.248400e-02	1.140750e-03	10	5.933390e-03	5.261380e-04	10	false	GAMG	4.793280e-03	4.150900e-05	5	true
657           	smoothSolver	6.442010e-04	5.899820e-05	10	1.249960e-02	1.144070e-03	10	5.943000e-03	5.288250e-04	10	false	GAMG	4.813630e-03	4.164140e-05	5	true
658           	smoothSolver	6.458770e-04	5.913170e-05	10	1.247680e-02	1.143850e-03	10	5.948430e-03	5.320820e-04	10	false	GAMG	4.816880e-03	4.135860e-05	5	true
659           	smoothSolver	6.456300e-04	5.918320e-05	10	1.243040e-02	1.142780e-03	10	5.942450e-03	5.347500e-04	10	false	GAMG	4.816760e-03	4.092230e-05	5	true
660           	smoothSolver	6.444520e-04	5.919720e-05	10	1.237050e-02	1.143700e-03	10	5.931920e-03	5.368190e-04	10	false	GAMG	4.810600e-03	4.046170e-05	5	true
661           	smoothSolver	6.427450e-04	5.916230e-05	10	1.232210e-02	1.147070e-03	10	5.915730e-03	5.382430e-04	10	false	GAMG	4.797640e-03	4.036600e-05	5	true
662           	smoothSolver	6.404290e-04	5.908890e-05	10	1.228680e-02	1.149960e-03	10	5.893670e-03	5.386120e-04	10	false	GAMG	4.784850e-03	4.050090e-05	5	true
663           	smoothSolver	6.377830e-04	5.901580e-05	10	1.228440e-02	1.152790e-03	10	5.873400e-03	5.380770e-04	10	false	GAMG	4.782690e-03	4.053890e-05	5	true
664           	smoothSolver	6.352630e-04	5.902990e-05	10	1.230150e-02	1.155490e-03	10	5.859520e-03	5.371810e-04	10	false	GAMG	4.779970e-03	4.063320e-05	5	true
665           	smoothSolver	6.333470e-04	5.914350e-05	10	1.232960e-02	1.157720e-03	10	5.855210e-03	5.363810e-04	10	false	GAMG	4.770510e-03	4.061160e-05	5	true
666           	smoothSolver	6.323770e-04	5.927320e-05	10	1.236780e-02	1.159120e-03	10	5.855680e-03	5.359840e-04	10	false	GAMG	4.762410e-03	4.072220e-05	5	true
667           	smoothSolver	6.324680e-04	5.938420e-05	10	1.240120e-02	1.159250e-03	10	5.856860e-03	5.357720e-04	10	false	GAMG	4.760230e-03	4.099620e-05	5	true
668           	smoothSolver	6.328180e-04	5.946740e-05	10	1.242250e-02	1.158310e-03	10	5.852610e-03	5.354440e-04	10	false	GAMG	4.761690e-03	4.114760e-05	5	true
669           	smoothSolver	6.330020e-04	5.952430e-05	10	1.243230e-02	1.156970e-03	10	5.835980e-03	5.340370e-04	10	false	GAMG	4.766150e-03	4.135310e-05	5	true
670           	smoothSolver	6.329600e-04	5.950820e-05	10	1.244200e-02	1.157900e-03	10	5.810510e-03	5.323640e-04	10	false	GAMG	4.766310e-03	4.144980e-05	5	true
671           	smoothSolver	6.331310e-04	5.944360e-05	10	1.246330e-02	1.162420e-03	10	5.774150e-03	5.304810e-04	10	false	GAMG	4.766260e-03	4.114990e-05	5	true
672           	smoothSolver	6.336760e-04	5.944610e-05	10	1.250070e-02	1.168620e-03	10	5.733280e-03	5.278900e-04	10	false	GAMG	4.755330e-03	4.052370e-05	5	true
673           	smoothSolver	6.346600e-04	5.954920e-05	10	1.255000e-02	1.175100e-03	10	5.700680e-03	5.248500e-04	10	false	GAMG	4.746370e-03	4.035560e-05	5	true
674           	smoothSolver	6.369660e-04	5.973360e-05	10	1.260520e-02	1.181420e-03	10	5.688130e-03	5.229310e-04	10	false	GAMG	4.752550e-03	4.049310e-05	5	true
675           	smoothSolver	6.407940e-04	5.996810e-05	10	1.265340e-02	1.185800e-03	10	5.699010e-03	5.224470e-04	10	false	GAMG	4.781710e-03	4.111220e-05	5	true
676           	smoothSolver	6.454490e-04	6.014970e-05	10	1.270350e-02	1.188510e-03	10	5.726130e-03	5.234850e-04	10	false	GAMG	4.809620e-03	4.199200e-05	5	true
677           	smoothSolver	6.502260e-04	6.030620e-05	10	1.275320e-02	1.190030e-03	10	5.760950e-03	5.258540e-04	10	false	GAMG	4.838310e-03	4.185360e-05	5	true
678           	smoothSolver	6.541680e-04	6.044360e-05	10	1.279140e-02	1.190470e-03	10	5.789500e-03	5.280030e-04	10	false	GAMG	4.858130e-03	4.166060e-05	5	true
679           	smoothSolver	6.566520e-04	6.049160e-05	10	1.281320e-02	1.190650e-03	10	5.807130e-03	5.289700e-04	10	false	GAMG	4.868150e-03	4.174250e-05	5	true
680           	smoothSolver	6.581700e-04	6.044840e-05	10	1.281710e-02	1.190850e-03	10	5.816560e-03	5.292590e-04	10	false	GAMG	4.875850e-03	4.186760e-05	5	true
681           	smoothSolver	6.594950e-04	6.036460e-05	10	1.281130e-02	1.192280e-03	10	5.818730e-03	5.289970e-04	10	false	GAMG	4.874700e-03	4.194790e-05	5	true
682           	smoothSolver	6.608900e-04	6.031300e-05	10	1.281180e-02	1.194470e-03	10	5.821870e-03	5.293960e-04	10	false	GAMG	4.868070e-03	4.211600e-05	5	true
683           	smoothSolver	6.619580e-04	6.036320e-05	10	1.281390e-02	1.196410e-03	10	5.828250e-03	5.301200e-04	10	false	GAMG	4.864490e-03	4.195370e-05	5	true
684           	smoothSolver	6.631510e-04	6.053080e-05	10	1.281080e-02	1.196680e-03	10	5.834570e-03	5.304060e-04	10	false	GAMG	4.875300e-03	4.156920e-05	5	true
685           	smoothSolver	6.641480e-04	6.074040e-05	10	1.280230e-02	1.195670e-03	10	5.842280e-03	5.306480e-04	10	false	GAMG	4.881190e-03	4.146940e-05	5	true
686           	smoothSolver	6.651520e-04	6.091690e-05	10	1.279390e-02	1.194000e-03	10	5.852910e-03	5.317620e-04	10	false	GAMG	4.883170e-03	4.165580e-05	5	true
687           	smoothSolver	6.655520e-04	6.103050e-05	10	1.278040e-02	1.191790e-03	10	5.867370e-03	5.334300e-04	10	false	GAMG	4.877410e-03	4.198100e-05	5	true
688           	smoothSolver	6.649770e-04	6.112630e-05	10	1.276220e-02	1.189520e-03	10	5.878460e-03	5.350970e-04	10	false	GAMG	4.871580e-03	4.207890e-05	5	true
689           	smoothSolver	6.640590e-04	6.124730e-05	10	1.274590e-02	1.188680e-03	10	5.884010e-03	5.366430e-04	10	false	GAMG	4.871830e-03	4.220170e-05	5	true
690           	smoothSolver	6.628430e-04	6.143590e-05	10	1.273990e-02	1.189970e-03	10	5.888560e-03	5.387530e-04	10	false	GAMG	4.881470e-03	4.240790e-05	5	true
691           	smoothSolver	6.619170e-04	6.166700e-05	10	1.274280e-02	1.192920e-03	10	5.892660e-03	5.409990e-04	10	false	GAMG	4.891250e-03	4.228120e-05	5	true
692           	smoothSolver	6.616550e-04	6.192070e-05	10	1.275900e-02	1.197950e-03	10	5.907530e-03	5.441610e-04	10	false	GAMG	4.881810e-03	4.189840e-05	5	true
693           	smoothSolver	6.619530e-04	6.219660e-05	10	1.278760e-02	1.205460e-03	10	5.929880e-03	5.477700e-04	10	false	GAMG	4.883170e-03	4.202390e-05	5	true
694           	smoothSolver	6.628220e-04	6.246890e-05	10	1.282750e-02	1.213270e-03	10	5.961920e-03	5.516440e-04	10	false	GAMG	4.905320e-03	4.253460e-05	5	true
695           	smoothSolver	6.641590e-04	6.265260e-05	10	1.288850e-02	1.219900e-03	10	6.009570e-03	5.560730e-04	10	false	GAMG	4.940470e-03	4.326820e-05	5	true
696           	smoothSolver	6.657990e-04	6.274300e-05	10	1.296420e-02	1.224880e-03	10	6.069480e-03	5.614180e-04	10	false	GAMG	4.954560e-03	4.340220e-05	5	true
697           	smoothSolver	6.667020e-04	6.276080e-05	10	1.304350e-02	1.228510e-03	10	6.126490e-03	5.673840e-04	10	false	GAMG	4.952370e-03	4.242350e-05	5	true
698           	smoothSolver	6.667010e-04	6.275580e-05	10	1.312080e-02	1.232500e-03	10	6.173570e-03	5.733100e-04	10	false	GAMG	4.935640e-03	4.165030e-05	5	true
699           	smoothSolver	6.665150e-04	6.275350e-05	10	1.318700e-02	1.237030e-03	10	6.212120e-03	5.784240e-04	10	false	GAMG	4.918150e-03	4.135630e-05	5	true
700           	smoothSolver	6.661440e-04	6.272870e-05	10	1.323390e-02	1.242070e-03	10	6.245580e-03	5.824170e-04	10	false	GAMG	4.904460e-03	4.142630e-05	5	true
701           	smoothSolver	6.653690e-04	6.267400e-05	10	1.327140e-02	1.246530e-03	10	6.267520e-03	5.845310e-04	10	false	GAMG	4.886670e-03	4.179210e-05	5	true
702           	smoothSolver	6.648500e-04	6.262730e-05	10	1.332280e-02	1.250950e-03	10	6.286860e-03	5.856050e-04	10	false	GAMG	4.872880e-03	4.204150e-05	5	true
703           	smoothSolver	6.643410e-04	6.260320e-05	10	1.338560e-02	1.256720e-03	10	6.301310e-03	5.861580e-04	10	false	GAMG	4.865190e-03	4.182400e-05	5	true
704           	smoothSolver	6.640850e-04	6.264340e-05	10	1.342970e-02	1.261880e-03	10	6.310220e-03	5.861440e-04	10	false	GAMG	4.857810e-03	4.152980e-05	5	true
705           	smoothSolver	6.645320e-04	6.270910e-05	10	1.345340e-02	1.264860e-03	10	6.318920e-03	5.863140e-04	10	false	GAMG	4.846860e-03	4.113020e-05	5	true
706           	smoothSolver	6.656100e-04	6.271870e-05	10	1.346250e-02	1.265490e-03	10	6.327750e-03	5.875060e-04	10	false	GAMG	4.832340e-03	4.128990e-05	5	true
707           	smoothSolver	6.670050e-04	6.269870e-05	10	1.346890e-02	1.265160e-03	10	6.339110e-03	5.897770e-04	10	false	GAMG	4.819210e-03	4.142520e-05	5	true
708           	smoothSolver	6.681410e-04	6.260330e-05	10	1.346240e-02	1.264550e-03	10	6.350530e-03	5.920390e-04	10	false	GAMG	4.804330e-03	4.130430e-05	5	true
709           	smoothSolver	6.688600e-04	6.248180e-05	10	1.344990e-02	1.264480e-03	10	6.352080e-03	5.935960e-04	10	false	GAMG	4.799180e-03	4.129520e-05	5	true
710           	smoothSolver	6.693590e-04	6.238710e-05	10	1.344430e-02	1.267310e-03	10	6.352400e-03	5.948950e-04	10	false	GAMG	4.800020e-03	4.146260e-05	5	true
711           	smoothSolver	6.692290e-04	6.234470e-05	10	1.344740e-02	1.271590e-03	10	6.343610e-03	5.949020e-04	10	false	GAMG	4.804320e-03	4.149960e-05	5	true
712           	smoothSolver	6.691330e-04	6.233900e-05	10	1.345970e-02	1.276300e-03	10	6.328260e-03	5.939580e-04	10	false	GAMG	4.801960e-03	4.124710e-05	5	true
713           	smoothSolver	6.692500e-04	6.237550e-05	10	1.347790e-02	1.282480e-03	10	6.313190e-03	5.928310e-04	10	false	GAMG	4.802500e-03	4.117010e-05	5	true
714           	smoothSolver	6.695500e-04	6.243560e-05	10	1.350800e-02	1.289620e-03	10	6.300990e-03	5.920880e-04	10	false	GAMG	4.810820e-03	4.138820e-05	5	true
715           	smoothSolver	6.701040e-04	6.244260e-05	10	1.355210e-02	1.297690e-03	10	6.298820e-03	5.921390e-04	10	false	GAMG	4.828930e-03	4.185490e-05	5	true
716           	smoothSolver	6.704010e-04	6.240430e-05	10	1.360820e-02	1.306910e-03	10	6.305720e-03	5.933350e-04	10	false	GAMG	4.847010e-03	4.185020e-05	5	true
717           	smoothSolver	6.697930e-04	6.236150e-05	10	1.367490e-02	1.315480e-03	10	6.318310e-03	5.954720e-04	10	false	GAMG	4.834570e-03	4.159990e-05	5	true
718           	smoothSolver	6.682750e-04	6.227920e-05	10	1.373900e-02	1.323080e-03	10	6.328450e-03	5.974910e-04	10	false	GAMG	4.803630e-03	4.130690e-05	5	true
719           	smoothSolver	6.665300e-04	6.226090e-05	10	1.378750e-02	1.329480e-03	10	6.332170e-03	5.987960e-04	10	false	GAMG	4.786360e-03	4.097750e-05	5	true
720           	smoothSolver	6.653750e-04	6.230390e-05	10	1.381240e-02	1.334260e-03	10	6.334740e-03	5.996280e-04	10	false	GAMG	4.778440e-03	4.100080e-05	5	true
721           	smoothSolver	6.644230e-04	6.234450e-05	10	1.383080e-02	1.338070e-03	10	6.327680e-03	5.994210e-04	10	false	GAMG	4.778770e-03	4.132660e-05	5	true
722           	smoothSolver	6.639690e-04	6.240290e-05	10	1.385750e-02	1.340890e-03	10	6.321290e-03	5.988800e-04	10	false	GAMG	4.782140e-03	4.193090e-05	5	true
723           	smoothSolver	6.639860e-04	6.251620e-05	10	1.389130e-02	1.344510e-03	10	6.322950e-03	5.991600e-04	10	false	GAMG	4.785990e-03	4.226180e-05	5	true
724           	smoothSolver	6.644180e-04	6.268280e-05	10	1.392170e-02	1.348720e-03	10	6.331240e-03	6.004340e-04	10	false	GAMG	4.793550e-03	4.221620e-05	5	true
725           	smoothSolver	6.653680e-04	6.286510e-05	10	1.393900e-02	1.351260e-03	10	6.338480e-03	6.020070e-04	10	false	GAMG	4.799720e-03	4.216280e-05	5	true
726           	smoothSolver	6.670150e-04	6.300060e-05	10	1.396320e-02	1.352120e-03	10	6.358640e-03	6.039850e-04	10	false	GAMG	4.801970e-03	4.236740e-05	5	true
727           	smoothSolver	6.690300e-04	6.312880e-05	10	1.400370e-02	1.352090e-03	10	6.388570e-03	6.062650e-04	10	false	GAMG	4.805840e-03	4.259040e-05	5	true
728           	smoothSolver	6.708520e-04	6.323210e-05	10	1.405300e-02	1.352680e-03	10	6.418150e-03	6.083700e-04	10	false	GAMG	4.809910e-03	4.275310e-05	5	true
729           	smoothSolver	6.723750e-04	6.333170e-05	10	1.410410e-02	1.354520e-03	10	6.442610e-03	6.099000e-04	10	false	GAMG	4.805450e-03	4.302290e-05	5	true
730           	smoothSolver	6.741010e-04	6.350760e-05	10	1.414340e-02	1.357360e-03	10	6.465160e-03	6.112820e-04	10	false	GAMG	4.802480e-03	4.339240e-05	5	true
731           	smoothSolver	6.754040e-04	6.374020e-05	10	1.417630e-02	1.359590e-03	10	6.482070e-03	6.125340e-04	10	false	GAMG	4.809120e-03	4.331900e-05	5	true
732           	smoothSolver	6.764850e-04	6.398010e-05	10	1.420750e-02	1.359880e-03	10	6.503410e-03	6.136000e-04	10	false	GAMG	4.816430e-03	4.334340e-05	5	true
733           	smoothSolver	6.783480e-04	6.427050e-05	10	1.425120e-02	1.361120e-03	10	6.537640e-03	6.150550e-04	10	false	GAMG	4.829540e-03	4.341540e-05	5	true
734           	smoothSolver	6.815120e-04	6.458890e-05	10	1.430480e-02	1.364380e-03	10	6.588450e-03	6.180620e-04	10	false	GAMG	4.842330e-03	4.383200e-05	5	true
735           	smoothSolver	6.857880e-04	6.490530e-05	10	1.436180e-02	1.367570e-03	10	6.646850e-03	6.224210e-04	10	false	GAMG	4.869500e-03	4.429210e-05	5	true
736           	smoothSolver	6.909250e-04	6.518410e-05	10	1.440530e-02	1.369110e-03	10	6.704830e-03	6.274610e-04	10	false	GAMG	4.889050e-03	4.405130e-05	5	true
737           	smoothSolver	6.955630e-04	6.543120e-05	10	1.443240e-02	1.368530e-03	10	6.751950e-03	6.326580e-04	10	false	GAMG	4.895410e-03	4.339820e-05	5	true
738           	smoothSolver	6.984620e-04	6.560970e-05	10	1.444430e-02	1.368140e-03	10	6.790290e-03	6.368730e-04	10	false	GAMG	4.899960e-03	4.312740e-05	5	true
739           	smoothSolver	7.000630e-04	6.574850e-05	10	1.444040e-02	1.369970e-03	10	6.811160e-03	6.394370e-04	10	false	GAMG	4.907480e-03	4.313930e-05	5	true
740           	smoothSolver	7.011370e-04	6.588610e-05	10	1.442360e-02	1.373700e-03	10	6.818920e-03	6.405790e-04	10	false	GAMG	4.926840e-03	4.366930e-05	5	true
741           	smoothSolver	7.016460e-04	6.602530e-05	10	1.439780e-02	1.378160e-03	10	6.804810e-03	6.403900e-04	10	false	GAMG	4.948200e-03	4.427630e-05	5	true
742           	smoothSolver	7.016780e-04	6.616190e-05	10	1.438990e-02	1.381930e-03	10	6.783530e-03	6.390140e-04	10	false	GAMG	4.974300e-03	4.449220e-05	5	true
743           	smoothSolver	7.014810e-04	6.630630e-05	10	1.439460e-02	1.385860e-03	10	6.761740e-03	6.375520e-04	10	false	GAMG	5.012670e-03	4.455780e-05	5	true
744           	smoothSolver	7.018400e-04	6.642970e-05	10	1.441750e-02	1.390390e-03	10	6.753280e-03	6.371650e-04	10	false	GAMG	5.044950e-03	4.440400e-05	5	true
745           	smoothSolver	7.021000e-04	6.653240e-05	10	1.444050e-02	1.394330e-03	10	6.746680e-03	6.376640e-04	10	false	GAMG	5.063430e-03	4.412520e-05	5	true
746           	smoothSolver	7.026850e-04	6.660430e-05	10	1.447230e-02	1.398430e-03	10	6.749820e-03	6.386210e-04	10	false	GAMG	5.062420e-03	4.403120e-05	5	true
747           	smoothSolver	7.028270e-04	6.663550e-05	10	1.451500e-02	1.402640e-03	10	6.754230e-03	6.395440e-04	10	false	GAMG	5.038570e-03	4.407290e-05	5	true
748           	smoothSolver	7.021410e-04	6.664520e-05	10	1.455240e-02	1.405180e-03	10	6.757960e-03	6.398170e-04	10	false	GAMG	5.020670e-03	4.430760e-05	5	true
749           	smoothSolver	7.008070e-04	6.662930e-05	10	1.457970e-02	1.407900e-03	10	6.749780e-03	6.392100e-04	10	false	GAMG	5.012520e-03	4.419400e-05	5	true
750           	smoothSolver	6.993450e-04	6.660030e-05	10	1.462190e-02	1.411890e-03	10	6.735060e-03	6.379870e-04	10	false	GAMG	4.998260e-03	4.396820e-05	5	true
751           	smoothSolver	6.979010e-04	6.654390e-05	10	1.467310e-02	1.415820e-03	10	6.711350e-03	6.357500e-04	10	false	GAMG	4.977990e-03	4.326440e-05	5	true
752           	smoothSolver	6.965640e-04	6.644210e-05	10	1.473020e-02	1.419260e-03	10	6.688890e-03	6.324460e-04	10	false	GAMG	4.952780e-03	4.234940e-05	5	true
753           	smoothSolver	6.960870e-04	6.635660e-05	10	1.478660e-02	1.422380e-03	10	6.672300e-03	6.286400e-04	10	false	GAMG	4.940900e-03	4.209910e-05	5	true
754           	smoothSolver	6.966590e-04	6.633150e-05	10	1.484110e-02	1.424950e-03	10	6.668540e-03	6.254820e-04	10	false	GAMG	4.921630e-03	4.207130e-05	5	true
755           	smoothSolver	6.977240e-04	6.630260e-05	10	1.489040e-02	1.427160e-03	10	6.671650e-03	6.231330e-04	10	false	GAMG	4.901760e-03	4.210520e-05	5	true
756           	smoothSolver	6.987150e-04	6.619920e-05	10	1.492870e-02	1.427880e-03	10	6.676320e-03	6.211320e-04	10	false	GAMG	4.883730e-03	4.170040e-05	5	true
757           	smoothSolver	6.989380e-04	6.603320e-05	10	1.496080e-02	1.426490e-03	10	6.681060e-03	6.195000e-04	10	false	GAMG	4.858150e-03	4.080810e-05	5	true
758           	smoothSolver	6.983030e-04	6.584400e-05	10	1.498320e-02	1.422610e-03	10	6.683390e-03	6.177890e-04	10	false	GAMG	4.836880e-03	4.038870e-05	5	true
759           	smoothSolver	6.974300e-04	6.564460e-05	10	1.499380e-02	1.418220e-03	10	6.678510e-03	6.155250e-04	10	false	GAMG	4.819210e-03	4.025310e-05	5	true
760           	smoothSolver	6.972820e-04	6.547040e-05	10	1.499740e-02	1.414370e-03	10	6.668080e-03	6.124020e-04	10	false	GAMG	4.812770e-03	4.028590e-05	5	true
761           	smoothSolver	6.978180e-04	6.536470e-05	10	1.498960e-02	1.410860e-03	10	6.648520e-03	6.089570e-04	10	false	GAMG	4.813330e-03	4.038440e-05	5	true
762           	smoothSolver	6.987690e-04	6.533670e-05	10	1.498380e-02	1.409620e-03	10	6.630310e-03	6.057320e-04	10	false	GAMG	4.825870e-03	4.034310e-05	5	true
763           	smoothSolver	7.003500e-04	6.541190e-05	10	1.497240e-02	1.409840e-03	10	6.611970e-03	6.029310e-04	10	false	GAMG	4.851500e-03	4.053390e-05	5	true
764           	smoothSolver	7.026540e-04	6.555910e-05	10	1.494620e-02	1.410440e-03	10	6.596800e-03	6.013700e-04	10	false	GAMG	4.868680e-03	4.090600e-05	5	true
765           	smoothSolver	7.052710e-04	6.572130e-05	10	1.490520e-02	1.409140e-03	10	6.586650e-03	6.013320e-04	10	false	GAMG	4.874810e-03	4.157690e-05	5	true
766           	smoothSolver	7.073690e-04	6.586500e-05	10	1.483420e-02	1.405650e-03	10	6.579580e-03	6.022990e-04	10	false	GAMG	4.866180e-03	4.219340e-05	5	true
767           	smoothSolver	7.082460e-04	6.598170e-05	10	1.474880e-02	1.402250e-03	10	6.568360e-03	6.034030e-04	10	false	GAMG	4.849750e-03	4.231340e-05	5	true
768           	smoothSolver	7.084670e-04	6.610660e-05	10	1.466010e-02	1.398640e-03	10	6.555310e-03	6.048500e-04	10	false	GAMG	4.829240e-03	4.237370e-05	5	true
769           	smoothSolver	7.081760e-04	6.627590e-05	10	1.457420e-02	1.396580e-03	10	6.537500e-03	6.065610e-04	10	false	GAMG	4.815630e-03	4.217500e-05	5	true
770           	smoothSolver	7.077270e-04	6.643080e-05	10	1.450400e-02	1.396190e-03	10	6.524190e-03	6.085470e-04	10	false	GAMG	4.798720e-03	4.182430e-05	5	true
771           	smoothSolver	7.069890e-04	6.656900e-05	10	1.445090e-02	1.395350e-03	10	6.511570e-03	6.104940e-04	10	false	GAMG	4.786320e-03	4.139090e-05	5	true
772           	smoothSolver	7.062190e-04	6.670730e-05	10	1.440470e-02	1.393020e-03	10	6.505060e-03	6.123310e-04	10	false	GAMG	4.774540e-03	4.099920e-05	5	true
773           	smoothSolver	7.060390e-04	6.687810e-05	10	1.436390e-02	1.389510e-03	10	6.508750e-03	6.140510e-04	10	false	GAMG	4.766430e-03	4.081990e-05	5	true
774           	smoothSolver	7.066450e-04	6.710960e-05	10	1.433250e-02	1.386030e-03	10	6.525120e-03	6.168470e-04	10	false	GAMG	4.756230e-03	4.092530e-05	5	true
775           	smoothSolver	7.077040e-04	6.734310e-05	10	1.431200e-02	1.382850e-03	10	6.556310e-03	6.212300e-04	10	false	GAMG	4.744140e-03	4.097590e-05	5	true
776           	smoothSolver	7.085000e-04	6.754040e-05	10	1.429600e-02	1.379390e-03	10	6.592270e-03	6.265460e-04	10	false	GAMG	4.728960e-03	4.052270e-05	5	true
777           	smoothSolver	7.085890e-04	6.767700e-05	10	1.428220e-02	1.375810e-03	10	6.630410e-03	6.320610e-04	10	false	GAMG	4.711450e-03	4.000960e-05	5	true
778           	smoothSolver	7.074840e-04	6.774750e-05	10	1.425940e-02	1.371600e-03	10	6.667470e-03	6.374160e-04	10	false	GAMG	4.702430e-03	4.018830e-05	5	true
779           	smoothSolver	7.055180e-04	6.775630e-05	10	1.421610e-02	1.367130e-03	10	6.699280e-03	6.417000e-04	10	false	GAMG	4.683110e-03	4.017800e-05	5	true
780           	smoothSolver	7.033860e-04	6.766510e-05	10	1.414480e-02	1.361500e-03	10	6.719910e-03	6.445150e-04	10	false	GAMG	4.656990e-03	4.012330e-05	5	true
781           	smoothSolver	7.009550e-04	6.743790e-05	10	1.405590e-02	1.354480e-03	10	6.726370e-03	6.458370e-04	10	false	GAMG	4.633140e-03	4.003540e-05	5	true
782           	smoothSolver	6.981620e-04	6.718650e-05	10	1.396480e-02	1.347070e-03	10	6.723700e-03	6.457540e-04	10	false	GAMG	4.611250e-03	3.972220e-05	5	true
783           	smoothSolver	6.949930e-04	6.691120e-05	10	1.387350e-02	1.338300e-03	10	6.711790e-03	6.439200e-04	10	false	GAMG	4.606650e-03	3.955950e-05	5	true
784           	smoothSolver	6.921150e-04	6.662500e-05	10	1.377810e-02	1.328040e-03	10	6.696310e-03	6.408450e-04	10	false	GAMG	4.604900e-03	3.931640e-05	5	true
785           	smoothSolver	6.899750e-04	6.628950e-05	10	1.368020e-02	1.317150e-03	10	6.682750e-03	6.383040e-04	10	false	GAMG	4.599480e-03	3.933090e-05	5	true
786           	smoothSolver	6.880580e-04	6.585830e-05	10	1.357310e-02	1.304870e-03	10	6.668110e-03	6.367080e-04	10	false	GAMG	4.596420e-03	3.936830e-05	5	true
787           	smoothSolver	6.857870e-04	6.542400e-05	10	1.346290e-02	1.292760e-03	10	6.643590e-03	6.348120e-04	10	false	GAMG	4.597590e-03	3.936150e-05	5	true
788           	smoothSolver	6.832410e-04	6.504710e-05	10	1.337410e-02	1.283150e-03	10	6.619340e-03	6.329110e-04	10	false	GAMG	4.606870e-03	3.940230e-05	5	true
789           	smoothSolver	6.805640e-04	6.476400e-05	10	1.330710e-02	1.278080e-03	10	6.594010e-03	6.312110e-04	10	false	GAMG	4.621470e-03	3.939170e-05	5	true
790           	smoothSolver	6.780520e-04	6.450740e-05	10	1.325150e-02	1.276850e-03	10	6.566820e-03	6.292180e-04	10	false	GAMG	4.636180e-03	3.950290e-05	5	true
791           	smoothSolver	6.755770e-04	6.427290e-05	10	1.321220e-02	1.277140e-03	10	6.534710e-03	6.262320e-04	10	false	GAMG	4.640010e-03	3.946520e-05	5	true
792           	smoothSolver	6.735600e-04	6.407180e-05	10	1.319010e-02	1.277790e-03	10	6.506290e-03	6.228810e-04	10	false	GAMG	4.646000e-03	3.971340e-05	5	true
793           	smoothSolver	6.723460e-04	6.388960e-05	10	1.317990e-02	1.277680e-03	10	6.489020e-03	6.194470e-04	10	false	GAMG	4.649670e-03	4.028600e-05	5	true
794           	smoothSolver	6.716810e-04	6.367550e-05	10	1.316180e-02	1.274410e-03	10	6.482600e-03	6.162040e-04	10	false	GAMG	4.657990e-03	4.106990e-05	5	true
795           	smoothSolver	6.715430e-04	6.341270e-05	10	1.313850e-02	1.268030e-03	10	6.485030e-03	6.136260e-04	10	false	GAMG	4.676350e-03	4.171360e-05	5	true
796           	smoothSolver	6.710890e-04	6.310400e-05	10	1.310300e-02	1.258620e-03	10	6.494060e-03	6.118720e-04	10	false	GAMG	4.695470e-03	4.142620e-05	5	true
797           	smoothSolver	6.703160e-04	6.282580e-05	10	1.304770e-02	1.248160e-03	10	6.493590e-03	6.102610e-04	10	false	GAMG	4.710260e-03	4.082110e-05	5	true
798           	smoothSolver	6.693900e-04	6.256950e-05	10	1.298360e-02	1.237510e-03	10	6.487020e-03	6.077680e-04	10	false	GAMG	4.718240e-03	4.048890e-05	5	true
799           	smoothSolver	6.682820e-04	6.231020e-05	10	1.292230e-02	1.228240e-03	10	6.470520e-03	6.042180e-04	10	false	GAMG	4.735360e-03	4.062020e-05	5	true
800           	smoothSolver	6.669860e-04	6.206360e-05	10	1.286800e-02	1.221360e-03	10	6.447440e-03	5.996410e-04	10	false	GAMG	4.765480e-03	4.104450e-05	5	true
801           	smoothSolver	6.654430e-04	6.185160e-05	10	1.280750e-02	1.215340e-03	10	6.412320e-03	5.944700e-04	10	false	GAMG	4.786700e-03	4.124150e-05	5	true
802           	smoothSolver	6.641040e-04	6.172320e-05	10	1.274630e-02	1.209080e-03	10	6.370380e-03	5.893140e-04	10	false	GAMG	4.803060e-03	4.114230e-05	5	true
803           	smoothSolver	6.631580e-04	6.174470e-05	10	1.267360e-02	1.202500e-03	10	6.326960e-03	5.842490e-04	10	false	GAMG	4.820220e-03	4.108830e-05	5	true
804           	smoothSolver	6.625130e-04	6.182220e-05	10	1.259970e-02	1.195170e-03	10	6.287730e-03	5.797400e-04	10	false	GAMG	4.842110e-03	4.118010e-05	5	true
805           	smoothSolver	6.623510e-04	6.188620e-05	10	1.254300e-02	1.189260e-03	10	6.259200e-03	5.767710e-04	10	false	GAMG	4.850760e-03	4.167330e-05	5	true
806           	smoothSolver	6.632210e-04	6.193200e-05	10	1.251580e-02	1.187380e-03	10	6.248280e-03	5.762870e-04	10	false	GAMG	4.855020e-03	4.211850e-05	5	true
807           	smoothSolver	6.642100e-04	6.199190e-05	10	1.251020e-02	1.188580e-03	10	6.243470e-03	5.769830e-04	10	false	GAMG	4.868100e-03	4.246990e-05	5	true
808           	smoothSolver	6.652550e-04	6.211210e-05	10	1.252280e-02	1.192360e-03	10	6.247650e-03	5.779200e-04	10	false	GAMG	4.881070e-03	4.273940e-05	5	true
809           	smoothSolver	6.660580e-04	6.222810e-05	10	1.257390e-02	1.199420e-03	10	6.251710e-03	5.786330e-04	10	false	GAMG	4.885110e-03	4.263450e-05	5	true
810           	smoothSolver	6.665740e-04	6.237380e-05	10	1.264250e-02	1.206630e-03	10	6.257620e-03	5.797870e-04	10	false	GAMG	4.880500e-03	4.256610e-05	5	true
811           	smoothSolver	6.667790e-04	6.255130e-05	10	1.272140e-02	1.212420e-03	10	6.267970e-03	5.817700e-04	10	false	GAMG	4.867080e-03	4.242220e-05	5	true
812           	smoothSolver	6.677470e-04	6.282370e-05	10	1.280680e-02	1.217060e-03	10	6.294350e-03	5.845580e-04	10	false	GAMG	4.856040e-03	4.259850e-05	5	true
813           	smoothSolver	6.703670e-04	6.318100e-05	10	1.290100e-02	1.221470e-03	10	6.348730e-03	5.881470e-04	10	false	GAMG	4.864390e-03	4.314890e-05	5	true
814           	smoothSolver	6.740530e-04	6.352290e-05	10	1.299870e-02	1.225240e-03	10	6.421270e-03	5.931610e-04	10	false	GAMG	4.879140e-03	4.368500e-05	5	true
815           	smoothSolver	6.783160e-04	6.385000e-05	10	1.308970e-02	1.226450e-03	10	6.500450e-03	5.988770e-04	10	false	GAMG	4.883050e-03	4.376750e-05	5	true
816           	smoothSolver	6.820860e-04	6.416550e-05	10	1.315140e-02	1.224570e-03	10	6.577230e-03	6.049090e-04	10	false	GAMG	4.879030e-03	4.336830e-05	5	true
817           	smoothSolver	6.850120e-04	6.441130e-05	10	1.318610e-02	1.222030e-03	10	6.646070e-03	6.107310e-04	10	false	GAMG	4.865760e-03	4.304900e-05	5	true
818           	smoothSolver	6.872560e-04	6.457910e-05	10	1.319490e-02	1.218800e-03	10	6.699520e-03	6.153580e-04	10	false	GAMG	4.840950e-03	4.308930e-05	5	true
819           	smoothSolver	6.884490e-04	6.457830e-05	10	1.317800e-02	1.215240e-03	10	6.731840e-03	6.178670e-04	10	false	GAMG	4.819370e-03	4.328520e-05	5	true
820           	smoothSolver	6.885670e-04	6.440870e-05	10	1.315320e-02	1.211460e-03	10	6.752520e-03	6.186040e-04	10	false	GAMG	4.801690e-03	4.343410e-05	5	true
821           	smoothSolver	6.876480e-04	6.412860e-05	10	1.313080e-02	1.208160e-03	10	6.760520e-03	6.178420e-04	10	false	GAMG	4.792640e-03	4.327820e-05	5	true
822           	smoothSolver	6.867470e-04	6.384070e-05	10	1.311830e-02	1.205220e-03	10	6.762340e-03	6.161640e-04	10	false	GAMG	4.797850e-03	4.280380e-05	5	true
823           	smoothSolver	6.869710e-04	6.365780e-05	10	1.311650e-02	1.202880e-03	10	6.767580e-03	6.141040e-04	10	false	GAMG	4.819740e-03	4.255010e-05	5	true
824           	smoothSolver	6.879980e-04	6.356200e-05	10	1.311430e-02	1.200060e-03	10	6.768500e-03	6.124080e-04	10	false	GAMG	4.851570e-03	4.244220e-05	5	true
825           	smoothSolver	6.888780e-04	6.348700e-05	10	1.309930e-02	1.194790e-03	10	6.761380e-03	6.107210e-04	10	false	GAMG	4.880820e-03	4.256920e-05	5	true
826           	smoothSolver	6.895670e-04	6.338720e-05	10	1.306340e-02	1.188700e-03	10	6.745800e-03	6.089080e-04	10	false	GAMG	4.903250e-03	4.234170e-05	5	true
827           	smoothSolver	6.894390e-04	6.323380e-05	10	1.301850e-02	1.184960e-03	10	6.717720e-03	6.066990e-04	10	false	GAMG	4.906940e-03	4.198460e-05	5	true
828           	smoothSolver	6.881300e-04	6.309190e-05	10	1.297860e-02	1.184180e-03	10	6.678940e-03	6.044660e-04	10	false	GAMG	4.903300e-03	4.185500e-05	5	true
829           	smoothSolver	6.859050e-04	6.295190e-05	10	1.294460e-02	1.186550e-03	10	6.622540e-03	6.015220e-04	10	false	GAMG	4.894450e-03	4.173270e-05	5	true
830           	smoothSolver	6.829780e-04	6.274800e-05	10	1.292410e-02	1.191590e-03	10	6.563050e-03	5.986700e-04	10	false	GAMG	4.875100e-03	4.160000e-05	5	true
831           	smoothSolver	6.795080e-04	6.247530e-05	10	1.291090e-02	1.197000e-03	10	6.506940e-03	5.958640e-04	10	false	GAMG	4.865400e-03	4.125890e-05	5	true
832           	smoothSolver	6.762670e-04	6.223410e-05	10	1.290060e-02	1.202900e-03	10	6.461020e-03	5.937810e-04	10	false	GAMG	4.866500e-03	4.115640e-05	5	true
833           	smoothSolver	6.743100e-04	6.208090e-05	10	1.289660e-02	1.209130e-03	10	6.438030e-03	5.927120e-04	10	false	GAMG	4.882750e-03	4.141170e-05	5	true
834           	smoothSolver	6.733380e-04	6.199270e-05	10	1.289810e-02	1.214960e-03	10	6.437430e-03	5.935580e-04	10	false	GAMG	4.897480e-03	4.218200e-05	5	true
835           	smoothSolver	6.726940e-04	6.189860e-05	10	1.291050e-02	1.219060e-03	10	6.449770e-03	5.954690e-04	10	false	GAMG	4.907440e-03	4.256820e-05	5	true
836           	smoothSolver	6.714460e-04	6.181150e-05	10	1.292220e-02	1.220590e-03	10	6.463700e-03	5.974240e-04	10	false	GAMG	4.913380e-03	4.246330e-05	5	true
837           	smoothSolver	6.696560e-04	6.177440e-05	10	1.293990e-02	1.221590e-03	10	6.473950e-03	5.983740e-04	10	false	GAMG	4.903570e-03	4.223730e-05	5	true
838           	smoothSolver	6.673010e-04	6.173070e-05	10	1.296670e-02	1.223520e-03	10	6.477870e-03	5.987020e-04	10	false	GAMG	4.883470e-03	4.189180e-05	5	true
839           	smoothSolver	6.649870e-04	6.166430e-05	10	1.298920e-02	1.225230e-03	10	6.473730e-03	5.979490e-04	10	false	GAMG	4.886400e-03	4.190210e-05	5	true
840           	smoothSolver	6.631690e-04	6.159550e-05	10	1.302010e-02	1.226270e-03	10	6.471930e-03	5.966170e-04	10	false	GAMG	4.902020e-03	4.209380e-05	5	true
841           	smoothSolver	6.620190e-04	6.155960e-05	10	1.306590e-02	1.228270e-03	10	6.469980e-03	5.954040e-04	10	false	GAMG	4.911170e-03	4.266130e-05	5	true
842           	smoothSolver	6.611940e-04	6.151710e-05	10	1.310610e-02	1.230900e-03	10	6.462360e-03	5.941470e-04	10	false	GAMG	4.914880e-03	4.275860e-05	5	true
843           	smoothSolver	6.608720e-04	6.151000e-05	10	1.312620e-02	1.233170e-03	10	6.446850e-03	5.924590e-04	10	false	GAMG	4.918940e-03	4.268920e-05	5	true
844           	smoothSolver	6.611930e-04	6.163220e-05	10	1.313250e-02	1.235370e-03	10	6.429080e-03	5.912660e-04	10	false	GAMG	4.912490e-03	4.256010e-05	5	true
845           	smoothSolver	6.623990e-04	6.181300e-05	10	1.312890e-02	1.237200e-03	10	6.409860e-03	5.908760e-04	10	false	GAMG	4.904410e-03	4.250360e-05	5	true
846           	smoothSolver	6.639430e-04	6.200980e-05	10	1.312690e-02	1.237770e-03	10	6.398160e-03	5.908750e-04	10	false	GAMG	4.899330e-03	4.262340e-05	5	true
847           	smoothSolver	6.656770e-04	6.223480e-05	10	1.314710e-02	1.239600e-03	10	6.393180e-03	5.910360e-04	10	false	GAMG	4.906670e-03	4.305580e-05	5	true
848           	smoothSolver	6.675490e-04	6.246640e-05	10	1.318920e-02	1.245750e-03	10	6.392000e-03	5.915850e-04	10	false	GAMG	4.920450e-03	4.353690e-05	5	true
849           	smoothSolver	6.686380e-04	6.265780e-05	10	1.324520e-02	1.253930e-03	10	6.386630e-03	5.919700e-04	10	false	GAMG	4.933140e-03	4.340560e-05	5	true
850           	smoothSolver	6.697570e-04	6.282880e-05	10	1.329640e-02	1.260890e-03	10	6.382240e-03	5.920600e-04	10	false	GAMG	4.930470e-03	4.304960e-05	5	true
851           	smoothSolver	6.708690e-04	6.300310e-05	10	1.332640e-02	1.263500e-03	10	6.381500e-03	5.921630e-04	10	false	GAMG	4.919610e-03	4.280970e-05	5	true
852           	smoothSolver	6.724080e-04	6.321980e-05	10	1.333740e-02	1.262390e-03	10	6.390760e-03	5.928000e-04	10	false	GAMG	4.912370e-03	4.286980e-05	5	true
853           	smoothSolver	6.744560e-04	6.340640e-05	10	1.334600e-02	1.260200e-03	10	6.414340e-03	5.940350e-04	10	false	GAMG	4.917000e-03	4.286190e-05	5	true
854           	smoothSolver	6.770150e-04	6.357190e-05	10	1.336170e-02	1.258870e-03	10	6.458140e-03	5.965550e-04	10	false	GAMG	4.942620e-03	4.302200e-05	5	true
855           	smoothSolver	6.798220e-04	6.373060e-05	10	1.337080e-02	1.257440e-03	10	6.499050e-03	5.995060e-04	10	false	GAMG	4.962820e-03	4.285290e-05	5	true
856           	smoothSolver	6.815480e-04	6.382830e-05	10	1.337070e-02	1.254890e-03	10	6.527890e-03	6.019820e-04	10	false	GAMG	4.966300e-03	4.242430e-05	5	true
857           	smoothSolver	6.819740e-04	6.385650e-05	10	1.335870e-02	1.251510e-03	10	6.538010e-03	6.032020e-04	10	false	GAMG	4.958150e-03	4.241060e-05	5	true
858           	smoothSolver	6.822800e-04	6.388240e-05	10	1.331820e-02	1.249420e-03	10	6.540290e-03	6.040830e-04	10	false	GAMG	4.943670e-03	4.279200e-05	5	true
859           	smoothSolver	6.823420e-04	6.389180e-05	10	1.326720e-02	1.249460e-03	10	6.531180e-03	6.045700e-04	10	false	GAMG	4.939500e-03	4.284150e-05	5	true
860           	smoothSolver	6.822170e-04	6.392930e-05	10	1.322390e-02	1.250320e-03	10	6.516330e-03	6.047120e-04	10	false	GAMG	4.935240e-03	4.278750e-05	5	true
861           	smoothSolver	6.822390e-04	6.401960e-05	10	1.321900e-02	1.252860e-03	10	6.505290e-03	6.046110e-04	10	false	GAMG	4.951490e-03	4.281250e-05	5	true
862           	smoothSolver	6.825250e-04	6.419610e-05	10	1.324500e-02	1.256570e-03	10	6.505260e-03	6.047770e-04	10	false	GAMG	4.982670e-03	4.284730e-05	5	true
863           	smoothSolver	6.829620e-04	6.439620e-05	10	1.329190e-02	1.260290e-03	10	6.516290e-03	6.063210e-04	10	false	GAMG	5.001660e-03	4.260400e-05	5	true
864           	smoothSolver	6.833660e-04	6.456410e-05	10	1.334350e-02	1.263900e-03	10	6.536920e-03	6.093030e-04	10	false	GAMG	5.001390e-03	4.238750e-05	5	true
865           	smoothSolver	6.840560e-04	6.470920e-05	10	1.339710e-02	1.267270e-03	10	6.561340e-03	6.124270e-04	10	false	GAMG	4.992030e-03	4.243000e-05	5	true
866           	smoothSolver	6.845240e-04	6.481300e-05	10	1.345010e-02	1.269800e-03	10	6.592700e-03	6.151680e-04	10	false	GAMG	4.977580e-03	4.264680e-05	5	true
867           	smoothSolver	6.848730e-04	6.492520e-05	10	1.349620e-02	1.270940e-03	10	6.614890e-03	6.167080e-04	10	false	GAMG	4.973080e-03	4.320040e-05	5	true
868           	smoothSolver	6.855480e-04	6.499860e-05	10	1.353990e-02	1.273030e-03	10	6.637650e-03	6.175410e-04	10	false	GAMG	4.970840e-03	4.341830e-05	5	true
869           	smoothSolver	6.863640e-04	6.507430e-05	10	1.359630e-02	1.277610e-03	10	6.651340e-03	6.181910e-04	10	false	GAMG	4.974990e-03	4.317820e-05	5	true
870           	smoothSolver	6.880210e-04	6.525280e-05	10	1.365900e-02	1.282430e-03	10	6.657400e-03	6.183710e-04	10	false	GAMG	4.963290e-03	4.258390e-05	5	true
871           	smoothSolver	6.908670e-04	6.544230e-05	10	1.373390e-02	1.288030e-03	10	6.665310e-03	6.184750e-04	10	false	GAMG	4.954470e-03	4.235090e-05	5	true
872           	smoothSolver	6.945750e-04	6.565840e-05	10	1.382670e-02	1.294470e-03	10	6.687610e-03	6.195070e-04	10	false	GAMG	4.964660e-03	4.276310e-05	5	true
873           	smoothSolver	6.992170e-04	6.590600e-05	10	1.391900e-02	1.300380e-03	10	6.726070e-03	6.216090e-04	10	false	GAMG	4.990420e-03	4.336060e-05	5	true
874           	smoothSolver	7.043860e-04	6.611630e-05	10	1.399140e-02	1.302460e-03	10	6.774880e-03	6.246180e-04	10	false	GAMG	5.015630e-03	4.355940e-05	5	true
875           	smoothSolver	7.092860e-04	6.635350e-05	10	1.401980e-02	1.299150e-03	10	6.827570e-03	6.282570e-04	10	false	GAMG	5.026480e-03	4.343990e-05	5	true
876           	smoothSolver	7.131870e-04	6.662000e-05	10	1.400210e-02	1.291250e-03	10	6.874950e-03	6.321020e-04	10	false	GAMG	5.028260e-03	4.319320e-05	5	true
877           	smoothSolver	7.152920e-04	6.679620e-05	10	1.394170e-02	1.280380e-03	10	6.909110e-03	6.343900e-04	10	false	GAMG	5.035730e-03	4.318090e-05	5	true
878           	smoothSolver	7.166470e-04	6.687570e-05	10	1.385460e-02	1.269610e-03	10	6.931900e-03	6.356590e-04	10	false	GAMG	5.040850e-03	4.313140e-05	5	true
879           	smoothSolver	7.178510e-04	6.692110e-05	10	1.375550e-02	1.261440e-03	10	6.942410e-03	6.363270e-04	10	false	GAMG	5.049380e-03	4.309440e-05	5	true
880           	smoothSolver	7.191530e-04	6.698700e-05	10	1.366110e-02	1.254170e-03	10	6.944490e-03	6.362270e-04	10	false	GAMG	5.051470e-03	4.320510e-05	5	true
881           	smoothSolver	7.200940e-04	6.704260e-05	10	1.356600e-02	1.246780e-03	10	6.935520e-03	6.353060e-04	10	false	GAMG	5.057910e-03	4.317440e-05	5	true
882           	smoothSolver	7.209840e-04	6.709490e-05	10	1.347000e-02	1.240270e-03	10	6.923790e-03	6.338990e-04	10	false	GAMG	5.067290e-03	4.304150e-05	5	true
883           	smoothSolver	7.214940e-04	6.712910e-05	10	1.337440e-02	1.234150e-03	10	6.905240e-03	6.324160e-04	10	false	GAMG	5.072340e-03	4.302320e-05	5	true
884           	smoothSolver	7.222230e-04	6.709650e-05	10	1.328260e-02	1.228860e-03	10	6.887870e-03	6.318640e-04	10	false	GAMG	5.071760e-03	4.328190e-05	5	true
885           	smoothSolver	7.227760e-04	6.701560e-05	10	1.320010e-02	1.223650e-03	10	6.872800e-03	6.316180e-04	10	false	GAMG	5.069520e-03	4.375990e-05	5	true
886           	smoothSolver	7.226510e-04	6.690150e-05	10	1.312700e-02	1.218780e-03	10	6.860790e-03	6.313570e-04	10	false	GAMG	5.074540e-03	4.383980e-05	5	true
887           	smoothSolver	7.209830e-04	6.678510e-05	10	1.306270e-02	1.214630e-03	10	6.839320e-03	6.306220e-04	10	false	GAMG	5.073420e-03	4.379180e-05	5	true
888           	smoothSolver	7.184010e-04	6.667600e-05	10	1.301900e-02	1.213110e-03	10	6.808010e-03	6.291720e-04	10	false	GAMG	5.063960e-03	4.349730e-05	5	true
889           	smoothSolver	7.155720e-04	6.655940e-05	10	1.300630e-02	1.214250e-03	10	6.769900e-03	6.269290e-04	10	false	GAMG	5.040870e-03	4.323750e-05	5	true
890           	smoothSolver	7.128430e-04	6.651230e-05	10	1.301050e-02	1.215880e-03	10	6.726970e-03	6.240150e-04	10	false	GAMG	5.007630e-03	4.249210e-05	5	true
891           	smoothSolver	7.103910e-04	6.652770e-05	10	1.301070e-02	1.215810e-03	10	6.689630e-03	6.200540e-04	10	false	GAMG	4.976070e-03	4.178770e-05	5	true
892           	smoothSolver	7.086520e-04	6.658170e-05	10	1.301370e-02	1.215060e-03	10	6.662860e-03	6.163400e-04	10	false	GAMG	4.956180e-03	4.186870e-05	5	true
893           	smoothSolver	7.080390e-04	6.663770e-05	10	1.301060e-02	1.213580e-03	10	6.648860e-03	6.137620e-04	10	false	GAMG	4.949570e-03	4.215830e-05	5	true
894           	smoothSolver	7.080790e-04	6.663530e-05	10	1.299310e-02	1.210210e-03	10	6.641640e-03	6.123180e-04	10	false	GAMG	4.950950e-03	4.203810e-05	5	true
895           	smoothSolver	7.083760e-04	6.658290e-05	10	1.295010e-02	1.203950e-03	10	6.636410e-03	6.117290e-04	10	false	GAMG	4.950110e-03	4.132710e-05	5	true
896           	smoothSolver	7.085290e-04	6.650480e-05	10	1.287750e-02	1.195130e-03	10	6.625060e-03	6.115540e-04	10	false	GAMG	4.941020e-03	4.067520e-05	5	true
897           	smoothSolver	7.079060e-04	6.637940e-05	10	1.277590e-02	1.183860e-03	10	6.604140e-03	6.105080e-04	10	false	GAMG	4.920500e-03	4.027540e-05	5	true
898           	smoothSolver	7.062750e-04	6.619800e-05	10	1.265070e-02	1.171740e-03	10	6.574290e-03	6.087980e-04	10	false	GAMG	4.903760e-03	4.016440e-05	5	true
899           	smoothSolver	7.046140e-04	6.594680e-05	10	1.252170e-02	1.159830e-03	10	6.540150e-03	6.057930e-04	10	false	GAMG	4.878470e-03	4.038930e-05	5	true
900           	smoothSolver	7.025430e-04	6.568010e-05	10	1.239970e-02	1.148690e-03	10	6.500500e-03	6.017840e-04	10	false	GAMG	4.855070e-03	4.086020e-05	5	true
901           	smoothSolver	6.997100e-04	6.542190e-05	10	1.228340e-02	1.138170e-03	10	6.463160e-03	5.972020e-04	10	false	GAMG	4.842020e-03	4.103920e-05	5	true
902           	smoothSolver	6.965670e-04	6.520590e-05	10	1.218640e-02	1.128050e-03	10	6.432620e-03	5.926950e-04	10	false	GAMG	4.842030e-03	4.099240e-05	5	true
903           	smoothSolver	6.931170e-04	6.499870e-05	10	1.210410e-02	1.118290e-03	10	6.406690e-03	5.885340e-04	10	false	GAMG	4.831570e-03	4.098650e-05	5	true
904           	smoothSolver	6.899400e-04	6.478000e-05	10	1.202680e-02	1.108240e-03	10	6.385860e-03	5.850230e-04	10	false	GAMG	4.815670e-03	4.123780e-05	5	true
905           	smoothSolver	6.869610e-04	6.457330e-05	10	1.195680e-02	1.099150e-03	10	6.370780e-03	5.823940e-04	10	false	GAMG	4.790710e-03	4.122070e-05	5	true
906           	smoothSolver	6.838610e-04	6.438240e-05	10	1.189010e-02	1.090410e-03	10	6.354840e-03	5.805610e-04	10	false	GAMG	4.772050e-03	4.094120e-05	5	true
907           	smoothSolver	6.809250e-04	6.415530e-05	10	1.182760e-02	1.082920e-03	10	6.333750e-03	5.786370e-04	10	false	GAMG	4.762890e-03	4.062110e-05	5	true
908           	smoothSolver	6.774600e-04	6.387230e-05	10	1.177700e-02	1.077630e-03	10	6.299210e-03	5.757630e-04	10	false	GAMG	4.751230e-03	4.070000e-05	5	true
909           	smoothSolver	6.747680e-04	6.357070e-05	10	1.174580e-02	1.074530e-03	10	6.256700e-03	5.717490e-04	10	false	GAMG	4.736130e-03	4.049490e-05	5	true
910           	smoothSolver	6.729600e-04	6.331770e-05	10	1.173700e-02	1.074110e-03	10	6.211680e-03	5.672410e-04	10	false	GAMG	4.718320e-03	3.998320e-05	5	true
911           	smoothSolver	6.719540e-04	6.313910e-05	10	1.174360e-02	1.075380e-03	10	6.169230e-03	5.620120e-04	10	false	GAMG	4.698410e-03	3.947980e-05	5	true
912           	smoothSolver	6.712220e-04	6.296790e-05	10	1.174010e-02	1.076050e-03	10	6.125370e-03	5.562860e-04	10	false	GAMG	4.685250e-03	3.925820e-05	5	true
913           	smoothSolver	6.711380e-04	6.275990e-05	10	1.172400e-02	1.075570e-03	10	6.091150e-03	5.514440e-04	10	false	GAMG	4.681790e-03	3.953240e-05	5	true
914           	smoothSolver	6.705810e-04	6.247400e-05	10	1.169570e-02	1.073620e-03	10	6.057160e-03	5.480050e-04	10	false	GAMG	4.671970e-03	3.926860e-05	5	true
915           	smoothSolver	6.689620e-04	6.207980e-05	10	1.164530e-02	1.069380e-03	10	6.024330e-03	5.454580e-04	10	false	GAMG	4.658580e-03	3.855760e-05	5	true
916           	smoothSolver	6.665010e-04	6.167400e-05	10	1.159160e-02	1.063410e-03	10	5.991350e-03	5.430310e-04	10	false	GAMG	4.651710e-03	3.828810e-05	5	true
917           	smoothSolver	6.633790e-04	6.132780e-05	10	1.152190e-02	1.057930e-03	10	5.952590e-03	5.402480e-04	10	false	GAMG	4.650070e-03	3.837130e-05	5	true
918           	smoothSolver	6.598990e-04	6.098180e-05	10	1.144590e-02	1.054160e-03	10	5.909010e-03	5.371120e-04	10	false	GAMG	4.649960e-03	3.894320e-05	5	true
919           	smoothSolver	6.559880e-04	6.060920e-05	10	1.137820e-02	1.051350e-03	10	5.861270e-03	5.339510e-04	10	false	GAMG	4.647900e-03	3.974300e-05	5	true
920           	smoothSolver	6.525790e-04	6.032800e-05	10	1.133300e-02	1.049650e-03	10	5.817860e-03	5.312370e-04	10	false	GAMG	4.660900e-03	4.025800e-05	5	true
921           	smoothSolver	6.491580e-04	6.013540e-05	10	1.130440e-02	1.048910e-03	10	5.780440e-03	5.287600e-04	10	false	GAMG	4.678960e-03	3.993150e-05	5	true
922           	smoothSolver	6.455370e-04	5.998080e-05	10	1.126800e-02	1.047480e-03	10	5.750160e-03	5.261940e-04	10	false	GAMG	4.687530e-03	3.950540e-05	5	true
923           	smoothSolver	6.414810e-04	5.975140e-05	10	1.123360e-02	1.046040e-03	10	5.717690e-03	5.233670e-04	10	false	GAMG	4.683120e-03	3.937250e-05	5	true
924           	smoothSolver	6.375310e-04	5.941820e-05	10	1.121760e-02	1.045440e-03	10	5.691870e-03	5.208010e-04	10	false	GAMG	4.683190e-03	3.964840e-05	5	true
925           	smoothSolver	6.334540e-04	5.902430e-05	10	1.121480e-02	1.045480e-03	10	5.672450e-03	5.185980e-04	10	false	GAMG	4.690200e-03	3.975390e-05	5	true
926           	smoothSolver	6.291170e-04	5.861670e-05	10	1.122490e-02	1.046090e-03	10	5.659340e-03	5.167880e-04	10	false	GAMG	4.694740e-03	3.962020e-05	5	true
927           	smoothSolver	6.253250e-04	5.829180e-05	10	1.124620e-02	1.048340e-03	10	5.643100e-03	5.152060e-04	10	false	GAMG	4.700790e-03	3.962980e-05	5	true
928           	smoothSolver	6.222250e-04	5.803410e-05	10	1.129260e-02	1.053020e-03	10	5.627560e-03	5.139530e-04	10	false	GAMG	4.719830e-03	3.998710e-05	5	true
929           	smoothSolver	6.193370e-04	5.783280e-05	10	1.135740e-02	1.058130e-03	10	5.607490e-03	5.119250e-04	10	false	GAMG	4.731980e-03	3.985820e-05	5	true
930           	smoothSolver	6.172970e-04	5.768980e-05	10	1.142950e-02	1.064190e-03	10	5.588910e-03	5.097680e-04	10	false	GAMG	4.731760e-03	3.965150e-05	5	true
931           	smoothSolver	6.170500e-04	5.763400e-05	10	1.151280e-02	1.072340e-03	10	5.581470e-03	5.080980e-04	10	false	GAMG	4.738730e-03	3.973700e-05	5	true
932           	smoothSolver	6.179930e-04	5.763910e-05	10	1.159160e-02	1.080140e-03	10	5.586500e-03	5.070280e-04	10	false	GAMG	4.763210e-03	4.011480e-05	5	true
933           	smoothSolver	6.192620e-04	5.761460e-05	10	1.164590e-02	1.084980e-03	10	5.595780e-03	5.062490e-04	10	false	GAMG	4.784480e-03	4.070940e-05	5	true
934           	smoothSolver	6.201130e-04	5.750340e-05	10	1.167600e-02	1.085940e-03	10	5.603060e-03	5.057890e-04	10	false	GAMG	4.782050e-03	4.022170e-05	5	true
935           	smoothSolver	6.195110e-04	5.735500e-05	10	1.168320e-02	1.083860e-03	10	5.605490e-03	5.053540e-04	10	false	GAMG	4.768780e-03	3.938750e-05	5	true
936           	smoothSolver	6.173190e-04	5.721620e-05	10	1.168040e-02	1.082240e-03	10	5.599820e-03	5.043910e-04	10	false	GAMG	4.758940e-03	3.906950e-05	5	true
937           	smoothSolver	6.148590e-04	5.711540e-05	10	1.167110e-02	1.082860e-03	10	5.589870e-03	5.035050e-04	10	false	GAMG	4.744200e-03	3.891700e-05	5	true
938           	smoothSolver	6.127570e-04	5.702740e-05	10	1.166490e-02	1.085590e-03	10	5.575880e-03	5.024620e-04	10	false	GAMG	4.728850e-03	3.906570e-05	5	true
939           	smoothSolver	6.106730e-04	5.695170e-05	10	1.166250e-02	1.087990e-03	10	5.554420e-03	5.005800e-04	10	false	GAMG	4.727940e-03	3.941250e-05	5	true
940           	smoothSolver	6.090070e-04	5.689240e-05	10	1.167540e-02	1.089350e-03	10	5.536950e-03	4.983280e-04	10	false	GAMG	4.740530e-03	3.980220e-05	5	true
941           	smoothSolver	6.082140e-04	5.687490e-05	10	1.170260e-02	1.090600e-03	10	5.528340e-03	4.961140e-04	10	false	GAMG	4.758710e-03	3.985160e-05	5	true
942           	smoothSolver	6.081560e-04	5.693180e-05	10	1.173070e-02	1.092070e-03	10	5.525430e-03	4.947190e-04	10	false	GAMG	4.764720e-03	3.969960e-05	5	true
943           	smoothSolver	6.085940e-04	5.702510e-05	10	1.174110e-02	1.092270e-03	10	5.521020e-03	4.939930e-04	10	false	GAMG	4.758060e-03	3.980590e-05	5	true
944           	smoothSolver	6.095550e-04	5.709090e-05	10	1.174650e-02	1.091840e-03	10	5.523600e-03	4.943490e-04	10	false	GAMG	4.736690e-03	4.007930e-05	5	true
945           	smoothSolver	6.110720e-04	5.718410e-05	10	1.176920e-02	1.091970e-03	10	5.530080e-03	4.956470e-04	10	false	GAMG	4.707660e-03	4.026230e-05	5	true
946           	smoothSolver	6.127650e-04	5.730370e-05	10	1.179820e-02	1.092850e-03	10	5.543480e-03	4.978720e-04	10	false	GAMG	4.694240e-03	3.998340e-05	5	true
947           	smoothSolver	6.146190e-04	5.744010e-05	10	1.183210e-02	1.095100e-03	10	5.554400e-03	5.006660e-04	10	false	GAMG	4.696120e-03	3.957960e-05	5	true
948           	smoothSolver	6.165110e-04	5.761250e-05	10	1.187270e-02	1.099860e-03	10	5.563050e-03	5.034180e-04	10	false	GAMG	4.695500e-03	3.966770e-05	5	true
949           	smoothSolver	6.179630e-04	5.781110e-05	10	1.191580e-02	1.105180e-03	10	5.565130e-03	5.056530e-04	10	false	GAMG	4.688250e-03	3.945140e-05	5	true
950           	smoothSolver	6.196680e-04	5.805050e-05	10	1.194100e-02	1.108670e-03	10	5.562530e-03	5.071680e-04	10	false	GAMG	4.675430e-03	3.909690e-05	5	true
951           	smoothSolver	6.227990e-04	5.835390e-05	10	1.197690e-02	1.112830e-03	10	5.572140e-03	5.087790e-04	10	false	GAMG	4.676000e-03	3.941340e-05	5	true
952           	smoothSolver	6.269250e-04	5.865180e-05	10	1.202780e-02	1.118730e-03	10	5.600890e-03	5.114610e-04	10	false	GAMG	4.691960e-03	3.998750e-05	5	true
953           	smoothSolver	6.310930e-04	5.890310e-05	10	1.208940e-02	1.125100e-03	10	5.638070e-03	5.150200e-04	10	false	GAMG	4.717950e-03	4.072300e-05	5	true
954           	smoothSolver	6.342910e-04	5.912150e-05	10	1.215560e-02	1.130360e-03	10	5.679660e-03	5.190030e-04	10	false	GAMG	4.735670e-03	4.030630e-05	5	true
955           	smoothSolver	6.361350e-04	5.931740e-05	10	1.222250e-02	1.134320e-03	10	5.721930e-03	5.233590e-04	10	false	GAMG	4.742210e-03	3.976600e-05	5	true
956           	smoothSolver	6.365390e-04	5.948240e-05	10	1.228950e-02	1.138260e-03	10	5.764380e-03	5.276270e-04	10	false	GAMG	4.735370e-03	3.979750e-05	5	true
957           	smoothSolver	6.360300e-04	5.964120e-05	10	1.234110e-02	1.142030e-03	10	5.803020e-03	5.314570e-04	10	false	GAMG	4.738460e-03	4.020380e-05	5	true
958           	smoothSolver	6.362400e-04	5.978610e-05	10	1.237820e-02	1.144710e-03	10	5.845610e-03	5.348730e-04	10	false	GAMG	4.737230e-03	4.074310e-05	5	true
959           	smoothSolver	6.373640e-04	5.997640e-05	10	1.241630e-02	1.146570e-03	10	5.887070e-03	5.386090e-04	10	false	GAMG	4.741000e-03	4.154070e-05	5	true
960           	smoothSolver	6.389000e-04	6.019990e-05	10	1.246450e-02	1.147970e-03	10	5.935400e-03	5.420660e-04	10	false	GAMG	4.755520e-03	4.204210e-05	5	true
961           	smoothSolver	6.410180e-04	6.043800e-05	10	1.251420e-02	1.148980e-03	10	5.983290e-03	5.446640e-04	10	false	GAMG	4.776240e-03	4.229100e-05	5	true
962           	smoothSolver	6.441890e-04	6.065080e-05	10	1.255000e-02	1.149860e-03	10	6.024230e-03	5.464780e-04	10	false	GAMG	4.782870e-03	4.224490e-05	5	true
963           	smoothSolver	6.478150e-04	6.081660e-05	10	1.256550e-02	1.149490e-03	10	6.053970e-03	5.477350e-04	10	false	GAMG	4.794440e-03	4.207940e-05	5	true
964           	smoothSolver	6.512490e-04	6.096310e-05	10	1.255850e-02	1.147370e-03	10	6.071480e-03	5.483420e-04	10	false	GAMG	4.799370e-03	4.182820e-05	5	true
965           	smoothSolver	6.541300e-04	6.111280e-05	10	1.255160e-02	1.145540e-03	10	6.081080e-03	5.485860e-04	10	false	GAMG	4.802290e-03	4.151880e-05	5	true
966           	smoothSolver	6.563350e-04	6.125870e-05	10	1.254830e-02	1.145660e-03	10	6.087870e-03	5.486170e-04	10	false	GAMG	4.805660e-03	4.139010e-05	5	true
967           	smoothSolver	6.577880e-04	6.137190e-05	10	1.255430e-02	1.148820e-03	10	6.090060e-03	5.487630e-04	10	false	GAMG	4.814250e-03	4.155950e-05	5	true
968           	smoothSolver	6.590610e-04	6.144760e-05	10	1.256230e-02	1.153810e-03	10	6.088370e-03	5.489020e-04	10	false	GAMG	4.815620e-03	4.176830e-05	5	true
969           	smoothSolver	6.603820e-04	6.157580e-05	10	1.257740e-02	1.159210e-03	10	6.083810e-03	5.489080e-04	10	false	GAMG	4.817400e-03	4.193980e-05	5	true
970           	smoothSolver	6.621640e-04	6.168200e-05	10	1.260550e-02	1.162900e-03	10	6.079360e-03	5.484880e-04	10	false	GAMG	4.826200e-03	4.234490e-05	5	true
971           	smoothSolver	6.645430e-04	6.177160e-05	10	1.263200e-02	1.164240e-03	10	6.079360e-03	5.475610e-04	10	false	GAMG	4.859110e-03	4.291510e-05	5	true
972           	smoothSolver	6.679970e-04	6.186820e-05	10	1.264910e-02	1.164420e-03	10	6.092730e-03	5.474340e-04	10	false	GAMG	4.901270e-03	4.344020e-05	5	true
973           	smoothSolver	6.716880e-04	6.194650e-05	10	1.265290e-02	1.163900e-03	10	6.105540e-03	5.481360e-04	10	false	GAMG	4.945160e-03	4.357890e-05	5	true
974           	smoothSolver	6.746110e-04	6.202980e-05	10	1.262110e-02	1.160310e-03	10	6.108510e-03	5.486730e-04	10	false	GAMG	4.956770e-03	4.286480e-05	5	true
975           	smoothSolver	6.763390e-04	6.208370e-05	10	1.256120e-02	1.155420e-03	10	6.100040e-03	5.488710e-04	10	false	GAMG	4.937110e-03	4.199260e-05	5	true
976           	smoothSolver	6.767780e-04	6.214750e-05	10	1.250620e-02	1.152890e-03	10	6.089450e-03	5.489170e-04	10	false	GAMG	4.905610e-03	4.155350e-05	5	true
977           	smoothSolver	6.763450e-04	6.221340e-05	10	1.246310e-02	1.154090e-03	10	6.079060e-03	5.493660e-04	10	false	GAMG	4.885270e-03	4.167840e-05	5	true
978           	smoothSolver	6.755720e-04	6.222290e-05	10	1.243410e-02	1.157580e-03	10	6.075560e-03	5.505560e-04	10	false	GAMG	4.883210e-03	4.192010e-05	5	true
979           	smoothSolver	6.751770e-04	6.221960e-05	10	1.243290e-02	1.162200e-03	10	6.077300e-03	5.528290e-04	10	false	GAMG	4.892810e-03	4.245050e-05	5	true
980           	smoothSolver	6.749960e-04	6.224520e-05	10	1.245340e-02	1.167470e-03	10	6.096870e-03	5.564380e-04	10	false	GAMG	4.914080e-03	4.318590e-05	5	true
981           	smoothSolver	6.743610e-04	6.233510e-05	10	1.247960e-02	1.171090e-03	10	6.124960e-03	5.605300e-04	10	false	GAMG	4.950150e-03	4.371640e-05	5	true
982           	smoothSolver	6.741500e-04	6.251440e-05	10	1.251380e-02	1.173850e-03	10	6.161380e-03	5.650400e-04	10	false	GAMG	4.966640e-03	4.406320e-05	5	true
983           	smoothSolver	6.748070e-04	6.277290e-05	10	1.255830e-02	1.177030e-03	10	6.208140e-03	5.709830e-04	10	false	GAMG	4.959780e-03	4.418210e-05	5	true
984           	smoothSolver	6.759230e-04	6.305570e-05	10	1.261350e-02	1.180890e-03	10	6.265500e-03	5.775080e-04	10	false	GAMG	4.938320e-03	4.377070e-05	5	true
985           	smoothSolver	6.774820e-04	6.333260e-05	10	1.269900e-02	1.186630e-03	10	6.323510e-03	5.838990e-04	10	false	GAMG	4.933470e-03	4.349260e-05	5	true
986           	smoothSolver	6.793480e-04	6.362970e-05	10	1.281710e-02	1.194530e-03	10	6.389000e-03	5.899490e-04	10	false	GAMG	4.937730e-03	4.371790e-05	5	true
987           	smoothSolver	6.816830e-04	6.396740e-05	10	1.297300e-02	1.205490e-03	10	6.454950e-03	5.955640e-04	10	false	GAMG	4.944130e-03	4.445750e-05	5	true
988           	smoothSolver	6.844060e-04	6.434880e-05	10	1.317150e-02	1.220950e-03	10	6.518500e-03	6.007550e-04	10	false	GAMG	4.948870e-03	4.457930e-05	5	true
989           	smoothSolver	6.882050e-04	6.479280e-05	10	1.339280e-02	1.237840e-03	10	6.574770e-03	6.045000e-04	10	false	GAMG	4.946550e-03	4.410780e-05	5	true
990           	smoothSolver	6.933030e-04	6.531190e-05	10	1.360870e-02	1.253790e-03	10	6.625900e-03	6.069660e-04	10	false	GAMG	4.948300e-03	4.376770e-05	5	true
991           	smoothSolver	6.996830e-04	6.590310e-05	10	1.379540e-02	1.267090e-03	10	6.675270e-03	6.083440e-04	10	false	GAMG	4.957280e-03	4.350560e-05	5	true
992           	smoothSolver	7.072600e-04	6.651220e-05	10	1.394480e-02	1.278050e-03	10	6.727210e-03	6.101000e-04	10	false	GAMG	4.972430e-03	4.336040e-05	5	true
993           	smoothSolver	7.153550e-04	6.704800e-05	10	1.406630e-02	1.288180e-03	10	6.782510e-03	6.138290e-04	10	false	GAMG	4.993710e-03	4.331240e-05	5	true
994           	smoothSolver	7.232920e-04	6.751410e-05	10	1.415410e-02	1.297930e-03	10	6.840350e-03	6.195320e-04	10	false	GAMG	5.009480e-03	4.335210e-05	5	true
995           	smoothSolver	7.298140e-04	6.795480e-05	10	1.419920e-02	1.306730e-03	10	6.889140e-03	6.254860e-04	10	false	GAMG	5.017690e-03	4.361840e-05	5	true
996           	smoothSolver	7.349110e-04	6.840460e-05	10	1.421950e-02	1.315360e-03	10	6.930620e-03	6.314810e-04	10	false	GAMG	5.028910e-03	4.415290e-05	5	true
997           	smoothSolver	7.391290e-04	6.884750e-05	10	1.422990e-02	1.323920e-03	10	6.953530e-03	6.368070e-04	10	false	GAMG	5.043390e-03	4.478450e-05	5	true
998           	smoothSolver	7.429410e-04	6.926700e-05	10	1.424590e-02	1.332410e-03	10	6.969020e-03	6.418670e-04	10	false	GAMG	5.066360e-03	4.546880e-05	5	true
999           	smoothSolver	7.472940e-04	6.971440e-05	10	1.428750e-02	1.342230e-03	10	6.990760e-03	6.468600e-04	10	false	GAMG	5.106310e-03	4.573100e-05	5	true
1000          	smoothSolver	7.520490e-04	7.020850e-05	10	1.435370e-02	1.354070e-03	10	7.018740e-03	6.518760e-04	10	false	GAMG	5.169090e-03	4.570900e-05	5	true
1001          	smoothSolver	7.561520e-04	7.063710e-05	10	1.444540e-02	1.366550e-03	10	7.056160e-03	6.569790e-04	10	false	GAMG	5.234820e-03	4.583950e-05	5	true
1002          	smoothSolver	7.590810e-04	7.100850e-05	10	1.454390e-02	1.378550e-03	10	7.095370e-03	6.624450e-04	10	false	GAMG	5.289850e-03	4.643840e-05	5	true
1003          	smoothSolver	7.618270e-04	7.137110e-05	10	1.465590e-02	1.391970e-03	10	7.137670e-03	6.691760e-04	10	false	GAMG	5.322370e-03	4.710280e-05	5	true
1004          	smoothSolver	7.645710e-04	7.175710e-05	10	1.477430e-02	1.407330e-03	10	7.182520e-03	6.767300e-04	10	false	GAMG	5.330590e-03	4.731630e-05	5	true
1005          	smoothSolver	7.666580e-04	7.214700e-05	10	1.489330e-02	1.422350e-03	10	7.224240e-03	6.840960e-04	10	false	GAMG	5.326290e-03	4.768410e-05	5	true
1006          	smoothSolver	7.681030e-04	7.252110e-05	10	1.501400e-02	1.437310e-03	10	7.266680e-03	6.910630e-04	10	false	GAMG	5.320770e-03	4.799380e-05	5	true
1007          	smoothSolver	7.690340e-04	7.282090e-05	10	1.514470e-02	1.453130e-03	10	7.301650e-03	6.977030e-04	10	false	GAMG	5.312020e-03	4.820290e-05	5	true
1008          	smoothSolver	7.705540e-04	7.313810e-05	10	1.528290e-02	1.468790e-03	10	7.332680e-03	7.042010e-04	10	false	GAMG	5.297200e-03	4.784000e-05	5	true
1009          	smoothSolver	7.725840e-04	7.354370e-05	10	1.542940e-02	1.484650e-03	10	7.369860e-03	7.106890e-04	10	false	GAMG	5.279030e-03	4.696740e-05	5	true
1010          	smoothSolver	7.753100e-04	7.407850e-05	10	1.557890e-02	1.500400e-03	10	7.421230e-03	7.172910e-04	10	false	GAMG	5.272660e-03	4.672030e-05	5	true
1011          	smoothSolver	7.785470e-04	7.467350e-05	10	1.572540e-02	1.515310e-03	10	7.484820e-03	7.240080e-04	10	false	GAMG	5.278700e-03	4.676720e-05	5	true
1012          	smoothSolver	7.818750e-04	7.523450e-05	10	1.586670e-02	1.529050e-03	10	7.550980e-03	7.301220e-04	10	false	GAMG	5.284730e-03	4.721570e-05	5	true
1013          	smoothSolver	7.855840e-04	7.574160e-05	10	1.599040e-02	1.540830e-03	10	7.615830e-03	7.360190e-04	10	false	GAMG	5.284300e-03	4.786900e-05	5	true
1014          	smoothSolver	7.888530e-04	7.616510e-05	10	1.610050e-02	1.550710e-03	10	7.675120e-03	7.423510e-04	10	false	GAMG	5.262630e-03	4.800520e-05	5	true
1015          	smoothSolver	7.907190e-04	7.647530e-05	10	1.617390e-02	1.557770e-03	10	7.725880e-03	7.482040e-04	10	false	GAMG	5.229970e-03	4.755570e-05	5	true
1016          	smoothSolver	7.914290e-04	7.663850e-05	10	1.619860e-02	1.560690e-03	10	7.762800e-03	7.527010e-04	10	false	GAMG	5.203310e-03	4.740990e-05	5	true
1017          	smoothSolver	7.914870e-04	7.670310e-05	10	1.619330e-02	1.561580e-03	10	7.781130e-03	7.557090e-04	10	false	GAMG	5.180420e-03	4.726010e-05	5	true
1018          	smoothSolver	7.911010e-04	7.674270e-05	10	1.617910e-02	1.560150e-03	10	7.779770e-03	7.559160e-04	10	false	GAMG	5.162750e-03	4.751050e-05	5	true
1019          	smoothSolver	7.908950e-04	7.672000e-05	10	1.615820e-02	1.557430e-03	10	7.768740e-03	7.538100e-04	10	false	GAMG	5.155770e-03	4.752340e-05	5	true
1020          	smoothSolver	7.914240e-04	7.668490e-05	10	1.612800e-02	1.554020e-03	10	7.754180e-03	7.510460e-04	10	false	GAMG	5.168360e-03	4.738630e-05	5	true
1021          	smoothSolver	7.923830e-04	7.669040e-05	10	1.609960e-02	1.550210e-03	10	7.737860e-03	7.483220e-04	10	false	GAMG	5.192250e-03	4.711880e-05	5	true
1022          	smoothSolver	7.932020e-04	7.668470e-05	10	1.607440e-02	1.545990e-03	10	7.714830e-03	7.451220e-04	10	false	GAMG	5.206640e-03	4.678140e-05	5	true
1023          	smoothSolver	7.936140e-04	7.661020e-05	10	1.604200e-02	1.540640e-03	10	7.686690e-03	7.415330e-04	10	false	GAMG	5.205550e-03	4.649700e-05	5	true
1024          	smoothSolver	7.935430e-04	7.643360e-05	10	1.600930e-02	1.536060e-03	10	7.661710e-03	7.380010e-04	10	false	GAMG	5.201430e-03	4.631270e-05	5	true
1025          	smoothSolver	7.920490e-04	7.612080e-05	10	1.595750e-02	1.529800e-03	10	7.633400e-03	7.340590e-04	10	false	GAMG	5.196830e-03	4.578230e-05	5	true
1026          	smoothSolver	7.886810e-04	7.568440e-05	10	1.588180e-02	1.522160e-03	10	7.598050e-03	7.293560e-04	10	false	GAMG	5.187870e-03	4.534030e-05	5	true
1027          	smoothSolver	7.842530e-04	7.516200e-05	10	1.580550e-02	1.514440e-03	10	7.557520e-03	7.239770e-04	10	false	GAMG	5.172000e-03	4.518690e-05	5	true
1028          	smoothSolver	7.796400e-04	7.463620e-05	10	1.573360e-02	1.506320e-03	10	7.510970e-03	7.183570e-04	10	false	GAMG	5.154320e-03	4.508530e-05	5	true
1029          	smoothSolver	7.752340e-04	7.418000e-05	10	1.566850e-02	1.497780e-03	10	7.470170e-03	7.124570e-04	10	false	GAMG	5.131430e-03	4.475450e-05	5	true
1030          	smoothSolver	7.722450e-04	7.381730e-05	10	1.560900e-02	1.489380e-03	10	7.441270e-03	7.067180e-04	10	false	GAMG	5.121310e-03	4.424900e-05	5	true
1031          	smoothSolver	7.712860e-04	7.353120e-05	10	1.555900e-02	1.480690e-03	10	7.430780e-03	7.023110e-04	10	false	GAMG	5.132710e-03	4.404920e-05	5	true
1032          	smoothSolver	7.719080e-04	7.326000e-05	10	1.551900e-02	1.471450e-03	10	7.436450e-03	6.994990e-04	10	false	GAMG	5.164010e-03	4.400490e-05	5	true
1033          	smoothSolver	7.734520e-04	7.296090e-05	10	1.549930e-02	1.462000e-03	10	7.452830e-03	6.982130e-04	10	false	GAMG	5.193400e-03	4.392200e-05	5	true
1034          	smoothSolver	7.746860e-04	7.256590e-05	10	1.547880e-02	1.452510e-03	10	7.468170e-03	6.977780e-04	10	false	GAMG	5.203590e-03	4.347000e-05	5	true
1035          	smoothSolver	7.743950e-04	7.214020e-05	10	1.544740e-02	1.444500e-03	10	7.475090e-03	6.972830e-04	10	false	GAMG	5.197700e-03	4.318400e-05	5	true
1036          	smoothSolver	7.733600e-04	7.177530e-05	10	1.540430e-02	1.439060e-03	10	7.466650e-03	6.956690e-04	10	false	GAMG	5.201590e-03	4.304930e-05	5	true
1037          	smoothSolver	7.722070e-04	7.142510e-05	10	1.535000e-02	1.435770e-03	10	7.442970e-03	6.929870e-04	10	false	GAMG	5.216290e-03	4.303260e-05	5	true
1038          	smoothSolver	7.711110e-04	7.107030e-05	10	1.528020e-02	1.433450e-03	10	7.406780e-03	6.899000e-04	10	false	GAMG	5.231480e-03	4.334350e-05	5	true
1039          	smoothSolver	7.698530e-04	7.071870e-05	10	1.522070e-02	1.432840e-03	10	7.362010e-03	6.868010e-04	10	false	GAMG	5.257300e-03	4.344680e-05	5	true
1040          	smoothSolver	7.680480e-04	7.033850e-05	10	1.516710e-02	1.433300e-03	10	7.317940e-03	6.840660e-04	10	false	GAMG	5.289580e-03	4.347510e-05	5	true
1041          	smoothSolver	7.656410e-04	6.996380e-05	10	1.513130e-02	1.433870e-03	10	7.284840e-03	6.813900e-04	10	false	GAMG	5.310170e-03	4.368560e-05	5	true
1042          	smoothSolver	7.627530e-04	6.952810e-05	10	1.511110e-02	1.433390e-03	10	7.256560e-03	6.781620e-04	10	false	GAMG	5.334320e-03	4.434730e-05	5	true
1043          	smoothSolver	7.595320e-04	6.904700e-05	10	1.511790e-02	1.431300e-03	10	7.239060e-03	6.751190e-04	10	false	GAMG	5.359410e-03	4.522460e-05	5	true
1044          	smoothSolver	7.559830e-04	6.860170e-05	10	1.516630e-02	1.428910e-03	10	7.238060e-03	6.726150e-04	10	false	GAMG	5.372750e-03	4.547270e-05	5	true
1045          	smoothSolver	7.513490e-04	6.820920e-05	10	1.522450e-02	1.427900e-03	10	7.232630e-03	6.706040e-04	10	false	GAMG	5.363860e-03	4.520910e-05	5	true
1046          	smoothSolver	7.454190e-04	6.792270e-05	10	1.528960e-02	1.429680e-03	10	7.220580e-03	6.687760e-04	10	false	GAMG	5.356120e-03	4.486360e-05	5	true
1047          	smoothSolver	7.391700e-04	6.771520e-05	10	1.536390e-02	1.433200e-03	10	7.200960e-03	6.667530e-04	10	false	GAMG	5.347480e-03	4.472560e-05	5	true
1048          	smoothSolver	7.332180e-04	6.756250e-05	10	1.543560e-02	1.436800e-03	10	7.180580e-03	6.646900e-04	10	false	GAMG	5.328190e-03	4.461820e-05	5	true
1049          	smoothSolver	7.282550e-04	6.747180e-05	10	1.550130e-02	1.440460e-03	10	7.164580e-03	6.630620e-04	10	false	GAMG	5.301570e-03	4.456200e-05	5	true
1050          	smoothSolver	7.249610e-04	6.743130e-05	10	1.554890e-02	1.443250e-03	10	7.155060e-03	6.614670e-04	10	false	GAMG	5.283510e-03	4.427410e-05	5	true
1051          	smoothSolver	7.234050e-04	6.744430e-05	10	1.554930e-02	1.442970e-03	10	7.159380e-03	6.604170e-04	10	false	GAMG	5.280950e-03	4.440870e-05	5	true
1052          	smoothSolver	7.229850e-04	6.745890e-05	10	1.550970e-02	1.439600e-03	10	7.164930e-03	6.605160e-04	10	false	GAMG	5.286560e-03	4.475180e-05	5	true
1053          	smoothSolver	7.230630e-04	6.740870e-05	10	1.544330e-02	1.433940e-03	10	7.172130e-03	6.615170e-04	10	false	GAMG	5.270070e-03	4.452620e-05	5	true
1054          	smoothSolver	7.225750e-04	6.730080e-05	10	1.534870e-02	1.426630e-03	10	7.167930e-03	6.624610e-04	10	false	GAMG	5.228000e-03	4.383770e-05	5	true
1055          	smoothSolver	7.210920e-04	6.715630e-05	10	1.523880e-02	1.420130e-03	10	7.148960e-03	6.624910e-04	10	false	GAMG	5.182650e-03	4.346010e-05	5	true
1056          	smoothSolver	7.184510e-04	6.700480e-05	10	1.511690e-02	1.415180e-03	10	7.117450e-03	6.615340e-04	10	false	GAMG	5.153690e-03	4.341140e-05	5	true
1057          	smoothSolver	7.155790e-04	6.683660e-05	10	1.500230e-02	1.410980e-03	10	7.083560e-03	6.599270e-04	10	false	GAMG	5.138790e-03	4.380370e-05	5	true
1058          	smoothSolver	7.133720e-04	6.670760e-05	10	1.491480e-02	1.406330e-03	10	7.054660e-03	6.583340e-04	10	false	GAMG	5.136430e-03	4.411760e-05	5	true
1059          	smoothSolver	7.121170e-04	6.666280e-05	10	1.485360e-02	1.401880e-03	10	7.031490e-03	6.573440e-04	10	false	GAMG	5.142770e-03	4.397670e-05	5	true
1060          	smoothSolver	7.114060e-04	6.670540e-05	10	1.478640e-02	1.396690e-03	10	7.009840e-03	6.563240e-04	10	false	GAMG	5.158700e-03	4.396320e-05	5	true
1061          	smoothSolver	7.113870e-04	6.681420e-05	10	1.471230e-02	1.390160e-03	10	6.991500e-03	6.552140e-04	10	false	GAMG	5.162850e-03	4.427630e-05	5	true
1062          	smoothSolver	7.117770e-04	6.693080e-05	10	1.463130e-02	1.382770e-03	10	6.977570e-03	6.544860e-04	10	false	GAMG	5.165380e-03	4.464300e-05	5	true
1063          	smoothSolver	7.127040e-04	6.703670e-05	10	1.454620e-02	1.374670e-03	10	6.971040e-03	6.544110e-04	10	false	GAMG	5.176800e-03	4.505750e-05	5	true
1064          	smoothSolver	7.141120e-04	6.712960e-05	10	1.446990e-02	1.368180e-03	10	6.972290e-03	6.548830e-04	10	false	GAMG	5.191000e-03	4.534370e-05	5	true
1065          	smoothSolver	7.158320e-04	6.719480e-05	10	1.439810e-02	1.363090e-03	10	6.972150e-03	6.555840e-04	10	false	GAMG	5.198180e-03	4.548240e-05	5	true
1066          	smoothSolver	7.177440e-04	6.726110e-05	10	1.432900e-02	1.360030e-03	10	6.965270e-03	6.562040e-04	10	false	GAMG	5.188770e-03	4.554620e-05	5	true
1067          	smoothSolver	7.195580e-04	6.733910e-05	10	1.427410e-02	1.359510e-03	10	6.960250e-03	6.567070e-04	10	false	GAMG	5.168190e-03	4.561590e-05	5	true
1068          	smoothSolver	7.208810e-04	6.739220e-05	10	1.425100e-02	1.360340e-03	10	6.960270e-03	6.574920e-04	10	false	GAMG	5.141400e-03	4.556430e-05	5	true
1069          	smoothSolver	7.217010e-04	6.743220e-05	10	1.425640e-02	1.361660e-03	10	6.972490e-03	6.583800e-04	10	false	GAMG	5.107890e-03	4.568190e-05	5	true
1070          	smoothSolver	7.227530e-04	6.752430e-05	10	1.429400e-02	1.364120e-03	10	6.998780e-03	6.594270e-04	10	false	GAMG	5.090150e-03	4.577390e-05	5	true
1071          	smoothSolver	7.246300e-04	6.767900e-05	10	1.436580e-02	1.368060e-03	10	7.043960e-03	6.611820e-04	10	false	GAMG	5.089360e-03	4.609430e-05	5	true
1072          	smoothSolver	7.271340e-04	6.785250e-05	10	1.446690e-02	1.373560e-03	10	7.097560e-03	6.643230e-04	10	false	GAMG	5.095930e-03	4.624970e-05	5	true
1073          	smoothSolver	7.295660e-04	6.803720e-05	10	1.458870e-02	1.379610e-03	10	7.150720e-03	6.683750e-04	10	false	GAMG	5.102400e-03	4.587910e-05	5	true
1074          	smoothSolver	7.312260e-04	6.823400e-05	10	1.471340e-02	1.386010e-03	10	7.192380e-03	6.719710e-04	10	false	GAMG	5.100580e-03	4.556000e-05	5	true
1075          	smoothSolver	7.321340e-04	6.844390e-05	10	1.482750e-02	1.392990e-03	10	7.225040e-03	6.750620e-04	10	false	GAMG	5.080480e-03	4.534880e-05	5	true
1076          	smoothSolver	7.331640e-04	6.868320e-05	10	1.492640e-02	1.402360e-03	10	7.247550e-03	6.776700e-04	10	false	GAMG	5.054780e-03	4.534480e-05	5	true
1077          	smoothSolver	7.343310e-04	6.888470e-05	10	1.500800e-02	1.412710e-03	10	7.257990e-03	6.796990e-04	10	false	GAMG	5.042150e-03	4.554460e-05	5	true
1078          	smoothSolver	7.356250e-04	6.906250e-05	10	1.508410e-02	1.422690e-03	10	7.263910e-03	6.815690e-04	10	false	GAMG	5.036310e-03	4.540330e-05	5	true
1079          	smoothSolver	7.370780e-04	6.928820e-05	10	1.515180e-02	1.432130e-03	10	7.269470e-03	6.834340e-04	10	false	GAMG	5.036440e-03	4.514460e-05	5	true
1080          	smoothSolver	7.385910e-04	6.957430e-05	10	1.521050e-02	1.441300e-03	10	7.269970e-03	6.846390e-04	10	false	GAMG	5.047210e-03	4.512210e-05	5	true
1081          	smoothSolver	7.407300e-04	6.992180e-05	10	1.525800e-02	1.450720e-03	10	7.270680e-03	6.861050e-04	10	false	GAMG	5.067220e-03	4.526480e-05	5	true
1082          	smoothSolver	7.437180e-04	7.035840e-05	10	1.529640e-02	1.458870e-03	10	7.271060e-03	6.883030e-04	10	false	GAMG	5.071810e-03	4.567410e-05	5	true
1083          	smoothSolver	7.473000e-04	7.082540e-05	10	1.533210e-02	1.466280e-03	10	7.282030e-03	6.920690e-04	10	false	GAMG	5.069090e-03	4.592150e-05	5	true
1084          	smoothSolver	7.503930e-04	7.130190e-05	10	1.535980e-02	1.472140e-03	10	7.300120e-03	6.963870e-04	10	false	GAMG	5.060430e-03	4.609200e-05	5	true
1085          	smoothSolver	7.533440e-04	7.181540e-05	10	1.538920e-02	1.478180e-03	10	7.319610e-03	7.006320e-04	10	false	GAMG	5.050890e-03	4.599390e-05	5	true
1086          	smoothSolver	7.560800e-04	7.227790e-05	10	1.543360e-02	1.486740e-03	10	7.336950e-03	7.048230e-04	10	false	GAMG	5.054190e-03	4.601180e-05	5	true
1087          	smoothSolver	7.586680e-04	7.267740e-05	10	1.549940e-02	1.498440e-03	10	7.354250e-03	7.090360e-04	10	false	GAMG	5.057420e-03	4.548290e-05	5	true
1088          	smoothSolver	7.616400e-04	7.304300e-05	10	1.557210e-02	1.510520e-03	10	7.373530e-03	7.128150e-04	10	false	GAMG	5.067620e-03	4.471280e-05	5	true
1089          	smoothSolver	7.650830e-04	7.336850e-05	10	1.566300e-02	1.522340e-03	10	7.405140e-03	7.163900e-04	10	false	GAMG	5.079500e-03	4.455510e-05	5	true
1090          	smoothSolver	7.695400e-04	7.373130e-05	10	1.578390e-02	1.533730e-03	10	7.451030e-03	7.199400e-04	10	false	GAMG	5.094320e-03	4.516340e-05	5	true
1091          	smoothSolver	7.751680e-04	7.409800e-05	10	1.592520e-02	1.543900e-03	10	7.514080e-03	7.243190e-04	10	false	GAMG	5.103030e-03	4.587590e-05	5	true
1092          	smoothSolver	7.814560e-04	7.441730e-05	10	1.607240e-02	1.552330e-03	10	7.585900e-03	7.292400e-04	10	false	GAMG	5.119700e-03	4.630460e-05	5	true
1093          	smoothSolver	7.876950e-04	7.469830e-05	10	1.617970e-02	1.555550e-03	10	7.655340e-03	7.337290e-04	10	false	GAMG	5.115370e-03	4.596610e-05	5	true
1094          	smoothSolver	7.927420e-04	7.491520e-05	10	1.622890e-02	1.552960e-03	10	7.706470e-03	7.361500e-04	10	false	GAMG	5.106560e-03	4.533730e-05	5	true
1095          	smoothSolver	7.966440e-04	7.513030e-05	10	1.623690e-02	1.546510e-03	10	7.735950e-03	7.362910e-04	10	false	GAMG	5.107610e-03	4.503250e-05	5	true
1096          	smoothSolver	8.001800e-04	7.530440e-05	10	1.621240e-02	1.538650e-03	10	7.753150e-03	7.347760e-04	10	false	GAMG	5.132390e-03	4.504070e-05	5	true
1097          	smoothSolver	8.041380e-04	7.544050e-05	10	1.618660e-02	1.531470e-03	10	7.762010e-03	7.324780e-04	10	false	GAMG	5.171960e-03	4.524380e-05	5	true
1098          	smoothSolver	8.078240e-04	7.554630e-05	10	1.616510e-02	1.524520e-03	10	7.765380e-03	7.300630e-04	10	false	GAMG	5.206940e-03	4.572210e-05	5	true
1099          	smoothSolver	8.111400e-04	7.560030e-05	10	1.615040e-02	1.518760e-03	10	7.766230e-03	7.274400e-04	10	false	GAMG	5.251620e-03	4.602110e-05	5	true
1100          	smoothSolver	8.146620e-04	7.564400e-05	10	1.613220e-02	1.512610e-03	10	7.766770e-03	7.249240e-04	10	false	GAMG	5.291270e-03	4.599430e-05	5	true
1101          	smoothSolver	8.182850e-04	7.573010e-05	10	1.611190e-02	1.506210e-03	10	7.765260e-03	7.229860e-04	10	false	GAMG	5.313070e-03	4.557970e-05	5	true
1102          	smoothSolver	8.218440e-04	7.584970e-05	10	1.610090e-02	1.502110e-03	10	7.759570e-03	7.218370e-04	10	false	GAMG	5.317270e-03	4.553980e-05	5	true
1103          	smoothSolver	8.255170e-04	7.599120e-05	10	1.608810e-02	1.500220e-03	10	7.752620e-03	7.212420e-04	10	false	GAMG	5.314450e-03	4.605670e-05	5	true
1104          	smoothSolver	8.282810e-04	7.611410e-05	10	1.607280e-02	1.500100e-03	10	7.743000e-03	7.206730e-04	10	false	GAMG	5.320140e-03	4.649350e-05	5	true
1105          	smoothSolver	8.295130e-04	7.620140e-05	10	1.605770e-02	1.502090e-03	10	7.721990e-03	7.198490e-04	10	false	GAMG	5.340680e-03	4.719500e-05	5	true
1106          	smoothSolver	8.299640e-04	7.625290e-05	10	1.605600e-02	1.507010e-03	10	7.703200e-03	7.196370e-04	10	false	GAMG	5.368540e-03	4.718040e-05	5	true
1107          	smoothSolver	8.302360e-04	7.631590e-05	10	1.606840e-02	1.515140e-03	10	7.691250e-03	7.207210e-04	10	false	GAMG	5.390450e-03	4.675160e-05	5	true
1108          	smoothSolver	8.302890e-04	7.644960e-05	10	1.609290e-02	1.524460e-03	10	7.687110e-03	7.225320e-04	10	false	GAMG	5.414000e-03	4.630680e-05	5	true
1109          	smoothSolver	8.304540e-04	7.660530e-05	10	1.610610e-02	1.531710e-03	10	7.693060e-03	7.249160e-04	10	false	GAMG	5.446130e-03	4.617700e-05	5	true
1110          	smoothSolver	8.312750e-04	7.678660e-05	10	1.611560e-02	1.536560e-03	10	7.720810e-03	7.286430e-04	10	false	GAMG	5.472420e-03	4.662370e-05	5	true
1111          	smoothSolver	8.318250e-04	7.696480e-05	10	1.612800e-02	1.538320e-03	10	7.763900e-03	7.340640e-04	10	false	GAMG	5.500200e-03	4.718010e-05	5	true
1112          	smoothSolver	8.318510e-04	7.708670e-05	10	1.611980e-02	1.536600e-03	10	7.818880e-03	7.405880e-04	10	false	GAMG	5.525500e-03	4.728950e-05	5	true
1113          	smoothSolver	8.311680e-04	7.719780e-05	10	1.608940e-02	1.531710e-03	10	7.872690e-03	7.473730e-04	10	false	GAMG	5.529200e-03	4.690790e-05	5	true
1114          	smoothSolver	8.300100e-04	7.728500e-05	10	1.604460e-02	1.524870e-03	10	7.920940e-03	7.533160e-04	10	false	GAMG	5.513980e-03	4.612510e-05	5	true
1115          	smoothSolver	8.275290e-04	7.731660e-05	10	1.599960e-02	1.517670e-03	10	7.963530e-03	7.578310e-04	10	false	GAMG	5.486220e-03	4.549460e-05	5	true
1116          	smoothSolver	8.247950e-04	7.724910e-05	10	1.596140e-02	1.511760e-03	10	8.000670e-03	7.606940e-04	10	false	GAMG	5.460240e-03	4.527330e-05	5	true
1117          	smoothSolver	8.223900e-04	7.709730e-05	10	1.594060e-02	1.508250e-03	10	8.033850e-03	7.621970e-04	10	false	GAMG	5.437890e-03	4.534380e-05	5	true
1118          	smoothSolver	8.208320e-04	7.686140e-05	10	1.594870e-02	1.506940e-03	10	8.061110e-03	7.625450e-04	10	false	GAMG	5.421240e-03	4.578370e-05	5	true
1119          	smoothSolver	8.197620e-04	7.660330e-05	10	1.597230e-02	1.505490e-03	10	8.081210e-03	7.617480e-04	10	false	GAMG	5.414170e-03	4.615110e-05	5	true
1120          	smoothSolver	8.188860e-04	7.634990e-05	10	1.601150e-02	1.502500e-03	10	8.094980e-03	7.603000e-04	10	false	GAMG	5.415980e-03	4.599250e-05	5	true
1121          	smoothSolver	8.177780e-04	7.610970e-05	10	1.605000e-02	1.498060e-03	10	8.101240e-03	7.595260e-04	10	false	GAMG	5.413300e-03	4.554100e-05	5	true
1122          	smoothSolver	8.160590e-04	7.583900e-05	10	1.609800e-02	1.494280e-03	10	8.105090e-03	7.590800e-04	10	false	GAMG	5.407020e-03	4.543100e-05	5	true
1123          	smoothSolver	8.139830e-04	7.552690e-05	10	1.614600e-02	1.492500e-03	10	8.108880e-03	7.590960e-04	10	false	GAMG	5.380360e-03	4.540990e-05	5	true
1124          	smoothSolver	8.114170e-04	7.525000e-05	10	1.619630e-02	1.492060e-03	10	8.111040e-03	7.595310e-04	10	false	GAMG	5.341550e-03	4.544210e-05	5	true
1125          	smoothSolver	8.086890e-04	7.499580e-05	10	1.625920e-02	1.493980e-03	10	8.111390e-03	7.608360e-04	10	false	GAMG	5.306140e-03	4.542770e-05	5	true
1126          	smoothSolver	8.056410e-04	7.475580e-05	10	1.632260e-02	1.498190e-03	10	8.111810e-03	7.620480e-04	10	false	GAMG	5.284700e-03	4.492410e-05	5	true
1127          	smoothSolver	8.029690e-04	7.454800e-05	10	1.638480e-02	1.504200e-03	10	8.110490e-03	7.622870e-04	10	false	GAMG	5.261900e-03	4.409250e-05	5	true
1128          	smoothSolver	8.011460e-04	7.435350e-05	10	1.643250e-02	1.510620e-03	10	8.103050e-03	7.613330e-04	10	false	GAMG	5.244120e-03	4.352680e-05	5	true
1129          	smoothSolver	8.000300e-04	7.418580e-05	10	1.645450e-02	1.516060e-03	10	8.084010e-03	7.594860e-04	10	false	GAMG	5.226140e-03	4.320260e-05	5	true
1130          	smoothSolver	7.990050e-04	7.399330e-05	10	1.643390e-02	1.518270e-03	10	8.059950e-03	7.571390e-04	10	false	GAMG	5.215690e-03	4.313480e-05	5	true
1131          	smoothSolver	7.977580e-04	7.375450e-05	10	1.637520e-02	1.517670e-03	10	8.036080e-03	7.550460e-04	10	false	GAMG	5.202470e-03	4.315320e-05	5	true
1132          	smoothSolver	7.953710e-04	7.339800e-05	10	1.628910e-02	1.514720e-03	10	8.013950e-03	7.537170e-04	10	false	GAMG	5.184320e-03	4.305120e-05	5	true
1133          	smoothSolver	7.912160e-04	7.288360e-05	10	1.617490e-02	1.508390e-03	10	7.989460e-03	7.524860e-04	10	false	GAMG	5.157640e-03	4.289620e-05	5	true
1134          	smoothSolver	7.859540e-04	7.227500e-05	10	1.605350e-02	1.500840e-03	10	7.955110e-03	7.502920e-04	10	false	GAMG	5.125330e-03	4.267280e-05	5	true
1135          	smoothSolver	7.795010e-04	7.165940e-05	10	1.592350e-02	1.492950e-03	10	7.901410e-03	7.461590e-04	10	false	GAMG	5.102180e-03	4.252920e-05	5	true
1136          	smoothSolver	7.727330e-04	7.108190e-05	10	1.578850e-02	1.484520e-03	10	7.838570e-03	7.404440e-04	10	false	GAMG	5.099870e-03	4.255170e-05	5	true
1137          	smoothSolver	7.666780e-04	7.059540e-05	10	1.565420e-02	1.474450e-03	10	7.767970e-03	7.336950e-04	10	false	GAMG	5.104050e-03	4.278290e-05	5	true
1138          	smoothSolver	7.618580e-04	7.019730e-05	10	1.553380e-02	1.463400e-03	10	7.694030e-03	7.263500e-04	10	false	GAMG	5.105270e-03	4.297300e-05	5	true
1139          	smoothSolver	7.580980e-04	6.989940e-05	10	1.542080e-02	1.451760e-03	10	7.621220e-03	7.189150e-04	10	false	GAMG	5.120530e-03	4.258220e-05	5	true
1140          	smoothSolver	7.552500e-04	6.967480e-05	10	1.530760e-02	1.439370e-03	10	7.553920e-03	7.117650e-04	10	false	GAMG	5.136450e-03	4.231050e-05	5	true
1141          	smoothSolver	7.529290e-04	6.948680e-05	10	1.520070e-02	1.426940e-03	10	7.491010e-03	7.055550e-04	10	false	GAMG	5.145100e-03	4.243330e-05	5	true
1142          	smoothSolver	7.515360e-04	6.934130e-05	10	1.509750e-02	1.414540e-03	10	7.438770e-03	7.003370e-04	10	false	GAMG	5.162970e-03	4.331810e-05	5	true
1143          	smoothSolver	7.511070e-04	6.923400e-05	10	1.499970e-02	1.402450e-03	10	7.393730e-03	6.957900e-04	10	false	GAMG	5.184430e-03	4.406720e-05	5	true
1144          	smoothSolver	7.506930e-04	6.912620e-05	10	1.490680e-02	1.392990e-03	10	7.353600e-03	6.923060e-04	10	false	GAMG	5.209920e-03	4.403560e-05	5	true
1145          	smoothSolver	7.504500e-04	6.906080e-05	10	1.482420e-02	1.387510e-03	10	7.318500e-03	6.900370e-04	10	false	GAMG	5.237950e-03	4.407710e-05	5	true
1146          	smoothSolver	7.503660e-04	6.903780e-05	10	1.476390e-02	1.386590e-03	10	7.283310e-03	6.885330e-04	10	false	GAMG	5.250290e-03	4.395700e-05	5	true
1147          	smoothSolver	7.501760e-04	6.905780e-05	10	1.471360e-02	1.387440e-03	10	7.249700e-03	6.865910e-04	10	false	GAMG	5.238320e-03	4.377760e-05	5	true
1148          	smoothSolver	7.501420e-04	6.914880e-05	10	1.467550e-02	1.388820e-03	10	7.225170e-03	6.845370e-04	10	false	GAMG	5.219270e-03	4.379310e-05	5	true
1149          	smoothSolver	7.505000e-04	6.934510e-05	10	1.466320e-02	1.391200e-03	10	7.214030e-03	6.824350e-04	10	false	GAMG	5.209710e-03	4.415750e-05	5	true
1150          	smoothSolver	7.509030e-04	6.961540e-05	10	1.467880e-02	1.394870e-03	10	7.217410e-03	6.816490e-04	10	false	GAMG	5.202030e-03	4.464440e-05	5	true
1151          	smoothSolver	7.513060e-04	6.987080e-05	10	1.471430e-02	1.398200e-03	10	7.232990e-03	6.828500e-04	10	false	GAMG	5.189170e-03	4.476780e-05	5	true
1152          	smoothSolver	7.519890e-04	7.010340e-05	10	1.476250e-02	1.399740e-03	10	7.261880e-03	6.857710e-04	10	false	GAMG	5.169180e-03	4.468490e-05	5	true
1153          	smoothSolver	7.519860e-04	7.036150e-05	10	1.482930e-02	1.400270e-03	10	7.297000e-03	6.893130e-04	10	false	GAMG	5.149530e-03	4.471710e-05	5	true
1154          	smoothSolver	7.516680e-04	7.059340e-05	10	1.489630e-02	1.401230e-03	10	7.339320e-03	6.928870e-04	10	false	GAMG	5.132720e-03	4.470580e-05	5	true
1155          	smoothSolver	7.516620e-04	7.086540e-05	10	1.496650e-02	1.403780e-03	10	7.379120e-03	6.957020e-04	10	false	GAMG	5.127890e-03	4.482590e-05	5	true
1156          	smoothSolver	7.529050e-04	7.119160e-05	10	1.504170e-02	1.408070e-03	10	7.415660e-03	6.981970e-04	10	false	GAMG	5.138550e-03	4.514440e-05	5	true
1157          	smoothSolver	7.553450e-04	7.146780e-05	10	1.512060e-02	1.414050e-03	10	7.444360e-03	7.004260e-04	10	false	GAMG	5.160030e-03	4.583150e-05	5	true
1158          	smoothSolver	7.592280e-04	7.174380e-05	10	1.520510e-02	1.421290e-03	10	7.466760e-03	7.027120e-04	10	false	GAMG	5.186960e-03	4.643360e-05	5	true
1159          	smoothSolver	7.644640e-04	7.209790e-05	10	1.528560e-02	1.429060e-03	10	7.494450e-03	7.059340e-04	10	false	GAMG	5.224740e-03	4.672960e-05	5	true
1160          	smoothSolver	7.704960e-04	7.250540e-05	10	1.535120e-02	1.436270e-03	10	7.525790e-03	7.096460e-04	10	false	GAMG	5.259560e-03	4.658150e-05	5	true
1161          	smoothSolver	7.761900e-04	7.293030e-05	10	1.538590e-02	1.440200e-03	10	7.547480e-03	7.133530e-04	10	false	GAMG	5.272290e-03	4.641070e-05	5	true
1162          	smoothSolver	7.810130e-04	7.329370e-05	10	1.538410e-02	1.441940e-03	10	7.561740e-03	7.172240e-04	10	false	GAMG	5.271760e-03	4.649360e-05	5	true
1163          	smoothSolver	7.846610e-04	7.358110e-05	10	1.537440e-02	1.444100e-03	10	7.583000e-03	7.216310e-04	10	false	GAMG	5.255590e-03	4.659870e-05	5	true
1164          	smoothSolver	7.868740e-04	7.385200e-05	10	1.535470e-02	1.446300e-03	10	7.602470e-03	7.268740e-04	10	false	GAMG	5.238290e-03	4.637460e-05	5	true
1165          	smoothSolver	7.883520e-04	7.419190e-05	10	1.533580e-02	1.450470e-03	10	7.614530e-03	7.325420e-04	10	false	GAMG	5.207850e-03	4.594570e-05	5	true
1166          	smoothSolver	7.895270e-04	7.457280e-05	10	1.533030e-02	1.457530e-03	10	7.624220e-03	7.378380e-04	10	false	GAMG	5.175180e-03	4.567170e-05	5	true
1167          	smoothSolver	7.900460e-04	7.494010e-05	10	1.535600e-02	1.467270e-03	10	7.630320e-03	7.424030e-04	10	false	GAMG	5.144420e-03	4.565630e-05	5	true
1168          	smoothSolver	7.898180e-04	7.531130e-05	10	1.541900e-02	1.479650e-03	10	7.640410e-03	7.460280e-04	10	false	GAMG	5.119910e-03	4.596140e-05	5	true
1169          	smoothSolver	7.896410e-04	7.569870e-05	10	1.551300e-02	1.493770e-03	10	7.658200e-03	7.490180e-04	10	false	GAMG	5.105860e-03	4.630860e-05	5	true
1170          	smoothSolver	7.902250e-04	7.608850e-05	10	1.562750e-02	1.507870e-03	10	7.692560e-03	7.528510e-04	10	false	GAMG	5.090010e-03	4.655460e-05	5	true
1171          	smoothSolver	7.918760e-04	7.645180e-05	10	1.575820e-02	1.520510e-03	10	7.740760e-03	7.576260e-04	10	false	GAMG	5.074920e-03	4.689970e-05	5	true
1172          	smoothSolver	7.949460e-04	7.678820e-05	10	1.589830e-02	1.530730e-03	10	7.795620e-03	7.624980e-04	10	false	GAMG	5.060880e-03	4.687900e-05	5	true
1173          	smoothSolver	7.987740e-04	7.708920e-05	10	1.604320e-02	1.537650e-03	10	7.851170e-03	7.668790e-04	10	false	GAMG	5.040180e-03	4.659900e-05	5	true
1174          	smoothSolver	8.034490e-04	7.740500e-05	10	1.617800e-02	1.543000e-03	10	7.903900e-03	7.698380e-04	10	false	GAMG	5.017010e-03	4.641930e-05	5	true
1175          	smoothSolver	8.084690e-04	7.772380e-05	10	1.628830e-02	1.549000e-03	10	7.948230e-03	7.706350e-04	10	false	GAMG	5.011620e-03	4.646260e-05	5	true
1176          	smoothSolver	8.138900e-04	7.799980e-05	10	1.637750e-02	1.554260e-03	10	7.987860e-03	7.702320e-04	10	false	GAMG	5.022340e-03	4.651540e-05	5	true
1177          	smoothSolver	8.192720e-04	7.821510e-05	10	1.644070e-02	1.556580e-03	10	8.015590e-03	7.696710e-04	10	false	GAMG	5.037990e-03	4.663230e-05	5	true
1178          	smoothSolver	8.241780e-04	7.834980e-05	10	1.649700e-02	1.556780e-03	10	8.040050e-03	7.685950e-04	10	false	GAMG	5.060820e-03	4.666140e-05	5	true
1179          	smoothSolver	8.290960e-04	7.844470e-05	10	1.654980e-02	1.554310e-03	10	8.060000e-03	7.665420e-04	10	false	GAMG	5.094010e-03	4.674000e-05	5	true
1180          	smoothSolver	8.340720e-04	7.847100e-05	10	1.658780e-02	1.550610e-03	10	8.076700e-03	7.644960e-04	10	false	GAMG	5.122980e-03	4.670080e-05	5	true
1181          	smoothSolver	8.384180e-04	7.838570e-05	10	1.659730e-02	1.546400e-03	10	8.087280e-03	7.628700e-04	10	false	GAMG	5.150380e-03	4.687130e-05	5	true
1182          	smoothSolver	8.419290e-04	7.823330e-05	10	1.657660e-02	1.541850e-03	10	8.095950e-03	7.613860e-04	10	false	GAMG	5.184860e-03	4.734820e-05	5	true
1183          	smoothSolver	8.437140e-04	7.802320e-05	10	1.652540e-02	1.536960e-03	10	8.094730e-03	7.598080e-04	10	false	GAMG	5.219200e-03	4.764520e-05	5	true
1184          	smoothSolver	8.435780e-04	7.781720e-05	10	1.643940e-02	1.532110e-03	10	8.088160e-03	7.591140e-04	10	false	GAMG	5.252090e-03	4.786100e-05	5	true
1185          	smoothSolver	8.422020e-04	7.764460e-05	10	1.635010e-02	1.530470e-03	10	8.066400e-03	7.587750e-04	10	false	GAMG	5.289200e-03	4.828500e-05	5	true
1186          	smoothSolver	8.401970e-04	7.749420e-05	10	1.628310e-02	1.532810e-03	10	8.039910e-03	7.581580e-04	10	false	GAMG	5.311970e-03	4.858120e-05	5	true
1187          	smoothSolver	8.386060e-04	7.740040e-05	10	1.623930e-02	1.537220e-03	10	8.011980e-03	7.575490e-04	10	false	GAMG	5.335310e-03	4.840450e-05	5	true
1188          	smoothSolver	8.373690e-04	7.736830e-05	10	1.620870e-02	1.542510e-03	10	7.988770e-03	7.576270e-04	10	false	GAMG	5.354910e-03	4.835110e-05	5	true
1189          	smoothSolver	8.365650e-04	7.739170e-05	10	1.618020e-02	1.545590e-03	10	7.978660e-03	7.578990e-04	10	false	GAMG	5.380900e-03	4.867030e-05	5	true
1190          	smoothSolver	8.358450e-04	7.741240e-05	10	1.613800e-02	1.545160e-03	10	7.984730e-03	7.588180e-04	10	false	GAMG	5.406910e-03	4.912540e-05	5	true
1191          	smoothSolver	8.344540e-04	7.732870e-05	10	1.608960e-02	1.542050e-03	10	7.999150e-03	7.613540e-04	10	false	GAMG	5.423230e-03	4.946870e-05	5	true
1192          	smoothSolver	8.318660e-04	7.719010e-05	10	1.603100e-02	1.536030e-03	10	8.013950e-03	7.648400e-04	10	false	GAMG	5.425500e-03	4.895150e-05	5	true
1193          	smoothSolver	8.281040e-04	7.703940e-05	10	1.597460e-02	1.528910e-03	10	8.021330e-03	7.674310e-04	10	false	GAMG	5.415610e-03	4.846680e-05	5	true
1194          	smoothSolver	8.234750e-04	7.689070e-05	10	1.592380e-02	1.523860e-03	10	8.024770e-03	7.689400e-04	10	false	GAMG	5.418160e-03	4.828720e-05	5	true
1195          	smoothSolver	8.187190e-04	7.667030e-05	10	1.588030e-02	1.522570e-03	10	8.021310e-03	7.691060e-04	10	false	GAMG	5.426070e-03	4.821160e-05	5	true
1196          	smoothSolver	8.146500e-04	7.637500e-05	10	1.586830e-02	1.524330e-03	10	8.015150e-03	7.680880e-04	10	false	GAMG	5.433320e-03	4.813990e-05	5	true
1197          	smoothSolver	8.112840e-04	7.610430e-05	10	1.588880e-02	1.527750e-03	10	8.017960e-03	7.667200e-04	10	false	GAMG	5.437790e-03	4.849930e-05	5	true
1198          	smoothSolver	8.090900e-04	7.589030e-05	10	1.593750e-02	1.531030e-03	10	8.032950e-03	7.651710e-04	10	false	GAMG	5.452950e-03	4.870060e-05	5	true
1199          	smoothSolver	8.075570e-04	7.576310e-05	10	1.599750e-02	1.531610e-03	10	8.051750e-03	7.625610e-04	10	false	GAMG	5.478410e-03	4.856010e-05	5	true
1200          	smoothSolver	8.068190e-04	7.573590e-05	10	1.606460e-02	1.530330e-03	10	8.073260e-03	7.600110e-04	10	false	GAMG	5.488990e-03	4.838970e-05	5	true
1201          	smoothSolver	8.066140e-04	7.570270e-05	10	1.614460e-02	1.530700e-03	10	8.100990e-03	7.593360e-04	10	false	GAMG	5.489450e-03	4.868920e-05	5	true
1202          	smoothSolver	8.068080e-04	7.565430e-05	10	1.623440e-02	1.533280e-03	10	8.132040e-03	7.596590e-04	10	false	GAMG	5.487390e-03	4.851490e-05	5	true
1203          	smoothSolver	8.065340e-04	7.563760e-05	10	1.631920e-02	1.535510e-03	10	8.150990e-03	7.593650e-04	10	false	GAMG	5.482340e-03	4.824220e-05	5	true
1204          	smoothSolver	8.062660e-04	7.565000e-05	10	1.639680e-02	1.539060e-03	10	8.154650e-03	7.582410e-04	10	false	GAMG	5.468940e-03	4.818110e-05	5	true
1205          	smoothSolver	8.059510e-04	7.567100e-05	10	1.648010e-02	1.544750e-03	10	8.146980e-03	7.562430e-04	10	false	GAMG	5.459370e-03	4.844170e-05	5	true
1206          	smoothSolver	8.058360e-04	7.566080e-05	10	1.656610e-02	1.552740e-03	10	8.135760e-03	7.542980e-04	10	false	GAMG	5.449810e-03	4.828180e-05	5	true
1207          	smoothSolver	8.069730e-04	7.567390e-05	10	1.664880e-02	1.561840e-03	10	8.125390e-03	7.532650e-04	10	false	GAMG	5.426080e-03	4.756950e-05	5	true
1208          	smoothSolver	8.093680e-04	7.575200e-05	10	1.671360e-02	1.570510e-03	10	8.120920e-03	7.534260e-04	10	false	GAMG	5.406800e-03	4.737940e-05	5	true
1209          	smoothSolver	8.125290e-04	7.585200e-05	10	1.676170e-02	1.578260e-03	10	8.126770e-03	7.547800e-04	10	false	GAMG	5.405750e-03	4.737460e-05	5	true
1210          	smoothSolver	8.159940e-04	7.590730e-05	10	1.680040e-02	1.585170e-03	10	8.143160e-03	7.564580e-04	10	false	GAMG	5.425810e-03	4.763720e-05	5	true
1211          	smoothSolver	8.192640e-04	7.592500e-05	10	1.682320e-02	1.591230e-03	10	8.160750e-03	7.587010e-04	10	false	GAMG	5.439050e-03	4.774600e-05	5	true
1212          	smoothSolver	8.210840e-04	7.596360e-05	10	1.682020e-02	1.594810e-03	10	8.169350e-03	7.611730e-04	10	false	GAMG	5.431990e-03	4.747560e-05	5	true
1213          	smoothSolver	8.214060e-04	7.602700e-05	10	1.678810e-02	1.596080e-03	10	8.155130e-03	7.620800e-04	10	false	GAMG	5.414770e-03	4.712080e-05	5	true
1214          	smoothSolver	8.206550e-04	7.611760e-05	10	1.674500e-02	1.596940e-03	10	8.130690e-03	7.614610e-04	10	false	GAMG	5.400320e-03	4.692070e-05	5	true
1215          	smoothSolver	8.195780e-04	7.619200e-05	10	1.670680e-02	1.598410e-03	10	8.098250e-03	7.599770e-04	10	false	GAMG	5.388690e-03	4.685870e-05	5	true
1216          	smoothSolver	8.184300e-04	7.622940e-05	10	1.668200e-02	1.600760e-03	10	8.062030e-03	7.583130e-04	10	false	GAMG	5.384170e-03	4.690250e-05	5	true
1217          	smoothSolver	8.176100e-04	7.621540e-05	10	1.665820e-02	1.602590e-03	10	8.029830e-03	7.568900e-04	10	false	GAMG	5.383040e-03	4.693650e-05	5	true
1218          	smoothSolver	8.170370e-04	7.622920e-05	10	1.662600e-02	1.602630e-03	10	8.006330e-03	7.561610e-04	10	false	GAMG	5.375400e-03	4.711760e-05	5	true
1219          	smoothSolver	8.170390e-04	7.637220e-05	10	1.657940e-02	1.599510e-03	10	7.991420e-03	7.564290e-04	10	false	GAMG	5.367580e-03	4.771940e-05	5	true
1220          	smoothSolver	8.176860e-04	7.659080e-05	10	1.652830e-02	1.593280e-03	10	7.987140e-03	7.572270e-04	10	false	GAMG	5.379990e-03	4.834070e-05	5	true
1221          	smoothSolver	8.193290e-04	7.676020e-05	10	1.646040e-02	1.584820e-03	10	7.988030e-03	7.582650e-04	10	false	GAMG	5.382400e-03	4.861310e-05	5	true
1222          	smoothSolver	8.213270e-04	7.686210e-05	10	1.638600e-02	1.575530e-03	10	7.992670e-03	7.592720e-04	10	false	GAMG	5.375540e-03	4.799750e-05	5	true
1223          	smoothSolver	8.224100e-04	7.694660e-05	10	1.630310e-02	1.565710e-03	10	7.982530e-03	7.592940e-04	10	false	GAMG	5.383370e-03	4.740630e-05	5	true
1224          	smoothSolver	8.231670e-04	7.704510e-05	10	1.623050e-02	1.558080e-03	10	7.966730e-03	7.587080e-04	10	false	GAMG	5.400970e-03	4.723750e-05	5	true
1225          	smoothSolver	8.235360e-04	7.712690e-05	10	1.619070e-02	1.554920e-03	10	7.947660e-03	7.583620e-04	10	false	GAMG	5.413930e-03	4.739010e-05	5	true
1226          	smoothSolver	8.237500e-04	7.714130e-05	10	1.617830e-02	1.554390e-03	10	7.934020e-03	7.588430e-04	10	false	GAMG	5.413600e-03	4.743630e-05	5	true
1227          	smoothSolver	8.236640e-04	7.705540e-05	10	1.618970e-02	1.555550e-03	10	7.928510e-03	7.594150e-04	10	false	GAMG	5.394490e-03	4.716350e-05	5	true
1228          	smoothSolver	8.236150e-04	7.696510e-05	10	1.620840e-02	1.556860e-03	10	7.933870e-03	7.600320e-04	10	false	GAMG	5.373890e-03	4.731490e-05	5	true
1229          	smoothSolver	8.239710e-04	7.687290e-05	10	1.622750e-02	1.556160e-03	10	7.957540e-03	7.614760e-04	10	false	GAMG	5.365170e-03	4.764810e-05	5	true
1230          	smoothSolver	8.238370e-04	7.673620e-05	10	1.623670e-02	1.552240e-03	10	7.988640e-03	7.630620e-04	10	false	GAMG	5.381780e-03	4.814670e-05	5	true
1231          	smoothSolver	8.231880e-04	7.658120e-05	10	1.622810e-02	1.545720e-03	10	8.014140e-03	7.637900e-04	10	false	GAMG	5.383750e-03	4.790970e-05	5	true
1232          	smoothSolver	8.213380e-04	7.639450e-05	10	1.618920e-02	1.537520e-03	10	8.026270e-03	7.639600e-04	10	false	GAMG	5.376850e-03	4.717430e-05	5	true
1233          	smoothSolver	8.174270e-04	7.614040e-05	10	1.613820e-02	1.529620e-03	10	8.017160e-03	7.627710e-04	10	false	GAMG	5.355270e-03	4.652010e-05	5	true
1234          	smoothSolver	8.126020e-04	7.585280e-05	10	1.607680e-02	1.522040e-03	10	7.997660e-03	7.598940e-04	10	false	GAMG	5.337260e-03	4.631710e-05	5	true
1235          	smoothSolver	8.072700e-04	7.549970e-05	10	1.600380e-02	1.515510e-03	10	7.963680e-03	7.551530e-04	10	false	GAMG	5.318300e-03	4.604730e-05	5	true
1236          	smoothSolver	8.021880e-04	7.506400e-05	10	1.593570e-02	1.508800e-03	10	7.923330e-03	7.500090e-04	10	false	GAMG	5.304420e-03	4.597980e-05	5	true
1237          	smoothSolver	7.981910e-04	7.459440e-05	10	1.587230e-02	1.502130e-03	10	7.876140e-03	7.444500e-04	10	false	GAMG	5.313910e-03	4.602880e-05	5	true
1238          	smoothSolver	7.945410e-04	7.412460e-05	10	1.580150e-02	1.495560e-03	10	7.828690e-03	7.386370e-04	10	false	GAMG	5.327390e-03	4.582860e-05	5	true
1239          	smoothSolver	7.918310e-04	7.367490e-05	10	1.571910e-02	1.488290e-03	10	7.768560e-03	7.323120e-04	10	false	GAMG	5.340800e-03	4.564310e-05	5	true
1240          	smoothSolver	7.897810e-04	7.324200e-05	10	1.563040e-02	1.479610e-03	10	7.711490e-03	7.259780e-04	10	false	GAMG	5.332920e-03	4.540100e-05	5	true
1241          	smoothSolver	7.875330e-04	7.280870e-05	10	1.554300e-02	1.469720e-03	10	7.651680e-03	7.197100e-04	10	false	GAMG	5.311010e-03	4.564650e-05	5	true
1242          	smoothSolver	7.854920e-04	7.238710e-05	10	1.545750e-02	1.460780e-03	10	7.596060e-03	7.135150e-04	10	false	GAMG	5.280270e-03	4.530460e-05	5	true
1243          	smoothSolver	7.825370e-04	7.195040e-05	10	1.537290e-02	1.452270e-03	10	7.529240e-03	7.074370e-04	10	false	GAMG	5.248650e-03	4.462360e-05	5	true
1244          	smoothSolver	7.783270e-04	7.154520e-05	10	1.526880e-02	1.444790e-03	10	7.460050e-03	7.018700e-04	10	false	GAMG	5.209500e-03	4.402940e-05	5	true
1245          	smoothSolver	7.732320e-04	7.116520e-05	10	1.516840e-02	1.439340e-03	10	7.385730e-03	6.963530e-04	10	false	GAMG	5.175170e-03	4.377630e-05	5	true
1246          	smoothSolver	7.680460e-04	7.080890e-05	10	1.507740e-02	1.436540e-03	10	7.315910e-03	6.914940e-04	10	false	GAMG	5.132880e-03	4.355050e-05	5	true
1247          	smoothSolver	7.627140e-04	7.046460e-05	10	1.500790e-02	1.435840e-03	10	7.257720e-03	6.871830e-04	10	false	GAMG	5.097040e-03	4.343840e-05	5	true
1248          	smoothSolver	7.575930e-04	7.014600e-05	10	1.496640e-02	1.436320e-03	10	7.212350e-03	6.832090e-04	10	false	GAMG	5.071830e-03	4.335470e-05	5	true
1249          	smoothSolver	7.533100e-04	6.983650e-05	10	1.496400e-02	1.438240e-03	10	7.184420e-03	6.796660e-04	10	false	GAMG	5.063910e-03	4.355660e-05	5	true
1250          	smoothSolver	7.500960e-04	6.952420e-05	10	1.500260e-02	1.441090e-03	10	7.179560e-03	6.770340e-04	10	false	GAMG	5.058300e-03	4.397680e-05	5	true
1251          	smoothSolver	7.470620e-04	6.920470e-05	10	1.507370e-02	1.443460e-03	10	7.189130e-03	6.754230e-04	10	false	GAMG	5.049050e-03	4.365550e-05	5	true
1252          	smoothSolver	7.439460e-04	6.891890e-05	10	1.516220e-02	1.445340e-03	10	7.204040e-03	6.740700e-04	10	false	GAMG	5.029440e-03	4.242160e-05	5	true
1253          	smoothSolver	7.413800e-04	6.872790e-05	10	1.528270e-02	1.448760e-03	10	7.215330e-03	6.720720e-04	10	false	GAMG	5.000330e-03	4.174210e-05	5	true
1254          	smoothSolver	7.399030e-04	6.866020e-05	10	1.540940e-02	1.453990e-03	10	7.228080e-03	6.697330e-04	10	false	GAMG	4.977470e-03	4.159200e-05	5	true
1255          	smoothSolver	7.400610e-04	6.865230e-05	10	1.553960e-02	1.459550e-03	10	7.236900e-03	6.666420e-04	10	false	GAMG	4.966290e-03	4.173260e-05	5	true
1256          	smoothSolver	7.421590e-04	6.870510e-05	10	1.567810e-02	1.465350e-03	10	7.248080e-03	6.637450e-04	10	false	GAMG	4.973470e-03	4.212270e-05	5	true
1257          	smoothSolver	7.456510e-04	6.883460e-05	10	1.580900e-02	1.470010e-03	10	7.261590e-03	6.610200e-04	10	false	GAMG	5.010470e-03	4.252790e-05	5	true
1258          	smoothSolver	7.499330e-04	6.897060e-05	10	1.588520e-02	1.470630e-03	10	7.281620e-03	6.593830e-04	10	false	GAMG	5.053010e-03	4.292350e-05	5	true
1259          	smoothSolver	7.546500e-04	6.915340e-05	10	1.592640e-02	1.468810e-03	10	7.301890e-03	6.591460e-04	10	false	GAMG	5.087810e-03	4.316140e-05	5	true
1260          	smoothSolver	7.601100e-04	6.938560e-05	10	1.594690e-02	1.465740e-03	10	7.328050e-03	6.601140e-04	10	false	GAMG	5.101670e-03	4.318190e-05	5	true
1261          	smoothSolver	7.655820e-04	6.961100e-05	10	1.595530e-02	1.462310e-03	10	7.359580e-03	6.615770e-04	10	false	GAMG	5.099140e-03	4.368160e-05	5	true
1262          	smoothSolver	7.699690e-04	6.980850e-05	10	1.594220e-02	1.458020e-03	10	7.388490e-03	6.629210e-04	10	false	GAMG	5.104330e-03	4.373590e-05	5	true
1263          	smoothSolver	7.733060e-04	6.995900e-05	10	1.591040e-02	1.454160e-03	10	7.401100e-03	6.638080e-04	10	false	GAMG	5.112360e-03	4.402450e-05	5	true
1264          	smoothSolver	7.756340e-04	7.000910e-05	10	1.586770e-02	1.452670e-03	10	7.400590e-03	6.648720e-04	10	false	GAMG	5.119000e-03	4.424650e-05	5	true
1265          	smoothSolver	7.765590e-04	6.996970e-05	10	1.582450e-02	1.454060e-03	10	7.385840e-03	6.656660e-04	10	false	GAMG	5.114480e-03	4.382260e-05	5	true
1266          	smoothSolver	7.770780e-04	6.996600e-05	10	1.578070e-02	1.455540e-03	10	7.365630e-03	6.660840e-04	10	false	GAMG	5.109770e-03	4.298050e-05	5	true
1267          	smoothSolver	7.774460e-04	7.008910e-05	10	1.573280e-02	1.455590e-03	10	7.348410e-03	6.666050e-04	10	false	GAMG	5.106480e-03	4.275050e-05	5	true
1268          	smoothSolver	7.782670e-04	7.034010e-05	10	1.565850e-02	1.453610e-03	10	7.340160e-03	6.680060e-04	10	false	GAMG	5.109340e-03	4.303230e-05	5	true
1269          	smoothSolver	7.794710e-04	7.061030e-05	10	1.556260e-02	1.450410e-03	10	7.345980e-03	6.705960e-04	10	false	GAMG	5.115700e-03	4.344850e-05	5	true
1270          	smoothSolver	7.803340e-04	7.077170e-05	10	1.543760e-02	1.444330e-03	10	7.358130e-03	6.751920e-04	10	false	GAMG	5.126700e-03	4.360580e-05	5	true
1271          	smoothSolver	7.797990e-04	7.087570e-05	10	1.527050e-02	1.433090e-03	10	7.362620e-03	6.804580e-04	10	false	GAMG	5.133190e-03	4.326120e-05	5	true
1272          	smoothSolver	7.774520e-04	7.093130e-05	10	1.506760e-02	1.418790e-03	10	7.357380e-03	6.851530e-04	10	false	GAMG	5.124140e-03	4.293530e-05	5	true
1273          	smoothSolver	7.738200e-04	7.098520e-05	10	1.485280e-02	1.404950e-03	10	7.351840e-03	6.894100e-04	10	false	GAMG	5.106300e-03	4.290600e-05	5	true
1274          	smoothSolver	7.697250e-04	7.100850e-05	10	1.465970e-02	1.394480e-03	10	7.350730e-03	6.935450e-04	10	false	GAMG	5.082010e-03	4.322340e-05	5	true
1275          	smoothSolver	7.654240e-04	7.099230e-05	10	1.449490e-02	1.387080e-03	10	7.350100e-03	6.966400e-04	10	false	GAMG	5.058500e-03	4.357360e-05	5	true
1276          	smoothSolver	7.614720e-04	7.095060e-05	10	1.438450e-02	1.381030e-03	10	7.351680e-03	6.984200e-04	10	false	GAMG	5.036370e-03	4.388300e-05	5	true
1277          	smoothSolver	7.578560e-04	7.092320e-05	10	1.432110e-02	1.374150e-03	10	7.362090e-03	6.991030e-04	10	false	GAMG	5.032040e-03	4.396310e-05	5	true
1278          	smoothSolver	7.546930e-04	7.090050e-05	10	1.428350e-02	1.365190e-03	10	7.376180e-03	6.987910e-04	10	false	GAMG	5.052510e-03	4.415210e-05	5	true
1279          	smoothSolver	7.523450e-04	7.085180e-05	10	1.427140e-02	1.354450e-03	10	7.394980e-03	6.972820e-04	10	false	GAMG	5.069820e-03	4.418320e-05	5	true
1280          	smoothSolver	7.511070e-04	7.075730e-05	10	1.428060e-02	1.343450e-03	10	7.415090e-03	6.954370e-04	10	false	GAMG	5.075050e-03	4.404880e-05	5	true
1281          	smoothSolver	7.506760e-04	7.059140e-05	10	1.430150e-02	1.334150e-03	10	7.431680e-03	6.934010e-04	10	false	GAMG	5.067750e-03	4.369630e-05	5	true
1282          	smoothSolver	7.503300e-04	7.037670e-05	10	1.432500e-02	1.326660e-03	10	7.440080e-03	6.904950e-04	10	false	GAMG	5.054890e-03	4.344810e-05	5	true
1283          	smoothSolver	7.500550e-04	7.019000e-05	10	1.435060e-02	1.321920e-03	10	7.433170e-03	6.868800e-04	10	false	GAMG	5.040810e-03	4.335200e-05	5	true
1284          	smoothSolver	7.499900e-04	7.004190e-05	10	1.437790e-02	1.321010e-03	10	7.418180e-03	6.832720e-04	10	false	GAMG	5.032930e-03	4.326450e-05	5	true
1285          	smoothSolver	7.505240e-04	6.991830e-05	10	1.440210e-02	1.322470e-03	10	7.393520e-03	6.794820e-04	10	false	GAMG	5.014300e-03	4.270450e-05	5	true
1286          	smoothSolver	7.513400e-04	6.982750e-05	10	1.441090e-02	1.323360e-03	10	7.358710e-03	6.750250e-04	10	false	GAMG	5.001710e-03	4.203650e-05	5	true
1287          	smoothSolver	7.521540e-04	6.975190e-05	10	1.440000e-02	1.322780e-03	10	7.322870e-03	6.702750e-04	10	false	GAMG	5.008400e-03	4.171470e-05	5	true
1288          	smoothSolver	7.531620e-04	6.971670e-05	10	1.436980e-02	1.321160e-03	10	7.289350e-03	6.659170e-04	10	false	GAMG	5.020710e-03	4.184480e-05	5	true
1289          	smoothSolver	7.542980e-04	6.966220e-05	10	1.431700e-02	1.317790e-03	10	7.261860e-03	6.622850e-04	10	false	GAMG	5.037890e-03	4.182020e-05	5	true
1290          	smoothSolver	7.543740e-04	6.946540e-05	10	1.424290e-02	1.313400e-03	10	7.235640e-03	6.601090e-04	10	false	GAMG	5.056130e-03	4.163750e-05	5	true
1291          	smoothSolver	7.536850e-04	6.921860e-05	10	1.414790e-02	1.307770e-03	10	7.209700e-03	6.591110e-04	10	false	GAMG	5.069050e-03	4.149140e-05	5	true
1292          	smoothSolver	7.514350e-04	6.894040e-05	10	1.402580e-02	1.301460e-03	10	7.168990e-03	6.579200e-04	10	false	GAMG	5.055980e-03	4.148530e-05	5	true
1293          	smoothSolver	7.475870e-04	6.859570e-05	10	1.389030e-02	1.295490e-03	10	7.112530e-03	6.550930e-04	10	false	GAMG	5.032490e-03	4.142680e-05	5	true
1294          	smoothSolver	7.431070e-04	6.825680e-05	10	1.375980e-02	1.290750e-03	10	7.043820e-03	6.505990e-04	10	false	GAMG	5.013380e-03	4.138420e-05	5	true
1295          	smoothSolver	7.384730e-04	6.792360e-05	10	1.364400e-02	1.288110e-03	10	6.967240e-03	6.451090e-04	10	false	GAMG	5.003110e-03	4.128500e-05	5	true
1296          	smoothSolver	7.336570e-04	6.757090e-05	10	1.354130e-02	1.285300e-03	10	6.886740e-03	6.390300e-04	10	false	GAMG	4.996000e-03	4.116630e-05	5	true
1297          	smoothSolver	7.280930e-04	6.725050e-05	10	1.346030e-02	1.282400e-03	10	6.812270e-03	6.325300e-04	10	false	GAMG	5.005600e-03	4.098220e-05	5	true
1298          	smoothSolver	7.225820e-04	6.704380e-05	10	1.341800e-02	1.281240e-03	10	6.743930e-03	6.260550e-04	10	false	GAMG	5.018020e-03	4.088920e-05	5	true
1299          	smoothSolver	7.183910e-04	6.696080e-05	10	1.341250e-02	1.281360e-03	10	6.688990e-03	6.202560e-04	10	false	GAMG	5.011750e-03	4.108210e-05	5	true
1300          	smoothSolver	7.154780e-04	6.689090e-05	10	1.343670e-02	1.282160e-03	10	6.650170e-03	6.158830e-04	10	false	GAMG	4.998810e-03	4.178390e-05	5	true
1301          	smoothSolver	7.136540e-04	6.682140e-05	10	1.348150e-02	1.283610e-03	10	6.630390e-03	6.127610e-04	10	false	GAMG	4.992240e-03	4.246540e-05	5	true
1302          	smoothSolver	7.125990e-04	6.675180e-05	10	1.352760e-02	1.285380e-03	10	6.619410e-03	6.101400e-04	10	false	GAMG	4.995810e-03	4.290960e-05	5	true
1303          	smoothSolver	7.121010e-04	6.666910e-05	10	1.358850e-02	1.287580e-03	10	6.613990e-03	6.076910e-04	10	false	GAMG	5.013140e-03	4.303400e-05	5	true
1304          	smoothSolver	7.127890e-04	6.661980e-05	10	1.366990e-02	1.292110e-03	10	6.614300e-03	6.057700e-04	10	false	GAMG	5.034570e-03	4.301810e-05	5	true
1305          	smoothSolver	7.147600e-04	6.670260e-05	10	1.377110e-02	1.299310e-03	10	6.613790e-03	6.044090e-04	10	false	GAMG	5.056010e-03	4.268960e-05	5	true
1306          	smoothSolver	7.174610e-04	6.691190e-05	10	1.388200e-02	1.308150e-03	10	6.611790e-03	6.035350e-04	10	false	GAMG	5.072190e-03	4.244740e-05	5	true
1307          	smoothSolver	7.205050e-04	6.713000e-05	10	1.399070e-02	1.317260e-03	10	6.615300e-03	6.026600e-04	10	false	GAMG	5.086980e-03	4.255180e-05	5	true
1308          	smoothSolver	7.238560e-04	6.737610e-05	10	1.408950e-02	1.324260e-03	10	6.626790e-03	6.022990e-04	10	false	GAMG	5.100900e-03	4.297670e-05	5	true
1309          	smoothSolver	7.273600e-04	6.759840e-05	10	1.416330e-02	1.329160e-03	10	6.646930e-03	6.035410e-04	10	false	GAMG	5.113760e-03	4.377840e-05	5	true
1310          	smoothSolver	7.304420e-04	6.773240e-05	10	1.421590e-02	1.332240e-03	10	6.680550e-03	6.071350e-04	10	false	GAMG	5.125370e-03	4.433630e-05	5	true
1311          	smoothSolver	7.329730e-04	6.781340e-05	10	1.423390e-02	1.332510e-03	10	6.720110e-03	6.123680e-04	10	false	GAMG	5.139100e-03	4.427510e-05	5	true
1312          	smoothSolver	7.348700e-04	6.795800e-05	10	1.421480e-02	1.330230e-03	10	6.752700e-03	6.178930e-04	10	false	GAMG	5.153440e-03	4.451650e-05	5	true
1313          	smoothSolver	7.357160e-04	6.813650e-05	10	1.416200e-02	1.326430e-03	10	6.775860e-03	6.226220e-04	10	false	GAMG	5.151260e-03	4.469720e-05	5	true
1314          	smoothSolver	7.358540e-04	6.829780e-05	10	1.409390e-02	1.322150e-03	10	6.787850e-03	6.262850e-04	10	false	GAMG	5.147880e-03	4.504970e-05	5	true
1315          	smoothSolver	7.360610e-04	6.842240e-05	10	1.402400e-02	1.320110e-03	10	6.798420e-03	6.294630e-04	10	false	GAMG	5.141710e-03	4.533920e-05	5	true
1316          	smoothSolver	7.359650e-04	6.855500e-05	10	1.397090e-02	1.320350e-03	10	6.811120e-03	6.330910e-04	10	false	GAMG	5.139170e-03	4.584740e-05	5	true
1317          	smoothSolver	7.356190e-04	6.879520e-05	10	1.393760e-02	1.321490e-03	10	6.825910e-03	6.368730e-04	10	false	GAMG	5.134350e-03	4.629660e-05	5	true
1318          	smoothSolver	7.356480e-04	6.912270e-05	10	1.392860e-02	1.322640e-03	10	6.846140e-03	6.404700e-04	10	false	GAMG	5.145940e-03	4.688900e-05	5	true
1319          	smoothSolver	7.366470e-04	6.947390e-05	10	1.394180e-02	1.323840e-03	10	6.875850e-03	6.443360e-04	10	false	GAMG	5.162460e-03	4.747580e-05	5	true
1320          	smoothSolver	7.382600e-04	6.976720e-05	10	1.397320e-02	1.325070e-03	10	6.911850e-03	6.488660e-04	10	false	GAMG	5.175050e-03	4.771290e-05	5	true
1321          	smoothSolver	7.395460e-04	6.993820e-05	10	1.401530e-02	1.326900e-03	10	6.950310e-03	6.538350e-04	10	false	GAMG	5.166850e-03	4.752950e-05	5	true
1322          	smoothSolver	7.405700e-04	7.008500e-05	10	1.406850e-02	1.328950e-03	10	6.988560e-03	6.587960e-04	10	false	GAMG	5.164550e-03	4.726250e-05	5	true
1323          	smoothSolver	7.413970e-04	7.033320e-05	10	1.413430e-02	1.331760e-03	10	7.026230e-03	6.636230e-04	10	false	GAMG	5.152720e-03	4.691140e-05	5	true
1324          	smoothSolver	7.421350e-04	7.066290e-05	10	1.421460e-02	1.335580e-03	10	7.063190e-03	6.677620e-04	10	false	GAMG	5.137080e-03	4.662480e-05	5	true
1325          	smoothSolver	7.433970e-04	7.101150e-05	10	1.431270e-02	1.339870e-03	10	7.100800e-03	6.706290e-04	10	false	GAMG	5.124240e-03	4.634500e-05	5	true
1326          	smoothSolver	7.455260e-04	7.131840e-05	10	1.442340e-02	1.345190e-03	10	7.146090e-03	6.731520e-04	10	false	GAMG	5.110980e-03	4.636010e-05	5	true
1327          	smoothSolver	7.486390e-04	7.158070e-05	10	1.453650e-02	1.351190e-03	10	7.194260e-03	6.751440e-04	10	false	GAMG	5.110110e-03	4.639710e-05	5	true
1328          	smoothSolver	7.522010e-04	7.179610e-05	10	1.463190e-02	1.355880e-03	10	7.247070e-03	6.769950e-04	10	false	GAMG	5.122820e-03	4.670210e-05	5	true
1329          	smoothSolver	7.567270e-04	7.190180e-05	10	1.472170e-02	1.359350e-03	10	7.311770e-03	6.798260e-04	10	false	GAMG	5.141090e-03	4.715040e-05	5	true
1330          	smoothSolver	7.617690e-04	7.195470e-05	10	1.481100e-02	1.361490e-03	10	7.383520e-03	6.839130e-04	10	false	GAMG	5.150720e-03	4.710360e-05	5	true
1331          	smoothSolver	7.660980e-04	7.200860e-05	10	1.488620e-02	1.362840e-03	10	7.447890e-03	6.884850e-04	10	false	GAMG	5.150630e-03	4.655180e-05	5	true
1332          	smoothSolver	7.695020e-04	7.207660e-05	10	1.493060e-02	1.363820e-03	10	7.494470e-03	6.925990e-04	10	false	GAMG	5.144890e-03	4.616350e-05	5	true
1333          	smoothSolver	7.719720e-04	7.210960e-05	10	1.494300e-02	1.365220e-03	10	7.525280e-03	6.957080e-04	10	false	GAMG	5.139180e-03	4.590820e-05	5	true
1334          	smoothSolver	7.732200e-04	7.206550e-05	10	1.491450e-02	1.365950e-03	10	7.537100e-03	6.971810e-04	10	false	GAMG	5.137060e-03	4.567730e-05	5	true
1335          	smoothSolver	7.737090e-04	7.199540e-05	10	1.486770e-02	1.365300e-03	10	7.531800e-03	6.972090e-04	10	false	GAMG	5.133420e-03	4.559060e-05	5	true
1336          	smoothSolver	7.742410e-04	7.195070e-05	10	1.482110e-02	1.365030e-03	10	7.515030e-03	6.965430e-04	10	false	GAMG	5.131240e-03	4.533130e-05	5	true
1337          	smoothSolver	7.747800e-04	7.194630e-05	10	1.476230e-02	1.365330e-03	10	7.485760e-03	6.954280e-04	10	false	GAMG	5.129290e-03	4.479170e-05	5	true
1338          	smoothSolver	7.755100e-04	7.198180e-05	10	1.468170e-02	1.363910e-03	10	7.446310e-03	6.940000e-04	10	false	GAMG	5.122540e-03	4.419790e-05	5	true
1339          	smoothSolver	7.759050e-04	7.200500e-05	10	1.458640e-02	1.360410e-03	10	7.405440e-03	6.925840e-04	10	false	GAMG	5.107500e-03	4.374820e-05	5	true
1340          	smoothSolver	7.760680e-04	7.203390e-05	10	1.448880e-02	1.355380e-03	10	7.367220e-03	6.914100e-04	10	false	GAMG	5.086130e-03	4.395010e-05	5	true
1341          	smoothSolver	7.754020e-04	7.204900e-05	10	1.439460e-02	1.350640e-03	10	7.331400e-03	6.902240e-04	10	false	GAMG	5.069590e-03	4.392060e-05	5	true
1342          	smoothSolver	7.733840e-04	7.200950e-05	10	1.430950e-02	1.346490e-03	10	7.294510e-03	6.884810e-04	10	false	GAMG	5.063740e-03	4.385590e-05	5	true
1343          	smoothSolver	7.705470e-04	7.200600e-05	10	1.424020e-02	1.345040e-03	10	7.261450e-03	6.867210e-04	10	false	GAMG	5.053710e-03	4.416190e-05	5	true
1344          	smoothSolver	7.670890e-04	7.200480e-05	10	1.419960e-02	1.348060e-03	10	7.233650e-03	6.854910e-04	10	false	GAMG	5.032930e-03	4.424190e-05	5	true
1345          	smoothSolver	7.632710e-04	7.198970e-05	10	1.418370e-02	1.352200e-03	10	7.207230e-03	6.843230e-04	10	false	GAMG	5.012770e-03	4.398710e-05	5	true
1346          	smoothSolver	7.602110e-04	7.200160e-05	10	1.418480e-02	1.355880e-03	10	7.191020e-03	6.834700e-04	10	false	GAMG	4.996390e-03	4.361350e-05	5	true
1347          	smoothSolver	7.586240e-04	7.212110e-05	10	1.418840e-02	1.358370e-03	10	7.186130e-03	6.830850e-04	10	false	GAMG	4.988430e-03	4.350780e-05	5	true
1348          	smoothSolver	7.585790e-04	7.229810e-05	10	1.418230e-02	1.358640e-03	10	7.197220e-03	6.838390e-04	10	false	GAMG	4.989300e-03	4.359130e-05	5	true
1349          	smoothSolver	7.596010e-04	7.245970e-05	10	1.416660e-02	1.357110e-03	10	7.220700e-03	6.859120e-04	10	false	GAMG	5.014420e-03	4.363550e-05	5	true
1350          	smoothSolver	7.616700e-04	7.261390e-05	10	1.415880e-02	1.354470e-03	10	7.252400e-03	6.893010e-04	10	false	GAMG	5.032250e-03	4.330380e-05	5	true
1351          	smoothSolver	7.629950e-04	7.274900e-05	10	1.414640e-02	1.351500e-03	10	7.280830e-03	6.929370e-04	10	false	GAMG	5.041510e-03	4.297150e-05	5	true
1352          	smoothSolver	7.637620e-04	7.284910e-05	10	1.412950e-02	1.349240e-03	10	7.305620e-03	6.961860e-04	10	false	GAMG	5.030990e-03	4.277950e-05	5	true
1353          	smoothSolver	7.643990e-04	7.292350e-05	10	1.411770e-02	1.349510e-03	10	7.325590e-03	6.990860e-04	10	false	GAMG	5.024840e-03	4.285460e-05	5	true
1354          	smoothSolver	7.646820e-04	7.295540e-05	10	1.411640e-02	1.352440e-03	10	7.342000e-03	7.018640e-04	10	false	GAMG	5.026240e-03	4.343340e-05	5	true
1355          	smoothSolver	7.644120e-04	7.294050e-05	10	1.413070e-02	1.356110e-03	10	7.350390e-03	7.036240e-04	10	false	GAMG	5.029730e-03	4.411230e-05	5	true
1356          	smoothSolver	7.635690e-04	7.286560e-05	10	1.414740e-02	1.359180e-03	10	7.357450e-03	7.045780e-04	10	false	GAMG	5.041710e-03	4.445170e-05	5	true
1357          	smoothSolver	7.629630e-04	7.274430e-05	10	1.416190e-02	1.361700e-03	10	7.364370e-03	7.052410e-04	10	false	GAMG	5.062270e-03	4.438540e-05	5	true
1358          	smoothSolver	7.623780e-04	7.262950e-05	10	1.417370e-02	1.362220e-03	10	7.374720e-03	7.063930e-04	10	false	GAMG	5.068520e-03	4.403590e-05	5	true
1359          	smoothSolver	7.615680e-04	7.255120e-05	10	1.418700e-02	1.360920e-03	10	7.384560e-03	7.080880e-04	10	false	GAMG	5.066800e-03	4.386470e-05	5	true
1360          	smoothSolver	7.605520e-04	7.245680e-05	10	1.421260e-02	1.359220e-03	10	7.399510e-03	7.097690e-04	10	false	GAMG	5.060940e-03	4.387670e-05	5	true
1361          	smoothSolver	7.591260e-04	7.232720e-05	10	1.424420e-02	1.357730e-03	10	7.418780e-03	7.110080e-04	10	false	GAMG	5.048750e-03	4.345010e-05	5	true
1362          	smoothSolver	7.568560e-04	7.218840e-05	10	1.426630e-02	1.357020e-03	10	7.429520e-03	7.115470e-04	10	false	GAMG	5.034610e-03	4.313220e-05	5	true
1363          	smoothSolver	7.540040e-04	7.202830e-05	10	1.428610e-02	1.358920e-03	10	7.424950e-03	7.110990e-04	10	false	GAMG	5.015400e-03	4.294720e-05	5	true
1364          	smoothSolver	7.517760e-04	7.184750e-05	10	1.432020e-02	1.364230e-03	10	7.409700e-03	7.103050e-04	10	false	GAMG	4.991810e-03	4.262730e-05	5	true
1365          	smoothSolver	7.500990e-04	7.165050e-05	10	1.437930e-02	1.371440e-03	10	7.388170e-03	7.088610e-04	10	false	GAMG	4.970310e-03	4.236260e-05	5	true
1366          	smoothSolver	7.491810e-04	7.147250e-05	10	1.444620e-02	1.378910e-03	10	7.366560e-03	7.067550e-04	10	false	GAMG	4.966060e-03	4.246620e-05	5	true
1367          	smoothSolver	7.486380e-04	7.133750e-05	10	1.450260e-02	1.385890e-03	10	7.344160e-03	7.042140e-04	10	false	GAMG	4.958680e-03	4.261780e-05	5	true
1368          	smoothSolver	7.485790e-04	7.123160e-05	10	1.453650e-02	1.392570e-03	10	7.322190e-03	7.019100e-04	10	false	GAMG	4.952550e-03	4.284470e-05	5	true
1369          	smoothSolver	7.486320e-04	7.112990e-05	10	1.455960e-02	1.398290e-03	10	7.304800e-03	7.002740e-04	10	false	GAMG	4.939320e-03	4.267190e-05	5	true
1370          	smoothSolver	7.480890e-04	7.099370e-05	10	1.455420e-02	1.400350e-03	10	7.284790e-03	6.992970e-04	10	false	GAMG	4.915780e-03	4.224580e-05	5	true
1371          	smoothSolver	7.463890e-04	7.079690e-05	10	1.453250e-02	1.398940e-03	10	7.264990e-03	6.987780e-04	10	false	GAMG	4.877020e-03	4.184550e-05	5	true
1372          	smoothSolver	7.430190e-04	7.049720e-05	10	1.449360e-02	1.395710e-03	10	7.241940e-03	6.974710e-04	10	false	GAMG	4.837190e-03	4.161130e-05	5	true
1373          	smoothSolver	7.385970e-04	7.012310e-05	10	1.444710e-02	1.392630e-03	10	7.212960e-03	6.950440e-04	10	false	GAMG	4.809330e-03	4.138640e-05	5	true
1374          	smoothSolver	7.340980e-04	6.972660e-05	10	1.439870e-02	1.390480e-03	10	7.180710e-03	6.921430e-04	10	false	GAMG	4.794010e-03	4.130520e-05	5	true
1375          	smoothSolver	7.295950e-04	6.932850e-05	10	1.435850e-02	1.388630e-03	10	7.145800e-03	6.888870e-04	10	false	GAMG	4.797240e-03	4.146930e-05	5	true
1376          	smoothSolver	7.249820e-04	6.896950e-05	10	1.432720e-02	1.385700e-03	10	7.113290e-03	6.849300e-04	10	false	GAMG	4.821810e-03	4.172880e-05	5	true
1377          	smoothSolver	7.211100e-04	6.868330e-05	10	1.428410e-02	1.380880e-03	10	7.083040e-03	6.807900e-04	10	false	GAMG	4.848810e-03	4.190870e-05	5	true
1378          	smoothSolver	7.182960e-04	6.850280e-05	10	1.423550e-02	1.374800e-03	10	7.058030e-03	6.776030e-04	10	false	GAMG	4.869160e-03	4.189740e-05	5	true
1379          	smoothSolver	7.166120e-04	6.839600e-05	10	1.419140e-02	1.367990e-03	10	7.036040e-03	6.750770e-04	10	false	GAMG	4.870480e-03	4.201080e-05	5	true
1380          	smoothSolver	7.162260e-04	6.833870e-05	10	1.414900e-02	1.361510e-03	10	7.022730e-03	6.724690e-04	10	false	GAMG	4.864980e-03	4.223060e-05	5	true
1381          	smoothSolver	7.162330e-04	6.826380e-05	10	1.410420e-02	1.355190e-03	10	7.004930e-03	6.699630e-04	10	false	GAMG	4.865750e-03	4.234400e-05	5	true
1382          	smoothSolver	7.157980e-04	6.812650e-05	10	1.405890e-02	1.348900e-03	10	6.988720e-03	6.681800e-04	10	false	GAMG	4.879380e-03	4.251360e-05	5	true
1383          	smoothSolver	7.151450e-04	6.795970e-05	10	1.400940e-02	1.344720e-03	10	6.969990e-03	6.667040e-04	10	false	GAMG	4.903760e-03	4.236620e-05	5	true
1384          	smoothSolver	7.147640e-04	6.784660e-05	10	1.396370e-02	1.342140e-03	10	6.951950e-03	6.656860e-04	10	false	GAMG	4.911960e-03	4.212890e-05	5	true
1385          	smoothSolver	7.151900e-04	6.783080e-05	10	1.393540e-02	1.340130e-03	10	6.936920e-03	6.647490e-04	10	false	GAMG	4.912520e-03	4.168160e-05	5	true
1386          	smoothSolver	7.160060e-04	6.789620e-05	10	1.391730e-02	1.337690e-03	10	6.935040e-03	6.637440e-04	10	false	GAMG	4.914490e-03	4.160990e-05	5	true
1387          	smoothSolver	7.173330e-04	6.804870e-05	10	1.390640e-02	1.334850e-03	10	6.946000e-03	6.630260e-04	10	false	GAMG	4.928280e-03	4.205340e-05	5	true
1388          	smoothSolver	7.192520e-04	6.825140e-05	10	1.391440e-02	1.333230e-03	10	6.970970e-03	6.637820e-04	10	false	GAMG	4.943020e-03	4.269830e-05	5	true
1389          	smoothSolver	7.217500e-04	6.844350e-05	10	1.394750e-02	1.333160e-03	10	7.004100e-03	6.659860e-04	10	false	GAMG	4.956330e-03	4.318250e-05	5	true
1390          	smoothSolver	7.246940e-04	6.863560e-05	10	1.399460e-02	1.333420e-03	10	7.043760e-03	6.696010e-04	10	false	GAMG	4.969520e-03	4.299780e-05	5	true
1391          	smoothSolver	7.271460e-04	6.884800e-05	10	1.404270e-02	1.334350e-03	10	7.080410e-03	6.734290e-04	10	false	GAMG	4.978780e-03	4.218990e-05	5	true
1392          	smoothSolver	7.290840e-04	6.904240e-05	10	1.410920e-02	1.337600e-03	10	7.116170e-03	6.764740e-04	10	false	GAMG	4.984110e-03	4.154390e-05	5	true
1393          	smoothSolver	7.302080e-04	6.920280e-05	10	1.417510e-02	1.342990e-03	10	7.146890e-03	6.786870e-04	10	false	GAMG	4.990880e-03	4.135550e-05	5	true
1394          	smoothSolver	7.315010e-04	6.931090e-05	10	1.422850e-02	1.349240e-03	10	7.162720e-03	6.793720e-04	10	false	GAMG	4.995150e-03	4.158180e-05	5	true
1395          	smoothSolver	7.336340e-04	6.940370e-05	10	1.428950e-02	1.355740e-03	10	7.161480e-03	6.787480e-04	10	false	GAMG	5.009200e-03	4.204320e-05	5	true
1396          	smoothSolver	7.360550e-04	6.947540e-05	10	1.435730e-02	1.362360e-03	10	7.157110e-03	6.776160e-04	10	false	GAMG	5.028230e-03	4.258180e-05	5	true
1397          	smoothSolver	7.383920e-04	6.952140e-05	10	1.442110e-02	1.370200e-03	10	7.151380e-03	6.766730e-04	10	false	GAMG	5.057410e-03	4.315440e-05	5	true
1398          	smoothSolver	7.405090e-04	6.956200e-05	10	1.448340e-02	1.378830e-03	10	7.149540e-03	6.761450e-04	10	false	GAMG	5.066400e-03	4.343350e-05	5	true
1399          	smoothSolver	7.425520e-04	6.955020e-05	10	1.452460e-02	1.385600e-03	10	7.144880e-03	6.760340e-04	10	false	GAMG	5.048020e-03	4.370340e-05	5	true
1400          	smoothSolver	7.436200e-04	6.951860e-05	10	1.451860e-02	1.387010e-03	10	7.139440e-03	6.759890e-04	10	false	GAMG	5.012330e-03	4.385670e-05	5	true
1401          	smoothSolver	7.433060e-04	6.945790e-05	10	1.446810e-02	1.382810e-03	10	7.123520e-03	6.750090e-04	10	false	GAMG	4.980430e-03	4.376700e-05	5	true
1402          	smoothSolver	7.419200e-04	6.934450e-05	10	1.439360e-02	1.376560e-03	10	7.101450e-03	6.737410e-04	10	false	GAMG	4.949610e-03	4.371110e-05	5	true
1403          	smoothSolver	7.391180e-04	6.917820e-05	10	1.430400e-02	1.370520e-03	10	7.070390e-03	6.724130e-04	10	false	GAMG	4.935020e-03	4.367270e-05	5	true
1404          	smoothSolver	7.357180e-04	6.899410e-05	10	1.421830e-02	1.364180e-03	10	7.036040e-03	6.709650e-04	10	false	GAMG	4.921150e-03	4.326580e-05	5	true
1405          	smoothSolver	7.324450e-04	6.884970e-05	10	1.414390e-02	1.357290e-03	10	7.000180e-03	6.689460e-04	10	false	GAMG	4.915860e-03	4.255250e-05	5	true
1406          	smoothSolver	7.300720e-04	6.871570e-05	10	1.408870e-02	1.350860e-03	10	6.974530e-03	6.659860e-04	10	false	GAMG	4.921250e-03	4.220390e-05	5	true
1407          	smoothSolver	7.279330e-04	6.855770e-05	10	1.405940e-02	1.346540e-03	10	6.958410e-03	6.625450e-04	10	false	GAMG	4.936650e-03	4.216060e-05	5	true
1408          	smoothSolver	7.261990e-04	6.837580e-05	10	1.405740e-02	1.344570e-03	10	6.956640e-03	6.600280e-04	10	false	GAMG	4.949320e-03	4.240940e-05	5	true
1409          	smoothSolver	7.252320e-04	6.819410e-05	10	1.408190e-02	1.344960e-03	10	6.968640e-03	6.597080e-04	10	false	GAMG	4.947390e-03	4.275660e-05	5	true
1410          	smoothSolver	7.244460e-04	6.806290e-05	10	1.411720e-02	1.344840e-03	10	6.982620e-03	6.604730e-04	10	false	GAMG	4.927690e-03	4.207990e-05	5	true
1411          	smoothSolver	7.229870e-04	6.792200e-05	10	1.415970e-02	1.344170e-03	10	6.989680e-03	6.604560e-04	10	false	GAMG	4.893200e-03	4.128610e-05	5	true
1412          	smoothSolver	7.206530e-04	6.771480e-05	10	1.420500e-02	1.343810e-03	10	6.986720e-03	6.587610e-04	10	false	GAMG	4.866920e-03	4.094740e-05	5	true
1413          	smoothSolver	7.175130e-04	6.743810e-05	10	1.424480e-02	1.344680e-03	10	6.967830e-03	6.556660e-04	10	false	GAMG	4.858110e-03	4.122280e-05	5	true
1414          	smoothSolver	7.140190e-04	6.708950e-05	10	1.427470e-02	1.345230e-03	10	6.933990e-03	6.511680e-04	10	false	GAMG	4.853190e-03	4.135550e-05	5	true
1415          	smoothSolver	7.108440e-04	6.672180e-05	10	1.430090e-02	1.345760e-03	10	6.888940e-03	6.455200e-04	10	false	GAMG	4.846040e-03	4.125740e-05	5	true
1416          	smoothSolver	7.082470e-04	6.645870e-05	10	1.432100e-02	1.347920e-03	10	6.839110e-03	6.391520e-04	10	false	GAMG	4.847610e-03	4.101160e-05	5	true
1417          	smoothSolver	7.065940e-04	6.631880e-05	10	1.433890e-02	1.350510e-03	10	6.789220e-03	6.326990e-04	10	false	GAMG	4.856750e-03	4.078970e-05	5	true
1418          	smoothSolver	7.060850e-04	6.624420e-05	10	1.434180e-02	1.350890e-03	10	6.741750e-03	6.262920e-04	10	false	GAMG	4.862480e-03	4.055010e-05	5	true
1419          	smoothSolver	7.062810e-04	6.615910e-05	10	1.431390e-02	1.347930e-03	10	6.696560e-03	6.207150e-04	10	false	GAMG	4.866170e-03	4.067850e-05	5	true
1420          	smoothSolver	7.073520e-04	6.603410e-05	10	1.427950e-02	1.345460e-03	10	6.660060e-03	6.164840e-04	10	false	GAMG	4.862540e-03	4.104760e-05	5	true
1421          	smoothSolver	7.078300e-04	6.592550e-05	10	1.425080e-02	1.343170e-03	10	6.625810e-03	6.134500e-04	10	false	GAMG	4.875290e-03	4.121180e-05	5	true
1422          	smoothSolver	7.081130e-04	6.582380e-05	10	1.422230e-02	1.341960e-03	10	6.591350e-03	6.109330e-04	10	false	GAMG	4.892150e-03	4.142850e-05	5	true
1423          	smoothSolver	7.083460e-04	6.576140e-05	10	1.421650e-02	1.345060e-03	10	6.553600e-03	6.089820e-04	10	false	GAMG	4.904220e-03	4.170570e-05	5	true
1424          	smoothSolver	7.086340e-04	6.578430e-05	10	1.423530e-02	1.351420e-03	10	6.515100e-03	6.073830e-04	10	false	GAMG	4.903540e-03	4.196580e-05	5	true
1425          	smoothSolver	7.086280e-04	6.589140e-05	10	1.424440e-02	1.357090e-03	10	6.481050e-03	6.058870e-04	10	false	GAMG	4.888070e-03	4.201430e-05	5	true
1426          	smoothSolver	7.094150e-04	6.607140e-05	10	1.426430e-02	1.363300e-03	10	6.459060e-03	6.043700e-04	10	false	GAMG	4.879270e-03	4.223060e-05	5	true
1427          	smoothSolver	7.109300e-04	6.629580e-05	10	1.430690e-02	1.370350e-03	10	6.455900e-03	6.038760e-04	10	false	GAMG	4.872680e-03	4.290220e-05	5	true
1428          	smoothSolver	7.127030e-04	6.653530e-05	10	1.437170e-02	1.377540e-03	10	6.472530e-03	6.053800e-04	10	false	GAMG	4.885680e-03	4.377380e-05	5	true
1429          	smoothSolver	7.146620e-04	6.677890e-05	10	1.444360e-02	1.384060e-03	10	6.509660e-03	6.093420e-04	10	false	GAMG	4.905010e-03	4.414750e-05	5	true
1430          	smoothSolver	7.165600e-04	6.697380e-05	10	1.452250e-02	1.389770e-03	10	6.553550e-03	6.151160e-04	10	false	GAMG	4.915020e-03	4.356280e-05	5	true
1431          	smoothSolver	7.173590e-04	6.714860e-05	10	1.460620e-02	1.396180e-03	10	6.597170e-03	6.211070e-04	10	false	GAMG	4.923000e-03	4.300130e-05	5	true
1432          	smoothSolver	7.171710e-04	6.728970e-05	10	1.466760e-02	1.401850e-03	10	6.630790e-03	6.257200e-04	10	false	GAMG	4.924720e-03	4.276630e-05	5	true
1433          	smoothSolver	7.160800e-04	6.733010e-05	10	1.467230e-02	1.404790e-03	10	6.653860e-03	6.285840e-04	10	false	GAMG	4.926170e-03	4.276080e-05	5	true
1434          	smoothSolver	7.151380e-04	6.731390e-05	10	1.465480e-02	1.405240e-03	10	6.670900e-03	6.301840e-04	10	false	GAMG	4.937420e-03	4.297980e-05	5	true
1435          	smoothSolver	7.152160e-04	6.730520e-05	10	1.464670e-02	1.404220e-03	10	6.688210e-03	6.313330e-04	10	false	GAMG	4.959000e-03	4.310730e-05	5	true
1436          	smoothSolver	7.160030e-04	6.737630e-05	10	1.463570e-02	1.400780e-03	10	6.712260e-03	6.322630e-04	10	false	GAMG	4.989930e-03	4.315830e-05	5	true
1437          	smoothSolver	7.176540e-04	6.752910e-05	10	1.461290e-02	1.394230e-03	10	6.741560e-03	6.321140e-04	10	false	GAMG	5.019220e-03	4.340750e-05	5	true
1438          	smoothSolver	7.191310e-04	6.757380e-05	10	1.457970e-02	1.384450e-03	10	6.765090e-03	6.313430e-04	10	false	GAMG	5.036040e-03	4.390400e-05	5	true
1439          	smoothSolver	7.200120e-04	6.742730e-05	10	1.453520e-02	1.371360e-03	10	6.785370e-03	6.302560e-04	10	false	GAMG	5.048330e-03	4.418560e-05	5	true
1440          	smoothSolver	7.204640e-04	6.714380e-05	10	1.447880e-02	1.357340e-03	10	6.807940e-03	6.297180e-04	10	false	GAMG	5.052980e-03	4.398530e-05	5	true
1441          	smoothSolver	7.202200e-04	6.685040e-05	10	1.442750e-02	1.347030e-03	10	6.819280e-03	6.294530e-04	10	false	GAMG	5.065740e-03	4.381590e-05	5	true
1442          	smoothSolver	7.195760e-04	6.666780e-05	10	1.438060e-02	1.341940e-03	10	6.817930e-03	6.289150e-04	10	false	GAMG	5.085910e-03	4.382030e-05	5	true
1443          	smoothSolver	7.189990e-04	6.657210e-05	10	1.434630e-02	1.342190e-03	10	6.801970e-03	6.282590e-04	10	false	GAMG	5.107460e-03	4.394270e-05	5	true
1444          	smoothSolver	7.182230e-04	6.647240e-05	10	1.432700e-02	1.346520e-03	10	6.774340e-03	6.272250e-04	10	false	GAMG	5.112190e-03	4.416420e-05	5	true
1445          	smoothSolver	7.171420e-04	6.641580e-05	10	1.431470e-02	1.351540e-03	10	6.738110e-03	6.255250e-04	10	false	GAMG	5.121670e-03	4.471300e-05	5	true
1446          	smoothSolver	7.166830e-04	6.646130e-05	10	1.430200e-02	1.355470e-03	10	6.711190e-03	6.235900e-04	10	false	GAMG	5.133040e-03	4.525360e-05	5	true
1447          	smoothSolver	7.175320e-04	6.664020e-05	10	1.430580e-02	1.358490e-03	10	6.711040e-03	6.229730e-04	10	false	GAMG	5.165000e-03	4.586660e-05	5	true
1448          	smoothSolver	7.193340e-04	6.685910e-05	10	1.431940e-02	1.359470e-03	10	6.732060e-03	6.239860e-04	10	false	GAMG	5.211640e-03	4.638710e-05	5	true
1449          	smoothSolver	7.213710e-04	6.701940e-05	10	1.433880e-02	1.357580e-03	10	6.767940e-03	6.256650e-04	10	false	GAMG	5.236870e-03	4.658830e-05	5	true
1450          	smoothSolver	7.230370e-04	6.713640e-05	10	1.436010e-02	1.353820e-03	10	6.804540e-03	6.272570e-04	10	false	GAMG	5.242050e-03	4.656060e-05	5	true
1451          	smoothSolver	7.243640e-04	6.727980e-05	10	1.439380e-02	1.351380e-03	10	6.842450e-03	6.290180e-04	10	false	GAMG	5.226050e-03	4.643290e-05	5	true
1452          	smoothSolver	7.258590e-04	6.745850e-05	10	1.445220e-02	1.353100e-03	10	6.881090e-03	6.304310e-04	10	false	GAMG	5.222850e-03	4.669640e-05	5	true
1453          	smoothSolver	7.278690e-04	6.763510e-05	10	1.452620e-02	1.358020e-03	10	6.917290e-03	6.311200e-04	10	false	GAMG	5.237240e-03	4.705030e-05	5	true
1454          	smoothSolver	7.306600e-04	6.780880e-05	10	1.461230e-02	1.364430e-03	10	6.949670e-03	6.317840e-04	10	false	GAMG	5.259520e-03	4.760630e-05	5	true
1455          	smoothSolver	7.343580e-04	6.800120e-05	10	1.470350e-02	1.370840e-03	10	6.981870e-03	6.331930e-04	10	false	GAMG	5.291110e-03	4.771180e-05	5	true
1456          	smoothSolver	7.386220e-04	6.824210e-05	10	1.477520e-02	1.375830e-03	10	7.015230e-03	6.349880e-04	10	false	GAMG	5.322920e-03	4.713760e-05	5	true
1457          	smoothSolver	7.429160e-04	6.856790e-05	10	1.480800e-02	1.377880e-03	10	7.045550e-03	6.374490e-04	10	false	GAMG	5.334140e-03	4.649640e-05	5	true
1458          	smoothSolver	7.469850e-04	6.886920e-05	10	1.478930e-02	1.375620e-03	10	7.072470e-03	6.408280e-04	10	false	GAMG	5.336800e-03	4.673890e-05	5	true
1459          	smoothSolver	7.503790e-04	6.907140e-05	10	1.472970e-02	1.370650e-03	10	7.093860e-03	6.449740e-04	10	false	GAMG	5.329590e-03	4.719660e-05	5	true
1460          	smoothSolver	7.525360e-04	6.918610e-05	10	1.464090e-02	1.363910e-03	10	7.107230e-03	6.482110e-04	10	false	GAMG	5.317430e-03	4.684840e-05	5	true
1461          	smoothSolver	7.531900e-04	6.921110e-05	10	1.453700e-02	1.358460e-03	10	7.106830e-03	6.503900e-04	10	false	GAMG	5.309450e-03	4.654920e-05	5	true
1462          	smoothSolver	7.527410e-04	6.923900e-05	10	1.444680e-02	1.356870e-03	10	7.090640e-03	6.519460e-04	10	false	GAMG	5.288790e-03	4.647620e-05	5	true
1463          	smoothSolver	7.517840e-04	6.930570e-05	10	1.437940e-02	1.356710e-03	10	7.056160e-03	6.522230e-04	10	false	GAMG	5.254220e-03	4.637610e-05	5	true
1464          	smoothSolver	7.504070e-04	6.935720e-05	10	1.434430e-02	1.356680e-03	10	7.020020e-03	6.513690e-04	10	false	GAMG	5.216910e-03	4.603340e-05	5	true
1465          	smoothSolver	7.489880e-04	6.941350e-05	10	1.434360e-02	1.357060e-03	10	6.994700e-03	6.506170e-04	10	false	GAMG	5.193850e-03	4.622400e-05	5	true
1466          	smoothSolver	7.480580e-04	6.946720e-05	10	1.436890e-02	1.357930e-03	10	6.991480e-03	6.507880e-04	10	false	GAMG	5.195620e-03	4.673500e-05	5	true
1467          	smoothSolver	7.479170e-04	6.946600e-05	10	1.440860e-02	1.358510e-03	10	7.015760e-03	6.516860e-04	10	false	GAMG	5.221570e-03	4.708240e-05	5	true
1468          	smoothSolver	7.484870e-04	6.945850e-05	10	1.444530e-02	1.357500e-03	10	7.050830e-03	6.532300e-04	10	false	GAMG	5.238390e-03	4.696790e-05	5	true
1469          	smoothSolver	7.486550e-04	6.949340e-05	10	1.446120e-02	1.352910e-03	10	7.086520e-03	6.551820e-04	10	false	GAMG	5.237580e-03	4.586570e-05	5	true
1470          	smoothSolver	7.485200e-04	6.958090e-05	10	1.445330e-02	1.345230e-03	10	7.111170e-03	6.567860e-04	10	false	GAMG	5.234090e-03	4.513420e-05	5	true
1471          	smoothSolver	7.485740e-04	6.967950e-05	10	1.441610e-02	1.335970e-03	10	7.128620e-03	6.575480e-04	10	false	GAMG	5.224570e-03	4.476870e-05	5	true
1472          	smoothSolver	7.489790e-04	6.976780e-05	10	1.436070e-02	1.328260e-03	10	7.137880e-03	6.578470e-04	10	false	GAMG	5.213650e-03	4.481000e-05	5	true
1473          	smoothSolver	7.491490e-04	6.979320e-05	10	1.429990e-02	1.322690e-03	10	7.132030e-03	6.573690e-04	10	false	GAMG	5.208280e-03	4.484560e-05	5	true
1474          	smoothSolver	7.487230e-04	6.971900e-05	10	1.424870e-02	1.318740e-03	10	7.116710e-03	6.562770e-04	10	false	GAMG	5.219410e-03	4.515280e-05	5	true
1475          	smoothSolver	7.478760e-04	6.964780e-05	10	1.421450e-02	1.317470e-03	10	7.095680e-03	6.550270e-04	10	false	GAMG	5.223540e-03	4.517660e-05	5	true
1476          	smoothSolver	7.471300e-04	6.966900e-05	10	1.419200e-02	1.318330e-03	10	7.075220e-03	6.539610e-04	10	false	GAMG	5.227410e-03	4.517310e-05	5	true
1477          	smoothSolver	7.463840e-04	6.975040e-05	10	1.418680e-02	1.320970e-03	10	7.062450e-03	6.538370e-04	10	false	GAMG	5.218260e-03	4.519150e-05	5	true
1478          	smoothSolver	7.465870e-04	6.985070e-05	10	1.419230e-02	1.325410e-03	10	7.063120e-03	6.552760e-04	10	false	GAMG	5.204310e-03	4.576350e-05	5	true
1479          	smoothSolver	7.472460e-04	6.997970e-05	10	1.421410e-02	1.332270e-03	10	7.069840e-03	6.582730e-04	10	false	GAMG	5.183450e-03	4.641700e-05	5	true
1480          	smoothSolver	7.479470e-04	7.017210e-05	10	1.424700e-02	1.339040e-03	10	7.083190e-03	6.614570e-04	10	false	GAMG	5.174020e-03	4.661500e-05	5	true
1481          	smoothSolver	7.478910e-04	7.043640e-05	10	1.429150e-02	1.345540e-03	10	7.088760e-03	6.640780e-04	10	false	GAMG	5.166840e-03	4.641540e-05	5	true
1482          	smoothSolver	7.478150e-04	7.073620e-05	10	1.433900e-02	1.354850e-03	10	7.089280e-03	6.666120e-04	10	false	GAMG	5.149830e-03	4.599270e-05	5	true
1483          	smoothSolver	7.476130e-04	7.100100e-05	10	1.438140e-02	1.366210e-03	10	7.074690e-03	6.682330e-04	10	false	GAMG	5.118520e-03	4.560710e-05	5	true
1484          	smoothSolver	7.477060e-04	7.117910e-05	10	1.441990e-02	1.377040e-03	10	7.049990e-03	6.686870e-04	10	false	GAMG	5.083690e-03	4.511270e-05	5	true
1485          	smoothSolver	7.478450e-04	7.131760e-05	10	1.445860e-02	1.386950e-03	10	7.032300e-03	6.690580e-04	10	false	GAMG	5.059630e-03	4.489560e-05	5	true
1486          	smoothSolver	7.482110e-04	7.148090e-05	10	1.448770e-02	1.393570e-03	10	7.025040e-03	6.692460e-04	10	false	GAMG	5.047680e-03	4.502160e-05	5	true
1487          	smoothSolver	7.491700e-04	7.161800e-05	10	1.450490e-02	1.396250e-03	10	7.033050e-03	6.693760e-04	10	false	GAMG	5.039510e-03	4.536550e-05	5	true
1488          	smoothSolver	7.505430e-04	7.171790e-05	10	1.450960e-02	1.395530e-03	10	7.049510e-03	6.696510e-04	10	false	GAMG	5.037030e-03	4.572590e-05	5	true
1489          	smoothSolver	7.516250e-04	7.176160e-05	10	1.450310e-02	1.390670e-03	10	7.069190e-03	6.707410e-04	10	false	GAMG	5.022040e-03	4.563920e-05	5	true
1490          	smoothSolver	7.514180e-04	7.172830e-05	10	1.448920e-02	1.382910e-03	10	7.091040e-03	6.717400e-04	10	false	GAMG	4.982720e-03	4.463270e-05	5	true
1491          	smoothSolver	7.500820e-04	7.168780e-05	10	1.446300e-02	1.373240e-03	10	7.111740e-03	6.722590e-04	10	false	GAMG	4.949750e-03	4.400230e-05	5	true
1492          	smoothSolver	7.493320e-04	7.173320e-05	10	1.444020e-02	1.365630e-03	10	7.141970e-03	6.732640e-04	10	false	GAMG	4.927210e-03	4.359940e-05	5	true
1493          	smoothSolver	7.501710e-04	7.181570e-05	10	1.443660e-02	1.361130e-03	10	7.174950e-03	6.747780e-04	10	false	GAMG	4.918300e-03	4.346310e-05	5	true
1494          	smoothSolver	7.523720e-04	7.193230e-05	10	1.445530e-02	1.357580e-03	10	7.205580e-03	6.758740e-04	10	false	GAMG	4.930710e-03	4.378140e-05	5	true
1495          	smoothSolver	7.551830e-04	7.201550e-05	10	1.449310e-02	1.356010e-03	10	7.238550e-03	6.763840e-04	10	false	GAMG	4.959510e-03	4.415560e-05	5	true
1496          	smoothSolver	7.589770e-04	7.209780e-05	10	1.453280e-02	1.354500e-03	10	7.267150e-03	6.759990e-04	10	false	GAMG	4.998190e-03	4.456300e-05	5	true
1497          	smoothSolver	7.631250e-04	7.218740e-05	10	1.455850e-02	1.351190e-03	10	7.286900e-03	6.752690e-04	10	false	GAMG	5.018010e-03	4.443520e-05	5	true
1498          	smoothSolver	7.672040e-04	7.227190e-05	10	1.455650e-02	1.346830e-03	10	7.301070e-03	6.744270e-04	10	false	GAMG	5.027430e-03	4.423520e-05	5	true
1499          	smoothSolver	7.711940e-04	7.239430e-05	10	1.452650e-02	1.341770e-03	10	7.305450e-03	6.733220e-04	10	false	GAMG	5.032660e-03	4.391140e-05	5	true
1500          	smoothSolver	7.746220e-04	7.251830e-05	10	1.448970e-02	1.337160e-03	10	7.302050e-03	6.717860e-04	10	false	GAMG	5.038680e-03	4.376140e-05	5	true
