# Solver information
# Time        	U_solver      	Ux_initial    	Ux_final      	Ux_iters      	Uy_initial    	Uy_final      	Uy_iters      	Uz_initial    	Uz_final      	Uz_iters      	U_converged   	p_solver      	p_initial     	p_final       	p_iters       	p_converged   
1             	smoothSolver	4.375960e-02	3.736040e-03	9	2.938290e-01	2.331130e-02	9	2.889010e-01	2.531600e-02	8	false	GAMG	1.000000e+00	8.184980e-03	8	true
2             	smoothSolver	2.870930e-02	2.466490e-03	8	1.826700e-01	1.809910e-02	7	1.785720e-01	1.415440e-02	8	false	GAMG	9.688250e-02	7.876580e-04	7	true
3             	smoothSolver	1.832340e-02	1.479440e-03	8	1.371340e-01	1.299150e-02	7	1.352980e-01	1.314060e-02	7	false	GAMG	6.783540e-02	4.233290e-04	6	true
4             	smoothSolver	1.400820e-02	1.385620e-03	7	1.107310e-01	1.047960e-02	7	9.746770e-02	9.175890e-03	7	false	GAMG	5.336870e-02	3.454700e-04	6	true
5             	smoothSolver	1.176760e-02	9.346250e-04	8	9.478410e-02	9.431850e-03	7	7.888510e-02	7.588220e-03	7	false	GAMG	4.537580e-02	3.662950e-04	6	true
6             	smoothSolver	1.028330e-02	8.738220e-04	8	8.710930e-02	7.384340e-03	8	7.020170e-02	5.680240e-03	8	false	GAMG	4.000130e-02	3.129900e-04	7	true
7             	smoothSolver	9.129020e-03	8.267940e-04	8	8.161320e-02	7.451430e-03	8	6.500490e-02	5.665160e-03	8	false	GAMG	3.610330e-02	3.586570e-04	5	true
8             	smoothSolver	8.357450e-03	7.781740e-04	8	7.601980e-02	7.321140e-03	8	6.076150e-02	5.524710e-03	8	false	GAMG	3.296550e-02	3.132390e-04	5	true
9             	smoothSolver	7.799520e-03	7.422500e-04	8	7.129020e-02	7.117830e-03	8	5.761280e-02	5.382230e-03	8	false	GAMG	3.074770e-02	1.949620e-04	6	true
10            	smoothSolver	7.503770e-03	7.265150e-04	8	6.707690e-02	5.335800e-03	9	5.520640e-02	5.283770e-03	8	false	GAMG	2.873610e-02	2.865240e-04	5	true
11            	smoothSolver	7.219730e-03	7.202660e-04	8	6.314730e-02	5.118800e-03	9	5.301080e-02	5.242950e-03	8	false	GAMG	2.781260e-02	2.316500e-04	5	true
12            	smoothSolver	6.974380e-03	5.559630e-04	9	6.001780e-02	4.979860e-03	9	5.089780e-02	4.044140e-03	9	false	GAMG	2.735330e-02	1.616150e-04	6	true
13            	smoothSolver	6.761150e-03	5.492650e-04	9	5.735390e-02	4.862770e-03	9	4.911650e-02	3.989390e-03	9	false	GAMG	2.643300e-02	2.494380e-04	5	true
14            	smoothSolver	6.550680e-03	5.399580e-04	9	5.483670e-02	4.742640e-03	9	4.743720e-02	3.927380e-03	9	false	GAMG	2.590620e-02	2.290950e-04	5	true
15            	smoothSolver	6.404840e-03	5.347220e-04	9	5.281220e-02	4.654650e-03	9	4.596380e-02	3.878450e-03	9	false	GAMG	2.586010e-02	2.241130e-04	5	true
16            	smoothSolver	6.293920e-03	5.343320e-04	9	5.118560e-02	4.567200e-03	9	4.456370e-02	3.834040e-03	9	false	GAMG	2.580590e-02	2.137910e-04	5	true
17            	smoothSolver	6.212260e-03	5.369050e-04	9	4.989260e-02	4.493180e-03	9	4.310700e-02	3.774240e-03	9	false	GAMG	2.571060e-02	2.148920e-04	5	true
18            	smoothSolver	6.155540e-03	5.394200e-04	9	4.897670e-02	4.457180e-03	9	4.158560e-02	3.715020e-03	9	false	GAMG	2.562980e-02	2.286840e-04	5	true
19            	smoothSolver	6.125120e-03	5.446830e-04	9	4.810050e-02	4.438720e-03	9	4.017440e-02	3.661100e-03	9	false	GAMG	2.552030e-02	2.378420e-04	5	true
20            	smoothSolver	6.100100e-03	5.497200e-04	9	4.731150e-02	4.425030e-03	9	3.896140e-02	3.607160e-03	9	false	GAMG	2.559080e-02	2.475540e-04	5	true
21            	smoothSolver	6.098520e-03	5.531180e-04	9	4.685140e-02	4.427340e-03	9	3.805200e-02	3.571240e-03	9	false	GAMG	2.588440e-02	1.405210e-04	6	true
22            	smoothSolver	6.106580e-03	5.562050e-04	9	4.699150e-02	4.468170e-03	9	3.772050e-02	3.582530e-03	9	false	GAMG	2.632930e-02	1.476680e-04	6	true
23            	smoothSolver	6.128720e-03	5.606280e-04	9	4.744380e-02	4.542830e-03	9	3.755270e-02	3.598610e-03	9	false	GAMG	2.687340e-02	1.618270e-04	6	true
24            	smoothSolver	6.144160e-03	5.656940e-04	9	4.826670e-02	4.665350e-03	9	3.755360e-02	3.624550e-03	9	false	GAMG	2.745930e-02	1.665340e-04	6	true
25            	smoothSolver	6.173050e-03	5.708110e-04	9	4.928540e-02	4.797810e-03	9	3.766280e-02	3.652110e-03	9	false	GAMG	2.810360e-02	1.668250e-04	6	true
26            	smoothSolver	6.221420e-03	5.748150e-04	9	5.025850e-02	4.914710e-03	9	3.775800e-02	3.662150e-03	9	false	GAMG	2.866630e-02	1.663760e-04	6	true
27            	smoothSolver	6.267410e-03	5.770530e-04	9	5.092390e-02	4.983640e-03	9	3.767250e-02	3.635530e-03	9	false	GAMG	2.915660e-02	1.635190e-04	6	true
28            	smoothSolver	6.301400e-03	5.781960e-04	9	5.126760e-02	5.010450e-03	9	3.739500e-02	3.581130e-03	9	false	GAMG	2.950940e-02	1.581710e-04	6	true
29            	smoothSolver	6.302770e-03	5.767280e-04	9	5.120220e-02	4.997720e-03	9	3.714450e-02	3.539890e-03	9	false	GAMG	2.958010e-02	2.915460e-04	5	true
30            	smoothSolver	6.300750e-03	5.758900e-04	9	5.089460e-02	4.933260e-03	9	3.701220e-02	3.531010e-03	9	false	GAMG	2.953300e-02	1.629910e-04	6	true
31            	smoothSolver	6.335050e-03	5.736730e-04	9	5.040820e-02	4.831740e-03	9	3.709410e-02	3.535230e-03	9	false	GAMG	2.974210e-02	2.937990e-04	5	true
32            	smoothSolver	6.356360e-03	5.705640e-04	9	4.959020e-02	4.704940e-03	9	3.698780e-02	3.511340e-03	9	false	GAMG	3.065660e-02	1.747860e-04	6	true
33            	smoothSolver	6.385060e-03	5.671210e-04	9	4.891640e-02	4.580940e-03	9	3.705480e-02	3.478690e-03	9	false	GAMG	3.139070e-02	2.822820e-04	5	true
34            	smoothSolver	6.414610e-03	5.620870e-04	9	4.829400e-02	4.460000e-03	9	3.708910e-02	3.425330e-03	9	false	GAMG	3.179390e-02	2.902780e-04	5	true
35            	smoothSolver	6.457510e-03	5.548010e-04	9	4.816100e-02	4.371360e-03	9	3.724360e-02	3.368310e-03	9	false	GAMG	3.241530e-02	2.819770e-04	5	true
36            	smoothSolver	6.427720e-03	5.444470e-04	9	4.792660e-02	4.292310e-03	9	3.708290e-02	3.298130e-03	9	false	GAMG	3.328120e-02	2.765320e-04	5	true
37            	smoothSolver	6.389350e-03	5.317440e-04	9	4.765230e-02	4.210190e-03	9	3.667290e-02	3.221160e-03	9	false	GAMG	3.378610e-02	2.702270e-04	5	true
38            	smoothSolver	6.291360e-03	5.189870e-04	9	4.724460e-02	4.135460e-03	9	3.609000e-02	3.155440e-03	9	false	GAMG	3.357590e-02	2.603920e-04	5	true
39            	smoothSolver	6.100280e-03	5.079060e-04	9	4.632320e-02	4.081060e-03	9	3.531730e-02	3.098800e-03	9	false	GAMG	3.283090e-02	2.474110e-04	5	true
40            	smoothSolver	5.873770e-03	4.981690e-04	9	4.525670e-02	4.058460e-03	9	3.449080e-02	3.048860e-03	9	false	GAMG	3.162730e-02	2.375970e-04	5	true
41            	smoothSolver	5.682550e-03	4.876880e-04	9	4.424290e-02	4.042090e-03	9	3.375150e-02	3.006030e-03	9	false	GAMG	3.022260e-02	2.314950e-04	5	true
42            	smoothSolver	5.533130e-03	4.771460e-04	9	4.336950e-02	4.010310e-03	9	3.317280e-02	2.985170e-03	9	false	GAMG	2.882080e-02	2.252900e-04	5	true
43            	smoothSolver	5.416240e-03	4.685560e-04	9	4.263940e-02	3.950120e-03	9	3.276020e-02	2.963240e-03	9	false	GAMG	2.775810e-02	2.205720e-04	5	true
44            	smoothSolver	5.321610e-03	4.600520e-04	9	4.208750e-02	3.852630e-03	9	3.252300e-02	2.916780e-03	9	false	GAMG	2.773730e-02	2.232460e-04	5	true
45            	smoothSolver	5.244970e-03	4.515480e-04	9	4.190640e-02	3.743610e-03	9	3.269630e-02	2.856490e-03	9	false	GAMG	2.835410e-02	2.286340e-04	5	true
46            	smoothSolver	5.199770e-03	4.416640e-04	9	4.218220e-02	3.649000e-03	9	3.331540e-02	2.799750e-03	9	false	GAMG	2.913260e-02	2.290950e-04	5	true
47            	smoothSolver	5.097360e-03	4.299610e-04	9	4.244200e-02	3.568210e-03	9	3.370430e-02	2.794110e-03	9	false	GAMG	2.927450e-02	2.216310e-04	5	true
48            	smoothSolver	4.937870e-03	4.200330e-04	9	4.205010e-02	3.517870e-03	9	3.346480e-02	2.830790e-03	9	false	GAMG	2.823060e-02	2.203040e-04	5	true
49            	smoothSolver	4.853580e-03	4.119150e-04	9	4.166180e-02	3.512700e-03	9	3.271540e-02	2.827840e-03	9	false	GAMG	2.680760e-02	2.211350e-04	5	true
50            	smoothSolver	4.867140e-03	4.049930e-04	9	4.263540e-02	3.519860e-03	9	3.239510e-02	2.763430e-03	9	false	GAMG	2.573320e-02	2.189480e-04	5	true
51            	smoothSolver	4.902410e-03	3.958410e-04	9	4.455470e-02	3.531630e-03	9	3.281180e-02	2.682770e-03	9	false	GAMG	2.572540e-02	2.137350e-04	5	true
52            	smoothSolver	4.878140e-03	3.860410e-04	9	4.629980e-02	4.549040e-03	8	3.349990e-02	2.628260e-03	9	false	GAMG	2.612490e-02	2.087800e-04	5	true
53            	smoothSolver	4.765810e-03	3.766730e-04	9	4.738540e-02	4.572770e-03	8	3.372200e-02	3.337510e-03	8	false	GAMG	2.709830e-02	1.954640e-04	5	true
54            	smoothSolver	4.590690e-03	3.685650e-04	9	4.697800e-02	4.559100e-03	8	3.358610e-02	3.357570e-03	8	false	GAMG	2.845270e-02	1.872400e-04	5	true
55            	smoothSolver	4.410080e-03	3.625580e-04	9	4.531250e-02	4.522100e-03	8	3.267380e-02	2.618340e-03	9	false	GAMG	2.920130e-02	1.844310e-04	5	true
56            	smoothSolver	4.250940e-03	3.593850e-04	9	4.354650e-02	3.513660e-03	9	3.123950e-02	2.582690e-03	9	false	GAMG	2.903080e-02	1.762190e-04	5	true
57            	smoothSolver	4.127490e-03	3.582080e-04	9	4.211540e-02	3.505410e-03	9	3.021230e-02	2.566010e-03	9	false	GAMG	2.820060e-02	1.724430e-04	5	true
58            	smoothSolver	4.017530e-03	3.586380e-04	9	4.098640e-02	3.516630e-03	9	2.943750e-02	2.564220e-03	9	false	GAMG	2.714930e-02	1.651910e-04	5	true
59            	smoothSolver	3.914870e-03	3.596990e-04	9	3.972870e-02	3.526760e-03	9	2.875500e-02	2.578630e-03	9	false	GAMG	2.605100e-02	1.568650e-04	5	true
60            	smoothSolver	3.835590e-03	3.615930e-04	9	3.869800e-02	3.529540e-03	9	2.813880e-02	2.596920e-03	9	false	GAMG	2.503420e-02	1.508690e-04	5	true
61            	smoothSolver	3.784580e-03	3.634630e-04	9	3.797740e-02	3.526970e-03	9	2.772660e-02	2.612280e-03	9	false	GAMG	2.428890e-02	1.466990e-04	5	true
62            	smoothSolver	3.750050e-03	3.648350e-04	9	3.761420e-02	3.525180e-03	9	2.750040e-02	2.620780e-03	9	false	GAMG	2.393940e-02	1.423710e-04	5	true
63            	smoothSolver	3.726140e-03	3.641350e-04	9	3.762230e-02	3.514260e-03	9	2.747590e-02	2.618020e-03	9	false	GAMG	2.400110e-02	1.405230e-04	5	true
64            	smoothSolver	3.711140e-03	3.615590e-04	9	3.792150e-02	3.497080e-03	9	2.754090e-02	2.599740e-03	9	false	GAMG	2.418030e-02	1.422080e-04	5	true
65            	smoothSolver	3.684760e-03	3.573560e-04	9	3.817780e-02	3.481740e-03	9	2.744320e-02	2.578490e-03	9	false	GAMG	2.442750e-02	1.446300e-04	5	true
66            	smoothSolver	3.651960e-03	3.523040e-04	9	3.847240e-02	3.481150e-03	9	2.739630e-02	2.560310e-03	9	false	GAMG	2.467220e-02	1.442110e-04	5	true
67            	smoothSolver	3.608810e-03	3.472330e-04	9	3.865250e-02	3.497040e-03	9	2.732630e-02	2.543380e-03	9	false	GAMG	2.471310e-02	1.397150e-04	5	true
68            	smoothSolver	3.561990e-03	3.425430e-04	9	3.865560e-02	3.503630e-03	9	2.706310e-02	2.529180e-03	9	false	GAMG	2.447770e-02	1.362590e-04	5	true
69            	smoothSolver	3.516270e-03	3.384660e-04	9	3.842120e-02	3.499940e-03	9	2.676360e-02	2.505310e-03	9	false	GAMG	2.379400e-02	1.327320e-04	5	true
70            	smoothSolver	3.477680e-03	3.355460e-04	9	3.801210e-02	3.491680e-03	9	2.650670e-02	2.475540e-03	9	false	GAMG	2.285080e-02	1.270170e-04	5	true
71            	smoothSolver	3.443230e-03	3.334550e-04	9	3.761080e-02	3.485540e-03	9	2.624900e-02	2.450660e-03	9	false	GAMG	2.199070e-02	1.224060e-04	5	true
72            	smoothSolver	3.397290e-03	3.313950e-04	9	3.712780e-02	3.480600e-03	9	2.593280e-02	2.438450e-03	9	false	GAMG	2.148200e-02	1.187230e-04	5	true
73            	smoothSolver	3.353650e-03	3.295900e-04	9	3.668270e-02	3.467200e-03	9	2.561450e-02	2.428820e-03	9	false	GAMG	2.114740e-02	1.143870e-04	5	true
74            	smoothSolver	3.316390e-03	3.276800e-04	9	3.621190e-02	3.457750e-03	9	2.534560e-02	2.424050e-03	9	false	GAMG	2.095510e-02	1.151950e-04	5	true
75            	smoothSolver	3.290230e-03	3.265190e-04	9	3.586040e-02	3.455810e-03	9	2.507040e-02	2.428530e-03	9	false	GAMG	2.077370e-02	1.108300e-04	5	true
76            	smoothSolver	3.281170e-03	3.268160e-04	9	3.563990e-02	3.467510e-03	9	2.486720e-02	2.431990e-03	9	false	GAMG	2.060320e-02	1.049680e-04	5	true
77            	smoothSolver	3.277780e-03	2.575000e-04	10	3.554120e-02	3.490550e-03	9	2.470180e-02	2.437540e-03	9	false	GAMG	2.043320e-02	1.989140e-04	4	true
78            	smoothSolver	3.246440e-03	2.563120e-04	10	3.560670e-02	3.537130e-03	9	2.454820e-02	2.438770e-03	9	false	GAMG	2.012720e-02	1.059370e-04	5	true
79            	smoothSolver	3.214880e-03	2.540140e-04	10	3.572750e-02	2.815890e-03	10	2.451050e-02	2.448820e-03	9	false	GAMG	1.968320e-02	1.887580e-04	4	true
80            	smoothSolver	3.172270e-03	2.514920e-04	10	3.522290e-02	2.799760e-03	10	2.420570e-02	1.902180e-03	10	false	GAMG	1.911580e-02	9.342480e-05	5	true
81            	smoothSolver	3.128870e-03	2.487840e-04	10	3.500460e-02	2.812860e-03	10	2.391490e-02	1.884510e-03	10	false	GAMG	1.833990e-02	8.396500e-05	5	true
82            	smoothSolver	3.080080e-03	2.466320e-04	10	3.475230e-02	2.818650e-03	10	2.343410e-02	1.862630e-03	10	false	GAMG	1.773560e-02	8.636010e-05	5	true
83            	smoothSolver	3.041010e-03	2.454110e-04	10	3.452680e-02	2.823550e-03	10	2.308000e-02	1.849360e-03	10	false	GAMG	1.715240e-02	9.247650e-05	5	true
84            	smoothSolver	3.015790e-03	2.450280e-04	10	3.436500e-02	2.809630e-03	10	2.282790e-02	1.830910e-03	10	false	GAMG	1.664360e-02	8.699120e-05	5	true
85            	smoothSolver	3.007710e-03	2.447390e-04	10	3.428680e-02	2.781560e-03	10	2.264790e-02	1.810900e-03	10	false	GAMG	1.631500e-02	1.631020e-04	4	true
86            	smoothSolver	3.012890e-03	2.436700e-04	10	3.416030e-02	2.737260e-03	10	2.250220e-02	1.786370e-03	10	false	GAMG	1.621860e-02	8.352800e-05	5	true
87            	smoothSolver	3.014500e-03	2.422980e-04	10	3.405580e-02	2.700940e-03	10	2.245230e-02	1.771190e-03	10	false	GAMG	1.605290e-02	1.482430e-04	4	true
88            	smoothSolver	2.996150e-03	2.405500e-04	10	3.362340e-02	2.657670e-03	10	2.211620e-02	1.743620e-03	10	false	GAMG	1.603790e-02	1.502630e-04	4	true
89            	smoothSolver	2.973660e-03	2.387190e-04	10	3.324750e-02	2.638360e-03	10	2.181510e-02	1.729060e-03	10	false	GAMG	1.603480e-02	1.470290e-04	4	true
90            	smoothSolver	2.944500e-03	2.370030e-04	10	3.280290e-02	2.632240e-03	10	2.147130e-02	1.719170e-03	10	false	GAMG	1.613020e-02	1.463410e-04	4	true
91            	smoothSolver	2.921910e-03	2.352600e-04	10	3.248600e-02	2.626430e-03	10	2.122460e-02	1.710800e-03	10	false	GAMG	1.621280e-02	1.445440e-04	4	true
92            	smoothSolver	2.902070e-03	2.335260e-04	10	3.228300e-02	2.610270e-03	10	2.108580e-02	1.698830e-03	10	false	GAMG	1.616990e-02	1.428750e-04	4	true
93            	smoothSolver	2.888280e-03	2.322970e-04	10	3.210590e-02	2.580840e-03	10	2.103800e-02	1.684040e-03	10	false	GAMG	1.602280e-02	1.407870e-04	4	true
94            	smoothSolver	2.876920e-03	2.310470e-04	10	3.189530e-02	2.544290e-03	10	2.101250e-02	1.670290e-03	10	false	GAMG	1.593690e-02	1.391450e-04	4	true
95            	smoothSolver	2.869260e-03	2.299810e-04	10	3.153360e-02	2.500540e-03	10	2.096910e-02	1.656890e-03	10	false	GAMG	1.589420e-02	1.361750e-04	4	true
96            	smoothSolver	2.852510e-03	2.285340e-04	10	3.112640e-02	2.453210e-03	10	2.086040e-02	1.646000e-03	10	false	GAMG	1.593230e-02	1.332610e-04	4	true
97            	smoothSolver	2.835860e-03	2.266200e-04	10	3.082740e-02	3.074350e-03	9	2.072370e-02	1.640260e-03	10	false	GAMG	1.602610e-02	1.295990e-04	4	true
98            	smoothSolver	2.830050e-03	2.242600e-04	10	3.077860e-02	3.074990e-03	9	2.059730e-02	1.634520e-03	10	false	GAMG	1.607290e-02	1.281280e-04	4	true
99            	smoothSolver	2.829300e-03	2.219490e-04	10	3.070480e-02	2.428050e-03	10	2.043750e-02	1.627800e-03	10	false	GAMG	1.609890e-02	1.277790e-04	4	true
100           	smoothSolver	2.821510e-03	2.814090e-04	9	3.039450e-02	2.422770e-03	10	2.031140e-02	1.624660e-03	10	false	GAMG	1.608290e-02	1.274800e-04	4	true
101           	smoothSolver	2.810130e-03	2.807150e-04	9	2.994460e-02	2.414790e-03	10	2.007660e-02	1.615670e-03	10	false	GAMG	1.599080e-02	1.290470e-04	4	true
102           	smoothSolver	2.790110e-03	2.188440e-04	10	2.962150e-02	2.421090e-03	10	1.988890e-02	1.614280e-03	10	false	GAMG	1.580760e-02	1.302870e-04	4	true
103           	smoothSolver	2.748590e-03	2.160680e-04	10	2.955080e-02	2.432130e-03	10	1.987520e-02	1.620700e-03	10	false	GAMG	1.541830e-02	1.292700e-04	4	true
104           	smoothSolver	2.712360e-03	2.141430e-04	10	2.955450e-02	2.411950e-03	10	1.994090e-02	1.621690e-03	10	false	GAMG	1.489620e-02	1.269940e-04	4	true
105           	smoothSolver	2.693400e-03	2.125420e-04	10	2.974400e-02	2.375740e-03	10	2.013420e-02	1.616510e-03	10	false	GAMG	1.433020e-02	1.235060e-04	4	true
106           	smoothSolver	2.680940e-03	2.109660e-04	10	3.005680e-02	2.975080e-03	9	2.039720e-02	1.612020e-03	10	false	GAMG	1.394320e-02	1.190340e-04	4	true
107           	smoothSolver	2.674200e-03	2.673010e-04	9	3.042920e-02	2.949230e-03	9	2.052910e-02	2.038260e-03	9	false	GAMG	1.369260e-02	1.131130e-04	4	true
108           	smoothSolver	2.682660e-03	2.667900e-04	9	3.039890e-02	2.900200e-03	9	2.061580e-02	2.023150e-03	9	false	GAMG	1.361510e-02	1.107930e-04	4	true
109           	smoothSolver	2.691170e-03	2.659640e-04	9	3.027910e-02	2.871660e-03	9	2.058970e-02	2.002830e-03	9	false	GAMG	1.374580e-02	1.101910e-04	4	true
110           	smoothSolver	2.696510e-03	2.648120e-04	9	3.001990e-02	2.857320e-03	9	2.049890e-02	1.980130e-03	9	false	GAMG	1.407630e-02	1.114970e-04	4	true
111           	smoothSolver	2.704980e-03	2.635890e-04	9	2.964150e-02	2.846070e-03	9	2.027350e-02	1.952820e-03	9	false	GAMG	1.427120e-02	1.111220e-04	4	true
112           	smoothSolver	2.710460e-03	2.627650e-04	9	2.920890e-02	2.834330e-03	9	1.998300e-02	1.926210e-03	9	false	GAMG	1.440550e-02	1.067260e-04	4	true
113           	smoothSolver	2.705360e-03	2.617770e-04	9	2.860260e-02	2.814920e-03	9	1.959330e-02	1.907990e-03	9	false	GAMG	1.446160e-02	1.023580e-04	4	true
114           	smoothSolver	2.683490e-03	2.607530e-04	9	2.791110e-02	2.779960e-03	9	1.918660e-02	1.903650e-03	9	false	GAMG	1.424120e-02	1.018570e-04	4	true
115           	smoothSolver	2.649420e-03	2.596920e-04	9	2.730340e-02	2.152050e-03	10	1.892150e-02	1.502400e-03	10	false	GAMG	1.393940e-02	1.067740e-04	4	true
116           	smoothSolver	2.620930e-03	2.594990e-04	9	2.679510e-02	2.678900e-03	9	1.876630e-02	1.497310e-03	10	false	GAMG	1.354090e-02	1.098470e-04	4	true
117           	smoothSolver	2.592280e-03	2.587030e-04	9	2.677920e-02	2.654130e-03	9	1.870750e-02	1.486380e-03	10	false	GAMG	1.317870e-02	1.114950e-04	4	true
118           	smoothSolver	2.560260e-03	2.006090e-04	10	2.685970e-02	2.628510e-03	9	1.872960e-02	1.473460e-03	10	false	GAMG	1.292450e-02	1.129030e-04	4	true
119           	smoothSolver	2.522900e-03	2.519740e-04	9	2.707420e-02	2.609820e-03	9	1.890060e-02	1.864630e-03	9	false	GAMG	1.274980e-02	1.072980e-04	4	true
120           	smoothSolver	2.508560e-03	2.487950e-04	9	2.707790e-02	2.566840e-03	9	1.910110e-02	1.853610e-03	9	false	GAMG	1.270760e-02	1.021510e-04	4	true
121           	smoothSolver	2.514510e-03	2.452500e-04	9	2.702740e-02	2.525350e-03	9	1.927600e-02	1.842910e-03	9	false	GAMG	1.252870e-02	9.646120e-05	4	true
122           	smoothSolver	2.523240e-03	2.412120e-04	9	2.700230e-02	2.487340e-03	9	1.931810e-02	1.828580e-03	9	false	GAMG	1.250870e-02	9.171300e-05	4	true
123           	smoothSolver	2.530930e-03	2.363560e-04	9	2.695620e-02	2.453480e-03	9	1.924120e-02	1.804470e-03	9	false	GAMG	1.286040e-02	8.837130e-05	4	true
124           	smoothSolver	2.523170e-03	2.314340e-04	9	2.682410e-02	2.426000e-03	9	1.902040e-02	1.773010e-03	9	false	GAMG	1.306940e-02	8.662260e-05	4	true
125           	smoothSolver	2.506910e-03	2.270410e-04	9	2.649750e-02	2.407620e-03	9	1.859460e-02	1.734860e-03	9	false	GAMG	1.297210e-02	8.756990e-05	4	true
126           	smoothSolver	2.473280e-03	2.236610e-04	9	2.586210e-02	2.403450e-03	9	1.799390e-02	1.692270e-03	9	false	GAMG	1.285740e-02	8.956350e-05	4	true
127           	smoothSolver	2.427440e-03	2.213810e-04	9	2.507830e-02	2.408530e-03	9	1.724060e-02	1.648920e-03	9	false	GAMG	1.262480e-02	9.008490e-05	4	true
128           	smoothSolver	2.371370e-03	2.189190e-04	9	2.440040e-02	2.395810e-03	9	1.661560e-02	1.607530e-03	9	false	GAMG	1.247100e-02	9.149660e-05	4	true
129           	smoothSolver	2.325310e-03	2.174610e-04	9	2.412830e-02	2.364170e-03	9	1.637940e-02	1.575100e-03	9	false	GAMG	1.236020e-02	9.391660e-05	4	true
130           	smoothSolver	2.304650e-03	2.161580e-04	9	2.425020e-02	2.324550e-03	9	1.652720e-02	1.560260e-03	9	false	GAMG	1.233030e-02	9.559900e-05	4	true
131           	smoothSolver	2.286990e-03	2.140780e-04	9	2.467650e-02	2.288980e-03	9	1.680020e-02	1.558430e-03	9	false	GAMG	1.228920e-02	9.556890e-05	4	true
132           	smoothSolver	2.266580e-03	2.114620e-04	9	2.516710e-02	2.265300e-03	9	1.703920e-02	1.556120e-03	9	false	GAMG	1.217000e-02	9.368210e-05	4	true
133           	smoothSolver	2.244300e-03	2.092320e-04	9	2.532840e-02	2.256500e-03	9	1.712400e-02	1.549010e-03	9	false	GAMG	1.195660e-02	8.956040e-05	4	true
134           	smoothSolver	2.228590e-03	2.076390e-04	9	2.514360e-02	2.254980e-03	9	1.693540e-02	1.538210e-03	9	false	GAMG	1.169900e-02	8.484200e-05	4	true
135           	smoothSolver	2.212610e-03	2.068600e-04	9	2.475790e-02	2.255550e-03	9	1.657410e-02	1.524180e-03	9	false	GAMG	1.150420e-02	8.009180e-05	4	true
136           	smoothSolver	2.201090e-03	2.065520e-04	9	2.425540e-02	2.253460e-03	9	1.616450e-02	1.510090e-03	9	false	GAMG	1.144510e-02	7.708880e-05	4	true
137           	smoothSolver	2.190020e-03	2.063860e-04	9	2.375480e-02	2.251180e-03	9	1.579410e-02	1.497880e-03	9	false	GAMG	1.133100e-02	7.756660e-05	4	true
138           	smoothSolver	2.177470e-03	2.058330e-04	9	2.325950e-02	2.245180e-03	9	1.546440e-02	1.485660e-03	9	false	GAMG	1.119870e-02	7.967380e-05	4	true
139           	smoothSolver	2.159260e-03	2.049030e-04	9	2.278090e-02	2.234680e-03	9	1.514920e-02	1.467670e-03	9	false	GAMG	1.099630e-02	7.994720e-05	4	true
140           	smoothSolver	2.137010e-03	2.037920e-04	9	2.231630e-02	2.221710e-03	9	1.476900e-02	1.441100e-03	9	false	GAMG	1.089780e-02	7.831700e-05	4	true
141           	smoothSolver	2.114180e-03	2.026240e-04	9	2.187050e-02	1.748480e-03	10	1.439360e-02	1.415490e-03	9	false	GAMG	1.083370e-02	7.692670e-05	4	true
142           	smoothSolver	2.086510e-03	2.019480e-04	9	2.135840e-02	1.740040e-03	10	1.411310e-02	1.398160e-03	9	false	GAMG	1.093180e-02	7.609120e-05	4	true
143           	smoothSolver	2.061020e-03	2.012250e-04	9	2.107800e-02	1.733170e-03	10	1.397090e-02	1.389180e-03	9	false	GAMG	1.099440e-02	7.660960e-05	4	true
144           	smoothSolver	2.036230e-03	2.010590e-04	9	2.095940e-02	1.724600e-03	10	1.393850e-02	1.393080e-03	9	false	GAMG	1.103170e-02	7.913130e-05	4	true
145           	smoothSolver	2.019220e-03	1.588990e-04	10	2.097440e-02	1.716390e-03	10	1.406940e-02	1.113540e-03	10	false	GAMG	1.096500e-02	8.338740e-05	4	true
146           	smoothSolver	2.003570e-03	1.591200e-04	10	2.116620e-02	1.716610e-03	10	1.422580e-02	1.128500e-03	10	false	GAMG	1.080410e-02	8.367300e-05	4	true
147           	smoothSolver	2.001920e-03	1.585450e-04	10	2.141550e-02	1.706270e-03	10	1.446640e-02	1.444570e-03	9	false	GAMG	1.057750e-02	8.139860e-05	4	true
148           	smoothSolver	2.012980e-03	2.007040e-04	9	2.161770e-02	2.139960e-03	9	1.478590e-02	1.462040e-03	9	false	GAMG	1.038480e-02	7.847360e-05	4	true
149           	smoothSolver	2.037900e-03	1.999520e-04	9	2.180000e-02	2.120240e-03	9	1.496120e-02	1.465010e-03	9	false	GAMG	1.033160e-02	7.630880e-05	4	true
150           	smoothSolver	2.069030e-03	1.998350e-04	9	2.199970e-02	2.104640e-03	9	1.515580e-02	1.470910e-03	9	false	GAMG	1.046890e-02	7.780520e-05	4	true
151           	smoothSolver	2.102140e-03	2.005040e-04	9	2.214480e-02	2.093660e-03	9	1.533510e-02	1.476920e-03	9	false	GAMG	1.068010e-02	8.137160e-05	4	true
152           	smoothSolver	2.132610e-03	2.018980e-04	9	2.222320e-02	2.082210e-03	9	1.548140e-02	1.483080e-03	9	false	GAMG	1.081590e-02	8.402330e-05	4	true
153           	smoothSolver	2.158700e-03	2.031980e-04	9	2.213390e-02	2.068440e-03	9	1.552800e-02	1.488490e-03	9	false	GAMG	1.099790e-02	8.349720e-05	4	true
154           	smoothSolver	2.179390e-03	2.043190e-04	9	2.195650e-02	2.060450e-03	9	1.551010e-02	1.491760e-03	9	false	GAMG	1.095830e-02	8.148670e-05	4	true
155           	smoothSolver	2.191020e-03	2.051650e-04	9	2.172600e-02	2.063410e-03	9	1.539870e-02	1.492160e-03	9	false	GAMG	1.082490e-02	7.934160e-05	4	true
156           	smoothSolver	2.197290e-03	2.057780e-04	9	2.143590e-02	2.073010e-03	9	1.518440e-02	1.492510e-03	9	false	GAMG	1.072390e-02	7.877260e-05	4	true
157           	smoothSolver	2.191620e-03	2.064950e-04	9	2.110000e-02	2.085180e-03	9	1.490820e-02	1.177510e-03	10	false	GAMG	1.068160e-02	8.079230e-05	4	true
158           	smoothSolver	2.171490e-03	2.075890e-04	9	2.080170e-02	1.656460e-03	10	1.453590e-02	1.173530e-03	10	false	GAMG	1.068180e-02	8.346250e-05	4	true
159           	smoothSolver	2.137700e-03	2.095450e-04	9	2.051420e-02	1.655690e-03	10	1.431000e-02	1.175850e-03	10	false	GAMG	1.070470e-02	8.521520e-05	4	true
160           	smoothSolver	2.112940e-03	1.663860e-04	10	2.047130e-02	1.652170e-03	10	1.422320e-02	1.176210e-03	10	false	GAMG	1.071200e-02	8.764560e-05	4	true
161           	smoothSolver	2.086420e-03	1.668800e-04	10	2.070030e-02	1.649500e-03	10	1.433760e-02	1.175240e-03	10	false	GAMG	1.064050e-02	8.829140e-05	4	true
162           	smoothSolver	2.072920e-03	1.670630e-04	10	2.100750e-02	2.081660e-03	9	1.447620e-02	1.171270e-03	10	false	GAMG	1.054200e-02	8.693170e-05	4	true
163           	smoothSolver	2.068830e-03	1.666620e-04	10	2.142540e-02	2.073080e-03	9	1.461210e-02	1.164190e-03	10	false	GAMG	1.039840e-02	8.399340e-05	4	true
164           	smoothSolver	2.080470e-03	1.653920e-04	10	2.178940e-02	2.053750e-03	9	1.480090e-02	1.468490e-03	9	false	GAMG	1.047070e-02	8.195470e-05	4	true
165           	smoothSolver	2.094560e-03	2.081700e-04	9	2.201120e-02	2.021530e-03	9	1.509750e-02	1.466910e-03	9	false	GAMG	1.068550e-02	8.152660e-05	4	true
166           	smoothSolver	2.116110e-03	2.047400e-04	9	2.199630e-02	1.975220e-03	9	1.520450e-02	1.449410e-03	9	false	GAMG	1.108420e-02	8.246150e-05	4	true
167           	smoothSolver	2.123950e-03	2.006560e-04	9	2.187880e-02	1.934290e-03	9	1.516410e-02	1.421600e-03	9	false	GAMG	1.153740e-02	8.223280e-05	4	true
168           	smoothSolver	2.107350e-03	1.960420e-04	9	2.154740e-02	1.895640e-03	9	1.495950e-02	1.383520e-03	9	false	GAMG	1.181830e-02	8.035000e-05	4	true
169           	smoothSolver	2.086940e-03	1.918030e-04	9	2.104170e-02	1.861570e-03	9	1.463290e-02	1.346520e-03	9	false	GAMG	1.176390e-02	7.873820e-05	4	true
170           	smoothSolver	2.062440e-03	1.883160e-04	9	2.046380e-02	1.829680e-03	9	1.421490e-02	1.314020e-03	9	false	GAMG	1.160420e-02	7.671040e-05	4	true
171           	smoothSolver	2.038650e-03	1.843170e-04	9	1.991870e-02	1.800720e-03	9	1.383640e-02	1.287620e-03	9	false	GAMG	1.135480e-02	7.513570e-05	4	true
172           	smoothSolver	1.998530e-03	1.804750e-04	9	1.942780e-02	1.774660e-03	9	1.352330e-02	1.266560e-03	9	false	GAMG	1.133110e-02	7.605490e-05	4	true
173           	smoothSolver	1.952670e-03	1.770370e-04	9	1.890080e-02	1.752100e-03	9	1.324400e-02	1.250630e-03	9	false	GAMG	1.144580e-02	7.872310e-05	4	true
174           	smoothSolver	1.906200e-03	1.739660e-04	9	1.845610e-02	1.737220e-03	9	1.295860e-02	1.236730e-03	9	false	GAMG	1.146500e-02	7.925560e-05	4	true
175           	smoothSolver	1.859910e-03	1.712520e-04	9	1.808800e-02	1.721980e-03	9	1.269300e-02	1.223520e-03	9	false	GAMG	1.130070e-02	7.758660e-05	4	true
176           	smoothSolver	1.815220e-03	1.691420e-04	9	1.780980e-02	1.709600e-03	9	1.246330e-02	1.215810e-03	9	false	GAMG	1.093210e-02	7.436140e-05	4	true
177           	smoothSolver	1.773670e-03	1.677880e-04	9	1.759430e-02	1.703560e-03	9	1.229230e-02	1.210890e-03	9	false	GAMG	1.057280e-02	7.069470e-05	4	true
178           	smoothSolver	1.743520e-03	1.677240e-04	9	1.748870e-02	1.705500e-03	9	1.218960e-02	1.213110e-03	9	false	GAMG	1.029700e-02	6.842230e-05	4	true
179           	smoothSolver	1.726610e-03	1.682570e-04	9	1.742050e-02	1.713030e-03	9	1.215530e-02	9.626800e-04	10	false	GAMG	1.022250e-02	6.944820e-05	4	true
180           	smoothSolver	1.721170e-03	1.691240e-04	9	1.742620e-02	1.723580e-03	9	1.210680e-02	9.664800e-04	10	false	GAMG	1.017650e-02	7.176560e-05	4	true
181           	smoothSolver	1.725070e-03	1.703140e-04	9	1.749780e-02	1.728780e-03	9	1.217700e-02	9.734050e-04	10	false	GAMG	1.007250e-02	7.408640e-05	4	true
182           	smoothSolver	1.733320e-03	1.717600e-04	9	1.760580e-02	1.729000e-03	9	1.231330e-02	9.806700e-04	10	false	GAMG	9.944630e-03	7.506360e-05	4	true
183           	smoothSolver	1.748340e-03	1.739610e-04	9	1.775990e-02	1.727090e-03	9	1.245730e-02	9.858340e-04	10	false	GAMG	9.806130e-03	7.488020e-05	4	true
184           	smoothSolver	1.769670e-03	1.764970e-04	9	1.794340e-02	1.726510e-03	9	1.260110e-02	1.258810e-03	9	false	GAMG	9.651500e-03	7.422680e-05	4	true
185           	smoothSolver	1.793660e-03	1.788400e-04	9	1.816310e-02	1.726920e-03	9	1.283720e-02	1.276740e-03	9	false	GAMG	9.524380e-03	7.374830e-05	4	true
186           	smoothSolver	1.824480e-03	1.811180e-04	9	1.835600e-02	1.726590e-03	9	1.302320e-02	1.294560e-03	9	false	GAMG	9.443580e-03	7.456600e-05	4	true
187           	smoothSolver	1.855130e-03	1.832970e-04	9	1.849650e-02	1.727450e-03	9	1.313970e-02	1.306980e-03	9	false	GAMG	9.414440e-03	7.649850e-05	4	true
188           	smoothSolver	1.881440e-03	1.854550e-04	9	1.856430e-02	1.728210e-03	9	1.318960e-02	1.310950e-03	9	false	GAMG	9.493650e-03	7.734520e-05	4	true
189           	smoothSolver	1.902690e-03	1.873470e-04	9	1.855170e-02	1.727640e-03	9	1.317160e-02	1.306190e-03	9	false	GAMG	9.552360e-03	7.572390e-05	4	true
190           	smoothSolver	1.918180e-03	1.890010e-04	9	1.849750e-02	1.728920e-03	9	1.307020e-02	1.297000e-03	9	false	GAMG	9.592560e-03	7.366160e-05	4	true
191           	smoothSolver	1.930460e-03	1.904290e-04	9	1.843450e-02	1.735290e-03	9	1.292640e-02	1.287050e-03	9	false	GAMG	9.621840e-03	7.188610e-05	4	true
192           	smoothSolver	1.941860e-03	1.919750e-04	9	1.839450e-02	1.750090e-03	9	1.278610e-02	1.006150e-03	10	false	GAMG	9.773600e-03	7.208980e-05	4	true
193           	smoothSolver	1.953900e-03	1.936490e-04	9	1.840680e-02	1.770360e-03	9	1.265060e-02	9.956290e-04	10	false	GAMG	9.876390e-03	7.514590e-05	4	true
194           	smoothSolver	1.967760e-03	1.950310e-04	9	1.848350e-02	1.783330e-03	9	1.265120e-02	1.261340e-03	9	false	GAMG	1.003730e-02	8.170380e-05	4	true
195           	smoothSolver	1.972490e-03	1.953360e-04	9	1.862990e-02	1.776880e-03	9	1.284870e-02	1.263200e-03	9	false	GAMG	1.025170e-02	8.852780e-05	4	true
196           	smoothSolver	1.974410e-03	1.945270e-04	9	1.888360e-02	1.755310e-03	9	1.308820e-02	1.265610e-03	9	false	GAMG	1.055600e-02	9.077900e-05	4	true
197           	smoothSolver	1.979920e-03	1.932430e-04	9	1.929650e-02	1.730230e-03	9	1.335900e-02	1.265460e-03	9	false	GAMG	1.073870e-02	8.963250e-05	4	true
198           	smoothSolver	1.987330e-03	1.914320e-04	9	1.978030e-02	1.707930e-03	9	1.360830e-02	1.267560e-03	9	false	GAMG	1.079340e-02	8.656360e-05	4	true
199           	smoothSolver	1.992020e-03	1.889090e-04	9	2.017230e-02	1.693870e-03	9	1.377780e-02	1.269210e-03	9	false	GAMG	1.068020e-02	8.333120e-05	4	true
200           	smoothSolver	1.992570e-03	1.859370e-04	9	2.021790e-02	1.682540e-03	9	1.375440e-02	1.268490e-03	9	false	GAMG	1.076790e-02	8.246830e-05	4	true
201           	smoothSolver	1.991320e-03	1.830880e-04	9	1.989150e-02	1.663410e-03	9	1.356730e-02	1.257040e-03	9	false	GAMG	1.105040e-02	8.500030e-05	4	true
202           	smoothSolver	1.980790e-03	1.807120e-04	9	1.940220e-02	1.638990e-03	9	1.325000e-02	1.234580e-03	9	false	GAMG	1.143060e-02	9.071570e-05	4	true
203           	smoothSolver	1.958260e-03	1.784950e-04	9	1.893160e-02	1.607030e-03	9	1.298020e-02	1.207530e-03	9	false	GAMG	1.161060e-02	9.293220e-05	4	true
204           	smoothSolver	1.934680e-03	1.758210e-04	9	1.846850e-02	1.571270e-03	9	1.274670e-02	1.183110e-03	9	false	GAMG	1.151360e-02	9.065780e-05	4	true
205           	smoothSolver	1.907720e-03	1.734910e-04	9	1.799220e-02	1.542390e-03	9	1.260930e-02	1.167170e-03	9	false	GAMG	1.150720e-02	8.649380e-05	4	true
206           	smoothSolver	1.885180e-03	1.719350e-04	9	1.753900e-02	1.524950e-03	9	1.247050e-02	1.161730e-03	9	false	GAMG	1.149730e-02	8.232530e-05	4	true
207           	smoothSolver	1.852110e-03	1.707530e-04	9	1.715510e-02	1.520000e-03	9	1.231800e-02	1.164620e-03	9	false	GAMG	1.131260e-02	7.914850e-05	4	true
208           	smoothSolver	1.812640e-03	1.697780e-04	9	1.685440e-02	1.517440e-03	9	1.215240e-02	1.174930e-03	9	false	GAMG	1.099920e-02	7.682190e-05	4	true
209           	smoothSolver	1.774250e-03	1.690190e-04	9	1.660720e-02	1.513940e-03	9	1.200000e-02	1.187570e-03	9	false	GAMG	1.064750e-02	7.495830e-05	4	true
210           	smoothSolver	1.746340e-03	1.689680e-04	9	1.644690e-02	1.510010e-03	9	1.189280e-02	9.416730e-04	10	false	GAMG	1.044910e-02	7.557930e-05	4	true
211           	smoothSolver	1.727970e-03	1.694220e-04	9	1.630240e-02	1.505960e-03	9	1.175890e-02	9.373050e-04	10	false	GAMG	1.022850e-02	7.665160e-05	4	true
212           	smoothSolver	1.712380e-03	1.698550e-04	9	1.617150e-02	1.503390e-03	9	1.166590e-02	9.326160e-04	10	false	GAMG	1.004920e-02	7.611120e-05	4	true
213           	smoothSolver	1.704480e-03	1.703380e-04	9	1.610150e-02	1.505100e-03	9	1.161600e-02	9.301830e-04	10	false	GAMG	9.922470e-03	7.517530e-05	4	true
214           	smoothSolver	1.697560e-03	1.338250e-04	10	1.604290e-02	1.510870e-03	9	1.157650e-02	9.313550e-04	10	false	GAMG	9.846860e-03	7.550620e-05	4	true
215           	smoothSolver	1.684780e-03	1.333540e-04	10	1.605020e-02	1.521660e-03	9	1.157050e-02	9.357580e-04	10	false	GAMG	9.737140e-03	7.578340e-05	4	true
216           	smoothSolver	1.671030e-03	1.328680e-04	10	1.601810e-02	1.519190e-03	9	1.152720e-02	9.331170e-04	10	false	GAMG	9.628510e-03	7.783270e-05	4	true
217           	smoothSolver	1.659370e-03	1.322460e-04	10	1.594190e-02	1.510620e-03	9	1.146770e-02	9.243340e-04	10	false	GAMG	9.512070e-03	7.997060e-05	4	true
218           	smoothSolver	1.648360e-03	1.314980e-04	10	1.584530e-02	1.499770e-03	9	1.137100e-02	9.123370e-04	10	false	GAMG	9.404930e-03	7.928120e-05	4	true
219           	smoothSolver	1.640550e-03	1.307390e-04	10	1.574350e-02	1.491180e-03	9	1.125490e-02	8.996600e-04	10	false	GAMG	9.320070e-03	7.499740e-05	4	true
220           	smoothSolver	1.633760e-03	1.301210e-04	10	1.562200e-02	1.485840e-03	9	1.114140e-02	8.900060e-04	10	false	GAMG	9.238940e-03	6.938790e-05	4	true
221           	smoothSolver	1.624050e-03	1.294030e-04	10	1.550460e-02	1.480790e-03	9	1.102370e-02	8.839860e-04	10	false	GAMG	9.145860e-03	6.641880e-05	4	true
222           	smoothSolver	1.612920e-03	1.283610e-04	10	1.539730e-02	1.472550e-03	9	1.091770e-02	8.793810e-04	10	false	GAMG	9.079780e-03	6.702060e-05	4	true
223           	smoothSolver	1.600980e-03	1.267240e-04	10	1.528680e-02	1.457380e-03	9	1.080700e-02	8.722330e-04	10	false	GAMG	9.076780e-03	7.282530e-05	4	true
224           	smoothSolver	1.587450e-03	1.247260e-04	10	1.513960e-02	1.434260e-03	9	1.068170e-02	8.599890e-04	10	false	GAMG	9.114730e-03	7.711600e-05	4	true
225           	smoothSolver	1.575470e-03	1.567250e-04	9	1.493040e-02	1.407160e-03	9	1.053230e-02	8.434440e-04	10	false	GAMG	9.196350e-03	7.586220e-05	4	true
226           	smoothSolver	1.573210e-03	1.550410e-04	9	1.464400e-02	1.374690e-03	9	1.035220e-02	8.226740e-04	10	false	GAMG	9.304890e-03	7.243730e-05	4	true
227           	smoothSolver	1.566440e-03	1.532390e-04	9	1.444810e-02	1.354880e-03	9	1.018060e-02	8.053520e-04	10	false	GAMG	9.374820e-03	6.978450e-05	4	true
228           	smoothSolver	1.552970e-03	1.512770e-04	9	1.435130e-02	1.341280e-03	9	1.003680e-02	7.904430e-04	10	false	GAMG	9.385560e-03	6.830720e-05	4	true
229           	smoothSolver	1.533520e-03	1.498490e-04	9	1.425520e-02	1.327840e-03	9	9.892870e-03	7.779200e-04	10	false	GAMG	9.292850e-03	6.909900e-05	4	true
230           	smoothSolver	1.514120e-03	1.487530e-04	9	1.412920e-02	1.314320e-03	9	9.751050e-03	9.743010e-04	9	false	GAMG	9.199580e-03	7.313330e-05	4	true
231           	smoothSolver	1.497240e-03	1.475930e-04	9	1.395630e-02	1.298240e-03	9	9.673530e-03	9.637480e-04	9	false	GAMG	9.143960e-03	7.480100e-05	4	true
232           	smoothSolver	1.484750e-03	1.464230e-04	9	1.378480e-02	1.280890e-03	9	9.568010e-03	9.494620e-04	9	false	GAMG	9.083420e-03	7.166800e-05	4	true
233           	smoothSolver	1.475970e-03	1.453660e-04	9	1.364810e-02	1.268450e-03	9	9.458190e-03	9.388940e-04	9	false	GAMG	8.981720e-03	6.674690e-05	4	true
234           	smoothSolver	1.466010e-03	1.446860e-04	9	1.352510e-02	1.264340e-03	9	9.392600e-03	9.372300e-04	9	false	GAMG	8.851790e-03	6.248900e-05	4	true
235           	smoothSolver	1.453890e-03	1.442090e-04	9	1.341390e-02	1.262700e-03	9	9.373460e-03	7.400960e-04	10	false	GAMG	8.695730e-03	6.030920e-05	4	true
236           	smoothSolver	1.438680e-03	1.437260e-04	9	1.333890e-02	1.265370e-03	9	9.321500e-03	7.406420e-04	10	false	GAMG	8.451590e-03	5.998360e-05	4	true
237           	smoothSolver	1.421120e-03	1.119820e-04	10	1.326750e-02	1.265650e-03	9	9.285980e-03	7.411520e-04	10	false	GAMG	8.259640e-03	6.501790e-05	4	true
238           	smoothSolver	1.401350e-03	1.106220e-04	10	1.319940e-02	1.263280e-03	9	9.262860e-03	7.418840e-04	10	false	GAMG	8.124920e-03	6.817550e-05	4	true
239           	smoothSolver	1.386210e-03	1.094410e-04	10	1.309940e-02	1.251990e-03	9	9.192440e-03	7.403330e-04	10	false	GAMG	8.064260e-03	6.680850e-05	4	true
240           	smoothSolver	1.375510e-03	1.085650e-04	10	1.295220e-02	1.241440e-03	9	9.101530e-03	7.374770e-04	10	false	GAMG	8.053510e-03	6.358010e-05	4	true
241           	smoothSolver	1.363730e-03	1.078480e-04	10	1.279960e-02	1.235920e-03	9	8.995550e-03	7.349280e-04	10	false	GAMG	8.031010e-03	6.185840e-05	4	true
242           	smoothSolver	1.350070e-03	1.071610e-04	10	1.267000e-02	1.238270e-03	9	8.914630e-03	7.364420e-04	10	false	GAMG	8.004840e-03	6.179710e-05	4	true
243           	smoothSolver	1.335040e-03	1.066100e-04	10	1.256160e-02	1.240040e-03	9	8.865460e-03	7.392340e-04	10	false	GAMG	7.960940e-03	6.387100e-05	4	true
244           	smoothSolver	1.319720e-03	1.060490e-04	10	1.246610e-02	1.237020e-03	9	8.846570e-03	7.389430e-04	10	false	GAMG	7.907300e-03	6.913310e-05	4	true
245           	smoothSolver	1.304490e-03	1.051660e-04	10	1.238940e-02	1.228060e-03	9	8.824850e-03	7.335530e-04	10	false	GAMG	7.857010e-03	7.042640e-05	4	true
246           	smoothSolver	1.289490e-03	1.040810e-04	10	1.230630e-02	1.211280e-03	9	8.768380e-03	7.226430e-04	10	false	GAMG	7.789220e-03	6.741450e-05	4	true
247           	smoothSolver	1.276290e-03	1.030600e-04	10	1.221340e-02	1.193590e-03	9	8.689290e-03	7.097360e-04	10	false	GAMG	7.698430e-03	6.252810e-05	4	true
248           	smoothSolver	1.264100e-03	1.021510e-04	10	1.211990e-02	1.182060e-03	9	8.603360e-03	6.996860e-04	10	false	GAMG	7.615830e-03	5.853500e-05	4	true
249           	smoothSolver	1.253260e-03	1.014660e-04	10	1.202160e-02	1.175760e-03	9	8.511370e-03	6.938680e-04	10	false	GAMG	7.555830e-03	5.707590e-05	4	true
250           	smoothSolver	1.243410e-03	1.006750e-04	10	1.191520e-02	1.169870e-03	9	8.427410e-03	6.902720e-04	10	false	GAMG	7.511470e-03	5.745030e-05	4	true
251           	smoothSolver	1.234610e-03	9.970080e-05	10	1.180820e-02	1.159870e-03	9	8.360110e-03	6.868660e-04	10	false	GAMG	7.476490e-03	6.178910e-05	4	true
252           	smoothSolver	1.229040e-03	9.866160e-05	10	1.170890e-02	1.143850e-03	9	8.306450e-03	6.808600e-04	10	false	GAMG	7.455420e-03	6.345740e-05	4	true
253           	smoothSolver	1.225670e-03	9.760420e-05	10	1.160460e-02	1.128640e-03	9	8.250060e-03	6.724330e-04	10	false	GAMG	7.443060e-03	6.017980e-05	4	true
254           	smoothSolver	1.225760e-03	9.678290e-05	10	1.152020e-02	1.120560e-03	9	8.185010e-03	6.631500e-04	10	false	GAMG	7.440970e-03	5.634020e-05	4	true
255           	smoothSolver	1.220520e-03	9.608670e-05	10	1.146130e-02	1.117660e-03	9	8.114330e-03	6.570040e-04	10	false	GAMG	7.457610e-03	5.493600e-05	4	true
256           	smoothSolver	1.211480e-03	9.552440e-05	10	1.142100e-02	1.120260e-03	9	8.068250e-03	6.573580e-04	10	false	GAMG	7.469350e-03	5.507090e-05	4	true
257           	smoothSolver	1.202310e-03	9.510530e-05	10	1.140860e-02	1.122840e-03	9	8.032790e-03	6.599960e-04	10	false	GAMG	7.466950e-03	5.786120e-05	4	true
258           	smoothSolver	1.193890e-03	9.464450e-05	10	1.138100e-02	1.118720e-03	9	8.000520e-03	6.587580e-04	10	false	GAMG	7.418850e-03	6.039040e-05	4	true
259           	smoothSolver	1.187150e-03	9.399640e-05	10	1.131940e-02	1.107480e-03	9	7.949550e-03	6.511780e-04	10	false	GAMG	7.337420e-03	5.917530e-05	4	true
260           	smoothSolver	1.180380e-03	9.305310e-05	10	1.124690e-02	1.094970e-03	9	7.883400e-03	6.400720e-04	10	false	GAMG	7.252290e-03	5.660270e-05	4	true
261           	smoothSolver	1.173080e-03	9.218490e-05	10	1.119180e-02	1.090720e-03	9	7.808270e-03	6.310080e-04	10	false	GAMG	7.174390e-03	5.442590e-05	4	true
262           	smoothSolver	1.165470e-03	9.156180e-05	10	1.118900e-02	1.098820e-03	9	7.744950e-03	6.283050e-04	10	false	GAMG	7.086780e-03	5.396040e-05	4	true
263           	smoothSolver	1.160050e-03	9.114720e-05	10	1.121950e-02	1.113360e-03	9	7.720520e-03	6.318300e-04	10	false	GAMG	7.028860e-03	5.513510e-05	4	true
264           	smoothSolver	1.156480e-03	9.089340e-05	10	1.126870e-02	8.847890e-04	10	7.728160e-03	6.394840e-04	10	false	GAMG	7.036450e-03	5.984060e-05	4	true
265           	smoothSolver	1.153360e-03	9.068170e-05	10	1.123320e-02	8.813950e-04	10	7.776180e-03	6.462870e-04	10	false	GAMG	7.065330e-03	6.350620e-05	4	true
266           	smoothSolver	1.149170e-03	9.040120e-05	10	1.121350e-02	1.116950e-03	9	7.822700e-03	6.486770e-04	10	false	GAMG	7.077940e-03	6.307070e-05	4	true
267           	smoothSolver	1.146280e-03	9.020190e-05	10	1.132080e-02	1.121420e-03	9	7.854550e-03	6.475800e-04	10	false	GAMG	7.061860e-03	5.991540e-05	4	true
268           	smoothSolver	1.144810e-03	9.014060e-05	10	1.146460e-02	1.125980e-03	9	7.897570e-03	6.459440e-04	10	false	GAMG	7.037140e-03	5.757340e-05	4	true
269           	smoothSolver	1.146080e-03	9.022130e-05	10	1.159980e-02	1.130960e-03	9	7.950960e-03	6.477790e-04	10	false	GAMG	7.028950e-03	5.669810e-05	4	true
270           	smoothSolver	1.149830e-03	9.050520e-05	10	1.171650e-02	1.137600e-03	9	8.005560e-03	6.523730e-04	10	false	GAMG	7.032460e-03	5.674550e-05	4	true
271           	smoothSolver	1.153710e-03	9.073440e-05	10	1.180150e-02	1.142080e-03	9	8.023220e-03	6.540540e-04	10	false	GAMG	7.045150e-03	5.984690e-05	4	true
272           	smoothSolver	1.158780e-03	9.092740e-05	10	1.184370e-02	1.142730e-03	9	8.026730e-03	6.516790e-04	10	false	GAMG	7.059660e-03	6.212440e-05	4	true
273           	smoothSolver	1.163710e-03	1.162250e-04	9	1.182580e-02	1.138370e-03	9	7.981900e-03	6.444500e-04	10	false	GAMG	7.029290e-03	5.995280e-05	4	true
274           	smoothSolver	1.169870e-03	1.167450e-04	9	1.170120e-02	1.128390e-03	9	7.867620e-03	6.332060e-04	10	false	GAMG	6.994490e-03	5.629700e-05	4	true
275           	smoothSolver	1.171860e-03	9.177870e-05	10	1.161040e-02	1.132160e-03	9	7.777190e-03	6.272060e-04	10	false	GAMG	6.953520e-03	5.427290e-05	4	true
276           	smoothSolver	1.162110e-03	9.170010e-05	10	1.160860e-02	1.149760e-03	9	7.740550e-03	6.300250e-04	10	false	GAMG	6.865050e-03	5.327550e-05	4	true
277           	smoothSolver	1.151050e-03	9.173090e-05	10	1.156020e-02	9.115500e-04	10	7.721190e-03	6.348970e-04	10	false	GAMG	6.800320e-03	5.439750e-05	4	true
278           	smoothSolver	1.142830e-03	9.192300e-05	10	1.146830e-02	9.085830e-04	10	7.748330e-03	6.416880e-04	10	false	GAMG	6.762420e-03	5.961090e-05	4	true
279           	smoothSolver	1.137910e-03	9.197630e-05	10	1.147060e-02	9.038430e-04	10	7.796860e-03	6.452310e-04	10	false	GAMG	6.737840e-03	6.282150e-05	4	true
280           	smoothSolver	1.135460e-03	9.194020e-05	10	1.154580e-02	1.148210e-03	9	7.835320e-03	6.450270e-04	10	false	GAMG	6.699180e-03	6.153100e-05	4	true
281           	smoothSolver	1.135460e-03	9.197420e-05	10	1.169780e-02	1.156720e-03	9	7.853220e-03	6.422240e-04	10	false	GAMG	6.638190e-03	5.739090e-05	4	true
282           	smoothSolver	1.136990e-03	9.209990e-05	10	1.179640e-02	1.163210e-03	9	7.875430e-03	6.406980e-04	10	false	GAMG	6.554130e-03	5.484490e-05	4	true
283           	smoothSolver	1.139550e-03	9.233400e-05	10	1.184860e-02	1.167220e-03	9	7.896670e-03	6.422350e-04	10	false	GAMG	6.458580e-03	5.369390e-05	4	true
284           	smoothSolver	1.144270e-03	9.264830e-05	10	1.186220e-02	1.170980e-03	9	7.896140e-03	6.455260e-04	10	false	GAMG	6.391730e-03	5.643100e-05	4	true
285           	smoothSolver	1.147610e-03	9.295870e-05	10	1.184800e-02	1.171660e-03	9	7.869180e-03	6.463830e-04	10	false	GAMG	6.384770e-03	6.141520e-05	4	true
286           	smoothSolver	1.148790e-03	9.306810e-05	10	1.177670e-02	1.167050e-03	9	7.810170e-03	6.417290e-04	10	false	GAMG	6.418670e-03	6.030320e-05	4	true
287           	smoothSolver	1.147290e-03	9.269890e-05	10	1.166340e-02	1.158690e-03	9	7.711850e-03	6.319310e-04	10	false	GAMG	6.445470e-03	5.787360e-05	4	true
288           	smoothSolver	1.141290e-03	9.188600e-05	10	1.151810e-02	1.150350e-03	9	7.590270e-03	6.205130e-04	10	false	GAMG	6.477750e-03	5.551010e-05	4	true
289           	smoothSolver	1.131080e-03	9.109820e-05	10	1.137810e-02	8.982560e-04	10	7.482000e-03	6.125270e-04	10	false	GAMG	6.492710e-03	5.463550e-05	4	true
290           	smoothSolver	1.120190e-03	9.064840e-05	10	1.120230e-02	8.883620e-04	10	7.424340e-03	6.101260e-04	10	false	GAMG	6.494750e-03	5.482840e-05	4	true
291           	smoothSolver	1.110220e-03	9.015310e-05	10	1.110710e-02	8.764860e-04	10	7.400750e-03	6.085770e-04	10	false	GAMG	6.495910e-03	5.572820e-05	4	true
292           	smoothSolver	1.101430e-03	8.945430e-05	10	1.104610e-02	1.100190e-03	9	7.405270e-03	6.071920e-04	10	false	GAMG	6.492770e-03	5.951920e-05	4	true
293           	smoothSolver	1.093950e-03	8.863320e-05	10	1.106510e-02	1.088560e-03	9	7.389820e-03	6.025210e-04	10	false	GAMG	6.471130e-03	5.962160e-05	4	true
294           	smoothSolver	1.087250e-03	8.768120e-05	10	1.101130e-02	1.073420e-03	9	7.338270e-03	5.935560e-04	10	false	GAMG	6.433120e-03	5.623860e-05	4	true
295           	smoothSolver	1.080190e-03	8.664530e-05	10	1.090480e-02	1.059350e-03	9	7.273290e-03	5.841070e-04	10	false	GAMG	6.446630e-03	5.275770e-05	4	true
296           	smoothSolver	1.072970e-03	8.549140e-05	10	1.078580e-02	1.047840e-03	9	7.213850e-03	5.789580e-04	10	false	GAMG	6.554650e-03	5.179280e-05	4	true
297           	smoothSolver	1.067180e-03	8.441610e-05	10	1.068650e-02	1.038740e-03	9	7.169410e-03	5.773390e-04	10	false	GAMG	6.685220e-03	5.245760e-05	4	true
298           	smoothSolver	1.061610e-03	8.361350e-05	10	1.058060e-02	1.032220e-03	9	7.143350e-03	5.767860e-04	10	false	GAMG	6.794740e-03	5.461720e-05	4	true
299           	smoothSolver	1.053020e-03	8.306360e-05	10	1.048710e-02	1.024520e-03	9	7.114250e-03	5.754770e-04	10	false	GAMG	6.851270e-03	5.940340e-05	4	true
300           	smoothSolver	1.042510e-03	8.270140e-05	10	1.041410e-02	1.016800e-03	9	7.066140e-03	5.718390e-04	10	false	GAMG	6.829890e-03	5.910510e-05	4	true
301           	smoothSolver	1.032340e-03	8.234950e-05	10	1.032630e-02	1.009350e-03	9	7.011150e-03	5.656780e-04	10	false	GAMG	6.737800e-03	5.742830e-05	4	true
302           	smoothSolver	1.022480e-03	8.197100e-05	10	1.023000e-02	1.002000e-03	9	6.934810e-03	5.596690e-04	10	false	GAMG	6.649210e-03	5.530220e-05	4	true
303           	smoothSolver	1.015290e-03	8.162790e-05	10	1.013060e-02	9.960500e-04	9	6.888680e-03	5.579410e-04	10	false	GAMG	6.556110e-03	5.322580e-05	4	true
304           	smoothSolver	1.007750e-03	8.136980e-05	10	1.006080e-02	9.933360e-04	9	6.857230e-03	5.603020e-04	10	false	GAMG	6.457240e-03	5.100370e-05	4	true
305           	smoothSolver	1.003460e-03	8.098250e-05	10	1.002570e-02	9.911850e-04	9	6.834530e-03	5.635380e-04	10	false	GAMG	6.404810e-03	4.869440e-05	4	true
306           	smoothSolver	1.000960e-03	8.054550e-05	10	9.990680e-03	9.873220e-04	9	6.818700e-03	5.664660e-04	10	false	GAMG	6.412480e-03	5.123490e-05	4	true
307           	smoothSolver	9.970690e-04	8.022220e-05	10	9.936550e-03	9.812260e-04	9	6.787280e-03	5.664170e-04	10	false	GAMG	6.427430e-03	5.522600e-05	4	true
308           	smoothSolver	9.933540e-04	8.011710e-05	10	9.861020e-03	9.740710e-04	9	6.751400e-03	5.624340e-04	10	false	GAMG	6.416700e-03	5.432690e-05	4	true
309           	smoothSolver	9.918960e-04	8.024810e-05	10	9.790140e-03	9.688580e-04	9	6.738200e-03	5.589690e-04	10	false	GAMG	6.374550e-03	5.147160e-05	4	true
310           	smoothSolver	9.907310e-04	8.044850e-05	10	9.771230e-03	9.675220e-04	9	6.749020e-03	5.590040e-04	10	false	GAMG	6.313530e-03	4.984560e-05	4	true
311           	smoothSolver	9.915330e-04	8.082710e-05	10	9.804420e-03	9.699550e-04	9	6.788260e-03	5.633000e-04	10	false	GAMG	6.250140e-03	4.980130e-05	4	true
312           	smoothSolver	9.953530e-04	8.125570e-05	10	9.884110e-03	9.739700e-04	9	6.853770e-03	5.695850e-04	10	false	GAMG	6.203070e-03	5.072340e-05	4	true
313           	smoothSolver	1.000710e-03	8.167700e-05	10	9.969720e-03	9.772070e-04	9	6.910370e-03	5.747870e-04	10	false	GAMG	6.179740e-03	5.224180e-05	4	true
314           	smoothSolver	1.004730e-03	8.189640e-05	10	1.004110e-02	9.785550e-04	9	6.951600e-03	5.753870e-04	10	false	GAMG	6.172610e-03	5.349170e-05	4	true
315           	smoothSolver	1.005480e-03	8.185690e-05	10	1.008010e-02	9.794340e-04	9	6.956740e-03	5.720140e-04	10	false	GAMG	6.197200e-03	5.379650e-05	4	true
316           	smoothSolver	1.004680e-03	8.163440e-05	10	1.008300e-02	9.806240e-04	9	6.928490e-03	5.665850e-04	10	false	GAMG	6.202090e-03	5.223410e-05	4	true
317           	smoothSolver	1.001540e-03	8.148370e-05	10	1.006620e-02	9.872550e-04	9	6.878190e-03	5.631340e-04	10	false	GAMG	6.172060e-03	4.952290e-05	4	true
318           	smoothSolver	9.988740e-04	8.165470e-05	10	1.004790e-02	9.986640e-04	9	6.819910e-03	5.627590e-04	10	false	GAMG	6.126910e-03	4.748150e-05	4	true
319           	smoothSolver	9.988120e-04	8.205070e-05	10	1.006690e-02	7.943580e-04	10	6.769620e-03	5.630950e-04	10	false	GAMG	6.115480e-03	4.675670e-05	4	true
320           	smoothSolver	1.002940e-03	8.256400e-05	10	1.007040e-02	8.005440e-04	10	6.751540e-03	5.641170e-04	10	false	GAMG	6.153440e-03	4.854610e-05	4	true
321           	smoothSolver	1.009540e-03	8.292120e-05	10	1.013390e-02	8.072540e-04	10	6.752370e-03	5.632100e-04	10	false	GAMG	6.230200e-03	5.154090e-05	4	true
322           	smoothSolver	1.016640e-03	8.320140e-05	10	1.022940e-02	8.119210e-04	10	6.768900e-03	5.601720e-04	10	false	GAMG	6.292080e-03	5.328420e-05	4	true
323           	smoothSolver	1.023260e-03	8.353900e-05	10	1.033280e-02	8.170140e-04	10	6.795850e-03	5.588240e-04	10	false	GAMG	6.324990e-03	5.291720e-05	4	true
324           	smoothSolver	1.029790e-03	8.403280e-05	10	1.043300e-02	8.242440e-04	10	6.844040e-03	5.614760e-04	10	false	GAMG	6.325880e-03	5.167250e-05	4	true
325           	smoothSolver	1.035170e-03	8.470690e-05	10	1.055460e-02	8.346110e-04	10	6.902590e-03	5.675190e-04	10	false	GAMG	6.294720e-03	5.046620e-05	4	true
326           	smoothSolver	1.044160e-03	8.560740e-05	10	1.067960e-02	8.472930e-04	10	6.967620e-03	5.767120e-04	10	false	GAMG	6.252430e-03	4.931930e-05	4	true
327           	smoothSolver	1.054360e-03	8.677510e-05	10	1.078540e-02	8.580150e-04	10	7.023420e-03	5.853470e-04	10	false	GAMG	6.226480e-03	4.945810e-05	4	true
328           	smoothSolver	1.064810e-03	8.798400e-05	10	1.087400e-02	8.661440e-04	10	7.073140e-03	5.918410e-04	10	false	GAMG	6.235150e-03	5.240400e-05	4	true
329           	smoothSolver	1.076080e-03	8.903120e-05	10	1.094010e-02	8.727420e-04	10	7.125280e-03	5.975160e-04	10	false	GAMG	6.261030e-03	5.585260e-05	4	true
330           	smoothSolver	1.086820e-03	8.979510e-05	10	1.099080e-02	8.770530e-04	10	7.186410e-03	6.034320e-04	10	false	GAMG	6.302390e-03	5.525480e-05	4	true
331           	smoothSolver	1.099010e-03	9.072070e-05	10	1.105080e-02	8.818380e-04	10	7.277000e-03	6.111130e-04	10	false	GAMG	6.348320e-03	5.298000e-05	4	true
332           	smoothSolver	1.111930e-03	9.185460e-05	10	1.116170e-02	8.869000e-04	10	7.403210e-03	6.218060e-04	10	false	GAMG	6.390740e-03	5.172020e-05	4	true
333           	smoothSolver	1.125720e-03	9.302450e-05	10	1.131400e-02	8.937690e-04	10	7.552590e-03	6.341790e-04	10	false	GAMG	6.424790e-03	5.134950e-05	4	true
334           	smoothSolver	1.141350e-03	9.422210e-05	10	1.147250e-02	9.001360e-04	10	7.708840e-03	6.463540e-04	10	false	GAMG	6.435600e-03	5.151890e-05	4	true
335           	smoothSolver	1.157210e-03	9.533900e-05	10	1.162200e-02	1.153290e-03	9	7.849910e-03	6.542000e-04	10	false	GAMG	6.417310e-03	5.260690e-05	4	true
336           	smoothSolver	1.172830e-03	9.618540e-05	10	1.182440e-02	1.166410e-03	9	7.964000e-03	6.591600e-04	10	false	GAMG	6.406800e-03	5.391920e-05	4	true
337           	smoothSolver	1.189020e-03	9.711380e-05	10	1.194510e-02	1.177540e-03	9	8.050120e-03	6.646540e-04	10	false	GAMG	6.388250e-03	5.445040e-05	4	true
338           	smoothSolver	1.204110e-03	9.837530e-05	10	1.203140e-02	1.188030e-03	9	8.110530e-03	6.717250e-04	10	false	GAMG	6.361660e-03	5.331230e-05	4	true
339           	smoothSolver	1.217680e-03	9.984560e-05	10	1.210150e-02	1.198580e-03	9	8.148280e-03	6.806100e-04	10	false	GAMG	6.354250e-03	5.189310e-05	4	true
340           	smoothSolver	1.227880e-03	1.014420e-04	10	1.214330e-02	1.212480e-03	9	8.160710e-03	6.909180e-04	10	false	GAMG	6.349540e-03	5.140400e-05	4	true
341           	smoothSolver	1.236520e-03	1.030640e-04	10	1.219120e-02	9.656350e-04	10	8.148330e-03	6.991670e-04	10	false	GAMG	6.361370e-03	5.194730e-05	4	true
342           	smoothSolver	1.245290e-03	1.044590e-04	10	1.216430e-02	9.726520e-04	10	8.154440e-03	7.044320e-04	10	false	GAMG	6.356220e-03	5.387290e-05	4	true
343           	smoothSolver	1.252300e-03	1.053820e-04	10	1.217460e-02	9.797850e-04	10	8.171020e-03	7.061210e-04	10	false	GAMG	6.339130e-03	5.675040e-05	4	true
344           	smoothSolver	1.258090e-03	1.059100e-04	10	1.222340e-02	9.858310e-04	10	8.197700e-03	7.058710e-04	10	false	GAMG	6.330130e-03	5.850310e-05	4	true
345           	smoothSolver	1.263020e-03	1.063440e-04	10	1.231230e-02	9.920060e-04	10	8.240060e-03	7.056670e-04	10	false	GAMG	6.357510e-03	5.724820e-05	4	true
346           	smoothSolver	1.266070e-03	1.066800e-04	10	1.242200e-02	9.971390e-04	10	8.280020e-03	7.060250e-04	10	false	GAMG	6.419370e-03	5.532280e-05	4	true
347           	smoothSolver	1.271770e-03	1.068120e-04	10	1.254440e-02	1.002560e-03	10	8.327050e-03	7.068520e-04	10	false	GAMG	6.539850e-03	5.498410e-05	4	true
348           	smoothSolver	1.279140e-03	1.069610e-04	10	1.267360e-02	1.010810e-03	10	8.380750e-03	7.096610e-04	10	false	GAMG	6.708830e-03	5.492300e-05	4	true
349           	smoothSolver	1.285290e-03	1.068530e-04	10	1.278740e-02	1.018300e-03	10	8.438900e-03	7.107010e-04	10	false	GAMG	6.837440e-03	5.537030e-05	4	true
350           	smoothSolver	1.294390e-03	1.066420e-04	10	1.289570e-02	1.023720e-03	10	8.511610e-03	7.113380e-04	10	false	GAMG	6.910290e-03	5.695880e-05	4	true
351           	smoothSolver	1.302100e-03	1.062600e-04	10	1.298670e-02	1.027910e-03	10	8.593150e-03	7.129450e-04	10	false	GAMG	6.924260e-03	5.937500e-05	4	true
352           	smoothSolver	1.308440e-03	1.059020e-04	10	1.310970e-02	1.031980e-03	10	8.686460e-03	7.158670e-04	10	false	GAMG	6.940590e-03	6.139720e-05	4	true
353           	smoothSolver	1.314510e-03	1.054160e-04	10	1.325020e-02	1.318510e-03	9	8.790000e-03	7.195180e-04	10	false	GAMG	6.995120e-03	6.155150e-05	4	true
354           	smoothSolver	1.318300e-03	1.047890e-04	10	1.346820e-02	1.329800e-03	9	8.866210e-03	7.203780e-04	10	false	GAMG	7.071600e-03	6.045880e-05	4	true
355           	smoothSolver	1.322960e-03	1.043240e-04	10	1.361670e-02	1.340120e-03	9	8.916850e-03	7.196800e-04	10	false	GAMG	7.133060e-03	5.881490e-05	4	true
356           	smoothSolver	1.327380e-03	1.326470e-04	9	1.372000e-02	1.351150e-03	9	8.939480e-03	7.172170e-04	10	false	GAMG	7.174880e-03	5.702800e-05	4	true
357           	smoothSolver	1.336780e-03	1.329020e-04	9	1.371190e-02	1.352670e-03	9	8.889150e-03	7.093820e-04	10	false	GAMG	7.208940e-03	5.695300e-05	4	true
358           	smoothSolver	1.344580e-03	1.333290e-04	9	1.370710e-02	1.358030e-03	9	8.824790e-03	7.036350e-04	10	false	GAMG	7.236730e-03	5.750640e-05	4	true
359           	smoothSolver	1.347200e-03	1.339950e-04	9	1.373470e-02	1.364320e-03	9	8.764930e-03	7.016860e-04	10	false	GAMG	7.276480e-03	5.760580e-05	4	true
360           	smoothSolver	1.345590e-03	1.345550e-04	9	1.376570e-02	1.370820e-03	9	8.755940e-03	7.045630e-04	10	false	GAMG	7.310900e-03	5.745920e-05	4	true
361           	smoothSolver	1.343540e-03	1.056100e-04	10	1.378530e-02	1.376670e-03	9	8.784910e-03	7.104350e-04	10	false	GAMG	7.368540e-03	5.907890e-05	4	true
362           	smoothSolver	1.338190e-03	1.053220e-04	10	1.384880e-02	1.090170e-03	10	8.879460e-03	7.194990e-04	10	false	GAMG	7.393500e-03	5.931670e-05	4	true
363           	smoothSolver	1.338960e-03	1.050830e-04	10	1.378110e-02	1.087260e-03	10	8.957120e-03	7.275520e-04	10	false	GAMG	7.398640e-03	5.937380e-05	4	true
364           	smoothSolver	1.340240e-03	1.340170e-04	9	1.369750e-02	1.084200e-03	10	9.016430e-03	7.320400e-04	10	false	GAMG	7.386010e-03	5.959610e-05	4	true
365           	smoothSolver	1.347810e-03	1.345850e-04	9	1.355270e-02	1.076530e-03	10	9.015130e-03	7.315550e-04	10	false	GAMG	7.358320e-03	6.100850e-05	4	true
366           	smoothSolver	1.351530e-03	1.349650e-04	9	1.348980e-02	1.073770e-03	10	9.013720e-03	7.335040e-04	10	false	GAMG	7.357060e-03	6.151730e-05	4	true
367           	smoothSolver	1.355140e-03	1.352640e-04	9	1.350220e-02	1.073300e-03	10	9.001080e-03	7.345580e-04	10	false	GAMG	7.344440e-03	6.226610e-05	4	true
368           	smoothSolver	1.357960e-03	1.063960e-04	10	1.355050e-02	1.072870e-03	10	8.962950e-03	7.334760e-04	10	false	GAMG	7.327600e-03	6.249420e-05	4	true
369           	smoothSolver	1.348900e-03	1.062580e-04	10	1.363510e-02	1.075830e-03	10	8.942310e-03	7.308540e-04	10	false	GAMG	7.258740e-03	6.083330e-05	4	true
370           	smoothSolver	1.334640e-03	1.058020e-04	10	1.366480e-02	1.075460e-03	10	8.870590e-03	7.217830e-04	10	false	GAMG	7.154230e-03	5.888420e-05	4	true
371           	smoothSolver	1.318170e-03	1.050320e-04	10	1.367320e-02	1.364490e-03	9	8.771310e-03	7.103410e-04	10	false	GAMG	7.031130e-03	5.663150e-05	4	true
372           	smoothSolver	1.303730e-03	1.039380e-04	10	1.370450e-02	1.368270e-03	9	8.657400e-03	6.985180e-04	10	false	GAMG	6.937350e-03	5.463940e-05	4	true
373           	smoothSolver	1.291890e-03	1.028410e-04	10	1.364860e-02	1.074000e-03	10	8.554830e-03	6.896790e-04	10	false	GAMG	6.908700e-03	5.289380e-05	4	true
374           	smoothSolver	1.277480e-03	1.018280e-04	10	1.343190e-02	1.059340e-03	10	8.437390e-03	6.834820e-04	10	false	GAMG	6.914550e-03	5.254600e-05	4	true
375           	smoothSolver	1.263210e-03	1.005050e-04	10	1.319160e-02	1.044600e-03	10	8.308660e-03	6.775380e-04	10	false	GAMG	6.962850e-03	5.292040e-05	4	true
376           	smoothSolver	1.246700e-03	9.880340e-05	10	1.292230e-02	1.031330e-03	10	8.161870e-03	6.694450e-04	10	false	GAMG	6.992220e-03	5.288450e-05	4	true
377           	smoothSolver	1.228180e-03	9.704250e-05	10	1.265930e-02	1.020400e-03	10	8.013120e-03	6.598730e-04	10	false	GAMG	6.991590e-03	5.291750e-05	4	true
378           	smoothSolver	1.209210e-03	9.535910e-05	10	1.247790e-02	1.013940e-03	10	7.929840e-03	6.519110e-04	10	false	GAMG	6.929470e-03	5.304810e-05	4	true
379           	smoothSolver	1.191020e-03	9.394280e-05	10	1.242850e-02	1.007100e-03	10	7.914750e-03	6.441360e-04	10	false	GAMG	6.827200e-03	5.359200e-05	4	true
380           	smoothSolver	1.176350e-03	9.289280e-05	10	1.252610e-02	9.980570e-04	10	7.940890e-03	6.374990e-04	10	false	GAMG	6.754350e-03	5.363390e-05	4	true
381           	smoothSolver	1.167140e-03	9.209900e-05	10	1.272360e-02	1.259190e-03	9	7.989390e-03	6.304890e-04	10	false	GAMG	6.709350e-03	5.363310e-05	4	true
382           	smoothSolver	1.165730e-03	9.127540e-05	10	1.295920e-02	1.252300e-03	9	8.022490e-03	7.914080e-04	9	false	GAMG	6.663440e-03	5.233000e-05	4	true
383           	smoothSolver	1.168840e-03	1.154360e-04	9	1.306300e-02	1.238180e-03	9	8.069730e-03	7.825070e-04	9	false	GAMG	6.649670e-03	5.000780e-05	4	true
384           	smoothSolver	1.176570e-03	1.150220e-04	9	1.299490e-02	1.218270e-03	9	8.031990e-03	7.685850e-04	9	false	GAMG	6.648500e-03	4.845870e-05	4	true
385           	smoothSolver	1.180990e-03	1.146090e-04	9	1.285750e-02	1.204710e-03	9	7.938730e-03	7.553110e-04	9	false	GAMG	6.658810e-03	4.769690e-05	4	true
386           	smoothSolver	1.182030e-03	1.143790e-04	9	1.262820e-02	1.195200e-03	9	7.796360e-03	7.456130e-04	9	false	GAMG	6.689990e-03	4.764620e-05	4	true
387           	smoothSolver	1.179700e-03	1.145700e-04	9	1.232270e-02	1.189140e-03	9	7.637290e-03	7.398120e-04	9	false	GAMG	6.744130e-03	4.832860e-05	4	true
388           	smoothSolver	1.174750e-03	1.149160e-04	9	1.198580e-02	1.179380e-03	9	7.492790e-03	7.388630e-04	9	false	GAMG	6.825660e-03	4.947860e-05	4	true
389           	smoothSolver	1.168900e-03	1.152960e-04	9	1.174540e-02	1.164590e-03	9	7.466350e-03	7.429690e-04	9	false	GAMG	6.902760e-03	5.038680e-05	4	true
390           	smoothSolver	1.163730e-03	1.156060e-04	9	1.164330e-02	1.147370e-03	9	7.522290e-03	7.500080e-04	9	false	GAMG	6.938420e-03	5.128430e-05	4	true
391           	smoothSolver	1.159870e-03	1.157500e-04	9	1.171900e-02	1.131880e-03	9	7.648660e-03	7.561390e-04	9	false	GAMG	6.921590e-03	5.202680e-05	4	true
392           	smoothSolver	1.158930e-03	1.157380e-04	9	1.186940e-02	1.121590e-03	9	7.804090e-03	7.603840e-04	9	false	GAMG	6.855660e-03	5.364080e-05	4	true
393           	smoothSolver	1.163210e-03	1.159500e-04	9	1.200750e-02	1.115190e-03	9	7.937780e-03	7.654870e-04	9	false	GAMG	6.767530e-03	5.585150e-05	4	true
394           	smoothSolver	1.173430e-03	1.164720e-04	9	1.211260e-02	1.113520e-03	9	8.045380e-03	7.718940e-04	9	false	GAMG	6.726380e-03	5.654120e-05	4	true
395           	smoothSolver	1.184980e-03	1.172650e-04	9	1.217400e-02	1.114380e-03	9	8.115000e-03	7.778020e-04	9	false	GAMG	6.736810e-03	5.632020e-05	4	true
396           	smoothSolver	1.198730e-03	1.182160e-04	9	1.218390e-02	1.115370e-03	9	8.131780e-03	7.822310e-04	9	false	GAMG	6.763720e-03	5.653280e-05	4	true
397           	smoothSolver	1.210200e-03	1.191200e-04	9	1.215250e-02	1.115670e-03	9	8.096640e-03	7.848440e-04	9	false	GAMG	6.788270e-03	5.669670e-05	4	true
398           	smoothSolver	1.216510e-03	1.196490e-04	9	1.207650e-02	1.115330e-03	9	8.038100e-03	7.854940e-04	9	false	GAMG	6.818980e-03	5.726050e-05	4	true
399           	smoothSolver	1.217560e-03	1.199920e-04	9	1.194840e-02	1.114670e-03	9	7.954040e-03	7.859140e-04	9	false	GAMG	6.840210e-03	5.809550e-05	4	true
400           	smoothSolver	1.215270e-03	1.202170e-04	9	1.178640e-02	1.112680e-03	9	7.861550e-03	6.201310e-04	10	false	GAMG	6.843110e-03	5.832440e-05	4	true
401           	smoothSolver	1.210040e-03	1.208160e-04	9	1.161390e-02	1.110620e-03	9	7.727050e-03	6.196320e-04	10	false	GAMG	6.820760e-03	5.779290e-05	4	true
402           	smoothSolver	1.202660e-03	9.536590e-05	10	1.144130e-02	1.108690e-03	9	7.630790e-03	6.215910e-04	10	false	GAMG	6.784650e-03	5.805930e-05	4	true
403           	smoothSolver	1.191690e-03	9.507120e-05	10	1.132930e-02	1.109270e-03	9	7.608630e-03	6.266420e-04	10	false	GAMG	6.738170e-03	5.689150e-05	4	true
404           	smoothSolver	1.184130e-03	9.445580e-05	10	1.124170e-02	1.102340e-03	9	7.603470e-03	6.295780e-04	10	false	GAMG	6.729030e-03	5.590600e-05	4	true
405           	smoothSolver	1.177340e-03	9.389120e-05	10	1.117010e-02	1.089610e-03	9	7.619830e-03	6.295340e-04	10	false	GAMG	6.724440e-03	5.605390e-05	4	true
406           	smoothSolver	1.168240e-03	9.339070e-05	10	1.112520e-02	1.075280e-03	9	7.647290e-03	6.275020e-04	10	false	GAMG	6.704500e-03	5.613710e-05	4	true
407           	smoothSolver	1.160860e-03	9.296670e-05	10	1.107640e-02	1.063570e-03	9	7.674120e-03	6.253320e-04	10	false	GAMG	6.692550e-03	5.604850e-05	4	true
408           	smoothSolver	1.156080e-03	9.267230e-05	10	1.105760e-02	1.054290e-03	9	7.708800e-03	6.234940e-04	10	false	GAMG	6.666880e-03	5.576540e-05	4	true
409           	smoothSolver	1.154810e-03	9.238360e-05	10	1.106770e-02	1.047050e-03	9	7.743170e-03	6.221870e-04	10	false	GAMG	6.628810e-03	5.537950e-05	4	true
410           	smoothSolver	1.156540e-03	9.218670e-05	10	1.108260e-02	1.040790e-03	9	7.774850e-03	6.215950e-04	10	false	GAMG	6.591850e-03	5.527230e-05	4	true
411           	smoothSolver	1.159270e-03	9.193350e-05	10	1.108540e-02	1.032550e-03	9	7.788520e-03	6.196630e-04	10	false	GAMG	6.580070e-03	5.500100e-05	4	true
412           	smoothSolver	1.158880e-03	9.146350e-05	10	1.106890e-02	1.024750e-03	9	7.775230e-03	6.146980e-04	10	false	GAMG	6.545300e-03	5.438500e-05	4	true
413           	smoothSolver	1.153770e-03	9.062070e-05	10	1.102570e-02	1.017750e-03	9	7.716200e-03	7.700190e-04	9	false	GAMG	6.492490e-03	5.284370e-05	4	true
414           	smoothSolver	1.142330e-03	1.141570e-04	9	1.092560e-02	1.009890e-03	9	7.657320e-03	7.605900e-04	9	false	GAMG	6.431420e-03	5.027800e-05	4	true
415           	smoothSolver	1.135240e-03	1.134240e-04	9	1.074420e-02	9.960520e-04	9	7.537770e-03	7.478100e-04	9	false	GAMG	6.394370e-03	4.938260e-05	4	true
416           	smoothSolver	1.126950e-03	8.845860e-05	10	1.062420e-02	9.887260e-04	9	7.420940e-03	7.368690e-04	9	false	GAMG	6.378690e-03	4.830010e-05	4	true
417           	smoothSolver	1.116200e-03	8.770460e-05	10	1.057240e-02	9.882090e-04	9	7.331570e-03	7.306230e-04	9	false	GAMG	6.384110e-03	4.653410e-05	4	true
418           	smoothSolver	1.108210e-03	8.720240e-05	10	1.049790e-02	9.826540e-04	9	7.268030e-03	5.709340e-04	10	false	GAMG	6.441980e-03	4.610660e-05	4	true
419           	smoothSolver	1.103780e-03	8.678900e-05	10	1.041100e-02	9.725910e-04	9	7.158580e-03	5.619830e-04	10	false	GAMG	6.477150e-03	4.596840e-05	4	true
420           	smoothSolver	1.096630e-03	8.624590e-05	10	1.030880e-02	9.606740e-04	9	7.080820e-03	7.061690e-04	9	false	GAMG	6.452230e-03	4.544610e-05	4	true
421           	smoothSolver	1.086640e-03	8.553490e-05	10	1.019680e-02	9.482220e-04	9	7.073540e-03	7.057640e-04	9	false	GAMG	6.398970e-03	4.448040e-05	4	true
422           	smoothSolver	1.078640e-03	8.498690e-05	10	1.010060e-02	9.373310e-04	9	7.070690e-03	5.561580e-04	10	false	GAMG	6.312770e-03	4.446110e-05	4	true
423           	smoothSolver	1.076800e-03	8.483560e-05	10	1.004250e-02	9.305070e-04	9	7.021310e-03	5.546280e-04	10	false	GAMG	6.191030e-03	4.511220e-05	4	true
424           	smoothSolver	1.077690e-03	8.490640e-05	10	1.002580e-02	9.289260e-04	9	6.999200e-03	5.563930e-04	10	false	GAMG	6.051010e-03	4.664540e-05	4	true
425           	smoothSolver	1.078910e-03	8.506730e-05	10	1.002190e-02	9.290190e-04	9	6.991200e-03	5.601880e-04	10	false	GAMG	5.955290e-03	4.839870e-05	4	true
426           	smoothSolver	1.079050e-03	8.528790e-05	10	9.994430e-03	9.296530e-04	9	6.972680e-03	5.636470e-04	10	false	GAMG	5.898070e-03	4.911510e-05	4	true
427           	smoothSolver	1.078180e-03	8.548740e-05	10	9.934110e-03	9.321680e-04	9	6.959570e-03	5.664760e-04	10	false	GAMG	5.873260e-03	4.920840e-05	4	true
428           	smoothSolver	1.074060e-03	8.566640e-05	10	9.875700e-03	9.377660e-04	9	6.945640e-03	5.716650e-04	10	false	GAMG	5.842460e-03	4.841190e-05	4	true
429           	smoothSolver	1.066830e-03	8.582750e-05	10	9.803230e-03	9.434880e-04	9	6.931340e-03	5.788030e-04	10	false	GAMG	5.794980e-03	4.624860e-05	4	true
430           	smoothSolver	1.058760e-03	8.623480e-05	10	9.760860e-03	9.493480e-04	9	6.934680e-03	5.876250e-04	10	false	GAMG	5.744430e-03	4.461370e-05	4	true
431           	smoothSolver	1.051650e-03	8.681770e-05	10	9.789190e-03	9.568010e-04	9	6.984560e-03	5.958300e-04	10	false	GAMG	5.693900e-03	4.406590e-05	4	true
432           	smoothSolver	1.047600e-03	8.737250e-05	10	9.871590e-03	9.646530e-04	9	7.051800e-03	6.014650e-04	10	false	GAMG	5.665170e-03	4.385190e-05	4	true
433           	smoothSolver	1.048530e-03	8.786190e-05	10	9.998480e-03	9.699140e-04	9	7.124750e-03	6.029880e-04	10	false	GAMG	5.678800e-03	4.487290e-05	4	true
434           	smoothSolver	1.055240e-03	8.806050e-05	10	1.013390e-02	9.735410e-04	9	7.192970e-03	6.000520e-04	10	false	GAMG	5.710810e-03	4.603630e-05	4	true
435           	smoothSolver	1.064760e-03	8.799300e-05	10	1.025570e-02	9.771690e-04	9	7.229100e-03	5.954440e-04	10	false	GAMG	5.738440e-03	4.616660e-05	4	true
436           	smoothSolver	1.071790e-03	8.775910e-05	10	1.034200e-02	9.829370e-04	9	7.230660e-03	5.910720e-04	10	false	GAMG	5.797690e-03	4.511060e-05	4	true
437           	smoothSolver	1.074070e-03	8.751340e-05	10	1.040070e-02	9.910550e-04	9	7.206010e-03	5.886190e-04	10	false	GAMG	5.842100e-03	4.342460e-05	4	true
438           	smoothSolver	1.079090e-03	8.740850e-05	10	1.045460e-02	1.003560e-03	9	7.166590e-03	5.879020e-04	10	false	GAMG	5.868040e-03	4.241450e-05	4	true
439           	smoothSolver	1.082070e-03	8.743690e-05	10	1.048970e-02	1.016460e-03	9	7.102930e-03	5.862140e-04	10	false	GAMG	5.838750e-03	4.198900e-05	4	true
440           	smoothSolver	1.080250e-03	8.738910e-05	10	1.053050e-02	1.027180e-03	9	7.035540e-03	5.831230e-04	10	false	GAMG	5.800010e-03	4.251000e-05	4	true
441           	smoothSolver	1.076150e-03	8.703510e-05	10	1.056530e-02	1.038090e-03	9	6.988020e-03	5.792430e-04	10	false	GAMG	5.775540e-03	4.376410e-05	4	true
442           	smoothSolver	1.071330e-03	8.644480e-05	10	1.060390e-02	1.050410e-03	9	6.965370e-03	5.748950e-04	10	false	GAMG	5.761300e-03	4.503800e-05	4	true
443           	smoothSolver	1.068570e-03	8.591410e-05	10	1.067130e-02	1.064200e-03	9	6.969250e-03	5.724330e-04	10	false	GAMG	5.783430e-03	4.637240e-05	4	true
444           	smoothSolver	1.067920e-03	8.577890e-05	10	1.078940e-02	8.503300e-04	10	7.000790e-03	5.738820e-04	10	false	GAMG	5.831780e-03	4.674630e-05	4	true
445           	smoothSolver	1.070790e-03	8.599840e-05	10	1.084750e-02	8.582760e-04	10	7.053020e-03	5.782850e-04	10	false	GAMG	5.916060e-03	4.762090e-05	4	true
446           	smoothSolver	1.077120e-03	8.635140e-05	10	1.097720e-02	8.691910e-04	10	7.114810e-03	5.830980e-04	10	false	GAMG	6.066840e-03	4.936820e-05	4	true
447           	smoothSolver	1.083210e-03	8.680900e-05	10	1.112280e-02	8.826850e-04	10	7.170940e-03	5.879180e-04	10	false	GAMG	6.215030e-03	5.102590e-05	4	true
448           	smoothSolver	1.088570e-03	8.744160e-05	10	1.124810e-02	8.954440e-04	10	7.209090e-03	5.897600e-04	10	false	GAMG	6.314260e-03	5.206050e-05	4	true
449           	smoothSolver	1.094060e-03	8.809980e-05	10	1.133170e-02	9.066520e-04	10	7.240270e-03	5.909110e-04	10	false	GAMG	6.361760e-03	5.268000e-05	4	true
450           	smoothSolver	1.097870e-03	8.876900e-05	10	1.139700e-02	9.165100e-04	10	7.284230e-03	5.946140e-04	10	false	GAMG	6.373550e-03	5.276370e-05	4	true
451           	smoothSolver	1.105300e-03	8.971490e-05	10	1.150730e-02	9.267800e-04	10	7.371690e-03	6.026430e-04	10	false	GAMG	6.370140e-03	5.196320e-05	4	true
452           	smoothSolver	1.115760e-03	9.067640e-05	10	1.168050e-02	9.377760e-04	10	7.488980e-03	6.139800e-04	10	false	GAMG	6.377680e-03	5.035050e-05	4	true
453           	smoothSolver	1.128830e-03	9.173730e-05	10	1.188020e-02	9.486070e-04	10	7.628420e-03	6.268920e-04	10	false	GAMG	6.384440e-03	4.870270e-05	4	true
454           	smoothSolver	1.143340e-03	9.292290e-05	10	1.209560e-02	9.580430e-04	10	7.773060e-03	6.381170e-04	10	false	GAMG	6.407860e-03	4.809570e-05	4	true
455           	smoothSolver	1.160720e-03	9.392680e-05	10	1.228950e-02	1.226160e-03	9	7.909200e-03	6.453380e-04	10	false	GAMG	6.423190e-03	4.923250e-05	4	true
456           	smoothSolver	1.178730e-03	9.457880e-05	10	1.252210e-02	1.239380e-03	9	8.008970e-03	6.480740e-04	10	false	GAMG	6.435770e-03	5.003370e-05	4	true
457           	smoothSolver	1.195360e-03	9.529740e-05	10	1.266010e-02	1.249870e-03	9	8.078740e-03	6.502460e-04	10	false	GAMG	6.448680e-03	5.014290e-05	4	true
458           	smoothSolver	1.212000e-03	9.636880e-05	10	1.274170e-02	1.260750e-03	9	8.133560e-03	6.547920e-04	10	false	GAMG	6.458050e-03	4.989540e-05	4	true
459           	smoothSolver	1.228400e-03	9.776360e-05	10	1.278540e-02	1.271850e-03	9	8.160310e-03	6.624200e-04	10	false	GAMG	6.455780e-03	5.087080e-05	4	true
460           	smoothSolver	1.244070e-03	9.925950e-05	10	1.279710e-02	1.013150e-03	10	8.178010e-03	6.722180e-04	10	false	GAMG	6.457670e-03	5.156500e-05	4	true
461           	smoothSolver	1.254070e-03	1.005630e-04	10	1.271540e-02	1.016650e-03	10	8.217360e-03	6.827160e-04	10	false	GAMG	6.464970e-03	5.137910e-05	4	true
462           	smoothSolver	1.260820e-03	1.013630e-04	10	1.271750e-02	1.016470e-03	10	8.309530e-03	6.892910e-04	10	false	GAMG	6.503320e-03	5.113270e-05	4	true
463           	smoothSolver	1.262560e-03	1.018740e-04	10	1.278720e-02	1.016130e-03	10	8.431450e-03	6.945170e-04	10	false	GAMG	6.562520e-03	5.115280e-05	4	true
464           	smoothSolver	1.263890e-03	1.021820e-04	10	1.287300e-02	1.014990e-03	10	8.541620e-03	6.983550e-04	10	false	GAMG	6.607260e-03	5.081230e-05	4	true
465           	smoothSolver	1.266870e-03	1.024570e-04	10	1.297130e-02	1.287680e-03	9	8.626670e-03	7.017010e-04	10	false	GAMG	6.604990e-03	5.035940e-05	4	true
466           	smoothSolver	1.268100e-03	1.025160e-04	10	1.314670e-02	1.292930e-03	9	8.672420e-03	7.027770e-04	10	false	GAMG	6.587650e-03	4.947550e-05	4	true
467           	smoothSolver	1.268040e-03	1.023980e-04	10	1.327480e-02	1.295020e-03	9	8.677130e-03	7.013380e-04	10	false	GAMG	6.538300e-03	4.956680e-05	4	true
468           	smoothSolver	1.268850e-03	1.021420e-04	10	1.336160e-02	1.293120e-03	9	8.641300e-03	6.958090e-04	10	false	GAMG	6.503490e-03	5.011760e-05	4	true
469           	smoothSolver	1.268850e-03	1.015380e-04	10	1.336570e-02	1.290460e-03	9	8.555030e-03	6.856710e-04	10	false	GAMG	6.511710e-03	5.081020e-05	4	true
470           	smoothSolver	1.267370e-03	1.005730e-04	10	1.329900e-02	1.284320e-03	9	8.425500e-03	6.719200e-04	10	false	GAMG	6.549130e-03	5.069390e-05	4	true
471           	smoothSolver	1.262350e-03	9.933460e-05	10	1.317850e-02	1.274760e-03	9	8.269310e-03	6.562930e-04	10	false	GAMG	6.595020e-03	4.980930e-05	4	true
472           	smoothSolver	1.253730e-03	1.251970e-04	9	1.302650e-02	1.263140e-03	9	8.103740e-03	6.419330e-04	10	false	GAMG	6.641080e-03	4.799860e-05	4	true
473           	smoothSolver	1.248060e-03	1.244910e-04	9	1.279580e-02	1.243410e-03	9	7.907540e-03	6.274980e-04	10	false	GAMG	6.713630e-03	4.746700e-05	4	true
474           	smoothSolver	1.241060e-03	1.239260e-04	9	1.261820e-02	1.229140e-03	9	7.760780e-03	6.180920e-04	10	false	GAMG	6.773260e-03	4.775540e-05	4	true
475           	smoothSolver	1.232750e-03	1.232230e-04	9	1.245620e-02	1.217570e-03	9	7.675790e-03	6.124850e-04	10	false	GAMG	6.828310e-03	4.817960e-05	4	true
476           	smoothSolver	1.225700e-03	1.224260e-04	9	1.232020e-02	1.206110e-03	9	7.630390e-03	6.075640e-04	10	false	GAMG	6.854820e-03	4.851030e-05	4	true
477           	smoothSolver	1.218240e-03	1.217560e-04	9	1.221120e-02	1.195330e-03	9	7.615820e-03	6.034690e-04	10	false	GAMG	6.913420e-03	4.984530e-05	4	true
478           	smoothSolver	1.213660e-03	1.212340e-04	9	1.212840e-02	1.186380e-03	9	7.654100e-03	6.037520e-04	10	false	GAMG	6.943380e-03	5.111370e-05	4	true
479           	smoothSolver	1.207420e-03	1.206160e-04	9	1.210050e-02	1.176110e-03	9	7.727380e-03	7.712960e-04	9	false	GAMG	6.896220e-03	5.133310e-05	4	true
480           	smoothSolver	1.200410e-03	1.198460e-04	9	1.211170e-02	1.164090e-03	9	7.863890e-03	7.843370e-04	9	false	GAMG	6.813060e-03	5.076630e-05	4	true
481           	smoothSolver	1.195080e-03	1.191160e-04	9	1.212740e-02	1.149020e-03	9	7.995420e-03	7.968140e-04	9	false	GAMG	6.731300e-03	4.980970e-05	4	true
482           	smoothSolver	1.192000e-03	1.185020e-04	9	1.216280e-02	1.130430e-03	9	8.103520e-03	8.042340e-04	9	false	GAMG	6.636570e-03	4.844090e-05	4	true
483           	smoothSolver	1.191090e-03	1.176820e-04	9	1.217710e-02	1.110250e-03	9	8.176260e-03	8.046660e-04	9	false	GAMG	6.604710e-03	4.785770e-05	4	true
484           	smoothSolver	1.194240e-03	1.166620e-04	9	1.214090e-02	1.089970e-03	9	8.207690e-03	7.999930e-04	9	false	GAMG	6.611660e-03	4.760510e-05	4	true
485           	smoothSolver	1.194900e-03	1.153940e-04	9	1.206670e-02	1.071940e-03	9	8.166570e-03	7.890820e-04	9	false	GAMG	6.623270e-03	4.698700e-05	4	true
486           	smoothSolver	1.191080e-03	1.140640e-04	9	1.194300e-02	1.056240e-03	9	8.076080e-03	7.761950e-04	9	false	GAMG	6.636490e-03	4.586450e-05	4	true
487           	smoothSolver	1.182740e-03	1.129500e-04	9	1.177250e-02	1.042320e-03	9	7.945910e-03	7.639760e-04	9	false	GAMG	6.632530e-03	4.448500e-05	4	true
488           	smoothSolver	1.169650e-03	1.118240e-04	9	1.156910e-02	1.031280e-03	9	7.794920e-03	7.534600e-04	9	false	GAMG	6.618300e-03	4.384070e-05	4	true
489           	smoothSolver	1.156000e-03	1.106600e-04	9	1.136440e-02	1.022830e-03	9	7.636250e-03	7.458650e-04	9	false	GAMG	6.579610e-03	4.413490e-05	4	true
490           	smoothSolver	1.141170e-03	1.094590e-04	9	1.114580e-02	1.017060e-03	9	7.475230e-03	7.380170e-04	9	false	GAMG	6.548260e-03	4.451380e-05	4	true
491           	smoothSolver	1.128950e-03	1.083970e-04	9	1.094830e-02	1.013180e-03	9	7.340180e-03	7.283920e-04	9	false	GAMG	6.535800e-03	4.517090e-05	4	true
492           	smoothSolver	1.117510e-03	1.076540e-04	9	1.079180e-02	1.014450e-03	9	7.235920e-03	7.206020e-04	9	false	GAMG	6.504280e-03	4.569420e-05	4	true
493           	smoothSolver	1.108680e-03	1.073610e-04	9	1.069610e-02	1.019950e-03	9	7.181640e-03	7.164650e-04	9	false	GAMG	6.449000e-03	4.604900e-05	4	true
494           	smoothSolver	1.099590e-03	1.073710e-04	9	1.069670e-02	1.028480e-03	9	7.141920e-03	5.640880e-04	10	false	GAMG	6.379140e-03	4.582430e-05	4	true
495           	smoothSolver	1.092730e-03	1.077270e-04	9	1.075620e-02	1.038390e-03	9	7.071500e-03	5.605340e-04	10	false	GAMG	6.315740e-03	4.497220e-05	4	true
496           	smoothSolver	1.087650e-03	1.082360e-04	9	1.083680e-02	1.046710e-03	9	7.033580e-03	5.594780e-04	10	false	GAMG	6.252130e-03	4.479510e-05	4	true
497           	smoothSolver	1.083030e-03	8.527970e-05	10	1.093540e-02	1.054700e-03	9	7.004500e-03	5.573790e-04	10	false	GAMG	6.188580e-03	4.493040e-05	4	true
498           	smoothSolver	1.074550e-03	8.482370e-05	10	1.108100e-02	1.068110e-03	9	7.024140e-03	5.561540e-04	10	false	GAMG	6.089600e-03	4.520260e-05	4	true
499           	smoothSolver	1.068740e-03	8.439640e-05	10	1.117660e-02	1.076620e-03	9	7.059940e-03	7.050030e-04	9	false	GAMG	5.973780e-03	4.510510e-05	4	true
500           	smoothSolver	1.066110e-03	8.411110e-05	10	1.125270e-02	1.084020e-03	9	7.168330e-03	7.122560e-04	9	false	GAMG	5.865830e-03	4.487960e-05	4	true
501           	smoothSolver	1.066890e-03	8.412170e-05	10	1.134620e-02	1.091820e-03	9	7.279930e-03	7.226190e-04	9	false	GAMG	5.792190e-03	4.467690e-05	4	true
502           	smoothSolver	1.070400e-03	8.437720e-05	10	1.145070e-02	1.101490e-03	9	7.393720e-03	7.367160e-04	9	false	GAMG	5.775760e-03	4.476660e-05	4	true
503           	smoothSolver	1.078910e-03	8.486890e-05	10	1.154740e-02	1.111810e-03	9	7.497470e-03	5.932330e-04	10	false	GAMG	5.812850e-03	4.542610e-05	4	true
504           	smoothSolver	1.092130e-03	1.091030e-04	9	1.164780e-02	1.121650e-03	9	7.541640e-03	5.995970e-04	10	false	GAMG	5.861980e-03	4.548400e-05	4	true
505           	smoothSolver	1.109080e-03	1.109030e-04	9	1.169490e-02	1.128650e-03	9	7.569880e-03	6.033110e-04	10	false	GAMG	5.926710e-03	4.632830e-05	4	true
506           	smoothSolver	1.126380e-03	8.876860e-05	10	1.175180e-02	1.141140e-03	9	7.615510e-03	6.094960e-04	10	false	GAMG	5.999780e-03	4.828310e-05	4	true
507           	smoothSolver	1.138640e-03	9.012860e-05	10	1.186290e-02	1.161590e-03	9	7.708710e-03	6.220140e-04	10	false	GAMG	6.072570e-03	4.949400e-05	4	true
508           	smoothSolver	1.152620e-03	9.173390e-05	10	1.198560e-02	1.183570e-03	9	7.817100e-03	6.364620e-04	10	false	GAMG	6.158000e-03	5.043140e-05	4	true
509           	smoothSolver	1.168620e-03	9.362720e-05	10	1.210990e-02	1.209620e-03	9	7.941930e-03	6.508750e-04	10	false	GAMG	6.217280e-03	5.193470e-05	4	true
510           	smoothSolver	1.186940e-03	9.572260e-05	10	1.226740e-02	9.747450e-04	10	8.073530e-03	6.645780e-04	10	false	GAMG	6.247020e-03	5.372640e-05	4	true
511           	smoothSolver	1.207520e-03	9.765090e-05	10	1.240390e-02	9.854310e-04	10	8.212790e-03	6.754430e-04	10	false	GAMG	6.271710e-03	5.517050e-05	4	true
512           	smoothSolver	1.227920e-03	9.902750e-05	10	1.258570e-02	1.258200e-03	9	8.350320e-03	6.834460e-04	10	false	GAMG	6.306230e-03	5.572020e-05	4	true
513           	smoothSolver	1.245890e-03	9.971380e-05	10	1.285310e-02	1.267220e-03	9	8.472350e-03	6.862590e-04	10	false	GAMG	6.348670e-03	5.473850e-05	4	true
514           	smoothSolver	1.257910e-03	9.994020e-05	10	1.306160e-02	1.271530e-03	9	8.559700e-03	6.867030e-04	10	false	GAMG	6.391470e-03	5.210530e-05	4	true
515           	smoothSolver	1.268810e-03	1.000370e-04	10	1.320560e-02	1.271570e-03	9	8.626140e-03	6.867450e-04	10	false	GAMG	6.480490e-03	5.011800e-05	4	true
516           	smoothSolver	1.279490e-03	1.278950e-04	9	1.331510e-02	1.271840e-03	9	8.692260e-03	6.858250e-04	10	false	GAMG	6.632660e-03	4.955400e-05	4	true
517           	smoothSolver	1.297010e-03	1.282010e-04	9	1.334450e-02	1.267730e-03	9	8.667410e-03	8.654440e-04	9	false	GAMG	6.797110e-03	5.032400e-05	4	true
518           	smoothSolver	1.310890e-03	1.280360e-04	9	1.330330e-02	1.266700e-03	9	8.633790e-03	8.615730e-04	9	false	GAMG	6.950060e-03	5.249580e-05	4	true
519           	smoothSolver	1.316700e-03	1.280700e-04	9	1.320600e-02	1.267620e-03	9	8.557280e-03	8.512010e-04	9	false	GAMG	7.052190e-03	5.423550e-05	4	true
520           	smoothSolver	1.322250e-03	1.278900e-04	9	1.309280e-02	1.271370e-03	9	8.488690e-03	8.424650e-04	9	false	GAMG	7.124210e-03	5.569730e-05	4	true
521           	smoothSolver	1.324170e-03	1.276900e-04	9	1.304940e-02	1.278230e-03	9	8.490050e-03	8.365850e-04	9	false	GAMG	7.257370e-03	5.677050e-05	4	true
522           	smoothSolver	1.324450e-03	1.275150e-04	9	1.313600e-02	1.290760e-03	9	8.547400e-03	8.379640e-04	9	false	GAMG	7.380360e-03	5.687640e-05	4	true
523           	smoothSolver	1.325630e-03	1.276400e-04	9	1.328810e-02	1.306320e-03	9	8.608950e-03	8.440510e-04	9	false	GAMG	7.478720e-03	5.691510e-05	4	true
524           	smoothSolver	1.327040e-03	1.281880e-04	9	1.347640e-02	1.321260e-03	9	8.689530e-03	8.534120e-04	9	false	GAMG	7.546570e-03	5.692970e-05	4	true
525           	smoothSolver	1.328920e-03	1.290690e-04	9	1.368250e-02	1.334300e-03	9	8.761000e-03	8.616000e-04	9	false	GAMG	7.495120e-03	5.751190e-05	4	true
526           	smoothSolver	1.329630e-03	1.300560e-04	9	1.386180e-02	1.344290e-03	9	8.815820e-03	8.662510e-04	9	false	GAMG	7.376340e-03	5.864440e-05	4	true
527           	smoothSolver	1.330140e-03	1.307070e-04	9	1.397000e-02	1.351380e-03	9	8.834550e-03	8.647080e-04	9	false	GAMG	7.215700e-03	5.865770e-05	4	true
528           	smoothSolver	1.332510e-03	1.311440e-04	9	1.398760e-02	1.353220e-03	9	8.821060e-03	8.616270e-04	9	false	GAMG	7.072850e-03	5.763430e-05	4	true
529           	smoothSolver	1.337010e-03	1.319120e-04	9	1.399330e-02	1.354400e-03	9	8.797690e-03	8.618940e-04	9	false	GAMG	7.062160e-03	5.626160e-05	4	true
530           	smoothSolver	1.343870e-03	1.329550e-04	9	1.397720e-02	1.356420e-03	9	8.783360e-03	8.670520e-04	9	false	GAMG	7.104060e-03	5.527640e-05	4	true
531           	smoothSolver	1.352230e-03	1.341040e-04	9	1.393570e-02	1.359220e-03	9	8.781320e-03	8.759600e-04	9	false	GAMG	7.151440e-03	5.470890e-05	4	true
532           	smoothSolver	1.359060e-03	1.354050e-04	9	1.389840e-02	1.360260e-03	9	8.756810e-03	6.939560e-04	10	false	GAMG	7.265090e-03	5.519810e-05	4	true
533           	smoothSolver	1.367620e-03	1.075150e-04	10	1.386270e-02	1.362120e-03	9	8.675170e-03	6.922940e-04	10	false	GAMG	7.377520e-03	5.592640e-05	4	true
534           	smoothSolver	1.369150e-03	1.080890e-04	10	1.385260e-02	1.372600e-03	9	8.641660e-03	6.931820e-04	10	false	GAMG	7.386050e-03	5.614330e-05	4	true
535           	smoothSolver	1.369040e-03	1.084250e-04	10	1.379440e-02	1.378390e-03	9	8.605600e-03	6.922140e-04	10	false	GAMG	7.364910e-03	5.695730e-05	4	true
536           	smoothSolver	1.368350e-03	1.087760e-04	10	1.376750e-02	1.089110e-03	10	8.602070e-03	6.936120e-04	10	false	GAMG	7.349570e-03	5.749690e-05	4	true
537           	smoothSolver	1.368930e-03	1.092610e-04	10	1.369930e-02	1.088620e-03	10	8.669910e-03	6.987120e-04	10	false	GAMG	7.309400e-03	5.775100e-05	4	true
538           	smoothSolver	1.368610e-03	1.096760e-04	10	1.371160e-02	1.089160e-03	10	8.771590e-03	7.038160e-04	10	false	GAMG	7.231010e-03	5.788620e-05	4	true
539           	smoothSolver	1.365210e-03	1.098110e-04	10	1.380140e-02	1.087150e-03	10	8.874220e-03	7.057620e-04	10	false	GAMG	7.132340e-03	5.819680e-05	4	true
540           	smoothSolver	1.360940e-03	1.093720e-04	10	1.391560e-02	1.377940e-03	9	8.957710e-03	8.948120e-04	9	false	GAMG	7.016220e-03	5.817180e-05	4	true
541           	smoothSolver	1.355100e-03	1.083190e-04	10	1.410380e-02	1.376440e-03	9	9.063160e-03	8.930530e-04	9	false	GAMG	6.962190e-03	5.855400e-05	4	true
542           	smoothSolver	1.351250e-03	1.071790e-04	10	1.426660e-02	1.370150e-03	9	9.151170e-03	8.896100e-04	9	false	GAMG	6.936850e-03	5.830960e-05	4	true
543           	smoothSolver	1.347620e-03	1.059810e-04	10	1.443220e-02	1.362270e-03	9	9.214970e-03	8.862330e-04	9	false	GAMG	6.955130e-03	5.755290e-05	4	true
544           	smoothSolver	1.346750e-03	1.338080e-04	9	1.455380e-02	1.352480e-03	9	9.263690e-03	8.822920e-04	9	false	GAMG	6.978680e-03	5.607210e-05	4	true
545           	smoothSolver	1.354130e-03	1.329230e-04	9	1.457600e-02	1.336460e-03	9	9.257580e-03	8.726970e-04	9	false	GAMG	6.995490e-03	5.455770e-05	4	true
546           	smoothSolver	1.357940e-03	1.314420e-04	9	1.455770e-02	1.323150e-03	9	9.198490e-03	8.579560e-04	9	false	GAMG	7.034110e-03	5.322190e-05	4	true
547           	smoothSolver	1.356120e-03	1.294190e-04	9	1.443580e-02	1.307840e-03	9	9.041870e-03	8.354450e-04	9	false	GAMG	7.132470e-03	5.228790e-05	4	true
548           	smoothSolver	1.351560e-03	1.271330e-04	9	1.423430e-02	1.292220e-03	9	8.800950e-03	8.102380e-04	9	false	GAMG	7.238250e-03	5.157480e-05	4	true
549           	smoothSolver	1.341450e-03	1.245380e-04	9	1.393340e-02	1.278430e-03	9	8.513940e-03	7.841240e-04	9	false	GAMG	7.307130e-03	5.149970e-05	4	true
550           	smoothSolver	1.322900e-03	1.221450e-04	9	1.364270e-02	1.268080e-03	9	8.243590e-03	7.600480e-04	9	false	GAMG	7.354610e-03	5.153990e-05	4	true
551           	smoothSolver	1.297840e-03	1.202430e-04	9	1.342980e-02	1.262330e-03	9	8.021100e-03	7.427750e-04	9	false	GAMG	7.401600e-03	5.129970e-05	4	true
552           	smoothSolver	1.271860e-03	1.186890e-04	9	1.324030e-02	1.259210e-03	9	7.850840e-03	7.324520e-04	9	false	GAMG	7.399240e-03	5.111210e-05	4	true
553           	smoothSolver	1.244330e-03	1.175970e-04	9	1.310860e-02	1.256480e-03	9	7.727350e-03	7.252170e-04	9	false	GAMG	7.354710e-03	5.103110e-05	4	true
554           	smoothSolver	1.217690e-03	1.168000e-04	9	1.304380e-02	1.254230e-03	9	7.646530e-03	7.207350e-04	9	false	GAMG	7.278090e-03	5.151830e-05	4	true
555           	smoothSolver	1.198280e-03	1.161240e-04	9	1.298860e-02	1.252560e-03	9	7.595830e-03	7.184060e-04	9	false	GAMG	7.143050e-03	5.204850e-05	4	true
556           	smoothSolver	1.185310e-03	1.156840e-04	9	1.299090e-02	1.253630e-03	9	7.591010e-03	7.207590e-04	9	false	GAMG	6.974650e-03	5.183080e-05	4	true
557           	smoothSolver	1.173960e-03	1.158140e-04	9	1.306680e-02	1.258690e-03	9	7.652370e-03	7.304570e-04	9	false	GAMG	6.846080e-03	5.127660e-05	4	true
558           	smoothSolver	1.169950e-03	1.164510e-04	9	1.317210e-02	1.264450e-03	9	7.765870e-03	7.446030e-04	9	false	GAMG	6.755310e-03	5.062900e-05	4	true
559           	smoothSolver	1.174120e-03	9.217880e-05	10	1.329800e-02	1.271840e-03	9	7.911530e-03	7.609040e-04	9	false	GAMG	6.709080e-03	5.048980e-05	4	true
560           	smoothSolver	1.179640e-03	9.257030e-05	10	1.347730e-02	1.282370e-03	9	8.078520e-03	7.793460e-04	9	false	GAMG	6.692840e-03	4.944430e-05	4	true
561           	smoothSolver	1.186090e-03	1.183680e-04	9	1.360140e-02	1.288100e-03	9	8.187720e-03	7.899820e-04	9	false	GAMG	6.707880e-03	4.843690e-05	4	true
562           	smoothSolver	1.197840e-03	1.192700e-04	9	1.361190e-02	1.289220e-03	9	8.232840e-03	7.923460e-04	9	false	GAMG	6.730760e-03	4.883710e-05	4	true
563           	smoothSolver	1.210900e-03	1.200250e-04	9	1.363990e-02	1.296010e-03	9	8.270920e-03	7.958910e-04	9	false	GAMG	6.746330e-03	4.962170e-05	4	true
564           	smoothSolver	1.221860e-03	1.206400e-04	9	1.365660e-02	1.305310e-03	9	8.287490e-03	8.011490e-04	9	false	GAMG	6.732660e-03	4.985780e-05	4	true
565           	smoothSolver	1.230290e-03	1.212720e-04	9	1.364500e-02	1.314630e-03	9	8.271320e-03	8.068020e-04	9	false	GAMG	6.714660e-03	5.022980e-05	4	true
566           	smoothSolver	1.233980e-03	1.218760e-04	9	1.360260e-02	1.321480e-03	9	8.219950e-03	8.112150e-04	9	false	GAMG	6.723100e-03	5.033220e-05	4	true
567           	smoothSolver	1.234360e-03	1.225020e-04	9	1.353820e-02	1.326500e-03	9	8.132190e-03	8.114190e-04	9	false	GAMG	6.735750e-03	4.994740e-05	4	true
568           	smoothSolver	1.231370e-03	1.227540e-04	9	1.345890e-02	1.329420e-03	9	8.022880e-03	6.339270e-04	10	false	GAMG	6.780760e-03	5.022930e-05	4	true
569           	smoothSolver	1.227350e-03	1.227200e-04	9	1.338100e-02	1.331120e-03	9	7.845310e-03	6.211480e-04	10	false	GAMG	6.813420e-03	4.957170e-05	4	true
570           	smoothSolver	1.220930e-03	9.611710e-05	10	1.329710e-02	1.050940e-03	10	7.689070e-03	6.092780e-04	10	false	GAMG	6.848610e-03	4.987620e-05	4	true
571           	smoothSolver	1.207540e-03	9.553840e-05	10	1.319590e-02	1.052940e-03	10	7.610180e-03	6.049540e-04	10	false	GAMG	6.824780e-03	4.970330e-05	4	true
572           	smoothSolver	1.192780e-03	9.480960e-05	10	1.310830e-02	1.053410e-03	10	7.557790e-03	6.024120e-04	10	false	GAMG	6.822830e-03	4.982740e-05	4	true
573           	smoothSolver	1.180100e-03	9.405780e-05	10	1.307360e-02	1.054250e-03	10	7.563510e-03	6.036300e-04	10	false	GAMG	6.807960e-03	5.069620e-05	4	true
574           	smoothSolver	1.170380e-03	9.321990e-05	10	1.310430e-02	1.059000e-03	10	7.618640e-03	6.090400e-04	10	false	GAMG	6.798320e-03	5.091520e-05	4	true
575           	smoothSolver	1.162210e-03	9.228480e-05	10	1.317190e-02	1.063780e-03	10	7.697600e-03	6.144100e-04	10	false	GAMG	6.822570e-03	5.114550e-05	4	true
576           	smoothSolver	1.157500e-03	9.146130e-05	10	1.327470e-02	1.068670e-03	10	7.809920e-03	6.202620e-04	10	false	GAMG	6.838000e-03	5.220640e-05	4	true
577           	smoothSolver	1.155540e-03	9.083090e-05	10	1.343240e-02	1.075140e-03	10	7.944950e-03	6.281320e-04	10	false	GAMG	6.841690e-03	5.355810e-05	4	true
578           	smoothSolver	1.156660e-03	9.062200e-05	10	1.366320e-02	1.083770e-03	10	8.116720e-03	8.108220e-04	9	false	GAMG	6.826150e-03	5.273860e-05	4	true
579           	smoothSolver	1.160500e-03	9.085680e-05	10	1.392870e-02	1.385410e-03	9	8.356850e-03	8.300470e-04	9	false	GAMG	6.832050e-03	5.250790e-05	4	true
580           	smoothSolver	1.170360e-03	1.169150e-04	9	1.427310e-02	1.402380e-03	9	8.564990e-03	8.490150e-04	9	false	GAMG	6.861480e-03	5.204400e-05	4	true
581           	smoothSolver	1.190360e-03	1.186890e-04	9	1.448980e-02	1.409640e-03	9	8.699270e-03	8.602270e-04	9	false	GAMG	6.940210e-03	5.285660e-05	4	true
582           	smoothSolver	1.214970e-03	1.205520e-04	9	1.469100e-02	1.418690e-03	9	8.838500e-03	8.706600e-04	9	false	GAMG	6.987820e-03	5.364080e-05	4	true
583           	smoothSolver	1.238880e-03	1.225220e-04	9	1.484740e-02	1.427990e-03	9	8.940110e-03	8.780380e-04	9	false	GAMG	6.997910e-03	5.414940e-05	4	true
584           	smoothSolver	1.261420e-03	1.243760e-04	9	1.492710e-02	1.436820e-03	9	8.993250e-03	8.844470e-04	9	false	GAMG	6.958960e-03	5.371350e-05	4	true
585           	smoothSolver	1.281530e-03	1.263850e-04	9	1.492770e-02	1.446540e-03	9	9.005100e-03	8.937650e-04	9	false	GAMG	6.887240e-03	5.258710e-05	4	true
586           	smoothSolver	1.299630e-03	1.287380e-04	9	1.489260e-02	1.459760e-03	9	8.994200e-03	7.116840e-04	10	false	GAMG	6.854280e-03	5.244350e-05	4	true
587           	smoothSolver	1.316910e-03	1.315500e-04	9	1.483190e-02	1.477050e-03	9	8.913820e-03	7.180540e-04	10	false	GAMG	6.849030e-03	5.218000e-05	4	true
588           	smoothSolver	1.331130e-03	1.053690e-04	10	1.475420e-02	1.176750e-03	10	8.893290e-03	7.296420e-04	10	false	GAMG	6.872120e-03	5.264790e-05	4	true
589           	smoothSolver	1.340320e-03	1.069990e-04	10	1.467740e-02	1.184700e-03	10	8.998420e-03	7.468160e-04	10	false	GAMG	6.878680e-03	5.259700e-05	4	true
590           	smoothSolver	1.349320e-03	1.086250e-04	10	1.470770e-02	1.188900e-03	10	9.157240e-03	7.611210e-04	10	false	GAMG	6.909070e-03	5.307460e-05	4	true
591           	smoothSolver	1.362290e-03	1.103240e-04	10	1.480710e-02	1.192020e-03	10	9.337240e-03	7.719090e-04	10	false	GAMG	6.940600e-03	5.405570e-05	4	true
592           	smoothSolver	1.377370e-03	1.118800e-04	10	1.499420e-02	1.196330e-03	10	9.525360e-03	7.824090e-04	10	false	GAMG	6.961150e-03	5.537480e-05	4	true
593           	smoothSolver	1.393720e-03	1.132710e-04	10	1.524190e-02	1.202790e-03	10	9.702480e-03	7.925940e-04	10	false	GAMG	6.964890e-03	5.636480e-05	4	true
594           	smoothSolver	1.411820e-03	1.144830e-04	10	1.549120e-02	1.536160e-03	9	9.841080e-03	7.998580e-04	10	false	GAMG	6.974710e-03	5.790920e-05	4	true
595           	smoothSolver	1.426660e-03	1.153820e-04	10	1.581530e-02	1.551970e-03	9	9.931140e-03	8.032360e-04	10	false	GAMG	6.979220e-03	5.875910e-05	4	true
596           	smoothSolver	1.442410e-03	1.159520e-04	10	1.605340e-02	1.565840e-03	9	9.976320e-03	8.017760e-04	10	false	GAMG	6.997440e-03	5.855530e-05	4	true
597           	smoothSolver	1.456280e-03	1.159860e-04	10	1.619960e-02	1.574880e-03	9	9.957650e-03	7.939650e-04	10	false	GAMG	7.026360e-03	5.747720e-05	4	true
598           	smoothSolver	1.468240e-03	1.157920e-04	10	1.628440e-02	1.582100e-03	9	9.882010e-03	7.825440e-04	10	false	GAMG	7.068600e-03	5.640400e-05	4	true
599           	smoothSolver	1.473610e-03	1.471640e-04	9	1.630060e-02	1.590440e-03	9	9.773090e-03	7.713990e-04	10	false	GAMG	7.146450e-03	5.534520e-05	4	true
600           	smoothSolver	1.478750e-03	1.472490e-04	9	1.618490e-02	1.588690e-03	9	9.598120e-03	7.583310e-04	10	false	GAMG	7.263120e-03	5.569170e-05	4	true
601           	smoothSolver	1.480330e-03	1.474990e-04	9	1.606730e-02	1.591720e-03	9	9.427290e-03	7.492900e-04	10	false	GAMG	7.373320e-03	5.775500e-05	4	true
602           	smoothSolver	1.479780e-03	1.475590e-04	9	1.595920e-02	1.256770e-03	10	9.288260e-03	7.448230e-04	10	false	GAMG	7.474070e-03	6.001830e-05	4	true
603           	smoothSolver	1.477870e-03	1.473570e-04	9	1.576250e-02	1.251760e-03	10	9.230870e-03	7.438870e-04	10	false	GAMG	7.586930e-03	6.076350e-05	4	true
604           	smoothSolver	1.474490e-03	1.469410e-04	9	1.568720e-02	1.248700e-03	10	9.254460e-03	7.438490e-04	10	false	GAMG	7.706810e-03	6.115990e-05	4	true
605           	smoothSolver	1.471930e-03	1.465830e-04	9	1.569660e-02	1.247020e-03	10	9.382660e-03	7.487240e-04	10	false	GAMG	7.778680e-03	6.178590e-05	4	true
606           	smoothSolver	1.473100e-03	1.462980e-04	9	1.581750e-02	1.246600e-03	10	9.573870e-03	7.584510e-04	10	false	GAMG	7.809330e-03	6.236010e-05	4	true
607           	smoothSolver	1.475340e-03	1.457890e-04	9	1.605020e-02	1.587580e-03	9	9.822420e-03	9.814830e-04	9	false	GAMG	7.808010e-03	6.244000e-05	4	true
608           	smoothSolver	1.476790e-03	1.450500e-04	9	1.639150e-02	1.594150e-03	9	1.010450e-02	1.003200e-03	9	false	GAMG	7.830540e-03	6.497090e-05	4	true
609           	smoothSolver	1.476580e-03	1.442610e-04	9	1.671250e-02	1.591570e-03	9	1.033460e-02	1.019650e-03	9	false	GAMG	7.859500e-03	6.716310e-05	4	true
610           	smoothSolver	1.482270e-03	1.432880e-04	9	1.698000e-02	1.581530e-03	9	1.047250e-02	1.025030e-03	9	false	GAMG	7.924890e-03	6.808970e-05	4	true
611           	smoothSolver	1.490140e-03	1.421880e-04	9	1.713530e-02	1.567230e-03	9	1.054890e-02	1.019230e-03	9	false	GAMG	8.016680e-03	6.724550e-05	4	true
612           	smoothSolver	1.493030e-03	1.410100e-04	9	1.719090e-02	1.553150e-03	9	1.053950e-02	1.005500e-03	9	false	GAMG	8.061170e-03	6.427250e-05	4	true
613           	smoothSolver	1.490120e-03	1.399620e-04	9	1.709570e-02	1.539110e-03	9	1.042570e-02	9.876230e-04	9	false	GAMG	8.015270e-03	6.090830e-05	4	true
614           	smoothSolver	1.483590e-03	1.391000e-04	9	1.688680e-02	1.526150e-03	9	1.022770e-02	9.719190e-04	9	false	GAMG	7.920310e-03	5.851240e-05	4	true
615           	smoothSolver	1.473830e-03	1.381770e-04	9	1.656380e-02	1.514020e-03	9	1.000070e-02	9.586990e-04	9	false	GAMG	7.859670e-03	5.771090e-05	4	true
616           	smoothSolver	1.457840e-03	1.370660e-04	9	1.617850e-02	1.500340e-03	9	9.751790e-03	9.491440e-04	9	false	GAMG	7.855560e-03	5.794520e-05	4	true
617           	smoothSolver	1.437590e-03	1.360430e-04	9	1.576270e-02	1.488720e-03	9	9.532350e-03	9.426030e-04	9	false	GAMG	7.921660e-03	5.844720e-05	4	true
618           	smoothSolver	1.416420e-03	1.352690e-04	9	1.541780e-02	1.479610e-03	9	9.373420e-03	7.381100e-04	10	false	GAMG	7.980540e-03	5.946790e-05	4	true
619           	smoothSolver	1.398880e-03	1.347480e-04	9	1.518660e-02	1.474520e-03	9	9.212960e-03	7.303460e-04	10	false	GAMG	7.959330e-03	5.898410e-05	4	true
620           	smoothSolver	1.382900e-03	1.342270e-04	9	1.511480e-02	1.476360e-03	9	9.161170e-03	7.278080e-04	10	false	GAMG	7.840940e-03	5.798910e-05	4	true
621           	smoothSolver	1.368500e-03	1.337400e-04	9	1.518700e-02	1.483080e-03	9	9.159160e-03	7.272330e-04	10	false	GAMG	7.682700e-03	5.668480e-05	4	true
622           	smoothSolver	1.355660e-03	1.331770e-04	9	1.533420e-02	1.491230e-03	9	9.163260e-03	7.262570e-04	10	false	GAMG	7.530390e-03	5.512780e-05	4	true
623           	smoothSolver	1.343520e-03	1.328870e-04	9	1.550210e-02	1.497830e-03	9	9.153130e-03	7.230540e-04	10	false	GAMG	7.396070e-03	5.478760e-05	4	true
624           	smoothSolver	1.334730e-03	1.328190e-04	9	1.564060e-02	1.502790e-03	9	9.139310e-03	9.112370e-04	9	false	GAMG	7.290080e-03	5.490430e-05	4	true
625           	smoothSolver	1.329000e-03	1.324790e-04	9	1.570740e-02	1.501290e-03	9	9.169890e-03	9.047450e-04	9	false	GAMG	7.200540e-03	5.564630e-05	4	true
626           	smoothSolver	1.324610e-03	1.317890e-04	9	1.571240e-02	1.495560e-03	9	9.154140e-03	8.933700e-04	9	false	GAMG	7.142230e-03	5.541530e-05	4	true
627           	smoothSolver	1.325610e-03	1.311970e-04	9	1.568810e-02	1.492930e-03	9	9.124840e-03	8.845650e-04	9	false	GAMG	7.107880e-03	5.374550e-05	4	true
628           	smoothSolver	1.329000e-03	1.307700e-04	9	1.564430e-02	1.491130e-03	9	9.090300e-03	8.805550e-04	9	false	GAMG	7.073430e-03	5.167510e-05	4	true
629           	smoothSolver	1.332510e-03	1.305320e-04	9	1.555840e-02	1.488040e-03	9	9.053990e-03	8.821150e-04	9	false	GAMG	7.041430e-03	5.110630e-05	4	true
630           	smoothSolver	1.334970e-03	1.306520e-04	9	1.544860e-02	1.482320e-03	9	9.016800e-03	8.872400e-04	9	false	GAMG	7.029190e-03	5.117240e-05	4	true
631           	smoothSolver	1.336530e-03	1.310070e-04	9	1.529160e-02	1.471110e-03	9	8.958650e-03	8.903180e-04	9	false	GAMG	7.039350e-03	5.154490e-05	4	true
632           	smoothSolver	1.336550e-03	1.317600e-04	9	1.509280e-02	1.458420e-03	9	8.871790e-03	7.004860e-04	10	false	GAMG	7.063120e-03	5.281350e-05	4	true
633           	smoothSolver	1.337890e-03	1.328440e-04	9	1.486760e-02	1.445860e-03	9	8.717220e-03	6.932430e-04	10	false	GAMG	7.052040e-03	5.346510e-05	4	true
634           	smoothSolver	1.341660e-03	1.340720e-04	9	1.465920e-02	1.434850e-03	9	8.618180e-03	6.894890e-04	10	false	GAMG	7.033490e-03	5.379910e-05	4	true
635           	smoothSolver	1.346580e-03	1.062760e-04	10	1.451970e-02	1.428900e-03	9	8.612610e-03	6.907590e-04	10	false	GAMG	7.049860e-03	5.417230e-05	4	true
636           	smoothSolver	1.348230e-03	1.067660e-04	10	1.451820e-02	1.429300e-03	9	8.703470e-03	6.969140e-04	10	false	GAMG	7.069750e-03	5.508730e-05	4	true
637           	smoothSolver	1.352840e-03	1.072610e-04	10	1.459060e-02	1.421900e-03	9	8.851030e-03	7.024160e-04	10	false	GAMG	7.103320e-03	5.704130e-05	4	true
638           	smoothSolver	1.360430e-03	1.074950e-04	10	1.469860e-02	1.408720e-03	9	9.038230e-03	9.001090e-04	9	false	GAMG	7.150600e-03	5.892110e-05	4	true
639           	smoothSolver	1.369210e-03	1.368800e-04	9	1.487820e-02	1.388650e-03	9	9.287710e-03	9.115240e-04	9	false	GAMG	7.251550e-03	5.986020e-05	4	true
640           	smoothSolver	1.385190e-03	1.366510e-04	9	1.499040e-02	1.363600e-03	9	9.453610e-03	9.137680e-04	9	false	GAMG	7.379280e-03	5.886030e-05	4	true
641           	smoothSolver	1.395340e-03	1.358490e-04	9	1.513240e-02	1.346390e-03	9	9.576570e-03	9.113250e-04	9	false	GAMG	7.462010e-03	5.645550e-05	4	true
642           	smoothSolver	1.400350e-03	1.347940e-04	9	1.519640e-02	1.334430e-03	9	9.616260e-03	9.065080e-04	9	false	GAMG	7.541250e-03	5.408010e-05	4	true
643           	smoothSolver	1.400010e-03	1.333830e-04	9	1.511400e-02	1.327100e-03	9	9.528050e-03	8.955560e-04	9	false	GAMG	7.679480e-03	5.329350e-05	4	true
644           	smoothSolver	1.397490e-03	1.315010e-04	9	1.489360e-02	1.319270e-03	9	9.334560e-03	8.759840e-04	9	false	GAMG	7.890970e-03	5.435980e-05	4	true
645           	smoothSolver	1.394720e-03	1.294370e-04	9	1.466880e-02	1.312890e-03	9	9.117710e-03	8.520010e-04	9	false	GAMG	8.053220e-03	5.522510e-05	4	true
646           	smoothSolver	1.385260e-03	1.281170e-04	9	1.449660e-02	1.308030e-03	9	8.919360e-03	8.268920e-04	9	false	GAMG	8.169930e-03	5.558870e-05	4	true
647           	smoothSolver	1.373770e-03	1.264190e-04	9	1.440520e-02	1.307110e-03	9	8.802440e-03	8.103710e-04	9	false	GAMG	8.216530e-03	5.633100e-05	4	true
648           	smoothSolver	1.362370e-03	1.246390e-04	9	1.442410e-02	1.312170e-03	9	8.797150e-03	8.046050e-04	9	false	GAMG	8.295930e-03	5.706110e-05	4	true
649           	smoothSolver	1.346970e-03	1.232290e-04	9	1.444760e-02	1.324230e-03	9	8.825500e-03	8.089220e-04	9	false	GAMG	8.313120e-03	5.734640e-05	4	true
650           	smoothSolver	1.331570e-03	1.222710e-04	9	1.446170e-02	1.338440e-03	9	8.850300e-03	8.183910e-04	9	false	GAMG	8.272140e-03	5.793030e-05	4	true
651           	smoothSolver	1.317080e-03	1.219070e-04	9	1.452200e-02	1.348750e-03	9	8.891910e-03	8.298910e-04	9	false	GAMG	8.118310e-03	5.825540e-05	4	true
652           	smoothSolver	1.300720e-03	1.219960e-04	9	1.462590e-02	1.353830e-03	9	8.940640e-03	8.377270e-04	9	false	GAMG	7.920400e-03	5.842790e-05	4	true
653           	smoothSolver	1.286230e-03	1.223260e-04	9	1.474590e-02	1.356640e-03	9	8.977040e-03	8.443690e-04	9	false	GAMG	7.706230e-03	5.893480e-05	4	true
654           	smoothSolver	1.283520e-03	1.230080e-04	9	1.482590e-02	1.359620e-03	9	9.030590e-03	8.524510e-04	9	false	GAMG	7.540550e-03	5.960810e-05	4	true
655           	smoothSolver	1.291160e-03	1.246860e-04	9	1.490650e-02	1.366120e-03	9	9.129010e-03	8.665620e-04	9	false	GAMG	7.402230e-03	6.132490e-05	4	true
656           	smoothSolver	1.306770e-03	1.272050e-04	9	1.499570e-02	1.379500e-03	9	9.291340e-03	8.883580e-04	9	false	GAMG	7.285290e-03	6.345520e-05	4	true
657           	smoothSolver	1.330150e-03	1.302880e-04	9	1.509170e-02	1.396150e-03	9	9.481790e-03	9.166370e-04	9	false	GAMG	7.212460e-03	6.487530e-05	4	true
658           	smoothSolver	1.358850e-03	1.335860e-04	9	1.521420e-02	1.415140e-03	9	9.670100e-03	9.480210e-04	9	false	GAMG	7.186230e-03	6.404220e-05	4	true
659           	smoothSolver	1.387170e-03	1.369000e-04	9	1.529840e-02	1.434300e-03	9	9.835520e-03	9.764020e-04	9	false	GAMG	7.164160e-03	6.207730e-05	4	true
660           	smoothSolver	1.412690e-03	1.402520e-04	9	1.535550e-02	1.452260e-03	9	9.969710e-03	7.888450e-04	10	false	GAMG	7.155780e-03	6.066030e-05	4	true
661           	smoothSolver	1.437840e-03	1.129930e-04	10	1.540130e-02	1.475930e-03	9	1.000270e-02	8.033350e-04	10	false	GAMG	7.151010e-03	5.922080e-05	4	true
662           	smoothSolver	1.451270e-03	1.153730e-04	10	1.553350e-02	1.515870e-03	9	1.009050e-02	8.246260e-04	10	false	GAMG	7.153150e-03	5.888010e-05	4	true
663           	smoothSolver	1.461150e-03	1.176350e-04	10	1.564970e-02	1.555080e-03	9	1.018660e-02	8.468530e-04	10	false	GAMG	7.182420e-03	5.991860e-05	4	true
664           	smoothSolver	1.470720e-03	1.200350e-04	10	1.580050e-02	1.256770e-03	10	1.029570e-02	8.680840e-04	10	false	GAMG	7.217470e-03	6.266560e-05	4	true
665           	smoothSolver	1.480620e-03	1.223690e-04	10	1.592340e-02	1.281790e-03	10	1.043770e-02	8.853530e-04	10	false	GAMG	7.216600e-03	6.442050e-05	4	true
666           	smoothSolver	1.490870e-03	1.240860e-04	10	1.613280e-02	1.305700e-03	10	1.059720e-02	8.928950e-04	10	false	GAMG	7.238730e-03	6.457430e-05	4	true
667           	smoothSolver	1.502870e-03	1.253770e-04	10	1.642900e-02	1.328800e-03	10	1.075040e-02	8.928250e-04	10	false	GAMG	7.264550e-03	6.361270e-05	4	true
668           	smoothSolver	1.513340e-03	1.264470e-04	10	1.677350e-02	1.352520e-03	10	1.088520e-02	8.894200e-04	10	false	GAMG	7.337120e-03	6.208350e-05	4	true
669           	smoothSolver	1.523060e-03	1.272780e-04	10	1.713580e-02	1.375540e-03	10	1.101330e-02	8.865210e-04	10	false	GAMG	7.428060e-03	6.039930e-05	4	true
670           	smoothSolver	1.532320e-03	1.277970e-04	10	1.747640e-02	1.397830e-03	10	1.112840e-02	8.857340e-04	10	false	GAMG	7.464380e-03	6.041830e-05	4	true
671           	smoothSolver	1.542250e-03	1.279610e-04	10	1.777330e-02	1.418880e-03	10	1.122840e-02	8.901530e-04	10	false	GAMG	7.481060e-03	6.277940e-05	4	true
672           	smoothSolver	1.552360e-03	1.278160e-04	10	1.801490e-02	1.435960e-03	10	1.130510e-02	8.980330e-04	10	false	GAMG	7.496350e-03	6.500220e-05	4	true
673           	smoothSolver	1.560370e-03	1.272410e-04	10	1.819510e-02	1.445720e-03	10	1.133550e-02	9.010500e-04	10	false	GAMG	7.548020e-03	6.489440e-05	4	true
674           	smoothSolver	1.566950e-03	1.262200e-04	10	1.833140e-02	1.453300e-03	10	1.132520e-02	8.985600e-04	10	false	GAMG	7.677310e-03	6.406940e-05	4	true
675           	smoothSolver	1.570380e-03	1.247200e-04	10	1.844220e-02	1.456810e-03	10	1.127460e-02	8.909300e-04	10	false	GAMG	7.876120e-03	6.338700e-05	4	true
676           	smoothSolver	1.571540e-03	1.229490e-04	10	1.849790e-02	1.457780e-03	10	1.118420e-02	8.772690e-04	10	false	GAMG	8.158510e-03	6.350090e-05	4	true
677           	smoothSolver	1.570220e-03	1.547030e-04	9	1.854870e-02	1.460100e-03	10	1.107070e-02	1.102810e-03	9	false	GAMG	8.419530e-03	6.396050e-05	4	true
678           	smoothSolver	1.571470e-03	1.532460e-04	9	1.843930e-02	1.842710e-03	9	1.096930e-02	1.088280e-03	9	false	GAMG	8.695540e-03	6.732770e-05	4	true
679           	smoothSolver	1.569450e-03	1.524800e-04	9	1.843110e-02	1.839360e-03	9	1.081540e-02	1.068630e-03	9	false	GAMG	8.860520e-03	6.969300e-05	4	true
680           	smoothSolver	1.569010e-03	1.515610e-04	9	1.831590e-02	1.830600e-03	9	1.064210e-02	1.048130e-03	9	false	GAMG	8.841150e-03	6.931110e-05	4	true
681           	smoothSolver	1.559500e-03	1.505170e-04	9	1.811710e-02	1.428010e-03	10	1.046820e-02	1.027750e-03	9	false	GAMG	8.712140e-03	6.733870e-05	4	true
682           	smoothSolver	1.546710e-03	1.495860e-04	9	1.771610e-02	1.408120e-03	10	1.032540e-02	1.012310e-03	9	false	GAMG	8.613260e-03	6.477540e-05	4	true
683           	smoothSolver	1.534670e-03	1.488730e-04	9	1.741700e-02	1.390160e-03	10	1.020370e-02	1.003340e-03	9	false	GAMG	8.576770e-03	6.220340e-05	4	true
684           	smoothSolver	1.519560e-03	1.481400e-04	9	1.717970e-02	1.376020e-03	10	1.010210e-02	1.000600e-03	9	false	GAMG	8.442250e-03	6.042610e-05	4	true
685           	smoothSolver	1.499320e-03	1.473200e-04	9	1.695360e-02	1.361610e-03	10	1.004750e-02	1.004440e-03	9	false	GAMG	8.265400e-03	5.893430e-05	4	true
686           	smoothSolver	1.476860e-03	1.462920e-04	9	1.680740e-02	1.345740e-03	10	1.006680e-02	7.975020e-04	10	false	GAMG	8.097510e-03	5.871080e-05	4	true
687           	smoothSolver	1.460150e-03	1.456100e-04	9	1.674750e-02	1.330390e-03	10	1.007090e-02	7.975510e-04	10	false	GAMG	7.899150e-03	5.849630e-05	4	true
688           	smoothSolver	1.448720e-03	1.448230e-04	9	1.677080e-02	1.670280e-03	9	1.012460e-02	1.011270e-03	9	false	GAMG	7.725740e-03	5.769230e-05	4	true
689           	smoothSolver	1.437230e-03	1.436540e-04	9	1.684820e-02	1.657520e-03	9	1.021500e-02	1.010800e-03	9	false	GAMG	7.691460e-03	5.748300e-05	4	true
690           	smoothSolver	1.431700e-03	1.426760e-04	9	1.691460e-02	1.642180e-03	9	1.027020e-02	1.006070e-03	9	false	GAMG	7.722030e-03	5.733580e-05	4	true
691           	smoothSolver	1.432570e-03	1.416790e-04	9	1.696340e-02	1.625560e-03	9	1.027950e-02	9.981140e-04	9	false	GAMG	7.778020e-03	5.668150e-05	4	true
692           	smoothSolver	1.436530e-03	1.406060e-04	9	1.698850e-02	1.607710e-03	9	1.022780e-02	9.860920e-04	9	false	GAMG	7.786660e-03	5.574330e-05	4	true
693           	smoothSolver	1.438380e-03	1.395080e-04	9	1.693950e-02	1.589310e-03	9	1.012200e-02	9.709830e-04	9	false	GAMG	7.748570e-03	5.452670e-05	4	true
694           	smoothSolver	1.435800e-03	1.382050e-04	9	1.676930e-02	1.571520e-03	9	9.967690e-03	9.520030e-04	9	false	GAMG	7.684070e-03	5.301920e-05	4	true
695           	smoothSolver	1.428710e-03	1.363850e-04	9	1.651940e-02	1.551050e-03	9	9.750080e-03	9.282650e-04	9	false	GAMG	7.621130e-03	5.198270e-05	4	true
696           	smoothSolver	1.413580e-03	1.340920e-04	9	1.619590e-02	1.530580e-03	9	9.488340e-03	9.027730e-04	9	false	GAMG	7.573140e-03	5.172530e-05	4	true
697           	smoothSolver	1.392640e-03	1.318750e-04	9	1.584590e-02	1.511410e-03	9	9.216540e-03	8.809720e-04	9	false	GAMG	7.531670e-03	5.183320e-05	4	true
698           	smoothSolver	1.369230e-03	1.298950e-04	9	1.547800e-02	1.492290e-03	9	8.953070e-03	8.658270e-04	9	false	GAMG	7.498130e-03	5.239870e-05	4	true
699           	smoothSolver	1.345340e-03	1.281090e-04	9	1.516400e-02	1.475290e-03	9	8.740870e-03	8.566260e-04	9	false	GAMG	7.544090e-03	5.387080e-05	4	true
700           	smoothSolver	1.322940e-03	1.266080e-04	9	1.490330e-02	1.460660e-03	9	8.590200e-03	8.510290e-04	9	false	GAMG	7.635650e-03	5.573370e-05	4	true
701           	smoothSolver	1.301080e-03	1.252630e-04	9	1.470130e-02	1.447160e-03	9	8.517330e-03	8.464340e-04	9	false	GAMG	7.640300e-03	5.689290e-05	4	true
702           	smoothSolver	1.283040e-03	1.239540e-04	9	1.457870e-02	1.436100e-03	9	8.498450e-03	8.422460e-04	9	false	GAMG	7.576560e-03	5.781030e-05	4	true
703           	smoothSolver	1.269490e-03	1.226890e-04	9	1.448960e-02	1.427890e-03	9	8.528650e-03	8.411570e-04	9	false	GAMG	7.462750e-03	5.909240e-05	4	true
704           	smoothSolver	1.258290e-03	1.215010e-04	9	1.446200e-02	1.423520e-03	9	8.598950e-03	8.445080e-04	9	false	GAMG	7.352730e-03	6.010230e-05	4	true
705           	smoothSolver	1.250000e-03	1.205260e-04	9	1.455340e-02	1.419860e-03	9	8.708570e-03	8.511770e-04	9	false	GAMG	7.230980e-03	6.057760e-05	4	true
706           	smoothSolver	1.244510e-03	1.198700e-04	9	1.471380e-02	1.411960e-03	9	8.820190e-03	8.584580e-04	9	false	GAMG	7.139620e-03	5.973580e-05	4	true
707           	smoothSolver	1.242620e-03	1.194230e-04	9	1.485710e-02	1.395230e-03	9	8.907060e-03	8.610200e-04	9	false	GAMG	7.083350e-03	5.793020e-05	4	true
708           	smoothSolver	1.241820e-03	1.192300e-04	9	1.495460e-02	1.371270e-03	9	8.976770e-03	8.576190e-04	9	false	GAMG	7.038120e-03	5.660500e-05	4	true
709           	smoothSolver	1.242940e-03	1.188970e-04	9	1.498620e-02	1.344790e-03	9	8.997960e-03	8.474570e-04	9	false	GAMG	7.018490e-03	5.579040e-05	4	true
710           	smoothSolver	1.245840e-03	1.183900e-04	9	1.492920e-02	1.316920e-03	9	8.944170e-03	8.305480e-04	9	false	GAMG	7.024670e-03	5.541580e-05	4	true
711           	smoothSolver	1.248340e-03	1.179780e-04	9	1.474090e-02	1.290640e-03	9	8.836060e-03	8.130980e-04	9	false	GAMG	7.022440e-03	5.563580e-05	4	true
712           	smoothSolver	1.250210e-03	1.178200e-04	9	1.444900e-02	1.267890e-03	9	8.657300e-03	7.979670e-04	9	false	GAMG	6.995680e-03	5.640330e-05	4	true
713           	smoothSolver	1.249960e-03	1.177040e-04	9	1.407580e-02	1.248730e-03	9	8.445690e-03	7.853600e-04	9	false	GAMG	6.947210e-03	5.469070e-05	4	true
714           	smoothSolver	1.244380e-03	1.172890e-04	9	1.362180e-02	1.229600e-03	9	8.173670e-03	7.748430e-04	9	false	GAMG	6.921200e-03	5.177040e-05	4	true
715           	smoothSolver	1.231070e-03	1.165760e-04	9	1.312970e-02	1.208700e-03	9	7.904210e-03	7.649150e-04	9	false	GAMG	6.913320e-03	5.062830e-05	4	true
716           	smoothSolver	1.213620e-03	1.158620e-04	9	1.269560e-02	1.189470e-03	9	7.726020e-03	7.571410e-04	9	false	GAMG	6.917570e-03	5.076430e-05	4	true
717           	smoothSolver	1.196590e-03	1.151550e-04	9	1.238640e-02	1.171080e-03	9	7.644390e-03	7.557110e-04	9	false	GAMG	6.949910e-03	5.161030e-05	4	true
718           	smoothSolver	1.181370e-03	1.146000e-04	9	1.222360e-02	1.153470e-03	9	7.669740e-03	7.587370e-04	9	false	GAMG	6.955730e-03	5.222940e-05	4	true
719           	smoothSolver	1.169440e-03	1.144900e-04	9	1.224180e-02	1.141600e-03	9	7.770870e-03	7.676610e-04	9	false	GAMG	6.889420e-03	5.158740e-05	4	true
720           	smoothSolver	1.165930e-03	1.148050e-04	9	1.237450e-02	1.138090e-03	9	7.891660e-03	7.788220e-04	9	false	GAMG	6.761490e-03	5.127000e-05	4	true
721           	smoothSolver	1.165210e-03	1.154910e-04	9	1.256200e-02	1.138470e-03	9	7.980780e-03	7.874910e-04	9	false	GAMG	6.644030e-03	5.159340e-05	4	true
722           	smoothSolver	1.166390e-03	1.161130e-04	9	1.268310e-02	1.140240e-03	9	8.034490e-03	7.915520e-04	9	false	GAMG	6.558540e-03	5.110930e-05	4	true
723           	smoothSolver	1.171490e-03	1.163610e-04	9	1.270670e-02	1.138530e-03	9	8.049680e-03	7.902860e-04	9	false	GAMG	6.502940e-03	5.063290e-05	4	true
724           	smoothSolver	1.175890e-03	1.161430e-04	9	1.266600e-02	1.134970e-03	9	8.026400e-03	7.850940e-04	9	false	GAMG	6.445760e-03	4.995030e-05	4	true
725           	smoothSolver	1.176270e-03	1.157960e-04	9	1.256140e-02	1.132030e-03	9	7.983280e-03	7.801180e-04	9	false	GAMG	6.390460e-03	4.996540e-05	4	true
726           	smoothSolver	1.174170e-03	1.159540e-04	9	1.245230e-02	1.132140e-03	9	7.938370e-03	7.808470e-04	9	false	GAMG	6.308430e-03	5.082080e-05	4	true
727           	smoothSolver	1.173890e-03	1.165730e-04	9	1.235550e-02	1.137110e-03	9	7.895580e-03	7.860450e-04	9	false	GAMG	6.244140e-03	5.377570e-05	4	true
728           	smoothSolver	1.174600e-03	9.222490e-05	10	1.226410e-02	1.146180e-03	9	7.864730e-03	6.258480e-04	10	false	GAMG	6.243660e-03	5.686640e-05	4	true
729           	smoothSolver	1.170880e-03	9.285280e-05	10	1.225040e-02	1.162730e-03	9	7.798620e-03	6.294030e-04	10	false	GAMG	6.225870e-03	5.587730e-05	4	true
730           	smoothSolver	1.168630e-03	9.366910e-05	10	1.220090e-02	1.173160e-03	9	7.734320e-03	6.303930e-04	10	false	GAMG	6.219650e-03	5.406590e-05	4	true
731           	smoothSolver	1.168430e-03	9.473660e-05	10	1.213060e-02	1.181070e-03	9	7.675910e-03	6.308300e-04	10	false	GAMG	6.198230e-03	5.155110e-05	4	true
732           	smoothSolver	1.171070e-03	9.583810e-05	10	1.206390e-02	1.191510e-03	9	7.625040e-03	6.316350e-04	10	false	GAMG	6.174030e-03	4.995670e-05	4	true
733           	smoothSolver	1.174910e-03	9.699150e-05	10	1.206480e-02	9.494250e-04	10	7.621970e-03	6.358250e-04	10	false	GAMG	6.136140e-03	4.901530e-05	4	true
734           	smoothSolver	1.180940e-03	9.816000e-05	10	1.204650e-02	9.597540e-04	10	7.666920e-03	6.437380e-04	10	false	GAMG	6.058280e-03	4.867170e-05	4	true
735           	smoothSolver	1.187230e-03	9.928720e-05	10	1.214050e-02	9.725440e-04	10	7.745350e-03	6.514910e-04	10	false	GAMG	5.975910e-03	5.052480e-05	4	true
736           	smoothSolver	1.194020e-03	1.002850e-04	10	1.231890e-02	9.862920e-04	10	7.837330e-03	6.570750e-04	10	false	GAMG	5.914090e-03	5.500620e-05	4	true
737           	smoothSolver	1.203050e-03	1.009000e-04	10	1.253510e-02	9.991520e-04	10	7.935280e-03	6.595340e-04	10	false	GAMG	5.875270e-03	5.858650e-05	4	true
738           	smoothSolver	1.211620e-03	1.011370e-04	10	1.276250e-02	1.008420e-03	10	8.009220e-03	6.589730e-04	10	false	GAMG	5.869980e-03	5.813340e-05	4	true
739           	smoothSolver	1.220580e-03	1.010750e-04	10	1.294490e-02	1.292470e-03	9	8.069840e-03	6.584340e-04	10	false	GAMG	5.904110e-03	5.623770e-05	4	true
740           	smoothSolver	1.226320e-03	1.008330e-04	10	1.319690e-02	1.308240e-03	9	8.116450e-03	6.590530e-04	10	false	GAMG	5.933300e-03	5.432550e-05	4	true
741           	smoothSolver	1.231360e-03	1.007390e-04	10	1.337180e-02	1.318750e-03	9	8.149580e-03	6.612420e-04	10	false	GAMG	5.930820e-03	5.331490e-05	4	true
742           	smoothSolver	1.235660e-03	1.005960e-04	10	1.344690e-02	1.322400e-03	9	8.170230e-03	6.629360e-04	10	false	GAMG	5.915210e-03	5.200170e-05	4	true
743           	smoothSolver	1.237840e-03	1.004170e-04	10	1.345220e-02	1.319630e-03	9	8.156690e-03	6.617430e-04	10	false	GAMG	5.936770e-03	5.125210e-05	4	true
744           	smoothSolver	1.242550e-03	1.002580e-04	10	1.342290e-02	1.313980e-03	9	8.110760e-03	6.578030e-04	10	false	GAMG	6.021940e-03	5.160380e-05	4	true
745           	smoothSolver	1.248010e-03	1.000530e-04	10	1.336080e-02	1.305310e-03	9	8.075600e-03	6.526250e-04	10	false	GAMG	6.148580e-03	5.317180e-05	4	true
746           	smoothSolver	1.248650e-03	9.999040e-05	10	1.328250e-02	1.293840e-03	9	8.065130e-03	6.485240e-04	10	false	GAMG	6.226120e-03	5.404590e-05	4	true
747           	smoothSolver	1.246590e-03	9.999680e-05	10	1.325660e-02	1.282500e-03	9	8.095230e-03	6.497310e-04	10	false	GAMG	6.274270e-03	5.396370e-05	4	true
748           	smoothSolver	1.248490e-03	1.001670e-04	10	1.325350e-02	1.274090e-03	9	8.140630e-03	6.551790e-04	10	false	GAMG	6.295980e-03	5.319730e-05	4	true
749           	smoothSolver	1.250200e-03	1.004480e-04	10	1.320670e-02	1.268420e-03	9	8.188540e-03	6.631970e-04	10	false	GAMG	6.323280e-03	5.244930e-05	4	true
750           	smoothSolver	1.250180e-03	1.007450e-04	10	1.314200e-02	1.263110e-03	9	8.207510e-03	6.699680e-04	10	false	GAMG	6.342880e-03	5.177900e-05	4	true
751           	smoothSolver	1.251390e-03	1.007850e-04	10	1.312630e-02	1.258780e-03	9	8.213810e-03	6.734650e-04	10	false	GAMG	6.362230e-03	5.155390e-05	4	true
752           	smoothSolver	1.253110e-03	1.004620e-04	10	1.311370e-02	1.254360e-03	9	8.208970e-03	6.739290e-04	10	false	GAMG	6.370760e-03	5.165250e-05	4	true
753           	smoothSolver	1.254120e-03	9.995270e-05	10	1.311160e-02	1.252230e-03	9	8.205640e-03	6.726670e-04	10	false	GAMG	6.351860e-03	5.183260e-05	4	true
754           	smoothSolver	1.251670e-03	9.932490e-05	10	1.309760e-02	1.250600e-03	9	8.214280e-03	6.743580e-04	10	false	GAMG	6.304460e-03	5.168870e-05	4	true
755           	smoothSolver	1.250140e-03	9.882060e-05	10	1.306660e-02	1.247310e-03	9	8.239590e-03	6.754800e-04	10	false	GAMG	6.318830e-03	5.176230e-05	4	true
756           	smoothSolver	1.248330e-03	9.832830e-05	10	1.299070e-02	1.243120e-03	9	8.246250e-03	6.733000e-04	10	false	GAMG	6.379910e-03	5.213620e-05	4	true
757           	smoothSolver	1.246680e-03	1.246650e-04	9	1.286200e-02	1.237330e-03	9	8.213770e-03	6.675770e-04	10	false	GAMG	6.474270e-03	5.245290e-05	4	true
758           	smoothSolver	1.250150e-03	1.241670e-04	9	1.266830e-02	1.225970e-03	9	8.103130e-03	6.545560e-04	10	false	GAMG	6.617860e-03	5.361650e-05	4	true
759           	smoothSolver	1.252350e-03	1.238700e-04	9	1.259350e-02	1.225400e-03	9	8.007010e-03	6.421940e-04	10	false	GAMG	6.770850e-03	5.479580e-05	4	true
760           	smoothSolver	1.254680e-03	1.238350e-04	9	1.260270e-02	1.229490e-03	9	7.938070e-03	6.321060e-04	10	false	GAMG	6.867930e-03	5.488440e-05	4	true
761           	smoothSolver	1.256400e-03	1.239700e-04	9	1.268830e-02	1.236120e-03	9	7.894740e-03	6.274120e-04	10	false	GAMG	6.914930e-03	5.455410e-05	4	true
762           	smoothSolver	1.257070e-03	1.243470e-04	9	1.282350e-02	1.247990e-03	9	7.918860e-03	6.279420e-04	10	false	GAMG	6.973180e-03	5.391160e-05	4	true
763           	smoothSolver	1.257810e-03	1.247940e-04	9	1.298210e-02	1.259200e-03	9	7.974580e-03	6.332850e-04	10	false	GAMG	6.947440e-03	5.389590e-05	4	true
764           	smoothSolver	1.262260e-03	1.254520e-04	9	1.310430e-02	1.265520e-03	9	8.054620e-03	6.407120e-04	10	false	GAMG	6.871040e-03	5.513430e-05	4	true
765           	smoothSolver	1.265750e-03	1.260820e-04	9	1.321430e-02	1.267880e-03	9	8.167390e-03	6.487420e-04	10	false	GAMG	6.834780e-03	5.685850e-05	4	true
766           	smoothSolver	1.275020e-03	1.265190e-04	9	1.329810e-02	1.269310e-03	9	8.300390e-03	6.576430e-04	10	false	GAMG	6.842550e-03	5.774530e-05	4	true
767           	smoothSolver	1.287710e-03	1.268110e-04	9	1.339420e-02	1.270730e-03	9	8.428440e-03	6.678780e-04	10	false	GAMG	6.849140e-03	5.817010e-05	4	true
768           	smoothSolver	1.299490e-03	1.273810e-04	9	1.345240e-02	1.275670e-03	9	8.552390e-03	6.812570e-04	10	false	GAMG	6.823380e-03	5.855770e-05	4	true
769           	smoothSolver	1.310180e-03	1.288080e-04	9	1.352540e-02	1.285360e-03	9	8.700080e-03	6.997530e-04	10	false	GAMG	6.777170e-03	5.881070e-05	4	true
770           	smoothSolver	1.323030e-03	1.310410e-04	9	1.363410e-02	1.299810e-03	9	8.858340e-03	7.216410e-04	10	false	GAMG	6.757370e-03	5.908610e-05	4	true
771           	smoothSolver	1.337920e-03	1.337330e-04	9	1.375010e-02	1.313710e-03	9	9.021880e-03	7.450900e-04	10	false	GAMG	6.785500e-03	5.938960e-05	4	true
772           	smoothSolver	1.354100e-03	1.073020e-04	10	1.387760e-02	1.329540e-03	9	9.185030e-03	7.683100e-04	10	false	GAMG	6.798120e-03	6.009170e-05	4	true
773           	smoothSolver	1.363150e-03	1.091660e-04	10	1.405010e-02	1.354380e-03	9	9.365760e-03	7.908570e-04	10	false	GAMG	6.775770e-03	5.981960e-05	4	true
774           	smoothSolver	1.372100e-03	1.111620e-04	10	1.416660e-02	1.379260e-03	9	9.492980e-03	8.089850e-04	10	false	GAMG	6.762950e-03	5.942980e-05	4	true
775           	smoothSolver	1.384310e-03	1.132870e-04	10	1.426800e-02	1.410090e-03	9	9.606920e-03	8.264490e-04	10	false	GAMG	6.745660e-03	5.900630e-05	4	true
776           	smoothSolver	1.394120e-03	1.153960e-04	10	1.441430e-02	1.137210e-03	10	9.742170e-03	8.447720e-04	10	false	GAMG	6.729070e-03	5.932850e-05	4	true
777           	smoothSolver	1.405700e-03	1.175070e-04	10	1.456070e-02	1.163140e-03	10	9.916250e-03	8.638930e-04	10	false	GAMG	6.697240e-03	6.015620e-05	4	true
778           	smoothSolver	1.417660e-03	1.193890e-04	10	1.479640e-02	1.190960e-03	10	1.010730e-02	8.785950e-04	10	false	GAMG	6.696790e-03	6.084500e-05	4	true
779           	smoothSolver	1.428620e-03	1.207340e-04	10	1.510700e-02	1.217220e-03	10	1.028080e-02	8.855160e-04	10	false	GAMG	6.758780e-03	6.124660e-05	4	true
780           	smoothSolver	1.440850e-03	1.214580e-04	10	1.547450e-02	1.240890e-03	10	1.042320e-02	8.841950e-04	10	false	GAMG	6.860370e-03	6.175540e-05	4	true
781           	smoothSolver	1.451980e-03	1.218000e-04	10	1.584700e-02	1.265110e-03	10	1.051680e-02	8.776560e-04	10	false	GAMG	6.979510e-03	6.234340e-05	4	true
782           	smoothSolver	1.461690e-03	1.218450e-04	10	1.623390e-02	1.291840e-03	10	1.055950e-02	8.688250e-04	10	false	GAMG	7.061100e-03	6.216360e-05	4	true
783           	smoothSolver	1.467200e-03	1.217760e-04	10	1.660060e-02	1.320290e-03	10	1.056850e-02	8.608950e-04	10	false	GAMG	7.084200e-03	6.166660e-05	4	true
784           	smoothSolver	1.470980e-03	1.216460e-04	10	1.690990e-02	1.348820e-03	10	1.054360e-02	8.560030e-04	10	false	GAMG	7.081400e-03	6.179370e-05	4	true
785           	smoothSolver	1.475440e-03	1.213860e-04	10	1.712440e-02	1.374900e-03	10	1.048490e-02	8.546110e-04	10	false	GAMG	7.079460e-03	6.239570e-05	4	true
786           	smoothSolver	1.479810e-03	1.210390e-04	10	1.725100e-02	1.395790e-03	10	1.040030e-02	8.520830e-04	10	false	GAMG	7.093440e-03	6.230720e-05	4	true
787           	smoothSolver	1.481760e-03	1.205940e-04	10	1.733650e-02	1.412340e-03	10	1.028550e-02	8.464290e-04	10	false	GAMG	7.158810e-03	6.175250e-05	4	true
788           	smoothSolver	1.485490e-03	1.201380e-04	10	1.741440e-02	1.424580e-03	10	1.017540e-02	8.374760e-04	10	false	GAMG	7.298480e-03	6.198130e-05	4	true
789           	smoothSolver	1.487980e-03	1.193600e-04	10	1.748910e-02	1.434680e-03	10	1.008260e-02	8.275500e-04	10	false	GAMG	7.526550e-03	6.271900e-05	4	true
790           	smoothSolver	1.488430e-03	1.182990e-04	10	1.757080e-02	1.441930e-03	10	1.003440e-02	8.178170e-04	10	false	GAMG	7.777390e-03	6.386120e-05	4	true
791           	smoothSolver	1.489300e-03	1.173850e-04	10	1.767220e-02	1.449230e-03	10	9.987210e-03	8.101100e-04	10	false	GAMG	7.995210e-03	6.601500e-05	4	true
792           	smoothSolver	1.491280e-03	1.172150e-04	10	1.778720e-02	1.454970e-03	10	9.956270e-03	8.041770e-04	10	false	GAMG	8.128070e-03	6.797490e-05	4	true
793           	smoothSolver	1.494490e-03	1.494350e-04	9	1.784110e-02	1.456480e-03	10	9.921840e-03	7.996220e-04	10	false	GAMG	8.072950e-03	6.760860e-05	4	true
794           	smoothSolver	1.499840e-03	1.498710e-04	9	1.773480e-02	1.448320e-03	10	9.807340e-03	7.888560e-04	10	false	GAMG	7.995880e-03	6.621320e-05	4	true
795           	smoothSolver	1.502670e-03	1.178860e-04	10	1.763720e-02	1.440700e-03	10	9.703350e-03	7.789870e-04	10	false	GAMG	7.977840e-03	6.370230e-05	4	true
796           	smoothSolver	1.496890e-03	1.496210e-04	9	1.752850e-02	1.436620e-03	10	9.616390e-03	7.737390e-04	10	false	GAMG	7.902880e-03	5.965220e-05	4	true
797           	smoothSolver	1.492870e-03	1.173570e-04	10	1.729770e-02	1.424080e-03	10	9.483660e-03	7.652850e-04	10	false	GAMG	7.805370e-03	5.820550e-05	4	true
798           	smoothSolver	1.482470e-03	1.165930e-04	10	1.713610e-02	1.417350e-03	10	9.425320e-03	7.652450e-04	10	false	GAMG	7.693380e-03	5.816290e-05	4	true
799           	smoothSolver	1.470780e-03	1.155790e-04	10	1.694710e-02	1.406610e-03	10	9.396480e-03	7.671370e-04	10	false	GAMG	7.573860e-03	5.943640e-05	4	true
800           	smoothSolver	1.457610e-03	1.144670e-04	10	1.677010e-02	1.392060e-03	10	9.391410e-03	7.693240e-04	10	false	GAMG	7.470360e-03	6.129140e-05	4	true
801           	smoothSolver	1.437830e-03	1.129940e-04	10	1.662170e-02	1.373580e-03	10	9.431350e-03	7.707400e-04	10	false	GAMG	7.363150e-03	6.163160e-05	4	true
802           	smoothSolver	1.420390e-03	1.113830e-04	10	1.656010e-02	1.353900e-03	10	9.522580e-03	7.719690e-04	10	false	GAMG	7.288810e-03	6.132960e-05	4	true
803           	smoothSolver	1.406330e-03	1.403330e-04	9	1.661700e-02	1.335770e-03	10	9.652420e-03	7.697020e-04	10	false	GAMG	7.233190e-03	6.065250e-05	4	true
804           	smoothSolver	1.402160e-03	1.392850e-04	9	1.672360e-02	1.316640e-03	10	9.743980e-03	9.705450e-04	9	false	GAMG	7.207350e-03	6.040730e-05	4	true
805           	smoothSolver	1.404910e-03	1.382650e-04	9	1.695160e-02	1.658140e-03	9	9.890920e-03	9.699060e-04	9	false	GAMG	7.227940e-03	5.905930e-05	4	true
806           	smoothSolver	1.407780e-03	1.370080e-04	9	1.716550e-02	1.649830e-03	9	9.937690e-03	9.600090e-04	9	false	GAMG	7.311120e-03	5.748870e-05	4	true
807           	smoothSolver	1.410250e-03	1.359650e-04	9	1.722950e-02	1.634960e-03	9	9.909480e-03	9.430720e-04	9	false	GAMG	7.343890e-03	5.650120e-05	4	true
808           	smoothSolver	1.413630e-03	1.349570e-04	9	1.715800e-02	1.618600e-03	9	9.801250e-03	9.224790e-04	9	false	GAMG	7.323230e-03	5.607480e-05	4	true
809           	smoothSolver	1.412080e-03	1.337470e-04	9	1.694000e-02	1.598540e-03	9	9.612780e-03	8.990580e-04	9	false	GAMG	7.261630e-03	5.531650e-05	4	true
810           	smoothSolver	1.405880e-03	1.326120e-04	9	1.662890e-02	1.576780e-03	9	9.395650e-03	8.759300e-04	9	false	GAMG	7.224170e-03	5.510890e-05	4	true
811           	smoothSolver	1.396220e-03	1.318520e-04	9	1.628080e-02	1.558820e-03	9	9.161530e-03	8.574250e-04	9	false	GAMG	7.218980e-03	5.465080e-05	4	true
812           	smoothSolver	1.384380e-03	1.313530e-04	9	1.595070e-02	1.542550e-03	9	8.942990e-03	8.457590e-04	9	false	GAMG	7.210510e-03	5.383640e-05	4	true
813           	smoothSolver	1.372050e-03	1.311890e-04	9	1.562730e-02	1.529480e-03	9	8.777760e-03	8.430680e-04	9	false	GAMG	7.214070e-03	5.340460e-05	4	true
814           	smoothSolver	1.360590e-03	1.310170e-04	9	1.537270e-02	1.518940e-03	9	8.655080e-03	8.442780e-04	9	false	GAMG	7.255450e-03	5.417380e-05	4	true
815           	smoothSolver	1.349160e-03	1.309260e-04	9	1.520540e-02	1.509290e-03	9	8.552710e-03	8.440460e-04	9	false	GAMG	7.317800e-03	5.583710e-05	4	true
816           	smoothSolver	1.338090e-03	1.309990e-04	9	1.511520e-02	1.504120e-03	9	8.531280e-03	8.412990e-04	9	false	GAMG	7.297760e-03	5.700290e-05	4	true
817           	smoothSolver	1.329680e-03	1.312870e-04	9	1.508560e-02	1.501430e-03	9	8.548840e-03	8.381000e-04	9	false	GAMG	7.204350e-03	5.824820e-05	4	true
818           	smoothSolver	1.326350e-03	1.317370e-04	9	1.513300e-02	1.501270e-03	9	8.621260e-03	8.377130e-04	9	false	GAMG	7.099450e-03	5.784790e-05	4	true
819           	smoothSolver	1.330420e-03	1.323520e-04	9	1.527240e-02	1.503870e-03	9	8.730880e-03	8.400090e-04	9	false	GAMG	7.024280e-03	5.693090e-05	4	true
820           	smoothSolver	1.340930e-03	1.331260e-04	9	1.547730e-02	1.505070e-03	9	8.877450e-03	8.460640e-04	9	false	GAMG	6.969000e-03	5.667740e-05	4	true
821           	smoothSolver	1.352210e-03	1.340600e-04	9	1.567470e-02	1.500690e-03	9	9.024700e-03	8.547870e-04	9	false	GAMG	6.929220e-03	5.688330e-05	4	true
822           	smoothSolver	1.362110e-03	1.347180e-04	9	1.586830e-02	1.487890e-03	9	9.154480e-03	8.611170e-04	9	false	GAMG	6.940780e-03	5.724770e-05	4	true
823           	smoothSolver	1.371930e-03	1.348130e-04	9	1.599480e-02	1.467220e-03	9	9.255480e-03	8.608050e-04	9	false	GAMG	6.998210e-03	5.737680e-05	4	true
824           	smoothSolver	1.381150e-03	1.344350e-04	9	1.602190e-02	1.444170e-03	9	9.299010e-03	8.546090e-04	9	false	GAMG	7.031620e-03	5.668380e-05	4	true
825           	smoothSolver	1.386150e-03	1.337210e-04	9	1.595840e-02	1.422890e-03	9	9.280810e-03	8.466010e-04	9	false	GAMG	7.060890e-03	5.446410e-05	4	true
826           	smoothSolver	1.386170e-03	1.331990e-04	9	1.577140e-02	1.402370e-03	9	9.204120e-03	8.393530e-04	9	false	GAMG	7.068570e-03	5.181140e-05	4	true
827           	smoothSolver	1.387840e-03	1.328390e-04	9	1.548450e-02	1.379910e-03	9	9.061920e-03	8.315170e-04	9	false	GAMG	7.109870e-03	5.024090e-05	4	true
828           	smoothSolver	1.388020e-03	1.320320e-04	9	1.508750e-02	1.353710e-03	9	8.842650e-03	8.234790e-04	9	false	GAMG	7.174770e-03	4.974430e-05	4	true
829           	smoothSolver	1.380580e-03	1.305970e-04	9	1.461480e-02	1.324110e-03	9	8.594340e-03	8.117010e-04	9	false	GAMG	7.291940e-03	5.065090e-05	4	true
830           	smoothSolver	1.368590e-03	1.287040e-04	9	1.415390e-02	1.293520e-03	9	8.375860e-03	7.967780e-04	9	false	GAMG	7.419000e-03	5.265090e-05	4	true
831           	smoothSolver	1.354320e-03	1.271660e-04	9	1.376550e-02	1.268410e-03	9	8.234760e-03	7.836580e-04	9	false	GAMG	7.525520e-03	5.453680e-05	4	true
832           	smoothSolver	1.337480e-03	1.257390e-04	9	1.354510e-02	1.248700e-03	9	8.206860e-03	7.796840e-04	9	false	GAMG	7.564740e-03	5.588970e-05	4	true
833           	smoothSolver	1.322470e-03	1.244410e-04	9	1.347930e-02	1.235050e-03	9	8.283710e-03	7.853530e-04	9	false	GAMG	7.571740e-03	5.673980e-05	4	true
834           	smoothSolver	1.311090e-03	1.235320e-04	9	1.348920e-02	1.227720e-03	9	8.417120e-03	8.005890e-04	9	false	GAMG	7.569290e-03	5.731810e-05	4	true
835           	smoothSolver	1.300680e-03	1.231690e-04	9	1.355690e-02	1.222580e-03	9	8.548310e-03	8.181730e-04	9	false	GAMG	7.519750e-03	5.778550e-05	4	true
836           	smoothSolver	1.289440e-03	1.228830e-04	9	1.363040e-02	1.217570e-03	9	8.669130e-03	8.323470e-04	9	false	GAMG	7.420520e-03	5.767320e-05	4	true
837           	smoothSolver	1.274660e-03	1.222770e-04	9	1.368920e-02	1.210470e-03	9	8.745270e-03	8.395730e-04	9	false	GAMG	7.307380e-03	5.689990e-05	4	true
838           	smoothSolver	1.263800e-03	1.213650e-04	9	1.368730e-02	1.201300e-03	9	8.771400e-03	8.418350e-04	9	false	GAMG	7.237040e-03	5.638880e-05	4	true
839           	smoothSolver	1.258300e-03	1.205630e-04	9	1.364060e-02	1.194010e-03	9	8.769400e-03	8.425790e-04	9	false	GAMG	7.193380e-03	5.583890e-05	4	true
840           	smoothSolver	1.258930e-03	1.205870e-04	9	1.357350e-02	1.189530e-03	9	8.758950e-03	8.452020e-04	9	false	GAMG	7.166790e-03	5.525760e-05	4	true
841           	smoothSolver	1.261350e-03	1.213580e-04	9	1.354340e-02	1.190040e-03	9	8.777010e-03	8.514270e-04	9	false	GAMG	7.144730e-03	5.490620e-05	4	true
842           	smoothSolver	1.261780e-03	1.223630e-04	9	1.349160e-02	1.190070e-03	9	8.769290e-03	8.595910e-04	9	false	GAMG	7.107230e-03	5.470370e-05	4	true
843           	smoothSolver	1.261060e-03	1.235350e-04	9	1.341490e-02	1.191180e-03	9	8.757830e-03	8.676480e-04	9	false	GAMG	7.022520e-03	5.428050e-05	4	true
844           	smoothSolver	1.259220e-03	1.247780e-04	9	1.330090e-02	1.192870e-03	9	8.729260e-03	6.882660e-04	10	false	GAMG	6.952560e-03	5.390560e-05	4	true
845           	smoothSolver	1.261950e-03	9.904900e-05	10	1.314330e-02	1.196290e-03	9	8.607140e-03	6.872150e-04	10	false	GAMG	6.953680e-03	5.354410e-05	4	true
846           	smoothSolver	1.258870e-03	9.973600e-05	10	1.304770e-02	1.212400e-03	9	8.525090e-03	6.909210e-04	10	false	GAMG	6.944370e-03	5.293330e-05	4	true
847           	smoothSolver	1.256840e-03	1.005060e-04	10	1.292010e-02	1.227030e-03	9	8.449060e-03	6.952910e-04	10	false	GAMG	6.906480e-03	5.325990e-05	4	true
848           	smoothSolver	1.256960e-03	1.012350e-04	10	1.284690e-02	1.243160e-03	9	8.425960e-03	7.010440e-04	10	false	GAMG	6.852640e-03	5.442670e-05	4	true
849           	smoothSolver	1.258010e-03	1.020090e-04	10	1.288700e-02	1.259290e-03	9	8.462560e-03	7.064070e-04	10	false	GAMG	6.812550e-03	5.553920e-05	4	true
850           	smoothSolver	1.259870e-03	1.027110e-04	10	1.302090e-02	1.274900e-03	9	8.530610e-03	7.088180e-04	10	false	GAMG	6.771400e-03	5.634500e-05	4	true
851           	smoothSolver	1.262320e-03	1.029710e-04	10	1.322550e-02	1.291780e-03	9	8.603040e-03	7.065280e-04	10	false	GAMG	6.771930e-03	5.664510e-05	4	true
852           	smoothSolver	1.265370e-03	1.027940e-04	10	1.348710e-02	1.307850e-03	9	8.676610e-03	7.006690e-04	10	false	GAMG	6.793170e-03	5.594070e-05	4	true
853           	smoothSolver	1.270320e-03	1.023500e-04	10	1.378630e-02	1.326290e-03	9	8.742090e-03	6.935390e-04	10	false	GAMG	6.836310e-03	5.491840e-05	4	true
854           	smoothSolver	1.273540e-03	1.018730e-04	10	1.406010e-02	1.345540e-03	9	8.783990e-03	8.742930e-04	9	false	GAMG	6.837850e-03	5.374730e-05	4	true
855           	smoothSolver	1.275900e-03	1.013000e-04	10	1.426540e-02	1.362480e-03	9	8.837070e-03	8.751100e-04	9	false	GAMG	6.801360e-03	5.380260e-05	4	true
856           	smoothSolver	1.275360e-03	1.007690e-04	10	1.439500e-02	1.376590e-03	9	8.828450e-03	8.768850e-04	9	false	GAMG	6.742190e-03	5.414090e-05	4	true
857           	smoothSolver	1.273260e-03	1.002560e-04	10	1.445030e-02	1.387140e-03	9	8.783380e-03	8.773180e-04	9	false	GAMG	6.699930e-03	5.308410e-05	4	true
858           	smoothSolver	1.267920e-03	9.961250e-05	10	1.438980e-02	1.392250e-03	9	8.685480e-03	6.838470e-04	10	false	GAMG	6.745620e-03	5.250280e-05	4	true
859           	smoothSolver	1.267280e-03	1.266510e-04	9	1.430400e-02	1.396870e-03	9	8.491330e-03	6.706070e-04	10	false	GAMG	6.832230e-03	5.235180e-05	4	true
860           	smoothSolver	1.269370e-03	1.269210e-04	9	1.414290e-02	1.390270e-03	9	8.293210e-03	6.561890e-04	10	false	GAMG	6.942790e-03	5.426500e-05	4	true
861           	smoothSolver	1.268640e-03	9.965010e-05	10	1.408450e-02	1.387500e-03	9	8.208010e-03	6.473940e-04	10	false	GAMG	7.056360e-03	5.692040e-05	4	true
862           	smoothSolver	1.259320e-03	9.970730e-05	10	1.413540e-02	1.393030e-03	9	8.218460e-03	6.484030e-04	10	false	GAMG	7.087070e-03	5.889920e-05	4	true
863           	smoothSolver	1.252720e-03	1.000110e-04	10	1.415180e-02	1.393990e-03	9	8.234480e-03	6.522350e-04	10	false	GAMG	7.030650e-03	5.952070e-05	4	true
864           	smoothSolver	1.248590e-03	1.003950e-04	10	1.411400e-02	1.393000e-03	9	8.225830e-03	6.556880e-04	10	false	GAMG	6.933660e-03	5.827580e-05	4	true
865           	smoothSolver	1.245170e-03	1.006380e-04	10	1.403320e-02	1.392150e-03	9	8.211320e-03	6.576380e-04	10	false	GAMG	6.810370e-03	5.643790e-05	4	true
866           	smoothSolver	1.242580e-03	1.007050e-04	10	1.392080e-02	1.391170e-03	9	8.166390e-03	6.594350e-04	10	false	GAMG	6.665240e-03	5.439140e-05	4	true
867           	smoothSolver	1.240260e-03	1.007510e-04	10	1.382460e-02	1.097530e-03	10	8.124220e-03	6.640210e-04	10	false	GAMG	6.558130e-03	5.316880e-05	4	true
868           	smoothSolver	1.239250e-03	1.009930e-04	10	1.370210e-02	1.096340e-03	10	8.131880e-03	6.753370e-04	10	false	GAMG	6.461420e-03	5.103750e-05	4	true
869           	smoothSolver	1.237740e-03	1.008840e-04	10	1.365710e-02	1.096290e-03	10	8.180410e-03	6.843190e-04	10	false	GAMG	6.393140e-03	4.987230e-05	4	true
870           	smoothSolver	1.238040e-03	1.005350e-04	10	1.363070e-02	1.093850e-03	10	8.250130e-03	6.894470e-04	10	false	GAMG	6.363150e-03	5.068660e-05	4	true
871           	smoothSolver	1.241970e-03	1.000010e-04	10	1.361890e-02	1.090040e-03	10	8.310740e-03	6.890450e-04	10	false	GAMG	6.353920e-03	5.252810e-05	4	true
872           	smoothSolver	1.246730e-03	9.949500e-05	10	1.361370e-02	1.085160e-03	10	8.318900e-03	6.812170e-04	10	false	GAMG	6.391320e-03	5.406690e-05	4	true
873           	smoothSolver	1.251510e-03	9.899890e-05	10	1.359700e-02	1.078860e-03	10	8.284860e-03	6.687270e-04	10	false	GAMG	6.482590e-03	5.615530e-05	4	true
874           	smoothSolver	1.258770e-03	1.255460e-04	9	1.357490e-02	1.072650e-03	10	8.235870e-03	6.569840e-04	10	false	GAMG	6.590660e-03	5.733520e-05	4	true
875           	smoothSolver	1.271190e-03	1.255070e-04	9	1.355930e-02	1.354070e-03	9	8.188410e-03	6.468560e-04	10	false	GAMG	6.719340e-03	5.713490e-05	4	true
876           	smoothSolver	1.275990e-03	1.252490e-04	9	1.367960e-02	1.362270e-03	9	8.167260e-03	8.136270e-04	9	false	GAMG	6.821540e-03	5.566400e-05	4	true
877           	smoothSolver	1.275950e-03	1.252020e-04	9	1.376280e-02	1.366810e-03	9	8.219260e-03	8.161070e-04	9	false	GAMG	6.877650e-03	5.436300e-05	4	true
878           	smoothSolver	1.276660e-03	1.252910e-04	9	1.384650e-02	1.363540e-03	9	8.289230e-03	8.170620e-04	9	false	GAMG	6.861460e-03	5.357390e-05	4	true
879           	smoothSolver	1.275780e-03	1.251720e-04	9	1.396690e-02	1.353420e-03	9	8.348190e-03	8.149930e-04	9	false	GAMG	6.797760e-03	5.355520e-05	4	true
880           	smoothSolver	1.277740e-03	1.247840e-04	9	1.412430e-02	1.343660e-03	9	8.407150e-03	8.104250e-04	9	false	GAMG	6.730160e-03	5.402070e-05	4	true
881           	smoothSolver	1.281550e-03	1.242710e-04	9	1.427590e-02	1.336320e-03	9	8.467100e-03	8.056470e-04	9	false	GAMG	6.715030e-03	5.388870e-05	4	true
882           	smoothSolver	1.286800e-03	1.243350e-04	9	1.438510e-02	1.334840e-03	9	8.534950e-03	8.070670e-04	9	false	GAMG	6.729550e-03	5.383770e-05	4	true
883           	smoothSolver	1.294800e-03	1.251660e-04	9	1.447880e-02	1.338500e-03	9	8.637190e-03	8.179800e-04	9	false	GAMG	6.756690e-03	5.379010e-05	4	true
884           	smoothSolver	1.306830e-03	1.266620e-04	9	1.452280e-02	1.343340e-03	9	8.741030e-03	8.350910e-04	9	false	GAMG	6.813440e-03	5.421370e-05	4	true
885           	smoothSolver	1.322720e-03	1.285020e-04	9	1.452240e-02	1.347120e-03	9	8.833000e-03	8.540540e-04	9	false	GAMG	6.892210e-03	5.500130e-05	4	true
886           	smoothSolver	1.339640e-03	1.305150e-04	9	1.446680e-02	1.349860e-03	9	8.881090e-03	8.708220e-04	9	false	GAMG	6.976310e-03	5.640970e-05	4	true
887           	smoothSolver	1.351280e-03	1.327920e-04	9	1.436040e-02	1.352050e-03	9	8.887710e-03	8.850100e-04	9	false	GAMG	7.007760e-03	5.731170e-05	4	true
888           	smoothSolver	1.361010e-03	1.351710e-04	9	1.424530e-02	1.358900e-03	9	8.898090e-03	7.063630e-04	10	false	GAMG	7.046640e-03	5.864760e-05	4	true
889           	smoothSolver	1.370650e-03	1.084480e-04	10	1.420490e-02	1.374480e-03	9	8.893360e-03	7.139000e-04	10	false	GAMG	7.083410e-03	5.870660e-05	4	true
890           	smoothSolver	1.373230e-03	1.098180e-04	10	1.436520e-02	1.403600e-03	9	8.972410e-03	7.267630e-04	10	false	GAMG	7.090230e-03	5.838160e-05	4	true
891           	smoothSolver	1.370020e-03	1.109010e-04	10	1.454180e-02	1.424120e-03	9	9.099820e-03	7.372500e-04	10	false	GAMG	7.060130e-03	5.797600e-05	4	true
892           	smoothSolver	1.366740e-03	1.115810e-04	10	1.472380e-02	1.438370e-03	9	9.233220e-03	7.421480e-04	10	false	GAMG	7.035150e-03	5.774630e-05	4	true
893           	smoothSolver	1.367050e-03	1.115570e-04	10	1.492350e-02	1.450580e-03	9	9.346700e-03	7.399330e-04	10	false	GAMG	7.054160e-03	5.725560e-05	4	true
894           	smoothSolver	1.367100e-03	1.108120e-04	10	1.514150e-02	1.457410e-03	9	9.430480e-03	9.325920e-04	9	false	GAMG	7.107560e-03	5.687460e-05	4	true
895           	smoothSolver	1.365820e-03	1.096590e-04	10	1.535960e-02	1.461780e-03	9	9.537700e-03	9.264680e-04	9	false	GAMG	7.181840e-03	5.732180e-05	4	true
896           	smoothSolver	1.360270e-03	1.085300e-04	10	1.550950e-02	1.463090e-03	9	9.583820e-03	9.187500e-04	9	false	GAMG	7.190810e-03	5.719720e-05	4	true
897           	smoothSolver	1.351870e-03	1.074120e-04	10	1.554660e-02	1.462210e-03	9	9.557870e-03	9.129450e-04	9	false	GAMG	7.155670e-03	5.724130e-05	4	true
898           	smoothSolver	1.340250e-03	1.060640e-04	10	1.547850e-02	1.457580e-03	9	9.477830e-03	9.108900e-04	9	false	GAMG	7.104620e-03	5.760430e-05	4	true
899           	smoothSolver	1.327530e-03	1.045240e-04	10	1.533060e-02	1.446880e-03	9	9.366710e-03	9.078870e-04	9	false	GAMG	7.061690e-03	5.681510e-05	4	true
900           	smoothSolver	1.317020e-03	1.315290e-04	9	1.510200e-02	1.428000e-03	9	9.237110e-03	9.004440e-04	9	false	GAMG	7.072410e-03	5.541880e-05	4	true
901           	smoothSolver	1.312560e-03	1.301750e-04	9	1.482840e-02	1.399270e-03	9	9.044950e-03	8.863790e-04	9	false	GAMG	7.134600e-03	5.584930e-05	4	true
902           	smoothSolver	1.308930e-03	1.285320e-04	9	1.459430e-02	1.372730e-03	9	8.847730e-03	8.676210e-04	9	false	GAMG	7.262050e-03	5.641690e-05	4	true
903           	smoothSolver	1.302140e-03	1.266990e-04	9	1.438420e-02	1.345550e-03	9	8.667100e-03	8.462510e-04	9	false	GAMG	7.439170e-03	5.582700e-05	4	true
904           	smoothSolver	1.293100e-03	1.247550e-04	9	1.419040e-02	1.320070e-03	9	8.510140e-03	8.264340e-04	9	false	GAMG	7.624570e-03	5.530530e-05	4	true
905           	smoothSolver	1.282880e-03	1.230850e-04	9	1.399130e-02	1.294850e-03	9	8.333750e-03	8.086970e-04	9	false	GAMG	7.759190e-03	5.445490e-05	4	true
906           	smoothSolver	1.268770e-03	1.220700e-04	9	1.373530e-02	1.270820e-03	9	8.169060e-03	7.934440e-04	9	false	GAMG	7.742830e-03	5.347090e-05	4	true
907           	smoothSolver	1.252030e-03	1.209270e-04	9	1.343400e-02	1.245570e-03	9	8.004730e-03	7.797160e-04	9	false	GAMG	7.581820e-03	5.282400e-05	4	true
908           	smoothSolver	1.231580e-03	1.194750e-04	9	1.310700e-02	1.221490e-03	9	7.818620e-03	7.653150e-04	9	false	GAMG	7.377470e-03	5.250370e-05	4	true
909           	smoothSolver	1.206990e-03	1.180140e-04	9	1.280970e-02	1.203210e-03	9	7.671040e-03	7.538270e-04	9	false	GAMG	7.216150e-03	5.196480e-05	4	true
910           	smoothSolver	1.183100e-03	1.169510e-04	9	1.258660e-02	1.196290e-03	9	7.564700e-03	7.477810e-04	9	false	GAMG	7.112290e-03	5.149430e-05	4	true
911           	smoothSolver	1.163620e-03	9.153190e-05	10	1.245670e-02	1.197390e-03	9	7.513020e-03	7.507610e-04	9	false	GAMG	7.035470e-03	5.085390e-05	4	true
912           	smoothSolver	1.144930e-03	9.106260e-05	10	1.247760e-02	1.209790e-03	9	7.554360e-03	6.022680e-04	10	false	GAMG	6.961930e-03	5.097620e-05	4	true
913           	smoothSolver	1.133740e-03	9.078600e-05	10	1.256110e-02	1.222650e-03	9	7.592250e-03	6.072760e-04	10	false	GAMG	6.906180e-03	5.129620e-05	4	true
914           	smoothSolver	1.130710e-03	9.068000e-05	10	1.266270e-02	1.233750e-03	9	7.676040e-03	6.105450e-04	10	false	GAMG	6.863790e-03	5.228700e-05	4	true
915           	smoothSolver	1.135820e-03	9.083790e-05	10	1.284190e-02	1.246730e-03	9	7.815170e-03	6.147190e-04	10	false	GAMG	6.827070e-03	5.377480e-05	4	true
916           	smoothSolver	1.149500e-03	9.137170e-05	10	1.310960e-02	1.264690e-03	9	7.991160e-03	7.904280e-04	9	false	GAMG	6.820560e-03	5.405680e-05	4	true
917           	smoothSolver	1.166660e-03	9.221880e-05	10	1.344510e-02	1.286380e-03	9	8.219170e-03	8.064630e-04	9	false	GAMG	6.838500e-03	5.355480e-05	4	true
918           	smoothSolver	1.187540e-03	9.329260e-05	10	1.380250e-02	1.313550e-03	9	8.438220e-03	8.238170e-04	9	false	GAMG	6.884980e-03	5.334080e-05	4	true
919           	smoothSolver	1.210880e-03	1.207470e-04	9	1.417310e-02	1.345140e-03	9	8.618150e-03	8.411150e-04	9	false	GAMG	6.938500e-03	5.320720e-05	4	true
920           	smoothSolver	1.238490e-03	1.234190e-04	9	1.442520e-02	1.369000e-03	9	8.727120e-03	8.530460e-04	9	false	GAMG	6.973010e-03	5.392230e-05	4	true
921           	smoothSolver	1.266540e-03	1.261450e-04	9	1.467840e-02	1.394970e-03	9	8.821270e-03	8.650940e-04	9	false	GAMG	7.005530e-03	5.548320e-05	4	true
922           	smoothSolver	1.295260e-03	1.290780e-04	9	1.493450e-02	1.420920e-03	9	8.922270e-03	8.794530e-04	9	false	GAMG	7.025840e-03	5.793410e-05	4	true
923           	smoothSolver	1.325490e-03	1.323730e-04	9	1.517870e-02	1.445830e-03	9	9.065610e-03	8.997580e-04	9	false	GAMG	7.049510e-03	6.077610e-05	4	true
924           	smoothSolver	1.357650e-03	1.070020e-04	10	1.541990e-02	1.472790e-03	9	9.252310e-03	7.268800e-04	10	false	GAMG	7.098830e-03	6.385020e-05	4	true
925           	smoothSolver	1.384110e-03	1.100680e-04	10	1.578970e-02	1.515060e-03	9	9.443730e-03	7.493750e-04	10	false	GAMG	7.116900e-03	6.544230e-05	4	true
926           	smoothSolver	1.412370e-03	1.132940e-04	10	1.611780e-02	1.557360e-03	9	9.661190e-03	7.744050e-04	10	false	GAMG	7.118820e-03	6.734700e-05	4	true
927           	smoothSolver	1.443600e-03	1.164920e-04	10	1.639900e-02	1.594390e-03	9	9.876760e-03	8.005560e-04	10	false	GAMG	7.098530e-03	6.795130e-05	4	true
928           	smoothSolver	1.474250e-03	1.195710e-04	10	1.666440e-02	1.630380e-03	9	1.009770e-02	8.282290e-04	10	false	GAMG	7.094490e-03	6.719430e-05	4	true
929           	smoothSolver	1.500610e-03	1.227620e-04	10	1.689290e-02	1.665350e-03	9	1.031410e-02	8.546780e-04	10	false	GAMG	7.083560e-03	6.601360e-05	4	true
930           	smoothSolver	1.527170e-03	1.259160e-04	10	1.709280e-02	1.696930e-03	9	1.052040e-02	8.819300e-04	10	false	GAMG	7.068470e-03	6.488840e-05	4	true
931           	smoothSolver	1.553420e-03	1.289170e-04	10	1.729290e-02	1.362760e-03	10	1.076170e-02	9.135620e-04	10	false	GAMG	7.076480e-03	6.392740e-05	4	true
932           	smoothSolver	1.578380e-03	1.320520e-04	10	1.743160e-02	1.386750e-03	10	1.103530e-02	9.472630e-04	10	false	GAMG	7.082470e-03	6.356700e-05	4	true
933           	smoothSolver	1.600030e-03	1.347390e-04	10	1.759830e-02	1.407850e-03	10	1.129370e-02	9.748210e-04	10	false	GAMG	7.086090e-03	6.396670e-05	4	true
934           	smoothSolver	1.617320e-03	1.368050e-04	10	1.779890e-02	1.430160e-03	10	1.152010e-02	9.953270e-04	10	false	GAMG	7.080180e-03	6.412820e-05	4	true
935           	smoothSolver	1.629370e-03	1.380690e-04	10	1.798750e-02	1.447380e-03	10	1.171490e-02	1.006930e-03	10	false	GAMG	7.096390e-03	6.416090e-05	4	true
936           	smoothSolver	1.640890e-03	1.386660e-04	10	1.816070e-02	1.459610e-03	10	1.189370e-02	1.011760e-03	10	false	GAMG	7.132750e-03	6.384640e-05	4	true
937           	smoothSolver	1.651490e-03	1.389960e-04	10	1.836120e-02	1.468720e-03	10	1.205750e-02	1.014370e-03	10	false	GAMG	7.218450e-03	6.305910e-05	4	true
938           	smoothSolver	1.660050e-03	1.392260e-04	10	1.859670e-02	1.476670e-03	10	1.221370e-02	1.016960e-03	10	false	GAMG	7.338920e-03	6.246810e-05	4	true
939           	smoothSolver	1.667290e-03	1.393440e-04	10	1.879710e-02	1.481540e-03	10	1.233440e-02	1.018050e-03	10	false	GAMG	7.441870e-03	6.401340e-05	4	true
940           	smoothSolver	1.674450e-03	1.390370e-04	10	1.898150e-02	1.888650e-03	9	1.243050e-02	1.016060e-03	10	false	GAMG	7.481220e-03	6.660320e-05	4	true
941           	smoothSolver	1.676830e-03	1.380490e-04	10	1.919980e-02	1.897550e-03	9	1.244580e-02	1.008360e-03	10	false	GAMG	7.476830e-03	6.791530e-05	4	true
942           	smoothSolver	1.676070e-03	1.366400e-04	10	1.926830e-02	1.892730e-03	9	1.238470e-02	9.991840e-04	10	false	GAMG	7.454420e-03	6.741910e-05	4	true
943           	smoothSolver	1.673690e-03	1.349640e-04	10	1.922820e-02	1.879850e-03	9	1.228620e-02	9.879740e-04	10	false	GAMG	7.503110e-03	6.577040e-05	4	true
944           	smoothSolver	1.670830e-03	1.331210e-04	10	1.913110e-02	1.862900e-03	9	1.215780e-02	9.747500e-04	10	false	GAMG	7.598090e-03	6.417860e-05	4	true
945           	smoothSolver	1.664830e-03	1.313560e-04	10	1.900660e-02	1.840610e-03	9	1.199320e-02	9.606920e-04	10	false	GAMG	7.702770e-03	6.363690e-05	4	true
946           	smoothSolver	1.656850e-03	1.654470e-04	9	1.885260e-02	1.814100e-03	9	1.179070e-02	9.427110e-04	10	false	GAMG	7.888860e-03	6.542210e-05	4	true
947           	smoothSolver	1.658090e-03	1.639130e-04	9	1.859890e-02	1.780520e-03	9	1.156090e-02	9.195330e-04	10	false	GAMG	8.207170e-03	6.939580e-05	4	true
948           	smoothSolver	1.655860e-03	1.622960e-04	9	1.832270e-02	1.745040e-03	9	1.130960e-02	8.934630e-04	10	false	GAMG	8.537900e-03	7.284270e-05	4	true
949           	smoothSolver	1.652650e-03	1.604010e-04	9	1.800710e-02	1.709060e-03	9	1.104240e-02	1.104020e-03	9	false	GAMG	8.776070e-03	7.360170e-05	4	true
950           	smoothSolver	1.643920e-03	1.578850e-04	9	1.761480e-02	1.669870e-03	9	1.082970e-02	1.074860e-03	9	false	GAMG	8.933300e-03	7.333280e-05	4	true
951           	smoothSolver	1.628670e-03	1.551470e-04	9	1.721750e-02	1.631090e-03	9	1.061750e-02	1.045460e-03	9	false	GAMG	8.904740e-03	7.086400e-05	4	true
952           	smoothSolver	1.604080e-03	1.522490e-04	9	1.683720e-02	1.594780e-03	9	1.044460e-02	1.022040e-03	9	false	GAMG	8.889430e-03	6.693790e-05	4	true
953           	smoothSolver	1.579210e-03	1.495260e-04	9	1.658770e-02	1.563040e-03	9	1.034300e-02	1.006440e-03	9	false	GAMG	8.938420e-03	6.334400e-05	4	true
954           	smoothSolver	1.551960e-03	1.466620e-04	9	1.641780e-02	1.538060e-03	9	1.029460e-02	9.980950e-04	9	false	GAMG	8.926780e-03	6.094340e-05	4	true
955           	smoothSolver	1.517400e-03	1.438150e-04	9	1.627550e-02	1.514890e-03	9	1.024890e-02	9.922210e-04	9	false	GAMG	8.834000e-03	5.960430e-05	4	true
956           	smoothSolver	1.488230e-03	1.415670e-04	9	1.624300e-02	1.495850e-03	9	1.022880e-02	9.863140e-04	9	false	GAMG	8.666170e-03	5.902020e-05	4	true
957           	smoothSolver	1.468500e-03	1.399360e-04	9	1.625990e-02	1.483460e-03	9	1.023760e-02	9.798220e-04	9	false	GAMG	8.499350e-03	5.868660e-05	4	true
958           	smoothSolver	1.452830e-03	1.385190e-04	9	1.629410e-02	1.474930e-03	9	1.021590e-02	9.697840e-04	9	false	GAMG	8.342310e-03	5.843970e-05	4	true
959           	smoothSolver	1.441750e-03	1.375720e-04	9	1.633990e-02	1.472400e-03	9	1.017850e-02	9.603220e-04	9	false	GAMG	8.237370e-03	5.846300e-05	4	true
960           	smoothSolver	1.437710e-03	1.370890e-04	9	1.638970e-02	1.473200e-03	9	1.013560e-02	9.515230e-04	9	false	GAMG	8.155040e-03	5.897940e-05	4	true
961           	smoothSolver	1.437650e-03	1.372520e-04	9	1.638430e-02	1.475120e-03	9	1.005250e-02	9.431680e-04	9	false	GAMG	8.130740e-03	5.918740e-05	4	true
962           	smoothSolver	1.440850e-03	1.376350e-04	9	1.636960e-02	1.478260e-03	9	9.970890e-03	9.358640e-04	9	false	GAMG	8.130900e-03	5.935420e-05	4	true
963           	smoothSolver	1.446720e-03	1.379380e-04	9	1.636100e-02	1.483260e-03	9	9.890800e-03	9.292980e-04	9	false	GAMG	8.135130e-03	6.013400e-05	4	true
964           	smoothSolver	1.452760e-03	1.383260e-04	9	1.630210e-02	1.486100e-03	9	9.829160e-03	9.271760e-04	9	false	GAMG	8.110080e-03	6.140690e-05	4	true
965           	smoothSolver	1.459420e-03	1.390760e-04	9	1.623470e-02	1.492140e-03	9	9.796710e-03	9.328460e-04	9	false	GAMG	8.108370e-03	6.217480e-05	4	true
966           	smoothSolver	1.467650e-03	1.404530e-04	9	1.618770e-02	1.503950e-03	9	9.817530e-03	9.468210e-04	9	false	GAMG	8.109070e-03	6.216040e-05	4	true
967           	smoothSolver	1.476080e-03	1.424990e-04	9	1.616550e-02	1.516570e-03	9	9.881710e-03	9.668090e-04	9	false	GAMG	8.086530e-03	6.289990e-05	4	true
968           	smoothSolver	1.487990e-03	1.449430e-04	9	1.621430e-02	1.532770e-03	9	1.000250e-02	9.944790e-04	9	false	GAMG	8.045530e-03	6.397910e-05	4	true
969           	smoothSolver	1.502020e-03	1.477110e-04	9	1.629530e-02	1.552510e-03	9	1.015520e-02	8.074130e-04	10	false	GAMG	8.032900e-03	6.492100e-05	4	true
970           	smoothSolver	1.521960e-03	1.508460e-04	9	1.639000e-02	1.573130e-03	9	1.025880e-02	8.247360e-04	10	false	GAMG	8.000700e-03	6.517700e-05	4	true
971           	smoothSolver	1.541240e-03	1.209250e-04	10	1.653770e-02	1.596420e-03	9	1.038170e-02	8.412350e-04	10	false	GAMG	7.999780e-03	6.585860e-05	4	true
972           	smoothSolver	1.551230e-03	1.227190e-04	10	1.673220e-02	1.629670e-03	9	1.055760e-02	8.599740e-04	10	false	GAMG	7.986330e-03	6.608780e-05	4	true
973           	smoothSolver	1.559200e-03	1.244020e-04	10	1.689650e-02	1.659270e-03	9	1.072810e-02	8.752690e-04	10	false	GAMG	7.984620e-03	6.593240e-05	4	true
974           	smoothSolver	1.563930e-03	1.259840e-04	10	1.708220e-02	1.686740e-03	9	1.088900e-02	8.883120e-04	10	false	GAMG	7.957620e-03	6.563310e-05	4	true
975           	smoothSolver	1.567800e-03	1.274300e-04	10	1.726660e-02	1.710360e-03	9	1.104300e-02	8.987360e-04	10	false	GAMG	7.924610e-03	6.565900e-05	4	true
976           	smoothSolver	1.573380e-03	1.284930e-04	10	1.749690e-02	1.732220e-03	9	1.117460e-02	9.018920e-04	10	false	GAMG	7.934960e-03	6.554610e-05	4	true
977           	smoothSolver	1.580170e-03	1.289780e-04	10	1.775510e-02	1.755050e-03	9	1.127280e-02	8.971440e-04	10	false	GAMG	8.009520e-03	6.511370e-05	4	true
978           	smoothSolver	1.585250e-03	1.288550e-04	10	1.803240e-02	1.778150e-03	9	1.133080e-02	1.130260e-03	9	false	GAMG	8.056860e-03	6.422530e-05	4	true
979           	smoothSolver	1.586540e-03	1.283140e-04	10	1.829740e-02	1.802590e-03	9	1.139900e-02	1.124080e-03	9	false	GAMG	8.084300e-03	6.458710e-05	4	true
980           	smoothSolver	1.581650e-03	1.276040e-04	10	1.848790e-02	1.827890e-03	9	1.139890e-02	1.117600e-03	9	false	GAMG	8.059820e-03	6.340590e-05	4	true
981           	smoothSolver	1.573840e-03	1.266500e-04	10	1.861280e-02	1.851890e-03	9	1.132380e-02	1.111070e-03	9	false	GAMG	8.031280e-03	6.181700e-05	4	true
982           	smoothSolver	1.564960e-03	1.255040e-04	10	1.868240e-02	1.474140e-03	10	1.122210e-02	1.109070e-03	9	false	GAMG	7.997110e-03	6.069710e-05	4	true
983           	smoothSolver	1.556160e-03	1.244570e-04	10	1.861030e-02	1.476100e-03	10	1.112000e-02	1.109310e-03	9	false	GAMG	7.963750e-03	5.978360e-05	4	true
984           	smoothSolver	1.550580e-03	1.231570e-04	10	1.853300e-02	1.475530e-03	10	1.101120e-02	8.681290e-04	10	false	GAMG	8.031920e-03	5.954830e-05	4	true
985           	smoothSolver	1.546670e-03	1.218490e-04	10	1.849990e-02	1.473910e-03	10	1.083070e-02	8.566370e-04	10	false	GAMG	8.123680e-03	5.880820e-05	4	true
986           	smoothSolver	1.546980e-03	1.542880e-04	9	1.849140e-02	1.470230e-03	10	1.068830e-02	8.450980e-04	10	false	GAMG	8.280300e-03	5.817840e-05	4	true
987           	smoothSolver	1.554230e-03	1.536460e-04	9	1.839700e-02	1.458890e-03	10	1.056550e-02	8.295970e-04	10	false	GAMG	8.579600e-03	5.919240e-05	4	true
988           	smoothSolver	1.564270e-03	1.532450e-04	9	1.837740e-02	1.453200e-03	10	1.050960e-02	1.047070e-03	9	false	GAMG	8.862240e-03	5.967920e-05	4	true
989           	smoothSolver	1.572130e-03	1.530600e-04	9	1.834830e-02	1.446810e-03	10	1.051630e-02	1.042120e-03	9	false	GAMG	9.095870e-03	6.092890e-05	4	true
990           	smoothSolver	1.579140e-03	1.533460e-04	9	1.831790e-02	1.828200e-03	9	1.047760e-02	1.033280e-03	9	false	GAMG	9.205760e-03	6.166690e-05	4	true
991           	smoothSolver	1.582860e-03	1.531610e-04	9	1.834170e-02	1.824590e-03	9	1.038510e-02	1.022470e-03	9	false	GAMG	9.117530e-03	6.072060e-05	4	true
992           	smoothSolver	1.577320e-03	1.527180e-04	9	1.819380e-02	1.816870e-03	9	1.026910e-02	1.012510e-03	9	false	GAMG	8.877620e-03	5.894200e-05	4	true
993           	smoothSolver	1.566070e-03	1.520020e-04	9	1.801070e-02	1.425600e-03	10	1.015930e-02	1.007690e-03	9	false	GAMG	8.689280e-03	5.700750e-05	4	true
994           	smoothSolver	1.549560e-03	1.518170e-04	9	1.777860e-02	1.420860e-03	10	1.009980e-02	7.952210e-04	10	false	GAMG	8.508200e-03	5.633190e-05	4	true
995           	smoothSolver	1.534400e-03	1.522290e-04	9	1.766600e-02	1.424580e-03	10	1.003920e-02	8.002470e-04	10	false	GAMG	8.274280e-03	5.584030e-05	4	true
996           	smoothSolver	1.520240e-03	1.197740e-04	10	1.767350e-02	1.434170e-03	10	1.008620e-02	8.135160e-04	10	false	GAMG	8.067160e-03	5.764620e-05	4	true
997           	smoothSolver	1.504970e-03	1.198200e-04	10	1.782610e-02	1.450680e-03	10	1.024200e-02	8.322840e-04	10	false	GAMG	7.855060e-03	5.960330e-05	4	true
998           	smoothSolver	1.497120e-03	1.198690e-04	10	1.799230e-02	1.462680e-03	10	1.041210e-02	8.434800e-04	10	false	GAMG	7.692310e-03	6.030360e-05	4	true
999           	smoothSolver	1.495980e-03	1.198570e-04	10	1.819160e-02	1.472560e-03	10	1.056580e-02	8.484410e-04	10	false	GAMG	7.601470e-03	6.039450e-05	4	true
1000          	smoothSolver	1.501530e-03	1.199350e-04	10	1.841880e-02	1.482430e-03	10	1.069790e-02	8.504840e-04	10	false	GAMG	7.614900e-03	6.040690e-05	4	true
1001          	smoothSolver	1.509200e-03	1.202430e-04	10	1.870150e-02	1.494330e-03	10	1.080280e-02	8.508610e-04	10	false	GAMG	7.658390e-03	6.075680e-05	4	true
1002          	smoothSolver	1.519070e-03	1.205450e-04	10	1.903110e-02	1.508220e-03	10	1.090190e-02	1.084230e-03	9	false	GAMG	7.711920e-03	6.014790e-05	4	true
1003          	smoothSolver	1.532490e-03	1.209130e-04	10	1.934730e-02	1.930620e-03	9	1.104440e-02	1.094890e-03	9	false	GAMG	7.815900e-03	6.043070e-05	4	true
1004          	smoothSolver	1.547400e-03	1.545700e-04	9	1.965810e-02	1.952300e-03	9	1.111030e-02	1.099650e-03	9	false	GAMG	7.912190e-03	5.945660e-05	4	true
1005          	smoothSolver	1.567970e-03	1.559720e-04	9	1.983540e-02	1.964040e-03	9	1.110190e-02	1.093010e-03	9	false	GAMG	8.021710e-03	5.909400e-05	4	true
1006          	smoothSolver	1.586450e-03	1.572710e-04	9	1.995910e-02	1.979850e-03	9	1.109750e-02	1.086650e-03	9	false	GAMG	8.051910e-03	5.888170e-05	4	true
1007          	smoothSolver	1.603110e-03	1.584670e-04	9	2.003900e-02	1.994260e-03	9	1.106340e-02	1.080620e-03	9	false	GAMG	8.049490e-03	5.854240e-05	4	true
1008          	smoothSolver	1.616810e-03	1.595600e-04	9	2.007060e-02	2.006910e-03	9	1.101530e-02	1.076880e-03	9	false	GAMG	8.060220e-03	5.802970e-05	4	true
1009          	smoothSolver	1.630040e-03	1.606070e-04	9	2.007250e-02	1.594310e-03	10	1.096210e-02	1.077930e-03	9	false	GAMG	8.088630e-03	5.813160e-05	4	true
1010          	smoothSolver	1.643910e-03	1.617630e-04	9	1.995640e-02	1.598490e-03	10	1.091900e-02	1.085330e-03	9	false	GAMG	8.128900e-03	5.959900e-05	4	true
1011          	smoothSolver	1.657120e-03	1.631090e-04	9	1.988050e-02	1.607080e-03	10	1.092110e-02	8.597620e-04	10	false	GAMG	8.196640e-03	6.163680e-05	4	true
1012          	smoothSolver	1.670360e-03	1.651110e-04	9	1.992160e-02	1.619750e-03	10	1.088380e-02	8.608480e-04	10	false	GAMG	8.238890e-03	6.207950e-05	4	true
1013          	smoothSolver	1.680010e-03	1.674360e-04	9	2.003380e-02	1.634090e-03	10	1.091760e-02	8.642250e-04	10	false	GAMG	8.310820e-03	6.354470e-05	4	true
1014          	smoothSolver	1.691070e-03	1.329290e-04	10	2.018490e-02	1.644710e-03	10	1.102990e-02	8.692730e-04	10	false	GAMG	8.379670e-03	6.545540e-05	4	true
1015          	smoothSolver	1.697630e-03	1.334400e-04	10	2.043100e-02	1.656820e-03	10	1.122430e-02	1.120680e-03	9	false	GAMG	8.354430e-03	6.578240e-05	4	true
1016          	smoothSolver	1.705670e-03	1.335120e-04	10	2.061070e-02	1.660340e-03	10	1.152940e-02	1.141800e-03	9	false	GAMG	8.317610e-03	6.767890e-05	4	true
1017          	smoothSolver	1.721330e-03	1.711100e-04	9	2.083240e-02	1.659030e-03	10	1.183310e-02	1.161240e-03	9	false	GAMG	8.359980e-03	7.014000e-05	4	true
1018          	smoothSolver	1.745160e-03	1.723960e-04	9	2.103350e-02	2.094360e-03	9	1.208780e-02	1.173220e-03	9	false	GAMG	8.567250e-03	7.262170e-05	4	true
1019          	smoothSolver	1.765150e-03	1.727100e-04	9	2.139200e-02	2.087360e-03	9	1.231390e-02	1.183120e-03	9	false	GAMG	8.841640e-03	7.371870e-05	4	true
1020          	smoothSolver	1.779670e-03	1.721420e-04	9	2.168720e-02	2.071030e-03	9	1.253500e-02	1.191100e-03	9	false	GAMG	9.004060e-03	7.239010e-05	4	true
1021          	smoothSolver	1.784330e-03	1.711870e-04	9	2.181510e-02	2.051160e-03	9	1.267010e-02	1.194080e-03	9	false	GAMG	9.008860e-03	6.894540e-05	4	true
1022          	smoothSolver	1.785680e-03	1.702180e-04	9	2.176940e-02	2.029900e-03	9	1.270900e-02	1.191800e-03	9	false	GAMG	8.972990e-03	6.491560e-05	4	true
1023          	smoothSolver	1.780070e-03	1.690470e-04	9	2.151070e-02	2.000580e-03	9	1.261010e-02	1.184430e-03	9	false	GAMG	8.991300e-03	6.302480e-05	4	true
1024          	smoothSolver	1.770080e-03	1.672370e-04	9	2.112810e-02	1.967180e-03	9	1.236010e-02	1.169340e-03	9	false	GAMG	9.142670e-03	6.438360e-05	4	true
1025          	smoothSolver	1.764910e-03	1.648500e-04	9	2.067840e-02	1.931290e-03	9	1.204360e-02	1.145770e-03	9	false	GAMG	9.290610e-03	6.773700e-05	4	true
1026          	smoothSolver	1.754760e-03	1.626940e-04	9	2.021120e-02	1.896800e-03	9	1.171450e-02	1.114420e-03	9	false	GAMG	9.472960e-03	7.046220e-05	4	true
1027          	smoothSolver	1.745260e-03	1.606940e-04	9	1.985970e-02	1.870040e-03	9	1.142000e-02	1.081450e-03	9	false	GAMG	9.554750e-03	7.161770e-05	4	true
1028          	smoothSolver	1.727420e-03	1.583790e-04	9	1.949150e-02	1.853990e-03	9	1.115270e-02	1.052760e-03	9	false	GAMG	9.536180e-03	7.210680e-05	4	true
1029          	smoothSolver	1.698070e-03	1.558270e-04	9	1.917170e-02	1.846130e-03	9	1.101010e-02	1.035050e-03	9	false	GAMG	9.593620e-03	7.145960e-05	4	true
1030          	smoothSolver	1.672710e-03	1.533500e-04	9	1.895640e-02	1.840210e-03	9	1.090080e-02	1.025330e-03	9	false	GAMG	9.624760e-03	7.034840e-05	4	true
1031          	smoothSolver	1.641540e-03	1.513010e-04	9	1.889590e-02	1.835780e-03	9	1.088670e-02	1.023160e-03	9	false	GAMG	9.491540e-03	6.955200e-05	4	true
1032          	smoothSolver	1.603260e-03	1.495080e-04	9	1.897460e-02	1.834800e-03	9	1.088990e-02	1.021300e-03	9	false	GAMG	9.217720e-03	6.867860e-05	4	true
1033          	smoothSolver	1.562870e-03	1.479470e-04	9	1.916090e-02	1.833870e-03	9	1.086520e-02	1.014130e-03	9	false	GAMG	8.873310e-03	6.804940e-05	4	true
1034          	smoothSolver	1.536080e-03	1.469440e-04	9	1.934980e-02	1.833930e-03	9	1.081820e-02	1.002990e-03	9	false	GAMG	8.564250e-03	6.789380e-05	4	true
1035          	smoothSolver	1.521770e-03	1.462770e-04	9	1.952040e-02	1.838000e-03	9	1.076690e-02	9.907380e-04	9	false	GAMG	8.387470e-03	6.708950e-05	4	true
1036          	smoothSolver	1.523280e-03	1.461780e-04	9	1.964610e-02	1.845250e-03	9	1.071980e-02	9.805620e-04	9	false	GAMG	8.445120e-03	6.563930e-05	4	true
1037          	smoothSolver	1.529170e-03	1.462870e-04	9	1.969890e-02	1.852000e-03	9	1.068640e-02	9.749240e-04	9	false	GAMG	8.516090e-03	6.376670e-05	4	true
1038          	smoothSolver	1.537760e-03	1.464630e-04	9	1.968290e-02	1.856800e-03	9	1.063380e-02	9.724830e-04	9	false	GAMG	8.519750e-03	6.184570e-05	4	true
1039          	smoothSolver	1.541990e-03	1.467410e-04	9	1.956890e-02	1.857260e-03	9	1.054090e-02	9.709070e-04	9	false	GAMG	8.440380e-03	6.047420e-05	4	true
1040          	smoothSolver	1.543290e-03	1.472920e-04	9	1.935090e-02	1.857040e-03	9	1.041990e-02	9.700760e-04	9	false	GAMG	8.359950e-03	6.021570e-05	4	true
1041          	smoothSolver	1.543300e-03	1.482080e-04	9	1.910650e-02	1.858710e-03	9	1.028760e-02	9.719810e-04	9	false	GAMG	8.339470e-03	6.114150e-05	4	true
1042          	smoothSolver	1.544150e-03	1.494800e-04	9	1.884340e-02	1.862690e-03	9	1.014940e-02	9.782600e-04	9	false	GAMG	8.316610e-03	6.269840e-05	4	true
1043          	smoothSolver	1.543990e-03	1.511550e-04	9	1.862460e-02	1.476280e-03	10	1.006370e-02	9.926970e-04	9	false	GAMG	8.295260e-03	6.449540e-05	4	true
1044          	smoothSolver	1.545420e-03	1.533560e-04	9	1.840130e-02	1.481910e-03	10	1.005230e-02	7.965890e-04	10	false	GAMG	8.294750e-03	6.587660e-05	4	true
1045          	smoothSolver	1.550930e-03	1.221280e-04	10	1.835450e-02	1.488760e-03	10	1.004630e-02	8.061630e-04	10	false	GAMG	8.288620e-03	6.682730e-05	4	true
1046          	smoothSolver	1.547640e-03	1.226100e-04	10	1.845670e-02	1.496640e-03	10	1.018650e-02	8.172690e-04	10	false	GAMG	8.239740e-03	6.734130e-05	4	true
1047          	smoothSolver	1.542810e-03	1.223360e-04	10	1.850480e-02	1.489700e-03	10	1.031030e-02	8.210770e-04	10	false	GAMG	8.103500e-03	6.729640e-05	4	true
1048          	smoothSolver	1.536920e-03	1.214110e-04	10	1.851530e-02	1.474670e-03	10	1.043390e-02	8.213510e-04	10	false	GAMG	7.961150e-03	6.610370e-05	4	true
1049          	smoothSolver	1.530500e-03	1.203740e-04	10	1.855080e-02	1.853650e-03	9	1.055090e-02	1.045480e-03	9	false	GAMG	7.825830e-03	6.383850e-05	4	true
1050          	smoothSolver	1.518990e-03	1.192270e-04	10	1.866790e-02	1.843470e-03	9	1.067770e-02	1.055010e-03	9	false	GAMG	7.740310e-03	6.265680e-05	4	true
1051          	smoothSolver	1.511490e-03	1.510010e-04	9	1.873860e-02	1.830590e-03	9	1.077270e-02	1.062210e-03	9	false	GAMG	7.658170e-03	6.204940e-05	4	true
1052          	smoothSolver	1.512790e-03	1.506660e-04	9	1.867180e-02	1.808130e-03	9	1.077810e-02	1.061320e-03	9	false	GAMG	7.582690e-03	6.214620e-05	4	true
1053          	smoothSolver	1.516230e-03	1.501980e-04	9	1.857920e-02	1.788920e-03	9	1.075170e-02	1.053820e-03	9	false	GAMG	7.557780e-03	6.132460e-05	4	true
1054          	smoothSolver	1.521370e-03	1.494430e-04	9	1.845470e-02	1.770420e-03	9	1.065030e-02	1.038340e-03	9	false	GAMG	7.635810e-03	5.954920e-05	4	true
1055          	smoothSolver	1.528770e-03	1.485460e-04	9	1.825290e-02	1.753110e-03	9	1.044730e-02	1.017390e-03	9	false	GAMG	7.746670e-03	5.822440e-05	4	true
1056          	smoothSolver	1.530970e-03	1.475600e-04	9	1.800390e-02	1.740050e-03	9	1.021820e-02	9.943630e-04	9	false	GAMG	7.838390e-03	5.782730e-05	4	true
1057          	smoothSolver	1.527180e-03	1.463830e-04	9	1.777830e-02	1.736990e-03	9	9.978410e-03	9.748900e-04	9	false	GAMG	7.920340e-03	5.723520e-05	4	true
1058          	smoothSolver	1.516690e-03	1.455610e-04	9	1.759080e-02	1.741690e-03	9	9.755150e-03	9.594800e-04	9	false	GAMG	7.984470e-03	5.815350e-05	4	true
1059          	smoothSolver	1.502200e-03	1.449710e-04	9	1.743460e-02	1.377080e-03	10	9.581090e-03	9.513790e-04	9	false	GAMG	7.977410e-03	5.981250e-05	4	true
1060          	smoothSolver	1.486030e-03	1.443840e-04	9	1.720470e-02	1.373990e-03	10	9.491870e-03	9.477690e-04	9	false	GAMG	7.928010e-03	6.095010e-05	4	true
1061          	smoothSolver	1.471780e-03	1.436810e-04	9	1.713200e-02	1.371990e-03	10	9.491170e-03	9.466180e-04	9	false	GAMG	7.873330e-03	6.128080e-05	4	true
1062          	smoothSolver	1.464680e-03	1.429960e-04	9	1.719450e-02	1.372580e-03	10	9.553140e-03	9.491390e-04	9	false	GAMG	7.825390e-03	6.113200e-05	4	true
1063          	smoothSolver	1.460790e-03	1.429070e-04	9	1.734650e-02	1.375530e-03	10	9.677210e-03	9.567270e-04	9	false	GAMG	7.717680e-03	6.036450e-05	4	true
1064          	smoothSolver	1.457570e-03	1.432980e-04	9	1.760290e-02	1.751410e-03	9	9.840220e-03	9.680140e-04	9	false	GAMG	7.618540e-03	5.866280e-05	4	true
1065          	smoothSolver	1.457210e-03	1.437560e-04	9	1.798170e-02	1.767880e-03	9	9.998510e-03	9.793980e-04	9	false	GAMG	7.605390e-03	5.784260e-05	4	true
1066          	smoothSolver	1.468020e-03	1.443950e-04	9	1.831800e-02	1.778700e-03	9	1.018070e-02	9.912940e-04	9	false	GAMG	7.679100e-03	5.779650e-05	4	true
1067          	smoothSolver	1.486420e-03	1.452970e-04	9	1.858490e-02	1.781760e-03	9	1.033840e-02	9.987480e-04	9	false	GAMG	7.763220e-03	5.792710e-05	4	true
1068          	smoothSolver	1.507580e-03	1.463660e-04	9	1.874790e-02	1.782310e-03	9	1.043390e-02	1.002230e-03	9	false	GAMG	7.818730e-03	5.810940e-05	4	true
1069          	smoothSolver	1.522890e-03	1.476180e-04	9	1.878910e-02	1.780620e-03	9	1.045230e-02	1.002710e-03	9	false	GAMG	7.790880e-03	5.865220e-05	4	true
1070          	smoothSolver	1.532440e-03	1.488730e-04	9	1.869520e-02	1.776130e-03	9	1.042410e-02	1.001550e-03	9	false	GAMG	7.709530e-03	5.909240e-05	4	true
1071          	smoothSolver	1.539370e-03	1.501400e-04	9	1.851450e-02	1.770520e-03	9	1.034730e-02	1.003310e-03	9	false	GAMG	7.718390e-03	5.960670e-05	4	true
1072          	smoothSolver	1.542540e-03	1.512200e-04	9	1.827820e-02	1.769140e-03	9	1.022840e-02	1.009100e-03	9	false	GAMG	7.766520e-03	6.122290e-05	4	true
1073          	smoothSolver	1.539420e-03	1.521240e-04	9	1.794730e-02	1.767010e-03	9	1.010780e-02	7.968910e-04	10	false	GAMG	7.842390e-03	6.397600e-05	4	true
1074          	smoothSolver	1.535020e-03	1.527080e-04	9	1.767780e-02	1.761350e-03	9	9.969000e-03	7.915890e-04	10	false	GAMG	7.883780e-03	6.557390e-05	4	true
1075          	smoothSolver	1.528540e-03	1.524310e-04	9	1.751450e-02	1.749240e-03	9	9.906080e-03	7.848190e-04	10	false	GAMG	7.969050e-03	6.605440e-05	4	true
1076          	smoothSolver	1.520500e-03	1.512550e-04	9	1.741410e-02	1.731070e-03	9	9.923680e-03	9.896340e-04	9	false	GAMG	7.988870e-03	6.524760e-05	4	true
1077          	smoothSolver	1.512170e-03	1.495170e-04	9	1.739200e-02	1.710330e-03	9	1.005440e-02	9.907220e-04	9	false	GAMG	7.939200e-03	6.366070e-05	4	true
1078          	smoothSolver	1.503210e-03	1.476710e-04	9	1.741670e-02	1.688870e-03	9	1.015080e-02	9.909070e-04	9	false	GAMG	7.858880e-03	6.107960e-05	4	true
1079          	smoothSolver	1.491440e-03	1.459190e-04	9	1.744190e-02	1.666370e-03	9	1.019840e-02	9.880750e-04	9	false	GAMG	7.767190e-03	5.865490e-05	4	true
1080          	smoothSolver	1.481270e-03	1.436090e-04	9	1.744440e-02	1.641290e-03	9	1.021590e-02	9.801690e-04	9	false	GAMG	7.758940e-03	5.796640e-05	4	true
1081          	smoothSolver	1.474330e-03	1.408600e-04	9	1.744230e-02	1.614990e-03	9	1.018260e-02	9.665000e-04	9	false	GAMG	7.926240e-03	5.880530e-05	4	true
1082          	smoothSolver	1.470630e-03	1.380240e-04	9	1.738630e-02	1.586320e-03	9	1.008840e-02	9.453520e-04	9	false	GAMG	8.167830e-03	5.990830e-05	4	true
1083          	smoothSolver	1.467780e-03	1.355020e-04	9	1.729510e-02	1.559770e-03	9	9.957090e-03	9.205380e-04	9	false	GAMG	8.376900e-03	6.083040e-05	4	true
1084          	smoothSolver	1.463070e-03	1.338450e-04	9	1.717220e-02	1.540690e-03	9	9.809000e-03	8.974790e-04	9	false	GAMG	8.489950e-03	6.059830e-05	4	true
1085          	smoothSolver	1.454370e-03	1.326620e-04	9	1.701580e-02	1.529280e-03	9	9.649560e-03	8.812270e-04	9	false	GAMG	8.539460e-03	5.942720e-05	4	true
1086          	smoothSolver	1.445150e-03	1.316820e-04	9	1.683170e-02	1.526120e-03	9	9.506560e-03	8.741210e-04	9	false	GAMG	8.481760e-03	5.850720e-05	4	true
1087          	smoothSolver	1.435180e-03	1.312140e-04	9	1.655920e-02	1.527710e-03	9	9.369980e-03	8.746400e-04	9	false	GAMG	8.375730e-03	5.872420e-05	4	true
1088          	smoothSolver	1.420520e-03	1.310840e-04	9	1.629960e-02	1.529320e-03	9	9.296140e-03	8.814120e-04	9	false	GAMG	8.412340e-03	5.947460e-05	4	true
1089          	smoothSolver	1.413630e-03	1.312280e-04	9	1.614920e-02	1.531750e-03	9	9.317240e-03	8.927770e-04	9	false	GAMG	8.339430e-03	6.098800e-05	4	true
1090          	smoothSolver	1.407010e-03	1.317420e-04	9	1.619350e-02	1.533740e-03	9	9.458420e-03	9.096120e-04	9	false	GAMG	8.157000e-03	6.200490e-05	4	true
1091          	smoothSolver	1.405240e-03	1.330000e-04	9	1.636190e-02	1.537880e-03	9	9.662830e-03	9.319960e-04	9	false	GAMG	8.039130e-03	6.230420e-05	4	true
1092          	smoothSolver	1.408690e-03	1.353910e-04	9	1.666880e-02	1.549250e-03	9	9.914810e-03	9.590610e-04	9	false	GAMG	7.951320e-03	6.302690e-05	4	true
1093          	smoothSolver	1.422190e-03	1.382470e-04	9	1.703650e-02	1.565590e-03	9	1.021550e-02	9.862210e-04	9	false	GAMG	7.901920e-03	6.362490e-05	4	true
1094          	smoothSolver	1.449360e-03	1.412530e-04	9	1.735420e-02	1.582900e-03	9	1.050090e-02	1.013160e-03	9	false	GAMG	7.906010e-03	6.375320e-05	4	true
1095          	smoothSolver	1.477080e-03	1.441570e-04	9	1.759520e-02	1.601980e-03	9	1.074130e-02	1.041540e-03	9	false	GAMG	7.876870e-03	6.350390e-05	4	true
1096          	smoothSolver	1.501470e-03	1.471550e-04	9	1.776240e-02	1.620150e-03	9	1.094140e-02	1.066750e-03	9	false	GAMG	7.824510e-03	6.303400e-05	4	true
1097          	smoothSolver	1.520930e-03	1.500430e-04	9	1.780100e-02	1.635770e-03	9	1.107350e-02	1.089180e-03	9	false	GAMG	7.753830e-03	6.228130e-05	4	true
1098          	smoothSolver	1.536530e-03	1.527220e-04	9	1.773180e-02	1.653510e-03	9	1.112820e-02	1.111850e-03	9	false	GAMG	7.732830e-03	6.122310e-05	4	true
1099          	smoothSolver	1.545840e-03	1.219100e-04	10	1.764200e-02	1.675120e-03	9	1.112400e-02	8.933440e-04	10	false	GAMG	7.752020e-03	6.119130e-05	4	true
1100          	smoothSolver	1.545890e-03	1.231830e-04	10	1.758020e-02	1.706920e-03	9	1.103620e-02	9.047000e-04	10	false	GAMG	7.735940e-03	6.145760e-05	4	true
1101          	smoothSolver	1.543510e-03	1.243510e-04	10	1.745420e-02	1.734650e-03	9	1.092610e-02	9.132520e-04	10	false	GAMG	7.730940e-03	6.198290e-05	4	true
1102          	smoothSolver	1.538930e-03	1.251450e-04	10	1.736130e-02	1.382840e-03	10	1.083050e-02	9.156760e-04	10	false	GAMG	7.748830e-03	6.260690e-05	4	true
1103          	smoothSolver	1.534250e-03	1.254100e-04	10	1.723870e-02	1.390970e-03	10	1.079860e-02	9.125970e-04	10	false	GAMG	7.786560e-03	6.299070e-05	4	true
1104          	smoothSolver	1.528380e-03	1.250280e-04	10	1.724750e-02	1.397000e-03	10	1.079370e-02	9.035680e-04	10	false	GAMG	7.775360e-03	6.312860e-05	4	true
1105          	smoothSolver	1.519740e-03	1.241450e-04	10	1.735890e-02	1.406060e-03	10	1.082440e-02	8.933820e-04	10	false	GAMG	7.758670e-03	6.247130e-05	4	true
1106          	smoothSolver	1.509610e-03	1.231550e-04	10	1.752800e-02	1.415980e-03	10	1.087770e-02	8.855660e-04	10	false	GAMG	7.776860e-03	6.132320e-05	4	true
1107          	smoothSolver	1.497190e-03	1.221980e-04	10	1.767120e-02	1.424800e-03	10	1.091270e-02	8.805420e-04	10	false	GAMG	7.755750e-03	6.138130e-05	4	true
1108          	smoothSolver	1.488090e-03	1.211630e-04	10	1.779220e-02	1.430860e-03	10	1.092860e-02	8.778080e-04	10	false	GAMG	7.687520e-03	6.211150e-05	4	true
1109          	smoothSolver	1.478420e-03	1.198040e-04	10	1.784240e-02	1.431320e-03	10	1.092960e-02	8.776940e-04	10	false	GAMG	7.585920e-03	6.223370e-05	4	true
1110          	smoothSolver	1.469530e-03	1.182280e-04	10	1.781390e-02	1.423690e-03	10	1.089540e-02	8.731570e-04	10	false	GAMG	7.528290e-03	6.149970e-05	4	true
1111          	smoothSolver	1.462520e-03	1.163230e-04	10	1.772190e-02	1.411140e-03	10	1.081510e-02	8.631410e-04	10	false	GAMG	7.575810e-03	6.046670e-05	4	true
1112          	smoothSolver	1.454170e-03	1.143570e-04	10	1.762070e-02	1.393010e-03	10	1.071360e-02	8.488660e-04	10	false	GAMG	7.684420e-03	6.002580e-05	4	true
1113          	smoothSolver	1.448120e-03	1.438110e-04	9	1.751750e-02	1.747200e-03	9	1.058720e-02	8.339020e-04	10	false	GAMG	7.829900e-03	5.989860e-05	4	true
1114          	smoothSolver	1.446960e-03	1.420520e-04	9	1.744160e-02	1.728870e-03	9	1.040700e-02	1.039920e-03	9	false	GAMG	8.005790e-03	5.920620e-05	4	true
1115          	smoothSolver	1.444790e-03	1.404430e-04	9	1.729660e-02	1.708370e-03	9	1.027110e-02	1.025490e-03	9	false	GAMG	8.170350e-03	5.963710e-05	4	true
1116          	smoothSolver	1.440770e-03	1.395330e-04	9	1.709110e-02	1.683350e-03	9	1.009380e-02	1.006830e-03	9	false	GAMG	8.287770e-03	5.956410e-05	4	true
1117          	smoothSolver	1.438410e-03	1.387140e-04	9	1.682830e-02	1.655450e-03	9	9.898700e-03	9.864290e-04	9	false	GAMG	8.277470e-03	5.874740e-05	4	true
1118          	smoothSolver	1.428240e-03	1.377940e-04	9	1.649990e-02	1.625950e-03	9	9.691860e-03	9.661570e-04	9	false	GAMG	8.164360e-03	5.725180e-05	4	true
1119          	smoothSolver	1.415020e-03	1.367610e-04	9	1.613570e-02	1.599060e-03	9	9.486370e-03	9.482640e-04	9	false	GAMG	8.023680e-03	5.531910e-05	4	true
1120          	smoothSolver	1.399190e-03	1.357660e-04	9	1.576330e-02	1.241850e-03	10	9.316900e-03	7.356420e-04	10	false	GAMG	7.910840e-03	5.430150e-05	4	true
1121          	smoothSolver	1.386410e-03	1.351250e-04	9	1.539870e-02	1.223240e-03	10	9.146280e-03	7.292040e-04	10	false	GAMG	7.777540e-03	5.283710e-05	4	true
1122          	smoothSolver	1.369530e-03	1.343890e-04	9	1.513890e-02	1.206960e-03	10	9.075880e-03	7.310290e-04	10	false	GAMG	7.618160e-03	5.244660e-05	4	true
1123          	smoothSolver	1.349680e-03	1.336300e-04	9	1.493420e-02	1.190200e-03	10	9.094220e-03	7.373910e-04	10	false	GAMG	7.446600e-03	5.213050e-05	4	true
1124          	smoothSolver	1.329590e-03	1.042400e-04	10	1.482820e-02	1.172650e-03	10	9.163010e-03	7.405110e-04	10	false	GAMG	7.319850e-03	5.213950e-05	4	true
1125          	smoothSolver	1.307850e-03	1.031300e-04	10	1.485740e-02	1.473420e-03	9	9.280470e-03	7.414730e-04	10	false	GAMG	7.162820e-03	5.278570e-05	4	true
1126          	smoothSolver	1.292410e-03	1.017420e-04	10	1.496370e-02	1.459690e-03	9	9.338350e-03	7.350630e-04	10	false	GAMG	7.073630e-03	5.409340e-05	4	true
1127          	smoothSolver	1.284590e-03	1.281070e-04	9	1.504730e-02	1.442990e-03	9	9.354000e-03	9.240090e-04	9	false	GAMG	7.007560e-03	5.323800e-05	4	true
1128          	smoothSolver	1.285770e-03	1.268970e-04	9	1.502410e-02	1.420210e-03	9	9.340910e-03	9.131430e-04	9	false	GAMG	7.007590e-03	5.280870e-05	4	true
1129          	smoothSolver	1.288050e-03	1.259310e-04	9	1.501380e-02	1.403330e-03	9	9.295200e-03	9.017100e-04	9	false	GAMG	7.026440e-03	5.219760e-05	4	true
1130          	smoothSolver	1.288320e-03	1.250730e-04	9	1.495350e-02	1.386580e-03	9	9.196350e-03	8.870570e-04	9	false	GAMG	7.031540e-03	5.106220e-05	4	true
1131          	smoothSolver	1.286300e-03	1.241760e-04	9	1.480710e-02	1.370180e-03	9	9.043170e-03	8.686190e-04	9	false	GAMG	6.991340e-03	4.944670e-05	4	true
1132          	smoothSolver	1.277520e-03	1.229260e-04	9	1.456830e-02	1.349950e-03	9	8.835390e-03	8.439870e-04	9	false	GAMG	6.919460e-03	4.771730e-05	4	true
1133          	smoothSolver	1.263660e-03	1.213940e-04	9	1.424500e-02	1.328710e-03	9	8.578740e-03	8.179520e-04	9	false	GAMG	6.883920e-03	4.673020e-05	4	true
1134          	smoothSolver	1.244830e-03	1.199540e-04	9	1.391050e-02	1.310320e-03	9	8.304670e-03	7.961500e-04	9	false	GAMG	6.871110e-03	4.614520e-05	4	true
1135          	smoothSolver	1.224990e-03	1.188590e-04	9	1.355590e-02	1.293590e-03	9	8.043420e-03	7.793550e-04	9	false	GAMG	6.873990e-03	4.614090e-05	4	true
1136          	smoothSolver	1.205690e-03	1.178380e-04	9	1.321990e-02	1.278140e-03	9	7.823750e-03	7.683950e-04	9	false	GAMG	6.884940e-03	4.859340e-05	4	true
1137          	smoothSolver	1.187120e-03	1.166620e-04	9	1.294630e-02	1.264590e-03	9	7.634770e-03	7.596880e-04	9	false	GAMG	6.901240e-03	4.961410e-05	4	true
1138          	smoothSolver	1.168470e-03	1.154740e-04	9	1.271230e-02	1.251980e-03	9	7.491360e-03	7.485260e-04	9	false	GAMG	6.909520e-03	5.012540e-05	4	true
1139          	smoothSolver	1.150600e-03	1.145610e-04	9	1.254580e-02	1.242360e-03	9	7.418360e-03	7.392550e-04	9	false	GAMG	6.850090e-03	5.120150e-05	4	true
1140          	smoothSolver	1.135800e-03	8.930190e-05	10	1.243610e-02	1.233670e-03	9	7.387560e-03	7.321100e-04	9	false	GAMG	6.736160e-03	5.241180e-05	4	true
1141          	smoothSolver	1.119560e-03	8.826640e-05	10	1.244840e-02	1.232610e-03	9	7.425100e-03	7.295150e-04	9	false	GAMG	6.582350e-03	5.177000e-05	4	true
1142          	smoothSolver	1.107880e-03	8.720730e-05	10	1.248690e-02	1.229800e-03	9	7.476670e-03	7.298890e-04	9	false	GAMG	6.466450e-03	5.072390e-05	4	true
1143          	smoothSolver	1.100760e-03	8.623270e-05	10	1.259090e-02	1.224200e-03	9	7.540790e-03	7.321780e-04	9	false	GAMG	6.384580e-03	4.997100e-05	4	true
1144          	smoothSolver	1.093740e-03	1.087540e-04	9	1.270170e-02	1.211900e-03	9	7.596870e-03	7.320760e-04	9	false	GAMG	6.310760e-03	4.882170e-05	4	true
1145          	smoothSolver	1.091510e-03	1.077250e-04	9	1.273830e-02	1.191300e-03	9	7.605260e-03	7.237750e-04	9	false	GAMG	6.272560e-03	4.926200e-05	4	true
1146          	smoothSolver	1.089910e-03	1.064350e-04	9	1.277590e-02	1.171940e-03	9	7.592940e-03	7.117210e-04	9	false	GAMG	6.244140e-03	4.961550e-05	4	true
1147          	smoothSolver	1.087650e-03	1.050940e-04	9	1.275960e-02	1.153660e-03	9	7.551690e-03	6.961660e-04	9	false	GAMG	6.241930e-03	4.929580e-05	4	true
1148          	smoothSolver	1.086670e-03	1.038030e-04	9	1.272240e-02	1.136390e-03	9	7.480290e-03	6.810100e-04	9	false	GAMG	6.264530e-03	4.817760e-05	4	true
1149          	smoothSolver	1.085140e-03	1.027890e-04	9	1.262140e-02	1.120230e-03	9	7.378830e-03	6.671610e-04	9	false	GAMG	6.277110e-03	4.654840e-05	4	true
1150          	smoothSolver	1.083640e-03	1.018630e-04	9	1.245500e-02	1.102310e-03	9	7.253160e-03	6.551160e-04	9	false	GAMG	6.246830e-03	4.556050e-05	4	true
1151          	smoothSolver	1.079060e-03	1.008490e-04	9	1.220790e-02	1.079250e-03	9	7.072660e-03	6.428120e-04	9	false	GAMG	6.219550e-03	4.411880e-05	4	true
1152          	smoothSolver	1.071970e-03	9.997060e-05	9	1.188930e-02	1.055730e-03	9	6.863040e-03	6.285280e-04	9	false	GAMG	6.193680e-03	4.282800e-05	4	true
1153          	smoothSolver	1.060190e-03	9.918970e-05	9	1.149650e-02	1.032360e-03	9	6.637840e-03	6.143260e-04	9	false	GAMG	6.169750e-03	4.282890e-05	4	true
1154          	smoothSolver	1.045980e-03	9.839060e-05	9	1.106720e-02	1.012170e-03	9	6.422620e-03	6.036390e-04	9	false	GAMG	6.128570e-03	4.334650e-05	4	true
1155          	smoothSolver	1.030290e-03	9.776420e-05	9	1.072880e-02	9.970220e-04	9	6.294980e-03	6.012590e-04	9	false	GAMG	6.101630e-03	4.374310e-05	4	true
1156          	smoothSolver	1.013410e-03	9.741910e-05	9	1.050250e-02	9.857700e-04	9	6.244000e-03	6.046990e-04	9	false	GAMG	6.055660e-03	4.459640e-05	4	true
1157          	smoothSolver	9.969500e-04	9.752560e-05	9	1.038110e-02	9.765530e-04	9	6.249910e-03	6.127360e-04	9	false	GAMG	5.973030e-03	4.573250e-05	4	true
1158          	smoothSolver	9.820610e-04	9.763410e-05	9	1.034290e-02	9.669550e-04	9	6.266090e-03	6.172670e-04	9	false	GAMG	5.860600e-03	4.615290e-05	4	true
1159          	smoothSolver	9.661350e-04	7.614010e-05	10	1.028750e-02	9.489200e-04	9	6.248320e-03	6.125630e-04	9	false	GAMG	5.773590e-03	4.697220e-05	4	true
1160          	smoothSolver	9.478300e-04	7.471230e-05	10	1.026060e-02	9.310540e-04	9	6.235890e-03	6.049860e-04	9	false	GAMG	5.655840e-03	4.681320e-05	4	true
1161          	smoothSolver	9.334430e-04	7.317420e-05	10	1.015580e-02	9.114300e-04	9	6.191460e-03	5.953110e-04	9	false	GAMG	5.554070e-03	4.623240e-05	4	true
1162          	smoothSolver	9.217740e-04	9.181370e-05	9	1.004320e-02	8.977550e-04	9	6.147880e-03	5.874040e-04	9	false	GAMG	5.507320e-03	4.403130e-05	4	true
1163          	smoothSolver	9.183840e-04	9.130370e-05	9	9.904940e-03	8.864420e-04	9	6.084070e-03	5.805480e-04	9	false	GAMG	5.501330e-03	4.226630e-05	4	true
1164          	smoothSolver	9.171080e-04	9.074940e-05	9	9.840410e-03	8.820560e-04	9	6.035580e-03	5.792010e-04	9	false	GAMG	5.493230e-03	4.232150e-05	4	true
1165          	smoothSolver	9.126110e-04	8.996600e-05	9	9.759920e-03	8.763470e-04	9	5.979050e-03	5.768820e-04	9	false	GAMG	5.462070e-03	4.285660e-05	4	true
1166          	smoothSolver	9.054770e-04	8.897050e-05	9	9.625340e-03	8.652900e-04	9	5.900780e-03	5.706080e-04	9	false	GAMG	5.418890e-03	4.334870e-05	4	true
1167          	smoothSolver	8.976270e-04	8.804710e-05	9	9.451580e-03	8.533650e-04	9	5.801340e-03	5.622160e-04	9	false	GAMG	5.374610e-03	4.354090e-05	4	true
1168          	smoothSolver	8.886060e-04	8.715440e-05	9	9.281660e-03	8.437770e-04	9	5.701350e-03	5.548820e-04	9	false	GAMG	5.348040e-03	4.263200e-05	4	true
1169          	smoothSolver	8.781000e-04	8.657100e-05	9	9.157080e-03	8.407650e-04	9	5.634620e-03	5.546350e-04	9	false	GAMG	5.317530e-03	4.080840e-05	4	true
1170          	smoothSolver	8.678910e-04	8.624640e-05	9	9.041010e-03	8.443020e-04	9	5.593570e-03	4.405470e-04	10	false	GAMG	5.268970e-03	3.909720e-05	4	true
1171          	smoothSolver	8.593920e-04	6.782660e-05	10	8.964930e-03	8.480760e-04	9	5.525490e-03	4.423050e-04	10	false	GAMG	5.198780e-03	3.950070e-05	4	true
1172          	smoothSolver	8.488520e-04	6.762410e-05	10	8.954450e-03	8.530410e-04	9	5.506450e-03	4.456090e-04	10	false	GAMG	5.105580e-03	4.079720e-05	4	true
1173          	smoothSolver	8.410630e-04	6.726600e-05	10	8.905340e-03	8.456880e-04	9	5.496090e-03	4.448390e-04	10	false	GAMG	5.004410e-03	4.173400e-05	4	true
1174          	smoothSolver	8.350670e-04	6.688950e-05	10	8.861060e-03	8.330680e-04	9	5.484840e-03	4.409890e-04	10	false	GAMG	4.897250e-03	4.166210e-05	4	true
1175          	smoothSolver	8.304390e-04	6.659280e-05	10	8.819880e-03	8.218400e-04	9	5.477510e-03	4.376680e-04	10	false	GAMG	4.822140e-03	4.021770e-05	4	true
1176          	smoothSolver	8.270440e-04	6.646320e-05	10	8.789280e-03	8.134820e-04	9	5.466760e-03	4.364070e-04	10	false	GAMG	4.785010e-03	3.838310e-05	4	true
1177          	smoothSolver	8.233940e-04	6.642400e-05	10	8.754490e-03	8.113790e-04	9	5.446100e-03	4.361460e-04	10	false	GAMG	4.776370e-03	3.657890e-05	4	true
1178          	smoothSolver	8.192800e-04	6.644900e-05	10	8.691530e-03	8.125890e-04	9	5.406530e-03	4.360740e-04	10	false	GAMG	4.768420e-03	3.504120e-05	4	true
1179          	smoothSolver	8.165630e-04	6.662350e-05	10	8.629660e-03	8.165660e-04	9	5.356480e-03	4.357410e-04	10	false	GAMG	4.758750e-03	3.370310e-05	4	true
1180          	smoothSolver	8.137640e-04	6.692540e-05	10	8.552870e-03	8.227580e-04	9	5.290950e-03	4.339270e-04	10	false	GAMG	4.749000e-03	3.405860e-05	4	true
1181          	smoothSolver	8.117910e-04	6.718250e-05	10	8.467790e-03	8.292300e-04	9	5.221690e-03	4.313310e-04	10	false	GAMG	4.720170e-03	3.541750e-05	4	true
1182          	smoothSolver	8.125740e-04	6.741540e-05	10	8.455920e-03	8.396760e-04	9	5.192180e-03	4.305930e-04	10	false	GAMG	4.669000e-03	3.607620e-05	4	true
1183          	smoothSolver	8.150830e-04	6.770550e-05	10	8.539300e-03	8.533690e-04	9	5.203510e-03	4.324590e-04	10	false	GAMG	4.637750e-03	3.614200e-05	4	true
1184          	smoothSolver	8.183150e-04	6.811070e-05	10	8.676860e-03	8.673290e-04	9	5.233210e-03	4.341790e-04	10	false	GAMG	4.616920e-03	3.606510e-05	4	true
1185          	smoothSolver	8.243910e-04	6.880820e-05	10	8.846160e-03	8.794780e-04	9	5.276450e-03	4.360010e-04	10	false	GAMG	4.601260e-03	3.571110e-05	4	true
1186          	smoothSolver	8.322670e-04	6.936950e-05	10	8.992780e-03	8.885520e-04	9	5.312210e-03	4.361490e-04	10	false	GAMG	4.599540e-03	3.549630e-05	4	true
1187          	smoothSolver	8.428460e-04	6.969070e-05	10	9.090640e-03	8.932620e-04	9	5.342160e-03	4.351310e-04	10	false	GAMG	4.628900e-03	3.569580e-05	4	true
1188          	smoothSolver	8.540530e-04	6.983650e-05	10	9.170330e-03	8.967320e-04	9	5.387080e-03	4.359540e-04	10	false	GAMG	4.672650e-03	3.585890e-05	4	true
1189          	smoothSolver	8.659160e-04	7.018020e-05	10	9.248030e-03	9.031720e-04	9	5.453560e-03	4.406150e-04	10	false	GAMG	4.715250e-03	3.589780e-05	4	true
1190          	smoothSolver	8.775570e-04	7.096420e-05	10	9.338590e-03	9.139870e-04	9	5.536010e-03	4.497530e-04	10	false	GAMG	4.762520e-03	3.668200e-05	4	true
1191          	smoothSolver	8.885440e-04	7.187130e-05	10	9.442630e-03	9.266850e-04	9	5.635210e-03	4.610440e-04	10	false	GAMG	4.804470e-03	3.830050e-05	4	true
1192          	smoothSolver	8.994510e-04	7.289220e-05	10	9.551300e-03	9.378700e-04	9	5.735960e-03	4.723830e-04	10	false	GAMG	4.876580e-03	3.972510e-05	4	true
1193          	smoothSolver	9.106070e-04	7.387930e-05	10	9.634300e-03	9.484250e-04	9	5.830840e-03	4.816800e-04	10	false	GAMG	4.930030e-03	4.073110e-05	4	true
1194          	smoothSolver	9.233470e-04	7.502330e-05	10	9.711770e-03	9.604220e-04	9	5.916440e-03	4.905610e-04	10	false	GAMG	4.991510e-03	4.137010e-05	4	true
1195          	smoothSolver	9.385320e-04	7.637510e-05	10	9.797140e-03	9.751730e-04	9	6.016290e-03	5.009170e-04	10	false	GAMG	5.029310e-03	4.130930e-05	4	true
1196          	smoothSolver	9.532510e-04	7.813040e-05	10	9.933110e-03	7.829270e-04	10	6.130320e-03	5.145590e-04	10	false	GAMG	5.063070e-03	4.168120e-05	4	true
1197          	smoothSolver	9.727560e-04	8.035420e-05	10	1.005560e-02	7.984560e-04	10	6.281950e-03	5.331590e-04	10	false	GAMG	5.083120e-03	4.220700e-05	4	true
1198          	smoothSolver	9.908230e-04	8.255260e-05	10	1.022040e-02	8.182490e-04	10	6.429420e-03	5.499870e-04	10	false	GAMG	5.096820e-03	4.368780e-05	4	true
1199          	smoothSolver	1.009940e-03	8.475760e-05	10	1.044500e-02	8.426300e-04	10	6.578740e-03	5.640910e-04	10	false	GAMG	5.118080e-03	4.496180e-05	4	true
1200          	smoothSolver	1.030140e-03	8.681580e-05	10	1.069380e-02	8.690400e-04	10	6.728970e-03	5.738170e-04	10	false	GAMG	5.158180e-03	4.579730e-05	4	true
1201          	smoothSolver	1.052030e-03	8.859780e-05	10	1.097690e-02	8.974060e-04	10	6.864890e-03	5.786630e-04	10	false	GAMG	5.224200e-03	4.663220e-05	4	true
1202          	smoothSolver	1.073500e-03	9.023240e-05	10	1.131770e-02	9.281080e-04	10	7.000910e-03	5.807470e-04	10	false	GAMG	5.308160e-03	4.694940e-05	4	true
1203          	smoothSolver	1.092930e-03	9.161800e-05	10	1.169710e-02	9.607550e-04	10	7.124460e-03	5.835170e-04	10	false	GAMG	5.411320e-03	4.688680e-05	4	true
1204          	smoothSolver	1.111060e-03	9.289900e-05	10	1.209890e-02	9.939760e-04	10	7.257280e-03	5.913780e-04	10	false	GAMG	5.534520e-03	4.762250e-05	4	true
1205          	smoothSolver	1.130700e-03	9.409580e-05	10	1.252650e-02	1.027380e-03	10	7.409330e-03	6.037810e-04	10	false	GAMG	5.661050e-03	4.904330e-05	4	true
1206          	smoothSolver	1.150090e-03	9.522080e-05	10	1.293600e-02	1.058810e-03	10	7.573920e-03	6.168770e-04	10	false	GAMG	5.787500e-03	4.931360e-05	4	true
1207          	smoothSolver	1.174040e-03	9.638060e-05	10	1.331280e-02	1.086120e-03	10	7.724580e-03	6.273240e-04	10	false	GAMG	5.969650e-03	4.865050e-05	4	true
1208          	smoothSolver	1.197490e-03	9.732800e-05	10	1.362690e-02	1.110830e-03	10	7.859010e-03	6.360100e-04	10	false	GAMG	6.198420e-03	4.816010e-05	4	true
1209          	smoothSolver	1.213920e-03	9.794960e-05	10	1.387870e-02	1.133710e-03	10	7.967800e-03	6.439460e-04	10	false	GAMG	6.429820e-03	4.811950e-05	4	true
1210          	smoothSolver	1.226420e-03	9.877610e-05	10	1.417100e-02	1.154860e-03	10	8.081610e-03	6.502390e-04	10	false	GAMG	6.602310e-03	4.819930e-05	4	true
1211          	smoothSolver	1.243800e-03	9.994810e-05	10	1.449170e-02	1.176670e-03	10	8.212880e-03	6.588330e-04	10	false	GAMG	6.659370e-03	4.941840e-05	4	true
1212          	smoothSolver	1.264670e-03	1.013380e-04	10	1.478110e-02	1.197160e-03	10	8.362750e-03	6.696440e-04	10	false	GAMG	6.711940e-03	5.156290e-05	4	true
1213          	smoothSolver	1.285080e-03	1.028140e-04	10	1.501170e-02	1.213300e-03	10	8.484980e-03	6.787180e-04	10	false	GAMG	6.772910e-03	5.388040e-05	4	true
1214          	smoothSolver	1.302570e-03	1.040990e-04	10	1.517080e-02	1.226780e-03	10	8.566450e-03	6.861190e-04	10	false	GAMG	6.862390e-03	5.517830e-05	4	true
1215          	smoothSolver	1.317500e-03	1.052140e-04	10	1.522650e-02	1.236110e-03	10	8.641650e-03	6.935860e-04	10	false	GAMG	6.897420e-03	5.441780e-05	4	true
1216          	smoothSolver	1.329380e-03	1.062370e-04	10	1.526380e-02	1.244360e-03	10	8.717310e-03	7.023660e-04	10	false	GAMG	6.885350e-03	5.208710e-05	4	true
1217          	smoothSolver	1.340540e-03	1.073900e-04	10	1.531650e-02	1.251260e-03	10	8.813700e-03	7.143870e-04	10	false	GAMG	6.898770e-03	5.028080e-05	4	true
1218          	smoothSolver	1.351130e-03	1.087800e-04	10	1.542410e-02	1.258200e-03	10	8.962280e-03	7.286060e-04	10	false	GAMG	6.905890e-03	5.001600e-05	4	true
1219          	smoothSolver	1.360580e-03	1.101750e-04	10	1.559840e-02	1.264760e-03	10	9.153160e-03	7.440150e-04	10	false	GAMG	6.923480e-03	5.064600e-05	4	true
1220          	smoothSolver	1.371680e-03	1.112850e-04	10	1.581820e-02	1.266930e-03	10	9.377080e-03	7.583570e-04	10	false	GAMG	6.960440e-03	5.234320e-05	4	true
1221          	smoothSolver	1.383760e-03	1.120390e-04	10	1.601420e-02	1.265180e-03	10	9.590300e-03	7.696340e-04	10	false	GAMG	6.977290e-03	5.454180e-05	4	true
1222          	smoothSolver	1.396040e-03	1.125860e-04	10	1.617680e-02	1.607520e-03	9	9.764970e-03	7.775410e-04	10	false	GAMG	6.964800e-03	5.535760e-05	4	true
1223          	smoothSolver	1.408260e-03	1.129070e-04	10	1.637150e-02	1.616240e-03	9	9.875780e-03	7.807640e-04	10	false	GAMG	6.946150e-03	5.423470e-05	4	true
1224          	smoothSolver	1.418390e-03	1.131850e-04	10	1.650970e-02	1.625650e-03	9	9.918550e-03	7.818810e-04	10	false	GAMG	6.975950e-03	5.218790e-05	4	true
1225          	smoothSolver	1.426250e-03	1.134590e-04	10	1.659500e-02	1.636330e-03	9	9.915870e-03	7.814200e-04	10	false	GAMG	7.041670e-03	5.077070e-05	4	true
1226          	smoothSolver	1.434670e-03	1.137920e-04	10	1.666170e-02	1.649000e-03	9	9.866050e-03	7.788330e-04	10	false	GAMG	7.105550e-03	5.053720e-05	4	true
1227          	smoothSolver	1.442190e-03	1.140050e-04	10	1.669970e-02	1.661740e-03	9	9.763550e-03	7.717130e-04	10	false	GAMG	7.187600e-03	5.083110e-05	4	true
1228          	smoothSolver	1.447800e-03	1.141390e-04	10	1.672590e-02	1.320110e-03	10	9.643820e-03	7.618760e-04	10	false	GAMG	7.283350e-03	5.233480e-05	4	true
1229          	smoothSolver	1.454130e-03	1.144240e-04	10	1.665150e-02	1.324820e-03	10	9.501160e-03	7.511010e-04	10	false	GAMG	7.367520e-03	5.400890e-05	4	true
1230          	smoothSolver	1.458980e-03	1.147790e-04	10	1.662400e-02	1.330820e-03	10	9.366550e-03	7.391390e-04	10	false	GAMG	7.414330e-03	5.470070e-05	4	true
1231          	smoothSolver	1.461260e-03	1.149190e-04	10	1.665170e-02	1.339080e-03	10	9.294600e-03	7.311520e-04	10	false	GAMG	7.445660e-03	5.452190e-05	4	true
1232          	smoothSolver	1.459810e-03	1.148250e-04	10	1.672710e-02	1.345790e-03	10	9.284760e-03	9.264240e-04	9	false	GAMG	7.469840e-03	5.409990e-05	4	true
1233          	smoothSolver	1.455800e-03	1.143750e-04	10	1.680000e-02	1.349730e-03	10	9.393550e-03	9.310580e-04	9	false	GAMG	7.596000e-03	5.493650e-05	4	true
1234          	smoothSolver	1.453890e-03	1.451650e-04	9	1.689200e-02	1.351630e-03	10	9.531020e-03	9.370340e-04	9	false	GAMG	7.707780e-03	5.595300e-05	4	true
1235          	smoothSolver	1.459190e-03	1.449820e-04	9	1.695490e-02	1.347070e-03	10	9.646970e-03	9.393040e-04	9	false	GAMG	7.765670e-03	5.731320e-05	4	true
1236          	smoothSolver	1.465660e-03	1.448530e-04	9	1.705550e-02	1.346060e-03	10	9.801730e-03	9.447690e-04	9	false	GAMG	7.782180e-03	5.875070e-05	4	true
1237          	smoothSolver	1.473480e-03	1.445860e-04	9	1.717880e-02	1.705010e-03	9	9.990140e-03	9.540380e-04	9	false	GAMG	7.793470e-03	5.986760e-05	4	true
1238          	smoothSolver	1.483020e-03	1.440190e-04	9	1.741310e-02	1.707190e-03	9	1.017630e-02	9.659490e-04	9	false	GAMG	7.827770e-03	6.047060e-05	4	true
1239          	smoothSolver	1.492440e-03	1.434240e-04	9	1.764070e-02	1.702860e-03	9	1.037260e-02	9.803830e-04	9	false	GAMG	7.901450e-03	6.125320e-05	4	true
1240          	smoothSolver	1.504490e-03	1.428930e-04	9	1.786920e-02	1.689810e-03	9	1.056630e-02	9.942270e-04	9	false	GAMG	8.037130e-03	6.180100e-05	4	true
1241          	smoothSolver	1.515720e-03	1.422730e-04	9	1.808850e-02	1.669050e-03	9	1.076420e-02	1.003690e-03	9	false	GAMG	8.174040e-03	6.189470e-05	4	true
1242          	smoothSolver	1.522230e-03	1.411290e-04	9	1.818720e-02	1.646330e-03	9	1.089110e-02	1.006030e-03	9	false	GAMG	8.280660e-03	6.061960e-05	4	true
1243          	smoothSolver	1.516750e-03	1.396000e-04	9	1.809720e-02	1.621230e-03	9	1.086260e-02	9.979040e-04	9	false	GAMG	8.320060e-03	5.834140e-05	4	true
1244          	smoothSolver	1.507190e-03	1.380770e-04	9	1.777500e-02	1.596160e-03	9	1.066820e-02	9.808710e-04	9	false	GAMG	8.278770e-03	5.608030e-05	4	true
1245          	smoothSolver	1.493830e-03	1.367560e-04	9	1.730070e-02	1.570870e-03	9	1.036730e-02	9.600650e-04	9	false	GAMG	8.197090e-03	5.469960e-05	4	true
1246          	smoothSolver	1.477260e-03	1.354580e-04	9	1.679010e-02	1.546340e-03	9	1.000590e-02	9.376880e-04	9	false	GAMG	8.152040e-03	5.442260e-05	4	true
1247          	smoothSolver	1.460960e-03	1.344220e-04	9	1.635170e-02	1.523120e-03	9	9.685630e-03	9.170440e-04	9	false	GAMG	8.125910e-03	5.533310e-05	4	true
1248          	smoothSolver	1.446040e-03	1.332410e-04	9	1.602550e-02	1.502720e-03	9	9.445040e-03	8.981130e-04	9	false	GAMG	8.179780e-03	5.702040e-05	4	true
1249          	smoothSolver	1.423860e-03	1.315180e-04	9	1.574960e-02	1.482090e-03	9	9.300420e-03	8.793430e-04	9	false	GAMG	8.272710e-03	5.869910e-05	4	true
1250          	smoothSolver	1.399920e-03	1.296360e-04	9	1.554280e-02	1.464260e-03	9	9.216970e-03	8.617700e-04	9	false	GAMG	8.351180e-03	5.882270e-05	4	true
1251          	smoothSolver	1.380810e-03	1.276390e-04	9	1.538170e-02	1.449640e-03	9	9.167160e-03	8.486390e-04	9	false	GAMG	8.333050e-03	5.809860e-05	4	true
1252          	smoothSolver	1.357250e-03	1.257400e-04	9	1.531020e-02	1.439120e-03	9	9.128360e-03	8.400570e-04	9	false	GAMG	8.213530e-03	5.742210e-05	4	true
1253          	smoothSolver	1.332330e-03	1.240150e-04	9	1.534780e-02	1.436380e-03	9	9.086800e-03	8.338340e-04	9	false	GAMG	8.014940e-03	5.623840e-05	4	true
1254          	smoothSolver	1.306830e-03	1.226630e-04	9	1.544020e-02	1.436320e-03	9	9.040910e-03	8.292410e-04	9	false	GAMG	7.786030e-03	5.603760e-05	4	true
1255          	smoothSolver	1.282640e-03	1.216040e-04	9	1.549600e-02	1.435650e-03	9	8.960730e-03	8.237550e-04	9	false	GAMG	7.605980e-03	5.570060e-05	4	true
1256          	smoothSolver	1.268010e-03	1.205350e-04	9	1.549990e-02	1.432960e-03	9	8.848570e-03	8.127520e-04	9	false	GAMG	7.541340e-03	5.573580e-05	4	true
1257          	smoothSolver	1.260440e-03	1.198170e-04	9	1.546440e-02	1.425790e-03	9	8.715500e-03	7.965140e-04	9	false	GAMG	7.567800e-03	5.603950e-05	4	true
1258          	smoothSolver	1.260890e-03	1.192290e-04	9	1.540240e-02	1.418810e-03	9	8.590290e-03	7.790060e-04	9	false	GAMG	7.566600e-03	5.606790e-05	4	true
1259          	smoothSolver	1.261400e-03	1.188390e-04	9	1.530230e-02	1.414040e-03	9	8.479560e-03	7.654400e-04	9	false	GAMG	7.511570e-03	5.456240e-05	4	true
1260          	smoothSolver	1.259640e-03	1.189370e-04	9	1.518200e-02	1.408470e-03	9	8.381100e-03	7.584840e-04	9	false	GAMG	7.427200e-03	5.335400e-05	4	true
1261          	smoothSolver	1.261380e-03	1.195600e-04	9	1.508950e-02	1.405400e-03	9	8.333750e-03	7.599400e-04	9	false	GAMG	7.330500e-03	5.245520e-05	4	true
1262          	smoothSolver	1.266000e-03	1.204860e-04	9	1.500630e-02	1.403060e-03	9	8.300260e-03	7.656060e-04	9	false	GAMG	7.284610e-03	5.157500e-05	4	true
1263          	smoothSolver	1.271520e-03	1.218730e-04	9	1.490330e-02	1.399820e-03	9	8.246310e-03	7.716880e-04	9	false	GAMG	7.278600e-03	5.094960e-05	4	true
1264          	smoothSolver	1.277550e-03	1.237270e-04	9	1.476630e-02	1.398510e-03	9	8.188170e-03	7.786780e-04	9	false	GAMG	7.271170e-03	5.103560e-05	4	true
1265          	smoothSolver	1.285590e-03	1.258180e-04	9	1.462090e-02	1.398280e-03	9	8.121700e-03	7.858940e-04	9	false	GAMG	7.283000e-03	5.207200e-05	4	true
1266          	smoothSolver	1.295270e-03	1.279970e-04	9	1.448870e-02	1.397330e-03	9	8.078000e-03	7.944680e-04	9	false	GAMG	7.310350e-03	5.297610e-05	4	true
1267          	smoothSolver	1.305000e-03	1.299970e-04	9	1.438640e-02	1.402150e-03	9	8.097140e-03	8.065640e-04	9	false	GAMG	7.297900e-03	5.311710e-05	4	true
1268          	smoothSolver	1.312950e-03	1.036500e-04	10	1.436040e-02	1.411180e-03	9	8.174990e-03	6.446490e-04	10	false	GAMG	7.241950e-03	5.408990e-05	4	true
1269          	smoothSolver	1.315330e-03	1.046920e-04	10	1.444480e-02	1.424460e-03	9	8.285180e-03	6.525920e-04	10	false	GAMG	7.131080e-03	5.457460e-05	4	true
1270          	smoothSolver	1.317580e-03	1.052620e-04	10	1.452020e-02	1.428920e-03	9	8.420720e-03	8.361450e-04	9	false	GAMG	7.022500e-03	5.500590e-05	4	true
1271          	smoothSolver	1.317420e-03	1.051840e-04	10	1.458810e-02	1.422200e-03	9	8.608140e-03	8.429310e-04	9	false	GAMG	6.989130e-03	5.572040e-05	4	true
1272          	smoothSolver	1.315790e-03	1.045240e-04	10	1.467010e-02	1.408280e-03	9	8.749740e-03	8.437570e-04	9	false	GAMG	7.031990e-03	5.593020e-05	4	true
1273          	smoothSolver	1.310060e-03	1.036420e-04	10	1.477800e-02	1.396180e-03	9	8.846680e-03	8.448970e-04	9	false	GAMG	7.052480e-03	5.563320e-05	4	true
1274          	smoothSolver	1.301930e-03	1.025450e-04	10	1.485360e-02	1.387210e-03	9	8.901050e-03	8.462840e-04	9	false	GAMG	7.003900e-03	5.377980e-05	4	true
1275          	smoothSolver	1.294150e-03	1.013620e-04	10	1.488150e-02	1.377640e-03	9	8.910290e-03	8.445390e-04	9	false	GAMG	6.921110e-03	5.165320e-05	4	true
1276          	smoothSolver	1.289030e-03	1.275350e-04	9	1.484570e-02	1.367730e-03	9	8.873290e-03	8.387200e-04	9	false	GAMG	6.947350e-03	5.105340e-05	4	true
1277          	smoothSolver	1.289960e-03	1.257850e-04	9	1.472670e-02	1.349930e-03	9	8.761650e-03	8.238250e-04	9	false	GAMG	7.143290e-03	5.130310e-05	4	true
1278          	smoothSolver	1.289880e-03	1.238290e-04	9	1.463570e-02	1.335080e-03	9	8.600080e-03	8.026840e-04	9	false	GAMG	7.422440e-03	5.197030e-05	4	true
1279          	smoothSolver	1.289080e-03	1.216840e-04	9	1.452560e-02	1.323760e-03	9	8.440470e-03	7.769680e-04	9	false	GAMG	7.685550e-03	5.273950e-05	4	true
1280          	smoothSolver	1.289120e-03	1.199330e-04	9	1.442500e-02	1.315530e-03	9	8.278130e-03	7.515860e-04	9	false	GAMG	7.822690e-03	5.268640e-05	4	true
1281          	smoothSolver	1.282530e-03	1.187250e-04	9	1.434710e-02	1.312850e-03	9	8.131840e-03	7.329000e-04	9	false	GAMG	7.803060e-03	5.143380e-05	4	true
1282          	smoothSolver	1.272030e-03	1.174260e-04	9	1.428110e-02	1.315970e-03	9	8.024820e-03	7.236030e-04	9	false	GAMG	7.741250e-03	5.000290e-05	4	true
1283          	smoothSolver	1.260470e-03	1.165380e-04	9	1.420610e-02	1.323980e-03	9	7.941030e-03	7.206090e-04	9	false	GAMG	7.648120e-03	4.969370e-05	4	true
1284          	smoothSolver	1.246100e-03	1.162290e-04	9	1.410020e-02	1.333000e-03	9	7.863440e-03	7.222030e-04	9	false	GAMG	7.556670e-03	5.014290e-05	4	true
1285          	smoothSolver	1.232510e-03	1.161610e-04	9	1.404270e-02	1.344660e-03	9	7.792480e-03	7.263060e-04	9	false	GAMG	7.453940e-03	5.075200e-05	4	true
1286          	smoothSolver	1.225240e-03	1.164660e-04	9	1.405170e-02	1.356770e-03	9	7.783920e-03	7.357380e-04	9	false	GAMG	7.298900e-03	5.118860e-05	4	true
1287          	smoothSolver	1.221330e-03	1.172710e-04	9	1.412760e-02	1.371640e-03	9	7.862840e-03	7.518060e-04	9	false	GAMG	7.171350e-03	5.105080e-05	4	true
1288          	smoothSolver	1.225080e-03	1.190360e-04	9	1.432430e-02	1.390540e-03	9	8.040470e-03	7.755370e-04	9	false	GAMG	7.061830e-03	5.128040e-05	4	true
1289          	smoothSolver	1.235620e-03	1.215970e-04	9	1.459750e-02	1.412860e-03	9	8.275340e-03	8.029290e-04	9	false	GAMG	6.951430e-03	5.217720e-05	4	true
1290          	smoothSolver	1.253420e-03	1.243660e-04	9	1.490080e-02	1.432930e-03	9	8.532720e-03	8.314870e-04	9	false	GAMG	6.893350e-03	5.336800e-05	4	true
1291          	smoothSolver	1.274790e-03	1.272220e-04	9	1.520040e-02	1.448930e-03	9	8.793170e-03	8.587340e-04	9	false	GAMG	6.868030e-03	5.420230e-05	4	true
1292          	smoothSolver	1.302300e-03	1.301550e-04	9	1.545720e-02	1.466840e-03	9	9.030820e-03	8.835830e-04	9	false	GAMG	6.848180e-03	5.432300e-05	4	true
1293          	smoothSolver	1.333380e-03	1.045860e-04	10	1.564250e-02	1.482310e-03	9	9.221330e-03	9.066450e-04	9	false	GAMG	6.828690e-03	5.433380e-05	4	true
1294          	smoothSolver	1.361250e-03	1.359770e-04	9	1.585100e-02	1.506310e-03	9	9.433270e-03	9.355180e-04	9	false	GAMG	6.804540e-03	5.352880e-05	4	true
1295          	smoothSolver	1.389430e-03	1.092400e-04	10	1.591670e-02	1.523410e-03	9	9.544820e-03	7.527560e-04	10	false	GAMG	6.857800e-03	5.341650e-05	4	true
1296          	smoothSolver	1.407970e-03	1.111870e-04	10	1.604480e-02	1.554280e-03	9	9.599440e-03	7.670930e-04	10	false	GAMG	6.891640e-03	5.338610e-05	4	true
1297          	smoothSolver	1.421510e-03	1.129960e-04	10	1.607170e-02	1.581090e-03	9	9.614550e-03	7.798670e-04	10	false	GAMG	6.940150e-03	5.422370e-05	4	true
1298          	smoothSolver	1.428060e-03	1.145670e-04	10	1.604130e-02	1.602190e-03	9	9.595950e-03	7.875280e-04	10	false	GAMG	6.988510e-03	5.554550e-05	4	true
1299          	smoothSolver	1.430750e-03	1.155330e-04	10	1.601300e-02	1.274790e-03	10	9.567880e-03	7.881010e-04	10	false	GAMG	7.044910e-03	5.722350e-05	4	true
1300          	smoothSolver	1.432330e-03	1.161810e-04	10	1.590600e-02	1.281660e-03	10	9.557300e-03	7.863910e-04	10	false	GAMG	7.082710e-03	5.797070e-05	4	true
1301          	smoothSolver	1.432110e-03	1.164850e-04	10	1.591630e-02	1.290440e-03	10	9.590930e-03	7.832820e-04	10	false	GAMG	7.109530e-03	5.775670e-05	4	true
1302          	smoothSolver	1.431010e-03	1.165550e-04	10	1.601470e-02	1.299310e-03	10	9.654670e-03	7.823410e-04	10	false	GAMG	7.134220e-03	5.716580e-05	4	true
1303          	smoothSolver	1.430050e-03	1.164560e-04	10	1.619340e-02	1.309120e-03	10	9.760810e-03	7.854830e-04	10	false	GAMG	7.163190e-03	5.720610e-05	4	true
1304          	smoothSolver	1.429050e-03	1.160870e-04	10	1.637910e-02	1.316110e-03	10	9.876180e-03	7.918600e-04	10	false	GAMG	7.163100e-03	5.812530e-05	4	true
1305          	smoothSolver	1.430120e-03	1.152980e-04	10	1.652230e-02	1.317190e-03	10	9.986340e-03	7.991260e-04	10	false	GAMG	7.139620e-03	5.965960e-05	4	true
1306          	smoothSolver	1.429070e-03	1.139180e-04	10	1.660730e-02	1.310730e-03	10	1.006020e-02	8.008690e-04	10	false	GAMG	7.159050e-03	6.013400e-05	4	true
1307          	smoothSolver	1.430500e-03	1.122240e-04	10	1.666500e-02	1.654150e-03	9	1.010100e-02	7.951290e-04	10	false	GAMG	7.259250e-03	5.918170e-05	4	true
1308          	smoothSolver	1.429860e-03	1.411480e-04	9	1.678780e-02	1.646500e-03	9	1.008880e-02	9.999350e-04	9	false	GAMG	7.397110e-03	5.659470e-05	4	true
1309          	smoothSolver	1.429990e-03	1.392920e-04	9	1.676400e-02	1.626970e-03	9	1.008320e-02	9.859390e-04	9	false	GAMG	7.647550e-03	5.614510e-05	4	true
1310          	smoothSolver	1.428100e-03	1.373160e-04	9	1.676830e-02	1.613960e-03	9	1.005770e-02	9.728620e-04	9	false	GAMG	7.914450e-03	5.678010e-05	4	true
1311          	smoothSolver	1.422240e-03	1.361140e-04	9	1.676920e-02	1.599840e-03	9	9.957390e-03	9.569030e-04	9	false	GAMG	8.095860e-03	5.744420e-05	4	true
1312          	smoothSolver	1.419010e-03	1.351930e-04	9	1.668350e-02	1.580470e-03	9	9.818570e-03	9.377970e-04	9	false	GAMG	8.135000e-03	5.781980e-05	4	true
1313          	smoothSolver	1.414290e-03	1.341170e-04	9	1.648850e-02	1.556400e-03	9	9.630360e-03	9.172380e-04	9	false	GAMG	8.067080e-03	5.732930e-05	4	true
1314          	smoothSolver	1.405270e-03	1.329320e-04	9	1.622020e-02	1.530350e-03	9	9.415740e-03	8.947700e-04	9	false	GAMG	7.959060e-03	5.582550e-05	4	true
1315          	smoothSolver	1.390970e-03	1.316670e-04	9	1.590190e-02	1.508580e-03	9	9.184050e-03	8.735220e-04	9	false	GAMG	7.917550e-03	5.376290e-05	4	true
1316          	smoothSolver	1.373240e-03	1.306670e-04	9	1.551710e-02	1.490500e-03	9	8.938180e-03	8.576590e-04	9	false	GAMG	7.888380e-03	5.149140e-05	4	true
1317          	smoothSolver	1.354670e-03	1.296890e-04	9	1.511260e-02	1.476660e-03	9	8.728240e-03	8.480720e-04	9	false	GAMG	7.802650e-03	5.016320e-05	4	true
1318          	smoothSolver	1.334020e-03	1.286280e-04	9	1.480670e-02	1.463520e-03	9	8.601860e-03	8.449410e-04	9	false	GAMG	7.692350e-03	4.969080e-05	4	true
1319          	smoothSolver	1.311800e-03	1.275080e-04	9	1.461120e-02	1.446200e-03	9	8.571090e-03	8.468150e-04	9	false	GAMG	7.583980e-03	4.905920e-05	4	true
1320          	smoothSolver	1.293220e-03	1.266750e-04	9	1.451590e-02	1.426960e-03	9	8.623050e-03	8.501040e-04	9	false	GAMG	7.455260e-03	4.891260e-05	4	true
1321          	smoothSolver	1.278490e-03	1.260430e-04	9	1.453840e-02	1.409950e-03	9	8.715810e-03	8.521040e-04	9	false	GAMG	7.342010e-03	4.961190e-05	4	true
1322          	smoothSolver	1.269230e-03	1.251680e-04	9	1.460340e-02	1.392110e-03	9	8.798730e-03	8.493130e-04	9	false	GAMG	7.262430e-03	5.144570e-05	4	true
1323          	smoothSolver	1.262690e-03	1.241940e-04	9	1.469260e-02	1.375180e-03	9	8.859150e-03	8.452820e-04	9	false	GAMG	7.213540e-03	5.279070e-05	4	true
1324          	smoothSolver	1.262780e-03	1.231840e-04	9	1.476050e-02	1.362670e-03	9	8.902780e-03	8.405740e-04	9	false	GAMG	7.170930e-03	5.357900e-05	4	true
1325          	smoothSolver	1.265000e-03	1.224140e-04	9	1.479970e-02	1.351380e-03	9	8.887730e-03	8.347930e-04	9	false	GAMG	7.102500e-03	5.311450e-05	4	true
1326          	smoothSolver	1.267300e-03	1.219350e-04	9	1.472220e-02	1.337370e-03	9	8.833840e-03	8.290430e-04	9	false	GAMG	7.019960e-03	5.153360e-05	4	true
1327          	smoothSolver	1.265370e-03	1.213460e-04	9	1.459210e-02	1.319860e-03	9	8.735430e-03	8.184510e-04	9	false	GAMG	6.979820e-03	4.999370e-05	4	true
1328          	smoothSolver	1.261650e-03	1.205470e-04	9	1.437780e-02	1.300560e-03	9	8.584890e-03	8.038310e-04	9	false	GAMG	6.951210e-03	4.882160e-05	4	true
1329          	smoothSolver	1.255050e-03	1.195650e-04	9	1.410050e-02	1.279570e-03	9	8.397370e-03	7.880890e-04	9	false	GAMG	6.914580e-03	4.834270e-05	4	true
1330          	smoothSolver	1.244760e-03	1.187110e-04	9	1.381720e-02	1.261500e-03	9	8.210350e-03	7.754740e-04	9	false	GAMG	6.927600e-03	4.851080e-05	4	true
1331          	smoothSolver	1.231090e-03	1.181160e-04	9	1.349140e-02	1.245610e-03	9	8.017260e-03	7.672190e-04	9	false	GAMG	6.955760e-03	4.965030e-05	4	true
1332          	smoothSolver	1.218390e-03	1.177720e-04	9	1.321340e-02	1.232170e-03	9	7.855410e-03	7.645660e-04	9	false	GAMG	6.996920e-03	5.214610e-05	4	true
1333          	smoothSolver	1.207980e-03	1.175880e-04	9	1.295810e-02	1.219290e-03	9	7.735450e-03	7.637940e-04	9	false	GAMG	7.055800e-03	5.236170e-05	4	true
1334          	smoothSolver	1.200010e-03	1.175010e-04	9	1.268260e-02	1.204520e-03	9	7.638660e-03	7.605890e-04	9	false	GAMG	7.077600e-03	5.226100e-05	4	true
1335          	smoothSolver	1.193530e-03	1.178600e-04	9	1.245050e-02	1.192140e-03	9	7.569490e-03	7.569360e-04	9	false	GAMG	7.015210e-03	5.251760e-05	4	true
1336          	smoothSolver	1.188720e-03	1.185390e-04	9	1.226030e-02	1.182660e-03	9	7.546400e-03	7.534150e-04	9	false	GAMG	6.911150e-03	5.313690e-05	4	true
1337          	smoothSolver	1.184890e-03	9.360510e-05	10	1.215760e-02	1.176720e-03	9	7.557550e-03	7.527360e-04	9	false	GAMG	6.821810e-03	5.290140e-05	4	true
1338          	smoothSolver	1.177680e-03	9.356970e-05	10	1.219270e-02	1.181310e-03	9	7.626760e-03	7.584430e-04	9	false	GAMG	6.724900e-03	5.134190e-05	4	true
1339          	smoothSolver	1.172440e-03	9.341070e-05	10	1.220780e-02	1.182300e-03	9	7.691270e-03	7.639300e-04	9	false	GAMG	6.667370e-03	5.082600e-05	4	true
1340          	smoothSolver	1.167870e-03	9.296600e-05	10	1.228470e-02	1.179250e-03	9	7.754700e-03	7.663810e-04	9	false	GAMG	6.621850e-03	5.106590e-05	4	true
1341          	smoothSolver	1.163480e-03	9.215170e-05	10	1.239710e-02	1.173070e-03	9	7.802840e-03	7.633070e-04	9	false	GAMG	6.564200e-03	5.168630e-05	4	true
1342          	smoothSolver	1.159460e-03	9.117930e-05	10	1.252630e-02	1.166350e-03	9	7.834450e-03	7.564620e-04	9	false	GAMG	6.510430e-03	5.216570e-05	4	true
1343          	smoothSolver	1.156080e-03	1.151950e-04	9	1.264540e-02	1.160530e-03	9	7.832180e-03	7.440960e-04	9	false	GAMG	6.465170e-03	5.132000e-05	4	true
1344          	smoothSolver	1.157670e-03	1.146220e-04	9	1.270680e-02	1.152200e-03	9	7.785820e-03	7.280920e-04	9	false	GAMG	6.465970e-03	5.014630e-05	4	true
1345          	smoothSolver	1.159210e-03	1.141690e-04	9	1.282720e-02	1.153680e-03	9	7.748650e-03	7.151590e-04	9	false	GAMG	6.520450e-03	4.873290e-05	4	true
1346          	smoothSolver	1.164830e-03	1.138480e-04	9	1.297880e-02	1.160390e-03	9	7.724190e-03	7.058170e-04	9	false	GAMG	6.599850e-03	4.863510e-05	4	true
1347          	smoothSolver	1.173060e-03	1.135760e-04	9	1.307840e-02	1.168370e-03	9	7.685030e-03	6.973470e-04	9	false	GAMG	6.679870e-03	4.829240e-05	4	true
1348          	smoothSolver	1.184150e-03	1.136280e-04	9	1.312590e-02	1.180040e-03	9	7.631100e-03	6.905580e-04	9	false	GAMG	6.728730e-03	4.769380e-05	4	true
1349          	smoothSolver	1.197860e-03	1.141060e-04	9	1.313270e-02	1.192550e-03	9	7.565210e-03	6.868940e-04	9	false	GAMG	6.793830e-03	4.737100e-05	4	true
1350          	smoothSolver	1.208860e-03	1.146490e-04	9	1.311420e-02	1.205880e-03	9	7.504410e-03	6.882020e-04	9	false	GAMG	6.846880e-03	4.728190e-05	4	true
1351          	smoothSolver	1.214770e-03	1.154710e-04	9	1.313680e-02	1.226410e-03	9	7.515580e-03	6.983460e-04	9	false	GAMG	6.888580e-03	4.760240e-05	4	true
1352          	smoothSolver	1.221950e-03	1.168970e-04	9	1.324790e-02	1.255350e-03	9	7.592340e-03	7.172770e-04	9	false	GAMG	6.919860e-03	4.802380e-05	4	true
1353          	smoothSolver	1.227970e-03	1.190360e-04	9	1.340210e-02	1.292060e-03	9	7.707210e-03	7.413480e-04	9	false	GAMG	6.915220e-03	4.897590e-05	4	true
1354          	smoothSolver	1.233110e-03	1.216110e-04	9	1.359750e-02	1.327150e-03	9	7.846400e-03	7.674340e-04	9	false	GAMG	6.878120e-03	5.030260e-05	4	true
1355          	smoothSolver	1.238840e-03	9.750970e-05	10	1.381180e-02	1.355550e-03	9	7.988060e-03	7.924910e-04	9	false	GAMG	6.836430e-03	5.180710e-05	4	true
1356          	smoothSolver	1.242980e-03	9.894980e-05	10	1.407210e-02	1.383650e-03	9	8.175990e-03	6.460810e-04	10	false	GAMG	6.749490e-03	5.221600e-05	4	true
1357          	smoothSolver	1.250210e-03	1.006840e-04	10	1.429240e-02	1.409760e-03	9	8.282820e-03	6.633270e-04	10	false	GAMG	6.622020e-03	5.119750e-05	4	true
1358          	smoothSolver	1.261380e-03	1.029950e-04	10	1.448040e-02	1.437620e-03	9	8.417550e-03	6.842470e-04	10	false	GAMG	6.510990e-03	5.065940e-05	4	true
1359          	smoothSolver	1.276250e-03	1.057920e-04	10	1.466860e-02	1.466560e-03	9	8.585900e-03	7.091850e-04	10	false	GAMG	6.449980e-03	5.198920e-05	4	true
1360          	smoothSolver	1.298200e-03	1.087870e-04	10	1.488460e-02	1.183110e-03	10	8.816160e-03	7.374660e-04	10	false	GAMG	6.429190e-03	5.473630e-05	4	true
1361          	smoothSolver	1.323810e-03	1.118510e-04	10	1.504690e-02	1.205000e-03	10	9.078760e-03	7.639990e-04	10	false	GAMG	6.424200e-03	5.677990e-05	4	true
1362          	smoothSolver	1.352890e-03	1.146370e-04	10	1.523560e-02	1.225800e-03	10	9.321670e-03	7.853550e-04	10	false	GAMG	6.434400e-03	5.820520e-05	4	true
1363          	smoothSolver	1.385210e-03	1.171530e-04	10	1.544850e-02	1.247280e-03	10	9.542550e-03	8.048520e-04	10	false	GAMG	6.481010e-03	5.891760e-05	4	true
1364          	smoothSolver	1.416800e-03	1.195610e-04	10	1.565720e-02	1.269980e-03	10	9.756240e-03	8.237150e-04	10	false	GAMG	6.546240e-03	5.842800e-05	4	true
1365          	smoothSolver	1.444210e-03	1.217210e-04	10	1.589100e-02	1.294970e-03	10	9.943370e-03	8.424660e-04	10	false	GAMG	6.628230e-03	5.764720e-05	4	true
1366          	smoothSolver	1.467310e-03	1.236440e-04	10	1.612490e-02	1.323120e-03	10	1.011100e-02	8.622620e-04	10	false	GAMG	6.731350e-03	5.689460e-05	4	true
1367          	smoothSolver	1.487570e-03	1.254930e-04	10	1.635100e-02	1.352290e-03	10	1.025110e-02	8.786670e-04	10	false	GAMG	6.827040e-03	5.745980e-05	4	true
1368          	smoothSolver	1.507250e-03	1.270950e-04	10	1.659230e-02	1.382060e-03	10	1.037300e-02	8.902040e-04	10	false	GAMG	6.904560e-03	5.898210e-05	4	true
1369          	smoothSolver	1.522490e-03	1.281990e-04	10	1.687960e-02	1.411850e-03	10	1.046080e-02	8.965730e-04	10	false	GAMG	6.978650e-03	6.109220e-05	4	true
1370          	smoothSolver	1.535670e-03	1.288820e-04	10	1.716940e-02	1.438430e-03	10	1.053170e-02	8.986730e-04	10	false	GAMG	7.049390e-03	6.361060e-05	4	true
1371          	smoothSolver	1.547110e-03	1.294560e-04	10	1.746590e-02	1.463430e-03	10	1.060300e-02	8.992800e-04	10	false	GAMG	7.121880e-03	6.419730e-05	4	true
1372          	smoothSolver	1.559360e-03	1.299400e-04	10	1.777130e-02	1.485450e-03	10	1.067810e-02	9.001470e-04	10	false	GAMG	7.224510e-03	6.269390e-05	4	true
1373          	smoothSolver	1.572890e-03	1.306270e-04	10	1.804690e-02	1.503890e-03	10	1.074960e-02	9.012350e-04	10	false	GAMG	7.327010e-03	6.158610e-05	4	true
1374          	smoothSolver	1.587340e-03	1.314200e-04	10	1.828670e-02	1.522340e-03	10	1.083480e-02	9.044040e-04	10	false	GAMG	7.434940e-03	6.182100e-05	4	true
1375          	smoothSolver	1.605020e-03	1.322070e-04	10	1.849280e-02	1.539060e-03	10	1.090370e-02	9.081800e-04	10	false	GAMG	7.552920e-03	6.246080e-05	4	true
1376          	smoothSolver	1.622700e-03	1.329160e-04	10	1.865710e-02	1.552060e-03	10	1.094780e-02	9.101260e-04	10	false	GAMG	7.694080e-03	6.328770e-05	4	true
1377          	smoothSolver	1.639820e-03	1.334200e-04	10	1.873710e-02	1.560840e-03	10	1.099520e-02	9.110810e-04	10	false	GAMG	7.832860e-03	6.439480e-05	4	true
1378          	smoothSolver	1.653270e-03	1.336250e-04	10	1.875830e-02	1.566150e-03	10	1.106290e-02	9.136370e-04	10	false	GAMG	7.949570e-03	6.600230e-05	4	true
1379          	smoothSolver	1.667040e-03	1.336690e-04	10	1.879310e-02	1.569000e-03	10	1.117930e-02	9.205310e-04	10	false	GAMG	8.056880e-03	6.775530e-05	4	true
1380          	smoothSolver	1.679080e-03	1.335210e-04	10	1.888450e-02	1.569680e-03	10	1.133280e-02	9.291890e-04	10	false	GAMG	8.178070e-03	6.909320e-05	4	true
1381          	smoothSolver	1.688130e-03	1.331890e-04	10	1.899770e-02	1.564110e-03	10	1.149000e-02	9.343740e-04	10	false	GAMG	8.282840e-03	6.954990e-05	4	true
1382          	smoothSolver	1.695680e-03	1.693140e-04	9	1.918330e-02	1.552570e-03	10	1.165450e-02	9.353300e-04	10	false	GAMG	8.382200e-03	6.920210e-05	4	true
1383          	smoothSolver	1.707930e-03	1.681410e-04	9	1.934860e-02	1.530980e-03	10	1.175320e-02	9.270410e-04	10	false	GAMG	8.545230e-03	6.926710e-05	4	true
1384          	smoothSolver	1.717490e-03	1.663850e-04	9	1.948650e-02	1.917190e-03	9	1.182320e-02	1.164670e-03	9	false	GAMG	8.643230e-03	6.862590e-05	4	true
1385          	smoothSolver	1.717300e-03	1.644980e-04	9	1.956870e-02	1.893590e-03	9	1.186280e-02	1.150190e-03	9	false	GAMG	8.747300e-03	6.909940e-05	4	true
1386          	smoothSolver	1.714190e-03	1.628130e-04	9	1.950440e-02	1.865020e-03	9	1.180770e-02	1.129240e-03	9	false	GAMG	8.825270e-03	7.002610e-05	4	true
1387          	smoothSolver	1.712140e-03	1.617400e-04	9	1.930910e-02	1.832390e-03	9	1.163460e-02	1.104060e-03	9	false	GAMG	8.831950e-03	7.086610e-05	4	true
1388          	smoothSolver	1.708180e-03	1.601710e-04	9	1.892990e-02	1.797110e-03	9	1.138600e-02	1.077340e-03	9	false	GAMG	8.765910e-03	7.107040e-05	4	true
1389          	smoothSolver	1.687850e-03	1.579030e-04	9	1.848510e-02	1.764120e-03	9	1.112530e-02	1.053950e-03	9	false	GAMG	8.759990e-03	7.025970e-05	4	true
1390          	smoothSolver	1.660360e-03	1.551590e-04	9	1.796650e-02	1.737830e-03	9	1.085400e-02	1.034610e-03	9	false	GAMG	8.853650e-03	6.969050e-05	4	true
1391          	smoothSolver	1.626950e-03	1.523500e-04	9	1.747080e-02	1.716560e-03	9	1.062950e-02	1.022790e-03	9	false	GAMG	8.813820e-03	6.918160e-05	4	true
1392          	smoothSolver	1.591930e-03	1.496990e-04	9	1.704950e-02	1.700100e-03	9	1.047890e-02	1.015330e-03	9	false	GAMG	8.690140e-03	6.933240e-05	4	true
1393          	smoothSolver	1.552480e-03	1.476500e-04	9	1.683480e-02	1.330630e-03	10	1.038600e-02	1.015750e-03	9	false	GAMG	8.483700e-03	6.890700e-05	4	true
1394          	smoothSolver	1.516890e-03	1.460110e-04	9	1.676390e-02	1.670520e-03	9	1.039910e-02	1.016160e-03	9	false	GAMG	8.257060e-03	6.728830e-05	4	true
1395          	smoothSolver	1.484400e-03	1.444000e-04	9	1.690170e-02	1.664710e-03	9	1.036960e-02	1.009810e-03	9	false	GAMG	8.094570e-03	6.662550e-05	4	true
1396          	smoothSolver	1.462160e-03	1.429710e-04	9	1.706410e-02	1.655650e-03	9	1.028890e-02	9.968320e-04	9	false	GAMG	8.022780e-03	6.566230e-05	4	true
1397          	smoothSolver	1.450950e-03	1.413610e-04	9	1.716810e-02	1.643560e-03	9	1.019300e-02	9.758650e-04	9	false	GAMG	8.031620e-03	6.384550e-05	4	true
1398          	smoothSolver	1.445130e-03	1.396610e-04	9	1.717640e-02	1.632110e-03	9	1.006810e-02	9.487030e-04	9	false	GAMG	8.005760e-03	6.196670e-05	4	true
1399          	smoothSolver	1.441450e-03	1.380340e-04	9	1.712440e-02	1.624800e-03	9	9.911610e-03	9.219880e-04	9	false	GAMG	7.921260e-03	6.000790e-05	4	true
1400          	smoothSolver	1.437680e-03	1.368460e-04	9	1.703510e-02	1.623080e-03	9	9.756250e-03	8.991210e-04	9	false	GAMG	7.822510e-03	5.852010e-05	4	true
1401          	smoothSolver	1.433130e-03	1.361590e-04	9	1.692610e-02	1.624010e-03	9	9.600130e-03	8.824920e-04	9	false	GAMG	7.773370e-03	5.841110e-05	4	true
1402          	smoothSolver	1.427730e-03	1.359310e-04	9	1.681140e-02	1.627540e-03	9	9.430010e-03	8.729280e-04	9	false	GAMG	7.745510e-03	5.959850e-05	4	true
1403          	smoothSolver	1.420300e-03	1.359890e-04	9	1.667010e-02	1.631150e-03	9	9.253890e-03	8.679560e-04	9	false	GAMG	7.772290e-03	6.021500e-05	4	true
1404          	smoothSolver	1.412140e-03	1.363730e-04	9	1.648180e-02	1.634000e-03	9	9.091970e-03	8.675170e-04	9	false	GAMG	7.813880e-03	5.995500e-05	4	true
1405          	smoothSolver	1.405440e-03	1.371770e-04	9	1.633570e-02	1.292800e-03	10	8.971690e-03	8.732430e-04	9	false	GAMG	7.867530e-03	6.063890e-05	4	true
1406          	smoothSolver	1.401780e-03	1.383140e-04	9	1.611270e-02	1.292050e-03	10	8.918240e-03	8.853410e-04	9	false	GAMG	7.897600e-03	6.199530e-05	4	true
1407          	smoothSolver	1.401190e-03	1.397190e-04	9	1.601900e-02	1.299690e-03	10	8.973180e-03	7.124140e-04	10	false	GAMG	7.882040e-03	6.299360e-05	4	true
1408          	smoothSolver	1.403880e-03	1.111530e-04	10	1.604130e-02	1.312050e-03	10	9.047950e-03	7.266350e-04	10	false	GAMG	7.773250e-03	6.333780e-05	4	true
1409          	smoothSolver	1.404180e-03	1.123300e-04	10	1.624280e-02	1.328810e-03	10	9.268750e-03	7.473000e-04	10	false	GAMG	7.594790e-03	6.218520e-05	4	true
1410          	smoothSolver	1.407780e-03	1.135910e-04	10	1.643020e-02	1.335890e-03	10	9.507880e-03	7.659430e-04	10	false	GAMG	7.417830e-03	6.110370e-05	4	true
1411          	smoothSolver	1.417660e-03	1.147280e-04	10	1.660160e-02	1.335120e-03	10	9.747530e-03	7.808970e-04	10	false	GAMG	7.319970e-03	6.022200e-05	4	true
1412          	smoothSolver	1.431580e-03	1.156460e-04	10	1.677880e-02	1.330510e-03	10	9.963820e-03	7.933570e-04	10	false	GAMG	7.248240e-03	5.939220e-05	4	true
1413          	smoothSolver	1.447170e-03	1.163830e-04	10	1.695530e-02	1.682260e-03	9	1.016960e-02	8.034630e-04	10	false	GAMG	7.209490e-03	5.867350e-05	4	true
1414          	smoothSolver	1.463620e-03	1.172820e-04	10	1.717500e-02	1.684350e-03	9	1.032330e-02	1.031200e-03	9	false	GAMG	7.163720e-03	5.762790e-05	4	true
1415          	smoothSolver	1.482290e-03	1.184680e-04	10	1.729480e-02	1.683190e-03	9	1.052100e-02	8.290520e-04	10	false	GAMG	7.147330e-03	5.800770e-05	4	true
1416          	smoothSolver	1.506570e-03	1.200300e-04	10	1.737910e-02	1.685910e-03	9	1.062530e-02	8.391850e-04	10	false	GAMG	7.170510e-03	5.863860e-05	4	true
1417          	smoothSolver	1.530090e-03	1.216160e-04	10	1.742490e-02	1.688800e-03	9	1.070210e-02	8.494890e-04	10	false	GAMG	7.213610e-03	5.910890e-05	4	true
1418          	smoothSolver	1.546990e-03	1.227710e-04	10	1.739890e-02	1.687770e-03	9	1.073380e-02	8.571670e-04	10	false	GAMG	7.237890e-03	5.819480e-05	4	true
1419          	smoothSolver	1.558790e-03	1.234680e-04	10	1.726290e-02	1.685430e-03	9	1.070610e-02	8.617570e-04	10	false	GAMG	7.237810e-03	5.710250e-05	4	true
1420          	smoothSolver	1.562480e-03	1.240590e-04	10	1.707910e-02	1.687010e-03	9	1.064040e-02	8.654230e-04	10	false	GAMG	7.213630e-03	5.590250e-05	4	true
1421          	smoothSolver	1.559120e-03	1.245010e-04	10	1.685930e-02	1.332240e-03	10	1.055570e-02	8.708360e-04	10	false	GAMG	7.188720e-03	5.513580e-05	4	true
1422          	smoothSolver	1.552980e-03	1.249540e-04	10	1.654660e-02	1.333730e-03	10	1.048030e-02	8.808360e-04	10	false	GAMG	7.155350e-03	5.566010e-05	4	true
1423          	smoothSolver	1.546460e-03	1.255620e-04	10	1.635910e-02	1.338210e-03	10	1.044340e-02	8.895120e-04	10	false	GAMG	7.130180e-03	5.811760e-05	4	true
1424          	smoothSolver	1.538660e-03	1.260010e-04	10	1.631700e-02	1.341690e-03	10	1.044020e-02	8.929560e-04	10	false	GAMG	7.088850e-03	6.012050e-05	4	true
1425          	smoothSolver	1.531420e-03	1.260370e-04	10	1.639070e-02	1.342140e-03	10	1.046920e-02	8.898600e-04	10	false	GAMG	7.043760e-03	6.097330e-05	4	true
1426          	smoothSolver	1.526710e-03	1.255710e-04	10	1.651050e-02	1.338880e-03	10	1.050220e-02	8.818540e-04	10	false	GAMG	6.997530e-03	6.067540e-05	4	true
1427          	smoothSolver	1.522850e-03	1.247490e-04	10	1.664970e-02	1.333460e-03	10	1.052320e-02	8.694840e-04	10	false	GAMG	6.984550e-03	5.925830e-05	4	true
1428          	smoothSolver	1.520200e-03	1.238040e-04	10	1.676830e-02	1.328160e-03	10	1.054150e-02	8.563940e-04	10	false	GAMG	7.025750e-03	5.733530e-05	4	true
1429          	smoothSolver	1.522670e-03	1.229080e-04	10	1.688410e-02	1.681440e-03	9	1.053880e-02	8.453330e-04	10	false	GAMG	7.078220e-03	5.611260e-05	4	true
1430          	smoothSolver	1.525340e-03	1.217230e-04	10	1.705580e-02	1.687220e-03	9	1.050030e-02	8.345300e-04	10	false	GAMG	7.165450e-03	5.568450e-05	4	true
1431          	smoothSolver	1.526610e-03	1.204370e-04	10	1.712900e-02	1.689490e-03	9	1.043510e-02	8.249570e-04	10	false	GAMG	7.255950e-03	5.637620e-05	4	true
1432          	smoothSolver	1.525830e-03	1.521660e-04	9	1.708370e-02	1.687550e-03	9	1.034190e-02	8.162790e-04	10	false	GAMG	7.358310e-03	5.682100e-05	4	true
1433          	smoothSolver	1.525160e-03	1.511990e-04	9	1.686880e-02	1.674230e-03	9	1.017160e-02	8.048820e-04	10	false	GAMG	7.468330e-03	5.713210e-05	4	true
1434          	smoothSolver	1.522170e-03	1.502120e-04	9	1.661700e-02	1.311050e-03	10	1.000630e-02	7.962280e-04	10	false	GAMG	7.612390e-03	5.792100e-05	4	true
1435          	smoothSolver	1.514160e-03	1.490880e-04	9	1.624710e-02	1.297090e-03	10	9.881500e-03	7.919390e-04	10	false	GAMG	7.761510e-03	5.820540e-05	4	true
1436          	smoothSolver	1.504090e-03	1.476630e-04	9	1.601860e-02	1.286700e-03	10	9.804350e-03	7.893280e-04	10	false	GAMG	7.914380e-03	5.811680e-05	4	true
1437          	smoothSolver	1.491070e-03	1.459080e-04	9	1.597170e-02	1.276250e-03	10	9.807110e-03	7.879240e-04	10	false	GAMG	8.027690e-03	5.816740e-05	4	true
1438          	smoothSolver	1.477460e-03	1.442400e-04	9	1.607840e-02	1.604710e-03	9	9.874270e-03	7.864530e-04	10	false	GAMG	8.036890e-03	5.959190e-05	4	true
1439          	smoothSolver	1.465210e-03	1.424400e-04	9	1.634860e-02	1.592550e-03	9	9.954950e-03	9.935520e-04	9	false	GAMG	7.974800e-03	6.063470e-05	4	true
1440          	smoothSolver	1.453020e-03	1.405770e-04	9	1.649440e-02	1.568430e-03	9	1.007530e-02	9.875860e-04	9	false	GAMG	7.918760e-03	6.152440e-05	4	true
1441          	smoothSolver	1.449060e-03	1.387920e-04	9	1.655300e-02	1.539150e-03	9	1.010770e-02	9.722410e-04	9	false	GAMG	7.892120e-03	6.118700e-05	4	true
1442          	smoothSolver	1.447690e-03	1.371520e-04	9	1.649510e-02	1.511240e-03	9	1.005330e-02	9.532730e-04	9	false	GAMG	7.864850e-03	5.954740e-05	4	true
1443          	smoothSolver	1.444550e-03	1.359030e-04	9	1.630120e-02	1.484730e-03	9	9.931380e-03	9.352150e-04	9	false	GAMG	7.824940e-03	5.693020e-05	4	true
1444          	smoothSolver	1.432850e-03	1.345090e-04	9	1.599580e-02	1.460960e-03	9	9.730160e-03	9.192700e-04	9	false	GAMG	7.739060e-03	5.495640e-05	4	true
1445          	smoothSolver	1.416040e-03	1.327300e-04	9	1.560020e-02	1.440440e-03	9	9.504710e-03	9.082750e-04	9	false	GAMG	7.664260e-03	5.391880e-05	4	true
1446          	smoothSolver	1.392340e-03	1.305690e-04	9	1.513900e-02	1.419310e-03	9	9.280720e-03	8.994030e-04	9	false	GAMG	7.680450e-03	5.324880e-05	4	true
1447          	smoothSolver	1.364140e-03	1.284130e-04	9	1.470070e-02	1.401090e-03	9	9.076060e-03	8.895040e-04	9	false	GAMG	7.659780e-03	5.317240e-05	4	true
1448          	smoothSolver	1.336600e-03	1.264380e-04	9	1.434730e-02	1.387870e-03	9	8.944060e-03	8.808740e-04	9	false	GAMG	7.584810e-03	5.349570e-05	4	true
1449          	smoothSolver	1.311220e-03	1.247100e-04	9	1.411700e-02	1.379400e-03	9	8.851700e-03	8.739340e-04	9	false	GAMG	7.526590e-03	5.346570e-05	4	true
1450          	smoothSolver	1.289580e-03	1.232940e-04	9	1.405830e-02	1.376360e-03	9	8.784960e-03	8.678710e-04	9	false	GAMG	7.500800e-03	5.251950e-05	4	true
1451          	smoothSolver	1.270560e-03	1.222330e-04	9	1.412310e-02	1.377410e-03	9	8.746020e-03	8.615110e-04	9	false	GAMG	7.488980e-03	5.239090e-05	4	true
1452          	smoothSolver	1.256860e-03	1.213950e-04	9	1.425050e-02	1.378890e-03	9	8.697150e-03	8.520100e-04	9	false	GAMG	7.479170e-03	5.194440e-05	4	true
1453          	smoothSolver	1.243600e-03	1.202120e-04	9	1.437720e-02	1.377990e-03	9	8.611920e-03	8.360130e-04	9	false	GAMG	7.446240e-03	5.181940e-05	4	true
1454          	smoothSolver	1.229950e-03	1.187090e-04	9	1.446390e-02	1.373800e-03	9	8.507520e-03	8.148260e-04	9	false	GAMG	7.341340e-03	5.184480e-05	4	true
1455          	smoothSolver	1.218130e-03	1.169890e-04	9	1.448870e-02	1.369420e-03	9	8.397320e-03	7.915040e-04	9	false	GAMG	7.204350e-03	5.152290e-05	4	true
1456          	smoothSolver	1.205350e-03	1.153270e-04	9	1.445910e-02	1.365180e-03	9	8.273110e-03	7.714710e-04	9	false	GAMG	7.108890e-03	5.058230e-05	4	true
1457          	smoothSolver	1.197290e-03	1.141180e-04	9	1.441880e-02	1.360730e-03	9	8.156610e-03	7.579950e-04	9	false	GAMG	7.052130e-03	4.939640e-05	4	true
1458          	smoothSolver	1.193430e-03	1.132500e-04	9	1.432320e-02	1.355110e-03	9	8.058900e-03	7.505100e-04	9	false	GAMG	7.007940e-03	4.866540e-05	4	true
1459          	smoothSolver	1.190770e-03	1.127280e-04	9	1.419790e-02	1.346780e-03	9	7.963940e-03	7.470110e-04	9	false	GAMG	6.999480e-03	4.836660e-05	4	true
1460          	smoothSolver	1.188400e-03	1.125970e-04	9	1.405730e-02	1.336690e-03	9	7.859720e-03	7.444680e-04	9	false	GAMG	7.024380e-03	4.773800e-05	4	true
1461          	smoothSolver	1.184780e-03	1.128600e-04	9	1.388210e-02	1.325640e-03	9	7.761090e-03	7.411010e-04	9	false	GAMG	7.055510e-03	4.758700e-05	4	true
1462          	smoothSolver	1.183030e-03	1.133790e-04	9	1.364920e-02	1.313600e-03	9	7.660640e-03	7.392910e-04	9	false	GAMG	7.069090e-03	4.857330e-05	4	true
1463          	smoothSolver	1.181640e-03	1.139770e-04	9	1.340800e-02	1.304760e-03	9	7.595360e-03	7.430780e-04	9	false	GAMG	7.074910e-03	4.921640e-05	4	true
1464          	smoothSolver	1.178290e-03	1.145650e-04	9	1.321290e-02	1.299300e-03	9	7.589820e-03	7.518730e-04	9	false	GAMG	7.058520e-03	4.983960e-05	4	true
1465          	smoothSolver	1.174370e-03	1.153140e-04	9	1.308170e-02	1.297070e-03	9	7.642180e-03	6.028480e-04	10	false	GAMG	7.023820e-03	5.122050e-05	4	true
1466          	smoothSolver	1.175880e-03	1.163520e-04	9	1.306470e-02	1.293890e-03	9	7.712040e-03	6.115060e-04	10	false	GAMG	6.953320e-03	5.212490e-05	4	true
1467          	smoothSolver	1.178390e-03	1.171700e-04	9	1.313020e-02	1.286280e-03	9	7.831440e-03	6.197140e-04	10	false	GAMG	6.891080e-03	5.271940e-05	4	true
1468          	smoothSolver	1.179580e-03	1.173310e-04	9	1.322460e-02	1.271290e-03	9	7.964840e-03	7.922860e-04	9	false	GAMG	6.846610e-03	5.268400e-05	4	true
1469          	smoothSolver	1.178960e-03	1.167900e-04	9	1.331480e-02	1.251850e-03	9	8.122220e-03	7.986570e-04	9	false	GAMG	6.822880e-03	5.221890e-05	4	true
1470          	smoothSolver	1.178080e-03	1.160460e-04	9	1.336080e-02	1.234980e-03	9	8.225980e-03	7.997690e-04	9	false	GAMG	6.811770e-03	5.122240e-05	4	true
1471          	smoothSolver	1.180930e-03	1.157270e-04	9	1.338480e-02	1.223090e-03	9	8.294360e-03	7.975480e-04	9	false	GAMG	6.836900e-03	5.008740e-05	4	true
1472          	smoothSolver	1.188530e-03	1.155630e-04	9	1.342660e-02	1.219430e-03	9	8.339440e-03	7.960270e-04	9	false	GAMG	6.885270e-03	5.043740e-05	4	true
1473          	smoothSolver	1.197280e-03	1.153780e-04	9	1.342770e-02	1.219510e-03	9	8.329650e-03	7.934300e-04	9	false	GAMG	6.959620e-03	5.008410e-05	4	true
1474          	smoothSolver	1.206140e-03	1.150240e-04	9	1.335790e-02	1.219160e-03	9	8.244120e-03	7.853840e-04	9	false	GAMG	7.015090e-03	5.030020e-05	4	true
1475          	smoothSolver	1.212400e-03	1.147770e-04	9	1.324880e-02	1.222530e-03	9	8.129930e-03	7.743910e-04	9	false	GAMG	7.039890e-03	5.111020e-05	4	true
1476          	smoothSolver	1.216050e-03	1.144090e-04	9	1.313990e-02	1.230620e-03	9	8.016090e-03	7.655960e-04	9	false	GAMG	7.067500e-03	5.168170e-05	4	true
1477          	smoothSolver	1.216880e-03	1.142080e-04	9	1.307840e-02	1.246120e-03	9	7.940110e-03	7.635680e-04	9	false	GAMG	7.118640e-03	5.199840e-05	4	true
1478          	smoothSolver	1.214480e-03	1.144810e-04	9	1.307190e-02	1.271710e-03	9	7.924070e-03	7.682120e-04	9	false	GAMG	7.165590e-03	5.238580e-05	4	true
1479          	smoothSolver	1.212000e-03	1.154710e-04	9	1.313740e-02	1.299460e-03	9	7.960000e-03	7.793990e-04	9	false	GAMG	7.193410e-03	5.283680e-05	4	true
1480          	smoothSolver	1.213330e-03	1.168580e-04	9	1.328300e-02	1.322840e-03	9	8.036980e-03	7.959060e-04	9	false	GAMG	7.210240e-03	5.287770e-05	4	true
1481          	smoothSolver	1.220360e-03	1.184590e-04	9	1.349410e-02	1.342590e-03	9	8.191910e-03	8.159490e-04	9	false	GAMG	7.172340e-03	5.315890e-05	4	true
1482          	smoothSolver	1.230300e-03	1.204420e-04	9	1.373920e-02	1.362220e-03	9	8.401880e-03	8.378500e-04	9	false	GAMG	7.086260e-03	5.411820e-05	4	true
1483          	smoothSolver	1.247030e-03	1.231710e-04	9	1.404810e-02	1.385690e-03	9	8.646870e-03	8.611210e-04	9	false	GAMG	6.972830e-03	5.535110e-05	4	true
1484          	smoothSolver	1.270060e-03	1.265780e-04	9	1.440630e-02	1.414190e-03	9	8.921490e-03	8.874830e-04	9	false	GAMG	6.890250e-03	5.676210e-05	4	true
1485          	smoothSolver	1.299010e-03	1.025190e-04	10	1.476080e-02	1.445850e-03	9	9.223020e-03	9.184740e-04	9	false	GAMG	6.888550e-03	5.852930e-05	4	true
1486          	smoothSolver	1.330740e-03	1.055230e-04	10	1.519430e-02	1.485440e-03	9	9.567690e-03	7.532120e-04	10	false	GAMG	6.952390e-03	6.043640e-05	4	true
1487          	smoothSolver	1.373610e-03	1.090300e-04	10	1.555730e-02	1.519720e-03	9	9.808000e-03	7.767330e-04	10	false	GAMG	7.020370e-03	6.147840e-05	4	true
1488          	smoothSolver	1.419270e-03	1.128330e-04	10	1.587550e-02	1.551850e-03	9	1.005420e-02	8.004270e-04	10	false	GAMG	7.086330e-03	6.163710e-05	4	true
1489          	smoothSolver	1.464730e-03	1.167990e-04	10	1.612330e-02	1.582650e-03	9	1.026820e-02	8.225990e-04	10	false	GAMG	7.152570e-03	6.167670e-05	4	true
1490          	smoothSolver	1.507850e-03	1.207940e-04	10	1.634090e-02	1.614160e-03	9	1.045660e-02	8.436580e-04	10	false	GAMG	7.244730e-03	6.288430e-05	4	true
1491          	smoothSolver	1.546950e-03	1.247010e-04	10	1.654550e-02	1.651300e-03	9	1.060530e-02	8.641530e-04	10	false	GAMG	7.381370e-03	6.445290e-05	4	true
1492          	smoothSolver	1.583390e-03	1.283650e-04	10	1.673470e-02	1.331070e-03	10	1.073660e-02	8.824050e-04	10	false	GAMG	7.526600e-03	6.670450e-05	4	true
1493          	smoothSolver	1.617050e-03	1.321430e-04	10	1.683750e-02	1.354230e-03	10	1.089540e-02	8.990840e-04	10	false	GAMG	7.662970e-03	6.908550e-05	4	true
1494          	smoothSolver	1.645370e-03	1.352110e-04	10	1.703110e-02	1.377940e-03	10	1.108100e-02	9.099590e-04	10	false	GAMG	7.860150e-03	7.030720e-05	4	true
1495          	smoothSolver	1.666390e-03	1.373510e-04	10	1.730710e-02	1.399210e-03	10	1.129140e-02	9.167730e-04	10	false	GAMG	8.078460e-03	7.081120e-05	4	true
1496          	smoothSolver	1.680220e-03	1.384630e-04	10	1.762310e-02	1.418790e-03	10	1.149420e-02	9.224580e-04	10	false	GAMG	8.251420e-03	7.094400e-05	4	true
1497          	smoothSolver	1.687250e-03	1.389700e-04	10	1.791700e-02	1.440050e-03	10	1.165970e-02	9.330920e-04	10	false	GAMG	8.334390e-03	7.021630e-05	4	true
1498          	smoothSolver	1.685700e-03	1.388460e-04	10	1.810870e-02	1.456850e-03	10	1.175960e-02	9.448740e-04	10	false	GAMG	8.300780e-03	6.938470e-05	4	true
1499          	smoothSolver	1.680790e-03	1.381020e-04	10	1.823880e-02	1.467530e-03	10	1.179790e-02	9.542880e-04	10	false	GAMG	8.252610e-03	6.994280e-05	4	true
1500          	smoothSolver	1.674990e-03	1.366820e-04	10	1.827980e-02	1.470450e-03	10	1.178110e-02	9.566270e-04	10	false	GAMG	8.329270e-03	7.090620e-05	4	true
