# Force and moment coefficients
# dragDir     : (1.000000e+00 0.000000e+00 0.000000e+00)
# sideDir     : (0.000000e+00 1.000000e+00 0.000000e+00)
# liftDir     : (0.000000e+00 0.000000e+00 1.000000e+00)
# rollAxis    : (1.000000e+00 0.000000e+00 0.000000e+00)
# pitchAxis   : (0.000000e+00 1.000000e+00 0.000000e+00)
# yawAxis     : (0.000000e+00 0.000000e+00 1.000000e+00)
# magUInf     : 4.000000e+01
# lRef        : 2.655000e+00
# Aref        : 1.989000e+00
# CofR        : (2.300000e+00 0.000000e+00 0.000000e+00)
#
# Time        	Cd            	Cd(f)         	Cd(r)         	Cl            	Cl(f)         	Cl(r)         	CmPitch       	CmRoll        	CmYaw         	Cs            	Cs(f)         	Cs(r)         
1             	1.243160e+00	6.217277e-01	6.214320e-01	-1.059258e+00	-1.752224e-01	-8.840358e-01	3.544067e-01	1.478443e-04	8.929559e-04	5.514123e-03	3.650017e-03	1.864105e-03
2             	1.122214e+00	5.606616e-01	5.615523e-01	-1.315143e+00	-4.080384e-01	-9.071051e-01	2.495333e-01	-4.453524e-04	3.399621e-03	3.284218e-03	5.041731e-03	-1.757512e-03
3             	8.944064e-01	4.459945e-01	4.484118e-01	-1.340623e+00	-5.099979e-01	-8.306249e-01	1.603135e-01	-1.208636e-03	4.912216e-03	6.041883e-04	5.214310e-03	-4.610122e-03
4             	7.757071e-01	3.859979e-01	3.897093e-01	-1.344072e+00	-5.200365e-01	-8.240355e-01	1.519995e-01	-1.855713e-03	6.066748e-03	-1.382436e-03	5.375530e-03	-6.757966e-03
5             	7.218939e-01	3.587249e-01	3.631690e-01	-1.335237e+00	-4.787953e-01	-8.564416e-01	1.888231e-01	-2.222025e-03	7.207932e-03	-2.833625e-03	5.791119e-03	-8.624744e-03
6             	7.015241e-01	3.483049e-01	3.532192e-01	-1.306603e+00	-4.066635e-01	-8.999391e-01	2.466378e-01	-2.457143e-03	7.804455e-03	-5.323778e-03	5.142566e-03	-1.046634e-02
7             	6.926967e-01	3.439005e-01	3.487963e-01	-1.262277e+00	-3.250059e-01	-9.372716e-01	3.061329e-01	-2.447898e-03	8.383262e-03	-7.027116e-03	4.869704e-03	-1.189682e-02
8             	6.772027e-01	3.355834e-01	3.416193e-01	-1.200688e+00	-2.546445e-01	-9.460434e-01	3.456995e-01	-3.017993e-03	8.964790e-03	-7.475972e-03	5.226804e-03	-1.270278e-02
9             	6.654162e-01	3.293898e-01	3.360264e-01	-1.133243e+00	-1.912946e-01	-9.419481e-01	3.753267e-01	-3.318315e-03	9.647757e-03	-5.790196e-03	6.752659e-03	-1.254286e-02
10            	6.554190e-01	3.245653e-01	3.308537e-01	-1.063780e+00	-1.354557e-01	-9.283245e-01	3.964344e-01	-3.144243e-03	9.259770e-03	-3.710678e-03	7.404430e-03	-1.111511e-02
11            	6.476415e-01	3.211223e-01	3.265192e-01	-9.914092e-01	-8.418462e-02	-9.072246e-01	4.115200e-01	-2.698428e-03	8.516711e-03	-2.461485e-03	7.285968e-03	-9.747454e-03
12            	6.416851e-01	3.185119e-01	3.231732e-01	-9.224654e-01	-4.036460e-02	-8.821008e-01	4.208681e-01	-2.330672e-03	7.961918e-03	-1.307125e-03	7.308356e-03	-8.615481e-03
13            	6.366642e-01	3.163476e-01	3.203166e-01	-8.554768e-01	3.073459e-03	-8.585502e-01	4.308118e-01	-1.984479e-03	6.964659e-03	-1.121359e-03	6.403979e-03	-7.525338e-03
14            	6.277316e-01	3.123861e-01	3.153455e-01	-8.030874e-01	3.694019e-02	-8.400276e-01	4.384839e-01	-1.479664e-03	6.079869e-03	-1.396002e-03	5.381869e-03	-6.777870e-03
15            	6.241801e-01	3.107592e-01	3.134208e-01	-7.611812e-01	7.175795e-02	-8.329392e-01	4.523486e-01	-1.330821e-03	5.692818e-03	-8.035554e-04	5.291040e-03	-6.094595e-03
16            	6.208302e-01	3.091081e-01	3.117221e-01	-7.374938e-01	9.244503e-02	-8.299389e-01	4.611919e-01	-1.306989e-03	5.694545e-03	-3.184107e-04	5.535340e-03	-5.853751e-03
17            	6.184623e-01	3.078252e-01	3.106371e-01	-7.216608e-01	1.039559e-01	-8.256167e-01	4.647863e-01	-1.405906e-03	6.039672e-03	-5.449058e-05	6.012427e-03	-6.066917e-03
18            	6.170220e-01	3.068974e-01	3.101246e-01	-7.046284e-01	1.091237e-01	-8.137520e-01	4.614379e-01	-1.613602e-03	6.707811e-03	1.421245e-04	6.778873e-03	-6.636748e-03
19            	6.172796e-01	3.065424e-01	3.107372e-01	-6.813910e-01	1.105144e-01	-7.919054e-01	4.512099e-01	-2.097424e-03	7.502545e-03	4.005635e-04	7.702826e-03	-7.302263e-03
20            	6.165913e-01	3.056329e-01	3.109584e-01	-6.515298e-01	1.060337e-01	-7.575635e-01	4.317986e-01	-2.662783e-03	7.836331e-03	1.004226e-03	8.338444e-03	-7.334218e-03
21            	6.141838e-01	3.041952e-01	3.099887e-01	-6.177206e-01	9.840471e-02	-7.161253e-01	4.072650e-01	-2.896742e-03	7.673394e-03	2.022661e-03	8.684724e-03	-6.662063e-03
22            	6.113581e-01	3.026688e-01	3.086893e-01	-5.771533e-01	9.172019e-02	-6.688734e-01	3.802968e-01	-3.010275e-03	7.559202e-03	3.643407e-03	9.380905e-03	-5.737499e-03
23            	6.080572e-01	3.011137e-01	3.069435e-01	-5.324381e-01	8.728444e-02	-6.197225e-01	3.535035e-01	-2.914881e-03	7.671915e-03	5.628226e-03	1.048603e-02	-4.857802e-03
24            	6.038365e-01	2.993563e-01	3.044801e-01	-4.863512e-01	8.573644e-02	-5.720877e-01	3.289121e-01	-2.561903e-03	7.898363e-03	7.290852e-03	1.154379e-02	-4.252937e-03
25            	5.996249e-01	2.976802e-01	3.019447e-01	-4.462309e-01	8.618149e-02	-5.324124e-01	3.092969e-01	-2.132221e-03	7.912165e-03	8.174592e-03	1.199946e-02	-3.824869e-03
26            	5.954126e-01	2.959929e-01	2.994197e-01	-4.081597e-01	8.760494e-02	-4.957646e-01	2.916848e-01	-1.713383e-03	7.697815e-03	8.386574e-03	1.189110e-02	-3.504528e-03
27            	5.930140e-01	2.950988e-01	2.979151e-01	-3.697975e-01	9.018669e-02	-4.599842e-01	2.750855e-01	-1.408158e-03	7.590577e-03	8.291009e-03	1.173608e-02	-3.445073e-03
28            	5.926058e-01	2.948270e-01	2.977789e-01	-3.351067e-01	9.351436e-02	-4.286211e-01	2.610677e-01	-1.475953e-03	7.652724e-03	8.095088e-03	1.170027e-02	-3.605180e-03
29            	5.925662e-01	2.946017e-01	2.979645e-01	-3.083859e-01	9.592917e-02	-4.043151e-01	2.501221e-01	-1.681427e-03	7.864813e-03	8.129184e-03	1.192940e-02	-3.800221e-03
30            	5.920020e-01	2.941092e-01	2.978928e-01	-2.881819e-01	9.784940e-02	-3.860313e-01	2.419403e-01	-1.891769e-03	8.185599e-03	8.144583e-03	1.225789e-02	-4.113308e-03
31            	5.906372e-01	2.932343e-01	2.974029e-01	-2.694371e-01	9.956505e-02	-3.690021e-01	2.342836e-01	-2.084296e-03	8.428536e-03	7.941566e-03	1.239932e-02	-4.457753e-03
32            	5.889963e-01	2.922058e-01	2.967905e-01	-2.484248e-01	1.008142e-01	-3.492390e-01	2.250266e-01	-2.292373e-03	8.509895e-03	7.701272e-03	1.236053e-02	-4.659259e-03
33            	5.870426e-01	2.910191e-01	2.960235e-01	-2.260474e-01	1.009046e-01	-3.269520e-01	2.139283e-01	-2.502226e-03	8.357127e-03	7.543113e-03	1.212868e-02	-4.585571e-03
34            	5.840196e-01	2.892189e-01	2.948007e-01	-2.096280e-01	9.873306e-02	-3.083610e-01	2.035470e-01	-2.790895e-03	8.240946e-03	7.486774e-03	1.198433e-02	-4.497558e-03
35            	5.793861e-01	2.865301e-01	2.928560e-01	-2.009229e-01	9.483964e-02	-2.957625e-01	1.953011e-01	-3.162969e-03	8.106522e-03	7.482682e-03	1.184786e-02	-4.365182e-03
36            	5.728982e-01	2.827877e-01	2.901105e-01	-1.997573e-01	9.014830e-02	-2.899056e-01	1.900270e-01	-3.661386e-03	7.983897e-03	7.500466e-03	1.173413e-02	-4.233664e-03
37            	5.644107e-01	2.778878e-01	2.865229e-01	-2.050187e-01	8.523897e-02	-2.902577e-01	1.877483e-01	-4.317536e-03	7.983852e-03	7.602965e-03	1.178533e-02	-4.182370e-03
38            	5.547141e-01	2.722989e-01	2.824152e-01	-2.151449e-01	8.017776e-02	-2.953226e-01	1.877502e-01	-5.058163e-03	8.153050e-03	7.725584e-03	1.201584e-02	-4.290258e-03
39            	5.455415e-01	2.670283e-01	2.785132e-01	-2.281046e-01	7.549995e-02	-3.036046e-01	1.895523e-01	-5.742462e-03	8.498416e-03	7.788078e-03	1.239245e-02	-4.604377e-03
40            	5.377559e-01	2.626843e-01	2.750716e-01	-2.413668e-01	7.130405e-02	-3.126709e-01	1.919874e-01	-6.193675e-03	8.919920e-03	7.937762e-03	1.288880e-02	-4.951039e-03
41            	5.316508e-01	2.595157e-01	2.721351e-01	-2.536859e-01	6.779607e-02	-3.214820e-01	1.946390e-01	-6.309723e-03	9.204656e-03	8.443679e-03	1.342650e-02	-4.982816e-03
42            	5.267004e-01	2.572191e-01	2.694813e-01	-2.615479e-01	6.621533e-02	-3.277633e-01	1.969893e-01	-6.131109e-03	9.155597e-03	9.583691e-03	1.394744e-02	-4.363751e-03
43            	5.229527e-01	2.557243e-01	2.672284e-01	-2.644534e-01	6.726099e-02	-3.317144e-01	1.994877e-01	-5.752023e-03	8.813071e-03	1.092595e-02	1.427604e-02	-3.350097e-03
44            	5.202475e-01	2.546672e-01	2.655802e-01	-2.620658e-01	7.075732e-02	-3.328232e-01	2.017902e-01	-5.456485e-03	8.172555e-03	1.198884e-02	1.416697e-02	-2.178136e-03
45            	5.189359e-01	2.539125e-01	2.650234e-01	-2.565711e-01	7.614654e-02	-3.327176e-01	2.044321e-01	-5.555487e-03	7.365093e-03	1.276134e-02	1.374576e-02	-9.844254e-04
46            	5.189377e-01	2.533253e-01	2.656124e-01	-2.483709e-01	8.332924e-02	-3.317001e-01	2.075147e-01	-6.143561e-03	6.674205e-03	1.356303e-02	1.345572e-02	1.073104e-04
47            	5.188389e-01	2.522669e-01	2.665720e-01	-2.347928e-01	9.215493e-02	-3.269477e-01	2.095513e-01	-7.152582e-03	6.348383e-03	1.439982e-02	1.354829e-02	8.515290e-04
48            	5.170105e-01	2.504031e-01	2.666074e-01	-2.186405e-01	9.764892e-02	-3.162894e-01	2.069692e-01	-8.102134e-03	6.340287e-03	1.473230e-02	1.370644e-02	1.025863e-03
49            	5.151946e-01	2.488083e-01	2.663863e-01	-2.072821e-01	9.863181e-02	-3.059139e-01	2.022728e-01	-8.789022e-03	6.400131e-03	1.465772e-02	1.372899e-02	9.287273e-04
50            	5.129538e-01	2.471936e-01	2.657603e-01	-1.977216e-01	9.768929e-02	-2.954109e-01	1.965501e-01	-9.283337e-03	6.582447e-03	1.439521e-02	1.378005e-02	6.151562e-04
51            	5.104886e-01	2.457883e-01	2.647003e-01	-1.885801e-01	9.610287e-02	-2.846830e-01	1.903929e-01	-9.455999e-03	6.887529e-03	1.362912e-02	1.370209e-02	-7.296885e-05
52            	5.074332e-01	2.445290e-01	2.629042e-01	-1.795508e-01	9.425866e-02	-2.738095e-01	1.840341e-01	-9.187578e-03	7.283578e-03	1.230597e-02	1.343656e-02	-1.130595e-03
53            	5.034419e-01	2.430830e-01	2.603590e-01	-1.708202e-01	9.187299e-02	-2.626932e-01	1.772831e-01	-8.637984e-03	7.817051e-03	1.070317e-02	1.316864e-02	-2.465466e-03
54            	4.987202e-01	2.413113e-01	2.574090e-01	-1.622998e-01	8.894081e-02	-2.512406e-01	1.700907e-01	-8.048834e-03	8.539388e-03	9.229957e-03	1.315437e-02	-3.924409e-03
55            	4.931450e-01	2.390361e-01	2.541089e-01	-1.535350e-01	8.579886e-02	-2.393338e-01	1.625663e-01	-7.536368e-03	9.552291e-03	8.194650e-03	1.364962e-02	-5.454966e-03
56            	4.866513e-01	2.361120e-01	2.505393e-01	-1.458888e-01	8.207356e-02	-2.279623e-01	1.550179e-01	-7.213647e-03	1.078017e-02	7.963665e-03	1.476201e-02	-6.798342e-03
57            	4.794541e-01	2.325713e-01	2.468829e-01	-1.390895e-01	7.789145e-02	-2.169810e-01	1.474362e-01	-7.155811e-03	1.200823e-02	8.756266e-03	1.638636e-02	-7.630093e-03
58            	4.721615e-01	2.288550e-01	2.433065e-01	-1.324785e-01	7.407961e-02	-2.065581e-01	1.403189e-01	-7.225742e-03	1.297774e-02	1.003567e-02	1.799557e-02	-7.959902e-03
59            	4.649803e-01	2.251996e-01	2.397807e-01	-1.247395e-01	7.127114e-02	-1.960106e-01	1.336409e-01	-7.290524e-03	1.343280e-02	1.099101e-02	1.892830e-02	-7.937295e-03
60            	4.585856e-01	2.218565e-01	2.367290e-01	-1.154131e-01	7.009687e-02	-1.855099e-01	1.278034e-01	-7.436257e-03	1.330093e-02	1.132156e-02	1.896171e-02	-7.640147e-03
61            	4.538677e-01	2.192383e-01	2.346294e-01	-1.052449e-01	7.121790e-02	-1.764628e-01	1.238403e-01	-7.695565e-03	1.271954e-02	1.089281e-02	1.816595e-02	-7.273131e-03
62            	4.512404e-01	2.175399e-01	2.337005e-01	-9.577246e-02	7.403450e-02	-1.698070e-01	1.219207e-01	-8.080302e-03	1.186407e-02	9.931858e-03	1.682999e-02	-6.898136e-03
63            	4.499955e-01	2.164688e-01	2.335267e-01	-8.729993e-02	7.739163e-02	-1.646916e-01	1.210416e-01	-8.528986e-03	1.095006e-02	8.881771e-03	1.539095e-02	-6.509175e-03
64            	4.496838e-01	2.158889e-01	2.337950e-01	-8.078976e-02	8.010754e-02	-1.608973e-01	1.205024e-01	-8.953067e-03	1.016088e-02	8.179358e-03	1.425056e-02	-6.071202e-03
65            	4.498146e-01	2.155424e-01	2.342722e-01	-7.357163e-02	8.276926e-02	-1.563409e-01	1.195551e-01	-9.364875e-03	9.567991e-03	8.012539e-03	1.357426e-02	-5.561722e-03
66            	4.504065e-01	2.154937e-01	2.349128e-01	-6.726326e-02	8.467643e-02	-1.519397e-01	1.183081e-01	-9.709554e-03	9.373788e-03	8.626984e-03	1.368728e-02	-5.060296e-03
67            	4.513302e-01	2.157292e-01	2.356010e-01	-6.387574e-02	8.523488e-02	-1.491106e-01	1.171727e-01	-9.935904e-03	9.604874e-03	1.003984e-02	1.462480e-02	-4.584953e-03
68            	4.521921e-01	2.159953e-01	2.361968e-01	-6.269586e-02	8.469929e-02	-1.473952e-01	1.160472e-01	-1.010072e-02	1.017791e-02	1.208879e-02	1.622231e-02	-4.133521e-03
69            	4.527820e-01	2.162846e-01	2.364974e-01	-6.270914e-02	8.374401e-02	-1.464532e-01	1.150986e-01	-1.010638e-02	1.094135e-02	1.433364e-02	1.810817e-02	-3.774530e-03
70            	4.528376e-01	2.164128e-01	2.364248e-01	-6.293474e-02	8.295243e-02	-1.458872e-01	1.144198e-01	-1.000598e-02	1.160032e-02	1.612183e-02	1.966124e-02	-3.539404e-03
71            	4.520127e-01	2.160498e-01	2.359630e-01	-6.287399e-02	8.238024e-02	-1.452542e-01	1.138172e-01	-9.956595e-03	1.190309e-02	1.704926e-02	2.042772e-02	-3.378460e-03
72            	4.500552e-01	2.149651e-01	2.350901e-01	-6.268049e-02	8.173116e-02	-1.444116e-01	1.130714e-01	-1.006250e-02	1.177708e-02	1.692661e-02	2.024039e-02	-3.313772e-03
73            	4.470065e-01	2.131853e-01	2.338212e-01	-6.299566e-02	8.058779e-02	-1.435834e-01	1.120856e-01	-1.031795e-02	1.131027e-02	1.573650e-02	1.917852e-02	-3.442020e-03
74            	4.431896e-01	2.108918e-01	2.322977e-01	-6.444504e-02	7.875335e-02	-1.431984e-01	1.109759e-01	-1.070294e-02	1.064373e-02	1.388723e-02	1.758734e-02	-3.700116e-03
75            	4.391485e-01	2.084180e-01	2.307305e-01	-6.752346e-02	7.617718e-02	-1.437006e-01	1.099389e-01	-1.115627e-02	9.866098e-03	1.187368e-02	1.580294e-02	-3.929259e-03
76            	4.353641e-01	2.061213e-01	2.292428e-01	-7.251894e-02	7.298150e-02	-1.455004e-01	1.092410e-01	-1.156072e-02	9.060333e-03	9.986195e-03	1.405343e-02	-4.067235e-03
77            	4.320618e-01	2.042064e-01	2.278554e-01	-7.818173e-02	6.976211e-02	-1.479438e-01	1.088530e-01	-1.182448e-02	8.309206e-03	8.299403e-03	1.245891e-02	-4.159505e-03
78            	4.291233e-01	2.026501e-01	2.264733e-01	-8.179997e-02	6.746023e-02	-1.492602e-01	1.083602e-01	-1.191158e-02	7.708858e-03	6.876206e-03	1.114696e-02	-4.270755e-03
79            	4.264929e-01	2.014398e-01	2.250531e-01	-8.198953e-02	6.672053e-02	-1.487101e-01	1.077153e-01	-1.180664e-02	7.360951e-03	5.653467e-03	1.018768e-02	-4.534218e-03
80            	4.239865e-01	2.005345e-01	2.234521e-01	-7.717973e-02	6.776705e-02	-1.449468e-01	1.063569e-01	-1.145880e-02	7.256965e-03	4.419197e-03	9.466564e-03	-5.047367e-03
81            	4.212122e-01	1.996887e-01	2.215235e-01	-6.719497e-02	7.022929e-02	-1.374243e-01	1.038268e-01	-1.091741e-02	7.470413e-03	3.296806e-03	9.118816e-03	-5.822010e-03
82            	4.180912e-01	1.987623e-01	2.193289e-01	-5.389713e-02	7.328997e-02	-1.271871e-01	1.002385e-01	-1.028328e-02	7.963634e-03	2.559405e-03	9.243336e-03	-6.683931e-03
83            	4.148350e-01	1.978367e-01	2.169983e-01	-4.136627e-02	7.589400e-02	-1.172603e-01	9.657714e-02	-9.580842e-03	8.620576e-03	2.328403e-03	9.784778e-03	-7.456374e-03
84            	4.115649e-01	1.969617e-01	2.146032e-01	-3.265595e-02	7.749958e-02	-1.101555e-01	9.382756e-02	-8.820792e-03	9.331359e-03	2.589474e-03	1.062610e-02	-8.036623e-03
85            	4.081307e-01	1.960460e-01	2.120847e-01	-2.814897e-02	7.832284e-02	-1.064718e-01	9.239732e-02	-8.019347e-03	1.000324e-02	3.294046e-03	1.165026e-02	-8.356217e-03
86            	4.045896e-01	1.950943e-01	2.094953e-01	-2.740371e-02	7.868124e-02	-1.060850e-01	9.238310e-02	-7.200536e-03	1.061728e-02	4.432222e-03	1.283339e-02	-8.401173e-03
87            	4.012663e-01	1.941877e-01	2.070786e-01	-3.008168e-02	7.864301e-02	-1.087247e-01	9.368385e-02	-6.445439e-03	1.120459e-02	5.896629e-03	1.415290e-02	-8.256272e-03
88            	3.985354e-01	1.933861e-01	2.051493e-01	-3.569518e-02	7.803592e-02	-1.137311e-01	9.588351e-02	-5.881611e-03	1.172412e-02	7.409189e-03	1.542872e-02	-8.019527e-03
89            	3.964444e-01	1.926271e-01	2.038173e-01	-4.271888e-02	7.673897e-02	-1.194579e-01	9.809841e-02	-5.595078e-03	1.214886e-02	8.665199e-03	1.648146e-02	-7.816265e-03
90            	3.946536e-01	1.917820e-01	2.028716e-01	-4.916257e-02	7.490233e-02	-1.240649e-01	9.948362e-02	-5.544837e-03	1.239836e-02	9.365930e-03	1.708132e-02	-7.715392e-03
91            	3.926907e-01	1.907094e-01	2.019812e-01	-5.359057e-02	7.273624e-02	-1.263268e-01	9.953152e-02	-5.635904e-03	1.236604e-02	9.346842e-03	1.703946e-02	-7.692618e-03
92            	3.903528e-01	1.893632e-01	2.009896e-01	-5.536727e-02	7.058154e-02	-1.259488e-01	9.826518e-02	-5.813225e-03	1.197644e-02	8.611183e-03	1.628203e-02	-7.670846e-03
93            	3.877502e-01	1.878531e-01	1.998970e-01	-5.442143e-02	6.876128e-02	-1.231827e-01	9.597199e-02	-6.021963e-03	1.132756e-02	7.377551e-03	1.501634e-02	-7.638785e-03
94            	3.851549e-01	1.863115e-01	1.988434e-01	-5.084439e-02	6.759611e-02	-1.184405e-01	9.301830e-02	-6.265961e-03	1.059790e-02	6.001727e-03	1.359876e-02	-7.597034e-03
95            	3.828024e-01	1.848158e-01	1.979866e-01	-4.472243e-02	6.733241e-02	-1.120548e-01	8.969363e-02	-6.585431e-03	9.926642e-03	4.867380e-03	1.236033e-02	-7.492952e-03
96            	3.807892e-01	1.834313e-01	1.973579e-01	-3.631080e-02	6.801205e-02	-1.043228e-01	8.616745e-02	-6.963338e-03	9.400063e-03	4.154155e-03	1.147714e-02	-7.322986e-03
97            	3.790060e-01	1.821668e-01	1.968392e-01	-2.625917e-02	6.942510e-02	-9.568427e-02	8.255468e-02	-7.336230e-03	9.072464e-03	3.920498e-03	1.103271e-02	-7.112215e-03
98            	3.773914e-01	1.810496e-01	1.963418e-01	-1.571005e-02	7.123368e-02	-8.694372e-02	7.908870e-02	-7.646088e-03	8.933892e-03	4.052525e-03	1.096015e-02	-6.907629e-03
99            	3.759697e-01	1.800913e-01	1.958785e-01	-5.849637e-03	7.304023e-02	-7.888987e-02	7.596505e-02	-7.893598e-03	8.934961e-03	4.348380e-03	1.110915e-02	-6.760771e-03
100           	3.749227e-01	1.793434e-01	1.955793e-01	2.705527e-03	7.469754e-02	-7.199201e-02	7.334478e-02	-8.117954e-03	9.034787e-03	4.616228e-03	1.134290e-02	-6.726673e-03
101           	3.744851e-01	1.789142e-01	1.955708e-01	9.365133e-03	7.607673e-02	-6.671160e-02	7.139416e-02	-8.328301e-03	9.226192e-03	4.796004e-03	1.162419e-02	-6.828190e-03
102           	3.747306e-01	1.788215e-01	1.959091e-01	1.377736e-02	7.708005e-02	-6.330269e-02	7.019137e-02	-8.543802e-03	9.513983e-03	4.977788e-03	1.200288e-02	-7.025089e-03
103           	3.754782e-01	1.789775e-01	1.965007e-01	1.605322e-02	7.770048e-02	-6.164725e-02	6.967386e-02	-8.761578e-03	9.925769e-03	5.254378e-03	1.255296e-02	-7.298580e-03
104           	3.763882e-01	1.792286e-01	1.971596e-01	1.661421e-02	7.801450e-02	-6.140028e-02	6.970739e-02	-8.965491e-03	1.043620e-02	5.650349e-03	1.326137e-02	-7.611024e-03
105           	3.771501e-01	1.794439e-01	1.977062e-01	1.591284e-02	7.807224e-02	-6.215940e-02	7.011582e-02	-9.131174e-03	1.101418e-02	6.187046e-03	1.410771e-02	-7.920659e-03
106           	3.776277e-01	1.795713e-01	1.980564e-01	1.437006e-02	7.794749e-02	-6.357742e-02	7.076246e-02	-9.242556e-03	1.163898e-02	6.943058e-03	1.511051e-02	-8.167453e-03
107           	3.778642e-01	1.796824e-01	1.981818e-01	1.240507e-02	7.773637e-02	-6.533130e-02	7.153383e-02	-9.249671e-03	1.230868e-02	7.916388e-03	1.626687e-02	-8.350482e-03
108           	3.779066e-01	1.798744e-01	1.980322e-01	1.042035e-02	7.750413e-02	-6.708378e-02	7.229395e-02	-9.078920e-03	1.305383e-02	9.069279e-03	1.758847e-02	-8.519187e-03
109           	3.777380e-01	1.801484e-01	1.975896e-01	8.429742e-03	7.722475e-02	-6.879501e-02	7.300988e-02	-8.720646e-03	1.393242e-02	1.036396e-02	1.911440e-02	-8.750434e-03
110           	3.772359e-01	1.803584e-01	1.968774e-01	6.606988e-03	7.676913e-02	-7.016214e-02	7.346563e-02	-8.259498e-03	1.496138e-02	1.174650e-02	2.083463e-02	-9.088133e-03
111           	3.763779e-01	1.803747e-01	1.960032e-01	5.066736e-03	7.597724e-02	-7.091050e-02	7.344387e-02	-7.814237e-03	1.609292e-02	1.306543e-02	2.262563e-02	-9.560205e-03
112           	3.751774e-01	1.801541e-01	1.950233e-01	4.109086e-03	7.479674e-02	-7.068766e-02	7.274220e-02	-7.434572e-03	1.720374e-02	1.418738e-02	2.429743e-02	-1.011005e-02
113           	3.736579e-01	1.797131e-01	1.939449e-01	4.062361e-03	7.332970e-02	-6.926734e-02	7.129852e-02	-7.115906e-03	1.816798e-02	1.506627e-02	2.570112e-02	-1.063484e-02
114           	3.718721e-01	1.790998e-01	1.927723e-01	4.972108e-03	7.174773e-02	-6.677562e-02	6.926167e-02	-6.836235e-03	1.888069e-02	1.562830e-02	2.669484e-02	-1.106654e-02
115           	3.698224e-01	1.783096e-01	1.915128e-01	6.790285e-03	7.032767e-02	-6.353739e-02	6.693253e-02	-6.601570e-03	1.924975e-02	1.579286e-02	2.714618e-02	-1.135332e-02
116           	3.675533e-01	1.773975e-01	1.901558e-01	9.186308e-03	6.915656e-02	-5.997026e-02	6.456341e-02	-6.379126e-03	1.918855e-02	1.537624e-02	2.687667e-02	-1.150043e-02
117           	3.652014e-01	1.764411e-01	1.887603e-01	1.186206e-02	6.837293e-02	-5.651087e-02	6.244190e-02	-6.159574e-03	1.868439e-02	1.427146e-02	2.582011e-02	-1.154866e-02
118           	3.628894e-01	1.755083e-01	1.873811e-01	1.469413e-02	6.799457e-02	-5.330044e-02	6.064750e-02	-5.936382e-03	1.773716e-02	1.243145e-02	2.395288e-02	-1.152143e-02
119           	3.606797e-01	1.746363e-01	1.860434e-01	1.763496e-02	6.789994e-02	-5.026497e-02	5.908245e-02	-5.703576e-03	1.644971e-02	9.939605e-03	2.141951e-02	-1.147990e-02
120           	3.586230e-01	1.738382e-01	1.847847e-01	2.051050e-02	6.794765e-02	-4.743715e-02	5.769240e-02	-5.473238e-03	1.497076e-02	6.941661e-03	1.844159e-02	-1.149992e-02
121           	3.568084e-01	1.731355e-01	1.836729e-01	2.286034e-02	6.799683e-02	-4.513650e-02	5.656667e-02	-5.268727e-03	1.342311e-02	3.666945e-03	1.525658e-02	-1.158964e-02
122           	3.553921e-01	1.725754e-01	1.828167e-01	2.413170e-02	6.796616e-02	-4.383446e-02	5.590031e-02	-5.120681e-03	1.190439e-02	4.578692e-04	1.213332e-02	-1.167545e-02
123           	3.545551e-01	1.722486e-01	1.823064e-01	2.386351e-02	6.779310e-02	-4.392959e-02	5.586134e-02	-5.028907e-03	1.049902e-02	-2.396419e-03	9.300812e-03	-1.169723e-02
124           	3.544200e-01	1.722475e-01	1.821725e-01	2.200997e-02	6.756651e-02	-4.555655e-02	5.656153e-02	-4.962468e-03	9.316173e-03	-4.608549e-03	7.011899e-03	-1.162045e-02
125           	3.549155e-01	1.725992e-01	1.823163e-01	1.928801e-02	6.756600e-02	-4.827798e-02	5.792199e-02	-4.858585e-03	8.467002e-03	-5.983248e-03	5.475378e-03	-1.145863e-02
126           	3.557811e-01	1.732175e-01	1.825636e-01	1.685298e-02	6.804161e-02	-5.118862e-02	5.961511e-02	-4.673057e-03	8.009761e-03	-6.444311e-03	4.787605e-03	-1.123192e-02
127           	3.566741e-01	1.739213e-01	1.827528e-01	1.575420e-02	6.907959e-02	-5.332539e-02	6.120249e-02	-4.415775e-03	7.904051e-03	-6.072631e-03	4.867735e-03	-1.094037e-02
128           	3.572965e-01	1.745342e-01	1.827623e-01	1.645133e-02	7.054108e-02	-5.408976e-02	6.231542e-02	-4.114023e-03	8.022220e-03	-5.133612e-03	5.455414e-03	-1.058903e-02
129           	3.575062e-01	1.749439e-01	1.825623e-01	1.882271e-02	7.210169e-02	-5.327897e-02	6.269033e-02	-3.809218e-03	8.217360e-03	-3.947921e-03	6.243399e-03	-1.019132e-02
130           	3.573650e-01	1.751626e-01	1.822024e-01	2.237285e-02	7.338072e-02	-5.100787e-02	6.219429e-02	-3.519861e-03	8.350853e-03	-2.843967e-03	6.928870e-03	-9.772837e-03
131           	3.570628e-01	1.752689e-01	1.817939e-01	2.656812e-02	7.429592e-02	-4.772780e-02	6.101186e-02	-3.262471e-03	8.337163e-03	-2.007066e-03	7.333630e-03	-9.340696e-03
132           	3.568074e-01	1.753291e-01	1.814784e-01	3.096119e-02	7.494739e-02	-4.398619e-02	5.946679e-02	-3.074659e-03	8.135344e-03	-1.531673e-03	7.369508e-03	-8.901180e-03
133           	3.567420e-01	1.753710e-01	1.813711e-01	3.532825e-02	7.541735e-02	-4.008909e-02	5.775322e-02	-3.000053e-03	7.745505e-03	-1.440978e-03	7.025016e-03	-8.465994e-03
134           	3.569231e-01	1.754246e-01	1.814984e-01	3.941656e-02	7.578749e-02	-3.637093e-02	5.607921e-02	-3.036883e-03	7.223731e-03	-1.713787e-03	6.366838e-03	-8.080625e-03
135           	3.572954e-01	1.754955e-01	1.818000e-01	4.283267e-02	7.606065e-02	-3.322799e-02	5.464432e-02	-3.152236e-03	6.651073e-03	-2.290597e-03	5.505774e-03	-7.796371e-03
136           	3.577340e-01	1.755659e-01	1.821681e-01	4.544075e-02	7.626020e-02	-3.081945e-02	5.353982e-02	-3.301089e-03	6.105644e-03	-3.040333e-03	4.585478e-03	-7.625811e-03
137           	3.580884e-01	1.756061e-01	1.824823e-01	4.706498e-02	7.640721e-02	-2.934223e-02	5.287472e-02	-3.438055e-03	5.601360e-03	-3.910735e-03	3.645992e-03	-7.556727e-03
138           	3.582582e-01	1.755881e-01	1.826701e-01	4.777099e-02	7.652902e-02	-2.875803e-02	5.264353e-02	-3.541021e-03	5.147385e-03	-4.860592e-03	2.717089e-03	-7.577681e-03
139           	3.581786e-01	1.754850e-01	1.826936e-01	4.774531e-02	7.662353e-02	-2.887822e-02	5.275088e-02	-3.604265e-03	4.779685e-03	-5.830672e-03	1.864349e-03	-7.695021e-03
140           	3.578731e-01	1.753125e-01	1.825606e-01	4.724458e-02	7.669635e-02	-2.945177e-02	5.307406e-02	-3.624017e-03	4.523626e-03	-6.752910e-03	1.147170e-03	-7.900081e-03
141           	3.573559e-01	1.750913e-01	1.822646e-01	4.647730e-02	7.664906e-02	-3.017177e-02	5.341041e-02	-3.586610e-03	4.382175e-03	-7.631683e-03	5.663332e-04	-8.198016e-03
142           	3.565772e-01	1.748208e-01	1.817564e-01	4.560273e-02	7.630138e-02	-3.069866e-02	5.350002e-02	-3.467784e-03	4.304261e-03	-8.470100e-03	6.921097e-05	-8.539311e-03
143           	3.556037e-01	1.744817e-01	1.811220e-01	4.452967e-02	7.564649e-02	-3.111682e-02	5.338165e-02	-3.320110e-03	4.348219e-03	-9.177356e-03	-2.404588e-04	-8.936897e-03
144           	3.544837e-01	1.740757e-01	1.804080e-01	4.320599e-02	7.480394e-02	-3.159796e-02	5.320095e-02	-3.166151e-03	4.429634e-03	-9.703868e-03	-4.222996e-04	-9.281568e-03
145           	3.532487e-01	1.736103e-01	1.796385e-01	4.182932e-02	7.375497e-02	-3.192565e-02	5.284031e-02	-3.014122e-03	4.480854e-03	-1.007546e-02	-5.568766e-04	-9.518584e-03
146           	3.519285e-01	1.731176e-01	1.788109e-01	4.068708e-02	7.246055e-02	-3.177347e-02	5.211701e-02	-2.846679e-03	4.488372e-03	-1.035525e-02	-6.892553e-04	-9.665998e-03
147           	3.505793e-01	1.726251e-01	1.779542e-01	3.985265e-02	7.100391e-02	-3.115125e-02	5.107758e-02	-2.664575e-03	4.463533e-03	-1.054631e-02	-8.096229e-04	-9.736688e-03
148           	3.492149e-01	1.721410e-01	1.770739e-01	3.933595e-02	6.954031e-02	-3.020437e-02	4.987234e-02	-2.466411e-03	4.417695e-03	-1.059585e-02	-8.802315e-04	-9.715621e-03
149           	3.478509e-01	1.716443e-01	1.762066e-01	3.907299e-02	6.819649e-02	-2.912351e-02	4.866000e-02	-2.281130e-03	4.397453e-03	-1.047266e-02	-8.388797e-04	-9.633785e-03
150           	3.465035e-01	1.711168e-01	1.753868e-01	3.921504e-02	6.715777e-02	-2.794273e-02	4.755025e-02	-2.134991e-03	4.417548e-03	-1.024217e-02	-7.035389e-04	-9.538636e-03
151           	3.451682e-01	1.705446e-01	1.746235e-01	3.989136e-02	6.647353e-02	-2.658217e-02	4.652785e-02	-2.039446e-03	4.493027e-03	-9.949560e-03	-4.817525e-04	-9.467807e-03
152           	3.438575e-01	1.699509e-01	1.739067e-01	4.110243e-02	6.611288e-02	-2.501045e-02	4.556166e-02	-1.977896e-03	4.620696e-03	-9.607255e-03	-1.829319e-04	-9.424323e-03
153           	3.426291e-01	1.693694e-01	1.732597e-01	4.275777e-02	6.613296e-02	-2.337519e-02	4.475407e-02	-1.945184e-03	4.800468e-03	-9.175167e-03	2.128844e-04	-9.388051e-03
154           	3.415406e-01	1.688172e-01	1.727235e-01	4.472296e-02	6.659670e-02	-2.187374e-02	4.423522e-02	-1.953158e-03	5.012558e-03	-8.581250e-03	7.219333e-04	-9.303183e-03
155           	3.406343e-01	1.682928e-01	1.723415e-01	4.685748e-02	6.745319e-02	-2.059571e-02	4.402445e-02	-2.024346e-03	5.252805e-03	-7.823368e-03	1.341121e-03	-9.164489e-03
156           	3.399131e-01	1.677865e-01	1.721266e-01	4.903327e-02	6.852343e-02	-1.949017e-02	4.400680e-02	-2.170047e-03	5.525246e-03	-6.959596e-03	2.045448e-03	-9.005044e-03
157           	3.393558e-01	1.672854e-01	1.720704e-01	5.120717e-02	6.962954e-02	-1.842237e-02	4.402596e-02	-2.392508e-03	5.832474e-03	-6.073009e-03	2.795969e-03	-8.868978e-03
158           	3.389243e-01	1.667827e-01	1.721416e-01	5.333284e-02	7.059837e-02	-1.726553e-02	4.393195e-02	-2.679445e-03	6.188349e-03	-5.210626e-03	3.583036e-03	-8.793662e-03
159           	3.385674e-01	1.662917e-01	1.722758e-01	5.525981e-02	7.124298e-02	-1.598317e-02	4.361307e-02	-2.992046e-03	6.595916e-03	-4.409091e-03	4.391371e-03	-8.800461e-03
160           	3.382406e-01	1.657944e-01	1.724462e-01	5.681909e-02	7.154541e-02	-1.472632e-02	4.313586e-02	-3.325916e-03	7.038862e-03	-3.680128e-03	5.198798e-03	-8.878927e-03
161           	3.380161e-01	1.653503e-01	1.726658e-01	5.806366e-02	7.158370e-02	-1.352004e-02	4.255187e-02	-3.657750e-03	7.503324e-03	-3.031394e-03	5.987627e-03	-9.019021e-03
162           	3.379132e-01	1.649829e-01	1.729303e-01	5.893388e-02	7.141684e-02	-1.248295e-02	4.194990e-02	-3.973721e-03	7.921546e-03	-2.507380e-03	6.667856e-03	-9.175236e-03
163           	3.379598e-01	1.647168e-01	1.732430e-01	5.932529e-02	7.111350e-02	-1.178821e-02	4.145086e-02	-4.263123e-03	8.237716e-03	-2.162037e-03	7.156697e-03	-9.318734e-03
164           	3.382051e-01	1.645869e-01	1.736182e-01	5.915725e-02	7.074219e-02	-1.158493e-02	4.116356e-02	-4.515678e-03	8.424939e-03	-2.013707e-03	7.418086e-03	-9.431792e-03
165           	3.387150e-01	1.646387e-01	1.740763e-01	5.833401e-02	7.042732e-02	-1.209331e-02	4.126031e-02	-4.718832e-03	8.508448e-03	-2.039337e-03	7.488780e-03	-9.528117e-03
166           	3.393468e-01	1.648327e-01	1.745141e-01	5.713418e-02	7.027303e-02	-1.313886e-02	4.170595e-02	-4.840678e-03	8.536013e-03	-2.217739e-03	7.427144e-03	-9.644883e-03
167           	3.398506e-01	1.650542e-01	1.747964e-01	5.608187e-02	7.012693e-02	-1.404507e-02	4.208600e-02	-4.871127e-03	8.567554e-03	-2.507299e-03	7.313904e-03	-9.821203e-03
168           	3.401948e-01	1.652494e-01	1.749453e-01	5.526615e-02	6.987600e-02	-1.460985e-02	4.224292e-02	-4.847933e-03	8.637589e-03	-2.842836e-03	7.216171e-03	-1.005901e-02
169           	3.404143e-01	1.653947e-01	1.750196e-01	5.454228e-02	6.943846e-02	-1.489618e-02	4.216732e-02	-4.812438e-03	8.764531e-03	-3.149075e-03	7.189993e-03	-1.033907e-02
170           	3.405560e-01	1.654688e-01	1.750872e-01	5.376792e-02	6.882532e-02	-1.505740e-02	4.194136e-02	-4.809247e-03	8.939403e-03	-3.343004e-03	7.267901e-03	-1.061090e-02
171           	3.406318e-01	1.654499e-01	1.751819e-01	5.289963e-02	6.808052e-02	-1.518089e-02	4.163070e-02	-4.865973e-03	9.180973e-03	-3.354615e-03	7.503665e-03	-1.085828e-02
172           	3.405730e-01	1.652951e-01	1.752779e-01	5.205282e-02	6.718908e-02	-1.513626e-02	4.116267e-02	-4.991420e-03	9.503788e-03	-3.129154e-03	7.939211e-03	-1.106836e-02
173           	3.402010e-01	1.649293e-01	1.752718e-01	5.163285e-02	6.612767e-02	-1.449482e-02	4.031125e-02	-5.171252e-03	9.914607e-03	-2.644986e-03	8.592114e-03	-1.123710e-02
174           	3.393777e-01	1.642915e-01	1.750862e-01	5.229577e-02	6.511686e-02	-1.282109e-02	3.896898e-02	-5.397372e-03	1.041850e-02	-1.911953e-03	9.462521e-03	-1.137447e-02
175           	3.383165e-01	1.635388e-01	1.747777e-01	5.389066e-02	6.444667e-02	-1.055601e-02	3.750134e-02	-5.619479e-03	1.096169e-02	-1.065833e-03	1.042878e-02	-1.149461e-02
176           	3.372374e-01	1.627849e-01	1.744525e-01	5.587195e-02	6.405580e-02	-8.183852e-03	3.611983e-02	-5.833757e-03	1.154151e-02	-1.171219e-04	1.148295e-02	-1.160007e-02
177           	3.362504e-01	1.621025e-01	1.741479e-01	5.788591e-02	6.381664e-02	-5.930729e-03	3.487368e-02	-6.022724e-03	1.214338e-02	9.384605e-04	1.261261e-02	-1.167415e-02
178           	3.355215e-01	1.615941e-01	1.739273e-01	5.973299e-02	6.373844e-02	-4.005447e-03	3.387194e-02	-6.166622e-03	1.271787e-02	2.022408e-03	1.372908e-02	-1.170667e-02
179           	3.351732e-01	1.613308e-01	1.738423e-01	6.131248e-02	6.382352e-02	-2.511046e-03	3.316728e-02	-6.255761e-03	1.322337e-02	3.054645e-03	1.475070e-02	-1.169605e-02
180           	3.352400e-01	1.613052e-01	1.739348e-01	6.267211e-02	6.410803e-02	-1.435926e-03	3.277198e-02	-6.314785e-03	1.362528e-02	4.003594e-03	1.562707e-02	-1.162348e-02
181           	3.357272e-01	1.614892e-01	1.742380e-01	6.388845e-02	6.464108e-02	-7.526296e-04	3.269685e-02	-6.374386e-03	1.392115e-02	4.852261e-03	1.634728e-02	-1.149502e-02
182           	3.364819e-01	1.617955e-01	1.746864e-01	6.489891e-02	6.541451e-02	-5.155974e-04	3.296505e-02	-6.445471e-03	1.408007e-02	5.557839e-03	1.685899e-02	-1.130115e-02
183           	3.374230e-01	1.621747e-01	1.752483e-01	6.552828e-02	6.635479e-02	-8.265093e-04	3.359065e-02	-6.536777e-03	1.410340e-02	6.086237e-03	1.714652e-02	-1.106028e-02
184           	3.384434e-01	1.625629e-01	1.758804e-01	6.555842e-02	6.735984e-02	-1.801427e-03	3.458063e-02	-6.658730e-03	1.400616e-02	6.465047e-03	1.723868e-02	-1.077363e-02
185           	3.395384e-01	1.629610e-01	1.765774e-01	6.479408e-02	6.824459e-02	-3.450507e-03	3.584755e-02	-6.808216e-03	1.380080e-02	6.712757e-03	1.715717e-02	-1.044442e-02
186           	3.406803e-01	1.633660e-01	1.773143e-01	6.315237e-02	6.889255e-02	-5.740175e-03	3.731636e-02	-6.974153e-03	1.352403e-02	6.906512e-03	1.697729e-02	-1.007077e-02
187           	3.415035e-01	1.636184e-01	1.778851e-01	6.167516e-02	6.935345e-02	-7.678296e-03	3.851587e-02	-7.133388e-03	1.323650e-02	7.079110e-03	1.677605e-02	-9.696941e-03
188           	3.419439e-01	1.636676e-01	1.782763e-01	6.084505e-02	6.962582e-02	-8.780775e-03	3.920330e-02	-7.304321e-03	1.289687e-02	7.265600e-03	1.652967e-02	-9.264070e-03
189           	3.421355e-01	1.635897e-01	1.785458e-01	6.068706e-02	6.972047e-02	-9.033417e-03	3.937695e-02	-7.478030e-03	1.251041e-02	7.481082e-03	1.625095e-02	-8.769866e-03
190           	3.422210e-01	1.634771e-01	1.787439e-01	6.120869e-02	6.966753e-02	-8.458843e-03	3.906319e-02	-7.633408e-03	1.213189e-02	7.766889e-03	1.601533e-02	-8.248441e-03
191           	3.423232e-01	1.634049e-01	1.789183e-01	6.230235e-02	6.956989e-02	-7.267544e-03	3.841872e-02	-7.756713e-03	1.183536e-02	8.145278e-03	1.590800e-02	-7.762723e-03
192           	3.424834e-01	1.634029e-01	1.790805e-01	6.382149e-02	6.949560e-02	-5.674109e-03	3.758485e-02	-7.838769e-03	1.166175e-02	8.636171e-03	1.597984e-02	-7.343667e-03
193           	3.427110e-01	1.634716e-01	1.792395e-01	6.562961e-02	6.951349e-02	-3.883885e-03	3.669869e-02	-7.883943e-03	1.164015e-02	9.233142e-03	1.625672e-02	-7.023576e-03
194           	3.429223e-01	1.635566e-01	1.793658e-01	6.763566e-02	6.959290e-02	-1.957242e-03	3.577507e-02	-7.904618e-03	1.176867e-02	9.946105e-03	1.674173e-02	-6.795622e-03
195           	3.430428e-01	1.636149e-01	1.794279e-01	6.980256e-02	6.976497e-02	3.759014e-05	3.486369e-02	-7.906532e-03	1.202323e-02	1.073614e-02	1.739130e-02	-6.655159e-03
196           	3.430544e-01	1.636302e-01	1.794243e-01	7.179798e-02	7.000524e-02	1.792742e-03	3.410625e-02	-7.897031e-03	1.237241e-02	1.159072e-02	1.816777e-02	-6.577055e-03
197           	3.430373e-01	1.636299e-01	1.794074e-01	7.330751e-02	7.035291e-02	2.954603e-03	3.369915e-02	-7.888793e-03	1.276822e-02	1.248307e-02	1.900975e-02	-6.526682e-03
198           	3.430508e-01	1.636239e-01	1.794269e-01	7.411286e-02	7.075217e-02	3.360694e-03	3.369574e-02	-7.901530e-03	1.315269e-02	1.341248e-02	1.985893e-02	-6.446456e-03
199           	3.430856e-01	1.635811e-01	1.795045e-01	7.432103e-02	7.116153e-02	3.159497e-03	3.400102e-02	-7.961687e-03	1.351744e-02	1.436760e-02	2.070124e-02	-6.333646e-03
200           	3.430760e-01	1.634600e-01	1.796161e-01	7.418526e-02	7.151914e-02	2.666118e-03	3.442651e-02	-8.078043e-03	1.386525e-02	1.534089e-02	2.153570e-02	-6.194811e-03
201           	3.429741e-01	1.632424e-01	1.797317e-01	7.398280e-02	7.175917e-02	2.223622e-03	3.476778e-02	-8.244628e-03	1.421002e-02	1.629815e-02	2.235910e-02	-6.060946e-03
202           	3.427427e-01	1.629220e-01	1.798207e-01	7.392826e-02	7.182931e-02	2.098950e-03	3.486518e-02	-8.449353e-03	1.454111e-02	1.725084e-02	2.316654e-02	-5.915690e-03
203           	3.423802e-01	1.625106e-01	1.798697e-01	7.409593e-02	7.172755e-02	2.368380e-03	3.467958e-02	-8.679549e-03	1.485108e-02	1.817651e-02	2.393934e-02	-5.762827e-03
204           	3.419206e-01	1.620288e-01	1.798918e-01	7.436870e-02	7.147186e-02	2.896843e-03	3.428751e-02	-8.931459e-03	1.513261e-02	1.906821e-02	2.466671e-02	-5.598505e-03
205           	3.414600e-01	1.615300e-01	1.799300e-01	7.465167e-02	7.118533e-02	3.466338e-03	3.385950e-02	-9.200024e-03	1.538539e-02	1.988659e-02	2.532868e-02	-5.442091e-03
206           	3.410548e-01	1.610483e-01	1.800066e-01	7.487426e-02	7.095334e-02	3.920922e-03	3.351621e-02	-9.479149e-03	1.560287e-02	2.063160e-02	2.591867e-02	-5.287069e-03
207           	3.407570e-01	1.606160e-01	1.801410e-01	7.506292e-02	7.089747e-02	4.165450e-03	3.336601e-02	-9.762495e-03	1.578673e-02	2.126253e-02	2.641799e-02	-5.155465e-03
208           	3.405487e-01	1.602294e-01	1.803194e-01	7.516901e-02	7.101090e-02	4.158116e-03	3.342639e-02	-1.004500e-02	1.593665e-02	2.178401e-02	2.682866e-02	-5.044648e-03
209           	3.404657e-01	1.599236e-01	1.805421e-01	7.505776e-02	7.131738e-02	3.740382e-03	3.378850e-02	-1.030920e-02	1.601697e-02	2.211474e-02	2.707434e-02	-4.959598e-03
210           	3.405389e-01	1.597375e-01	1.808014e-01	7.462107e-02	7.178926e-02	2.831812e-03	3.447873e-02	-1.053196e-02	1.597592e-02	2.218432e-02	2.706808e-02	-4.883759e-03
211           	3.408194e-01	1.597046e-01	1.811148e-01	7.387880e-02	7.242560e-02	1.453203e-03	3.548620e-02	-1.070507e-02	1.579458e-02	2.193845e-02	2.676381e-02	-4.825357e-03
212           	3.412017e-01	1.597789e-01	1.814228e-01	7.305668e-02	7.312551e-02	-6.882884e-05	3.659717e-02	-1.082196e-02	1.549637e-02	2.143015e-02	2.621144e-02	-4.781294e-03
213           	3.415231e-01	1.598815e-01	1.816415e-01	7.258500e-02	7.385992e-02	-1.274913e-03	3.756741e-02	-1.087999e-02	1.513846e-02	2.075235e-02	2.551464e-02	-4.762287e-03
214           	3.416476e-01	1.599478e-01	1.816998e-01	7.274142e-02	7.463250e-02	-1.891079e-03	3.826179e-02	-1.087603e-02	1.476099e-02	2.002804e-02	2.477500e-02	-4.746968e-03
215           	3.415321e-01	1.599447e-01	1.815873e-01	7.364718e-02	7.549646e-02	-1.849282e-03	3.867287e-02	-1.082130e-02	1.441638e-02	1.935440e-02	2.409358e-02	-4.739179e-03
216           	3.411252e-01	1.598392e-01	1.812860e-01	7.528054e-02	7.642692e-02	-1.146376e-03	3.878665e-02	-1.072342e-02	1.413416e-02	1.880377e-02	2.353605e-02	-4.732273e-03
217           	3.404044e-01	1.595957e-01	1.808087e-01	7.762059e-02	7.742155e-02	1.990410e-04	3.861125e-02	-1.060653e-02	1.394370e-02	1.840520e-02	2.314629e-02	-4.741099e-03
218           	3.393438e-01	1.591617e-01	1.801821e-01	8.054592e-02	7.837442e-02	2.171500e-03	3.810146e-02	-1.051017e-02	1.385420e-02	1.823927e-02	2.297383e-02	-4.734562e-03
219           	3.380419e-01	1.585535e-01	1.794884e-01	8.379093e-02	7.922423e-02	4.566703e-03	3.732876e-02	-1.046745e-02	1.387280e-02	1.834544e-02	2.304552e-02	-4.700082e-03
220           	3.366801e-01	1.578633e-01	1.788168e-01	8.685367e-02	7.988228e-02	6.971392e-03	3.645544e-02	-1.047676e-02	1.398141e-02	1.872339e-02	2.334311e-02	-4.619713e-03
221           	3.354305e-01	1.571970e-01	1.782335e-01	8.957476e-02	8.042726e-02	9.147498e-03	3.563988e-02	-1.051821e-02	1.416695e-02	1.928051e-02	2.380720e-02	-4.526690e-03
222           	3.343570e-01	1.566032e-01	1.777538e-01	9.202592e-02	8.089534e-02	1.113058e-02	3.488238e-02	-1.057528e-02	1.439979e-02	1.995397e-02	2.437678e-02	-4.422808e-03
223           	3.334955e-01	1.561170e-01	1.773785e-01	9.419448e-02	8.128450e-02	1.290998e-02	3.418726e-02	-1.063072e-02	1.465488e-02	2.067276e-02	2.499126e-02	-4.318495e-03
224           	3.328153e-01	1.557371e-01	1.770782e-01	9.605325e-02	8.153132e-02	1.452193e-02	3.350469e-02	-1.067057e-02	1.491689e-02	2.139441e-02	2.561409e-02	-4.219681e-03
225           	3.322949e-01	1.554594e-01	1.768355e-01	9.751126e-02	8.159328e-02	1.591798e-02	3.283765e-02	-1.068802e-02	1.519066e-02	2.204812e-02	2.621472e-02	-4.166597e-03
226           	3.318698e-01	1.552472e-01	1.766226e-01	9.851241e-02	8.140009e-02	1.711232e-02	3.214388e-02	-1.068770e-02	1.545219e-02	2.261803e-02	2.676121e-02	-4.143178e-03
227           	3.315221e-01	1.550815e-01	1.764406e-01	9.908784e-02	8.100608e-02	1.808176e-02	3.146216e-02	-1.067951e-02	1.569549e-02	2.308420e-02	2.723759e-02	-4.153387e-03
228           	3.312017e-01	1.549230e-01	1.762786e-01	9.929329e-02	8.047150e-02	1.882179e-02	3.082486e-02	-1.067779e-02	1.591897e-02	2.346836e-02	2.765315e-02	-4.184792e-03
229           	3.309208e-01	1.547548e-01	1.761660e-01	9.924652e-02	7.994565e-02	1.930087e-02	3.032239e-02	-1.070559e-02	1.614750e-02	2.379346e-02	2.804423e-02	-4.250774e-03
230           	3.306522e-01	1.545551e-01	1.760971e-01	9.905340e-02	7.948547e-02	1.956793e-02	2.995877e-02	-1.077101e-02	1.639272e-02	2.410879e-02	2.844711e-02	-4.338323e-03
231           	3.303863e-01	1.543356e-01	1.760507e-01	9.890163e-02	7.917025e-02	1.973138e-02	2.971943e-02	-1.085758e-02	1.664983e-02	2.439881e-02	2.884923e-02	-4.450425e-03
232           	3.300771e-01	1.540952e-01	1.759819e-01	9.877183e-02	7.891172e-02	1.986011e-02	2.952580e-02	-1.094335e-02	1.689778e-02	2.467336e-02	2.923446e-02	-4.561099e-03
233           	3.297824e-01	1.538597e-01	1.759227e-01	9.865343e-02	7.872506e-02	1.992837e-02	2.939834e-02	-1.103151e-02	1.711789e-02	2.491872e-02	2.957724e-02	-4.658526e-03
234           	3.295398e-01	1.536494e-01	1.758904e-01	9.845594e-02	7.849750e-02	1.995845e-02	2.926952e-02	-1.112050e-02	1.729613e-02	2.511428e-02	2.985327e-02	-4.738984e-03
235           	3.294265e-01	1.534934e-01	1.759331e-01	9.806700e-02	7.814116e-02	1.992585e-02	2.910766e-02	-1.121988e-02	1.743728e-02	2.522486e-02	3.004971e-02	-4.824852e-03
236           	3.294644e-01	1.533983e-01	1.760660e-01	9.735690e-02	7.757507e-02	1.978183e-02	2.889662e-02	-1.133386e-02	1.754787e-02	2.525950e-02	3.017762e-02	-4.918116e-03
237           	3.296762e-01	1.533687e-01	1.763075e-01	9.638077e-02	7.690791e-02	1.947286e-02	2.871752e-02	-1.146941e-02	1.761943e-02	2.522267e-02	3.023076e-02	-5.008097e-03
238           	3.300162e-01	1.533805e-01	1.766357e-01	9.518068e-02	7.620919e-02	1.897149e-02	2.861885e-02	-1.162761e-02	1.763879e-02	2.513691e-02	3.020724e-02	-5.070332e-03
239           	3.305060e-01	1.534590e-01	1.770470e-01	9.380940e-02	7.560067e-02	1.820873e-02	2.869597e-02	-1.179399e-02	1.760859e-02	2.500031e-02	3.010874e-02	-5.108429e-03
240           	3.311516e-01	1.536220e-01	1.775296e-01	9.226059e-02	7.509014e-02	1.717045e-02	2.895984e-02	-1.195381e-02	1.754662e-02	2.484019e-02	2.996671e-02	-5.126528e-03
241           	3.319302e-01	1.538733e-01	1.780569e-01	9.061320e-02	7.464756e-02	1.596564e-02	2.934096e-02	-1.209185e-02	1.747788e-02	2.467479e-02	2.981527e-02	-5.140480e-03
242           	3.327258e-01	1.541521e-01	1.785737e-01	8.893185e-02	7.417535e-02	1.475649e-02	2.970943e-02	-1.221082e-02	1.741425e-02	2.453984e-02	2.968417e-02	-5.144334e-03
243           	3.334821e-01	1.544335e-01	1.790486e-01	8.739078e-02	7.368480e-02	1.370598e-02	2.998941e-02	-1.230758e-02	1.734593e-02	2.442476e-02	2.955830e-02	-5.133549e-03
244           	3.341316e-01	1.546680e-01	1.794636e-01	8.620685e-02	7.321281e-02	1.299404e-02	3.010939e-02	-1.239777e-02	1.726434e-02	2.432499e-02	2.942683e-02	-5.101840e-03
245           	3.346617e-01	1.548462e-01	1.798155e-01	8.554571e-02	7.275970e-02	1.278601e-02	2.998685e-02	-1.248467e-02	1.715552e-02	2.422901e-02	2.927003e-02	-5.041017e-03
246           	3.350800e-01	1.549568e-01	1.801232e-01	8.552028e-02	7.232144e-02	1.319885e-02	2.956129e-02	-1.258322e-02	1.701945e-02	2.412664e-02	2.908277e-02	-4.956125e-03
247           	3.354799e-01	1.550469e-01	1.804331e-01	8.608888e-02	7.189034e-02	1.419854e-02	2.884590e-02	-1.269308e-02	1.684736e-02	2.402638e-02	2.886055e-02	-4.834169e-03
248           	3.359140e-01	1.551392e-01	1.807748e-01	8.712471e-02	7.148900e-02	1.563571e-02	2.792665e-02	-1.281779e-02	1.665896e-02	2.398298e-02	2.865045e-02	-4.667474e-03
249           	3.364060e-01	1.552529e-01	1.811530e-01	8.859560e-02	7.117324e-02	1.742236e-02	2.687544e-02	-1.295006e-02	1.648779e-02	2.406137e-02	2.851847e-02	-4.457104e-03
250           	3.369226e-01	1.553854e-01	1.815372e-01	9.062398e-02	7.103467e-02	1.958931e-02	2.572268e-02	-1.307595e-02	1.636818e-02	2.430416e-02	2.852026e-02	-4.216100e-03
251           	3.374132e-01	1.555353e-01	1.818778e-01	9.318602e-02	7.108309e-02	2.210293e-02	2.449008e-02	-1.317125e-02	1.630788e-02	2.469030e-02	2.865303e-02	-3.962732e-03
252           	3.378160e-01	1.556770e-01	1.821391e-01	9.599111e-02	7.125958e-02	2.473153e-02	2.326403e-02	-1.323106e-02	1.631259e-02	2.519039e-02	2.890779e-02	-3.717400e-03
253           	3.381259e-01	1.558074e-01	1.823184e-01	9.881053e-02	7.148928e-02	2.732125e-02	2.208402e-02	-1.325550e-02	1.637322e-02	2.576091e-02	2.925367e-02	-3.492758e-03
254           	3.382890e-01	1.558845e-01	1.824044e-01	1.015540e-01	7.170299e-02	2.985098e-02	2.092601e-02	-1.325994e-02	1.649049e-02	2.637360e-02	2.967729e-02	-3.303687e-03
255           	3.382787e-01	1.558894e-01	1.823893e-01	1.041591e-01	7.183841e-02	3.232072e-02	1.975885e-02	-1.324996e-02	1.666862e-02	2.702870e-02	3.018296e-02	-3.154267e-03
256           	3.381208e-01	1.558362e-01	1.822846e-01	1.067371e-01	7.195826e-02	3.477883e-02	1.858972e-02	-1.322417e-02	1.691786e-02	2.773115e-02	3.078344e-02	-3.052291e-03
257           	3.378878e-01	1.557841e-01	1.821037e-01	1.094540e-01	7.219299e-02	3.726102e-02	1.746598e-02	-1.315980e-02	1.723602e-02	2.846625e-02	3.146915e-02	-3.002892e-03
258           	3.375841e-01	1.557289e-01	1.818552e-01	1.122637e-01	7.254566e-02	3.971806e-02	1.641380e-02	-1.306318e-02	1.760200e-02	2.920897e-02	3.220649e-02	-2.997519e-03
259           	3.372281e-01	1.556683e-01	1.815598e-01	1.150442e-01	7.293873e-02	4.210552e-02	1.541660e-02	-1.294576e-02	1.798203e-02	2.991701e-02	3.294054e-02	-3.023532e-03
260           	3.368075e-01	1.555708e-01	1.812367e-01	1.176145e-01	7.326203e-02	4.435252e-02	1.445475e-02	-1.283292e-02	1.835404e-02	3.054481e-02	3.362645e-02	-3.081640e-03
261           	3.363553e-01	1.554485e-01	1.809068e-01	1.198283e-01	7.343241e-02	4.639586e-02	1.351827e-02	-1.272912e-02	1.869146e-02	3.103875e-02	3.421084e-02	-3.172084e-03
262           	3.358807e-01	1.553056e-01	1.805751e-01	1.215366e-01	7.341341e-02	4.812316e-02	1.264513e-02	-1.263473e-02	1.896065e-02	3.134826e-02	3.463478e-02	-3.286522e-03
263           	3.354435e-01	1.551713e-01	1.802722e-01	1.226450e-01	7.324564e-02	4.939935e-02	1.192314e-02	-1.255047e-02	1.913726e-02	3.144217e-02	3.485835e-02	-3.416175e-03
264           	3.350531e-01	1.550436e-01	1.800095e-01	1.229530e-01	7.291585e-02	5.003712e-02	1.143936e-02	-1.248297e-02	1.922785e-02	3.130162e-02	3.487866e-02	-3.577041e-03
265           	3.347812e-01	1.549319e-01	1.798493e-01	1.221881e-01	7.246639e-02	4.972169e-02	1.137235e-02	-1.245868e-02	1.921943e-02	3.096609e-02	3.470247e-02	-3.736384e-03
266           	3.346797e-01	1.548498e-01	1.798299e-01	1.201314e-01	7.193580e-02	4.819564e-02	1.187008e-02	-1.249007e-02	1.911772e-02	3.045092e-02	3.434318e-02	-3.892263e-03
267           	3.347073e-01	1.547773e-01	1.799300e-01	1.172656e-01	7.145567e-02	4.580990e-02	1.282288e-02	-1.257635e-02	1.891725e-02	2.984696e-02	3.384073e-02	-3.993769e-03
268           	3.347571e-01	1.546678e-01	1.800893e-01	1.140626e-01	7.102385e-02	4.303873e-02	1.399256e-02	-1.271077e-02	1.866548e-02	2.919635e-02	3.326365e-02	-4.067304e-03
269           	3.347890e-01	1.545130e-01	1.802760e-01	1.106374e-01	7.058882e-02	4.004857e-02	1.527012e-02	-1.288148e-02	1.836853e-02	2.857481e-02	3.265594e-02	-4.081124e-03
270           	3.347546e-01	1.542990e-01	1.804555e-01	1.071894e-01	7.018964e-02	3.699978e-02	1.659493e-02	-1.307826e-02	1.804893e-02	2.805351e-02	3.207568e-02	-4.022172e-03
271           	3.346179e-01	1.540349e-01	1.805830e-01	1.039291e-01	6.986487e-02	3.406426e-02	1.790031e-02	-1.327407e-02	1.774321e-02	2.766725e-02	3.157684e-02	-3.909586e-03
272           	3.343397e-01	1.537251e-01	1.806146e-01	1.010550e-01	6.964648e-02	3.140850e-02	1.911899e-02	-1.344478e-02	1.747722e-02	2.749557e-02	3.122500e-02	-3.729435e-03
273           	3.339569e-01	1.534123e-01	1.805445e-01	9.873811e-02	6.957213e-02	2.916598e-02	2.020307e-02	-1.356609e-02	1.727299e-02	2.754648e-02	3.104623e-02	-3.499748e-03
274           	3.334908e-01	1.531119e-01	1.803789e-01	9.710005e-02	6.965043e-02	2.744962e-02	2.110040e-02	-1.363351e-02	1.715677e-02	2.784255e-02	3.107805e-02	-3.235499e-03
275           	3.329816e-01	1.528378e-01	1.801438e-01	9.611966e-02	6.989388e-02	2.622578e-02	2.183405e-02	-1.365300e-02	1.712584e-02	2.839378e-02	3.132273e-02	-2.928949e-03
276           	3.324403e-01	1.525760e-01	1.798644e-01	9.559419e-02	7.023549e-02	2.535870e-02	2.243839e-02	-1.364421e-02	1.716233e-02	2.918569e-02	3.175518e-02	-2.569486e-03
277           	3.319201e-01	1.523291e-01	1.795909e-01	9.524781e-02	7.065277e-02	2.459505e-02	2.302886e-02	-1.363089e-02	1.723910e-02	3.014688e-02	3.231254e-02	-2.165654e-03
278           	3.314479e-01	1.520782e-01	1.793697e-01	9.474524e-02	7.112923e-02	2.361601e-02	2.375661e-02	-1.364572e-02	1.735578e-02	3.119104e-02	3.295130e-02	-1.760260e-03
279           	3.310671e-01	1.518278e-01	1.792393e-01	9.390546e-02	7.166403e-02	2.224143e-02	2.471130e-02	-1.370580e-02	1.751980e-02	3.224417e-02	3.364188e-02	-1.397712e-03
280           	3.307905e-01	1.515805e-01	1.792101e-01	9.263987e-02	7.223894e-02	2.040093e-02	2.591901e-02	-1.381479e-02	1.774509e-02	3.325812e-02	3.437415e-02	-1.116030e-03
281           	3.306349e-01	1.513465e-01	1.792884e-01	9.086905e-02	7.287368e-02	1.799537e-02	2.743915e-02	-1.397099e-02	1.800870e-02	3.421159e-02	3.511449e-02	-9.029020e-04
282           	3.306327e-01	1.511429e-01	1.794898e-01	8.847582e-02	7.363690e-02	1.483892e-02	2.939899e-02	-1.417344e-02	1.828701e-02	3.508442e-02	3.582922e-02	-7.448048e-04
283           	3.308437e-01	1.509995e-01	1.798442e-01	8.535555e-02	7.456791e-02	1.078764e-02	3.189014e-02	-1.442233e-02	1.855381e-02	3.586804e-02	3.648783e-02	-6.197890e-04
284           	3.313118e-01	1.509316e-01	1.803803e-01	8.151663e-02	7.561204e-02	5.904586e-03	3.485373e-02	-1.472437e-02	1.880988e-02	3.657439e-02	3.709707e-02	-5.226805e-04
285           	3.320483e-01	1.509591e-01	1.810892e-01	7.719129e-02	7.661698e-02	5.743145e-04	3.802133e-02	-1.506506e-02	1.903509e-02	3.721737e-02	3.764378e-02	-4.264071e-04
286           	3.329329e-01	1.510450e-01	1.818879e-01	7.293229e-02	7.739436e-02	-4.462071e-03	4.092822e-02	-1.542145e-02	1.922680e-02	3.778707e-02	3.812033e-02	-3.332625e-04
287           	3.336645e-01	1.510515e-01	1.826130e-01	6.956518e-02	7.778418e-02	-8.219000e-03	4.300159e-02	-1.578073e-02	1.940521e-02	3.829445e-02	3.855244e-02	-2.579893e-04
288           	3.340450e-01	1.508676e-01	1.831775e-01	6.727264e-02	7.766277e-02	-1.039013e-02	4.402645e-02	-1.615495e-02	1.960376e-02	3.877873e-02	3.899312e-02	-2.143942e-04
289           	3.340445e-01	1.504886e-01	1.835559e-01	6.601908e-02	7.700765e-02	-1.098857e-02	4.399811e-02	-1.653367e-02	1.979304e-02	3.922667e-02	3.940637e-02	-1.797045e-04
290           	3.337270e-01	1.499790e-01	1.837480e-01	6.574846e-02	7.591786e-02	-1.016939e-02	4.304363e-02	-1.688450e-02	1.994046e-02	3.959075e-02	3.973583e-02	-1.450839e-04
291           	3.332612e-01	1.494465e-01	1.838148e-01	6.635259e-02	7.460636e-02	-8.253777e-03	4.143007e-02	-1.718416e-02	2.001492e-02	3.984452e-02	3.993718e-02	-9.266466e-05
292           	3.328048e-01	1.489893e-01	1.838155e-01	6.760194e-02	7.320822e-02	-5.606286e-03	3.940725e-02	-1.741314e-02	2.000605e-02	3.996597e-02	3.998904e-02	-2.306164e-05
293           	3.324711e-01	1.486676e-01	1.838035e-01	6.925620e-02	7.184305e-02	-2.586851e-03	3.721495e-02	-1.756799e-02	1.992206e-02	3.995069e-02	3.989741e-02	5.328500e-05
294           	3.322697e-01	1.484809e-01	1.837887e-01	7.119132e-02	7.057354e-02	6.177761e-04	3.497788e-02	-1.765392e-02	1.980181e-02	3.984402e-02	3.972382e-02	1.201988e-04
295           	3.321812e-01	1.484133e-01	1.837679e-01	7.343040e-02	6.946566e-02	3.964740e-03	3.275046e-02	-1.767728e-02	1.970233e-02	3.969205e-02	3.954835e-02	1.436952e-04
296           	3.321426e-01	1.484261e-01	1.837165e-01	7.601584e-02	6.858320e-02	7.432644e-03	3.057528e-02	-1.764523e-02	1.967477e-02	3.956777e-02	3.945866e-02	1.091134e-04
297           	3.320973e-01	1.484832e-01	1.836141e-01	7.891974e-02	6.797143e-02	1.094831e-02	2.851156e-02	-1.756545e-02	1.974870e-02	3.954886e-02	3.952313e-02	2.573093e-05
298           	3.319867e-01	1.485467e-01	1.834400e-01	8.207479e-02	6.760923e-02	1.446557e-02	2.657183e-02	-1.744662e-02	1.992235e-02	3.969589e-02	3.977029e-02	-7.440118e-05
299           	3.317858e-01	1.485887e-01	1.831971e-01	8.539978e-02	6.743964e-02	1.796014e-02	2.473975e-02	-1.730422e-02	2.017268e-02	4.002822e-02	4.018678e-02	-1.585664e-04
300           	3.314729e-01	1.485847e-01	1.828882e-01	8.876768e-02	6.739042e-02	2.137726e-02	2.300658e-02	-1.715177e-02	2.045589e-02	4.047632e-02	4.069405e-02	-2.177303e-04
301           	3.310453e-01	1.485267e-01	1.825187e-01	9.199813e-02	6.738588e-02	2.461226e-02	2.138681e-02	-1.699601e-02	2.072602e-02	4.093832e-02	4.119518e-02	-2.568593e-04
302           	3.305032e-01	1.484058e-01	1.820973e-01	9.494638e-02	6.736090e-02	2.758548e-02	1.988771e-02	-1.684573e-02	2.095632e-02	4.132444e-02	4.161854e-02	-2.941038e-04
303           	3.298628e-01	1.482238e-01	1.816391e-01	9.750237e-02	6.726883e-02	3.023354e-02	1.851764e-02	-1.670765e-02	2.111905e-02	4.158070e-02	4.190939e-02	-3.286982e-04
304           	3.291363e-01	1.479884e-01	1.811479e-01	9.960654e-02	6.707542e-02	3.253112e-02	1.727215e-02	-1.657975e-02	2.119960e-02	4.167461e-02	4.203690e-02	-3.622978e-04
305           	3.283617e-01	1.477259e-01	1.806358e-01	1.012542e-01	6.676789e-02	3.448628e-02	1.614080e-02	-1.645499e-02	2.118077e-02	4.156650e-02	4.196402e-02	-3.975192e-04
306           	3.275795e-01	1.474570e-01	1.801225e-01	1.024132e-01	6.633552e-02	3.607768e-02	1.512892e-02	-1.633278e-02	2.105966e-02	4.123134e-02	4.167533e-02	-4.439908e-04
307           	3.268693e-01	1.472094e-01	1.796600e-01	1.030375e-01	6.578697e-02	3.725057e-02	1.426820e-02	-1.622531e-02	2.083769e-02	4.067780e-02	4.117659e-02	-4.987891e-04
308           	3.263631e-01	1.470342e-01	1.793289e-01	1.030814e-01	6.519228e-02	3.788912e-02	1.365158e-02	-1.614737e-02	2.054592e-02	3.997150e-02	4.053168e-02	-5.601725e-04
309           	3.262047e-01	1.469886e-01	1.792161e-01	1.023923e-01	6.459108e-02	3.780119e-02	1.339495e-02	-1.611375e-02	2.022414e-02	3.922729e-02	3.983778e-02	-6.104913e-04
310           	3.264903e-01	1.471126e-01	1.793776e-01	1.008675e-01	6.407750e-02	3.678999e-02	1.364376e-02	-1.613250e-02	1.991432e-02	3.855274e-02	3.919070e-02	-6.379523e-04
311           	3.272488e-01	1.474522e-01	1.797967e-01	9.852818e-02	6.378131e-02	3.474687e-02	1.451722e-02	-1.617226e-02	1.965464e-02	3.796851e-02	3.863889e-02	-6.703850e-04
312           	3.283805e-01	1.479808e-01	1.803997e-01	9.547088e-02	6.376155e-02	3.170933e-02	1.602611e-02	-1.620944e-02	1.944095e-02	3.747974e-02	3.818081e-02	-7.010764e-04
313           	3.298185e-01	1.486811e-01	1.811373e-01	9.178821e-02	6.401642e-02	2.777179e-02	1.812231e-02	-1.622811e-02	1.925175e-02	3.706415e-02	3.778383e-02	-7.196804e-04
314           	3.314500e-01	1.495004e-01	1.819496e-01	8.771750e-02	6.453889e-02	2.317860e-02	2.068014e-02	-1.622460e-02	1.907923e-02	3.671931e-02	3.743888e-02	-7.195701e-04
315           	3.331818e-01	1.504159e-01	1.827659e-01	8.355793e-02	6.528138e-02	1.827655e-02	2.350242e-02	-1.617502e-02	1.891669e-02	3.643126e-02	3.713232e-02	-7.010558e-04
316           	3.348696e-01	1.513638e-01	1.835058e-01	7.968999e-02	6.617661e-02	1.351338e-02	2.633162e-02	-1.607102e-02	1.877457e-02	3.621716e-02	3.688315e-02	-6.659927e-04
317           	3.363874e-01	1.522852e-01	1.841021e-01	7.649355e-02	6.708417e-02	9.409379e-03	2.883740e-02	-1.590846e-02	1.867117e-02	3.613725e-02	3.673979e-02	-6.025421e-04
318           	3.375693e-01	1.530807e-01	1.844886e-01	7.432522e-02	6.787523e-02	6.449985e-03	3.071262e-02	-1.570399e-02	1.862242e-02	3.621275e-02	3.672879e-02	-5.160402e-04
319           	3.382886e-01	1.536781e-01	1.846105e-01	7.341295e-02	6.841189e-02	5.001064e-03	3.170541e-02	-1.546620e-02	1.861606e-02	3.643782e-02	3.683497e-02	-3.971499e-04
320           	3.384337e-01	1.539954e-01	1.844383e-01	7.389383e-02	6.863335e-02	5.260476e-03	3.168644e-02	-1.522144e-02	1.863699e-02	3.679448e-02	3.703423e-02	-2.397510e-04
321           	3.379725e-01	1.539956e-01	1.839769e-01	7.579310e-02	6.853260e-02	7.260499e-03	3.063605e-02	-1.499067e-02	1.867666e-02	3.724452e-02	3.729892e-02	-5.439895e-05
322           	3.369280e-01	1.536638e-01	1.832642e-01	7.901808e-02	6.818626e-02	1.083182e-02	2.867722e-02	-1.480020e-02	1.873077e-02	3.773542e-02	3.759848e-02	1.369350e-04
323           	3.354764e-01	1.530821e-01	1.823943e-01	8.312659e-02	6.765847e-02	1.546812e-02	2.609518e-02	-1.465611e-02	1.879044e-02	3.822007e-02	3.790047e-02	3.195973e-04
324           	3.338199e-01	1.523433e-01	1.814766e-01	8.756451e-02	6.704880e-02	2.051571e-02	2.326654e-02	-1.456664e-02	1.888028e-02	3.869023e-02	3.822539e-02	4.648375e-04
325           	3.321421e-01	1.515305e-01	1.806116e-01	9.172924e-02	6.641936e-02	2.530988e-02	2.055474e-02	-1.454055e-02	1.900670e-02	3.912732e-02	3.857035e-02	5.569616e-04
326           	3.305949e-01	1.507039e-01	1.798911e-01	9.517962e-02	6.587893e-02	2.930069e-02	1.828912e-02	-1.459359e-02	1.915285e-02	3.952390e-02	3.891480e-02	6.091043e-04
327           	3.293599e-01	1.499624e-01	1.793975e-01	9.766898e-02	6.550566e-02	3.216332e-02	1.667117e-02	-1.471752e-02	1.930677e-02	3.984649e-02	3.923001e-02	6.164721e-04
328           	3.283677e-01	1.492887e-01	1.790791e-01	9.925127e-02	6.524796e-02	3.400331e-02	1.562232e-02	-1.489520e-02	1.942132e-02	4.004903e-02	3.944583e-02	6.031979e-04
329           	3.277020e-01	1.487543e-01	1.789476e-01	9.998430e-02	6.508993e-02	3.489437e-02	1.509778e-02	-1.509665e-02	1.946603e-02	4.007003e-02	3.950105e-02	5.689811e-04
330           	3.272969e-01	1.483285e-01	1.789684e-01	9.986927e-02	6.494894e-02	3.492033e-02	1.501430e-02	-1.531995e-02	1.943440e-02	3.993009e-02	3.939945e-02	5.306457e-04
331           	3.273139e-01	1.480897e-01	1.792242e-01	9.903847e-02	6.488564e-02	3.415283e-02	1.536641e-02	-1.556724e-02	1.932208e-02	3.968444e-02	3.916430e-02	5.201374e-04
332           	3.277356e-01	1.480341e-01	1.797015e-01	9.761660e-02	6.490665e-02	3.270995e-02	1.609835e-02	-1.583370e-02	1.914941e-02	3.936043e-02	3.882962e-02	5.308065e-04
333           	3.284417e-01	1.481236e-01	1.803180e-01	9.583037e-02	6.501894e-02	3.081144e-02	1.710375e-02	-1.609720e-02	1.895633e-02	3.899822e-02	3.845544e-02	5.427792e-04
334           	3.293286e-01	1.482886e-01	1.810400e-01	9.380713e-02	6.515527e-02	2.865186e-02	1.825170e-02	-1.637572e-02	1.876953e-02	3.867202e-02	3.810554e-02	5.664791e-04
335           	3.301984e-01	1.484740e-01	1.817244e-01	9.182661e-02	6.530079e-02	2.652581e-02	1.938749e-02	-1.662516e-02	1.857187e-02	3.832859e-02	3.773617e-02	5.924231e-04
336           	3.308818e-01	1.486115e-01	1.822703e-01	9.010754e-02	6.545580e-02	2.465174e-02	2.040203e-02	-1.682939e-02	1.833336e-02	3.793950e-02	3.730311e-02	6.363959e-04
337           	3.312683e-01	1.486657e-01	1.826026e-01	8.881430e-02	6.563469e-02	2.317961e-02	2.122754e-02	-1.696847e-02	1.808128e-02	3.748719e-02	3.682488e-02	6.623122e-04
338           	3.313171e-01	1.486063e-01	1.827109e-01	8.804705e-02	6.583759e-02	2.220946e-02	2.181406e-02	-1.705231e-02	1.787054e-02	3.707640e-02	3.640874e-02	6.676649e-04
339           	3.310752e-01	1.484612e-01	1.826141e-01	8.796153e-02	6.605164e-02	2.190989e-02	2.207088e-02	-1.707644e-02	1.775329e-02	3.679188e-02	3.614923e-02	6.426549e-04
340           	3.305842e-01	1.482520e-01	1.823322e-01	8.868581e-02	6.623574e-02	2.245006e-02	2.189284e-02	-1.704008e-02	1.776056e-02	3.675610e-02	3.613861e-02	6.174884e-04
341           	3.298858e-01	1.480043e-01	1.818815e-01	9.030489e-02	6.633859e-02	2.396630e-02	2.118615e-02	-1.693861e-02	1.790374e-02	3.702937e-02	3.641843e-02	6.109445e-04
342           	3.289811e-01	1.476946e-01	1.812864e-01	9.295178e-02	6.629082e-02	2.666096e-02	1.981493e-02	-1.679590e-02	1.817687e-02	3.763930e-02	3.699652e-02	6.427786e-04
343           	3.279845e-01	1.473340e-01	1.806505e-01	9.644576e-02	6.610842e-02	3.033734e-02	1.788554e-02	-1.665823e-02	1.855520e-02	3.852466e-02	3.781753e-02	7.071284e-04
344           	3.270307e-01	1.469575e-01	1.800733e-01	1.001239e-01	6.588807e-02	3.423582e-02	1.582613e-02	-1.655791e-02	1.898524e-02	3.956917e-02	3.876983e-02	7.993426e-04
345           	3.261694e-01	1.465778e-01	1.795917e-01	1.035455e-01	6.572680e-02	3.781867e-02	1.395406e-02	-1.650696e-02	1.943543e-02	4.066287e-02	3.976687e-02	8.960040e-04
346           	3.253861e-01	1.461868e-01	1.791993e-01	1.064098e-01	6.561929e-02	4.079054e-02	1.241438e-02	-1.650625e-02	1.988797e-02	4.169137e-02	4.073365e-02	9.577145e-04
347           	3.247327e-01	1.458251e-01	1.789075e-01	1.084753e-01	6.555811e-02	4.291723e-02	1.132044e-02	-1.654120e-02	2.030527e-02	4.257393e-02	4.159224e-02	9.816905e-04
348           	3.242702e-01	1.455440e-01	1.787262e-01	1.096080e-01	6.554772e-02	4.406030e-02	1.074371e-02	-1.659110e-02	2.066704e-02	4.325356e-02	4.229382e-02	9.597340e-04
349           	3.240472e-01	1.453784e-01	1.786688e-01	1.098613e-01	6.561429e-02	4.424697e-02	1.068366e-02	-1.664522e-02	2.097215e-02	4.372065e-02	4.283247e-02	8.881803e-04
350           	3.240499e-01	1.453373e-01	1.787126e-01	1.093777e-01	6.573234e-02	4.364534e-02	1.104350e-02	-1.668766e-02	2.121101e-02	4.398196e-02	4.320199e-02	7.799630e-04
351           	3.243091e-01	1.454419e-01	1.788672e-01	1.082835e-01	6.588194e-02	4.240153e-02	1.174020e-02	-1.671267e-02	2.136134e-02	4.402576e-02	4.337422e-02	6.515399e-04
352           	3.248402e-01	1.457016e-01	1.791387e-01	1.065743e-01	6.598595e-02	4.058835e-02	1.269880e-02	-1.671855e-02	2.141899e-02	4.384003e-02	4.333901e-02	5.010254e-04
353           	3.256504e-01	1.461046e-01	1.795458e-01	1.041904e-01	6.595163e-02	3.823877e-02	1.385643e-02	-1.672058e-02	2.137841e-02	4.353667e-02	4.314674e-02	3.899271e-04
354           	3.265022e-01	1.465208e-01	1.799814e-01	1.016462e-01	6.578082e-02	3.586539e-02	1.495772e-02	-1.673028e-02	2.130657e-02	4.320434e-02	4.290874e-02	2.956014e-04
355           	3.272946e-01	1.469078e-01	1.803868e-01	9.922973e-02	6.546376e-02	3.376597e-02	1.584890e-02	-1.673949e-02	2.121982e-02	4.283827e-02	4.263896e-02	1.993093e-04
356           	3.281007e-01	1.473037e-01	1.807970e-01	9.684725e-02	6.504268e-02	3.180456e-02	1.661906e-02	-1.674665e-02	2.109334e-02	4.243247e-02	4.230958e-02	1.228938e-04
357           	3.289927e-01	1.477521e-01	1.812406e-01	9.455399e-02	6.467597e-02	2.987802e-02	1.739898e-02	-1.674422e-02	2.090772e-02	4.200022e-02	4.190783e-02	9.239051e-05
358           	3.299461e-01	1.482450e-01	1.817011e-01	9.237580e-02	6.441761e-02	2.795818e-02	1.822972e-02	-1.672802e-02	2.067186e-02	4.157509e-02	4.145940e-02	1.156837e-04
359           	3.309406e-01	1.487671e-01	1.821734e-01	9.044478e-02	6.432802e-02	2.611676e-02	1.910563e-02	-1.670314e-02	2.039688e-02	4.122817e-02	4.101096e-02	2.172066e-04
360           	3.319040e-01	1.492859e-01	1.826182e-01	8.886714e-02	6.436444e-02	2.450270e-02	1.993087e-02	-1.666616e-02	2.013029e-02	4.099757e-02	4.062907e-02	3.684994e-04
361           	3.327727e-01	1.497677e-01	1.830050e-01	8.782647e-02	6.453005e-02	2.329642e-02	2.061681e-02	-1.661868e-02	1.991359e-02	4.095198e-02	4.038958e-02	5.623961e-04
362           	3.334719e-01	1.501797e-01	1.832922e-01	8.749667e-02	6.481758e-02	2.267910e-02	2.106924e-02	-1.655624e-02	1.980114e-02	4.110536e-02	4.035382e-02	7.515386e-04
363           	3.339694e-01	1.505040e-01	1.834654e-01	8.803385e-02	6.523172e-02	2.280212e-02	2.121480e-02	-1.648073e-02	1.980817e-02	4.149297e-02	4.055466e-02	9.383099e-04
364           	3.342508e-01	1.507241e-01	1.835267e-01	8.949943e-02	6.580345e-02	2.369598e-02	2.105374e-02	-1.640126e-02	1.995196e-02	4.207187e-02	4.098790e-02	1.083974e-03
365           	3.343358e-01	1.508398e-01	1.834960e-01	9.165313e-02	6.645654e-02	2.519660e-02	2.062997e-02	-1.632810e-02	2.020329e-02	4.279378e-02	4.160018e-02	1.193604e-03
366           	3.342484e-01	1.508512e-01	1.833972e-01	9.409526e-02	6.706152e-02	2.703374e-02	2.001389e-02	-1.627302e-02	2.051745e-02	4.359344e-02	4.231417e-02	1.279267e-03
367           	3.340259e-01	1.507743e-01	1.832516e-01	9.649231e-02	6.750809e-02	2.898422e-02	1.926193e-02	-1.623867e-02	2.082964e-02	4.442945e-02	4.304437e-02	1.385085e-03
368           	3.336896e-01	1.506182e-01	1.830713e-01	9.876850e-02	6.778445e-02	3.098404e-02	1.840020e-02	-1.622654e-02	2.111121e-02	4.523770e-02	4.373006e-02	1.507636e-03
369           	3.332402e-01	1.503822e-01	1.828580e-01	1.009618e-01	6.795510e-02	3.300665e-02	1.747422e-02	-1.623790e-02	2.135417e-02	4.597379e-02	4.434106e-02	1.632726e-03
370           	3.326838e-01	1.500711e-01	1.826127e-01	1.030115e-01	6.803430e-02	3.497723e-02	1.652854e-02	-1.627077e-02	2.156357e-02	4.657633e-02	4.485173e-02	1.724593e-03
371           	3.320542e-01	1.496994e-01	1.823549e-01	1.048048e-01	6.807646e-02	3.672835e-02	1.567406e-02	-1.632776e-02	2.173457e-02	4.701231e-02	4.524073e-02	1.771580e-03
372           	3.314154e-01	1.493113e-01	1.821041e-01	1.062209e-01	6.805731e-02	3.816362e-02	1.494684e-02	-1.639637e-02	2.185660e-02	4.724720e-02	4.548020e-02	1.767004e-03
373           	3.308473e-01	1.489436e-01	1.819036e-01	1.072137e-01	6.800882e-02	3.920483e-02	1.440200e-02	-1.648000e-02	2.191717e-02	4.731066e-02	4.557250e-02	1.738161e-03
374           	3.304124e-01	1.486233e-01	1.817890e-01	1.077104e-01	6.793511e-02	3.977526e-02	1.407992e-02	-1.658285e-02	2.194117e-02	4.722138e-02	4.555185e-02	1.669521e-03
375           	3.301904e-01	1.483679e-01	1.818225e-01	1.076762e-01	6.788269e-02	3.979353e-02	1.404458e-02	-1.672731e-02	2.193364e-02	4.708496e-02	4.547612e-02	1.608838e-03
376           	3.301833e-01	1.481673e-01	1.820160e-01	1.071020e-01	6.787426e-02	3.922770e-02	1.432328e-02	-1.692437e-02	2.192379e-02	4.696067e-02	4.540412e-02	1.556550e-03
377           	3.303725e-01	1.480100e-01	1.823625e-01	1.060295e-01	6.788531e-02	3.814422e-02	1.487054e-02	-1.717628e-02	2.192498e-02	4.691079e-02	4.538037e-02	1.530413e-03
378           	3.306615e-01	1.478702e-01	1.827913e-01	1.045683e-01	6.787263e-02	3.669569e-02	1.558847e-02	-1.746052e-02	2.194295e-02	4.691257e-02	4.539923e-02	1.513337e-03
379           	3.310164e-01	1.477610e-01	1.832554e-01	1.029014e-01	6.790625e-02	3.499511e-02	1.645557e-02	-1.774719e-02	2.194369e-02	4.689707e-02	4.539222e-02	1.504846e-03
380           	3.314065e-01	1.477016e-01	1.837049e-01	1.011416e-01	6.803571e-02	3.310586e-02	1.746493e-02	-1.800163e-02	2.191389e-02	4.677785e-02	4.530282e-02	1.475030e-03
381           	3.317907e-01	1.476953e-01	1.840954e-01	9.948833e-02	6.829934e-02	3.118899e-02	1.855517e-02	-1.820003e-02	2.183441e-02	4.657138e-02	4.512010e-02	1.451277e-03
382           	3.321509e-01	1.477335e-01	1.844173e-01	9.812267e-02	6.869470e-02	2.942797e-02	1.963337e-02	-1.834189e-02	2.172631e-02	4.629909e-02	4.487586e-02	1.423230e-03
383           	3.324547e-01	1.477938e-01	1.846609e-01	9.721189e-02	6.918082e-02	2.803107e-02	2.057487e-02	-1.843353e-02	2.159627e-02	4.602220e-02	4.460737e-02	1.414832e-03
384           	3.326755e-01	1.478576e-01	1.848179e-01	9.693359e-02	6.975834e-02	2.717525e-02	2.129154e-02	-1.848018e-02	2.146793e-02	4.578701e-02	4.436144e-02	1.425578e-03
385           	3.327842e-01	1.479009e-01	1.848833e-01	9.741967e-02	7.043987e-02	2.697980e-02	2.173003e-02	-1.849119e-02	2.135111e-02	4.563443e-02	4.416833e-02	1.466100e-03
386           	3.327211e-01	1.478915e-01	1.848296e-01	9.879277e-02	7.124660e-02	2.754617e-02	2.185022e-02	-1.846908e-02	2.127427e-02	4.559355e-02	4.407105e-02	1.522499e-03
387           	3.324085e-01	1.477855e-01	1.846230e-01	1.011312e-01	7.217793e-02	2.895330e-02	2.161232e-02	-1.841872e-02	2.125670e-02	4.568449e-02	4.409895e-02	1.585546e-03
388           	3.317895e-01	1.475426e-01	1.842469e-01	1.041247e-01	7.308765e-02	3.103703e-02	2.102531e-02	-1.835212e-02	2.132100e-02	4.589136e-02	4.426668e-02	1.624674e-03
389           	3.309510e-01	1.471956e-01	1.837555e-01	1.069903e-01	7.378943e-02	3.320089e-02	2.029427e-02	-1.827995e-02	2.144436e-02	4.617410e-02	4.453142e-02	1.642686e-03
390           	3.299749e-01	1.467940e-01	1.831809e-01	1.094330e-01	7.426617e-02	3.516682e-02	1.954967e-02	-1.819345e-02	2.161798e-02	4.645487e-02	4.484541e-02	1.609456e-03
391           	3.289397e-01	1.463766e-01	1.825632e-01	1.114191e-01	7.456858e-02	3.685055e-02	1.885901e-02	-1.809330e-02	2.181552e-02	4.668792e-02	4.515948e-02	1.528439e-03
392           	3.279434e-01	1.459822e-01	1.819612e-01	1.129563e-01	7.472465e-02	3.823160e-02	1.824653e-02	-1.798947e-02	2.202652e-02	4.685031e-02	4.545167e-02	1.398633e-03
393           	3.270593e-01	1.456355e-01	1.814238e-01	1.140580e-01	7.476257e-02	3.929542e-02	1.773358e-02	-1.789417e-02	2.223985e-02	4.694087e-02	4.571029e-02	1.230585e-03
394           	3.263499e-01	1.453678e-01	1.809821e-01	1.148102e-01	7.471369e-02	4.009655e-02	1.730857e-02	-1.780712e-02	2.245518e-02	4.696395e-02	4.593716e-02	1.026796e-03
395           	3.258389e-01	1.451888e-01	1.806501e-01	1.152463e-01	7.460309e-02	4.064324e-02	1.697993e-02	-1.773065e-02	2.265018e-02	4.691775e-02	4.610906e-02	8.086939e-04
396           	3.255371e-01	1.451012e-01	1.804359e-01	1.152538e-01	7.442755e-02	4.082629e-02	1.680063e-02	-1.766734e-02	2.280839e-02	4.678440e-02	4.620059e-02	5.838095e-04
397           	3.254757e-01	1.451160e-01	1.803597e-01	1.147074e-01	7.418862e-02	4.051873e-02	1.683494e-02	-1.762183e-02	2.290014e-02	4.655175e-02	4.617601e-02	3.757363e-04
398           	3.256933e-01	1.452507e-01	1.804426e-01	1.135638e-01	7.389680e-02	3.966699e-02	1.711491e-02	-1.759594e-02	2.291007e-02	4.618952e-02	4.600484e-02	1.846883e-04
399           	3.262215e-01	1.455254e-01	1.806961e-01	1.118503e-01	7.360206e-02	3.824820e-02	1.767693e-02	-1.758536e-02	2.281898e-02	4.567775e-02	4.565785e-02	1.989689e-05
400           	3.270353e-01	1.459379e-01	1.810974e-01	1.096631e-01	7.336620e-02	3.629687e-02	1.853467e-02	-1.757971e-02	2.263680e-02	4.501857e-02	4.514609e-02	-1.275152e-04
401           	3.280560e-01	1.464538e-01	1.816021e-01	1.071152e-01	7.321981e-02	3.389538e-02	1.966222e-02	-1.757415e-02	2.236184e-02	4.422848e-02	4.447608e-02	-2.475995e-04
402           	3.291692e-01	1.470306e-01	1.821386e-01	1.043866e-01	7.321394e-02	3.117266e-02	2.102064e-02	-1.755398e-02	2.200747e-02	4.330297e-02	4.365896e-02	-3.559883e-04
403           	3.302839e-01	1.476203e-01	1.826635e-01	1.016422e-01	7.340526e-02	2.823691e-02	2.258417e-02	-1.752159e-02	2.158858e-02	4.227455e-02	4.272586e-02	-4.513069e-04
404           	3.313086e-01	1.481674e-01	1.831412e-01	9.900348e-02	7.378288e-02	2.522059e-02	2.428114e-02	-1.748693e-02	2.116016e-02	4.122308e-02	4.177170e-02	-5.486232e-04
405           	3.321767e-01	1.486382e-01	1.835386e-01	9.664393e-02	7.429575e-02	2.234819e-02	2.597378e-02	-1.745019e-02	2.076363e-02	4.024866e-02	4.088796e-02	-6.393039e-04
406           	3.328448e-01	1.490224e-01	1.838224e-01	9.471100e-02	7.486145e-02	1.984955e-02	2.750595e-02	-1.739996e-02	2.045311e-02	3.943674e-02	4.017148e-02	-7.347382e-04
407           	3.333194e-01	1.493279e-01	1.839916e-01	9.324424e-02	7.540817e-02	1.783607e-02	2.878605e-02	-1.733186e-02	2.025012e-02	3.886312e-02	3.968168e-02	-8.185608e-04
408           	3.335994e-01	1.495582e-01	1.840413e-01	9.225605e-02	7.591118e-02	1.634487e-02	2.978316e-02	-1.724155e-02	2.017914e-02	3.856003e-02	3.945915e-02	-8.991281e-04
409           	3.336694e-01	1.497093e-01	1.839601e-01	9.174579e-02	7.634803e-02	1.539776e-02	3.047513e-02	-1.712540e-02	2.023200e-02	3.851426e-02	3.948912e-02	-9.748690e-04
410           	3.334949e-01	1.497690e-01	1.837259e-01	9.160392e-02	7.663512e-02	1.496879e-02	3.083316e-02	-1.697842e-02	2.039308e-02	3.865854e-02	3.972236e-02	-1.063813e-03
411           	3.330620e-01	1.497367e-01	1.833253e-01	9.165788e-02	7.669516e-02	1.496272e-02	3.086622e-02	-1.679428e-02	2.060955e-02	3.889926e-02	4.005918e-02	-1.159914e-03
412           	3.323753e-01	1.496154e-01	1.827599e-01	9.176351e-02	7.651109e-02	1.525242e-02	3.062933e-02	-1.657227e-02	2.085906e-02	3.917167e-02	4.044490e-02	-1.273225e-03
413           	3.314817e-01	1.494030e-01	1.820787e-01	9.190472e-02	7.616467e-02	1.574005e-02	3.021231e-02	-1.633785e-02	2.112255e-02	3.951207e-02	4.087858e-02	-1.366512e-03
414           	3.303783e-01	1.490665e-01	1.813118e-01	9.214432e-02	7.572554e-02	1.641878e-02	2.965338e-02	-1.612269e-02	2.141987e-02	3.996621e-02	4.140298e-02	-1.436765e-03
415           	3.291134e-01	1.486044e-01	1.805090e-01	9.260474e-02	7.528270e-02	1.732205e-02	2.898033e-02	-1.595230e-02	2.173176e-02	4.062366e-02	4.204359e-02	-1.419928e-03
416           	3.277903e-01	1.480547e-01	1.797356e-01	9.335866e-02	7.489291e-02	1.846575e-02	2.821358e-02	-1.584047e-02	2.203308e-02	4.143926e-02	4.275271e-02	-1.313447e-03
417           	3.265757e-01	1.475049e-01	1.790708e-01	9.438524e-02	7.453160e-02	1.985364e-02	2.733898e-02	-1.578295e-02	2.226318e-02	4.231561e-02	4.342099e-02	-1.105379e-03
418           	3.255962e-01	1.470440e-01	1.785523e-01	9.557325e-02	7.415023e-02	2.142302e-02	2.636361e-02	-1.575415e-02	2.238066e-02	4.308120e-02	4.392126e-02	-8.400589e-04
419           	3.249086e-01	1.467191e-01	1.781895e-01	9.673809e-02	7.372251e-02	2.301557e-02	2.535347e-02	-1.573521e-02	2.236458e-02	4.365018e-02	4.418967e-02	-5.394905e-04
420           	3.245213e-01	1.465232e-01	1.779981e-01	9.765808e-02	7.328434e-02	2.437374e-02	2.445530e-02	-1.573747e-02	2.223101e-02	4.405474e-02	4.425838e-02	-2.036357e-04
421           	3.244734e-01	1.464479e-01	1.780255e-01	9.815322e-02	7.295279e-02	2.520044e-02	2.387617e-02	-1.578880e-02	2.198853e-02	4.432561e-02	4.415133e-02	1.742769e-04
422           	3.247952e-01	1.465110e-01	1.782842e-01	9.806848e-02	7.283127e-02	2.523721e-02	2.379703e-02	-1.588658e-02	2.164321e-02	4.444604e-02	4.386623e-02	5.798108e-04
423           	3.254915e-01	1.467269e-01	1.787646e-01	9.714222e-02	7.293343e-02	2.420878e-02	2.436232e-02	-1.601885e-02	2.120614e-02	4.438972e-02	4.340100e-02	9.887188e-04
424           	3.265204e-01	1.470736e-01	1.794468e-01	9.522156e-02	7.331074e-02	2.191082e-02	2.569996e-02	-1.618663e-02	2.070349e-02	4.414066e-02	4.277382e-02	1.366840e-03
425           	3.278110e-01	1.475261e-01	1.802848e-01	9.226652e-02	7.395396e-02	1.831255e-02	2.782071e-02	-1.637937e-02	2.017236e-02	4.372604e-02	4.203538e-02	1.690656e-03
426           	3.291967e-01	1.480361e-01	1.811606e-01	8.868987e-02	7.483312e-02	1.385675e-02	3.048818e-02	-1.656221e-02	1.967458e-02	4.319584e-02	4.127250e-02	1.923344e-03
427           	3.304501e-01	1.485456e-01	1.819045e-01	8.539638e-02	7.598037e-02	9.416008e-03	3.328218e-02	-1.667944e-02	1.925996e-02	4.263815e-02	4.057904e-02	2.059115e-03
428           	3.313105e-01	1.489619e-01	1.823486e-01	8.321323e-02	7.730555e-02	5.907678e-03	3.569894e-02	-1.669337e-02	1.894490e-02	4.208517e-02	3.998748e-02	2.097686e-03
429           	3.316233e-01	1.492117e-01	1.824116e-01	8.254611e-02	7.865555e-02	3.890562e-03	3.738249e-02	-1.659994e-02	1.871887e-02	4.154428e-02	3.949101e-02	2.053276e-03
430           	3.313871e-01	1.492589e-01	1.821282e-01	8.330405e-02	7.978096e-02	3.523084e-03	3.812894e-02	-1.643465e-02	1.856090e-02	4.099421e-02	3.905801e-02	1.936203e-03
431           	3.306777e-01	1.490969e-01	1.815808e-01	8.517187e-02	8.048565e-02	4.686220e-03	3.789972e-02	-1.624192e-02	1.845556e-02	4.040940e-02	3.866026e-02	1.749146e-03
432           	3.296558e-01	1.487748e-01	1.808810e-01	8.780180e-02	8.069705e-02	7.104742e-03	3.679616e-02	-1.605307e-02	1.838005e-02	3.975603e-02	3.825806e-02	1.497968e-03
433           	3.285193e-01	1.483687e-01	1.801506e-01	9.084297e-02	8.047337e-02	1.036960e-02	3.505189e-02	-1.589096e-02	1.832350e-02	3.904021e-02	3.784360e-02	1.196604e-03
434           	3.274769e-01	1.479660e-01	1.795109e-01	9.399419e-02	7.995721e-02	1.403698e-02	3.296012e-02	-1.577247e-02	1.827301e-02	3.828974e-02	3.741787e-02	8.718612e-04
435           	3.267118e-01	1.476536e-01	1.790581e-01	9.683240e-02	7.923392e-02	1.759848e-02	3.081772e-02	-1.570227e-02	1.821930e-02	3.752513e-02	3.698186e-02	5.432683e-04
436           	3.263469e-01	1.474904e-01	1.788564e-01	9.902219e-02	7.840836e-02	2.061382e-02	2.889727e-02	-1.568301e-02	1.816089e-02	3.678018e-02	3.655098e-02	2.292035e-04
437           	3.263832e-01	1.474836e-01	1.788996e-01	1.003523e-01	7.755039e-02	2.280191e-02	2.737424e-02	-1.570803e-02	1.810503e-02	3.611533e-02	3.616270e-02	-4.736689e-05
438           	3.267737e-01	1.476265e-01	1.791472e-01	1.009174e-01	7.681479e-02	2.410262e-02	2.635609e-02	-1.576037e-02	1.804896e-02	3.554599e-02	3.582196e-02	-2.759694e-04
439           	3.274309e-01	1.479051e-01	1.795258e-01	1.010578e-01	7.641616e-02	2.464165e-02	2.588726e-02	-1.581036e-02	1.799743e-02	3.507603e-02	3.553544e-02	-4.594145e-04
440           	3.282551e-01	1.483068e-01	1.799482e-01	1.011909e-01	7.647810e-02	2.471275e-02	2.588267e-02	-1.582069e-02	1.793596e-02	3.467940e-02	3.527566e-02	-5.962630e-04
441           	3.291846e-01	1.488139e-01	1.803707e-01	1.016109e-01	7.708705e-02	2.452389e-02	2.628158e-02	-1.577840e-02	1.785052e-02	3.432768e-02	3.501436e-02	-6.866735e-04
442           	3.301516e-01	1.493937e-01	1.807579e-01	1.022354e-01	7.807567e-02	2.415975e-02	2.695796e-02	-1.568211e-02	1.774009e-02	3.396850e-02	3.472434e-02	-7.558339e-04
443           	3.311108e-01	1.500034e-01	1.811073e-01	1.027576e-01	7.913284e-02	2.362474e-02	2.775405e-02	-1.555195e-02	1.760763e-02	3.363009e-02	3.442267e-02	-7.925863e-04
444           	3.319921e-01	1.505905e-01	1.814016e-01	1.029407e-01	7.995115e-02	2.298955e-02	2.848080e-02	-1.540555e-02	1.748664e-02	3.331922e-02	3.414625e-02	-8.270312e-04
445           	3.327229e-01	1.511055e-01	1.816175e-01	1.028531e-01	8.042697e-02	2.242614e-02	2.900041e-02	-1.525602e-02	1.739798e-02	3.309477e-02	3.394537e-02	-8.505977e-04
446           	3.332145e-01	1.514955e-01	1.817190e-01	1.026845e-01	8.055920e-02	2.212526e-02	2.921697e-02	-1.511173e-02	1.739153e-02	3.298626e-02	3.388466e-02	-8.983953e-04
447           	3.334179e-01	1.517217e-01	1.816962e-01	1.026404e-01	8.039952e-02	2.224090e-02	2.907931e-02	-1.498721e-02	1.748677e-02	3.305596e-02	3.401474e-02	-9.587878e-04
448           	3.333122e-01	1.517712e-01	1.815410e-01	1.027234e-01	7.992556e-02	2.279784e-02	2.856386e-02	-1.488491e-02	1.767979e-02	3.327647e-02	3.431803e-02	-1.041553e-03
449           	3.328605e-01	1.516044e-01	1.812561e-01	1.029657e-01	7.923448e-02	2.373126e-02	2.775161e-02	-1.482583e-02	1.796494e-02	3.363425e-02	3.478206e-02	-1.147810e-03
450           	3.320855e-01	1.512230e-01	1.808625e-01	1.034511e-01	7.848598e-02	2.496508e-02	2.676045e-02	-1.481971e-02	1.832726e-02	3.408916e-02	3.537185e-02	-1.282682e-03
451           	3.310971e-01	1.507078e-01	1.803893e-01	1.043401e-01	7.792363e-02	2.641643e-02	2.575360e-02	-1.484072e-02	1.869009e-02	3.457120e-02	3.597569e-02	-1.404492e-03
452           	3.299639e-01	1.501043e-01	1.798596e-01	1.056501e-01	7.764537e-02	2.800476e-02	2.482030e-02	-1.487767e-02	1.904144e-02	3.501152e-02	3.654720e-02	-1.535681e-03
453           	3.287408e-01	1.494387e-01	1.793021e-01	1.072616e-01	7.770947e-02	2.955208e-02	2.407870e-02	-1.493170e-02	1.937143e-02	3.542834e-02	3.708561e-02	-1.657263e-03
454           	3.275409e-01	1.487616e-01	1.787793e-01	1.088577e-01	7.801998e-02	3.083773e-02	2.359112e-02	-1.500882e-02	1.968350e-02	3.582868e-02	3.759784e-02	-1.769157e-03
455           	3.264907e-01	1.481338e-01	1.783569e-01	1.100296e-01	7.838401e-02	3.164564e-02	2.336918e-02	-1.511153e-02	1.996736e-02	3.624964e-02	3.809219e-02	-1.842544e-03
456           	3.257506e-01	1.476288e-01	1.781218e-01	1.103888e-01	7.863838e-02	3.175038e-02	2.344400e-02	-1.524654e-02	2.021651e-02	3.669183e-02	3.856243e-02	-1.870598e-03
457           	3.254220e-01	1.472946e-01	1.781274e-01	1.098110e-01	7.874803e-02	3.106293e-02	2.384255e-02	-1.541642e-02	2.043019e-02	3.714381e-02	3.900210e-02	-1.858285e-03
458           	3.255406e-01	1.471506e-01	1.783900e-01	1.083595e-01	7.875062e-02	2.960891e-02	2.457086e-02	-1.561970e-02	2.060701e-02	3.754135e-02	3.937769e-02	-1.836333e-03
459           	3.260959e-01	1.472108e-01	1.788851e-01	1.061438e-01	7.870389e-02	2.743992e-02	2.563198e-02	-1.583717e-02	2.074206e-02	3.784905e-02	3.966659e-02	-1.817538e-03
460           	3.270005e-01	1.474536e-01	1.795469e-01	1.031345e-01	7.849860e-02	2.463594e-02	2.693133e-02	-1.604663e-02	2.083867e-02	3.805602e-02	3.986668e-02	-1.810658e-03
461           	3.281126e-01	1.478076e-01	1.803050e-01	9.951765e-02	7.816767e-02	2.134998e-02	2.840884e-02	-1.624868e-02	2.090510e-02	3.823141e-02	4.002080e-02	-1.789395e-03
462           	3.292773e-01	1.481778e-01	1.810994e-01	9.546461e-02	7.772430e-02	1.774032e-02	2.999199e-02	-1.646079e-02	2.095438e-02	3.842985e-02	4.016931e-02	-1.739460e-03
463           	3.303862e-01	1.485170e-01	1.818692e-01	9.142004e-02	7.735633e-02	1.406371e-02	3.164631e-02	-1.667612e-02	2.101011e-02	3.871818e-02	4.036920e-02	-1.651027e-03
464           	3.313353e-01	1.488081e-01	1.825272e-01	8.774489e-02	7.716135e-02	1.058354e-02	3.328891e-02	-1.685955e-02	2.109878e-02	3.910578e-02	4.065167e-02	-1.545894e-03
465           	3.321026e-01	1.490593e-01	1.830433e-01	8.472121e-02	7.728295e-02	7.438256e-03	3.492235e-02	-1.699197e-02	2.125008e-02	3.959933e-02	4.104975e-02	-1.450418e-03
466           	3.327225e-01	1.492952e-01	1.834273e-01	8.239346e-02	7.776761e-02	4.625854e-03	3.657088e-02	-1.706608e-02	2.149011e-02	4.016810e-02	4.157416e-02	-1.406061e-03
467           	3.332580e-01	1.495434e-01	1.837145e-01	8.066198e-02	7.857385e-02	2.088135e-03	3.824286e-02	-1.708555e-02	2.182445e-02	4.081889e-02	4.223389e-02	-1.415005e-03
468           	3.337596e-01	1.498095e-01	1.839502e-01	7.933173e-02	7.948057e-02	-1.488400e-04	3.981470e-02	-1.707036e-02	2.223842e-02	4.150210e-02	4.298947e-02	-1.487372e-03
469           	3.342210e-01	1.500645e-01	1.841564e-01	7.836816e-02	8.029627e-02	-1.928108e-03	4.111219e-02	-1.704597e-02	2.268493e-02	4.220398e-02	4.378692e-02	-1.582947e-03
470           	3.345977e-01	1.502653e-01	1.843324e-01	7.790897e-02	8.092258e-02	-3.013610e-03	4.196810e-02	-1.703358e-02	2.312411e-02	4.289127e-02	4.456975e-02	-1.678474e-03
471           	3.348679e-01	1.503905e-01	1.844773e-01	7.810521e-02	8.134215e-02	-3.236931e-03	4.228954e-02	-1.704341e-02	2.353301e-02	4.356837e-02	4.531720e-02	-1.748830e-03
472           	3.350138e-01	1.504359e-01	1.845779e-01	7.892099e-02	8.150477e-02	-2.583787e-03	4.204428e-02	-1.707099e-02	2.389866e-02	4.418237e-02	4.598985e-02	-1.807475e-03
473           	3.350177e-01	1.503979e-01	1.846198e-01	8.021210e-02	8.137528e-02	-1.163181e-03	4.126923e-02	-1.711097e-02	2.419839e-02	4.469116e-02	4.654397e-02	-1.852816e-03
474           	3.348641e-01	1.502541e-01	1.846100e-01	8.179272e-02	8.092780e-02	8.649233e-04	4.003144e-02	-1.717794e-02	2.442779e-02	4.506820e-02	4.696190e-02	-1.893693e-03
475           	3.345551e-01	1.499957e-01	1.845593e-01	8.358546e-02	8.030951e-02	3.275947e-03	3.851678e-02	-1.728180e-02	2.456026e-02	4.530856e-02	4.721454e-02	-1.905975e-03
476           	3.341590e-01	1.496636e-01	1.844955e-01	8.557857e-02	7.971395e-02	5.864621e-03	3.692466e-02	-1.741595e-02	2.457648e-02	4.540256e-02	4.727776e-02	-1.875200e-03
477           	3.337925e-01	1.493412e-01	1.844513e-01	8.778936e-02	7.932390e-02	8.465465e-03	3.542922e-02	-1.755508e-02	2.446722e-02	4.533910e-02	4.713677e-02	-1.797675e-03
478           	3.336155e-01	1.491182e-01	1.844973e-01	9.015094e-02	7.928010e-02	1.087083e-02	3.420464e-02	-1.768956e-02	2.424544e-02	4.512141e-02	4.680614e-02	-1.684731e-03
479           	3.337575e-01	1.490589e-01	1.846987e-01	9.228039e-02	7.952403e-02	1.275637e-02	3.338383e-02	-1.781991e-02	2.394417e-02	4.477478e-02	4.633156e-02	-1.556785e-03
480           	3.342033e-01	1.491452e-01	1.850581e-01	9.372017e-02	7.979088e-02	1.392929e-02	3.293079e-02	-1.795641e-02	2.361909e-02	4.438728e-02	4.581273e-02	-1.425449e-03
481           	3.348444e-01	1.493231e-01	1.855213e-01	9.449089e-02	7.989213e-02	1.459876e-02	3.264669e-02	-1.809911e-02	2.333464e-02	4.404309e-02	4.535618e-02	-1.313095e-03
482           	3.355965e-01	1.495494e-01	1.860471e-01	9.496914e-02	7.989646e-02	1.507268e-02	3.241189e-02	-1.824883e-02	2.314799e-02	4.381212e-02	4.505405e-02	-1.241930e-03
483           	3.363493e-01	1.497878e-01	1.865615e-01	9.550075e-02	7.991851e-02	1.558224e-02	3.216814e-02	-1.838687e-02	2.307953e-02	4.373031e-02	4.494468e-02	-1.214377e-03
484           	3.369578e-01	1.499927e-01	1.869651e-01	9.628653e-02	7.999557e-02	1.629097e-02	3.185230e-02	-1.848617e-02	2.310911e-02	4.379504e-02	4.500663e-02	-1.211590e-03
485           	3.373134e-01	1.501401e-01	1.871733e-01	9.728438e-02	8.001883e-02	1.726554e-02	3.137664e-02	-1.851658e-02	2.319576e-02	4.393026e-02	4.516089e-02	-1.230629e-03
486           	3.374022e-01	1.502290e-01	1.871732e-01	9.835228e-02	7.990751e-02	1.844477e-02	3.073137e-02	-1.847210e-02	2.328912e-02	4.409017e-02	4.533421e-02	-1.244041e-03
487           	3.372607e-01	1.502571e-01	1.870036e-01	9.940743e-02	7.967970e-02	1.972773e-02	2.997599e-02	-1.837329e-02	2.335875e-02	4.425776e-02	4.548763e-02	-1.229865e-03
488           	3.369214e-01	1.502244e-01	1.866970e-01	1.004771e-01	7.943835e-02	2.103876e-02	2.919979e-02	-1.823628e-02	2.338776e-02	4.441999e-02	4.559775e-02	-1.177766e-03
489           	3.364016e-01	1.501446e-01	1.862570e-01	1.015661e-01	7.926899e-02	2.229711e-02	2.848594e-02	-1.805623e-02	2.336209e-02	4.454650e-02	4.563534e-02	-1.088840e-03
490           	3.357298e-01	1.500193e-01	1.857105e-01	1.026463e-01	7.921301e-02	2.343331e-02	2.788985e-02	-1.784560e-02	2.327540e-02	4.459541e-02	4.557311e-02	-9.776953e-04
491           	3.349632e-01	1.498578e-01	1.851054e-01	1.036140e-01	7.923692e-02	2.437712e-02	2.742990e-02	-1.762379e-02	2.313361e-02	4.454259e-02	4.540491e-02	-8.623178e-04
492           	3.341701e-01	1.496613e-01	1.845088e-01	1.044427e-01	7.927175e-02	2.517096e-02	2.705040e-02	-1.742377e-02	2.297441e-02	4.440880e-02	4.517881e-02	-7.700109e-04
493           	3.333616e-01	1.494120e-01	1.839496e-01	1.051322e-01	7.922219e-02	2.591001e-02	2.665609e-02	-1.726883e-02	2.285021e-02	4.419588e-02	4.494814e-02	-7.522678e-04
494           	3.325106e-01	1.490761e-01	1.834346e-01	1.056461e-01	7.896810e-02	2.667800e-02	2.614505e-02	-1.717924e-02	2.279342e-02	4.393423e-02	4.476054e-02	-8.263094e-04
495           	3.316970e-01	1.487065e-01	1.829905e-01	1.059965e-01	7.851312e-02	2.748342e-02	2.551485e-02	-1.714200e-02	2.278670e-02	4.360259e-02	4.458799e-02	-9.854083e-04
496           	3.310225e-01	1.483811e-01	1.826414e-01	1.060681e-01	7.790022e-02	2.816785e-02	2.486619e-02	-1.713016e-02	2.276824e-02	4.314243e-02	4.433946e-02	-1.197028e-03
497           	3.305476e-01	1.481308e-01	1.824168e-01	1.056954e-01	7.714990e-02	2.854550e-02	2.430220e-02	-1.714298e-02	2.266122e-02	4.255692e-02	4.393968e-02	-1.382754e-03
498           	3.303044e-01	1.479777e-01	1.823267e-01	1.048187e-01	7.633689e-02	2.848179e-02	2.392755e-02	-1.717447e-02	2.244434e-02	4.183862e-02	4.336365e-02	-1.525034e-03
499           	3.303294e-01	1.479448e-01	1.823846e-01	1.034831e-01	7.557873e-02	2.790440e-02	2.383717e-02	-1.721990e-02	2.212829e-02	4.103923e-02	4.264790e-02	-1.608673e-03
500           	3.306276e-01	1.480349e-01	1.825927e-01	1.018243e-01	7.503588e-02	2.678838e-02	2.412375e-02	-1.727890e-02	2.177409e-02	4.023179e-02	4.188999e-02	-1.658193e-03
501           	3.311930e-01	1.482551e-01	1.829379e-01	1.001777e-01	7.495972e-02	2.521798e-02	2.487087e-02	-1.734136e-02	2.143042e-02	3.954015e-02	4.120050e-02	-1.660343e-03
502           	3.319259e-01	1.485626e-01	1.833633e-01	9.885682e-02	7.545673e-02	2.340009e-02	2.602832e-02	-1.740039e-02	2.115275e-02	3.906229e-02	4.068389e-02	-1.621600e-03
503           	3.327110e-01	1.489038e-01	1.838073e-01	9.795902e-02	7.640516e-02	2.155386e-02	2.742565e-02	-1.745174e-02	2.093836e-02	3.882677e-02	4.035174e-02	-1.524973e-03
504           	3.334525e-01	1.492366e-01	1.842159e-01	9.749620e-02	7.760516e-02	1.989104e-02	2.885706e-02	-1.748967e-02	2.077774e-02	3.878082e-02	4.016815e-02	-1.387324e-03
505           	3.340549e-01	1.495114e-01	1.845435e-01	9.748215e-02	7.886731e-02	1.861484e-02	3.012623e-02	-1.751607e-02	2.067018e-02	3.888325e-02	4.011180e-02	-1.228549e-03
506           	3.344020e-01	1.496649e-01	1.847370e-01	9.785819e-02	7.994152e-02	1.791667e-02	3.101243e-02	-1.753605e-02	2.062742e-02	3.910660e-02	4.018072e-02	-1.074123e-03
507           	3.344333e-01	1.496668e-01	1.847665e-01	9.869321e-02	8.072742e-02	1.796579e-02	3.138081e-02	-1.754984e-02	2.064468e-02	3.940949e-02	4.034943e-02	-9.399336e-04
508           	3.341388e-01	1.495160e-01	1.846228e-01	1.000551e-01	8.120521e-02	1.884992e-02	3.117764e-02	-1.755340e-02	2.072599e-02	3.976422e-02	4.060810e-02	-8.438837e-04
509           	3.335289e-01	1.492304e-01	1.842985e-01	1.017786e-01	8.128000e-02	2.049864e-02	3.039068e-02	-1.753405e-02	2.085409e-02	4.012220e-02	4.091519e-02	-7.929887e-04
510           	3.326497e-01	1.488438e-01	1.838059e-01	1.034713e-01	8.088417e-02	2.258713e-02	2.914852e-02	-1.748109e-02	2.100102e-02	4.039733e-02	4.119968e-02	-8.023551e-04
511           	3.316103e-01	1.484065e-01	1.832038e-01	1.048250e-01	8.014001e-02	2.468503e-02	2.772749e-02	-1.739865e-02	2.111854e-02	4.054371e-02	4.139040e-02	-8.466887e-04
512           	3.305127e-01	1.479607e-01	1.825520e-01	1.057136e-01	7.928737e-02	2.642622e-02	2.643057e-02	-1.729562e-02	2.118755e-02	4.052760e-02	4.145135e-02	-9.237559e-04
513           	3.295037e-01	1.475851e-01	1.819186e-01	1.061764e-01	7.857132e-02	2.760508e-02	2.548312e-02	-1.716673e-02	2.118831e-02	4.034142e-02	4.135902e-02	-1.017596e-03
514           	3.286870e-01	1.473337e-01	1.813532e-01	1.062688e-01	7.811629e-02	2.815253e-02	2.498188e-02	-1.700975e-02	2.110463e-02	3.994523e-02	4.107724e-02	-1.132011e-03
515           	3.281459e-01	1.472471e-01	1.808988e-01	1.059405e-01	7.796617e-02	2.797435e-02	2.499591e-02	-1.682583e-02	2.093590e-02	3.931171e-02	4.059175e-02	-1.280045e-03
516           	3.279541e-01	1.473557e-01	1.805984e-01	1.051282e-01	7.808742e-02	2.704074e-02	2.552334e-02	-1.662133e-02	2.068294e-02	3.844810e-02	3.990699e-02	-1.458893e-03
517           	3.281136e-01	1.476399e-01	1.804737e-01	1.038926e-01	7.835707e-02	2.553553e-02	2.641077e-02	-1.641686e-02	2.038232e-02	3.743748e-02	3.910106e-02	-1.663578e-03
518           	3.285186e-01	1.480332e-01	1.804853e-01	1.024062e-01	7.860175e-02	2.380448e-02	2.739863e-02	-1.622605e-02	2.008279e-02	3.641173e-02	3.828866e-02	-1.876930e-03
519           	3.290432e-01	1.484638e-01	1.805794e-01	1.009485e-01	7.870315e-02	2.224532e-02	2.822892e-02	-1.605780e-02	1.984189e-02	3.549504e-02	3.758941e-02	-2.094368e-03
520           	3.295868e-01	1.488811e-01	1.807057e-01	9.985339e-02	7.868982e-02	2.116358e-02	2.876312e-02	-1.591232e-02	1.967494e-02	3.473665e-02	3.704327e-02	-2.306620e-03
521           	3.301182e-01	1.492716e-01	1.808467e-01	9.928357e-02	7.861027e-02	2.067330e-02	2.896848e-02	-1.578755e-02	1.958361e-02	3.411560e-02	3.664141e-02	-2.525812e-03
522           	3.305961e-01	1.496262e-01	1.809699e-01	9.897115e-02	7.830620e-02	2.066495e-02	2.882062e-02	-1.567181e-02	1.954751e-02	3.361585e-02	3.635543e-02	-2.739581e-03
523           	3.309934e-01	1.499296e-01	1.810638e-01	9.871272e-02	7.777787e-02	2.093485e-02	2.842151e-02	-1.556710e-02	1.954352e-02	3.322658e-02	3.615681e-02	-2.930230e-03
524           	3.312253e-01	1.501518e-01	1.810735e-01	9.838766e-02	7.707053e-02	2.131713e-02	2.787670e-02	-1.546082e-02	1.956303e-02	3.293155e-02	3.602880e-02	-3.097255e-03
525           	3.312435e-01	1.502696e-01	1.809739e-01	9.823713e-02	7.644207e-02	2.179507e-02	2.732350e-02	-1.535213e-02	1.959493e-02	3.273470e-02	3.596228e-02	-3.227579e-03
526           	3.310618e-01	1.502864e-01	1.807754e-01	9.853694e-02	7.612609e-02	2.241085e-02	2.685762e-02	-1.524446e-02	1.962982e-02	3.263285e-02	3.594625e-02	-3.313397e-03
527           	3.307555e-01	1.502312e-01	1.805243e-01	9.945489e-02	7.629102e-02	2.316386e-02	2.656358e-02	-1.514651e-02	1.966473e-02	3.262040e-02	3.597493e-02	-3.354529e-03
528           	3.304213e-01	1.501382e-01	1.802831e-01	1.009098e-01	7.691720e-02	2.399262e-02	2.646229e-02	-1.507246e-02	1.969123e-02	3.271092e-02	3.604669e-02	-3.335777e-03
529           	3.301194e-01	1.500237e-01	1.800956e-01	1.026165e-01	7.782847e-02	2.478803e-02	2.652022e-02	-1.503595e-02	1.972352e-02	3.290085e-02	3.617394e-02	-3.273090e-03
530           	3.298591e-01	1.498941e-01	1.799651e-01	1.042772e-01	7.879747e-02	2.547970e-02	2.665888e-02	-1.503550e-02	1.978526e-02	3.315283e-02	3.636167e-02	-3.208848e-03
531           	3.296788e-01	1.497723e-01	1.799065e-01	1.057042e-01	7.966107e-02	2.604308e-02	2.680899e-02	-1.506713e-02	1.988583e-02	3.343887e-02	3.660527e-02	-3.166393e-03
532           	3.296044e-01	1.496662e-01	1.799382e-01	1.066722e-01	8.027532e-02	2.639684e-02	2.693924e-02	-1.513599e-02	2.002581e-02	3.370123e-02	3.687643e-02	-3.175195e-03
533           	3.296564e-01	1.495840e-01	1.800724e-01	1.070517e-01	8.055166e-02	2.650008e-02	2.702579e-02	-1.524421e-02	2.018273e-02	3.392035e-02	3.714290e-02	-3.222557e-03
534           	3.298598e-01	1.495335e-01	1.803264e-01	1.066324e-01	8.038926e-02	2.624315e-02	2.707305e-02	-1.539646e-02	2.032085e-02	3.411452e-02	3.737810e-02	-3.263587e-03
535           	3.302027e-01	1.495265e-01	1.806763e-01	1.054087e-01	7.986547e-02	2.554328e-02	2.716109e-02	-1.557490e-02	2.042652e-02	3.432312e-02	3.758808e-02	-3.264961e-03
536           	3.306200e-01	1.495575e-01	1.810626e-01	1.035859e-01	7.916991e-02	2.441596e-02	2.737698e-02	-1.575256e-02	2.049646e-02	3.457175e-02	3.778234e-02	-3.210590e-03
537           	3.310705e-01	1.496309e-01	1.814396e-01	1.015965e-01	7.865092e-02	2.294557e-02	2.785268e-02	-1.590435e-02	2.055168e-02	3.485544e-02	3.797940e-02	-3.123961e-03
538           	3.315372e-01	1.497563e-01	1.817809e-01	9.976963e-02	7.852832e-02	2.124131e-02	2.864351e-02	-1.601227e-02	2.061260e-02	3.513145e-02	3.817833e-02	-3.046880e-03
539           	3.320429e-01	1.499506e-01	1.820923e-01	9.820670e-02	7.882421e-02	1.938248e-02	2.972086e-02	-1.607081e-02	2.067991e-02	3.538844e-02	3.837413e-02	-2.985688e-03
540           	3.326269e-01	1.502271e-01	1.823997e-01	9.694087e-02	7.950087e-02	1.744000e-02	3.103044e-02	-1.608629e-02	2.075470e-02	3.559022e-02	3.854982e-02	-2.959594e-03
541           	3.332826e-01	1.505765e-01	1.827060e-01	9.595303e-02	8.041025e-02	1.554278e-02	3.243374e-02	-1.606475e-02	2.081999e-02	3.572150e-02	3.868074e-02	-2.959237e-03
542           	3.339452e-01	1.509545e-01	1.829908e-01	9.523776e-02	8.132149e-02	1.391627e-02	3.370261e-02	-1.601813e-02	2.084424e-02	3.581220e-02	3.875034e-02	-2.938138e-03
543           	3.345565e-01	1.513120e-01	1.832445e-01	9.487873e-02	8.209066e-02	1.278807e-02	3.465130e-02	-1.596623e-02	2.082593e-02	3.589592e-02	3.877389e-02	-2.877973e-03
544           	3.350331e-01	1.515988e-01	1.834343e-01	9.500257e-02	8.264281e-02	1.235976e-02	3.514153e-02	-1.591777e-02	2.080199e-02	3.595425e-02	3.877911e-02	-2.824866e-03
545           	3.353275e-01	1.517825e-01	1.835450e-01	9.571053e-02	8.296628e-02	1.274426e-02	3.511101e-02	-1.588128e-02	2.078709e-02	3.602178e-02	3.879798e-02	-2.776199e-03
546           	3.353956e-01	1.518309e-01	1.835647e-01	9.685268e-02	8.297526e-02	1.387741e-02	3.454892e-02	-1.586692e-02	2.079957e-02	3.609191e-02	3.884553e-02	-2.753620e-03
547           	3.351990e-01	1.517294e-01	1.834696e-01	9.833404e-02	8.269015e-02	1.564389e-02	3.352313e-02	-1.587013e-02	2.083366e-02	3.617049e-02	3.891890e-02	-2.748409e-03
548           	3.346937e-01	1.514656e-01	1.832280e-01	1.000890e-01	8.221911e-02	1.786988e-02	3.217461e-02	-1.588118e-02	2.088133e-02	3.624718e-02	3.900492e-02	-2.757746e-03
549           	3.338951e-01	1.510611e-01	1.828341e-01	1.021295e-01	8.180054e-02	2.032897e-02	3.073579e-02	-1.588650e-02	2.092219e-02	3.631515e-02	3.907976e-02	-2.764611e-03
550           	3.328586e-01	1.505634e-01	1.822952e-01	1.044714e-01	8.165935e-02	2.281206e-02	2.942364e-02	-1.586589e-02	2.094679e-02	3.635359e-02	3.912359e-02	-2.770001e-03
551           	3.316869e-01	1.500316e-01	1.816553e-01	1.069620e-01	8.186939e-02	2.509259e-02	2.838840e-02	-1.581185e-02	2.093950e-02	3.636802e-02	3.912351e-02	-2.755489e-03
552           	3.304888e-01	1.495125e-01	1.809764e-01	1.093362e-01	8.237443e-02	2.696181e-02	2.770631e-02	-1.573194e-02	2.089975e-02	3.633993e-02	3.906971e-02	-2.729785e-03
553           	3.293459e-01	1.490313e-01	1.803146e-01	1.112862e-01	8.299177e-02	2.829447e-02	2.734865e-02	-1.564166e-02	2.082875e-02	3.629110e-02	3.897430e-02	-2.683194e-03
554           	3.282886e-01	1.485900e-01	1.796986e-01	1.125648e-01	8.350776e-02	2.905699e-02	2.722538e-02	-1.555433e-02	2.074582e-02	3.622567e-02	3.885866e-02	-2.632986e-03
555           	3.273544e-01	1.481970e-01	1.791573e-01	1.130950e-01	8.378758e-02	2.930746e-02	2.724006e-02	-1.548016e-02	2.066334e-02	3.616972e-02	3.874820e-02	-2.578480e-03
556           	3.265673e-01	1.478628e-01	1.787045e-01	1.129662e-01	8.378592e-02	2.918026e-02	2.730283e-02	-1.542084e-02	2.060941e-02	3.611345e-02	3.866614e-02	-2.552690e-03
557           	3.259315e-01	1.475777e-01	1.783537e-01	1.122441e-01	8.343871e-02	2.880543e-02	2.731664e-02	-1.538799e-02	2.060163e-02	3.607261e-02	3.863794e-02	-2.565326e-03
558           	3.254471e-01	1.473303e-01	1.781168e-01	1.107354e-01	8.258245e-02	2.815293e-02	2.721476e-02	-1.539326e-02	2.065719e-02	3.605238e-02	3.868338e-02	-2.630998e-03
559           	3.251218e-01	1.471182e-01	1.780035e-01	1.084564e-01	8.121681e-02	2.723957e-02	2.698862e-02	-1.544264e-02	2.076600e-02	3.608874e-02	3.881037e-02	-2.721631e-03
560           	3.249013e-01	1.469453e-01	1.779560e-01	1.058255e-01	7.960282e-02	2.622270e-02	2.669006e-02	-1.550538e-02	2.091865e-02	3.615720e-02	3.899725e-02	-2.840051e-03
561           	3.247078e-01	1.467883e-01	1.779194e-01	1.033679e-01	7.811431e-02	2.525363e-02	2.643034e-02	-1.556555e-02	2.107913e-02	3.626359e-02	3.921092e-02	-2.947331e-03
562           	3.244899e-01	1.466340e-01	1.778559e-01	1.014092e-01	7.701834e-02	2.439090e-02	2.631372e-02	-1.561095e-02	2.120822e-02	3.639039e-02	3.940341e-02	-3.013019e-03
563           	3.242334e-01	1.464836e-01	1.777499e-01	1.000251e-01	7.642245e-02	2.360267e-02	2.640989e-02	-1.563316e-02	2.127662e-02	3.654869e-02	3.955096e-02	-3.002275e-03
564           	3.239823e-01	1.463560e-01	1.776262e-01	9.922567e-02	7.641596e-02	2.280971e-02	2.680313e-02	-1.563512e-02	2.128617e-02	3.671500e-02	3.964367e-02	-2.928665e-03
565           	3.238149e-01	1.462792e-01	1.775357e-01	9.886086e-02	7.696416e-02	2.189670e-02	2.753373e-02	-1.562827e-02	2.125485e-02	3.687908e-02	3.969439e-02	-2.815311e-03
566           	3.237936e-01	1.462751e-01	1.775185e-01	9.863322e-02	7.784743e-02	2.078579e-02	2.853082e-02	-1.562169e-02	2.119660e-02	3.702089e-02	3.970704e-02	-2.686153e-03
567           	3.239642e-01	1.463605e-01	1.776037e-01	9.830279e-02	7.885759e-02	1.944520e-02	2.970620e-02	-1.562164e-02	2.112803e-02	3.714424e-02	3.970015e-02	-2.555905e-03
568           	3.242922e-01	1.465175e-01	1.777747e-01	9.780881e-02	7.980068e-02	1.800813e-02	3.089627e-02	-1.562860e-02	2.108015e-02	3.721055e-02	3.968543e-02	-2.474879e-03
569           	3.246999e-01	1.466973e-01	1.780026e-01	9.730663e-02	8.055118e-02	1.675545e-02	3.189787e-02	-1.565267e-02	2.106416e-02	3.725390e-02	3.969110e-02	-2.437208e-03
570           	3.250650e-01	1.468366e-01	1.782285e-01	9.683381e-02	8.088641e-02	1.594740e-02	3.246950e-02	-1.569597e-02	2.111853e-02	3.726496e-02	3.975101e-02	-2.486053e-03
571           	3.252540e-01	1.468806e-01	1.783735e-01	9.648935e-02	8.066805e-02	1.582129e-02	3.242338e-02	-1.574646e-02	2.125177e-02	3.728600e-02	3.989477e-02	-2.608771e-03
572           	3.251521e-01	1.467749e-01	1.783772e-01	9.653518e-02	7.993395e-02	1.660123e-02	3.166636e-02	-1.580116e-02	2.146388e-02	3.734220e-02	4.013497e-02	-2.792778e-03
573           	3.247237e-01	1.465174e-01	1.782064e-01	9.725788e-02	7.894373e-02	1.831415e-02	3.031479e-02	-1.584452e-02	2.173692e-02	3.745358e-02	4.046371e-02	-3.010135e-03
574           	3.240498e-01	1.461637e-01	1.778862e-01	9.884476e-02	7.805002e-02	2.079474e-02	2.862764e-02	-1.586125e-02	2.203675e-02	3.760661e-02	4.084006e-02	-3.233448e-03
575           	3.232806e-01	1.457849e-01	1.774957e-01	1.011275e-01	7.746917e-02	2.365829e-02	2.690544e-02	-1.585540e-02	2.231922e-02	3.780090e-02	4.121967e-02	-3.418774e-03
576           	3.225915e-01	1.454502e-01	1.771413e-01	1.037139e-01	7.731910e-02	2.639476e-02	2.546217e-02	-1.584555e-02	2.255397e-02	3.800370e-02	4.155581e-02	-3.552118e-03
577           	3.221565e-01	1.452319e-01	1.769246e-01	1.061083e-01	7.759822e-02	2.851004e-02	2.454409e-02	-1.584637e-02	2.272066e-02	3.818453e-02	4.181292e-02	-3.628391e-03
578           	3.221173e-01	1.452107e-01	1.769065e-01	1.077941e-01	7.813583e-02	2.965832e-02	2.423876e-02	-1.584791e-02	2.281433e-02	3.826958e-02	4.194912e-02	-3.679536e-03
579           	3.225386e-01	1.454354e-01	1.771031e-01	1.083776e-01	7.871389e-02	2.966369e-02	2.452510e-02	-1.583385e-02	2.284889e-02	3.820484e-02	4.195131e-02	-3.746473e-03
580           	3.234506e-01	1.459312e-01	1.775194e-01	1.076573e-01	7.919680e-02	2.846050e-02	2.536815e-02	-1.579410e-02	2.284264e-02	3.793076e-02	4.180801e-02	-3.877257e-03
581           	3.247848e-01	1.466587e-01	1.781262e-01	1.057728e-01	7.955444e-02	2.621835e-02	2.666805e-02	-1.573375e-02	2.279798e-02	3.745231e-02	4.152413e-02	-4.071822e-03
582           	3.263735e-01	1.475142e-01	1.788593e-01	1.030521e-01	7.973127e-02	2.332083e-02	2.820522e-02	-1.567253e-02	2.271746e-02	3.683604e-02	4.113548e-02	-4.299438e-03
583           	3.281174e-01	1.484342e-01	1.796832e-01	9.968746e-02	7.970635e-02	1.998111e-02	2.986262e-02	-1.562448e-02	2.260802e-02	3.617791e-02	4.069698e-02	-4.519070e-03
584           	3.298919e-01	1.493662e-01	1.805258e-01	9.606952e-02	7.955203e-02	1.651749e-02	3.151727e-02	-1.557982e-02	2.248023e-02	3.552298e-02	4.024172e-02	-4.718739e-03
585           	3.315106e-01	1.502277e-01	1.812829e-01	9.269042e-02	7.933803e-02	1.335239e-02	3.299282e-02	-1.552761e-02	2.233804e-02	3.492769e-02	3.980189e-02	-4.874197e-03
586           	3.327623e-01	1.509255e-01	1.818368e-01	9.010579e-02	7.913929e-02	1.096649e-02	3.408640e-02	-1.545568e-02	2.218943e-02	3.442827e-02	3.940357e-02	-4.975293e-03
587           	3.335279e-01	1.514016e-01	1.821264e-01	8.868786e-02	7.902756e-02	9.660305e-03	3.468363e-02	-1.536241e-02	2.204601e-02	3.404992e-02	3.907097e-02	-5.021054e-03
588           	3.337592e-01	1.516180e-01	1.821412e-01	8.853218e-02	7.903063e-02	9.501549e-03	3.476454e-02	-1.526163e-02	2.192221e-02	3.380354e-02	3.882399e-02	-5.020443e-03
589           	3.335280e-01	1.515859e-01	1.819421e-01	8.953621e-02	7.919166e-02	1.034455e-02	3.442356e-02	-1.517808e-02	2.183448e-02	3.370961e-02	3.868929e-02	-4.979679e-03
590           	3.329709e-01	1.513627e-01	1.816082e-01	9.140033e-02	7.947158e-02	1.192875e-02	3.377141e-02	-1.512277e-02	2.180887e-02	3.374172e-02	3.867973e-02	-4.938013e-03
591           	3.322439e-01	1.510294e-01	1.812145e-01	9.366835e-02	7.972223e-02	1.394612e-02	3.288805e-02	-1.509255e-02	2.186582e-02	3.387867e-02	3.880516e-02	-4.926491e-03
592           	3.314826e-01	1.506667e-01	1.808159e-01	9.594296e-02	7.979191e-02	1.615105e-02	3.182043e-02	-1.507462e-02	2.203240e-02	3.406603e-02	3.906542e-02	-4.999386e-03
593           	3.307704e-01	1.503332e-01	1.804372e-01	9.818624e-02	7.968372e-02	1.850251e-02	3.059060e-02	-1.505201e-02	2.231777e-02	3.427209e-02	3.945382e-02	-5.181729e-03
594           	3.301262e-01	1.500208e-01	1.801054e-01	1.004002e-01	7.940497e-02	2.099525e-02	2.920486e-02	-1.504226e-02	2.268432e-02	3.453499e-02	3.995182e-02	-5.416827e-03
595           	3.295669e-01	1.497113e-01	1.798556e-01	1.023267e-01	7.888802e-02	2.343864e-02	2.772469e-02	-1.507214e-02	2.310124e-02	3.487361e-02	4.053805e-02	-5.664432e-03
596           	3.291012e-01	1.494104e-01	1.796908e-01	1.037031e-01	7.810343e-02	2.559967e-02	2.625188e-02	-1.514017e-02	2.354266e-02	3.526359e-02	4.117445e-02	-5.910862e-03
597           	3.287148e-01	1.491270e-01	1.795878e-01	1.045782e-01	7.719285e-02	2.738539e-02	2.490373e-02	-1.523037e-02	2.395697e-02	3.570711e-02	4.181052e-02	-6.103409e-03
598           	3.283808e-01	1.488649e-01	1.795160e-01	1.051494e-01	7.637299e-02	2.877638e-02	2.379830e-02	-1.532554e-02	2.430969e-02	3.618809e-02	4.240374e-02	-6.215650e-03
599           	3.280454e-01	1.486071e-01	1.794383e-01	1.056054e-01	7.575779e-02	2.984760e-02	2.295509e-02	-1.541559e-02	2.457550e-02	3.670147e-02	4.292623e-02	-6.224764e-03
600           	3.276822e-01	1.483407e-01	1.793415e-01	1.060151e-01	7.536061e-02	3.065453e-02	2.235304e-02	-1.550040e-02	2.473142e-02	3.724229e-02	4.335257e-02	-6.110275e-03
601           	3.273914e-01	1.481074e-01	1.792840e-01	1.062268e-01	7.529018e-02	3.093663e-02	2.217677e-02	-1.558828e-02	2.475367e-02	3.777435e-02	4.364084e-02	-5.866489e-03
602           	3.273127e-01	1.479985e-01	1.793142e-01	1.059472e-01	7.554012e-02	3.040711e-02	2.256651e-02	-1.565785e-02	2.466750e-02	3.815119e-02	4.374309e-02	-5.591904e-03
603           	3.273970e-01	1.480124e-01	1.793846e-01	1.052548e-01	7.586345e-02	2.939139e-02	2.323603e-02	-1.568608e-02	2.452048e-02	3.832262e-02	4.368179e-02	-5.359170e-03
604           	3.276061e-01	1.481285e-01	1.794776e-01	1.043252e-01	7.618742e-02	2.813782e-02	2.402480e-02	-1.567458e-02	2.436485e-02	3.831542e-02	4.352255e-02	-5.207139e-03
605           	3.279177e-01	1.483314e-01	1.795863e-01	1.032278e-01	7.651061e-02	2.671717e-02	2.489672e-02	-1.562744e-02	2.421776e-02	3.815008e-02	4.329280e-02	-5.142723e-03
606           	3.283577e-01	1.486061e-01	1.797516e-01	1.020013e-01	7.682291e-02	2.517836e-02	2.582227e-02	-1.557273e-02	2.406496e-02	3.786287e-02	4.299640e-02	-5.133528e-03
607           	3.289163e-01	1.489112e-01	1.800051e-01	1.004717e-01	7.691499e-02	2.355672e-02	2.667914e-02	-1.554697e-02	2.388964e-02	3.752216e-02	4.265073e-02	-5.128560e-03
608           	3.295559e-01	1.492315e-01	1.803244e-01	9.867956e-02	7.672029e-02	2.195927e-02	2.738051e-02	-1.554646e-02	2.368671e-02	3.720849e-02	4.229096e-02	-5.082469e-03
609           	3.302062e-01	1.495594e-01	1.806468e-01	9.674056e-02	7.627963e-02	2.046093e-02	2.790935e-02	-1.554374e-02	2.346501e-02	3.699117e-02	4.196059e-02	-4.969423e-03
610           	3.307873e-01	1.498581e-01	1.809292e-01	9.492681e-02	7.574417e-02	1.918264e-02	2.828077e-02	-1.553555e-02	2.323927e-02	3.690603e-02	4.169229e-02	-4.786257e-03
611           	3.312350e-01	1.500873e-01	1.811477e-01	9.352210e-02	7.525890e-02	1.826320e-02	2.849785e-02	-1.553017e-02	2.303803e-02	3.694671e-02	4.151138e-02	-4.564677e-03
612           	3.315216e-01	1.502406e-01	1.812810e-01	9.282790e-02	7.497857e-02	1.784933e-02	2.856462e-02	-1.552024e-02	2.288826e-02	3.708823e-02	4.143238e-02	-4.344150e-03
613           	3.316312e-01	1.503359e-01	1.812953e-01	9.304973e-02	7.497045e-02	1.807928e-02	2.844558e-02	-1.547972e-02	2.281717e-02	3.726916e-02	4.145175e-02	-4.182587e-03
614           	3.315770e-01	1.503867e-01	1.811903e-01	9.409832e-02	7.515813e-02	1.894018e-02	2.810898e-02	-1.540180e-02	2.282959e-02	3.744039e-02	4.154978e-02	-4.109393e-03
615           	3.314461e-01	1.504251e-01	1.810210e-01	9.545605e-02	7.539488e-02	2.006116e-02	2.766686e-02	-1.529792e-02	2.291811e-02	3.756831e-02	4.170227e-02	-4.133960e-03
616           	3.313209e-01	1.504731e-01	1.808477e-01	9.670416e-02	7.553460e-02	2.116957e-02	2.718252e-02	-1.518730e-02	2.304255e-02	3.765201e-02	4.186855e-02	-4.216539e-03
617           	3.312170e-01	1.505131e-01	1.807039e-01	9.770127e-02	7.548190e-02	2.221937e-02	2.663126e-02	-1.509540e-02	2.317686e-02	3.769820e-02	4.202596e-02	-4.327767e-03
618           	3.311558e-01	1.505287e-01	1.806271e-01	9.846342e-02	7.521500e-02	2.324842e-02	2.598329e-02	-1.504917e-02	2.329060e-02	3.770234e-02	4.214177e-02	-4.439427e-03
619           	3.311285e-01	1.505014e-01	1.806270e-01	9.888919e-02	7.461035e-02	2.427883e-02	2.516576e-02	-1.506280e-02	2.335146e-02	3.766685e-02	4.218488e-02	-4.518033e-03
620           	3.310977e-01	1.504266e-01	1.806711e-01	9.898261e-02	7.370827e-02	2.527434e-02	2.421696e-02	-1.512222e-02	2.334104e-02	3.753243e-02	4.210726e-02	-4.574827e-03
621           	3.309848e-01	1.502970e-01	1.806878e-01	9.875785e-02	7.260570e-02	2.615215e-02	2.322677e-02	-1.519542e-02	2.326576e-02	3.723917e-02	4.188534e-02	-4.646176e-03
622           	3.307740e-01	1.501234e-01	1.806506e-01	9.836150e-02	7.147529e-02	2.688621e-02	2.229454e-02	-1.526358e-02	2.312307e-02	3.680305e-02	4.152460e-02	-4.721545e-03
623           	3.304842e-01	1.499298e-01	1.805543e-01	9.802366e-02	7.049152e-02	2.753214e-02	2.147969e-02	-1.531225e-02	2.293429e-02	3.624828e-02	4.105842e-02	-4.810147e-03
624           	3.302034e-01	1.497585e-01	1.804448e-01	9.794116e-02	6.979711e-02	2.814404e-02	2.082653e-02	-1.534315e-02	2.270096e-02	3.565140e-02	4.052666e-02	-4.875262e-03
625           	3.300432e-01	1.496613e-01	1.803820e-01	9.817813e-02	6.941881e-02	2.875932e-02	2.032975e-02	-1.536036e-02	2.243296e-02	3.510816e-02	3.998705e-02	-4.878883e-03
626           	3.300927e-01	1.496714e-01	1.804213e-01	9.870869e-02	6.933342e-02	2.937527e-02	1.997908e-02	-1.537492e-02	2.215584e-02	3.466894e-02	3.949031e-02	-4.821366e-03
627           	3.303559e-01	1.498076e-01	1.805484e-01	9.949992e-02	6.944376e-02	3.005616e-02	1.969380e-02	-1.537040e-02	2.190899e-02	3.429862e-02	3.905830e-02	-4.759683e-03
628           	3.308056e-01	1.500712e-01	1.807344e-01	1.005822e-01	6.972548e-02	3.085667e-02	1.943440e-02	-1.533160e-02	2.170667e-02	3.395553e-02	3.868443e-02	-4.728905e-03
629           	3.313777e-01	1.504337e-01	1.809440e-01	1.018852e-01	7.008859e-02	3.179660e-02	1.914599e-02	-1.525514e-02	2.154997e-02	3.358900e-02	3.834447e-02	-4.755474e-03
630           	3.320110e-01	1.508505e-01	1.811604e-01	1.032029e-01	7.039334e-02	3.280954e-02	1.879190e-02	-1.515496e-02	2.140534e-02	3.317649e-02	3.799359e-02	-4.817095e-03
631           	3.326104e-01	1.512580e-01	1.813524e-01	1.043146e-01	7.053516e-02	3.377943e-02	1.837787e-02	-1.504722e-02	2.125321e-02	3.268092e-02	3.759367e-02	-4.912755e-03
632           	3.330903e-01	1.516015e-01	1.814889e-01	1.050965e-01	7.048974e-02	3.460671e-02	1.794151e-02	-1.494370e-02	2.107016e-02	3.211715e-02	3.712874e-02	-5.011588e-03
633           	3.334142e-01	1.518683e-01	1.815459e-01	1.055800e-01	7.031351e-02	3.526649e-02	1.752351e-02	-1.483879e-02	2.086940e-02	3.150877e-02	3.662379e-02	-5.115019e-03
634           	3.335731e-01	1.520676e-01	1.815055e-01	1.057883e-01	7.004736e-02	3.574089e-02	1.715323e-02	-1.471892e-02	2.067224e-02	3.086474e-02	3.610461e-02	-5.239872e-03
635           	3.335691e-01	1.522155e-01	1.813536e-01	1.056987e-01	6.974611e-02	3.595263e-02	1.689674e-02	-1.456909e-02	2.050697e-02	3.021358e-02	3.561376e-02	-5.400180e-03
636           	3.333733e-01	1.523134e-01	1.810599e-01	1.053002e-01	6.947595e-02	3.582424e-02	1.682585e-02	-1.437322e-02	2.039028e-02	2.956609e-02	3.517333e-02	-5.607240e-03
637           	3.329259e-01	1.523287e-01	1.805972e-01	1.046241e-01	6.928974e-02	3.533432e-02	1.697771e-02	-1.413424e-02	2.032100e-02	2.897082e-02	3.480641e-02	-5.835586e-03
638           	3.322040e-01	1.522408e-01	1.799632e-01	1.036567e-01	6.914409e-02	3.451263e-02	1.731573e-02	-1.386121e-02	2.029064e-02	2.844464e-02	3.451297e-02	-6.068321e-03
639           	3.312327e-01	1.520495e-01	1.791832e-01	1.024910e-01	6.900082e-02	3.349016e-02	1.775533e-02	-1.356682e-02	2.029913e-02	2.801155e-02	3.430490e-02	-6.293352e-03
640           	3.300839e-01	1.517791e-01	1.783048e-01	1.012164e-01	6.879814e-02	3.241828e-02	1.818993e-02	-1.326288e-02	2.034728e-02	2.768402e-02	3.418929e-02	-6.505273e-03
641           	3.288678e-01	1.514598e-01	1.774080e-01	9.992329e-02	6.849632e-02	3.142697e-02	1.853467e-02	-1.297411e-02	2.043112e-02	2.747941e-02	3.417082e-02	-6.691413e-03
642           	3.276961e-01	1.511219e-01	1.765742e-01	9.872067e-02	6.805818e-02	3.066249e-02	1.869784e-02	-1.272612e-02	2.054218e-02	2.738848e-02	3.423642e-02	-6.847941e-03
643           	3.266388e-01	1.507876e-01	1.758511e-01	9.767080e-02	6.746928e-02	3.020152e-02	1.863388e-02	-1.253175e-02	2.067949e-02	2.741935e-02	3.438917e-02	-6.969817e-03
644           	3.257415e-01	1.504733e-01	1.752683e-01	9.679967e-02	6.677193e-02	3.002775e-02	1.837209e-02	-1.239750e-02	2.084077e-02	2.758876e-02	3.463515e-02	-7.046390e-03
645           	3.249849e-01	1.501715e-01	1.748135e-01	9.612813e-02	6.602220e-02	3.010594e-02	1.795813e-02	-1.232100e-02	2.100505e-02	2.789014e-02	3.495012e-02	-7.059986e-03
646           	3.242989e-01	1.498562e-01	1.744427e-01	9.565870e-02	6.527362e-02	3.038508e-02	1.744427e-02	-1.229328e-02	2.114041e-02	2.829016e-02	3.528549e-02	-6.995328e-03
647           	3.236291e-01	1.495079e-01	1.741212e-01	9.535550e-02	6.455666e-02	3.079884e-02	1.687891e-02	-1.230665e-02	2.122105e-02	2.872953e-02	3.558581e-02	-6.856282e-03
648           	3.229983e-01	1.491446e-01	1.738537e-01	9.510554e-02	6.398142e-02	3.112412e-02	1.642865e-02	-1.235453e-02	2.123919e-02	2.912732e-02	3.580285e-02	-6.675526e-03
649           	3.224893e-01	1.488056e-01	1.736837e-01	9.470701e-02	6.365856e-02	3.104845e-02	1.630506e-02	-1.243902e-02	2.119961e-02	2.942283e-02	3.591103e-02	-6.488198e-03
650           	3.222478e-01	1.485543e-01	1.736935e-01	9.386109e-02	6.367992e-02	3.018117e-02	1.674938e-02	-1.256962e-02	2.111690e-02	2.960998e-02	3.592189e-02	-6.311909e-03
651           	3.224464e-01	1.484684e-01	1.739779e-01	9.219841e-02	6.410220e-02	2.809621e-02	1.800299e-02	-1.275475e-02	2.099680e-02	2.970613e-02	3.584987e-02	-6.143739e-03
652           	3.232670e-01	1.486321e-01	1.746348e-01	8.951328e-02	6.499438e-02	2.451890e-02	2.023774e-02	-1.300136e-02	2.085470e-02	2.975535e-02	3.573238e-02	-5.977028e-03
653           	3.247655e-01	1.490991e-01	1.756664e-01	8.583581e-02	6.632099e-02	1.951482e-02	2.340309e-02	-1.328366e-02	2.071887e-02	2.983378e-02	3.563576e-02	-5.801986e-03
654           	3.266991e-01	1.497760e-01	1.769231e-01	8.153990e-02	6.786693e-02	1.367297e-02	2.709698e-02	-1.357356e-02	2.063413e-02	3.001155e-02	3.563990e-02	-5.628355e-03
655           	3.286405e-01	1.504892e-01	1.781513e-01	7.725618e-02	6.935939e-02	7.896792e-03	3.073130e-02	-1.383104e-02	2.062172e-02	3.030326e-02	3.577335e-02	-5.470091e-03
656           	3.302386e-01	1.510945e-01	1.791442e-01	7.364998e-02	7.060861e-02	3.041377e-03	3.378361e-02	-1.402485e-02	2.068518e-02	3.072107e-02	3.604572e-02	-5.324649e-03
657           	3.312314e-01	1.514821e-01	1.797493e-01	7.124181e-02	7.145959e-02	-2.177732e-04	3.583868e-02	-1.413363e-02	2.082784e-02	3.122772e-02	3.644170e-02	-5.213976e-03
658           	3.314883e-01	1.515776e-01	1.799107e-01	7.036901e-02	7.186191e-02	-1.492891e-03	3.667740e-02	-1.416655e-02	2.104328e-02	3.179518e-02	3.694087e-02	-5.145692e-03
659           	3.309917e-01	1.513580e-01	1.796338e-01	7.116613e-02	7.186325e-02	-6.971172e-04	3.628018e-02	-1.413789e-02	2.130796e-02	3.238472e-02	3.750032e-02	-5.115604e-03
660           	3.298861e-01	1.508740e-01	1.790120e-01	7.342699e-02	7.157148e-02	1.855519e-03	3.485798e-02	-1.406900e-02	2.157841e-02	3.297336e-02	3.806509e-02	-5.091728e-03
661           	3.284596e-01	1.502478e-01	1.782118e-01	7.669120e-02	7.111001e-02	5.581195e-03	3.276441e-02	-1.398201e-02	2.179471e-02	3.350139e-02	3.854541e-02	-5.044018e-03
662           	3.270244e-01	1.496208e-01	1.774036e-01	8.046137e-02	7.063085e-02	9.830512e-03	3.040017e-02	-1.389139e-02	2.191638e-02	3.391803e-02	3.887540e-02	-4.957372e-03
663           	3.257962e-01	1.490954e-01	1.767008e-01	8.426724e-02	7.022182e-02	1.404541e-02	2.808820e-02	-1.380271e-02	2.195306e-02	3.416405e-02	3.903509e-02	-4.871038e-03
664           	3.249061e-01	1.487249e-01	1.761812e-01	8.777892e-02	6.994173e-02	1.783719e-02	2.605227e-02	-1.372813e-02	2.191717e-02	3.422006e-02	3.902720e-02	-4.807134e-03
665           	3.244293e-01	1.485281e-01	1.759011e-01	9.081479e-02	6.983170e-02	2.098309e-02	2.442431e-02	-1.368648e-02	2.180667e-02	3.409393e-02	3.885364e-02	-4.759707e-03
666           	3.243718e-01	1.484857e-01	1.758861e-01	9.327804e-02	6.986701e-02	2.341103e-02	2.322799e-02	-1.370017e-02	2.162108e-02	3.384516e-02	3.854366e-02	-4.698497e-03
667           	3.247123e-01	1.485749e-01	1.761374e-01	9.509081e-02	6.997365e-02	2.511716e-02	2.242825e-02	-1.378129e-02	2.136279e-02	3.350437e-02	3.811498e-02	-4.610609e-03
668           	3.253531e-01	1.487438e-01	1.766093e-01	9.617587e-02	7.005787e-02	2.611801e-02	2.196993e-02	-1.393279e-02	2.103968e-02	3.306438e-02	3.757187e-02	-4.507485e-03
669           	3.261819e-01	1.489536e-01	1.772283e-01	9.652970e-02	7.008823e-02	2.644147e-02	2.182338e-02	-1.413740e-02	2.068635e-02	3.248400e-02	3.692835e-02	-4.444347e-03
670           	3.270925e-01	1.491616e-01	1.779309e-01	9.628492e-02	7.012387e-02	2.616104e-02	2.198142e-02	-1.438469e-02	2.033492e-02	3.175692e-02	3.621338e-02	-4.456465e-03
671           	3.279818e-01	1.493596e-01	1.786222e-01	9.569908e-02	7.027742e-02	2.542166e-02	2.242788e-02	-1.463131e-02	2.001272e-02	3.088915e-02	3.545729e-02	-4.568144e-03
672           	3.287951e-01	1.495620e-01	1.792332e-01	9.508794e-02	7.062899e-02	2.445894e-02	2.308503e-02	-1.483560e-02	1.973406e-02	2.997747e-02	3.472280e-02	-4.745327e-03
673           	3.294727e-01	1.497839e-01	1.796888e-01	9.461785e-02	7.111257e-02	2.350528e-02	2.380365e-02	-1.495242e-02	1.950452e-02	2.912012e-02	3.406458e-02	-4.944462e-03
674           	3.299957e-01	1.500233e-01	1.799724e-01	9.429443e-02	7.157466e-02	2.271978e-02	2.442744e-02	-1.497453e-02	1.930818e-02	2.841284e-02	3.351460e-02	-5.101762e-03
675           	3.303586e-01	1.502777e-01	1.800810e-01	9.404226e-02	7.184454e-02	2.219772e-02	2.482341e-02	-1.490166e-02	1.914030e-02	2.789184e-02	3.308622e-02	-5.194375e-03
676           	3.306071e-01	1.505413e-01	1.800658e-01	9.384249e-02	7.186343e-02	2.197907e-02	2.494218e-02	-1.476226e-02	1.900249e-02	2.755928e-02	3.278213e-02	-5.222844e-03
677           	3.307732e-01	1.507864e-01	1.799868e-01	9.372061e-02	7.167319e-02	2.204742e-02	2.481288e-02	-1.460022e-02	1.889718e-02	2.737776e-02	3.258606e-02	-5.208300e-03
678           	3.308849e-01	1.509869e-01	1.798981e-01	9.388854e-02	7.141594e-02	2.247259e-02	2.447167e-02	-1.445558e-02	1.881005e-02	2.734917e-02	3.248464e-02	-5.135467e-03
679           	3.308993e-01	1.511049e-01	1.797945e-01	9.459579e-02	7.120948e-02	2.338631e-02	2.391159e-02	-1.434481e-02	1.874736e-02	2.751451e-02	3.250461e-02	-4.990104e-03
680           	3.308162e-01	1.511347e-01	1.796814e-01	9.607698e-02	7.113963e-02	2.493735e-02	2.310114e-02	-1.427336e-02	1.869673e-02	2.792239e-02	3.265792e-02	-4.735534e-03
681           	3.306665e-01	1.511042e-01	1.795623e-01	9.850703e-02	7.121436e-02	2.729267e-02	2.196084e-02	-1.422904e-02	1.865132e-02	2.852954e-02	3.291609e-02	-4.386553e-03
682           	3.303886e-01	1.510129e-01	1.793757e-01	1.021278e-01	7.135666e-02	3.077110e-02	2.029278e-02	-1.418137e-02	1.862027e-02	2.925869e-02	3.324962e-02	-3.990927e-03
683           	3.298396e-01	1.508298e-01	1.790098e-01	1.070650e-01	7.144690e-02	3.561814e-02	1.791438e-02	-1.409000e-02	1.863393e-02	3.006678e-02	3.366732e-02	-3.600544e-03
684           	3.290168e-01	1.505248e-01	1.784920e-01	1.126758e-01	7.142112e-02	4.125466e-02	1.508323e-02	-1.398358e-02	1.872245e-02	3.095441e-02	3.419965e-02	-3.245242e-03
685           	3.279934e-01	1.501047e-01	1.778887e-01	1.180119e-01	7.125770e-02	4.675419e-02	1.225175e-02	-1.389200e-02	1.884898e-02	3.187899e-02	3.478848e-02	-2.909485e-03
686           	3.268811e-01	1.495976e-01	1.772836e-01	1.225920e-01	7.106937e-02	5.152265e-02	9.773357e-03	-1.384302e-02	1.896674e-02	3.276677e-02	3.535013e-02	-2.583359e-03
687           	3.258661e-01	1.490847e-01	1.767814e-01	1.260188e-01	7.099952e-02	5.501925e-02	7.990138e-03	-1.384835e-02	1.903919e-02	3.356093e-02	3.581966e-02	-2.258729e-03
688           	3.251478e-01	1.486439e-01	1.765040e-01	1.280276e-01	7.119741e-02	5.683020e-02	7.183602e-03	-1.393005e-02	1.905632e-02	3.425215e-02	3.618239e-02	-1.930243e-03
689           	3.248129e-01	1.483335e-01	1.764794e-01	1.285275e-01	7.171795e-02	5.680951e-02	7.454221e-03	-1.407296e-02	1.900878e-02	3.482860e-02	3.642309e-02	-1.594481e-03
690           	3.248968e-01	1.481752e-01	1.767216e-01	1.276135e-01	7.261689e-02	5.499660e-02	8.810148e-03	-1.427320e-02	1.888977e-02	3.532757e-02	3.655355e-02	-1.225982e-03
691           	3.255176e-01	1.482506e-01	1.772670e-01	1.248925e-01	7.388600e-02	5.100650e-02	1.143975e-02	-1.450822e-02	1.870582e-02	3.576890e-02	3.659027e-02	-8.213657e-04
692           	3.265942e-01	1.485804e-01	1.780137e-01	1.204750e-01	7.537744e-02	4.509758e-02	1.513993e-02	-1.471666e-02	1.848801e-02	3.612895e-02	3.655248e-02	-4.235329e-04
693           	3.274415e-01	1.488492e-01	1.785923e-01	1.165492e-01	7.692600e-02	3.962324e-02	1.865138e-02	-1.487151e-02	1.832227e-02	3.648846e-02	3.656650e-02	-7.803770e-05
694           	3.281971e-01	1.490785e-01	1.791185e-01	1.127967e-01	7.856010e-02	3.423656e-02	2.216177e-02	-1.501999e-02	1.821635e-02	3.696143e-02	3.669706e-02	2.643673e-04
695           	3.286569e-01	1.491873e-01	1.794696e-01	1.098865e-01	7.995814e-02	2.992840e-02	2.501487e-02	-1.514116e-02	1.819477e-02	3.750773e-02	3.694863e-02	5.590943e-04
696           	3.290446e-01	1.492627e-01	1.797819e-01	1.069877e-01	8.120432e-02	2.578340e-02	2.771046e-02	-1.525960e-02	1.824968e-02	3.813791e-02	3.731864e-02	8.192776e-04
697           	3.293863e-01	1.493212e-01	1.800651e-01	1.041139e-01	8.212486e-02	2.198905e-02	3.006791e-02	-1.537193e-02	1.836924e-02	3.877290e-02	3.775570e-02	1.017208e-03
698           	3.297405e-01	1.493833e-01	1.803572e-01	1.011813e-01	8.267480e-02	1.850648e-02	3.208416e-02	-1.548698e-02	1.853782e-02	3.938689e-02	3.823127e-02	1.155627e-03
699           	3.301498e-01	1.494795e-01	1.806703e-01	9.817793e-02	8.290750e-02	1.527043e-02	3.381854e-02	-1.559542e-02	1.873419e-02	3.991339e-02	3.869088e-02	1.222504e-03
700           	3.306871e-01	1.496548e-01	1.810323e-01	9.502711e-02	8.281078e-02	1.221632e-02	3.529723e-02	-1.568873e-02	1.892632e-02	4.031067e-02	3.908166e-02	1.229015e-03
701           	3.313529e-01	1.499190e-01	1.814339e-01	9.189926e-02	8.248890e-02	9.410360e-03	3.653927e-02	-1.575747e-02	1.909491e-02	4.053803e-02	3.936392e-02	1.174107e-03
702           	3.321214e-01	1.502518e-01	1.818695e-01	8.908302e-02	8.209814e-02	6.984883e-03	3.755663e-02	-1.580885e-02	1.922055e-02	4.059271e-02	3.951691e-02	1.075798e-03
703           	3.329284e-01	1.506214e-01	1.823071e-01	8.704669e-02	8.187144e-02	5.175258e-03	3.834809e-02	-1.584285e-02	1.928762e-02	4.047863e-02	3.952693e-02	9.516949e-04
704           	3.337380e-01	1.510050e-01	1.827329e-01	8.609434e-02	8.191596e-02	4.178376e-03	3.886879e-02	-1.586395e-02	1.928687e-02	4.025688e-02	3.941531e-02	8.415660e-04
705           	3.344971e-01	1.513712e-01	1.831259e-01	8.636044e-02	8.226395e-02	4.096495e-03	3.908373e-02	-1.587733e-02	1.924299e-02	3.997448e-02	3.923023e-02	7.442519e-04
706           	3.351786e-01	1.516933e-01	1.834853e-01	8.768981e-02	8.280352e-02	4.886290e-03	3.895861e-02	-1.589599e-02	1.918249e-02	3.968458e-02	3.902478e-02	6.598040e-04
707           	3.357230e-01	1.519286e-01	1.837944e-01	8.971782e-02	8.328877e-02	6.429059e-03	3.842985e-02	-1.593293e-02	1.914588e-02	3.941435e-02	3.885306e-02	5.612936e-04
708           	3.360993e-01	1.520501e-01	1.840492e-01	9.195588e-02	8.342558e-02	8.530298e-03	3.744764e-02	-1.599955e-02	1.913836e-02	3.915837e-02	3.871755e-02	4.408236e-04
709           	3.363016e-01	1.520507e-01	1.842509e-01	9.402212e-02	8.303832e-02	1.098380e-02	3.602726e-02	-1.610011e-02	1.916562e-02	3.890115e-02	3.861620e-02	2.849513e-04
710           	3.363836e-01	1.519669e-01	1.844167e-01	9.581086e-02	8.217512e-02	1.363574e-02	3.426969e-02	-1.622493e-02	1.923507e-02	3.867848e-02	3.857431e-02	1.041668e-04
711           	3.364079e-01	1.518566e-01	1.845513e-01	9.737941e-02	8.103210e-02	1.634731e-02	3.234239e-02	-1.634736e-02	1.937656e-02	3.852554e-02	3.863933e-02	-1.137861e-04
712           	3.364479e-01	1.517802e-01	1.846678e-01	9.872660e-02	7.976333e-02	1.896327e-02	3.040003e-02	-1.644379e-02	1.958398e-02	3.848916e-02	3.882856e-02	-3.394029e-04
713           	3.365171e-01	1.517418e-01	1.847753e-01	9.986981e-02	7.858818e-02	2.128163e-02	2.865327e-02	-1.651672e-02	1.986558e-02	3.858228e-02	3.915672e-02	-5.744350e-04
714           	3.365645e-01	1.517038e-01	1.848607e-01	1.006922e-01	7.760685e-02	2.308534e-02	2.726075e-02	-1.657847e-02	2.020111e-02	3.880636e-02	3.960429e-02	-7.979350e-04
715           	3.365068e-01	1.516089e-01	1.848979e-01	1.012872e-01	7.697556e-02	2.431163e-02	2.633197e-02	-1.664447e-02	2.056972e-02	3.915091e-02	4.014518e-02	-9.942702e-04
716           	3.362789e-01	1.514287e-01	1.848502e-01	1.017826e-01	7.671694e-02	2.506567e-02	2.582564e-02	-1.671076e-02	2.094274e-02	3.955993e-02	4.072270e-02	-1.162772e-03
717           	3.358639e-01	1.511616e-01	1.847023e-01	1.022798e-01	7.680032e-02	2.547952e-02	2.566040e-02	-1.677038e-02	2.129043e-02	4.000713e-02	4.129399e-02	-1.286867e-03
718           	3.353233e-01	1.508356e-01	1.844877e-01	1.026729e-01	7.712375e-02	2.554913e-02	2.578731e-02	-1.682608e-02	2.159468e-02	4.048561e-02	4.183748e-02	-1.351870e-03
719           	3.347550e-01	1.504858e-01	1.842692e-01	1.027114e-01	7.756264e-02	2.514876e-02	2.620694e-02	-1.689173e-02	2.184897e-02	4.102295e-02	4.236045e-02	-1.337496e-03
720           	3.342995e-01	1.501696e-01	1.841299e-01	1.020590e-01	7.792152e-02	2.413746e-02	2.689203e-02	-1.698013e-02	2.205881e-02	4.165913e-02	4.288837e-02	-1.229242e-03
721           	3.340142e-01	1.499108e-01	1.841034e-01	1.006972e-01	7.806942e-02	2.262781e-02	2.772080e-02	-1.709627e-02	2.224638e-02	4.238416e-02	4.343846e-02	-1.054298e-03
722           	3.338512e-01	1.496938e-01	1.841574e-01	9.908756e-02	7.799686e-02	2.109069e-02	2.845309e-02	-1.723182e-02	2.244114e-02	4.321057e-02	4.404643e-02	-8.358517e-04
723           	3.337620e-01	1.495090e-01	1.842529e-01	9.768062e-02	7.779939e-02	1.988123e-02	2.895908e-02	-1.737195e-02	2.265380e-02	4.413888e-02	4.472324e-02	-5.843566e-04
724           	3.337534e-01	1.494003e-01	1.843531e-01	9.662926e-02	7.753140e-02	1.909786e-02	2.921677e-02	-1.747643e-02	2.287242e-02	4.514822e-02	4.544653e-02	-2.983122e-04
725           	3.338215e-01	1.494025e-01	1.844190e-01	9.607853e-02	7.724980e-02	1.882873e-02	2.921053e-02	-1.750823e-02	2.309022e-02	4.617885e-02	4.617965e-02	-7.970682e-07
726           	3.339144e-01	1.494892e-01	1.844253e-01	9.610493e-02	7.698975e-02	1.911518e-02	2.893728e-02	-1.746804e-02	2.329742e-02	4.719114e-02	4.689299e-02	2.981476e-04
727           	3.339555e-01	1.495949e-01	1.843606e-01	9.671391e-02	7.680469e-02	1.990922e-02	2.844774e-02	-1.738285e-02	2.348953e-02	4.814759e-02	4.756332e-02	5.842652e-04
728           	3.338748e-01	1.496710e-01	1.842038e-01	9.787177e-02	7.673283e-02	2.113894e-02	2.779695e-02	-1.726641e-02	2.364836e-02	4.904185e-02	4.816928e-02	8.725693e-04
729           	3.336569e-01	1.497022e-01	1.839547e-01	9.953418e-02	7.687935e-02	2.265483e-02	2.711226e-02	-1.712627e-02	2.375935e-02	4.984681e-02	4.868275e-02	1.164060e-03
730           	3.333847e-01	1.497116e-01	1.836731e-01	1.014902e-01	7.739016e-02	2.410001e-02	2.664507e-02	-1.698077e-02	2.384016e-02	5.051990e-02	4.910011e-02	1.419790e-03
731           	3.331510e-01	1.497376e-01	1.834134e-01	1.034053e-01	7.822470e-02	2.518059e-02	2.652205e-02	-1.683788e-02	2.390471e-02	5.099286e-02	4.940114e-02	1.591717e-03
732           	3.330020e-01	1.497875e-01	1.832145e-01	1.049552e-01	7.916450e-02	2.579068e-02	2.668691e-02	-1.671350e-02	2.396910e-02	5.121947e-02	4.957884e-02	1.640633e-03
733           	3.329347e-01	1.498284e-01	1.831063e-01	1.059544e-01	8.004029e-02	2.591411e-02	2.706309e-02	-1.663898e-02	2.404007e-02	5.118112e-02	4.963064e-02	1.550488e-03
734           	3.329270e-01	1.498206e-01	1.831064e-01	1.064197e-01	8.076853e-02	2.565118e-02	2.755868e-02	-1.664291e-02	2.409403e-02	5.093657e-02	4.956232e-02	1.374255e-03
735           	3.330299e-01	1.497819e-01	1.832480e-01	1.064354e-01	8.132885e-02	2.510651e-02	2.811117e-02	-1.673307e-02	2.408617e-02	5.057305e-02	4.937269e-02	1.200356e-03
736           	3.333083e-01	1.497861e-01	1.835222e-01	1.059014e-01	8.159252e-02	2.430890e-02	2.864181e-02	-1.686807e-02	2.401250e-02	5.012431e-02	4.907465e-02	1.049657e-03
737           	3.338566e-01	1.499174e-01	1.839393e-01	1.047950e-01	8.159400e-02	2.320098e-02	2.919651e-02	-1.701094e-02	2.390354e-02	4.961790e-02	4.871249e-02	9.054103e-04
738           	3.346653e-01	1.501703e-01	1.844950e-01	1.031753e-01	8.135740e-02	2.181788e-02	2.976976e-02	-1.716237e-02	2.380699e-02	4.908232e-02	4.834816e-02	7.341679e-04
739           	3.355796e-01	1.504763e-01	1.851033e-01	1.014274e-01	8.107641e-02	2.035103e-02	3.036269e-02	-1.731351e-02	2.372198e-02	4.851633e-02	4.798015e-02	5.361844e-04
740           	3.365056e-01	1.508006e-01	1.857050e-01	9.972120e-02	8.088930e-02	1.883190e-02	3.102870e-02	-1.745224e-02	2.361433e-02	4.789930e-02	4.756398e-02	3.353196e-04
741           	3.373850e-01	1.511349e-01	1.862501e-01	9.823922e-02	8.094909e-02	1.729013e-02	3.182948e-02	-1.755761e-02	2.343622e-02	4.723418e-02	4.705331e-02	1.808675e-04
742           	3.382324e-01	1.514941e-01	1.867383e-01	9.711746e-02	8.131358e-02	1.580387e-02	3.275486e-02	-1.762213e-02	2.315642e-02	4.656830e-02	4.644057e-02	1.277283e-04
743           	3.389963e-01	1.518354e-01	1.871609e-01	9.639214e-02	8.188183e-02	1.451031e-02	3.368576e-02	-1.766272e-02	2.279658e-02	4.597308e-02	4.578312e-02	1.899593e-04
744           	3.396220e-01	1.521211e-01	1.875009e-01	9.605402e-02	8.245694e-02	1.359708e-02	3.442993e-02	-1.768988e-02	2.241655e-02	4.549959e-02	4.516634e-02	3.332446e-04
745           	3.401183e-01	1.523554e-01	1.877629e-01	9.625156e-02	8.304951e-02	1.320205e-02	3.492373e-02	-1.770371e-02	2.207435e-02	4.517580e-02	4.466225e-02	5.135560e-04
746           	3.404559e-01	1.525334e-01	1.879225e-01	9.713388e-02	8.367201e-02	1.346188e-02	3.510507e-02	-1.769453e-02	2.181530e-02	4.503453e-02	4.433256e-02	7.019679e-04
747           	3.405863e-01	1.526467e-01	1.879395e-01	9.872497e-02	8.429596e-02	1.442901e-02	3.493348e-02	-1.764640e-02	2.166263e-02	4.508664e-02	4.420595e-02	8.806959e-04
748           	3.405082e-01	1.527120e-01	1.877962e-01	1.009230e-01	8.485798e-02	1.606497e-02	3.439651e-02	-1.754213e-02	2.161341e-02	4.535271e-02	4.428977e-02	1.062946e-03
749           	3.402528e-01	1.527488e-01	1.875041e-01	1.034682e-01	8.516415e-02	1.830402e-02	3.343006e-02	-1.737767e-02	2.165593e-02	4.585044e-02	4.458115e-02	1.269291e-03
750           	3.398054e-01	1.527274e-01	1.870780e-01	1.060965e-01	8.506844e-02	2.102802e-02	3.202021e-02	-1.717530e-02	2.178406e-02	4.657726e-02	4.507269e-02	1.504570e-03
751           	3.391834e-01	1.526095e-01	1.865739e-01	1.086591e-01	8.463089e-02	2.402826e-02	3.030131e-02	-1.698219e-02	2.199178e-02	4.751190e-02	4.574773e-02	1.764170e-03
752           	3.384048e-01	1.523742e-01	1.860305e-01	1.111247e-01	8.415541e-02	2.696931e-02	2.859305e-02	-1.682816e-02	2.225449e-02	4.854738e-02	4.652818e-02	2.019202e-03
753           	3.375175e-01	1.520539e-01	1.854636e-01	1.132276e-01	8.386549e-02	2.936215e-02	2.725167e-02	-1.670481e-02	2.250242e-02	4.950101e-02	4.725293e-02	2.248085e-03
754           	3.366154e-01	1.517097e-01	1.849057e-01	1.146351e-01	8.382506e-02	3.080999e-02	2.650753e-02	-1.659798e-02	2.267359e-02	5.021863e-02	4.778290e-02	2.435727e-03
755           	3.357949e-01	1.513938e-01	1.844011e-01	1.152241e-01	8.404396e-02	3.118010e-02	2.643193e-02	-1.650367e-02	2.272636e-02	5.064786e-02	4.805029e-02	2.597571e-03
756           	3.351997e-01	1.511773e-01	1.840224e-01	1.149400e-01	8.447489e-02	3.046516e-02	2.700487e-02	-1.642259e-02	2.264975e-02	5.078237e-02	4.804093e-02	2.741432e-03
757           	3.349340e-01	1.510980e-01	1.838360e-01	1.137000e-01	8.503596e-02	2.866402e-02	2.818597e-02	-1.636899e-02	2.244706e-02	5.063913e-02	4.776663e-02	2.872500e-03
758           	3.350582e-01	1.511681e-01	1.838901e-01	1.114099e-01	8.559905e-02	2.581087e-02	2.989409e-02	-1.636103e-02	2.213215e-02	5.024075e-02	4.725253e-02	2.988227e-03
759           	3.355956e-01	1.513966e-01	1.841991e-01	1.079197e-01	8.599528e-02	2.192442e-02	3.203543e-02	-1.640124e-02	2.173081e-02	4.962749e-02	4.654456e-02	3.082937e-03
760           	3.364813e-01	1.517615e-01	1.847198e-01	1.032837e-01	8.602578e-02	1.725796e-02	3.438391e-02	-1.647911e-02	2.130786e-02	4.887565e-02	4.574568e-02	3.129962e-03
761           	3.374256e-01	1.521523e-01	1.852733e-01	9.835740e-02	8.564034e-02	1.271706e-02	3.646164e-02	-1.656046e-02	2.092835e-02	4.805275e-02	4.495472e-02	3.098024e-03
762           	3.381847e-01	1.524578e-01	1.857269e-01	9.379157e-02	8.490320e-02	8.888374e-03	3.800741e-02	-1.663456e-02	2.058852e-02	4.720777e-02	4.419241e-02	3.015365e-03
763           	3.386367e-01	1.526129e-01	1.860238e-01	8.986246e-02	8.394554e-02	5.916914e-03	3.901432e-02	-1.670546e-02	2.024796e-02	4.636576e-02	4.343084e-02	2.934914e-03
764           	3.387248e-01	1.525906e-01	1.861342e-01	8.690607e-02	8.302379e-02	3.882284e-03	3.957075e-02	-1.677178e-02	1.988665e-02	4.554821e-02	4.266075e-02	2.887451e-03
765           	3.384992e-01	1.524245e-01	1.860747e-01	8.510788e-02	8.234306e-02	2.764826e-03	3.978912e-02	-1.682508e-02	1.951327e-02	4.480160e-02	4.191407e-02	2.887525e-03
766           	3.380584e-01	1.521673e-01	1.858910e-01	8.451659e-02	8.198882e-02	2.527774e-03	3.973052e-02	-1.686185e-02	1.915732e-02	4.415135e-02	4.123299e-02	2.918354e-03
767           	3.375046e-01	1.518787e-01	1.856259e-01	8.509329e-02	8.193451e-02	3.158780e-03	3.938786e-02	-1.687358e-02	1.885300e-02	4.365643e-02	4.068121e-02	2.975218e-03
768           	3.368897e-01	1.515876e-01	1.853021e-01	8.669522e-02	8.205969e-02	4.635521e-03	3.871209e-02	-1.685721e-02	1.863062e-02	4.335328e-02	4.030726e-02	3.046017e-03
769           	3.362552e-01	1.513170e-01	1.849382e-01	8.914111e-02	8.230810e-02	6.833019e-03	3.773754e-02	-1.681057e-02	1.850474e-02	4.325130e-02	4.013039e-02	3.120910e-03
770           	3.356336e-01	1.510682e-01	1.845655e-01	9.216022e-02	8.263898e-02	9.521248e-03	3.655886e-02	-1.674863e-02	1.848864e-02	4.332603e-02	4.015165e-02	3.174378e-03
771           	3.350897e-01	1.508611e-01	1.842286e-01	9.535500e-02	8.299993e-02	1.235507e-02	3.532243e-02	-1.668376e-02	1.858163e-02	4.353086e-02	4.034705e-02	3.183802e-03
772           	3.346769e-01	1.507091e-01	1.839678e-01	9.828324e-02	8.326145e-02	1.502179e-02	3.411983e-02	-1.662935e-02	1.876542e-02	4.380802e-02	4.066943e-02	3.138585e-03
773           	3.343698e-01	1.506094e-01	1.837604e-01	1.006284e-01	8.323968e-02	1.738875e-02	3.292546e-02	-1.657546e-02	1.901629e-02	4.406472e-02	4.104866e-02	3.016068e-03
774           	3.340940e-01	1.505313e-01	1.835627e-01	1.021746e-01	8.276218e-02	1.941242e-02	3.167488e-02	-1.651569e-02	1.927896e-02	4.422135e-02	4.138963e-02	2.831712e-03
775           	3.338396e-01	1.504765e-01	1.833630e-01	1.029677e-01	8.198741e-02	2.098032e-02	3.050354e-02	-1.644325e-02	1.948933e-02	4.418027e-02	4.157947e-02	2.600807e-03
776           	3.335906e-01	1.504464e-01	1.831442e-01	1.032654e-01	8.119590e-02	2.206945e-02	2.956323e-02	-1.634887e-02	1.961832e-02	4.391442e-02	4.157553e-02	2.338890e-03
777           	3.333290e-01	1.504450e-01	1.828840e-01	1.031550e-01	8.049841e-02	2.265657e-02	2.892092e-02	-1.621950e-02	1.964526e-02	4.339458e-02	4.134255e-02	2.052033e-03
778           	3.330484e-01	1.504697e-01	1.825787e-01	1.026771e-01	7.986617e-02	2.281094e-02	2.852762e-02	-1.605448e-02	1.956761e-02	4.262673e-02	4.088097e-02	1.745760e-03
779           	3.327550e-01	1.505122e-01	1.822428e-01	1.018975e-01	7.925409e-02	2.264344e-02	2.830532e-02	-1.586528e-02	1.937674e-02	4.163987e-02	4.019667e-02	1.443199e-03
780           	3.324502e-01	1.505362e-01	1.819140e-01	1.007800e-01	7.854165e-02	2.223838e-02	2.815164e-02	-1.568894e-02	1.909706e-02	4.051237e-02	3.935325e-02	1.159122e-03
781           	3.321805e-01	1.505031e-01	1.816774e-01	9.927639e-02	7.772914e-02	2.154725e-02	2.809095e-02	-1.558717e-02	1.877004e-02	3.938834e-02	3.846421e-02	9.241330e-04
782           	3.320100e-01	1.503978e-01	1.816122e-01	9.749619e-02	7.691629e-02	2.057989e-02	2.816820e-02	-1.560717e-02	1.846027e-02	3.840205e-02	3.766130e-02	7.407519e-04
783           	3.319414e-01	1.502253e-01	1.817162e-01	9.573019e-02	7.619525e-02	1.953494e-02	2.833016e-02	-1.574545e-02	1.822042e-02	3.761777e-02	3.702930e-02	5.884680e-04
784           	3.319191e-01	1.499912e-01	1.819278e-01	9.418589e-02	7.555862e-02	1.862727e-02	2.846568e-02	-1.596830e-02	1.808455e-02	3.706248e-02	3.661579e-02	4.466866e-04
785           	3.318777e-01	1.497126e-01	1.821651e-01	9.289792e-02	7.492959e-02	1.796833e-02	2.848063e-02	-1.622625e-02	1.803908e-02	3.673761e-02	3.640789e-02	3.297238e-04
786           	3.318182e-01	1.494407e-01	1.823775e-01	9.189325e-02	7.429071e-02	1.760254e-02	2.834409e-02	-1.646841e-02	1.803574e-02	3.659883e-02	3.633516e-02	2.636747e-04
787           	3.317703e-01	1.492137e-01	1.825566e-01	9.127189e-02	7.369764e-02	1.757426e-02	2.806169e-02	-1.667147e-02	1.802652e-02	3.662696e-02	3.634000e-02	2.869596e-04
788           	3.317161e-01	1.490482e-01	1.826679e-01	9.133852e-02	7.324788e-02	1.809064e-02	2.757862e-02	-1.680984e-02	1.798777e-02	3.678811e-02	3.638183e-02	4.062790e-04
789           	3.316275e-01	1.489480e-01	1.826795e-01	9.233862e-02	7.306127e-02	1.927736e-02	2.689196e-02	-1.686579e-02	1.792177e-02	3.706785e-02	3.645570e-02	6.121553e-04
790           	3.314513e-01	1.488961e-01	1.825551e-01	9.442746e-02	7.319794e-02	2.122952e-02	2.598421e-02	-1.682949e-02	1.785791e-02	3.744343e-02	3.657963e-02	8.638008e-04
791           	3.311572e-01	1.488623e-01	1.822950e-01	9.766298e-02	7.368322e-02	2.397976e-02	2.485173e-02	-1.671635e-02	1.783313e-02	3.789814e-02	3.678219e-02	1.115944e-03
792           	3.307851e-01	1.488393e-01	1.819458e-01	1.017601e-01	7.442611e-02	2.733401e-02	2.354605e-02	-1.655324e-02	1.788589e-02	3.841572e-02	3.709375e-02	1.321972e-03
793           	3.304879e-01	1.488596e-01	1.816282e-01	1.060076e-01	7.531158e-02	3.069603e-02	2.230777e-02	-1.638428e-02	1.801011e-02	3.901837e-02	3.751930e-02	1.499070e-03
794           	3.304207e-01	1.489562e-01	1.814645e-01	1.098061e-01	7.626305e-02	3.354305e-02	2.136000e-02	-1.625414e-02	1.820657e-02	3.972506e-02	3.806911e-02	1.655957e-03
795           	3.306006e-01	1.491099e-01	1.814907e-01	1.128748e-01	7.720186e-02	3.567299e-02	2.076443e-02	-1.619037e-02	1.848824e-02	4.054364e-02	3.876006e-02	1.783579e-03
796           	3.309802e-01	1.492854e-01	1.816948e-01	1.148714e-01	7.792969e-02	3.694167e-02	2.049401e-02	-1.620471e-02	1.885251e-02	4.144687e-02	3.957595e-02	1.870927e-03
797           	3.314968e-01	1.494798e-01	1.820170e-01	1.155158e-01	7.829324e-02	3.722260e-02	2.053532e-02	-1.626857e-02	1.925680e-02	4.230869e-02	4.041114e-02	1.897550e-03
798           	3.320816e-01	1.496725e-01	1.824091e-01	1.151123e-01	7.841385e-02	3.669847e-02	2.085769e-02	-1.636833e-02	1.971101e-02	4.308356e-02	4.125279e-02	1.830775e-03
799           	3.326682e-01	1.498549e-01	1.828133e-01	1.137657e-01	7.830504e-02	3.546069e-02	2.142217e-02	-1.647917e-02	2.017650e-02	4.369657e-02	4.202479e-02	1.671779e-03
800           	3.332883e-01	1.500321e-01	1.832562e-01	1.110780e-01	7.775333e-02	3.332469e-02	2.221432e-02	-1.661205e-02	2.062583e-02	4.415295e-02	4.270231e-02	1.450643e-03
801           	3.337543e-01	1.502081e-01	1.835462e-01	1.090428e-01	7.767375e-02	3.136909e-02	2.315233e-02	-1.666900e-02	2.089958e-02	4.421103e-02	4.300509e-02	1.205935e-03
802           	3.342518e-01	1.504414e-01	1.838104e-01	1.069311e-01	7.779399e-02	2.913709e-02	2.432845e-02	-1.668449e-02	2.101080e-02	4.401401e-02	4.301780e-02	9.962041e-04
803           	3.347279e-01	1.507005e-01	1.840273e-01	1.055037e-01	7.842486e-02	2.707889e-02	2.567298e-02	-1.666339e-02	2.095513e-02	4.360279e-02	4.275652e-02	8.462676e-04
804           	3.349844e-01	1.508333e-01	1.841511e-01	1.048531e-01	7.928441e-02	2.556872e-02	2.685784e-02	-1.665887e-02	2.082463e-02	4.315482e-02	4.240204e-02	7.527836e-04
805           	3.353499e-01	1.510063e-01	1.843436e-01	1.040327e-01	8.012975e-02	2.390293e-02	2.811341e-02	-1.666866e-02	2.059088e-02	4.258504e-02	4.188340e-02	7.016408e-04
806           	3.355529e-01	1.510805e-01	1.844723e-01	1.033068e-01	8.076363e-02	2.254317e-02	2.911023e-02	-1.669590e-02	2.032229e-02	4.199613e-02	4.132035e-02	6.757749e-04
807           	3.355226e-01	1.510293e-01	1.844933e-01	1.028540e-01	8.118775e-02	2.166627e-02	2.976074e-02	-1.673198e-02	2.001653e-02	4.138942e-02	4.071124e-02	6.781781e-04
808           	3.352922e-01	1.508867e-01	1.844056e-01	1.028094e-01	8.151079e-02	2.129861e-02	3.010609e-02	-1.675944e-02	1.967230e-02	4.074080e-02	4.004270e-02	6.980994e-04
809           	3.349622e-01	1.507163e-01	1.842458e-01	1.030892e-01	8.176273e-02	2.132646e-02	3.021814e-02	-1.676474e-02	1.930477e-02	4.008113e-02	3.934534e-02	7.357994e-04
810           	3.345842e-01	1.505601e-01	1.840242e-01	1.035358e-01	8.193933e-02	2.159649e-02	3.017142e-02	-1.673203e-02	1.895444e-02	3.946051e-02	3.868470e-02	7.758142e-04
811           	3.341384e-01	1.503958e-01	1.837426e-01	1.039712e-01	8.192480e-02	2.204635e-02	2.993922e-02	-1.667339e-02	1.868008e-02	3.898350e-02	3.817182e-02	8.116725e-04
812           	3.335691e-01	1.501587e-01	1.834105e-01	1.045360e-01	8.177641e-02	2.275959e-02	2.950841e-02	-1.662591e-02	1.851972e-02	3.874185e-02	3.789065e-02	8.512064e-04
813           	3.328598e-01	1.498188e-01	1.830410e-01	1.053793e-01	8.162799e-02	2.375128e-02	2.893836e-02	-1.661106e-02	1.850140e-02	3.878282e-02	3.789281e-02	8.900152e-04
814           	3.320066e-01	1.493709e-01	1.826357e-01	1.066702e-01	8.165752e-02	2.501266e-02	2.832243e-02	-1.663240e-02	1.865592e-02	3.912655e-02	3.821919e-02	9.073575e-04
815           	3.310570e-01	1.488314e-01	1.822255e-01	1.083787e-01	8.196010e-02	2.641863e-02	2.777074e-02	-1.669704e-02	1.896118e-02	3.975310e-02	3.883773e-02	9.153743e-04
816           	3.301197e-01	1.482513e-01	1.818684e-01	1.101578e-01	8.246776e-02	2.769006e-02	2.738885e-02	-1.680854e-02	1.934794e-02	4.056601e-02	3.963095e-02	9.350649e-04
817           	3.292907e-01	1.477067e-01	1.815839e-01	1.114283e-01	8.290691e-02	2.852144e-02	2.719273e-02	-1.693862e-02	1.975421e-02	4.138430e-02	4.044636e-02	9.379386e-04
818           	3.286606e-01	1.472759e-01	1.813847e-01	1.118692e-01	8.311915e-02	2.875008e-02	2.718454e-02	-1.705438e-02	2.013969e-02	4.212666e-02	4.120302e-02	9.236403e-04
819           	3.283166e-01	1.470211e-01	1.812956e-01	1.114376e-01	8.308566e-02	2.835189e-02	2.736688e-02	-1.713724e-02	2.051388e-02	4.272777e-02	4.187776e-02	8.500071e-04
820           	3.282698e-01	1.469558e-01	1.813139e-01	1.102978e-01	8.285383e-02	2.744392e-02	2.770495e-02	-1.717904e-02	2.089431e-02	4.320187e-02	4.249524e-02	7.066246e-04
821           	3.285210e-01	1.470849e-01	1.814362e-01	1.086051e-01	8.245505e-02	2.615006e-02	2.815249e-02	-1.717563e-02	2.127986e-02	4.353079e-02	4.304526e-02	4.855311e-04
822           	3.290456e-01	1.473847e-01	1.816609e-01	1.063254e-01	8.182724e-02	2.449820e-02	2.866452e-02	-1.713810e-02	2.164279e-02	4.371723e-02	4.350141e-02	2.158221e-04
823           	3.298199e-01	1.478340e-01	1.819859e-01	1.034036e-01	8.094694e-02	2.245661e-02	2.924517e-02	-1.707591e-02	2.192624e-02	4.373278e-02	4.379263e-02	-5.985140e-05
824           	3.307349e-01	1.483673e-01	1.823676e-01	1.000981e-01	7.991706e-02	2.018104e-02	2.986801e-02	-1.700016e-02	2.209234e-02	4.360327e-02	4.389397e-02	-2.907059e-04
825           	3.316395e-01	1.488831e-01	1.827563e-01	9.712844e-02	7.906887e-02	1.805957e-02	3.050465e-02	-1.693661e-02	2.213030e-02	4.339775e-02	4.382918e-02	-4.314295e-04
826           	3.324082e-01	1.492992e-01	1.831090e-01	9.498145e-02	7.862039e-02	1.636106e-02	3.112966e-02	-1.690491e-02	2.208319e-02	4.316610e-02	4.366623e-02	-5.001371e-04
827           	3.330040e-01	1.496080e-01	1.833960e-01	9.386401e-02	7.861361e-02	1.525040e-02	3.168161e-02	-1.689401e-02	2.197518e-02	4.289267e-02	4.342152e-02	-5.288440e-04
828           	3.334245e-01	1.498075e-01	1.836170e-01	9.373957e-02	7.892057e-02	1.481900e-02	3.205079e-02	-1.690472e-02	2.182553e-02	4.256630e-02	4.310868e-02	-5.423748e-04
829           	3.337298e-01	1.499362e-01	1.837936e-01	9.435736e-02	7.935129e-02	1.500608e-02	3.217260e-02	-1.692872e-02	2.164224e-02	4.218331e-02	4.273390e-02	-5.505860e-04
830           	3.340163e-01	1.500604e-01	1.839559e-01	9.543953e-02	7.977257e-02	1.566696e-02	3.205281e-02	-1.694776e-02	2.143435e-02	4.176042e-02	4.231457e-02	-5.541421e-04
831           	3.343878e-01	1.502394e-01	1.841484e-01	9.681869e-02	8.014524e-02	1.667345e-02	3.173589e-02	-1.695447e-02	2.120082e-02	4.137115e-02	4.188639e-02	-5.152403e-04
832           	3.348646e-01	1.504690e-01	1.843956e-01	9.846442e-02	8.049228e-02	1.797213e-02	3.126007e-02	-1.696329e-02	2.096931e-02	4.107523e-02	4.150692e-02	-4.316918e-04
833           	3.354338e-01	1.507166e-01	1.847173e-01	1.001870e-01	8.073493e-02	1.945211e-02	3.064141e-02	-1.700034e-02	2.075612e-02	4.093427e-02	4.122325e-02	-2.889838e-04
834           	3.360197e-01	1.509235e-01	1.850962e-01	1.017349e-01	8.070949e-02	2.102542e-02	2.984204e-02	-1.708632e-02	2.059176e-02	4.098320e-02	4.108336e-02	-1.001652e-04
835           	3.364858e-01	1.510530e-01	1.854329e-01	1.031392e-01	8.037188e-02	2.276729e-02	2.880230e-02	-1.718994e-02	2.051196e-02	4.115206e-02	4.108800e-02	6.406644e-05
836           	3.366843e-01	1.510575e-01	1.856268e-01	1.045376e-01	7.988534e-02	2.465231e-02	2.761652e-02	-1.728466e-02	2.054025e-02	4.138125e-02	4.123087e-02	1.503727e-04
837           	3.365477e-01	1.509270e-01	1.856207e-01	1.061214e-01	7.949704e-02	2.662438e-02	2.643633e-02	-1.734683e-02	2.068771e-02	4.159229e-02	4.148386e-02	1.084309e-04
838           	3.360992e-01	1.506789e-01	1.854203e-01	1.080384e-01	7.938831e-02	2.865014e-02	2.536908e-02	-1.737069e-02	2.092731e-02	4.174946e-02	4.180204e-02	-5.257396e-05
839           	3.354042e-01	1.503432e-01	1.850610e-01	1.101099e-01	7.954382e-02	3.056603e-02	2.448889e-02	-1.735887e-02	2.123560e-02	4.184835e-02	4.215977e-02	-3.114229e-04
840           	3.346024e-01	1.499567e-01	1.846456e-01	1.119288e-01	7.988995e-02	3.203881e-02	2.392557e-02	-1.734447e-02	2.156345e-02	4.191708e-02	4.252199e-02	-6.049091e-04
841           	3.338366e-01	1.495775e-01	1.842591e-01	1.129128e-01	8.019031e-02	3.272253e-02	2.373389e-02	-1.734080e-02	2.187265e-02	4.192081e-02	4.283305e-02	-9.122453e-04
842           	3.332287e-01	1.492643e-01	1.839644e-01	1.127557e-01	8.030417e-02	3.245153e-02	2.392632e-02	-1.735002e-02	2.212107e-02	4.184220e-02	4.304216e-02	-1.199969e-03
843           	3.328455e-01	1.490588e-01	1.837868e-01	1.114310e-01	8.012621e-02	3.130483e-02	2.441069e-02	-1.736399e-02	2.229905e-02	4.167909e-02	4.313859e-02	-1.459502e-03
844           	3.327188e-01	1.489774e-01	1.837414e-01	1.089391e-01	7.964678e-02	2.929228e-02	2.517725e-02	-1.738202e-02	2.241495e-02	4.146260e-02	4.314625e-02	-1.683648e-03
845           	3.328922e-01	1.490142e-01	1.838780e-01	1.054198e-01	7.895289e-02	2.646687e-02	2.624301e-02	-1.743187e-02	2.248623e-02	4.124426e-02	4.310836e-02	-1.864102e-03
846           	3.332694e-01	1.491082e-01	1.841611e-01	1.014174e-01	7.804924e-02	2.336813e-02	2.734055e-02	-1.752644e-02	2.255657e-02	4.108951e-02	4.310133e-02	-2.011817e-03
847           	3.336873e-01	1.491849e-01	1.845024e-01	9.728950e-02	7.693483e-02	2.035466e-02	2.829009e-02	-1.765876e-02	2.267155e-02	4.105333e-02	4.319822e-02	-2.144884e-03
848           	3.340293e-01	1.492060e-01	1.848233e-01	9.306726e-02	7.568089e-02	1.738637e-02	2.914726e-02	-1.780868e-02	2.284460e-02	4.112787e-02	4.340854e-02	-2.280667e-03
849           	3.342687e-01	1.491850e-01	1.850837e-01	8.911463e-02	7.452922e-02	1.458540e-02	2.997191e-02	-1.794932e-02	2.302311e-02	4.126436e-02	4.365529e-02	-2.390926e-03
850           	3.344152e-01	1.491496e-01	1.852656e-01	8.587525e-02	7.372758e-02	1.214767e-02	3.078995e-02	-1.805801e-02	2.311990e-02	4.136034e-02	4.380007e-02	-2.439731e-03
851           	3.345090e-01	1.491447e-01	1.853643e-01	8.376363e-02	7.341539e-02	1.034824e-02	3.153357e-02	-1.810981e-02	2.306660e-02	4.129919e-02	4.371619e-02	-2.417002e-03
852           	3.345709e-01	1.492153e-01	1.853555e-01	8.303108e-02	7.347020e-02	9.560884e-03	3.195466e-02	-1.807010e-02	2.286220e-02	4.098985e-02	4.335712e-02	-2.367273e-03
853           	3.346354e-01	1.493612e-01	1.852742e-01	8.350356e-02	7.358655e-02	9.917013e-03	3.183477e-02	-1.795652e-02	2.257660e-02	4.052352e-02	4.283836e-02	-2.314846e-03
854           	3.347042e-01	1.495712e-01	1.851330e-01	8.482515e-02	7.353257e-02	1.129258e-02	3.111999e-02	-1.778089e-02	2.228624e-02	3.999456e-02	4.228352e-02	-2.288956e-03
855           	3.347402e-01	1.498112e-01	1.849290e-01	8.677084e-02	7.324885e-02	1.352200e-02	2.986342e-02	-1.755887e-02	2.205570e-02	3.949849e-02	4.180494e-02	-2.306450e-03
856           	3.346725e-01	1.500088e-01	1.846637e-01	8.929881e-02	7.279042e-02	1.650839e-02	2.814101e-02	-1.732745e-02	2.193283e-02	3.911192e-02	4.148879e-02	-2.376871e-03
857           	3.344993e-01	1.501041e-01	1.843951e-01	9.233416e-02	7.232138e-02	2.001279e-02	2.615430e-02	-1.714550e-02	2.192285e-02	3.897997e-02	4.141284e-02	-2.432868e-03
858           	3.343983e-01	1.501192e-01	1.842791e-01	9.510607e-02	7.190971e-02	2.319636e-02	2.435667e-02	-1.707995e-02	2.200477e-02	3.918342e-02	4.159648e-02	-2.413054e-03
859           	3.344589e-01	1.501134e-01	1.843455e-01	9.724277e-02	7.158877e-02	2.565400e-02	2.296738e-02	-1.711604e-02	2.215124e-02	3.964221e-02	4.197235e-02	-2.330142e-03
860           	3.346724e-01	1.501128e-01	1.845596e-01	9.874070e-02	7.138331e-02	2.735739e-02	2.201296e-02	-1.722341e-02	2.233549e-02	4.028275e-02	4.247687e-02	-2.194115e-03
861           	3.349615e-01	1.501185e-01	1.848431e-01	9.976123e-02	7.138448e-02	2.837675e-02	2.150387e-02	-1.736229e-02	2.255485e-02	4.103597e-02	4.307283e-02	-2.036865e-03
862           	3.352157e-01	1.500916e-01	1.851241e-01	1.004555e-01	7.163040e-02	2.882514e-02	2.140263e-02	-1.751625e-02	2.278995e-02	4.181638e-02	4.369814e-02	-1.881765e-03
863           	3.353552e-01	1.500159e-01	1.853392e-01	1.009999e-01	7.210954e-02	2.889040e-02	2.160957e-02	-1.766165e-02	2.299483e-02	4.256214e-02	4.427590e-02	-1.713758e-03
864           	3.353552e-01	1.499005e-01	1.854547e-01	1.014686e-01	7.271628e-02	2.875233e-02	2.198197e-02	-1.777713e-02	2.314193e-02	4.317501e-02	4.472944e-02	-1.554425e-03
865           	3.352519e-01	1.497796e-01	1.854723e-01	1.018406e-01	7.329585e-02	2.854479e-02	2.237553e-02	-1.784637e-02	2.321112e-02	4.361646e-02	4.501935e-02	-1.402896e-03
866           	3.351331e-01	1.497075e-01	1.854256e-01	1.019910e-01	7.367750e-02	2.831353e-02	2.268198e-02	-1.785909e-02	2.318924e-02	4.387602e-02	4.512725e-02	-1.251227e-03
867           	3.351057e-01	1.497275e-01	1.853783e-01	1.017814e-01	7.378660e-02	2.799485e-02	2.289587e-02	-1.782541e-02	2.309778e-02	4.398481e-02	4.509019e-02	-1.105378e-03
868           	3.352518e-01	1.498549e-01	1.853970e-01	1.011120e-01	7.366482e-02	2.744718e-02	2.310882e-02	-1.777104e-02	2.295308e-02	4.400590e-02	4.495603e-02	-9.501324e-04
869           	3.356380e-01	1.500908e-01	1.855472e-01	1.000872e-01	7.355691e-02	2.653029e-02	2.351331e-02	-1.772823e-02	2.278391e-02	4.401440e-02	4.479111e-02	-7.767040e-04
870           	3.362052e-01	1.503913e-01	1.858139e-01	9.889110e-02	7.352053e-02	2.537058e-02	2.407497e-02	-1.771131e-02	2.262746e-02	4.404152e-02	4.464822e-02	-6.067005e-04
871           	3.368173e-01	1.506853e-01	1.861320e-01	9.760429e-02	7.336562e-02	2.423867e-02	2.456347e-02	-1.772337e-02	2.251451e-02	4.409146e-02	4.456024e-02	-4.687832e-04
872           	3.373992e-01	1.509457e-01	1.864535e-01	9.620858e-02	7.303829e-02	2.317030e-02	2.493400e-02	-1.775394e-02	2.244627e-02	4.412238e-02	4.450746e-02	-3.850810e-04
873           	3.378967e-01	1.511658e-01	1.867309e-01	9.476004e-02	7.263350e-02	2.212654e-02	2.525348e-02	-1.778256e-02	2.241358e-02	4.409249e-02	4.445983e-02	-3.673371e-04
874           	3.382823e-01	1.513422e-01	1.869400e-01	9.337250e-02	7.229894e-02	2.107356e-02	2.561269e-02	-1.779889e-02	2.239617e-02	4.398909e-02	4.439072e-02	-4.016253e-04
875           	3.385524e-01	1.514676e-01	1.870848e-01	9.213494e-02	7.215103e-02	1.998391e-02	2.608356e-02	-1.780860e-02	2.237692e-02	4.379400e-02	4.427392e-02	-4.799213e-04
876           	3.387275e-01	1.515634e-01	1.871641e-01	9.108933e-02	7.223122e-02	1.885811e-02	2.668656e-02	-1.780032e-02	2.232907e-02	4.351492e-02	4.408653e-02	-5.716118e-04
877           	3.388598e-01	1.516680e-01	1.871919e-01	9.025683e-02	7.252528e-02	1.773156e-02	2.739686e-02	-1.776194e-02	2.225668e-02	4.315938e-02	4.383638e-02	-6.769936e-04
878           	3.389622e-01	1.518103e-01	1.871519e-01	8.965869e-02	7.292334e-02	1.673535e-02	2.809399e-02	-1.767080e-02	2.217441e-02	4.272790e-02	4.353836e-02	-8.104575e-04
879           	3.389903e-01	1.519862e-01	1.870041e-01	8.931404e-02	7.324987e-02	1.606417e-02	2.859285e-02	-1.750892e-02	2.209859e-02	4.225550e-02	4.322634e-02	-9.708365e-04
880           	3.388696e-01	1.521506e-01	1.867190e-01	8.932457e-02	7.338811e-02	1.593646e-02	2.872582e-02	-1.728417e-02	2.204217e-02	4.179107e-02	4.293771e-02	-1.146633e-03
881           	3.385266e-01	1.522284e-01	1.862982e-01	8.980493e-02	7.326733e-02	1.653760e-02	2.836487e-02	-1.703492e-02	2.202666e-02	4.134774e-02	4.270053e-02	-1.352794e-03
882           	3.379537e-01	1.521613e-01	1.857924e-01	9.068029e-02	7.277810e-02	1.790219e-02	2.743796e-02	-1.681551e-02	2.202971e-02	4.098741e-02	4.252342e-02	-1.536007e-03
883           	3.372377e-01	1.519652e-01	1.852726e-01	9.175417e-02	7.188351e-02	1.987066e-02	2.600642e-02	-1.665370e-02	2.204112e-02	4.067403e-02	4.237813e-02	-1.704100e-03
884           	3.364344e-01	1.516691e-01	1.847653e-01	9.296416e-02	7.071239e-02	2.225177e-02	2.423031e-02	-1.654811e-02	2.203598e-02	4.035309e-02	4.221252e-02	-1.859434e-03
885           	3.356028e-01	1.513123e-01	1.842906e-01	9.426730e-02	6.942619e-02	2.484111e-02	2.229254e-02	-1.648916e-02	2.197728e-02	4.000183e-02	4.197820e-02	-1.976363e-03
886           	3.347960e-01	1.509148e-01	1.838813e-01	9.567452e-02	6.828830e-02	2.738621e-02	2.045104e-02	-1.648323e-02	2.181986e-02	3.960012e-02	4.161992e-02	-2.019793e-03
887           	3.340837e-01	1.505054e-01	1.835783e-01	9.710502e-02	6.750190e-02	2.960312e-02	1.894939e-02	-1.653644e-02	2.155423e-02	3.910083e-02	4.110465e-02	-2.003820e-03
888           	3.335179e-01	1.501365e-01	1.833815e-01	9.840289e-02	6.707158e-02	3.133132e-02	1.787013e-02	-1.662250e-02	2.118557e-02	3.854876e-02	4.045995e-02	-1.911187e-03
889           	3.331304e-01	1.498614e-01	1.832690e-01	9.958130e-02	6.696598e-02	3.261532e-02	1.717533e-02	-1.670379e-02	2.076992e-02	3.796354e-02	3.975170e-02	-1.788153e-03
890           	3.328663e-01	1.496763e-01	1.831900e-01	1.008092e-01	6.715698e-02	3.365218e-02	1.675240e-02	-1.675683e-02	2.036011e-02	3.739704e-02	3.905863e-02	-1.661589e-03
891           	3.326639e-01	1.495547e-01	1.831092e-01	1.022485e-01	6.760203e-02	3.464645e-02	1.647779e-02	-1.677726e-02	1.999755e-02	3.690739e-02	3.845125e-02	-1.543859e-03
892           	3.324664e-01	1.494626e-01	1.830038e-01	1.040037e-01	6.823751e-02	3.576615e-02	1.623568e-02	-1.677061e-02	1.970663e-02	3.653266e-02	3.797296e-02	-1.440304e-03
893           	3.322257e-01	1.493711e-01	1.828546e-01	1.061011e-01	6.894794e-02	3.715312e-02	1.589741e-02	-1.674177e-02	1.950000e-02	3.625172e-02	3.762586e-02	-1.374142e-03
894           	3.318976e-01	1.492601e-01	1.826376e-01	1.084439e-01	6.958507e-02	3.885887e-02	1.536310e-02	-1.668875e-02	1.937054e-02	3.607981e-02	3.741045e-02	-1.330636e-03
895           	3.314742e-01	1.491334e-01	1.823408e-01	1.108207e-01	7.000110e-02	4.081961e-02	1.459074e-02	-1.660372e-02	1.932661e-02	3.600279e-02	3.732801e-02	-1.325218e-03
896           	3.309479e-01	1.489828e-01	1.819651e-01	1.130719e-01	7.017252e-02	4.289941e-02	1.363655e-02	-1.649115e-02	1.936542e-02	3.605248e-02	3.739166e-02	-1.339174e-03
897           	3.303258e-01	1.487921e-01	1.815337e-01	1.150372e-01	7.012479e-02	4.491240e-02	1.260619e-02	-1.637078e-02	1.948369e-02	3.622020e-02	3.759379e-02	-1.373590e-03
898           	3.296579e-01	1.485614e-01	1.810965e-01	1.164971e-01	6.991653e-02	4.658053e-02	1.166800e-02	-1.626756e-02	1.967280e-02	3.647630e-02	3.791095e-02	-1.434645e-03
899           	3.290325e-01	1.483243e-01	1.807082e-01	1.171984e-01	6.959126e-02	4.760715e-02	1.099206e-02	-1.619194e-02	1.990915e-02	3.677213e-02	3.829521e-02	-1.523078e-03
900           	3.285618e-01	1.481444e-01	1.804174e-01	1.170277e-01	6.922828e-02	4.779937e-02	1.071445e-02	-1.613650e-02	2.019410e-02	3.706176e-02	3.872498e-02	-1.663219e-03
901           	3.283362e-01	1.480671e-01	1.802691e-01	1.158778e-01	6.883990e-02	4.703793e-02	1.090099e-02	-1.610098e-02	2.053171e-02	3.730001e-02	3.918172e-02	-1.881708e-03
902           	3.284191e-01	1.481350e-01	1.802841e-01	1.137060e-01	6.843912e-02	4.526689e-02	1.158612e-02	-1.607457e-02	2.089692e-02	3.749756e-02	3.964570e-02	-2.148140e-03
903           	3.288852e-01	1.483915e-01	1.804937e-01	1.106126e-01	6.809761e-02	4.251499e-02	1.279131e-02	-1.605111e-02	2.126979e-02	3.766799e-02	4.010379e-02	-2.435800e-03
904           	3.297265e-01	1.488389e-01	1.808876e-01	1.067448e-01	6.780681e-02	3.893797e-02	1.443442e-02	-1.602432e-02	2.162806e-02	3.782533e-02	4.054072e-02	-2.715393e-03
905           	3.308580e-01	1.494310e-01	1.814270e-01	1.023436e-01	6.749966e-02	3.484398e-02	1.632784e-02	-1.599796e-02	2.193389e-02	3.798423e-02	4.092601e-02	-2.941779e-03
906           	3.321387e-01	1.500941e-01	1.820445e-01	9.774972e-02	6.715394e-02	3.059578e-02	1.827908e-02	-1.597518e-02	2.216491e-02	3.812368e-02	4.122675e-02	-3.103064e-03
907           	3.334268e-01	1.507600e-01	1.826668e-01	9.336055e-02	6.684090e-02	2.651966e-02	2.016062e-02	-1.595339e-02	2.230794e-02	3.817810e-02	4.139699e-02	-3.218891e-03
908           	3.345850e-01	1.513559e-01	1.832291e-01	8.955966e-02	6.667274e-02	2.288692e-02	2.189291e-02	-1.593657e-02	2.233253e-02	3.812062e-02	4.139284e-02	-3.272223e-03
909           	3.355268e-01	1.518375e-01	1.836894e-01	8.659564e-02	6.673468e-02	1.986096e-02	2.343686e-02	-1.592594e-02	2.223316e-02	3.790369e-02	4.118500e-02	-3.281308e-03
910           	3.362167e-01	1.521892e-01	1.840275e-01	8.458225e-02	6.705965e-02	1.752260e-02	2.476852e-02	-1.591919e-02	2.201041e-02	3.754035e-02	4.078059e-02	-3.240235e-03
911           	3.366844e-01	1.524264e-01	1.842580e-01	8.359075e-02	6.763420e-02	1.595655e-02	2.583882e-02	-1.591582e-02	2.169351e-02	3.706230e-02	4.022466e-02	-3.162357e-03
912           	3.369850e-01	1.525843e-01	1.844007e-01	8.361094e-02	6.837467e-02	1.523627e-02	2.656920e-02	-1.590823e-02	2.132912e-02	3.657409e-02	3.961616e-02	-3.042076e-03
913           	3.371824e-01	1.526939e-01	1.844885e-01	8.450851e-02	6.912411e-02	1.538440e-02	2.686986e-02	-1.589731e-02	2.097837e-02	3.618184e-02	3.906929e-02	-2.887453e-03
914           	3.372659e-01	1.527543e-01	1.845116e-01	8.620250e-02	6.978754e-02	1.641496e-02	2.668629e-02	-1.587865e-02	2.069714e-02	3.598681e-02	3.869055e-02	-2.703740e-03
915           	3.371765e-01	1.527230e-01	1.844535e-01	8.861674e-02	7.033476e-02	1.828198e-02	2.602639e-02	-1.586528e-02	2.053964e-02	3.603043e-02	3.855486e-02	-2.524431e-03
916           	3.368646e-01	1.525589e-01	1.843057e-01	9.157579e-02	7.078915e-02	2.078665e-02	2.500125e-02	-1.587342e-02	2.053942e-02	3.635657e-02	3.871771e-02	-2.361137e-03
917           	3.363307e-01	1.522496e-01	1.840811e-01	9.471269e-02	7.115954e-02	2.355315e-02	2.380319e-02	-1.591576e-02	2.069914e-02	3.694742e-02	3.917285e-02	-2.225433e-03
918           	3.356067e-01	1.518185e-01	1.837883e-01	9.765115e-02	7.143292e-02	2.621822e-02	2.260735e-02	-1.598488e-02	2.098385e-02	3.775707e-02	3.986239e-02	-2.105312e-03
919           	3.347522e-01	1.513119e-01	1.834403e-01	1.001911e-01	7.167285e-02	2.851824e-02	2.157731e-02	-1.606425e-02	2.135723e-02	3.867924e-02	4.069685e-02	-2.017610e-03
920           	3.338142e-01	1.507907e-01	1.830236e-01	1.022780e-01	7.194608e-02	3.033190e-02	2.080709e-02	-1.611643e-02	2.176168e-02	3.956972e-02	4.154655e-02	-1.976823e-03
921           	3.328695e-01	1.503096e-01	1.825599e-01	1.037800e-01	7.231485e-02	3.146513e-02	2.042486e-02	-1.612518e-02	2.215983e-02	4.032306e-02	4.232136e-02	-1.998305e-03
922           	3.320060e-01	1.499152e-01	1.820908e-01	1.044661e-01	7.277891e-02	3.168720e-02	2.054585e-02	-1.608777e-02	2.251098e-02	4.088891e-02	4.295543e-02	-2.066519e-03
923           	3.313124e-01	1.496434e-01	1.816690e-01	1.041816e-01	7.325172e-02	3.092992e-02	2.116090e-02	-1.601281e-02	2.277865e-02	4.123733e-02	4.339732e-02	-2.159988e-03
924           	3.308302e-01	1.494879e-01	1.813423e-01	1.028373e-01	7.358978e-02	2.924747e-02	2.217115e-02	-1.592723e-02	2.292845e-02	4.136351e-02	4.361021e-02	-2.246696e-03
925           	3.306110e-01	1.494427e-01	1.811683e-01	1.003442e-01	7.365687e-02	2.668737e-02	2.348475e-02	-1.586282e-02	2.294635e-02	4.127216e-02	4.358244e-02	-2.310271e-03
926           	3.305862e-01	1.494703e-01	1.811158e-01	9.711659e-02	7.339865e-02	2.371795e-02	2.484035e-02	-1.582276e-02	2.283570e-02	4.097581e-02	4.332360e-02	-2.347791e-03
927           	3.306007e-01	1.494942e-01	1.811065e-01	9.390987e-02	7.289020e-02	2.101967e-02	2.593527e-02	-1.580614e-02	2.265773e-02	4.054927e-02	4.293236e-02	-2.383092e-03
928           	3.306667e-01	1.495120e-01	1.811546e-01	9.099222e-02	7.225117e-02	1.874105e-02	2.675506e-02	-1.582130e-02	2.247235e-02	4.010191e-02	4.252331e-02	-2.421396e-03
929           	3.308320e-01	1.495427e-01	1.812893e-01	8.841411e-02	7.159930e-02	1.681481e-02	2.739225e-02	-1.587327e-02	2.232489e-02	3.973058e-02	4.219018e-02	-2.459604e-03
930           	3.311194e-01	1.496087e-01	1.815107e-01	8.611504e-02	7.103274e-02	1.508230e-02	2.797522e-02	-1.595097e-02	2.222316e-02	3.946596e-02	4.195614e-02	-2.490180e-03
931           	3.315357e-01	1.497289e-01	1.818068e-01	8.403739e-02	7.064233e-02	1.339506e-02	2.862364e-02	-1.603894e-02	2.215187e-02	3.930641e-02	4.180508e-02	-2.498668e-03
932           	3.320597e-01	1.499203e-01	1.821395e-01	8.226060e-02	7.047792e-02	1.178268e-02	2.934762e-02	-1.610960e-02	2.208403e-02	3.921045e-02	4.168925e-02	-2.478800e-03
933           	3.326519e-01	1.501727e-01	1.824792e-01	8.093774e-02	7.053139e-02	1.040635e-02	3.006252e-02	-1.615326e-02	2.201384e-02	3.917202e-02	4.159985e-02	-2.427827e-03
934           	3.332934e-01	1.504737e-01	1.828197e-01	8.011365e-02	7.073719e-02	9.376462e-03	3.068036e-02	-1.617300e-02	2.194097e-02	3.918109e-02	4.153152e-02	-2.350424e-03
935           	3.339667e-01	1.508064e-01	1.831603e-01	7.978923e-02	7.104029e-02	8.748943e-03	3.114567e-02	-1.617696e-02	2.188019e-02	3.921802e-02	4.148920e-02	-2.271181e-03
936           	3.346176e-01	1.511509e-01	1.834667e-01	8.007796e-02	7.140297e-02	8.674988e-03	3.136399e-02	-1.615789e-02	2.185055e-02	3.926704e-02	4.148406e-02	-2.217026e-03
937           	3.351292e-01	1.514404e-01	1.836888e-01	8.125275e-02	7.184068e-02	9.412077e-03	3.121430e-02	-1.612417e-02	2.187189e-02	3.934158e-02	4.154268e-02	-2.201104e-03
938           	3.354553e-01	1.516144e-01	1.838409e-01	8.322020e-02	7.235435e-02	1.086585e-02	3.074425e-02	-1.611322e-02	2.193899e-02	3.947434e-02	4.167617e-02	-2.201824e-03
939           	3.356452e-01	1.516810e-01	1.839642e-01	8.544027e-02	7.282748e-02	1.261278e-02	3.010735e-02	-1.614163e-02	2.201978e-02	3.964140e-02	4.184048e-02	-2.199076e-03
940           	3.357214e-01	1.516522e-01	1.840692e-01	8.782498e-02	7.326412e-02	1.456086e-02	2.935163e-02	-1.620851e-02	2.211795e-02	3.987100e-02	4.205345e-02	-2.182447e-03
941           	3.356543e-01	1.515095e-01	1.841448e-01	9.031004e-02	7.364614e-02	1.666390e-02	2.849112e-02	-1.631763e-02	2.228346e-02	4.018618e-02	4.237655e-02	-2.190367e-03
942           	3.353967e-01	1.512329e-01	1.841638e-01	9.286503e-02	7.397622e-02	1.888880e-02	2.754371e-02	-1.646547e-02	2.252514e-02	4.062213e-02	4.283621e-02	-2.214077e-03
943           	3.349693e-01	1.508399e-01	1.841294e-01	9.545708e-02	7.430468e-02	2.115239e-02	2.657614e-02	-1.664472e-02	2.284843e-02	4.113155e-02	4.341421e-02	-2.282660e-03
944           	3.344557e-01	1.503944e-01	1.840614e-01	9.792673e-02	7.465139e-02	2.327534e-02	2.568803e-02	-1.683349e-02	2.321258e-02	4.163612e-02	4.403064e-02	-2.394521e-03
945           	3.339712e-01	1.499710e-01	1.840002e-01	1.000127e-01	7.501750e-02	2.499516e-02	2.501117e-02	-1.701456e-02	2.356648e-02	4.206440e-02	4.459868e-02	-2.534279e-03
946           	3.336514e-01	1.496515e-01	1.839999e-01	1.014329e-01	7.536979e-02	2.606307e-02	2.465336e-02	-1.717422e-02	2.386239e-02	4.238266e-02	4.505372e-02	-2.671058e-03
947           	3.336120e-01	1.494956e-01	1.841164e-01	1.018115e-01	7.566759e-02	2.614386e-02	2.476186e-02	-1.731039e-02	2.408814e-02	4.255077e-02	4.536352e-02	-2.812754e-03
948           	3.339116e-01	1.495615e-01	1.843501e-01	1.006924e-01	7.576114e-02	2.493129e-02	2.541493e-02	-1.739429e-02	2.420568e-02	4.256772e-02	4.548954e-02	-2.921825e-03
949           	3.344218e-01	1.497968e-01	1.846250e-01	9.848088e-02	7.561091e-02	2.286997e-02	2.637047e-02	-1.741410e-02	2.422735e-02	4.241750e-02	4.543609e-02	-3.018598e-03
950           	3.350365e-01	1.501261e-01	1.849104e-01	9.591949e-02	7.528553e-02	2.063396e-02	2.732579e-02	-1.739213e-02	2.416991e-02	4.214208e-02	4.524095e-02	-3.098875e-03
951           	3.357073e-01	1.504942e-01	1.852131e-01	9.340394e-02	7.484787e-02	1.855606e-02	2.814590e-02	-1.735945e-02	2.404753e-02	4.180548e-02	4.495027e-02	-3.144787e-03
952           	3.363658e-01	1.508568e-01	1.855089e-01	9.109367e-02	7.428943e-02	1.680424e-02	2.874259e-02	-1.732605e-02	2.387108e-02	4.144997e-02	4.459607e-02	-3.146096e-03
953           	3.369094e-01	1.511621e-01	1.857473e-01	8.914734e-02	7.367663e-02	1.547071e-02	2.910296e-02	-1.729258e-02	2.366796e-02	4.107311e-02	4.420451e-02	-3.131409e-03
954           	3.372522e-01	1.513899e-01	1.858623e-01	8.773212e-02	7.306752e-02	1.466460e-02	2.920146e-02	-1.723618e-02	2.342702e-02	4.068931e-02	4.377168e-02	-3.082369e-03
955           	3.373665e-01	1.515320e-01	1.858345e-01	8.708446e-02	7.258910e-02	1.449536e-02	2.904687e-02	-1.715126e-02	2.318144e-02	4.034087e-02	4.335187e-02	-3.011008e-03
956           	3.372221e-01	1.515813e-01	1.856408e-01	8.741642e-02	7.230156e-02	1.511486e-02	2.859335e-02	-1.702973e-02	2.296138e-02	4.010081e-02	4.301179e-02	-2.910979e-03
957           	3.368357e-01	1.515352e-01	1.853005e-01	8.872877e-02	7.220187e-02	1.652690e-02	2.783748e-02	-1.688267e-02	2.282165e-02	4.004539e-02	4.284434e-02	-2.798954e-03
958           	3.362949e-01	1.514152e-01	1.848796e-01	9.059675e-02	7.219410e-02	1.840265e-02	2.689572e-02	-1.673222e-02	2.278315e-02	4.022415e-02	4.289523e-02	-2.671073e-03
959           	3.356398e-01	1.512183e-01	1.844215e-01	9.258290e-02	7.218226e-02	2.040063e-02	2.589081e-02	-1.660160e-02	2.285241e-02	4.063100e-02	4.316790e-02	-2.536907e-03
960           	3.348809e-01	1.509381e-01	1.839428e-01	9.445736e-02	7.212467e-02	2.233269e-02	2.489599e-02	-1.650237e-02	2.303024e-02	4.127700e-02	4.366874e-02	-2.391744e-03
961           	3.340313e-01	1.505782e-01	1.834531e-01	9.610699e-02	7.203216e-02	2.407483e-02	2.397867e-02	-1.643742e-02	2.331810e-02	4.210990e-02	4.437305e-02	-2.263155e-03
962           	3.331423e-01	1.501574e-01	1.829849e-01	9.749110e-02	7.194561e-02	2.554548e-02	2.320007e-02	-1.641375e-02	2.368242e-02	4.308536e-02	4.522509e-02	-2.139739e-03
963           	3.322613e-01	1.497135e-01	1.825478e-01	9.867093e-02	7.189601e-02	2.677492e-02	2.256055e-02	-1.641712e-02	2.408885e-02	4.408966e-02	4.613367e-02	-2.044017e-03
964           	3.314216e-01	1.492862e-01	1.821354e-01	9.976320e-02	7.188533e-02	2.787787e-02	2.200373e-02	-1.642462e-02	2.448072e-02	4.502046e-02	4.699095e-02	-1.970494e-03
965           	3.306357e-01	1.488989e-01	1.817368e-01	1.007814e-01	7.191621e-02	2.886524e-02	2.152549e-02	-1.641891e-02	2.481430e-02	4.576355e-02	4.769608e-02	-1.932527e-03
966           	3.299216e-01	1.485545e-01	1.813671e-01	1.016661e-01	7.200733e-02	2.965877e-02	2.117428e-02	-1.640631e-02	2.504283e-02	4.626471e-02	4.817519e-02	-1.910474e-03
967           	3.293048e-01	1.482557e-01	1.810491e-01	1.022139e-01	7.211371e-02	3.010014e-02	2.100679e-02	-1.639667e-02	2.514086e-02	4.647166e-02	4.837669e-02	-1.905031e-03
968           	3.289129e-01	1.480595e-01	1.808534e-01	1.021650e-01	7.220549e-02	2.995948e-02	2.112301e-02	-1.639698e-02	2.507879e-02	4.637317e-02	4.826537e-02	-1.892204e-03
969           	3.288909e-01	1.480472e-01	1.808437e-01	1.012949e-01	7.221946e-02	2.907546e-02	2.157200e-02	-1.639827e-02	2.487623e-02	4.595643e-02	4.785444e-02	-1.898013e-03
970           	3.293452e-01	1.482498e-01	1.810954e-01	9.953445e-02	7.215175e-02	2.738270e-02	2.238453e-02	-1.642282e-02	2.456607e-02	4.530504e-02	4.721859e-02	-1.913549e-03
971           	3.301750e-01	1.486105e-01	1.815646e-01	9.713958e-02	7.202997e-02	2.510961e-02	2.346018e-02	-1.647705e-02	2.418492e-02	4.447179e-02	4.642082e-02	-1.949028e-03
972           	3.312863e-01	1.490917e-01	1.821946e-01	9.441570e-02	7.195156e-02	2.246414e-02	2.474371e-02	-1.655144e-02	2.372292e-02	4.348218e-02	4.546401e-02	-1.981828e-03
973           	3.326176e-01	1.496643e-01	1.829534e-01	9.138286e-02	7.189117e-02	1.949169e-02	2.619974e-02	-1.664454e-02	2.317959e-02	4.237525e-02	4.436721e-02	-1.991960e-03
974           	3.340626e-01	1.502789e-01	1.837837e-01	8.818379e-02	7.184339e-02	1.634040e-02	2.775150e-02	-1.675239e-02	2.257021e-02	4.124023e-02	4.319033e-02	-1.950095e-03
975           	3.354537e-01	1.508926e-01	1.845611e-01	8.521357e-02	7.181791e-02	1.339566e-02	2.921112e-02	-1.683425e-02	2.194814e-02	4.008363e-02	4.198996e-02	-1.906325e-03
976           	3.366763e-01	1.514692e-01	1.852071e-01	8.295778e-02	7.193095e-02	1.102683e-02	3.045206e-02	-1.686894e-02	2.135794e-02	3.896776e-02	4.084182e-02	-1.874060e-03
977           	3.376364e-01	1.519610e-01	1.856754e-01	8.169999e-02	7.223229e-02	9.467705e-03	3.138229e-02	-1.685719e-02	2.087294e-02	3.800241e-02	3.987414e-02	-1.871730e-03
978           	3.382828e-01	1.523324e-01	1.859504e-01	8.152206e-02	7.270599e-02	8.816067e-03	3.194496e-02	-1.680901e-02	2.054190e-02	3.734488e-02	3.921434e-02	-1.869460e-03
979           	3.385973e-01	1.525774e-01	1.860199e-01	8.235005e-02	7.328598e-02	9.064067e-03	3.211096e-02	-1.672129e-02	2.038291e-02	3.703403e-02	3.889993e-02	-1.865895e-03
980           	3.385773e-01	1.526950e-01	1.858823e-01	8.425651e-02	7.399749e-02	1.025902e-02	3.186924e-02	-1.659368e-02	2.036139e-02	3.706710e-02	3.889494e-02	-1.827837e-03
981           	3.381366e-01	1.526368e-01	1.854997e-01	8.734739e-02	7.479537e-02	1.255202e-02	3.112168e-02	-1.643143e-02	2.045223e-02	3.741103e-02	3.915775e-02	-1.746719e-03
982           	3.373735e-01	1.523988e-01	1.849747e-01	9.109930e-02	7.548055e-02	1.561875e-02	2.993090e-02	-1.628793e-02	2.060294e-02	3.806569e-02	3.963579e-02	-1.570098e-03
983           	3.364947e-01	1.520844e-01	1.844103e-01	9.495366e-02	7.593920e-02	1.901445e-02	2.846237e-02	-1.616294e-02	2.078874e-02	3.889939e-02	4.023843e-02	-1.339039e-03
984           	3.355064e-01	1.517025e-01	1.838038e-01	9.877442e-02	7.616796e-02	2.260646e-02	2.678075e-02	-1.605065e-02	2.099902e-02	3.982282e-02	4.091043e-02	-1.087613e-03
985           	3.343851e-01	1.512510e-01	1.831340e-01	1.022684e-01	7.611015e-02	2.615827e-02	2.497594e-02	-1.594151e-02	2.123615e-02	4.071059e-02	4.159145e-02	-8.808589e-04
986           	3.331860e-01	1.507573e-01	1.824287e-01	1.051347e-01	7.580813e-02	2.932653e-02	2.324080e-02	-1.583570e-02	2.145330e-02	4.146147e-02	4.218403e-02	-7.225669e-04
987           	3.320016e-01	1.502774e-01	1.817242e-01	1.072923e-01	7.544671e-02	3.184557e-02	2.180057e-02	-1.572341e-02	2.162055e-02	4.199192e-02	4.261651e-02	-6.245921e-04
988           	3.309132e-01	1.498471e-01	1.810661e-01	1.088280e-01	7.519732e-02	3.363065e-02	2.078333e-02	-1.560951e-02	2.172380e-02	4.231212e-02	4.287986e-02	-5.677393e-04
989           	3.299646e-01	1.494757e-01	1.804889e-01	1.097611e-01	7.508886e-02	3.467226e-02	2.020830e-02	-1.550661e-02	2.177309e-02	4.244488e-02	4.299553e-02	-5.506440e-04
990           	3.292363e-01	1.491867e-01	1.800496e-01	1.100119e-01	7.510539e-02	3.490651e-02	2.009944e-02	-1.543148e-02	2.176703e-02	4.242586e-02	4.297996e-02	-5.540990e-04
991           	3.288360e-01	1.490181e-01	1.798180e-01	1.094667e-01	7.518650e-02	3.428023e-02	2.045313e-02	-1.539994e-02	2.171700e-02	4.228546e-02	4.285973e-02	-5.742674e-04
992           	3.288908e-01	1.489958e-01	1.798950e-01	1.079793e-01	7.529024e-02	3.268909e-02	2.130058e-02	-1.544962e-02	2.164318e-02	4.212452e-02	4.270544e-02	-5.809210e-04
993           	3.294447e-01	1.491341e-01	1.803106e-01	1.055047e-01	7.535474e-02	3.014991e-02	2.260241e-02	-1.558825e-02	2.155422e-02	4.198079e-02	4.254461e-02	-5.638231e-04
994           	3.304613e-01	1.494497e-01	1.810115e-01	1.023470e-01	7.538261e-02	2.696438e-02	2.420912e-02	-1.578090e-02	2.142577e-02	4.180508e-02	4.232831e-02	-5.232361e-04
995           	3.318257e-01	1.499454e-01	1.818803e-01	9.883082e-02	7.536010e-02	2.347072e-02	2.594469e-02	-1.596748e-02	2.121683e-02	4.149767e-02	4.196566e-02	-4.679937e-04
996           	3.334355e-01	1.505904e-01	1.828452e-01	9.501214e-02	7.522027e-02	1.979187e-02	2.771420e-02	-1.612739e-02	2.088076e-02	4.101298e-02	4.138725e-02	-3.742723e-04
997           	3.350701e-01	1.512707e-01	1.837994e-01	9.099755e-02	7.484760e-02	1.614994e-02	2.934883e-02	-1.626433e-02	2.042171e-02	4.035855e-02	4.060099e-02	-2.424326e-04
998           	3.365072e-01	1.518897e-01	1.846175e-01	8.741878e-02	7.436928e-02	1.304950e-02	3.065989e-02	-1.636394e-02	1.987688e-02	3.962387e-02	3.968882e-02	-6.494768e-05
999           	3.376298e-01	1.524032e-01	1.852266e-01	8.473936e-02	7.389848e-02	1.084088e-02	3.152880e-02	-1.641166e-02	1.929307e-02	3.885578e-02	3.872096e-02	1.348217e-04
1000          	3.383789e-01	1.527755e-01	1.856034e-01	8.326359e-02	7.350906e-02	9.754528e-03	3.187727e-02	-1.641395e-02	1.870972e-02	3.811014e-02	3.776479e-02	3.453490e-04
1001          	3.386994e-01	1.529754e-01	1.857240e-01	8.314737e-02	7.325612e-02	9.891249e-03	3.168244e-02	-1.637430e-02	1.817938e-02	3.742718e-02	3.689297e-02	5.342104e-04
1002          	3.386009e-01	1.530009e-01	1.856000e-01	8.430031e-02	7.315818e-02	1.114212e-02	3.100803e-02	-1.629954e-02	1.773421e-02	3.686735e-02	3.616788e-02	6.994679e-04
1003          	3.381844e-01	1.529010e-01	1.852834e-01	8.654884e-02	7.325564e-02	1.329320e-02	2.998122e-02	-1.619119e-02	1.739875e-02	3.646599e-02	3.563175e-02	8.342380e-04
1004          	3.375266e-01	1.527098e-01	1.848168e-01	8.973870e-02	7.359075e-02	1.614794e-02	2.872140e-02	-1.605346e-02	1.719898e-02	3.627029e-02	3.533413e-02	9.361604e-04
1005          	3.367170e-01	1.524531e-01	1.842639e-01	9.352390e-02	7.408939e-02	1.943450e-02	2.732745e-02	-1.590539e-02	1.718029e-02	3.631029e-02	3.533543e-02	9.748554e-04
1006          	3.358293e-01	1.521499e-01	1.836794e-01	9.730938e-02	7.451889e-02	2.279049e-02	2.586420e-02	-1.576471e-02	1.736026e-02	3.657996e-02	3.565024e-02	9.297157e-04
1007          	3.349790e-01	1.518510e-01	1.831280e-01	1.005162e-01	7.464755e-02	2.586862e-02	2.438946e-02	-1.563850e-02	1.768225e-02	3.700134e-02	3.618291e-02	8.184242e-04
1008          	3.342101e-01	1.515636e-01	1.826465e-01	1.030289e-01	7.448232e-02	2.854660e-02	2.296786e-02	-1.554141e-02	1.807130e-02	3.750006e-02	3.682133e-02	6.787345e-04
1009          	3.334978e-01	1.512635e-01	1.822344e-01	1.047774e-01	7.405501e-02	3.072235e-02	2.166633e-02	-1.548545e-02	1.845485e-02	3.799468e-02	3.745219e-02	5.424904e-04
1010          	3.328292e-01	1.509578e-01	1.818714e-01	1.058972e-01	7.356670e-02	3.233053e-02	2.061808e-02	-1.545685e-02	1.875904e-02	3.837454e-02	3.794631e-02	4.282299e-04
1011          	3.321688e-01	1.506474e-01	1.815215e-01	1.066288e-01	7.319297e-02	3.343584e-02	1.987857e-02	-1.543706e-02	1.893409e-02	3.856147e-02	3.821482e-02	3.466448e-04
1012          	3.314729e-01	1.503264e-01	1.811464e-01	1.071979e-01	7.304549e-02	3.415243e-02	1.944653e-02	-1.540999e-02	1.895108e-02	3.851442e-02	3.820829e-02	3.061311e-04
1013          	3.307584e-01	1.500265e-01	1.807319e-01	1.076748e-01	7.317417e-02	3.450060e-02	1.933678e-02	-1.535268e-02	1.880635e-02	3.818110e-02	3.789690e-02	2.841939e-04
1014          	3.301145e-01	1.498051e-01	1.803094e-01	1.079528e-01	7.358163e-02	3.437122e-02	1.960521e-02	-1.525216e-02	1.851060e-02	3.758262e-02	3.730191e-02	2.807091e-04
1015          	3.297022e-01	1.497328e-01	1.799694e-01	1.077588e-01	7.420756e-02	3.355122e-02	2.032817e-02	-1.511833e-02	1.810595e-02	3.671687e-02	3.646439e-02	2.524798e-04
1016          	3.296952e-01	1.498722e-01	1.798230e-01	1.066473e-01	7.491544e-02	3.173183e-02	2.159180e-02	-1.497537e-02	1.765300e-02	3.562524e-02	3.546563e-02	1.596189e-04
1017          	3.301341e-01	1.502167e-01	1.799173e-01	1.044010e-01	7.549761e-02	2.890340e-02	2.329710e-02	-1.485031e-02	1.720354e-02	3.446421e-02	3.443564e-02	2.856597e-05
1018          	3.307797e-01	1.506417e-01	1.801380e-01	1.015422e-01	7.591136e-02	2.563089e-02	2.514024e-02	-1.474815e-02	1.679928e-02	3.337048e-02	3.348451e-02	-1.140388e-04
1019          	3.314224e-01	1.510533e-01	1.803690e-01	9.841219e-02	7.620269e-02	2.220950e-02	2.699660e-02	-1.465784e-02	1.643558e-02	3.237003e-02	3.262060e-02	-2.505713e-04
1020          	3.319356e-01	1.513812e-01	1.805544e-01	9.523230e-02	7.642218e-02	1.881012e-02	2.880603e-02	-1.458660e-02	1.611753e-02	3.149284e-02	3.186395e-02	-3.711078e-04
1021          	3.322088e-01	1.515729e-01	1.806359e-01	9.234769e-02	7.665027e-02	1.569743e-02	3.047642e-02	-1.453152e-02	1.586614e-02	3.075651e-02	3.124439e-02	-4.878878e-04
1022          	3.321752e-01	1.516039e-01	1.805713e-01	9.002342e-02	7.689015e-02	1.313327e-02	3.187844e-02	-1.448368e-02	1.569470e-02	3.022505e-02	3.080722e-02	-5.821743e-04
1023          	3.318197e-01	1.514711e-01	1.803486e-01	8.852336e-02	7.716766e-02	1.135570e-02	3.290598e-02	-1.443877e-02	1.564680e-02	2.996525e-02	3.062943e-02	-6.641766e-04
1024          	3.311608e-01	1.511835e-01	1.799773e-01	8.802411e-02	7.746099e-02	1.056311e-02	3.344894e-02	-1.439688e-02	1.574018e-02	3.005396e-02	3.076716e-02	-7.131979e-04
1025          	3.302611e-01	1.507596e-01	1.795014e-01	8.862469e-02	7.776703e-02	1.085766e-02	3.345469e-02	-1.437091e-02	1.595489e-02	3.054745e-02	3.122861e-02	-6.811586e-04
1026          	3.292020e-01	1.502462e-01	1.789558e-01	9.022608e-02	7.800659e-02	1.221949e-02	3.289355e-02	-1.435481e-02	1.626797e-02	3.137860e-02	3.195727e-02	-5.786671e-04
1027          	3.281095e-01	1.497204e-01	1.783891e-01	9.233986e-02	7.801551e-02	1.432436e-02	3.184558e-02	-1.433439e-02	1.662464e-02	3.244881e-02	3.284905e-02	-4.002371e-04
1028          	3.271430e-01	1.492594e-01	1.778836e-01	9.431285e-02	7.768601e-02	1.662684e-02	3.052958e-02	-1.431208e-02	1.700383e-02	3.361761e-02	3.381263e-02	-1.950249e-04
1029          	3.263990e-01	1.489078e-01	1.774912e-01	9.560078e-02	7.700706e-02	1.859372e-02	2.920667e-02	-1.429167e-02	1.739814e-02	3.474522e-02	3.477075e-02	-2.553156e-05
1030          	3.259591e-01	1.486943e-01	1.772647e-01	9.584754e-02	7.607524e-02	1.977230e-02	2.815147e-02	-1.428520e-02	1.779589e-02	3.572426e-02	3.565802e-02	6.623812e-05
1031          	3.259368e-01	1.486651e-01	1.772718e-01	9.491578e-02	7.507112e-02	1.984466e-02	2.761323e-02	-1.430334e-02	1.819013e-02	3.646332e-02	3.642179e-02	4.153434e-05
1032          	3.263949e-01	1.488326e-01	1.775623e-01	9.266182e-02	7.406278e-02	1.859904e-02	2.773187e-02	-1.436487e-02	1.855986e-02	3.698413e-02	3.705192e-02	-6.779590e-05
1033          	3.273447e-01	1.491873e-01	1.781574e-01	8.907091e-02	7.320826e-02	1.586265e-02	2.867280e-02	-1.448508e-02	1.888543e-02	3.732838e-02	3.754962e-02	-2.212335e-04
1034          	3.287675e-01	1.497152e-01	1.790524e-01	8.423802e-02	7.260025e-02	1.163777e-02	3.048124e-02	-1.466860e-02	1.912354e-02	3.754759e-02	3.789734e-02	-3.497508e-04
1035          	3.305687e-01	1.503876e-01	1.801811e-01	7.837206e-02	7.220303e-02	6.169032e-03	3.301700e-02	-1.489677e-02	1.927201e-02	3.766781e-02	3.810591e-02	-4.381043e-04
1036          	3.326363e-01	1.511789e-01	1.814574e-01	7.196872e-02	7.205980e-02	-9.108258e-05	3.607544e-02	-1.513926e-02	1.931068e-02	3.771431e-02	3.816784e-02	-4.535240e-04
1037          	3.345262e-01	1.518900e-01	1.826362e-01	6.658723e-02	7.237164e-02	-5.784403e-03	3.907802e-02	-1.537305e-02	1.929492e-02	3.772219e-02	3.815602e-02	-4.338250e-04
1038          	3.357771e-01	1.523094e-01	1.834677e-01	6.305541e-02	7.277841e-02	-9.723005e-03	4.125071e-02	-1.557914e-02	1.929135e-02	3.775894e-02	3.817082e-02	-4.118754e-04
1039          	3.362880e-01	1.523922e-01	1.838957e-01	6.116822e-02	7.291550e-02	-1.174729e-02	4.233140e-02	-1.575175e-02	1.932326e-02	3.780958e-02	3.822805e-02	-4.184695e-04
1040          	3.360757e-01	1.521493e-01	1.839264e-01	6.074992e-02	7.268216e-02	-1.193224e-02	4.230720e-02	-1.588859e-02	1.936725e-02	3.785311e-02	3.829380e-02	-4.406952e-04
1041          	3.352720e-01	1.516492e-01	1.836228e-01	6.165913e-02	7.219433e-02	-1.053520e-02	4.136477e-02	-1.598683e-02	1.939608e-02	3.782525e-02	3.830870e-02	-4.834536e-04
1042          	3.341353e-01	1.510396e-01	1.830957e-01	6.355839e-02	7.165078e-02	-8.092395e-03	3.987159e-02	-1.602805e-02	1.936989e-02	3.767105e-02	3.820542e-02	-5.343651e-04
1043          	3.329807e-01	1.504878e-01	1.824929e-01	6.599321e-02	7.124873e-02	-5.255516e-03	3.825212e-02	-1.600254e-02	1.929816e-02	3.737278e-02	3.798455e-02	-6.117698e-04
1044          	3.320486e-01	1.501165e-01	1.819321e-01	6.841846e-02	7.094679e-02	-2.528333e-03	3.673756e-02	-1.590780e-02	1.919059e-02	3.699267e-02	3.768692e-02	-6.942536e-04
1045          	3.314566e-01	1.499689e-01	1.814876e-01	7.068353e-02	7.074596e-02	-6.243265e-05	3.540420e-02	-1.575935e-02	1.910116e-02	3.660309e-02	3.740271e-02	-7.996146e-04
1046          	3.311746e-01	1.500126e-01	1.811620e-01	7.280852e-02	7.062943e-02	2.179090e-03	3.422517e-02	-1.557468e-02	1.905957e-02	3.628155e-02	3.720035e-02	-9.188000e-04
1047          	3.311505e-01	1.501891e-01	1.809614e-01	7.497149e-02	7.073254e-02	4.238949e-03	3.324679e-02	-1.538618e-02	1.910643e-02	3.606630e-02	3.713958e-02	-1.073280e-03
1048          	3.313235e-01	1.504663e-01	1.808572e-01	7.717955e-02	7.108890e-02	6.090649e-03	3.249912e-02	-1.519548e-02	1.924688e-02	3.594519e-02	3.721947e-02	-1.274281e-03
1049          	3.316671e-01	1.508098e-01	1.808573e-01	7.941003e-02	7.175031e-02	7.659719e-03	3.204530e-02	-1.502375e-02	1.948004e-02	3.589893e-02	3.742950e-02	-1.530577e-03
1050          	3.321596e-01	1.511894e-01	1.809703e-01	8.155244e-02	7.265351e-02	8.898935e-03	3.187729e-02	-1.489045e-02	1.979476e-02	3.591088e-02	3.775020e-02	-1.839315e-03
1051          	3.327465e-01	1.515480e-01	1.811985e-01	8.343958e-02	7.362670e-02	9.812876e-03	3.190691e-02	-1.482528e-02	2.017930e-02	3.598282e-02	3.817071e-02	-2.187888e-03
1052          	3.334188e-01	1.518749e-01	1.815439e-01	8.494506e-02	7.450739e-02	1.043767e-02	3.203486e-02	-1.483449e-02	2.059672e-02	3.610005e-02	3.864675e-02	-2.546697e-03
1053          	3.341641e-01	1.521722e-01	1.819920e-01	8.605230e-02	7.519013e-02	1.086217e-02	3.216398e-02	-1.490989e-02	2.102593e-02	3.624952e-02	3.915069e-02	-2.901165e-03
1054          	3.349375e-01	1.524198e-01	1.825177e-01	8.684968e-02	7.569060e-02	1.115908e-02	3.226576e-02	-1.504896e-02	2.145557e-02	3.649300e-02	3.970207e-02	-3.209068e-03
1055          	3.356775e-01	1.525973e-01	1.830803e-01	8.734400e-02	7.598909e-02	1.135492e-02	3.231708e-02	-1.524149e-02	2.191590e-02	3.688912e-02	4.036046e-02	-3.471344e-03
1056          	3.363101e-01	1.526691e-01	1.836410e-01	8.745525e-02	7.597625e-02	1.147901e-02	3.224862e-02	-1.548591e-02	2.239674e-02	3.752723e-02	4.116036e-02	-3.633130e-03
1057          	3.367950e-01	1.526138e-01	1.841813e-01	8.710857e-02	7.561045e-02	1.149812e-02	3.205617e-02	-1.578376e-02	2.289319e-02	3.839710e-02	4.209173e-02	-3.694639e-03
1058          	3.371101e-01	1.524293e-01	1.846808e-01	8.637882e-02	7.496941e-02	1.140941e-02	3.178000e-02	-1.612575e-02	2.337572e-02	3.948767e-02	4.311955e-02	-3.631882e-03
1059          	3.372618e-01	1.521604e-01	1.851014e-01	8.558828e-02	7.419795e-02	1.139033e-02	3.140381e-02	-1.647050e-02	2.378146e-02	4.061787e-02	4.409039e-02	-3.472520e-03
1060          	3.371944e-01	1.518617e-01	1.853327e-01	8.523947e-02	7.339423e-02	1.184524e-02	3.077449e-02	-1.673550e-02	2.403906e-02	4.155830e-02	4.481821e-02	-3.259910e-03
1061          	3.370080e-01	1.515952e-01	1.854128e-01	8.564968e-02	7.277006e-02	1.287962e-02	2.994522e-02	-1.690881e-02	2.414662e-02	4.228871e-02	4.529098e-02	-3.002267e-03
1062          	3.368165e-01	1.513858e-01	1.854307e-01	8.679368e-02	7.248132e-02	1.431236e-02	2.908448e-02	-1.702247e-02	2.411461e-02	4.287302e-02	4.555112e-02	-2.678099e-03
1063          	3.367160e-01	1.512445e-01	1.854715e-01	8.841362e-02	7.257060e-02	1.584302e-02	2.836379e-02	-1.711347e-02	2.397080e-02	4.337015e-02	4.565587e-02	-2.285719e-03
1064          	3.367296e-01	1.511749e-01	1.855546e-01	9.031204e-02	7.298733e-02	1.732472e-02	2.783130e-02	-1.718986e-02	2.376098e-02	4.384745e-02	4.568470e-02	-1.837252e-03
1065          	3.368707e-01	1.511866e-01	1.856841e-01	9.241518e-02	7.369982e-02	1.871536e-02	2.749223e-02	-1.724879e-02	2.354992e-02	4.435418e-02	4.572701e-02	-1.372832e-03
1066          	3.371374e-01	1.512769e-01	1.858605e-01	9.452537e-02	7.461819e-02	1.990718e-02	2.735551e-02	-1.729182e-02	2.338241e-02	4.492740e-02	4.584612e-02	-9.187121e-04
1067          	3.375206e-01	1.514420e-01	1.860785e-01	9.632548e-02	7.557379e-02	2.075169e-02	2.741105e-02	-1.731826e-02	2.328434e-02	4.554914e-02	4.605892e-02	-5.097730e-04
1068          	3.379530e-01	1.516538e-01	1.862992e-01	9.764251e-02	7.641169e-02	2.123082e-02	2.759044e-02	-1.732267e-02	2.324876e-02	4.619433e-02	4.634592e-02	-1.515946e-04
1069          	3.383337e-01	1.518509e-01	1.864828e-01	9.860206e-02	7.707353e-02	2.152853e-02	2.777250e-02	-1.731598e-02	2.327431e-02	4.684612e-02	4.669737e-02	1.487538e-04
1070          	3.385362e-01	1.519623e-01	1.865738e-01	9.956785e-02	7.759794e-02	2.196991e-02	2.781402e-02	-1.730576e-02	2.335926e-02	4.750231e-02	4.711042e-02	3.918911e-04
1071          	3.384731e-01	1.519276e-01	1.865455e-01	1.008381e-01	7.806795e-02	2.277018e-02	2.764888e-02	-1.730895e-02	2.350818e-02	4.813539e-02	4.757588e-02	5.595131e-04
1072          	3.380918e-01	1.516990e-01	1.863928e-01	1.024722e-01	7.850797e-02	2.396423e-02	2.727187e-02	-1.734692e-02	2.369133e-02	4.871594e-02	4.804930e-02	6.666407e-04
1073          	3.374148e-01	1.512825e-01	1.861323e-01	1.042783e-01	7.883789e-02	2.544036e-02	2.669876e-02	-1.742489e-02	2.387521e-02	4.918811e-02	4.846927e-02	7.188413e-04
1074          	3.365524e-01	1.507449e-01	1.858074e-01	1.058578e-01	7.890715e-02	2.695061e-02	2.597827e-02	-1.753126e-02	2.401646e-02	4.954932e-02	4.879112e-02	7.581988e-04
1075          	3.356773e-01	1.501945e-01	1.854828e-01	1.069515e-01	7.872713e-02	2.822434e-02	2.525140e-02	-1.764417e-02	2.408388e-02	4.973782e-02	4.895279e-02	7.850339e-04
1076          	3.348998e-01	1.496861e-01	1.852137e-01	1.074049e-01	7.832162e-02	2.908328e-02	2.461917e-02	-1.776382e-02	2.407050e-02	4.973702e-02	4.893901e-02	7.980076e-04
1077          	3.343322e-01	1.492625e-01	1.850697e-01	1.070545e-01	7.770089e-02	2.935361e-02	2.417364e-02	-1.790357e-02	2.397592e-02	4.950251e-02	4.872717e-02	7.753337e-04
1078          	3.340923e-01	1.489712e-01	1.851211e-01	1.056931e-01	7.683167e-02	2.886143e-02	2.398512e-02	-1.807495e-02	2.379145e-02	4.905974e-02	4.832132e-02	7.384187e-04
1079          	3.342475e-01	1.488539e-01	1.853936e-01	1.034184e-01	7.580124e-02	2.761718e-02	2.409203e-02	-1.826984e-02	2.353673e-02	4.846625e-02	4.776985e-02	6.963940e-04
1080          	3.346508e-01	1.488529e-01	1.857979e-01	1.007165e-01	7.476972e-02	2.594680e-02	2.441146e-02	-1.847248e-02	2.326227e-02	4.783797e-02	4.718126e-02	6.567117e-04
1081          	3.351408e-01	1.489062e-01	1.862346e-01	9.793915e-02	7.378305e-02	2.415611e-02	2.481347e-02	-1.866422e-02	2.297580e-02	4.722713e-02	4.658936e-02	6.377658e-04
1082          	3.356139e-01	1.489798e-01	1.866341e-01	9.530840e-02	7.287532e-02	2.243308e-02	2.522112e-02	-1.882716e-02	2.266673e-02	4.665057e-02	4.599202e-02	6.585532e-04
1083          	3.360148e-01	1.490743e-01	1.869405e-01	9.298639e-02	7.204113e-02	2.094526e-02	2.554794e-02	-1.893310e-02	2.230240e-02	4.607857e-02	4.534168e-02	7.368892e-04
1084          	3.363440e-01	1.491911e-01	1.871529e-01	9.111542e-02	7.128985e-02	1.982557e-02	2.573214e-02	-1.898085e-02	2.186487e-02	4.553002e-02	4.462988e-02	9.001420e-04
1085          	3.366142e-01	1.493349e-01	1.872793e-01	8.982090e-02	7.064421e-02	1.917669e-02	2.573376e-02	-1.897221e-02	2.138052e-02	4.501309e-02	4.388706e-02	1.126026e-03
1086          	3.368139e-01	1.494901e-01	1.873238e-01	8.930061e-02	7.014664e-02	1.915397e-02	2.549634e-02	-1.891689e-02	2.089202e-02	4.460864e-02	4.319634e-02	1.412298e-03
1087          	3.369250e-01	1.496508e-01	1.872742e-01	8.971977e-02	6.975670e-02	1.996307e-02	2.489682e-02	-1.881171e-02	2.047663e-02	4.435636e-02	4.265481e-02	1.701550e-03
1088          	3.368796e-01	1.497817e-01	1.870979e-01	9.129349e-02	6.945385e-02	2.183964e-02	2.380711e-02	-1.865812e-02	2.017764e-02	4.429642e-02	4.232585e-02	1.970572e-03
1089          	3.366688e-01	1.498685e-01	1.868003e-01	9.395660e-02	6.926748e-02	2.468912e-02	2.228918e-02	-1.846589e-02	2.003087e-02	4.439563e-02	4.222869e-02	2.166942e-03
1090          	3.363828e-01	1.499316e-01	1.864512e-01	9.710285e-02	6.919536e-02	2.790749e-02	2.064393e-02	-1.825984e-02	2.000749e-02	4.461535e-02	4.231516e-02	2.300186e-03
1091          	3.360880e-01	1.499927e-01	1.860954e-01	1.002486e-01	6.921795e-02	3.103069e-02	1.909363e-02	-1.805135e-02	2.006377e-02	4.486994e-02	4.249874e-02	2.371196e-03
1092          	3.357622e-01	1.500461e-01	1.857161e-01	1.030152e-01	6.922407e-02	3.379110e-02	1.771648e-02	-1.783498e-02	2.016899e-02	4.508488e-02	4.271143e-02	2.373450e-03
1093          	3.354232e-01	1.500969e-01	1.853264e-01	1.052496e-01	6.921891e-02	3.603068e-02	1.659412e-02	-1.761476e-02	2.031320e-02	4.521133e-02	4.291887e-02	2.292459e-03
1094          	3.350962e-01	1.501499e-01	1.849463e-01	1.067600e-01	6.915103e-02	3.760896e-02	1.577104e-02	-1.739818e-02	2.048269e-02	4.521467e-02	4.309003e-02	2.124642e-03
1095          	3.348137e-01	1.502040e-01	1.846096e-01	1.074654e-01	6.902723e-02	3.843820e-02	1.529451e-02	-1.720279e-02	2.064705e-02	4.508439e-02	4.318924e-02	1.895144e-03
1096          	3.345727e-01	1.502497e-01	1.843230e-01	1.073958e-01	6.882278e-02	3.857305e-02	1.512486e-02	-1.703661e-02	2.076894e-02	4.481188e-02	4.317488e-02	1.636998e-03
1097          	3.344048e-01	1.502943e-01	1.841104e-01	1.066859e-01	6.854699e-02	3.813893e-02	1.520403e-02	-1.690805e-02	2.082924e-02	4.438975e-02	4.302412e-02	1.365632e-03
1098          	3.343271e-01	1.503500e-01	1.839771e-01	1.054774e-01	6.819974e-02	3.727771e-02	1.546101e-02	-1.681356e-02	2.080894e-02	4.379385e-02	4.270586e-02	1.087988e-03
1099          	3.343801e-01	1.504306e-01	1.839494e-01	1.038595e-01	6.780350e-02	3.605597e-02	1.587377e-02	-1.675938e-02	2.069888e-02	4.305211e-02	4.222494e-02	8.271738e-04
1100          	3.345770e-01	1.505257e-01	1.840513e-01	1.018938e-01	6.738317e-02	3.451067e-02	1.643625e-02	-1.676279e-02	2.050868e-02	4.222206e-02	4.161971e-02	6.023510e-04
1101          	3.348695e-01	1.506041e-01	1.842654e-01	9.980141e-02	6.697090e-02	3.283051e-02	1.707019e-02	-1.683062e-02	2.027729e-02	4.139898e-02	4.097678e-02	4.221991e-04
1102          	3.351969e-01	1.506595e-01	1.845374e-01	9.777696e-02	6.656804e-02	3.120891e-02	1.767957e-02	-1.693898e-02	2.001839e-02	4.061417e-02	4.032548e-02	2.886971e-04
1103          	3.355581e-01	1.507194e-01	1.848387e-01	9.593708e-02	6.626134e-02	2.967574e-02	1.829280e-02	-1.705966e-02	1.972565e-02	3.985295e-02	3.965212e-02	2.008276e-04
1104          	3.359570e-01	1.508044e-01	1.851526e-01	9.423027e-02	6.607329e-02	2.815698e-02	1.895815e-02	-1.717411e-02	1.936461e-02	3.906994e-02	3.889958e-02	1.703594e-04
1105          	3.364290e-01	1.509568e-01	1.854722e-01	9.270659e-02	6.609109e-02	2.661550e-02	1.973779e-02	-1.725769e-02	1.892243e-02	3.823879e-02	3.804183e-02	1.969589e-04
1106          	3.369723e-01	1.511993e-01	1.857730e-01	9.142372e-02	6.633753e-02	2.508619e-02	2.062567e-02	-1.728685e-02	1.841063e-02	3.736749e-02	3.709438e-02	2.731192e-04
1107          	3.375853e-01	1.515462e-01	1.860391e-01	9.045312e-02	6.681453e-02	2.363859e-02	2.158797e-02	-1.724648e-02	1.789546e-02	3.650096e-02	3.614594e-02	3.550191e-04
1108          	3.382497e-01	1.519904e-01	1.862593e-01	8.986663e-02	6.749506e-02	2.237157e-02	2.256174e-02	-1.713443e-02	1.744601e-02	3.570100e-02	3.529651e-02	4.044933e-04
1109          	3.389176e-01	1.525053e-01	1.864123e-01	8.972288e-02	6.830319e-02	2.141969e-02	2.344175e-02	-1.695349e-02	1.713055e-02	3.503052e-02	3.464581e-02	3.847087e-04
1110          	3.395333e-01	1.530431e-01	1.864902e-01	9.003582e-02	6.912324e-02	2.091258e-02	2.410533e-02	-1.672357e-02	1.696244e-02	3.456358e-02	3.424424e-02	3.193478e-04
1111          	3.400398e-01	1.535538e-01	1.864860e-01	9.082649e-02	6.993210e-02	2.089439e-02	2.451886e-02	-1.646609e-02	1.693394e-02	3.433910e-02	3.410349e-02	2.356112e-04
1112          	3.404029e-01	1.539931e-01	1.864098e-01	9.214305e-02	7.078212e-02	2.136093e-02	2.471060e-02	-1.620833e-02	1.700756e-02	3.439460e-02	3.420486e-02	1.897434e-04
1113          	3.405482e-01	1.543096e-01	1.862387e-01	9.399706e-02	7.168484e-02	2.231222e-02	2.468631e-02	-1.596456e-02	1.716791e-02	3.471183e-02	3.452382e-02	1.880074e-04
1114          	3.404423e-01	1.544774e-01	1.859648e-01	9.642234e-02	7.265050e-02	2.377184e-02	2.443933e-02	-1.574369e-02	1.739727e-02	3.526586e-02	3.503020e-02	2.356588e-04
1115          	3.400513e-01	1.544766e-01	1.855747e-01	9.919958e-02	7.360020e-02	2.559938e-02	2.400041e-02	-1.554905e-02	1.770706e-02	3.590778e-02	3.566095e-02	2.468316e-04
1116          	3.393711e-01	1.542971e-01	1.850740e-01	1.017813e-01	7.432315e-02	2.745816e-02	2.343249e-02	-1.538844e-02	1.807069e-02	3.652503e-02	3.633321e-02	1.918237e-04
1117          	3.384756e-01	1.539632e-01	1.845124e-01	1.036977e-01	7.470673e-02	2.899100e-02	2.285786e-02	-1.527459e-02	1.847111e-02	3.698716e-02	3.696469e-02	2.246749e-05
1118          	3.374525e-01	1.535201e-01	1.839324e-01	1.046766e-01	7.463466e-02	3.004192e-02	2.229637e-02	-1.520612e-02	1.887912e-02	3.725111e-02	3.750468e-02	-2.535643e-04
1119          	3.364096e-01	1.530264e-01	1.833833e-01	1.047734e-01	7.418583e-02	3.058756e-02	2.179914e-02	-1.517845e-02	1.926483e-02	3.734537e-02	3.793752e-02	-5.921503e-04
1120          	3.354668e-01	1.525492e-01	1.829176e-01	1.040910e-01	7.342552e-02	3.066551e-02	2.138001e-02	-1.518419e-02	1.957503e-02	3.731405e-02	3.823206e-02	-9.180056e-04
1121          	3.347254e-01	1.521502e-01	1.825753e-01	1.027741e-01	7.248827e-02	3.028586e-02	2.110120e-02	-1.521254e-02	1.976500e-02	3.717478e-02	3.835239e-02	-1.177610e-03
1122          	3.343115e-01	1.519032e-01	1.824083e-01	1.009779e-01	7.152499e-02	2.945291e-02	2.103604e-02	-1.525257e-02	1.980338e-02	3.694319e-02	3.827498e-02	-1.331791e-03
1123          	3.342900e-01	1.518345e-01	1.824555e-01	9.898432e-02	7.074701e-02	2.823732e-02	2.125484e-02	-1.531053e-02	1.973308e-02	3.665143e-02	3.805880e-02	-1.407366e-03
1124          	3.345898e-01	1.518955e-01	1.826943e-01	9.698681e-02	7.023592e-02	2.675089e-02	2.174252e-02	-1.539941e-02	1.963877e-02	3.634733e-02	3.781244e-02	-1.465110e-03
1125          	3.350530e-01	1.520125e-01	1.830405e-01	9.492368e-02	6.993065e-02	2.499303e-02	2.246881e-02	-1.551399e-02	1.959394e-02	3.607157e-02	3.762973e-02	-1.558157e-03
1126          	3.355984e-01	1.521674e-01	1.834310e-01	9.267820e-02	6.982606e-02	2.285214e-02	2.348696e-02	-1.563178e-02	1.959435e-02	3.582942e-02	3.750906e-02	-1.679644e-03
1127          	3.362113e-01	1.523660e-01	1.838453e-01	9.018247e-02	6.995516e-02	2.022730e-02	2.486393e-02	-1.573964e-02	1.961277e-02	3.560942e-02	3.741748e-02	-1.808059e-03
1128          	3.369017e-01	1.526232e-01	1.842785e-01	8.746609e-02	7.031237e-02	1.715372e-02	2.657933e-02	-1.582761e-02	1.959634e-02	3.543109e-02	3.731188e-02	-1.880792e-03
1129          	3.376503e-01	1.529317e-01	1.847186e-01	8.475541e-02	7.089045e-02	1.386497e-02	2.851274e-02	-1.589346e-02	1.953779e-02	3.534698e-02	3.721128e-02	-1.864301e-03
1130          	3.383589e-01	1.532504e-01	1.851085e-01	8.247346e-02	7.159973e-02	1.087374e-02	3.036300e-02	-1.592907e-02	1.946559e-02	3.544721e-02	3.718920e-02	-1.741985e-03
1131          	3.388318e-01	1.534896e-01	1.853421e-01	8.116269e-02	7.232114e-02	8.841549e-03	3.173980e-02	-1.592624e-02	1.943645e-02	3.579915e-02	3.733603e-02	-1.536875e-03
1132          	3.388970e-01	1.535734e-01	1.853236e-01	8.122487e-02	7.289329e-02	8.331582e-03	3.228086e-02	-1.587510e-02	1.948572e-02	3.639516e-02	3.768330e-02	-1.288143e-03
1133          	3.383911e-01	1.534162e-01	1.849749e-01	8.292659e-02	7.327403e-02	9.652567e-03	3.181073e-02	-1.577939e-02	1.963650e-02	3.720461e-02	3.823881e-02	-1.034195e-03
1134          	3.372852e-01	1.529872e-01	1.842981e-01	8.614873e-02	7.346813e-02	1.268060e-02	3.039377e-02	-1.565546e-02	1.988809e-02	3.815858e-02	3.896738e-02	-8.088004e-04
1135          	3.358708e-01	1.524140e-01	1.834568e-01	8.998616e-02	7.352355e-02	1.646261e-02	2.853047e-02	-1.552137e-02	2.018955e-02	3.910138e-02	3.974024e-02	-6.388559e-04
1136          	3.344712e-01	1.518554e-01	1.826158e-01	9.363505e-02	7.349605e-02	2.013900e-02	2.667852e-02	-1.538021e-02	2.048839e-02	3.990603e-02	4.044140e-02	-5.353696e-04
1137          	3.332282e-01	1.513656e-01	1.818625e-01	9.683759e-02	7.353621e-02	2.330139e-02	2.511741e-02	-1.524846e-02	2.078495e-02	4.053934e-02	4.105462e-02	-5.152812e-04
1138          	3.322011e-01	1.509561e-01	1.812451e-01	9.942467e-02	7.372476e-02	2.569991e-02	2.401242e-02	-1.514451e-02	2.106971e-02	4.102131e-02	4.158037e-02	-5.590545e-04
1139          	3.313623e-01	1.505957e-01	1.807666e-01	1.012853e-01	7.408114e-02	2.720411e-02	2.343852e-02	-1.508541e-02	2.132909e-02	4.137393e-02	4.201605e-02	-6.421270e-04
1140          	3.307058e-01	1.502786e-01	1.804272e-01	1.023555e-01	7.456100e-02	2.779448e-02	2.338326e-02	-1.507428e-02	2.154232e-02	4.158492e-02	4.233478e-02	-7.498584e-04
1141          	3.302269e-01	1.500159e-01	1.802110e-01	1.026186e-01	7.509336e-02	2.752523e-02	2.378407e-02	-1.509759e-02	2.168497e-02	4.161088e-02	4.249041e-02	-8.795275e-04
1142          	3.299712e-01	1.498322e-01	1.801389e-01	1.020203e-01	7.563802e-02	2.638224e-02	2.462789e-02	-1.515336e-02	2.172301e-02	4.142893e-02	4.243747e-02	-1.008543e-03
1143          	3.299993e-01	1.497472e-01	1.802520e-01	1.003996e-01	7.614210e-02	2.425753e-02	2.594228e-02	-1.525241e-02	2.164362e-02	4.107306e-02	4.218015e-02	-1.107093e-03
1144          	3.302398e-01	1.497270e-01	1.805129e-01	9.812119e-02	7.648278e-02	2.163841e-02	2.742218e-02	-1.539295e-02	2.146263e-02	4.062782e-02	4.177654e-02	-1.148716e-03
1145          	3.305134e-01	1.497081e-01	1.808053e-01	9.583677e-02	7.667497e-02	1.916180e-02	2.875659e-02	-1.554863e-02	2.123799e-02	4.010841e-02	4.129219e-02	-1.183784e-03
1146          	3.307695e-01	1.496869e-01	1.810827e-01	9.368616e-02	7.674950e-02	1.693666e-02	2.990642e-02	-1.569792e-02	2.099316e-02	3.951741e-02	4.075186e-02	-1.234452e-03
1147          	3.309577e-01	1.496663e-01	1.812914e-01	9.169006e-02	7.669835e-02	1.499171e-02	3.085332e-02	-1.581257e-02	2.074825e-02	3.882608e-02	4.016129e-02	-1.335206e-03
1148          	3.310458e-01	1.496486e-01	1.813972e-01	8.995179e-02	7.656171e-02	1.339008e-02	3.158581e-02	-1.587427e-02	2.048878e-02	3.801003e-02	3.949379e-02	-1.483763e-03
1149          	3.309817e-01	1.496175e-01	1.813642e-01	8.864463e-02	7.642295e-02	1.222167e-02	3.210064e-02	-1.587338e-02	2.021609e-02	3.706226e-02	3.874721e-02	-1.684956e-03
1150          	3.307802e-01	1.495717e-01	1.812085e-01	8.800353e-02	7.639141e-02	1.161212e-02	3.238965e-02	-1.581838e-02	1.993314e-02	3.609227e-02	3.797928e-02	-1.887010e-03
1151          	3.304644e-01	1.495027e-01	1.809617e-01	8.819680e-02	7.649545e-02	1.170135e-02	3.239705e-02	-1.572948e-02	1.969388e-02	3.527550e-02	3.733163e-02	-2.056128e-03
1152          	3.301082e-01	1.494221e-01	1.806861e-01	8.912217e-02	7.661276e-02	1.250941e-02	3.205168e-02	-1.563197e-02	1.954131e-02	3.479020e-02	3.693641e-02	-2.146212e-03
1153          	3.297455e-01	1.493339e-01	1.804116e-01	9.059496e-02	7.671372e-02	1.388124e-02	3.141624e-02	-1.553881e-02	1.951072e-02	3.466396e-02	3.684270e-02	-2.178738e-03
1154          	3.294413e-01	1.492586e-01	1.801827e-01	9.241977e-02	7.688270e-02	1.553707e-02	3.067281e-02	-1.546206e-02	1.961051e-02	3.484396e-02	3.703249e-02	-2.188532e-03
1155          	3.292697e-01	1.492292e-01	1.800405e-01	9.434723e-02	7.725354e-02	1.709369e-02	3.007992e-02	-1.540564e-02	1.983577e-02	3.525331e-02	3.746243e-02	-2.209118e-03
1156          	3.293221e-01	1.492906e-01	1.800315e-01	9.615221e-02	7.789612e-02	1.825609e-02	2.982001e-02	-1.537043e-02	2.013862e-02	3.583030e-02	3.805377e-02	-2.223473e-03
1157          	3.296189e-01	1.494484e-01	1.801706e-01	9.770663e-02	7.878716e-02	1.891947e-02	2.993384e-02	-1.536110e-02	2.047892e-02	3.649925e-02	3.872854e-02	-2.229294e-03
1158          	3.301027e-01	1.496857e-01	1.804170e-01	9.899027e-02	7.982507e-02	1.916520e-02	3.032993e-02	-1.536568e-02	2.081375e-02	3.717734e-02	3.940242e-02	-2.225077e-03
1159          	3.306442e-01	1.499563e-01	1.806879e-01	9.998102e-02	8.091299e-02	1.906804e-02	3.092248e-02	-1.536578e-02	2.114413e-02	3.780516e-02	4.004671e-02	-2.241553e-03
1160          	3.311682e-01	1.502303e-01	1.809379e-01	1.006192e-01	8.195172e-02	1.866745e-02	3.164213e-02	-1.535383e-02	2.145988e-02	3.833704e-02	4.062839e-02	-2.291358e-03
1161          	3.316194e-01	1.504893e-01	1.811301e-01	1.008623e-01	8.283395e-02	1.802840e-02	3.240278e-02	-1.532040e-02	2.174461e-02	3.872355e-02	4.110639e-02	-2.382841e-03
1162          	3.320268e-01	1.507509e-01	1.812758e-01	1.007701e-01	8.351900e-02	1.725112e-02	3.313394e-02	-1.526245e-02	2.195713e-02	3.890649e-02	4.141038e-02	-2.503882e-03
1163          	3.324359e-01	1.510340e-01	1.814019e-01	1.003948e-01	8.400995e-02	1.638490e-02	3.381252e-02	-1.518399e-02	2.207254e-02	3.886066e-02	4.150287e-02	-2.642216e-03
1164          	3.329623e-01	1.513797e-01	1.815826e-01	9.971469e-02	8.434366e-02	1.537102e-02	3.448632e-02	-1.510146e-02	2.205473e-02	3.858428e-02	4.134687e-02	-2.762587e-03
1165          	3.337099e-01	1.518148e-01	1.818951e-01	9.853341e-02	8.452595e-02	1.400747e-02	3.525924e-02	-1.504015e-02	2.189254e-02	3.808837e-02	4.093673e-02	-2.848361e-03
1166          	3.347174e-01	1.523337e-01	1.823837e-01	9.673865e-02	8.459935e-02	1.213929e-02	3.623003e-02	-1.502496e-02	2.160681e-02	3.745155e-02	4.033259e-02	-2.881037e-03
1167          	3.357324e-01	1.527872e-01	1.829453e-01	9.467777e-02	8.458405e-02	1.009372e-02	3.724516e-02	-1.507903e-02	2.130554e-02	3.683980e-02	3.972544e-02	-2.885647e-03
1168          	3.366296e-01	1.531250e-01	1.835046e-01	9.263274e-02	8.444553e-02	8.187211e-03	3.812916e-02	-1.518980e-02	2.103136e-02	3.628933e-02	3.917602e-02	-2.886694e-03
1169          	3.373587e-01	1.533498e-01	1.840089e-01	9.076217e-02	8.418353e-02	6.578636e-03	3.880245e-02	-1.532957e-02	2.078600e-02	3.577655e-02	3.867428e-02	-2.897724e-03
1170          	3.378707e-01	1.534657e-01	1.844050e-01	8.919751e-02	8.381332e-02	5.384187e-03	3.921457e-02	-1.546964e-02	2.053321e-02	3.526782e-02	3.816712e-02	-2.899303e-03
1171          	3.381386e-01	1.534778e-01	1.846608e-01	8.809587e-02	8.339301e-02	4.702862e-03	3.934507e-02	-1.559152e-02	2.026440e-02	3.475192e-02	3.764036e-02	-2.888445e-03
1172          	3.381749e-01	1.534010e-01	1.847739e-01	8.753304e-02	8.294063e-02	4.592410e-03	3.917411e-02	-1.568642e-02	1.998203e-02	3.426846e-02	3.711626e-02	-2.847805e-03
1173          	3.379896e-01	1.532411e-01	1.847485e-01	8.760799e-02	8.250121e-02	5.106778e-03	3.869722e-02	-1.575374e-02	1.972717e-02	3.389937e-02	3.667686e-02	-2.777483e-03
1174          	3.376036e-01	1.530121e-01	1.845915e-01	8.843162e-02	8.209694e-02	6.334678e-03	3.788113e-02	-1.578968e-02	1.952822e-02	3.374325e-02	3.639985e-02	-2.656597e-03
1175          	3.369963e-01	1.527048e-01	1.842915e-01	9.009581e-02	8.174937e-02	8.346440e-03	3.670146e-02	-1.579336e-02	1.942080e-02	3.385678e-02	3.634919e-02	-2.492409e-03
1176          	3.361987e-01	1.523275e-01	1.838712e-01	9.249474e-02	8.145571e-02	1.103903e-02	3.520834e-02	-1.577188e-02	1.940026e-02	3.421301e-02	3.650676e-02	-2.293759e-03
1177          	3.352607e-01	1.518900e-01	1.833707e-01	9.532010e-02	8.118370e-02	1.413641e-02	3.352365e-02	-1.574038e-02	1.944834e-02	3.471301e-02	3.680485e-02	-2.091839e-03
1178          	3.342727e-01	1.514377e-01	1.828350e-01	9.818042e-02	8.081111e-02	1.736932e-02	3.172089e-02	-1.569863e-02	1.951970e-02	3.523161e-02	3.713550e-02	-1.903890e-03
1179          	3.332701e-01	1.509854e-01	1.822847e-01	1.008455e-01	8.022910e-02	2.061641e-02	2.980635e-02	-1.564966e-02	1.961355e-02	3.569900e-02	3.746305e-02	-1.764049e-03
1180          	3.322966e-01	1.505473e-01	1.817493e-01	1.032439e-01	7.942121e-02	2.382268e-02	2.779926e-02	-1.560100e-02	1.972622e-02	3.612107e-02	3.778676e-02	-1.665685e-03
1181          	3.314168e-01	1.501483e-01	1.812684e-01	1.052723e-01	7.843079e-02	2.684150e-02	2.579465e-02	-1.556005e-02	1.987478e-02	3.649448e-02	3.812202e-02	-1.627534e-03
1182          	3.307554e-01	1.498483e-01	1.809071e-01	1.068211e-01	7.735927e-02	2.946182e-02	2.394873e-02	-1.552943e-02	2.004974e-02	3.681838e-02	3.845893e-02	-1.640555e-03
1183          	3.303542e-01	1.496678e-01	1.806864e-01	1.078484e-01	7.630629e-02	3.154212e-02	2.238209e-02	-1.550930e-02	2.024653e-02	3.709090e-02	3.879197e-02	-1.701076e-03
1184          	3.302544e-01	1.496198e-01	1.806346e-01	1.083281e-01	7.534112e-02	3.298695e-02	2.117709e-02	-1.550737e-02	2.043156e-02	3.734265e-02	3.910288e-02	-1.760231e-03
1185          	3.304798e-01	1.497053e-01	1.807746e-01	1.082380e-01	7.452522e-02	3.371278e-02	2.040622e-02	-1.553465e-02	2.058301e-02	3.759611e-02	3.938107e-02	-1.784957e-03
1186          	3.310984e-01	1.499444e-01	1.811539e-01	1.076187e-01	7.394415e-02	3.367450e-02	2.013482e-02	-1.560474e-02	2.068148e-02	3.785444e-02	3.960870e-02	-1.754262e-03
1187          	3.321204e-01	1.503430e-01	1.817774e-01	1.065111e-01	7.363165e-02	3.287941e-02	2.037612e-02	-1.571720e-02	2.074346e-02	3.809842e-02	3.979267e-02	-1.694249e-03
1188          	3.335009e-01	1.508811e-01	1.826198e-01	1.049803e-01	7.358194e-02	3.139838e-02	2.109178e-02	-1.586939e-02	2.078786e-02	3.834005e-02	3.995789e-02	-1.617835e-03
1189          	3.350375e-01	1.514759e-01	1.835616e-01	1.031428e-01	7.370515e-02	2.943765e-02	2.213375e-02	-1.604283e-02	2.083595e-02	3.857875e-02	4.012533e-02	-1.546574e-03
1190          	3.365204e-01	1.520378e-01	1.844826e-01	1.013170e-01	7.399239e-02	2.732465e-02	2.333387e-02	-1.622238e-02	2.086680e-02	3.882982e-02	4.028171e-02	-1.451891e-03
1191          	3.377468e-01	1.524774e-01	1.852694e-01	9.981561e-02	7.434985e-02	2.546576e-02	2.444205e-02	-1.639601e-02	2.085196e-02	3.909624e-02	4.040008e-02	-1.303834e-03
1192          	3.386218e-01	1.527515e-01	1.858703e-01	9.896719e-02	7.470330e-02	2.426389e-02	2.521971e-02	-1.655942e-02	2.077847e-02	3.936894e-02	4.046294e-02	-1.094006e-03
1193          	3.390854e-01	1.528375e-01	1.862479e-01	9.897504e-02	7.498807e-02	2.398697e-02	2.550055e-02	-1.670523e-02	2.067940e-02	3.958953e-02	4.047417e-02	-8.846336e-04
1194          	3.391507e-01	1.527444e-01	1.864064e-01	9.992323e-02	7.520041e-02	2.472282e-02	2.523879e-02	-1.683101e-02	2.058025e-02	3.974274e-02	4.045163e-02	-7.088828e-04
1195          	3.388108e-01	1.524819e-01	1.863289e-01	1.017033e-01	7.533523e-02	2.636808e-02	2.448358e-02	-1.692350e-02	2.051976e-02	3.982901e-02	4.043427e-02	-6.052533e-04
1196          	3.381401e-01	1.520791e-01	1.860610e-01	1.040744e-01	7.544891e-02	2.862547e-02	2.341172e-02	-1.699095e-02	2.051161e-02	3.991715e-02	4.047018e-02	-5.530322e-04
1197          	3.372631e-01	1.515766e-01	1.856865e-01	1.066670e-01	7.558589e-02	3.108116e-02	2.225236e-02	-1.705496e-02	2.054888e-02	4.006497e-02	4.058137e-02	-5.164013e-04
1198          	3.363432e-01	1.510379e-01	1.853053e-01	1.091045e-01	7.573678e-02	3.336775e-02	2.118451e-02	-1.713374e-02	2.057765e-02	4.030937e-02	4.073233e-02	-4.229665e-04
1199          	3.354465e-01	1.505099e-01	1.849366e-01	1.111150e-01	7.583090e-02	3.528409e-02	2.027341e-02	-1.721335e-02	2.058803e-02	4.057889e-02	4.087747e-02	-2.985848e-04
1200          	3.346154e-01	1.500345e-01	1.845809e-01	1.126095e-01	7.582226e-02	3.678729e-02	1.951749e-02	-1.727322e-02	2.058279e-02	4.079036e-02	4.097797e-02	-1.876148e-04
1201          	3.338621e-01	1.496343e-01	1.842278e-01	1.135543e-01	7.568590e-02	3.786838e-02	1.890876e-02	-1.729678e-02	2.057897e-02	4.086889e-02	4.101341e-02	-1.445251e-04
1202          	3.332124e-01	1.493312e-01	1.838813e-01	1.138533e-01	7.537803e-02	3.847531e-02	1.845136e-02	-1.727505e-02	2.058539e-02	4.076987e-02	4.097032e-02	-2.004518e-04
1203          	3.327009e-01	1.491482e-01	1.835528e-01	1.133539e-01	7.485488e-02	3.849906e-02	1.817791e-02	-1.720229e-02	2.060352e-02	4.047557e-02	4.084131e-02	-3.657332e-04
1204          	3.323948e-01	1.491124e-01	1.832824e-01	1.119742e-01	7.414456e-02	3.782966e-02	1.815745e-02	-1.708501e-02	2.062369e-02	3.997934e-02	4.061336e-02	-6.340181e-04
1205          	3.323243e-01	1.492360e-01	1.830883e-01	1.098156e-01	7.332870e-02	3.648690e-02	1.842090e-02	-1.692615e-02	2.060860e-02	3.929179e-02	4.025450e-02	-9.627085e-04
1206          	3.325200e-01	1.495256e-01	1.829944e-01	1.071501e-01	7.254065e-02	3.460948e-02	1.896558e-02	-1.673442e-02	2.052742e-02	3.842049e-02	3.973766e-02	-1.317173e-03
1207          	3.329334e-01	1.499436e-01	1.829898e-01	1.042632e-01	7.180156e-02	3.246166e-02	1.966995e-02	-1.652308e-02	2.035599e-02	3.738076e-02	3.904637e-02	-1.665606e-03
1208          	3.335039e-01	1.504462e-01	1.830577e-01	1.013658e-01	7.109253e-02	3.027329e-02	2.040962e-02	-1.630576e-02	2.009988e-02	3.623588e-02	3.821782e-02	-1.981934e-03
1209          	3.341027e-01	1.509567e-01	1.831460e-01	9.862587e-02	7.035912e-02	2.826675e-02	2.104619e-02	-1.609466e-02	1.980696e-02	3.507836e-02	3.734615e-02	-2.267782e-03
1210          	3.346016e-01	1.513922e-01	1.832093e-01	9.631104e-02	6.959171e-02	2.671932e-02	2.143619e-02	-1.590855e-02	1.950493e-02	3.404236e-02	3.652611e-02	-2.483749e-03
1211          	3.348988e-01	1.516967e-01	1.832021e-01	9.463082e-02	6.886227e-02	2.576854e-02	2.154686e-02	-1.575268e-02	1.921619e-02	3.319089e-02	3.581164e-02	-2.620747e-03
1212          	3.349532e-01	1.518546e-01	1.830986e-01	9.362959e-02	6.823774e-02	2.539185e-02	2.142295e-02	-1.562200e-02	1.895189e-02	3.256726e-02	3.523552e-02	-2.668262e-03
1213          	3.347917e-01	1.518913e-01	1.829004e-01	9.329363e-02	6.781988e-02	2.547375e-02	2.117306e-02	-1.550458e-02	1.874533e-02	3.218534e-02	3.483800e-02	-2.652665e-03
1214          	3.345342e-01	1.518670e-01	1.826672e-01	9.355500e-02	6.773351e-02	2.582148e-02	2.095602e-02	-1.540007e-02	1.861923e-02	3.206028e-02	3.464938e-02	-2.589094e-03
1215          	3.343197e-01	1.518413e-01	1.824784e-01	9.419334e-02	6.806380e-02	2.612954e-02	2.096713e-02	-1.531856e-02	1.859561e-02	3.220943e-02	3.470033e-02	-2.490901e-03
1216          	3.342691e-01	1.518581e-01	1.824111e-01	9.483131e-02	6.876353e-02	2.606778e-02	2.134788e-02	-1.527652e-02	1.866370e-02	3.264394e-02	3.498567e-02	-2.341731e-03
1217          	3.344455e-01	1.519313e-01	1.825142e-01	9.514866e-02	6.972462e-02	2.542404e-02	2.215029e-02	-1.529144e-02	1.881219e-02	3.334048e-02	3.548243e-02	-2.141950e-03
1218          	3.348231e-01	1.520515e-01	1.827716e-01	9.504220e-02	7.082546e-02	2.421674e-02	2.330436e-02	-1.536003e-02	1.902260e-02	3.423446e-02	3.613983e-02	-1.905371e-03
1219          	3.352612e-01	1.521647e-01	1.830965e-01	9.467656e-02	7.193964e-02	2.273691e-02	2.460136e-02	-1.546587e-02	1.927802e-02	3.524642e-02	3.690123e-02	-1.654811e-03
1220          	3.356083e-01	1.522298e-01	1.833785e-01	9.430181e-02	7.293983e-02	2.136198e-02	2.578892e-02	-1.557433e-02	1.953811e-02	3.628575e-02	3.768098e-02	-1.395234e-03
1221          	3.357212e-01	1.522017e-01	1.835195e-01	9.413405e-02	7.374931e-02	2.038474e-02	2.668228e-02	-1.565888e-02	1.977973e-02	3.727075e-02	3.841511e-02	-1.144357e-03
1222          	3.355146e-01	1.520526e-01	1.834620e-01	9.426566e-02	7.427510e-02	1.999056e-02	2.714227e-02	-1.570469e-02	1.999749e-02	3.814554e-02	3.907026e-02	-9.247254e-04
1223          	3.349426e-01	1.517538e-01	1.831888e-01	9.464978e-02	7.447881e-02	2.017096e-02	2.715392e-02	-1.571751e-02	2.021006e-02	3.886255e-02	3.964134e-02	-7.787852e-04
1224          	3.340821e-01	1.513287e-01	1.827534e-01	9.501141e-02	7.433742e-02	2.067399e-02	2.683172e-02	-1.571238e-02	2.038929e-02	3.933424e-02	4.005641e-02	-7.221723e-04
1225          	3.330773e-01	1.508469e-01	1.822304e-01	9.514379e-02	7.388226e-02	2.126153e-02	2.631037e-02	-1.569178e-02	2.049340e-02	3.949992e-02	4.024336e-02	-7.434396e-04
1226          	3.320922e-01	1.503847e-01	1.817076e-01	9.493998e-02	7.322606e-02	2.171391e-02	2.575608e-02	-1.566146e-02	2.050214e-02	3.936438e-02	4.018433e-02	-8.199478e-04
1227          	3.313328e-01	1.500364e-01	1.812964e-01	9.432143e-02	7.252469e-02	2.179674e-02	2.536397e-02	-1.563002e-02	2.041261e-02	3.901817e-02	3.992170e-02	-9.035244e-04
1228          	3.308876e-01	1.498227e-01	1.810649e-01	9.337821e-02	7.186196e-02	2.151625e-02	2.517285e-02	-1.562112e-02	2.025334e-02	3.860239e-02	3.955453e-02	-9.521439e-04
1229          	3.306956e-01	1.496782e-01	1.810175e-01	9.220215e-02	7.120181e-02	2.100034e-02	2.510073e-02	-1.566964e-02	2.010722e-02	3.826759e-02	3.924101e-02	-9.734253e-04
1230          	3.306844e-01	1.495553e-01	1.811291e-01	9.077152e-02	7.050437e-02	2.026715e-02	2.511861e-02	-1.578686e-02	2.003181e-02	3.809793e-02	3.908078e-02	-9.828491e-04
1231          	3.307685e-01	1.494305e-01	1.813380e-01	8.903977e-02	6.975471e-02	1.928506e-02	2.523483e-02	-1.595374e-02	2.002706e-02	3.806916e-02	3.906164e-02	-9.924797e-04
1232          	3.309365e-01	1.493364e-01	1.816001e-01	8.702253e-02	6.903322e-02	1.798932e-02	2.552195e-02	-1.613187e-02	2.003440e-02	3.806325e-02	3.906602e-02	-1.002771e-03
1233          	3.312396e-01	1.493333e-01	1.819063e-01	8.473984e-02	6.839882e-02	1.634102e-02	2.602890e-02	-1.628655e-02	1.998736e-02	3.798336e-02	3.897904e-02	-9.956831e-04
1234          	3.317248e-01	1.494550e-01	1.822698e-01	8.244395e-02	6.792222e-02	1.452174e-02	2.670024e-02	-1.640738e-02	1.986943e-02	3.782008e-02	3.877947e-02	-9.593916e-04
1235          	3.323097e-01	1.496760e-01	1.826337e-01	8.063350e-02	6.754660e-02	1.308690e-02	2.722985e-02	-1.647882e-02	1.971052e-02	3.763578e-02	3.852841e-02	-8.926321e-04
1236          	3.329538e-01	1.499748e-01	1.829790e-01	7.950151e-02	6.726849e-02	1.223302e-02	2.751774e-02	-1.650208e-02	1.952372e-02	3.751737e-02	3.828240e-02	-7.650363e-04
1237          	3.336271e-01	1.503418e-01	1.832852e-01	7.892163e-02	6.707215e-02	1.184948e-02	2.761133e-02	-1.647171e-02	1.933731e-02	3.747971e-02	3.807717e-02	-5.974594e-04
1238          	3.342588e-01	1.507483e-01	1.835105e-01	7.898093e-02	6.702374e-02	1.195720e-02	2.753327e-02	-1.638108e-02	1.915626e-02	3.756039e-02	3.793645e-02	-3.760621e-04
1239          	3.347279e-01	1.511402e-01	1.835877e-01	7.984626e-02	6.715793e-02	1.268832e-02	2.723481e-02	-1.622377e-02	1.901966e-02	3.777570e-02	3.790751e-02	-1.318056e-04
1240          	3.349727e-01	1.514573e-01	1.835154e-01	8.156603e-02	6.754849e-02	1.401754e-02	2.676548e-02	-1.602908e-02	1.895381e-02	3.818571e-02	3.804666e-02	1.390445e-04
1241          	3.350281e-01	1.516809e-01	1.833472e-01	8.382619e-02	6.811548e-02	1.571071e-02	2.620238e-02	-1.583314e-02	1.898236e-02	3.880096e-02	3.838284e-02	4.181161e-04
1242          	3.349575e-01	1.518192e-01	1.831383e-01	8.656007e-02	6.885763e-02	1.770244e-02	2.557760e-02	-1.565955e-02	1.910806e-02	3.962501e-02	3.892057e-02	7.044445e-04
1243          	3.347292e-01	1.518420e-01	1.828872e-01	8.973175e-02	6.971442e-02	2.001733e-02	2.484854e-02	-1.552262e-02	1.936054e-02	4.062210e-02	3.967159e-02	9.505070e-04
1244          	3.343364e-01	1.517323e-01	1.826041e-01	9.315624e-02	7.062742e-02	2.252883e-02	2.404929e-02	-1.543588e-02	1.972700e-02	4.175670e-02	4.060535e-02	1.151350e-03
1245          	3.338127e-01	1.514914e-01	1.823213e-01	9.633067e-02	7.147396e-02	2.485671e-02	2.330862e-02	-1.541491e-02	2.017228e-02	4.292820e-02	4.163638e-02	1.291821e-03
1246          	3.332439e-01	1.511599e-01	1.820840e-01	9.888151e-02	7.220753e-02	2.667398e-02	2.276678e-02	-1.546206e-02	2.063605e-02	4.398894e-02	4.263052e-02	1.358419e-03
1247          	3.326914e-01	1.507862e-01	1.819051e-01	1.006595e-01	7.276516e-02	2.789434e-02	2.243541e-02	-1.555947e-02	2.106802e-02	4.485405e-02	4.349505e-02	1.359004e-03
1248          	3.322330e-01	1.504291e-01	1.818039e-01	1.017037e-01	7.317922e-02	2.852444e-02	2.232739e-02	-1.568744e-02	2.143677e-02	4.546886e-02	4.417120e-02	1.297660e-03
1249          	3.319226e-01	1.501368e-01	1.817858e-01	1.020173e-01	7.345422e-02	2.856309e-02	2.244556e-02	-1.582453e-02	2.171628e-02	4.576840e-02	4.460048e-02	1.167917e-03
1250          	3.318926e-01	1.499881e-01	1.819045e-01	1.015190e-01	7.359020e-02	2.792879e-02	2.283071e-02	-1.595816e-02	2.185317e-02	4.571322e-02	4.470978e-02	1.003435e-03
1251          	3.322309e-01	1.500292e-01	1.822017e-01	1.002203e-01	7.360187e-02	2.661844e-02	2.349171e-02	-1.608623e-02	2.183352e-02	4.533078e-02	4.449891e-02	8.318725e-04
1252          	3.328331e-01	1.501917e-01	1.826414e-01	9.857959e-02	7.353163e-02	2.504795e-02	2.424184e-02	-1.622486e-02	2.167956e-02	4.473573e-02	4.404742e-02	6.883082e-04
1253          	3.335469e-01	1.503947e-01	1.831522e-01	9.677648e-02	7.336335e-02	2.341313e-02	2.497511e-02	-1.637873e-02	2.143368e-02	4.397008e-02	4.341872e-02	5.513611e-04
1254          	3.342864e-01	1.506219e-01	1.836644e-01	9.478643e-02	7.308846e-02	2.169797e-02	2.569525e-02	-1.652125e-02	2.108558e-02	4.302239e-02	4.259677e-02	4.256203e-04
1255          	3.349698e-01	1.508461e-01	1.841237e-01	9.265588e-02	7.274829e-02	1.990758e-02	2.642036e-02	-1.663882e-02	2.065603e-02	4.193709e-02	4.162458e-02	3.125145e-04
1256          	3.355308e-01	1.510428e-01	1.844880e-01	9.059661e-02	7.240634e-02	1.819027e-02	2.710804e-02	-1.672259e-02	2.019520e-02	4.081262e-02	4.060151e-02	2.111067e-04
1257          	3.358937e-01	1.511671e-01	1.847266e-01	8.880489e-02	7.205276e-02	1.675213e-02	2.765032e-02	-1.677979e-02	1.977576e-02	3.979470e-02	3.967311e-02	1.215935e-04
1258          	3.360645e-01	1.512133e-01	1.848512e-01	8.744191e-02	7.167707e-02	1.576484e-02	2.795611e-02	-1.681893e-02	1.944956e-02	3.900613e-02	3.895263e-02	5.350002e-05
1259          	3.360305e-01	1.511704e-01	1.848602e-01	8.659372e-02	7.127112e-02	1.532260e-02	2.797426e-02	-1.684490e-02	1.926591e-02	3.853845e-02	3.853514e-02	3.311920e-06
1260          	3.358387e-01	1.510572e-01	1.847814e-01	8.636060e-02	7.090069e-02	1.545990e-02	2.772040e-02	-1.686210e-02	1.924760e-02	3.848085e-02	3.848802e-02	-7.170819e-06
1261          	3.355437e-01	1.509065e-01	1.846372e-01	8.680530e-02	7.065664e-02	1.614866e-02	2.725399e-02	-1.686536e-02	1.939776e-02	3.883974e-02	3.881762e-02	2.211279e-05
1262          	3.352552e-01	1.507762e-01	1.844791e-01	8.792326e-02	7.062178e-02	1.730147e-02	2.666015e-02	-1.685145e-02	1.966173e-02	3.959950e-02	3.946148e-02	1.380215e-04
1263          	3.350369e-01	1.507021e-01	1.843347e-01	8.971323e-02	7.084905e-02	1.886418e-02	2.599243e-02	-1.681629e-02	2.001344e-02	4.066969e-02	4.034828e-02	3.214093e-04
1264          	3.349612e-01	1.507210e-01	1.842402e-01	9.206541e-02	7.139535e-02	2.067006e-02	2.536265e-02	-1.675961e-02	2.039527e-02	4.193195e-02	4.136124e-02	5.707110e-04
1265          	3.350549e-01	1.508362e-01	1.842187e-01	9.453774e-02	7.216348e-02	2.237426e-02	2.489461e-02	-1.669128e-02	2.075844e-02	4.323207e-02	4.237447e-02	8.575919e-04
1266          	3.353031e-01	1.510344e-01	1.842687e-01	9.680435e-02	7.303572e-02	2.376863e-02	2.463354e-02	-1.661719e-02	2.105688e-02	4.445492e-02	4.328434e-02	1.170580e-03
1267          	3.356126e-01	1.512689e-01	1.843437e-01	9.876095e-02	7.390570e-02	2.485524e-02	2.452523e-02	-1.653740e-02	2.129878e-02	4.549198e-02	4.404477e-02	1.447208e-03
1268          	3.359120e-01	1.515022e-01	1.844098e-01	1.003710e-01	7.465895e-02	2.571209e-02	2.447343e-02	-1.645382e-02	2.147348e-02	4.627734e-02	4.461215e-02	1.665188e-03
1269          	3.361206e-01	1.516955e-01	1.844252e-01	1.017046e-01	7.525339e-02	2.645126e-02	2.440107e-02	-1.636487e-02	2.159371e-02	4.678205e-02	4.498474e-02	1.797312e-03
1270          	3.362196e-01	1.518424e-01	1.843772e-01	1.029129e-01	7.571654e-02	2.719632e-02	2.426011e-02	-1.626742e-02	2.165828e-02	4.703706e-02	4.517681e-02	1.860248e-03
1271          	3.361682e-01	1.519094e-01	1.842588e-01	1.039868e-01	7.605596e-02	2.793084e-02	2.406256e-02	-1.617473e-02	2.168804e-02	4.708909e-02	4.523259e-02	1.856504e-03
1272          	3.359762e-01	1.518804e-01	1.840958e-01	1.047116e-01	7.625040e-02	2.846120e-02	2.389460e-02	-1.610768e-02	2.167773e-02	4.697825e-02	4.516686e-02	1.811395e-03
1273          	3.356603e-01	1.517602e-01	1.839001e-01	1.048681e-01	7.627131e-02	2.859676e-02	2.383728e-02	-1.606992e-02	2.164118e-02	4.666975e-02	4.497605e-02	1.693696e-03
1274          	3.353188e-01	1.515958e-01	1.837230e-01	1.043115e-01	7.619322e-02	2.811831e-02	2.403746e-02	-1.606359e-02	2.155105e-02	4.614059e-02	4.462135e-02	1.519241e-03
1275          	3.350662e-01	1.514141e-01	1.836521e-01	1.028640e-01	7.602796e-02	2.683607e-02	2.459594e-02	-1.611901e-02	2.142873e-02	4.539527e-02	4.412636e-02	1.268912e-03
1276          	3.349199e-01	1.512320e-01	1.836879e-01	1.008141e-01	7.577924e-02	2.503483e-02	2.537220e-02	-1.622795e-02	2.127572e-02	4.447612e-02	4.351378e-02	9.623375e-04
1277          	3.348010e-01	1.510333e-01	1.837677e-01	9.862192e-02	7.549170e-02	2.313022e-02	2.618074e-02	-1.636717e-02	2.110290e-02	4.334623e-02	4.277601e-02	5.702155e-04
1278          	3.346747e-01	1.508249e-01	1.838498e-01	9.643516e-02	7.514460e-02	2.129056e-02	2.692702e-02	-1.651245e-02	2.089459e-02	4.199483e-02	4.189201e-02	1.028238e-04
1279          	3.344813e-01	1.505842e-01	1.838971e-01	9.436381e-02	7.467104e-02	1.969277e-02	2.748913e-02	-1.665643e-02	2.066482e-02	4.054132e-02	4.093548e-02	-3.941616e-04
1280          	3.342099e-01	1.503061e-01	1.839037e-01	9.270189e-02	7.407347e-02	1.862843e-02	2.772252e-02	-1.679879e-02	2.043484e-02	3.914788e-02	4.000878e-02	-8.609009e-04
1281          	3.338528e-01	1.499996e-01	1.838532e-01	9.169693e-02	7.336981e-02	1.832712e-02	2.752134e-02	-1.692683e-02	2.022331e-02	3.788407e-02	3.916534e-02	-1.281271e-03
1282          	3.334140e-01	1.496727e-01	1.837414e-01	9.147105e-02	7.262973e-02	1.884133e-02	2.689420e-02	-1.703434e-02	2.001691e-02	3.679604e-02	3.841493e-02	-1.618892e-03
1283          	3.328707e-01	1.493264e-01	1.835443e-01	9.195885e-02	7.190208e-02	2.005677e-02	2.592266e-02	-1.710897e-02	1.985854e-02	3.593031e-02	3.782369e-02	-1.893381e-03
1284          	3.322900e-01	1.490096e-01	1.832804e-01	9.293890e-02	7.125950e-02	2.167939e-02	2.479006e-02	-1.713541e-02	1.976922e-02	3.536075e-02	3.744959e-02	-2.088849e-03
1285          	3.317927e-01	1.488017e-01	1.829910e-01	9.408718e-02	7.080160e-02	2.328558e-02	2.375801e-02	-1.709467e-02	1.980585e-02	3.511603e-02	3.736387e-02	-2.247833e-03
1286          	3.315117e-01	1.487756e-01	1.827362e-01	9.501770e-02	7.055267e-02	2.446503e-02	2.304382e-02	-1.698031e-02	1.997592e-02	3.523016e-02	3.759100e-02	-2.360840e-03
1287          	3.315047e-01	1.489356e-01	1.825691e-01	9.557636e-02	7.051911e-02	2.505725e-02	2.273093e-02	-1.681679e-02	2.029866e-02	3.567294e-02	3.813513e-02	-2.462195e-03
1288          	3.317774e-01	1.492586e-01	1.825188e-01	9.565004e-02	7.068111e-02	2.496893e-02	2.285609e-02	-1.663007e-02	2.070754e-02	3.633698e-02	3.887603e-02	-2.539049e-03
1289          	3.322227e-01	1.496711e-01	1.825516e-01	9.519565e-02	7.091358e-02	2.428207e-02	2.331575e-02	-1.644026e-02	2.113291e-02	3.707304e-02	3.966943e-02	-2.596395e-03
1290          	3.327130e-01	1.500850e-01	1.826280e-01	9.428030e-02	7.111098e-02	2.316932e-02	2.397083e-02	-1.627149e-02	2.154806e-02	3.781469e-02	4.045541e-02	-2.640718e-03
1291          	3.331588e-01	1.504528e-01	1.827060e-01	9.303801e-02	7.121077e-02	2.182723e-02	2.469177e-02	-1.612656e-02	2.195969e-02	3.849163e-02	4.120551e-02	-2.713879e-03
1292          	3.335161e-01	1.507605e-01	1.827556e-01	9.162800e-02	7.118834e-02	2.043966e-02	2.537434e-02	-1.599758e-02	2.231823e-02	3.908777e-02	4.186211e-02	-2.774340e-03
1293          	3.337829e-01	1.509947e-01	1.827882e-01	9.014384e-02	7.107821e-02	1.906563e-02	2.600629e-02	-1.589675e-02	2.260124e-02	3.956618e-02	4.238433e-02	-2.818149e-03
1294          	3.339759e-01	1.511611e-01	1.828148e-01	8.867166e-02	7.086266e-02	1.780900e-02	2.652683e-02	-1.582681e-02	2.277527e-02	3.990918e-02	4.272986e-02	-2.820681e-03
1295          	3.340898e-01	1.512482e-01	1.828416e-01	8.731695e-02	7.049693e-02	1.682002e-02	2.683845e-02	-1.579670e-02	2.283581e-02	4.012018e-02	4.289590e-02	-2.775716e-03
1296          	3.341100e-01	1.512281e-01	1.828819e-01	8.630027e-02	7.000593e-02	1.629434e-02	2.685580e-02	-1.582687e-02	2.281427e-02	4.024534e-02	4.293694e-02	-2.691600e-03
1297          	3.339790e-01	1.510757e-01	1.829034e-01	8.584538e-02	6.947454e-02	1.637084e-02	2.655185e-02	-1.591386e-02	2.278400e-02	4.032655e-02	4.294727e-02	-2.620725e-03
1298          	3.336972e-01	1.508181e-01	1.828792e-01	8.596089e-02	6.895793e-02	1.700295e-02	2.597749e-02	-1.603056e-02	2.274881e-02	4.038257e-02	4.294010e-02	-2.557526e-03
1299          	3.333372e-01	1.505170e-01	1.828202e-01	8.653923e-02	6.857249e-02	1.796674e-02	2.530288e-02	-1.615162e-02	2.269823e-02	4.035376e-02	4.287511e-02	-2.521347e-03
1300          	3.330338e-01	1.502563e-01	1.827775e-01	8.724792e-02	6.833975e-02	1.890817e-02	2.471579e-02	-1.626059e-02	2.257333e-02	4.019181e-02	4.266923e-02	-2.477427e-03
1301          	3.329666e-01	1.501227e-01	1.828439e-01	8.767213e-02	6.832120e-02	1.935093e-02	2.448513e-02	-1.636061e-02	2.235009e-02	3.988743e-02	4.229380e-02	-2.406372e-03
1302          	3.332464e-01	1.501693e-01	1.830771e-01	8.751822e-02	6.850601e-02	1.901221e-02	2.474690e-02	-1.645390e-02	2.202478e-02	3.956216e-02	4.180586e-02	-2.243700e-03
1303          	3.337290e-01	1.503147e-01	1.834144e-01	8.703008e-02	6.883918e-02	1.819089e-02	2.532414e-02	-1.654985e-02	2.163168e-02	3.929457e-02	4.127896e-02	-1.984389e-03
1304          	3.343245e-01	1.505226e-01	1.838019e-01	8.655258e-02	6.933716e-02	1.721542e-02	2.606087e-02	-1.663963e-02	2.119715e-02	3.908508e-02	4.073969e-02	-1.654614e-03
1305          	3.349697e-01	1.507760e-01	1.841937e-01	8.622778e-02	6.996587e-02	1.626191e-02	2.685198e-02	-1.670884e-02	2.076876e-02	3.893981e-02	4.023866e-02	-1.298850e-03
1306          	3.356300e-01	1.510739e-01	1.845561e-01	8.613146e-02	7.068230e-02	1.544917e-02	2.761656e-02	-1.674111e-02	2.038433e-02	3.884402e-02	3.980633e-02	-9.623166e-04
1307          	3.362417e-01	1.514032e-01	1.848385e-01	8.627881e-02	7.140822e-02	1.487059e-02	2.826882e-02	-1.671763e-02	2.010203e-02	3.879990e-02	3.950197e-02	-7.020789e-04
1308          	3.367631e-01	1.517520e-01	1.850111e-01	8.675202e-02	7.211471e-02	1.463731e-02	2.873870e-02	-1.662953e-02	1.994647e-02	3.886377e-02	3.937835e-02	-5.145800e-04
1309          	3.371370e-01	1.520868e-01	1.850501e-01	8.760480e-02	7.278314e-02	1.482166e-02	2.898074e-02	-1.648165e-02	1.995612e-02	3.904772e-02	3.947998e-02	-4.322632e-04
1310          	3.373198e-01	1.523606e-01	1.849592e-01	8.883712e-02	7.334922e-02	1.548791e-02	2.893065e-02	-1.629930e-02	2.010951e-02	3.935831e-02	3.978867e-02	-4.303544e-04
1311          	3.373181e-01	1.525484e-01	1.847697e-01	9.040230e-02	7.376800e-02	1.663430e-02	2.856685e-02	-1.611069e-02	2.037664e-02	3.976517e-02	4.025923e-02	-4.940558e-04
1312          	3.371813e-01	1.526516e-01	1.845298e-01	9.208139e-02	7.397585e-02	1.810554e-02	2.793515e-02	-1.593910e-02	2.069452e-02	4.024161e-02	4.081533e-02	-5.737180e-04
1313          	3.370137e-01	1.527021e-01	1.843115e-01	9.354997e-02	7.398270e-02	1.956727e-02	2.720771e-02	-1.580470e-02	2.102312e-02	4.076540e-02	4.140582e-02	-6.404241e-04
1314          	3.368963e-01	1.527164e-01	1.841799e-01	9.456154e-02	7.381352e-02	2.074802e-02	2.653275e-02	-1.573174e-02	2.132672e-02	4.130709e-02	4.198027e-02	-6.731754e-04
1315          	3.368487e-01	1.526961e-01	1.841526e-01	9.504307e-02	7.350819e-02	2.153487e-02	2.598666e-02	-1.572827e-02	2.157602e-02	4.180110e-02	4.247658e-02	-6.754726e-04
1316          	3.368312e-01	1.526360e-01	1.841951e-01	9.504448e-02	7.313227e-02	2.191221e-02	2.561003e-02	-1.577954e-02	2.173013e-02	4.218389e-02	4.282207e-02	-6.381809e-04
1317          	3.367987e-01	1.525391e-01	1.842597e-01	9.468700e-02	7.276501e-02	2.192199e-02	2.542151e-02	-1.586031e-02	2.180051e-02	4.237957e-02	4.299030e-02	-6.107255e-04
1318          	3.366922e-01	1.523911e-01	1.843011e-01	9.409306e-02	7.251311e-02	2.157994e-02	2.546658e-02	-1.595504e-02	2.179346e-02	4.238159e-02	4.298425e-02	-6.026658e-04
1319          	3.365013e-01	1.521922e-01	1.843092e-01	9.328283e-02	7.241704e-02	2.086579e-02	2.577562e-02	-1.605849e-02	2.172145e-02	4.220812e-02	4.282551e-02	-6.173934e-04
1320          	3.362730e-01	1.519742e-01	1.842988e-01	9.232110e-02	7.255091e-02	1.977018e-02	2.639036e-02	-1.616234e-02	2.157936e-02	4.189351e-02	4.252612e-02	-6.326056e-04
1321          	3.360411e-01	1.517698e-01	1.842713e-01	9.124917e-02	7.291247e-02	1.833670e-02	2.728788e-02	-1.625079e-02	2.137760e-02	4.145223e-02	4.210371e-02	-6.514861e-04
1322          	3.358351e-01	1.516006e-01	1.842345e-01	9.011756e-02	7.345849e-02	1.665907e-02	2.839971e-02	-1.631696e-02	2.109877e-02	4.090093e-02	4.154924e-02	-6.483055e-04
1323          	3.356614e-01	1.514838e-01	1.841777e-01	8.894228e-02	7.409184e-02	1.485044e-02	2.962070e-02	-1.634694e-02	2.073826e-02	4.024071e-02	4.085862e-02	-6.179078e-04
1324          	3.355224e-01	1.514282e-01	1.840941e-01	8.771518e-02	7.469877e-02	1.301641e-02	3.084118e-02	-1.633296e-02	2.029450e-02	3.948690e-02	4.003795e-02	-5.510520e-04
1325          	3.354078e-01	1.514395e-01	1.839683e-01	8.651217e-02	7.517418e-02	1.133800e-02	3.191809e-02	-1.626441e-02	1.980657e-02	3.866845e-02	3.914079e-02	-4.723408e-04
1326          	3.352686e-01	1.514759e-01	1.837927e-01	8.551085e-02	7.532502e-02	1.018583e-02	3.256959e-02	-1.615843e-02	1.931691e-02	3.789110e-02	3.826246e-02	-3.713594e-04
1327          	3.350466e-01	1.514905e-01	1.835560e-01	8.497677e-02	7.509558e-02	9.881197e-03	3.260719e-02	-1.603275e-02	1.887989e-02	3.723650e-02	3.749814e-02	-2.616410e-04
1328          	3.346805e-01	1.514487e-01	1.832319e-01	8.505526e-02	7.453116e-02	1.052410e-02	3.200353e-02	-1.589160e-02	1.850817e-02	3.677482e-02	3.689559e-02	-1.207636e-04
1329          	3.341359e-01	1.513381e-01	1.827978e-01	8.579038e-02	7.372474e-02	1.206563e-02	3.082956e-02	-1.572986e-02	1.820411e-02	3.654987e-02	3.647905e-02	7.082278e-05
1330          	3.333817e-01	1.511225e-01	1.822592e-01	8.711491e-02	7.282084e-02	1.429407e-02	2.926339e-02	-1.556831e-02	1.797597e-02	3.655596e-02	3.625395e-02	3.020105e-04
1331          	3.324463e-01	1.507930e-01	1.816533e-01	8.881705e-02	7.199423e-02	1.682281e-02	2.758571e-02	-1.543011e-02	1.783417e-02	3.674499e-02	3.620666e-02	5.383244e-04
1332          	3.314177e-01	1.503932e-01	1.810245e-01	9.064847e-02	7.136097e-02	1.928750e-02	2.603673e-02	-1.531569e-02	1.776770e-02	3.709001e-02	3.631270e-02	7.773086e-04
1333          	3.304967e-01	1.500241e-01	1.804726e-01	9.225819e-02	7.102503e-02	2.123316e-02	2.489594e-02	-1.522427e-02	1.776276e-02	3.747123e-02	3.649837e-02	9.728560e-04
1334          	3.299402e-01	1.498152e-01	1.801250e-01	9.302927e-02	7.101240e-02	2.201687e-02	2.449776e-02	-1.515491e-02	1.777818e-02	3.777675e-02	3.666656e-02	1.110195e-03
1335          	3.299702e-01	1.498878e-01	1.800825e-01	9.225773e-02	7.125531e-02	2.100242e-02	2.512644e-02	-1.509735e-02	1.779594e-02	3.797075e-02	3.678132e-02	1.189431e-03
1336          	3.306818e-01	1.502938e-01	1.803881e-01	8.961314e-02	7.168722e-02	1.792592e-02	2.688065e-02	-1.504715e-02	1.780986e-02	3.806017e-02	3.683994e-02	1.220226e-03
1337          	3.320024e-01	1.509904e-01	1.810120e-01	8.518786e-02	7.221642e-02	1.297144e-02	2.962249e-02	-1.501082e-02	1.781922e-02	3.804811e-02	3.684328e-02	1.204829e-03
1338          	3.337228e-01	1.518658e-01	1.818570e-01	7.950274e-02	7.267963e-02	6.823112e-03	3.292826e-02	-1.499558e-02	1.778615e-02	3.797930e-02	3.677580e-02	1.203497e-03
1339          	3.355100e-01	1.527442e-01	1.827658e-01	7.342322e-02	7.294613e-02	4.770879e-04	3.623452e-02	-1.501080e-02	1.770101e-02	3.786534e-02	3.663368e-02	1.231654e-03
1340          	3.369457e-01	1.534227e-01	1.835231e-01	6.804864e-02	7.296637e-02	-4.917726e-03	3.894205e-02	-1.505020e-02	1.756134e-02	3.772643e-02	3.642455e-02	1.301872e-03
1341          	3.377180e-01	1.537516e-01	1.839664e-01	6.411928e-02	7.273491e-02	-8.615631e-03	4.067527e-02	-1.510741e-02	1.739184e-02	3.759292e-02	3.618831e-02	1.404618e-03
1342          	3.377679e-01	1.536965e-01	1.840714e-01	6.198160e-02	7.235285e-02	-1.037125e-02	4.136205e-02	-1.518741e-02	1.721446e-02	3.751263e-02	3.597077e-02	1.541862e-03
1343          	3.371670e-01	1.533039e-01	1.838631e-01	6.171652e-02	7.196652e-02	-1.025000e-02	4.110826e-02	-1.527958e-02	1.706667e-02	3.747925e-02	3.580630e-02	1.672953e-03
1344          	3.361361e-01	1.526968e-01	1.834393e-01	6.308405e-02	7.169765e-02	-8.613607e-03	4.015563e-02	-1.537129e-02	1.694418e-02	3.749562e-02	3.569199e-02	1.803633e-03
1345          	3.349696e-01	1.520380e-01	1.829316e-01	6.546833e-02	7.155874e-02	-6.090409e-03	3.882457e-02	-1.544679e-02	1.685099e-02	3.750456e-02	3.560328e-02	1.901289e-03
1346          	3.339243e-01	1.514751e-01	1.824492e-01	6.824814e-02	7.148943e-02	-3.241290e-03	3.736536e-02	-1.548706e-02	1.676464e-02	3.743467e-02	3.548198e-02	1.952696e-03
1347          	3.331265e-01	1.510943e-01	1.820322e-01	7.102013e-02	7.140931e-02	-3.891777e-04	3.589924e-02	-1.546894e-02	1.667615e-02	3.723798e-02	3.529514e-02	1.942839e-03
1348          	3.326203e-01	1.509182e-01	1.817021e-01	7.355746e-02	7.126861e-02	2.288852e-03	3.448988e-02	-1.539192e-02	1.656388e-02	3.689850e-02	3.501312e-02	1.885374e-03
1349          	3.323797e-01	1.509377e-01	1.814419e-01	7.588671e-02	7.107919e-02	4.807521e-03	3.313583e-02	-1.525209e-02	1.642915e-02	3.638993e-02	3.462412e-02	1.765812e-03
1350          	3.322963e-01	1.510920e-01	1.812043e-01	7.814784e-02	7.083984e-02	7.308005e-03	3.176592e-02	-1.505613e-02	1.625301e-02	3.574114e-02	3.412358e-02	1.617561e-03
1351          	3.322228e-01	1.512966e-01	1.809262e-01	8.053653e-02	7.061209e-02	9.924435e-03	3.034383e-02	-1.481480e-02	1.605675e-02	3.494968e-02	3.353159e-02	1.418088e-03
1352          	3.320257e-01	1.514720e-01	1.805537e-01	8.307743e-02	7.039199e-02	1.268545e-02	2.885327e-02	-1.454086e-02	1.585334e-02	3.404142e-02	3.287405e-02	1.167367e-03
1353          	3.316116e-01	1.515543e-01	1.800573e-01	8.581613e-02	7.020579e-02	1.561034e-02	2.729772e-02	-1.425152e-02	1.566191e-02	3.308499e-02	3.220440e-02	8.805887e-04
1354          	3.309920e-01	1.515148e-01	1.794772e-01	8.868685e-02	7.007485e-02	1.861200e-02	2.573142e-02	-1.398117e-02	1.548418e-02	3.218671e-02	3.157753e-02	6.091768e-04
1355          	3.302570e-01	1.513788e-01	1.788783e-01	9.158746e-02	7.004820e-02	2.153926e-02	2.425447e-02	-1.374975e-02	1.534341e-02	3.142242e-02	3.105461e-02	3.678029e-04
1356          	3.295219e-01	1.512097e-01	1.783122e-01	9.430442e-02	7.007832e-02	2.422610e-02	2.292611e-02	-1.355126e-02	1.523387e-02	3.084541e-02	3.065657e-02	1.888371e-04
1357          	3.289011e-01	1.510781e-01	1.778230e-01	9.656603e-02	7.007944e-02	2.648658e-02	2.179643e-02	-1.337246e-02	1.518496e-02	3.043834e-02	3.040412e-02	3.421353e-05
1358          	3.284751e-01	1.510155e-01	1.774596e-01	9.812995e-02	6.993472e-02	2.819523e-02	2.086974e-02	-1.322206e-02	1.519402e-02	3.017506e-02	3.028155e-02	-1.064956e-04
1359          	3.282843e-01	1.510357e-01	1.772485e-01	9.879868e-02	6.954845e-02	2.925024e-02	2.014910e-02	-1.310639e-02	1.525106e-02	3.003963e-02	3.027088e-02	-2.312487e-04
1360          	3.283610e-01	1.511385e-01	1.772226e-01	9.861851e-02	6.897857e-02	2.963994e-02	1.966931e-02	-1.304206e-02	1.532837e-02	3.004457e-02	3.035065e-02	-3.060824e-04
1361          	3.286690e-01	1.512887e-01	1.773803e-01	9.768314e-02	6.828540e-02	2.939774e-02	1.944383e-02	-1.304583e-02	1.541660e-02	3.019745e-02	3.051533e-02	-3.178771e-04
1362          	3.291000e-01	1.514425e-01	1.776575e-01	9.617937e-02	6.749781e-02	2.868156e-02	1.940813e-02	-1.310747e-02	1.552290e-02	3.050144e-02	3.077361e-02	-2.721762e-04
1363          	3.295078e-01	1.515591e-01	1.779488e-01	9.438466e-02	6.661158e-02	2.777308e-02	1.941925e-02	-1.319487e-02	1.569297e-02	3.095612e-02	3.117103e-02	-2.149115e-04
1364          	3.298203e-01	1.516220e-01	1.781983e-01	9.256569e-02	6.569485e-02	2.687084e-02	1.941200e-02	-1.328819e-02	1.592437e-02	3.158688e-02	3.171781e-02	-1.309236e-04
1365          	3.300204e-01	1.516362e-01	1.783842e-01	9.095624e-02	6.483341e-02	2.612283e-02	1.935529e-02	-1.337400e-02	1.618774e-02	3.233692e-02	3.235620e-02	-1.928344e-05
1366          	3.301278e-01	1.516285e-01	1.784993e-01	8.979240e-02	6.409556e-02	2.569684e-02	1.919936e-02	-1.343541e-02	1.641500e-02	3.310413e-02	3.296706e-02	1.370617e-04
1367          	3.301745e-01	1.516439e-01	1.785305e-01	8.911008e-02	6.348721e-02	2.562287e-02	1.893217e-02	-1.344329e-02	1.658702e-02	3.376096e-02	3.346750e-02	2.934580e-04
1368          	3.301819e-01	1.516800e-01	1.785019e-01	8.891788e-02	6.307129e-02	2.584659e-02	1.861235e-02	-1.341092e-02	1.670599e-02	3.429468e-02	3.385333e-02	4.413464e-04
1369          	3.301559e-01	1.517217e-01	1.784342e-01	8.917497e-02	6.289957e-02	2.627540e-02	1.831209e-02	-1.335623e-02	1.681875e-02	3.471158e-02	3.417454e-02	5.370386e-04
1370          	3.301666e-01	1.517911e-01	1.783755e-01	8.976580e-02	6.301215e-02	2.675366e-02	1.812924e-02	-1.329223e-02	1.694328e-02	3.506717e-02	3.447687e-02	5.902995e-04
1371          	3.302842e-01	1.518977e-01	1.783865e-01	9.059985e-02	6.338728e-02	2.721256e-02	1.808736e-02	-1.324439e-02	1.710604e-02	3.540341e-02	3.480774e-02	5.956620e-04
1372          	3.305525e-01	1.520253e-01	1.785273e-01	9.144147e-02	6.389156e-02	2.754991e-02	1.817082e-02	-1.325100e-02	1.730842e-02	3.581359e-02	3.521521e-02	5.983808e-04
1373          	3.309669e-01	1.521625e-01	1.788044e-01	9.195349e-02	6.428921e-02	2.766429e-02	1.831246e-02	-1.332091e-02	1.756390e-02	3.631415e-02	3.572097e-02	5.931809e-04
1374          	3.314800e-01	1.522988e-01	1.791812e-01	9.192843e-02	6.442474e-02	2.750369e-02	1.846052e-02	-1.344118e-02	1.784468e-02	3.689003e-02	3.628969e-02	6.003336e-04
1375          	3.319672e-01	1.523968e-01	1.795705e-01	9.147887e-02	6.433690e-02	2.714197e-02	1.859746e-02	-1.358684e-02	1.814208e-02	3.748786e-02	3.688601e-02	6.018467e-04
1376          	3.323320e-01	1.524193e-01	1.799127e-01	9.096981e-02	6.418598e-02	2.678383e-02	1.870107e-02	-1.374671e-02	1.842704e-02	3.807856e-02	3.746632e-02	6.122380e-04
1377          	3.324944e-01	1.523351e-01	1.801593e-01	9.077381e-02	6.410620e-02	2.666760e-02	1.871930e-02	-1.391212e-02	1.870039e-02	3.864174e-02	3.802127e-02	6.204774e-04
1378          	3.324278e-01	1.521408e-01	1.802869e-01	9.105211e-02	6.409097e-02	2.696114e-02	1.856491e-02	-1.407305e-02	1.894896e-02	3.916331e-02	3.853061e-02	6.326940e-04
1379          	3.322319e-01	1.518983e-01	1.803335e-01	9.167178e-02	6.405680e-02	2.761498e-02	1.822091e-02	-1.421761e-02	1.917205e-02	3.959645e-02	3.897028e-02	6.261725e-04
1380          	3.320947e-01	1.517048e-01	1.803899e-01	9.225211e-02	6.393900e-02	2.831310e-02	1.781295e-02	-1.434255e-02	1.933075e-02	3.990490e-02	3.928320e-02	6.216958e-04
1381          	3.322394e-01	1.516744e-01	1.805650e-01	9.237858e-02	6.378813e-02	2.859046e-02	1.759883e-02	-1.444529e-02	1.940894e-02	4.006216e-02	3.944002e-02	6.221387e-04
1382          	3.328350e-01	1.518734e-01	1.809616e-01	9.178825e-02	6.372559e-02	2.806265e-02	1.783147e-02	-1.454408e-02	1.938017e-02	4.011345e-02	3.943689e-02	6.765562e-04
1383          	3.338513e-01	1.522670e-01	1.815843e-01	9.054485e-02	6.377960e-02	2.676524e-02	1.850718e-02	-1.465861e-02	1.928486e-02	4.010175e-02	3.933573e-02	7.660187e-04
1384          	3.351665e-01	1.527821e-01	1.823844e-01	8.885404e-02	6.386232e-02	2.499172e-02	1.943530e-02	-1.480118e-02	1.916429e-02	4.009852e-02	3.921355e-02	8.849753e-04
1385          	3.366283e-01	1.533502e-01	1.832781e-01	8.697406e-02	6.396116e-02	2.301290e-02	2.047413e-02	-1.496395e-02	1.906504e-02	4.011618e-02	3.912313e-02	9.930489e-04
1386          	3.380385e-01	1.538879e-01	1.841506e-01	8.518074e-02	6.413821e-02	2.104253e-02	2.154784e-02	-1.513134e-02	1.898817e-02	4.019720e-02	3.908677e-02	1.110431e-03
1387          	3.391798e-01	1.543058e-01	1.848740e-01	8.380187e-02	6.450290e-02	1.929897e-02	2.260196e-02	-1.528411e-02	1.893914e-02	4.034213e-02	3.911021e-02	1.231925e-03
1388          	3.399163e-01	1.545424e-01	1.853739e-01	8.311201e-02	6.510709e-02	1.800492e-02	2.355108e-02	-1.541578e-02	1.891132e-02	4.057126e-02	3.919695e-02	1.374311e-03
1389          	3.401897e-01	1.545833e-01	1.856064e-01	8.329015e-02	6.596313e-02	1.732702e-02	2.431805e-02	-1.551159e-02	1.892656e-02	4.085804e-02	3.935558e-02	1.502455e-03
1390          	3.400082e-01	1.544534e-01	1.855548e-01	8.435767e-02	6.702689e-02	1.733078e-02	2.484806e-02	-1.555069e-02	1.899028e-02	4.113764e-02	3.955910e-02	1.578539e-03
1391          	3.394188e-01	1.541914e-01	1.852274e-01	8.611978e-02	6.815493e-02	1.796485e-02	2.509504e-02	-1.551797e-02	1.911868e-02	4.131060e-02	3.977398e-02	1.536621e-03
1392          	3.384611e-01	1.538150e-01	1.846462e-01	8.822107e-02	6.916242e-02	1.905865e-02	2.505189e-02	-1.541559e-02	1.929822e-02	4.130732e-02	3.995187e-02	1.355443e-03
1393          	3.372074e-01	1.533472e-01	1.838602e-01	9.021029e-02	6.982235e-02	2.038794e-02	2.471720e-02	-1.525649e-02	1.949428e-02	4.104211e-02	4.001533e-02	1.026780e-03
1394          	3.357543e-01	1.528148e-01	1.829394e-01	9.188842e-02	7.006525e-02	2.182317e-02	2.412104e-02	-1.506232e-02	1.962994e-02	4.051746e-02	3.988867e-02	6.287911e-04
1395          	3.341440e-01	1.522116e-01	1.819324e-01	9.327430e-02	6.991583e-02	2.335847e-02	2.327868e-02	-1.486041e-02	1.966813e-02	3.976237e-02	3.954932e-02	2.130490e-04
1396          	3.324056e-01	1.515062e-01	1.808994e-01	9.439852e-02	6.936398e-02	2.503455e-02	2.216472e-02	-1.469660e-02	1.958469e-02	3.886241e-02	3.901589e-02	-1.534869e-04
1397          	3.306191e-01	1.506993e-01	1.799198e-01	9.538678e-02	6.842396e-02	2.696281e-02	2.073058e-02	-1.461020e-02	1.943546e-02	3.796252e-02	3.841672e-02	-4.542013e-04
1398          	3.288563e-01	1.498210e-01	1.790353e-01	9.633870e-02	6.721132e-02	2.912737e-02	1.904198e-02	-1.460716e-02	1.929372e-02	3.719139e-02	3.788942e-02	-6.980305e-04
1399          	3.272153e-01	1.489377e-01	1.782776e-01	9.728932e-02	6.594377e-02	3.134555e-02	1.729911e-02	-1.466993e-02	1.919929e-02	3.654169e-02	3.747013e-02	-9.284410e-04
1400          	3.258394e-01	1.481388e-01	1.777006e-01	9.814460e-02	6.477607e-02	3.336853e-02	1.570377e-02	-1.478092e-02	1.914396e-02	3.597769e-02	3.713281e-02	-1.155114e-03
1401          	3.248378e-01	1.475175e-01	1.773203e-01	9.859663e-02	6.371199e-02	3.488464e-02	1.441367e-02	-1.490140e-02	1.911577e-02	3.545150e-02	3.684152e-02	-1.390020e-03
1402          	3.243170e-01	1.471570e-01	1.771601e-01	9.839330e-02	6.282173e-02	3.557157e-02	1.362508e-02	-1.500155e-02	1.907322e-02	3.496502e-02	3.655573e-02	-1.590708e-03
1403          	3.243637e-01	1.471306e-01	1.772332e-01	9.741384e-02	6.218516e-02	3.522867e-02	1.347824e-02	-1.505130e-02	1.898427e-02	3.450395e-02	3.623625e-02	-1.732298e-03
1404          	3.250459e-01	1.474670e-01	1.775789e-01	9.562836e-02	6.193708e-02	3.369128e-02	1.412290e-02	-1.505592e-02	1.882123e-02	3.407707e-02	3.585977e-02	-1.782697e-03
1405          	3.263796e-01	1.481526e-01	1.782270e-01	9.305606e-02	6.222258e-02	3.083348e-02	1.569455e-02	-1.503721e-02	1.859321e-02	3.366550e-02	3.542597e-02	-1.760463e-03
1406          	3.282126e-01	1.490830e-01	1.791296e-01	8.973306e-02	6.300115e-02	2.673191e-02	1.813462e-02	-1.502328e-02	1.833117e-02	3.331086e-02	3.498660e-02	-1.675746e-03
1407          	3.302537e-01	1.501098e-01	1.801438e-01	8.585455e-02	6.407203e-02	2.178252e-02	2.114475e-02	-1.501701e-02	1.807410e-02	3.304033e-02	3.459426e-02	-1.553935e-03
1408          	3.322239e-01	1.511119e-01	1.811120e-01	8.194791e-02	6.531745e-02	1.663047e-02	2.434349e-02	-1.500005e-02	1.783678e-02	3.284802e-02	3.426080e-02	-1.412772e-03
1409          	3.338094e-01	1.519725e-01	1.818370e-01	7.867634e-02	6.658054e-02	1.209580e-02	2.724237e-02	-1.493227e-02	1.763760e-02	3.267758e-02	3.397639e-02	-1.298805e-03
1410          	3.347492e-01	1.525688e-01	1.821803e-01	7.665722e-02	6.776128e-02	8.895938e-03	2.943267e-02	-1.480576e-02	1.747000e-02	3.251294e-02	3.372647e-02	-1.213533e-03
1411          	3.348896e-01	1.528154e-01	1.820742e-01	7.626139e-02	6.876012e-02	7.501276e-03	3.062942e-02	-1.462943e-02	1.732909e-02	3.234019e-02	3.349918e-02	-1.158994e-03
1412          	3.341778e-01	1.526667e-01	1.815111e-01	7.773544e-02	6.955568e-02	8.179759e-03	3.068796e-02	-1.442220e-02	1.720729e-02	3.218676e-02	3.330068e-02	-1.113913e-03
1413          	3.326932e-01	1.521451e-01	1.805480e-01	8.094382e-02	7.009203e-02	1.085179e-02	2.962012e-02	-1.420144e-02	1.712520e-02	3.210060e-02	3.317550e-02	-1.074905e-03
1414          	3.307642e-01	1.513816e-01	1.793825e-01	8.514152e-02	7.032815e-02	1.481336e-02	2.775739e-02	-1.400045e-02	1.708628e-02	3.214730e-02	3.315993e-02	-1.012633e-03
1415          	3.287203e-01	1.505172e-01	1.782030e-01	8.949414e-02	7.029538e-02	1.919876e-02	2.554831e-02	-1.384291e-02	1.711493e-02	3.232547e-02	3.327767e-02	-9.521989e-04
1416          	3.267880e-01	1.496364e-01	1.771516e-01	9.337094e-02	7.005727e-02	2.331367e-02	2.337180e-02	-1.375761e-02	1.720630e-02	3.261551e-02	3.351405e-02	-8.985420e-04
1417          	3.251156e-01	1.488233e-01	1.762923e-01	9.632817e-02	6.962110e-02	2.670708e-02	2.145701e-02	-1.373448e-02	1.734080e-02	3.292297e-02	3.380228e-02	-8.793192e-04
1418          	3.238201e-01	1.481434e-01	1.756767e-01	9.817082e-02	6.901900e-02	2.915183e-02	1.993358e-02	-1.376667e-02	1.745992e-02	3.318475e-02	3.405230e-02	-8.675411e-04
1419          	3.229233e-01	1.476282e-01	1.752951e-01	9.896273e-02	6.833985e-02	3.062288e-02	1.885849e-02	-1.383343e-02	1.754328e-02	3.335126e-02	3.421891e-02	-8.676485e-04
1420          	3.223592e-01	1.472614e-01	1.750978e-01	9.892912e-02	6.768400e-02	3.124513e-02	1.821943e-02	-1.391821e-02	1.757635e-02	3.343431e-02	3.429351e-02	-8.591919e-04
1421          	3.220951e-01	1.470503e-01	1.750448e-01	9.825629e-02	6.715639e-02	3.109989e-02	1.802825e-02	-1.399724e-02	1.756493e-02	3.343979e-02	3.428482e-02	-8.450348e-04
1422          	3.221533e-01	1.470233e-01	1.751300e-01	9.706796e-02	6.691240e-02	3.015556e-02	1.837842e-02	-1.405333e-02	1.750402e-02	3.334554e-02	3.417679e-02	-8.312479e-04
1423          	3.225441e-01	1.471969e-01	1.753471e-01	9.551778e-02	6.710187e-02	2.841591e-02	1.934298e-02	-1.407509e-02	1.742416e-02	3.313856e-02	3.399343e-02	-8.548783e-04
1424          	3.230437e-01	1.474236e-01	1.756201e-01	9.395576e-02	6.758760e-02	2.636816e-02	2.060972e-02	-1.409827e-02	1.738609e-02	3.294694e-02	3.385956e-02	-9.126227e-04
1425          	3.234682e-01	1.476222e-01	1.758460e-01	9.248271e-02	6.808040e-02	2.440231e-02	2.183904e-02	-1.411190e-02	1.742494e-02	3.276819e-02	3.380904e-02	-1.040842e-03
1426          	3.238077e-01	1.478131e-01	1.759946e-01	9.109075e-02	6.854677e-02	2.254399e-02	2.300139e-02	-1.409078e-02	1.749343e-02	3.252528e-02	3.375607e-02	-1.230787e-03
1427          	3.240045e-01	1.479725e-01	1.760319e-01	8.994503e-02	6.902085e-02	2.092417e-02	2.404834e-02	-1.402970e-02	1.755774e-02	3.218759e-02	3.365153e-02	-1.463940e-03
1428          	3.240105e-01	1.480725e-01	1.759380e-01	8.933345e-02	6.949692e-02	1.983654e-02	2.483019e-02	-1.393274e-02	1.757735e-02	3.177867e-02	3.346669e-02	-1.688014e-03
1429          	3.238136e-01	1.481061e-01	1.757076e-01	8.931872e-02	6.983492e-02	1.948380e-02	2.517556e-02	-1.380076e-02	1.754843e-02	3.132629e-02	3.321158e-02	-1.885291e-03
1430          	3.234514e-01	1.480707e-01	1.753807e-01	8.982100e-02	6.994301e-02	1.987800e-02	2.503251e-02	-1.365504e-02	1.746572e-02	3.089219e-02	3.291181e-02	-2.019620e-03
1431          	3.229314e-01	1.479595e-01	1.749719e-01	9.069772e-02	6.980431e-02	2.089341e-02	2.445545e-02	-1.350620e-02	1.735992e-02	3.050735e-02	3.261360e-02	-2.106250e-03
1432          	3.222478e-01	1.477569e-01	1.744909e-01	9.196217e-02	6.953694e-02	2.242523e-02	2.355586e-02	-1.336699e-02	1.724958e-02	3.023142e-02	3.236528e-02	-2.133867e-03
1433          	3.213983e-01	1.474466e-01	1.739518e-01	9.366270e-02	6.929929e-02	2.436341e-02	2.246794e-02	-1.325261e-02	1.717964e-02	3.008793e-02	3.222361e-02	-2.135671e-03
1434          	3.204243e-01	1.470300e-01	1.733943e-01	9.570070e-02	6.916224e-02	2.653846e-02	2.131189e-02	-1.318217e-02	1.716373e-02	3.010838e-02	3.221792e-02	-2.109538e-03
1435          	3.194218e-01	1.465540e-01	1.728678e-01	9.773562e-02	6.909680e-02	2.863882e-02	2.022899e-02	-1.315691e-02	1.721406e-02	3.025806e-02	3.234309e-02	-2.085030e-03
1436          	3.185163e-01	1.460955e-01	1.724209e-01	9.930450e-02	6.895750e-02	3.034700e-02	1.930525e-02	-1.316270e-02	1.732520e-02	3.052818e-02	3.258929e-02	-2.061112e-03
1437          	3.177687e-01	1.457009e-01	1.720678e-01	1.000614e-01	6.863294e-02	3.142841e-02	1.860226e-02	-1.318346e-02	1.751951e-02	3.087423e-02	3.295663e-02	-2.082399e-03
1438          	3.172418e-01	1.454001e-01	1.718417e-01	9.991368e-02	6.812760e-02	3.178608e-02	1.817076e-02	-1.322084e-02	1.779868e-02	3.130427e-02	3.345082e-02	-2.146540e-03
1439          	3.170278e-01	1.452223e-01	1.718056e-01	9.885249e-02	6.756854e-02	3.128395e-02	1.814229e-02	-1.329165e-02	1.814443e-02	3.179121e-02	3.404004e-02	-2.248825e-03
1440          	3.172269e-01	1.452016e-01	1.720253e-01	9.673446e-02	6.700751e-02	2.972695e-02	1.864028e-02	-1.341184e-02	1.850767e-02	3.233117e-02	3.467325e-02	-2.342085e-03
1441          	3.179013e-01	1.453663e-01	1.725349e-01	9.338545e-02	6.645119e-02	2.693426e-02	1.975847e-02	-1.358428e-02	1.884270e-02	3.287587e-02	3.528063e-02	-2.404761e-03
1442          	3.190794e-01	1.457512e-01	1.733282e-01	8.873817e-02	6.586151e-02	2.287666e-02	2.149243e-02	-1.378854e-02	1.909416e-02	3.338132e-02	3.578482e-02	-2.403498e-03
1443          	3.205864e-01	1.463026e-01	1.742838e-01	8.351345e-02	6.535788e-02	1.815557e-02	2.360116e-02	-1.399060e-02	1.925768e-02	3.382199e-02	3.616867e-02	-2.346685e-03
1444          	3.220565e-01	1.468390e-01	1.752175e-01	7.894335e-02	6.515667e-02	1.378669e-02	2.568499e-02	-1.418927e-02	1.938009e-02	3.428503e-02	3.652260e-02	-2.237572e-03
1445          	3.232522e-01	1.472589e-01	1.759933e-01	7.557107e-02	6.523063e-02	1.034045e-02	2.744509e-02	-1.436723e-02	1.948788e-02	3.478328e-02	3.687952e-02	-2.096237e-03
1446          	3.239970e-01	1.475175e-01	1.764795e-01	7.375198e-02	6.544249e-02	8.309492e-03	2.856650e-02	-1.448102e-02	1.956241e-02	3.528761e-02	3.720621e-02	-1.918605e-03
1447          	3.242059e-01	1.475938e-01	1.766121e-01	7.355638e-02	6.570405e-02	7.852336e-03	2.892586e-02	-1.450916e-02	1.959764e-02	3.576137e-02	3.747833e-02	-1.716952e-03
1448          	3.239311e-01	1.475082e-01	1.764230e-01	7.469303e-02	6.595015e-02	8.742884e-03	2.860363e-02	-1.445738e-02	1.960622e-02	3.621272e-02	3.771258e-02	-1.499861e-03
1449          	3.233130e-01	1.473049e-01	1.760081e-01	7.675501e-02	6.619525e-02	1.055977e-02	2.781774e-02	-1.435157e-02	1.963006e-02	3.663882e-02	3.794947e-02	-1.310655e-03
1450          	3.226140e-01	1.470778e-01	1.755362e-01	7.919014e-02	6.645364e-02	1.273650e-02	2.685857e-02	-1.422921e-02	1.968348e-02	3.706168e-02	3.821432e-02	-1.152639e-03
1451          	3.220701e-01	1.469043e-01	1.751658e-01	8.154522e-02	6.673248e-02	1.481274e-02	2.595987e-02	-1.413074e-02	1.976822e-02	3.748735e-02	3.851189e-02	-1.024539e-03
1452          	3.217688e-01	1.467963e-01	1.749725e-01	8.340854e-02	6.690751e-02	1.650103e-02	2.520324e-02	-1.408807e-02	1.987435e-02	3.794082e-02	3.884476e-02	-9.039454e-04
1453          	3.216724e-01	1.467306e-01	1.749418e-01	8.452209e-02	6.685667e-02	1.766542e-02	2.459563e-02	-1.410557e-02	2.000844e-02	3.840486e-02	3.921088e-02	-8.060118e-04
1454          	3.216622e-01	1.466728e-01	1.749894e-01	8.484674e-02	6.655785e-02	1.828888e-02	2.413449e-02	-1.415831e-02	2.016520e-02	3.883726e-02	3.958383e-02	-7.465718e-04
1455          	3.216482e-01	1.466009e-01	1.750473e-01	8.457015e-02	6.614009e-02	1.843006e-02	2.385501e-02	-1.422319e-02	2.034022e-02	3.920641e-02	3.994343e-02	-7.370155e-04
1456          	3.215921e-01	1.465141e-01	1.750779e-01	8.395811e-02	6.574046e-02	1.821765e-02	2.376141e-02	-1.428190e-02	2.053427e-02	3.951258e-02	4.029056e-02	-7.779834e-04
1457          	3.215118e-01	1.464350e-01	1.750768e-01	8.322456e-02	6.552077e-02	1.770380e-02	2.390849e-02	-1.432089e-02	2.073664e-02	3.973839e-02	4.060583e-02	-8.674468e-04
1458          	3.215010e-01	1.464185e-01	1.750825e-01	8.244793e-02	6.555196e-02	1.689597e-02	2.432799e-02	-1.433202e-02	2.094416e-02	3.989367e-02	4.089099e-02	-9.973197e-04
1459          	3.216112e-01	1.464871e-01	1.751241e-01	8.152950e-02	6.573493e-02	1.579458e-02	2.497018e-02	-1.431848e-02	2.112574e-02	3.992660e-02	4.108904e-02	-1.162434e-03
1460          	3.218930e-01	1.466553e-01	1.752377e-01	8.033606e-02	6.594049e-02	1.439556e-02	2.577246e-02	-1.429118e-02	2.125150e-02	3.982681e-02	4.116491e-02	-1.338101e-03
1461          	3.223972e-01	1.469399e-01	1.754573e-01	7.887973e-02	6.612973e-02	1.275000e-02	2.668987e-02	-1.425867e-02	2.129557e-02	3.959153e-02	4.109134e-02	-1.499803e-03
1462          	3.231503e-01	1.473513e-01	1.757990e-01	7.727073e-02	6.628466e-02	1.098608e-02	2.764929e-02	-1.422384e-02	2.125575e-02	3.922306e-02	4.086727e-02	-1.644217e-03
1463          	3.240859e-01	1.478578e-01	1.762281e-01	7.559436e-02	6.622253e-02	9.371834e-03	2.842535e-02	-1.418514e-02	2.115640e-02	3.873847e-02	4.052563e-02	-1.787166e-03
1464          	3.250730e-01	1.483907e-01	1.766822e-01	7.391180e-02	6.578984e-02	8.121953e-03	2.883395e-02	-1.414573e-02	2.101968e-02	3.821836e-02	4.012886e-02	-1.910497e-03
1465          	3.260002e-01	1.488845e-01	1.771157e-01	7.238469e-02	6.507658e-02	7.308105e-03	2.888424e-02	-1.411557e-02	2.084671e-02	3.773081e-02	3.971211e-02	-1.981308e-03
1466          	3.267718e-01	1.492901e-01	1.774817e-01	7.125149e-02	6.431801e-02	6.933486e-03	2.869226e-02	-1.409582e-02	2.064011e-02	3.731212e-02	3.929617e-02	-1.984052e-03
1467          	3.273173e-01	1.495828e-01	1.777345e-01	7.067611e-02	6.375135e-02	6.924768e-03	2.841329e-02	-1.407585e-02	2.039583e-02	3.692255e-02	3.885711e-02	-1.934556e-03
1468          	3.276423e-01	1.497803e-01	1.778620e-01	7.077801e-02	6.356248e-02	7.215533e-03	2.817347e-02	-1.404086e-02	2.009482e-02	3.649340e-02	3.834152e-02	-1.848125e-03
1469          	3.277770e-01	1.499195e-01	1.778575e-01	7.151714e-02	6.379198e-02	7.725155e-03	2.803341e-02	-1.396901e-02	1.975999e-02	3.596328e-02	3.774163e-02	-1.778350e-03
1470          	3.277586e-01	1.500179e-01	1.777406e-01	7.256032e-02	6.428095e-02	8.279375e-03	2.800079e-02	-1.386135e-02	1.943274e-02	3.534274e-02	3.710411e-02	-1.761367e-03
1471          	3.276208e-01	1.500678e-01	1.775530e-01	7.339039e-02	6.469233e-02	8.698060e-03	2.799713e-02	-1.374257e-02	1.915999e-02	3.468343e-02	3.650171e-02	-1.818278e-03
1472          	3.274196e-01	1.500591e-01	1.773605e-01	7.378536e-02	6.481209e-02	8.973267e-03	2.791941e-02	-1.365070e-02	1.895353e-02	3.408513e-02	3.599609e-02	-1.910965e-03
1473          	3.272053e-01	1.499861e-01	1.772192e-01	7.387026e-02	6.469203e-02	9.178231e-03	2.775690e-02	-1.361656e-02	1.880975e-02	3.364343e-02	3.563147e-02	-1.988040e-03
1474          	3.269875e-01	1.498292e-01	1.771582e-01	7.368978e-02	6.437176e-02	9.318022e-03	2.752687e-02	-1.366449e-02	1.873739e-02	3.343054e-02	3.545266e-02	-2.022119e-03
1475          	3.267717e-01	1.495879e-01	1.771838e-01	7.315384e-02	6.385335e-02	9.300498e-03	2.727642e-02	-1.379797e-02	1.874616e-02	3.345473e-02	3.547353e-02	-2.018794e-03
1476          	3.265794e-01	1.492875e-01	1.772919e-01	7.219968e-02	6.317903e-02	9.020642e-03	2.707920e-02	-1.400217e-02	1.881180e-02	3.371281e-02	3.566820e-02	-1.955395e-03
1477          	3.264029e-01	1.489700e-01	1.774328e-01	7.098431e-02	6.251299e-02	8.471313e-03	2.702084e-02	-1.423141e-02	1.892153e-02	3.412875e-02	3.598591e-02	-1.857157e-03
1478          	3.262385e-01	1.486710e-01	1.775675e-01	6.986505e-02	6.214421e-02	7.720839e-03	2.721168e-02	-1.444828e-02	1.904767e-02	3.462105e-02	3.635819e-02	-1.737146e-03
1479          	3.261034e-01	1.484177e-01	1.776857e-01	6.916514e-02	6.225877e-02	6.906370e-03	2.767620e-02	-1.463396e-02	1.917933e-02	3.512287e-02	3.674076e-02	-1.617892e-03
1480          	3.260159e-01	1.482351e-01	1.777808e-01	6.900754e-02	6.286717e-02	6.140377e-03	2.836339e-02	-1.477284e-02	1.928707e-02	3.560090e-02	3.708752e-02	-1.486620e-03
1481          	3.260258e-01	1.481561e-01	1.778697e-01	6.932328e-02	6.385747e-02	5.465813e-03	2.919583e-02	-1.485683e-02	1.935687e-02	3.599933e-02	3.735653e-02	-1.357202e-03
1482          	3.261966e-01	1.482068e-01	1.779898e-01	6.994209e-02	6.502839e-02	4.913696e-03	3.005735e-02	-1.489149e-02	1.937192e-02	3.629553e-02	3.751968e-02	-1.224152e-03
1483          	3.265652e-01	1.483888e-01	1.781764e-01	7.074829e-02	6.628115e-02	4.467139e-03	3.090701e-02	-1.489377e-02	1.933526e-02	3.648195e-02	3.757624e-02	-1.094286e-03
1484          	3.271062e-01	1.486636e-01	1.784426e-01	7.174891e-02	6.758777e-02	4.161139e-03	3.171331e-02	-1.488950e-02	1.924296e-02	3.657832e-02	3.753212e-02	-9.538059e-04
1485          	3.277411e-01	1.489803e-01	1.787608e-01	7.300471e-02	6.887670e-02	4.128012e-03	3.237434e-02	-1.489027e-02	1.910702e-02	3.659657e-02	3.740530e-02	-8.087295e-04
1486          	3.284037e-01	1.492924e-01	1.791114e-01	7.442994e-02	6.997230e-02	4.457649e-03	3.275732e-02	-1.490948e-02	1.892022e-02	3.656797e-02	3.720420e-02	-6.362356e-04
1487          	3.290074e-01	1.495626e-01	1.794448e-01	7.585960e-02	7.076329e-02	5.096316e-03	3.283348e-02	-1.494110e-02	1.870609e-02	3.648008e-02	3.694614e-02	-4.660511e-04
1488          	3.294758e-01	1.497654e-01	1.797104e-01	7.717924e-02	7.127610e-02	5.903138e-03	3.268648e-02	-1.497248e-02	1.848154e-02	3.633333e-02	3.664820e-02	-3.148770e-04
1489          	3.297432e-01	1.498792e-01	1.798640e-01	7.840805e-02	7.169095e-02	6.717103e-03	3.248692e-02	-1.499240e-02	1.827093e-02	3.614035e-02	3.634110e-02	-2.007528e-04
1490          	3.298117e-01	1.499020e-01	1.799097e-01	7.962392e-02	7.220258e-02	7.421342e-03	3.239062e-02	-1.500383e-02	1.807421e-02	3.591141e-02	3.602992e-02	-1.185032e-04
1491          	3.297392e-01	1.498522e-01	1.798870e-01	8.080797e-02	7.292145e-02	7.886520e-03	3.251746e-02	-1.501741e-02	1.789901e-02	3.566018e-02	3.572911e-02	-6.892257e-05
1492          	3.296185e-01	1.497760e-01	1.798425e-01	8.183346e-02	7.379076e-02	8.042695e-03	3.287403e-02	-1.503325e-02	1.774079e-02	3.539256e-02	3.543707e-02	-4.450801e-05
1493          	3.295050e-01	1.497045e-01	1.798006e-01	8.259033e-02	7.465478e-02	7.935547e-03	3.335962e-02	-1.504806e-02	1.761299e-02	3.510198e-02	3.516398e-02	-6.199619e-05
1494          	3.294583e-01	1.496843e-01	1.797740e-01	8.310318e-02	7.532593e-02	7.777248e-03	3.377434e-02	-1.504488e-02	1.751648e-02	3.477764e-02	3.490530e-02	-1.276656e-04
1495          	3.294835e-01	1.497274e-01	1.797561e-01	8.359003e-02	7.570061e-02	7.889423e-03	3.390559e-02	-1.501435e-02	1.746593e-02	3.444265e-02	3.468725e-02	-2.446054e-04
1496          	3.295639e-01	1.498243e-01	1.797396e-01	8.433158e-02	7.578008e-02	8.551506e-03	3.361429e-02	-1.495764e-02	1.745984e-02	3.414270e-02	3.453119e-02	-3.884956e-04
1497          	3.296670e-01	1.499395e-01	1.797276e-01	8.554081e-02	7.553786e-02	1.000294e-02	3.276746e-02	-1.489404e-02	1.749939e-02	3.392713e-02	3.446296e-02	-5.358301e-04
1498          	3.297048e-01	1.500185e-01	1.796863e-01	8.738679e-02	7.488092e-02	1.250587e-02	3.118752e-02	-1.483387e-02	1.756472e-02	3.380584e-02	3.446764e-02	-6.618014e-04
1499          	3.296572e-01	1.500606e-01	1.795966e-01	8.961690e-02	7.386585e-02	1.575105e-02	2.905740e-02	-1.476802e-02	1.765139e-02	3.374541e-02	3.452410e-02	-7.786892e-04
1500          	3.296089e-01	1.501109e-01	1.794979e-01	9.181242e-02	7.271884e-02	1.909358e-02	2.681263e-02	-1.469351e-02	1.772021e-02	3.374242e-02	3.459142e-02	-8.489998e-04
