# Solver information
# Time        	U_solver      	Ux_initial    	Ux_final      	Ux_iters      	Uy_initial    	Uy_final      	Uy_iters      	Uz_initial    	Uz_final      	Uz_iters      	U_converged   	p_solver      	p_initial     	p_final       	p_iters       	p_converged   
1             	smoothSolver	2.148350e-02	1.852450e-03	9	2.411220e-01	2.353750e-02	8	1.881900e-01	1.721810e-02	7	false	GAMG	1.000000e+00	9.267130e-03	12	true
2             	smoothSolver	1.378080e-02	1.282680e-03	8	1.456980e-01	1.219730e-02	8	1.020400e-01	8.727150e-03	8	false	GAMG	5.390230e-02	4.252220e-04	9	true
3             	smoothSolver	9.345560e-03	8.736710e-04	8	1.097540e-01	9.312420e-03	8	8.289890e-02	7.504220e-03	8	false	GAMG	3.698700e-02	3.637650e-04	7	true
4             	smoothSolver	7.318410e-03	6.954420e-04	8	8.925590e-02	7.722720e-03	8	7.413180e-02	7.018250e-03	8	false	GAMG	2.961260e-02	2.676140e-04	8	true
5             	smoothSolver	6.129750e-03	6.008150e-04	8	7.740020e-02	6.946790e-03	8	6.920360e-02	6.712080e-03	8	false	GAMG	2.593390e-02	2.549050e-04	8	true
6             	smoothSolver	5.227320e-03	4.172170e-04	9	6.918800e-02	6.485900e-03	8	6.529500e-02	6.480980e-03	8	false	GAMG	2.302700e-02	1.842860e-04	8	true
7             	smoothSolver	4.572860e-03	3.799880e-04	9	6.261510e-02	6.138150e-03	8	6.196160e-02	4.973980e-03	9	false	GAMG	2.107290e-02	1.648710e-04	7	true
8             	smoothSolver	4.102970e-03	3.506960e-04	9	5.683390e-02	4.545370e-03	9	5.519580e-02	4.589900e-03	9	false	GAMG	1.973160e-02	1.830340e-04	6	true
9             	smoothSolver	3.736920e-03	3.274570e-04	9	5.209760e-02	4.300160e-03	9	4.814680e-02	4.098690e-03	9	false	GAMG	1.817860e-02	1.418880e-04	6	true
10            	smoothSolver	3.458770e-03	3.075830e-04	9	4.867670e-02	4.108370e-03	9	4.211810e-02	3.638850e-03	9	false	GAMG	1.730050e-02	1.239580e-04	6	true
11            	smoothSolver	3.246520e-03	2.911050e-04	9	4.595990e-02	3.954960e-03	9	3.705880e-02	3.225770e-03	9	false	GAMG	1.658640e-02	1.428270e-04	6	true
12            	smoothSolver	3.066920e-03	2.785580e-04	9	4.374230e-02	3.830740e-03	9	3.261650e-02	2.873730e-03	9	false	GAMG	1.582220e-02	1.303010e-04	6	true
13            	smoothSolver	2.930480e-03	2.694890e-04	9	4.189720e-02	3.725870e-03	9	2.889880e-02	2.589080e-03	9	false	GAMG	1.528320e-02	1.215060e-04	6	true
14            	smoothSolver	2.808390e-03	2.630930e-04	9	4.028540e-02	3.630890e-03	9	2.599870e-02	2.346290e-03	9	false	GAMG	1.491520e-02	1.133390e-04	6	true
15            	smoothSolver	2.707460e-03	2.576860e-04	9	3.891780e-02	3.548890e-03	9	2.376360e-02	2.172450e-03	9	false	GAMG	1.465240e-02	8.596340e-05	6	true
16            	smoothSolver	2.641640e-03	2.543210e-04	9	3.788740e-02	3.487990e-03	9	2.211710e-02	2.047480e-03	9	false	GAMG	1.443410e-02	9.872270e-05	6	true
17            	smoothSolver	2.602080e-03	2.527940e-04	9	3.720580e-02	3.444560e-03	9	2.076960e-02	1.939120e-03	9	false	GAMG	1.426860e-02	1.118270e-04	6	true
18            	smoothSolver	2.573200e-03	2.515640e-04	9	3.670660e-02	3.402160e-03	9	1.956390e-02	1.830420e-03	9	false	GAMG	1.418780e-02	1.149840e-04	6	true
19            	smoothSolver	2.556330e-03	2.510220e-04	9	3.618750e-02	3.351490e-03	9	1.853640e-02	1.742420e-03	9	false	GAMG	1.405590e-02	1.129290e-04	6	true
20            	smoothSolver	2.551340e-03	2.519060e-04	9	3.555660e-02	3.297350e-03	9	1.764410e-02	1.664500e-03	9	false	GAMG	1.405800e-02	1.382840e-04	5	true
21            	smoothSolver	2.578020e-03	2.541170e-04	9	3.498330e-02	3.254850e-03	9	1.686870e-02	1.595450e-03	9	false	GAMG	1.397280e-02	1.390250e-04	5	true
22            	smoothSolver	2.577700e-03	2.553710e-04	9	3.451830e-02	3.221250e-03	9	1.618060e-02	1.534590e-03	9	false	GAMG	1.409020e-02	1.346700e-04	5	true
23            	smoothSolver	2.598230e-03	2.569570e-04	9	3.419650e-02	3.196270e-03	9	1.560950e-02	1.479090e-03	9	false	GAMG	1.411990e-02	1.345430e-04	5	true
24            	smoothSolver	2.625830e-03	2.582600e-04	9	3.393960e-02	3.179130e-03	9	1.508070e-02	1.428300e-03	9	false	GAMG	1.428250e-02	1.376400e-04	5	true
25            	smoothSolver	2.655980e-03	2.596960e-04	9	3.372030e-02	3.154790e-03	9	1.462760e-02	1.381970e-03	9	false	GAMG	1.455130e-02	1.411180e-04	5	true
26            	smoothSolver	2.683680e-03	2.596130e-04	9	3.355900e-02	3.128540e-03	9	1.423290e-02	1.341920e-03	9	false	GAMG	1.475950e-02	1.421550e-04	5	true
27            	smoothSolver	2.700370e-03	2.580350e-04	9	3.343600e-02	3.102410e-03	9	1.391260e-02	1.307990e-03	9	false	GAMG	1.495250e-02	1.415430e-04	5	true
28            	smoothSolver	2.716330e-03	2.567350e-04	9	3.327700e-02	3.087260e-03	9	1.368840e-02	1.281700e-03	9	false	GAMG	1.513220e-02	1.438000e-04	5	true
29            	smoothSolver	2.732050e-03	2.568420e-04	9	3.306590e-02	3.075110e-03	9	1.359180e-02	1.270890e-03	9	false	GAMG	1.536260e-02	1.464280e-04	5	true
30            	smoothSolver	2.741590e-03	2.573710e-04	9	3.282180e-02	3.061670e-03	9	1.356370e-02	1.269580e-03	9	false	GAMG	1.553840e-02	1.469830e-04	5	true
31            	smoothSolver	2.749190e-03	2.576130e-04	9	3.254380e-02	3.041140e-03	9	1.358890e-02	1.272110e-03	9	false	GAMG	1.557370e-02	1.457170e-04	5	true
32            	smoothSolver	2.746800e-03	2.565960e-04	9	3.220310e-02	3.001410e-03	9	1.364730e-02	1.278460e-03	9	false	GAMG	1.550010e-02	1.453190e-04	5	true
33            	smoothSolver	2.730830e-03	2.549270e-04	9	3.183050e-02	2.958760e-03	9	1.369260e-02	1.284450e-03	9	false	GAMG	1.544960e-02	1.454760e-04	5	true
34            	smoothSolver	2.709820e-03	2.529530e-04	9	3.150800e-02	2.922910e-03	9	1.376610e-02	1.286920e-03	9	false	GAMG	1.541580e-02	1.453890e-04	5	true
35            	smoothSolver	2.687630e-03	2.504960e-04	9	3.126760e-02	2.888950e-03	9	1.384380e-02	1.288020e-03	9	false	GAMG	1.556140e-02	1.451920e-04	5	true
36            	smoothSolver	2.668600e-03	2.472020e-04	9	3.109630e-02	2.854120e-03	9	1.394930e-02	1.287730e-03	9	false	GAMG	1.580020e-02	1.454830e-04	5	true
37            	smoothSolver	2.648760e-03	2.436080e-04	9	3.091650e-02	2.817740e-03	9	1.401470e-02	1.282670e-03	9	false	GAMG	1.612920e-02	1.459870e-04	5	true
38            	smoothSolver	2.621820e-03	2.395570e-04	9	3.057690e-02	2.771460e-03	9	1.407170e-02	1.275570e-03	9	false	GAMG	1.635200e-02	1.451380e-04	5	true
39            	smoothSolver	2.585070e-03	2.350800e-04	9	3.005970e-02	2.711450e-03	9	1.412540e-02	1.270190e-03	9	false	GAMG	1.658250e-02	1.440460e-04	5	true
40            	smoothSolver	2.550920e-03	2.303910e-04	9	2.934790e-02	2.645610e-03	9	1.412450e-02	1.261580e-03	9	false	GAMG	1.670100e-02	1.433550e-04	5	true
41            	smoothSolver	2.505710e-03	2.252760e-04	9	2.853360e-02	2.581300e-03	9	1.405010e-02	1.250430e-03	9	false	GAMG	1.663150e-02	1.417630e-04	5	true
42            	smoothSolver	2.450750e-03	2.198770e-04	9	2.772910e-02	2.521500e-03	9	1.392230e-02	1.240940e-03	9	false	GAMG	1.644630e-02	1.391570e-04	5	true
43            	smoothSolver	2.396890e-03	2.146730e-04	9	2.690190e-02	2.467210e-03	9	1.377870e-02	1.237330e-03	9	false	GAMG	1.605510e-02	1.342910e-04	5	true
44            	smoothSolver	2.343030e-03	2.097570e-04	9	2.605520e-02	2.418030e-03	9	1.362980e-02	1.232770e-03	9	false	GAMG	1.578160e-02	1.299870e-04	5	true
45            	smoothSolver	2.290060e-03	2.055280e-04	9	2.528190e-02	2.369840e-03	9	1.347850e-02	1.220720e-03	9	false	GAMG	1.544530e-02	1.267370e-04	5	true
46            	smoothSolver	2.236000e-03	2.011200e-04	9	2.454550e-02	2.320060e-03	9	1.335520e-02	1.206660e-03	9	false	GAMG	1.514250e-02	1.241470e-04	5	true
47            	smoothSolver	2.173270e-03	1.966160e-04	9	2.389270e-02	2.273440e-03	9	1.314400e-02	1.199680e-03	9	false	GAMG	1.486110e-02	1.231600e-04	5	true
48            	smoothSolver	2.116920e-03	1.932980e-04	9	2.339770e-02	2.234940e-03	9	1.300800e-02	1.197070e-03	9	false	GAMG	1.461260e-02	1.225760e-04	5	true
49            	smoothSolver	2.063880e-03	1.906580e-04	9	2.299030e-02	2.204130e-03	9	1.288760e-02	1.194220e-03	9	false	GAMG	1.452330e-02	1.196220e-04	5	true
50            	smoothSolver	2.024190e-03	1.886650e-04	9	2.276250e-02	2.183360e-03	9	1.278360e-02	1.192150e-03	9	false	GAMG	1.467060e-02	1.173300e-04	5	true
51            	smoothSolver	1.990900e-03	1.873180e-04	9	2.265820e-02	2.171100e-03	9	1.271200e-02	1.188550e-03	9	false	GAMG	1.461370e-02	1.112960e-04	5	true
52            	smoothSolver	1.957510e-03	1.862940e-04	9	2.260330e-02	2.164920e-03	9	1.260340e-02	1.182910e-03	9	false	GAMG	1.466660e-02	1.066320e-04	5	true
53            	smoothSolver	1.930980e-03	1.858170e-04	9	2.262180e-02	2.168140e-03	9	1.250750e-02	1.180030e-03	9	false	GAMG	1.468420e-02	1.057120e-04	5	true
54            	smoothSolver	1.910310e-03	1.854220e-04	9	2.269910e-02	2.178330e-03	9	1.240320e-02	1.179400e-03	9	false	GAMG	1.462900e-02	1.050060e-04	5	true
55            	smoothSolver	1.899380e-03	1.853570e-04	9	2.282720e-02	2.196190e-03	9	1.231320e-02	1.181210e-03	9	false	GAMG	1.458080e-02	1.051220e-04	5	true
56            	smoothSolver	1.896770e-03	1.857900e-04	9	2.299550e-02	2.224980e-03	9	1.225730e-02	1.185360e-03	9	false	GAMG	1.448710e-02	1.065530e-04	5	true
57            	smoothSolver	1.899420e-03	1.870880e-04	9	2.321390e-02	2.265170e-03	9	1.224090e-02	1.190220e-03	9	false	GAMG	1.434460e-02	1.099050e-04	5	true
58            	smoothSolver	1.903710e-03	1.891380e-04	9	2.348140e-02	2.312090e-03	9	1.225890e-02	1.198120e-03	9	false	GAMG	1.419680e-02	1.128970e-04	5	true
59            	smoothSolver	1.908910e-03	1.506190e-04	10	2.375090e-02	2.356590e-03	9	1.230540e-02	1.208730e-03	9	false	GAMG	1.402080e-02	1.138370e-04	5	true
60            	smoothSolver	1.909880e-03	1.519420e-04	10	2.405470e-02	2.396250e-03	9	1.240540e-02	1.222090e-03	9	false	GAMG	1.376410e-02	1.135660e-04	5	true
61            	smoothSolver	1.909950e-03	1.530320e-04	10	2.427710e-02	2.418290e-03	9	1.247830e-02	1.232960e-03	9	false	GAMG	1.352660e-02	1.135410e-04	5	true
62            	smoothSolver	1.905600e-03	1.537120e-04	10	2.441750e-02	2.425870e-03	9	1.253610e-02	1.240160e-03	9	false	GAMG	1.329770e-02	1.128870e-04	5	true
63            	smoothSolver	1.893770e-03	1.536720e-04	10	2.444960e-02	2.431010e-03	9	1.256480e-02	1.244510e-03	9	false	GAMG	1.311860e-02	1.104840e-04	5	true
64            	smoothSolver	1.879460e-03	1.526930e-04	10	2.441490e-02	2.433060e-03	9	1.256100e-02	1.247470e-03	9	false	GAMG	1.293150e-02	1.078300e-04	5	true
65            	smoothSolver	1.860210e-03	1.509220e-04	10	2.430170e-02	1.912750e-03	10	1.251680e-02	1.246530e-03	9	false	GAMG	1.278660e-02	1.070000e-04	5	true
66            	smoothSolver	1.840510e-03	1.488420e-04	10	2.399380e-02	1.894030e-03	10	1.248180e-02	1.241750e-03	9	false	GAMG	1.257580e-02	1.073190e-04	5	true
67            	smoothSolver	1.819490e-03	1.468430e-04	10	2.368860e-02	1.875480e-03	10	1.240620e-02	1.231340e-03	9	false	GAMG	1.237140e-02	1.075700e-04	5	true
68            	smoothSolver	1.799080e-03	1.449230e-04	10	2.335770e-02	1.856910e-03	10	1.230200e-02	1.220470e-03	9	false	GAMG	1.217500e-02	1.070360e-04	5	true
69            	smoothSolver	1.782200e-03	1.431200e-04	10	2.307330e-02	1.845940e-03	10	1.217870e-02	1.213910e-03	9	false	GAMG	1.195830e-02	1.084350e-04	5	true
70            	smoothSolver	1.767280e-03	1.414740e-04	10	2.282580e-02	1.840570e-03	10	1.205340e-02	9.545410e-04	10	false	GAMG	1.179150e-02	1.115320e-04	5	true
71            	smoothSolver	1.751110e-03	1.400010e-04	10	2.261450e-02	1.837570e-03	10	1.189320e-02	9.499160e-04	10	false	GAMG	1.154070e-02	1.103960e-04	5	true
72            	smoothSolver	1.732060e-03	1.384100e-04	10	2.233570e-02	1.824090e-03	10	1.176990e-02	9.448410e-04	10	false	GAMG	1.127360e-02	1.080800e-04	5	true
73            	smoothSolver	1.712000e-03	1.368790e-04	10	2.199520e-02	1.802020e-03	10	1.164420e-02	9.365600e-04	10	false	GAMG	1.103440e-02	1.069750e-04	5	true
74            	smoothSolver	1.691120e-03	1.354620e-04	10	2.165310e-02	1.777590e-03	10	1.150430e-02	9.234210e-04	10	false	GAMG	1.080740e-02	1.074870e-04	5	true
75            	smoothSolver	1.670030e-03	1.342470e-04	10	2.135170e-02	1.753780e-03	10	1.136180e-02	9.057230e-04	10	false	GAMG	1.054130e-02	1.053500e-04	5	true
76            	smoothSolver	1.643900e-03	1.331460e-04	10	2.108260e-02	1.734500e-03	10	1.116420e-02	8.911010e-04	10	false	GAMG	1.036860e-02	5.828650e-05	6	true
77            	smoothSolver	1.619620e-03	1.321690e-04	10	2.091590e-02	1.719380e-03	10	1.101080e-02	8.789170e-04	10	false	GAMG	1.027940e-02	9.775980e-05	5	true
78            	smoothSolver	1.595520e-03	1.311230e-04	10	2.078340e-02	1.698370e-03	10	1.083380e-02	8.595530e-04	10	false	GAMG	1.032070e-02	5.932260e-05	6	true
79            	smoothSolver	1.576820e-03	1.299760e-04	10	2.076620e-02	1.680820e-03	10	1.073280e-02	8.477220e-04	10	false	GAMG	1.054630e-02	9.633490e-05	5	true
80            	smoothSolver	1.558380e-03	1.286440e-04	10	2.070240e-02	1.654590e-03	10	1.055680e-02	1.050010e-03	9	false	GAMG	1.047900e-02	9.911910e-05	5	true
81            	smoothSolver	1.538950e-03	1.271850e-04	10	2.063100e-02	1.629520e-03	10	1.047270e-02	1.038900e-03	9	false	GAMG	1.056380e-02	9.721230e-05	5	true
82            	smoothSolver	1.524380e-03	1.257390e-04	10	2.058470e-02	2.038790e-03	9	1.037740e-02	1.024950e-03	9	false	GAMG	1.064300e-02	9.617790e-05	5	true
83            	smoothSolver	1.513910e-03	1.243670e-04	10	2.066150e-02	2.033530e-03	9	1.026240e-02	1.008610e-03	9	false	GAMG	1.070740e-02	9.843190e-05	5	true
84            	smoothSolver	1.509440e-03	1.234180e-04	10	2.073900e-02	2.031580e-03	9	1.020920e-02	9.980780e-04	9	false	GAMG	1.078310e-02	1.017700e-04	5	true
85            	smoothSolver	1.506670e-03	1.227790e-04	10	2.079520e-02	2.034620e-03	9	1.019750e-02	9.928070e-04	9	false	GAMG	1.089730e-02	1.052320e-04	5	true
86            	smoothSolver	1.504390e-03	1.225250e-04	10	2.084750e-02	2.042530e-03	9	1.018800e-02	9.891150e-04	9	false	GAMG	1.098870e-02	1.079280e-04	5	true
87            	smoothSolver	1.501580e-03	1.226960e-04	10	2.089490e-02	2.057240e-03	9	1.017670e-02	9.886980e-04	9	false	GAMG	1.105300e-02	1.098530e-04	5	true
88            	smoothSolver	1.501200e-03	1.232510e-04	10	2.093010e-02	2.072260e-03	9	1.019370e-02	9.946290e-04	9	false	GAMG	1.105080e-02	1.089950e-04	5	true
89            	smoothSolver	1.503340e-03	1.240410e-04	10	2.094180e-02	2.082740e-03	9	1.022480e-02	1.005240e-03	9	false	GAMG	1.094820e-02	1.079460e-04	5	true
90            	smoothSolver	1.503080e-03	1.247920e-04	10	2.088760e-02	1.650420e-03	10	1.022870e-02	1.017840e-03	9	false	GAMG	1.080760e-02	1.053750e-04	5	true
91            	smoothSolver	1.497080e-03	1.252810e-04	10	2.063710e-02	1.646130e-03	10	1.020760e-02	8.137050e-04	10	false	GAMG	1.059380e-02	1.020720e-04	5	true
92            	smoothSolver	1.486940e-03	1.251940e-04	10	2.044260e-02	1.651820e-03	10	1.009040e-02	8.151780e-04	10	false	GAMG	1.033140e-02	9.775540e-05	5	true
93            	smoothSolver	1.472470e-03	1.244590e-04	10	2.018240e-02	1.652760e-03	10	9.975630e-03	8.140070e-04	10	false	GAMG	1.003710e-02	9.326140e-05	5	true
94            	smoothSolver	1.455150e-03	1.233740e-04	10	1.987720e-02	1.648770e-03	10	9.851040e-03	8.082490e-04	10	false	GAMG	9.779050e-03	8.899180e-05	5	true
95            	smoothSolver	1.435540e-03	1.221180e-04	10	1.956230e-02	1.638950e-03	10	9.718940e-03	7.979260e-04	10	false	GAMG	9.600520e-03	8.562820e-05	5	true
96            	smoothSolver	1.416740e-03	1.208670e-04	10	1.928830e-02	1.628000e-03	10	9.593960e-03	7.888360e-04	10	false	GAMG	9.433080e-03	8.354970e-05	5	true
97            	smoothSolver	1.401290e-03	1.198460e-04	10	1.909940e-02	1.619070e-03	10	9.487260e-03	7.831640e-04	10	false	GAMG	9.313010e-03	8.347640e-05	5	true
98            	smoothSolver	1.387790e-03	1.187270e-04	10	1.900290e-02	1.612980e-03	10	9.405040e-03	7.794410e-04	10	false	GAMG	9.260320e-03	8.499000e-05	5	true
99            	smoothSolver	1.376010e-03	1.175360e-04	10	1.894190e-02	1.608660e-03	10	9.332270e-03	7.752360e-04	10	false	GAMG	9.257760e-03	8.692860e-05	5	true
100           	smoothSolver	1.367520e-03	1.165000e-04	10	1.890920e-02	1.605200e-03	10	9.294170e-03	7.710510e-04	10	false	GAMG	9.269460e-03	8.799600e-05	5	true
101           	smoothSolver	1.361690e-03	1.155500e-04	10	1.889670e-02	1.601820e-03	10	9.289500e-03	7.670470e-04	10	false	GAMG	9.284090e-03	8.992760e-05	5	true
102           	smoothSolver	1.356050e-03	1.145830e-04	10	1.885810e-02	1.597030e-03	10	9.257930e-03	7.603750e-04	10	false	GAMG	9.285070e-03	5.664510e-05	6	true
103           	smoothSolver	1.349740e-03	1.137310e-04	10	1.881020e-02	1.594690e-03	10	9.203250e-03	7.531070e-04	10	false	GAMG	9.294260e-03	8.461000e-05	5	true
104           	smoothSolver	1.339490e-03	1.127290e-04	10	1.861500e-02	1.584340e-03	10	9.080160e-03	7.411020e-04	10	false	GAMG	9.203680e-03	8.922430e-05	5	true
105           	smoothSolver	1.327200e-03	1.119100e-04	10	1.841060e-02	1.579160e-03	10	8.911670e-03	7.320430e-04	10	false	GAMG	9.068860e-03	8.574740e-05	5	true
106           	smoothSolver	1.313870e-03	1.109500e-04	10	1.815520e-02	1.567790e-03	10	8.735590e-03	7.199620e-04	10	false	GAMG	8.912210e-03	8.078650e-05	5	true
107           	smoothSolver	1.299630e-03	1.097670e-04	10	1.791220e-02	1.552310e-03	10	8.555240e-03	7.061190e-04	10	false	GAMG	8.778380e-03	7.693000e-05	5	true
108           	smoothSolver	1.285180e-03	1.085520e-04	10	1.772070e-02	1.535240e-03	10	8.391150e-03	6.922860e-04	10	false	GAMG	8.676560e-03	7.477570e-05	5	true
109           	smoothSolver	1.270340e-03	1.072810e-04	10	1.759670e-02	1.518280e-03	10	8.261100e-03	6.799080e-04	10	false	GAMG	8.652290e-03	7.437800e-05	5	true
110           	smoothSolver	1.256030e-03	1.061130e-04	10	1.753760e-02	1.499570e-03	10	8.170160e-03	6.685800e-04	10	false	GAMG	8.701050e-03	7.516100e-05	5	true
111           	smoothSolver	1.243570e-03	1.050950e-04	10	1.756740e-02	1.481940e-03	10	8.110990e-03	6.583630e-04	10	false	GAMG	8.816240e-03	7.662980e-05	5	true
112           	smoothSolver	1.233910e-03	1.041970e-04	10	1.769770e-02	1.470140e-03	10	8.081360e-03	6.487750e-04	10	false	GAMG	8.896450e-03	7.726920e-05	5	true
113           	smoothSolver	1.226840e-03	1.033830e-04	10	1.787610e-02	1.462870e-03	10	8.063220e-03	6.407040e-04	10	false	GAMG	8.986960e-03	7.784160e-05	5	true
114           	smoothSolver	1.224230e-03	1.027910e-04	10	1.801520e-02	1.457960e-03	10	8.059990e-03	8.046510e-04	9	false	GAMG	9.036000e-03	7.860970e-05	5	true
115           	smoothSolver	1.224240e-03	1.022850e-04	10	1.806630e-02	1.451210e-03	10	8.113650e-03	8.068150e-04	9	false	GAMG	9.038740e-03	8.005520e-05	5	true
116           	smoothSolver	1.226640e-03	1.020230e-04	10	1.806910e-02	1.443750e-03	10	8.151020e-03	8.100400e-04	9	false	GAMG	9.010280e-03	8.029310e-05	5	true
117           	smoothSolver	1.230720e-03	1.018520e-04	10	1.803260e-02	1.436670e-03	10	8.174880e-03	8.146160e-04	9	false	GAMG	8.997370e-03	8.128120e-05	5	true
118           	smoothSolver	1.235420e-03	1.017080e-04	10	1.793230e-02	1.432300e-03	10	8.196500e-03	6.482930e-04	10	false	GAMG	9.027670e-03	8.111710e-05	5	true
119           	smoothSolver	1.237990e-03	1.017980e-04	10	1.784990e-02	1.436340e-03	10	8.175000e-03	6.488710e-04	10	false	GAMG	9.078580e-03	8.024670e-05	5	true
120           	smoothSolver	1.235860e-03	1.019850e-04	10	1.770890e-02	1.441230e-03	10	8.159920e-03	6.504920e-04	10	false	GAMG	9.078760e-03	7.975550e-05	5	true
121           	smoothSolver	1.230500e-03	1.023820e-04	10	1.750540e-02	1.444810e-03	10	8.116070e-03	6.516500e-04	10	false	GAMG	9.009330e-03	7.952530e-05	5	true
122           	smoothSolver	1.225110e-03	1.028530e-04	10	1.728650e-02	1.444370e-03	10	8.067390e-03	6.527750e-04	10	false	GAMG	8.887760e-03	7.923450e-05	5	true
123           	smoothSolver	1.220780e-03	1.032320e-04	10	1.707880e-02	1.439370e-03	10	8.037440e-03	6.554450e-04	10	false	GAMG	8.708600e-03	7.793130e-05	5	true
124           	smoothSolver	1.215890e-03	1.034260e-04	10	1.689100e-02	1.432890e-03	10	8.024660e-03	6.607640e-04	10	false	GAMG	8.537910e-03	7.653730e-05	5	true
125           	smoothSolver	1.209720e-03	1.034820e-04	10	1.675600e-02	1.427360e-03	10	8.022600e-03	6.665380e-04	10	false	GAMG	8.417160e-03	7.536560e-05	5	true
126           	smoothSolver	1.201050e-03	1.034540e-04	10	1.668680e-02	1.426670e-03	10	8.021060e-03	6.714220e-04	10	false	GAMG	8.335610e-03	7.424070e-05	5	true
127           	smoothSolver	1.191130e-03	1.031400e-04	10	1.665120e-02	1.428710e-03	10	7.996310e-03	6.718550e-04	10	false	GAMG	8.275190e-03	7.297980e-05	5	true
128           	smoothSolver	1.182130e-03	1.024960e-04	10	1.664500e-02	1.429270e-03	10	7.939680e-03	6.687780e-04	10	false	GAMG	8.233490e-03	7.193210e-05	5	true
129           	smoothSolver	1.175770e-03	1.016170e-04	10	1.664900e-02	1.426260e-03	10	7.885170e-03	6.665370e-04	10	false	GAMG	8.229280e-03	7.244910e-05	5	true
130           	smoothSolver	1.171940e-03	1.007780e-04	10	1.665180e-02	1.421500e-03	10	7.848790e-03	6.663510e-04	10	false	GAMG	8.233130e-03	7.198030e-05	5	true
131           	smoothSolver	1.168460e-03	1.001070e-04	10	1.664100e-02	1.416860e-03	10	7.818940e-03	6.652540e-04	10	false	GAMG	8.218010e-03	7.024890e-05	5	true
132           	smoothSolver	1.164220e-03	9.967960e-05	10	1.659550e-02	1.412540e-03	10	7.782320e-03	6.604300e-04	10	false	GAMG	8.206040e-03	6.917530e-05	5	true
133           	smoothSolver	1.159580e-03	9.921320e-05	10	1.650670e-02	1.406800e-03	10	7.735670e-03	6.527870e-04	10	false	GAMG	8.231310e-03	6.984780e-05	5	true
134           	smoothSolver	1.154050e-03	9.846910e-05	10	1.639520e-02	1.400610e-03	10	7.685120e-03	6.453720e-04	10	false	GAMG	8.305970e-03	7.169870e-05	5	true
135           	smoothSolver	1.146230e-03	9.751660e-05	10	1.629100e-02	1.396060e-03	10	7.630060e-03	6.381700e-04	10	false	GAMG	8.393280e-03	7.166950e-05	5	true
136           	smoothSolver	1.135510e-03	9.660150e-05	10	1.621530e-02	1.394010e-03	10	7.555250e-03	6.304310e-04	10	false	GAMG	8.482570e-03	6.991760e-05	5	true
137           	smoothSolver	1.123580e-03	9.584730e-05	10	1.618860e-02	1.393600e-03	10	7.466080e-03	6.216630e-04	10	false	GAMG	8.572880e-03	6.912410e-05	5	true
138           	smoothSolver	1.112280e-03	9.523900e-05	10	1.621510e-02	1.393180e-03	10	7.370840e-03	6.122030e-04	10	false	GAMG	8.644420e-03	6.872570e-05	5	true
139           	smoothSolver	1.100770e-03	9.461070e-05	10	1.631240e-02	1.393060e-03	10	7.277620e-03	6.031260e-04	10	false	GAMG	8.709070e-03	6.958010e-05	5	true
140           	smoothSolver	1.090870e-03	9.383160e-05	10	1.646450e-02	1.396470e-03	10	7.210790e-03	5.957850e-04	10	false	GAMG	8.718480e-03	7.053400e-05	5	true
141           	smoothSolver	1.081550e-03	9.296570e-05	10	1.662290e-02	1.406240e-03	10	7.149190e-03	5.904970e-04	10	false	GAMG	8.661870e-03	7.164290e-05	5	true
142           	smoothSolver	1.075100e-03	9.218500e-05	10	1.676300e-02	1.421450e-03	10	7.096880e-03	5.859780e-04	10	false	GAMG	8.522740e-03	7.236260e-05	5	true
143           	smoothSolver	1.070110e-03	9.155060e-05	10	1.691200e-02	1.438110e-03	10	7.029010e-03	5.815430e-04	10	false	GAMG	8.347450e-03	7.255540e-05	5	true
144           	smoothSolver	1.065460e-03	9.103000e-05	10	1.700960e-02	1.451390e-03	10	6.953870e-03	5.774070e-04	10	false	GAMG	8.133530e-03	7.229340e-05	5	true
145           	smoothSolver	1.061870e-03	9.071130e-05	10	1.706290e-02	1.458920e-03	10	6.881700e-03	5.729480e-04	10	false	GAMG	7.943840e-03	7.176520e-05	5	true
146           	smoothSolver	1.058490e-03	9.065570e-05	10	1.708940e-02	1.460170e-03	10	6.821620e-03	5.692470e-04	10	false	GAMG	7.805650e-03	7.012450e-05	5	true
147           	smoothSolver	1.056250e-03	9.079550e-05	10	1.710050e-02	1.459430e-03	10	6.769400e-03	5.668290e-04	10	false	GAMG	7.718360e-03	6.900080e-05	5	true
148           	smoothSolver	1.055460e-03	9.106650e-05	10	1.711180e-02	1.458230e-03	10	6.727050e-03	5.652870e-04	10	false	GAMG	7.694760e-03	6.911350e-05	5	true
149           	smoothSolver	1.055680e-03	9.137400e-05	10	1.712430e-02	1.457140e-03	10	6.694930e-03	5.640400e-04	10	false	GAMG	7.702450e-03	7.040700e-05	5	true
150           	smoothSolver	1.056000e-03	9.160180e-05	10	1.709210e-02	1.455170e-03	10	6.660360e-03	5.625390e-04	10	false	GAMG	7.706800e-03	7.257370e-05	5	true
151           	smoothSolver	1.055390e-03	9.179820e-05	10	1.698130e-02	1.452300e-03	10	6.619990e-03	5.594200e-04	10	false	GAMG	7.696440e-03	7.430160e-05	5	true
152           	smoothSolver	1.055060e-03	9.187610e-05	10	1.678040e-02	1.444990e-03	10	6.573190e-03	5.549220e-04	10	false	GAMG	7.682820e-03	7.425040e-05	5	true
153           	smoothSolver	1.054650e-03	9.184610e-05	10	1.653040e-02	1.434330e-03	10	6.521480e-03	5.500440e-04	10	false	GAMG	7.689980e-03	7.362260e-05	5	true
154           	smoothSolver	1.053380e-03	9.179610e-05	10	1.630190e-02	1.422190e-03	10	6.466100e-03	5.464210e-04	10	false	GAMG	7.686890e-03	7.163330e-05	5	true
155           	smoothSolver	1.050530e-03	9.168560e-05	10	1.610810e-02	1.410630e-03	10	6.397220e-03	5.424520e-04	10	false	GAMG	7.678690e-03	6.961450e-05	5	true
156           	smoothSolver	1.047530e-03	9.135420e-05	10	1.592520e-02	1.399470e-03	10	6.327980e-03	5.382980e-04	10	false	GAMG	7.647800e-03	6.815700e-05	5	true
157           	smoothSolver	1.045380e-03	9.096610e-05	10	1.575830e-02	1.389370e-03	10	6.278470e-03	5.354020e-04	10	false	GAMG	7.616450e-03	6.870770e-05	5	true
158           	smoothSolver	1.044910e-03	9.077620e-05	10	1.564830e-02	1.383730e-03	10	6.252750e-03	5.338990e-04	10	false	GAMG	7.584760e-03	7.152230e-05	5	true
159           	smoothSolver	1.046020e-03	9.075830e-05	10	1.562350e-02	1.383270e-03	10	6.254220e-03	5.337060e-04	10	false	GAMG	7.575650e-03	7.404130e-05	5	true
160           	smoothSolver	1.045310e-03	9.075970e-05	10	1.563900e-02	1.383100e-03	10	6.269410e-03	5.332870e-04	10	false	GAMG	7.552600e-03	7.193670e-05	5	true
161           	smoothSolver	1.043800e-03	9.062170e-05	10	1.567650e-02	1.381140e-03	10	6.282080e-03	5.311210e-04	10	false	GAMG	7.517290e-03	6.782210e-05	5	true
162           	smoothSolver	1.041770e-03	9.027810e-05	10	1.571030e-02	1.377500e-03	10	6.280320e-03	5.281220e-04	10	false	GAMG	7.483810e-03	6.358280e-05	5	true
163           	smoothSolver	1.038520e-03	8.964850e-05	10	1.572570e-02	1.374100e-03	10	6.265440e-03	5.255450e-04	10	false	GAMG	7.447010e-03	6.108400e-05	5	true
164           	smoothSolver	1.033290e-03	8.878010e-05	10	1.571170e-02	1.371080e-03	10	6.232520e-03	5.227240e-04	10	false	GAMG	7.414120e-03	6.143260e-05	5	true
165           	smoothSolver	1.027520e-03	8.776040e-05	10	1.566790e-02	1.367350e-03	10	6.194850e-03	5.183170e-04	10	false	GAMG	7.423910e-03	6.526390e-05	5	true
166           	smoothSolver	1.022470e-03	8.681520e-05	10	1.560360e-02	1.362880e-03	10	6.158220e-03	5.125350e-04	10	false	GAMG	7.468920e-03	6.707760e-05	5	true
167           	smoothSolver	1.016950e-03	8.612810e-05	10	1.555980e-02	1.358630e-03	10	6.120880e-03	5.076280e-04	10	false	GAMG	7.518370e-03	6.530800e-05	5	true
168           	smoothSolver	1.011360e-03	8.577840e-05	10	1.550880e-02	1.353210e-03	10	6.084960e-03	5.044020e-04	10	false	GAMG	7.579470e-03	6.329720e-05	5	true
169           	smoothSolver	1.004210e-03	8.555450e-05	10	1.541110e-02	1.344040e-03	10	6.036180e-03	4.999910e-04	10	false	GAMG	7.644000e-03	6.102460e-05	5	true
170           	smoothSolver	9.963130e-04	8.529530e-05	10	1.525410e-02	1.329650e-03	10	5.971910e-03	4.929050e-04	10	false	GAMG	7.696170e-03	5.961260e-05	5	true
171           	smoothSolver	9.890690e-04	8.511690e-05	10	1.506620e-02	1.312780e-03	10	5.907690e-03	4.855850e-04	10	false	GAMG	7.758890e-03	6.012780e-05	5	true
172           	smoothSolver	9.830580e-04	8.501360e-05	10	1.491630e-02	1.299690e-03	10	5.859880e-03	4.804420e-04	10	false	GAMG	7.814330e-03	6.183020e-05	5	true
173           	smoothSolver	9.781450e-04	8.486760e-05	10	1.482850e-02	1.293450e-03	10	5.820560e-03	4.768550e-04	10	false	GAMG	7.830660e-03	6.315180e-05	5	true
174           	smoothSolver	9.728900e-04	8.459180e-05	10	1.476710e-02	1.291310e-03	10	5.761320e-03	4.723250e-04	10	false	GAMG	7.808790e-03	6.443470e-05	5	true
175           	smoothSolver	9.686050e-04	8.417850e-05	10	1.469500e-02	1.288840e-03	10	5.687130e-03	4.663030e-04	10	false	GAMG	7.761090e-03	6.643050e-05	5	true
176           	smoothSolver	9.644350e-04	8.377200e-05	10	1.460250e-02	1.283240e-03	10	5.618850e-03	4.609320e-04	10	false	GAMG	7.679660e-03	6.678450e-05	5	true
177           	smoothSolver	9.608350e-04	8.357740e-05	10	1.450680e-02	1.275250e-03	10	5.572110e-03	4.583590e-04	10	false	GAMG	7.575700e-03	6.432320e-05	5	true
178           	smoothSolver	9.566420e-04	8.357100e-05	10	1.440630e-02	1.266200e-03	10	5.529670e-03	4.568960e-04	10	false	GAMG	7.469170e-03	6.184590e-05	5	true
179           	smoothSolver	9.505640e-04	8.354260e-05	10	1.429790e-02	1.256140e-03	10	5.489220e-03	4.555640e-04	10	false	GAMG	7.365570e-03	6.326670e-05	5	true
180           	smoothSolver	9.432020e-04	8.327960e-05	10	1.418390e-02	1.247200e-03	10	5.448460e-03	4.539640e-04	10	false	GAMG	7.231440e-03	6.990510e-05	5	true
181           	smoothSolver	9.354760e-04	8.286550e-05	10	1.406640e-02	1.239470e-03	10	5.406130e-03	4.521330e-04	10	false	GAMG	7.095530e-03	4.947070e-05	6	true
182           	smoothSolver	9.293720e-04	8.246200e-05	10	1.395540e-02	1.231180e-03	10	5.357920e-03	4.504620e-04	10	false	GAMG	6.974240e-03	6.495200e-05	5	true
183           	smoothSolver	9.207370e-04	8.211810e-05	10	1.379660e-02	1.222280e-03	10	5.314180e-03	4.483400e-04	10	false	GAMG	6.855660e-03	6.731580e-05	5	true
184           	smoothSolver	9.159800e-04	8.178610e-05	10	1.367860e-02	1.213870e-03	10	5.286240e-03	4.470090e-04	10	false	GAMG	6.805360e-03	6.342310e-05	5	true
185           	smoothSolver	9.114200e-04	8.140770e-05	10	1.354820e-02	1.202740e-03	10	5.263280e-03	4.448980e-04	10	false	GAMG	6.819490e-03	6.071380e-05	5	true
186           	smoothSolver	9.076930e-04	8.099170e-05	10	1.342440e-02	1.189400e-03	10	5.254110e-03	4.433420e-04	10	false	GAMG	6.851970e-03	5.968460e-05	5	true
187           	smoothSolver	9.056010e-04	8.060830e-05	10	1.333270e-02	1.177100e-03	10	5.260960e-03	4.424820e-04	10	false	GAMG	6.908790e-03	6.069710e-05	5	true
188           	smoothSolver	9.040550e-04	8.034800e-05	10	1.329340e-02	1.170040e-03	10	5.283410e-03	4.424560e-04	10	false	GAMG	6.950130e-03	6.343640e-05	5	true
189           	smoothSolver	9.035440e-04	8.019230e-05	10	1.331600e-02	1.169300e-03	10	5.310570e-03	4.437590e-04	10	false	GAMG	6.978450e-03	6.696260e-05	5	true
190           	smoothSolver	9.036990e-04	7.996390e-05	10	1.336480e-02	1.168840e-03	10	5.334970e-03	4.452340e-04	10	false	GAMG	7.006510e-03	4.919670e-05	6	true
191           	smoothSolver	9.050280e-04	7.972070e-05	10	1.341270e-02	1.165740e-03	10	5.354050e-03	4.453790e-04	10	false	GAMG	7.067010e-03	6.687980e-05	5	true
192           	smoothSolver	9.041100e-04	7.955270e-05	10	1.347870e-02	1.158640e-03	10	5.359860e-03	4.429620e-04	10	false	GAMG	7.129840e-03	4.849380e-05	6	true
193           	smoothSolver	9.010970e-04	7.940110e-05	10	1.352900e-02	1.151280e-03	10	5.375160e-03	4.406750e-04	10	false	GAMG	7.229130e-03	6.711740e-05	5	true
194           	smoothSolver	8.978670e-04	7.914930e-05	10	1.361830e-02	1.145460e-03	10	5.379520e-03	4.368590e-04	10	false	GAMG	7.329250e-03	6.806090e-05	5	true
195           	smoothSolver	8.944490e-04	7.864470e-05	10	1.366970e-02	1.142110e-03	10	5.358780e-03	4.325460e-04	10	false	GAMG	7.410050e-03	6.835640e-05	5	true
196           	smoothSolver	8.882730e-04	7.796750e-05	10	1.369200e-02	1.138900e-03	10	5.324370e-03	4.278140e-04	10	false	GAMG	7.492360e-03	7.333360e-05	5	true
197           	smoothSolver	8.829990e-04	7.726430e-05	10	1.367860e-02	1.137300e-03	10	5.274530e-03	4.235010e-04	10	false	GAMG	7.571430e-03	5.374450e-05	6	true
198           	smoothSolver	8.826030e-04	7.675300e-05	10	1.362700e-02	1.138540e-03	10	5.218010e-03	4.201240e-04	10	false	GAMG	7.635920e-03	7.048750e-05	5	true
199           	smoothSolver	8.759330e-04	7.633260e-05	10	1.358270e-02	1.140000e-03	10	5.159880e-03	4.154420e-04	10	false	GAMG	7.627770e-03	7.043390e-05	5	true
200           	smoothSolver	8.737210e-04	7.571790e-05	10	1.350770e-02	1.138060e-03	10	5.104390e-03	4.107750e-04	10	false	GAMG	7.554240e-03	6.785660e-05	5	true
201           	smoothSolver	8.720260e-04	7.494670e-05	10	1.343060e-02	1.131240e-03	10	5.046010e-03	4.052920e-04	10	false	GAMG	7.439490e-03	6.593150e-05	5	true
202           	smoothSolver	8.702890e-04	7.435400e-05	10	1.337560e-02	1.122950e-03	10	4.999240e-03	4.001300e-04	10	false	GAMG	7.317800e-03	6.230570e-05	5	true
203           	smoothSolver	8.683960e-04	7.399060e-05	10	1.336290e-02	1.114860e-03	10	4.977890e-03	3.966340e-04	10	false	GAMG	7.196350e-03	5.894110e-05	5	true
204           	smoothSolver	8.653950e-04	7.366310e-05	10	1.339350e-02	1.108870e-03	10	4.973450e-03	3.939570e-04	10	false	GAMG	7.111950e-03	5.913980e-05	5	true
205           	smoothSolver	8.609180e-04	7.333540e-05	10	1.343370e-02	1.105150e-03	10	4.976230e-03	4.939330e-04	9	false	GAMG	7.072100e-03	6.044230e-05	5	true
206           	smoothSolver	8.551770e-04	7.297750e-05	10	1.344710e-02	1.101780e-03	10	5.004740e-03	4.943120e-04	9	false	GAMG	7.072260e-03	6.056560e-05	5	true
207           	smoothSolver	8.499130e-04	7.270290e-05	10	1.345160e-02	1.098950e-03	10	5.009670e-03	4.935340e-04	9	false	GAMG	7.076610e-03	6.180030e-05	5	true
208           	smoothSolver	8.454660e-04	7.258590e-05	10	1.343360e-02	1.097280e-03	10	5.002510e-03	4.933810e-04	9	false	GAMG	7.069010e-03	6.465060e-05	5	true
209           	smoothSolver	8.418980e-04	7.254750e-05	10	1.340180e-02	1.096290e-03	10	4.991580e-03	4.953310e-04	9	false	GAMG	7.039510e-03	6.705370e-05	5	true
210           	smoothSolver	8.381510e-04	7.232110e-05	10	1.333710e-02	1.095950e-03	10	4.980120e-03	3.950070e-04	10	false	GAMG	7.002070e-03	6.523700e-05	5	true
211           	smoothSolver	8.341370e-04	7.191510e-05	10	1.325810e-02	1.096820e-03	10	4.925030e-03	3.933400e-04	10	false	GAMG	6.944630e-03	6.306740e-05	5	true
212           	smoothSolver	8.293650e-04	7.130600e-05	10	1.314970e-02	1.095920e-03	10	4.871780e-03	3.916160e-04	10	false	GAMG	6.889970e-03	6.310890e-05	5	true
213           	smoothSolver	8.241480e-04	7.081230e-05	10	1.302360e-02	1.093000e-03	10	4.828030e-03	3.903560e-04	10	false	GAMG	6.815840e-03	6.397340e-05	5	true
214           	smoothSolver	8.194440e-04	7.056320e-05	10	1.290360e-02	1.091230e-03	10	4.800100e-03	3.907790e-04	10	false	GAMG	6.739840e-03	6.374090e-05	5	true
215           	smoothSolver	8.145300e-04	7.044770e-05	10	1.278850e-02	1.089930e-03	10	4.781780e-03	3.923090e-04	10	false	GAMG	6.659210e-03	6.253970e-05	5	true
216           	smoothSolver	8.088270e-04	7.025950e-05	10	1.266200e-02	1.084590e-03	10	4.757100e-03	3.919540e-04	10	false	GAMG	6.571200e-03	5.894020e-05	5	true
217           	smoothSolver	8.034190e-04	6.969050e-05	10	1.252990e-02	1.072130e-03	10	4.725690e-03	3.881040e-04	10	false	GAMG	6.486680e-03	5.595300e-05	5	true
218           	smoothSolver	7.981530e-04	6.907850e-05	10	1.242850e-02	1.055180e-03	10	4.700840e-03	3.839570e-04	10	false	GAMG	6.420790e-03	5.943180e-05	5	true
219           	smoothSolver	7.942250e-04	6.878730e-05	10	1.239990e-02	1.040850e-03	10	4.700760e-03	3.823400e-04	10	false	GAMG	6.382970e-03	6.344380e-05	5	true
220           	smoothSolver	7.903130e-04	6.873140e-05	10	1.241140e-02	1.032810e-03	10	4.714940e-03	3.828740e-04	10	false	GAMG	6.389050e-03	4.250030e-05	6	true
221           	smoothSolver	7.893880e-04	6.868850e-05	10	1.241530e-02	1.028590e-03	10	4.724850e-03	3.826230e-04	10	false	GAMG	6.413230e-03	4.348070e-05	6	true
222           	smoothSolver	7.867830e-04	6.845170e-05	10	1.240370e-02	1.022300e-03	10	4.706630e-03	3.794020e-04	10	false	GAMG	6.427760e-03	4.429720e-05	6	true
223           	smoothSolver	7.848500e-04	6.809900e-05	10	1.236520e-02	1.014010e-03	10	4.671430e-03	3.747930e-04	10	false	GAMG	6.444190e-03	6.443060e-05	5	true
224           	smoothSolver	7.861290e-04	6.792860e-05	10	1.232490e-02	1.008720e-03	10	4.641900e-03	3.726560e-04	10	false	GAMG	6.473260e-03	4.610390e-05	6	true
225           	smoothSolver	7.870550e-04	6.776690e-05	10	1.223470e-02	1.006520e-03	10	4.621730e-03	3.729090e-04	10	false	GAMG	6.493320e-03	5.846840e-05	5	true
226           	smoothSolver	7.847840e-04	6.746930e-05	10	1.214860e-02	1.004030e-03	10	4.583200e-03	3.712520e-04	10	false	GAMG	6.501360e-03	5.915720e-05	5	true
227           	smoothSolver	7.818440e-04	6.682070e-05	10	1.205520e-02	1.002030e-03	10	4.547020e-03	3.669710e-04	10	false	GAMG	6.482810e-03	6.223880e-05	5	true
228           	smoothSolver	7.772280e-04	6.589150e-05	10	1.196450e-02	9.984770e-04	10	4.504430e-03	3.618150e-04	10	false	GAMG	6.446270e-03	6.278260e-05	5	true
229           	smoothSolver	7.718580e-04	6.521200e-05	10	1.187310e-02	9.935300e-04	10	4.479810e-03	3.595410e-04	10	false	GAMG	6.375530e-03	6.079120e-05	5	true
230           	smoothSolver	7.670210e-04	6.499070e-05	10	1.180160e-02	9.891120e-04	10	4.480650e-03	3.607740e-04	10	false	GAMG	6.328690e-03	5.863790e-05	5	true
231           	smoothSolver	7.626300e-04	6.497740e-05	10	1.177070e-02	9.840780e-04	10	4.492470e-03	3.626860e-04	10	false	GAMG	6.288840e-03	5.805950e-05	5	true
232           	smoothSolver	7.570740e-04	6.479050e-05	10	1.175710e-02	9.757430e-04	10	4.493600e-03	3.623740e-04	10	false	GAMG	6.316780e-03	5.822390e-05	5	true
233           	smoothSolver	7.507270e-04	6.431140e-05	10	1.175770e-02	9.639840e-04	10	4.487970e-03	3.593680e-04	10	false	GAMG	6.391080e-03	5.922830e-05	5	true
234           	smoothSolver	7.460900e-04	6.383470e-05	10	1.179590e-02	9.522440e-04	10	4.496440e-03	3.571920e-04	10	false	GAMG	6.496850e-03	6.135970e-05	5	true
235           	smoothSolver	7.428160e-04	6.347160e-05	10	1.185130e-02	9.437310e-04	10	4.518640e-03	4.503670e-04	9	false	GAMG	6.623670e-03	6.347750e-05	5	true
236           	smoothSolver	7.401860e-04	6.316240e-05	10	1.188450e-02	1.181740e-03	9	4.563620e-03	4.531840e-04	9	false	GAMG	6.757250e-03	6.628700e-05	5	true
237           	smoothSolver	7.387450e-04	6.280180e-05	10	1.198540e-02	1.186040e-03	9	4.582970e-03	4.508460e-04	9	false	GAMG	6.899510e-03	4.819820e-05	6	true
238           	smoothSolver	7.412200e-04	6.233310e-05	10	1.201020e-02	1.188500e-03	9	4.585990e-03	4.468750e-04	9	false	GAMG	7.008660e-03	4.850510e-05	6	true
239           	smoothSolver	7.432710e-04	6.205540e-05	10	1.202580e-02	1.192920e-03	9	4.587730e-03	4.448430e-04	9	false	GAMG	7.079530e-03	5.031870e-05	6	true
240           	smoothSolver	7.462860e-04	6.206640e-05	10	1.201990e-02	1.200830e-03	9	4.585260e-03	4.462290e-04	9	false	GAMG	7.106900e-03	7.029330e-05	5	true
241           	smoothSolver	7.511470e-04	6.216300e-05	10	1.206010e-02	9.621060e-04	10	4.570830e-03	4.479450e-04	9	false	GAMG	7.119250e-03	4.928370e-05	6	true
242           	smoothSolver	7.512270e-04	6.220680e-05	10	1.195110e-02	9.629400e-04	10	4.553320e-03	4.499250e-04	9	false	GAMG	7.057640e-03	6.459040e-05	5	true
243           	smoothSolver	7.493040e-04	6.196860e-05	10	1.191090e-02	9.648350e-04	10	4.518690e-03	4.497090e-04	9	false	GAMG	6.983470e-03	6.737250e-05	5	true
244           	smoothSolver	7.437050e-04	6.160320e-05	10	1.184790e-02	9.685700e-04	10	4.490560e-03	3.577530e-04	10	false	GAMG	6.875760e-03	6.564840e-05	5	true
245           	smoothSolver	7.378600e-04	6.151110e-05	10	1.180400e-02	9.759900e-04	10	4.448480e-03	3.584040e-04	10	false	GAMG	6.729230e-03	6.355290e-05	5	true
246           	smoothSolver	7.308040e-04	6.146960e-05	10	1.176060e-02	9.851470e-04	10	4.423130e-03	3.603290e-04	10	false	GAMG	6.540950e-03	5.954450e-05	5	true
247           	smoothSolver	7.230540e-04	6.123470e-05	10	1.170160e-02	9.896340e-04	10	4.390470e-03	3.602150e-04	10	false	GAMG	6.311840e-03	5.328030e-05	5	true
248           	smoothSolver	7.155800e-04	6.058920e-05	10	1.163940e-02	9.884140e-04	10	4.347420e-03	3.574060e-04	10	false	GAMG	6.072300e-03	5.014530e-05	5	true
249           	smoothSolver	7.078210e-04	5.987850e-05	10	1.159230e-02	9.844100e-04	10	4.309670e-03	3.538460e-04	10	false	GAMG	5.910820e-03	5.075330e-05	5	true
250           	smoothSolver	7.014540e-04	5.950680e-05	10	1.159340e-02	9.825290e-04	10	4.290030e-03	3.520050e-04	10	false	GAMG	5.823660e-03	5.312490e-05	5	true
251           	smoothSolver	6.970940e-04	5.937150e-05	10	1.164450e-02	9.873440e-04	10	4.292070e-03	3.523970e-04	10	false	GAMG	5.804760e-03	5.614130e-05	5	true
252           	smoothSolver	6.946800e-04	5.922880e-05	10	1.171480e-02	9.945860e-04	10	4.302960e-03	3.529500e-04	10	false	GAMG	5.834560e-03	4.205300e-05	6	true
253           	smoothSolver	6.957010e-04	5.897950e-05	10	1.176840e-02	9.975770e-04	10	4.307860e-03	3.520590e-04	10	false	GAMG	5.953190e-03	4.252920e-05	6	true
254           	smoothSolver	6.979160e-04	5.881330e-05	10	1.184380e-02	9.943700e-04	10	4.312540e-03	3.501570e-04	10	false	GAMG	6.120070e-03	4.546040e-05	6	true
255           	smoothSolver	7.018610e-04	5.899020e-05	10	1.191770e-02	9.901730e-04	10	4.332020e-03	3.492890e-04	10	false	GAMG	6.327550e-03	4.737250e-05	6	true
256           	smoothSolver	7.055520e-04	5.929840e-05	10	1.197510e-02	9.854780e-04	10	4.349790e-03	3.495000e-04	10	false	GAMG	6.530950e-03	6.412740e-05	5	true
257           	smoothSolver	7.081030e-04	5.949960e-05	10	1.203290e-02	9.797500e-04	10	4.367700e-03	3.495530e-04	10	false	GAMG	6.708720e-03	6.416410e-05	5	true
258           	smoothSolver	7.068310e-04	5.934660e-05	10	1.202730e-02	9.740880e-04	10	4.372090e-03	3.480560e-04	10	false	GAMG	6.832600e-03	6.260290e-05	5	true
259           	smoothSolver	7.031730e-04	5.880560e-05	10	1.200390e-02	9.672540e-04	10	4.367880e-03	3.457960e-04	10	false	GAMG	6.917570e-03	6.459370e-05	5	true
260           	smoothSolver	7.001860e-04	5.836590e-05	10	1.194350e-02	9.602030e-04	10	4.363840e-03	3.460330e-04	10	false	GAMG	6.999840e-03	6.736250e-05	5	true
261           	smoothSolver	6.965470e-04	5.821880e-05	10	1.183150e-02	9.547230e-04	10	4.362090e-03	3.486400e-04	10	false	GAMG	7.047330e-03	6.860460e-05	5	true
262           	smoothSolver	6.917480e-04	5.811370e-05	10	1.167500e-02	9.509800e-04	10	4.348650e-03	3.509630e-04	10	false	GAMG	7.038900e-03	6.958770e-05	5	true
263           	smoothSolver	6.852820e-04	5.784990e-05	10	1.148720e-02	9.467810e-04	10	4.316340e-03	3.507510e-04	10	false	GAMG	6.983790e-03	6.871140e-05	5	true
264           	smoothSolver	6.786810e-04	5.733080e-05	10	1.131490e-02	9.417740e-04	10	4.266870e-03	3.484850e-04	10	false	GAMG	6.868530e-03	6.764610e-05	5	true
265           	smoothSolver	6.743020e-04	5.687950e-05	10	1.117770e-02	9.366480e-04	10	4.233460e-03	3.473390e-04	10	false	GAMG	6.704920e-03	6.548530e-05	5	true
266           	smoothSolver	6.712130e-04	5.665900e-05	10	1.108950e-02	9.333690e-04	10	4.221500e-03	3.490650e-04	10	false	GAMG	6.506190e-03	6.413230e-05	5	true
267           	smoothSolver	6.695390e-04	5.670950e-05	10	1.103980e-02	9.319390e-04	10	4.222450e-03	3.518020e-04	10	false	GAMG	6.303220e-03	6.144880e-05	5	true
268           	smoothSolver	6.689310e-04	5.686820e-05	10	1.102040e-02	9.304380e-04	10	4.227580e-03	3.530010e-04	10	false	GAMG	6.105680e-03	5.904510e-05	5	true
269           	smoothSolver	6.687490e-04	5.682900e-05	10	1.104060e-02	9.260740e-04	10	4.236650e-03	3.514850e-04	10	false	GAMG	5.944010e-03	5.616010e-05	5	true
270           	smoothSolver	6.683870e-04	5.671010e-05	10	1.107520e-02	9.208490e-04	10	4.245470e-03	3.499690e-04	10	false	GAMG	5.841050e-03	5.586620e-05	5	true
271           	smoothSolver	6.682500e-04	5.668900e-05	10	1.113130e-02	9.185250e-04	10	4.265790e-03	3.499220e-04	10	false	GAMG	5.829670e-03	5.555780e-05	5	true
272           	smoothSolver	6.678630e-04	5.667250e-05	10	1.118470e-02	9.172970e-04	10	4.290620e-03	3.504600e-04	10	false	GAMG	5.877400e-03	5.477430e-05	5	true
273           	smoothSolver	6.664290e-04	5.644050e-05	10	1.122020e-02	9.150460e-04	10	4.303370e-03	3.489040e-04	10	false	GAMG	5.949130e-03	5.560030e-05	5	true
274           	smoothSolver	6.643330e-04	5.597900e-05	10	1.122530e-02	9.100680e-04	10	4.295500e-03	3.452930e-04	10	false	GAMG	6.035290e-03	4.321570e-05	6	true
275           	smoothSolver	6.640370e-04	5.541380e-05	10	1.118360e-02	9.049050e-04	10	4.278930e-03	3.417690e-04	10	false	GAMG	6.157780e-03	4.585470e-05	6	true
276           	smoothSolver	6.629030e-04	5.508290e-05	10	1.113670e-02	9.028240e-04	10	4.262770e-03	3.404010e-04	10	false	GAMG	6.270330e-03	4.640680e-05	6	true
277           	smoothSolver	6.628840e-04	5.498680e-05	10	1.106380e-02	9.047590e-04	10	4.247300e-03	3.404510e-04	10	false	GAMG	6.350660e-03	4.526990e-05	6	true
278           	smoothSolver	6.617490e-04	5.492370e-05	10	1.095730e-02	9.046210e-04	10	4.219310e-03	3.394580e-04	10	false	GAMG	6.377800e-03	6.160830e-05	5	true
279           	smoothSolver	6.616060e-04	5.455490e-05	10	1.083320e-02	8.992950e-04	10	4.174670e-03	3.355130e-04	10	false	GAMG	6.340010e-03	6.129790e-05	5	true
280           	smoothSolver	6.572350e-04	5.405220e-05	10	1.065280e-02	8.893090e-04	10	4.117040e-03	3.314040e-04	10	false	GAMG	6.241970e-03	5.725590e-05	5	true
281           	smoothSolver	6.543030e-04	5.382980e-05	10	1.050320e-02	8.793890e-04	10	4.072590e-03	3.296570e-04	10	false	GAMG	6.135670e-03	5.602190e-05	5	true
282           	smoothSolver	6.514270e-04	5.394020e-05	10	1.039670e-02	8.735830e-04	10	4.052320e-03	3.310470e-04	10	false	GAMG	5.995500e-03	5.572340e-05	5	true
283           	smoothSolver	6.479450e-04	5.422000e-05	10	1.034310e-02	8.725500e-04	10	4.033770e-03	3.317990e-04	10	false	GAMG	5.843030e-03	5.563900e-05	5	true
284           	smoothSolver	6.438500e-04	5.435060e-05	10	1.031430e-02	8.719410e-04	10	4.010090e-03	3.298110e-04	10	false	GAMG	5.670700e-03	5.501420e-05	5	true
285           	smoothSolver	6.408500e-04	5.437350e-05	10	1.030980e-02	8.710040e-04	10	3.991170e-03	3.270860e-04	10	false	GAMG	5.555120e-03	5.472070e-05	5	true
286           	smoothSolver	6.403220e-04	5.450760e-05	10	1.033510e-02	8.716680e-04	10	3.991930e-03	3.262340e-04	10	false	GAMG	5.534530e-03	5.455310e-05	5	true
287           	smoothSolver	6.424440e-04	5.478680e-05	10	1.037520e-02	8.728600e-04	10	4.007080e-03	3.264580e-04	10	false	GAMG	5.565790e-03	5.286980e-05	5	true
288           	smoothSolver	6.459450e-04	5.511290e-05	10	1.041470e-02	8.727750e-04	10	4.021850e-03	3.256820e-04	10	false	GAMG	5.628960e-03	5.260120e-05	5	true
289           	smoothSolver	6.508840e-04	5.514710e-05	10	1.045060e-02	8.708750e-04	10	4.030420e-03	3.229080e-04	10	false	GAMG	5.696200e-03	5.459690e-05	5	true
290           	smoothSolver	6.554830e-04	5.489590e-05	10	1.047080e-02	8.694910e-04	10	4.024750e-03	3.209050e-04	10	false	GAMG	5.758040e-03	5.691630e-05	5	true
291           	smoothSolver	6.586600e-04	5.469770e-05	10	1.045190e-02	8.689270e-04	10	4.013270e-03	3.212240e-04	10	false	GAMG	5.819790e-03	5.803960e-05	5	true
292           	smoothSolver	6.601370e-04	5.474270e-05	10	1.040060e-02	8.699340e-04	10	4.006180e-03	3.243780e-04	10	false	GAMG	5.835630e-03	5.749580e-05	5	true
293           	smoothSolver	6.597500e-04	5.495400e-05	10	1.034510e-02	8.718930e-04	10	3.998130e-03	3.277730e-04	10	false	GAMG	5.799310e-03	5.659080e-05	5	true
294           	smoothSolver	6.575230e-04	5.503250e-05	10	1.026850e-02	8.720890e-04	10	3.979480e-03	3.291180e-04	10	false	GAMG	5.725430e-03	5.679840e-05	5	true
295           	smoothSolver	6.538400e-04	5.482790e-05	10	1.018330e-02	8.687920e-04	10	3.948810e-03	3.276180e-04	10	false	GAMG	5.649100e-03	3.519000e-05	6	true
296           	smoothSolver	6.512590e-04	5.456220e-05	10	1.012930e-02	8.657460e-04	10	3.922860e-03	3.254410e-04	10	false	GAMG	5.601270e-03	5.359420e-05	5	true
297           	smoothSolver	6.465660e-04	5.445380e-05	10	1.013670e-02	8.639980e-04	10	3.915770e-03	3.242740e-04	10	false	GAMG	5.581120e-03	3.718600e-05	6	true
298           	smoothSolver	6.455320e-04	5.456350e-05	10	1.018670e-02	8.640310e-04	10	3.926550e-03	3.244140e-04	10	false	GAMG	5.612220e-03	5.492360e-05	5	true
299           	smoothSolver	6.463380e-04	5.476350e-05	10	1.028900e-02	8.653860e-04	10	3.952980e-03	3.236920e-04	10	false	GAMG	5.671990e-03	3.539050e-05	6	true
300           	smoothSolver	6.483200e-04	5.479910e-05	10	1.035750e-02	8.666400e-04	10	3.979430e-03	3.226730e-04	10	false	GAMG	5.727110e-03	5.635770e-05	5	true
301           	smoothSolver	6.530070e-04	5.493680e-05	10	1.043380e-02	8.652610e-04	10	4.008140e-03	3.224010e-04	10	false	GAMG	5.801970e-03	3.514430e-05	6	true
302           	smoothSolver	6.578380e-04	5.542610e-05	10	1.045530e-02	8.656180e-04	10	4.045240e-03	3.257000e-04	10	false	GAMG	5.852870e-03	5.467620e-05	5	true
303           	smoothSolver	6.639600e-04	5.604980e-05	10	1.051200e-02	8.670280e-04	10	4.075030e-03	3.288430e-04	10	false	GAMG	5.906070e-03	5.675770e-05	5	true
304           	smoothSolver	6.675740e-04	5.639860e-05	10	1.053690e-02	8.690120e-04	10	4.085490e-03	3.304140e-04	10	false	GAMG	5.935700e-03	5.749530e-05	5	true
305           	smoothSolver	6.682850e-04	5.624540e-05	10	1.054520e-02	8.697520e-04	10	4.070790e-03	3.289320e-04	10	false	GAMG	5.960360e-03	5.866790e-05	5	true
306           	smoothSolver	6.680900e-04	5.586840e-05	10	1.053450e-02	8.711850e-04	10	4.043960e-03	3.269530e-04	10	false	GAMG	5.975540e-03	4.211040e-05	6	true
307           	smoothSolver	6.678260e-04	5.562670e-05	10	1.052450e-02	8.785890e-04	10	4.028510e-03	3.276040e-04	10	false	GAMG	5.998750e-03	5.757650e-05	5	true
308           	smoothSolver	6.651500e-04	5.557830e-05	10	1.055070e-02	8.881570e-04	10	4.011410e-03	3.293340e-04	10	false	GAMG	5.982000e-03	5.749300e-05	5	true
309           	smoothSolver	6.608050e-04	5.566940e-05	10	1.055230e-02	8.978500e-04	10	3.991820e-03	3.305340e-04	10	false	GAMG	5.939550e-03	5.586360e-05	5	true
310           	smoothSolver	6.574620e-04	5.565120e-05	10	1.056520e-02	9.039790e-04	10	3.966840e-03	3.288440e-04	10	false	GAMG	5.874910e-03	5.276440e-05	5	true
311           	smoothSolver	6.537530e-04	5.548950e-05	10	1.057080e-02	9.060270e-04	10	3.936340e-03	3.259230e-04	10	false	GAMG	5.810510e-03	5.115900e-05	5	true
312           	smoothSolver	6.505520e-04	5.540980e-05	10	1.057640e-02	9.066070e-04	10	3.912450e-03	3.247990e-04	10	false	GAMG	5.731780e-03	5.225580e-05	5	true
313           	smoothSolver	6.466720e-04	5.533360e-05	10	1.059800e-02	9.074440e-04	10	3.907150e-03	3.249850e-04	10	false	GAMG	5.665210e-03	5.338870e-05	5	true
314           	smoothSolver	6.432420e-04	5.525900e-05	10	1.064690e-02	9.092290e-04	10	3.911590e-03	3.255570e-04	10	false	GAMG	5.624490e-03	5.596620e-05	5	true
315           	smoothSolver	6.411050e-04	5.522080e-05	10	1.073550e-02	9.130150e-04	10	3.923320e-03	3.247090e-04	10	false	GAMG	5.631920e-03	3.762890e-05	6	true
316           	smoothSolver	6.423440e-04	5.520630e-05	10	1.083300e-02	9.171050e-04	10	3.939990e-03	3.229760e-04	10	false	GAMG	5.688270e-03	3.318890e-05	6	true
317           	smoothSolver	6.444000e-04	5.528180e-05	10	1.092870e-02	9.205570e-04	10	3.960400e-03	3.220480e-04	10	false	GAMG	5.760340e-03	3.591230e-05	6	true
318           	smoothSolver	6.486540e-04	5.542540e-05	10	1.102100e-02	9.242720e-04	10	3.982280e-03	3.227690e-04	10	false	GAMG	5.859460e-03	5.717680e-05	5	true
319           	smoothSolver	6.525250e-04	5.554930e-05	10	1.112420e-02	9.276790e-04	10	4.000110e-03	3.226050e-04	10	false	GAMG	5.985940e-03	5.957550e-05	5	true
320           	smoothSolver	6.547450e-04	5.546090e-05	10	1.120990e-02	9.306590e-04	10	4.005250e-03	3.208750e-04	10	false	GAMG	6.084490e-03	5.761740e-05	5	true
321           	smoothSolver	6.548810e-04	5.513780e-05	10	1.127240e-02	9.328900e-04	10	3.995460e-03	3.181660e-04	10	false	GAMG	6.180380e-03	5.968160e-05	5	true
322           	smoothSolver	6.542670e-04	5.486510e-05	10	1.130250e-02	9.377890e-04	10	3.981600e-03	3.174850e-04	10	false	GAMG	6.243330e-03	4.003960e-05	6	true
323           	smoothSolver	6.535530e-04	5.472690e-05	10	1.129700e-02	9.441430e-04	10	3.978180e-03	3.191240e-04	10	false	GAMG	6.267840e-03	5.779030e-05	5	true
324           	smoothSolver	6.515090e-04	5.479340e-05	10	1.130450e-02	9.481910e-04	10	3.972640e-03	3.206760e-04	10	false	GAMG	6.243530e-03	6.225120e-05	5	true
325           	smoothSolver	6.492200e-04	5.488960e-05	10	1.127680e-02	9.509940e-04	10	3.971310e-03	3.223550e-04	10	false	GAMG	6.197820e-03	5.923980e-05	5	true
326           	smoothSolver	6.467320e-04	5.483390e-05	10	1.121320e-02	9.484480e-04	10	3.959210e-03	3.224110e-04	10	false	GAMG	6.127860e-03	5.723510e-05	5	true
327           	smoothSolver	6.442520e-04	5.471910e-05	10	1.113100e-02	9.431020e-04	10	3.947550e-03	3.227790e-04	10	false	GAMG	6.065980e-03	5.674710e-05	5	true
328           	smoothSolver	6.413450e-04	5.456820e-05	10	1.104150e-02	9.373630e-04	10	3.935540e-03	3.235950e-04	10	false	GAMG	6.002430e-03	5.748340e-05	5	true
329           	smoothSolver	6.387030e-04	5.439090e-05	10	1.095840e-02	9.326670e-04	10	3.923640e-03	3.242120e-04	10	false	GAMG	5.943200e-03	5.833820e-05	5	true
330           	smoothSolver	6.368840e-04	5.426600e-05	10	1.088400e-02	9.294240e-04	10	3.907990e-03	3.241720e-04	10	false	GAMG	5.876610e-03	5.826710e-05	5	true
331           	smoothSolver	6.362730e-04	5.417460e-05	10	1.080540e-02	9.264690e-04	10	3.886330e-03	3.232140e-04	10	false	GAMG	5.819810e-03	5.806870e-05	5	true
332           	smoothSolver	6.370700e-04	5.419670e-05	10	1.072230e-02	9.237170e-04	10	3.868350e-03	3.236340e-04	10	false	GAMG	5.755870e-03	3.804280e-05	6	true
333           	smoothSolver	6.400300e-04	5.439750e-05	10	1.067210e-02	9.218450e-04	10	3.865810e-03	3.256440e-04	10	false	GAMG	5.691930e-03	5.189650e-05	5	true
334           	smoothSolver	6.417210e-04	5.472600e-05	10	1.060330e-02	9.174970e-04	10	3.871480e-03	3.274990e-04	10	false	GAMG	5.620470e-03	5.107210e-05	5	true
335           	smoothSolver	6.442520e-04	5.498120e-05	10	1.057820e-02	9.108680e-04	10	3.883250e-03	3.281800e-04	10	false	GAMG	5.577580e-03	4.987620e-05	5	true
336           	smoothSolver	6.464540e-04	5.507510e-05	10	1.060690e-02	9.028030e-04	10	3.898890e-03	3.270210e-04	10	false	GAMG	5.572190e-03	5.356830e-05	5	true
337           	smoothSolver	6.491730e-04	5.516940e-05	10	1.067600e-02	8.959550e-04	10	3.924190e-03	3.253280e-04	10	false	GAMG	5.616130e-03	3.724640e-05	6	true
338           	smoothSolver	6.526540e-04	5.534880e-05	10	1.076560e-02	8.899080e-04	10	3.964810e-03	3.246300e-04	10	false	GAMG	5.769510e-03	3.884840e-05	6	true
339           	smoothSolver	6.551190e-04	5.557210e-05	10	1.086500e-02	8.838930e-04	10	4.016520e-03	3.242130e-04	10	false	GAMG	5.993640e-03	4.088390e-05	6	true
340           	smoothSolver	6.578140e-04	5.572450e-05	10	1.096760e-02	8.774670e-04	10	4.073600e-03	3.230520e-04	10	false	GAMG	6.245850e-03	4.208500e-05	6	true
341           	smoothSolver	6.602270e-04	5.566840e-05	10	1.105420e-02	1.097120e-03	9	4.119750e-03	4.042470e-04	9	false	GAMG	6.493760e-03	4.440230e-05	6	true
342           	smoothSolver	6.605270e-04	5.536240e-05	10	1.115710e-02	1.095120e-03	9	4.170660e-03	4.017580e-04	9	false	GAMG	6.765450e-03	6.420660e-05	5	true
343           	smoothSolver	6.632370e-04	5.518440e-05	10	1.126100e-02	1.093410e-03	9	4.202440e-03	3.994460e-04	9	false	GAMG	7.011850e-03	6.681340e-05	5	true
344           	smoothSolver	6.656170e-04	5.516990e-05	10	1.127620e-02	1.093990e-03	9	4.220660e-03	3.987110e-04	9	false	GAMG	7.209700e-03	6.741790e-05	5	true
345           	smoothSolver	6.685820e-04	5.524330e-05	10	1.129010e-02	1.097460e-03	9	4.223790e-03	3.983200e-04	9	false	GAMG	7.319040e-03	7.054520e-05	5	true
346           	smoothSolver	6.722340e-04	5.533390e-05	10	1.128890e-02	1.102050e-03	9	4.211120e-03	3.971820e-04	9	false	GAMG	7.354500e-03	7.251640e-05	5	true
347           	smoothSolver	6.760920e-04	5.544190e-05	10	1.125270e-02	1.106960e-03	9	4.192470e-03	3.961690e-04	9	false	GAMG	7.327730e-03	7.128690e-05	5	true
348           	smoothSolver	6.802500e-04	5.561030e-05	10	1.121460e-02	1.113850e-03	9	4.167440e-03	3.971160e-04	9	false	GAMG	7.275280e-03	6.796430e-05	5	true
349           	smoothSolver	6.845720e-04	5.593040e-05	10	1.117990e-02	8.900740e-04	10	4.145470e-03	3.997690e-04	9	false	GAMG	7.174540e-03	6.439120e-05	5	true
350           	smoothSolver	6.888850e-04	5.643100e-05	10	1.108550e-02	8.895660e-04	10	4.130590e-03	4.029840e-04	9	false	GAMG	7.028150e-03	6.015010e-05	5	true
351           	smoothSolver	6.906340e-04	5.680160e-05	10	1.102920e-02	8.911260e-04	10	4.118160e-03	4.053750e-04	9	false	GAMG	6.860790e-03	5.749780e-05	5	true
352           	smoothSolver	6.898720e-04	5.699110e-05	10	1.100250e-02	8.944650e-04	10	4.098030e-03	4.073750e-04	9	false	GAMG	6.685220e-03	5.624070e-05	5	true
353           	smoothSolver	6.874920e-04	5.713600e-05	10	1.099740e-02	8.994720e-04	10	4.083700e-03	3.253560e-04	10	false	GAMG	6.507700e-03	5.455530e-05	5	true
354           	smoothSolver	6.844250e-04	5.736900e-05	10	1.101000e-02	9.081870e-04	10	4.048370e-03	3.262260e-04	10	false	GAMG	6.355670e-03	5.294250e-05	5	true
355           	smoothSolver	6.811420e-04	5.756130e-05	10	1.102840e-02	9.145800e-04	10	4.030970e-03	3.270860e-04	10	false	GAMG	6.231000e-03	5.210810e-05	5	true
356           	smoothSolver	6.781020e-04	5.759810e-05	10	1.104730e-02	9.163000e-04	10	4.020640e-03	3.265110e-04	10	false	GAMG	6.150230e-03	5.221910e-05	5	true
357           	smoothSolver	6.765140e-04	5.747050e-05	10	1.107320e-02	9.151330e-04	10	4.029060e-03	3.251620e-04	10	false	GAMG	6.119190e-03	5.353350e-05	5	true
358           	smoothSolver	6.759150e-04	5.722490e-05	10	1.110240e-02	9.111860e-04	10	4.048810e-03	3.241550e-04	10	false	GAMG	6.150050e-03	5.540670e-05	5	true
359           	smoothSolver	6.761960e-04	5.712270e-05	10	1.114920e-02	9.062600e-04	10	4.082500e-03	3.232400e-04	10	false	GAMG	6.237530e-03	5.770770e-05	5	true
360           	smoothSolver	6.777250e-04	5.702720e-05	10	1.120810e-02	9.018990e-04	10	4.121640e-03	4.072600e-04	9	false	GAMG	6.357410e-03	5.968960e-05	5	true
361           	smoothSolver	6.792530e-04	5.678520e-05	10	1.124520e-02	8.970080e-04	10	4.170810e-03	4.079580e-04	9	false	GAMG	6.512880e-03	6.311990e-05	5	true
362           	smoothSolver	6.811150e-04	5.656320e-05	10	1.128540e-02	1.128250e-03	9	4.193200e-03	4.074310e-04	9	false	GAMG	6.669830e-03	4.531250e-05	6	true
363           	smoothSolver	6.825970e-04	5.634980e-05	10	1.135890e-02	9.012940e-04	10	4.189680e-03	4.061370e-04	9	false	GAMG	6.822340e-03	6.742560e-05	5	true
364           	smoothSolver	6.823250e-04	5.635600e-05	10	1.137440e-02	1.131160e-03	9	4.174010e-03	4.045640e-04	9	false	GAMG	6.891730e-03	4.310210e-05	6	true
365           	smoothSolver	6.808660e-04	5.621470e-05	10	1.135650e-02	9.028090e-04	10	4.140040e-03	4.016530e-04	9	false	GAMG	6.932670e-03	6.750400e-05	5	true
366           	smoothSolver	6.788170e-04	5.604490e-05	10	1.129310e-02	8.980060e-04	10	4.094360e-03	3.988530e-04	9	false	GAMG	6.912570e-03	6.448260e-05	5	true
367           	smoothSolver	6.746340e-04	5.577600e-05	10	1.117960e-02	8.964100e-04	10	4.042270e-03	3.969340e-04	9	false	GAMG	6.862510e-03	5.959230e-05	5	true
368           	smoothSolver	6.708720e-04	5.556990e-05	10	1.111980e-02	8.988570e-04	10	3.993430e-03	3.964400e-04	9	false	GAMG	6.811930e-03	6.492410e-05	5	true
369           	smoothSolver	6.678930e-04	5.548540e-05	10	1.110630e-02	9.040250e-04	10	3.961630e-03	3.146010e-04	10	false	GAMG	6.761250e-03	4.338090e-05	6	true
370           	smoothSolver	6.663680e-04	5.550980e-05	10	1.109450e-02	9.101260e-04	10	3.907130e-03	3.122280e-04	10	false	GAMG	6.708450e-03	4.269310e-05	6	true
371           	smoothSolver	6.627360e-04	5.548340e-05	10	1.108750e-02	9.140550e-04	10	3.859390e-03	3.096480e-04	10	false	GAMG	6.614170e-03	6.447820e-05	5	true
372           	smoothSolver	6.590600e-04	5.535640e-05	10	1.105480e-02	9.161880e-04	10	3.810570e-03	3.065460e-04	10	false	GAMG	6.504480e-03	6.165230e-05	5	true
373           	smoothSolver	6.537120e-04	5.516970e-05	10	1.101750e-02	9.180320e-04	10	3.773880e-03	3.039080e-04	10	false	GAMG	6.380240e-03	5.565520e-05	5	true
374           	smoothSolver	6.479540e-04	5.493030e-05	10	1.097210e-02	9.187720e-04	10	3.743770e-03	3.018920e-04	10	false	GAMG	6.258700e-03	5.355330e-05	5	true
375           	smoothSolver	6.416770e-04	5.462850e-05	10	1.091280e-02	9.181560e-04	10	3.725010e-03	3.014930e-04	10	false	GAMG	6.142110e-03	5.293610e-05	5	true
376           	smoothSolver	6.355680e-04	5.433100e-05	10	1.082870e-02	9.162890e-04	10	3.708960e-03	3.019770e-04	10	false	GAMG	6.020220e-03	5.235460e-05	5	true
377           	smoothSolver	6.313060e-04	5.409490e-05	10	1.073440e-02	9.133250e-04	10	3.698290e-03	3.023460e-04	10	false	GAMG	5.888900e-03	5.213720e-05	5	true
378           	smoothSolver	6.285550e-04	5.396240e-05	10	1.062590e-02	9.080560e-04	10	3.682660e-03	3.019840e-04	10	false	GAMG	5.757190e-03	5.150710e-05	5	true
379           	smoothSolver	6.269060e-04	5.386300e-05	10	1.050960e-02	9.015170e-04	10	3.665480e-03	3.017390e-04	10	false	GAMG	5.622560e-03	5.051210e-05	5	true
380           	smoothSolver	6.252670e-04	5.383760e-05	10	1.039820e-02	8.956650e-04	10	3.647900e-03	3.022540e-04	10	false	GAMG	5.518970e-03	4.980060e-05	5	true
381           	smoothSolver	6.240640e-04	5.378790e-05	10	1.030840e-02	8.918100e-04	10	3.635310e-03	3.031530e-04	10	false	GAMG	5.427710e-03	5.028020e-05	5	true
382           	smoothSolver	6.217040e-04	5.362550e-05	10	1.022860e-02	8.884070e-04	10	3.620140e-03	3.039750e-04	10	false	GAMG	5.355500e-03	5.164740e-05	5	true
383           	smoothSolver	6.190820e-04	5.343980e-05	10	1.016270e-02	8.852470e-04	10	3.612040e-03	3.047790e-04	10	false	GAMG	5.272960e-03	5.227910e-05	5	true
384           	smoothSolver	6.166430e-04	5.327160e-05	10	1.012200e-02	8.827420e-04	10	3.607230e-03	3.051690e-04	10	false	GAMG	5.214430e-03	5.200190e-05	5	true
385           	smoothSolver	6.141260e-04	5.307250e-05	10	1.012040e-02	8.819630e-04	10	3.612900e-03	3.052470e-04	10	false	GAMG	5.165250e-03	5.145540e-05	5	true
386           	smoothSolver	6.126410e-04	5.293780e-05	10	1.015230e-02	8.810060e-04	10	3.627320e-03	3.055950e-04	10	false	GAMG	5.133620e-03	2.671120e-05	6	true
387           	smoothSolver	6.124820e-04	5.282940e-05	10	1.021760e-02	8.804950e-04	10	3.650490e-03	3.057210e-04	10	false	GAMG	5.139380e-03	4.891110e-05	5	true
388           	smoothSolver	6.142390e-04	5.282380e-05	10	1.029640e-02	8.791220e-04	10	3.674190e-03	3.048980e-04	10	false	GAMG	5.186610e-03	5.115330e-05	5	true
389           	smoothSolver	6.173080e-04	5.281880e-05	10	1.038610e-02	8.777900e-04	10	3.703590e-03	3.043520e-04	10	false	GAMG	5.248320e-03	5.133940e-05	5	true
390           	smoothSolver	6.201340e-04	5.270490e-05	10	1.046670e-02	8.772580e-04	10	3.726280e-03	3.034330e-04	10	false	GAMG	5.330470e-03	5.190680e-05	5	true
391           	smoothSolver	6.227160e-04	5.258870e-05	10	1.053280e-02	8.777720e-04	10	3.742610e-03	3.021890e-04	10	false	GAMG	5.435720e-03	5.219980e-05	5	true
392           	smoothSolver	6.247580e-04	5.244030e-05	10	1.058160e-02	8.799670e-04	10	3.753660e-03	3.008980e-04	10	false	GAMG	5.532180e-03	5.211760e-05	5	true
393           	smoothSolver	6.259690e-04	5.234880e-05	10	1.060200e-02	8.820110e-04	10	3.751410e-03	2.996540e-04	10	false	GAMG	5.583590e-03	5.233540e-05	5	true
394           	smoothSolver	6.272570e-04	5.236500e-05	10	1.058910e-02	8.837310e-04	10	3.739310e-03	2.987740e-04	10	false	GAMG	5.603460e-03	5.308410e-05	5	true
395           	smoothSolver	6.287750e-04	5.245530e-05	10	1.055200e-02	8.831680e-04	10	3.721330e-03	2.977430e-04	10	false	GAMG	5.596770e-03	5.278580e-05	5	true
396           	smoothSolver	6.295080e-04	5.256910e-05	10	1.049160e-02	8.806710e-04	10	3.697970e-03	2.968260e-04	10	false	GAMG	5.584710e-03	5.203250e-05	5	true
397           	smoothSolver	6.286790e-04	5.257970e-05	10	1.041700e-02	8.768930e-04	10	3.668580e-03	2.958390e-04	10	false	GAMG	5.557740e-03	5.235720e-05	5	true
398           	smoothSolver	6.263270e-04	5.246170e-05	10	1.033530e-02	8.733840e-04	10	3.631040e-03	2.945190e-04	10	false	GAMG	5.523360e-03	5.240890e-05	5	true
399           	smoothSolver	6.228320e-04	5.234180e-05	10	1.025630e-02	8.715760e-04	10	3.594690e-03	2.928920e-04	10	false	GAMG	5.465650e-03	5.109510e-05	5	true
400           	smoothSolver	6.179750e-04	5.220700e-05	10	1.017900e-02	8.708050e-04	10	3.558850e-03	2.914740e-04	10	false	GAMG	5.406040e-03	4.935130e-05	5	true
401           	smoothSolver	6.124430e-04	5.203140e-05	10	1.011170e-02	8.698120e-04	10	3.527010e-03	2.902160e-04	10	false	GAMG	5.343460e-03	4.850980e-05	5	true
402           	smoothSolver	6.068910e-04	5.180940e-05	10	1.004520e-02	8.675550e-04	10	3.502740e-03	2.888690e-04	10	false	GAMG	5.271780e-03	4.813600e-05	5	true
403           	smoothSolver	6.025420e-04	5.155380e-05	10	9.988530e-03	8.636780e-04	10	3.480140e-03	2.865020e-04	10	false	GAMG	5.193610e-03	4.766620e-05	5	true
404           	smoothSolver	5.999960e-04	5.133020e-05	10	9.937250e-03	8.592320e-04	10	3.458530e-03	2.836130e-04	10	false	GAMG	5.150520e-03	4.823050e-05	5	true
405           	smoothSolver	5.993450e-04	5.118390e-05	10	9.914070e-03	8.570860e-04	10	3.446280e-03	2.809320e-04	10	false	GAMG	5.131070e-03	4.963740e-05	5	true
406           	smoothSolver	5.991710e-04	5.109860e-05	10	9.919450e-03	8.585060e-04	10	3.436360e-03	2.794650e-04	10	false	GAMG	5.118430e-03	5.069130e-05	5	true
407           	smoothSolver	5.998690e-04	5.113440e-05	10	9.944420e-03	8.634240e-04	10	3.424490e-03	2.790520e-04	10	false	GAMG	5.126000e-03	5.047040e-05	5	true
408           	smoothSolver	6.003580e-04	5.119060e-05	10	9.963110e-03	8.686230e-04	10	3.411540e-03	2.789430e-04	10	false	GAMG	5.126820e-03	4.937000e-05	5	true
409           	smoothSolver	6.013320e-04	5.126130e-05	10	9.973300e-03	8.721630e-04	10	3.400180e-03	2.788930e-04	10	false	GAMG	5.110630e-03	4.865860e-05	5	true
410           	smoothSolver	6.017070e-04	5.131030e-05	10	9.949600e-03	8.729660e-04	10	3.383750e-03	2.788770e-04	10	false	GAMG	5.074100e-03	4.745920e-05	5	true
411           	smoothSolver	6.015330e-04	5.142680e-05	10	9.915620e-03	8.696820e-04	10	3.371650e-03	2.786990e-04	10	false	GAMG	5.035330e-03	4.747920e-05	5	true
412           	smoothSolver	5.998650e-04	5.154190e-05	10	9.877230e-03	8.646940e-04	10	3.365400e-03	2.782770e-04	10	false	GAMG	5.002720e-03	4.924480e-05	5	true
413           	smoothSolver	5.971380e-04	5.149600e-05	10	9.851070e-03	8.601180e-04	10	3.366230e-03	2.777950e-04	10	false	GAMG	4.988380e-03	3.539510e-05	6	true
414           	smoothSolver	5.968130e-04	5.139970e-05	10	9.838940e-03	8.586540e-04	10	3.372190e-03	2.779940e-04	10	false	GAMG	5.000320e-03	4.846550e-05	5	true
415           	smoothSolver	5.944490e-04	5.136650e-05	10	9.836540e-03	8.592350e-04	10	3.377580e-03	2.784330e-04	10	false	GAMG	5.001410e-03	4.948410e-05	5	true
416           	smoothSolver	5.926900e-04	5.133130e-05	10	9.833630e-03	8.606300e-04	10	3.386580e-03	2.800150e-04	10	false	GAMG	5.024430e-03	4.944320e-05	5	true
417           	smoothSolver	5.915880e-04	5.127530e-05	10	9.814310e-03	8.600460e-04	10	3.397540e-03	2.817160e-04	10	false	GAMG	5.036620e-03	4.911180e-05	5	true
418           	smoothSolver	5.902790e-04	5.113400e-05	10	9.767610e-03	8.574990e-04	10	3.404360e-03	2.825090e-04	10	false	GAMG	5.039160e-03	4.849240e-05	5	true
419           	smoothSolver	5.887660e-04	5.094560e-05	10	9.702890e-03	8.534120e-04	10	3.406450e-03	2.827660e-04	10	false	GAMG	5.030470e-03	4.852210e-05	5	true
420           	smoothSolver	5.873470e-04	5.078190e-05	10	9.631710e-03	8.488320e-04	10	3.408890e-03	2.832220e-04	10	false	GAMG	5.023290e-03	4.892700e-05	5	true
421           	smoothSolver	5.860770e-04	5.064220e-05	10	9.583130e-03	8.445270e-04	10	3.415790e-03	2.840030e-04	10	false	GAMG	5.028030e-03	4.935850e-05	5	true
422           	smoothSolver	5.851850e-04	5.056800e-05	10	9.552440e-03	8.413320e-04	10	3.429310e-03	2.851350e-04	10	false	GAMG	5.037100e-03	4.923590e-05	5	true
423           	smoothSolver	5.849980e-04	5.050960e-05	10	9.529410e-03	8.393020e-04	10	3.446330e-03	2.865660e-04	10	false	GAMG	5.046890e-03	4.853320e-05	5	true
424           	smoothSolver	5.850400e-04	5.049070e-05	10	9.494830e-03	8.379640e-04	10	3.456820e-03	2.879270e-04	10	false	GAMG	5.035930e-03	4.764880e-05	5	true
425           	smoothSolver	5.853920e-04	5.066820e-05	10	9.454580e-03	8.373790e-04	10	3.463230e-03	2.890580e-04	10	false	GAMG	5.001420e-03	4.697630e-05	5	true
426           	smoothSolver	5.862050e-04	5.090950e-05	10	9.427640e-03	8.361000e-04	10	3.464780e-03	2.894400e-04	10	false	GAMG	4.953690e-03	4.697750e-05	5	true
427           	smoothSolver	5.867560e-04	5.106520e-05	10	9.422210e-03	8.339400e-04	10	3.464750e-03	2.889260e-04	10	false	GAMG	4.912660e-03	4.797400e-05	5	true
428           	smoothSolver	5.867380e-04	5.109830e-05	10	9.423510e-03	8.315080e-04	10	3.459310e-03	2.878200e-04	10	false	GAMG	4.900080e-03	3.435100e-05	6	true
429           	smoothSolver	5.875950e-04	5.101440e-05	10	9.440030e-03	8.299360e-04	10	3.457940e-03	2.868900e-04	10	false	GAMG	4.904070e-03	4.677960e-05	5	true
430           	smoothSolver	5.874500e-04	5.097770e-05	10	9.464590e-03	8.288150e-04	10	3.453070e-03	2.863250e-04	10	false	GAMG	4.913160e-03	3.504210e-05	6	true
431           	smoothSolver	5.866720e-04	5.093050e-05	10	9.497830e-03	8.302660e-04	10	3.456310e-03	2.860540e-04	10	false	GAMG	4.925600e-03	4.726530e-05	5	true
432           	smoothSolver	5.859980e-04	5.080270e-05	10	9.530530e-03	8.309810e-04	10	3.449400e-03	2.846400e-04	10	false	GAMG	4.946040e-03	3.525520e-05	6	true
433           	smoothSolver	5.841870e-04	5.059250e-05	10	9.538320e-03	8.299600e-04	10	3.441090e-03	2.822910e-04	10	false	GAMG	4.982580e-03	4.742820e-05	5	true
434           	smoothSolver	5.842210e-04	5.036050e-05	10	9.541240e-03	8.273050e-04	10	3.431160e-03	2.797920e-04	10	false	GAMG	5.024200e-03	3.249750e-05	6	true
435           	smoothSolver	5.836640e-04	5.020310e-05	10	9.548740e-03	8.254760e-04	10	3.423340e-03	2.780520e-04	10	false	GAMG	5.070710e-03	4.612270e-05	5	true
436           	smoothSolver	5.854270e-04	5.022460e-05	10	9.578610e-03	8.257720e-04	10	3.421180e-03	2.772600e-04	10	false	GAMG	5.122890e-03	4.944550e-05	5	true
437           	smoothSolver	5.873950e-04	5.018620e-05	10	9.621460e-03	8.269610e-04	10	3.430430e-03	2.773570e-04	10	false	GAMG	5.165320e-03	4.944770e-05	5	true
438           	smoothSolver	5.904320e-04	5.018300e-05	10	9.659710e-03	8.279180e-04	10	3.448490e-03	2.784530e-04	10	false	GAMG	5.188300e-03	4.931930e-05	5	true
439           	smoothSolver	5.939110e-04	5.029740e-05	10	9.706890e-03	8.284480e-04	10	3.482140e-03	2.803590e-04	10	false	GAMG	5.216010e-03	5.037030e-05	5	true
440           	smoothSolver	5.977600e-04	5.052890e-05	10	9.751290e-03	8.264680e-04	10	3.516360e-03	2.822890e-04	10	false	GAMG	5.243120e-03	3.567060e-05	6	true
441           	smoothSolver	6.013080e-04	5.076860e-05	10	9.789130e-03	8.226800e-04	10	3.546150e-03	2.832340e-04	10	false	GAMG	5.273350e-03	5.014730e-05	5	true
442           	smoothSolver	6.017730e-04	5.084920e-05	10	9.822840e-03	8.164910e-04	10	3.557490e-03	2.820830e-04	10	false	GAMG	5.307150e-03	3.858360e-05	6	true
443           	smoothSolver	6.020950e-04	5.071370e-05	10	9.844860e-03	8.121330e-04	10	3.568920e-03	3.555000e-04	9	false	GAMG	5.357780e-03	5.100840e-05	5	true
444           	smoothSolver	6.017430e-04	5.036170e-05	10	9.857990e-03	8.079360e-04	10	3.594200e-03	3.567590e-04	9	false	GAMG	5.396050e-03	3.993660e-05	6	true
445           	smoothSolver	6.011920e-04	5.005600e-05	10	9.832800e-03	8.085890e-04	10	3.608770e-03	3.592550e-04	9	false	GAMG	5.432110e-03	4.944610e-05	5	true
446           	smoothSolver	6.025950e-04	4.999540e-05	10	9.832380e-03	8.113880e-04	10	3.611550e-03	2.861870e-04	10	false	GAMG	5.435210e-03	5.273640e-05	5	true
447           	smoothSolver	6.024050e-04	5.006780e-05	10	9.808880e-03	8.153710e-04	10	3.592360e-03	2.870030e-04	10	false	GAMG	5.412790e-03	5.128240e-05	5	true
448           	smoothSolver	6.018130e-04	5.006240e-05	10	9.758620e-03	8.158430e-04	10	3.580520e-03	2.888400e-04	10	false	GAMG	5.365350e-03	4.953440e-05	5	true
449           	smoothSolver	6.004490e-04	4.997990e-05	10	9.708940e-03	8.137090e-04	10	3.570690e-03	2.899370e-04	10	false	GAMG	5.311680e-03	4.862180e-05	5	true
450           	smoothSolver	5.985600e-04	4.995720e-05	10	9.661910e-03	8.106550e-04	10	3.560860e-03	2.900750e-04	10	false	GAMG	5.266430e-03	4.810740e-05	5	true
451           	smoothSolver	5.964150e-04	5.009470e-05	10	9.638770e-03	8.079500e-04	10	3.555020e-03	2.897950e-04	10	false	GAMG	5.225840e-03	4.828080e-05	5	true
452           	smoothSolver	5.942620e-04	5.027670e-05	10	9.625330e-03	8.045710e-04	10	3.552350e-03	2.893470e-04	10	false	GAMG	5.191480e-03	4.875340e-05	5	true
453           	smoothSolver	5.928380e-04	5.043260e-05	10	9.621820e-03	8.013890e-04	10	3.555910e-03	2.888820e-04	10	false	GAMG	5.195280e-03	4.923600e-05	5	true
454           	smoothSolver	5.928750e-04	5.053310e-05	10	9.621440e-03	7.990340e-04	10	3.568000e-03	2.886070e-04	10	false	GAMG	5.226800e-03	4.985500e-05	5	true
455           	smoothSolver	5.944340e-04	5.069090e-05	10	9.606550e-03	7.961460e-04	10	3.586410e-03	2.887700e-04	10	false	GAMG	5.277590e-03	5.161770e-05	5	true
456           	smoothSolver	5.972630e-04	5.097040e-05	10	9.564760e-03	7.926360e-04	10	3.601620e-03	2.893800e-04	10	false	GAMG	5.327910e-03	5.222680e-05	5	true
457           	smoothSolver	6.009850e-04	5.124030e-05	10	9.504910e-03	7.882260e-04	10	3.610330e-03	2.900050e-04	10	false	GAMG	5.369760e-03	5.085950e-05	5	true
458           	smoothSolver	6.048650e-04	5.133870e-05	10	9.425910e-03	7.834020e-04	10	3.604560e-03	2.894250e-04	10	false	GAMG	5.406770e-03	4.980090e-05	5	true
459           	smoothSolver	6.078090e-04	5.125280e-05	10	9.340300e-03	7.791300e-04	10	3.588250e-03	2.880340e-04	10	false	GAMG	5.420200e-03	5.070050e-05	5	true
460           	smoothSolver	6.094630e-04	5.111460e-05	10	9.261760e-03	7.772670e-04	10	3.566610e-03	2.871690e-04	10	false	GAMG	5.408650e-03	5.256370e-05	5	true
461           	smoothSolver	6.106370e-04	5.114120e-05	10	9.216670e-03	7.794540e-04	10	3.550130e-03	2.878710e-04	10	false	GAMG	5.380460e-03	5.322830e-05	5	true
462           	smoothSolver	6.106550e-04	5.132700e-05	10	9.194770e-03	7.844870e-04	10	3.533790e-03	2.893610e-04	10	false	GAMG	5.335920e-03	5.147870e-05	5	true
463           	smoothSolver	6.088530e-04	5.147020e-05	10	9.171950e-03	7.878570e-04	10	3.510470e-03	2.897350e-04	10	false	GAMG	5.278080e-03	5.102510e-05	5	true
464           	smoothSolver	6.054250e-04	5.147030e-05	10	9.148930e-03	7.886280e-04	10	3.483020e-03	2.883840e-04	10	false	GAMG	5.231930e-03	5.015530e-05	5	true
465           	smoothSolver	6.010400e-04	5.132180e-05	10	9.126210e-03	7.862180e-04	10	3.459660e-03	2.858920e-04	10	false	GAMG	5.206550e-03	5.028250e-05	5	true
466           	smoothSolver	5.969680e-04	5.112440e-05	10	9.118430e-03	7.822310e-04	10	3.447150e-03	2.836730e-04	10	false	GAMG	5.199560e-03	5.105530e-05	5	true
467           	smoothSolver	5.945720e-04	5.098690e-05	10	9.138110e-03	7.789050e-04	10	3.445730e-03	2.822190e-04	10	false	GAMG	5.204240e-03	5.059070e-05	5	true
468           	smoothSolver	5.934720e-04	5.073020e-05	10	9.177860e-03	7.759300e-04	10	3.450700e-03	2.808020e-04	10	false	GAMG	5.216490e-03	4.989150e-05	5	true
469           	smoothSolver	5.928020e-04	5.036690e-05	10	9.215240e-03	7.732800e-04	10	3.461740e-03	2.791850e-04	10	false	GAMG	5.228520e-03	4.942410e-05	5	true
470           	smoothSolver	5.931640e-04	5.009660e-05	10	9.240350e-03	7.726930e-04	10	3.475350e-03	2.782340e-04	10	false	GAMG	5.266240e-03	5.018450e-05	5	true
471           	smoothSolver	5.954970e-04	5.011290e-05	10	9.252800e-03	7.733640e-04	10	3.498020e-03	2.789230e-04	10	false	GAMG	5.292360e-03	5.116130e-05	5	true
472           	smoothSolver	5.983350e-04	5.029050e-05	10	9.234840e-03	7.733940e-04	10	3.509350e-03	2.802740e-04	10	false	GAMG	5.309020e-03	5.160530e-05	5	true
473           	smoothSolver	6.000790e-04	5.038860e-05	10	9.203610e-03	7.720210e-04	10	3.506690e-03	2.801790e-04	10	false	GAMG	5.326970e-03	5.235210e-05	5	true
474           	smoothSolver	6.014160e-04	5.026640e-05	10	9.174830e-03	7.684730e-04	10	3.500340e-03	2.788220e-04	10	false	GAMG	5.332110e-03	3.425860e-05	6	true
475           	smoothSolver	6.029280e-04	4.996450e-05	10	9.169420e-03	7.638400e-04	10	3.495800e-03	2.771240e-04	10	false	GAMG	5.340710e-03	5.022220e-05	5	true
476           	smoothSolver	6.027230e-04	4.969110e-05	10	9.157220e-03	7.596100e-04	10	3.488050e-03	2.762620e-04	10	false	GAMG	5.337040e-03	5.281070e-05	5	true
477           	smoothSolver	6.005270e-04	4.955620e-05	10	9.168640e-03	7.585120e-04	10	3.486570e-03	2.766080e-04	10	false	GAMG	5.321870e-03	5.100400e-05	5	true
478           	smoothSolver	5.965330e-04	4.944650e-05	10	9.186300e-03	7.575100e-04	10	3.475690e-03	2.758610e-04	10	false	GAMG	5.294330e-03	4.898000e-05	5	true
479           	smoothSolver	5.897540e-04	4.914740e-05	10	9.193460e-03	7.539350e-04	10	3.457400e-03	2.734250e-04	10	false	GAMG	5.266400e-03	4.812940e-05	5	true
480           	smoothSolver	5.826050e-04	4.868230e-05	10	9.190980e-03	7.487940e-04	10	3.437740e-03	3.415830e-04	9	false	GAMG	5.267480e-03	4.898860e-05	5	true
481           	smoothSolver	5.756940e-04	4.819060e-05	10	9.180870e-03	7.427300e-04	10	3.449940e-03	3.410570e-04	9	false	GAMG	5.326000e-03	5.182030e-05	5	true
482           	smoothSolver	5.705220e-04	4.790340e-05	10	9.172360e-03	7.377040e-04	10	3.459270e-03	3.411380e-04	9	false	GAMG	5.404600e-03	4.115420e-05	6	true
483           	smoothSolver	5.684210e-04	4.775160e-05	10	9.155390e-03	7.344800e-04	10	3.466030e-03	3.420750e-04	9	false	GAMG	5.478560e-03	5.225640e-05	5	true
484           	smoothSolver	5.658210e-04	4.763640e-05	10	9.139040e-03	7.302090e-04	10	3.459040e-03	3.424830e-04	9	false	GAMG	5.517460e-03	4.122200e-05	6	true
485           	smoothSolver	5.649550e-04	4.749430e-05	10	9.076560e-03	7.283940e-04	10	3.452700e-03	3.435410e-04	9	false	GAMG	5.568080e-03	5.336580e-05	5	true
486           	smoothSolver	5.651290e-04	4.744380e-05	10	9.029280e-03	7.270120e-04	10	3.449290e-03	3.446140e-04	9	false	GAMG	5.579980e-03	4.066610e-05	6	true
487           	smoothSolver	5.653980e-04	4.762920e-05	10	8.943100e-03	7.274780e-04	10	3.455560e-03	2.752700e-04	10	false	GAMG	5.582800e-03	5.546420e-05	5	true
488           	smoothSolver	5.669820e-04	4.797890e-05	10	8.900050e-03	7.276170e-04	10	3.430490e-03	2.752400e-04	10	false	GAMG	5.558510e-03	4.081740e-05	6	true
489           	smoothSolver	5.665910e-04	4.813480e-05	10	8.837980e-03	7.284700e-04	10	3.409980e-03	2.752110e-04	10	false	GAMG	5.527070e-03	5.359170e-05	5	true
490           	smoothSolver	5.651640e-04	4.808950e-05	10	8.786620e-03	7.276070e-04	10	3.378180e-03	2.739600e-04	10	false	GAMG	5.486190e-03	4.116660e-05	6	true
491           	smoothSolver	5.638810e-04	4.796070e-05	10	8.741820e-03	7.277390e-04	10	3.353950e-03	2.727460e-04	10	false	GAMG	5.454880e-03	5.067500e-05	5	true
492           	smoothSolver	5.618200e-04	4.797140e-05	10	8.692250e-03	7.292060e-04	10	3.331490e-03	2.722470e-04	10	false	GAMG	5.396490e-03	5.206820e-05	5	true
493           	smoothSolver	5.596890e-04	4.806800e-05	10	8.668150e-03	7.336530e-04	10	3.316550e-03	2.727370e-04	10	false	GAMG	5.350230e-03	4.962300e-05	5	true
494           	smoothSolver	5.565850e-04	4.809250e-05	10	8.652910e-03	7.373590e-04	10	3.296900e-03	2.721810e-04	10	false	GAMG	5.272220e-03	4.784790e-05	5	true
495           	smoothSolver	5.525380e-04	4.787900e-05	10	8.625650e-03	7.380960e-04	10	3.268060e-03	2.690560e-04	10	false	GAMG	5.195440e-03	4.596310e-05	5	true
496           	smoothSolver	5.483070e-04	4.749860e-05	10	8.590470e-03	7.365140e-04	10	3.235060e-03	2.653910e-04	10	false	GAMG	5.116820e-03	4.518390e-05	5	true
497           	smoothSolver	5.445860e-04	4.719100e-05	10	8.551450e-03	7.348200e-04	10	3.207540e-03	2.630490e-04	10	false	GAMG	5.048070e-03	4.613790e-05	5	true
498           	smoothSolver	5.417600e-04	4.712060e-05	10	8.532800e-03	7.345510e-04	10	3.195620e-03	2.628070e-04	10	false	GAMG	5.010670e-03	4.719950e-05	5	true
499           	smoothSolver	5.400930e-04	4.719700e-05	10	8.534850e-03	7.348660e-04	10	3.193760e-03	2.628140e-04	10	false	GAMG	4.973410e-03	4.721780e-05	5	true
500           	smoothSolver	5.396840e-04	4.726640e-05	10	8.547420e-03	7.350920e-04	10	3.195940e-03	2.629670e-04	10	false	GAMG	4.943980e-03	4.650470e-05	5	true
501           	smoothSolver	5.415240e-04	4.733220e-05	10	8.553260e-03	7.355330e-04	10	3.205820e-03	2.635260e-04	10	false	GAMG	4.915570e-03	4.685160e-05	5	true
502           	smoothSolver	5.454660e-04	4.766120e-05	10	8.557630e-03	7.375090e-04	10	3.226600e-03	2.657400e-04	10	false	GAMG	4.901680e-03	4.769380e-05	5	true
503           	smoothSolver	5.501920e-04	4.825710e-05	10	8.551620e-03	7.384640e-04	10	3.252970e-03	2.686520e-04	10	false	GAMG	4.885500e-03	4.739140e-05	5	true
504           	smoothSolver	5.542510e-04	4.883180e-05	10	8.542130e-03	7.384800e-04	10	3.271020e-03	2.707720e-04	10	false	GAMG	4.872900e-03	4.772150e-05	5	true
505           	smoothSolver	5.571150e-04	4.911420e-05	10	8.531440e-03	7.375850e-04	10	3.281670e-03	2.711560e-04	10	false	GAMG	4.878440e-03	3.457160e-05	6	true
506           	smoothSolver	5.615490e-04	4.906990e-05	10	8.510850e-03	7.353160e-04	10	3.287040e-03	2.706100e-04	10	false	GAMG	4.882710e-03	4.773170e-05	5	true
507           	smoothSolver	5.612530e-04	4.893850e-05	10	8.482070e-03	7.313150e-04	10	3.291970e-03	2.709800e-04	10	false	GAMG	4.893790e-03	3.816370e-05	6	true
508           	smoothSolver	5.643640e-04	4.894130e-05	10	8.435220e-03	7.285870e-04	10	3.308460e-03	2.736220e-04	10	false	GAMG	4.895740e-03	4.840380e-05	5	true
509           	smoothSolver	5.621960e-04	4.899530e-05	10	8.398720e-03	7.253170e-04	10	3.311310e-03	2.754580e-04	10	false	GAMG	4.902350e-03	3.689870e-05	6	true
510           	smoothSolver	5.611980e-04	4.893160e-05	10	8.346700e-03	7.221610e-04	10	3.306840e-03	2.762540e-04	10	false	GAMG	4.910060e-03	4.675980e-05	5	true
511           	smoothSolver	5.575460e-04	4.872950e-05	10	8.311930e-03	7.179080e-04	10	3.287510e-03	2.745250e-04	10	false	GAMG	4.920570e-03	3.727850e-05	6	true
512           	smoothSolver	5.547190e-04	4.843460e-05	10	8.263840e-03	7.151200e-04	10	3.270700e-03	2.732480e-04	10	false	GAMG	4.941910e-03	4.658700e-05	5	true
513           	smoothSolver	5.514120e-04	4.822060e-05	10	8.230190e-03	7.125190e-04	10	3.254660e-03	2.720970e-04	10	false	GAMG	4.978090e-03	4.962310e-05	5	true
514           	smoothSolver	5.482990e-04	4.817610e-05	10	8.201260e-03	7.111900e-04	10	3.244460e-03	2.717810e-04	10	false	GAMG	4.988420e-03	3.640320e-05	6	true
515           	smoothSolver	5.480950e-04	4.824470e-05	10	8.194630e-03	7.108610e-04	10	3.237890e-03	2.710950e-04	10	false	GAMG	4.995500e-03	4.652050e-05	5	true
516           	smoothSolver	5.478180e-04	4.820750e-05	10	8.177490e-03	7.081350e-04	10	3.225600e-03	2.691540e-04	10	false	GAMG	4.982150e-03	3.568300e-05	6	true
517           	smoothSolver	5.490500e-04	4.819240e-05	10	8.171030e-03	7.066430e-04	10	3.227060e-03	2.691640e-04	10	false	GAMG	4.946300e-03	4.779770e-05	5	true
518           	smoothSolver	5.528680e-04	4.845840e-05	10	8.134300e-03	7.058310e-04	10	3.229740e-03	2.702330e-04	10	false	GAMG	4.897370e-03	2.760380e-05	6	true
519           	smoothSolver	5.571170e-04	4.888590e-05	10	8.145300e-03	7.064010e-04	10	3.245210e-03	2.724510e-04	10	false	GAMG	4.815040e-03	4.392190e-05	5	true
520           	smoothSolver	5.605550e-04	4.926560e-05	10	8.144940e-03	7.069560e-04	10	3.253230e-03	2.730880e-04	10	false	GAMG	4.738650e-03	4.469330e-05	5	true
521           	smoothSolver	5.632000e-04	4.938380e-05	10	8.177300e-03	7.069770e-04	10	3.261900e-03	2.728140e-04	10	false	GAMG	4.669790e-03	4.505160e-05	5	true
522           	smoothSolver	5.641540e-04	4.934350e-05	10	8.197300e-03	7.055100e-04	10	3.268310e-03	2.723590e-04	10	false	GAMG	4.637930e-03	2.866560e-05	6	true
523           	smoothSolver	5.649740e-04	4.936860e-05	10	8.225930e-03	7.067760e-04	10	3.283290e-03	2.736190e-04	10	false	GAMG	4.623900e-03	3.061380e-05	6	true
524           	smoothSolver	5.653100e-04	4.952840e-05	10	8.256110e-03	7.104430e-04	10	3.293290e-03	2.755200e-04	10	false	GAMG	4.626240e-03	2.860500e-05	6	true
525           	smoothSolver	5.644600e-04	4.972080e-05	10	8.267050e-03	7.142110e-04	10	3.291580e-03	2.758810e-04	10	false	GAMG	4.636920e-03	2.854110e-05	6	true
526           	smoothSolver	5.633230e-04	4.967530e-05	10	8.261340e-03	7.163020e-04	10	3.275520e-03	2.739330e-04	10	false	GAMG	4.638090e-03	4.624910e-05	5	true
527           	smoothSolver	5.622310e-04	4.945540e-05	10	8.238420e-03	7.157350e-04	10	3.251110e-03	2.708670e-04	10	false	GAMG	4.654000e-03	4.645370e-05	5	true
528           	smoothSolver	5.605620e-04	4.926270e-05	10	8.195250e-03	7.150090e-04	10	3.228920e-03	2.687730e-04	10	false	GAMG	4.651650e-03	4.541530e-05	5	true
529           	smoothSolver	5.593370e-04	4.923020e-05	10	8.170940e-03	7.138130e-04	10	3.211690e-03	2.679200e-04	10	false	GAMG	4.642270e-03	3.111240e-05	6	true
530           	smoothSolver	5.587560e-04	4.924740e-05	10	8.168750e-03	7.134410e-04	10	3.207050e-03	2.679430e-04	10	false	GAMG	4.638640e-03	4.588350e-05	5	true
531           	smoothSolver	5.577900e-04	4.916690e-05	10	8.162220e-03	7.122320e-04	10	3.199290e-03	2.671670e-04	10	false	GAMG	4.622150e-03	2.732670e-05	6	true
532           	smoothSolver	5.576880e-04	4.904910e-05	10	8.148410e-03	7.117740e-04	10	3.198180e-03	2.670850e-04	10	false	GAMG	4.598810e-03	2.783530e-05	6	true
533           	smoothSolver	5.589150e-04	4.913380e-05	10	8.117890e-03	7.111860e-04	10	3.200830e-03	2.679020e-04	10	false	GAMG	4.585290e-03	2.753870e-05	6	true
534           	smoothSolver	5.601650e-04	4.932630e-05	10	8.084000e-03	7.097430e-04	10	3.204120e-03	2.695500e-04	10	false	GAMG	4.552580e-03	2.814520e-05	6	true
535           	smoothSolver	5.602290e-04	4.946250e-05	10	8.046340e-03	7.071310e-04	10	3.205600e-03	2.707790e-04	10	false	GAMG	4.520190e-03	4.471650e-05	5	true
536           	smoothSolver	5.600230e-04	4.936390e-05	10	8.013390e-03	7.032620e-04	10	3.205600e-03	2.702070e-04	10	false	GAMG	4.479060e-03	2.641760e-05	6	true
537           	smoothSolver	5.566630e-04	4.893630e-05	10	7.985840e-03	6.997880e-04	10	3.201680e-03	2.691980e-04	10	false	GAMG	4.453240e-03	4.384020e-05	5	true
538           	smoothSolver	5.543580e-04	4.851350e-05	10	7.960880e-03	6.969180e-04	10	3.194010e-03	2.688330e-04	10	false	GAMG	4.456310e-03	2.545780e-05	6	true
539           	smoothSolver	5.524960e-04	4.831850e-05	10	7.956250e-03	6.968050e-04	10	3.198010e-03	2.706840e-04	10	false	GAMG	4.479320e-03	4.199580e-05	5	true
540           	smoothSolver	5.511680e-04	4.834290e-05	10	7.944480e-03	6.956930e-04	10	3.196510e-03	2.716220e-04	10	false	GAMG	4.511950e-03	4.388390e-05	5	true
541           	smoothSolver	5.498970e-04	4.830550e-05	10	7.953690e-03	6.957690e-04	10	3.197870e-03	2.715830e-04	10	false	GAMG	4.546290e-03	4.414290e-05	5	true
542           	smoothSolver	5.485990e-04	4.809350e-05	10	7.965950e-03	6.947270e-04	10	3.193590e-03	2.696420e-04	10	false	GAMG	4.614660e-03	4.454830e-05	5	true
543           	smoothSolver	5.477940e-04	4.787190e-05	10	8.002230e-03	6.957040e-04	10	3.194810e-03	2.677810e-04	10	false	GAMG	4.700510e-03	4.537150e-05	5	true
544           	smoothSolver	5.478170e-04	4.783120e-05	10	8.042160e-03	6.987530e-04	10	3.205680e-03	2.676900e-04	10	false	GAMG	4.766350e-03	4.615330e-05	5	true
545           	smoothSolver	5.484420e-04	4.797110e-05	10	8.068260e-03	7.022480e-04	10	3.213630e-03	2.685270e-04	10	false	GAMG	4.799040e-03	4.703600e-05	5	true
546           	smoothSolver	5.495300e-04	4.816680e-05	10	8.089740e-03	7.053670e-04	10	3.219650e-03	2.697050e-04	10	false	GAMG	4.791260e-03	4.677300e-05	5	true
547           	smoothSolver	5.514500e-04	4.822410e-05	10	8.092640e-03	7.073580e-04	10	3.225360e-03	2.703250e-04	10	false	GAMG	4.773480e-03	4.624090e-05	5	true
548           	smoothSolver	5.544630e-04	4.837700e-05	10	8.088180e-03	7.086040e-04	10	3.232640e-03	2.710300e-04	10	false	GAMG	4.751090e-03	4.647010e-05	5	true
549           	smoothSolver	5.579410e-04	4.872300e-05	10	8.079750e-03	7.089310e-04	10	3.245600e-03	2.722930e-04	10	false	GAMG	4.739640e-03	4.704010e-05	5	true
550           	smoothSolver	5.612350e-04	4.904700e-05	10	8.085490e-03	7.088650e-04	10	3.259440e-03	2.740510e-04	10	false	GAMG	4.729360e-03	2.961580e-05	6	true
551           	smoothSolver	5.637390e-04	4.920090e-05	10	8.115730e-03	7.096250e-04	10	3.270110e-03	2.746990e-04	10	false	GAMG	4.727780e-03	4.600710e-05	5	true
552           	smoothSolver	5.641020e-04	4.908270e-05	10	8.159330e-03	7.100020e-04	10	3.264080e-03	2.731230e-04	10	false	GAMG	4.722320e-03	3.395440e-05	6	true
553           	smoothSolver	5.639400e-04	4.882720e-05	10	8.215260e-03	7.135250e-04	10	3.270190e-03	2.726480e-04	10	false	GAMG	4.722070e-03	4.715840e-05	5	true
554           	smoothSolver	5.625580e-04	4.869320e-05	10	8.259910e-03	7.183760e-04	10	3.278200e-03	2.736580e-04	10	false	GAMG	4.715870e-03	3.543900e-05	6	true
555           	smoothSolver	5.610940e-04	4.867700e-05	10	8.291140e-03	7.254360e-04	10	3.292120e-03	2.760540e-04	10	false	GAMG	4.719470e-03	4.619360e-05	5	true
556           	smoothSolver	5.577390e-04	4.861410e-05	10	8.302750e-03	7.290370e-04	10	3.285330e-03	2.765910e-04	10	false	GAMG	4.695980e-03	2.770290e-05	6	true
557           	smoothSolver	5.532650e-04	4.837320e-05	10	8.270660e-03	7.300560e-04	10	3.263800e-03	2.750300e-04	10	false	GAMG	4.678290e-03	4.312910e-05	5	true
558           	smoothSolver	5.502130e-04	4.803530e-05	10	8.247720e-03	7.271980e-04	10	3.244820e-03	2.720340e-04	10	false	GAMG	4.646370e-03	4.538480e-05	5	true
559           	smoothSolver	5.485610e-04	4.779840e-05	10	8.236560e-03	7.247510e-04	10	3.228350e-03	2.701110e-04	10	false	GAMG	4.622430e-03	4.549750e-05	5	true
560           	smoothSolver	5.476870e-04	4.775230e-05	10	8.249380e-03	7.232950e-04	10	3.217400e-03	2.691540e-04	10	false	GAMG	4.606190e-03	4.530580e-05	5	true
561           	smoothSolver	5.475160e-04	4.781900e-05	10	8.280360e-03	7.231960e-04	10	3.215740e-03	2.691300e-04	10	false	GAMG	4.612960e-03	4.500370e-05	5	true
562           	smoothSolver	5.480040e-04	4.785430e-05	10	8.319550e-03	7.241810e-04	10	3.213870e-03	2.685480e-04	10	false	GAMG	4.617290e-03	4.477320e-05	5	true
563           	smoothSolver	5.489970e-04	4.791360e-05	10	8.357250e-03	7.255170e-04	10	3.213590e-03	2.670020e-04	10	false	GAMG	4.614130e-03	4.531560e-05	5	true
564           	smoothSolver	5.507190e-04	4.814810e-05	10	8.370340e-03	7.259780e-04	10	3.216420e-03	2.663200e-04	10	false	GAMG	4.620580e-03	4.615700e-05	5	true
565           	smoothSolver	5.526600e-04	4.845180e-05	10	8.354900e-03	7.245750e-04	10	3.223110e-03	2.669670e-04	10	false	GAMG	4.625680e-03	4.625290e-05	5	true
566           	smoothSolver	5.532730e-04	4.870330e-05	10	8.326080e-03	7.228940e-04	10	3.224360e-03	2.678750e-04	10	false	GAMG	4.635180e-03	3.048580e-05	6	true
567           	smoothSolver	5.544120e-04	4.871490e-05	10	8.288260e-03	7.203020e-04	10	3.218760e-03	2.673240e-04	10	false	GAMG	4.647830e-03	4.459350e-05	5	true
568           	smoothSolver	5.532180e-04	4.841450e-05	10	8.251850e-03	7.162470e-04	10	3.205880e-03	2.652480e-04	10	false	GAMG	4.645750e-03	2.978280e-05	6	true
569           	smoothSolver	5.526340e-04	4.808830e-05	10	8.196460e-03	7.144430e-04	10	3.197630e-03	2.645760e-04	10	false	GAMG	4.626470e-03	4.431160e-05	5	true
570           	smoothSolver	5.516820e-04	4.800710e-05	10	8.147340e-03	7.149130e-04	10	3.191560e-03	2.658880e-04	10	false	GAMG	4.589250e-03	4.539180e-05	5	true
571           	smoothSolver	5.500640e-04	4.810310e-05	10	8.116570e-03	7.163060e-04	10	3.190870e-03	2.679410e-04	10	false	GAMG	4.556030e-03	4.426990e-05	5	true
572           	smoothSolver	5.483070e-04	4.819060e-05	10	8.092500e-03	7.169670e-04	10	3.185370e-03	2.689590e-04	10	false	GAMG	4.524580e-03	4.380690e-05	5	true
573           	smoothSolver	5.463930e-04	4.811250e-05	10	8.072190e-03	7.153960e-04	10	3.173950e-03	2.682010e-04	10	false	GAMG	4.523760e-03	4.402090e-05	5	true
574           	smoothSolver	5.453380e-04	4.799850e-05	10	8.058960e-03	7.131270e-04	10	3.164790e-03	2.673090e-04	10	false	GAMG	4.540560e-03	4.449620e-05	5	true
575           	smoothSolver	5.454530e-04	4.803110e-05	10	8.066060e-03	7.127250e-04	10	3.168840e-03	2.675830e-04	10	false	GAMG	4.584660e-03	4.522190e-05	5	true
576           	smoothSolver	5.468050e-04	4.812630e-05	10	8.091360e-03	7.136780e-04	10	3.183630e-03	2.690040e-04	10	false	GAMG	4.616540e-03	4.515760e-05	5	true
577           	smoothSolver	5.493640e-04	4.829070e-05	10	8.120780e-03	7.154460e-04	10	3.200750e-03	2.701490e-04	10	false	GAMG	4.636800e-03	4.471480e-05	5	true
578           	smoothSolver	5.531950e-04	4.845740e-05	10	8.144910e-03	7.166650e-04	10	3.214430e-03	2.700380e-04	10	false	GAMG	4.652560e-03	4.541690e-05	5	true
579           	smoothSolver	5.575130e-04	4.863910e-05	10	8.163850e-03	7.168790e-04	10	3.227060e-03	2.692490e-04	10	false	GAMG	4.681020e-03	2.675420e-05	6	true
580           	smoothSolver	5.612630e-04	4.884570e-05	10	8.180170e-03	7.159300e-04	10	3.235650e-03	2.691320e-04	10	false	GAMG	4.704700e-03	4.476500e-05	5	true
581           	smoothSolver	5.640170e-04	4.909830e-05	10	8.181410e-03	7.145460e-04	10	3.242270e-03	2.697800e-04	10	false	GAMG	4.755420e-03	2.791830e-05	6	true
582           	smoothSolver	5.657830e-04	4.928720e-05	10	8.190420e-03	7.157980e-04	10	3.250180e-03	2.712960e-04	10	false	GAMG	4.797350e-03	4.612820e-05	5	true
583           	smoothSolver	5.664580e-04	4.932790e-05	10	8.205700e-03	7.173470e-04	10	3.248630e-03	2.713890e-04	10	false	GAMG	4.828520e-03	2.926780e-05	6	true
584           	smoothSolver	5.672610e-04	4.922370e-05	10	8.218690e-03	7.206200e-04	10	3.252810e-03	2.719640e-04	10	false	GAMG	4.827200e-03	4.480600e-05	5	true
585           	smoothSolver	5.676230e-04	4.917080e-05	10	8.224640e-03	7.239820e-04	10	3.253930e-03	2.726610e-04	10	false	GAMG	4.798780e-03	4.758160e-05	5	true
586           	smoothSolver	5.684940e-04	4.927630e-05	10	8.253300e-03	7.301470e-04	10	3.265610e-03	2.753050e-04	10	false	GAMG	4.744830e-03	4.679550e-05	5	true
587           	smoothSolver	5.682500e-04	4.944950e-05	10	8.292890e-03	7.356290e-04	10	3.273440e-03	2.775270e-04	10	false	GAMG	4.688550e-03	4.613460e-05	5	true
588           	smoothSolver	5.671150e-04	4.952160e-05	10	8.332340e-03	7.397240e-04	10	3.274230e-03	2.778110e-04	10	false	GAMG	4.634800e-03	4.525850e-05	5	true
589           	smoothSolver	5.650510e-04	4.933480e-05	10	8.372610e-03	7.426350e-04	10	3.261020e-03	2.755290e-04	10	false	GAMG	4.634050e-03	4.595060e-05	5	true
590           	smoothSolver	5.629780e-04	4.909510e-05	10	8.423120e-03	7.462120e-04	10	3.244800e-03	2.727020e-04	10	false	GAMG	4.666860e-03	2.542710e-05	6	true
591           	smoothSolver	5.624230e-04	4.906040e-05	10	8.479640e-03	7.509060e-04	10	3.238520e-03	2.716940e-04	10	false	GAMG	4.723930e-03	4.397760e-05	5	true
592           	smoothSolver	5.634010e-04	4.925240e-05	10	8.537810e-03	7.564970e-04	10	3.237120e-03	2.724700e-04	10	false	GAMG	4.769650e-03	4.657170e-05	5	true
593           	smoothSolver	5.667270e-04	4.951400e-05	10	8.597650e-03	7.628350e-04	10	3.243400e-03	2.738700e-04	10	false	GAMG	4.798030e-03	4.604810e-05	5	true
594           	smoothSolver	5.713970e-04	4.981220e-05	10	8.630230e-03	7.670520e-04	10	3.243690e-03	2.738660e-04	10	false	GAMG	4.808760e-03	4.675940e-05	5	true
595           	smoothSolver	5.757850e-04	5.012540e-05	10	8.637640e-03	7.685940e-04	10	3.247060e-03	2.735120e-04	10	false	GAMG	4.809850e-03	4.785150e-05	5	true
596           	smoothSolver	5.795230e-04	5.043130e-05	10	8.629280e-03	7.685680e-04	10	3.255140e-03	2.747740e-04	10	false	GAMG	4.779850e-03	2.958730e-05	6	true
597           	smoothSolver	5.817200e-04	5.067470e-05	10	8.621860e-03	7.696080e-04	10	3.271930e-03	2.776970e-04	10	false	GAMG	4.759970e-03	4.589000e-05	5	true
598           	smoothSolver	5.811720e-04	5.078820e-05	10	8.602520e-03	7.705680e-04	10	3.281160e-03	2.794670e-04	10	false	GAMG	4.728700e-03	2.886050e-05	6	true
599           	smoothSolver	5.791790e-04	5.069330e-05	10	8.590140e-03	7.727940e-04	10	3.284830e-03	2.800790e-04	10	false	GAMG	4.703020e-03	4.407600e-05	5	true
600           	smoothSolver	5.760800e-04	5.051240e-05	10	8.562410e-03	7.740320e-04	10	3.275810e-03	2.796100e-04	10	false	GAMG	4.663760e-03	2.983440e-05	6	true
601           	smoothSolver	5.752840e-04	5.042340e-05	10	8.547410e-03	7.773250e-04	10	3.280750e-03	2.819960e-04	10	false	GAMG	4.637650e-03	4.464150e-05	5	true
602           	smoothSolver	5.738200e-04	5.044400e-05	10	8.529040e-03	7.773530e-04	10	3.288670e-03	2.850320e-04	10	false	GAMG	4.617940e-03	3.005700e-05	6	true
603           	smoothSolver	5.728160e-04	5.049260e-05	10	8.526900e-03	7.766720e-04	10	3.297790e-03	2.872880e-04	10	false	GAMG	4.599390e-03	4.479410e-05	5	true
604           	smoothSolver	5.714320e-04	5.045860e-05	10	8.522690e-03	7.723550e-04	10	3.295150e-03	2.861050e-04	10	false	GAMG	4.592140e-03	3.355340e-05	6	true
605           	smoothSolver	5.708630e-04	5.023410e-05	10	8.542160e-03	7.679670e-04	10	3.295650e-03	2.832470e-04	10	false	GAMG	4.611180e-03	4.557530e-05	5	true
606           	smoothSolver	5.691270e-04	5.006140e-05	10	8.555370e-03	7.640600e-04	10	3.296860e-03	2.805540e-04	10	false	GAMG	4.647190e-03	3.199030e-05	6	true
607           	smoothSolver	5.681780e-04	4.997220e-05	10	8.593840e-03	7.636470e-04	10	3.313560e-03	2.812350e-04	10	false	GAMG	4.690750e-03	2.664730e-05	6	true
608           	smoothSolver	5.677780e-04	4.995590e-05	10	8.604090e-03	7.642330e-04	10	3.325540e-03	2.827690e-04	10	false	GAMG	4.705950e-03	2.699390e-05	6	true
609           	smoothSolver	5.682810e-04	4.996540e-05	10	8.613730e-03	7.660990e-04	10	3.332020e-03	2.834260e-04	10	false	GAMG	4.720100e-03	4.711640e-05	5	true
610           	smoothSolver	5.694190e-04	4.998970e-05	10	8.606180e-03	7.659670e-04	10	3.328710e-03	2.822710e-04	10	false	GAMG	4.731720e-03	3.063620e-05	6	true
611           	smoothSolver	5.722670e-04	5.006890e-05	10	8.619340e-03	7.645270e-04	10	3.332890e-03	2.819170e-04	10	false	GAMG	4.735120e-03	4.689090e-05	5	true
612           	smoothSolver	5.736140e-04	5.016730e-05	10	8.603850e-03	7.617620e-04	10	3.329520e-03	2.820900e-04	10	false	GAMG	4.728290e-03	2.933450e-05	6	true
613           	smoothSolver	5.741000e-04	5.017190e-05	10	8.613030e-03	7.595990e-04	10	3.328740e-03	2.829480e-04	10	false	GAMG	4.724180e-03	2.601390e-05	6	true
614           	smoothSolver	5.727980e-04	5.005110e-05	10	8.621210e-03	7.586420e-04	10	3.318690e-03	2.819490e-04	10	false	GAMG	4.715910e-03	2.635900e-05	6	true
615           	smoothSolver	5.706360e-04	4.976980e-05	10	8.639250e-03	7.584880e-04	10	3.303000e-03	2.794680e-04	10	false	GAMG	4.718180e-03	4.649570e-05	5	true
616           	smoothSolver	5.689850e-04	4.948600e-05	10	8.653370e-03	7.604010e-04	10	3.282760e-03	2.768990e-04	10	false	GAMG	4.724890e-03	2.661740e-05	6	true
617           	smoothSolver	5.677640e-04	4.929840e-05	10	8.678660e-03	7.652080e-04	10	3.277600e-03	2.765980e-04	10	false	GAMG	4.730590e-03	4.483570e-05	5	true
618           	smoothSolver	5.664710e-04	4.919140e-05	10	8.705510e-03	7.697190e-04	10	3.272040e-03	2.769690e-04	10	false	GAMG	4.732030e-03	4.667710e-05	5	true
619           	smoothSolver	5.654890e-04	4.910840e-05	10	8.740460e-03	7.737030e-04	10	3.271200e-03	2.768650e-04	10	false	GAMG	4.716820e-03	4.570320e-05	5	true
620           	smoothSolver	5.646230e-04	4.895230e-05	10	8.784110e-03	7.759750e-04	10	3.266040e-03	2.749600e-04	10	false	GAMG	4.707770e-03	4.587910e-05	5	true
621           	smoothSolver	5.637380e-04	4.870400e-05	10	8.830650e-03	7.774270e-04	10	3.257260e-03	2.718250e-04	10	false	GAMG	4.741950e-03	4.672160e-05	5	true
622           	smoothSolver	5.629840e-04	4.852770e-05	10	8.874070e-03	7.794060e-04	10	3.254240e-03	2.703850e-04	10	false	GAMG	4.772760e-03	4.683240e-05	5	true
623           	smoothSolver	5.627330e-04	4.848950e-05	10	8.899470e-03	7.823570e-04	10	3.255760e-03	2.715860e-04	10	false	GAMG	4.799370e-03	4.563320e-05	5	true
624           	smoothSolver	5.627440e-04	4.854310e-05	10	8.891190e-03	7.854860e-04	10	3.255790e-03	2.737030e-04	10	false	GAMG	4.788910e-03	4.403320e-05	5	true
625           	smoothSolver	5.635640e-04	4.872980e-05	10	8.868200e-03	7.875500e-04	10	3.249200e-03	2.739540e-04	10	false	GAMG	4.756270e-03	4.417130e-05	5	true
626           	smoothSolver	5.645430e-04	4.888480e-05	10	8.829280e-03	7.875320e-04	10	3.236130e-03	2.730140e-04	10	false	GAMG	4.704160e-03	4.590560e-05	5	true
627           	smoothSolver	5.653570e-04	4.899650e-05	10	8.786260e-03	7.865430e-04	10	3.226680e-03	2.728140e-04	10	false	GAMG	4.657060e-03	2.566340e-05	6	true
628           	smoothSolver	5.649860e-04	4.902540e-05	10	8.744100e-03	7.851250e-04	10	3.219660e-03	2.735290e-04	10	false	GAMG	4.616580e-03	2.555330e-05	6	true
629           	smoothSolver	5.628930e-04	4.898470e-05	10	8.694610e-03	7.827030e-04	10	3.209280e-03	2.730320e-04	10	false	GAMG	4.586120e-03	2.414970e-05	6	true
630           	smoothSolver	5.605170e-04	4.888530e-05	10	8.643610e-03	7.798030e-04	10	3.194100e-03	2.716060e-04	10	false	GAMG	4.567020e-03	4.497740e-05	5	true
631           	smoothSolver	5.581750e-04	4.877070e-05	10	8.608240e-03	7.785550e-04	10	3.185200e-03	2.698370e-04	10	false	GAMG	4.564960e-03	2.549010e-05	6	true
632           	smoothSolver	5.568940e-04	4.872210e-05	10	8.589380e-03	7.795030e-04	10	3.185790e-03	2.703060e-04	10	false	GAMG	4.540610e-03	4.243700e-05	5	true
633           	smoothSolver	5.559770e-04	4.872230e-05	10	8.569820e-03	7.795240e-04	10	3.187180e-03	2.716460e-04	10	false	GAMG	4.523760e-03	4.387540e-05	5	true
634           	smoothSolver	5.555720e-04	4.870580e-05	10	8.570100e-03	7.800740e-04	10	3.189460e-03	2.729840e-04	10	false	GAMG	4.499990e-03	4.423070e-05	5	true
635           	smoothSolver	5.547650e-04	4.866720e-05	10	8.581340e-03	7.791900e-04	10	3.194010e-03	2.729880e-04	10	false	GAMG	4.485710e-03	2.707460e-05	6	true
636           	smoothSolver	5.547840e-04	4.856380e-05	10	8.604880e-03	7.786870e-04	10	3.200080e-03	2.717320e-04	10	false	GAMG	4.474720e-03	4.437730e-05	5	true
637           	smoothSolver	5.551490e-04	4.842260e-05	10	8.637290e-03	7.781100e-04	10	3.208690e-03	2.706780e-04	10	false	GAMG	4.484260e-03	2.581380e-05	6	true
638           	smoothSolver	5.561460e-04	4.836230e-05	10	8.677420e-03	7.804740e-04	10	3.229440e-03	2.723620e-04	10	false	GAMG	4.496450e-03	4.252060e-05	5	true
639           	smoothSolver	5.583000e-04	4.846440e-05	10	8.700970e-03	7.833130e-04	10	3.248610e-03	2.745650e-04	10	false	GAMG	4.506960e-03	4.351950e-05	5	true
640           	smoothSolver	5.604890e-04	4.879460e-05	10	8.698990e-03	7.855960e-04	10	3.260000e-03	2.765880e-04	10	false	GAMG	4.498340e-03	4.246480e-05	5	true
641           	smoothSolver	5.624090e-04	4.908650e-05	10	8.680840e-03	7.837200e-04	10	3.257860e-03	2.766860e-04	10	false	GAMG	4.484840e-03	4.284170e-05	5	true
642           	smoothSolver	5.643070e-04	4.921800e-05	10	8.650010e-03	7.777490e-04	10	3.247780e-03	2.755540e-04	10	false	GAMG	4.465020e-03	2.702000e-05	6	true
643           	smoothSolver	5.659370e-04	4.934530e-05	10	8.639560e-03	7.738190e-04	10	3.248100e-03	2.757550e-04	10	false	GAMG	4.453880e-03	4.408700e-05	5	true
644           	smoothSolver	5.662280e-04	4.944750e-05	10	8.629690e-03	7.702010e-04	10	3.250390e-03	2.765800e-04	10	false	GAMG	4.441170e-03	2.946490e-05	6	true
645           	smoothSolver	5.667340e-04	4.955120e-05	10	8.640270e-03	7.705860e-04	10	3.263790e-03	2.778280e-04	10	false	GAMG	4.448720e-03	4.436010e-05	5	true
646           	smoothSolver	5.667790e-04	4.963770e-05	10	8.655300e-03	7.714480e-04	10	3.272920e-03	2.774000e-04	10	false	GAMG	4.459950e-03	2.529190e-05	6	true
647           	smoothSolver	5.668630e-04	4.959250e-05	10	8.679740e-03	7.743430e-04	10	3.286020e-03	2.770520e-04	10	false	GAMG	4.490340e-03	4.343720e-05	5	true
648           	smoothSolver	5.674720e-04	4.953730e-05	10	8.701740e-03	7.757020e-04	10	3.288060e-03	2.769480e-04	10	false	GAMG	4.537700e-03	2.810420e-05	6	true
649           	smoothSolver	5.675890e-04	4.943180e-05	10	8.708860e-03	7.768110e-04	10	3.290020e-03	2.783380e-04	10	false	GAMG	4.605290e-03	4.323890e-05	5	true
650           	smoothSolver	5.675180e-04	4.935750e-05	10	8.708980e-03	7.755220e-04	10	3.285330e-03	2.791160e-04	10	false	GAMG	4.662730e-03	4.566710e-05	5	true
651           	smoothSolver	5.672510e-04	4.930410e-05	10	8.725790e-03	7.739630e-04	10	3.282960e-03	2.784740e-04	10	false	GAMG	4.727690e-03	4.635460e-05	5	true
652           	smoothSolver	5.674470e-04	4.920150e-05	10	8.763950e-03	7.725500e-04	10	3.280570e-03	2.760660e-04	10	false	GAMG	4.775020e-03	4.683190e-05	5	true
653           	smoothSolver	5.668220e-04	4.901100e-05	10	8.800640e-03	7.720720e-04	10	3.280050e-03	2.742180e-04	10	false	GAMG	4.824670e-03	4.696980e-05	5	true
654           	smoothSolver	5.663100e-04	4.892060e-05	10	8.822900e-03	7.736230e-04	10	3.285720e-03	2.744660e-04	10	false	GAMG	4.850070e-03	4.655250e-05	5	true
655           	smoothSolver	5.659010e-04	4.897080e-05	10	8.810430e-03	7.754030e-04	10	3.290220e-03	2.757010e-04	10	false	GAMG	4.826930e-03	4.667100e-05	5	true
656           	smoothSolver	5.648940e-04	4.911850e-05	10	8.759870e-03	7.747930e-04	10	3.281100e-03	2.758600e-04	10	false	GAMG	4.774240e-03	4.720010e-05	5	true
657           	smoothSolver	5.638540e-04	4.924380e-05	10	8.699280e-03	7.716110e-04	10	3.267700e-03	2.747720e-04	10	false	GAMG	4.722380e-03	4.721050e-05	5	true
658           	smoothSolver	5.632150e-04	4.924270e-05	10	8.653590e-03	7.678910e-04	10	3.254360e-03	2.738020e-04	10	false	GAMG	4.696400e-03	3.062270e-05	6	true
659           	smoothSolver	5.629980e-04	4.917680e-05	10	8.637150e-03	7.655070e-04	10	3.252150e-03	2.743280e-04	10	false	GAMG	4.684980e-03	4.573950e-05	5	true
660           	smoothSolver	5.617130e-04	4.907720e-05	10	8.637680e-03	7.646710e-04	10	3.251500e-03	2.752180e-04	10	false	GAMG	4.674880e-03	3.448560e-05	6	true
661           	smoothSolver	5.602830e-04	4.896650e-05	10	8.658080e-03	7.668390e-04	10	3.261940e-03	2.762300e-04	10	false	GAMG	4.655040e-03	4.466080e-05	5	true
662           	smoothSolver	5.587600e-04	4.887400e-05	10	8.676660e-03	7.695710e-04	10	3.254890e-03	2.751230e-04	10	false	GAMG	4.628080e-03	3.027490e-05	6	true
663           	smoothSolver	5.560360e-04	4.873640e-05	10	8.689310e-03	7.729420e-04	10	3.254070e-03	2.740450e-04	10	false	GAMG	4.595940e-03	4.255870e-05	5	true
664           	smoothSolver	5.545060e-04	4.848570e-05	10	8.685740e-03	7.724860e-04	10	3.245990e-03	2.725750e-04	10	false	GAMG	4.570300e-03	4.515990e-05	5	true
665           	smoothSolver	5.519300e-04	4.818560e-05	10	8.674830e-03	7.719690e-04	10	3.244270e-03	2.719380e-04	10	false	GAMG	4.535040e-03	4.491340e-05	5	true
666           	smoothSolver	5.495840e-04	4.797850e-05	10	8.662120e-03	7.703930e-04	10	3.240180e-03	2.712600e-04	10	false	GAMG	4.528450e-03	2.658620e-05	6	true
667           	smoothSolver	5.480200e-04	4.790920e-05	10	8.671380e-03	7.696480e-04	10	3.238870e-03	2.699860e-04	10	false	GAMG	4.550820e-03	4.357720e-05	5	true
668           	smoothSolver	5.478980e-04	4.783090e-05	10	8.693640e-03	7.687050e-04	10	3.232010e-03	2.680340e-04	10	false	GAMG	4.606610e-03	2.594300e-05	6	true
669           	smoothSolver	5.497010e-04	4.778540e-05	10	8.738560e-03	7.708930e-04	10	3.238960e-03	2.679970e-04	10	false	GAMG	4.664150e-03	4.517000e-05	5	true
670           	smoothSolver	5.531010e-04	4.789520e-05	10	8.768440e-03	7.734720e-04	10	3.245640e-03	2.689050e-04	10	false	GAMG	4.716470e-03	2.710360e-05	6	true
671           	smoothSolver	5.571360e-04	4.820300e-05	10	8.801450e-03	7.765440e-04	10	3.263130e-03	2.710440e-04	10	false	GAMG	4.746020e-03	4.644990e-05	5	true
672           	smoothSolver	5.613030e-04	4.851290e-05	10	8.821380e-03	7.764330e-04	10	3.269160e-03	2.713110e-04	10	false	GAMG	4.774730e-03	2.705590e-05	6	true
673           	smoothSolver	5.628590e-04	4.857230e-05	10	8.829980e-03	7.747620e-04	10	3.274480e-03	2.706830e-04	10	false	GAMG	4.790860e-03	4.684670e-05	5	true
674           	smoothSolver	5.631870e-04	4.847550e-05	10	8.829960e-03	7.713180e-04	10	3.267640e-03	2.696910e-04	10	false	GAMG	4.831630e-03	2.788140e-05	6	true
675           	smoothSolver	5.629130e-04	4.828940e-05	10	8.828840e-03	7.696230e-04	10	3.273580e-03	2.702690e-04	10	false	GAMG	4.830680e-03	4.567310e-05	5	true
676           	smoothSolver	5.618470e-04	4.818280e-05	10	8.820370e-03	7.702480e-04	10	3.275480e-03	2.708770e-04	10	false	GAMG	4.821320e-03	4.769680e-05	5	true
677           	smoothSolver	5.610670e-04	4.817790e-05	10	8.830510e-03	7.758220e-04	10	3.283500e-03	2.723030e-04	10	false	GAMG	4.787560e-03	4.615660e-05	5	true
678           	smoothSolver	5.599350e-04	4.816470e-05	10	8.837330e-03	7.817090e-04	10	3.279010e-03	2.729990e-04	10	false	GAMG	4.767760e-03	4.621370e-05	5	true
679           	smoothSolver	5.580280e-04	4.801230e-05	10	8.832420e-03	7.851780e-04	10	3.268160e-03	2.730830e-04	10	false	GAMG	4.732360e-03	2.785490e-05	6	true
680           	smoothSolver	5.555460e-04	4.783900e-05	10	8.811850e-03	7.857040e-04	10	3.249490e-03	2.732730e-04	10	false	GAMG	4.702610e-03	4.513920e-05	5	true
681           	smoothSolver	5.524880e-04	4.771690e-05	10	8.776700e-03	7.834120e-04	10	3.226670e-03	2.728040e-04	10	false	GAMG	4.651740e-03	4.619980e-05	5	true
682           	smoothSolver	5.498940e-04	4.769680e-05	10	8.756420e-03	7.800630e-04	10	3.208330e-03	2.716970e-04	10	false	GAMG	4.623100e-03	2.791810e-05	6	true
683           	smoothSolver	5.488140e-04	4.767100e-05	10	8.751500e-03	7.754850e-04	10	3.196690e-03	2.691840e-04	10	false	GAMG	4.614410e-03	4.517680e-05	5	true
684           	smoothSolver	5.491550e-04	4.757480e-05	10	8.742640e-03	7.705190e-04	10	3.187370e-03	2.663110e-04	10	false	GAMG	4.634530e-03	2.817450e-05	6	true
685           	smoothSolver	5.499650e-04	4.750770e-05	10	8.748750e-03	7.698690e-04	10	3.195620e-03	2.658420e-04	10	false	GAMG	4.647690e-03	4.422420e-05	5	true
686           	smoothSolver	5.525870e-04	4.758610e-05	10	8.722730e-03	7.707550e-04	10	3.204560e-03	2.666970e-04	10	false	GAMG	4.658800e-03	2.589400e-05	6	true
687           	smoothSolver	5.545870e-04	4.786800e-05	10	8.695730e-03	7.722410e-04	10	3.215000e-03	2.683510e-04	10	false	GAMG	4.611330e-03	4.388520e-05	5	true
688           	smoothSolver	5.557820e-04	4.812460e-05	10	8.634410e-03	7.694280e-04	10	3.206070e-03	2.685760e-04	10	false	GAMG	4.587390e-03	2.620630e-05	6	true
689           	smoothSolver	5.574260e-04	4.819820e-05	10	8.594790e-03	7.649420e-04	10	3.197420e-03	2.678290e-04	10	false	GAMG	4.566020e-03	4.384270e-05	5	true
690           	smoothSolver	5.573200e-04	4.805940e-05	10	8.549180e-03	7.598710e-04	10	3.181740e-03	2.662250e-04	10	false	GAMG	4.583000e-03	2.983530e-05	6	true
691           	smoothSolver	5.571610e-04	4.792610e-05	10	8.540430e-03	7.569300e-04	10	3.182220e-03	2.659640e-04	10	false	GAMG	4.598050e-03	4.509110e-05	5	true
692           	smoothSolver	5.554600e-04	4.792740e-05	10	8.536090e-03	7.569710e-04	10	3.185310e-03	2.663690e-04	10	false	GAMG	4.614880e-03	3.194650e-05	6	true
693           	smoothSolver	5.565090e-04	4.806090e-05	10	8.560840e-03	7.607050e-04	10	3.200810e-03	2.678130e-04	10	false	GAMG	4.627300e-03	4.477320e-05	5	true
694           	smoothSolver	5.551860e-04	4.812400e-05	10	8.579100e-03	7.629160e-04	10	3.200280e-03	2.678890e-04	10	false	GAMG	4.641600e-03	2.996850e-05	6	true
695           	smoothSolver	5.545930e-04	4.801940e-05	10	8.597920e-03	7.635140e-04	10	3.204100e-03	2.678360e-04	10	false	GAMG	4.642880e-03	4.519580e-05	5	true
696           	smoothSolver	5.534110e-04	4.783890e-05	10	8.598950e-03	7.623490e-04	10	3.198930e-03	2.668450e-04	10	false	GAMG	4.668270e-03	2.727500e-05	6	true
697           	smoothSolver	5.532570e-04	4.767380e-05	10	8.624480e-03	7.617130e-04	10	3.208860e-03	2.674960e-04	10	false	GAMG	4.707230e-03	4.406890e-05	5	true
698           	smoothSolver	5.528170e-04	4.758180e-05	10	8.642880e-03	7.606850e-04	10	3.216590e-03	2.673600e-04	10	false	GAMG	4.745260e-03	4.683980e-05	5	true
699           	smoothSolver	5.529680e-04	4.752330e-05	10	8.685950e-03	7.618430e-04	10	3.227320e-03	2.669310e-04	10	false	GAMG	4.776500e-03	2.623960e-05	6	true
700           	smoothSolver	5.534040e-04	4.741470e-05	10	8.709960e-03	7.622100e-04	10	3.231880e-03	2.659730e-04	10	false	GAMG	4.812680e-03	4.512090e-05	5	true
701           	smoothSolver	5.545670e-04	4.738470e-05	10	8.694580e-03	7.617060e-04	10	3.232710e-03	2.656340e-04	10	false	GAMG	4.809790e-03	4.787580e-05	5	true
702           	smoothSolver	5.561830e-04	4.759220e-05	10	8.662840e-03	7.631210e-04	10	3.236600e-03	2.672360e-04	10	false	GAMG	4.790220e-03	4.788890e-05	5	true
703           	smoothSolver	5.584860e-04	4.800260e-05	10	8.620010e-03	7.644420e-04	10	3.240410e-03	2.699070e-04	10	false	GAMG	4.729410e-03	2.710250e-05	6	true
704           	smoothSolver	5.601110e-04	4.835410e-05	10	8.576140e-03	7.643610e-04	10	3.234070e-03	2.711700e-04	10	false	GAMG	4.675840e-03	4.645590e-05	5	true
705           	smoothSolver	5.598210e-04	4.852350e-05	10	8.550900e-03	7.630800e-04	10	3.226010e-03	2.713010e-04	10	false	GAMG	4.616220e-03	2.646520e-05	6	true
706           	smoothSolver	5.589790e-04	4.851060e-05	10	8.543470e-03	7.629490e-04	10	3.219290e-03	2.717950e-04	10	false	GAMG	4.547260e-03	2.477620e-05	6	true
707           	smoothSolver	5.578440e-04	4.850700e-05	10	8.533890e-03	7.648580e-04	10	3.219450e-03	2.734290e-04	10	false	GAMG	4.486770e-03	2.505120e-05	6	true
708           	smoothSolver	5.564800e-04	4.856010e-05	10	8.530640e-03	7.679380e-04	10	3.228920e-03	2.757440e-04	10	false	GAMG	4.448560e-03	4.358680e-05	5	true
709           	smoothSolver	5.553260e-04	4.859320e-05	10	8.543980e-03	7.714240e-04	10	3.237730e-03	2.770760e-04	10	false	GAMG	4.410080e-03	2.639320e-05	6	true
710           	smoothSolver	5.540400e-04	4.843040e-05	10	8.585260e-03	7.739750e-04	10	3.241720e-03	2.771120e-04	10	false	GAMG	4.398360e-03	4.062010e-05	5	true
711           	smoothSolver	5.526790e-04	4.827010e-05	10	8.623570e-03	7.746240e-04	10	3.238110e-03	2.759200e-04	10	false	GAMG	4.400940e-03	4.351320e-05	5	true
712           	smoothSolver	5.521240e-04	4.822680e-05	10	8.664940e-03	7.767110e-04	10	3.239170e-03	2.760330e-04	10	false	GAMG	4.429110e-03	2.462860e-05	6	true
713           	smoothSolver	5.522100e-04	4.830640e-05	10	8.695030e-03	7.777780e-04	10	3.246660e-03	2.765250e-04	10	false	GAMG	4.471270e-03	4.278620e-05	5	true
714           	smoothSolver	5.517910e-04	4.827500e-05	10	8.704740e-03	7.766280e-04	10	3.250990e-03	2.756490e-04	10	false	GAMG	4.531410e-03	2.480720e-05	6	true
715           	smoothSolver	5.522850e-04	4.810560e-05	10	8.740190e-03	7.766230e-04	10	3.260030e-03	2.747170e-04	10	false	GAMG	4.562410e-03	4.153070e-05	5	true
716           	smoothSolver	5.534160e-04	4.799300e-05	10	8.736450e-03	7.756430e-04	10	3.263660e-03	2.738260e-04	10	false	GAMG	4.596390e-03	4.359040e-05	5	true
717           	smoothSolver	5.557710e-04	4.809420e-05	10	8.744630e-03	7.752370e-04	10	3.277170e-03	2.745610e-04	10	false	GAMG	4.612670e-03	4.343100e-05	5	true
718           	smoothSolver	5.585580e-04	4.831330e-05	10	8.752000e-03	7.747440e-04	10	3.295390e-03	2.761350e-04	10	false	GAMG	4.644330e-03	4.436900e-05	5	true
719           	smoothSolver	5.609960e-04	4.848460e-05	10	8.775350e-03	7.736530e-04	10	3.304960e-03	2.761880e-04	10	false	GAMG	4.666610e-03	4.614830e-05	5	true
720           	smoothSolver	5.626310e-04	4.859590e-05	10	8.827490e-03	7.748910e-04	10	3.312610e-03	2.758670e-04	10	false	GAMG	4.698680e-03	4.682660e-05	5	true
721           	smoothSolver	5.633070e-04	4.848040e-05	10	8.874180e-03	7.764800e-04	10	3.313430e-03	2.744070e-04	10	false	GAMG	4.719400e-03	2.997110e-05	6	true
722           	smoothSolver	5.643150e-04	4.832590e-05	10	8.900020e-03	7.792280e-04	10	3.319350e-03	2.741590e-04	10	false	GAMG	4.759040e-03	4.555370e-05	5	true
723           	smoothSolver	5.639090e-04	4.825080e-05	10	8.916420e-03	7.834000e-04	10	3.317680e-03	2.738670e-04	10	false	GAMG	4.757360e-03	3.083850e-05	6	true
724           	smoothSolver	5.635530e-04	4.835630e-05	10	8.944830e-03	7.908050e-04	10	3.323860e-03	2.751920e-04	10	false	GAMG	4.760290e-03	4.539170e-05	5	true
725           	smoothSolver	5.634770e-04	4.848970e-05	10	8.989690e-03	7.976820e-04	10	3.323340e-03	2.756060e-04	10	false	GAMG	4.721050e-03	4.666980e-05	5	true
726           	smoothSolver	5.633110e-04	4.863870e-05	10	9.044730e-03	8.038050e-04	10	3.319930e-03	2.759940e-04	10	false	GAMG	4.702360e-03	4.599960e-05	5	true
727           	smoothSolver	5.641960e-04	4.878900e-05	10	9.113810e-03	8.094640e-04	10	3.320100e-03	2.758390e-04	10	false	GAMG	4.693920e-03	4.627250e-05	5	true
728           	smoothSolver	5.659030e-04	4.903830e-05	10	9.178520e-03	8.131970e-04	10	3.330840e-03	2.766090e-04	10	false	GAMG	4.733540e-03	4.559930e-05	5	true
729           	smoothSolver	5.674130e-04	4.915150e-05	10	9.237290e-03	8.148860e-04	10	3.346830e-03	2.774830e-04	10	false	GAMG	4.771670e-03	4.474070e-05	5	true
730           	smoothSolver	5.682750e-04	4.914930e-05	10	9.273000e-03	8.142930e-04	10	3.356820e-03	2.776380e-04	10	false	GAMG	4.802280e-03	4.422070e-05	5	true
731           	smoothSolver	5.685970e-04	4.906170e-05	10	9.268810e-03	8.115860e-04	10	3.360690e-03	2.761540e-04	10	false	GAMG	4.824420e-03	4.420370e-05	5	true
732           	smoothSolver	5.684460e-04	4.905700e-05	10	9.231480e-03	8.086110e-04	10	3.360180e-03	2.746700e-04	10	false	GAMG	4.832520e-03	4.473300e-05	5	true
733           	smoothSolver	5.700320e-04	4.916850e-05	10	9.179850e-03	8.076710e-04	10	3.366960e-03	2.753860e-04	10	false	GAMG	4.805500e-03	4.593520e-05	5	true
734           	smoothSolver	5.718590e-04	4.938190e-05	10	9.133390e-03	8.080650e-04	10	3.371360e-03	2.776380e-04	10	false	GAMG	4.764370e-03	4.722610e-05	5	true
735           	smoothSolver	5.740880e-04	4.969580e-05	10	9.098880e-03	8.082040e-04	10	3.376490e-03	2.797780e-04	10	false	GAMG	4.702280e-03	2.636020e-05	6	true
736           	smoothSolver	5.750820e-04	4.983000e-05	10	9.077800e-03	8.077460e-04	10	3.369240e-03	2.802290e-04	10	false	GAMG	4.668540e-03	4.665780e-05	5	true
737           	smoothSolver	5.748700e-04	4.982650e-05	10	9.055280e-03	8.055780e-04	10	3.355720e-03	2.796590e-04	10	false	GAMG	4.639570e-03	2.413090e-05	6	true
738           	smoothSolver	5.740130e-04	4.980040e-05	10	9.043210e-03	8.066950e-04	10	3.344750e-03	2.799910e-04	10	false	GAMG	4.622230e-03	4.521760e-05	5	true
739           	smoothSolver	5.736230e-04	4.985910e-05	10	9.033290e-03	8.089210e-04	10	3.334910e-03	2.805120e-04	10	false	GAMG	4.616660e-03	2.638330e-05	6	true
740           	smoothSolver	5.729930e-04	4.996820e-05	10	9.040550e-03	8.123240e-04	10	3.332230e-03	2.814650e-04	10	false	GAMG	4.609590e-03	4.353590e-05	5	true
741           	smoothSolver	5.728710e-04	4.993360e-05	10	9.051780e-03	8.126750e-04	10	3.320550e-03	2.800330e-04	10	false	GAMG	4.601860e-03	4.535730e-05	5	true
742           	smoothSolver	5.720870e-04	4.977970e-05	10	9.084580e-03	8.134580e-04	10	3.311570e-03	2.785730e-04	10	false	GAMG	4.606710e-03	4.565510e-05	5	true
743           	smoothSolver	5.721690e-04	4.968320e-05	10	9.113460e-03	8.139610e-04	10	3.306040e-03	2.778280e-04	10	false	GAMG	4.614630e-03	4.574860e-05	5	true
744           	smoothSolver	5.724760e-04	4.967690e-05	10	9.135330e-03	8.149050e-04	10	3.305950e-03	2.782970e-04	10	false	GAMG	4.633520e-03	4.571070e-05	5	true
745           	smoothSolver	5.730900e-04	4.963800e-05	10	9.149620e-03	8.151490e-04	10	3.309520e-03	2.786420e-04	10	false	GAMG	4.640280e-03	4.473990e-05	5	true
746           	smoothSolver	5.728340e-04	4.954860e-05	10	9.155150e-03	8.162390e-04	10	3.304100e-03	2.784580e-04	10	false	GAMG	4.648820e-03	4.416020e-05	5	true
747           	smoothSolver	5.725910e-04	4.948990e-05	10	9.150520e-03	8.187700e-04	10	3.297410e-03	2.777680e-04	10	false	GAMG	4.629280e-03	4.452280e-05	5	true
748           	smoothSolver	5.722980e-04	4.948600e-05	10	9.137860e-03	8.208690e-04	10	3.286450e-03	2.772460e-04	10	false	GAMG	4.612450e-03	4.596000e-05	5	true
749           	smoothSolver	5.733890e-04	4.964410e-05	10	9.130730e-03	8.224210e-04	10	3.278830e-03	2.776440e-04	10	false	GAMG	4.573400e-03	2.972840e-05	6	true
750           	smoothSolver	5.758330e-04	4.989440e-05	10	9.133280e-03	8.238820e-04	10	3.272760e-03	2.785770e-04	10	false	GAMG	4.549610e-03	2.488130e-05	6	true
751           	smoothSolver	5.777220e-04	5.016440e-05	10	9.170370e-03	8.264210e-04	10	3.270820e-03	2.793750e-04	10	false	GAMG	4.526520e-03	2.732940e-05	6	true
752           	smoothSolver	5.769130e-04	5.030350e-05	10	9.234820e-03	8.299210e-04	10	3.272780e-03	2.796060e-04	10	false	GAMG	4.535900e-03	2.609170e-05	6	true
753           	smoothSolver	5.773790e-04	5.026980e-05	10	9.304780e-03	8.357890e-04	10	3.280600e-03	2.795460e-04	10	false	GAMG	4.537800e-03	4.447530e-05	5	true
754           	smoothSolver	5.771470e-04	5.021350e-05	10	9.360530e-03	8.433500e-04	10	3.288880e-03	2.804640e-04	10	false	GAMG	4.532540e-03	2.702150e-05	6	true
755           	smoothSolver	5.763950e-04	5.018880e-05	10	9.412460e-03	8.521470e-04	10	3.304330e-03	2.828040e-04	10	false	GAMG	4.514120e-03	4.315600e-05	5	true
756           	smoothSolver	5.767300e-04	5.015100e-05	10	9.426350e-03	8.567820e-04	10	3.313160e-03	2.839490e-04	10	false	GAMG	4.508180e-03	4.477230e-05	5	true
757           	smoothSolver	5.755220e-04	4.998930e-05	10	9.428930e-03	8.572070e-04	10	3.311070e-03	2.836000e-04	10	false	GAMG	4.485740e-03	4.396090e-05	5	true
758           	smoothSolver	5.730170e-04	4.971110e-05	10	9.395550e-03	8.527760e-04	10	3.298120e-03	2.818840e-04	10	false	GAMG	4.490750e-03	4.452680e-05	5	true
759           	smoothSolver	5.700030e-04	4.939610e-05	10	9.343790e-03	8.446420e-04	10	3.284350e-03	2.800680e-04	10	false	GAMG	4.485650e-03	4.481480e-05	5	true
760           	smoothSolver	5.668290e-04	4.911580e-05	10	9.277150e-03	8.359830e-04	10	3.273560e-03	2.786800e-04	10	false	GAMG	4.521530e-03	2.756040e-05	6	true
761           	smoothSolver	5.643550e-04	4.883130e-05	10	9.223840e-03	8.291500e-04	10	3.266470e-03	2.774630e-04	10	false	GAMG	4.568390e-03	4.329740e-05	5	true
762           	smoothSolver	5.622460e-04	4.860960e-05	10	9.181610e-03	8.231070e-04	10	3.260000e-03	2.760650e-04	10	false	GAMG	4.633580e-03	3.026350e-05	6	true
763           	smoothSolver	5.614780e-04	4.842990e-05	10	9.162840e-03	8.197090e-04	10	3.268170e-03	2.753340e-04	10	false	GAMG	4.693520e-03	4.530480e-05	5	true
764           	smoothSolver	5.615940e-04	4.835880e-05	10	9.147290e-03	8.159000e-04	10	3.271350e-03	2.742810e-04	10	false	GAMG	4.742960e-03	2.893560e-05	6	true
765           	smoothSolver	5.626910e-04	4.836440e-05	10	9.136990e-03	8.125020e-04	10	3.286870e-03	2.749990e-04	10	false	GAMG	4.772560e-03	4.681360e-05	5	true
766           	smoothSolver	5.636500e-04	4.839270e-05	10	9.112850e-03	8.072470e-04	10	3.300300e-03	2.761980e-04	10	false	GAMG	4.817720e-03	4.789110e-05	5	true
767           	smoothSolver	5.642790e-04	4.832820e-05	10	9.106790e-03	8.016910e-04	10	3.323180e-03	2.767870e-04	10	false	GAMG	4.814060e-03	4.705380e-05	5	true
768           	smoothSolver	5.629230e-04	4.804940e-05	10	9.115580e-03	7.947250e-04	10	3.329110e-03	2.749220e-04	10	false	GAMG	4.817090e-03	4.721640e-05	5	true
769           	smoothSolver	5.607760e-04	4.767460e-05	10	9.116490e-03	7.885390e-04	10	3.332490e-03	2.723540e-04	10	false	GAMG	4.821240e-03	2.890410e-05	6	true
770           	smoothSolver	5.588310e-04	4.744160e-05	10	9.109580e-03	7.863410e-04	10	3.332390e-03	2.712510e-04	10	false	GAMG	4.849440e-03	4.667370e-05	5	true
771           	smoothSolver	5.570920e-04	4.727240e-05	10	9.095330e-03	7.861250e-04	10	3.332130e-03	2.711340e-04	10	false	GAMG	4.855630e-03	3.181710e-05	6	true
772           	smoothSolver	5.563220e-04	4.714900e-05	10	9.064060e-03	7.861150e-04	10	3.328160e-03	2.719000e-04	10	false	GAMG	4.861130e-03	4.662160e-05	5	true
773           	smoothSolver	5.547000e-04	4.695600e-05	10	9.027150e-03	7.835630e-04	10	3.312830e-03	2.711200e-04	10	false	GAMG	4.851570e-03	4.799990e-05	5	true
774           	smoothSolver	5.528540e-04	4.667600e-05	10	8.971410e-03	7.795690e-04	10	3.299070e-03	2.702460e-04	10	false	GAMG	4.853670e-03	4.669890e-05	5	true
775           	smoothSolver	5.516190e-04	4.641230e-05	10	8.909440e-03	7.746790e-04	10	3.290250e-03	2.700070e-04	10	false	GAMG	4.843780e-03	4.655670e-05	5	true
776           	smoothSolver	5.490610e-04	4.623460e-05	10	8.843730e-03	7.706590e-04	10	3.284420e-03	2.710310e-04	10	false	GAMG	4.848570e-03	4.664140e-05	5	true
777           	smoothSolver	5.455330e-04	4.611130e-05	10	8.786490e-03	7.680020e-04	10	3.277180e-03	2.715970e-04	10	false	GAMG	4.833440e-03	4.732270e-05	5	true
778           	smoothSolver	5.418960e-04	4.598030e-05	10	8.735240e-03	7.660200e-04	10	3.267670e-03	2.707290e-04	10	false	GAMG	4.805480e-03	4.723170e-05	5	true
779           	smoothSolver	5.389610e-04	4.579060e-05	10	8.689770e-03	7.638790e-04	10	3.255540e-03	2.690710e-04	10	false	GAMG	4.758060e-03	4.748060e-05	5	true
780           	smoothSolver	5.374380e-04	4.569350e-05	10	8.644090e-03	7.604990e-04	10	3.247040e-03	2.689600e-04	10	false	GAMG	4.709730e-03	4.690890e-05	5	true
781           	smoothSolver	5.365270e-04	4.570340e-05	10	8.603300e-03	7.567070e-04	10	3.249120e-03	2.703620e-04	10	false	GAMG	4.647790e-03	4.562630e-05	5	true
782           	smoothSolver	5.353360e-04	4.579500e-05	10	8.567410e-03	7.527560e-04	10	3.255850e-03	2.716650e-04	10	false	GAMG	4.586030e-03	4.470300e-05	5	true
783           	smoothSolver	5.336330e-04	4.580000e-05	10	8.553790e-03	7.494580e-04	10	3.260560e-03	2.708930e-04	10	false	GAMG	4.522990e-03	4.420590e-05	5	true
784           	smoothSolver	5.322470e-04	4.571570e-05	10	8.541050e-03	7.473260e-04	10	3.258050e-03	2.688980e-04	10	false	GAMG	4.480120e-03	4.479120e-05	5	true
785           	smoothSolver	5.317980e-04	4.570420e-05	10	8.532320e-03	7.472910e-04	10	3.255680e-03	2.679110e-04	10	false	GAMG	4.470270e-03	2.831790e-05	6	true
786           	smoothSolver	5.329440e-04	4.579980e-05	10	8.527880e-03	7.488910e-04	10	3.257610e-03	2.689190e-04	10	false	GAMG	4.484490e-03	2.774450e-05	6	true
787           	smoothSolver	5.331810e-04	4.591790e-05	10	8.526030e-03	7.500510e-04	10	3.256220e-03	2.702500e-04	10	false	GAMG	4.500620e-03	3.033710e-05	6	true
788           	smoothSolver	5.333140e-04	4.596120e-05	10	8.516460e-03	7.501460e-04	10	3.242540e-03	2.701770e-04	10	false	GAMG	4.520780e-03	2.975650e-05	6	true
789           	smoothSolver	5.320150e-04	4.582090e-05	10	8.488000e-03	7.485710e-04	10	3.217800e-03	2.682770e-04	10	false	GAMG	4.531950e-03	2.857680e-05	6	true
790           	smoothSolver	5.301750e-04	4.556890e-05	10	8.431480e-03	7.441450e-04	10	3.188470e-03	2.658460e-04	10	false	GAMG	4.540230e-03	4.472830e-05	5	true
791           	smoothSolver	5.286890e-04	4.528210e-05	10	8.359800e-03	7.376520e-04	10	3.161240e-03	2.639820e-04	10	false	GAMG	4.553300e-03	3.027180e-05	6	true
792           	smoothSolver	5.264600e-04	4.503390e-05	10	8.305580e-03	7.322150e-04	10	3.143200e-03	2.628240e-04	10	false	GAMG	4.556790e-03	4.389590e-05	5	true
793           	smoothSolver	5.245970e-04	4.487330e-05	10	8.256730e-03	7.264110e-04	10	3.123890e-03	2.603910e-04	10	false	GAMG	4.548960e-03	2.862760e-05	6	true
794           	smoothSolver	5.225940e-04	4.469330e-05	10	8.255410e-03	7.227990e-04	10	3.108190e-03	2.576870e-04	10	false	GAMG	4.559340e-03	4.345180e-05	5	true
795           	smoothSolver	5.213490e-04	4.458310e-05	10	8.248500e-03	7.192730e-04	10	3.092150e-03	2.547980e-04	10	false	GAMG	4.570300e-03	2.461070e-05	6	true
796           	smoothSolver	5.207840e-04	4.458880e-05	10	8.266500e-03	7.179040e-04	10	3.088650e-03	2.539280e-04	10	false	GAMG	4.582010e-03	4.410180e-05	5	true
797           	smoothSolver	5.203460e-04	4.467970e-05	10	8.263610e-03	7.154770e-04	10	3.092640e-03	2.536080e-04	10	false	GAMG	4.591370e-03	3.029130e-05	6	true
798           	smoothSolver	5.201920e-04	4.469530e-05	10	8.266380e-03	7.124260e-04	10	3.102810e-03	2.535050e-04	10	false	GAMG	4.597380e-03	4.297380e-05	5	true
799           	smoothSolver	5.191650e-04	4.457770e-05	10	8.243440e-03	7.069660e-04	10	3.103290e-03	2.512920e-04	10	false	GAMG	4.605960e-03	4.515610e-05	5	true
800           	smoothSolver	5.183680e-04	4.427860e-05	10	8.193150e-03	7.008260e-04	10	3.097810e-03	2.487210e-04	10	false	GAMG	4.628090e-03	2.855010e-05	6	true
801           	smoothSolver	5.188470e-04	4.402160e-05	10	8.119020e-03	6.959400e-04	10	3.093310e-03	2.476470e-04	10	false	GAMG	4.632980e-03	4.394760e-05	5	true
802           	smoothSolver	5.189550e-04	4.387180e-05	10	8.035080e-03	6.919330e-04	10	3.081480e-03	2.480220e-04	10	false	GAMG	4.625020e-03	4.619400e-05	5	true
803           	smoothSolver	5.187650e-04	4.383330e-05	10	7.957840e-03	6.886240e-04	10	3.071980e-03	2.497890e-04	10	false	GAMG	4.580320e-03	4.438330e-05	5	true
804           	smoothSolver	5.174600e-04	4.382110e-05	10	7.882520e-03	6.839040e-04	10	3.046410e-03	2.497360e-04	10	false	GAMG	4.552670e-03	4.350290e-05	5	true
805           	smoothSolver	5.152450e-04	4.365720e-05	10	7.803550e-03	6.768820e-04	10	3.017780e-03	2.474410e-04	10	false	GAMG	4.517060e-03	4.389840e-05	5	true
806           	smoothSolver	5.127970e-04	4.343880e-05	10	7.726630e-03	6.696390e-04	10	2.993290e-03	2.452150e-04	10	false	GAMG	4.493140e-03	4.485640e-05	5	true
807           	smoothSolver	5.102360e-04	4.325850e-05	10	7.676870e-03	6.647050e-04	10	2.982380e-03	2.443820e-04	10	false	GAMG	4.470730e-03	2.310920e-05	6	true
808           	smoothSolver	5.083600e-04	4.318830e-05	10	7.657000e-03	6.626290e-04	10	2.979900e-03	2.442290e-04	10	false	GAMG	4.463550e-03	4.313900e-05	5	true
809           	smoothSolver	5.069500e-04	4.322780e-05	10	7.640800e-03	6.614200e-04	10	2.973240e-03	2.428020e-04	10	false	GAMG	4.460410e-03	4.393780e-05	5	true
810           	smoothSolver	5.070900e-04	4.325590e-05	10	7.625230e-03	6.604360e-04	10	2.969180e-03	2.412840e-04	10	false	GAMG	4.447650e-03	4.413030e-05	5	true
811           	smoothSolver	5.084280e-04	4.335990e-05	10	7.601120e-03	6.603270e-04	10	2.964400e-03	2.409660e-04	10	false	GAMG	4.454200e-03	2.954900e-05	6	true
812           	smoothSolver	5.119530e-04	4.361250e-05	10	7.574290e-03	6.595170e-04	10	2.963500e-03	2.424360e-04	10	false	GAMG	4.463850e-03	4.431020e-05	5	true
813           	smoothSolver	5.137640e-04	4.393420e-05	10	7.532250e-03	6.579030e-04	10	2.962330e-03	2.440160e-04	10	false	GAMG	4.449040e-03	3.242380e-05	6	true
814           	smoothSolver	5.159700e-04	4.414310e-05	10	7.514640e-03	6.565600e-04	10	2.959130e-03	2.445980e-04	10	false	GAMG	4.452050e-03	4.381590e-05	5	true
815           	smoothSolver	5.154230e-04	4.405500e-05	10	7.495460e-03	6.553500e-04	10	2.945380e-03	2.424370e-04	10	false	GAMG	4.442670e-03	3.292890e-05	6	true
816           	smoothSolver	5.149500e-04	4.384600e-05	10	7.496230e-03	6.561030e-04	10	2.930970e-03	2.411070e-04	10	false	GAMG	4.449610e-03	4.446340e-05	5	true
817           	smoothSolver	5.128230e-04	4.374600e-05	10	7.479270e-03	6.569040e-04	10	2.913990e-03	2.408570e-04	10	false	GAMG	4.413370e-03	3.114710e-05	6	true
818           	smoothSolver	5.105870e-04	4.381420e-05	10	7.475600e-03	6.588630e-04	10	2.902660e-03	2.421180e-04	10	false	GAMG	4.415860e-03	4.390680e-05	5	true
819           	smoothSolver	5.087960e-04	4.389890e-05	10	7.452120e-03	6.590520e-04	10	2.892910e-03	2.420370e-04	10	false	GAMG	4.403920e-03	2.494450e-05	6	true
820           	smoothSolver	5.062840e-04	4.381880e-05	10	7.438200e-03	6.567720e-04	10	2.882430e-03	2.404700e-04	10	false	GAMG	4.426470e-03	4.309190e-05	5	true
821           	smoothSolver	5.046350e-04	4.361490e-05	10	7.404720e-03	6.506140e-04	10	2.873480e-03	2.378230e-04	10	false	GAMG	4.456100e-03	2.576170e-05	6	true
822           	smoothSolver	5.044610e-04	4.334120e-05	10	7.392270e-03	6.458180e-04	10	2.872950e-03	2.365770e-04	10	false	GAMG	4.506600e-03	2.453480e-05	6	true
823           	smoothSolver	5.033950e-04	4.320120e-05	10	7.389990e-03	6.443850e-04	10	2.876560e-03	2.367220e-04	10	false	GAMG	4.555350e-03	4.534520e-05	5	true
824           	smoothSolver	5.039030e-04	4.334020e-05	10	7.403840e-03	6.459570e-04	10	2.879560e-03	2.369540e-04	10	false	GAMG	4.592930e-03	3.141400e-05	6	true
825           	smoothSolver	5.058450e-04	4.353290e-05	10	7.427960e-03	6.490180e-04	10	2.880540e-03	2.366210e-04	10	false	GAMG	4.601290e-03	4.400100e-05	5	true
826           	smoothSolver	5.064820e-04	4.362530e-05	10	7.444420e-03	6.500290e-04	10	2.872420e-03	2.354010e-04	10	false	GAMG	4.604030e-03	2.860800e-05	6	true
827           	smoothSolver	5.092720e-04	4.375120e-05	10	7.446690e-03	6.508640e-04	10	2.875200e-03	2.357250e-04	10	false	GAMG	4.578810e-03	4.416680e-05	5	true
828           	smoothSolver	5.118510e-04	4.404220e-05	10	7.429710e-03	6.499130e-04	10	2.877760e-03	2.370240e-04	10	false	GAMG	4.564750e-03	2.901750e-05	6	true
829           	smoothSolver	5.149960e-04	4.437740e-05	10	7.427050e-03	6.496260e-04	10	2.893130e-03	2.393290e-04	10	false	GAMG	4.530610e-03	4.363660e-05	5	true
830           	smoothSolver	5.155680e-04	4.455480e-05	10	7.430570e-03	6.492500e-04	10	2.898980e-03	2.395960e-04	10	false	GAMG	4.522830e-03	4.482550e-05	5	true
831           	smoothSolver	5.145570e-04	4.449760e-05	10	7.440130e-03	6.485070e-04	10	2.906850e-03	2.384320e-04	10	false	GAMG	4.530040e-03	2.780640e-05	6	true
832           	smoothSolver	5.142320e-04	4.440130e-05	10	7.450240e-03	6.480420e-04	10	2.910040e-03	2.373840e-04	10	false	GAMG	4.564090e-03	4.416890e-05	5	true
833           	smoothSolver	5.145830e-04	4.439520e-05	10	7.465920e-03	6.489550e-04	10	2.913680e-03	2.378650e-04	10	false	GAMG	4.581680e-03	2.661910e-05	6	true
834           	smoothSolver	5.155230e-04	4.453700e-05	10	7.487330e-03	6.503150e-04	10	2.921520e-03	2.398870e-04	10	false	GAMG	4.604670e-03	4.315460e-05	5	true
835           	smoothSolver	5.175070e-04	4.476200e-05	10	7.494690e-03	6.502470e-04	10	2.924230e-03	2.404750e-04	10	false	GAMG	4.623250e-03	4.461610e-05	5	true
836           	smoothSolver	5.193940e-04	4.486490e-05	10	7.505050e-03	6.491500e-04	10	2.927030e-03	2.396800e-04	10	false	GAMG	4.652510e-03	4.444120e-05	5	true
837           	smoothSolver	5.209350e-04	4.478850e-05	10	7.512700e-03	6.475960e-04	10	2.927780e-03	2.381970e-04	10	false	GAMG	4.672460e-03	4.543990e-05	5	true
838           	smoothSolver	5.217830e-04	4.473350e-05	10	7.525450e-03	6.485560e-04	10	2.934590e-03	2.383170e-04	10	false	GAMG	4.700440e-03	4.616640e-05	5	true
839           	smoothSolver	5.224310e-04	4.481660e-05	10	7.553260e-03	6.526890e-04	10	2.948960e-03	2.402800e-04	10	false	GAMG	4.698800e-03	4.578650e-05	5	true
840           	smoothSolver	5.237140e-04	4.505300e-05	10	7.589680e-03	6.585260e-04	10	2.958630e-03	2.422800e-04	10	false	GAMG	4.683840e-03	4.585060e-05	5	true
841           	smoothSolver	5.253480e-04	4.525570e-05	10	7.623520e-03	6.640620e-04	10	2.960140e-03	2.430110e-04	10	false	GAMG	4.660230e-03	4.639790e-05	5	true
842           	smoothSolver	5.278770e-04	4.545010e-05	10	7.640800e-03	6.678320e-04	10	2.955390e-03	2.430020e-04	10	false	GAMG	4.636620e-03	3.223650e-05	6	true
843           	smoothSolver	5.326000e-04	4.583540e-05	10	7.652380e-03	6.703990e-04	10	2.956820e-03	2.440890e-04	10	false	GAMG	4.603120e-03	4.406190e-05	5	true
844           	smoothSolver	5.347010e-04	4.623700e-05	10	7.672920e-03	6.727090e-04	10	2.962790e-03	2.462830e-04	10	false	GAMG	4.591580e-03	3.342690e-05	6	true
845           	smoothSolver	5.365960e-04	4.650840e-05	10	7.721280e-03	6.764900e-04	10	2.978240e-03	2.485570e-04	10	false	GAMG	4.591500e-03	4.491950e-05	5	true
846           	smoothSolver	5.369470e-04	4.654690e-05	10	7.776910e-03	6.800170e-04	10	2.984730e-03	2.485750e-04	10	false	GAMG	4.588780e-03	3.161320e-05	6	true
847           	smoothSolver	5.362170e-04	4.643360e-05	10	7.838660e-03	6.844000e-04	10	2.993960e-03	2.481770e-04	10	false	GAMG	4.593590e-03	4.299160e-05	5	true
848           	smoothSolver	5.363150e-04	4.643130e-05	10	7.866940e-03	6.895700e-04	10	2.997510e-03	2.488570e-04	10	false	GAMG	4.578740e-03	4.559360e-05	5	true
849           	smoothSolver	5.363310e-04	4.662310e-05	10	7.882610e-03	6.946900e-04	10	3.005180e-03	2.510510e-04	10	false	GAMG	4.551540e-03	2.706520e-05	6	true
850           	smoothSolver	5.364230e-04	4.684840e-05	10	7.888560e-03	6.977480e-04	10	3.003870e-03	2.527020e-04	10	false	GAMG	4.511280e-03	4.304740e-05	5	true
851           	smoothSolver	5.360480e-04	4.694090e-05	10	7.877190e-03	6.970730e-04	10	2.993820e-03	2.513450e-04	10	false	GAMG	4.471550e-03	2.903740e-05	6	true
852           	smoothSolver	5.355600e-04	4.682330e-05	10	7.900580e-03	6.947600e-04	10	2.987690e-03	2.487010e-04	10	false	GAMG	4.478800e-03	2.568910e-05	6	true
853           	smoothSolver	5.337310e-04	4.666220e-05	10	7.930820e-03	6.923380e-04	10	2.988770e-03	2.467550e-04	10	false	GAMG	4.522580e-03	4.504070e-05	5	true
854           	smoothSolver	5.334650e-04	4.653340e-05	10	7.966760e-03	6.930490e-04	10	2.999260e-03	2.466140e-04	10	false	GAMG	4.578960e-03	3.122750e-05	6	true
855           	smoothSolver	5.343110e-04	4.644980e-05	10	8.017510e-03	6.960330e-04	10	3.013740e-03	2.476530e-04	10	false	GAMG	4.616210e-03	4.348050e-05	5	true
856           	smoothSolver	5.341420e-04	4.646830e-05	10	8.035030e-03	6.985680e-04	10	3.016030e-03	2.471200e-04	10	false	GAMG	4.646790e-03	4.436220e-05	5	true
857           	smoothSolver	5.344960e-04	4.649450e-05	10	8.036850e-03	6.991210e-04	10	3.015130e-03	2.453820e-04	10	false	GAMG	4.671160e-03	4.497870e-05	5	true
858           	smoothSolver	5.354070e-04	4.657230e-05	10	8.034490e-03	6.979180e-04	10	3.015870e-03	2.441000e-04	10	false	GAMG	4.685540e-03	2.976160e-05	6	true
859           	smoothSolver	5.375310e-04	4.670180e-05	10	8.047020e-03	6.970650e-04	10	3.031940e-03	2.445210e-04	10	false	GAMG	4.693810e-03	4.620610e-05	5	true
860           	smoothSolver	5.378770e-04	4.677730e-05	10	8.072880e-03	6.962550e-04	10	3.048140e-03	2.451740e-04	10	false	GAMG	4.710160e-03	3.388690e-05	6	true
861           	smoothSolver	5.385320e-04	4.671490e-05	10	8.098230e-03	6.978270e-04	10	3.059040e-03	2.457780e-04	10	false	GAMG	4.748180e-03	2.799840e-05	6	true
862           	smoothSolver	5.376240e-04	4.659180e-05	10	8.119850e-03	6.989860e-04	10	3.059120e-03	2.451650e-04	10	false	GAMG	4.778980e-03	3.416840e-05	6	true
863           	smoothSolver	5.382580e-04	4.652410e-05	10	8.128540e-03	7.023450e-04	10	3.056470e-03	2.449840e-04	10	false	GAMG	4.809910e-03	3.023900e-05	6	true
864           	smoothSolver	5.382290e-04	4.662210e-05	10	8.125260e-03	7.065010e-04	10	3.052170e-03	2.466590e-04	10	false	GAMG	4.831330e-03	3.066610e-05	6	true
865           	smoothSolver	5.394260e-04	4.682310e-05	10	8.117020e-03	7.092360e-04	10	3.052370e-03	2.491480e-04	10	false	GAMG	4.812080e-03	4.649440e-05	5	true
866           	smoothSolver	5.420130e-04	4.704140e-05	10	8.106150e-03	7.102560e-04	10	3.055320e-03	2.509520e-04	10	false	GAMG	4.781800e-03	4.703610e-05	5	true
867           	smoothSolver	5.433300e-04	4.717370e-05	10	8.109680e-03	7.091680e-04	10	3.061350e-03	2.512530e-04	10	false	GAMG	4.738690e-03	4.630330e-05	5	true
868           	smoothSolver	5.450330e-04	4.730160e-05	10	8.137370e-03	7.089070e-04	10	3.075560e-03	2.513810e-04	10	false	GAMG	4.695790e-03	2.581270e-05	6	true
869           	smoothSolver	5.472570e-04	4.744280e-05	10	8.185110e-03	7.115180e-04	10	3.107750e-03	2.536410e-04	10	false	GAMG	4.665730e-03	4.421950e-05	5	true
870           	smoothSolver	5.490050e-04	4.761050e-05	10	8.226840e-03	7.151240e-04	10	3.144580e-03	2.573920e-04	10	false	GAMG	4.652280e-03	2.863780e-05	6	true
871           	smoothSolver	5.518030e-04	4.787490e-05	10	8.271240e-03	7.201970e-04	10	3.188100e-03	2.618510e-04	10	false	GAMG	4.643910e-03	4.357210e-05	5	true
872           	smoothSolver	5.534110e-04	4.816050e-05	10	8.291860e-03	7.214160e-04	10	3.218720e-03	2.637950e-04	10	false	GAMG	4.657610e-03	3.236920e-05	6	true
873           	smoothSolver	5.570600e-04	4.832730e-05	10	8.308010e-03	7.201930e-04	10	3.245440e-03	2.645700e-04	10	false	GAMG	4.671150e-03	4.630130e-05	5	true
874           	smoothSolver	5.593790e-04	4.835970e-05	10	8.302020e-03	7.149990e-04	10	3.257190e-03	2.642550e-04	10	false	GAMG	4.686890e-03	3.552500e-05	6	true
875           	smoothSolver	5.622050e-04	4.836190e-05	10	8.291890e-03	7.125160e-04	10	3.276550e-03	2.656920e-04	10	false	GAMG	4.698520e-03	2.891650e-05	6	true
876           	smoothSolver	5.623410e-04	4.832050e-05	10	8.294360e-03	7.124510e-04	10	3.285410e-03	2.670680e-04	10	false	GAMG	4.715890e-03	4.688390e-05	5	true
877           	smoothSolver	5.624830e-04	4.817130e-05	10	8.303720e-03	7.152450e-04	10	3.285570e-03	2.672660e-04	10	false	GAMG	4.732710e-03	3.324890e-05	6	true
878           	smoothSolver	5.614680e-04	4.799100e-05	10	8.292930e-03	7.202780e-04	10	3.276760e-03	2.673110e-04	10	false	GAMG	4.724010e-03	4.606720e-05	5	true
879           	smoothSolver	5.596900e-04	4.785490e-05	10	8.276410e-03	7.241670e-04	10	3.256120e-03	2.672120e-04	10	false	GAMG	4.686300e-03	2.874970e-05	6	true
880           	smoothSolver	5.573310e-04	4.780020e-05	10	8.244810e-03	7.270170e-04	10	3.237640e-03	2.691090e-04	10	false	GAMG	4.655030e-03	4.336510e-05	5	true
881           	smoothSolver	5.549080e-04	4.776080e-05	10	8.216100e-03	7.273400e-04	10	3.214980e-03	2.703520e-04	10	false	GAMG	4.612810e-03	4.596570e-05	5	true
882           	smoothSolver	5.517060e-04	4.772610e-05	10	8.204410e-03	7.269860e-04	10	3.192530e-03	2.703160e-04	10	false	GAMG	4.577470e-03	2.612340e-05	6	true
883           	smoothSolver	5.486800e-04	4.759950e-05	10	8.218920e-03	7.262640e-04	10	3.169990e-03	2.679860e-04	10	false	GAMG	4.564530e-03	4.552850e-05	5	true
884           	smoothSolver	5.453950e-04	4.737850e-05	10	8.228690e-03	7.247760e-04	10	3.154070e-03	2.649090e-04	10	false	GAMG	4.570670e-03	2.886000e-05	6	true
885           	smoothSolver	5.439000e-04	4.712690e-05	10	8.261060e-03	7.257700e-04	10	3.153610e-03	2.638070e-04	10	false	GAMG	4.574050e-03	4.407640e-05	5	true
886           	smoothSolver	5.424270e-04	4.706760e-05	10	8.268540e-03	7.291690e-04	10	3.150800e-03	2.641610e-04	10	false	GAMG	4.576940e-03	2.964520e-05	6	true
887           	smoothSolver	5.423430e-04	4.716310e-05	10	8.291940e-03	7.348170e-04	10	3.154840e-03	2.650920e-04	10	false	GAMG	4.573490e-03	4.461550e-05	5	true
888           	smoothSolver	5.430570e-04	4.729330e-05	10	8.314440e-03	7.390680e-04	10	3.148010e-03	2.643680e-04	10	false	GAMG	4.558320e-03	2.608880e-05	6	true
889           	smoothSolver	5.436270e-04	4.736920e-05	10	8.336160e-03	7.418240e-04	10	3.140400e-03	2.633180e-04	10	false	GAMG	4.540480e-03	4.492090e-05	5	true
890           	smoothSolver	5.454080e-04	4.749040e-05	10	8.364100e-03	7.441610e-04	10	3.132210e-03	2.629390e-04	10	false	GAMG	4.527800e-03	2.901330e-05	6	true
891           	smoothSolver	5.474630e-04	4.765030e-05	10	8.409780e-03	7.481770e-04	10	3.137530e-03	2.642330e-04	10	false	GAMG	4.533460e-03	4.481330e-05	5	true
892           	smoothSolver	5.487070e-04	4.774330e-05	10	8.474000e-03	7.525520e-04	10	3.143780e-03	2.646100e-04	10	false	GAMG	4.548440e-03	2.538080e-05	6	true
893           	smoothSolver	5.495320e-04	4.776040e-05	10	8.559640e-03	7.600020e-04	10	3.159630e-03	2.647210e-04	10	false	GAMG	4.553410e-03	2.325370e-05	6	true
894           	smoothSolver	5.494800e-04	4.768210e-05	10	8.613980e-03	7.656580e-04	10	3.164860e-03	2.639890e-04	10	false	GAMG	4.561650e-03	2.341120e-05	6	true
895           	smoothSolver	5.492460e-04	4.757530e-05	10	8.642860e-03	7.697670e-04	10	3.175140e-03	2.647970e-04	10	false	GAMG	4.548010e-03	2.372410e-05	6	true
896           	smoothSolver	5.480810e-04	4.748910e-05	10	8.641420e-03	7.714750e-04	10	3.183420e-03	2.669230e-04	10	false	GAMG	4.519510e-03	2.437120e-05	6	true
897           	smoothSolver	5.466670e-04	4.744640e-05	10	8.606220e-03	7.701120e-04	10	3.183490e-03	2.682670e-04	10	false	GAMG	4.487620e-03	2.375970e-05	6	true
898           	smoothSolver	5.450340e-04	4.737820e-05	10	8.561980e-03	7.656820e-04	10	3.172000e-03	2.673270e-04	10	false	GAMG	4.462010e-03	2.292230e-05	6	true
899           	smoothSolver	5.438210e-04	4.720530e-05	10	8.517180e-03	7.599100e-04	10	3.154810e-03	2.649740e-04	10	false	GAMG	4.480220e-03	2.432670e-05	6	true
900           	smoothSolver	5.440330e-04	4.706610e-05	10	8.500820e-03	7.559470e-04	10	3.150580e-03	2.643570e-04	10	false	GAMG	4.528250e-03	4.524740e-05	5	true
901           	smoothSolver	5.454070e-04	4.712970e-05	10	8.499360e-03	7.551280e-04	10	3.166270e-03	2.662460e-04	10	false	GAMG	4.584840e-03	2.485980e-05	6	true
902           	smoothSolver	5.474140e-04	4.737960e-05	10	8.512050e-03	7.568740e-04	10	3.189910e-03	2.693810e-04	10	false	GAMG	4.630390e-03	4.407030e-05	5	true
903           	smoothSolver	5.504620e-04	4.771840e-05	10	8.524030e-03	7.564410e-04	10	3.208610e-03	2.705910e-04	10	false	GAMG	4.679020e-03	2.789270e-05	6	true
904           	smoothSolver	5.537920e-04	4.799520e-05	10	8.537720e-03	7.557650e-04	10	3.224140e-03	2.709260e-04	10	false	GAMG	4.710840e-03	4.523120e-05	5	true
905           	smoothSolver	5.566770e-04	4.818250e-05	10	8.521680e-03	7.529040e-04	10	3.233060e-03	2.708870e-04	10	false	GAMG	4.730020e-03	2.904250e-05	6	true
906           	smoothSolver	5.584800e-04	4.836480e-05	10	8.512950e-03	7.527020e-04	10	3.249130e-03	2.732450e-04	10	false	GAMG	4.705540e-03	4.588340e-05	5	true
907           	smoothSolver	5.593370e-04	4.850580e-05	10	8.496190e-03	7.527440e-04	10	3.261000e-03	2.753350e-04	10	false	GAMG	4.674190e-03	2.841860e-05	6	true
908           	smoothSolver	5.588200e-04	4.861950e-05	10	8.510530e-03	7.560510e-04	10	3.270700e-03	2.772430e-04	10	false	GAMG	4.633520e-03	2.629540e-05	6	true
909           	smoothSolver	5.579250e-04	4.865830e-05	10	8.528790e-03	7.602370e-04	10	3.264350e-03	2.774390e-04	10	false	GAMG	4.619000e-03	2.523440e-05	6	true
910           	smoothSolver	5.573390e-04	4.868430e-05	10	8.554770e-03	7.651710e-04	10	3.257590e-03	2.779690e-04	10	false	GAMG	4.605260e-03	2.603330e-05	6	true
911           	smoothSolver	5.572820e-04	4.879760e-05	10	8.571750e-03	7.688110e-04	10	3.255290e-03	2.794490e-04	10	false	GAMG	4.592800e-03	2.544700e-05	6	true
912           	smoothSolver	5.584560e-04	4.897030e-05	10	8.581950e-03	7.707190e-04	10	3.258540e-03	2.816220e-04	10	false	GAMG	4.569150e-03	2.522480e-05	6	true
913           	smoothSolver	5.594980e-04	4.922170e-05	10	8.592990e-03	7.710210e-04	10	3.263410e-03	2.829730e-04	10	false	GAMG	4.563820e-03	2.574540e-05	6	true
914           	smoothSolver	5.613500e-04	4.936890e-05	10	8.611650e-03	7.711710e-04	10	3.270760e-03	2.824500e-04	10	false	GAMG	4.567220e-03	2.380420e-05	6	true
915           	smoothSolver	5.626770e-04	4.934700e-05	10	8.629180e-03	7.702920e-04	10	3.278600e-03	2.809050e-04	10	false	GAMG	4.586610e-03	4.558560e-05	5	true
916           	smoothSolver	5.637870e-04	4.927930e-05	10	8.637030e-03	7.690780e-04	10	3.286360e-03	2.804650e-04	10	false	GAMG	4.605380e-03	2.657200e-05	6	true
917           	smoothSolver	5.650520e-04	4.932520e-05	10	8.635680e-03	7.702070e-04	10	3.295260e-03	2.817310e-04	10	false	GAMG	4.634640e-03	4.479660e-05	5	true
918           	smoothSolver	5.652520e-04	4.954470e-05	10	8.607180e-03	7.705590e-04	10	3.290220e-03	2.823890e-04	10	false	GAMG	4.654740e-03	2.799030e-05	6	true
919           	smoothSolver	5.656750e-04	4.977670e-05	10	8.574550e-03	7.700970e-04	10	3.281020e-03	2.819920e-04	10	false	GAMG	4.653590e-03	4.398140e-05	5	true
920           	smoothSolver	5.650270e-04	4.986250e-05	10	8.529680e-03	7.659210e-04	10	3.257930e-03	2.799820e-04	10	false	GAMG	4.641500e-03	4.585030e-05	5	true
921           	smoothSolver	5.649690e-04	4.986140e-05	10	8.505030e-03	7.626590e-04	10	3.249790e-03	2.789340e-04	10	false	GAMG	4.633790e-03	2.576840e-05	6	true
922           	smoothSolver	5.653330e-04	4.985720e-05	10	8.494630e-03	7.618620e-04	10	3.253670e-03	2.798130e-04	10	false	GAMG	4.614450e-03	4.453490e-05	5	true
923           	smoothSolver	5.656080e-04	4.985590e-05	10	8.497140e-03	7.623640e-04	10	3.259130e-03	2.804410e-04	10	false	GAMG	4.617220e-03	2.581770e-05	6	true
924           	smoothSolver	5.662510e-04	4.988800e-05	10	8.521410e-03	7.642990e-04	10	3.266280e-03	2.806580e-04	10	false	GAMG	4.608680e-03	4.470560e-05	5	true
925           	smoothSolver	5.664420e-04	4.985650e-05	10	8.530680e-03	7.651330e-04	10	3.262070e-03	2.788170e-04	10	false	GAMG	4.622130e-03	2.987840e-05	6	true
926           	smoothSolver	5.682280e-04	4.983720e-05	10	8.556760e-03	7.685460e-04	10	3.267390e-03	2.788500e-04	10	false	GAMG	4.632090e-03	4.474970e-05	5	true
927           	smoothSolver	5.687700e-04	4.984210e-05	10	8.574660e-03	7.716200e-04	10	3.274380e-03	2.800960e-04	10	false	GAMG	4.654560e-03	2.921500e-05	6	true
928           	smoothSolver	5.695110e-04	4.987240e-05	10	8.608750e-03	7.745090e-04	10	3.289260e-03	2.824340e-04	10	false	GAMG	4.670020e-03	4.482880e-05	5	true
929           	smoothSolver	5.704440e-04	4.995980e-05	10	8.634200e-03	7.746880e-04	10	3.295820e-03	2.825230e-04	10	false	GAMG	4.696640e-03	2.973640e-05	6	true
930           	smoothSolver	5.717790e-04	5.004630e-05	10	8.665710e-03	7.745740e-04	10	3.304310e-03	2.811760e-04	10	false	GAMG	4.713130e-03	4.579340e-05	5	true
931           	smoothSolver	5.729990e-04	5.011930e-05	10	8.696920e-03	7.740720e-04	10	3.314510e-03	2.801880e-04	10	false	GAMG	4.739880e-03	3.057490e-05	6	true
932           	smoothSolver	5.756580e-04	5.024950e-05	10	8.724010e-03	7.760010e-04	10	3.339000e-03	2.829420e-04	10	false	GAMG	4.741360e-03	4.561730e-05	5	true
933           	smoothSolver	5.779240e-04	5.047210e-05	10	8.746500e-03	7.789650e-04	10	3.361920e-03	2.865400e-04	10	false	GAMG	4.735670e-03	2.713100e-05	6	true
934           	smoothSolver	5.813180e-04	5.085950e-05	10	8.780820e-03	7.841120e-04	10	3.386820e-03	2.900440e-04	10	false	GAMG	4.690170e-03	4.524850e-05	5	true
935           	smoothSolver	5.845880e-04	5.127200e-05	10	8.795980e-03	7.869380e-04	10	3.398280e-03	2.910540e-04	10	false	GAMG	4.677540e-03	2.995820e-05	6	true
936           	smoothSolver	5.888700e-04	5.158840e-05	10	8.814250e-03	7.889250e-04	10	3.418370e-03	2.928860e-04	10	false	GAMG	4.658290e-03	4.501940e-05	5	true
937           	smoothSolver	5.918010e-04	5.174670e-05	10	8.807090e-03	7.878760e-04	10	3.434360e-03	2.947440e-04	10	false	GAMG	4.672760e-03	3.016960e-05	6	true
938           	smoothSolver	5.931620e-04	5.177960e-05	10	8.816070e-03	7.876210e-04	10	3.458900e-03	2.978040e-04	10	false	GAMG	4.682510e-03	2.657190e-05	6	true
939           	smoothSolver	5.935610e-04	5.175760e-05	10	8.828780e-03	7.872930e-04	10	3.478770e-03	2.994600e-04	10	false	GAMG	4.706350e-03	2.625590e-05	6	true
940           	smoothSolver	5.929340e-04	5.172030e-05	10	8.852700e-03	7.885340e-04	10	3.491950e-03	3.000750e-04	10	false	GAMG	4.699880e-03	4.658340e-05	5	true
941           	smoothSolver	5.923970e-04	5.175450e-05	10	8.868820e-03	7.911370e-04	10	3.494420e-03	2.999380e-04	10	false	GAMG	4.698130e-03	2.878790e-05	6	true
942           	smoothSolver	5.921040e-04	5.184790e-05	10	8.876560e-03	7.937580e-04	10	3.492600e-03	3.005100e-04	10	false	GAMG	4.685280e-03	4.396540e-05	5	true
943           	smoothSolver	5.914240e-04	5.193070e-05	10	8.858100e-03	7.938100e-04	10	3.487000e-03	3.008400e-04	10	false	GAMG	4.683300e-03	4.530480e-05	5	true
944           	smoothSolver	5.901830e-04	5.190360e-05	10	8.825020e-03	7.915630e-04	10	3.483500e-03	3.007530e-04	10	false	GAMG	4.675380e-03	4.463910e-05	5	true
945           	smoothSolver	5.894690e-04	5.179310e-05	10	8.793130e-03	7.875450e-04	10	3.478080e-03	2.989890e-04	10	false	GAMG	4.700970e-03	4.612880e-05	5	true
946           	smoothSolver	5.889580e-04	5.172860e-05	10	8.787820e-03	7.843640e-04	10	3.472460e-03	2.962680e-04	10	false	GAMG	4.746810e-03	2.595550e-05	6	true
947           	smoothSolver	5.888720e-04	5.169130e-05	10	8.801640e-03	7.838330e-04	10	3.469330e-03	2.943840e-04	10	false	GAMG	4.781990e-03	4.673980e-05	5	true
948           	smoothSolver	5.897510e-04	5.166930e-05	10	8.804530e-03	7.835230e-04	10	3.466750e-03	2.939500e-04	10	false	GAMG	4.802860e-03	2.751420e-05	6	true
949           	smoothSolver	5.910700e-04	5.169030e-05	10	8.782270e-03	7.831200e-04	10	3.469530e-03	2.948950e-04	10	false	GAMG	4.817210e-03	4.777060e-05	5	true
950           	smoothSolver	5.929300e-04	5.181270e-05	10	8.766270e-03	7.813150e-04	10	3.469590e-03	2.949490e-04	10	false	GAMG	4.843450e-03	4.832200e-05	5	true
951           	smoothSolver	5.940980e-04	5.189080e-05	10	8.758820e-03	7.781900e-04	10	3.472840e-03	2.941870e-04	10	false	GAMG	4.878040e-03	4.771020e-05	5	true
952           	smoothSolver	5.941460e-04	5.182170e-05	10	8.765970e-03	7.750840e-04	10	3.474230e-03	2.934170e-04	10	false	GAMG	4.913060e-03	2.612770e-05	6	true
953           	smoothSolver	5.934660e-04	5.164940e-05	10	8.788380e-03	7.742980e-04	10	3.480930e-03	2.938090e-04	10	false	GAMG	4.949690e-03	4.865790e-05	5	true
954           	smoothSolver	5.920900e-04	5.142900e-05	10	8.811690e-03	7.739780e-04	10	3.479870e-03	2.937530e-04	10	false	GAMG	4.967030e-03	2.730560e-05	6	true
955           	smoothSolver	5.904070e-04	5.127320e-05	10	8.820100e-03	7.754890e-04	10	3.478120e-03	2.940120e-04	10	false	GAMG	4.959250e-03	4.867250e-05	5	true
956           	smoothSolver	5.879370e-04	5.112870e-05	10	8.814420e-03	7.772980e-04	10	3.459840e-03	2.925210e-04	10	false	GAMG	4.931930e-03	2.765740e-05	6	true
957           	smoothSolver	5.857760e-04	5.099680e-05	10	8.812600e-03	7.805030e-04	10	3.441890e-03	2.910020e-04	10	false	GAMG	4.909440e-03	4.761480e-05	5	true
958           	smoothSolver	5.829050e-04	5.095110e-05	10	8.814880e-03	7.832770e-04	10	3.425810e-03	2.899190e-04	10	false	GAMG	4.893640e-03	2.740110e-05	6	true
959           	smoothSolver	5.803620e-04	5.085750e-05	10	8.820320e-03	7.853010e-04	10	3.416780e-03	2.892730e-04	10	false	GAMG	4.897750e-03	4.839470e-05	5	true
960           	smoothSolver	5.777650e-04	5.072690e-05	10	8.833690e-03	7.861780e-04	10	3.409220e-03	2.880690e-04	10	false	GAMG	4.900050e-03	3.400910e-05	6	true
961           	smoothSolver	5.770130e-04	5.058170e-05	10	8.859730e-03	7.874700e-04	10	3.404600e-03	2.859810e-04	10	false	GAMG	4.923630e-03	2.796910e-05	6	true
962           	smoothSolver	5.755640e-04	5.046420e-05	10	8.901120e-03	7.886370e-04	10	3.398050e-03	2.837500e-04	10	false	GAMG	4.945830e-03	3.442500e-05	6	true
963           	smoothSolver	5.771350e-04	5.047900e-05	10	8.948770e-03	7.906260e-04	10	3.406770e-03	2.839370e-04	10	false	GAMG	4.955010e-03	4.860560e-05	5	true
964           	smoothSolver	5.781660e-04	5.064960e-05	10	8.979490e-03	7.930980e-04	10	3.424320e-03	2.865630e-04	10	false	GAMG	4.955610e-03	2.969440e-05	6	true
965           	smoothSolver	5.810000e-04	5.095040e-05	10	9.003510e-03	7.973510e-04	10	3.451950e-03	2.897440e-04	10	false	GAMG	4.930540e-03	4.571850e-05	5	true
966           	smoothSolver	5.845320e-04	5.139120e-05	10	9.027440e-03	8.006300e-04	10	3.463020e-03	2.903850e-04	10	false	GAMG	4.927780e-03	4.762920e-05	5	true
967           	smoothSolver	5.877150e-04	5.169120e-05	10	9.057070e-03	8.024730e-04	10	3.472990e-03	2.896160e-04	10	false	GAMG	4.914800e-03	4.693150e-05	5	true
968           	smoothSolver	5.903400e-04	5.170790e-05	10	9.094880e-03	8.032410e-04	10	3.485750e-03	2.888910e-04	10	false	GAMG	4.913910e-03	4.812000e-05	5	true
969           	smoothSolver	5.921190e-04	5.152710e-05	10	9.152190e-03	8.042970e-04	10	3.503720e-03	2.895510e-04	10	false	GAMG	4.926640e-03	2.880840e-05	6	true
970           	smoothSolver	5.928120e-04	5.128960e-05	10	9.220290e-03	8.062760e-04	10	3.522070e-03	2.909320e-04	10	false	GAMG	4.939740e-03	4.831510e-05	5	true
971           	smoothSolver	5.926810e-04	5.112090e-05	10	9.279060e-03	8.088350e-04	10	3.531010e-03	2.907470e-04	10	false	GAMG	4.981120e-03	3.312570e-05	6	true
972           	smoothSolver	5.919750e-04	5.086500e-05	10	9.342930e-03	8.114080e-04	10	3.532940e-03	2.892430e-04	10	false	GAMG	5.004220e-03	4.814010e-05	5	true
973           	smoothSolver	5.910080e-04	5.061630e-05	10	9.383490e-03	8.117960e-04	10	3.521860e-03	2.874100e-04	10	false	GAMG	5.023300e-03	3.241360e-05	6	true
974           	smoothSolver	5.888640e-04	5.038760e-05	10	9.397320e-03	8.113020e-04	10	3.511130e-03	2.867750e-04	10	false	GAMG	5.021690e-03	4.852440e-05	5	true
975           	smoothSolver	5.875320e-04	5.018490e-05	10	9.376910e-03	8.083810e-04	10	3.496500e-03	2.861780e-04	10	false	GAMG	5.032890e-03	3.138940e-05	6	true
976           	smoothSolver	5.849290e-04	5.000400e-05	10	9.333400e-03	8.057340e-04	10	3.481240e-03	2.852570e-04	10	false	GAMG	5.020260e-03	4.749600e-05	5	true
977           	smoothSolver	5.826970e-04	4.985050e-05	10	9.267610e-03	8.015220e-04	10	3.455060e-03	2.827350e-04	10	false	GAMG	5.018130e-03	3.470510e-05	6	true
978           	smoothSolver	5.809060e-04	4.972710e-05	10	9.189140e-03	7.987250e-04	10	3.433260e-03	2.815000e-04	10	false	GAMG	4.997210e-03	4.859160e-05	5	true
979           	smoothSolver	5.800270e-04	4.970540e-05	10	9.114820e-03	7.962050e-04	10	3.418280e-03	2.818500e-04	10	false	GAMG	4.984060e-03	3.594370e-05	6	true
980           	smoothSolver	5.813510e-04	4.980310e-05	10	9.031490e-03	7.941840e-04	10	3.417970e-03	2.842000e-04	10	false	GAMG	4.939360e-03	4.850660e-05	5	true
981           	smoothSolver	5.802760e-04	5.000250e-05	10	8.942140e-03	7.917490e-04	10	3.407880e-03	2.855410e-04	10	false	GAMG	4.883650e-03	4.846880e-05	5	true
982           	smoothSolver	5.796890e-04	5.018250e-05	10	8.842600e-03	7.863490e-04	10	3.390980e-03	2.850340e-04	10	false	GAMG	4.835070e-03	3.303310e-05	6	true
983           	smoothSolver	5.782160e-04	5.020880e-05	10	8.755290e-03	7.804330e-04	10	3.379080e-03	2.837410e-04	10	false	GAMG	4.808230e-03	4.709900e-05	5	true
984           	smoothSolver	5.763660e-04	5.014960e-05	10	8.701620e-03	7.756150e-04	10	3.370440e-03	2.832000e-04	10	false	GAMG	4.799280e-03	3.547070e-05	6	true
985           	smoothSolver	5.744470e-04	5.005850e-05	10	8.642760e-03	7.730760e-04	10	3.371410e-03	2.847280e-04	10	false	GAMG	4.807620e-03	2.837710e-05	6	true
986           	smoothSolver	5.721960e-04	5.003820e-05	10	8.598120e-03	7.713010e-04	10	3.370390e-03	2.864870e-04	10	false	GAMG	4.778510e-03	4.772080e-05	5	true
987           	smoothSolver	5.697810e-04	4.999740e-05	10	8.545550e-03	7.685110e-04	10	3.365170e-03	2.866990e-04	10	false	GAMG	4.752150e-03	2.963840e-05	6	true
988           	smoothSolver	5.687400e-04	4.994140e-05	10	8.524580e-03	7.651090e-04	10	3.367790e-03	2.866400e-04	10	false	GAMG	4.703450e-03	4.536490e-05	5	true
989           	smoothSolver	5.693580e-04	4.989370e-05	10	8.493900e-03	7.608940e-04	10	3.374760e-03	2.862830e-04	10	false	GAMG	4.679310e-03	4.588840e-05	5	true
990           	smoothSolver	5.704560e-04	4.988140e-05	10	8.523690e-03	7.567190e-04	10	3.401140e-03	2.871880e-04	10	false	GAMG	4.674060e-03	4.603900e-05	5	true
991           	smoothSolver	5.717170e-04	4.989380e-05	10	8.576460e-03	7.531330e-04	10	3.435320e-03	2.874140e-04	10	false	GAMG	4.727580e-03	4.638120e-05	5	true
992           	smoothSolver	5.729930e-04	4.991450e-05	10	8.655200e-03	7.499760e-04	10	3.463340e-03	2.857650e-04	10	false	GAMG	4.791310e-03	4.754030e-05	5	true
993           	smoothSolver	5.744820e-04	4.983800e-05	10	8.728610e-03	7.467180e-04	10	3.484270e-03	2.828910e-04	10	false	GAMG	4.881970e-03	2.784880e-05	6	true
994           	smoothSolver	5.767890e-04	4.973500e-05	10	8.772470e-03	7.426680e-04	10	3.501920e-03	2.812480e-04	10	false	GAMG	4.960670e-03	4.723730e-05	5	true
995           	smoothSolver	5.804110e-04	4.970500e-05	10	8.780410e-03	7.377890e-04	10	3.516310e-03	2.816370e-04	10	false	GAMG	5.039770e-03	3.115320e-05	6	true
996           	smoothSolver	5.838800e-04	4.983340e-05	10	8.737100e-03	7.342020e-04	10	3.528380e-03	2.834620e-04	10	false	GAMG	5.067400e-03	4.787110e-05	5	true
997           	smoothSolver	5.874150e-04	5.014760e-05	10	8.683430e-03	7.302340e-04	10	3.523610e-03	2.837680e-04	10	false	GAMG	5.093570e-03	5.007010e-05	5	true
998           	smoothSolver	5.901230e-04	5.035220e-05	10	8.610340e-03	7.268350e-04	10	3.512420e-03	2.838660e-04	10	false	GAMG	5.095280e-03	4.861520e-05	5	true
999           	smoothSolver	5.921190e-04	5.040330e-05	10	8.551600e-03	7.242660e-04	10	3.502050e-03	2.841150e-04	10	false	GAMG	5.085930e-03	4.883100e-05	5	true
1000          	smoothSolver	5.943000e-04	5.036700e-05	10	8.515830e-03	7.236600e-04	10	3.500610e-03	2.853880e-04	10	false	GAMG	5.058720e-03	5.001310e-05	5	true
1001          	smoothSolver	5.949340e-04	5.031790e-05	10	8.507200e-03	7.248040e-04	10	3.506710e-03	2.871850e-04	10	false	GAMG	5.028640e-03	4.981910e-05	5	true
1002          	smoothSolver	5.945240e-04	5.033650e-05	10	8.516410e-03	7.265150e-04	10	3.507770e-03	2.881360e-04	10	false	GAMG	4.979250e-03	4.827560e-05	5	true
1003          	smoothSolver	5.926970e-04	5.032740e-05	10	8.532750e-03	7.277580e-04	10	3.505670e-03	2.872840e-04	10	false	GAMG	4.937740e-03	4.699570e-05	5	true
1004          	smoothSolver	5.898900e-04	5.019670e-05	10	8.557190e-03	7.279320e-04	10	3.503130e-03	2.857580e-04	10	false	GAMG	4.893590e-03	4.757630e-05	5	true
1005          	smoothSolver	5.877930e-04	5.005910e-05	10	8.585860e-03	7.282250e-04	10	3.504810e-03	2.847090e-04	10	false	GAMG	4.886670e-03	4.843750e-05	5	true
1006          	smoothSolver	5.864610e-04	4.997130e-05	10	8.626860e-03	7.292700e-04	10	3.507600e-03	2.840210e-04	10	false	GAMG	4.924070e-03	4.906120e-05	5	true
1007          	smoothSolver	5.854530e-04	4.999500e-05	10	8.682680e-03	7.318540e-04	10	3.511550e-03	2.831970e-04	10	false	GAMG	4.990370e-03	4.844150e-05	5	true
1008          	smoothSolver	5.854460e-04	5.003280e-05	10	8.735820e-03	7.341210e-04	10	3.508640e-03	2.811970e-04	10	false	GAMG	5.044360e-03	4.782750e-05	5	true
1009          	smoothSolver	5.863580e-04	4.995060e-05	10	8.766140e-03	7.358490e-04	10	3.495630e-03	2.789660e-04	10	false	GAMG	5.104970e-03	5.001470e-05	5	true
1010          	smoothSolver	5.891290e-04	4.990780e-05	10	8.770080e-03	7.385000e-04	10	3.484800e-03	2.789900e-04	10	false	GAMG	5.129460e-03	5.022130e-05	5	true
1011          	smoothSolver	5.921250e-04	5.008990e-05	10	8.745470e-03	7.413410e-04	10	3.478900e-03	2.808810e-04	10	false	GAMG	5.141390e-03	4.947510e-05	5	true
1012          	smoothSolver	5.945110e-04	5.045690e-05	10	8.704610e-03	7.433060e-04	10	3.468330e-03	2.828100e-04	10	false	GAMG	5.099810e-03	4.833160e-05	5	true
1013          	smoothSolver	5.951080e-04	5.075860e-05	10	8.658510e-03	7.435910e-04	10	3.446300e-03	2.826720e-04	10	false	GAMG	5.055050e-03	4.946320e-05	5	true
1014          	smoothSolver	5.936310e-04	5.068080e-05	10	8.625780e-03	7.437040e-04	10	3.419230e-03	2.804630e-04	10	false	GAMG	5.020290e-03	3.331180e-05	6	true
1015          	smoothSolver	5.928300e-04	5.039930e-05	10	8.600110e-03	7.447940e-04	10	3.398360e-03	2.790100e-04	10	false	GAMG	5.017270e-03	4.954680e-05	5	true
1016          	smoothSolver	5.886060e-04	5.012280e-05	10	8.615100e-03	7.476150e-04	10	3.386430e-03	2.798530e-04	10	false	GAMG	4.983610e-03	3.442880e-05	6	true
1017          	smoothSolver	5.877530e-04	5.007950e-05	10	8.619190e-03	7.527370e-04	10	3.381180e-03	2.821970e-04	10	false	GAMG	4.973240e-03	4.568250e-05	5	true
1018          	smoothSolver	5.851190e-04	5.018430e-05	10	8.640220e-03	7.567420e-04	10	3.363750e-03	2.822530e-04	10	false	GAMG	4.937230e-03	4.643010e-05	5	true
1019          	smoothSolver	5.822800e-04	5.018210e-05	10	8.649420e-03	7.593510e-04	10	3.347840e-03	2.808110e-04	10	false	GAMG	4.918180e-03	3.111640e-05	6	true
1020          	smoothSolver	5.805000e-04	5.005590e-05	10	8.658180e-03	7.606850e-04	10	3.334820e-03	2.795570e-04	10	false	GAMG	4.890320e-03	3.243630e-05	6	true
1021          	smoothSolver	5.789250e-04	4.993440e-05	10	8.665060e-03	7.604090e-04	10	3.329960e-03	2.785430e-04	10	false	GAMG	4.888250e-03	3.100030e-05	6	true
1022          	smoothSolver	5.778620e-04	4.993320e-05	10	8.684210e-03	7.613620e-04	10	3.333910e-03	2.785010e-04	10	false	GAMG	4.868020e-03	2.903360e-05	6	true
1023          	smoothSolver	5.773490e-04	5.001570e-05	10	8.745660e-03	7.623550e-04	10	3.346880e-03	2.778400e-04	10	false	GAMG	4.872200e-03	4.710060e-05	5	true
1024          	smoothSolver	5.784050e-04	4.995170e-05	10	8.825090e-03	7.623980e-04	10	3.361480e-03	2.764970e-04	10	false	GAMG	4.872150e-03	4.858910e-05	5	true
1025          	smoothSolver	5.804050e-04	4.981820e-05	10	8.911190e-03	7.630870e-04	10	3.380570e-03	2.759230e-04	10	false	GAMG	4.893470e-03	4.866180e-05	5	true
1026          	smoothSolver	5.842110e-04	4.984570e-05	10	8.976680e-03	7.637630e-04	10	3.407240e-03	2.767850e-04	10	false	GAMG	4.912630e-03	3.288600e-05	6	true
1027          	smoothSolver	5.885710e-04	5.001910e-05	10	9.008570e-03	7.618130e-04	10	3.435680e-03	2.780980e-04	10	false	GAMG	4.941290e-03	4.894500e-05	5	true
1028          	smoothSolver	5.926080e-04	5.024500e-05	10	9.023380e-03	7.574290e-04	10	3.448950e-03	2.778540e-04	10	false	GAMG	4.959560e-03	2.713700e-05	6	true
1029          	smoothSolver	5.927730e-04	5.020950e-05	10	9.005580e-03	7.525180e-04	10	3.450540e-03	2.761740e-04	10	false	GAMG	4.995150e-03	4.735750e-05	5	true
1030          	smoothSolver	5.930780e-04	4.995130e-05	10	8.986670e-03	7.473220e-04	10	3.442380e-03	2.742830e-04	10	false	GAMG	5.018550e-03	4.910960e-05	5	true
1031          	smoothSolver	5.911450e-04	4.958690e-05	10	8.938350e-03	7.450130e-04	10	3.431820e-03	2.737250e-04	10	false	GAMG	5.035240e-03	4.821450e-05	5	true
1032          	smoothSolver	5.886480e-04	4.929630e-05	10	8.871230e-03	7.447330e-04	10	3.413950e-03	2.741440e-04	10	false	GAMG	5.012300e-03	4.769190e-05	5	true
1033          	smoothSolver	5.850790e-04	4.907380e-05	10	8.792250e-03	7.457950e-04	10	3.391440e-03	2.746700e-04	10	false	GAMG	4.977550e-03	4.719130e-05	5	true
1034          	smoothSolver	5.809230e-04	4.891540e-05	10	8.719890e-03	7.463440e-04	10	3.362730e-03	2.741420e-04	10	false	GAMG	4.924640e-03	4.668830e-05	5	true
1035          	smoothSolver	5.761200e-04	4.872230e-05	10	8.649880e-03	7.453990e-04	10	3.330910e-03	2.723220e-04	10	false	GAMG	4.882030e-03	4.654690e-05	5	true
1036          	smoothSolver	5.715260e-04	4.852390e-05	10	8.589570e-03	7.432700e-04	10	3.304040e-03	2.712820e-04	10	false	GAMG	4.837690e-03	4.661840e-05	5	true
1037          	smoothSolver	5.673200e-04	4.834130e-05	10	8.539910e-03	7.420600e-04	10	3.291420e-03	2.717620e-04	10	false	GAMG	4.814900e-03	4.695780e-05	5	true
1038          	smoothSolver	5.634800e-04	4.814220e-05	10	8.498890e-03	7.414830e-04	10	3.279010e-03	2.728640e-04	10	false	GAMG	4.791680e-03	4.727300e-05	5	true
1039          	smoothSolver	5.604030e-04	4.797000e-05	10	8.484270e-03	7.422130e-04	10	3.269350e-03	2.736180e-04	10	false	GAMG	4.792010e-03	4.699990e-05	5	true
1040          	smoothSolver	5.587180e-04	4.787730e-05	10	8.488310e-03	7.445240e-04	10	3.263840e-03	2.738220e-04	10	false	GAMG	4.761210e-03	4.638060e-05	5	true
1041          	smoothSolver	5.584650e-04	4.788400e-05	10	8.494990e-03	7.478340e-04	10	3.263040e-03	2.742480e-04	10	false	GAMG	4.715940e-03	4.668520e-05	5	true
1042          	smoothSolver	5.599630e-04	4.802060e-05	10	8.499860e-03	7.504180e-04	10	3.265370e-03	2.754410e-04	10	false	GAMG	4.655330e-03	2.728730e-05	6	true
1043          	smoothSolver	5.623360e-04	4.823650e-05	10	8.512560e-03	7.517080e-04	10	3.271710e-03	2.765530e-04	10	false	GAMG	4.606040e-03	2.447420e-05	6	true
1044          	smoothSolver	5.642380e-04	4.835700e-05	10	8.539370e-03	7.511480e-04	10	3.272170e-03	2.763650e-04	10	false	GAMG	4.576450e-03	4.419100e-05	5	true
1045          	smoothSolver	5.645170e-04	4.823220e-05	10	8.587510e-03	7.494650e-04	10	3.277360e-03	2.747670e-04	10	false	GAMG	4.614250e-03	4.588880e-05	5	true
1046          	smoothSolver	5.640890e-04	4.786540e-05	10	8.640010e-03	7.483530e-04	10	3.281940e-03	2.725210e-04	10	false	GAMG	4.667700e-03	3.222540e-05	6	true
1047          	smoothSolver	5.644580e-04	4.751540e-05	10	8.675310e-03	7.484600e-04	10	3.288040e-03	2.712360e-04	10	false	GAMG	4.732400e-03	4.700960e-05	5	true
1048          	smoothSolver	5.613690e-04	4.731690e-05	10	8.704260e-03	7.498520e-04	10	3.287180e-03	2.708680e-04	10	false	GAMG	4.767070e-03	3.185950e-05	6	true
1049          	smoothSolver	5.587800e-04	4.717370e-05	10	8.715120e-03	7.523310e-04	10	3.284210e-03	2.710130e-04	10	false	GAMG	4.816550e-03	4.618440e-05	5	true
1050          	smoothSolver	5.539890e-04	4.694520e-05	10	8.729940e-03	7.534810e-04	10	3.268330e-03	2.694130e-04	10	false	GAMG	4.819780e-03	2.830880e-05	6	true
1051          	smoothSolver	5.482470e-04	4.655800e-05	10	8.713390e-03	7.556470e-04	10	3.245790e-03	2.675570e-04	10	false	GAMG	4.807350e-03	4.730410e-05	5	true
1052          	smoothSolver	5.437020e-04	4.620790e-05	10	8.680290e-03	7.555780e-04	10	3.221120e-03	2.662530e-04	10	false	GAMG	4.782360e-03	3.295800e-05	6	true
1053          	smoothSolver	5.404210e-04	4.591010e-05	10	8.651240e-03	7.568950e-04	10	3.209370e-03	2.664780e-04	10	false	GAMG	4.779400e-03	2.515310e-05	6	true
1054          	smoothSolver	5.363860e-04	4.573750e-05	10	8.637960e-03	7.570540e-04	10	3.192730e-03	2.660370e-04	10	false	GAMG	4.753580e-03	2.486020e-05	6	true
1055          	smoothSolver	5.333220e-04	4.568550e-05	10	8.644140e-03	7.580650e-04	10	3.179270e-03	2.649670e-04	10	false	GAMG	4.750920e-03	4.713790e-05	5	true
1056          	smoothSolver	5.323920e-04	4.562470e-05	10	8.653260e-03	7.585880e-04	10	3.165560e-03	2.632220e-04	10	false	GAMG	4.743600e-03	2.539900e-05	6	true
1057          	smoothSolver	5.319560e-04	4.561370e-05	10	8.673830e-03	7.596040e-04	10	3.163320e-03	2.624950e-04	10	false	GAMG	4.719610e-03	4.701930e-05	5	true
1058          	smoothSolver	5.323950e-04	4.567650e-05	10	8.683200e-03	7.600620e-04	10	3.160920e-03	2.624390e-04	10	false	GAMG	4.669820e-03	2.598280e-05	6	true
1059          	smoothSolver	5.323450e-04	4.578210e-05	10	8.688550e-03	7.613730e-04	10	3.164450e-03	2.630100e-04	10	false	GAMG	4.606420e-03	4.407110e-05	5	true
1060          	smoothSolver	5.324020e-04	4.585730e-05	10	8.690850e-03	7.609970e-04	10	3.167290e-03	2.624780e-04	10	false	GAMG	4.561190e-03	4.551140e-05	5	true
1061          	smoothSolver	5.313280e-04	4.580990e-05	10	8.691490e-03	7.596680e-04	10	3.176840e-03	2.617110e-04	10	false	GAMG	4.548750e-03	4.497830e-05	5	true
1062          	smoothSolver	5.304100e-04	4.576670e-05	10	8.681010e-03	7.588220e-04	10	3.186430e-03	2.620500e-04	10	false	GAMG	4.543420e-03	2.768370e-05	6	true
1063          	smoothSolver	5.301740e-04	4.577270e-05	10	8.662540e-03	7.596630e-04	10	3.198710e-03	2.638460e-04	10	false	GAMG	4.568130e-03	4.517110e-05	5	true
1064          	smoothSolver	5.293710e-04	4.574870e-05	10	8.630660e-03	7.596640e-04	10	3.198610e-03	2.655170e-04	10	false	GAMG	4.591580e-03	3.009640e-05	6	true
1065          	smoothSolver	5.288220e-04	4.564690e-05	10	8.597830e-03	7.586840e-04	10	3.193590e-03	2.665880e-04	10	false	GAMG	4.626660e-03	2.655740e-05	6	true
1066          	smoothSolver	5.283390e-04	4.546830e-05	10	8.548460e-03	7.554810e-04	10	3.177510e-03	2.657840e-04	10	false	GAMG	4.630170e-03	2.769390e-05	6	true
1067          	smoothSolver	5.275480e-04	4.534350e-05	10	8.482620e-03	7.507490e-04	10	3.160200e-03	2.649040e-04	10	false	GAMG	4.635930e-03	2.514860e-05	6	true
1068          	smoothSolver	5.277590e-04	4.531820e-05	10	8.403560e-03	7.457240e-04	10	3.148390e-03	2.653550e-04	10	false	GAMG	4.633780e-03	4.519400e-05	5	true
1069          	smoothSolver	5.263140e-04	4.531320e-05	10	8.327120e-03	7.415640e-04	10	3.132330e-03	2.651440e-04	10	false	GAMG	4.632970e-03	2.607470e-05	6	true
1070          	smoothSolver	5.247680e-04	4.536840e-05	10	8.266910e-03	7.383920e-04	10	3.117220e-03	2.642770e-04	10	false	GAMG	4.636720e-03	4.462120e-05	5	true
1071          	smoothSolver	5.234210e-04	4.537030e-05	10	8.202630e-03	7.333070e-04	10	3.093310e-03	2.611710e-04	10	false	GAMG	4.647340e-03	4.566110e-05	5	true
1072          	smoothSolver	5.229380e-04	4.538220e-05	10	8.157920e-03	7.289980e-04	10	3.076800e-03	2.591090e-04	10	false	GAMG	4.655080e-03	4.566010e-05	5	true
1073          	smoothSolver	5.234970e-04	4.552720e-05	10	8.122440e-03	7.247280e-04	10	3.066850e-03	2.584190e-04	10	false	GAMG	4.666830e-03	4.640760e-05	5	true
1074          	smoothSolver	5.245080e-04	4.577270e-05	10	8.101360e-03	7.214490e-04	10	3.059600e-03	2.583330e-04	10	false	GAMG	4.668220e-03	2.798320e-05	6	true
1075          	smoothSolver	5.261200e-04	4.593380e-05	10	8.094220e-03	7.180070e-04	10	3.056810e-03	2.575500e-04	10	false	GAMG	4.669770e-03	4.561420e-05	5	true
1076          	smoothSolver	5.254260e-04	4.585610e-05	10	8.087580e-03	7.140000e-04	10	3.051680e-03	2.552800e-04	10	false	GAMG	4.672130e-03	2.644980e-05	6	true
1077          	smoothSolver	5.258090e-04	4.560960e-05	10	8.107570e-03	7.115320e-04	10	3.063610e-03	2.540560e-04	10	false	GAMG	4.674280e-03	4.642230e-05	5	true
1078          	smoothSolver	5.261520e-04	4.541790e-05	10	8.118750e-03	7.109020e-04	10	3.073710e-03	2.540440e-04	10	false	GAMG	4.678640e-03	2.624380e-05	6	true
1079          	smoothSolver	5.275740e-04	4.542400e-05	10	8.151130e-03	7.131900e-04	10	3.097980e-03	2.559590e-04	10	false	GAMG	4.675930e-03	2.414980e-05	6	true
1080          	smoothSolver	5.293170e-04	4.555720e-05	10	8.174390e-03	7.152500e-04	10	3.106070e-03	2.566310e-04	10	false	GAMG	4.677670e-03	2.486680e-05	6	true
1081          	smoothSolver	5.308570e-04	4.563830e-05	10	8.200670e-03	7.163910e-04	10	3.104870e-03	2.553990e-04	10	false	GAMG	4.685340e-03	4.667700e-05	5	true
1082          	smoothSolver	5.328140e-04	4.557610e-05	10	8.212810e-03	7.154480e-04	10	3.092040e-03	2.526340e-04	10	false	GAMG	4.695160e-03	2.692740e-05	6	true
1083          	smoothSolver	5.357140e-04	4.557620e-05	10	8.242900e-03	7.147170e-04	10	3.086470e-03	2.509020e-04	10	false	GAMG	4.723770e-03	4.566410e-05	5	true
1084          	smoothSolver	5.382540e-04	4.561620e-05	10	8.268890e-03	7.148370e-04	10	3.080580e-03	2.492070e-04	10	false	GAMG	4.761400e-03	2.751520e-05	6	true
1085          	smoothSolver	5.396980e-04	4.565090e-05	10	8.334050e-03	7.180910e-04	10	3.081910e-03	2.483080e-04	10	false	GAMG	4.808630e-03	4.573420e-05	5	true
1086          	smoothSolver	5.402870e-04	4.564790e-05	10	8.380610e-03	7.201750e-04	10	3.074030e-03	2.462220e-04	10	false	GAMG	4.843620e-03	3.111820e-05	6	true
1087          	smoothSolver	5.413970e-04	4.563980e-05	10	8.439010e-03	7.227680e-04	10	3.071080e-03	2.445940e-04	10	false	GAMG	4.873480e-03	4.526170e-05	5	true
1088          	smoothSolver	5.422280e-04	4.567180e-05	10	8.453250e-03	7.226570e-04	10	3.061290e-03	2.434210e-04	10	false	GAMG	4.909610e-03	4.813920e-05	5	true
1089          	smoothSolver	5.430450e-04	4.585450e-05	10	8.473390e-03	7.238140e-04	10	3.068460e-03	2.445980e-04	10	false	GAMG	4.910190e-03	4.719020e-05	5	true
1090          	smoothSolver	5.439520e-04	4.605460e-05	10	8.468410e-03	7.237530e-04	10	3.073230e-03	2.456620e-04	10	false	GAMG	4.886880e-03	4.631470e-05	5	true
1091          	smoothSolver	5.429960e-04	4.609210e-05	10	8.464370e-03	7.241330e-04	10	3.069940e-03	2.450420e-04	10	false	GAMG	4.865850e-03	4.685330e-05	5	true
1092          	smoothSolver	5.401000e-04	4.581080e-05	10	8.459690e-03	7.238220e-04	10	3.053680e-03	2.426500e-04	10	false	GAMG	4.855150e-03	2.854660e-05	6	true
1093          	smoothSolver	5.368350e-04	4.543190e-05	10	8.451820e-03	7.248590e-04	10	3.039680e-03	2.409300e-04	10	false	GAMG	4.855050e-03	4.657210e-05	5	true
1094          	smoothSolver	5.338840e-04	4.523210e-05	10	8.436030e-03	7.268990e-04	10	3.030500e-03	2.407580e-04	10	false	GAMG	4.842650e-03	3.385430e-05	6	true
1095          	smoothSolver	5.324380e-04	4.522000e-05	10	8.437840e-03	7.317040e-04	10	3.035900e-03	2.428580e-04	10	false	GAMG	4.831480e-03	4.527430e-05	5	true
1096          	smoothSolver	5.297020e-04	4.532030e-05	10	8.418310e-03	7.340240e-04	10	3.026630e-03	2.436980e-04	10	false	GAMG	4.774610e-03	4.618740e-05	5	true
1097          	smoothSolver	5.269780e-04	4.536210e-05	10	8.403280e-03	7.349350e-04	10	3.016610e-03	2.434670e-04	10	false	GAMG	4.715520e-03	4.518000e-05	5	true
1098          	smoothSolver	5.264110e-04	4.536610e-05	10	8.378630e-03	7.334820e-04	10	3.003570e-03	2.429480e-04	10	false	GAMG	4.658180e-03	4.563620e-05	5	true
1099          	smoothSolver	5.268810e-04	4.549370e-05	10	8.375030e-03	7.335840e-04	10	3.001530e-03	2.435680e-04	10	false	GAMG	4.609610e-03	2.925440e-05	6	true
1100          	smoothSolver	5.283720e-04	4.582940e-05	10	8.409520e-03	7.361610e-04	10	3.010650e-03	2.452210e-04	10	false	GAMG	4.567950e-03	4.357770e-05	5	true
1101          	smoothSolver	5.299040e-04	4.625490e-05	10	8.451450e-03	7.392460e-04	10	3.021060e-03	2.461880e-04	10	false	GAMG	4.529340e-03	4.528900e-05	5	true
1102          	smoothSolver	5.316540e-04	4.653140e-05	10	8.512450e-03	7.427320e-04	10	3.033930e-03	2.468520e-04	10	false	GAMG	4.509040e-03	4.343200e-05	5	true
1103          	smoothSolver	5.349410e-04	4.665500e-05	10	8.554400e-03	7.458810e-04	10	3.047520e-03	2.475430e-04	10	false	GAMG	4.492300e-03	2.922840e-05	6	true
1104          	smoothSolver	5.394720e-04	4.688100e-05	10	8.584290e-03	7.500840e-04	10	3.066160e-03	2.501650e-04	10	false	GAMG	4.483590e-03	3.045720e-05	6	true
1105          	smoothSolver	5.442140e-04	4.727590e-05	10	8.592640e-03	7.519260e-04	10	3.088610e-03	2.532110e-04	10	false	GAMG	4.474440e-03	2.811430e-05	6	true
1106          	smoothSolver	5.475850e-04	4.765630e-05	10	8.604210e-03	7.519090e-04	10	3.107550e-03	2.554810e-04	10	false	GAMG	4.480370e-03	2.609670e-05	6	true
1107          	smoothSolver	5.495150e-04	4.778410e-05	10	8.626570e-03	7.504500e-04	10	3.117890e-03	2.550270e-04	10	false	GAMG	4.520050e-03	2.652490e-05	6	true
1108          	smoothSolver	5.498330e-04	4.767600e-05	10	8.654190e-03	7.496250e-04	10	3.120140e-03	2.541280e-04	10	false	GAMG	4.573440e-03	2.614840e-05	6	true
1109          	smoothSolver	5.499990e-04	4.762530e-05	10	8.672350e-03	7.504430e-04	10	3.126240e-03	2.543170e-04	10	false	GAMG	4.632550e-03	2.455930e-05	6	true
1110          	smoothSolver	5.501740e-04	4.772910e-05	10	8.678250e-03	7.527410e-04	10	3.135240e-03	2.563940e-04	10	false	GAMG	4.690530e-03	2.336750e-05	6	true
1111          	smoothSolver	5.500400e-04	4.792170e-05	10	8.671900e-03	7.547250e-04	10	3.144370e-03	2.584870e-04	10	false	GAMG	4.731580e-03	4.727090e-05	5	true
1112          	smoothSolver	5.492040e-04	4.803600e-05	10	8.659750e-03	7.546940e-04	10	3.150840e-03	2.596890e-04	10	false	GAMG	4.760760e-03	2.879270e-05	6	true
1113          	smoothSolver	5.489610e-04	4.794930e-05	10	8.661390e-03	7.535360e-04	10	3.158390e-03	2.600210e-04	10	false	GAMG	4.780200e-03	2.488670e-05	6	true
1114          	smoothSolver	5.484490e-04	4.790730e-05	10	8.669060e-03	7.532050e-04	10	3.169040e-03	2.606700e-04	10	false	GAMG	4.801970e-03	2.963830e-05	6	true
1115          	smoothSolver	5.488140e-04	4.804930e-05	10	8.700140e-03	7.557930e-04	10	3.191350e-03	2.625010e-04	10	false	GAMG	4.828230e-03	2.678150e-05	6	true
1116          	smoothSolver	5.510800e-04	4.825870e-05	10	8.748950e-03	7.602860e-04	10	3.218360e-03	2.650810e-04	10	false	GAMG	4.844710e-03	2.664800e-05	6	true
1117          	smoothSolver	5.535550e-04	4.846570e-05	10	8.784770e-03	7.646130e-04	10	3.238200e-03	2.670010e-04	10	false	GAMG	4.847290e-03	4.750980e-05	5	true
1118          	smoothSolver	5.568720e-04	4.865300e-05	10	8.789350e-03	7.668600e-04	10	3.250750e-03	2.677020e-04	10	false	GAMG	4.821200e-03	2.769040e-05	6	true
1119          	smoothSolver	5.602690e-04	4.886080e-05	10	8.773700e-03	7.669060e-04	10	3.261930e-03	2.688730e-04	10	false	GAMG	4.789370e-03	4.744980e-05	5	true
1120          	smoothSolver	5.633850e-04	4.915100e-05	10	8.731230e-03	7.639510e-04	10	3.264970e-03	2.701650e-04	10	false	GAMG	4.772380e-03	3.424730e-05	6	true
1121          	smoothSolver	5.676610e-04	4.941950e-05	10	8.714590e-03	7.610480e-04	10	3.276710e-03	2.720210e-04	10	false	GAMG	4.762400e-03	4.755000e-05	5	true
1122          	smoothSolver	5.686860e-04	4.955790e-05	10	8.705660e-03	7.581040e-04	10	3.283530e-03	2.722380e-04	10	false	GAMG	4.768750e-03	2.655240e-05	6	true
1123          	smoothSolver	5.692200e-04	4.943780e-05	10	8.727500e-03	7.573320e-04	10	3.293640e-03	2.721300e-04	10	false	GAMG	4.783380e-03	4.712340e-05	5	true
1124          	smoothSolver	5.698900e-04	4.924270e-05	10	8.742550e-03	7.579860e-04	10	3.302910e-03	2.722340e-04	10	false	GAMG	4.813900e-03	2.782920e-05	6	true
1125          	smoothSolver	5.712910e-04	4.921750e-05	10	8.777010e-03	7.625140e-04	10	3.327750e-03	2.743900e-04	10	false	GAMG	4.840740e-03	2.750580e-05	6	true
1126          	smoothSolver	5.730040e-04	4.946190e-05	10	8.812960e-03	7.683610e-04	10	3.357470e-03	2.778300e-04	10	false	GAMG	4.853980e-03	2.865720e-05	6	true
1127          	smoothSolver	5.744000e-04	4.977030e-05	10	8.842280e-03	7.728490e-04	10	3.383980e-03	2.812890e-04	10	false	GAMG	4.833420e-03	2.626680e-05	6	true
1128          	smoothSolver	5.751960e-04	5.002820e-05	10	8.867700e-03	7.754120e-04	10	3.402720e-03	2.835300e-04	10	false	GAMG	4.800540e-03	2.645490e-05	6	true
1129          	smoothSolver	5.765340e-04	5.024450e-05	10	8.897150e-03	7.763510e-04	10	3.416340e-03	2.843460e-04	10	false	GAMG	4.782770e-03	2.651070e-05	6	true
1130          	smoothSolver	5.788730e-04	5.053630e-05	10	8.946790e-03	7.791080e-04	10	3.435600e-03	2.856140e-04	10	false	GAMG	4.795160e-03	2.817950e-05	6	true
1131          	smoothSolver	5.822720e-04	5.085600e-05	10	9.016450e-03	7.840070e-04	10	3.463920e-03	2.881410e-04	10	false	GAMG	4.836430e-03	2.714790e-05	6	true
1132          	smoothSolver	5.855850e-04	5.116670e-05	10	9.088170e-03	7.904810e-04	10	3.492900e-03	2.917080e-04	10	false	GAMG	4.886000e-03	4.702020e-05	5	true
1133          	smoothSolver	5.890450e-04	5.143410e-05	10	9.143180e-03	7.962440e-04	10	3.512310e-03	2.941760e-04	10	false	GAMG	4.933160e-03	4.840070e-05	5	true
1134          	smoothSolver	5.920680e-04	5.167100e-05	10	9.172980e-03	8.011410e-04	10	3.522640e-03	2.952920e-04	10	false	GAMG	4.944570e-03	4.853310e-05	5	true
1135          	smoothSolver	5.952090e-04	5.191760e-05	10	9.171210e-03	8.039570e-04	10	3.526840e-03	2.957950e-04	10	false	GAMG	4.936270e-03	2.925050e-05	6	true
1136          	smoothSolver	5.981490e-04	5.217010e-05	10	9.159080e-03	8.059670e-04	10	3.531990e-03	2.975320e-04	10	false	GAMG	4.915810e-03	4.721160e-05	5	true
1137          	smoothSolver	5.997640e-04	5.244440e-05	10	9.148940e-03	8.076810e-04	10	3.541900e-03	2.995940e-04	10	false	GAMG	4.903980e-03	2.726270e-05	6	true
1138          	smoothSolver	6.011860e-04	5.265500e-05	10	9.164630e-03	8.125170e-04	10	3.555400e-03	3.022960e-04	10	false	GAMG	4.894230e-03	4.745300e-05	5	true
1139          	smoothSolver	6.022030e-04	5.274010e-05	10	9.198910e-03	8.180730e-04	10	3.558740e-03	3.027950e-04	10	false	GAMG	4.897350e-03	3.188020e-05	6	true
1140          	smoothSolver	6.048890e-04	5.284560e-05	10	9.267600e-03	8.271550e-04	10	3.564450e-03	3.040500e-04	10	false	GAMG	4.910340e-03	4.766030e-05	5	true
1141          	smoothSolver	6.070820e-04	5.303320e-05	10	9.326640e-03	8.361400e-04	10	3.563610e-03	3.051720e-04	10	false	GAMG	4.917500e-03	2.478070e-05	6	true
1142          	smoothSolver	6.080540e-04	5.322510e-05	10	9.378760e-03	8.432630e-04	10	3.569980e-03	3.078290e-04	10	false	GAMG	4.897510e-03	4.655260e-05	5	true
1143          	smoothSolver	6.090080e-04	5.334850e-05	10	9.401190e-03	8.449830e-04	10	3.569390e-03	3.086930e-04	10	false	GAMG	4.881110e-03	4.864030e-05	5	true
1144          	smoothSolver	6.090720e-04	5.328840e-05	10	9.416290e-03	8.422330e-04	10	3.568560e-03	3.081360e-04	10	false	GAMG	4.871200e-03	4.849610e-05	5	true
1145          	smoothSolver	6.081270e-04	5.312070e-05	10	9.428890e-03	8.376630e-04	10	3.565970e-03	3.061720e-04	10	false	GAMG	4.880900e-03	2.602860e-05	6	true
1146          	smoothSolver	6.075680e-04	5.296010e-05	10	9.444460e-03	8.344100e-04	10	3.565220e-03	3.042750e-04	10	false	GAMG	4.911400e-03	4.898700e-05	5	true
1147          	smoothSolver	6.075210e-04	5.277580e-05	10	9.458860e-03	8.314450e-04	10	3.569830e-03	3.032850e-04	10	false	GAMG	4.969090e-03	2.672250e-05	6	true
1148          	smoothSolver	6.074520e-04	5.259050e-05	10	9.464310e-03	8.296600e-04	10	3.577480e-03	3.032530e-04	10	false	GAMG	5.033710e-03	4.608650e-05	5	true
1149          	smoothSolver	6.091020e-04	5.250880e-05	10	9.470160e-03	8.264700e-04	10	3.580590e-03	3.017950e-04	10	false	GAMG	5.082560e-03	4.899920e-05	5	true
1150          	smoothSolver	6.110480e-04	5.249860e-05	10	9.455760e-03	8.213530e-04	10	3.584950e-03	3.001460e-04	10	false	GAMG	5.120080e-03	5.003450e-05	5	true
1151          	smoothSolver	6.132180e-04	5.249720e-05	10	9.426390e-03	8.143280e-04	10	3.589160e-03	2.990260e-04	10	false	GAMG	5.153810e-03	5.113830e-05	5	true
1152          	smoothSolver	6.147920e-04	5.250660e-05	10	9.385820e-03	8.072830e-04	10	3.593610e-03	2.988360e-04	10	false	GAMG	5.184270e-03	5.104090e-05	5	true
1153          	smoothSolver	6.149250e-04	5.240590e-05	10	9.352330e-03	8.020600e-04	10	3.594660e-03	2.982670e-04	10	false	GAMG	5.180750e-03	5.110590e-05	5	true
1154          	smoothSolver	6.131570e-04	5.215790e-05	10	9.309400e-03	7.974570e-04	10	3.579330e-03	2.959420e-04	10	false	GAMG	5.167830e-03	5.003760e-05	5	true
1155          	smoothSolver	6.105480e-04	5.180870e-05	10	9.268740e-03	7.943300e-04	10	3.558840e-03	2.927700e-04	10	false	GAMG	5.134270e-03	4.855730e-05	5	true
1156          	smoothSolver	6.078880e-04	5.154430e-05	10	9.212760e-03	7.923150e-04	10	3.532610e-03	2.901340e-04	10	false	GAMG	5.096250e-03	4.708310e-05	5	true
1157          	smoothSolver	6.051050e-04	5.141340e-05	10	9.150390e-03	7.909620e-04	10	3.511500e-03	2.892140e-04	10	false	GAMG	5.028560e-03	4.611660e-05	5	true
1158          	smoothSolver	6.018000e-04	5.136560e-05	10	9.082590e-03	7.886260e-04	10	3.487590e-03	2.887050e-04	10	false	GAMG	4.950290e-03	4.516520e-05	5	true
1159          	smoothSolver	5.984490e-04	5.128940e-05	10	9.020180e-03	7.848060e-04	10	3.459240e-03	2.869400e-04	10	false	GAMG	4.893610e-03	4.510070e-05	5	true
1160          	smoothSolver	5.948620e-04	5.113630e-05	10	8.973250e-03	7.789550e-04	10	3.431410e-03	2.838050e-04	10	false	GAMG	4.876580e-03	4.618210e-05	5	true
1161          	smoothSolver	5.920250e-04	5.095590e-05	10	8.942390e-03	7.738610e-04	10	3.408690e-03	2.802460e-04	10	false	GAMG	4.873250e-03	4.780040e-05	5	true
1162          	smoothSolver	5.894230e-04	5.074780e-05	10	8.919570e-03	7.714130e-04	10	3.388680e-03	2.779300e-04	10	false	GAMG	4.877040e-03	3.303970e-05	6	true
1163          	smoothSolver	5.880230e-04	5.055580e-05	10	8.893240e-03	7.717060e-04	10	3.372260e-03	2.772760e-04	10	false	GAMG	4.891620e-03	4.620820e-05	5	true
1164          	smoothSolver	5.858350e-04	5.036160e-05	10	8.861610e-03	7.714130e-04	10	3.349310e-03	2.764210e-04	10	false	GAMG	4.897040e-03	3.354930e-05	6	true
1165          	smoothSolver	5.835580e-04	5.023750e-05	10	8.813280e-03	7.721380e-04	10	3.336120e-03	2.759070e-04	10	false	GAMG	4.882570e-03	3.156420e-05	6	true
1166          	smoothSolver	5.819850e-04	5.016960e-05	10	8.770600e-03	7.713440e-04	10	3.319010e-03	2.750610e-04	10	false	GAMG	4.868350e-03	3.217910e-05	6	true
1167          	smoothSolver	5.807660e-04	5.013880e-05	10	8.730090e-03	7.686660e-04	10	3.312540e-03	2.750090e-04	10	false	GAMG	4.863720e-03	4.729710e-05	5	true
1168          	smoothSolver	5.798170e-04	5.005900e-05	10	8.693350e-03	7.657000e-04	10	3.310960e-03	2.756590e-04	10	false	GAMG	4.858360e-03	3.165440e-05	6	true
1169          	smoothSolver	5.780840e-04	4.988150e-05	10	8.691410e-03	7.636930e-04	10	3.317670e-03	2.766320e-04	10	false	GAMG	4.826400e-03	4.687850e-05	5	true
1170          	smoothSolver	5.754350e-04	4.959490e-05	10	8.677470e-03	7.618220e-04	10	3.312270e-03	2.760530e-04	10	false	GAMG	4.798330e-03	2.914330e-05	6	true
1171          	smoothSolver	5.722270e-04	4.927810e-05	10	8.704210e-03	7.629360e-04	10	3.314650e-03	2.754250e-04	10	false	GAMG	4.759800e-03	4.526670e-05	5	true
1172          	smoothSolver	5.693170e-04	4.907500e-05	10	8.712550e-03	7.654580e-04	10	3.307980e-03	2.745420e-04	10	false	GAMG	4.727180e-03	4.646900e-05	5	true
1173          	smoothSolver	5.672340e-04	4.899390e-05	10	8.743970e-03	7.693060e-04	10	3.308270e-03	2.752380e-04	10	false	GAMG	4.681880e-03	4.499960e-05	5	true
1174          	smoothSolver	5.657410e-04	4.895350e-05	10	8.756040e-03	7.719850e-04	10	3.305300e-03	2.758660e-04	10	false	GAMG	4.621380e-03	4.444550e-05	5	true
1175          	smoothSolver	5.646940e-04	4.896310e-05	10	8.764120e-03	7.734790e-04	10	3.303750e-03	2.761050e-04	10	false	GAMG	4.584050e-03	4.530560e-05	5	true
1176          	smoothSolver	5.645860e-04	4.900110e-05	10	8.771010e-03	7.736110e-04	10	3.303880e-03	2.754340e-04	10	false	GAMG	4.587370e-03	3.002800e-05	6	true
1177          	smoothSolver	5.657480e-04	4.905170e-05	10	8.792230e-03	7.744950e-04	10	3.312310e-03	2.750880e-04	10	false	GAMG	4.604040e-03	4.427650e-05	5	true
1178          	smoothSolver	5.661110e-04	4.907380e-05	10	8.809180e-03	7.749780e-04	10	3.319970e-03	2.753280e-04	10	false	GAMG	4.611630e-03	2.984260e-05	6	true
1179          	smoothSolver	5.671930e-04	4.914880e-05	10	8.811780e-03	7.780990e-04	10	3.336050e-03	2.777810e-04	10	false	GAMG	4.622640e-03	4.322010e-05	5	true
1180          	smoothSolver	5.686660e-04	4.933050e-05	10	8.789930e-03	7.787450e-04	10	3.341260e-03	2.795150e-04	10	false	GAMG	4.626160e-03	3.261670e-05	6	true
1181          	smoothSolver	5.710730e-04	4.958590e-05	10	8.752180e-03	7.790920e-04	10	3.343810e-03	2.807130e-04	10	false	GAMG	4.622560e-03	4.510800e-05	5	true
1182          	smoothSolver	5.723610e-04	4.977140e-05	10	8.720850e-03	7.753000e-04	10	3.331010e-03	2.795490e-04	10	false	GAMG	4.617060e-03	3.389100e-05	6	true
1183          	smoothSolver	5.739350e-04	4.986840e-05	10	8.689140e-03	7.712550e-04	10	3.324740e-03	2.787000e-04	10	false	GAMG	4.620020e-03	4.619090e-05	5	true
1184          	smoothSolver	5.732330e-04	4.988990e-05	10	8.684220e-03	7.687350e-04	10	3.322150e-03	2.783690e-04	10	false	GAMG	4.641560e-03	3.455700e-05	6	true
1185          	smoothSolver	5.728300e-04	4.975370e-05	10	8.693770e-03	7.704150e-04	10	3.328890e-03	2.791020e-04	10	false	GAMG	4.669960e-03	4.588110e-05	5	true
1186          	smoothSolver	5.703130e-04	4.958950e-05	10	8.720050e-03	7.740100e-04	10	3.332900e-03	2.789540e-04	10	false	GAMG	4.693270e-03	2.963450e-05	6	true
1187          	smoothSolver	5.691730e-04	4.940240e-05	10	8.766320e-03	7.800040e-04	10	3.336470e-03	2.782330e-04	10	false	GAMG	4.733040e-03	4.523530e-05	5	true
1188          	smoothSolver	5.685190e-04	4.935750e-05	10	8.826490e-03	7.869660e-04	10	3.337790e-03	2.778600e-04	10	false	GAMG	4.766620e-03	3.367710e-05	6	true
1189          	smoothSolver	5.699520e-04	4.938920e-05	10	8.912690e-03	7.934080e-04	10	3.346580e-03	2.787060e-04	10	false	GAMG	4.803110e-03	4.658490e-05	5	true
1190          	smoothSolver	5.703150e-04	4.937990e-05	10	8.974600e-03	7.966040e-04	10	3.350160e-03	2.790970e-04	10	false	GAMG	4.817710e-03	3.461240e-05	6	true
1191          	smoothSolver	5.700040e-04	4.932760e-05	10	9.037280e-03	7.975980e-04	10	3.347290e-03	2.776570e-04	10	false	GAMG	4.850380e-03	2.777270e-05	6	true
1192          	smoothSolver	5.696340e-04	4.918480e-05	10	9.072690e-03	7.963130e-04	10	3.330400e-03	2.742770e-04	10	false	GAMG	4.866660e-03	3.564310e-05	6	true
1193          	smoothSolver	5.674620e-04	4.893570e-05	10	9.081440e-03	7.935360e-04	10	3.311780e-03	2.705350e-04	10	false	GAMG	4.899480e-03	3.251090e-05	6	true
1194          	smoothSolver	5.660150e-04	4.873110e-05	10	9.060510e-03	7.913940e-04	10	3.299180e-03	2.693800e-04	10	false	GAMG	4.902760e-03	3.331410e-05	6	true
1195          	smoothSolver	5.644380e-04	4.868910e-05	10	9.007040e-03	7.897200e-04	10	3.293210e-03	2.701380e-04	10	false	GAMG	4.879630e-03	4.673380e-05	5	true
1196          	smoothSolver	5.653390e-04	4.889220e-05	10	8.930790e-03	7.874970e-04	10	3.289410e-03	2.717040e-04	10	false	GAMG	4.841210e-03	4.757930e-05	5	true
1197          	smoothSolver	5.651920e-04	4.922630e-05	10	8.833370e-03	7.837880e-04	10	3.285740e-03	2.725540e-04	10	false	GAMG	4.782370e-03	3.491380e-05	6	true
1198          	smoothSolver	5.674700e-04	4.945610e-05	10	8.738460e-03	7.777840e-04	10	3.273140e-03	2.723290e-04	10	false	GAMG	4.719930e-03	4.643850e-05	5	true
1199          	smoothSolver	5.673010e-04	4.952550e-05	10	8.651730e-03	7.695870e-04	10	3.258040e-03	2.715560e-04	10	false	GAMG	4.678960e-03	3.135550e-05	6	true
1200          	smoothSolver	5.671320e-04	4.949120e-05	10	8.590240e-03	7.631190e-04	10	3.251670e-03	2.716270e-04	10	false	GAMG	4.659420e-03	4.652520e-05	5	true
1201          	smoothSolver	5.661950e-04	4.937390e-05	10	8.557260e-03	7.586160e-04	10	3.250960e-03	2.715430e-04	10	false	GAMG	4.662150e-03	3.037170e-05	6	true
1202          	smoothSolver	5.649720e-04	4.920860e-05	10	8.553030e-03	7.569190e-04	10	3.255860e-03	2.712420e-04	10	false	GAMG	4.670550e-03	4.493290e-05	5	true
1203          	smoothSolver	5.636170e-04	4.898730e-05	10	8.546700e-03	7.557110e-04	10	3.255320e-03	2.699130e-04	10	false	GAMG	4.662120e-03	4.594740e-05	5	true
1204          	smoothSolver	5.614900e-04	4.872670e-05	10	8.526220e-03	7.534470e-04	10	3.250740e-03	2.691320e-04	10	false	GAMG	4.657910e-03	4.604460e-05	5	true
1205          	smoothSolver	5.594880e-04	4.850220e-05	10	8.509220e-03	7.509090e-04	10	3.250510e-03	2.698890e-04	10	false	GAMG	4.659540e-03	4.541650e-05	5	true
1206          	smoothSolver	5.580680e-04	4.835140e-05	10	8.472850e-03	7.469140e-04	10	3.251390e-03	2.711550e-04	10	false	GAMG	4.658880e-03	4.453490e-05	5	true
1207          	smoothSolver	5.570240e-04	4.823620e-05	10	8.438750e-03	7.431330e-04	10	3.246060e-03	2.709100e-04	10	false	GAMG	4.671230e-03	4.521280e-05	5	true
1208          	smoothSolver	5.565880e-04	4.807370e-05	10	8.409840e-03	7.387570e-04	10	3.234390e-03	2.688440e-04	10	false	GAMG	4.685620e-03	2.638160e-05	6	true
1209          	smoothSolver	5.557510e-04	4.789170e-05	10	8.386330e-03	7.359340e-04	10	3.223600e-03	2.672370e-04	10	false	GAMG	4.710050e-03	4.539630e-05	5	true
1210          	smoothSolver	5.551670e-04	4.777910e-05	10	8.348630e-03	7.324910e-04	10	3.213800e-03	2.668950e-04	10	false	GAMG	4.727050e-03	3.214820e-05	6	true
1211          	smoothSolver	5.549180e-04	4.773710e-05	10	8.307940e-03	7.309030e-04	10	3.214770e-03	2.680220e-04	10	false	GAMG	4.710220e-03	4.503510e-05	5	true
1212          	smoothSolver	5.550840e-04	4.785340e-05	10	8.253950e-03	7.284340e-04	10	3.205490e-03	2.681810e-04	10	false	GAMG	4.712690e-03	3.379840e-05	6	true
1213          	smoothSolver	5.545320e-04	4.796460e-05	10	8.221440e-03	7.256380e-04	10	3.199850e-03	2.670490e-04	10	false	GAMG	4.715250e-03	4.468440e-05	5	true
1214          	smoothSolver	5.558270e-04	4.796050e-05	10	8.200950e-03	7.213480e-04	10	3.187510e-03	2.651790e-04	10	false	GAMG	4.726410e-03	3.385420e-05	6	true
1215          	smoothSolver	5.549370e-04	4.783980e-05	10	8.210590e-03	7.183980e-04	10	3.185390e-03	2.644610e-04	10	false	GAMG	4.745080e-03	4.618490e-05	5	true
1216          	smoothSolver	5.559840e-04	4.768610e-05	10	8.233860e-03	7.174040e-04	10	3.185100e-03	2.643510e-04	10	false	GAMG	4.775660e-03	3.529420e-05	6	true
1217          	smoothSolver	5.545600e-04	4.753670e-05	10	8.264500e-03	7.191910e-04	10	3.194150e-03	2.646610e-04	10	false	GAMG	4.788470e-03	4.531660e-05	5	true
1218          	smoothSolver	5.547070e-04	4.741610e-05	10	8.264530e-03	7.210260e-04	10	3.186360e-03	2.634840e-04	10	false	GAMG	4.776790e-03	4.634020e-05	5	true
1219          	smoothSolver	5.524320e-04	4.723650e-05	10	8.248440e-03	7.222900e-04	10	3.171920e-03	2.615230e-04	10	false	GAMG	4.756190e-03	4.539690e-05	5	true
1220          	smoothSolver	5.504140e-04	4.705350e-05	10	8.222070e-03	7.229720e-04	10	3.153520e-03	2.603280e-04	10	false	GAMG	4.711230e-03	4.539850e-05	5	true
1221          	smoothSolver	5.483540e-04	4.691420e-05	10	8.179390e-03	7.227540e-04	10	3.136250e-03	2.601480e-04	10	false	GAMG	4.659900e-03	4.488750e-05	5	true
1222          	smoothSolver	5.456810e-04	4.686640e-05	10	8.147630e-03	7.231020e-04	10	3.120330e-03	2.603130e-04	10	false	GAMG	4.620500e-03	4.483070e-05	5	true
1223          	smoothSolver	5.429270e-04	4.690570e-05	10	8.139220e-03	7.242300e-04	10	3.103200e-03	2.591840e-04	10	false	GAMG	4.603800e-03	2.606640e-05	6	true
1224          	smoothSolver	5.406000e-04	4.694590e-05	10	8.156280e-03	7.265290e-04	10	3.086740e-03	2.572650e-04	10	false	GAMG	4.599390e-03	4.544280e-05	5	true
1225          	smoothSolver	5.398910e-04	4.704450e-05	10	8.187470e-03	7.287930e-04	10	3.079360e-03	2.563440e-04	10	false	GAMG	4.614490e-03	2.507100e-05	6	true
1226          	smoothSolver	5.413780e-04	4.729260e-05	10	8.196040e-03	7.314690e-04	10	3.090280e-03	2.587470e-04	10	false	GAMG	4.623380e-03	4.575070e-05	5	true
1227          	smoothSolver	5.452620e-04	4.774990e-05	10	8.207830e-03	7.330040e-04	10	3.111040e-03	2.621450e-04	10	false	GAMG	4.621280e-03	3.126100e-05	6	true
1228          	smoothSolver	5.507850e-04	4.830110e-05	10	8.199600e-03	7.339860e-04	10	3.131570e-03	2.651420e-04	10	false	GAMG	4.609780e-03	4.446230e-05	5	true
1229          	smoothSolver	5.534190e-04	4.870430e-05	10	8.209470e-03	7.334760e-04	10	3.142990e-03	2.657140e-04	10	false	GAMG	4.583110e-03	4.539520e-05	5	true
1230          	smoothSolver	5.566310e-04	4.881950e-05	10	8.227770e-03	7.327380e-04	10	3.149050e-03	2.649290e-04	10	false	GAMG	4.571850e-03	2.986440e-05	6	true
1231          	smoothSolver	5.587680e-04	4.873540e-05	10	8.267600e-03	7.330550e-04	10	3.158920e-03	2.644470e-04	10	false	GAMG	4.580440e-03	4.375580e-05	5	true
1232          	smoothSolver	5.588210e-04	4.864770e-05	10	8.312310e-03	7.332660e-04	10	3.172050e-03	2.646260e-04	10	false	GAMG	4.589710e-03	2.754840e-05	6	true
1233          	smoothSolver	5.598760e-04	4.872650e-05	10	8.380950e-03	7.378780e-04	10	3.198310e-03	2.660020e-04	10	false	GAMG	4.605270e-03	4.344520e-05	5	true
1234          	smoothSolver	5.611500e-04	4.890310e-05	10	8.430690e-03	7.416240e-04	10	3.210090e-03	2.659470e-04	10	false	GAMG	4.631010e-03	2.668800e-05	6	true
1235          	smoothSolver	5.625620e-04	4.905490e-05	10	8.491090e-03	7.463040e-04	10	3.225530e-03	2.662380e-04	10	false	GAMG	4.637730e-03	4.563610e-05	5	true
1236          	smoothSolver	5.650480e-04	4.922170e-05	10	8.530690e-03	7.479340e-04	10	3.230230e-03	2.659770e-04	10	false	GAMG	4.645610e-03	3.178860e-05	6	true
1237          	smoothSolver	5.682070e-04	4.941320e-05	10	8.555000e-03	7.507950e-04	10	3.235980e-03	2.677830e-04	10	false	GAMG	4.665320e-03	2.596710e-05	6	true
1238          	smoothSolver	5.691800e-04	4.964110e-05	10	8.581850e-03	7.533330e-04	10	3.241350e-03	2.695770e-04	10	false	GAMG	4.675970e-03	3.092250e-05	6	true
1239          	smoothSolver	5.703340e-04	4.975110e-05	10	8.627080e-03	7.570970e-04	10	3.248540e-03	2.703080e-04	10	false	GAMG	4.698080e-03	2.536280e-05	6	true
1240          	smoothSolver	5.701870e-04	4.967880e-05	10	8.672400e-03	7.613600e-04	10	3.252640e-03	2.703210e-04	10	false	GAMG	4.702680e-03	4.699410e-05	5	true
1241          	smoothSolver	5.704840e-04	4.969570e-05	10	8.708480e-03	7.668350e-04	10	3.258210e-03	2.710300e-04	10	false	GAMG	4.696520e-03	2.524900e-05	6	true
1242          	smoothSolver	5.723270e-04	4.989350e-05	10	8.734090e-03	7.716700e-04	10	3.273670e-03	2.734760e-04	10	false	GAMG	4.681750e-03	4.488040e-05	5	true
1243          	smoothSolver	5.751830e-04	5.029190e-05	10	8.745580e-03	7.731790e-04	10	3.289260e-03	2.754020e-04	10	false	GAMG	4.657520e-03	4.592140e-05	5	true
1244          	smoothSolver	5.779770e-04	5.067950e-05	10	8.758500e-03	7.722740e-04	10	3.300500e-03	2.757730e-04	10	false	GAMG	4.630380e-03	4.570140e-05	5	true
1245          	smoothSolver	5.802590e-04	5.087900e-05	10	8.768730e-03	7.700380e-04	10	3.303160e-03	2.746550e-04	10	false	GAMG	4.607520e-03	4.589510e-05	5	true
1246          	smoothSolver	5.820560e-04	5.089560e-05	10	8.778080e-03	7.683700e-04	10	3.303620e-03	2.738700e-04	10	false	GAMG	4.600970e-03	2.712490e-05	6	true
1247          	smoothSolver	5.843500e-04	5.090690e-05	10	8.796930e-03	7.693920e-04	10	3.314800e-03	2.749750e-04	10	false	GAMG	4.584830e-03	4.417040e-05	5	true
1248          	smoothSolver	5.863190e-04	5.103090e-05	10	8.800750e-03	7.717310e-04	10	3.321220e-03	2.764160e-04	10	false	GAMG	4.583800e-03	2.923300e-05	6	true
1249          	smoothSolver	5.890350e-04	5.127770e-05	10	8.805800e-03	7.756260e-04	10	3.330310e-03	2.784080e-04	10	false	GAMG	4.593340e-03	4.425130e-05	5	true
1250          	smoothSolver	5.906550e-04	5.148910e-05	10	8.800900e-03	7.772030e-04	10	3.323480e-03	2.783000e-04	10	false	GAMG	4.591130e-03	3.046720e-05	6	true
1251          	smoothSolver	5.921410e-04	5.157960e-05	10	8.799030e-03	7.782380e-04	10	3.321510e-03	2.779280e-04	10	false	GAMG	4.602700e-03	4.319830e-05	5	true
1252          	smoothSolver	5.926670e-04	5.166530e-05	10	8.783850e-03	7.773640e-04	10	3.317710e-03	2.778770e-04	10	false	GAMG	4.633180e-03	4.596930e-05	5	true
1253          	smoothSolver	5.926350e-04	5.174600e-05	10	8.771600e-03	7.773970e-04	10	3.324090e-03	2.792550e-04	10	false	GAMG	4.677950e-03	4.593000e-05	5	true
1254          	smoothSolver	5.928480e-04	5.172930e-05	10	8.767160e-03	7.781930e-04	10	3.329770e-03	2.807470e-04	10	false	GAMG	4.711060e-03	4.561010e-05	5	true
1255          	smoothSolver	5.924750e-04	5.159240e-05	10	8.776410e-03	7.798810e-04	10	3.335050e-03	2.813110e-04	10	false	GAMG	4.746380e-03	4.518910e-05	5	true
1256          	smoothSolver	5.924270e-04	5.144630e-05	10	8.800310e-03	7.827550e-04	10	3.337810e-03	2.814930e-04	10	false	GAMG	4.758450e-03	4.688810e-05	5	true
1257          	smoothSolver	5.936740e-04	5.149170e-05	10	8.839240e-03	7.865730e-04	10	3.351480e-03	2.828340e-04	10	false	GAMG	4.771090e-03	2.951680e-05	6	true
1258          	smoothSolver	5.968540e-04	5.169220e-05	10	8.876400e-03	7.876610e-04	10	3.374580e-03	2.848590e-04	10	false	GAMG	4.771250e-03	4.739040e-05	5	true
1259          	smoothSolver	5.993610e-04	5.190910e-05	10	8.889060e-03	7.850900e-04	10	3.394470e-03	2.859720e-04	10	false	GAMG	4.759450e-03	3.105280e-05	6	true
1260          	smoothSolver	6.023510e-04	5.194850e-05	10	8.927310e-03	7.809900e-04	10	3.413320e-03	2.862520e-04	10	false	GAMG	4.746730e-03	4.673490e-05	5	true
1261          	smoothSolver	6.017220e-04	5.166360e-05	10	8.961430e-03	7.757940e-04	10	3.425680e-03	2.844210e-04	10	false	GAMG	4.763160e-03	2.757240e-05	6	true
1262          	smoothSolver	5.995550e-04	5.114320e-05	10	8.986510e-03	7.722060e-04	10	3.436530e-03	2.829020e-04	10	false	GAMG	4.800730e-03	4.582610e-05	5	true
1263          	smoothSolver	5.962760e-04	5.069340e-05	10	9.006620e-03	7.706430e-04	10	3.446170e-03	2.827900e-04	10	false	GAMG	4.844520e-03	3.045740e-05	6	true
1264          	smoothSolver	5.921580e-04	5.037700e-05	10	9.019680e-03	7.733370e-04	10	3.457010e-03	2.848870e-04	10	false	GAMG	4.870930e-03	3.113710e-05	6	true
1265          	smoothSolver	5.877550e-04	5.012870e-05	10	9.015420e-03	7.758340e-04	10	3.456010e-03	2.857580e-04	10	false	GAMG	4.874560e-03	2.817750e-05	6	true
1266          	smoothSolver	5.827120e-04	4.980560e-05	10	8.995640e-03	7.773540e-04	10	3.438370e-03	2.848500e-04	10	false	GAMG	4.864720e-03	2.846570e-05	6	true
1267          	smoothSolver	5.781900e-04	4.936780e-05	10	8.961580e-03	7.769580e-04	10	3.412340e-03	2.831340e-04	10	false	GAMG	4.845610e-03	4.793730e-05	5	true
1268          	smoothSolver	5.752370e-04	4.899910e-05	10	8.904770e-03	7.742430e-04	10	3.388710e-03	2.819640e-04	10	false	GAMG	4.823150e-03	2.868130e-05	6	true
1269          	smoothSolver	5.725520e-04	4.871410e-05	10	8.847930e-03	7.725340e-04	10	3.375290e-03	2.818590e-04	10	false	GAMG	4.792360e-03	4.609420e-05	5	true
1270          	smoothSolver	5.698900e-04	4.853140e-05	10	8.804700e-03	7.688530e-04	10	3.358880e-03	2.814220e-04	10	false	GAMG	4.771690e-03	2.702240e-05	6	true
1271          	smoothSolver	5.672790e-04	4.842130e-05	10	8.791020e-03	7.682080e-04	10	3.346010e-03	2.803660e-04	10	false	GAMG	4.749450e-03	4.570460e-05	5	true
1272          	smoothSolver	5.656480e-04	4.826540e-05	10	8.792210e-03	7.681650e-04	10	3.335380e-03	2.776970e-04	10	false	GAMG	4.748320e-03	2.630020e-05	6	true
1273          	smoothSolver	5.658390e-04	4.820270e-05	10	8.829010e-03	7.707190e-04	10	3.337390e-03	2.766270e-04	10	false	GAMG	4.740730e-03	4.724700e-05	5	true
1274          	smoothSolver	5.675340e-04	4.825600e-05	10	8.876280e-03	7.717930e-04	10	3.346990e-03	2.768920e-04	10	false	GAMG	4.743870e-03	2.691780e-05	6	true
1275          	smoothSolver	5.696490e-04	4.839320e-05	10	8.931510e-03	7.736330e-04	10	3.363300e-03	2.780450e-04	10	false	GAMG	4.754790e-03	4.592500e-05	5	true
1276          	smoothSolver	5.715050e-04	4.842460e-05	10	8.986150e-03	7.736960e-04	10	3.372530e-03	2.772900e-04	10	false	GAMG	4.804180e-03	2.812110e-05	6	true
1277          	smoothSolver	5.724270e-04	4.824300e-05	10	9.022590e-03	7.721030e-04	10	3.375490e-03	2.758770e-04	10	false	GAMG	4.827990e-03	4.498490e-05	5	true
1278          	smoothSolver	5.724640e-04	4.802170e-05	10	9.024900e-03	7.704860e-04	10	3.363510e-03	2.739370e-04	10	false	GAMG	4.853750e-03	2.691970e-05	6	true
1279          	smoothSolver	5.712360e-04	4.787100e-05	10	8.995640e-03	7.718700e-04	10	3.352210e-03	2.735100e-04	10	false	GAMG	4.854390e-03	4.616780e-05	5	true
1280          	smoothSolver	5.683730e-04	4.780930e-05	10	8.937050e-03	7.731120e-04	10	3.325190e-03	2.728750e-04	10	false	GAMG	4.840720e-03	2.893270e-05	6	true
1281          	smoothSolver	5.647040e-04	4.772190e-05	10	8.865270e-03	7.734750e-04	10	3.289800e-03	2.715190e-04	10	false	GAMG	4.796580e-03	4.399710e-05	5	true
1282          	smoothSolver	5.596150e-04	4.752420e-05	10	8.765700e-03	7.708150e-04	10	3.241550e-03	2.683880e-04	10	false	GAMG	4.728290e-03	4.616950e-05	5	true
1283          	smoothSolver	5.544650e-04	4.726180e-05	10	8.663940e-03	7.660610e-04	10	3.196250e-03	2.650350e-04	10	false	GAMG	4.663210e-03	4.547550e-05	5	true
1284          	smoothSolver	5.497660e-04	4.710770e-05	10	8.567710e-03	7.608840e-04	10	3.157150e-03	2.630640e-04	10	false	GAMG	4.615530e-03	4.513590e-05	5	true
1285          	smoothSolver	5.453880e-04	4.701860e-05	10	8.500100e-03	7.573080e-04	10	3.129740e-03	2.622270e-04	10	false	GAMG	4.607430e-03	4.550740e-05	5	true
1286          	smoothSolver	5.419680e-04	4.695220e-05	10	8.466860e-03	7.563620e-04	10	3.107240e-03	2.609830e-04	10	false	GAMG	4.614410e-03	4.611010e-05	5	true
1287          	smoothSolver	5.394080e-04	4.689680e-05	10	8.451180e-03	7.563490e-04	10	3.083260e-03	2.584970e-04	10	false	GAMG	4.632480e-03	4.535290e-05	5	true
1288          	smoothSolver	5.381020e-04	4.688860e-05	10	8.439150e-03	7.565630e-04	10	3.059780e-03	2.560670e-04	10	false	GAMG	4.631500e-03	4.484630e-05	5	true
1289          	smoothSolver	5.389970e-04	4.702470e-05	10	8.440770e-03	7.582830e-04	10	3.050220e-03	2.556660e-04	10	false	GAMG	4.628150e-03	4.543720e-05	5	true
1290          	smoothSolver	5.406950e-04	4.724190e-05	10	8.435110e-03	7.594550e-04	10	3.042820e-03	2.561410e-04	10	false	GAMG	4.596330e-03	4.567830e-05	5	true
1291          	smoothSolver	5.422740e-04	4.749530e-05	10	8.424620e-03	7.597910e-04	10	3.040070e-03	2.562500e-04	10	false	GAMG	4.549110e-03	4.379840e-05	5	true
1292          	smoothSolver	5.431490e-04	4.765450e-05	10	8.407330e-03	7.579970e-04	10	3.035920e-03	2.553330e-04	10	false	GAMG	4.506950e-03	4.422000e-05	5	true
1293          	smoothSolver	5.435540e-04	4.765130e-05	10	8.404410e-03	7.565990e-04	10	3.037410e-03	2.547040e-04	10	false	GAMG	4.487540e-03	2.583750e-05	6	true
1294          	smoothSolver	5.443560e-04	4.773440e-05	10	8.423590e-03	7.578780e-04	10	3.048710e-03	2.561800e-04	10	false	GAMG	4.484870e-03	4.420300e-05	5	true
1295          	smoothSolver	5.455510e-04	4.795440e-05	10	8.452330e-03	7.604300e-04	10	3.062040e-03	2.580140e-04	10	false	GAMG	4.495450e-03	2.458400e-05	6	true
1296          	smoothSolver	5.466530e-04	4.819430e-05	10	8.472850e-03	7.614180e-04	10	3.074020e-03	2.593930e-04	10	false	GAMG	4.524330e-03	4.382990e-05	5	true
1297          	smoothSolver	5.488390e-04	4.835590e-05	10	8.473950e-03	7.592380e-04	10	3.079310e-03	2.591130e-04	10	false	GAMG	4.550360e-03	4.518450e-05	5	true
1298          	smoothSolver	5.509900e-04	4.839220e-05	10	8.450170e-03	7.541720e-04	10	3.085980e-03	2.588640e-04	10	false	GAMG	4.563500e-03	4.556930e-05	5	true
1299          	smoothSolver	5.536610e-04	4.846530e-05	10	8.416070e-03	7.477300e-04	10	3.103170e-03	2.600820e-04	10	false	GAMG	4.593210e-03	4.566800e-05	5	true
1300          	smoothSolver	5.564820e-04	4.854610e-05	10	8.405900e-03	7.437070e-04	10	3.128910e-03	2.622420e-04	10	false	GAMG	4.614720e-03	4.552180e-05	5	true
1301          	smoothSolver	5.576320e-04	4.856620e-05	10	8.410690e-03	7.426630e-04	10	3.150140e-03	2.636160e-04	10	false	GAMG	4.643340e-03	4.574230e-05	5	true
1302          	smoothSolver	5.577740e-04	4.849710e-05	10	8.428330e-03	7.434780e-04	10	3.161370e-03	2.636550e-04	10	false	GAMG	4.677490e-03	4.640980e-05	5	true
1303          	smoothSolver	5.574240e-04	4.839140e-05	10	8.444810e-03	7.439520e-04	10	3.164730e-03	2.632030e-04	10	false	GAMG	4.708980e-03	2.527790e-05	6	true
1304          	smoothSolver	5.588900e-04	4.840440e-05	10	8.462610e-03	7.442710e-04	10	3.177930e-03	2.645350e-04	10	false	GAMG	4.717360e-03	4.619080e-05	5	true
1305          	smoothSolver	5.614470e-04	4.859560e-05	10	8.463820e-03	7.426590e-04	10	3.197360e-03	2.669640e-04	10	false	GAMG	4.740820e-03	2.959350e-05	6	true
1306          	smoothSolver	5.641030e-04	4.890400e-05	10	8.471100e-03	7.409700e-04	10	3.221460e-03	2.703340e-04	10	false	GAMG	4.756230e-03	4.499990e-05	5	true
1307          	smoothSolver	5.646810e-04	4.916500e-05	10	8.486680e-03	7.390850e-04	10	3.238700e-03	2.717380e-04	10	false	GAMG	4.785510e-03	2.700970e-05	6	true
1308          	smoothSolver	5.656990e-04	4.914260e-05	10	8.525460e-03	7.400440e-04	10	3.254650e-03	2.718990e-04	10	false	GAMG	4.800020e-03	4.655240e-05	5	true
1309          	smoothSolver	5.654380e-04	4.899180e-05	10	8.567900e-03	7.422710e-04	10	3.264390e-03	2.710980e-04	10	false	GAMG	4.806500e-03	3.362130e-05	6	true
1310          	smoothSolver	5.658530e-04	4.890720e-05	10	8.597090e-03	7.458850e-04	10	3.277970e-03	2.720630e-04	10	false	GAMG	4.814700e-03	2.648590e-05	6	true
1311          	smoothSolver	5.657020e-04	4.894280e-05	10	8.594640e-03	7.488790e-04	10	3.283770e-03	2.738520e-04	10	false	GAMG	4.793680e-03	3.189560e-05	6	true
1312          	smoothSolver	5.641760e-04	4.900900e-05	10	8.581580e-03	7.509180e-04	10	3.284450e-03	2.755960e-04	10	false	GAMG	4.759960e-03	3.163860e-05	6	true
1313          	smoothSolver	5.632470e-04	4.895050e-05	10	8.563190e-03	7.520820e-04	10	3.272740e-03	2.756140e-04	10	false	GAMG	4.719820e-03	3.241070e-05	6	true
1314          	smoothSolver	5.619370e-04	4.876550e-05	10	8.552270e-03	7.520510e-04	10	3.257340e-03	2.750510e-04	10	false	GAMG	4.691320e-03	3.340700e-05	6	true
1315          	smoothSolver	5.617610e-04	4.867820e-05	10	8.564860e-03	7.535220e-04	10	3.255680e-03	2.753510e-04	10	false	GAMG	4.688970e-03	3.530990e-05	6	true
1316          	smoothSolver	5.626580e-04	4.876400e-05	10	8.612330e-03	7.578330e-04	10	3.273590e-03	2.774000e-04	10	false	GAMG	4.718450e-03	3.485220e-05	6	true
1317          	smoothSolver	5.640880e-04	4.898300e-05	10	8.674810e-03	7.632610e-04	10	3.297890e-03	2.791570e-04	10	false	GAMG	4.759560e-03	3.375500e-05	6	true
1318          	smoothSolver	5.664690e-04	4.918130e-05	10	8.724210e-03	7.678430e-04	10	3.317400e-03	2.797980e-04	10	false	GAMG	4.787940e-03	4.785550e-05	5	true
1319          	smoothSolver	5.711050e-04	4.929850e-05	10	8.742460e-03	7.704270e-04	10	3.330430e-03	2.796180e-04	10	false	GAMG	4.792270e-03	3.502660e-05	6	true
1320          	smoothSolver	5.740330e-04	4.953890e-05	10	8.761280e-03	7.714320e-04	10	3.345920e-03	2.807970e-04	10	false	GAMG	4.765710e-03	4.649160e-05	5	true
1321          	smoothSolver	5.784200e-04	4.989810e-05	10	8.755110e-03	7.708410e-04	10	3.359810e-03	2.826970e-04	10	false	GAMG	4.740960e-03	2.741630e-05	6	true
1322          	smoothSolver	5.796790e-04	5.012010e-05	10	8.757940e-03	7.688650e-04	10	3.369230e-03	2.840540e-04	10	false	GAMG	4.728310e-03	4.437670e-05	5	true
1323          	smoothSolver	5.783420e-04	5.002560e-05	10	8.736050e-03	7.637550e-04	10	3.363860e-03	2.820740e-04	10	false	GAMG	4.732120e-03	2.769960e-05	6	true
1324          	smoothSolver	5.760610e-04	4.959180e-05	10	8.697780e-03	7.579740e-04	10	3.351750e-03	2.797310e-04	10	false	GAMG	4.738870e-03	4.538150e-05	5	true
1325          	smoothSolver	5.727120e-04	4.916250e-05	10	8.635920e-03	7.519530e-04	10	3.335530e-03	2.778110e-04	10	false	GAMG	4.744960e-03	3.158500e-05	6	true
1326          	smoothSolver	5.706580e-04	4.899400e-05	10	8.577980e-03	7.500570e-04	10	3.336600e-03	2.789500e-04	10	false	GAMG	4.750770e-03	4.723640e-05	5	true
1327          	smoothSolver	5.691080e-04	4.898780e-05	10	8.533750e-03	7.470690e-04	10	3.337950e-03	2.803280e-04	10	false	GAMG	4.732560e-03	3.298940e-05	6	true
1328          	smoothSolver	5.679610e-04	4.902000e-05	10	8.504290e-03	7.444900e-04	10	3.340550e-03	2.809890e-04	10	false	GAMG	4.706780e-03	2.779180e-05	6	true
1329          	smoothSolver	5.664330e-04	4.896040e-05	10	8.474810e-03	7.392860e-04	10	3.335400e-03	2.795850e-04	10	false	GAMG	4.685610e-03	3.149130e-05	6	true
1330          	smoothSolver	5.651050e-04	4.889320e-05	10	8.451790e-03	7.343960e-04	10	3.339950e-03	2.787420e-04	10	false	GAMG	4.693290e-03	2.814200e-05	6	true
1331          	smoothSolver	5.647780e-04	4.890500e-05	10	8.458660e-03	7.323290e-04	10	3.361030e-03	2.800060e-04	10	false	GAMG	4.707870e-03	2.835170e-05	6	true
1332          	smoothSolver	5.648060e-04	4.892070e-05	10	8.489960e-03	7.338250e-04	10	3.388500e-03	2.821170e-04	10	false	GAMG	4.719570e-03	4.646590e-05	5	true
1333          	smoothSolver	5.662410e-04	4.892800e-05	10	8.514120e-03	7.361220e-04	10	3.409860e-03	2.830290e-04	10	false	GAMG	4.747100e-03	2.954480e-05	6	true
1334          	smoothSolver	5.674810e-04	4.887350e-05	10	8.536120e-03	7.375710e-04	10	3.426130e-03	2.831970e-04	10	false	GAMG	4.756400e-03	4.470980e-05	5	true
1335          	smoothSolver	5.711360e-04	4.885520e-05	10	8.519480e-03	7.352610e-04	10	3.426120e-03	2.824580e-04	10	false	GAMG	4.773710e-03	3.265040e-05	6	true
1336          	smoothSolver	5.746650e-04	4.894390e-05	10	8.515240e-03	7.320800e-04	10	3.427200e-03	2.824830e-04	10	false	GAMG	4.790980e-03	4.721110e-05	5	true
1337          	smoothSolver	5.793270e-04	4.907430e-05	10	8.491860e-03	7.281430e-04	10	3.426850e-03	2.826130e-04	10	false	GAMG	4.819110e-03	3.530170e-05	6	true
1338          	smoothSolver	5.806450e-04	4.908360e-05	10	8.493680e-03	7.263120e-04	10	3.422490e-03	2.822890e-04	10	false	GAMG	4.849130e-03	4.600860e-05	5	true
1339          	smoothSolver	5.814120e-04	4.888910e-05	10	8.483960e-03	7.266850e-04	10	3.410790e-03	2.805700e-04	10	false	GAMG	4.874840e-03	4.751540e-05	5	true
1340          	smoothSolver	5.788310e-04	4.857820e-05	10	8.483700e-03	7.297930e-04	10	3.392420e-03	2.786980e-04	10	false	GAMG	4.890050e-03	4.740920e-05	5	true
1341          	smoothSolver	5.760940e-04	4.836020e-05	10	8.475910e-03	7.345080e-04	10	3.376250e-03	2.781060e-04	10	false	GAMG	4.911390e-03	4.764640e-05	5	true
1342          	smoothSolver	5.731620e-04	4.828190e-05	10	8.462370e-03	7.372280e-04	10	3.357380e-03	2.784340e-04	10	false	GAMG	4.916870e-03	4.826440e-05	5	true
1343          	smoothSolver	5.703510e-04	4.829800e-05	10	8.446730e-03	7.372030e-04	10	3.341170e-03	2.782480e-04	10	false	GAMG	4.914510e-03	4.865110e-05	5	true
1344          	smoothSolver	5.671710e-04	4.826290e-05	10	8.437350e-03	7.360120e-04	10	3.322320e-03	2.765320e-04	10	false	GAMG	4.921280e-03	4.843840e-05	5	true
1345          	smoothSolver	5.646050e-04	4.806760e-05	10	8.440060e-03	7.334050e-04	10	3.301760e-03	2.737270e-04	10	false	GAMG	4.935460e-03	4.809060e-05	5	true
1346          	smoothSolver	5.633550e-04	4.786990e-05	10	8.467500e-03	7.332780e-04	10	3.290190e-03	2.723140e-04	10	false	GAMG	4.948750e-03	4.816170e-05	5	true
1347          	smoothSolver	5.631300e-04	4.778650e-05	10	8.512250e-03	7.362820e-04	10	3.294580e-03	2.728820e-04	10	false	GAMG	4.947770e-03	4.823390e-05	5	true
1348          	smoothSolver	5.630910e-04	4.785940e-05	10	8.561170e-03	7.423910e-04	10	3.309160e-03	2.750340e-04	10	false	GAMG	4.939920e-03	4.873610e-05	5	true
1349          	smoothSolver	5.632370e-04	4.795490e-05	10	8.610330e-03	7.499000e-04	10	3.314930e-03	2.763540e-04	10	false	GAMG	4.922480e-03	3.479060e-05	6	true
1350          	smoothSolver	5.649210e-04	4.797660e-05	10	8.656460e-03	7.558930e-04	10	3.319440e-03	2.766310e-04	10	false	GAMG	4.909500e-03	4.799330e-05	5	true
1351          	smoothSolver	5.650800e-04	4.790950e-05	10	8.668530e-03	7.580070e-04	10	3.315650e-03	2.754810e-04	10	false	GAMG	4.877150e-03	3.097170e-05	6	true
1352          	smoothSolver	5.644480e-04	4.784260e-05	10	8.691890e-03	7.595470e-04	10	3.323070e-03	2.759920e-04	10	false	GAMG	4.828680e-03	4.608990e-05	5	true
1353          	smoothSolver	5.637850e-04	4.783620e-05	10	8.696630e-03	7.595940e-04	10	3.326580e-03	2.769400e-04	10	false	GAMG	4.833470e-03	2.867730e-05	6	true
1354          	smoothSolver	5.626620e-04	4.778400e-05	10	8.722680e-03	7.601750e-04	10	3.338570e-03	2.785070e-04	10	false	GAMG	4.868520e-03	4.532840e-05	5	true
1355          	smoothSolver	5.605140e-04	4.765180e-05	10	8.726610e-03	7.582730e-04	10	3.334160e-03	2.777060e-04	10	false	GAMG	4.914050e-03	3.167080e-05	6	true
1356          	smoothSolver	5.598330e-04	4.751990e-05	10	8.726530e-03	7.575080e-04	10	3.335120e-03	2.773460e-04	10	false	GAMG	4.943640e-03	4.767440e-05	5	true
1357          	smoothSolver	5.579180e-04	4.747030e-05	10	8.692450e-03	7.558090e-04	10	3.331440e-03	2.770790e-04	10	false	GAMG	4.949950e-03	3.430630e-05	6	true
1358          	smoothSolver	5.579080e-04	4.751120e-05	10	8.632480e-03	7.549970e-04	10	3.336240e-03	2.794730e-04	10	false	GAMG	4.930900e-03	4.837590e-05	5	true
1359          	smoothSolver	5.544760e-04	4.758860e-05	10	8.563180e-03	7.536880e-04	10	3.329490e-03	2.812050e-04	10	false	GAMG	4.860320e-03	3.469640e-05	6	true
1360          	smoothSolver	5.536990e-04	4.766780e-05	10	8.476600e-03	7.511960e-04	10	3.315710e-03	2.815020e-04	10	false	GAMG	4.805780e-03	4.673620e-05	5	true
1361          	smoothSolver	5.516860e-04	4.768520e-05	10	8.404480e-03	7.451470e-04	10	3.297250e-03	2.794340e-04	10	false	GAMG	4.742600e-03	3.108990e-05	6	true
1362          	smoothSolver	5.511460e-04	4.766010e-05	10	8.357090e-03	7.394380e-04	10	3.286200e-03	2.780550e-04	10	false	GAMG	4.687540e-03	2.456160e-05	6	true
1363          	smoothSolver	5.506420e-04	4.770940e-05	10	8.348050e-03	7.364910e-04	10	3.286590e-03	2.781690e-04	10	false	GAMG	4.668120e-03	2.551150e-05	6	true
1364          	smoothSolver	5.514420e-04	4.789770e-05	10	8.384120e-03	7.374160e-04	10	3.299250e-03	2.789760e-04	10	false	GAMG	4.700280e-03	2.464890e-05	6	true
1365          	smoothSolver	5.538990e-04	4.808850e-05	10	8.426370e-03	7.386920e-04	10	3.315630e-03	2.788370e-04	10	false	GAMG	4.755530e-03	2.750760e-05	6	true
1366          	smoothSolver	5.579180e-04	4.827110e-05	10	8.469290e-03	7.400290e-04	10	3.329890e-03	2.779290e-04	10	false	GAMG	4.811340e-03	3.219200e-05	6	true
1367          	smoothSolver	5.625310e-04	4.842710e-05	10	8.514640e-03	7.401020e-04	10	3.347370e-03	2.775300e-04	10	false	GAMG	4.870570e-03	4.736000e-05	5	true
1368          	smoothSolver	5.663130e-04	4.858540e-05	10	8.556570e-03	7.397600e-04	10	3.366000e-03	2.778700e-04	10	false	GAMG	4.925990e-03	3.388660e-05	6	true
1369          	smoothSolver	5.698690e-04	4.864920e-05	10	8.571630e-03	7.383140e-04	10	3.386460e-03	2.786230e-04	10	false	GAMG	4.945020e-03	4.726820e-05	5	true
1370          	smoothSolver	5.697340e-04	4.860660e-05	10	8.572670e-03	7.361660e-04	10	3.383540e-03	2.769970e-04	10	false	GAMG	4.960570e-03	3.474220e-05	6	true
1371          	smoothSolver	5.707370e-04	4.850170e-05	10	8.548460e-03	7.353890e-04	10	3.373340e-03	2.754230e-04	10	false	GAMG	4.956150e-03	4.808780e-05	5	true
1372          	smoothSolver	5.683190e-04	4.846130e-05	10	8.510680e-03	7.355040e-04	10	3.354390e-03	2.744420e-04	10	false	GAMG	4.956580e-03	3.399250e-05	6	true
1373          	smoothSolver	5.680270e-04	4.846090e-05	10	8.462320e-03	7.362170e-04	10	3.339510e-03	2.751690e-04	10	false	GAMG	4.919400e-03	4.867960e-05	5	true
1374          	smoothSolver	5.655460e-04	4.850010e-05	10	8.411450e-03	7.356350e-04	10	3.316300e-03	2.754460e-04	10	false	GAMG	4.876700e-03	2.871710e-05	6	true
1375          	smoothSolver	5.639060e-04	4.848020e-05	10	8.371150e-03	7.337070e-04	10	3.300070e-03	2.747590e-04	10	false	GAMG	4.845560e-03	4.586960e-05	5	true
1376          	smoothSolver	5.617620e-04	4.837600e-05	10	8.336900e-03	7.291370e-04	10	3.284760e-03	2.729730e-04	10	false	GAMG	4.807320e-03	4.729420e-05	5	true
1377          	smoothSolver	5.596990e-04	4.823610e-05	10	8.338430e-03	7.263200e-04	10	3.278500e-03	2.714090e-04	10	false	GAMG	4.803060e-03	4.698390e-05	5	true
1378          	smoothSolver	5.582870e-04	4.813290e-05	10	8.379450e-03	7.272640e-04	10	3.281500e-03	2.708030e-04	10	false	GAMG	4.802990e-03	4.798810e-05	5	true
1379          	smoothSolver	5.579180e-04	4.819010e-05	10	8.456340e-03	7.319460e-04	10	3.295330e-03	2.709230e-04	10	false	GAMG	4.831570e-03	4.811300e-05	5	true
1380          	smoothSolver	5.587270e-04	4.835290e-05	10	8.543590e-03	7.371210e-04	10	3.306920e-03	2.708870e-04	10	false	GAMG	4.875840e-03	4.797810e-05	5	true
1381          	smoothSolver	5.605900e-04	4.851370e-05	10	8.629570e-03	7.411100e-04	10	3.310710e-03	2.699210e-04	10	false	GAMG	4.929100e-03	4.913450e-05	5	true
1382          	smoothSolver	5.639540e-04	4.858170e-05	10	8.680500e-03	7.431740e-04	10	3.305480e-03	2.685110e-04	10	false	GAMG	4.975400e-03	4.960380e-05	5	true
1383          	smoothSolver	5.678650e-04	4.865880e-05	10	8.698860e-03	7.438890e-04	10	3.303760e-03	2.678690e-04	10	false	GAMG	5.014940e-03	4.894890e-05	5	true
1384          	smoothSolver	5.715590e-04	4.877080e-05	10	8.688010e-03	7.433170e-04	10	3.304760e-03	2.681550e-04	10	false	GAMG	5.027750e-03	4.870600e-05	5	true
1385          	smoothSolver	5.743200e-04	4.885280e-05	10	8.660670e-03	7.433270e-04	10	3.306170e-03	2.692180e-04	10	false	GAMG	5.028350e-03	4.857990e-05	5	true
1386          	smoothSolver	5.757740e-04	4.885500e-05	10	8.618690e-03	7.433640e-04	10	3.296660e-03	2.695490e-04	10	false	GAMG	5.012800e-03	4.768700e-05	5	true
1387          	smoothSolver	5.760660e-04	4.883210e-05	10	8.566010e-03	7.421390e-04	10	3.279810e-03	2.688520e-04	10	false	GAMG	5.008460e-03	4.693600e-05	5	true
1388          	smoothSolver	5.761800e-04	4.883980e-05	10	8.510970e-03	7.394440e-04	10	3.265710e-03	2.683460e-04	10	false	GAMG	5.024650e-03	4.674250e-05	5	true
1389          	smoothSolver	5.768070e-04	4.894030e-05	10	8.466290e-03	7.356440e-04	10	3.266100e-03	2.693290e-04	10	false	GAMG	5.040170e-03	4.666540e-05	5	true
1390          	smoothSolver	5.774920e-04	4.904140e-05	10	8.416360e-03	7.305980e-04	10	3.271410e-03	2.713730e-04	10	false	GAMG	5.014420e-03	4.651250e-05	5	true
1391          	smoothSolver	5.774000e-04	4.911280e-05	10	8.370690e-03	7.235140e-04	10	3.271710e-03	2.724320e-04	10	false	GAMG	4.990330e-03	4.735680e-05	5	true
1392          	smoothSolver	5.768280e-04	4.905760e-05	10	8.327480e-03	7.153880e-04	10	3.269780e-03	2.712220e-04	10	false	GAMG	4.966110e-03	4.849140e-05	5	true
1393          	smoothSolver	5.754420e-04	4.890770e-05	10	8.295620e-03	7.089650e-04	10	3.268180e-03	2.689860e-04	10	false	GAMG	4.965930e-03	4.934230e-05	5	true
1394          	smoothSolver	5.738520e-04	4.881850e-05	10	8.263280e-03	7.045770e-04	10	3.267780e-03	2.677700e-04	10	false	GAMG	4.930790e-03	4.848550e-05	5	true
1395          	smoothSolver	5.722800e-04	4.886330e-05	10	8.226060e-03	7.029800e-04	10	3.271060e-03	2.682700e-04	10	false	GAMG	4.903530e-03	4.726650e-05	5	true
1396          	smoothSolver	5.715310e-04	4.895150e-05	10	8.183700e-03	7.025590e-04	10	3.270630e-03	2.689720e-04	10	false	GAMG	4.871270e-03	4.680770e-05	5	true
1397          	smoothSolver	5.717210e-04	4.905940e-05	10	8.145490e-03	7.015780e-04	10	3.262470e-03	2.682490e-04	10	false	GAMG	4.857960e-03	4.720390e-05	5	true
1398          	smoothSolver	5.722070e-04	4.921540e-05	10	8.108220e-03	6.990120e-04	10	3.252830e-03	2.671530e-04	10	false	GAMG	4.873210e-03	4.726440e-05	5	true
1399          	smoothSolver	5.728260e-04	4.935000e-05	10	8.089640e-03	6.967800e-04	10	3.247670e-03	2.665170e-04	10	false	GAMG	4.910010e-03	4.686090e-05	5	true
1400          	smoothSolver	5.727820e-04	4.931500e-05	10	8.094120e-03	6.957980e-04	10	3.244080e-03	2.664610e-04	10	false	GAMG	4.942290e-03	4.733170e-05	5	true
1401          	smoothSolver	5.716160e-04	4.912870e-05	10	8.113850e-03	6.952580e-04	10	3.242770e-03	2.658540e-04	10	false	GAMG	4.956710e-03	4.698840e-05	5	true
1402          	smoothSolver	5.699840e-04	4.883260e-05	10	8.140520e-03	6.956140e-04	10	3.235970e-03	2.638030e-04	10	false	GAMG	4.945570e-03	4.664670e-05	5	true
1403          	smoothSolver	5.686580e-04	4.857620e-05	10	8.165640e-03	6.971880e-04	10	3.228080e-03	2.617280e-04	10	false	GAMG	4.919740e-03	4.558650e-05	5	true
1404          	smoothSolver	5.676900e-04	4.843230e-05	10	8.183230e-03	7.000200e-04	10	3.217890e-03	2.613350e-04	10	false	GAMG	4.875130e-03	4.470240e-05	5	true
1405          	smoothSolver	5.665700e-04	4.836960e-05	10	8.196930e-03	7.029470e-04	10	3.206700e-03	2.615970e-04	10	false	GAMG	4.810430e-03	4.447150e-05	5	true
1406          	smoothSolver	5.645180e-04	4.831080e-05	10	8.201510e-03	7.044570e-04	10	3.189550e-03	2.609460e-04	10	false	GAMG	4.737540e-03	4.442330e-05	5	true
1407          	smoothSolver	5.616840e-04	4.822900e-05	10	8.210240e-03	7.053090e-04	10	3.170890e-03	2.592560e-04	10	false	GAMG	4.697860e-03	4.454500e-05	5	true
1408          	smoothSolver	5.587150e-04	4.813000e-05	10	8.233050e-03	7.087490e-04	10	3.156510e-03	2.584280e-04	10	false	GAMG	4.677270e-03	4.413820e-05	5	true
1409          	smoothSolver	5.556450e-04	4.795130e-05	10	8.268260e-03	7.153690e-04	10	3.151910e-03	2.588850e-04	10	false	GAMG	4.666860e-03	4.342990e-05	5	true
1410          	smoothSolver	5.536010e-04	4.782540e-05	10	8.297730e-03	7.229900e-04	10	3.154420e-03	2.605230e-04	10	false	GAMG	4.645580e-03	4.230280e-05	5	true
1411          	smoothSolver	5.527990e-04	4.782820e-05	10	8.317570e-03	7.292100e-04	10	3.157660e-03	2.621840e-04	10	false	GAMG	4.610990e-03	4.231490e-05	5	true
1412          	smoothSolver	5.529230e-04	4.789460e-05	10	8.327560e-03	7.317870e-04	10	3.154120e-03	2.628000e-04	10	false	GAMG	4.569450e-03	4.432570e-05	5	true
1413          	smoothSolver	5.536210e-04	4.793470e-05	10	8.350530e-03	7.321820e-04	10	3.151660e-03	2.623030e-04	10	false	GAMG	4.537680e-03	2.827930e-05	6	true
1414          	smoothSolver	5.550320e-04	4.791370e-05	10	8.385420e-03	7.312100e-04	10	3.155710e-03	2.618510e-04	10	false	GAMG	4.530770e-03	4.363170e-05	5	true
1415          	smoothSolver	5.550000e-04	4.780460e-05	10	8.419410e-03	7.302610e-04	10	3.167430e-03	2.619430e-04	10	false	GAMG	4.558570e-03	3.037510e-05	6	true
1416          	smoothSolver	5.544450e-04	4.762800e-05	10	8.466680e-03	7.315180e-04	10	3.187000e-03	2.625720e-04	10	false	GAMG	4.606980e-03	4.468830e-05	5	true
1417          	smoothSolver	5.537620e-04	4.741840e-05	10	8.523760e-03	7.330520e-04	10	3.201230e-03	2.621590e-04	10	false	GAMG	4.677710e-03	3.402350e-05	6	true
1418          	smoothSolver	5.531180e-04	4.736660e-05	10	8.583880e-03	7.365070e-04	10	3.220990e-03	2.626540e-04	10	false	GAMG	4.736000e-03	2.815590e-05	6	true
1419          	smoothSolver	5.534320e-04	4.743290e-05	10	8.627020e-03	7.404060e-04	10	3.231690e-03	2.631800e-04	10	false	GAMG	4.788480e-03	2.943830e-05	6	true
1420          	smoothSolver	5.528400e-04	4.746420e-05	10	8.659920e-03	7.437120e-04	10	3.237440e-03	2.637630e-04	10	false	GAMG	4.839670e-03	2.972990e-05	6	true
1421          	smoothSolver	5.525000e-04	4.741840e-05	10	8.662550e-03	7.457020e-04	10	3.240620e-03	2.640900e-04	10	false	GAMG	4.894460e-03	2.682330e-05	6	true
1422          	smoothSolver	5.520160e-04	4.729840e-05	10	8.641460e-03	7.451790e-04	10	3.237210e-03	2.641150e-04	10	false	GAMG	4.922590e-03	4.865780e-05	5	true
1423          	smoothSolver	5.512730e-04	4.713410e-05	10	8.620080e-03	7.441670e-04	10	3.228860e-03	2.636690e-04	10	false	GAMG	4.950790e-03	2.633060e-05	6	true
1424          	smoothSolver	5.506490e-04	4.696290e-05	10	8.592560e-03	7.435370e-04	10	3.218820e-03	2.635420e-04	10	false	GAMG	4.961590e-03	4.683360e-05	5	true
1425          	smoothSolver	5.501090e-04	4.681430e-05	10	8.578190e-03	7.431030e-04	10	3.204180e-03	2.629640e-04	10	false	GAMG	4.938650e-03	2.770530e-05	6	true
1426          	smoothSolver	5.491790e-04	4.679700e-05	10	8.559820e-03	7.447900e-04	10	3.196950e-03	2.639020e-04	10	false	GAMG	4.880730e-03	4.805340e-05	5	true
1427          	smoothSolver	5.483640e-04	4.692940e-05	10	8.526550e-03	7.450010e-04	10	3.187720e-03	2.640150e-04	10	false	GAMG	4.822910e-03	2.700400e-05	6	true
1428          	smoothSolver	5.475820e-04	4.712870e-05	10	8.513990e-03	7.466770e-04	10	3.191370e-03	2.654410e-04	10	false	GAMG	4.728400e-03	2.658050e-05	6	true
1429          	smoothSolver	5.477410e-04	4.741270e-05	10	8.500780e-03	7.482420e-04	10	3.190520e-03	2.663260e-04	10	false	GAMG	4.644150e-03	2.805260e-05	6	true
1430          	smoothSolver	5.485400e-04	4.764810e-05	10	8.496670e-03	7.504650e-04	10	3.193370e-03	2.680290e-04	10	false	GAMG	4.584980e-03	2.591130e-05	6	true
1431          	smoothSolver	5.488580e-04	4.782120e-05	10	8.492270e-03	7.499950e-04	10	3.203240e-03	2.694710e-04	10	false	GAMG	4.576960e-03	2.744130e-05	6	true
1432          	smoothSolver	5.499060e-04	4.791390e-05	10	8.496480e-03	7.495170e-04	10	3.216380e-03	2.708430e-04	10	false	GAMG	4.596830e-03	2.480300e-05	6	true
1433          	smoothSolver	5.511990e-04	4.792940e-05	10	8.502830e-03	7.497700e-04	10	3.228140e-03	2.716360e-04	10	false	GAMG	4.639070e-03	2.850500e-05	6	true
1434          	smoothSolver	5.513190e-04	4.791410e-05	10	8.507440e-03	7.508450e-04	10	3.232130e-03	2.717220e-04	10	false	GAMG	4.666960e-03	2.494110e-05	6	true
1435          	smoothSolver	5.530500e-04	4.783600e-05	10	8.502880e-03	7.516060e-04	10	3.230630e-03	2.714690e-04	10	false	GAMG	4.687370e-03	2.561820e-05	6	true
1436          	smoothSolver	5.528710e-04	4.777390e-05	10	8.487880e-03	7.516410e-04	10	3.222870e-03	2.712910e-04	10	false	GAMG	4.666370e-03	4.626850e-05	5	true
1437          	smoothSolver	5.526390e-04	4.774510e-05	10	8.454950e-03	7.496240e-04	10	3.210920e-03	2.705030e-04	10	false	GAMG	4.648150e-03	2.841600e-05	6	true
1438          	smoothSolver	5.532070e-04	4.770580e-05	10	8.438070e-03	7.479190e-04	10	3.204750e-03	2.695560e-04	10	false	GAMG	4.634640e-03	4.509170e-05	5	true
1439          	smoothSolver	5.519570e-04	4.766990e-05	10	8.427100e-03	7.453800e-04	10	3.195210e-03	2.677950e-04	10	false	GAMG	4.637510e-03	2.825800e-05	6	true
1440          	smoothSolver	5.527790e-04	4.776030e-05	10	8.465150e-03	7.479900e-04	10	3.200380e-03	2.676280e-04	10	false	GAMG	4.651540e-03	2.758310e-05	6	true
1441          	smoothSolver	5.540470e-04	4.793440e-05	10	8.513830e-03	7.513880e-04	10	3.203680e-03	2.676500e-04	10	false	GAMG	4.685890e-03	2.579370e-05	6	true
1442          	smoothSolver	5.572410e-04	4.825630e-05	10	8.558140e-03	7.549690e-04	10	3.206140e-03	2.679790e-04	10	false	GAMG	4.712980e-03	2.671020e-05	6	true
1443          	smoothSolver	5.623300e-04	4.864840e-05	10	8.592660e-03	7.580590e-04	10	3.215570e-03	2.683080e-04	10	false	GAMG	4.747310e-03	2.689580e-05	6	true
1444          	smoothSolver	5.681020e-04	4.909100e-05	10	8.614620e-03	7.603910e-04	10	3.223940e-03	2.683570e-04	10	false	GAMG	4.767080e-03	2.689480e-05	6	true
1445          	smoothSolver	5.732010e-04	4.954130e-05	10	8.642950e-03	7.636260e-04	10	3.234350e-03	2.686710e-04	10	false	GAMG	4.789500e-03	4.603810e-05	5	true
1446          	smoothSolver	5.764550e-04	4.976080e-05	10	8.674490e-03	7.655920e-04	10	3.238280e-03	2.683390e-04	10	false	GAMG	4.794640e-03	4.653970e-05	5	true
1447          	smoothSolver	5.771480e-04	4.973790e-05	10	8.713050e-03	7.684430e-04	10	3.238250e-03	2.680560e-04	10	false	GAMG	4.804590e-03	4.703530e-05	5	true
1448          	smoothSolver	5.764010e-04	4.964430e-05	10	8.758870e-03	7.728220e-04	10	3.237500e-03	2.681060e-04	10	false	GAMG	4.833320e-03	4.738250e-05	5	true
1449          	smoothSolver	5.755480e-04	4.958210e-05	10	8.798000e-03	7.763300e-04	10	3.238290e-03	2.687710e-04	10	false	GAMG	4.878310e-03	4.836170e-05	5	true
1450          	smoothSolver	5.754190e-04	4.969230e-05	10	8.816030e-03	7.779620e-04	10	3.242470e-03	2.703580e-04	10	false	GAMG	4.911230e-03	4.881420e-05	5	true
1451          	smoothSolver	5.756850e-04	4.986220e-05	10	8.800660e-03	7.758550e-04	10	3.245190e-03	2.709990e-04	10	false	GAMG	4.930660e-03	4.846400e-05	5	true
1452          	smoothSolver	5.763670e-04	4.995220e-05	10	8.754250e-03	7.712240e-04	10	3.247710e-03	2.706960e-04	10	false	GAMG	4.923330e-03	4.793500e-05	5	true
1453          	smoothSolver	5.777540e-04	4.995840e-05	10	8.698380e-03	7.642090e-04	10	3.253790e-03	2.702550e-04	10	false	GAMG	4.928460e-03	4.760290e-05	5	true
1454          	smoothSolver	5.785590e-04	4.979000e-05	10	8.657910e-03	7.576590e-04	10	3.263890e-03	2.702000e-04	10	false	GAMG	4.916010e-03	4.751760e-05	5	true
1455          	smoothSolver	5.782620e-04	4.956430e-05	10	8.646630e-03	7.533630e-04	10	3.275080e-03	2.704030e-04	10	false	GAMG	4.940470e-03	4.787390e-05	5	true
1456          	smoothSolver	5.778540e-04	4.942100e-05	10	8.650570e-03	7.507200e-04	10	3.284670e-03	2.703240e-04	10	false	GAMG	4.967730e-03	4.843960e-05	5	true
1457          	smoothSolver	5.771230e-04	4.926920e-05	10	8.662300e-03	7.495880e-04	10	3.290860e-03	2.698410e-04	10	false	GAMG	5.015330e-03	4.813890e-05	5	true
1458          	smoothSolver	5.776920e-04	4.914110e-05	10	8.663600e-03	7.484990e-04	10	3.298340e-03	2.696780e-04	10	false	GAMG	5.038540e-03	4.887190e-05	5	true
1459          	smoothSolver	5.782860e-04	4.910990e-05	10	8.651580e-03	7.467530e-04	10	3.308970e-03	2.698880e-04	10	false	GAMG	5.035420e-03	3.122460e-05	6	true
1460          	smoothSolver	5.783050e-04	4.922790e-05	10	8.621950e-03	7.429560e-04	10	3.317830e-03	2.709650e-04	10	false	GAMG	4.999870e-03	4.719290e-05	5	true
1461          	smoothSolver	5.767970e-04	4.935150e-05	10	8.581420e-03	7.380740e-04	10	3.316160e-03	2.708770e-04	10	false	GAMG	4.978050e-03	2.812810e-05	6	true
1462          	smoothSolver	5.734690e-04	4.924030e-05	10	8.552990e-03	7.338590e-04	10	3.315450e-03	2.704260e-04	10	false	GAMG	4.943990e-03	4.659080e-05	5	true
1463          	smoothSolver	5.696020e-04	4.888040e-05	10	8.509070e-03	7.292560e-04	10	3.302880e-03	2.685850e-04	10	false	GAMG	4.925580e-03	3.291410e-05	6	true
1464          	smoothSolver	5.663160e-04	4.842210e-05	10	8.468270e-03	7.265180e-04	10	3.287670e-03	2.674180e-04	10	false	GAMG	4.895500e-03	4.573090e-05	5	true
1465          	smoothSolver	5.621160e-04	4.812690e-05	10	8.411760e-03	7.251250e-04	10	3.263210e-03	2.660190e-04	10	false	GAMG	4.865560e-03	4.782640e-05	5	true
1466          	smoothSolver	5.577010e-04	4.799380e-05	10	8.367390e-03	7.247730e-04	10	3.241540e-03	2.655610e-04	10	false	GAMG	4.817650e-03	4.646680e-05	5	true
1467          	smoothSolver	5.540040e-04	4.780410e-05	10	8.314690e-03	7.235270e-04	10	3.217330e-03	2.652090e-04	10	false	GAMG	4.754270e-03	4.598280e-05	5	true
1468          	smoothSolver	5.511170e-04	4.759300e-05	10	8.258940e-03	7.200730e-04	10	3.186010e-03	2.640380e-04	10	false	GAMG	4.701760e-03	4.572790e-05	5	true
1469          	smoothSolver	5.481480e-04	4.735390e-05	10	8.217290e-03	7.170410e-04	10	3.157130e-03	2.617600e-04	10	false	GAMG	4.664160e-03	4.506610e-05	5	true
1470          	smoothSolver	5.451370e-04	4.710120e-05	10	8.210990e-03	7.159840e-04	10	3.129030e-03	2.590850e-04	10	false	GAMG	4.648110e-03	4.419690e-05	5	true
1471          	smoothSolver	5.425440e-04	4.683820e-05	10	8.232340e-03	7.176030e-04	10	3.115810e-03	2.576170e-04	10	false	GAMG	4.648360e-03	4.387110e-05	5	true
1472          	smoothSolver	5.406580e-04	4.661750e-05	10	8.263300e-03	7.222730e-04	10	3.112710e-03	2.577370e-04	10	false	GAMG	4.629150e-03	4.396280e-05	5	true
1473          	smoothSolver	5.390050e-04	4.647790e-05	10	8.289010e-03	7.271700e-04	10	3.113560e-03	2.584290e-04	10	false	GAMG	4.610090e-03	4.532560e-05	5	true
1474          	smoothSolver	5.382690e-04	4.642880e-05	10	8.306890e-03	7.297490e-04	10	3.106030e-03	2.585340e-04	10	false	GAMG	4.596400e-03	2.996940e-05	6	true
1475          	smoothSolver	5.392750e-04	4.650060e-05	10	8.327900e-03	7.308560e-04	10	3.102550e-03	2.578750e-04	10	false	GAMG	4.593140e-03	4.473470e-05	5	true
1476          	smoothSolver	5.390490e-04	4.656820e-05	10	8.349900e-03	7.306160e-04	10	3.102080e-03	2.574240e-04	10	false	GAMG	4.590420e-03	2.902550e-05	6	true
1477          	smoothSolver	5.384220e-04	4.654800e-05	10	8.372110e-03	7.318230e-04	10	3.114230e-03	2.584670e-04	10	false	GAMG	4.606190e-03	4.451850e-05	5	true
1478          	smoothSolver	5.378170e-04	4.638940e-05	10	8.378700e-03	7.314840e-04	10	3.118220e-03	2.587990e-04	10	false	GAMG	4.611950e-03	3.079480e-05	6	true
1479          	smoothSolver	5.357300e-04	4.618170e-05	10	8.379760e-03	7.314720e-04	10	3.123490e-03	2.587880e-04	10	false	GAMG	4.608880e-03	4.481380e-05	5	true
1480          	smoothSolver	5.346180e-04	4.606570e-05	10	8.372290e-03	7.316080e-04	10	3.121210e-03	2.582770e-04	10	false	GAMG	4.581830e-03	3.102390e-05	6	true
1481          	smoothSolver	5.326210e-04	4.609320e-05	10	8.383990e-03	7.333030e-04	10	3.124050e-03	2.591690e-04	10	false	GAMG	4.561640e-03	2.444940e-05	6	true
1482          	smoothSolver	5.319780e-04	4.621550e-05	10	8.393260e-03	7.351410e-04	10	3.127960e-03	2.604190e-04	10	false	GAMG	4.530350e-03	2.466810e-05	6	true
1483          	smoothSolver	5.304840e-04	4.632830e-05	10	8.412090e-03	7.364690e-04	10	3.135300e-03	2.613090e-04	10	false	GAMG	4.513360e-03	2.450850e-05	6	true
1484          	smoothSolver	5.311540e-04	4.632120e-05	10	8.439870e-03	7.368650e-04	10	3.146450e-03	2.614420e-04	10	false	GAMG	4.519870e-03	2.361650e-05	6	true
1485          	smoothSolver	5.327310e-04	4.623170e-05	10	8.479270e-03	7.374410e-04	10	3.166290e-03	2.612510e-04	10	false	GAMG	4.534610e-03	2.528610e-05	6	true
1486          	smoothSolver	5.342640e-04	4.619310e-05	10	8.519160e-03	7.375630e-04	10	3.188360e-03	2.620370e-04	10	false	GAMG	4.556930e-03	2.551590e-05	6	true
1487          	smoothSolver	5.362020e-04	4.631590e-05	10	8.549150e-03	7.377000e-04	10	3.213420e-03	2.639190e-04	10	false	GAMG	4.596180e-03	2.638300e-05	6	true
1488          	smoothSolver	5.388110e-04	4.652300e-05	10	8.558440e-03	7.367730e-04	10	3.234080e-03	2.655830e-04	10	false	GAMG	4.618520e-03	2.663810e-05	6	true
1489          	smoothSolver	5.420790e-04	4.671540e-05	10	8.555630e-03	7.352080e-04	10	3.248910e-03	2.659010e-04	10	false	GAMG	4.642740e-03	2.897890e-05	6	true
1490          	smoothSolver	5.456310e-04	4.682100e-05	10	8.539160e-03	7.327410e-04	10	3.260630e-03	2.658340e-04	10	false	GAMG	4.660610e-03	2.795800e-05	6	true
1491          	smoothSolver	5.485550e-04	4.691820e-05	10	8.516250e-03	7.307800e-04	10	3.271780e-03	2.669050e-04	10	false	GAMG	4.679190e-03	2.876440e-05	6	true
1492          	smoothSolver	5.508760e-04	4.706530e-05	10	8.494140e-03	7.302900e-04	10	3.282520e-03	2.693420e-04	10	false	GAMG	4.701150e-03	2.864610e-05	6	true
1493          	smoothSolver	5.522800e-04	4.715150e-05	10	8.466630e-03	7.297400e-04	10	3.291370e-03	2.715420e-04	10	false	GAMG	4.749760e-03	2.780360e-05	6	true
1494          	smoothSolver	5.532990e-04	4.715480e-05	10	8.439240e-03	7.287670e-04	10	3.296740e-03	2.725220e-04	10	false	GAMG	4.775660e-03	3.007200e-05	6	true
1495          	smoothSolver	5.533970e-04	4.707680e-05	10	8.425850e-03	7.278060e-04	10	3.296180e-03	2.721720e-04	10	false	GAMG	4.805760e-03	3.141740e-05	6	true
1496          	smoothSolver	5.540810e-04	4.701060e-05	10	8.427460e-03	7.271330e-04	10	3.297320e-03	2.720040e-04	10	false	GAMG	4.826190e-03	3.274870e-05	6	true
1497          	smoothSolver	5.548560e-04	4.697960e-05	10	8.451620e-03	7.264500e-04	10	3.306270e-03	2.727580e-04	10	false	GAMG	4.854330e-03	3.273920e-05	6	true
1498          	smoothSolver	5.553310e-04	4.692410e-05	10	8.475760e-03	7.248430e-04	10	3.315560e-03	2.737520e-04	10	false	GAMG	4.863990e-03	4.841950e-05	5	true
1499          	smoothSolver	5.562490e-04	4.683280e-05	10	8.475880e-03	7.212020e-04	10	3.311610e-03	2.726680e-04	10	false	GAMG	4.894430e-03	3.292470e-05	6	true
1500          	smoothSolver	5.551270e-04	4.664800e-05	10	8.476990e-03	7.176000e-04	10	3.301830e-03	2.701720e-04	10	false	GAMG	4.927300e-03	4.571020e-05	5	true
