# Force and moment coefficients
# dragDir     : (1.000000e+00 0.000000e+00 0.000000e+00)
# sideDir     : (0.000000e+00 1.000000e+00 0.000000e+00)
# liftDir     : (0.000000e+00 0.000000e+00 1.000000e+00)
# rollAxis    : (1.000000e+00 0.000000e+00 0.000000e+00)
# pitchAxis   : (0.000000e+00 1.000000e+00 0.000000e+00)
# yawAxis     : (0.000000e+00 0.000000e+00 1.000000e+00)
# magUInf     : 4.000000e+01
# lRef        : 2.655000e+00
# Aref        : 1.989000e+00
# CofR        : (2.300000e+00 0.000000e+00 0.000000e+00)
#
# Time        	Cd            	Cd(f)         	Cd(r)         	Cl            	Cl(f)         	Cl(r)         	CmPitch       	CmRoll        	CmYaw         	Cs            	Cs(f)         	Cs(r)         
1             	1.245522e+00	6.225792e-01	6.229431e-01	-1.059594e+00	-1.697823e-01	-8.898115e-01	3.600146e-01	-1.819710e-04	2.360477e-03	7.940426e-03	6.330690e-03	1.609736e-03
2             	1.122983e+00	5.609712e-01	5.620121e-01	-1.314611e+00	-4.049158e-01	-9.096950e-01	2.523896e-01	-5.204293e-04	3.452506e-03	3.274522e-03	5.089767e-03	-1.815245e-03
3             	8.928987e-01	4.454204e-01	4.474783e-01	-1.337504e+00	-5.080075e-01	-8.294960e-01	1.607443e-01	-1.028920e-03	4.206647e-03	-8.017961e-04	3.805749e-03	-4.607545e-03
4             	7.749042e-01	3.857971e-01	3.891070e-01	-1.338976e+00	-5.167611e-01	-8.222145e-01	1.527267e-01	-1.654957e-03	5.649277e-03	-1.805069e-03	4.746742e-03	-6.551811e-03
5             	7.207887e-01	3.583444e-01	3.624443e-01	-1.338379e+00	-4.816036e-01	-8.567754e-01	1.875859e-01	-2.049922e-03	7.015781e-03	-2.345552e-03	5.843005e-03	-8.188557e-03
6             	7.014488e-01	3.482668e-01	3.531820e-01	-1.314895e+00	-4.107028e-01	-9.041925e-01	2.467448e-01	-2.457634e-03	7.723804e-03	-4.402637e-03	5.522485e-03	-9.925122e-03
7             	6.937005e-01	3.443937e-01	3.493067e-01	-1.274361e+00	-3.287131e-01	-9.456481e-01	3.084675e-01	-2.456507e-03	7.974626e-03	-6.126561e-03	4.911346e-03	-1.103791e-02
8             	6.765561e-01	3.354110e-01	3.411451e-01	-1.212482e+00	-2.622752e-01	-9.502071e-01	3.439659e-01	-2.867019e-03	8.041237e-03	-6.502128e-03	4.790173e-03	-1.129230e-02
9             	6.656636e-01	3.297950e-01	3.358686e-01	-1.145558e+00	-1.980355e-01	-9.475227e-01	3.747436e-01	-3.036817e-03	8.549243e-03	-4.968098e-03	6.065194e-03	-1.103329e-02
10            	6.560588e-01	3.251108e-01	3.309481e-01	-1.077215e+00	-1.418251e-01	-9.353903e-01	3.967826e-01	-2.918641e-03	8.083238e-03	-2.841519e-03	6.662479e-03	-9.503998e-03
11            	6.484846e-01	3.217795e-01	3.267051e-01	-1.005954e+00	-9.011814e-02	-9.158355e-01	4.128587e-01	-2.462786e-03	7.307333e-03	-1.228905e-03	6.692880e-03	-7.921785e-03
12            	6.422930e-01	3.191268e-01	3.231662e-01	-9.367916e-01	-4.628634e-02	-8.905053e-01	4.221095e-01	-2.019720e-03	6.708780e-03	6.065725e-04	7.012067e-03	-6.405494e-03
13            	6.368594e-01	3.166829e-01	3.201765e-01	-8.712705e-01	-4.110955e-03	-8.671596e-01	4.315243e-01	-1.746831e-03	5.799063e-03	2.201238e-03	6.899682e-03	-4.698444e-03
14            	6.269841e-01	3.123022e-01	3.146819e-01	-8.223670e-01	2.673486e-02	-8.491018e-01	4.379184e-01	-1.189842e-03	4.880138e-03	3.036222e-03	6.398249e-03	-3.362027e-03
15            	6.236557e-01	3.107231e-01	3.129326e-01	-7.824036e-01	6.052854e-02	-8.429322e-01	4.517303e-01	-1.104787e-03	4.494328e-03	5.322215e-03	7.155435e-03	-1.833220e-03
16            	6.200885e-01	3.088817e-01	3.112068e-01	-7.610192e-01	7.907825e-02	-8.400975e-01	4.595879e-01	-1.162558e-03	3.982074e-03	6.522075e-03	7.243112e-03	-7.210362e-04
17            	6.189626e-01	3.082022e-01	3.107604e-01	-7.499822e-01	8.918380e-02	-8.391660e-01	4.641749e-01	-1.279101e-03	3.832084e-03	7.318097e-03	7.491133e-03	-1.730359e-04
18            	6.167824e-01	3.070955e-01	3.096868e-01	-7.383212e-01	8.982725e-02	-8.281484e-01	4.589878e-01	-1.295631e-03	3.898925e-03	7.669561e-03	7.733705e-03	-6.414448e-05
19            	6.166388e-01	3.068443e-01	3.097946e-01	-7.227423e-01	8.479160e-02	-8.075339e-01	4.461627e-01	-1.475137e-03	3.915334e-03	7.863304e-03	7.846986e-03	1.631803e-05
20            	6.160459e-01	3.064130e-01	3.096329e-01	-6.995200e-01	7.502855e-02	-7.745486e-01	4.247886e-01	-1.609920e-03	3.652059e-03	8.353741e-03	7.828930e-03	5.248112e-04
21            	6.129006e-01	3.047646e-01	3.081360e-01	-6.713611e-01	6.318491e-02	-7.345460e-01	3.988654e-01	-1.685685e-03	3.455343e-03	8.983633e-03	7.947159e-03	1.036474e-03
22            	6.088384e-01	3.027195e-01	3.061190e-01	-6.359246e-01	5.253221e-02	-6.884568e-01	3.704945e-01	-1.699740e-03	3.594593e-03	9.582298e-03	8.385742e-03	1.196556e-03
23            	6.035613e-01	3.001365e-01	3.034248e-01	-5.943939e-01	4.393615e-02	-6.383301e-01	3.411331e-01	-1.644147e-03	4.024947e-03	9.739827e-03	8.894860e-03	8.449669e-04
24            	5.977877e-01	2.973539e-01	3.004338e-01	-5.500778e-01	3.815042e-02	-5.882282e-01	3.131893e-01	-1.539955e-03	4.688525e-03	9.113193e-03	9.245121e-03	-1.319280e-04
25            	5.925382e-01	2.947335e-01	2.978046e-01	-5.097593e-01	3.479460e-02	-5.445539e-01	2.896742e-01	-1.535562e-03	5.204852e-03	7.898613e-03	9.154158e-03	-1.255545e-03
26            	5.879903e-01	2.923316e-01	2.956588e-01	-4.751892e-01	3.413213e-02	-5.093214e-01	2.717267e-01	-1.663583e-03	5.253018e-03	6.569738e-03	8.537887e-03	-1.968150e-03
27            	5.840022e-01	2.902494e-01	2.937528e-01	-4.401680e-01	3.386341e-02	-4.740314e-01	2.539474e-01	-1.751700e-03	5.059210e-03	5.418841e-03	7.768630e-03	-2.349789e-03
28            	5.806021e-01	2.884519e-01	2.921502e-01	-4.062292e-01	3.403908e-02	-4.402683e-01	2.371537e-01	-1.849181e-03	4.913147e-03	4.777660e-03	7.301978e-03	-2.524317e-03
29            	5.782601e-01	2.874615e-01	2.907985e-01	-3.791067e-01	3.515595e-02	-4.142626e-01	2.247093e-01	-1.668513e-03	4.771192e-03	4.627290e-03	7.084837e-03	-2.457547e-03
30            	5.761850e-01	2.867346e-01	2.894504e-01	-3.581428e-01	3.716394e-02	-3.953067e-01	2.162353e-01	-1.357879e-03	4.536831e-03	4.940703e-03	7.007182e-03	-2.066480e-03
31            	5.745596e-01	2.860608e-01	2.884989e-01	-3.401888e-01	3.952307e-02	-3.797119e-01	2.096175e-01	-1.219055e-03	4.170845e-03	5.760408e-03	7.051049e-03	-1.290641e-03
32            	5.736347e-01	2.856005e-01	2.880342e-01	-3.231706e-01	4.213210e-02	-3.653027e-01	2.037174e-01	-1.216828e-03	3.522884e-03	6.696647e-03	6.871207e-03	-1.745606e-04
33            	5.737431e-01	2.854227e-01	2.883204e-01	-3.076375e-01	4.495797e-02	-3.525955e-01	1.987767e-01	-1.448876e-03	2.616123e-03	7.803693e-03	6.517970e-03	1.285723e-03
34            	5.735382e-01	2.846568e-01	2.888814e-01	-2.944638e-01	4.748966e-02	-3.419534e-01	1.947215e-01	-2.112308e-03	1.910943e-03	9.009571e-03	6.415728e-03	2.593843e-03
35            	5.717858e-01	2.828856e-01	2.889002e-01	-2.822253e-01	4.908937e-02	-3.313146e-01	1.902020e-01	-3.007267e-03	1.542447e-03	1.018356e-02	6.634225e-03	3.549331e-03
36            	5.678081e-01	2.800952e-01	2.877129e-01	-2.726739e-01	4.899401e-02	-3.216679e-01	1.853310e-01	-3.808829e-03	1.702503e-03	1.125539e-02	7.330198e-03	3.925192e-03
37            	5.621918e-01	2.764500e-01	2.857418e-01	-2.666523e-01	4.830785e-02	-3.149601e-01	1.816340e-01	-4.645931e-03	2.270935e-03	1.252834e-02	8.535105e-03	3.993236e-03
38            	5.551670e-01	2.720139e-01	2.831531e-01	-2.627976e-01	4.800219e-02	-3.107998e-01	1.794010e-01	-5.569639e-03	3.025857e-03	1.387140e-02	9.961554e-03	3.909841e-03
39            	5.474848e-01	2.671736e-01	2.803112e-01	-2.590114e-01	4.813857e-02	-3.071500e-01	1.776443e-01	-6.568812e-03	3.724180e-03	1.497409e-02	1.121123e-02	3.762867e-03
40            	5.395988e-01	2.622381e-01	2.773607e-01	-2.538034e-01	4.844484e-02	-3.022482e-01	1.753465e-01	-7.561316e-03	4.178177e-03	1.550459e-02	1.193047e-02	3.574118e-03
41            	5.320152e-01	2.575738e-01	2.744414e-01	-2.479350e-01	4.913772e-02	-2.970727e-01	1.731052e-01	-8.433762e-03	4.447880e-03	1.581014e-02	1.235295e-02	3.457190e-03
42            	5.257236e-01	2.538708e-01	2.718528e-01	-2.455231e-01	5.036783e-02	-2.958909e-01	1.731294e-01	-8.990989e-03	4.561109e-03	1.599477e-02	1.255849e-02	3.436274e-03
43            	5.213730e-01	2.515859e-01	2.697871e-01	-2.480283e-01	5.170242e-02	-2.997307e-01	1.757165e-01	-9.100624e-03	4.472686e-03	1.614341e-02	1.254439e-02	3.599022e-03
44            	5.179558e-01	2.501465e-01	2.678092e-01	-2.504760e-01	5.342019e-02	-3.038962e-01	1.786582e-01	-8.831354e-03	4.235065e-03	1.640908e-02	1.243961e-02	3.969478e-03
45            	5.154624e-01	2.494271e-01	2.660353e-01	-2.511783e-01	5.620553e-02	-3.073838e-01	1.817947e-01	-8.304129e-03	3.899801e-03	1.671373e-02	1.225667e-02	4.457063e-03
46            	5.133106e-01	2.489361e-01	2.643745e-01	-2.478117e-01	6.057807e-02	-3.083897e-01	1.844839e-01	-7.719190e-03	3.456171e-03	1.684505e-02	1.187870e-02	4.966355e-03
47            	5.105426e-01	2.480784e-01	2.624642e-01	-2.362814e-01	6.700521e-02	-3.032866e-01	1.851459e-01	-7.192921e-03	2.866950e-03	1.676618e-02	1.125004e-02	5.516138e-03
48            	5.064943e-01	2.464403e-01	2.600541e-01	-2.189820e-01	7.331568e-02	-2.922977e-01	1.828067e-01	-6.806889e-03	2.220432e-03	1.631924e-02	1.038005e-02	5.939190e-03
49            	5.016833e-01	2.443532e-01	2.573301e-01	-2.031797e-01	7.735904e-02	-2.805387e-01	1.789489e-01	-6.488464e-03	1.665413e-03	1.533530e-02	9.333062e-03	6.002235e-03
50            	4.965388e-01	2.419894e-01	2.545494e-01	-1.899719e-01	8.013228e-02	-2.701042e-01	1.751182e-01	-6.279981e-03	1.340917e-03	1.406999e-02	8.375912e-03	5.694079e-03
51            	4.922693e-01	2.398748e-01	2.523945e-01	-1.795921e-01	8.197364e-02	-2.615657e-01	1.717697e-01	-6.259856e-03	1.383459e-03	1.277979e-02	7.773356e-03	5.006438e-03
52            	4.891182e-01	2.381558e-01	2.509625e-01	-1.720352e-01	8.287444e-02	-2.549096e-01	1.688920e-01	-6.403352e-03	1.851672e-03	1.181218e-02	7.757761e-03	4.054416e-03
53            	4.869283e-01	2.368966e-01	2.500317e-01	-1.656120e-01	8.324669e-02	-2.488587e-01	1.660527e-01	-6.567567e-03	2.629909e-03	1.144308e-02	8.351447e-03	3.091628e-03
54            	4.848753e-01	2.357519e-01	2.491234e-01	-1.565932e-01	8.374776e-02	-2.403409e-01	1.620443e-01	-6.685717e-03	3.487344e-03	1.148275e-02	9.228718e-03	2.254030e-03
55            	4.817142e-01	2.341267e-01	2.475875e-01	-1.446247e-01	8.400884e-02	-2.286336e-01	1.563212e-01	-6.730365e-03	4.191189e-03	1.169672e-02	1.003955e-02	1.657172e-03
56            	4.775132e-01	2.319034e-01	2.456098e-01	-1.334258e-01	8.366477e-02	-2.170906e-01	1.503777e-01	-6.853153e-03	4.603180e-03	1.188220e-02	1.054428e-02	1.337920e-03
57            	4.723405e-01	2.291616e-01	2.431789e-01	-1.248744e-01	8.234337e-02	-2.072177e-01	1.447806e-01	-7.008622e-03	4.647520e-03	1.167930e-02	1.048717e-02	1.192128e-03
58            	4.659947e-01	2.258560e-01	2.401387e-01	-1.187740e-01	8.001489e-02	-1.987888e-01	1.394019e-01	-7.141319e-03	4.347990e-03	1.075376e-02	9.724868e-03	1.028888e-03
59            	4.589828e-01	2.222033e-01	2.367795e-01	-1.141500e-01	7.697189e-02	-1.911219e-01	1.340469e-01	-7.288099e-03	3.853246e-03	9.246284e-03	8.476388e-03	7.698963e-04
60            	4.517177e-01	2.183266e-01	2.333912e-01	-1.095593e-01	7.361178e-02	-1.831710e-01	1.283914e-01	-7.532320e-03	3.374879e-03	7.580363e-03	7.165060e-03	4.153025e-04
61            	4.447169e-01	2.144738e-01	2.302431e-01	-1.042278e-01	7.031539e-02	-1.745432e-01	1.224293e-01	-7.884636e-03	3.104496e-03	6.212716e-03	6.210854e-03	1.861824e-06
62            	4.380225e-01	2.107946e-01	2.272280e-01	-9.841602e-02	6.714492e-02	-1.655609e-01	1.163529e-01	-8.216701e-03	3.076212e-03	5.152807e-03	5.652616e-03	-4.998088e-04
63            	4.322261e-01	2.076936e-01	2.245325e-01	-9.460611e-02	6.382018e-02	-1.584263e-01	1.111232e-01	-8.419471e-03	3.223707e-03	4.442157e-03	5.444785e-03	-1.002629e-03
64            	4.283490e-01	2.056347e-01	2.227143e-01	-9.466935e-02	6.097242e-02	-1.556418e-01	1.083071e-01	-8.539825e-03	3.474383e-03	4.337189e-03	5.642977e-03	-1.305789e-03
65            	4.243242e-01	2.036812e-01	2.206430e-01	-9.704231e-02	5.757970e-02	-1.546220e-01	1.061009e-01	-8.480863e-03	4.022465e-03	4.695346e-03	6.370138e-03	-1.674792e-03
66            	4.211578e-01	2.023828e-01	2.187749e-01	-1.017528e-01	5.410425e-02	-1.558570e-01	1.049806e-01	-8.196064e-03	4.846690e-03	5.768008e-03	7.730694e-03	-1.962686e-03
67            	4.188224e-01	2.016717e-01	2.171507e-01	-1.078826e-01	5.087373e-02	-1.587563e-01	1.048150e-01	-7.739500e-03	5.861433e-03	7.601750e-03	9.662308e-03	-2.060557e-03
68            	4.170469e-01	2.013681e-01	2.156789e-01	-1.153287e-01	4.789265e-02	-1.632214e-01	1.055570e-01	-7.155395e-03	6.967933e-03	1.003798e-02	1.198692e-02	-1.948942e-03
69            	4.157495e-01	2.013532e-01	2.143963e-01	-1.234871e-01	4.541176e-02	-1.688989e-01	1.071553e-01	-6.521522e-03	7.974103e-03	1.279866e-02	1.437343e-02	-1.574772e-03
70            	4.145674e-01	2.013135e-01	2.132540e-01	-1.316756e-01	4.367167e-02	-1.753473e-01	1.095095e-01	-5.970240e-03	8.676269e-03	1.543648e-02	1.639451e-02	-9.580269e-04
71            	4.130762e-01	2.009314e-01	2.121448e-01	-1.394569e-01	4.274542e-02	-1.822024e-01	1.124739e-01	-5.606729e-03	8.937934e-03	1.757900e-02	1.772743e-02	-1.484336e-04
72            	4.109309e-01	1.999920e-01	2.109389e-01	-1.462324e-01	4.265837e-02	-1.888908e-01	1.157746e-01	-5.473423e-03	8.825363e-03	1.892435e-02	1.828754e-02	6.368113e-04
73            	4.083765e-01	1.986952e-01	2.096812e-01	-1.520353e-01	4.301638e-02	-1.950516e-01	1.190340e-01	-5.493015e-03	8.454713e-03	1.939677e-02	1.815310e-02	1.243671e-03
74            	4.055173e-01	1.971762e-01	2.083411e-01	-1.566733e-01	4.353325e-02	-2.002066e-01	1.218699e-01	-5.582464e-03	7.922904e-03	1.899501e-02	1.742041e-02	1.574600e-03
75            	4.026608e-01	1.956773e-01	2.069835e-01	-1.598759e-01	4.409921e-02	-2.039751e-01	1.240372e-01	-5.653067e-03	7.324631e-03	1.792735e-02	1.628831e-02	1.639046e-03
76            	3.998231e-01	1.942601e-01	2.055630e-01	-1.613940e-01	4.473399e-02	-2.061280e-01	1.254310e-01	-5.651429e-03	6.735723e-03	1.648337e-02	1.497741e-02	1.505964e-03
77            	3.973037e-01	1.931058e-01	2.041979e-01	-1.615308e-01	4.539670e-02	-2.069275e-01	1.261621e-01	-5.546046e-03	6.182216e-03	1.502405e-02	1.369424e-02	1.329809e-03
78            	3.952404e-01	1.922309e-01	2.030094e-01	-1.611758e-01	4.592323e-02	-2.070990e-01	1.265111e-01	-5.389262e-03	5.703452e-03	1.379023e-02	1.259857e-02	1.191662e-03
79            	3.939675e-01	1.917521e-01	2.022154e-01	-1.613147e-01	4.597949e-02	-2.072942e-01	1.266369e-01	-5.231611e-03	5.364461e-03	1.287015e-02	1.179954e-02	1.070613e-03
80            	3.932716e-01	1.915595e-01	2.017121e-01	-1.621209e-01	4.546138e-02	-2.075823e-01	1.265218e-01	-5.076302e-03	5.205933e-03	1.213026e-02	1.127106e-02	8.591976e-04
81            	3.929473e-01	1.916357e-01	2.013116e-01	-1.632778e-01	4.440799e-02	-2.076858e-01	1.260469e-01	-4.837977e-03	5.212996e-03	1.147646e-02	1.095122e-02	5.252324e-04
82            	3.924692e-01	1.917626e-01	2.007066e-01	-1.645131e-01	4.299497e-02	-2.075081e-01	1.252515e-01	-4.472019e-03	5.288869e-03	1.071286e-02	1.064530e-02	6.756217e-05
83            	3.918826e-01	1.920228e-01	1.998597e-01	-1.657562e-01	4.130054e-02	-2.070567e-01	1.241786e-01	-3.918438e-03	5.476318e-03	1.003230e-02	1.049247e-02	-4.601707e-04
84            	3.909915e-01	1.922992e-01	1.986923e-01	-1.663095e-01	3.977812e-02	-2.060876e-01	1.229329e-01	-3.196584e-03	5.802294e-03	9.582458e-03	1.059352e-02	-1.011065e-03
85            	3.901053e-01	1.926773e-01	1.974280e-01	-1.658175e-01	3.867158e-02	-2.044891e-01	1.215803e-01	-2.375340e-03	6.322551e-03	9.576038e-03	1.111057e-02	-1.534532e-03
86            	3.891615e-01	1.930023e-01	1.961592e-01	-1.638913e-01	3.812388e-02	-2.020152e-01	1.200695e-01	-1.578476e-03	7.031800e-03	1.003154e-02	1.204757e-02	-2.016030e-03
87            	3.882321e-01	1.932079e-01	1.950242e-01	-1.602859e-01	3.801059e-02	-1.982964e-01	1.181535e-01	-9.081337e-04	7.832957e-03	1.086187e-02	1.326389e-02	-2.402020e-03
88            	3.868027e-01	1.929483e-01	1.938545e-01	-1.547147e-01	3.794567e-02	-1.926604e-01	1.153030e-01	-4.531090e-04	8.578175e-03	1.189284e-02	1.452460e-02	-2.631754e-03
89            	3.847939e-01	1.921304e-01	1.926635e-01	-1.475030e-01	3.757094e-02	-1.850740e-01	1.113225e-01	-2.665188e-04	9.176572e-03	1.299481e-02	1.567398e-02	-2.679165e-03
90            	3.820738e-01	1.907189e-01	1.913548e-01	-1.395236e-01	3.673800e-02	-1.762616e-01	1.064998e-01	-3.179428e-04	9.530429e-03	1.393041e-02	1.649564e-02	-2.565223e-03
91            	3.792009e-01	1.890967e-01	1.901042e-01	-1.317475e-01	3.557442e-02	-1.673219e-01	1.014482e-01	-5.037658e-04	9.606890e-03	1.444641e-02	1.683010e-02	-2.383683e-03
92            	3.762387e-01	1.873831e-01	1.888555e-01	-1.246359e-01	3.438141e-02	-1.590173e-01	9.669936e-02	-7.362083e-04	9.311103e-03	1.427196e-02	1.644708e-02	-2.175125e-03
93            	3.734524e-01	1.857577e-01	1.876947e-01	-1.181165e-01	3.324139e-02	-1.513579e-01	9.229962e-02	-9.685025e-04	8.630438e-03	1.318700e-02	1.522394e-02	-2.036940e-03
94            	3.708104e-01	1.841388e-01	1.866716e-01	-1.127546e-01	3.213686e-02	-1.448914e-01	8.851414e-02	-1.266410e-03	7.624309e-03	1.117179e-02	1.321021e-02	-2.038414e-03
95            	3.688669e-01	1.827500e-01	1.861169e-01	-1.097495e-01	3.104995e-02	-1.407994e-01	8.592468e-02	-1.683423e-03	6.433102e-03	8.475523e-03	1.067086e-02	-2.195340e-03
96            	3.673370e-01	1.814234e-01	1.859136e-01	-1.088994e-01	3.006548e-02	-1.389649e-01	8.451518e-02	-2.245134e-03	5.059689e-03	5.244445e-03	7.681912e-03	-2.437466e-03
97            	3.662750e-01	1.802687e-01	1.860063e-01	-1.089789e-01	2.927439e-02	-1.382533e-01	8.376386e-02	-2.868785e-03	3.561413e-03	1.833317e-03	4.478071e-03	-2.644755e-03
98            	3.655393e-01	1.793105e-01	1.862288e-01	-1.086706e-01	2.880458e-02	-1.374751e-01	8.313986e-02	-3.459166e-03	2.046525e-03	-1.309535e-03	1.391758e-03	-2.701293e-03
99            	3.651627e-01	1.786739e-01	1.864888e-01	-1.069988e-01	2.863528e-02	-1.356341e-01	8.213467e-02	-3.907446e-03	6.607716e-04	-3.769275e-03	-1.223866e-03	-2.545409e-03
100           	3.648844e-01	1.782701e-01	1.866143e-01	-1.033144e-01	2.881984e-02	-1.321342e-01	8.047702e-02	-4.172106e-03	-4.256588e-04	-5.362905e-03	-3.107111e-03	-2.255794e-03
101           	3.646992e-01	1.781036e-01	1.865955e-01	-9.758258e-02	2.933910e-02	-1.269217e-01	7.813039e-02	-4.245952e-03	-1.087482e-03	-6.070628e-03	-4.122796e-03	-1.947832e-03
102           	3.643698e-01	1.779845e-01	1.863853e-01	-9.012021e-02	3.027406e-02	-1.203943e-01	7.533416e-02	-4.200382e-03	-1.268767e-03	-6.048438e-03	-4.292986e-03	-1.755452e-03
103           	3.638548e-01	1.778012e-01	1.860536e-01	-8.166387e-02	3.150644e-02	-1.131703e-01	7.233837e-02	-4.126192e-03	-1.036085e-03	-5.567805e-03	-3.819987e-03	-1.747817e-03
104           	3.630852e-01	1.774843e-01	1.856009e-01	-7.282565e-02	3.303304e-02	-1.058587e-01	6.944587e-02	-4.058314e-03	-5.534289e-04	-5.027811e-03	-3.067335e-03	-1.960477e-03
105           	3.621885e-01	1.770850e-01	1.851035e-01	-6.396563e-02	3.480998e-02	-9.877561e-02	6.679280e-02	-4.009231e-03	4.348313e-05	-4.608484e-03	-2.260759e-03	-2.347725e-03
106           	3.612038e-01	1.766217e-01	1.845821e-01	-5.538652e-02	3.687161e-02	-9.225813e-02	6.456487e-02	-3.980215e-03	6.573767e-04	-4.303378e-03	-1.494312e-03	-2.809066e-03
107           	3.603221e-01	1.761728e-01	1.841493e-01	-4.746039e-02	3.903514e-02	-8.649553e-02	6.276534e-02	-3.988259e-03	1.275655e-03	-3.916427e-03	-6.825583e-04	-3.233869e-03
108           	3.596248e-01	1.757813e-01	1.838435e-01	-4.059784e-02	4.112180e-02	-8.171964e-02	6.142072e-02	-4.031117e-03	1.926638e-03	-3.336432e-03	2.584221e-04	-3.594854e-03
109           	3.592175e-01	1.755039e-01	1.837137e-01	-3.511454e-02	4.288931e-02	-7.800384e-02	6.044657e-02	-4.104902e-03	2.639938e-03	-2.572052e-03	1.353912e-03	-3.925964e-03
110           	3.590590e-01	1.753455e-01	1.837136e-01	-3.131263e-02	4.420508e-02	-7.551771e-02	5.986140e-02	-4.184054e-03	3.432676e-03	-1.749591e-03	2.557881e-03	-4.307472e-03
111           	3.590670e-01	1.752577e-01	1.838093e-01	-2.910975e-02	4.489901e-02	-7.400876e-02	5.945389e-02	-4.275791e-03	4.247974e-03	-9.937308e-04	3.751109e-03	-4.744840e-03
112           	3.589831e-01	1.751450e-01	1.838382e-01	-2.835613e-02	4.481796e-02	-7.317408e-02	5.899602e-02	-4.346610e-03	4.987342e-03	-4.522662e-04	4.761209e-03	-5.213475e-03
113           	3.586310e-01	1.749451e-01	1.836859e-01	-2.829005e-02	4.406891e-02	-7.235896e-02	5.821394e-02	-4.370377e-03	5.550631e-03	-2.112293e-04	5.445017e-03	-5.656246e-03
114           	3.579047e-01	1.746363e-01	1.832685e-01	-2.841878e-02	4.301656e-02	-7.143533e-02	5.722595e-02	-4.316106e-03	5.905016e-03	-3.150605e-04	5.747486e-03	-6.062546e-03
115           	3.568681e-01	1.741923e-01	1.826758e-01	-2.852297e-02	4.193963e-02	-7.046259e-02	5.620111e-02	-4.241734e-03	6.048921e-03	-6.787608e-04	5.709541e-03	-6.388302e-03
116           	3.556398e-01	1.736620e-01	1.819778e-01	-2.856322e-02	4.110149e-02	-6.966471e-02	5.538310e-02	-4.157872e-03	6.004867e-03	-1.176002e-03	5.416866e-03	-6.592868e-03
117           	3.543661e-01	1.730784e-01	1.812877e-01	-2.822876e-02	4.067119e-02	-6.889995e-02	5.478557e-02	-4.104626e-03	5.812394e-03	-1.644173e-03	4.990307e-03	-6.634480e-03
118           	3.531343e-01	1.725265e-01	1.806078e-01	-2.752338e-02	4.072321e-02	-6.824659e-02	5.448490e-02	-4.040631e-03	5.540598e-03	-1.971116e-03	4.555040e-03	-6.526156e-03
119           	3.520399e-01	1.720492e-01	1.799906e-01	-2.651053e-02	4.107973e-02	-6.759026e-02	5.433499e-02	-3.970710e-03	5.287934e-03	-2.080211e-03	4.247829e-03	-6.328039e-03
120           	3.511079e-01	1.717047e-01	1.794032e-01	-2.550923e-02	4.150195e-02	-6.701119e-02	5.425657e-02	-3.849253e-03	5.120729e-03	-2.014268e-03	4.113595e-03	-6.127863e-03
121           	3.504317e-01	1.715458e-01	1.788859e-01	-2.465788e-02	4.173795e-02	-6.639583e-02	5.406689e-02	-3.670059e-03	5.042943e-03	-1.859566e-03	4.113159e-03	-5.972726e-03
122           	3.499515e-01	1.715687e-01	1.783828e-01	-2.411128e-02	4.169300e-02	-6.580428e-02	5.374864e-02	-3.407009e-03	5.015826e-03	-1.772520e-03	4.129566e-03	-5.902085e-03
123           	3.496848e-01	1.717525e-01	1.779323e-01	-2.396549e-02	4.132093e-02	-6.528643e-02	5.330368e-02	-3.089871e-03	4.981072e-03	-1.853431e-03	4.054356e-03	-5.907788e-03
124           	3.496367e-01	1.721101e-01	1.775266e-01	-2.447638e-02	4.071732e-02	-6.519370e-02	5.295551e-02	-2.708242e-03	4.875689e-03	-2.141579e-03	3.804900e-03	-5.946479e-03
125           	3.497599e-01	1.725792e-01	1.771807e-01	-2.538890e-02	4.008808e-02	-6.547698e-02	5.278253e-02	-2.300747e-03	4.668653e-03	-2.646290e-03	3.345508e-03	-5.991798e-03
126           	3.498389e-01	1.730266e-01	1.768123e-01	-2.650244e-02	3.959630e-02	-6.609874e-02	5.284752e-02	-1.892852e-03	4.338249e-03	-3.321266e-03	2.677616e-03	-5.998882e-03
127           	3.498305e-01	1.733963e-01	1.764343e-01	-2.755481e-02	3.941711e-02	-6.697192e-02	5.319452e-02	-1.519001e-03	3.881673e-03	-4.132446e-03	1.815450e-03	-5.947895e-03
128           	3.496455e-01	1.736255e-01	1.760200e-01	-2.860274e-02	3.965510e-02	-6.825785e-02	5.395647e-02	-1.197268e-03	3.292308e-03	-5.124500e-03	7.300580e-04	-5.854558e-03
129           	3.494190e-01	1.737566e-01	1.756624e-01	-2.989771e-02	4.025384e-02	-7.015155e-02	5.520270e-02	-9.529081e-04	2.610340e-03	-6.300398e-03	-5.398584e-04	-5.760539e-03
130           	3.491655e-01	1.737870e-01	1.753785e-01	-3.173117e-02	4.099817e-02	-7.272935e-02	5.686376e-02	-7.957790e-04	1.882946e-03	-7.596950e-03	-1.915529e-03	-5.681421e-03
131           	3.490287e-01	1.737986e-01	1.752300e-01	-3.394760e-02	4.166222e-02	-7.560983e-02	5.863602e-02	-7.156912e-04	1.166141e-03	-8.900308e-03	-3.284013e-03	-5.616296e-03
132           	3.489706e-01	1.738039e-01	1.751667e-01	-3.614048e-02	4.216989e-02	-7.831037e-02	6.024013e-02	-6.813997e-04	4.977930e-04	-1.018171e-02	-4.593060e-03	-5.588646e-03
133           	3.490902e-01	1.738870e-01	1.752032e-01	-3.783968e-02	4.249940e-02	-8.033908e-02	6.141924e-02	-6.581145e-04	-8.290946e-05	-1.137541e-02	-5.770615e-03	-5.604796e-03
134           	3.493028e-01	1.740206e-01	1.752822e-01	-3.881904e-02	4.267286e-02	-8.149190e-02	6.208238e-02	-6.307984e-04	-5.704048e-04	-1.247685e-02	-6.808828e-03	-5.668019e-03
135           	3.496332e-01	1.742122e-01	1.754210e-01	-3.908724e-02	4.261110e-02	-8.169834e-02	6.215472e-02	-6.044166e-04	-9.783264e-04	-1.341950e-02	-7.688076e-03	-5.731423e-03
136           	3.499368e-01	1.743770e-01	1.755599e-01	-3.878248e-02	4.237502e-02	-8.115750e-02	6.176626e-02	-5.914698e-04	-1.326690e-03	-1.416870e-02	-8.411040e-03	-5.757660e-03
137           	3.502014e-01	1.744883e-01	1.757131e-01	-3.806838e-02	4.200684e-02	-8.007521e-02	6.104103e-02	-6.123846e-04	-1.632504e-03	-1.464709e-02	-8.956048e-03	-5.691040e-03
138           	3.502690e-01	1.744610e-01	1.758080e-01	-3.694361e-02	4.169733e-02	-7.864095e-02	6.016914e-02	-6.734841e-04	-1.920669e-03	-1.487707e-02	-9.359206e-03	-5.517867e-03
139           	3.501597e-01	1.743318e-01	1.758279e-01	-3.534085e-02	4.153862e-02	-7.687947e-02	5.920905e-02	-7.480323e-04	-2.176450e-03	-1.488721e-02	-9.620057e-03	-5.267157e-03
140           	3.497765e-01	1.740745e-01	1.757020e-01	-3.320109e-02	4.165490e-02	-7.485599e-02	5.825545e-02	-8.137636e-04	-2.392501e-03	-1.476303e-02	-9.774015e-03	-4.989014e-03
141           	3.492303e-01	1.737660e-01	1.754643e-01	-3.047415e-02	4.211234e-02	-7.258649e-02	5.734941e-02	-8.491093e-04	-2.544164e-03	-1.451633e-02	-9.802328e-03	-4.714001e-03
142           	3.484921e-01	1.733900e-01	1.751021e-01	-2.720839e-02	4.292438e-02	-7.013277e-02	5.652857e-02	-8.560316e-04	-2.644806e-03	-1.417758e-02	-9.733595e-03	-4.443982e-03
143           	3.477450e-01	1.730518e-01	1.746932e-01	-2.359346e-02	4.395610e-02	-6.754956e-02	5.575283e-02	-8.206966e-04	-2.684437e-03	-1.376235e-02	-9.565613e-03	-4.196740e-03
144           	3.469885e-01	1.727554e-01	1.742331e-01	-1.991248e-02	4.506924e-02	-6.498173e-02	5.502548e-02	-7.388525e-04	-2.666477e-03	-1.335163e-02	-9.342289e-03	-4.009336e-03
145           	3.463461e-01	1.725583e-01	1.737878e-01	-1.624533e-02	4.611186e-02	-6.235719e-02	5.423452e-02	-6.147421e-04	-2.587856e-03	-1.297969e-02	-9.077703e-03	-3.901990e-03
146           	3.457016e-01	1.723639e-01	1.733377e-01	-1.262849e-02	4.702002e-02	-5.964851e-02	5.333427e-02	-4.868824e-04	-2.489583e-03	-1.269084e-02	-8.835003e-03	-3.855837e-03
147           	3.451173e-01	1.721565e-01	1.729608e-01	-9.320774e-03	4.761032e-02	-5.693109e-02	5.227070e-02	-4.021523e-04	-2.372800e-03	-1.245139e-02	-8.598496e-03	-3.852897e-03
148           	3.444811e-01	1.718443e-01	1.726368e-01	-6.582131e-03	4.792816e-02	-5.451029e-02	5.121923e-02	-3.962619e-04	-2.266621e-03	-1.222086e-02	-8.377048e-03	-3.843807e-03
149           	3.438439e-01	1.714486e-01	1.723952e-01	-4.412218e-03	4.807888e-02	-5.249109e-02	5.028498e-02	-4.732948e-04	-2.167193e-03	-1.194980e-02	-8.142095e-03	-3.807709e-03
150           	3.430663e-01	1.709189e-01	1.721474e-01	-2.676058e-03	4.825171e-02	-5.092777e-02	4.958974e-02	-6.142518e-04	-2.087987e-03	-1.169081e-02	-7.933393e-03	-3.757419e-03
151           	3.422161e-01	1.703225e-01	1.718936e-01	-1.173479e-03	4.855648e-02	-4.972996e-02	4.914322e-02	-7.855524e-04	-2.006697e-03	-1.145007e-02	-7.731734e-03	-3.718339e-03
152           	3.412505e-01	1.696578e-01	1.715927e-01	1.167771e-04	4.911054e-02	-4.899377e-02	4.905215e-02	-9.674266e-04	-1.926985e-03	-1.125509e-02	-7.554532e-03	-3.700561e-03
153           	3.403628e-01	1.690168e-01	1.713460e-01	1.085343e-03	4.985032e-02	-4.876498e-02	4.930765e-02	-1.164601e-03	-1.832142e-03	-1.109016e-02	-7.377220e-03	-3.712936e-03
154           	3.395906e-01	1.684328e-01	1.711578e-01	1.410089e-03	5.056291e-02	-4.915283e-02	4.985787e-02	-1.362479e-03	-1.715700e-03	-1.097420e-02	-7.202800e-03	-3.771400e-03
155           	3.390764e-01	1.679936e-01	1.710828e-01	9.512407e-04	5.096096e-02	-5.000972e-02	5.048534e-02	-1.544621e-03	-1.578446e-03	-1.089207e-02	-7.024479e-03	-3.867586e-03
156           	3.386978e-01	1.676716e-01	1.710262e-01	-1.253855e-04	5.101142e-02	-5.113681e-02	5.107412e-02	-1.677338e-03	-1.422717e-03	-1.081547e-02	-6.830451e-03	-3.985017e-03
157           	3.384130e-01	1.674426e-01	1.709704e-01	-1.080920e-03	5.087334e-02	-5.195426e-02	5.141380e-02	-1.763906e-03	-1.251239e-03	-1.065820e-02	-6.580339e-03	-4.077860e-03
158           	3.379713e-01	1.671827e-01	1.707886e-01	-1.596799e-03	5.065744e-02	-5.225424e-02	5.145584e-02	-1.802976e-03	-1.052949e-03	-1.034244e-02	-6.224168e-03	-4.118270e-03
159           	3.374390e-01	1.669117e-01	1.705273e-01	-1.598404e-03	5.027851e-02	-5.187691e-02	5.107771e-02	-1.807802e-03	-8.096813e-04	-9.805863e-03	-5.712613e-03	-4.093250e-03
160           	3.367029e-01	1.666038e-01	1.700991e-01	-1.125216e-03	4.983284e-02	-5.095805e-02	5.039545e-02	-1.747670e-03	-4.986686e-04	-9.068302e-03	-5.032820e-03	-4.035483e-03
161           	3.358978e-01	1.663003e-01	1.695975e-01	-1.080726e-04	4.941372e-02	-4.952180e-02	4.946776e-02	-1.648593e-03	-1.209001e-04	-8.193426e-03	-4.217613e-03	-3.975813e-03
162           	3.350320e-01	1.660187e-01	1.690133e-01	1.352154e-03	4.915257e-02	-4.780042e-02	4.847650e-02	-1.497304e-03	2.916117e-04	-7.299902e-03	-3.358339e-03	-3.941563e-03
163           	3.343435e-01	1.658681e-01	1.684754e-01	3.389866e-03	4.921576e-02	-4.582590e-02	4.752083e-02	-1.303641e-03	6.919442e-04	-6.473378e-03	-2.544745e-03	-3.928633e-03
164           	3.338675e-01	1.658533e-01	1.680142e-01	5.747380e-03	4.968838e-02	-4.394100e-02	4.681469e-02	-1.080437e-03	1.026089e-03	-5.806083e-03	-1.876953e-03	-3.929130e-03
165           	3.338724e-01	1.660939e-01	1.677785e-01	7.839241e-03	5.038580e-02	-4.254656e-02	4.646618e-02	-8.423326e-04	1.275586e-03	-5.281119e-03	-1.364974e-03	-3.916145e-03
166           	3.341860e-01	1.664872e-01	1.676989e-01	9.244688e-03	5.106962e-02	-4.182493e-02	4.644727e-02	-6.058520e-04	1.445021e-03	-4.928287e-03	-1.019122e-03	-3.909164e-03
167           	3.348391e-01	1.670278e-01	1.678112e-01	9.917657e-03	5.156146e-02	-4.164380e-02	4.660263e-02	-3.917035e-04	1.550693e-03	-4.732282e-03	-8.154482e-04	-3.916834e-03
168           	3.355017e-01	1.674826e-01	1.680192e-01	9.925628e-03	5.178902e-02	-4.186339e-02	4.682620e-02	-2.683159e-04	1.584421e-03	-4.750222e-03	-7.906903e-04	-3.959532e-03
169           	3.361930e-01	1.678367e-01	1.683563e-01	9.501804e-03	5.179759e-02	-4.229579e-02	4.704669e-02	-2.597773e-04	1.542090e-03	-4.945062e-03	-9.304408e-04	-4.014621e-03
170           	3.366981e-01	1.679686e-01	1.687295e-01	8.759722e-03	5.159700e-02	-4.283727e-02	4.721714e-02	-3.804860e-04	1.410154e-03	-5.317666e-03	-1.248679e-03	-4.068987e-03
171           	3.370638e-01	1.679523e-01	1.691115e-01	7.822727e-03	5.118473e-02	-4.336200e-02	4.727336e-02	-5.795954e-04	1.217024e-03	-5.812879e-03	-1.689415e-03	-4.123464e-03
172           	3.370824e-01	1.677393e-01	1.693431e-01	7.073093e-03	5.068186e-02	-4.360877e-02	4.714531e-02	-8.019224e-04	9.657697e-04	-6.409027e-03	-2.238744e-03	-4.170283e-03
173           	3.368492e-01	1.674410e-01	1.694082e-01	6.895790e-03	5.025143e-02	-4.335564e-02	4.680354e-02	-9.836210e-04	6.984891e-04	-6.979540e-03	-2.791281e-03	-4.188259e-03
174           	3.362815e-01	1.670321e-01	1.692494e-01	7.588391e-03	5.010271e-02	-4.251432e-02	4.630852e-02	-1.108605e-03	4.409789e-04	-7.412937e-03	-3.265490e-03	-4.147447e-03
175           	3.356309e-01	1.666454e-01	1.689854e-01	8.980395e-03	5.022652e-02	-4.124613e-02	4.573633e-02	-1.169990e-03	2.691088e-04	-7.532128e-03	-3.496955e-03	-4.035173e-03
176           	3.348959e-01	1.662549e-01	1.686410e-01	1.086571e-02	5.054153e-02	-3.967582e-02	4.510868e-02	-1.193053e-03	2.307813e-04	-7.251684e-03	-3.395061e-03	-3.856623e-03
177           	3.342718e-01	1.659633e-01	1.683085e-01	1.309767e-02	5.090932e-02	-3.781166e-02	4.436049e-02	-1.172628e-03	3.736609e-04	-6.551460e-03	-2.902069e-03	-3.649391e-03
178           	3.336341e-01	1.657106e-01	1.679235e-01	1.570052e-02	5.126870e-02	-3.556818e-02	4.341844e-02	-1.106414e-03	6.721701e-04	-5.497145e-03	-2.076402e-03	-3.420742e-03
179           	3.331564e-01	1.656159e-01	1.675405e-01	1.857657e-02	5.162341e-02	-3.304684e-02	4.233513e-02	-9.623098e-04	1.105785e-03	-4.214715e-03	-1.001572e-03	-3.213143e-03
180           	3.328096e-01	1.656599e-01	1.671497e-01	2.160496e-02	5.206668e-02	-3.046172e-02	4.126420e-02	-7.448978e-04	1.585543e-03	-2.908000e-03	1.315426e-04	-3.039543e-03
181           	3.327511e-01	1.659045e-01	1.668466e-01	2.430883e-02	5.239955e-02	-2.809072e-02	4.024513e-02	-4.710743e-04	2.071860e-03	-1.673046e-03	1.235337e-03	-2.908383e-03
182           	3.328124e-01	1.662050e-01	1.666074e-01	2.637647e-02	5.245196e-02	-2.607549e-02	3.926372e-02	-2.011938e-04	2.518475e-03	-5.760929e-04	2.230429e-03	-2.806522e-03
183           	3.330339e-01	1.665508e-01	1.664831e-01	2.756937e-02	5.215616e-02	-2.458679e-02	3.837147e-02	3.384108e-05	2.922197e-03	3.310598e-04	3.087727e-03	-2.756667e-03
184           	3.332078e-01	1.667722e-01	1.664356e-01	2.800614e-02	5.162768e-02	-2.362154e-02	3.762461e-02	1.682648e-04	3.262224e-03	1.027855e-03	3.776152e-03	-2.748297e-03
185           	3.333955e-01	1.668778e-01	1.665176e-01	2.779264e-02	5.098841e-02	-2.319577e-02	3.709209e-02	1.801058e-04	3.553643e-03	1.533555e-03	4.320421e-03	-2.786866e-03
186           	3.334579e-01	1.667863e-01	1.666716e-01	2.723008e-02	5.045227e-02	-2.322219e-02	3.683723e-02	5.736973e-05	3.785192e-03	1.803080e-03	4.686732e-03	-2.883652e-03
187           	3.335186e-01	1.666022e-01	1.669164e-01	2.651543e-02	5.014904e-02	-2.363361e-02	3.689133e-02	-1.570833e-04	3.958437e-03	1.833361e-03	4.875117e-03	-3.041756e-03
188           	3.334622e-01	1.662905e-01	1.671717e-01	2.599971e-02	5.025497e-02	-2.425527e-02	3.725512e-02	-4.405977e-04	4.066460e-03	1.647555e-03	4.890237e-03	-3.242682e-03
189           	3.334054e-01	1.659493e-01	1.674561e-01	2.579814e-02	5.079092e-02	-2.499278e-02	3.789185e-02	-7.534414e-04	4.107134e-03	1.348658e-03	4.781463e-03	-3.432805e-03
190           	3.332915e-01	1.655780e-01	1.677135e-01	2.592561e-02	5.170635e-02	-2.578075e-02	3.874355e-02	-1.067717e-03	4.078674e-03	9.898414e-04	4.573595e-03	-3.583754e-03
191           	3.333007e-01	1.652824e-01	1.680183e-01	2.622324e-02	5.284392e-02	-2.662068e-02	3.973230e-02	-1.367934e-03	3.994389e-03	7.203576e-04	4.354568e-03	-3.634211e-03
192           	3.333594e-01	1.650052e-01	1.683543e-01	2.682522e-02	5.411333e-02	-2.728811e-02	4.070072e-02	-1.674545e-03	3.915999e-03	6.356641e-04	4.233831e-03	-3.598167e-03
193           	3.335508e-01	1.647800e-01	1.687708e-01	2.765551e-02	5.528894e-02	-2.763344e-02	4.146119e-02	-1.995353e-03	3.894838e-03	8.586203e-04	4.324149e-03	-3.465528e-03
194           	3.337380e-01	1.645416e-01	1.691963e-01	2.864258e-02	5.621631e-02	-2.757373e-02	4.189502e-02	-2.327356e-03	3.975819e-03	1.372718e-03	4.662178e-03	-3.289460e-03
195           	3.339809e-01	1.643614e-01	1.696195e-01	2.962376e-02	5.678159e-02	-2.715783e-02	4.196971e-02	-2.629092e-03	4.129948e-03	2.106647e-03	5.183271e-03	-3.076624e-03
196           	3.341006e-01	1.641769e-01	1.699237e-01	3.077680e-02	5.710479e-02	-2.632799e-02	4.171639e-02	-2.873402e-03	4.336918e-03	2.945109e-03	5.809472e-03	-2.864363e-03
197           	3.341110e-01	1.640166e-01	1.700944e-01	3.201589e-02	5.720677e-02	-2.519088e-02	4.119882e-02	-3.038853e-03	4.572946e-03	3.831273e-03	6.488583e-03	-2.657310e-03
198           	3.338473e-01	1.638109e-01	1.700363e-01	3.322475e-02	5.712180e-02	-2.389705e-02	4.050943e-02	-3.112715e-03	4.799713e-03	4.632541e-03	7.115984e-03	-2.483443e-03
199           	3.334036e-01	1.636227e-01	1.697809e-01	3.420848e-02	5.678506e-02	-2.257658e-02	3.968082e-02	-3.079100e-03	4.961554e-03	5.265368e-03	7.594238e-03	-2.328870e-03
200           	3.326737e-01	1.633730e-01	1.693007e-01	3.489208e-02	5.612610e-02	-2.123402e-02	3.868006e-02	-2.963852e-03	5.040277e-03	5.642408e-03	7.861481e-03	-2.219073e-03
201           	3.317846e-01	1.630835e-01	1.687010e-01	3.527085e-02	5.511734e-02	-1.984649e-02	3.748192e-02	-2.808736e-03	5.027258e-03	5.776069e-03	7.915292e-03	-2.139223e-03
202           	3.306820e-01	1.626670e-01	1.680150e-01	3.543206e-02	5.382948e-02	-1.839743e-02	3.611345e-02	-2.674029e-03	4.923571e-03	5.654400e-03	7.750771e-03	-2.096371e-03
203           	3.295803e-01	1.622027e-01	1.673776e-01	3.534849e-02	5.241332e-02	-1.706483e-02	3.473907e-02	-2.587424e-03	4.711545e-03	5.290749e-03	7.356920e-03	-2.066171e-03
204           	3.285518e-01	1.617199e-01	1.668319e-01	3.513420e-02	5.114992e-02	-1.601572e-02	3.358282e-02	-2.555999e-03	4.381420e-03	4.645127e-03	6.703984e-03	-2.058856e-03
205           	3.278599e-01	1.614004e-01	1.664595e-01	3.496422e-02	5.040332e-02	-1.543910e-02	3.292121e-02	-2.529574e-03	3.944779e-03	3.738612e-03	5.814085e-03	-2.075473e-03
206           	3.274848e-01	1.612647e-01	1.662201e-01	3.522849e-02	5.055231e-02	-1.532381e-02	3.293806e-02	-2.477684e-03	3.442284e-03	2.611596e-03	4.748081e-03	-2.136486e-03
207           	3.275233e-01	1.613835e-01	1.661398e-01	3.628406e-02	5.182857e-02	-1.554451e-02	3.368654e-02	-2.378165e-03	2.921377e-03	1.442544e-03	3.642649e-03	-2.200105e-03
208           	3.278089e-01	1.616548e-01	1.661541e-01	3.841585e-02	5.421624e-02	-1.580039e-02	3.500831e-02	-2.249619e-03	2.425364e-03	3.555662e-04	2.603147e-03	-2.247581e-03
209           	3.283512e-01	1.620800e-01	1.662711e-01	4.138989e-02	5.729092e-02	-1.590103e-02	3.659598e-02	-2.095540e-03	2.002167e-03	-5.051445e-04	1.749595e-03	-2.254739e-03
210           	3.289165e-01	1.625065e-01	1.664101e-01	4.470285e-02	6.044221e-02	-1.573936e-02	3.809079e-02	-1.951813e-03	1.658526e-03	-1.138716e-03	1.089168e-03	-2.227883e-03
211           	3.295359e-01	1.629437e-01	1.665922e-01	4.777545e-02	6.309908e-02	-1.532363e-02	3.921136e-02	-1.824260e-03	1.376906e-03	-1.568818e-03	5.924970e-04	-2.161315e-03
212           	3.300012e-01	1.632730e-01	1.667282e-01	5.031933e-02	6.495256e-02	-1.463323e-02	3.979290e-02	-1.727588e-03	1.120477e-03	-1.885214e-03	1.778699e-04	-2.063084e-03
213           	3.303700e-01	1.635521e-01	1.668179e-01	5.212624e-02	6.586942e-02	-1.374319e-02	3.980630e-02	-1.632890e-03	8.640805e-04	-2.111048e-03	-1.914434e-04	-1.919604e-03
214           	3.304903e-01	1.636985e-01	1.667918e-01	5.312002e-02	6.582888e-02	-1.270886e-02	3.926887e-02	-1.546643e-03	6.160850e-04	-2.290118e-03	-5.289742e-04	-1.761144e-03
215           	3.304749e-01	1.637789e-01	1.666960e-01	5.330871e-02	6.493553e-02	-1.162682e-02	3.828117e-02	-1.458504e-03	3.891444e-04	-2.391584e-03	-8.066475e-04	-1.584936e-03
216           	3.301920e-01	1.637037e-01	1.664883e-01	5.287355e-02	6.346438e-02	-1.059083e-02	3.702761e-02	-1.392334e-03	1.896733e-04	-2.415886e-03	-1.018270e-03	-1.397616e-03
217           	3.297660e-01	1.635416e-01	1.662244e-01	5.189515e-02	6.167930e-02	-9.784154e-03	3.573173e-02	-1.341412e-03	4.781454e-06	-2.310363e-03	-1.150400e-03	-1.159963e-03
218           	3.290920e-01	1.632206e-01	1.658714e-01	5.045352e-02	5.984898e-02	-9.395456e-03	3.462222e-02	-1.325419e-03	-1.771498e-04	-2.106543e-03	-1.230421e-03	-8.761220e-04
219           	3.283463e-01	1.628444e-01	1.655020e-01	4.849456e-02	5.811308e-02	-9.618516e-03	3.386580e-02	-1.328795e-03	-3.567779e-04	-1.829282e-03	-1.271419e-03	-5.578630e-04
220           	3.275031e-01	1.623971e-01	1.651059e-01	4.604605e-02	5.652455e-02	-1.047851e-02	3.350153e-02	-1.354413e-03	-5.475932e-04	-1.568137e-03	-1.331662e-03	-2.364751e-04
221           	3.267735e-01	1.620237e-01	1.647498e-01	4.314228e-02	5.501430e-02	-1.187203e-02	3.344317e-02	-1.363015e-03	-7.695342e-04	-1.348385e-03	-1.443727e-03	9.534158e-05
222           	3.261020e-01	1.616955e-01	1.644065e-01	4.011270e-02	5.366248e-02	-1.354978e-02	3.360613e-02	-1.355505e-03	-1.013735e-03	-1.224859e-03	-1.626165e-03	4.013055e-04
223           	3.256155e-01	1.615076e-01	1.641079e-01	3.728283e-02	5.255018e-02	-1.526736e-02	3.390877e-02	-1.300139e-03	-1.224746e-03	-1.160935e-03	-1.805213e-03	6.442780e-04
224           	3.252341e-01	1.614048e-01	1.638292e-01	3.508398e-02	5.185969e-02	-1.677571e-02	3.431770e-02	-1.212204e-03	-1.337410e-03	-1.146602e-03	-1.910711e-03	7.641091e-04
225           	3.251148e-01	1.614600e-01	1.636548e-01	3.365844e-02	5.160451e-02	-1.794608e-02	3.477529e-02	-1.097398e-03	-1.302223e-03	-1.103611e-03	-1.854029e-03	7.504175e-04
226           	3.251417e-01	1.615513e-01	1.635903e-01	3.309182e-02	5.170412e-02	-1.861231e-02	3.515821e-02	-1.019489e-03	-1.116519e-03	-9.897203e-04	-1.611379e-03	6.216585e-04
227           	3.253797e-01	1.616852e-01	1.636946e-01	3.335436e-02	5.204230e-02	-1.868794e-02	3.536512e-02	-1.004712e-03	-7.891374e-04	-7.244137e-04	-1.151344e-03	4.269306e-04
228           	3.255895e-01	1.617278e-01	1.638617e-01	3.454742e-02	5.253391e-02	-1.798649e-02	3.526020e-02	-1.066958e-03	-3.937158e-04	-3.450830e-04	-5.662573e-04	2.211743e-04
229           	3.257009e-01	1.616924e-01	1.640085e-01	3.658778e-02	5.305135e-02	-1.646358e-02	3.475747e-02	-1.158026e-03	9.695172e-06	1.206164e-04	7.000339e-05	5.061305e-05
230           	3.255195e-01	1.615009e-01	1.640186e-01	3.919142e-02	5.345502e-02	-1.426361e-02	3.385931e-02	-1.258841e-03	3.395979e-04	5.332662e-04	6.062310e-04	-7.296478e-05
231           	3.251453e-01	1.612510e-01	1.638943e-01	4.174948e-02	5.356573e-02	-1.181625e-02	3.269099e-02	-1.321659e-03	5.768625e-04	8.460501e-04	9.998875e-04	-1.538374e-04
232           	3.245435e-01	1.609085e-01	1.636351e-01	4.387134e-02	5.334062e-02	-9.469279e-03	3.140495e-02	-1.363299e-03	7.047428e-04	1.015144e-03	1.212315e-03	-1.971707e-04
233           	3.238683e-01	1.605395e-01	1.633288e-01	4.531363e-02	5.274011e-02	-7.426480e-03	3.008330e-02	-1.394646e-03	7.603908e-04	1.065215e-03	1.292998e-03	-2.277833e-04
234           	3.230674e-01	1.600593e-01	1.630080e-01	4.618524e-02	5.194518e-02	-5.759935e-03	2.885256e-02	-1.474369e-03	7.547226e-04	9.919301e-04	1.250688e-03	-2.587576e-04
235           	3.222927e-01	1.595394e-01	1.627532e-01	4.631283e-02	5.100199e-02	-4.689154e-03	2.784557e-02	-1.606909e-03	7.305690e-04	8.672106e-04	1.164174e-03	-2.969637e-04
236           	3.214910e-01	1.589324e-01	1.625586e-01	4.552816e-02	4.991972e-02	-4.391560e-03	2.715564e-02	-1.813104e-03	6.950932e-04	6.997520e-04	1.044969e-03	-3.452171e-04
237           	3.208082e-01	1.583519e-01	1.624563e-01	4.349677e-02	4.857998e-02	-5.083205e-03	2.683159e-02	-2.052182e-03	6.661037e-04	5.175476e-04	9.248775e-04	-4.073300e-04
238           	3.202160e-01	1.577956e-01	1.624205e-01	4.019739e-02	4.704738e-02	-6.849995e-03	2.694869e-02	-2.312446e-03	6.517964e-04	3.274235e-04	8.155081e-04	-4.880846e-04
239           	3.199138e-01	1.574109e-01	1.625028e-01	3.579863e-02	4.549567e-02	-9.697041e-03	2.759636e-02	-2.545951e-03	6.811147e-04	2.394889e-04	8.008592e-04	-5.613702e-04
240           	3.198770e-01	1.571960e-01	1.626810e-01	3.095560e-02	4.428989e-02	-1.333429e-02	2.881209e-02	-2.742471e-03	7.823175e-04	3.489692e-04	9.568021e-04	-6.078329e-04
241           	3.201190e-01	1.572081e-01	1.629108e-01	2.669255e-02	4.369436e-02	-1.700182e-02	3.034809e-02	-2.851333e-03	9.931377e-04	7.472566e-04	1.366766e-03	-6.195094e-04
242           	3.203897e-01	1.573012e-01	1.630884e-01	2.390715e-02	4.388536e-02	-1.997821e-02	3.193178e-02	-2.893595e-03	1.338198e-03	1.403741e-03	2.040068e-03	-6.363272e-04
243           	3.207646e-01	1.574946e-01	1.632700e-01	2.261740e-02	4.475356e-02	-2.213616e-02	3.344486e-02	-2.887680e-03	1.825326e-03	2.273404e-03	2.962028e-03	-6.886241e-04
244           	3.211310e-01	1.576878e-01	1.634432e-01	2.248867e-02	4.599202e-02	-2.350336e-02	3.474769e-02	-2.877658e-03	2.416674e-03	3.170109e-03	4.001728e-03	-8.316194e-04
245           	3.215351e-01	1.579142e-01	1.636209e-01	2.307732e-02	4.724572e-02	-2.416840e-02	3.570706e-02	-2.853369e-03	3.027963e-03	3.955213e-03	5.005569e-03	-1.050356e-03
246           	3.218180e-01	1.580776e-01	1.637403e-01	2.417697e-02	4.831127e-02	-2.413430e-02	3.622279e-02	-2.831360e-03	3.591517e-03	4.535946e-03	5.859490e-03	-1.323544e-03
247           	3.220186e-01	1.582110e-01	1.638077e-01	2.554693e-02	4.902384e-02	-2.347691e-02	3.625037e-02	-2.798370e-03	4.046522e-03	4.904751e-03	6.498898e-03	-1.594147e-03
248           	3.219878e-01	1.582133e-01	1.637745e-01	2.715607e-02	4.928727e-02	-2.213120e-02	3.570924e-02	-2.780604e-03	4.346570e-03	5.018241e-03	6.855691e-03	-1.837450e-03
249           	3.217374e-01	1.580986e-01	1.636388e-01	2.889028e-02	4.899737e-02	-2.010708e-02	3.455222e-02	-2.770095e-03	4.460376e-03	4.868470e-03	6.894612e-03	-2.026141e-03
250           	3.211239e-01	1.577658e-01	1.633581e-01	3.065335e-02	4.811396e-02	-1.746061e-02	3.278728e-02	-2.796110e-03	4.372518e-03	4.421679e-03	6.583358e-03	-2.161679e-03
251           	3.202923e-01	1.572893e-01	1.630030e-01	3.229497e-02	4.685955e-02	-1.456458e-02	3.071206e-02	-2.856870e-03	4.105466e-03	3.699440e-03	5.955186e-03	-2.255746e-03
252           	3.193305e-01	1.566796e-01	1.626510e-01	3.361143e-02	4.555277e-02	-1.194133e-02	2.874705e-02	-2.985708e-03	3.709037e-03	2.779197e-03	5.098636e-03	-2.319439e-03
253           	3.184947e-01	1.560797e-01	1.624149e-01	3.439824e-02	4.429820e-02	-9.899964e-03	2.709908e-02	-3.167583e-03	3.227802e-03	1.782632e-03	4.119118e-03	-2.336486e-03
254           	3.178311e-01	1.555250e-01	1.623062e-01	3.469171e-02	4.313712e-02	-8.445409e-03	2.579127e-02	-3.390580e-03	2.725108e-03	8.388809e-04	3.144549e-03	-2.305668e-03
255           	3.175233e-01	1.551449e-01	1.623784e-01	3.456841e-02	4.206680e-02	-7.498395e-03	2.478260e-02	-3.616774e-03	2.271093e-03	8.610251e-05	2.314144e-03	-2.228042e-03
256           	3.175127e-01	1.549377e-01	1.625749e-01	3.456664e-02	4.131412e-02	-6.747477e-03	2.403080e-02	-3.818585e-03	1.901870e-03	-3.807852e-04	1.711478e-03	-2.092263e-03
257           	3.178573e-01	1.549841e-01	1.628732e-01	3.503885e-02	4.100302e-02	-5.964168e-03	2.348360e-02	-3.944536e-03	1.645711e-03	-4.632552e-04	1.414084e-03	-1.877339e-03
258           	3.183663e-01	1.552040e-01	1.631623e-01	3.628885e-02	4.117711e-02	-4.888257e-03	2.303268e-02	-3.979143e-03	1.516260e-03	-1.042290e-04	1.464146e-03	-1.568375e-03
259           	3.190243e-01	1.556278e-01	1.633965e-01	3.863105e-02	4.198230e-02	-3.351254e-03	2.266678e-02	-3.884350e-03	1.520651e-03	7.206448e-04	1.880973e-03	-1.160328e-03
260           	3.196492e-01	1.561246e-01	1.635245e-01	4.186620e-02	4.331392e-02	-1.447713e-03	2.238081e-02	-3.699961e-03	1.633190e-03	1.866145e-03	2.566263e-03	-7.001177e-04
261           	3.202703e-01	1.566777e-01	1.635927e-01	4.523459e-02	4.480245e-02	4.321437e-04	2.218515e-02	-3.457482e-03	1.834228e-03	3.099098e-03	3.383777e-03	-2.846793e-04
262           	3.207975e-01	1.571783e-01	1.636193e-01	4.809392e-02	4.605742e-02	2.036503e-03	2.201046e-02	-3.220497e-03	2.089906e-03	4.184620e-03	4.182216e-03	2.403886e-06
263           	3.213239e-01	1.576768e-01	1.636471e-01	5.006456e-02	4.679086e-02	3.273706e-03	2.175858e-02	-2.985137e-03	2.355698e-03	4.996624e-03	4.854011e-03	1.426138e-04
264           	3.217726e-01	1.581209e-01	1.636516e-01	5.125642e-02	4.709263e-02	4.163792e-03	2.146442e-02	-2.765358e-03	2.561140e-03	5.509219e-03	5.315749e-03	1.934696e-04
265           	3.222699e-01	1.585566e-01	1.637133e-01	5.181668e-02	4.717303e-02	4.643657e-03	2.126468e-02	-2.578371e-03	2.679364e-03	5.832155e-03	5.595442e-03	2.367132e-04
266           	3.227275e-01	1.588778e-01	1.638496e-01	5.179303e-02	4.712409e-02	4.668938e-03	2.122758e-02	-2.485912e-03	2.674198e-03	6.021424e-03	5.684910e-03	3.365143e-04
267           	3.232125e-01	1.591058e-01	1.641068e-01	5.095720e-02	4.679201e-02	4.165191e-03	2.131341e-02	-2.500490e-03	2.543901e-03	6.088499e-03	5.588150e-03	5.003488e-04
268           	3.235409e-01	1.591401e-01	1.644008e-01	4.932999e-02	4.610070e-02	3.229285e-03	2.143571e-02	-2.630354e-03	2.269542e-03	5.995728e-03	5.267406e-03	7.283220e-04
269           	3.237050e-01	1.590151e-01	1.646900e-01	4.712008e-02	4.504381e-02	2.076264e-03	2.148377e-02	-2.837450e-03	1.874026e-03	5.722671e-03	4.735362e-03	9.873091e-04
270           	3.235118e-01	1.586431e-01	1.648686e-01	4.483286e-02	4.376749e-02	1.065369e-03	2.135106e-02	-3.112743e-03	1.412503e-03	5.295873e-03	4.060439e-03	1.235434e-03
271           	3.230709e-01	1.581247e-01	1.649462e-01	4.285107e-02	4.247024e-02	3.808244e-04	2.104471e-02	-3.410790e-03	9.718835e-04	4.824272e-03	3.384019e-03	1.440252e-03
272           	3.223563e-01	1.574671e-01	1.648892e-01	4.151722e-02	4.139618e-02	1.210391e-04	2.063757e-02	-3.711037e-03	5.927138e-04	4.415609e-03	2.800518e-03	1.615091e-03
273           	3.215760e-01	1.568330e-01	1.647430e-01	4.109218e-02	4.076581e-02	3.263735e-04	2.021972e-02	-3.954970e-03	2.791284e-04	4.109425e-03	2.333841e-03	1.775584e-03
274           	3.207255e-01	1.561894e-01	1.645361e-01	4.149254e-02	4.063040e-02	8.621399e-04	1.988413e-02	-4.173345e-03	8.108803e-05	4.021135e-03	2.091656e-03	1.929480e-03
275           	3.199930e-01	1.556482e-01	1.643448e-01	4.241519e-02	4.089226e-02	1.522927e-03	1.968467e-02	-4.348331e-03	8.570446e-05	4.283978e-03	2.227694e-03	2.056285e-03
276           	3.193369e-01	1.552005e-01	1.641363e-01	4.385040e-02	4.157955e-02	2.270851e-03	1.965435e-02	-4.467895e-03	2.282056e-04	4.834744e-03	2.645578e-03	2.189166e-03
277           	3.189480e-01	1.550082e-01	1.639397e-01	4.555733e-02	4.262825e-02	2.929088e-03	1.984958e-02	-4.465761e-03	4.605123e-04	5.535577e-03	3.228301e-03	2.307276e-03
278           	3.188288e-01	1.550630e-01	1.637658e-01	4.687922e-02	4.383455e-02	3.044679e-03	2.039493e-02	-4.351412e-03	7.201501e-04	6.212362e-03	3.826331e-03	2.386031e-03
279           	3.190624e-01	1.554388e-01	1.636237e-01	4.732088e-02	4.484765e-02	2.473232e-03	2.118721e-02	-4.092442e-03	9.611172e-04	6.649799e-03	4.286017e-03	2.363782e-03
280           	3.193279e-01	1.559002e-01	1.634277e-01	4.735269e-02	4.566722e-02	1.685475e-03	2.199087e-02	-3.763748e-03	1.149998e-03	6.813827e-03	4.556911e-03	2.256916e-03
281           	3.196964e-01	1.564464e-01	1.632500e-01	4.710395e-02	4.635818e-02	7.457704e-04	2.280620e-02	-3.401824e-03	1.299859e-03	6.782973e-03	4.691345e-03	2.091628e-03
282           	3.200808e-01	1.569388e-01	1.631420e-01	4.653652e-02	4.689843e-02	-3.619138e-04	2.363017e-02	-3.101638e-03	1.398849e-03	6.677532e-03	4.737615e-03	1.939917e-03
283           	3.205537e-01	1.573929e-01	1.631608e-01	4.557309e-02	4.717780e-02	-1.604718e-03	2.439126e-02	-2.883947e-03	1.498260e-03	6.628949e-03	4.812734e-03	1.816214e-03
284           	3.208817e-01	1.576399e-01	1.632418e-01	4.445120e-02	4.712795e-02	-2.676745e-03	2.490235e-02	-2.800915e-03	1.611030e-03	6.707031e-03	4.964546e-03	1.742486e-03
285           	3.209790e-01	1.576360e-01	1.633430e-01	4.345517e-02	4.663927e-02	-3.184099e-03	2.491169e-02	-2.853481e-03	1.727964e-03	6.907583e-03	5.181756e-03	1.725827e-03
286           	3.207247e-01	1.572983e-01	1.634264e-01	4.291517e-02	4.586793e-02	-2.952766e-03	2.441035e-02	-3.064065e-03	1.806169e-03	7.169545e-03	5.390942e-03	1.778604e-03
287           	3.203757e-01	1.567972e-01	1.635785e-01	4.246033e-02	4.494650e-02	-2.486164e-03	2.371633e-02	-3.390677e-03	1.839507e-03	7.462131e-03	5.570573e-03	1.891559e-03
288           	3.199419e-01	1.561769e-01	1.637650e-01	4.207702e-02	4.401688e-02	-1.939854e-03	2.297836e-02	-3.794055e-03	1.812933e-03	7.750744e-03	5.688305e-03	2.062439e-03
289           	3.196211e-01	1.556176e-01	1.640035e-01	4.196149e-02	4.324856e-02	-1.287076e-03	2.226782e-02	-4.192960e-03	1.760679e-03	8.049529e-03	5.785443e-03	2.264086e-03
290           	3.193363e-01	1.551050e-01	1.642313e-01	4.227862e-02	4.269907e-02	-4.204479e-04	2.155976e-02	-4.563147e-03	1.723722e-03	8.384498e-03	5.915971e-03	2.468527e-03
291           	3.191864e-01	1.547351e-01	1.644513e-01	4.299624e-02	4.232690e-02	6.693445e-04	2.082878e-02	-4.858133e-03	1.753126e-03	8.768100e-03	6.137176e-03	2.630925e-03
292           	3.190181e-01	1.544188e-01	1.645993e-01	4.408705e-02	4.210258e-02	1.984473e-03	2.005905e-02	-5.090268e-03	1.888522e-03	9.247317e-03	6.512180e-03	2.735136e-03
293           	3.188741e-01	1.542050e-01	1.646691e-01	4.544555e-02	4.196764e-02	3.477906e-03	1.924487e-02	-5.232061e-03	2.164768e-03	9.864439e-03	7.096988e-03	2.767452e-03
294           	3.186063e-01	1.539949e-01	1.646114e-01	4.693886e-02	4.182161e-02	5.117251e-03	1.835218e-02	-5.308288e-03	2.576354e-03	1.060075e-02	7.876731e-03	2.724022e-03
295           	3.183780e-01	1.538984e-01	1.644796e-01	4.827574e-02	4.150424e-02	6.771501e-03	1.736637e-02	-5.290574e-03	3.088526e-03	1.139365e-02	8.785351e-03	2.608299e-03
296           	3.181574e-01	1.538947e-01	1.642627e-01	4.924386e-02	4.106597e-02	8.177888e-03	1.644404e-02	-5.183982e-03	3.610639e-03	1.215384e-02	9.687559e-03	2.466281e-03
297           	3.181434e-01	1.540977e-01	1.640457e-01	4.990993e-02	4.081484e-02	9.095088e-03	1.585988e-02	-4.973983e-03	4.034668e-03	1.273098e-02	1.040016e-02	2.330822e-03
298           	3.181578e-01	1.543184e-01	1.638394e-01	5.071877e-02	4.085163e-02	9.867143e-03	1.549224e-02	-4.760541e-03	4.307385e-03	1.309968e-02	1.085723e-02	2.242456e-03
299           	3.183141e-01	1.545546e-01	1.637595e-01	5.155693e-02	4.102703e-02	1.052990e-02	1.524856e-02	-4.602444e-03	4.467832e-03	1.333745e-02	1.113656e-02	2.200893e-03
300           	3.185352e-01	1.546842e-01	1.638510e-01	5.221145e-02	4.120089e-02	1.101056e-02	1.509517e-02	-4.583403e-03	4.545501e-03	1.351448e-02	1.130274e-02	2.211739e-03
301           	3.189446e-01	1.547698e-01	1.641748e-01	5.254073e-02	4.125089e-02	1.128984e-02	1.498053e-02	-4.702527e-03	4.577582e-03	1.369426e-02	1.142471e-02	2.269548e-03
302           	3.192579e-01	1.546399e-01	1.646181e-01	5.274068e-02	4.106693e-02	1.167375e-02	1.469659e-02	-4.989104e-03	4.556518e-03	1.388125e-02	1.149714e-02	2.384108e-03
303           	3.195157e-01	1.543822e-01	1.651334e-01	5.298747e-02	4.076252e-02	1.222495e-02	1.426879e-02	-5.375594e-03	4.474355e-03	1.397484e-02	1.146178e-02	2.513065e-03
304           	3.197005e-01	1.540177e-01	1.656828e-01	5.294537e-02	4.051187e-02	1.243350e-02	1.403918e-02	-5.832580e-03	4.305203e-03	1.395218e-02	1.128129e-02	2.670887e-03
305           	3.199458e-01	1.536926e-01	1.662532e-01	5.242595e-02	4.023719e-02	1.218875e-02	1.402422e-02	-6.280282e-03	4.064867e-03	1.383813e-02	1.098393e-02	2.854196e-03
306           	3.201153e-01	1.533779e-01	1.667374e-01	5.185823e-02	4.013476e-02	1.172347e-02	1.420564e-02	-6.679719e-03	3.769165e-03	1.365940e-02	1.059886e-02	3.060535e-03
307           	3.203211e-01	1.532004e-01	1.671207e-01	5.154574e-02	4.033005e-02	1.121569e-02	1.455718e-02	-6.960168e-03	3.490584e-03	1.347193e-02	1.022655e-02	3.245383e-03
308           	3.203975e-01	1.530608e-01	1.673366e-01	5.165178e-02	4.081107e-02	1.084071e-02	1.498518e-02	-7.137893e-03	3.277302e-03	1.334012e-02	9.947363e-03	3.392759e-03
309           	3.204487e-01	1.530042e-01	1.674445e-01	5.198332e-02	4.137289e-02	1.061042e-02	1.538123e-02	-7.220176e-03	3.205103e-03	1.333536e-02	9.872785e-03	3.462580e-03
310           	3.203424e-01	1.529126e-01	1.674298e-01	5.231872e-02	4.177331e-02	1.054541e-02	1.561395e-02	-7.258614e-03	3.283207e-03	1.349090e-02	1.002866e-02	3.462244e-03
311           	3.202099e-01	1.528567e-01	1.673532e-01	5.243120e-02	4.185902e-02	1.057218e-02	1.564342e-02	-7.248256e-03	3.502591e-03	1.381435e-02	1.040976e-02	3.404584e-03
312           	3.199495e-01	1.527873e-01	1.671622e-01	5.246642e-02	4.174334e-02	1.072309e-02	1.551012e-02	-7.187470e-03	3.777895e-03	1.425106e-02	1.090342e-02	3.347633e-03
313           	3.196981e-01	1.528231e-01	1.668751e-01	5.243307e-02	4.152778e-02	1.090530e-02	1.531124e-02	-7.025987e-03	4.049343e-03	1.467490e-02	1.138679e-02	3.288108e-03
314           	3.193872e-01	1.529179e-01	1.664693e-01	5.232060e-02	4.133905e-02	1.098155e-02	1.517875e-02	-6.775704e-03	4.244682e-03	1.495128e-02	1.172032e-02	3.230959e-03
315           	3.192187e-01	1.531535e-01	1.660652e-01	5.190707e-02	4.117920e-02	1.072788e-02	1.522566e-02	-6.455864e-03	4.354738e-03	1.494922e-02	1.182935e-02	3.119874e-03
316           	3.191352e-01	1.534129e-01	1.657223e-01	5.143713e-02	4.110764e-02	1.032948e-02	1.538908e-02	-6.154701e-03	4.390412e-03	1.468965e-02	1.173524e-02	2.954415e-03
317           	3.192721e-01	1.537253e-01	1.655468e-01	5.108865e-02	4.111283e-02	9.975819e-03	1.556850e-02	-5.910753e-03	4.428709e-03	1.429885e-02	1.157814e-02	2.720717e-03
318           	3.194989e-01	1.539662e-01	1.655327e-01	5.110286e-02	4.125430e-02	9.848569e-03	1.570286e-02	-5.783221e-03	4.485112e-03	1.393658e-02	1.145340e-02	2.483177e-03
319           	3.198132e-01	1.541360e-01	1.656772e-01	5.152899e-02	4.146432e-02	1.006467e-02	1.569983e-02	-5.770585e-03	4.564342e-03	1.366703e-02	1.139786e-02	2.269174e-03
320           	3.199446e-01	1.540874e-01	1.658571e-01	5.257351e-02	4.179145e-02	1.078207e-02	1.550469e-02	-5.884853e-03	4.620391e-03	1.351459e-02	1.137769e-02	2.136907e-03
321           	3.199280e-01	1.539174e-01	1.660106e-01	5.420081e-02	4.232574e-02	1.187507e-02	1.522534e-02	-6.046599e-03	4.628337e-03	1.348058e-02	1.136863e-02	2.111955e-03
322           	3.196828e-01	1.536029e-01	1.660799e-01	5.613114e-02	4.306132e-02	1.306982e-02	1.499575e-02	-6.238463e-03	4.545815e-03	1.360431e-02	1.134797e-02	2.256338e-03
323           	3.193315e-01	1.532522e-01	1.660794e-01	5.808192e-02	4.383148e-02	1.425044e-02	1.479052e-02	-6.413591e-03	4.406615e-03	1.384944e-02	1.133134e-02	2.518106e-03
324           	3.188319e-01	1.528254e-01	1.660065e-01	6.017814e-02	4.466619e-02	1.551195e-02	1.457712e-02	-6.590534e-03	4.227446e-03	1.413402e-02	1.129446e-02	2.839565e-03
325           	3.183509e-01	1.524376e-01	1.659134e-01	6.205704e-02	4.529797e-02	1.675907e-02	1.426945e-02	-6.737904e-03	4.073445e-03	1.435926e-02	1.125307e-02	3.106185e-03
326           	3.178354e-01	1.520298e-01	1.658056e-01	6.328780e-02	4.544427e-02	1.784353e-02	1.380037e-02	-6.887894e-03	3.980349e-03	1.450460e-02	1.123265e-02	3.271953e-03
327           	3.174550e-01	1.517190e-01	1.657359e-01	6.362704e-02	4.498218e-02	1.864486e-02	1.316866e-02	-7.008463e-03	3.988813e-03	1.458732e-02	1.128247e-02	3.304845e-03
328           	3.171516e-01	1.514982e-01	1.656534e-01	6.322693e-02	4.405305e-02	1.917388e-02	1.243958e-02	-7.077635e-03	4.069383e-03	1.458980e-02	1.136429e-02	3.225518e-03
329           	3.170413e-01	1.514942e-01	1.655471e-01	6.218775e-02	4.281949e-02	1.936826e-02	1.172561e-02	-7.026425e-03	4.213742e-03	1.451377e-02	1.147063e-02	3.043143e-03
330           	3.170173e-01	1.516323e-01	1.653850e-01	6.077549e-02	4.157304e-02	1.920246e-02	1.118529e-02	-6.876314e-03	4.388947e-03	1.437604e-02	1.157697e-02	2.799073e-03
331           	3.171779e-01	1.519393e-01	1.652387e-01	5.894755e-02	4.036951e-02	1.857805e-02	1.089573e-02	-6.649697e-03	4.598529e-03	1.422430e-02	1.171068e-02	2.513619e-03
332           	3.173891e-01	1.522730e-01	1.651161e-01	5.678147e-02	3.927973e-02	1.750174e-02	1.088900e-02	-6.421534e-03	4.820892e-03	1.410547e-02	1.187363e-02	2.231845e-03
333           	3.177299e-01	1.526571e-01	1.650728e-01	5.448181e-02	3.841864e-02	1.606317e-02	1.117774e-02	-6.207866e-03	5.070031e-03	1.402483e-02	1.208245e-02	1.942385e-03
334           	3.180454e-01	1.529629e-01	1.650825e-01	5.244059e-02	3.800198e-02	1.443861e-02	1.178168e-02	-6.059828e-03	5.312206e-03	1.394398e-02	1.228420e-02	1.659786e-03
335           	3.184347e-01	1.532397e-01	1.651950e-01	5.080154e-02	3.807135e-02	1.273020e-02	1.267057e-02	-5.977667e-03	5.552835e-03	1.382491e-02	1.246529e-02	1.359622e-03
336           	3.187969e-01	1.534000e-01	1.653969e-01	4.968533e-02	3.865588e-02	1.102945e-02	1.381322e-02	-5.998463e-03	5.750309e-03	1.364459e-02	1.257260e-02	1.071984e-03
337           	3.192687e-01	1.535511e-01	1.657175e-01	4.936356e-02	3.984670e-02	9.516857e-03	1.516492e-02	-6.083199e-03	5.892201e-03	1.341389e-02	1.259914e-02	8.147419e-04
338           	3.196836e-01	1.536308e-01	1.660529e-01	5.023802e-02	4.166112e-02	8.576898e-03	1.654211e-02	-6.211050e-03	5.921085e-03	1.319379e-02	1.251798e-02	6.758101e-04
339           	3.200833e-01	1.537474e-01	1.663359e-01	5.237960e-02	4.389865e-02	8.480947e-03	1.770885e-02	-6.294229e-03	5.847392e-03	1.307735e-02	1.238607e-02	6.912823e-04
340           	3.202947e-01	1.538150e-01	1.664797e-01	5.572417e-02	4.636722e-02	9.356954e-03	1.850513e-02	-6.332338e-03	5.697627e-03	1.314663e-02	1.227094e-02	8.756861e-04
341           	3.204378e-01	1.539043e-01	1.665335e-01	5.983443e-02	4.879305e-02	1.104138e-02	1.887584e-02	-6.314598e-03	5.560966e-03	1.343979e-02	1.228086e-02	1.158929e-03
342           	3.204070e-01	1.538966e-01	1.665104e-01	6.406436e-02	5.076612e-02	1.329824e-02	1.873394e-02	-6.306878e-03	5.475057e-03	1.390938e-02	1.242975e-02	1.479635e-03
343           	3.203642e-01	1.538829e-01	1.664813e-01	6.780527e-02	5.198257e-02	1.582270e-02	1.807994e-02	-6.299171e-03	5.489753e-03	1.450224e-02	1.274087e-02	1.761368e-03
344           	3.202585e-01	1.538148e-01	1.664437e-01	7.085733e-02	5.238143e-02	1.847590e-02	1.695276e-02	-6.314447e-03	5.595413e-03	1.519904e-02	1.319493e-02	2.004104e-03
345           	3.202032e-01	1.537905e-01	1.664126e-01	7.308611e-02	5.206852e-02	2.101759e-02	1.552547e-02	-6.311054e-03	5.813554e-03	1.599870e-02	1.381290e-02	2.185796e-03
346           	3.200999e-01	1.537334e-01	1.663664e-01	7.452533e-02	5.129582e-02	2.322952e-02	1.403315e-02	-6.316490e-03	6.115080e-03	1.686804e-02	1.454910e-02	2.318939e-03
347           	3.200687e-01	1.537082e-01	1.663605e-01	7.506616e-02	5.030546e-02	2.476070e-02	1.277238e-02	-6.326178e-03	6.479566e-03	1.777146e-02	1.536529e-02	2.406162e-03
348           	3.200333e-01	1.536294e-01	1.664038e-01	7.467959e-02	4.930909e-02	2.537050e-02	1.196929e-02	-6.387203e-03	6.845007e-03	1.869254e-02	1.619128e-02	2.501264e-03
349           	3.201058e-01	1.535587e-01	1.665471e-01	7.319754e-02	4.842162e-02	2.477592e-02	1.182285e-02	-6.494200e-03	7.193522e-03	1.961173e-02	1.699939e-02	2.612345e-03
350           	3.202488e-01	1.534357e-01	1.668131e-01	7.061089e-02	4.782202e-02	2.278887e-02	1.251657e-02	-6.688714e-03	7.468918e-03	2.046598e-02	1.770191e-02	2.764070e-03
351           	3.206790e-01	1.533837e-01	1.672954e-01	6.688097e-02	4.760925e-02	1.927172e-02	1.416876e-02	-6.955858e-03	7.633361e-03	2.114118e-02	1.820395e-02	2.937229e-03
352           	3.214330e-01	1.534253e-01	1.680077e-01	6.218378e-02	4.792220e-02	1.426158e-02	1.683031e-02	-7.291219e-03	7.619474e-03	2.148193e-02	1.836044e-02	3.121492e-03
353           	3.225667e-01	1.536370e-01	1.689298e-01	5.719587e-02	4.886874e-02	8.327127e-03	2.027081e-02	-7.646404e-03	7.426586e-03	2.149961e-02	1.817639e-02	3.323219e-03
354           	3.237870e-01	1.538754e-01	1.699116e-01	5.292633e-02	5.050146e-02	2.424876e-03	2.403829e-02	-8.018096e-03	7.077832e-03	2.131932e-02	1.773749e-02	3.581828e-03
355           	3.250545e-01	1.541754e-01	1.708792e-01	4.982066e-02	5.275469e-02	-2.934035e-03	2.784436e-02	-8.351913e-03	6.621069e-03	2.106124e-02	1.715169e-02	3.909553e-03
356           	3.260815e-01	1.544096e-01	1.716719e-01	4.828328e-02	5.547937e-02	-7.196088e-03	3.133773e-02	-8.631139e-03	6.098955e-03	2.082747e-02	1.651269e-02	4.314778e-03
357           	3.267520e-01	1.545655e-01	1.721865e-01	4.834987e-02	5.820724e-02	-9.857365e-03	3.403230e-02	-8.810533e-03	5.591958e-03	2.068211e-02	1.593301e-02	4.749099e-03
358           	3.268575e-01	1.545234e-01	1.723341e-01	4.977449e-02	6.045368e-02	-1.067919e-02	3.556643e-02	-8.905349e-03	5.127351e-03	2.056923e-02	1.541197e-02	5.157266e-03
359           	3.264908e-01	1.543258e-01	1.721649e-01	5.218895e-02	6.185708e-02	-9.668129e-03	3.576260e-02	-8.919544e-03	4.713864e-03	2.044177e-02	1.493475e-02	5.507022e-03
360           	3.254483e-01	1.538337e-01	1.716146e-01	5.573719e-02	6.221766e-02	-6.480469e-03	3.434907e-02	-8.890428e-03	4.340914e-03	2.021521e-02	1.444852e-02	5.766691e-03
361           	3.237680e-01	1.530971e-01	1.706709e-01	6.007835e-02	6.129407e-02	-1.215716e-03	3.125489e-02	-8.786887e-03	4.066634e-03	1.982531e-02	1.397929e-02	5.846022e-03
362           	3.219893e-01	1.523517e-01	1.696376e-01	6.377843e-02	5.958732e-02	4.191114e-03	2.769810e-02	-8.642968e-03	3.871204e-03	1.931699e-02	1.352970e-02	5.787288e-03
363           	3.202825e-01	1.516403e-01	1.686422e-01	6.671403e-02	5.748817e-02	9.225860e-03	2.413115e-02	-8.500907e-03	3.717492e-03	1.881309e-02	1.312403e-02	5.689051e-03
364           	3.186035e-01	1.509250e-01	1.676784e-01	6.883696e-02	5.526802e-02	1.356894e-02	2.084954e-02	-8.376699e-03	3.647597e-03	1.835290e-02	1.282405e-02	5.528853e-03
365           	3.171600e-01	1.503318e-01	1.668282e-01	7.004944e-02	5.319685e-02	1.685259e-02	1.817213e-02	-8.248217e-03	3.686066e-03	1.799349e-02	1.268281e-02	5.310681e-03
366           	3.159211e-01	1.498304e-01	1.660907e-01	7.024238e-02	5.144159e-02	1.880079e-02	1.632040e-02	-8.130163e-03	3.820338e-03	1.771299e-02	1.267683e-02	5.036158e-03
367           	3.150437e-01	1.495012e-01	1.655425e-01	6.928013e-02	4.999429e-02	1.928584e-02	1.535423e-02	-8.020646e-03	4.009510e-03	1.746665e-02	1.274283e-02	4.723815e-03
368           	3.143968e-01	1.492577e-01	1.651391e-01	6.731140e-02	4.891137e-02	1.840003e-02	1.525567e-02	-7.940681e-03	4.196517e-03	1.714922e-02	1.277113e-02	4.378093e-03
369           	3.141462e-01	1.492070e-01	1.649392e-01	6.455416e-02	4.831929e-02	1.623486e-02	1.604222e-02	-7.866126e-03	4.333455e-03	1.672328e-02	1.269510e-02	4.028187e-03
370           	3.142798e-01	1.493434e-01	1.649364e-01	6.136780e-02	4.850092e-02	1.286688e-02	1.781702e-02	-7.796522e-03	4.396013e-03	1.613195e-02	1.246199e-02	3.669964e-03
371           	3.150174e-01	1.497988e-01	1.652186e-01	5.792798e-02	4.948331e-02	8.444670e-03	2.051932e-02	-7.709887e-03	4.378655e-03	1.540282e-02	1.208007e-02	3.322757e-03
372           	3.158168e-01	1.502714e-01	1.655454e-01	5.537969e-02	5.084978e-02	4.529906e-03	2.315994e-02	-7.636991e-03	4.311362e-03	1.466324e-02	1.164298e-02	3.020257e-03
373           	3.166267e-01	1.507682e-01	1.658585e-01	5.407403e-02	5.243402e-02	1.640011e-03	2.539700e-02	-7.545181e-03	4.254981e-03	1.405204e-02	1.128100e-02	2.771037e-03
374           	3.172908e-01	1.511781e-01	1.661128e-01	5.402288e-02	5.412712e-02	-1.042334e-04	2.711567e-02	-7.467346e-03	4.215852e-03	1.362323e-02	1.102746e-02	2.595762e-03
375           	3.179366e-01	1.515625e-01	1.663741e-01	5.488346e-02	5.564045e-02	-7.569838e-04	2.819872e-02	-7.405787e-03	4.222241e-03	1.340443e-02	1.092446e-02	2.479976e-03
376           	3.184405e-01	1.518079e-01	1.666326e-01	5.589748e-02	5.647880e-02	-5.813166e-04	2.853006e-02	-7.412375e-03	4.277915e-03	1.332040e-02	1.093811e-02	2.382285e-03
377           	3.188867e-01	1.519651e-01	1.669216e-01	5.647673e-02	5.635252e-02	1.242154e-04	2.811415e-02	-7.478248e-03	4.421374e-03	1.339451e-02	1.111863e-02	2.275881e-03
378           	3.190406e-01	1.519365e-01	1.671042e-01	5.680573e-02	5.539054e-02	1.415185e-03	2.698768e-02	-7.583833e-03	4.664815e-03	1.366165e-02	1.149564e-02	2.166010e-03
379           	3.188893e-01	1.517785e-01	1.671108e-01	5.726852e-02	5.389016e-02	3.378361e-03	2.525590e-02	-7.666114e-03	5.027747e-03	1.416210e-02	1.210880e-02	2.053304e-03
380           	3.184012e-01	1.514690e-01	1.669322e-01	5.803311e-02	5.223667e-02	5.796441e-03	2.322011e-02	-7.731637e-03	5.450013e-03	1.483074e-02	1.286538e-02	1.965355e-03
381           	3.179069e-01	1.512048e-01	1.667020e-01	5.874892e-02	5.062146e-02	8.127460e-03	2.124700e-02	-7.748602e-03	5.836443e-03	1.547260e-02	1.357274e-02	1.899858e-03
382           	3.172814e-01	1.509295e-01	1.663519e-01	5.940185e-02	4.904164e-02	1.036021e-02	1.934071e-02	-7.711205e-03	6.156802e-03	1.595467e-02	1.413414e-02	1.820532e-03
383           	3.166253e-01	1.507048e-01	1.659205e-01	5.987743e-02	4.760243e-02	1.227499e-02	1.766372e-02	-7.607849e-03	6.452084e-03	1.628496e-02	1.459457e-02	1.690397e-03
384           	3.158541e-01	1.504259e-01	1.654283e-01	6.011100e-02	4.645994e-02	1.365106e-02	1.640444e-02	-7.501206e-03	6.721153e-03	1.648251e-02	1.496241e-02	1.520102e-03
385           	3.150742e-01	1.501278e-01	1.649464e-01	5.991034e-02	4.568809e-02	1.422225e-02	1.573292e-02	-7.409336e-03	6.962335e-03	1.653572e-02	1.523020e-02	1.305526e-03
386           	3.142536e-01	1.497751e-01	1.644785e-01	5.929487e-02	4.551507e-02	1.377980e-02	1.586764e-02	-7.351671e-03	7.122379e-03	1.640724e-02	1.532600e-02	1.081240e-03
387           	3.136268e-01	1.495138e-01	1.641130e-01	5.808821e-02	4.608762e-02	1.200059e-02	1.704352e-02	-7.299625e-03	7.165568e-03	1.608348e-02	1.520731e-02	8.761715e-04
388           	3.133480e-01	1.494057e-01	1.639423e-01	5.620905e-02	4.760355e-02	8.605497e-03	1.949903e-02	-7.268331e-03	7.068639e-03	1.556289e-02	1.485008e-02	7.128064e-04
389           	3.136986e-01	1.495772e-01	1.641214e-01	5.374053e-02	5.005873e-02	3.681799e-03	2.318847e-02	-7.272116e-03	6.857312e-03	1.498234e-02	1.434848e-02	6.338588e-04
390           	3.135740e-01	1.495061e-01	1.640679e-01	5.368819e-02	5.220166e-02	1.486531e-03	2.535756e-02	-7.280887e-03	6.758336e-03	1.456850e-02	1.404259e-02	5.259148e-04
391           	3.138403e-01	1.495881e-01	1.642522e-01	5.334163e-02	5.501622e-02	-1.674589e-03	2.834541e-02	-7.332077e-03	6.557370e-03	1.419930e-02	1.365702e-02	5.422814e-04
392           	3.141364e-01	1.496164e-01	1.645201e-01	5.323587e-02	5.725927e-02	-4.023403e-03	3.064134e-02	-7.451870e-03	6.411940e-03	1.408313e-02	1.345351e-02	6.296267e-04
393           	3.145206e-01	1.496771e-01	1.648435e-01	5.347525e-02	5.888534e-02	-5.410091e-03	3.214772e-02	-7.583225e-03	6.330658e-03	1.424527e-02	1.345329e-02	7.919792e-04
394           	3.148574e-01	1.497205e-01	1.651369e-01	5.406509e-02	5.991134e-02	-5.846252e-03	3.287880e-02	-7.708170e-03	6.283635e-03	1.467182e-02	1.361955e-02	1.052275e-03
395           	3.151849e-01	1.498014e-01	1.653835e-01	5.512371e-02	6.031462e-02	-5.190904e-03	3.275276e-02	-7.791037e-03	6.269739e-03	1.533388e-02	1.393668e-02	1.397199e-03
396           	3.152435e-01	1.497749e-01	1.654685e-01	5.710828e-02	6.018327e-02	-3.074994e-03	3.162913e-02	-7.846818e-03	6.322488e-03	1.613629e-02	1.439063e-02	1.745658e-03
397           	3.151012e-01	1.496793e-01	1.654219e-01	5.952864e-02	5.948973e-02	3.890191e-05	2.972542e-02	-7.871339e-03	6.475948e-03	1.695631e-02	1.495410e-02	2.002207e-03
398           	3.148553e-01	1.495552e-01	1.653001e-01	6.146108e-02	5.841395e-02	3.047137e-03	2.768340e-02	-7.872439e-03	6.642345e-03	1.768943e-02	1.548706e-02	2.202368e-03
399           	3.146561e-01	1.494663e-01	1.651898e-01	6.256474e-02	5.714389e-02	5.420849e-03	2.586152e-02	-7.861729e-03	6.777117e-03	1.836315e-02	1.595869e-02	2.404459e-03
400           	3.143486e-01	1.493122e-01	1.650365e-01	6.292634e-02	5.591944e-02	7.006899e-03	2.445627e-02	-7.862131e-03	6.889020e-03	1.898900e-02	1.638352e-02	2.605480e-03
401           	3.140080e-01	1.491370e-01	1.648710e-01	6.261236e-02	5.491867e-02	7.693685e-03	2.361249e-02	-7.867042e-03	7.005919e-03	1.955554e-02	1.678369e-02	2.771849e-03
402           	3.135471e-01	1.488983e-01	1.646488e-01	6.190745e-02	5.432699e-02	7.580451e-03	2.337327e-02	-7.875254e-03	7.149848e-03	2.000081e-02	1.715025e-02	2.850558e-03
403           	3.131246e-01	1.487110e-01	1.644137e-01	6.094882e-02	5.419751e-02	6.751310e-03	2.372310e-02	-7.851343e-03	7.322393e-03	2.028127e-02	1.746303e-02	2.818240e-03
404           	3.127305e-01	1.485690e-01	1.641615e-01	5.986611e-02	5.450466e-02	5.361459e-03	2.457160e-02	-7.796253e-03	7.515899e-03	2.033974e-02	1.768577e-02	2.653970e-03
405           	3.125598e-01	1.485982e-01	1.639616e-01	5.863438e-02	5.514596e-02	3.488413e-03	2.582877e-02	-7.681721e-03	7.709836e-03	2.015728e-02	1.778848e-02	2.368803e-03
406           	3.125773e-01	1.487561e-01	1.638213e-01	5.733554e-02	5.597695e-02	1.358593e-03	2.730918e-02	-7.532621e-03	7.882262e-03	1.976593e-02	1.776523e-02	2.000704e-03
407           	3.127643e-01	1.490053e-01	1.637591e-01	5.642162e-02	5.680590e-02	-3.842812e-04	2.859509e-02	-7.376894e-03	8.030726e-03	1.936972e-02	1.771559e-02	1.654136e-03
408           	3.128866e-01	1.491586e-01	1.637279e-01	5.629019e-02	5.747145e-02	-1.181262e-03	2.932636e-02	-7.284640e-03	8.141807e-03	1.906992e-02	1.767677e-02	1.393154e-03
409           	3.130510e-01	1.492794e-01	1.637716e-01	5.679640e-02	5.796672e-02	-1.170320e-03	2.956852e-02	-7.246090e-03	8.169080e-03	1.884492e-02	1.759154e-02	1.253382e-03
410           	3.131477e-01	1.492970e-01	1.638508e-01	5.776489e-02	5.822549e-02	-4.605936e-04	2.934304e-02	-7.276896e-03	8.050300e-03	1.860866e-02	1.735463e-02	1.254030e-03
411           	3.132662e-01	1.492887e-01	1.639775e-01	5.897418e-02	5.820315e-02	7.710296e-04	2.871606e-02	-7.344418e-03	7.745226e-03	1.830016e-02	1.689531e-02	1.404855e-03
412           	3.132466e-01	1.491564e-01	1.640902e-01	6.047059e-02	5.791537e-02	2.555219e-03	2.768008e-02	-7.466912e-03	7.262880e-03	1.790014e-02	1.621295e-02	1.687190e-03
413           	3.131118e-01	1.489421e-01	1.641696e-01	6.254182e-02	5.753968e-02	5.002147e-03	2.626876e-02	-7.613742e-03	6.706651e-03	1.748979e-02	1.545155e-02	2.038246e-03
414           	3.128925e-01	1.486744e-01	1.642181e-01	6.480952e-02	5.724051e-02	7.569018e-03	2.483574e-02	-7.771805e-03	6.175167e-03	1.706582e-02	1.470808e-02	2.357743e-03
415           	3.127651e-01	1.484844e-01	1.642807e-01	6.667994e-02	5.696742e-02	9.712519e-03	2.362745e-02	-7.898166e-03	5.709800e-03	1.668275e-02	1.405117e-02	2.631573e-03
416           	3.125726e-01	1.482656e-01	1.643070e-01	6.802220e-02	5.659864e-02	1.142356e-02	2.258754e-02	-8.020735e-03	5.345682e-03	1.639459e-02	1.354297e-02	2.851611e-03
417           	3.123528e-01	1.480968e-01	1.642560e-01	6.904096e-02	5.634761e-02	1.269335e-02	2.182713e-02	-8.079622e-03	5.117469e-03	1.629632e-02	1.326563e-02	3.030690e-03
418           	3.119997e-01	1.479208e-01	1.640790e-01	6.979077e-02	5.625021e-02	1.354056e-02	2.135482e-02	-8.079103e-03	5.031403e-03	1.636603e-02	1.321442e-02	3.151614e-03
419           	3.116445e-01	1.478167e-01	1.638278e-01	7.009063e-02	5.626437e-02	1.382625e-02	2.121906e-02	-8.005564e-03	5.063816e-03	1.655182e-02	1.333973e-02	3.212093e-03
420           	3.112525e-01	1.477306e-01	1.635219e-01	6.980433e-02	5.638038e-02	1.342396e-02	2.147821e-02	-7.895614e-03	5.170350e-03	1.673471e-02	1.353770e-02	3.197004e-03
421           	3.109389e-01	1.477066e-01	1.632323e-01	6.850278e-02	5.639562e-02	1.210716e-02	2.214423e-02	-7.762830e-03	5.293484e-03	1.681960e-02	1.370329e-02	3.116318e-03
422           	3.106765e-01	1.476951e-01	1.629813e-01	6.606861e-02	5.624852e-02	9.820088e-03	2.321422e-02	-7.643095e-03	5.399505e-03	1.666156e-02	1.373029e-02	2.931277e-03
423           	3.106998e-01	1.478123e-01	1.628876e-01	6.236116e-02	5.591270e-02	6.448458e-03	2.473212e-02	-7.537639e-03	5.455781e-03	1.618297e-02	1.354727e-02	2.635703e-03
424           	3.103603e-01	1.477146e-01	1.626457e-01	6.106062e-02	5.619706e-02	4.863569e-03	2.566674e-02	-7.465539e-03	5.597337e-03	1.567540e-02	1.343504e-02	2.240362e-03
425           	3.104387e-01	1.478623e-01	1.625764e-01	5.916096e-02	5.658431e-02	2.576656e-03	2.700382e-02	-7.357067e-03	5.685315e-03	1.483538e-02	1.310301e-02	1.732378e-03
426           	3.103872e-01	1.479201e-01	1.624670e-01	5.930567e-02	5.720297e-02	2.102700e-03	2.755013e-02	-7.273434e-03	5.825306e-03	1.426810e-02	1.295936e-02	1.308745e-03
427           	3.106848e-01	1.481597e-01	1.625251e-01	5.954302e-02	5.770179e-02	1.841227e-03	2.793028e-02	-7.182720e-03	5.956682e-03	1.363292e-02	1.277314e-02	8.597774e-04
428           	3.112364e-01	1.484802e-01	1.627561e-01	5.966484e-02	5.774114e-02	1.923700e-03	2.790872e-02	-7.137946e-03	6.060327e-03	1.314342e-02	1.263204e-02	5.113834e-04
429           	3.120440e-01	1.488685e-01	1.631755e-01	5.950264e-02	5.724720e-02	2.255441e-03	2.749588e-02	-7.153473e-03	6.107144e-03	1.287630e-02	1.254530e-02	3.310086e-04
430           	3.128921e-01	1.492011e-01	1.636911e-01	5.911622e-02	5.630895e-02	2.807274e-03	2.675084e-02	-7.245004e-03	6.089325e-03	1.280075e-02	1.248970e-02	3.110489e-04
431           	3.137410e-01	1.494849e-01	1.642561e-01	5.868612e-02	5.512811e-02	3.558009e-03	2.578505e-02	-7.385619e-03	6.004402e-03	1.286799e-02	1.243839e-02	4.295905e-04
432           	3.143592e-01	1.496278e-01	1.647314e-01	5.849553e-02	5.406946e-02	4.426074e-03	2.482169e-02	-7.551784e-03	5.873459e-03	1.294154e-02	1.234423e-02	5.973121e-04
433           	3.147611e-01	1.496933e-01	1.650677e-01	5.852389e-02	5.341500e-02	5.108886e-03	2.415306e-02	-7.687198e-03	5.707443e-03	1.298226e-02	1.219857e-02	7.836897e-04
434           	3.148525e-01	1.496512e-01	1.652013e-01	5.882373e-02	5.331894e-02	5.504797e-03	2.390707e-02	-7.775045e-03	5.539140e-03	1.301200e-02	1.204514e-02	9.668610e-04
435           	3.147329e-01	1.495769e-01	1.651560e-01	5.951275e-02	5.386085e-02	5.651898e-03	2.410448e-02	-7.789558e-03	5.404768e-03	1.314493e-02	1.197723e-02	1.167696e-03
436           	3.143309e-01	1.494229e-01	1.649080e-01	6.101128e-02	5.512989e-02	5.881382e-03	2.462426e-02	-7.742512e-03	5.378185e-03	1.342236e-02	1.208937e-02	1.332997e-03
437           	3.137716e-01	1.492513e-01	1.645202e-01	6.323824e-02	5.687714e-02	6.361097e-03	2.525802e-02	-7.634439e-03	5.498565e-03	1.384967e-02	1.242340e-02	1.426267e-03
438           	3.130490e-01	1.490048e-01	1.640442e-01	6.543464e-02	5.844792e-02	6.986719e-03	2.573060e-02	-7.519693e-03	5.766761e-03	1.430371e-02	1.291862e-02	1.385094e-03
439           	3.123746e-01	1.487778e-01	1.635968e-01	6.693506e-02	5.935090e-02	7.584165e-03	2.588337e-02	-7.409463e-03	6.165650e-03	1.474188e-02	1.353659e-02	1.205290e-03
440           	3.117428e-01	1.485664e-01	1.631764e-01	6.760910e-02	5.949166e-02	8.117434e-03	2.568712e-02	-7.305023e-03	6.670380e-03	1.505003e-02	1.419540e-02	8.546368e-04
441           	3.112888e-01	1.484654e-01	1.628234e-01	6.739556e-02	5.891181e-02	8.483751e-03	2.521403e-02	-7.178997e-03	7.213887e-03	1.516576e-02	1.479677e-02	3.689947e-04
442           	3.109529e-01	1.484060e-01	1.625469e-01	6.659820e-02	5.789562e-02	8.702588e-03	2.459651e-02	-7.070467e-03	7.705362e-03	1.504512e-02	1.522792e-02	-1.828041e-04
443           	3.108336e-01	1.484133e-01	1.624203e-01	6.550292e-02	5.673633e-02	8.766585e-03	2.398487e-02	-7.003505e-03	8.042361e-03	1.474188e-02	1.541330e-02	-6.714215e-04
444           	3.108075e-01	1.483787e-01	1.624288e-01	6.434537e-02	5.557096e-02	8.774416e-03	2.339827e-02	-7.025041e-03	8.171568e-03	1.429326e-02	1.531820e-02	-1.024938e-03
445           	3.109447e-01	1.483526e-01	1.625921e-01	6.320740e-02	5.449037e-02	8.717028e-03	2.288667e-02	-7.119789e-03	8.090462e-03	1.377637e-02	1.497865e-02	-1.202277e-03
446           	3.111168e-01	1.482733e-01	1.628435e-01	6.205180e-02	5.353528e-02	8.516516e-03	2.250938e-02	-7.285117e-03	7.830474e-03	1.321120e-02	1.443608e-02	-1.224872e-03
447           	3.114120e-01	1.482349e-01	1.631771e-01	6.091087e-02	5.286394e-02	8.046932e-03	2.240851e-02	-7.471118e-03	7.449806e-03	1.264127e-02	1.377044e-02	-1.129170e-03
448           	3.117201e-01	1.482118e-01	1.635084e-01	6.014098e-02	5.280393e-02	7.337057e-03	2.273343e-02	-7.648308e-03	6.994915e-03	1.206001e-02	1.302492e-02	-9.649089e-04
449           	3.121579e-01	1.483209e-01	1.638371e-01	5.998580e-02	5.363256e-02	6.353243e-03	2.363966e-02	-7.758098e-03	6.510657e-03	1.150459e-02	1.226295e-02	-7.583610e-04
450           	3.126245e-01	1.485131e-01	1.641114e-01	6.053855e-02	5.542199e-02	5.116565e-03	2.515271e-02	-7.799163e-03	6.027794e-03	1.099925e-02	1.152742e-02	-5.281709e-04
451           	3.131877e-01	1.488419e-01	1.643458e-01	6.156745e-02	5.782949e-02	3.737968e-03	2.704576e-02	-7.751958e-03	5.567516e-03	1.059574e-02	1.086539e-02	-2.696459e-04
452           	3.136681e-01	1.491872e-01	1.644809e-01	6.291278e-02	6.037040e-02	2.542380e-03	2.891401e-02	-7.646805e-03	5.141383e-03	1.027528e-02	1.027902e-02	-3.740635e-06
453           	3.140726e-01	1.495411e-01	1.645315e-01	6.428593e-02	6.244664e-02	1.839290e-03	3.030368e-02	-7.495210e-03	4.775659e-03	1.000086e-02	9.776089e-03	2.247712e-04
454           	3.142142e-01	1.497699e-01	1.644443e-01	6.571966e-02	6.372652e-02	1.993136e-03	3.086669e-02	-7.337213e-03	4.502296e-03	9.761579e-03	9.383085e-03	3.784933e-04
455           	3.141833e-01	1.499366e-01	1.642467e-01	6.717347e-02	6.410754e-02	3.065929e-03	3.052081e-02	-7.155039e-03	4.359465e-03	9.605020e-03	9.161975e-03	4.430452e-04
456           	3.138972e-01	1.500025e-01	1.638948e-01	6.865011e-02	6.368856e-02	4.961549e-03	2.936351e-02	-6.946147e-03	4.354909e-03	9.540310e-03	9.125064e-03	4.152453e-04
457           	3.135266e-01	1.500761e-01	1.634505e-01	7.009025e-02	6.275917e-02	7.331080e-03	2.771404e-02	-6.687223e-03	4.461189e-03	9.539303e-03	9.230841e-03	3.084622e-04
458           	3.130532e-01	1.501084e-01	1.629448e-01	7.142675e-02	6.163039e-02	9.796362e-03	2.591701e-02	-6.418218e-03	4.631225e-03	9.524860e-03	9.393655e-03	1.312054e-04
459           	3.126724e-01	1.501868e-01	1.624856e-01	7.256681e-02	6.060163e-02	1.196518e-02	2.431823e-02	-6.149408e-03	4.823010e-03	9.476754e-03	9.561387e-03	-8.463295e-05
460           	3.123585e-01	1.502770e-01	1.620815e-01	7.364604e-02	5.993925e-02	1.370679e-02	2.311623e-02	-5.902218e-03	4.993225e-03	9.418255e-03	9.702353e-03	-2.840980e-04
461           	3.123023e-01	1.504669e-01	1.618353e-01	7.477960e-02	5.989154e-02	1.488806e-02	2.250174e-02	-5.684215e-03	5.128266e-03	9.434978e-03	9.845755e-03	-4.107764e-04
462           	3.124426e-01	1.506766e-01	1.617661e-01	7.600899e-02	6.050060e-02	1.550839e-02	2.249611e-02	-5.544733e-03	5.231981e-03	9.558617e-03	1.001129e-02	-4.526724e-04
463           	3.128523e-01	1.509316e-01	1.619207e-01	7.711675e-02	6.154901e-02	1.556774e-02	2.299064e-02	-5.494546e-03	5.301497e-03	9.815599e-03	1.020930e-02	-3.936977e-04
464           	3.133223e-01	1.511023e-01	1.622199e-01	7.801127e-02	6.289266e-02	1.511861e-02	2.388703e-02	-5.558802e-03	5.316787e-03	1.022584e-02	1.042971e-02	-2.038684e-04
465           	3.138806e-01	1.512273e-01	1.626533e-01	7.867726e-02	6.448608e-02	1.419118e-02	2.514745e-02	-5.712997e-03	5.275985e-03	1.082849e-02	1.069023e-02	1.382596e-04
466           	3.143401e-01	1.512101e-01	1.631300e-01	7.934847e-02	6.630772e-02	1.304075e-02	2.663349e-02	-5.959932e-03	5.201195e-03	1.162233e-02	1.101236e-02	6.099718e-04
467           	3.147310e-01	1.511297e-01	1.636013e-01	8.030478e-02	6.827263e-02	1.203214e-02	2.812025e-02	-6.235780e-03	5.167002e-03	1.259420e-02	1.146410e-02	1.130097e-03
468           	3.148246e-01	1.509069e-01	1.639177e-01	8.156268e-02	7.000374e-02	1.155894e-02	2.922240e-02	-6.505425e-03	5.230566e-03	1.367308e-02	1.206711e-02	1.605974e-03
469           	3.146672e-01	1.506017e-01	1.640655e-01	8.283924e-02	7.115160e-02	1.168764e-02	2.973198e-02	-6.731923e-03	5.407125e-03	1.478924e-02	1.280175e-02	1.987496e-03
470           	3.141114e-01	1.500988e-01	1.640127e-01	8.378114e-02	7.144562e-02	1.233552e-02	2.955505e-02	-6.956948e-03	5.655685e-03	1.584447e-02	1.357792e-02	2.266551e-03
471           	3.133047e-01	1.495062e-01	1.637985e-01	8.439748e-02	7.098668e-02	1.341081e-02	2.878794e-02	-7.146139e-03	5.950084e-03	1.677845e-02	1.433931e-02	2.439141e-03
472           	3.121593e-01	1.487928e-01	1.633665e-01	8.497074e-02	7.005218e-02	1.491856e-02	2.756681e-02	-7.286825e-03	6.245517e-03	1.757446e-02	1.503275e-02	2.541714e-03
473           	3.108996e-01	1.481118e-01	1.627878e-01	8.559771e-02	6.898563e-02	1.661208e-02	2.618677e-02	-7.337961e-03	6.511483e-03	1.824116e-02	1.563207e-02	2.609099e-03
474           	3.095616e-01	1.474557e-01	1.621059e-01	8.598994e-02	6.784055e-02	1.814940e-02	2.484558e-02	-7.325077e-03	6.700036e-03	1.874721e-02	1.607364e-02	2.673571e-03
475           	3.083826e-01	1.469535e-01	1.614291e-01	8.584543e-02	6.659326e-02	1.925217e-02	2.367054e-02	-7.237784e-03	6.780870e-03	1.907029e-02	1.631602e-02	2.754275e-03
476           	3.072902e-01	1.465207e-01	1.607695e-01	8.527240e-02	6.527985e-02	1.999255e-02	2.264365e-02	-7.124365e-03	6.756435e-03	1.918787e-02	1.635037e-02	2.837500e-03
477           	3.064130e-01	1.462063e-01	1.602066e-01	8.463482e-02	6.414261e-02	2.049221e-02	2.182520e-02	-7.000142e-03	6.662229e-03	1.914219e-02	1.623332e-02	2.908866e-03
478           	3.056720e-01	1.458914e-01	1.597806e-01	8.415737e-02	6.325960e-02	2.089778e-02	2.118091e-02	-6.944564e-03	6.535322e-03	1.897820e-02	1.602442e-02	2.953777e-03
479           	3.052296e-01	1.456636e-01	1.595659e-01	8.364231e-02	6.259405e-02	2.104826e-02	2.077289e-02	-6.951128e-03	6.411797e-03	1.878247e-02	1.580303e-02	2.979436e-03
480           	3.049671e-01	1.454319e-01	1.595352e-01	8.297329e-02	6.214856e-02	2.082472e-02	2.066192e-02	-7.051607e-03	6.293753e-03	1.861461e-02	1.560106e-02	3.013554e-03
481           	3.049393e-01	1.452368e-01	1.597025e-01	8.203978e-02	6.192834e-02	2.011145e-02	2.090844e-02	-7.232885e-03	6.163767e-03	1.852388e-02	1.542570e-02	3.098171e-03
482           	3.049879e-01	1.449787e-01	1.600092e-01	8.110292e-02	6.202933e-02	1.907359e-02	2.147787e-02	-7.515239e-03	5.989856e-03	1.849574e-02	1.523773e-02	3.258014e-03
483           	3.052348e-01	1.447908e-01	1.604439e-01	8.066737e-02	6.269527e-02	1.797210e-02	2.236159e-02	-7.826563e-03	5.780016e-03	1.852880e-02	1.504441e-02	3.484382e-03
484           	3.055636e-01	1.446400e-01	1.609236e-01	8.086411e-02	6.378773e-02	1.707638e-02	2.335567e-02	-8.141778e-03	5.546931e-03	1.860749e-02	1.485068e-02	3.756813e-03
485           	3.060906e-01	1.446379e-01	1.614527e-01	8.132482e-02	6.489964e-02	1.642518e-02	2.423723e-02	-8.407377e-03	5.339031e-03	1.873658e-02	1.470732e-02	4.029259e-03
486           	3.066386e-01	1.446537e-01	1.619849e-01	8.168123e-02	6.563006e-02	1.605118e-02	2.478944e-02	-8.665624e-03	5.176010e-03	1.891686e-02	1.463444e-02	4.282420e-03
487           	3.072643e-01	1.447187e-01	1.625456e-01	8.163496e-02	6.573788e-02	1.589708e-02	2.492040e-02	-8.913457e-03	5.080852e-03	1.916062e-02	1.466116e-02	4.499459e-03
488           	3.078014e-01	1.447354e-01	1.630661e-01	8.135910e-02	6.533369e-02	1.602541e-02	2.465414e-02	-9.165333e-03	5.038459e-03	1.942464e-02	1.475078e-02	4.673860e-03
489           	3.083154e-01	1.448033e-01	1.635121e-01	8.098158e-02	6.457733e-02	1.640424e-02	2.408655e-02	-9.354373e-03	5.054584e-03	1.969159e-02	1.490038e-02	4.791209e-03
490           	3.086865e-01	1.448600e-01	1.638264e-01	8.042385e-02	6.346248e-02	1.696136e-02	2.325056e-02	-9.483187e-03	5.121401e-03	1.992909e-02	1.508594e-02	4.843141e-03
491           	3.090239e-01	1.449922e-01	1.640317e-01	7.933802e-02	6.187805e-02	1.745997e-02	2.220904e-02	-9.519733e-03	5.250560e-03	2.017267e-02	1.533690e-02	4.835777e-03
492           	3.092232e-01	1.450796e-01	1.641436e-01	7.767959e-02	5.989136e-02	1.778823e-02	2.105157e-02	-9.531983e-03	5.419331e-03	2.046772e-02	1.565319e-02	4.814529e-03
493           	3.093992e-01	1.451575e-01	1.642416e-01	7.564299e-02	5.785630e-02	1.778669e-02	2.003481e-02	-9.542051e-03	5.629258e-03	2.084645e-02	1.605249e-02	4.793969e-03
494           	3.094883e-01	1.451365e-01	1.643518e-01	7.357374e-02	5.620590e-02	1.736784e-02	1.941903e-02	-9.607667e-03	5.867549e-03	2.125676e-02	1.649593e-02	4.760833e-03
495           	3.096872e-01	1.451437e-01	1.645436e-01	7.152553e-02	5.524087e-02	1.628466e-02	1.947811e-02	-9.699940e-03	6.136943e-03	2.161649e-02	1.694519e-02	4.671304e-03
496           	3.099006e-01	1.451187e-01	1.647819e-01	6.977468e-02	5.514553e-02	1.462915e-02	2.025819e-02	-9.831628e-03	6.398092e-03	2.188870e-02	1.734244e-02	4.546257e-03
497           	3.102152e-01	1.451402e-01	1.650750e-01	6.848686e-02	5.577477e-02	1.271210e-02	2.153134e-02	-9.967387e-03	6.634256e-03	2.212203e-02	1.769527e-02	4.426760e-03
498           	3.104845e-01	1.451130e-01	1.653715e-01	6.786487e-02	5.694576e-02	1.091911e-02	2.301333e-02	-1.012926e-02	6.815493e-03	2.236369e-02	1.799734e-02	4.366354e-03
499           	3.108009e-01	1.451193e-01	1.656816e-01	6.806350e-02	5.852129e-02	9.542204e-03	2.448954e-02	-1.028112e-02	6.975002e-03	2.265294e-02	1.830147e-02	4.351466e-03
500           	3.110098e-01	1.450723e-01	1.659376e-01	6.923191e-02	6.027439e-02	8.957521e-03	2.565843e-02	-1.043266e-02	7.138731e-03	2.296013e-02	1.861880e-02	4.341333e-03
501           	3.111787e-01	1.450433e-01	1.661355e-01	7.119529e-02	6.181042e-02	9.384871e-03	2.621277e-02	-1.054611e-02	7.360575e-03	2.327500e-02	1.899808e-02	4.276927e-03
502           	3.111484e-01	1.449494e-01	1.661989e-01	7.370798e-02	6.274852e-02	1.095946e-02	2.589453e-02	-1.062474e-02	7.630315e-03	2.360541e-02	1.943302e-02	4.172389e-03
503           	3.110599e-01	1.449094e-01	1.661504e-01	7.626806e-02	6.288212e-02	1.338595e-02	2.474808e-02	-1.062050e-02	7.933909e-03	2.395323e-02	1.991052e-02	4.042704e-03
504           	3.108532e-01	1.448797e-01	1.659735e-01	7.854392e-02	6.236145e-02	1.618247e-02	2.308949e-02	-1.054687e-02	8.221956e-03	2.430210e-02	2.037301e-02	3.929097e-03
505           	3.106730e-01	1.449352e-01	1.657377e-01	8.037022e-02	6.144543e-02	1.892480e-02	2.126032e-02	-1.040123e-02	8.480355e-03	2.465614e-02	2.080842e-02	3.847714e-03
506           	3.103718e-01	1.449585e-01	1.654133e-01	8.168069e-02	6.031824e-02	2.136245e-02	1.947789e-02	-1.022737e-02	8.672158e-03	2.497504e-02	2.115968e-02	3.815364e-03
507           	3.100568e-01	1.450086e-01	1.650482e-01	8.240638e-02	5.916692e-02	2.323946e-02	1.796373e-02	-1.001983e-02	8.797888e-03	2.524377e-02	2.141977e-02	3.823995e-03
508           	3.096193e-01	1.449906e-01	1.646287e-01	8.264206e-02	5.817202e-02	2.447004e-02	1.685099e-02	-9.819027e-03	8.856985e-03	2.542683e-02	2.157040e-02	3.856430e-03
509           	3.091983e-01	1.449758e-01	1.642226e-01	8.231677e-02	5.737925e-02	2.493751e-02	1.622087e-02	-9.623422e-03	8.870603e-03	2.552649e-02	2.163385e-02	3.892641e-03
510           	3.087051e-01	1.448811e-01	1.638240e-01	8.135366e-02	5.672943e-02	2.462423e-02	1.605260e-02	-9.471465e-03	8.849785e-03	2.552983e-02	2.161470e-02	3.915130e-03
511           	3.083212e-01	1.448091e-01	1.635121e-01	7.946568e-02	5.603556e-02	2.343012e-02	1.630272e-02	-9.351456e-03	8.806602e-03	2.540360e-02	2.150840e-02	3.895196e-03
512           	3.080020e-01	1.446979e-01	1.633041e-01	7.649309e-02	5.522150e-02	2.127159e-02	1.697496e-02	-9.303071e-03	8.730640e-03	2.510366e-02	2.128247e-02	3.821192e-03
513           	3.079170e-01	1.446482e-01	1.632688e-01	7.264408e-02	5.438644e-02	1.825764e-02	1.806440e-02	-9.310282e-03	8.633108e-03	2.461956e-02	2.094289e-02	3.676672e-03
514           	3.078626e-01	1.445602e-01	1.633024e-01	6.920060e-02	5.381793e-02	1.538267e-02	1.921763e-02	-9.371130e-03	8.530633e-03	2.400714e-02	2.053420e-02	3.472936e-03
515           	3.079132e-01	1.445315e-01	1.633817e-01	6.659857e-02	5.348948e-02	1.310909e-02	2.019019e-02	-9.425122e-03	8.446300e-03	2.336233e-02	2.012746e-02	3.234863e-03
516           	3.079807e-01	1.445231e-01	1.634577e-01	6.509185e-02	5.340469e-02	1.168716e-02	2.085877e-02	-9.467291e-03	8.378254e-03	2.276357e-02	1.976004e-02	3.003531e-03
517           	3.081982e-01	1.446339e-01	1.635643e-01	6.465077e-02	5.346872e-02	1.118205e-02	2.114333e-02	-9.465160e-03	8.331722e-03	2.229077e-02	1.947711e-02	2.813663e-03
518           	3.084558e-01	1.447815e-01	1.636743e-01	6.524307e-02	5.375352e-02	1.148955e-02	2.113198e-02	-9.446410e-03	8.270995e-03	2.193462e-02	1.923831e-02	2.696315e-03
519           	3.088806e-01	1.450511e-01	1.638295e-01	6.667592e-02	5.429770e-02	1.237822e-02	2.095974e-02	-9.389191e-03	8.182762e-03	2.165790e-02	1.901171e-02	2.646187e-03
520           	3.093007e-01	1.453252e-01	1.639755e-01	6.914517e-02	5.525362e-02	1.389155e-02	2.068104e-02	-9.325138e-03	8.065293e-03	2.144782e-02	1.878920e-02	2.658617e-03
521           	3.097110e-01	1.456040e-01	1.641070e-01	7.265485e-02	5.654001e-02	1.611485e-02	2.021258e-02	-9.251517e-03	7.963131e-03	2.134196e-02	1.863411e-02	2.707851e-03
522           	3.098671e-01	1.457153e-01	1.641518e-01	7.680109e-02	5.778058e-02	1.902052e-02	1.938003e-02	-9.218218e-03	7.879019e-03	2.136500e-02	1.856152e-02	2.803481e-03
523           	3.102538e-01	1.460405e-01	1.642132e-01	7.862366e-02	5.847299e-02	2.015067e-02	1.916116e-02	-9.086347e-03	7.784089e-03	2.124039e-02	1.840428e-02	2.836107e-03
524           	3.104972e-01	1.462519e-01	1.642453e-01	8.046397e-02	5.894327e-02	2.152070e-02	1.871129e-02	-8.996703e-03	7.696186e-03	2.118375e-02	1.828806e-02	2.895688e-03
525           	3.106888e-01	1.464330e-01	1.642558e-01	8.153113e-02	5.896081e-02	2.257032e-02	1.819524e-02	-8.911397e-03	7.647581e-03	2.115028e-02	1.822272e-02	2.927560e-03
526           	3.107127e-01	1.464758e-01	1.642369e-01	8.189977e-02	5.856992e-02	2.332986e-02	1.762003e-02	-8.880518e-03	7.655082e-03	2.112031e-02	1.821524e-02	2.905074e-03
527           	3.106357e-01	1.464219e-01	1.642137e-01	8.157278e-02	5.779280e-02	2.377998e-02	1.700641e-02	-8.895897e-03	7.735387e-03	2.110145e-02	1.828611e-02	2.815339e-03
528           	3.103261e-01	1.462116e-01	1.641145e-01	8.059379e-02	5.677636e-02	2.381742e-02	1.647947e-02	-8.951473e-03	7.867285e-03	2.105416e-02	1.839436e-02	2.659792e-03
529           	3.099266e-01	1.459741e-01	1.639526e-01	7.900114e-02	5.580150e-02	2.319964e-02	1.630093e-02	-8.989232e-03	8.041692e-03	2.096476e-02	1.852407e-02	2.440690e-03
530           	3.093800e-01	1.456766e-01	1.637035e-01	7.717429e-02	5.515297e-02	2.202132e-02	1.656583e-02	-9.013452e-03	8.228309e-03	2.085201e-02	1.865431e-02	2.197697e-03
531           	3.088936e-01	1.454388e-01	1.634548e-01	7.535869e-02	5.492369e-02	2.043500e-02	1.724434e-02	-9.008006e-03	8.412983e-03	2.071186e-02	1.876891e-02	1.942945e-03
532           	3.084732e-01	1.452463e-01	1.632269e-01	7.388902e-02	5.519537e-02	1.869365e-02	1.825086e-02	-8.990271e-03	8.586015e-03	2.057493e-02	1.887348e-02	1.701451e-03
533           	3.083184e-01	1.451994e-01	1.631190e-01	7.267734e-02	5.582060e-02	1.685673e-02	1.948193e-02	-8.959766e-03	8.760401e-03	2.049057e-02	1.900568e-02	1.484883e-03
534           	3.083515e-01	1.452176e-01	1.631339e-01	7.161082e-02	5.650219e-02	1.510863e-02	2.069678e-02	-8.958117e-03	8.931324e-03	2.046330e-02	1.916297e-02	1.300324e-03
535           	3.086748e-01	1.453808e-01	1.632940e-01	7.057388e-02	5.698130e-02	1.359258e-02	2.169436e-02	-8.956601e-03	9.101795e-03	2.047052e-02	1.933705e-02	1.133463e-03
536           	3.091132e-01	1.456125e-01	1.635007e-01	6.967302e-02	5.716977e-02	1.250325e-02	2.233326e-02	-8.944077e-03	9.261647e-03	2.046803e-02	1.949566e-02	9.723704e-04
537           	3.096827e-01	1.459532e-01	1.637296e-01	6.903917e-02	5.711922e-02	1.191995e-02	2.259964e-02	-8.888198e-03	9.434326e-03	2.046857e-02	1.966861e-02	7.999576e-04
538           	3.101668e-01	1.462535e-01	1.639133e-01	6.872684e-02	5.681008e-02	1.191676e-02	2.244666e-02	-8.829890e-03	9.602797e-03	2.047887e-02	1.984223e-02	6.366377e-04
539           	3.105991e-01	1.465176e-01	1.640816e-01	6.850538e-02	5.619558e-02	1.230981e-02	2.194288e-02	-8.781993e-03	9.755824e-03	2.049619e-02	2.000392e-02	4.922683e-04
540           	3.108012e-01	1.466157e-01	1.641855e-01	6.823506e-02	5.533362e-02	1.290144e-02	2.121609e-02	-8.784899e-03	9.847074e-03	2.051066e-02	2.010240e-02	4.082552e-04
541           	3.108527e-01	1.466139e-01	1.642389e-01	6.773671e-02	5.431451e-02	1.342221e-02	2.044615e-02	-8.812507e-03	9.859363e-03	2.054957e-02	2.013415e-02	4.154241e-04
542           	3.105915e-01	1.464212e-01	1.641702e-01	6.716075e-02	5.333474e-02	1.382601e-02	1.975437e-02	-8.874511e-03	9.778594e-03	2.062478e-02	2.009098e-02	5.337958e-04
543           	3.101124e-01	1.461143e-01	1.639981e-01	6.662010e-02	5.258950e-02	1.403060e-02	1.927945e-02	-8.941885e-03	9.622190e-03	2.074173e-02	1.999305e-02	7.486725e-04
544           	3.093453e-01	1.456598e-01	1.636855e-01	6.625143e-02	5.223742e-02	1.401401e-02	1.911170e-02	-9.012850e-03	9.397950e-03	2.080016e-02	1.979803e-02	1.002130e-03
545           	3.084746e-01	1.451783e-01	1.632963e-01	6.596705e-02	5.227954e-02	1.368752e-02	1.929601e-02	-9.059013e-03	9.188106e-03	2.082373e-02	1.959997e-02	1.223758e-03
546           	3.075124e-01	1.446834e-01	1.628291e-01	6.573778e-02	5.262465e-02	1.311314e-02	1.975576e-02	-9.072867e-03	9.025628e-03	2.083119e-02	1.944122e-02	1.389967e-03
547           	3.066900e-01	1.443336e-01	1.623563e-01	6.554585e-02	5.320823e-02	1.233763e-02	2.043530e-02	-9.011358e-03	8.942609e-03	2.087509e-02	1.938015e-02	1.494937e-03
548           	3.059929e-01	1.441231e-01	1.618698e-01	6.544773e-02	5.395394e-02	1.149380e-02	2.123007e-02	-8.873366e-03	8.950334e-03	2.094673e-02	1.942370e-02	1.523031e-03
549           	3.055875e-01	1.441451e-01	1.614424e-01	6.533086e-02	5.473016e-02	1.060070e-02	2.206473e-02	-8.648649e-03	9.048848e-03	2.106035e-02	1.957902e-02	1.481327e-03
550           	3.054174e-01	1.443207e-01	1.610967e-01	6.495462e-02	5.528466e-02	9.669958e-03	2.280735e-02	-8.388015e-03	9.196494e-03	2.118816e-02	1.979057e-02	1.397586e-03
551           	3.056256e-01	1.446988e-01	1.609268e-01	6.419748e-02	5.557700e-02	8.620481e-03	2.347826e-02	-8.113969e-03	9.344419e-03	2.131007e-02	1.999945e-02	1.310615e-03
552           	3.061167e-01	1.451789e-01	1.609379e-01	6.300977e-02	5.564966e-02	7.360117e-03	2.414477e-02	-7.879487e-03	9.431915e-03	2.136697e-02	2.011540e-02	1.251571e-03
553           	3.069262e-01	1.457816e-01	1.611446e-01	6.148403e-02	5.564253e-02	5.841502e-03	2.490051e-02	-7.681512e-03	9.426073e-03	2.130954e-02	2.008084e-02	1.228699e-03
554           	3.078586e-01	1.463967e-01	1.614619e-01	5.974702e-02	5.565540e-02	4.091622e-03	2.578189e-02	-7.532595e-03	9.301580e-03	2.105921e-02	1.983118e-02	1.228024e-03
555           	3.088751e-01	1.470185e-01	1.618566e-01	5.800978e-02	5.579531e-02	2.214473e-03	2.679042e-02	-7.419059e-03	9.050347e-03	2.062437e-02	1.936253e-02	1.261840e-03
556           	3.097622e-01	1.475206e-01	1.622416e-01	5.667503e-02	5.610892e-02	5.661073e-04	2.777141e-02	-7.360474e-03	8.670950e-03	2.003215e-02	1.868703e-02	1.345126e-03
557           	3.104723e-01	1.478808e-01	1.625916e-01	5.616809e-02	5.658503e-02	-4.169312e-04	2.850098e-02	-7.355416e-03	8.181358e-03	1.939995e-02	1.788133e-02	1.518617e-03
558           	3.108299e-01	1.479902e-01	1.628397e-01	5.681501e-02	5.718725e-02	-3.722405e-04	2.877975e-02	-7.424757e-03	7.624500e-03	1.879937e-02	1.702418e-02	1.775183e-03
559           	3.109522e-01	1.479382e-01	1.630140e-01	5.824402e-02	5.775925e-02	4.847782e-04	2.863723e-02	-7.537919e-03	7.050231e-03	1.829770e-02	1.619908e-02	2.098619e-03
560           	3.108186e-01	1.477129e-01	1.631057e-01	5.991981e-02	5.810040e-02	1.819410e-03	2.814049e-02	-7.696384e-03	6.499259e-03	1.786772e-02	1.543312e-02	2.434600e-03
561           	3.105870e-01	1.474302e-01	1.631568e-01	6.158669e-02	5.823869e-02	3.347999e-03	2.744534e-02	-7.863325e-03	5.994154e-03	1.754852e-02	1.476841e-02	2.780106e-03
562           	3.102308e-01	1.470784e-01	1.631524e-01	6.306331e-02	5.815574e-02	4.907567e-03	2.662409e-02	-8.036976e-03	5.569819e-03	1.730701e-02	1.422332e-02	3.083687e-03
563           	3.099065e-01	1.467696e-01	1.631369e-01	6.432887e-02	5.798156e-02	6.347318e-03	2.581712e-02	-8.183662e-03	5.270511e-03	1.719233e-02	1.386668e-02	3.325655e-03
564           	3.095379e-01	1.464601e-01	1.630778e-01	6.551021e-02	5.782960e-02	7.680614e-03	2.507449e-02	-8.308847e-03	5.155963e-03	1.720416e-02	1.375805e-02	3.446119e-03
565           	3.092082e-01	1.462175e-01	1.629907e-01	6.681106e-02	5.784862e-02	8.962439e-03	2.444309e-02	-8.386593e-03	5.241221e-03	1.738975e-02	1.393609e-02	3.453652e-03
566           	3.088489e-01	1.459811e-01	1.628678e-01	6.856694e-02	5.819553e-02	1.037141e-02	2.391206e-02	-8.443353e-03	5.512743e-03	1.772351e-02	1.437450e-02	3.349012e-03
567           	3.085925e-01	1.458609e-01	1.627316e-01	7.093595e-02	5.893684e-02	1.199911e-02	2.346887e-02	-8.435329e-03	5.907845e-03	1.818233e-02	1.499901e-02	3.183322e-03
568           	3.083641e-01	1.458183e-01	1.625458e-01	7.370665e-02	5.995124e-02	1.375541e-02	2.309791e-02	-8.363789e-03	6.338459e-03	1.865057e-02	1.566375e-02	2.986828e-03
569           	3.082632e-01	1.459399e-01	1.623233e-01	7.646989e-02	6.103282e-02	1.543707e-02	2.279788e-02	-8.191717e-03	6.708693e-03	1.902536e-02	1.622137e-02	2.803987e-03
570           	3.081655e-01	1.461419e-01	1.620236e-01	7.900064e-02	6.199679e-02	1.700385e-02	2.249647e-02	-7.940847e-03	6.971128e-03	1.918745e-02	1.656485e-02	2.622599e-03
571           	3.081653e-01	1.464705e-01	1.616948e-01	8.099661e-02	6.264590e-02	1.835071e-02	2.214760e-02	-7.612181e-03	7.087971e-03	1.909114e-02	1.663354e-02	2.457601e-03
572           	3.081933e-01	1.468105e-01	1.613828e-01	8.233092e-02	6.284168e-02	1.948924e-02	2.167622e-02	-7.286161e-03	7.047736e-03	1.870661e-02	1.640104e-02	2.305571e-03
573           	3.083929e-01	1.472215e-01	1.611714e-01	8.298625e-02	6.254904e-02	2.043721e-02	2.105591e-02	-6.974959e-03	6.848441e-03	1.804830e-02	1.587259e-02	2.175710e-03
574           	3.086572e-01	1.476076e-01	1.610496e-01	8.311405e-02	6.188874e-02	2.122531e-02	2.033172e-02	-6.720967e-03	6.503715e-03	1.711022e-02	1.505883e-02	2.051397e-03
575           	3.090418e-01	1.480183e-01	1.610234e-01	8.276184e-02	6.103152e-02	2.173032e-02	1.965060e-02	-6.502555e-03	6.063328e-03	1.597637e-02	1.405151e-02	1.924859e-03
576           	3.093337e-01	1.483294e-01	1.610043e-01	8.209807e-02	6.016991e-02	2.192816e-02	1.912088e-02	-6.337468e-03	5.547719e-03	1.465048e-02	1.287296e-02	1.777518e-03
577           	3.095501e-01	1.485586e-01	1.609915e-01	8.132297e-02	5.943690e-02	2.188607e-02	1.877541e-02	-6.216467e-03	4.981000e-03	1.320496e-02	1.158348e-02	1.621482e-03
578           	3.095096e-01	1.485749e-01	1.609347e-01	8.075291e-02	5.890839e-02	2.184452e-02	1.853194e-02	-6.179898e-03	4.408561e-03	1.173691e-02	1.027701e-02	1.459892e-03
579           	3.093208e-01	1.484805e-01	1.608403e-01	8.061291e-02	5.863819e-02	2.197472e-02	1.833173e-02	-6.179931e-03	3.898581e-03	1.041348e-02	9.105322e-03	1.308159e-03
580           	3.088904e-01	1.482314e-01	1.606589e-01	8.097980e-02	5.855797e-02	2.242183e-02	1.806807e-02	-6.213756e-03	3.511870e-03	9.338589e-03	8.181165e-03	1.157424e-03
581           	3.083628e-01	1.479438e-01	1.604190e-01	8.180541e-02	5.863346e-02	2.317194e-02	1.773076e-02	-6.237634e-03	3.299915e-03	8.613755e-03	7.606792e-03	1.006963e-03
582           	3.077163e-01	1.476191e-01	1.600973e-01	8.296093e-02	5.884602e-02	2.411491e-02	1.736555e-02	-6.239106e-03	3.275128e-03	8.224078e-03	7.387167e-03	8.369113e-04
583           	3.071838e-01	1.474137e-01	1.597701e-01	8.407429e-02	5.913209e-02	2.494219e-02	1.709495e-02	-6.178192e-03	3.421767e-03	8.171277e-03	7.507405e-03	6.638714e-04
584           	3.067811e-01	1.473047e-01	1.594764e-01	8.474871e-02	5.934328e-02	2.540543e-02	1.696892e-02	-6.085858e-03	3.689700e-03	8.372982e-03	7.876191e-03	4.967909e-04
585           	3.066474e-01	1.473717e-01	1.592757e-01	8.463757e-02	5.930835e-02	2.532922e-02	1.698957e-02	-5.951985e-03	4.025951e-03	8.771179e-03	8.411540e-03	3.596390e-04
586           	3.066416e-01	1.475236e-01	1.591180e-01	8.370340e-02	5.902917e-02	2.467422e-02	1.717748e-02	-5.797198e-03	4.369902e-03	9.233455e-03	8.986630e-03	2.468249e-04
587           	3.067663e-01	1.477796e-01	1.589866e-01	8.210665e-02	5.860948e-02	2.349716e-02	1.755616e-02	-5.603494e-03	4.674817e-03	9.692863e-03	9.521248e-03	1.716141e-04
588           	3.068542e-01	1.480231e-01	1.588311e-01	8.028788e-02	5.826297e-02	2.202491e-02	1.811903e-02	-5.404002e-03	4.891249e-03	1.005214e-02	9.917320e-03	1.348226e-04
589           	3.069908e-01	1.482890e-01	1.587019e-01	7.838745e-02	5.805013e-02	2.033733e-02	1.885640e-02	-5.206459e-03	5.012653e-03	1.031169e-02	1.016850e-02	1.431897e-04
590           	3.071279e-01	1.485279e-01	1.586000e-01	7.645269e-02	5.797978e-02	1.847291e-02	1.975343e-02	-5.036047e-03	5.034511e-03	1.040597e-02	1.023750e-02	1.684743e-04
591           	3.074280e-01	1.488193e-01	1.586088e-01	7.436791e-02	5.797127e-02	1.639664e-02	2.078731e-02	-4.894731e-03	4.973546e-03	1.035642e-02	1.015176e-02	2.046624e-04
592           	3.078211e-01	1.490941e-01	1.587270e-01	7.207572e-02	5.790912e-02	1.416660e-02	2.187126e-02	-4.816447e-03	4.852290e-03	1.017114e-02	9.937860e-03	2.332796e-04
593           	3.083815e-01	1.493876e-01	1.589939e-01	6.948146e-02	5.769756e-02	1.178390e-02	2.295683e-02	-4.803166e-03	4.718883e-03	9.953468e-03	9.695617e-03	2.578505e-04
594           	3.089259e-01	1.495847e-01	1.593411e-01	6.669132e-02	5.727860e-02	9.412725e-03	2.393294e-02	-4.878199e-03	4.621199e-03	9.783896e-03	9.513147e-03	2.707489e-04
595           	3.094076e-01	1.496728e-01	1.597348e-01	6.401000e-02	5.665943e-02	7.350579e-03	2.465442e-02	-5.031037e-03	4.613425e-03	9.787964e-03	9.507407e-03	2.805573e-04
596           	3.095459e-01	1.494978e-01	1.600481e-01	6.183292e-02	5.588006e-02	5.952861e-03	2.496360e-02	-5.275119e-03	4.704199e-03	9.978411e-03	9.693404e-03	2.850067e-04
597           	3.093187e-01	1.490729e-01	1.602458e-01	6.047239e-02	5.503064e-02	5.441741e-03	2.479445e-02	-5.586457e-03	4.881623e-03	1.040807e-02	1.008566e-02	3.224127e-04
598           	3.085771e-01	1.483587e-01	1.602184e-01	6.025915e-02	5.424611e-02	6.013041e-03	2.411653e-02	-5.929870e-03	5.104221e-03	1.101913e-02	1.061379e-02	4.053445e-04
599           	3.075071e-01	1.475226e-01	1.599845e-01	6.123539e-02	5.362389e-02	7.611497e-03	2.300620e-02	-6.230985e-03	5.347544e-03	1.180341e-02	1.124925e-02	5.541631e-04
600           	3.061690e-01	1.466291e-01	1.595399e-01	6.328609e-02	5.325021e-02	1.003589e-02	2.160716e-02	-6.455421e-03	5.597350e-03	1.269526e-02	1.194498e-02	7.502784e-04
601           	3.048722e-01	1.458728e-01	1.589993e-01	6.596145e-02	5.314043e-02	1.282102e-02	2.015970e-02	-6.563253e-03	5.854650e-03	1.366077e-02	1.268504e-02	9.757355e-04
602           	3.036666e-01	1.452656e-01	1.584010e-01	6.869924e-02	5.323021e-02	1.546903e-02	1.888059e-02	-6.567700e-03	6.110428e-03	1.460280e-02	1.341183e-02	1.190971e-03
603           	3.027884e-01	1.449202e-01	1.578682e-01	7.100392e-02	5.342952e-02	1.757440e-02	1.792756e-02	-6.473982e-03	6.335629e-03	1.547216e-02	1.407171e-02	1.400452e-03
604           	3.021464e-01	1.447642e-01	1.573822e-01	7.270931e-02	5.363370e-02	1.907560e-02	1.727905e-02	-6.308984e-03	6.506900e-03	1.613163e-02	1.457271e-02	1.558913e-03
605           	3.018296e-01	1.448416e-01	1.569880e-01	7.374446e-02	5.377139e-02	1.997307e-02	1.689916e-02	-6.073172e-03	6.605848e-03	1.654060e-02	1.487615e-02	1.664450e-03
606           	3.017019e-01	1.450366e-01	1.566653e-01	7.415238e-02	5.381509e-02	2.033729e-02	1.673890e-02	-5.814376e-03	6.646972e-03	1.664377e-02	1.496886e-02	1.674914e-03
607           	3.018298e-01	1.453406e-01	1.564892e-01	7.395108e-02	5.378914e-02	2.016194e-02	1.681360e-02	-5.574261e-03	6.654950e-03	1.656616e-02	1.493803e-02	1.628132e-03
608           	3.020381e-01	1.456059e-01	1.564322e-01	7.325530e-02	5.372872e-02	1.952658e-02	1.710107e-02	-5.413166e-03	6.653310e-03	1.630225e-02	1.480444e-02	1.497816e-03
609           	3.024127e-01	1.458605e-01	1.565522e-01	7.217646e-02	5.366696e-02	1.850951e-02	1.757872e-02	-5.345877e-03	6.616055e-03	1.594748e-02	1.458979e-02	1.357683e-03
610           	3.027831e-01	1.459964e-01	1.567866e-01	7.095494e-02	5.356823e-02	1.738671e-02	1.809076e-02	-5.395093e-03	6.540995e-03	1.541844e-02	1.425021e-02	1.168223e-03
611           	3.032531e-01	1.460855e-01	1.571676e-01	6.991347e-02	5.341924e-02	1.649423e-02	1.846251e-02	-5.541033e-03	6.414743e-03	1.484672e-02	1.383810e-02	1.008617e-03
612           	3.036339e-01	1.460385e-01	1.575953e-01	6.939718e-02	5.319087e-02	1.620631e-02	1.849228e-02	-5.778398e-03	6.281960e-03	1.424177e-02	1.340285e-02	8.389262e-04
613           	3.040250e-01	1.459475e-01	1.580774e-01	6.951753e-02	5.284684e-02	1.667069e-02	1.808808e-02	-6.064951e-03	6.178166e-03	1.379155e-02	1.307394e-02	7.176114e-04
614           	3.042635e-01	1.457506e-01	1.585129e-01	7.029246e-02	5.237936e-02	1.791310e-02	1.723313e-02	-6.381166e-03	6.144325e-03	1.350639e-02	1.289752e-02	6.088683e-04
615           	3.044933e-01	1.455546e-01	1.589386e-01	7.163719e-02	5.183278e-02	1.980441e-02	1.601418e-02	-6.692009e-03	6.196747e-03	1.349171e-02	1.294260e-02	5.491087e-04
616           	3.045902e-01	1.452952e-01	1.592950e-01	7.337365e-02	5.118308e-02	2.219057e-02	1.449625e-02	-6.999908e-03	6.307550e-03	1.364827e-02	1.313168e-02	5.165827e-04
617           	3.047010e-01	1.450612e-01	1.596398e-01	7.540673e-02	5.049590e-02	2.491082e-02	1.279254e-02	-7.289324e-03	6.461735e-03	1.400350e-02	1.346349e-02	5.400175e-04
618           	3.046633e-01	1.447564e-01	1.599069e-01	7.756264e-02	4.978104e-02	2.778160e-02	1.099972e-02	-7.575219e-03	6.664051e-03	1.447873e-02	1.390341e-02	5.753123e-04
619           	3.045983e-01	1.444951e-01	1.601032e-01	7.944820e-02	4.912747e-02	3.032073e-02	9.403372e-03	-7.804018e-03	6.892423e-03	1.501870e-02	1.440177e-02	6.169267e-04
620           	3.044664e-01	1.442562e-01	1.602102e-01	8.077883e-02	4.854192e-02	3.223691e-02	8.152505e-03	-7.977007e-03	7.131303e-03	1.553472e-02	1.489866e-02	6.360574e-04
621           	3.044913e-01	1.441718e-01	1.603195e-01	8.163833e-02	4.814345e-02	3.349489e-02	7.324278e-03	-8.073843e-03	7.397802e-03	1.604983e-02	1.542272e-02	6.271150e-04
622           	3.046141e-01	1.441953e-01	1.604189e-01	8.206766e-02	4.796806e-02	3.409960e-02	6.934233e-03	-8.111807e-03	7.663553e-03	1.648520e-02	1.590615e-02	5.790467e-04
623           	3.050172e-01	1.444410e-01	1.605762e-01	8.202742e-02	4.806383e-02	3.396359e-02	7.050121e-03	-8.067569e-03	7.905231e-03	1.681255e-02	1.631150e-02	5.010419e-04
624           	3.056035e-01	1.448313e-01	1.607722e-01	8.137650e-02	4.833374e-02	3.304276e-02	7.645491e-03	-7.970444e-03	8.082732e-03	1.695715e-02	1.656131e-02	3.958443e-04
625           	3.064905e-01	1.454198e-01	1.610706e-01	8.000131e-02	4.869397e-02	3.130734e-02	8.693314e-03	-7.825398e-03	8.209692e-03	1.694084e-02	1.668011e-02	2.607291e-04
626           	3.074916e-01	1.460651e-01	1.614265e-01	7.797252e-02	4.905480e-02	2.891772e-02	1.006854e-02	-7.680710e-03	8.283500e-03	1.676910e-02	1.666805e-02	1.010517e-04
627           	3.086664e-01	1.467962e-01	1.618702e-01	7.544561e-02	4.938422e-02	2.606139e-02	1.166142e-02	-7.536978e-03	8.335734e-03	1.650542e-02	1.658845e-02	-8.302259e-05
628           	3.097916e-01	1.474585e-01	1.623331e-01	7.270977e-02	4.965558e-02	2.305418e-02	1.330070e-02	-7.437322e-03	8.342458e-03	1.617659e-02	1.643075e-02	-2.541621e-04
629           	3.109211e-01	1.480747e-01	1.628463e-01	7.014957e-02	4.990747e-02	2.024210e-02	1.483269e-02	-7.385806e-03	8.301142e-03	1.582452e-02	1.621340e-02	-3.888839e-04
630           	3.118425e-01	1.485071e-01	1.633355e-01	6.826500e-02	5.028503e-02	1.797997e-02	1.615253e-02	-7.414200e-03	8.157547e-03	1.544408e-02	1.587959e-02	-4.355083e-04
631           	3.126540e-01	1.488362e-01	1.638178e-01	6.731531e-02	5.093830e-02	1.637701e-02	1.728064e-02	-7.490799e-03	7.914639e-03	1.504745e-02	1.543837e-02	-3.909125e-04
632           	3.132061e-01	1.489927e-01	1.642134e-01	6.730061e-02	5.191723e-02	1.538338e-02	1.826692e-02	-7.610384e-03	7.564663e-03	1.464522e-02	1.488727e-02	-2.420524e-04
633           	3.136475e-01	1.490923e-01	1.645553e-01	6.794484e-02	5.312157e-02	1.482327e-02	1.914915e-02	-7.731494e-03	7.181645e-03	1.429723e-02	1.433026e-02	-3.303156e-05
634           	3.138484e-01	1.490641e-01	1.647842e-01	6.903441e-02	5.441649e-02	1.461793e-02	1.989928e-02	-7.860062e-03	6.794957e-03	1.403859e-02	1.381425e-02	2.243386e-04
635           	3.139390e-01	1.489979e-01	1.649411e-01	7.012373e-02	5.556183e-02	1.456190e-02	2.049996e-02	-7.971592e-03	6.462456e-03	1.391085e-02	1.341788e-02	4.929684e-04
636           	3.138015e-01	1.488168e-01	1.649847e-01	7.090181e-02	5.640208e-02	1.449973e-02	2.095117e-02	-8.083933e-03	6.178125e-03	1.391373e-02	1.313499e-02	7.787381e-04
637           	3.136038e-01	1.486310e-01	1.649728e-01	7.111431e-02	5.684263e-02	1.427168e-02	2.128548e-02	-8.170867e-03	5.995354e-03	1.404032e-02	1.301552e-02	1.024807e-03
638           	3.132467e-01	1.483956e-01	1.648512e-01	7.068697e-02	5.685172e-02	1.383525e-02	2.150823e-02	-8.227803e-03	5.901649e-03	1.424409e-02	1.302370e-02	1.220397e-03
639           	3.128734e-01	1.482136e-01	1.646598e-01	6.956703e-02	5.636872e-02	1.319831e-02	2.158521e-02	-8.223110e-03	5.910048e-03	1.451412e-02	1.316711e-02	1.347014e-03
640           	3.123408e-01	1.479946e-01	1.643462e-01	6.802443e-02	5.544943e-02	1.257501e-02	2.143721e-02	-8.175820e-03	5.979613e-03	1.480795e-02	1.338359e-02	1.424363e-03
641           	3.117505e-01	1.477984e-01	1.639521e-01	6.632113e-02	5.414148e-02	1.217965e-02	2.098091e-02	-8.076830e-03	6.131703e-03	1.512980e-02	1.369660e-02	1.433196e-03
642           	3.109792e-01	1.475332e-01	1.634459e-01	6.482238e-02	5.259860e-02	1.222378e-02	2.018741e-02	-7.956339e-03	6.331996e-03	1.542374e-02	1.404386e-02	1.379871e-03
643           	3.101516e-01	1.472532e-01	1.628984e-01	6.376812e-02	5.096678e-02	1.280134e-02	1.908272e-02	-7.822584e-03	6.561840e-03	1.566193e-02	1.439281e-02	1.269125e-03
644           	3.092016e-01	1.469021e-01	1.622995e-01	6.339779e-02	4.943583e-02	1.396196e-02	1.773693e-02	-7.698723e-03	6.763475e-03	1.571200e-02	1.461947e-02	1.092524e-03
645           	3.083105e-01	1.465786e-01	1.617318e-01	6.378697e-02	4.816581e-02	1.562116e-02	1.627233e-02	-7.576607e-03	6.920853e-03	1.559423e-02	1.471797e-02	8.762606e-04
646           	3.074565e-01	1.462512e-01	1.612053e-01	6.485082e-02	4.729494e-02	1.755588e-02	1.486953e-02	-7.477067e-03	7.025828e-03	1.530226e-02	1.467696e-02	6.253041e-04
647           	3.068931e-01	1.460259e-01	1.608671e-01	6.637900e-02	4.694634e-02	1.943267e-02	1.375683e-02	-7.420605e-03	7.102924e-03	1.498774e-02	1.459679e-02	3.909447e-04
648           	3.066456e-01	1.458818e-01	1.607638e-01	6.817210e-02	4.716475e-02	2.100735e-02	1.307870e-02	-7.441030e-03	7.151548e-03	1.468306e-02	1.449308e-02	1.899796e-04
649           	3.069066e-01	1.459231e-01	1.609835e-01	6.998423e-02	4.790757e-02	2.207667e-02	1.291545e-02	-7.530191e-03	7.183860e-03	1.450137e-02	1.443454e-02	6.682433e-05
650           	3.075583e-01	1.460832e-01	1.614751e-01	7.168788e-02	4.908438e-02	2.260349e-02	1.324045e-02	-7.695967e-03	7.175645e-03	1.446294e-02	1.440711e-02	5.582443e-05
651           	3.086518e-01	1.464193e-01	1.622326e-01	7.323944e-02	5.067056e-02	2.256888e-02	1.405084e-02	-7.906637e-03	7.148918e-03	1.461467e-02	1.445625e-02	1.584186e-04
652           	3.099484e-01	1.468340e-01	1.631143e-01	7.457499e-02	5.251606e-02	2.205893e-02	1.522857e-02	-8.140141e-03	7.092448e-03	1.490100e-02	1.454295e-02	3.580539e-04
653           	3.113836e-01	1.473550e-01	1.640286e-01	7.567020e-02	5.445614e-02	2.121406e-02	1.662104e-02	-8.336784e-03	7.030672e-03	1.528677e-02	1.467406e-02	6.127140e-04
654           	3.126510e-01	1.478408e-01	1.648102e-01	7.664681e-02	5.628938e-02	2.035744e-02	1.796597e-02	-8.484661e-03	6.938501e-03	1.568419e-02	1.478059e-02	9.035921e-04
655           	3.137076e-01	1.482940e-01	1.654137e-01	7.756619e-02	5.786914e-02	1.969704e-02	1.908605e-02	-8.559867e-03	6.817292e-03	1.602655e-02	1.483057e-02	1.195981e-03
656           	3.143554e-01	1.485931e-01	1.657624e-01	7.838245e-02	5.901679e-02	1.936566e-02	1.982557e-02	-8.584655e-03	6.634851e-03	1.621123e-02	1.474046e-02	1.470762e-03
657           	3.146870e-01	1.487989e-01	1.658881e-01	7.888449e-02	5.962987e-02	1.925462e-02	2.018763e-02	-8.544603e-03	6.408327e-03	1.621860e-02	1.451763e-02	1.700974e-03
658           	3.146509e-01	1.488591e-01	1.657918e-01	7.890412e-02	5.970194e-02	1.920218e-02	2.024988e-02	-8.466342e-03	6.136953e-03	1.600851e-02	1.414121e-02	1.867299e-03
659           	3.144782e-01	1.488918e-01	1.655865e-01	7.833800e-02	5.934332e-02	1.899468e-02	2.017432e-02	-8.347367e-03	5.845518e-03	1.562698e-02	1.365901e-02	1.967972e-03
660           	3.141897e-01	1.488703e-01	1.653194e-01	7.722440e-02	5.867417e-02	1.855023e-02	2.006197e-02	-8.224519e-03	5.534001e-03	1.506539e-02	1.306670e-02	1.998695e-03
661           	3.139613e-01	1.488784e-01	1.650830e-01	7.566287e-02	5.782816e-02	1.783471e-02	1.999672e-02	-8.102291e-03	5.212121e-03	1.441268e-02	1.241846e-02	1.994219e-03
662           	3.137244e-01	1.488481e-01	1.648763e-01	7.392553e-02	5.694503e-02	1.698050e-02	1.998227e-02	-8.014106e-03	4.886423e-03	1.360831e-02	1.169058e-02	1.917730e-03
663           	3.135826e-01	1.488460e-01	1.647366e-01	7.226935e-02	5.618168e-02	1.608768e-02	2.004700e-02	-7.945303e-03	4.562051e-03	1.274357e-02	1.093383e-02	1.809733e-03
664           	3.134376e-01	1.488183e-01	1.646193e-01	7.095120e-02	5.564731e-02	1.530389e-02	2.017171e-02	-7.900523e-03	4.275070e-03	1.176351e-02	1.015683e-02	1.606684e-03
665           	3.134090e-01	1.488462e-01	1.645629e-01	7.027965e-02	5.549359e-02	1.478605e-02	2.035377e-02	-7.858349e-03	4.045598e-03	1.087201e-02	9.481603e-03	1.390407e-03
666           	3.133537e-01	1.488561e-01	1.644976e-01	7.037020e-02	5.566697e-02	1.470323e-02	2.048187e-02	-7.820711e-03	3.913415e-03	1.005785e-02	8.942339e-03	1.115509e-03
667           	3.133467e-01	1.488964e-01	1.644504e-01	7.126465e-02	5.609188e-02	1.517276e-02	2.045956e-02	-7.777020e-03	3.867658e-03	9.523479e-03	8.629398e-03	8.940813e-04
668           	3.132125e-01	1.488814e-01	1.643311e-01	7.303689e-02	5.670805e-02	1.632884e-02	2.018960e-02	-7.724862e-03	3.916314e-03	9.175929e-03	8.504278e-03	6.716508e-04
669           	3.130460e-01	1.488754e-01	1.641706e-01	7.561300e-02	5.744758e-02	1.816543e-02	1.964108e-02	-7.647613e-03	4.004486e-03	9.126861e-03	8.567916e-03	5.589450e-04
670           	3.126988e-01	1.487983e-01	1.639004e-01	7.860440e-02	5.807287e-02	2.053153e-02	1.877067e-02	-7.551042e-03	4.107042e-03	9.203113e-03	8.708598e-03	4.945150e-04
671           	3.122981e-01	1.487224e-01	1.635758e-01	8.168582e-02	5.850914e-02	2.317668e-02	1.766623e-02	-7.426687e-03	4.197519e-03	9.423984e-03	8.909511e-03	5.144726e-04
672           	3.117405e-01	1.485745e-01	1.631660e-01	8.446681e-02	5.867981e-02	2.578701e-02	1.644640e-02	-7.295766e-03	4.266080e-03	9.689179e-03	9.110670e-03	5.785092e-04
673           	3.111749e-01	1.484285e-01	1.627464e-01	8.657288e-02	5.862187e-02	2.795100e-02	1.533543e-02	-7.158941e-03	4.314732e-03	1.003261e-02	9.331035e-03	7.015707e-04
674           	3.105398e-01	1.482237e-01	1.623160e-01	8.773950e-02	5.838490e-02	2.935460e-02	1.451515e-02	-7.046158e-03	4.352843e-03	1.038910e-02	9.547394e-03	8.417088e-04
675           	3.099968e-01	1.480493e-01	1.619475e-01	8.789120e-02	5.807321e-02	2.981799e-02	1.412761e-02	-6.949140e-03	4.390516e-03	1.077930e-02	9.780167e-03	9.991353e-04
676           	3.094904e-01	1.478546e-01	1.616358e-01	8.705777e-02	5.770909e-02	2.934868e-02	1.418020e-02	-6.890625e-03	4.407592e-03	1.110429e-02	9.959735e-03	1.144551e-03
677           	3.091388e-01	1.477305e-01	1.614082e-01	8.538379e-02	5.727395e-02	2.810985e-02	1.458205e-02	-6.838849e-03	4.384596e-03	1.130614e-02	1.003766e-02	1.268473e-03
678           	3.087952e-01	1.475923e-01	1.612028e-01	8.310505e-02	5.663269e-02	2.647236e-02	1.508017e-02	-6.805260e-03	4.304681e-03	1.128967e-02	9.949515e-03	1.340152e-03
679           	3.085006e-01	1.474836e-01	1.610169e-01	8.056927e-02	5.569704e-02	2.487223e-02	1.541240e-02	-6.766660e-03	4.195683e-03	1.110185e-02	9.746606e-03	1.355240e-03
680           	3.080786e-01	1.472817e-01	1.607968e-01	7.812891e-02	5.442333e-02	2.370558e-02	1.535888e-02	-6.757553e-03	4.093355e-03	1.077595e-02	9.481327e-03	1.294618e-03
681           	3.076474e-01	1.470788e-01	1.605687e-01	7.614250e-02	5.295101e-02	2.319148e-02	1.487977e-02	-6.744955e-03	4.031283e-03	1.040460e-02	9.233582e-03	1.171016e-03
682           	3.071596e-01	1.468427e-01	1.603169e-01	7.481669e-02	5.145981e-02	2.335688e-02	1.405146e-02	-6.737109e-03	4.011861e-03	1.001518e-02	9.019452e-03	9.957297e-04
683           	3.068216e-01	1.467222e-01	1.600994e-01	7.428769e-02	5.018487e-02	2.410282e-02	1.304102e-02	-6.688583e-03	4.030832e-03	9.716426e-03	8.889046e-03	8.273806e-04
684           	3.066002e-01	1.466670e-01	1.599332e-01	7.461454e-02	4.931511e-02	2.529943e-02	1.200784e-02	-6.633115e-03	4.077845e-03	9.568431e-03	8.862061e-03	7.063701e-04
685           	3.067165e-01	1.467933e-01	1.599232e-01	7.575094e-02	4.903567e-02	2.671527e-02	1.116020e-02	-6.564984e-03	4.156623e-03	9.654147e-03	8.983697e-03	6.704506e-04
686           	3.070977e-01	1.470025e-01	1.600952e-01	7.742097e-02	4.933976e-02	2.808121e-02	1.062927e-02	-6.546349e-03	4.256115e-03	9.918026e-03	9.215128e-03	7.028981e-04
687           	3.078642e-01	1.473686e-01	1.604956e-01	7.929133e-02	5.012645e-02	2.916488e-02	1.048079e-02	-6.563522e-03	4.366501e-03	1.031200e-02	9.522499e-03	7.894969e-04
688           	3.088191e-01	1.477739e-01	1.610452e-01	8.109269e-02	5.120303e-02	2.988966e-02	1.065668e-02	-6.635664e-03	4.469360e-03	1.070290e-02	9.820807e-03	8.820880e-04
689           	3.099511e-01	1.482715e-01	1.616795e-01	8.260748e-02	5.233963e-02	3.026785e-02	1.103589e-02	-6.704009e-03	4.553909e-03	1.101803e-02	1.006292e-02	9.551068e-04
690           	3.109490e-01	1.486892e-01	1.622598e-01	8.370945e-02	5.329743e-02	3.041201e-02	1.144271e-02	-6.785314e-03	4.603646e-03	1.121051e-02	1.020890e-02	1.001610e-03
691           	3.118347e-01	1.490649e-01	1.627698e-01	8.435164e-02	5.398211e-02	3.036952e-02	1.180630e-02	-6.852411e-03	4.622289e-03	1.131052e-02	1.027755e-02	1.032972e-03
692           	3.123936e-01	1.492592e-01	1.631345e-01	8.453897e-02	5.436985e-02	3.016912e-02	1.210037e-02	-6.937645e-03	4.595581e-03	1.129619e-02	1.024368e-02	1.052515e-03
693           	3.127109e-01	1.493277e-01	1.633831e-01	8.422815e-02	5.449789e-02	2.973027e-02	1.238381e-02	-7.027713e-03	4.537018e-03	1.120400e-02	1.013902e-02	1.064983e-03
694           	3.126386e-01	1.491563e-01	1.634823e-01	8.340870e-02	5.440582e-02	2.900288e-02	1.270147e-02	-7.162982e-03	4.447802e-03	1.101960e-02	9.957602e-03	1.061998e-03
695           	3.122931e-01	1.488278e-01	1.634653e-01	8.204169e-02	5.416222e-02	2.787946e-02	1.314138e-02	-7.318739e-03	4.358819e-03	1.075739e-02	9.737516e-03	1.019877e-03
696           	3.115642e-01	1.482774e-01	1.632868e-01	8.016915e-02	5.383852e-02	2.633063e-02	1.375395e-02	-7.504685e-03	4.296827e-03	1.039617e-02	9.494912e-03	9.012577e-04
697           	3.106538e-01	1.476466e-01	1.630071e-01	7.785831e-02	5.347966e-02	2.437865e-02	1.455051e-02	-7.680265e-03	4.320015e-03	1.002712e-02	9.333574e-03	6.935436e-04
698           	3.095962e-01	1.469578e-01	1.626385e-01	7.551582e-02	5.323699e-02	2.227883e-02	1.547908e-02	-7.840332e-03	4.437496e-03	9.708868e-03	9.291930e-03	4.169382e-04
699           	3.086509e-01	1.463826e-01	1.622683e-01	7.351662e-02	5.320788e-02	2.030874e-02	1.644957e-02	-7.942836e-03	4.646344e-03	9.511599e-03	9.402144e-03	1.094553e-04
700           	3.078047e-01	1.459128e-01	1.618919e-01	7.206115e-02	5.337803e-02	1.868311e-02	1.734746e-02	-7.989543e-03	4.891144e-03	9.435531e-03	9.608909e-03	-1.733784e-04
701           	3.071957e-01	1.456357e-01	1.615600e-01	7.117250e-02	5.360810e-02	1.756440e-02	1.802185e-02	-7.962133e-03	5.132349e-03	9.514583e-03	9.889641e-03	-3.750577e-04
702           	3.066924e-01	1.454574e-01	1.612349e-01	7.095422e-02	5.385032e-02	1.710390e-02	1.837321e-02	-7.888737e-03	5.322021e-03	9.709103e-03	1.017657e-02	-4.674696e-04
703           	3.063695e-01	1.454210e-01	1.609485e-01	7.130481e-02	5.402175e-02	1.728306e-02	1.836935e-02	-7.763730e-03	5.468404e-03	9.970010e-03	1.045341e-02	-4.833986e-04
704           	3.060829e-01	1.454124e-01	1.606704e-01	7.207869e-02	5.403644e-02	1.804225e-02	1.799709e-02	-7.629010e-03	5.571631e-03	1.023084e-02	1.068705e-02	-4.562121e-04
705           	3.058963e-01	1.454511e-01	1.604452e-01	7.312774e-02	5.383011e-02	1.929764e-02	1.726623e-02	-7.497042e-03	5.660172e-03	1.053845e-02	1.092940e-02	-3.909447e-04
706           	3.056422e-01	1.453811e-01	1.602610e-01	7.435520e-02	5.345610e-02	2.089910e-02	1.627850e-02	-7.439939e-03	5.716147e-03	1.089083e-02	1.116156e-02	-2.707345e-04
707           	3.055148e-01	1.453101e-01	1.602047e-01	7.534267e-02	5.301420e-02	2.232847e-02	1.534286e-02	-7.447332e-03	5.755928e-03	1.125946e-02	1.138566e-02	-1.261993e-04
708           	3.055192e-01	1.452413e-01	1.602779e-01	7.555300e-02	5.261352e-02	2.293948e-02	1.483702e-02	-7.518270e-03	5.773821e-03	1.158457e-02	1.156610e-02	1.846250e-05
709           	3.057980e-01	1.452725e-01	1.605256e-01	7.477285e-02	5.225019e-02	2.252266e-02	1.486376e-02	-7.626546e-03	5.802922e-03	1.187259e-02	1.173922e-02	1.333725e-04
710           	3.061398e-01	1.452803e-01	1.608596e-01	7.333654e-02	5.190295e-02	2.143359e-02	1.523468e-02	-7.789667e-03	5.812468e-03	1.209351e-02	1.185922e-02	2.342859e-04
711           	3.065031e-01	1.452868e-01	1.612163e-01	7.157961e-02	5.146067e-02	2.011894e-02	1.567087e-02	-7.964750e-03	5.815225e-03	1.221911e-02	1.192478e-02	2.943283e-04
712           	3.066019e-01	1.451512e-01	1.614507e-01	6.985828e-02	5.080908e-02	1.904920e-02	1.587994e-02	-8.149751e-03	5.792206e-03	1.222510e-02	1.190475e-02	3.203418e-04
713           	3.064819e-01	1.449314e-01	1.615505e-01	6.832227e-02	4.991355e-02	1.840872e-02	1.575242e-02	-8.309562e-03	5.789059e-03	1.212831e-02	1.185321e-02	2.750975e-04
714           	3.060352e-01	1.445611e-01	1.614741e-01	6.712483e-02	4.887204e-02	1.825279e-02	1.530962e-02	-8.456473e-03	5.830868e-03	1.196340e-02	1.181257e-02	1.508339e-04
715           	3.054824e-01	1.441889e-01	1.612935e-01	6.624763e-02	4.783687e-02	1.841076e-02	1.471306e-02	-8.552344e-03	5.964409e-03	1.180788e-02	1.186835e-02	-6.046838e-05
716           	3.048469e-01	1.438208e-01	1.610260e-01	6.573790e-02	4.697790e-02	1.875999e-02	1.410895e-02	-8.602596e-03	6.173223e-03	1.169750e-02	1.202197e-02	-3.244736e-04
717           	3.043699e-01	1.436039e-01	1.607660e-01	6.563209e-02	4.643305e-02	1.919904e-02	1.361701e-02	-8.581056e-03	6.443281e-03	1.167640e-02	1.228148e-02	-6.050815e-04
718           	3.040125e-01	1.434971e-01	1.605154e-01	6.613269e-02	4.637547e-02	1.975722e-02	1.330913e-02	-8.509191e-03	6.723405e-03	1.176244e-02	1.260463e-02	-8.421838e-04
719           	3.039466e-01	1.436047e-01	1.603420e-01	6.716586e-02	4.674099e-02	2.042487e-02	1.315806e-02	-8.368650e-03	6.988162e-03	1.198376e-02	1.298004e-02	-9.962827e-04
720           	3.040524e-01	1.438273e-01	1.602251e-01	6.856134e-02	4.732688e-02	2.123446e-02	1.304621e-02	-8.198910e-03	7.217301e-03	1.232210e-02	1.337835e-02	-1.056251e-03
721           	3.044372e-01	1.442214e-01	1.602157e-01	7.017602e-02	4.795054e-02	2.222548e-02	1.286253e-02	-7.997140e-03	7.413407e-03	1.276913e-02	1.379797e-02	-1.028844e-03
722           	3.049393e-01	1.446623e-01	1.602770e-01	7.197358e-02	4.852987e-02	2.344371e-02	1.254308e-02	-7.807366e-03	7.562808e-03	1.322683e-02	1.417622e-02	-9.493939e-04
723           	3.056145e-01	1.451682e-01	1.604463e-01	7.367984e-02	4.896718e-02	2.471266e-02	1.212726e-02	-7.639065e-03	7.664150e-03	1.362019e-02	1.447424e-02	-8.540569e-04
724           	3.063010e-01	1.456288e-01	1.606722e-01	7.513586e-02	4.919396e-02	2.594190e-02	1.162603e-02	-7.521750e-03	7.721193e-03	1.387944e-02	1.466091e-02	-7.814732e-04
725           	3.070935e-01	1.460992e-01	1.609943e-01	7.614017e-02	4.917216e-02	2.696801e-02	1.110207e-02	-7.447552e-03	7.738212e-03	1.405737e-02	1.476689e-02	-7.095286e-04
726           	3.078803e-01	1.464805e-01	1.613997e-01	7.661136e-02	4.890625e-02	2.770511e-02	1.060057e-02	-7.459616e-03	7.714048e-03	1.419175e-02	1.480992e-02	-6.181757e-04
727           	3.087266e-01	1.467959e-01	1.619307e-01	7.651907e-02	4.846908e-02	2.804999e-02	1.020955e-02	-7.567383e-03	7.650310e-03	1.435651e-02	1.482857e-02	-4.720533e-04
728           	3.094435e-01	1.469155e-01	1.625280e-01	7.592005e-02	4.791713e-02	2.800292e-02	9.957108e-03	-7.806260e-03	7.540129e-03	1.452296e-02	1.480161e-02	-2.786469e-04
729           	3.100672e-01	1.468811e-01	1.631861e-01	7.483354e-02	4.735268e-02	2.748086e-02	9.935908e-03	-8.152498e-03	7.387303e-03	1.469246e-02	1.473353e-02	-4.107356e-05
730           	3.104609e-01	1.466442e-01	1.638167e-01	7.328509e-02	4.684962e-02	2.643547e-02	1.020707e-02	-8.586281e-03	7.193523e-03	1.479625e-02	1.459165e-02	2.046002e-04
731           	3.107553e-01	1.463556e-01	1.643998e-01	7.129755e-02	4.645931e-02	2.483824e-02	1.081053e-02	-9.022110e-03	6.991362e-03	1.488914e-02	1.443593e-02	4.532081e-04
732           	3.108897e-01	1.460398e-01	1.648499e-01	6.922588e-02	4.628492e-02	2.294096e-02	1.167198e-02	-9.405071e-03	6.837640e-03	1.502401e-02	1.434964e-02	6.743653e-04
733           	3.109877e-01	1.458295e-01	1.651582e-01	6.753173e-02	4.643730e-02	2.109443e-02	1.267144e-02	-9.664358e-03	6.765716e-03	1.529614e-02	1.441379e-02	8.823541e-04
734           	3.109077e-01	1.456720e-01	1.652356e-01	6.672650e-02	4.698905e-02	1.973745e-02	1.362580e-02	-9.781818e-03	6.785089e-03	1.569804e-02	1.463411e-02	1.063933e-03
735           	3.107812e-01	1.456757e-01	1.651055e-01	6.713264e-02	4.793483e-02	1.919781e-02	1.436851e-02	-9.714911e-03	6.900149e-03	1.623236e-02	1.501633e-02	1.216032e-03
736           	3.105286e-01	1.457602e-01	1.647684e-01	6.856350e-02	4.903253e-02	1.953097e-02	1.475078e-02	-9.504092e-03	7.089489e-03	1.677853e-02	1.547876e-02	1.299778e-03
737           	3.103234e-01	1.459748e-01	1.643485e-01	7.047931e-02	4.997453e-02	2.050478e-02	1.473488e-02	-9.186849e-03	7.327070e-03	1.724740e-02	1.595077e-02	1.296630e-03
738           	3.100608e-01	1.461882e-01	1.638727e-01	7.250232e-02	5.051477e-02	2.198754e-02	1.426361e-02	-8.842255e-03	7.563984e-03	1.752946e-02	1.632872e-02	1.200748e-03
739           	3.098271e-01	1.463932e-01	1.634339e-01	7.433224e-02	5.055824e-02	2.377400e-02	1.339212e-02	-8.520369e-03	7.756583e-03	1.765184e-02	1.658250e-02	1.069339e-03
740           	3.094244e-01	1.464159e-01	1.630085e-01	7.600723e-02	5.016743e-02	2.583980e-02	1.216381e-02	-8.296337e-03	7.862361e-03	1.762488e-02	1.667480e-02	9.500784e-04
741           	3.089757e-01	1.463091e-01	1.626666e-01	7.759590e-02	4.952953e-02	2.806637e-02	1.073158e-02	-8.178715e-03	7.868830e-03	1.747109e-02	1.660437e-02	8.667149e-04
742           	3.084001e-01	1.460231e-01	1.623769e-01	7.929813e-02	4.887677e-02	3.042136e-02	9.227705e-03	-8.176917e-03	7.774389e-03	1.716350e-02	1.635614e-02	8.073622e-04
743           	3.078829e-01	1.456916e-01	1.621913e-01	8.105748e-02	4.832164e-02	3.273584e-02	7.792900e-03	-8.249832e-03	7.607914e-03	1.674367e-02	1.597975e-02	7.639207e-04
744           	3.073351e-01	1.452639e-01	1.620712e-01	8.275354e-02	4.792185e-02	3.483169e-02	6.545077e-03	-8.403628e-03	7.386337e-03	1.621732e-02	1.549500e-02	7.223243e-04
745           	3.069298e-01	1.448743e-01	1.620556e-01	8.415648e-02	4.771834e-02	3.643814e-02	5.640101e-03	-8.590649e-03	7.139412e-03	1.564498e-02	1.496190e-02	6.830782e-04
746           	3.066446e-01	1.445147e-01	1.621299e-01	8.498875e-02	4.776497e-02	3.722378e-02	5.270598e-03	-8.807574e-03	6.900641e-03	1.504464e-02	1.442296e-02	6.216775e-04
747           	3.067028e-01	1.443293e-01	1.623736e-01	8.492673e-02	4.803902e-02	3.688771e-02	5.575657e-03	-9.022153e-03	6.699504e-03	1.449348e-02	1.394624e-02	5.472374e-04
748           	3.069936e-01	1.442616e-01	1.627320e-01	8.386141e-02	4.852172e-02	3.533968e-02	6.591018e-03	-9.235204e-03	6.559909e-03	1.403483e-02	1.357733e-02	4.575080e-04
749           	3.075754e-01	1.443891e-01	1.631862e-01	8.196778e-02	4.915689e-02	3.281089e-02	8.173002e-03	-9.398544e-03	6.497111e-03	1.381626e-02	1.340524e-02	4.110178e-04
750           	3.081180e-01	1.445595e-01	1.635585e-01	7.999192e-02	4.988557e-02	3.010635e-02	9.889608e-03	-9.499505e-03	6.511528e-03	1.387600e-02	1.344953e-02	4.264701e-04
751           	3.086200e-01	1.448418e-01	1.637782e-01	7.887731e-02	5.098337e-02	2.789393e-02	1.154472e-02	-9.468203e-03	6.605120e-03	1.428145e-02	1.374585e-02	5.356056e-04
752           	3.089216e-01	1.451383e-01	1.637833e-01	7.904667e-02	5.249893e-02	2.654774e-02	1.297559e-02	-9.322504e-03	6.802170e-03	1.494924e-02	1.427679e-02	6.724482e-04
753           	3.092116e-01	1.455426e-01	1.636690e-01	8.010915e-02	5.418678e-02	2.592237e-02	1.413220e-02	-9.063203e-03	7.092394e-03	1.577702e-02	1.498090e-02	7.961141e-04
754           	3.094296e-01	1.459720e-01	1.634576e-01	8.145636e-02	5.563675e-02	2.581961e-02	1.490857e-02	-8.742819e-03	7.435857e-03	1.660502e-02	1.573837e-02	8.666547e-04
755           	3.097457e-01	1.464934e-01	1.632523e-01	8.251955e-02	5.653518e-02	2.598436e-02	1.527541e-02	-8.379489e-03	7.764354e-03	1.734806e-02	1.643838e-02	9.096740e-04
756           	3.100473e-01	1.470093e-01	1.630381e-01	8.300424e-02	5.682773e-02	2.617651e-02	1.532561e-02	-8.014392e-03	7.997358e-03	1.790215e-02	1.694844e-02	9.537190e-04
757           	3.104710e-01	1.475726e-01	1.628983e-01	8.279502e-02	5.661136e-02	2.618366e-02	1.521385e-02	-7.662838e-03	8.075525e-03	1.822136e-02	1.718620e-02	1.035156e-03
758           	3.109086e-01	1.480763e-01	1.628323e-01	8.182226e-02	5.594368e-02	2.587858e-02	1.503255e-02	-7.377966e-03	8.010967e-03	1.827144e-02	1.714669e-02	1.124755e-03
759           	3.114649e-01	1.485655e-01	1.628994e-01	8.011903e-02	5.490758e-02	2.521145e-02	1.484806e-02	-7.166977e-03	7.830051e-03	1.808949e-02	1.687480e-02	1.214695e-03
760           	3.119515e-01	1.488901e-01	1.630614e-01	7.798015e-02	5.368893e-02	2.429122e-02	1.469886e-02	-7.085695e-03	7.554741e-03	1.770359e-02	1.640654e-02	1.297055e-03
761           	3.123919e-01	1.490536e-01	1.633383e-01	7.567113e-02	5.245398e-02	2.321715e-02	1.461841e-02	-7.142338e-03	7.214612e-03	1.721460e-02	1.582191e-02	1.392685e-03
762           	3.125397e-01	1.489132e-01	1.636265e-01	7.355083e-02	5.138588e-02	2.216495e-02	1.461047e-02	-7.356662e-03	6.833405e-03	1.664075e-02	1.515378e-02	1.486971e-03
763           	3.124585e-01	1.485457e-01	1.639128e-01	7.185286e-02	5.063825e-02	2.121461e-02	1.471182e-02	-7.683531e-03	6.444696e-03	1.605055e-02	1.446997e-02	1.580577e-03
764           	3.120777e-01	1.479599e-01	1.641178e-01	7.091638e-02	5.040835e-02	2.050802e-02	1.495017e-02	-8.078961e-03	6.086427e-03	1.545809e-02	1.381547e-02	1.642620e-03
765           	3.116144e-01	1.473539e-01	1.642606e-01	7.077487e-02	5.068693e-02	2.008794e-02	1.529949e-02	-8.453344e-03	5.794565e-03	1.495462e-02	1.327188e-02	1.682745e-03
766           	3.110537e-01	1.467527e-01	1.643010e-01	7.128159e-02	5.128210e-02	1.999949e-02	1.564130e-02	-8.774186e-03	5.596590e-03	1.458721e-02	1.289020e-02	1.697016e-03
767           	3.106017e-01	1.463049e-01	1.642968e-01	7.243108e-02	5.208696e-02	2.034412e-02	1.587142e-02	-8.995988e-03	5.528491e-03	1.446587e-02	1.276143e-02	1.704445e-03
768           	3.101914e-01	1.459679e-01	1.642235e-01	7.421643e-02	5.295221e-02	2.126422e-02	1.584400e-02	-9.127802e-03	5.627622e-03	1.461301e-02	1.293412e-02	1.678881e-03
769           	3.099566e-01	1.458133e-01	1.641434e-01	7.636999e-02	5.364834e-02	2.272165e-02	1.546335e-02	-9.165053e-03	5.898780e-03	1.502080e-02	1.340918e-02	1.611623e-03
770           	3.097734e-01	1.457488e-01	1.640245e-01	7.868208e-02	5.401494e-02	2.466714e-02	1.467390e-02	-9.137857e-03	6.310373e-03	1.563066e-02	1.412571e-02	1.504959e-03
771           	3.096962e-01	1.458155e-01	1.638807e-01	8.104294e-02	5.400742e-02	2.703552e-02	1.348595e-02	-9.032585e-03	6.808267e-03	1.639987e-02	1.500820e-02	1.391667e-03
772           	3.095620e-01	1.459278e-01	1.636342e-01	8.335048e-02	5.380231e-02	2.954817e-02	1.212707e-02	-8.853182e-03	7.302959e-03	1.717038e-02	1.588815e-02	1.282233e-03
773           	3.094705e-01	1.461514e-01	1.633191e-01	8.522837e-02	5.353593e-02	3.169244e-02	1.092175e-02	-8.583886e-03	7.700043e-03	1.775841e-02	1.657925e-02	1.179159e-03
774           	3.092962e-01	1.463707e-01	1.629256e-01	8.642115e-02	5.315951e-02	3.326164e-02	9.948938e-03	-8.277440e-03	7.962265e-03	1.805469e-02	1.698961e-02	1.065081e-03
775           	3.091182e-01	1.465916e-01	1.625266e-01	8.669302e-02	5.254367e-02	3.414934e-02	9.197164e-03	-7.967493e-03	8.073407e-03	1.808377e-02	1.711529e-02	9.684767e-04
776           	3.088170e-01	1.466891e-01	1.621279e-01	8.603934e-02	5.170112e-02	3.433822e-02	8.681451e-03	-7.719420e-03	8.045192e-03	1.786582e-02	1.697810e-02	8.877197e-04
777           	3.084969e-01	1.466892e-01	1.618077e-01	8.443352e-02	5.064240e-02	3.379112e-02	8.425642e-03	-7.559245e-03	7.901034e-03	1.748042e-02	1.664124e-02	8.391752e-04
778           	3.080475e-01	1.464959e-01	1.615516e-01	8.194607e-02	4.944941e-02	3.249666e-02	8.476374e-03	-7.527821e-03	7.654555e-03	1.695432e-02	1.613172e-02	8.226059e-04
779           	3.076007e-01	1.461882e-01	1.614126e-01	7.849404e-02	4.814853e-02	3.034551e-02	8.901509e-03	-7.612221e-03	7.303090e-03	1.632979e-02	1.546798e-02	8.618048e-04
780           	3.071387e-01	1.457704e-01	1.613683e-01	7.443620e-02	4.695065e-02	2.748555e-02	9.732549e-03	-7.798919e-03	6.866777e-03	1.561109e-02	1.467232e-02	9.387679e-04
781           	3.069125e-01	1.454414e-01	1.614710e-01	7.051810e-02	4.615517e-02	2.436293e-02	1.089612e-02	-8.014798e-03	6.398002e-03	1.492916e-02	1.386258e-02	1.066578e-03
782           	3.068489e-01	1.451890e-01	1.616599e-01	6.728438e-02	4.588769e-02	2.139670e-02	1.224549e-02	-8.235416e-03	5.958025e-03	1.438479e-02	1.315042e-02	1.234371e-03
783           	3.070093e-01	1.450884e-01	1.619209e-01	6.485995e-02	4.607592e-02	1.878403e-02	1.364594e-02	-8.416267e-03	5.603453e-03	1.409599e-02	1.265145e-02	1.444543e-03
784           	3.071906e-01	1.450261e-01	1.621645e-01	6.334986e-02	4.656506e-02	1.678480e-02	1.489013e-02	-8.569194e-03	5.370778e-03	1.406555e-02	1.240355e-02	1.661997e-03
785           	3.074542e-01	1.450545e-01	1.623997e-01	6.271791e-02	4.713137e-02	1.558654e-02	1.577242e-02	-8.672565e-03	5.280316e-03	1.433176e-02	1.244620e-02	1.885565e-03
786           	3.076297e-01	1.450704e-01	1.625593e-01	6.293075e-02	4.758947e-02	1.534128e-02	1.612409e-02	-8.744429e-03	5.328284e-03	1.486067e-02	1.275862e-02	2.102052e-03
787           	3.078114e-01	1.451446e-01	1.626669e-01	6.392108e-02	4.791019e-02	1.601089e-02	1.594965e-02	-8.761153e-03	5.488512e-03	1.562187e-02	1.329945e-02	2.322425e-03
788           	3.078633e-01	1.452065e-01	1.626568e-01	6.568509e-02	4.819694e-02	1.748815e-02	1.535440e-02	-8.725162e-03	5.722837e-03	1.651228e-02	1.397898e-02	2.533304e-03
789           	3.078447e-01	1.452974e-01	1.625473e-01	6.785774e-02	4.839132e-02	1.946643e-02	1.446244e-02	-8.624927e-03	5.995556e-03	1.745067e-02	1.472089e-02	2.729779e-03
790           	3.075893e-01	1.452880e-01	1.623013e-01	7.003657e-02	4.844437e-02	2.159220e-02	1.342608e-02	-8.506683e-03	6.245284e-03	1.830595e-02	1.539826e-02	2.907689e-03
791           	3.072566e-01	1.452423e-01	1.620143e-01	7.167410e-02	4.832158e-02	2.335252e-02	1.248453e-02	-8.386027e-03	6.422350e-03	1.899413e-02	1.591941e-02	3.074713e-03
792           	3.068746e-01	1.451260e-01	1.617486e-01	7.248740e-02	4.813436e-02	2.435304e-02	1.189066e-02	-8.311343e-03	6.505002e-03	1.945089e-02	1.623045e-02	3.220445e-03
793           	3.066393e-01	1.450237e-01	1.616157e-01	7.228291e-02	4.796747e-02	2.431544e-02	1.182602e-02	-8.295992e-03	6.509359e-03	1.972089e-02	1.636980e-02	3.351086e-03
794           	3.064532e-01	1.448516e-01	1.616015e-01	7.118824e-02	4.797651e-02	2.321173e-02	1.238239e-02	-8.374948e-03	6.417533e-03	1.978558e-02	1.631033e-02	3.475260e-03
795           	3.064551e-01	1.446953e-01	1.617599e-01	6.925832e-02	4.828677e-02	2.097155e-02	1.365761e-02	-8.532311e-03	6.221759e-03	1.963583e-02	1.603967e-02	3.596155e-03
796           	3.065677e-01	1.445399e-01	1.620277e-01	6.675171e-02	4.910808e-02	1.764363e-02	1.573222e-02	-8.743903e-03	5.894213e-03	1.921584e-02	1.550214e-02	3.713708e-03
797           	3.069057e-01	1.444975e-01	1.624082e-01	6.394015e-02	5.042115e-02	1.351899e-02	1.845108e-02	-8.955383e-03	5.448797e-03	1.853982e-02	1.471871e-02	3.821111e-03
798           	3.071972e-01	1.444615e-01	1.627357e-01	6.145037e-02	5.194629e-02	9.504080e-03	2.122111e-02	-9.137077e-03	4.949618e-03	1.781482e-02	1.385703e-02	3.957792e-03
799           	3.073635e-01	1.444290e-01	1.629345e-01	5.986172e-02	5.343999e-02	6.421728e-03	2.350913e-02	-9.252780e-03	4.497034e-03	1.721575e-02	1.310491e-02	4.110839e-03
800           	3.072099e-01	1.443065e-01	1.629033e-01	5.979422e-02	5.488105e-02	4.913177e-03	2.498393e-02	-9.298388e-03	4.151216e-03	1.677869e-02	1.254056e-02	4.238128e-03
801           	3.068196e-01	1.441392e-01	1.626805e-01	6.123195e-02	5.602696e-02	5.204982e-03	2.541099e-02	-9.270646e-03	3.956229e-03	1.650184e-02	1.220715e-02	4.294691e-03
802           	3.061219e-01	1.438427e-01	1.622792e-01	6.377425e-02	5.660563e-02	7.168618e-03	2.471851e-02	-9.218285e-03	3.890174e-03	1.630670e-02	1.204352e-02	4.263176e-03
803           	3.053436e-01	1.435372e-01	1.618064e-01	6.683604e-02	5.644657e-02	1.038947e-02	2.302855e-02	-9.134639e-03	3.906917e-03	1.614181e-02	1.197782e-02	4.163990e-03
804           	3.044134e-01	1.431214e-01	1.612920e-01	6.997943e-02	5.565242e-02	1.432701e-02	2.066270e-02	-9.085324e-03	3.962827e-03	1.603640e-02	1.198103e-02	4.055373e-03
805           	3.035885e-01	1.427471e-01	1.608414e-01	7.277907e-02	5.441277e-02	1.836631e-02	1.802323e-02	-9.047166e-03	4.052806e-03	1.599993e-02	1.205277e-02	3.947158e-03
806           	3.028905e-01	1.424234e-01	1.604671e-01	7.500120e-02	5.301402e-02	2.198718e-02	1.551342e-02	-9.021825e-03	4.141220e-03	1.594632e-02	1.211438e-02	3.831939e-03
807           	3.024897e-01	1.422649e-01	1.602248e-01	7.638255e-02	5.159423e-02	2.478831e-02	1.340296e-02	-8.979973e-03	4.235401e-03	1.577462e-02	1.212271e-02	3.651909e-03
808           	3.022753e-01	1.422073e-01	1.600680e-01	7.690495e-02	5.023087e-02	2.667407e-02	1.177840e-02	-8.930306e-03	4.313029e-03	1.543862e-02	1.203234e-02	3.406278e-03
809           	3.023227e-01	1.423017e-01	1.600210e-01	7.660407e-02	4.896813e-02	2.763595e-02	1.066609e-02	-8.859628e-03	4.394000e-03	1.498629e-02	1.188714e-02	3.099143e-03
810           	3.024754e-01	1.424342e-01	1.600412e-01	7.570212e-02	4.794029e-02	2.776183e-02	1.008923e-02	-8.803481e-03	4.451869e-03	1.448645e-02	1.169509e-02	2.791356e-03
811           	3.028100e-01	1.426451e-01	1.601649e-01	7.424284e-02	4.714278e-02	2.710005e-02	1.002137e-02	-8.759920e-03	4.498625e-03	1.396438e-02	1.148082e-02	2.483566e-03
812           	3.031771e-01	1.428411e-01	1.603360e-01	7.237310e-02	4.658844e-02	2.578466e-02	1.040189e-02	-8.747477e-03	4.519747e-03	1.340671e-02	1.122310e-02	2.183610e-03
813           	3.036752e-01	1.430936e-01	1.605816e-01	7.030017e-02	4.631392e-02	2.398625e-02	1.116384e-02	-8.743983e-03	4.542536e-03	1.283876e-02	1.096191e-02	1.876842e-03
814           	3.041499e-01	1.432947e-01	1.608551e-01	6.830935e-02	4.629575e-02	2.201360e-02	1.214108e-02	-8.780206e-03	4.574609e-03	1.232862e-02	1.073892e-02	1.589701e-03
815           	3.046657e-01	1.435008e-01	1.611650e-01	6.669827e-02	4.652135e-02	2.017692e-02	1.317221e-02	-8.832109e-03	4.670417e-03	1.194799e-02	1.064441e-02	1.303579e-03
816           	3.050555e-01	1.436273e-01	1.614282e-01	6.573479e-02	4.694799e-02	1.878680e-02	1.408060e-02	-8.900415e-03	4.849811e-03	1.172914e-02	1.071438e-02	1.014757e-03
817           	3.054524e-01	1.437794e-01	1.616731e-01	6.532083e-02	4.738227e-02	1.793856e-02	1.472185e-02	-8.946827e-03	5.114497e-03	1.167526e-02	1.095213e-02	7.231345e-04
818           	3.057900e-01	1.439228e-01	1.618671e-01	6.535115e-02	4.766376e-02	1.768739e-02	1.498818e-02	-8.972145e-03	5.416143e-03	1.178113e-02	1.130671e-02	4.744198e-04
819           	3.062465e-01	1.441847e-01	1.620619e-01	6.577155e-02	4.768999e-02	1.808156e-02	1.480421e-02	-8.938602e-03	5.729457e-03	1.204821e-02	1.175356e-02	2.946482e-04
820           	3.066967e-01	1.445010e-01	1.621957e-01	6.672152e-02	4.755203e-02	1.916950e-02	1.419126e-02	-8.847372e-03	6.014708e-03	1.245339e-02	1.224140e-02	2.119863e-04
821           	3.072175e-01	1.449352e-01	1.622823e-01	6.804991e-02	4.736605e-02	2.068386e-02	1.334110e-02	-8.673583e-03	6.253510e-03	1.294254e-02	1.272478e-02	2.177608e-04
822           	3.076251e-01	1.453440e-01	1.622811e-01	6.928243e-02	4.711557e-02	2.216686e-02	1.247435e-02	-8.468564e-03	6.421506e-03	1.339895e-02	1.312098e-02	2.779673e-04
823           	3.079958e-01	1.457507e-01	1.622451e-01	6.999169e-02	4.671807e-02	2.327362e-02	1.172223e-02	-8.247233e-03	6.531706e-03	1.380298e-02	1.343320e-02	3.697842e-04
824           	3.081652e-01	1.460152e-01	1.621499e-01	7.006802e-02	4.621403e-02	2.385400e-02	1.118001e-02	-8.067369e-03	6.576664e-03	1.414428e-02	1.364880e-02	4.954744e-04
825           	3.082459e-01	1.461651e-01	1.620808e-01	6.942636e-02	4.568101e-02	2.374535e-02	1.096783e-02	-7.957887e-03	6.562079e-03	1.440506e-02	1.376461e-02	6.404518e-04
826           	3.081383e-01	1.461010e-01	1.620373e-01	6.810566e-02	4.523431e-02	2.287134e-02	1.118148e-02	-7.968177e-03	6.465343e-03	1.454509e-02	1.373789e-02	8.072031e-04
827           	3.080066e-01	1.459233e-01	1.620833e-01	6.610483e-02	4.496184e-02	2.114299e-02	1.190943e-02	-8.079981e-03	6.284857e-03	1.453111e-02	1.355041e-02	9.807001e-04
828           	3.078279e-01	1.456495e-01	1.621784e-01	6.366978e-02	4.511010e-02	1.855968e-02	1.327521e-02	-8.264422e-03	5.999432e-03	1.431373e-02	1.315630e-02	1.157432e-03
829           	3.078685e-01	1.455044e-01	1.623641e-01	6.104397e-02	4.586729e-02	1.517669e-02	1.534530e-02	-8.429881e-03	5.637457e-03	1.388939e-02	1.258215e-02	1.307237e-03
830           	3.081297e-01	1.455339e-01	1.625958e-01	5.861950e-02	4.726879e-02	1.135071e-02	1.795904e-02	-8.530929e-03	5.256847e-03	1.333927e-02	1.192648e-02	1.412789e-03
831           	3.086179e-01	1.457670e-01	1.628508e-01	5.695307e-02	4.904417e-02	7.908896e-03	2.056764e-02	-8.541901e-03	4.983274e-03	1.290678e-02	1.143667e-02	1.470117e-03
832           	3.090748e-01	1.460444e-01	1.630304e-01	5.648441e-02	5.107214e-02	5.412262e-03	2.282994e-02	-8.493005e-03	4.858030e-03	1.270585e-02	1.121095e-02	1.494893e-03
833           	3.095875e-01	1.464076e-01	1.631799e-01	5.710328e-02	5.309054e-02	4.012742e-03	2.453890e-02	-8.386138e-03	4.906724e-03	1.277768e-02	1.129556e-02	1.482116e-03
834           	3.100465e-01	1.467615e-01	1.632849e-01	5.851799e-02	5.480721e-02	3.710781e-03	2.554821e-02	-8.261709e-03	5.100427e-03	1.306673e-02	1.163379e-02	1.432939e-03
835           	3.105918e-01	1.471823e-01	1.634095e-01	6.036667e-02	5.609592e-02	4.270751e-03	2.591258e-02	-8.113586e-03	5.424241e-03	1.348946e-02	1.216897e-02	1.320490e-03
836           	3.110901e-01	1.475762e-01	1.635139e-01	6.247468e-02	5.700735e-02	5.467327e-03	2.577001e-02	-7.968833e-03	5.830333e-03	1.399604e-02	1.282836e-02	1.167689e-03
837           	3.115940e-01	1.479630e-01	1.636310e-01	6.451830e-02	5.754021e-02	6.978081e-03	2.528107e-02	-7.834012e-03	6.282630e-03	1.460092e-02	1.358309e-02	1.017833e-03
838           	3.119263e-01	1.482205e-01	1.637059e-01	6.623208e-02	5.769583e-02	8.536253e-03	2.457979e-02	-7.742703e-03	6.717616e-03	1.526069e-02	1.434796e-02	9.127313e-04
839           	3.121702e-01	1.483929e-01	1.637773e-01	6.732005e-02	5.742681e-02	9.893238e-03	2.376679e-02	-7.692180e-03	7.095052e-03	1.590958e-02	1.504984e-02	8.597392e-04
840           	3.122390e-01	1.484197e-01	1.638193e-01	6.776440e-02	5.676474e-02	1.099966e-02	2.288254e-02	-7.699776e-03	7.381336e-03	1.649020e-02	1.562643e-02	8.637627e-04
841           	3.122763e-01	1.483848e-01	1.638915e-01	6.748025e-02	5.571056e-02	1.176969e-02	2.197043e-02	-7.753336e-03	7.579054e-03	1.698275e-02	1.607043e-02	9.123199e-04
842           	3.121829e-01	1.482235e-01	1.639594e-01	6.658044e-02	5.436998e-02	1.221046e-02	2.107976e-02	-7.867945e-03	7.696075e-03	1.731036e-02	1.635126e-02	9.591061e-04
843           	3.120480e-01	1.480075e-01	1.640405e-01	6.516920e-02	5.284872e-02	1.232048e-02	2.026412e-02	-8.016477e-03	7.751945e-03	1.743335e-02	1.646862e-02	9.647287e-04
844           	3.117222e-01	1.476635e-01	1.640587e-01	6.340231e-02	5.125548e-02	1.214683e-02	1.955432e-02	-8.197577e-03	7.737076e-03	1.726562e-02	1.636989e-02	8.957349e-04
845           	3.113063e-01	1.472971e-01	1.640092e-01	6.151073e-02	4.974952e-02	1.176121e-02	1.899416e-02	-8.356057e-03	7.651071e-03	1.685840e-02	1.608027e-02	7.781273e-04
846           	3.107119e-01	1.468840e-01	1.638279e-01	5.997444e-02	4.856572e-02	1.140873e-02	1.857850e-02	-8.471955e-03	7.506255e-03	1.631051e-02	1.566151e-02	6.489990e-04
847           	3.100749e-01	1.465177e-01	1.635573e-01	5.902121e-02	4.777919e-02	1.124202e-02	1.826859e-02	-8.519798e-03	7.328436e-03	1.581336e-02	1.523511e-02	5.782427e-04
848           	3.093616e-01	1.461898e-01	1.631718e-01	5.899322e-02	4.745773e-02	1.153548e-02	1.796113e-02	-8.491046e-03	7.153192e-03	1.547097e-02	1.488867e-02	5.822909e-04
849           	3.088395e-01	1.460418e-01	1.627977e-01	5.983002e-02	4.750728e-02	1.232274e-02	1.759227e-02	-8.377915e-03	7.015250e-03	1.534771e-02	1.468911e-02	6.586049e-04
850           	3.085026e-01	1.460209e-01	1.624817e-01	6.114756e-02	4.763648e-02	1.351108e-02	1.706270e-02	-8.230390e-03	6.947258e-03	1.532830e-02	1.461141e-02	7.168894e-04
851           	3.085710e-01	1.462268e-01	1.623443e-01	6.264729e-02	4.769024e-02	1.495704e-02	1.636660e-02	-8.058769e-03	6.939194e-03	1.538753e-02	1.463296e-02	7.545681e-04
852           	3.088981e-01	1.465587e-01	1.623394e-01	6.453439e-02	4.778957e-02	1.674482e-02	1.552237e-02	-7.890371e-03	6.973392e-03	1.544392e-02	1.469535e-02	7.485664e-04
853           	3.094920e-01	1.470314e-01	1.624605e-01	6.691002e-02	4.807182e-02	1.883820e-02	1.461681e-02	-7.714542e-03	7.026129e-03	1.554289e-02	1.479758e-02	7.453181e-04
854           	3.100790e-01	1.474672e-01	1.626118e-01	6.946373e-02	4.851411e-02	2.094963e-02	1.378224e-02	-7.572323e-03	7.054968e-03	1.561323e-02	1.486158e-02	7.516461e-04
855           	3.107212e-01	1.478826e-01	1.628387e-01	7.165007e-02	4.892487e-02	2.272521e-02	1.309983e-02	-7.478053e-03	7.015264e-03	1.568533e-02	1.485793e-02	8.274013e-04
856           	3.112172e-01	1.481345e-01	1.630827e-01	7.320298e-02	4.911820e-02	2.408478e-02	1.251671e-02	-7.474108e-03	6.890916e-03	1.575447e-02	1.476815e-02	9.863209e-04
857           	3.116331e-01	1.482628e-01	1.633703e-01	7.395706e-02	4.898503e-02	2.497204e-02	1.200649e-02	-7.553731e-03	6.702697e-03	1.588702e-02	1.464621e-02	1.240814e-03
858           	3.117717e-01	1.481637e-01	1.636080e-01	7.391141e-02	4.853642e-02	2.537500e-02	1.158071e-02	-7.722160e-03	6.469508e-03	1.599471e-02	1.446686e-02	1.527846e-03
859           	3.117588e-01	1.479287e-01	1.638301e-01	7.307908e-02	4.785781e-02	2.522127e-02	1.131827e-02	-7.950710e-03	6.218436e-03	1.606519e-02	1.425103e-02	1.814158e-03
860           	3.115051e-01	1.475372e-01	1.639679e-01	7.159561e-02	4.712686e-02	2.446875e-02	1.132905e-02	-8.215380e-03	5.946571e-03	1.598418e-02	1.393866e-02	2.045520e-03
861           	3.112317e-01	1.471650e-01	1.640667e-01	6.969922e-02	4.669652e-02	2.300269e-02	1.184692e-02	-8.450875e-03	5.662240e-03	1.580093e-02	1.356271e-02	2.238228e-03
862           	3.109332e-01	1.468573e-01	1.640758e-01	6.767797e-02	4.674155e-02	2.093642e-02	1.290257e-02	-8.609235e-03	5.368613e-03	1.555452e-02	1.314587e-02	2.408645e-03
863           	3.107209e-01	1.467077e-01	1.640132e-01	6.588175e-02	4.716683e-02	1.871492e-02	1.422596e-02	-8.652727e-03	5.110992e-03	1.541377e-02	1.281788e-02	2.595892e-03
864           	3.104628e-01	1.466466e-01	1.638163e-01	6.488099e-02	4.798753e-02	1.689345e-02	1.554704e-02	-8.584844e-03	4.946706e-03	1.544356e-02	1.266848e-02	2.775072e-03
865           	3.102637e-01	1.467189e-01	1.635448e-01	6.467607e-02	4.907399e-02	1.560208e-02	1.673596e-02	-8.412919e-03	4.922073e-03	1.564736e-02	1.274575e-02	2.901607e-03
866           	3.100488e-01	1.468228e-01	1.632259e-01	6.482994e-02	4.999876e-02	1.483118e-02	1.758379e-02	-8.201565e-03	5.042502e-03	1.586938e-02	1.297719e-02	2.892188e-03
867           	3.099536e-01	1.469964e-01	1.629572e-01	6.489985e-02	5.044385e-02	1.445600e-02	1.799393e-02	-7.980389e-03	5.282805e-03	1.605450e-02	1.331005e-02	2.744445e-03
868           	3.098458e-01	1.471508e-01	1.626950e-01	6.500184e-02	5.038515e-02	1.461669e-02	1.788423e-02	-7.772109e-03	5.599404e-03	1.617158e-02	1.368519e-02	2.486384e-03
869           	3.097718e-01	1.473114e-01	1.624604e-01	6.538330e-02	4.995648e-02	1.542683e-02	1.726483e-02	-7.574457e-03	5.920753e-03	1.618497e-02	1.401324e-02	2.171733e-03
870           	3.095728e-01	1.473539e-01	1.622189e-01	6.608531e-02	4.924842e-02	1.683690e-02	1.620576e-02	-7.432544e-03	6.166410e-03	1.593527e-02	1.413405e-02	1.801227e-03
871           	3.093706e-01	1.473262e-01	1.620444e-01	6.689459e-02	4.839816e-02	1.849643e-02	1.495086e-02	-7.359102e-03	6.289197e-03	1.543905e-02	1.400872e-02	1.430328e-03
872           	3.091037e-01	1.471718e-01	1.619319e-01	6.755845e-02	4.748729e-02	2.007115e-02	1.370807e-02	-7.380018e-03	6.278811e-03	1.476629e-02	1.366196e-02	1.104336e-03
873           	3.089348e-01	1.469824e-01	1.619524e-01	6.776363e-02	4.657356e-02	2.119007e-02	1.269174e-02	-7.485004e-03	6.139544e-03	1.407503e-02	1.317706e-02	8.979706e-04
874           	3.088029e-01	1.467124e-01	1.620905e-01	6.740519e-02	4.575881e-02	2.164639e-02	1.205621e-02	-7.689088e-03	5.894789e-03	1.339757e-02	1.259358e-02	8.039982e-04
875           	3.088647e-01	1.464756e-01	1.623891e-01	6.645645e-02	4.520243e-02	2.125402e-02	1.197420e-02	-7.956749e-03	5.581578e-03	1.276561e-02	1.196438e-02	8.012253e-04
876           	3.090520e-01	1.462740e-01	1.627780e-01	6.513405e-02	4.506200e-02	2.007206e-02	1.249497e-02	-8.251999e-03	5.233959e-03	1.214868e-02	1.130830e-02	8.403829e-04
877           	3.094543e-01	1.462340e-01	1.632202e-01	6.374891e-02	4.544912e-02	1.829979e-02	1.357467e-02	-8.493104e-03	4.888635e-03	1.158517e-02	1.068122e-02	9.039497e-04
878           	3.099068e-01	1.463072e-01	1.635997e-01	6.250780e-02	4.624466e-02	1.626315e-02	1.499076e-02	-8.646259e-03	4.564545e-03	1.105981e-02	1.009445e-02	9.653577e-04
879           	3.104757e-01	1.465536e-01	1.639221e-01	6.149251e-02	4.731832e-02	1.417419e-02	1.657206e-02	-8.684283e-03	4.303313e-03	1.066455e-02	9.635591e-03	1.028964e-03
880           	3.110473e-01	1.468871e-01	1.641602e-01	6.092528e-02	4.858407e-02	1.234121e-02	1.812143e-02	-8.636554e-03	4.146752e-03	1.045111e-02	9.372308e-03	1.078804e-03
881           	3.116562e-01	1.473173e-01	1.643390e-01	6.065369e-02	4.975560e-02	1.089809e-02	1.942876e-02	-8.510854e-03	4.128646e-03	1.046561e-02	9.361451e-03	1.104159e-03
882           	3.120796e-01	1.477028e-01	1.643768e-01	6.055326e-02	5.055101e-02	1.000225e-02	2.027438e-02	-8.336987e-03	4.233396e-03	1.062327e-02	9.545032e-03	1.078240e-03
883           	3.123317e-01	1.480652e-01	1.642665e-01	6.051409e-02	5.085345e-02	9.660634e-03	2.059641e-02	-8.100657e-03	4.413823e-03	1.085957e-02	9.843608e-03	1.015962e-03
884           	3.122813e-01	1.483452e-01	1.639361e-01	6.071973e-02	5.077546e-02	9.944273e-03	2.041559e-02	-7.795485e-03	4.599271e-03	1.105722e-02	1.012788e-02	9.293387e-04
885           	3.120355e-01	1.486167e-01	1.634188e-01	6.114982e-02	5.039579e-02	1.075403e-02	1.982088e-02	-7.401037e-03	4.732775e-03	1.119033e-02	1.032794e-02	8.623890e-04
886           	3.115321e-01	1.487888e-01	1.627433e-01	6.158920e-02	4.967567e-02	1.191353e-02	1.888107e-02	-6.977263e-03	4.773221e-03	1.117683e-02	1.036164e-02	8.151962e-04
887           	3.109463e-01	1.489126e-01	1.620338e-01	6.175459e-02	4.859927e-02	1.315532e-02	1.772197e-02	-6.560607e-03	4.722787e-03	1.101281e-02	1.022919e-02	7.836197e-04
888           	3.102475e-01	1.488932e-01	1.613543e-01	6.149125e-02	4.719895e-02	1.429230e-02	1.645332e-02	-6.230578e-03	4.601355e-03	1.068961e-02	9.946162e-03	7.434522e-04
889           	3.096318e-01	1.487935e-01	1.608383e-01	6.075896e-02	4.560095e-02	1.515801e-02	1.522147e-02	-6.022402e-03	4.443949e-03	1.027145e-02	9.579673e-03	6.917755e-04
890           	3.090716e-01	1.485554e-01	1.605162e-01	5.970974e-02	4.401177e-02	1.569797e-02	1.415690e-02	-5.980389e-03	4.260295e-03	9.763182e-03	9.141886e-03	6.212956e-04
891           	3.087941e-01	1.483239e-01	1.604702e-01	5.852279e-02	4.272188e-02	1.580091e-02	1.346048e-02	-6.073151e-03	4.055914e-03	9.231213e-03	8.671520e-03	5.596929e-04
892           	3.087471e-01	1.480949e-01	1.606522e-01	5.744616e-02	4.190997e-02	1.553619e-02	1.318689e-02	-6.278625e-03	3.826502e-03	8.702048e-03	8.177525e-03	5.245224e-04
893           	3.090324e-01	1.479870e-01	1.610454e-01	5.675496e-02	4.171303e-02	1.504194e-02	1.333555e-02	-6.529202e-03	3.597728e-03	8.272887e-03	7.734172e-03	5.387153e-04
894           	3.094514e-01	1.479201e-01	1.615313e-01	5.676288e-02	4.216356e-02	1.459932e-02	1.378212e-02	-6.805635e-03	3.387258e-03	7.930581e-03	7.352548e-03	5.780325e-04
895           	3.100055e-01	1.479400e-01	1.620655e-01	5.768343e-02	4.322705e-02	1.445638e-02	1.438534e-02	-7.062790e-03	3.234174e-03	7.733202e-03	7.100775e-03	6.324269e-04
896           	3.104751e-01	1.479598e-01	1.625153e-01	5.981843e-02	4.486922e-02	1.494921e-02	1.496001e-02	-7.277709e-03	3.156840e-03	7.690732e-03	7.002206e-03	6.885262e-04
897           	3.108827e-01	1.480307e-01	1.628520e-01	6.303505e-02	4.687286e-02	1.616219e-02	1.535534e-02	-7.410658e-03	3.180424e-03	7.824439e-03	7.092644e-03	7.317958e-04
898           	3.110565e-01	1.480527e-01	1.630038e-01	6.698887e-02	4.889941e-02	1.808947e-02	1.540497e-02	-7.475570e-03	3.287511e-03	8.066322e-03	7.320672e-03	7.456497e-04
899           	3.110711e-01	1.480564e-01	1.630147e-01	7.122237e-02	5.066370e-02	2.055867e-02	1.505252e-02	-7.479128e-03	3.427382e-03	8.455224e-03	7.654994e-03	8.002300e-04
900           	3.107954e-01	1.479710e-01	1.628244e-01	7.546408e-02	5.210027e-02	2.336381e-02	1.436823e-02	-7.426710e-03	3.561739e-03	8.928015e-03	8.025746e-03	9.022687e-04
901           	3.103653e-01	1.478843e-01	1.624810e-01	7.912528e-02	5.311729e-02	2.600799e-02	1.355465e-02	-7.298317e-03	3.659708e-03	9.477920e-03	8.398668e-03	1.079252e-03
902           	3.097406e-01	1.477578e-01	1.619827e-01	8.170100e-02	5.364883e-02	2.805217e-02	1.279833e-02	-7.112461e-03	3.703034e-03	9.909617e-03	8.657842e-03	1.251775e-03
903           	3.091622e-01	1.477019e-01	1.614602e-01	8.293707e-02	5.375499e-02	2.918208e-02	1.228646e-02	-6.879140e-03	3.699148e-03	1.014413e-02	8.771212e-03	1.372916e-03
904           	3.086549e-01	1.476847e-01	1.609702e-01	8.288719e-02	5.355265e-02	2.933455e-02	1.210905e-02	-6.642728e-03	3.663862e-03	1.015908e-02	8.743404e-03	1.415680e-03
905           	3.083927e-01	1.477586e-01	1.606341e-01	8.158990e-02	5.310093e-02	2.848897e-02	1.230598e-02	-6.437746e-03	3.606599e-03	1.006901e-02	8.641104e-03	1.427906e-03
906           	3.082897e-01	1.478308e-01	1.604589e-01	7.926771e-02	5.250592e-02	2.676179e-02	1.287206e-02	-6.314060e-03	3.526952e-03	9.915532e-03	8.484718e-03	1.430814e-03
907           	3.083995e-01	1.479229e-01	1.604766e-01	7.614240e-02	5.187215e-02	2.427025e-02	1.380095e-02	-6.276854e-03	3.440785e-03	9.774437e-03	8.328004e-03	1.446433e-03
908           	3.085896e-01	1.479801e-01	1.606095e-01	7.259751e-02	5.132731e-02	2.127020e-02	1.502855e-02	-6.314682e-03	3.349550e-03	9.628559e-03	8.163829e-03	1.464729e-03
909           	3.088984e-01	1.480648e-01	1.608336e-01	6.913868e-02	5.103579e-02	1.810289e-02	1.646645e-02	-6.384409e-03	3.274392e-03	9.555433e-03	8.052109e-03	1.503324e-03
910           	3.091775e-01	1.481035e-01	1.610741e-01	6.642811e-02	5.113381e-02	1.529429e-02	1.791976e-02	-6.485306e-03	3.239276e-03	9.612542e-03	8.045547e-03	1.566995e-03
911           	3.094591e-01	1.481378e-01	1.613214e-01	6.480797e-02	5.161461e-02	1.319335e-02	1.921063e-02	-6.591792e-03	3.277922e-03	9.926443e-03	8.241143e-03	1.685300e-03
912           	3.095920e-01	1.480953e-01	1.614967e-01	6.442863e-02	5.248714e-02	1.194148e-02	2.027283e-02	-6.700726e-03	3.415722e-03	1.053886e-02	8.685152e-03	1.853708e-03
913           	3.097361e-01	1.480663e-01	1.616697e-01	6.504728e-02	5.370162e-02	1.134566e-02	2.117798e-02	-6.801699e-03	3.667050e-03	1.146069e-02	9.397397e-03	2.063298e-03
914           	3.098497e-01	1.480075e-01	1.618422e-01	6.612311e-02	5.500728e-02	1.111584e-02	2.194572e-02	-6.917375e-03	3.991982e-03	1.252369e-02	1.025383e-02	2.269864e-03
915           	3.101243e-01	1.480284e-01	1.620959e-01	6.715135e-02	5.622309e-02	1.092826e-02	2.264741e-02	-7.033782e-03	4.326770e-03	1.357477e-02	1.111416e-02	2.460616e-03
916           	3.105056e-01	1.481183e-01	1.623873e-01	6.798369e-02	5.731157e-02	1.067212e-02	2.331973e-02	-7.134527e-03	4.588744e-03	1.441844e-02	1.179796e-02	2.620476e-03
917           	3.110774e-01	1.483830e-01	1.626944e-01	6.847618e-02	5.826875e-02	1.020743e-02	2.403066e-02	-7.155703e-03	4.723062e-03	1.494647e-02	1.219630e-02	2.750172e-03
918           	3.116272e-01	1.487152e-01	1.629119e-01	6.863394e-02	5.905504e-02	9.578898e-03	2.473807e-02	-7.098353e-03	4.705975e-03	1.508676e-02	1.224936e-02	2.837407e-03
919           	3.121193e-01	1.490961e-01	1.630232e-01	6.852926e-02	5.960139e-02	8.927868e-03	2.533676e-02	-6.963572e-03	4.569368e-03	1.491519e-02	1.202696e-02	2.888225e-03
920           	3.123178e-01	1.493464e-01	1.629713e-01	6.830306e-02	5.980430e-02	8.498758e-03	2.565277e-02	-6.812464e-03	4.350940e-03	1.451735e-02	1.160962e-02	2.907737e-03
921           	3.122387e-01	1.494440e-01	1.627947e-01	6.801258e-02	5.963978e-02	8.372804e-03	2.563349e-02	-6.675390e-03	4.096912e-03	1.402533e-02	1.110958e-02	2.915752e-03
922           	3.117324e-01	1.492614e-01	1.624710e-01	6.767448e-02	5.911130e-02	8.563177e-03	2.527406e-02	-6.604784e-03	3.834964e-03	1.346986e-02	1.056989e-02	2.899964e-03
923           	3.109221e-01	1.488645e-01	1.620576e-01	6.715174e-02	5.828648e-02	8.865260e-03	2.471061e-02	-6.596555e-03	3.581154e-03	1.289942e-02	1.003087e-02	2.868556e-03
924           	3.098675e-01	1.482652e-01	1.616023e-01	6.636349e-02	5.728883e-02	9.074656e-03	2.410709e-02	-6.668522e-03	3.347036e-03	1.230044e-02	9.497255e-03	2.803182e-03
925           	3.088831e-01	1.476567e-01	1.612265e-01	6.535837e-02	5.637260e-02	8.985769e-03	2.369341e-02	-6.784883e-03	3.163153e-03	1.173474e-02	9.030524e-03	2.704218e-03
926           	3.080444e-01	1.470853e-01	1.609591e-01	6.441580e-02	5.573933e-02	8.676473e-03	2.353143e-02	-6.936896e-03	3.067143e-03	1.124634e-02	8.690315e-03	2.556029e-03
927           	3.075455e-01	1.466917e-01	1.608538e-01	6.382879e-02	5.549199e-02	8.336796e-03	2.357760e-02	-7.081034e-03	3.092269e-03	1.098365e-02	8.584094e-03	2.399556e-03
928           	3.072989e-01	1.464255e-01	1.608735e-01	6.386769e-02	5.562588e-02	8.241812e-03	2.369203e-02	-7.224005e-03	3.271513e-03	1.105899e-02	8.801008e-03	2.257981e-03
929           	3.073828e-01	1.463538e-01	1.610290e-01	6.465258e-02	5.613103e-02	8.521546e-03	2.380474e-02	-7.337614e-03	3.624097e-03	1.158126e-02	9.414728e-03	2.166534e-03
930           	3.076667e-01	1.463869e-01	1.612798e-01	6.603874e-02	5.678650e-02	9.252235e-03	2.376713e-02	-7.446472e-03	4.124463e-03	1.248438e-02	1.036665e-02	2.117730e-03
931           	3.081808e-01	1.465480e-01	1.616328e-01	6.780839e-02	5.730010e-02	1.050829e-02	2.339590e-02	-7.542379e-03	4.715984e-03	1.364655e-02	1.153926e-02	2.107289e-03
932           	3.086829e-01	1.466839e-01	1.619990e-01	6.985192e-02	5.736095e-02	1.249097e-02	2.243499e-02	-7.657574e-03	5.290097e-03	1.486216e-02	1.272118e-02	2.140983e-03
933           	3.091454e-01	1.468286e-01	1.623167e-01	7.188062e-02	5.686906e-02	1.501156e-02	2.092875e-02	-7.744035e-03	5.756850e-03	1.595252e-02	1.373311e-02	2.219409e-03
934           	3.094716e-01	1.469415e-01	1.625301e-01	7.357142e-02	5.601040e-02	1.756102e-02	1.922469e-02	-7.794330e-03	6.063593e-03	1.672691e-02	1.442705e-02	2.299863e-03
935           	3.097825e-01	1.470898e-01	1.626927e-01	7.474403e-02	5.497123e-02	1.977280e-02	1.759922e-02	-7.801458e-03	6.239501e-03	1.722573e-02	1.485237e-02	2.373366e-03
936           	3.099615e-01	1.471573e-01	1.628042e-01	7.540374e-02	5.388561e-02	2.151813e-02	1.618374e-02	-7.823460e-03	6.314887e-03	1.749422e-02	1.506200e-02	2.432225e-03
937           	3.101350e-01	1.471911e-01	1.629439e-01	7.545390e-02	5.282013e-02	2.263378e-02	1.509317e-02	-7.876386e-03	6.342164e-03	1.764700e-02	1.516566e-02	2.481334e-03
938           	3.102376e-01	1.471131e-01	1.631244e-01	7.491288e-02	5.182128e-02	2.309160e-02	1.436484e-02	-8.005642e-03	6.357119e-03	1.771459e-02	1.521441e-02	2.500174e-03
939           	3.103985e-01	1.469938e-01	1.634047e-01	7.376798e-02	5.095071e-02	2.281726e-02	1.406672e-02	-8.205434e-03	6.391535e-03	1.775455e-02	1.526881e-02	2.485739e-03
940           	3.105123e-01	1.467811e-01	1.637312e-01	7.217249e-02	5.032160e-02	2.185089e-02	1.423535e-02	-8.475072e-03	6.436544e-03	1.773490e-02	1.530399e-02	2.430903e-03
941           	3.106801e-01	1.465983e-01	1.640819e-01	7.028707e-02	5.010067e-02	2.018639e-02	1.495714e-02	-8.741811e-03	6.500174e-03	1.768083e-02	1.534059e-02	2.340242e-03
942           	3.108237e-01	1.464399e-01	1.643838e-01	6.836715e-02	5.038544e-02	1.798171e-02	1.620187e-02	-8.971981e-03	6.584640e-03	1.761848e-02	1.539388e-02	2.224602e-03
943           	3.110472e-01	1.463881e-01	1.646591e-01	6.671944e-02	5.106568e-02	1.565376e-02	1.770596e-02	-9.135532e-03	6.751257e-03	1.770979e-02	1.560615e-02	2.103639e-03
944           	3.112169e-01	1.463609e-01	1.648560e-01	6.594330e-02	5.203207e-02	1.391124e-02	1.906041e-02	-9.247544e-03	7.043873e-03	1.800690e-02	1.604732e-02	1.959577e-03
945           	3.114603e-01	1.464505e-01	1.650098e-01	6.617763e-02	5.315423e-02	1.302340e-02	2.006542e-02	-9.279643e-03	7.473074e-03	1.849443e-02	1.672029e-02	1.774142e-03
946           	3.117235e-01	1.465979e-01	1.651256e-01	6.722428e-02	5.420869e-02	1.301559e-02	2.059655e-02	-9.263867e-03	7.979838e-03	1.906802e-02	1.751385e-02	1.554173e-03
947           	3.121099e-01	1.468546e-01	1.652553e-01	6.874807e-02	5.500173e-02	1.374634e-02	2.062770e-02	-9.200344e-03	8.500920e-03	1.966686e-02	1.833435e-02	1.332508e-03
948           	3.124635e-01	1.471012e-01	1.653624e-01	7.052070e-02	5.536447e-02	1.515623e-02	2.010412e-02	-9.130604e-03	8.956714e-03	2.021464e-02	1.906403e-02	1.150606e-03
949           	3.127676e-01	1.473410e-01	1.654266e-01	7.230153e-02	5.520748e-02	1.709405e-02	1.905671e-02	-9.042797e-03	9.305436e-03	2.064737e-02	1.962912e-02	1.018250e-03
950           	3.128098e-01	1.474567e-01	1.653532e-01	7.393657e-02	5.457008e-02	1.936649e-02	1.760179e-02	-8.948256e-03	9.485016e-03	2.085301e-02	1.991152e-02	9.414916e-04
951           	3.126929e-01	1.475269e-01	1.651660e-01	7.523409e-02	5.358758e-02	2.164651e-02	1.597053e-02	-8.819549e-03	9.486154e-03	2.080321e-02	1.988776e-02	9.154517e-04
952           	3.123281e-01	1.474595e-01	1.648686e-01	7.599919e-02	5.225458e-02	2.374461e-02	1.425499e-02	-8.704540e-03	9.329518e-03	2.052101e-02	1.959002e-02	9.309865e-04
953           	3.118457e-01	1.473196e-01	1.645260e-01	7.622464e-02	5.069023e-02	2.553442e-02	1.257790e-02	-8.603202e-03	9.071566e-03	2.009847e-02	1.912080e-02	9.776697e-04
954           	3.111768e-01	1.470281e-01	1.641487e-01	7.600291e-02	4.903291e-02	2.697000e-02	1.103145e-02	-8.560308e-03	8.740789e-03	1.961953e-02	1.855055e-02	1.068974e-03
955           	3.104831e-01	1.466645e-01	1.638186e-01	7.531031e-02	4.742964e-02	2.788068e-02	9.774480e-03	-8.577038e-03	8.416113e-03	1.914048e-02	1.798635e-02	1.154126e-03
956           	3.097591e-01	1.462016e-01	1.635575e-01	7.409357e-02	4.603842e-02	2.805516e-02	8.991630e-03	-8.677945e-03	8.120056e-03	1.864008e-02	1.744009e-02	1.199983e-03
957           	3.092457e-01	1.458059e-01	1.634398e-01	7.229301e-02	4.509426e-02	2.719874e-02	8.947759e-03	-8.816930e-03	7.895628e-03	1.811406e-02	1.695266e-02	1.161403e-03
958           	3.089709e-01	1.455321e-01	1.634388e-01	6.998854e-02	4.474719e-02	2.524135e-02	9.752924e-03	-8.953327e-03	7.747302e-03	1.753777e-02	1.651618e-02	1.021581e-03
959           	3.090905e-01	1.455397e-01	1.635508e-01	6.751184e-02	4.496405e-02	2.254779e-02	1.120813e-02	-9.005535e-03	7.719173e-03	1.699167e-02	1.621501e-02	7.766636e-04
960           	3.093829e-01	1.457112e-01	1.636716e-01	6.560994e-02	4.559518e-02	2.001476e-02	1.279021e-02	-8.980209e-03	7.811431e-03	1.657933e-02	1.610109e-02	4.782331e-04
961           	3.098716e-01	1.460662e-01	1.638054e-01	6.468306e-02	4.659506e-02	1.808800e-02	1.425353e-02	-8.869624e-03	8.027864e-03	1.635958e-02	1.620765e-02	1.519255e-04
962           	3.104082e-01	1.464886e-01	1.639196e-01	6.480589e-02	4.785195e-02	1.695394e-02	1.544900e-02	-8.715540e-03	8.325707e-03	1.631284e-02	1.648213e-02	-1.692878e-04
963           	3.110753e-01	1.470247e-01	1.640506e-01	6.581074e-02	4.920918e-02	1.660156e-02	1.630381e-02	-8.512914e-03	8.667367e-03	1.642144e-02	1.687809e-02	-4.566458e-04
964           	3.117242e-01	1.475510e-01	1.641732e-01	6.747868e-02	5.050091e-02	1.697777e-02	1.676157e-02	-8.311129e-03	8.978523e-03	1.663074e-02	1.729389e-02	-6.631528e-04
965           	3.124103e-01	1.480884e-01	1.643219e-01	6.949772e-02	5.156283e-02	1.793489e-02	1.681397e-02	-8.116755e-03	9.215322e-03	1.690612e-02	1.766838e-02	-7.622621e-04
966           	3.129356e-01	1.484838e-01	1.644519e-01	7.162106e-02	5.229935e-02	1.932171e-02	1.648882e-02	-7.984063e-03	9.316334e-03	1.719008e-02	1.791137e-02	-7.212933e-04
967           	3.133877e-01	1.487965e-01	1.645912e-01	7.363010e-02	5.267785e-02	2.095224e-02	1.586281e-02	-7.897390e-03	9.300024e-03	1.746535e-02	1.803270e-02	-5.673504e-04
968           	3.136683e-01	1.489552e-01	1.647131e-01	7.531902e-02	5.266548e-02	2.265354e-02	1.500597e-02	-7.878932e-03	9.176194e-03	1.767294e-02	1.801266e-02	-3.397249e-04
969           	3.139201e-01	1.490688e-01	1.648513e-01	7.649611e-02	5.228059e-02	2.421552e-02	1.403254e-02	-7.891209e-03	8.988402e-03	1.781405e-02	1.789543e-02	-8.137575e-05
970           	3.140501e-01	1.490561e-01	1.649940e-01	7.708875e-02	5.155617e-02	2.553258e-02	1.301179e-02	-7.968973e-03	8.783012e-03	1.789600e-02	1.773101e-02	1.649864e-04
971           	3.142143e-01	1.490133e-01	1.652009e-01	7.702423e-02	5.058323e-02	2.644101e-02	1.207111e-02	-8.093781e-03	8.602826e-03	1.795901e-02	1.758233e-02	3.766769e-04
972           	3.143081e-01	1.488775e-01	1.654307e-01	7.635307e-02	4.952022e-02	2.683285e-02	1.134369e-02	-8.276600e-03	8.420643e-03	1.793437e-02	1.738783e-02	5.465433e-04
973           	3.144554e-01	1.487518e-01	1.657036e-01	7.504812e-02	4.851236e-02	2.653576e-02	1.098830e-02	-8.475918e-03	8.241182e-03	1.780282e-02	1.714259e-02	6.602283e-04
974           	3.145577e-01	1.486051e-01	1.659526e-01	7.335891e-02	4.778978e-02	2.556914e-02	1.111032e-02	-8.673777e-03	8.071489e-03	1.752747e-02	1.683522e-02	6.922467e-04
975           	3.147445e-01	1.485755e-01	1.661690e-01	7.157643e-02	4.756697e-02	2.400946e-02	1.177875e-02	-8.796757e-03	7.954382e-03	1.724031e-02	1.657454e-02	6.657727e-04
976           	3.148383e-01	1.485665e-01	1.662718e-01	7.015778e-02	4.790089e-02	2.225688e-02	1.282200e-02	-8.852647e-03	7.933273e-03	1.708548e-02	1.647601e-02	6.094680e-04
977           	3.148956e-01	1.486364e-01	1.662591e-01	6.942686e-02	4.874605e-02	2.068081e-02	1.403262e-02	-8.811337e-03	8.036805e-03	1.719952e-02	1.663657e-02	5.629575e-04
978           	3.148240e-01	1.487075e-01	1.661164e-01	6.941745e-02	4.996537e-02	1.945208e-02	1.525665e-02	-8.704459e-03	8.231095e-03	1.752900e-02	1.699559e-02	5.334025e-04
979           	3.148061e-01	1.488700e-01	1.659361e-01	6.969842e-02	5.120011e-02	1.849830e-02	1.635090e-02	-8.533026e-03	8.491828e-03	1.799315e-02	1.748840e-02	5.047481e-04
980           	3.147792e-01	1.490415e-01	1.657378e-01	6.999136e-02	5.222778e-02	1.776358e-02	1.723210e-02	-8.348159e-03	8.788919e-03	1.846533e-02	1.802158e-02	4.437445e-04
981           	3.148511e-01	1.492780e-01	1.655731e-01	7.012479e-02	5.296454e-02	1.716025e-02	1.790215e-02	-8.147547e-03	9.116637e-03	1.891316e-02	1.857322e-02	3.399422e-04
982           	3.148063e-01	1.494332e-01	1.653731e-01	7.033556e-02	5.340920e-02	1.692636e-02	1.824142e-02	-7.969912e-03	9.452187e-03	1.925394e-02	1.907915e-02	1.747811e-04
983           	3.146902e-01	1.495371e-01	1.651530e-01	7.078109e-02	5.357668e-02	1.720441e-02	1.818613e-02	-7.807960e-03	9.742355e-03	1.946033e-02	1.947252e-02	-1.218942e-05
984           	3.144279e-01	1.494826e-01	1.649453e-01	7.143249e-02	5.354933e-02	1.788316e-02	1.783308e-02	-7.731353e-03	9.942811e-03	1.953367e-02	1.970965e-02	-1.759768e-04
985           	3.142062e-01	1.493486e-01	1.648575e-01	7.194311e-02	5.327745e-02	1.866565e-02	1.730590e-02	-7.754436e-03	1.004680e-02	1.961489e-02	1.985425e-02	-2.393564e-04
986           	3.139364e-01	1.490656e-01	1.648709e-01	7.220584e-02	5.276174e-02	1.944410e-02	1.665882e-02	-7.902648e-03	1.004334e-02	1.974399e-02	1.991533e-02	-1.713410e-04
987           	3.137368e-01	1.487221e-01	1.650147e-01	7.216395e-02	5.204336e-02	2.012059e-02	1.596138e-02	-8.146305e-03	9.945433e-03	1.997865e-02	1.993476e-02	4.389242e-05
988           	3.134752e-01	1.482620e-01	1.652132e-01	7.189435e-02	5.125542e-02	2.063893e-02	1.530825e-02	-8.475600e-03	9.756451e-03	2.024780e-02	1.988035e-02	3.674482e-04
989           	3.132497e-01	1.477965e-01	1.654532e-01	7.135330e-02	5.051247e-02	2.084083e-02	1.483582e-02	-8.828383e-03	9.491480e-03	2.047494e-02	1.972895e-02	7.459882e-04
990           	3.129101e-01	1.472867e-01	1.656234e-01	7.066826e-02	4.998994e-02	2.067832e-02	1.465581e-02	-9.168322e-03	9.168813e-03	2.056580e-02	1.945171e-02	1.114088e-03
991           	3.125836e-01	1.468801e-01	1.657035e-01	7.004764e-02	4.985245e-02	2.019518e-02	1.482863e-02	-9.411677e-03	8.838096e-03	2.055189e-02	1.911404e-02	1.437851e-03
992           	3.121187e-01	1.465144e-01	1.656042e-01	6.975693e-02	5.012128e-02	1.963564e-02	1.524282e-02	-9.544905e-03	8.546851e-03	2.049962e-02	1.879666e-02	1.702960e-03
993           	3.115890e-01	1.462591e-01	1.653299e-01	6.991252e-02	5.067707e-02	1.923544e-02	1.572081e-02	-9.535414e-03	8.359419e-03	2.051107e-02	1.861496e-02	1.896118e-03
994           	3.108431e-01	1.460214e-01	1.648217e-01	7.071173e-02	5.145006e-02	1.926168e-02	1.609419e-02	-9.400145e-03	8.298129e-03	2.060015e-02	1.859820e-02	2.001945e-03
995           	3.100338e-01	1.458667e-01	1.641671e-01	7.186050e-02	5.222044e-02	1.964006e-02	1.629019e-02	-9.150168e-03	8.374527e-03	2.073289e-02	1.874097e-02	1.991917e-03
996           	3.090917e-01	1.456881e-01	1.634037e-01	7.272850e-02	5.257042e-02	2.015808e-02	1.620617e-02	-8.857799e-03	8.515017e-03	2.079606e-02	1.891305e-02	1.883013e-03
997           	3.082253e-01	1.455929e-01	1.626324e-01	7.278649e-02	5.220924e-02	2.057725e-02	1.581600e-02	-8.519745e-03	8.658407e-03	2.070160e-02	1.900921e-02	1.692395e-03
998           	3.074104e-01	1.455493e-01	1.618610e-01	7.211636e-02	5.127111e-02	2.084525e-02	1.521293e-02	-8.155864e-03	8.706405e-03	2.036089e-02	1.888685e-02	1.474041e-03
999           	3.068960e-01	1.456965e-01	1.611995e-01	7.106650e-02	5.015746e-02	2.090904e-02	1.462421e-02	-7.751500e-03	8.640569e-03	1.972500e-02	1.850307e-02	1.221930e-03
1000          	3.066015e-01	1.459152e-01	1.606864e-01	6.992258e-02	4.915342e-02	2.076916e-02	1.419213e-02	-7.385601e-03	8.448623e-03	1.883078e-02	1.786401e-02	9.667670e-04
1001          	3.066542e-01	1.462519e-01	1.604023e-01	6.867957e-02	4.831173e-02	2.036784e-02	1.397195e-02	-7.075184e-03	8.156672e-03	1.774672e-02	1.703003e-02	7.166855e-04
1002          	3.068848e-01	1.465505e-01	1.603343e-01	6.744881e-02	4.766954e-02	1.977927e-02	1.394514e-02	-6.891899e-03	7.742096e-03	1.656907e-02	1.602663e-02	5.424367e-04
1003          	3.073325e-01	1.468181e-01	1.605144e-01	6.623411e-02	4.724229e-02	1.899183e-02	1.412523e-02	-6.848169e-03	7.240186e-03	1.537207e-02	1.492622e-02	4.458469e-04
1004          	3.077934e-01	1.469247e-01	1.608687e-01	6.506664e-02	4.704433e-02	1.802231e-02	1.451101e-02	-6.972010e-03	6.637235e-03	1.419686e-02	1.373566e-02	4.611943e-04
1005          	3.083599e-01	1.469636e-01	1.613963e-01	6.390708e-02	4.707836e-02	1.682873e-02	1.512481e-02	-7.216336e-03	5.997848e-03	1.308763e-02	1.254166e-02	5.459664e-04
1006          	3.088516e-01	1.468720e-01	1.619796e-01	6.289110e-02	4.741144e-02	1.547966e-02	1.596589e-02	-7.553848e-03	5.366620e-03	1.210156e-02	1.141740e-02	6.841612e-04
1007          	3.093669e-01	1.467896e-01	1.625773e-01	6.209127e-02	4.802398e-02	1.406730e-02	1.697834e-02	-7.893846e-03	4.847204e-03	1.132308e-02	1.050874e-02	8.143366e-04
1008          	3.097619e-01	1.466831e-01	1.630789e-01	6.165362e-02	4.886178e-02	1.279183e-02	1.803497e-02	-8.197905e-03	4.455331e-03	1.080882e-02	9.859741e-03	9.490781e-04
1009          	3.101623e-01	1.466855e-01	1.634768e-01	6.170915e-02	4.988727e-02	1.182188e-02	1.903270e-02	-8.395659e-03	4.238057e-03	1.061737e-02	9.546740e-03	1.070625e-03
1010          	3.104270e-01	1.467256e-01	1.637013e-01	6.253866e-02	5.112999e-02	1.140867e-02	1.986066e-02	-8.487834e-03	4.170735e-03	1.072800e-02	9.534736e-03	1.193266e-03
1011          	3.106907e-01	1.468819e-01	1.638088e-01	6.411479e-02	5.251584e-02	1.159896e-02	2.045844e-02	-8.463465e-03	4.268272e-03	1.108278e-02	9.809659e-03	1.273116e-03
1012          	3.108492e-01	1.470601e-01	1.637891e-01	6.611882e-02	5.385758e-02	1.226124e-02	2.079817e-02	-8.364459e-03	4.482126e-03	1.159156e-02	1.027791e-02	1.313656e-03
1013          	3.110248e-01	1.473426e-01	1.636822e-01	6.815165e-02	5.497947e-02	1.317218e-02	2.090364e-02	-8.169771e-03	4.777162e-03	1.217634e-02	1.086533e-02	1.311007e-03
1014          	3.110620e-01	1.476265e-01	1.634356e-01	6.999072e-02	5.582509e-02	1.416563e-02	2.082973e-02	-7.904540e-03	5.068734e-03	1.274226e-02	1.143986e-02	1.302394e-03
1015          	3.110898e-01	1.479859e-01	1.631039e-01	7.137049e-02	5.634452e-02	1.502598e-02	2.065927e-02	-7.559019e-03	5.325530e-03	1.322032e-02	1.193569e-02	1.284627e-03
1016          	3.110073e-01	1.483056e-01	1.627017e-01	7.214202e-02	5.651500e-02	1.562702e-02	2.044399e-02	-7.198031e-03	5.505007e-03	1.354716e-02	1.227859e-02	1.268573e-03
1017          	3.109661e-01	1.486325e-01	1.623336e-01	7.219842e-02	5.633487e-02	1.586355e-02	2.023566e-02	-6.850519e-03	5.638861e-03	1.370181e-02	1.248977e-02	1.212044e-03
1018          	3.108685e-01	1.488415e-01	1.620269e-01	7.167024e-02	5.591640e-02	1.575384e-02	2.008128e-02	-6.592686e-03	5.733888e-03	1.369831e-02	1.258304e-02	1.115265e-03
1019          	3.108742e-01	1.489858e-01	1.618884e-01	7.064452e-02	5.537978e-02	1.526474e-02	2.005752e-02	-6.451334e-03	5.824034e-03	1.359218e-02	1.262013e-02	9.720577e-04
1020          	3.108617e-01	1.489571e-01	1.619046e-01	6.926237e-02	5.485525e-02	1.440713e-02	2.022406e-02	-6.473761e-03	5.857539e-03	1.336943e-02	1.254226e-02	8.271781e-04
1021          	3.109813e-01	1.488531e-01	1.621282e-01	6.758467e-02	5.444323e-02	1.314144e-02	2.065089e-02	-6.637520e-03	5.817558e-03	1.305136e-02	1.234324e-02	7.081193e-04
1022          	3.110910e-01	1.486035e-01	1.624875e-01	6.587647e-02	5.428321e-02	1.159326e-02	2.134498e-02	-6.941998e-03	5.686000e-03	1.269188e-02	1.203194e-02	6.599381e-04
1023          	3.112971e-01	1.483238e-01	1.629732e-01	6.446651e-02	5.443025e-02	1.003626e-02	2.219699e-02	-7.324684e-03	5.553353e-03	1.246166e-02	1.178419e-02	6.774786e-04
1024          	3.114142e-01	1.479626e-01	1.634516e-01	6.370743e-02	5.488410e-02	8.823331e-03	2.303039e-02	-7.744535e-03	5.467978e-03	1.247398e-02	1.170497e-02	7.690095e-04
1025          	3.115453e-01	1.476435e-01	1.639018e-01	6.372783e-02	5.560111e-02	8.126720e-03	2.373719e-02	-8.129167e-03	5.481576e-03	1.277754e-02	1.187035e-02	9.071960e-04
1026          	3.115752e-01	1.473186e-01	1.642566e-01	6.464878e-02	5.655502e-02	8.093764e-03	2.423063e-02	-8.468970e-03	5.576452e-03	1.335682e-02	1.225486e-02	1.101956e-03
1027          	3.116663e-01	1.471122e-01	1.645541e-01	6.619713e-02	5.755721e-02	8.639929e-03	2.445864e-02	-8.720953e-03	5.750899e-03	1.416294e-02	1.283237e-02	1.330573e-03
1028          	3.117251e-01	1.469709e-01	1.647542e-01	6.815532e-02	5.844992e-02	9.705390e-03	2.437227e-02	-8.891626e-03	5.964777e-03	1.507404e-02	1.350180e-02	1.572241e-03
1029          	3.119056e-01	1.470056e-01	1.649000e-01	7.042277e-02	5.924926e-02	1.117352e-02	2.403787e-02	-8.947238e-03	6.235835e-03	1.604910e-02	1.426039e-02	1.788715e-03
1030          	3.120895e-01	1.471391e-01	1.649504e-01	7.280703e-02	5.997977e-02	1.282726e-02	2.357626e-02	-8.905612e-03	6.517175e-03	1.700014e-02	1.501725e-02	1.982897e-03
1031          	3.123935e-01	1.474442e-01	1.649493e-01	7.475855e-02	6.054418e-02	1.421437e-02	2.316491e-02	-8.752539e-03	6.770023e-03	1.782153e-02	1.568079e-02	2.140741e-03
1032          	3.126687e-01	1.477822e-01	1.648865e-01	7.589409e-02	6.083149e-02	1.506259e-02	2.288445e-02	-8.552150e-03	6.935145e-03	1.842779e-02	1.614904e-02	2.278749e-03
1033          	3.130032e-01	1.481784e-01	1.648248e-01	7.602546e-02	6.074632e-02	1.527914e-02	2.273359e-02	-8.323233e-03	7.030808e-03	1.883104e-02	1.644633e-02	2.384710e-03
1034          	3.132434e-01	1.484894e-01	1.647540e-01	7.526888e-02	6.027772e-02	1.499115e-02	2.264329e-02	-8.132297e-03	7.068432e-03	1.906281e-02	1.659984e-02	2.462974e-03
1035          	3.135047e-01	1.487689e-01	1.647357e-01	7.387020e-02	5.953053e-02	1.433967e-02	2.259543e-02	-7.983401e-03	7.106261e-03	1.916675e-02	1.668963e-02	2.477113e-03
1036          	3.136588e-01	1.489042e-01	1.647546e-01	7.218838e-02	5.866809e-02	1.352029e-02	2.257390e-02	-7.925230e-03	7.154519e-03	1.914204e-02	1.672554e-02	2.416500e-03
1037          	3.138379e-01	1.489806e-01	1.648574e-01	7.044160e-02	5.786570e-02	1.257590e-02	2.264490e-02	-7.938401e-03	7.244465e-03	1.899264e-02	1.674079e-02	2.251856e-03
1038          	3.139472e-01	1.489221e-01	1.650251e-01	6.874351e-02	5.724106e-02	1.150245e-02	2.286931e-02	-8.051473e-03	7.347371e-03	1.873098e-02	1.671286e-02	2.018117e-03
1039          	3.141335e-01	1.488366e-01	1.652969e-01	6.710956e-02	5.684058e-02	1.026898e-02	2.328580e-02	-8.230177e-03	7.468792e-03	1.839665e-02	1.666712e-02	1.729532e-03
1040          	3.142887e-01	1.486502e-01	1.656386e-01	6.567049e-02	5.662060e-02	9.049888e-03	2.378536e-02	-8.494207e-03	7.586744e-03	1.806734e-02	1.662041e-02	1.446925e-03
1041          	3.145232e-01	1.484662e-01	1.660570e-01	6.476244e-02	5.661223e-02	8.150208e-03	2.423101e-02	-8.795418e-03	7.751699e-03	1.786697e-02	1.668518e-02	1.181784e-03
1042          	3.146840e-01	1.482231e-01	1.664608e-01	6.469208e-02	5.676843e-02	7.923645e-03	2.442239e-02	-9.118852e-03	7.973695e-03	1.787286e-02	1.691012e-02	9.627348e-04
1043          	3.148765e-01	1.480420e-01	1.668345e-01	6.556184e-02	5.703840e-02	8.523440e-03	2.425748e-02	-9.396247e-03	8.286157e-03	1.811815e-02	1.734523e-02	7.729173e-04
1044          	3.149527e-01	1.478523e-01	1.671004e-01	6.747090e-02	5.736504e-02	1.010587e-02	2.362959e-02	-9.624065e-03	8.636219e-03	1.855700e-02	1.791472e-02	6.422815e-04
1045          	3.150246e-01	1.477651e-01	1.672595e-01	7.038891e-02	5.779514e-02	1.259377e-02	2.260068e-02	-9.747163e-03	8.978618e-03	1.909808e-02	1.852766e-02	5.704200e-04
1046          	3.150041e-01	1.477297e-01	1.672744e-01	7.388118e-02	5.830170e-02	1.557949e-02	2.136111e-02	-9.772368e-03	9.240294e-03	1.958863e-02	1.903461e-02	5.540196e-04
1047          	3.150436e-01	1.478372e-01	1.672064e-01	7.720237e-02	5.880128e-02	1.840109e-02	2.020010e-02	-9.684587e-03	9.404179e-03	1.991594e-02	1.936215e-02	5.537919e-04
1048          	3.150324e-01	1.479787e-01	1.670537e-01	7.985993e-02	5.918141e-02	2.067852e-02	1.925144e-02	-9.537525e-03	9.467155e-03	2.003608e-02	1.948520e-02	5.508855e-04
1049          	3.150895e-01	1.481977e-01	1.668918e-01	8.153697e-02	5.936692e-02	2.217006e-02	1.859843e-02	-9.347021e-03	9.458956e-03	1.997869e-02	1.944830e-02	5.303896e-04
1050          	3.150899e-01	1.483782e-01	1.667117e-01	8.214168e-02	5.931004e-02	2.283164e-02	1.823920e-02	-9.166733e-03	9.376411e-03	1.976652e-02	1.925967e-02	5.068476e-04
1051          	3.151841e-01	1.485916e-01	1.665925e-01	8.156427e-02	5.902971e-02	2.253457e-02	1.824757e-02	-9.000489e-03	9.242426e-03	1.945385e-02	1.896935e-02	4.845007e-04
1052          	3.152816e-01	1.487516e-01	1.665300e-01	7.976158e-02	5.855703e-02	2.120455e-02	1.867624e-02	-8.889191e-03	9.029482e-03	1.904254e-02	1.855075e-02	4.917877e-04
1053          	3.154708e-01	1.489172e-01	1.665537e-01	7.718745e-02	5.806344e-02	1.912402e-02	1.946971e-02	-8.818264e-03	8.765943e-03	1.853330e-02	1.803259e-02	5.007080e-04
1054          	3.155986e-01	1.490006e-01	1.665980e-01	7.455330e-02	5.772653e-02	1.682677e-02	2.044988e-02	-8.798698e-03	8.458826e-03	1.793419e-02	1.742592e-02	5.082689e-04
1055          	3.157891e-01	1.491042e-01	1.666849e-01	7.219039e-02	5.762331e-02	1.456707e-02	2.152812e-02	-8.790368e-03	8.172050e-03	1.732050e-02	1.683230e-02	4.882000e-04
1056          	3.159276e-01	1.491585e-01	1.667691e-01	7.040879e-02	5.777710e-02	1.263169e-02	2.257270e-02	-8.805307e-03	7.941585e-03	1.682787e-02	1.635552e-02	4.723478e-04
1057          	3.161490e-01	1.492546e-01	1.668944e-01	6.944150e-02	5.819590e-02	1.124560e-02	2.347515e-02	-8.819883e-03	7.846074e-03	1.660245e-02	1.614730e-02	4.551489e-04
1058          	3.163488e-01	1.493146e-01	1.670342e-01	6.940369e-02	5.875782e-02	1.064587e-02	2.405597e-02	-8.859832e-03	7.882248e-03	1.672229e-02	1.624339e-02	4.788958e-04
1059          	3.166567e-01	1.494155e-01	1.672412e-01	7.017969e-02	5.922971e-02	1.094998e-02	2.413987e-02	-8.912874e-03	8.066125e-03	1.719965e-02	1.666595e-02	5.336981e-04
1060          	3.169407e-01	1.494770e-01	1.674636e-01	7.180677e-02	5.942431e-02	1.238245e-02	2.352093e-02	-8.993282e-03	8.346730e-03	1.797463e-02	1.733404e-02	6.405828e-04
1061          	3.172611e-01	1.495637e-01	1.676974e-01	7.425705e-02	5.928967e-02	1.496737e-02	2.216115e-02	-9.066831e-03	8.718983e-03	1.894540e-02	1.819169e-02	7.537186e-04
1062          	3.174626e-01	1.496117e-01	1.678509e-01	7.722003e-02	5.891263e-02	1.830740e-02	2.030261e-02	-9.119601e-03	9.128342e-03	1.994492e-02	1.910080e-02	8.441166e-04
1063          	3.177307e-01	1.497622e-01	1.679684e-01	7.990630e-02	5.838163e-02	2.152467e-02	1.842848e-02	-9.103096e-03	9.536413e-03	2.076948e-02	1.992115e-02	8.483262e-04
1064          	3.179396e-01	1.499124e-01	1.680272e-01	8.193067e-02	5.772843e-02	2.420224e-02	1.676309e-02	-9.057409e-03	9.879327e-03	2.137331e-02	2.056598e-02	8.073262e-04
1065          	3.181731e-01	1.500843e-01	1.680888e-01	8.312164e-02	5.704456e-02	2.607708e-02	1.548374e-02	-9.002275e-03	1.014472e-02	2.177336e-02	2.103140e-02	7.419616e-04
1066          	3.182941e-01	1.501503e-01	1.681438e-01	8.353317e-02	5.644706e-02	2.708611e-02	1.468047e-02	-8.996755e-03	1.029405e-02	2.199710e-02	2.129260e-02	7.045023e-04
1067          	3.184237e-01	1.501725e-01	1.682512e-01	8.314661e-02	5.598595e-02	2.716066e-02	1.441265e-02	-9.039346e-03	1.034537e-02	2.204481e-02	2.136777e-02	6.770377e-04
1068          	3.184847e-01	1.500927e-01	1.683921e-01	8.205154e-02	5.571920e-02	2.633234e-02	1.469343e-02	-9.149681e-03	1.027470e-02	2.190295e-02	2.122618e-02	6.767732e-04
1069          	3.186458e-01	1.500430e-01	1.686028e-01	8.026579e-02	5.568817e-02	2.457762e-02	1.555527e-02	-9.279930e-03	1.010821e-02	2.153810e-02	2.087726e-02	6.608404e-04
1070          	3.188129e-01	1.499978e-01	1.688150e-01	7.804494e-02	5.592722e-02	2.211772e-02	1.690475e-02	-9.408607e-03	9.841416e-03	2.095371e-02	2.031827e-02	6.354411e-04
1071          	3.190561e-01	1.500432e-01	1.690129e-01	7.578123e-02	5.633204e-02	1.944920e-02	1.844142e-02	-9.484842e-03	9.546449e-03	2.026420e-02	1.967855e-02	5.856492e-04
1072          	3.191745e-01	1.500740e-01	1.691005e-01	7.396926e-02	5.678279e-02	1.718647e-02	1.979816e-02	-9.513271e-03	9.257163e-03	1.956210e-02	1.903821e-02	5.238871e-04
1073          	3.192853e-01	1.501784e-01	1.691069e-01	7.274353e-02	5.713563e-02	1.560790e-02	2.076387e-02	-9.464280e-03	9.031235e-03	1.888764e-02	1.847506e-02	4.125856e-04
1074          	3.193110e-01	1.502994e-01	1.690117e-01	7.216889e-02	5.730179e-02	1.486709e-02	2.121735e-02	-9.356129e-03	8.854879e-03	1.825919e-02	1.798447e-02	2.747140e-04
1075          	3.193894e-01	1.504948e-01	1.688946e-01	7.221852e-02	5.728343e-02	1.493509e-02	2.117417e-02	-9.199896e-03	8.752437e-03	1.770535e-02	1.760511e-02	1.002382e-04
1076          	3.193627e-01	1.506233e-01	1.687394e-01	7.297328e-02	5.711014e-02	1.586314e-02	2.062350e-02	-9.058006e-03	8.675977e-03	1.726127e-02	1.730661e-02	-4.534135e-05
1077          	3.193186e-01	1.507270e-01	1.685916e-01	7.449156e-02	5.694226e-02	1.754930e-02	1.969648e-02	-8.932343e-03	8.614402e-03	1.694766e-02	1.708823e-02	-1.405722e-04
1078          	3.191029e-01	1.507033e-01	1.683995e-01	7.666928e-02	5.684269e-02	1.982659e-02	1.850805e-02	-8.848101e-03	8.478473e-03	1.669375e-02	1.682535e-02	-1.315968e-04
1079          	3.188236e-01	1.506318e-01	1.681918e-01	7.913089e-02	5.677553e-02	2.235536e-02	1.721008e-02	-8.779972e-03	8.272404e-03	1.646391e-02	1.650436e-02	-4.044956e-05
1080          	3.183575e-01	1.504259e-01	1.679316e-01	8.149329e-02	5.665939e-02	2.483390e-02	1.591275e-02	-8.752855e-03	8.003269e-03	1.620309e-02	1.610482e-02	9.827631e-05
1081          	3.178166e-01	1.501761e-01	1.676406e-01	8.344543e-02	5.643809e-02	2.700734e-02	1.471537e-02	-8.732249e-03	7.733871e-03	1.589802e-02	1.568288e-02	2.151411e-04
1082          	3.170917e-01	1.498194e-01	1.672723e-01	8.487833e-02	5.609211e-02	2.878622e-02	1.365295e-02	-8.726463e-03	7.469800e-03	1.553933e-02	1.523947e-02	2.998665e-04
1083          	3.163544e-01	1.494643e-01	1.668901e-01	8.570414e-02	5.564450e-02	3.005964e-02	1.279243e-02	-8.712945e-03	7.248146e-03	1.514249e-02	1.481939e-02	3.231003e-04
1084          	3.155672e-01	1.490640e-01	1.665032e-01	8.590674e-02	5.518923e-02	3.071751e-02	1.223586e-02	-8.719617e-03	7.044071e-03	1.471203e-02	1.440009e-02	3.119434e-04
1085          	3.149586e-01	1.487521e-01	1.662065e-01	8.543117e-02	5.489939e-02	3.053177e-02	1.218381e-02	-8.727202e-03	6.886478e-03	1.427181e-02	1.402238e-02	2.494256e-04
1086          	3.145109e-01	1.485037e-01	1.660071e-01	8.434303e-02	5.488937e-02	2.945366e-02	1.271786e-02	-8.751692e-03	6.767718e-03	1.385089e-02	1.369316e-02	1.577255e-04
1087          	3.143816e-01	1.484300e-01	1.659516e-01	8.275090e-02	5.521962e-02	2.753129e-02	1.384417e-02	-8.760790e-03	6.747667e-03	1.353050e-02	1.351292e-02	1.758260e-05
1088          	3.144724e-01	1.484697e-01	1.660027e-01	8.093621e-02	5.590995e-02	2.502625e-02	1.544185e-02	-8.766461e-03	6.838738e-03	1.338811e-02	1.353279e-02	-1.446827e-04
1089          	3.148401e-01	1.486851e-01	1.661550e-01	7.917256e-02	5.690076e-02	2.227181e-02	1.731447e-02	-8.734980e-03	7.074815e-03	1.347644e-02	1.381303e-02	-3.365960e-04
1090          	3.152834e-01	1.489529e-01	1.663305e-01	7.764930e-02	5.799163e-02	1.965766e-02	1.916699e-02	-8.688813e-03	7.415734e-03	1.379335e-02	1.431241e-02	-5.190594e-04
1091          	3.158309e-01	1.493091e-01	1.665217e-01	7.635678e-02	5.900228e-02	1.735450e-02	2.082389e-02	-8.606276e-03	7.840602e-03	1.428276e-02	1.498198e-02	-6.992198e-04
1092          	3.163171e-01	1.496554e-01	1.666617e-01	7.533071e-02	5.984237e-02	1.548834e-02	2.217702e-02	-8.503135e-03	8.278436e-03	1.485301e-02	1.570494e-02	-8.519307e-04
1093          	3.167955e-01	1.500261e-01	1.667694e-01	7.449813e-02	6.046701e-02	1.403112e-02	2.321794e-02	-8.371677e-03	8.705906e-03	1.545758e-02	1.643470e-02	-9.771140e-04
1094          	3.171028e-01	1.502892e-01	1.668136e-01	7.380223e-02	6.077612e-02	1.302611e-02	2.387501e-02	-8.262242e-03	9.062681e-03	1.607724e-02	1.710130e-02	-1.024061e-03
1095          	3.173022e-01	1.504596e-01	1.668426e-01	7.318943e-02	6.067882e-02	1.251061e-02	2.408411e-02	-8.191493e-03	9.355559e-03	1.669237e-02	1.770175e-02	-1.009373e-03
1096          	3.172375e-01	1.504058e-01	1.668317e-01	7.271848e-02	6.010578e-02	1.261270e-02	2.374654e-02	-8.212933e-03	9.557948e-03	1.725880e-02	1.818735e-02	-9.285481e-04
1097          	3.170166e-01	1.502034e-01	1.668132e-01	7.251453e-02	5.912542e-02	1.338911e-02	2.286816e-02	-8.304930e-03	9.681590e-03	1.774239e-02	1.855278e-02	-8.103958e-04
1098          	3.165228e-01	1.498031e-01	1.667197e-01	7.269103e-02	5.782896e-02	1.486207e-02	2.148344e-02	-8.458285e-03	9.688993e-03	1.809524e-02	1.873661e-02	-6.413723e-04
1099          	3.159147e-01	1.493350e-01	1.665798e-01	7.322085e-02	5.643002e-02	1.679083e-02	1.981959e-02	-8.622389e-03	9.602697e-03	1.830713e-02	1.875626e-02	-4.491300e-04
1100          	3.151513e-01	1.487752e-01	1.663761e-01	7.401786e-02	5.514365e-02	1.887422e-02	1.813472e-02	-8.800463e-03	9.395294e-03	1.836120e-02	1.857589e-02	-2.146960e-04
1101          	3.144605e-01	1.482591e-01	1.662015e-01	7.476419e-02	5.408180e-02	2.068240e-02	1.669970e-02	-8.971188e-03	9.110946e-03	1.830815e-02	1.826502e-02	4.312707e-05
1102          	3.137835e-01	1.477461e-01	1.660374e-01	7.531722e-02	5.332365e-02	2.199358e-02	1.566504e-02	-9.145666e-03	8.768681e-03	1.819780e-02	1.786758e-02	3.302169e-04
1103          	3.132354e-01	1.473461e-01	1.658893e-01	7.569916e-02	5.295361e-02	2.274554e-02	1.510403e-02	-9.271585e-03	8.448634e-03	1.810574e-02	1.750150e-02	6.042354e-04
1104          	3.126683e-01	1.469840e-01	1.656844e-01	7.601250e-02	5.290820e-02	2.310430e-02	1.490195e-02	-9.350185e-03	8.200503e-03	1.807234e-02	1.723667e-02	8.356681e-04
1105          	3.121850e-01	1.467576e-01	1.654274e-01	7.642478e-02	5.314546e-02	2.327932e-02	1.493307e-02	-9.334878e-03	8.080848e-03	1.811272e-02	1.713721e-02	9.755140e-04
1106          	3.117286e-01	1.466198e-01	1.651088e-01	7.708190e-02	5.355158e-02	2.353033e-02	1.501062e-02	-9.244483e-03	8.083544e-03	1.820685e-02	1.718697e-02	1.019879e-03
1107          	3.114422e-01	1.466382e-01	1.648039e-01	7.774686e-02	5.386892e-02	2.387794e-02	1.499549e-02	-9.082836e-03	8.181776e-03	1.832443e-02	1.734399e-02	9.804374e-04
1108          	3.112349e-01	1.467117e-01	1.645231e-01	7.822257e-02	5.387179e-02	2.435078e-02	1.476050e-02	-8.905711e-03	8.310603e-03	1.839318e-02	1.750719e-02	8.859848e-04
1109          	3.112014e-01	1.469019e-01	1.642995e-01	7.846481e-02	5.355420e-02	2.491061e-02	1.432179e-02	-8.698790e-03	8.423465e-03	1.834327e-02	1.759510e-02	7.481674e-04
1110          	3.112140e-01	1.471260e-01	1.640880e-01	7.859492e-02	5.304132e-02	2.555360e-02	1.374386e-02	-8.481037e-03	8.464081e-03	1.810130e-02	1.751473e-02	5.865679e-04
1111          	3.113490e-01	1.474351e-01	1.639139e-01	7.867538e-02	5.243888e-02	2.623649e-02	1.310119e-02	-8.239407e-03	8.437617e-03	1.767342e-02	1.727433e-02	3.990919e-04
1112          	3.114482e-01	1.477009e-01	1.637473e-01	7.887205e-02	5.183573e-02	2.703631e-02	1.239971e-02	-8.023221e-03	8.329768e-03	1.708876e-02	1.687415e-02	2.146122e-04
1113          	3.115715e-01	1.479373e-01	1.636342e-01	7.923058e-02	5.128065e-02	2.794993e-02	1.166536e-02	-7.848437e-03	8.161464e-03	1.642754e-02	1.637523e-02	5.230534e-05
1114          	3.115749e-01	1.480098e-01	1.635652e-01	7.978366e-02	5.081291e-02	2.897075e-02	1.092108e-02	-7.777700e-03	7.923432e-03	1.574197e-02	1.579442e-02	-5.244710e-05
1115          	3.115524e-01	1.479660e-01	1.635863e-01	8.037054e-02	5.042015e-02	2.995040e-02	1.023488e-02	-7.810163e-03	7.629883e-03	1.509138e-02	1.517557e-02	-8.419452e-05
1116          	3.114000e-01	1.477231e-01	1.636769e-01	8.083460e-02	5.011311e-02	3.072150e-02	9.695807e-03	-7.976890e-03	7.282017e-03	1.445794e-02	1.451099e-02	-5.304944e-05
1117          	3.112812e-01	1.474084e-01	1.638728e-01	8.092631e-02	4.996142e-02	3.096490e-02	9.498260e-03	-8.232207e-03	6.933125e-03	1.384221e-02	1.385423e-02	-1.202113e-05
1118          	3.111308e-01	1.470102e-01	1.641207e-01	8.058960e-02	5.003988e-02	3.054972e-02	9.745082e-03	-8.555248e-03	6.624792e-03	1.319450e-02	1.322204e-02	-2.753952e-05
1119          	3.111099e-01	1.466985e-01	1.644114e-01	7.986598e-02	5.041716e-02	2.944883e-02	1.048417e-02	-8.856436e-03	6.416794e-03	1.261369e-02	1.272364e-02	-1.099486e-04
1120          	3.111048e-01	1.464434e-01	1.646614e-01	7.894886e-02	5.101391e-02	2.793495e-02	1.153948e-02	-9.109014e-03	6.338563e-03	1.221919e-02	1.244816e-02	-2.289663e-04
1121          	3.111950e-01	1.463466e-01	1.648483e-01	7.819930e-02	5.182837e-02	2.637093e-02	1.272872e-02	-9.250843e-03	6.412062e-03	1.218009e-02	1.250211e-02	-3.220168e-04
1122          	3.112739e-01	1.463361e-01	1.649378e-01	7.807427e-02	5.296335e-02	2.511091e-02	1.392622e-02	-9.300829e-03	6.630495e-03	1.256660e-02	1.291379e-02	-3.471954e-04
1123          	3.114198e-01	1.464547e-01	1.649651e-01	7.841500e-02	5.424358e-02	2.417142e-02	1.503608e-02	-9.255195e-03	6.996867e-03	1.338686e-02	1.369030e-02	-3.034356e-04
1124          	3.114802e-01	1.465734e-01	1.649068e-01	7.892394e-02	5.542521e-02	2.349873e-02	1.596324e-02	-9.166674e-03	7.478324e-03	1.449403e-02	1.472534e-02	-2.313093e-04
1125          	3.115032e-01	1.467185e-01	1.647846e-01	7.924146e-02	5.628854e-02	2.295292e-02	1.666781e-02	-9.033056e-03	8.014243e-03	1.573244e-02	1.588046e-02	-1.480227e-04
1126          	3.113665e-01	1.467961e-01	1.645704e-01	7.910248e-02	5.671833e-02	2.238415e-02	1.716709e-02	-8.887112e-03	8.516254e-03	1.689497e-02	1.696374e-02	-6.876752e-05
1127          	3.112205e-01	1.469086e-01	1.643119e-01	7.830495e-02	5.671303e-02	2.159192e-02	1.756056e-02	-8.701657e-03	8.923223e-03	1.785901e-02	1.785273e-02	6.281402e-06
1128          	3.110113e-01	1.470014e-01	1.640099e-01	7.685157e-02	5.630283e-02	2.054874e-02	1.787704e-02	-8.504256e-03	9.161125e-03	1.847041e-02	1.839633e-02	7.407779e-05
1129          	3.108745e-01	1.471500e-01	1.637244e-01	7.485647e-02	5.556331e-02	1.929315e-02	1.813508e-02	-8.287206e-03	9.210194e-03	1.867633e-02	1.854836e-02	1.279706e-04
1130          	3.107508e-01	1.472743e-01	1.634765e-01	7.256121e-02	5.459833e-02	1.796288e-02	1.831773e-02	-8.101091e-03	9.081806e-03	1.850275e-02	1.833318e-02	1.695701e-04
1131          	3.107255e-01	1.473946e-01	1.633309e-01	7.012362e-02	5.349563e-02	1.662800e-02	1.843382e-02	-7.968146e-03	8.823685e-03	1.805803e-02	1.785270e-02	2.053311e-04
1132          	3.106427e-01	1.473806e-01	1.632620e-01	6.776593e-02	5.234656e-02	1.541937e-02	1.846359e-02	-7.940696e-03	8.479652e-03	1.737584e-02	1.716757e-02	2.082677e-04
1133          	3.105093e-01	1.472419e-01	1.632674e-01	6.569608e-02	5.125964e-02	1.443644e-02	1.841160e-02	-8.012749e-03	8.118898e-03	1.657384e-02	1.640582e-02	1.680224e-04
1134          	3.101787e-01	1.468865e-01	1.632922e-01	6.418185e-02	5.033684e-02	1.384502e-02	1.824591e-02	-8.202861e-03	7.784272e-03	1.576947e-02	1.566901e-02	1.004615e-04
1135          	3.097496e-01	1.464175e-01	1.633320e-01	6.338426e-02	4.957344e-02	1.381082e-02	1.788131e-02	-8.457243e-03	7.545408e-03	1.516136e-02	1.512609e-02	3.527148e-05
1136          	3.092004e-01	1.458392e-01	1.633612e-01	6.337188e-02	4.895065e-02	1.442124e-02	1.726470e-02	-8.761002e-03	7.440033e-03	1.485560e-02	1.486783e-02	-1.223300e-05
1137          	3.087918e-01	1.453437e-01	1.634481e-01	6.408131e-02	4.849488e-02	1.558643e-02	1.645422e-02	-9.052228e-03	7.514404e-03	1.490784e-02	1.496832e-02	-6.048567e-05
1138          	3.085251e-01	1.449477e-01	1.635774e-01	6.558163e-02	4.830699e-02	1.727464e-02	1.551618e-02	-9.314888e-03	7.752910e-03	1.525342e-02	1.537962e-02	-1.261985e-04
1139          	3.085916e-01	1.447966e-01	1.637950e-01	6.771981e-02	4.834910e-02	1.937071e-02	1.448920e-02	-9.499183e-03	8.140318e-03	1.582646e-02	1.605355e-02	-2.270860e-04
1140          	3.088955e-01	1.448189e-01	1.640766e-01	7.015381e-02	4.842825e-02	2.172556e-02	1.335134e-02	-9.628847e-03	8.622240e-03	1.651165e-02	1.687806e-02	-3.664165e-04
1141          	3.095312e-01	1.450839e-01	1.644473e-01	7.234014e-02	4.845334e-02	2.388680e-02	1.228327e-02	-9.681706e-03	9.132370e-03	1.725088e-02	1.775781e-02	-5.069299e-04
1142          	3.103207e-01	1.454594e-01	1.648613e-01	7.377064e-02	4.832640e-02	2.544424e-02	1.144108e-02	-9.700989e-03	9.548308e-03	1.792692e-02	1.851177e-02	-5.848497e-04
1143          	3.112523e-01	1.459693e-01	1.652830e-01	7.423266e-02	4.803026e-02	2.620240e-02	1.091393e-02	-9.656885e-03	9.845955e-03	1.847009e-02	1.908100e-02	-6.109084e-04
1144          	3.121245e-01	1.464786e-01	1.656458e-01	7.383139e-02	4.753100e-02	2.630039e-02	1.061530e-02	-9.583602e-03	1.003392e-02	1.880493e-02	1.943638e-02	-6.314506e-04
1145          	3.129877e-01	1.470381e-01	1.659496e-01	7.272221e-02	4.689639e-02	2.582582e-02	1.053528e-02	-9.455769e-03	1.016114e-02	1.893518e-02	1.962873e-02	-6.935483e-04
1146          	3.137316e-01	1.475321e-01	1.661996e-01	7.104908e-02	4.612371e-02	2.492536e-02	1.059918e-02	-9.333755e-03	1.024238e-02	1.886986e-02	1.967731e-02	-8.074502e-04
1147          	3.144598e-01	1.480131e-01	1.664468e-01	6.901999e-02	4.528556e-02	2.373442e-02	1.077557e-02	-9.216838e-03	1.029849e-02	1.869211e-02	1.964455e-02	-9.524365e-04
1148          	3.150884e-01	1.483759e-01	1.667125e-01	6.696036e-02	4.449856e-02	2.246180e-02	1.101838e-02	-9.168335e-03	1.031010e-02	1.843930e-02	1.952975e-02	-1.090444e-03
1149          	3.157133e-01	1.486777e-01	1.670357e-01	6.512897e-02	4.392237e-02	2.120660e-02	1.135788e-02	-9.179001e-03	1.027383e-02	1.815777e-02	1.935272e-02	-1.194946e-03
1150          	3.162165e-01	1.488251e-01	1.673913e-01	6.367976e-02	4.361234e-02	2.006743e-02	1.177245e-02	-9.283090e-03	1.017661e-02	1.780094e-02	1.907708e-02	-1.276139e-03
1151          	3.166644e-01	1.489037e-01	1.677607e-01	6.271282e-02	4.359587e-02	1.911695e-02	1.223946e-02	-9.428524e-03	1.003843e-02	1.739767e-02	1.873727e-02	-1.339599e-03
1152          	3.169299e-01	1.488559e-01	1.680740e-01	6.244287e-02	4.388116e-02	1.856172e-02	1.265972e-02	-9.609038e-03	9.867842e-03	1.696982e-02	1.835275e-02	-1.382932e-03
1153          	3.171347e-01	1.487978e-01	1.683369e-01	6.309195e-02	4.452496e-02	1.856699e-02	1.297898e-02	-9.769520e-03	9.699726e-03	1.664206e-02	1.802076e-02	-1.378695e-03
1154          	3.172217e-01	1.487137e-01	1.685081e-01	6.493586e-02	4.563167e-02	1.930419e-02	1.316374e-02	-9.897215e-03	9.547863e-03	1.650163e-02	1.779868e-02	-1.297049e-03
1155          	3.173470e-01	1.487128e-01	1.686342e-01	6.765840e-02	4.703411e-02	2.062429e-02	1.320491e-02	-9.960690e-03	9.446304e-03	1.663243e-02	1.776252e-02	-1.130088e-03
1156          	3.174587e-01	1.487519e-01	1.687068e-01	7.085786e-02	4.849929e-02	2.235857e-02	1.307036e-02	-9.977488e-03	9.410746e-03	1.699183e-02	1.790666e-02	-9.148327e-04
1157          	3.177013e-01	1.489106e-01	1.687908e-01	7.419184e-02	4.988160e-02	2.431024e-02	1.278568e-02	-9.940084e-03	9.463291e-03	1.755326e-02	1.823992e-02	-6.866629e-04
1158          	3.179721e-01	1.491022e-01	1.688698e-01	7.740100e-02	5.106163e-02	2.633937e-02	1.236113e-02	-9.883804e-03	9.600202e-03	1.821116e-02	1.870578e-02	-4.946230e-04
1159          	3.183432e-01	1.493757e-01	1.689675e-01	8.010757e-02	5.193744e-02	2.817013e-02	1.188366e-02	-9.795900e-03	9.807870e-03	1.891748e-02	1.926661e-02	-3.491292e-04
1160          	3.186685e-01	1.496363e-01	1.690323e-01	8.210530e-02	5.248108e-02	2.962422e-02	1.142843e-02	-9.697998e-03	1.004134e-02	1.959358e-02	1.983813e-02	-2.445530e-04
1161          	3.190155e-01	1.499175e-01	1.690979e-01	8.314861e-02	5.265543e-02	3.049318e-02	1.108112e-02	-9.590201e-03	1.027770e-02	2.028367e-02	2.041953e-02	-1.358610e-04
1162          	3.192423e-01	1.501131e-01	1.691292e-01	8.319956e-02	5.248404e-02	3.071552e-02	1.088426e-02	-9.508053e-03	1.050470e-02	2.096394e-02	2.098667e-02	-2.273002e-05
1163          	3.194707e-01	1.502992e-01	1.691715e-01	8.226690e-02	5.203862e-02	3.022828e-02	1.090517e-02	-9.436143e-03	1.072823e-02	2.165817e-02	2.155731e-02	1.008576e-04
1164          	3.195931e-01	1.504090e-01	1.691841e-01	8.047226e-02	5.139563e-02	2.907664e-02	1.115950e-02	-9.387550e-03	1.093240e-02	2.230627e-02	2.208553e-02	2.207416e-04
1165          	3.197290e-01	1.505139e-01	1.692151e-01	7.791335e-02	5.065712e-02	2.725623e-02	1.170044e-02	-9.350585e-03	1.108590e-02	2.287455e-02	2.252317e-02	3.513776e-04
1166          	3.197702e-01	1.505375e-01	1.692327e-01	7.483269e-02	4.992238e-02	2.491030e-02	1.250604e-02	-9.347591e-03	1.113466e-02	2.325678e-02	2.276305e-02	4.937279e-04
1167          	3.198307e-01	1.505412e-01	1.692896e-01	7.154720e-02	4.936705e-02	2.218015e-02	1.359345e-02	-9.374184e-03	1.107298e-02	2.343872e-02	2.279234e-02	6.463783e-04
1168          	3.197942e-01	1.504503e-01	1.693439e-01	6.846881e-02	4.913719e-02	1.933162e-02	1.490279e-02	-9.446774e-03	1.091026e-02	2.339602e-02	2.260827e-02	7.877518e-04
1169          	3.197938e-01	1.503526e-01	1.694412e-01	6.587443e-02	4.933379e-02	1.654064e-02	1.639658e-02	-9.544349e-03	1.070089e-02	2.322581e-02	2.231379e-02	9.120169e-04
1170          	3.197203e-01	1.501827e-01	1.695376e-01	6.402075e-02	4.996845e-02	1.405230e-02	1.795808e-02	-9.677456e-03	1.047934e-02	2.302764e-02	2.199317e-02	1.034478e-03
1171          	3.196973e-01	1.500384e-01	1.696589e-01	6.310415e-02	5.104224e-02	1.206191e-02	1.949016e-02	-9.810237e-03	1.028544e-02	2.293948e-02	2.175518e-02	1.184305e-03
1172          	3.196273e-01	1.498813e-01	1.697461e-01	6.325701e-02	5.250916e-02	1.074786e-02	2.088065e-02	-9.932411e-03	1.011670e-02	2.297264e-02	2.160302e-02	1.369621e-03
1173          	3.196135e-01	1.498074e-01	1.698061e-01	6.422175e-02	5.415898e-02	1.006277e-02	2.204810e-02	-9.999341e-03	9.971092e-03	2.309073e-02	2.151646e-02	1.574275e-03
1174          	3.194534e-01	1.497213e-01	1.697320e-01	6.582008e-02	5.573661e-02	1.008347e-02	2.282657e-02	-1.000534e-02	9.819512e-03	2.314682e-02	2.139292e-02	1.753899e-03
1175          	3.191502e-01	1.496438e-01	1.695064e-01	6.776511e-02	5.701775e-02	1.074737e-02	2.313519e-02	-9.931283e-03	9.640132e-03	2.306352e-02	2.117189e-02	1.891628e-03
1176          	3.185460e-01	1.494599e-01	1.690861e-01	6.979187e-02	5.783685e-02	1.195502e-02	2.294091e-02	-9.813123e-03	9.415367e-03	2.279943e-02	2.081508e-02	1.984348e-03
1177          	3.177710e-01	1.492171e-01	1.685540e-01	7.163313e-02	5.810933e-02	1.352380e-02	2.229277e-02	-9.668436e-03	9.171999e-03	2.246000e-02	2.040200e-02	2.058002e-03
1178          	3.168201e-01	1.488768e-01	1.679433e-01	7.318558e-02	5.789996e-02	1.528563e-02	2.130716e-02	-9.533261e-03	8.929137e-03	2.206976e-02	1.996402e-02	2.105742e-03
1179          	3.159317e-01	1.485824e-01	1.673493e-01	7.437954e-02	5.731424e-02	1.706530e-02	2.012447e-02	-9.383476e-03	8.717598e-03	2.168154e-02	1.955837e-02	2.123172e-03
1180          	3.149945e-01	1.482496e-01	1.667449e-01	7.528008e-02	5.641701e-02	1.886307e-02	1.877697e-02	-9.247653e-03	8.542936e-03	2.126593e-02	1.917590e-02	2.090031e-03
1181          	3.141041e-01	1.479372e-01	1.661670e-01	7.574879e-02	5.528410e-02	2.046470e-02	1.740970e-02	-9.114908e-03	8.397533e-03	2.082141e-02	1.880824e-02	2.013170e-03
1182          	3.132090e-01	1.476010e-01	1.656080e-01	7.566235e-02	5.404249e-02	2.161986e-02	1.621131e-02	-9.003541e-03	8.237449e-03	2.022474e-02	1.834982e-02	1.874920e-03
1183          	3.125349e-01	1.473725e-01	1.651623e-01	7.475350e-02	5.277926e-02	2.197424e-02	1.540251e-02	-8.894921e-03	8.046806e-03	1.944651e-02	1.777006e-02	1.676451e-03
1184          	3.120987e-01	1.472445e-01	1.648542e-01	7.310396e-02	5.175926e-02	2.134470e-02	1.520728e-02	-8.804845e-03	7.824450e-03	1.850324e-02	1.707607e-02	1.427168e-03
1185          	3.120988e-01	1.473415e-01	1.647573e-01	7.107846e-02	5.132028e-02	1.975818e-02	1.578105e-02	-8.707946e-03	7.613428e-03	1.756901e-02	1.639793e-02	1.171075e-03
1186          	3.124561e-01	1.476076e-01	1.648485e-01	6.910451e-02	5.161175e-02	1.749277e-02	1.705949e-02	-8.620475e-03	7.446310e-03	1.682610e-02	1.585936e-02	9.667401e-04
1187          	3.132218e-01	1.480859e-01	1.651359e-01	6.764937e-02	5.260646e-02	1.504291e-02	1.878177e-02	-8.524990e-03	7.372164e-03	1.643466e-02	1.558949e-02	8.451658e-04
1188          	3.142104e-01	1.486652e-01	1.655452e-01	6.716865e-02	5.418482e-02	1.298383e-02	2.060049e-02	-8.440026e-03	7.411164e-03	1.638926e-02	1.560580e-02	7.834674e-04
1189          	3.154266e-01	1.493695e-01	1.660572e-01	6.764530e-02	5.607087e-02	1.157443e-02	2.224822e-02	-8.343855e-03	7.558507e-03	1.666921e-02	1.589311e-02	7.760999e-04
1190          	3.166521e-01	1.500607e-01	1.665914e-01	6.898814e-02	5.797645e-02	1.101169e-02	2.348238e-02	-8.265390e-03	7.771095e-03	1.714241e-02	1.634230e-02	8.001086e-04
1191          	3.178804e-01	1.507625e-01	1.671179e-01	7.094931e-02	5.962786e-02	1.132145e-02	2.415320e-02	-8.177696e-03	7.993118e-03	1.770628e-02	1.684626e-02	8.600223e-04
1192          	3.188666e-01	1.513468e-01	1.675198e-01	7.321414e-02	6.081188e-02	1.240227e-02	2.420480e-02	-8.086524e-03	8.133682e-03	1.818080e-02	1.722408e-02	9.567187e-04
1193          	3.196624e-01	1.518747e-01	1.677876e-01	7.525906e-02	6.138961e-02	1.386945e-02	2.376008e-02	-7.956437e-03	8.136104e-03	1.846246e-02	1.736733e-02	1.095127e-03
1194          	3.201568e-01	1.522527e-01	1.679041e-01	7.673767e-02	6.133302e-02	1.540465e-02	2.296419e-02	-7.825676e-03	7.965103e-03	1.850005e-02	1.721513e-02	1.284923e-03
1195          	3.204628e-01	1.525388e-01	1.679240e-01	7.751727e-02	6.072799e-02	1.678927e-02	2.196936e-02	-7.692612e-03	7.650180e-03	1.835808e-02	1.682922e-02	1.528862e-03
1196          	3.204563e-01	1.526103e-01	1.678460e-01	7.763623e-02	5.974179e-02	1.789445e-02	2.092367e-02	-7.617856e-03	7.229166e-03	1.805467e-02	1.625650e-02	1.798167e-03
1197          	3.202314e-01	1.525197e-01	1.677117e-01	7.705573e-02	5.859135e-02	1.846438e-02	2.006348e-02	-7.595976e-03	6.750243e-03	1.762754e-02	1.556401e-02	2.063527e-03
1198          	3.196824e-01	1.521709e-01	1.675115e-01	7.581223e-02	5.750621e-02	1.830603e-02	1.960009e-02	-7.670307e-03	6.232145e-03	1.706374e-02	1.476401e-02	2.299723e-03
1199          	3.189842e-01	1.516889e-01	1.672953e-01	7.392638e-02	5.670560e-02	1.722079e-02	1.974240e-02	-7.803169e-03	5.700230e-03	1.639651e-02	1.389849e-02	2.498026e-03
1200          	3.181199e-01	1.510870e-01	1.670329e-01	7.164969e-02	5.641200e-02	1.523769e-02	2.058716e-02	-7.972932e-03	5.169575e-03	1.566849e-02	1.300382e-02	2.664670e-03
1201          	3.173417e-01	1.505640e-01	1.667777e-01	6.929363e-02	5.666512e-02	1.262851e-02	2.201831e-02	-8.106886e-03	4.716250e-03	1.503873e-02	1.223561e-02	2.803113e-03
1202          	3.166210e-01	1.501116e-01	1.665094e-01	6.749634e-02	5.741415e-02	1.008219e-02	2.366598e-02	-8.198933e-03	4.401846e-03	1.462221e-02	1.171295e-02	2.909258e-03
1203          	3.160825e-01	1.498348e-01	1.662477e-01	6.678545e-02	5.854903e-02	8.236425e-03	2.515630e-02	-8.206446e-03	4.287580e-03	1.453898e-02	1.155707e-02	2.981912e-03
1204          	3.156306e-01	1.496501e-01	1.659805e-01	6.725777e-02	5.981514e-02	7.442631e-03	2.618625e-02	-8.165206e-03	4.371809e-03	1.479900e-02	1.177131e-02	3.027692e-03
1205          	3.153980e-01	1.496267e-01	1.657713e-01	6.863856e-02	6.093355e-02	7.705012e-03	2.661427e-02	-8.072322e-03	4.632746e-03	1.539259e-02	1.232904e-02	3.063549e-03
1206          	3.152615e-01	1.496434e-01	1.656181e-01	7.072263e-02	6.174341e-02	8.979216e-03	2.638210e-02	-7.987353e-03	5.012432e-03	1.622775e-02	1.312630e-02	3.101441e-03
1207          	3.152778e-01	1.497188e-01	1.655589e-01	7.328650e-02	6.215934e-02	1.112716e-02	2.551609e-02	-7.920054e-03	5.469475e-03	1.723988e-02	1.408942e-02	3.150467e-03
1208          	3.152013e-01	1.496931e-01	1.655082e-01	7.633775e-02	6.223512e-02	1.410263e-02	2.406625e-02	-7.907560e-03	5.921648e-03	1.828802e-02	1.506566e-02	3.222364e-03
1209          	3.150513e-01	1.496253e-01	1.654259e-01	7.969470e-02	6.213306e-02	1.756164e-02	2.228571e-02	-7.900302e-03	6.282866e-03	1.921917e-02	1.589245e-02	3.326719e-03
1210          	3.147328e-01	1.494536e-01	1.652792e-01	8.296839e-02	6.196529e-02	2.100310e-02	2.048109e-02	-7.912801e-03	6.488484e-03	1.989667e-02	1.643682e-02	3.459853e-03
1211          	3.143815e-01	1.492574e-01	1.651240e-01	8.586464e-02	6.166000e-02	2.420464e-02	1.872768e-02	-7.933316e-03	6.558502e-03	2.035358e-02	1.673529e-02	3.618287e-03
1212          	3.138851e-01	1.489360e-01	1.649491e-01	8.825872e-02	6.113017e-02	2.712856e-02	1.700080e-02	-8.006584e-03	6.519292e-03	2.059435e-02	1.681647e-02	3.777883e-03
1213          	3.134479e-01	1.485998e-01	1.648481e-01	8.989978e-02	6.032775e-02	2.957203e-02	1.537786e-02	-8.124165e-03	6.433719e-03	2.064518e-02	1.675631e-02	3.888871e-03
1214          	3.130411e-01	1.482070e-01	1.648341e-01	9.066233e-02	5.931970e-02	3.134262e-02	1.398854e-02	-8.313563e-03	6.335388e-03	2.046640e-02	1.656859e-02	3.897813e-03
1215          	3.128296e-01	1.478749e-01	1.649547e-01	9.032419e-02	5.816806e-02	3.215613e-02	1.300597e-02	-8.539925e-03	6.255543e-03	2.007403e-02	1.629256e-02	3.781471e-03
1216          	3.127226e-01	1.475571e-01	1.651656e-01	8.882973e-02	5.700145e-02	3.182828e-02	1.258659e-02	-8.804257e-03	6.203822e-03	1.951074e-02	1.595919e-02	3.551546e-03
1217          	3.128192e-01	1.473473e-01	1.654719e-01	8.641381e-02	5.605849e-02	3.035532e-02	1.285159e-02	-9.062348e-03	6.191936e-03	1.892605e-02	1.565496e-02	3.271091e-03
1218          	3.129617e-01	1.471644e-01	1.657973e-01	8.372550e-02	5.558432e-02	2.814119e-02	1.372157e-02	-9.316484e-03	6.203734e-03	1.845870e-02	1.543308e-02	3.025615e-03
1219          	3.131949e-01	1.470665e-01	1.661284e-01	8.141306e-02	5.563689e-02	2.577617e-02	1.493036e-02	-9.530923e-03	6.249616e-03	1.825201e-02	1.537562e-02	2.876388e-03
1220          	3.133569e-01	1.469666e-01	1.663903e-01	8.013475e-02	5.617045e-02	2.396431e-02	1.610307e-02	-9.711836e-03	6.329913e-03	1.828483e-02	1.547233e-02	2.812504e-03
1221          	3.135870e-01	1.469759e-01	1.666110e-01	8.010981e-02	5.703212e-02	2.307768e-02	1.697722e-02	-9.817532e-03	6.464002e-03	1.851171e-02	1.571986e-02	2.791852e-03
1222          	3.138294e-01	1.470741e-01	1.667553e-01	8.131243e-02	5.806778e-02	2.324465e-02	1.741157e-02	-9.840562e-03	6.629381e-03	1.878659e-02	1.602268e-02	2.763915e-03
1223          	3.142153e-01	1.473579e-01	1.668575e-01	8.345853e-02	5.906544e-02	2.439309e-02	1.733618e-02	-9.749816e-03	6.811005e-03	1.902407e-02	1.632304e-02	2.701032e-03
1224          	3.146428e-01	1.477301e-01	1.669126e-01	8.625437e-02	5.979146e-02	2.646292e-02	1.666427e-02	-9.591250e-03	6.963927e-03	1.914439e-02	1.653612e-02	2.608267e-03
1225          	3.151548e-01	1.481924e-01	1.669624e-01	8.903542e-02	6.002104e-02	2.901438e-02	1.550333e-02	-9.384974e-03	7.036367e-03	1.914504e-02	1.660889e-02	2.536155e-03
1226          	3.156078e-01	1.486256e-01	1.669823e-01	9.114430e-02	5.984499e-02	3.129931e-02	1.427284e-02	-9.178352e-03	6.977346e-03	1.899349e-02	1.647409e-02	2.519400e-03
1227          	3.161208e-01	1.490749e-01	1.670458e-01	9.236626e-02	5.941992e-02	3.294634e-02	1.323679e-02	-8.985434e-03	6.826932e-03	1.878368e-02	1.621877e-02	2.564910e-03
1228          	3.165742e-01	1.494159e-01	1.671583e-01	9.271432e-02	5.879606e-02	3.391826e-02	1.243890e-02	-8.871192e-03	6.608904e-03	1.857851e-02	1.589816e-02	2.680352e-03
1229          	3.170221e-01	1.496623e-01	1.673598e-01	9.226998e-02	5.805926e-02	3.421072e-02	1.192427e-02	-8.848715e-03	6.386735e-03	1.843625e-02	1.560486e-02	2.831390e-03
1230          	3.173097e-01	1.497114e-01	1.675983e-01	9.123256e-02	5.733749e-02	3.389506e-02	1.172122e-02	-8.943484e-03	6.175537e-03	1.835029e-02	1.535068e-02	2.999610e-03
1231          	3.174615e-01	1.496124e-01	1.678491e-01	8.977204e-02	5.676311e-02	3.300893e-02	1.187709e-02	-9.118352e-03	6.009617e-03	1.828327e-02	1.515125e-02	3.132017e-03
1232          	3.173086e-01	1.492947e-01	1.680139e-01	8.808074e-02	5.641036e-02	3.167039e-02	1.236999e-02	-9.359640e-03	5.885206e-03	1.817377e-02	1.497209e-02	3.201678e-03
1233          	3.169094e-01	1.488609e-01	1.680485e-01	8.641590e-02	5.634323e-02	3.007267e-02	1.313528e-02	-9.593846e-03	5.824645e-03	1.804128e-02	1.484529e-02	3.195996e-03
1234          	3.161851e-01	1.483075e-01	1.678776e-01	8.508058e-02	5.659193e-02	2.848865e-02	1.405164e-02	-9.785067e-03	5.823013e-03	1.792823e-02	1.478713e-02	3.141105e-03
1235          	3.152851e-01	1.477465e-01	1.675386e-01	8.412247e-02	5.705796e-02	2.706451e-02	1.499672e-02	-9.896076e-03	5.917917e-03	1.792025e-02	1.487804e-02	3.042208e-03
1236          	3.142023e-01	1.471576e-01	1.670447e-01	8.356966e-02	5.764110e-02	2.592856e-02	1.585627e-02	-9.943583e-03	6.125684e-03	1.808507e-02	1.516822e-02	2.916853e-03
1237          	3.131821e-01	1.466701e-01	1.665120e-01	8.344577e-02	5.823386e-02	2.521191e-02	1.651098e-02	-9.920947e-03	6.466323e-03	1.845973e-02	1.569619e-02	2.763540e-03
1238          	3.122377e-01	1.462661e-01	1.659716e-01	8.382162e-02	5.868832e-02	2.513330e-02	1.677751e-02	-9.852728e-03	6.914889e-03	1.898880e-02	1.640929e-02	2.579511e-03
1239          	3.115037e-01	1.460196e-01	1.654841e-01	8.462434e-02	5.890404e-02	2.572029e-02	1.659188e-02	-9.732237e-03	7.456613e-03	1.964814e-02	1.728068e-02	2.367455e-03
1240          	3.108577e-01	1.458524e-01	1.650053e-01	8.585903e-02	5.892175e-02	2.693728e-02	1.599224e-02	-9.576485e-03	8.038859e-03	2.037971e-02	1.822871e-02	2.150996e-03
1241          	3.103444e-01	1.457870e-01	1.645573e-01	8.737114e-02	5.883452e-02	2.853662e-02	1.514895e-02	-9.385131e-03	8.617485e-03	2.117826e-02	1.920661e-02	1.971643e-03
1242          	3.098301e-01	1.456957e-01	1.641345e-01	8.897230e-02	5.863499e-02	3.033731e-02	1.414884e-02	-9.219405e-03	9.123873e-03	2.197461e-02	2.011118e-02	1.863430e-03
1243          	3.093853e-01	1.455796e-01	1.638057e-01	9.030262e-02	5.826077e-02	3.204185e-02	1.310946e-02	-9.113093e-03	9.512713e-03	2.274338e-02	2.088441e-02	1.858979e-03
1244          	3.090134e-01	1.453974e-01	1.636160e-01	9.105955e-02	5.772713e-02	3.333242e-02	1.219736e-02	-9.109295e-03	9.740633e-03	2.341372e-02	2.144749e-02	1.966224e-03
1245          	3.088881e-01	1.452608e-01	1.636272e-01	9.093924e-02	5.708316e-02	3.385608e-02	1.161354e-02	-9.183193e-03	9.821163e-03	2.394121e-02	2.179177e-02	2.149443e-03
1246          	3.089480e-01	1.451269e-01	1.638211e-01	8.978927e-02	5.637720e-02	3.341207e-02	1.148257e-02	-9.347088e-03	9.781039e-03	2.429139e-02	2.192673e-02	2.364654e-03
1247          	3.092785e-01	1.450603e-01	1.642182e-01	8.739379e-02	5.562795e-02	3.176585e-02	1.193105e-02	-9.578973e-03	9.656382e-03	2.445799e-02	2.188538e-02	2.572615e-03
1248          	3.097632e-01	1.449854e-01	1.647778e-01	8.383824e-02	5.494007e-02	2.889817e-02	1.302095e-02	-9.896217e-03	9.472094e-03	2.442416e-02	2.168417e-02	2.739987e-03
1249          	3.104217e-01	1.449700e-01	1.654517e-01	7.954352e-02	5.452103e-02	2.502250e-02	1.474926e-02	-1.024086e-02	9.266082e-03	2.424680e-02	2.138948e-02	2.857320e-03
1250          	3.109597e-01	1.448915e-01	1.660682e-01	7.543044e-02	5.441961e-02	2.101083e-02	1.670439e-02	-1.058838e-02	9.058615e-03	2.404409e-02	2.108066e-02	2.963430e-03
1251          	3.111828e-01	1.447274e-01	1.664554e-01	7.255716e-02	5.452552e-02	1.803164e-02	1.824694e-02	-1.086400e-02	8.908319e-03	2.399141e-02	2.090402e-02	3.087384e-03
1252          	3.109358e-01	1.443986e-01	1.665372e-01	7.144260e-02	5.480959e-02	1.663301e-02	1.908829e-02	-1.106930e-02	8.867736e-03	2.414860e-02	2.094203e-02	3.206563e-03
1253          	3.103747e-01	1.440252e-01	1.663495e-01	7.215764e-02	5.533042e-02	1.682721e-02	1.925161e-02	-1.116214e-02	8.987257e-03	2.457668e-02	2.127560e-02	3.301083e-03
1254          	3.095453e-01	1.435981e-01	1.659473e-01	7.425872e-02	5.592609e-02	1.833263e-02	1.879673e-02	-1.117461e-02	9.274483e-03	2.520787e-02	2.187842e-02	3.329452e-03
1255          	3.087091e-01	1.432551e-01	1.654540e-01	7.694384e-02	5.635586e-02	2.058798e-02	1.788394e-02	-1.109944e-02	9.696784e-03	2.592735e-02	2.266046e-02	3.266889e-03
1256          	3.079374e-01	1.429807e-01	1.649568e-01	7.961849e-02	5.649765e-02	2.312084e-02	1.668841e-02	-1.098805e-02	1.015760e-02	2.658078e-02	2.344799e-02	3.132791e-03
1257          	3.074265e-01	1.428758e-01	1.645507e-01	8.193580e-02	5.645666e-02	2.547914e-02	1.548876e-02	-1.083743e-02	1.057348e-02	2.710628e-02	2.412663e-02	2.979659e-03
1258          	3.071517e-01	1.428746e-01	1.642770e-01	8.381676e-02	5.637964e-02	2.743712e-02	1.447126e-02	-1.070120e-02	1.087130e-02	2.745066e-02	2.459663e-02	2.854030e-03
1259          	3.071817e-01	1.429905e-01	1.641912e-01	8.511607e-02	5.626498e-02	2.885109e-02	1.370695e-02	-1.060036e-02	1.103313e-02	2.760473e-02	2.483550e-02	2.769228e-03
1260          	3.073949e-01	1.431141e-01	1.642808e-01	8.577634e-02	5.601592e-02	2.976042e-02	1.312775e-02	-1.058333e-02	1.105823e-02	2.756552e-02	2.484099e-02	2.724524e-03
1261          	3.077982e-01	1.432554e-01	1.645428e-01	8.588095e-02	5.564105e-02	3.023990e-02	1.270057e-02	-1.064369e-02	1.096896e-02	2.739838e-02	2.466815e-02	2.730231e-03
1262          	3.082484e-01	1.433197e-01	1.649287e-01	8.562484e-02	5.519099e-02	3.043384e-02	1.237857e-02	-1.080450e-02	1.076644e-02	2.713016e-02	2.433152e-02	2.798636e-03
1263          	3.087739e-01	1.433430e-01	1.654309e-01	8.515569e-02	5.477795e-02	3.037774e-02	1.220011e-02	-1.104397e-02	1.046330e-02	2.683357e-02	2.388009e-02	2.953480e-03
1264          	3.092493e-01	1.432628e-01	1.659865e-01	8.460502e-02	5.448229e-02	3.012273e-02	1.217978e-02	-1.136184e-02	1.009845e-02	2.650406e-02	2.335048e-02	3.153577e-03
1265          	3.096827e-01	1.431462e-01	1.665365e-01	8.406178e-02	5.432260e-02	2.973918e-02	1.229171e-02	-1.169511e-02	9.718288e-03	2.613839e-02	2.278748e-02	3.350905e-03
1266          	3.099278e-01	1.429698e-01	1.669580e-01	8.394491e-02	5.443948e-02	2.950543e-02	1.246703e-02	-1.199408e-02	9.339517e-03	2.573432e-02	2.220668e-02	3.527643e-03
1267          	3.100638e-01	1.428359e-01	1.672279e-01	8.448557e-02	5.487013e-02	2.961545e-02	1.262734e-02	-1.219599e-02	8.968541e-03	2.536500e-02	2.165104e-02	3.713958e-03
1268          	3.100614e-01	1.427302e-01	1.673312e-01	8.573232e-02	5.553719e-02	3.019513e-02	1.267103e-02	-1.230048e-02	8.602064e-03	2.504318e-02	2.112365e-02	3.919525e-03
1269          	3.100463e-01	1.427624e-01	1.672839e-01	8.771401e-02	5.644983e-02	3.126417e-02	1.259283e-02	-1.226076e-02	8.261127e-03	2.476956e-02	2.064591e-02	4.123653e-03
1270          	3.099825e-01	1.429065e-01	1.670760e-01	9.013305e-02	5.739961e-02	3.273343e-02	1.233309e-02	-1.208473e-02	7.969636e-03	2.444232e-02	2.019080e-02	4.251526e-03
1271          	3.099777e-01	1.432048e-01	1.667729e-01	9.225407e-02	5.794698e-02	3.430708e-02	1.181995e-02	-1.178408e-02	7.749707e-03	2.399216e-02	1.974579e-02	4.246370e-03
1272          	3.099985e-01	1.435786e-01	1.664199e-01	9.361539e-02	5.785553e-02	3.575986e-02	1.104784e-02	-1.142066e-02	7.595827e-03	2.338759e-02	1.928962e-02	4.097970e-03
1273          	3.101479e-01	1.440946e-01	1.660533e-01	9.419526e-02	5.731758e-02	3.687768e-02	1.021995e-02	-1.097937e-02	7.489710e-03	2.266060e-02	1.882001e-02	3.840592e-03
1274          	3.103542e-01	1.446877e-01	1.656665e-01	9.423993e-02	5.672543e-02	3.751449e-02	9.605468e-03	-1.048942e-02	7.404271e-03	2.183208e-02	1.832031e-02	3.511770e-03
1275          	3.106794e-01	1.453675e-01	1.653119e-01	9.369941e-02	5.619277e-02	3.750664e-02	9.343064e-03	-9.972234e-03	7.329333e-03	2.093477e-02	1.779672e-02	3.138052e-03
1276          	3.110559e-01	1.460356e-01	1.650203e-01	9.259875e-02	5.574978e-02	3.684897e-02	9.450403e-03	-9.492305e-03	7.240830e-03	1.999749e-02	1.723958e-02	2.757916e-03
1277          	3.115612e-01	1.466903e-01	1.648709e-01	9.091395e-02	5.533617e-02	3.557779e-02	9.879190e-03	-9.090346e-03	7.138083e-03	1.911558e-02	1.669587e-02	2.419709e-03
1278          	3.121199e-01	1.472284e-01	1.648915e-01	8.872367e-02	5.492993e-02	3.379374e-02	1.056810e-02	-8.831586e-03	7.031546e-03	1.827626e-02	1.616967e-02	2.106582e-03
1279          	3.127333e-01	1.476513e-01	1.650821e-01	8.612273e-02	5.452403e-02	3.159870e-02	1.146266e-02	-8.715384e-03	6.913610e-03	1.748743e-02	1.565733e-02	1.830106e-03
1280          	3.132361e-01	1.478724e-01	1.653637e-01	8.333412e-02	5.418366e-02	2.915046e-02	1.251660e-02	-8.745630e-03	6.762303e-03	1.669065e-02	1.510763e-02	1.583025e-03
1281          	3.136769e-01	1.479753e-01	1.657015e-01	8.057207e-02	5.398220e-02	2.658987e-02	1.369616e-02	-8.863095e-03	6.572469e-03	1.594722e-02	1.454608e-02	1.401141e-03
1282          	3.140076e-01	1.479774e-01	1.660301e-01	7.812282e-02	5.401177e-02	2.411105e-02	1.495036e-02	-9.026351e-03	6.367403e-03	1.530489e-02	1.401985e-02	1.285044e-03
1283          	3.143364e-01	1.480028e-01	1.663336e-01	7.620619e-02	5.428778e-02	2.191840e-02	1.618469e-02	-9.165402e-03	6.177070e-03	1.487483e-02	1.361449e-02	1.260345e-03
1284          	3.145907e-01	1.480295e-01	1.665612e-01	7.506447e-02	5.479263e-02	2.027184e-02	1.726040e-02	-9.265838e-03	6.026104e-03	1.466744e-02	1.335983e-02	1.307618e-03
1285          	3.148277e-01	1.481135e-01	1.667142e-01	7.480380e-02	5.543418e-02	1.936962e-02	1.803228e-02	-9.300336e-03	5.941988e-03	1.475443e-02	1.331920e-02	1.435225e-03
1286          	3.149405e-01	1.481852e-01	1.667553e-01	7.529351e-02	5.600306e-02	1.929044e-02	1.835631e-02	-9.285065e-03	5.957573e-03	1.506383e-02	1.348949e-02	1.574340e-03
1287          	3.150266e-01	1.483087e-01	1.667179e-01	7.613099e-02	5.624450e-02	1.988649e-02	1.817901e-02	-9.204611e-03	6.115399e-03	1.555799e-02	1.389439e-02	1.663597e-03
1288          	3.150281e-01	1.484507e-01	1.665774e-01	7.713714e-02	5.614832e-02	2.098881e-02	1.757975e-02	-9.063392e-03	6.412772e-03	1.613435e-02	1.447995e-02	1.654404e-03
1289          	3.150702e-01	1.487083e-01	1.663619e-01	7.810861e-02	5.584179e-02	2.226681e-02	1.678749e-02	-8.826777e-03	6.791577e-03	1.673323e-02	1.515819e-02	1.575040e-03
1290          	3.151145e-01	1.490414e-01	1.660731e-01	7.889846e-02	5.553700e-02	2.336146e-02	1.608777e-02	-8.515825e-03	7.149514e-03	1.725369e-02	1.577636e-02	1.477333e-03
1291          	3.153278e-01	1.495192e-01	1.658086e-01	7.915026e-02	5.528969e-02	2.386057e-02	1.571456e-02	-8.144684e-03	7.421543e-03	1.763751e-02	1.624030e-02	1.397211e-03
1292          	3.156496e-01	1.500563e-01	1.655933e-01	7.865486e-02	5.507213e-02	2.358273e-02	1.574470e-02	-7.768499e-03	7.584438e-03	1.780662e-02	1.648775e-02	1.318870e-03
1293          	3.161890e-01	1.506925e-01	1.654965e-01	7.728744e-02	5.486996e-02	2.241749e-02	1.622623e-02	-7.401998e-03	7.658808e-03	1.778108e-02	1.654935e-02	1.231733e-03
1294          	3.168058e-01	1.513089e-01	1.654969e-01	7.526106e-02	5.477884e-02	2.048222e-02	1.714831e-02	-7.094005e-03	7.654682e-03	1.756647e-02	1.643792e-02	1.128551e-03
1295          	3.174638e-01	1.518674e-01	1.655965e-01	7.296838e-02	5.490015e-02	1.806823e-02	1.841596e-02	-6.864550e-03	7.594296e-03	1.723349e-02	1.621104e-02	1.022451e-03
1296          	3.178946e-01	1.521900e-01	1.657046e-01	7.089543e-02	5.534251e-02	1.555292e-02	1.989479e-02	-6.757340e-03	7.460998e-03	1.677850e-02	1.585025e-02	9.282542e-04
1297          	3.181621e-01	1.523192e-01	1.658429e-01	6.919962e-02	5.617942e-02	1.302019e-02	2.157962e-02	-6.761805e-03	7.241112e-03	1.624356e-02	1.536289e-02	8.806671e-04
1298          	3.181772e-01	1.521944e-01	1.659828e-01	6.801257e-02	5.743245e-02	1.058012e-02	2.342617e-02	-6.894245e-03	6.930440e-03	1.566361e-02	1.476225e-02	9.013668e-04
1299          	3.180630e-01	1.519141e-01	1.661489e-01	6.725333e-02	5.889624e-02	8.357092e-03	2.526957e-02	-7.117419e-03	6.573414e-03	1.516613e-02	1.415648e-02	1.009651e-03
1300          	3.177391e-01	1.514534e-01	1.662857e-01	6.711357e-02	6.040061e-02	6.712968e-03	2.684382e-02	-7.416107e-03	6.199130e-03	1.481837e-02	1.360832e-02	1.210055e-03
1301          	3.173698e-01	1.509655e-01	1.664043e-01	6.771097e-02	6.186709e-02	5.843882e-03	2.801160e-02	-7.719432e-03	5.887728e-03	1.468295e-02	1.322920e-02	1.453747e-03
1302          	3.168813e-01	1.504257e-01	1.664555e-01	6.890158e-02	6.307953e-02	5.822044e-03	2.862874e-02	-8.014905e-03	5.681861e-03	1.472052e-02	1.304212e-02	1.678399e-03
1303          	3.164265e-01	1.499778e-01	1.664487e-01	7.044160e-02	6.390564e-02	6.535955e-03	2.868484e-02	-8.235422e-03	5.605154e-03	1.492817e-02	1.306924e-02	1.858932e-03
1304          	3.159252e-01	1.495931e-01	1.663321e-01	7.226991e-02	6.436757e-02	7.902331e-03	2.823262e-02	-8.369492e-03	5.613219e-03	1.522632e-02	1.322638e-02	1.999941e-03
1305          	3.155148e-01	1.493816e-01	1.661332e-01	7.427517e-02	6.462569e-02	9.649485e-03	2.748810e-02	-8.375801e-03	5.664919e-03	1.560083e-02	1.346533e-02	2.135495e-03
1306          	3.150708e-01	1.492516e-01	1.658193e-01	7.626737e-02	6.473159e-02	1.153578e-02	2.659791e-02	-8.283856e-03	5.697702e-03	1.597205e-02	1.368373e-02	2.288322e-03
1307          	3.146682e-01	1.492317e-01	1.654365e-01	7.787395e-02	6.466404e-02	1.320990e-02	2.572707e-02	-8.102431e-03	5.695557e-03	1.629656e-02	1.384384e-02	2.452723e-03
1308          	3.141449e-01	1.491902e-01	1.649547e-01	7.880971e-02	6.432041e-02	1.448930e-02	2.491555e-02	-7.882274e-03	5.653823e-03	1.649258e-02	1.390011e-02	2.592467e-03
1309          	3.136409e-01	1.492019e-01	1.644390e-01	7.893920e-02	6.370499e-02	1.523421e-02	2.423539e-02	-7.618562e-03	5.590974e-03	1.656855e-02	1.387525e-02	2.693300e-03
1310          	3.130766e-01	1.491783e-01	1.638984e-01	7.827508e-02	6.280884e-02	1.546624e-02	2.367130e-02	-7.360047e-03	5.519921e-03	1.649486e-02	1.376735e-02	2.727508e-03
1311          	3.125735e-01	1.491723e-01	1.634012e-01	7.694756e-02	6.172831e-02	1.521925e-02	2.325453e-02	-7.114468e-03	5.459004e-03	1.630841e-02	1.361321e-02	2.695199e-03
1312          	3.119840e-01	1.490648e-01	1.629192e-01	7.524594e-02	6.058039e-02	1.466555e-02	2.295742e-02	-6.927188e-03	5.401008e-03	1.598993e-02	1.339597e-02	2.593956e-03
1313          	3.114191e-01	1.489126e-01	1.625065e-01	7.343350e-02	5.951994e-02	1.391357e-02	2.280319e-02	-6.796936e-03	5.354699e-03	1.558853e-02	1.314897e-02	2.439568e-03
1314          	3.107787e-01	1.486317e-01	1.621470e-01	7.195342e-02	5.875885e-02	1.319457e-02	2.278214e-02	-6.757634e-03	5.322077e-03	1.516708e-02	1.290562e-02	2.261463e-03
1315          	3.102395e-01	1.483343e-01	1.619052e-01	7.112247e-02	5.842101e-02	1.270146e-02	2.285977e-02	-6.785489e-03	5.313302e-03	1.488054e-02	1.275357e-02	2.126967e-03
1316          	3.097347e-01	1.479696e-01	1.617651e-01	7.124764e-02	5.850204e-02	1.274560e-02	2.287822e-02	-6.897781e-03	5.330192e-03	1.482075e-02	1.274057e-02	2.080185e-03
1317          	3.094048e-01	1.476420e-01	1.617629e-01	7.250158e-02	5.899442e-02	1.350717e-02	2.274362e-02	-7.060430e-03	5.401128e-03	1.509852e-02	1.295039e-02	2.148132e-03
1318          	3.091508e-01	1.473002e-01	1.618505e-01	7.472059e-02	5.972791e-02	1.499268e-02	2.236762e-02	-7.275164e-03	5.540958e-03	1.566976e-02	1.337584e-02	2.293923e-03
1319          	3.090964e-01	1.470496e-01	1.620468e-01	7.740365e-02	6.039403e-02	1.700961e-02	2.169221e-02	-7.498600e-03	5.749776e-03	1.641965e-02	1.395960e-02	2.460047e-03
1320          	3.091318e-01	1.468484e-01	1.622834e-01	8.023250e-02	6.078572e-02	1.944679e-02	2.066947e-02	-7.717489e-03	5.977926e-03	1.721051e-02	1.458318e-02	2.627331e-03
1321          	3.093762e-01	1.468077e-01	1.625685e-01	8.287785e-02	6.082703e-02	2.205082e-02	1.938811e-02	-7.880437e-03	6.177301e-03	1.796960e-02	1.516210e-02	2.807497e-03
1322          	3.096836e-01	1.468515e-01	1.628321e-01	8.506267e-02	6.056532e-02	2.449736e-02	1.803398e-02	-7.990298e-03	6.292158e-03	1.862926e-02	1.560679e-02	3.022470e-03
1323          	3.101504e-01	1.470357e-01	1.631147e-01	8.640405e-02	6.001700e-02	2.638705e-02	1.681497e-02	-8.039487e-03	6.331561e-03	1.915198e-02	1.590755e-02	3.244431e-03
1324          	3.106291e-01	1.472466e-01	1.633825e-01	8.667495e-02	5.916821e-02	2.750674e-02	1.583074e-02	-8.067924e-03	6.307673e-03	1.951873e-02	1.606704e-02	3.451690e-03
1325          	3.112205e-01	1.475285e-01	1.636919e-01	8.576508e-02	5.809702e-02	2.766806e-02	1.521448e-02	-8.081698e-03	6.270083e-03	1.981248e-02	1.617632e-02	3.636157e-03
1326          	3.117712e-01	1.477572e-01	1.640140e-01	8.384838e-02	5.695766e-02	2.689072e-02	1.503347e-02	-8.128393e-03	6.237516e-03	2.009756e-02	1.628629e-02	3.811262e-03
1327          	3.123383e-01	1.479564e-01	1.643819e-01	8.119545e-02	5.596680e-02	2.522865e-02	1.536907e-02	-8.212722e-03	6.224923e-03	2.041079e-02	1.643032e-02	3.980474e-03
1328          	3.127629e-01	1.480197e-01	1.647432e-01	7.824527e-02	5.535879e-02	2.288649e-02	1.623615e-02	-8.361727e-03	6.207992e-03	2.072042e-02	1.656820e-02	4.152217e-03
1329          	3.131162e-01	1.480242e-01	1.650920e-01	7.536176e-02	5.530561e-02	2.005615e-02	1.762473e-02	-8.533898e-03	6.194296e-03	2.095394e-02	1.667127e-02	4.282673e-03
1330          	3.132633e-01	1.479362e-01	1.653270e-01	7.308754e-02	5.599887e-02	1.708868e-02	1.945510e-02	-8.695410e-03	6.176917e-03	2.102642e-02	1.669013e-02	4.336292e-03
1331          	3.132881e-01	1.478563e-01	1.654318e-01	7.163160e-02	5.725781e-02	1.437379e-02	2.144201e-02	-8.787747e-03	6.179350e-03	2.097804e-02	1.666837e-02	4.309672e-03
1332          	3.131327e-01	1.477291e-01	1.654036e-01	7.107235e-02	5.871284e-02	1.235950e-02	2.317667e-02	-8.837260e-03	6.220304e-03	2.091737e-02	1.667899e-02	4.238381e-03
1333          	3.128789e-01	1.475960e-01	1.652829e-01	7.149110e-02	6.020657e-02	1.128453e-02	2.446102e-02	-8.843442e-03	6.351158e-03	2.096711e-02	1.683471e-02	4.132399e-03
1334          	3.124753e-01	1.473895e-01	1.650859e-01	7.286365e-02	6.153847e-02	1.132518e-02	2.510665e-02	-8.848204e-03	6.560807e-03	2.114779e-02	1.713470e-02	4.013089e-03
1335          	3.120370e-01	1.471394e-01	1.648976e-01	7.492564e-02	6.243783e-02	1.248781e-02	2.497501e-02	-8.879119e-03	6.834151e-03	2.145064e-02	1.755947e-02	3.891170e-03
1336          	3.115550e-01	1.468179e-01	1.647371e-01	7.738957e-02	6.267793e-02	1.471164e-02	2.398315e-02	-8.959586e-03	7.124447e-03	2.184579e-02	1.804734e-02	3.798447e-03
1337          	3.110619e-01	1.464623e-01	1.645996e-01	8.019506e-02	6.228976e-02	1.790530e-02	2.219223e-02	-9.068637e-03	7.404875e-03	2.233997e-02	1.857486e-02	3.765113e-03
1338          	3.103539e-01	1.459764e-01	1.643775e-01	8.382332e-02	6.166061e-02	2.216271e-02	1.974895e-02	-9.200541e-03	7.627853e-03	2.289653e-02	1.907612e-02	3.820410e-03
1339          	3.095844e-01	1.454810e-01	1.641034e-01	8.811701e-02	6.113639e-02	2.698062e-02	1.707789e-02	-9.311210e-03	7.770983e-03	2.337505e-02	1.945851e-02	3.916541e-03
1340          	3.088598e-01	1.450424e-01	1.638174e-01	9.205018e-02	6.067375e-02	3.137642e-02	1.464867e-02	-9.387470e-03	7.783327e-03	2.358637e-02	1.957651e-02	4.009860e-03
1341          	3.082499e-01	1.446695e-01	1.635804e-01	9.501833e-02	6.002921e-02	3.498912e-02	1.252005e-02	-9.455477e-03	7.688782e-03	2.358481e-02	1.948119e-02	4.103625e-03
1342          	3.077018e-01	1.443045e-01	1.633973e-01	9.677981e-02	5.921503e-02	3.756478e-02	1.082513e-02	-9.546426e-03	7.483548e-03	2.339247e-02	1.917978e-02	4.212685e-03
1343          	3.073726e-01	1.440149e-01	1.633576e-01	9.715543e-02	5.830308e-02	3.885235e-02	9.725366e-03	-9.671332e-03	7.191330e-03	2.306374e-02	1.872320e-02	4.340539e-03
1344          	3.072349e-01	1.437571e-01	1.634778e-01	9.599874e-02	5.739138e-02	3.860736e-02	9.392011e-03	-9.860338e-03	6.848939e-03	2.259631e-02	1.814710e-02	4.449217e-03
1345          	3.074913e-01	1.436508e-01	1.638404e-01	9.311954e-02	5.661783e-02	3.650172e-02	1.005806e-02	-1.009481e-02	6.505487e-03	2.201960e-02	1.751529e-02	4.504311e-03
1346          	3.081365e-01	1.437233e-01	1.644132e-01	8.867632e-02	5.620324e-02	3.247308e-02	1.186508e-02	-1.034498e-02	6.184406e-03	2.132360e-02	1.684621e-02	4.477394e-03
1347          	3.092332e-01	1.440795e-01	1.651537e-01	8.336495e-02	5.631351e-02	2.705144e-02	1.463103e-02	-1.053713e-02	5.905791e-03	2.061553e-02	1.621356e-02	4.401975e-03
1348          	3.105419e-01	1.446235e-01	1.659184e-01	7.834088e-02	5.705066e-02	2.129022e-02	1.788022e-02	-1.064747e-02	5.675544e-03	1.998789e-02	1.566949e-02	4.318400e-03
1349          	3.119566e-01	1.453278e-01	1.666288e-01	7.450921e-02	5.830947e-02	1.619975e-02	2.105486e-02	-1.065052e-02	5.518551e-03	1.957896e-02	1.530803e-02	4.270930e-03
1350          	3.131632e-01	1.460051e-01	1.671581e-01	7.246510e-02	5.985022e-02	1.261488e-02	2.361767e-02	-1.057648e-02	5.474543e-03	1.939124e-02	1.517017e-02	4.221079e-03
1351          	3.141586e-01	1.466329e-01	1.675257e-01	7.225417e-02	6.126577e-02	1.098840e-02	2.513869e-02	-1.044639e-02	5.580704e-03	1.939633e-02	1.527887e-02	4.117460e-03
1352          	3.148133e-01	1.470921e-01	1.677212e-01	7.371614e-02	6.230116e-02	1.141497e-02	2.544310e-02	-1.031458e-02	5.835397e-03	1.948769e-02	1.557924e-02	3.908450e-03
1353          	3.152484e-01	1.474379e-01	1.678105e-01	7.661739e-02	6.286881e-02	1.374858e-02	2.456011e-02	-1.018629e-02	6.207137e-03	1.966972e-02	1.604200e-02	3.627725e-03
1354          	3.153031e-01	1.475611e-01	1.677420e-01	8.077450e-02	6.291478e-02	1.785971e-02	2.252754e-02	-1.009046e-02	6.626534e-03	1.992253e-02	1.658780e-02	3.334732e-03
1355          	3.150035e-01	1.474822e-01	1.675213e-01	8.579119e-02	6.246262e-02	2.332857e-02	1.956703e-02	-1.001958e-02	7.005984e-03	2.027786e-02	1.714491e-02	3.132945e-03
1356          	3.143921e-01	1.471889e-01	1.672032e-01	9.049464e-02	6.149020e-02	2.900444e-02	1.624288e-02	-1.000712e-02	7.250524e-03	2.064570e-02	1.757337e-02	3.072325e-03
1357          	3.141836e-01	1.470734e-01	1.671103e-01	9.307490e-02	6.046421e-02	3.261069e-02	1.392676e-02	-1.001843e-02	7.324916e-03	2.092817e-02	1.778900e-02	3.139169e-03
1358          	3.137567e-01	1.467401e-01	1.670166e-01	9.506939e-02	5.886758e-02	3.620181e-02	1.133288e-02	-1.013823e-02	7.321625e-03	2.125602e-02	1.794964e-02	3.306385e-03
1359          	3.133979e-01	1.463881e-01	1.670098e-01	9.588547e-02	5.718197e-02	3.870350e-02	9.239239e-03	-1.031081e-02	7.262764e-03	2.156225e-02	1.804389e-02	3.518359e-03
1360          	3.129852e-01	1.459460e-01	1.670392e-01	9.569750e-02	5.555795e-02	4.013955e-02	7.709204e-03	-1.054661e-02	7.173079e-03	2.175848e-02	1.805232e-02	3.706163e-03
1361          	3.126086e-01	1.455107e-01	1.670980e-01	9.463713e-02	5.407946e-02	4.055767e-02	6.760898e-03	-1.079365e-02	7.087790e-03	2.185202e-02	1.801380e-02	3.838220e-03
1362          	3.121398e-01	1.450492e-01	1.670906e-01	9.289933e-02	5.287389e-02	4.002544e-02	6.424225e-03	-1.102069e-02	7.034535e-03	2.182149e-02	1.794528e-02	3.876210e-03
1363          	3.117103e-01	1.447008e-01	1.670095e-01	9.072785e-02	5.208287e-02	3.864498e-02	6.718945e-03	-1.115439e-02	7.053783e-03	2.176525e-02	1.793641e-02	3.828842e-03
1364          	3.112473e-01	1.444348e-01	1.668125e-01	8.851003e-02	5.178803e-02	3.672201e-02	7.533010e-03	-1.118886e-02	7.155962e-03	2.176187e-02	1.803690e-02	3.724972e-03
1365          	3.108855e-01	1.443299e-01	1.665556e-01	8.663396e-02	5.194550e-02	3.468847e-02	8.628516e-03	-1.111286e-02	7.350475e-03	2.193576e-02	1.831835e-02	3.617403e-03
1366          	3.105105e-01	1.443041e-01	1.662064e-01	8.573493e-02	5.257465e-02	3.316029e-02	9.707180e-03	-1.095115e-02	7.614441e-03	2.223973e-02	1.873431e-02	3.505426e-03
1367          	3.102711e-01	1.444401e-01	1.658311e-01	8.596272e-02	5.352875e-02	3.243397e-02	1.054739e-02	-1.069550e-02	7.903294e-03	2.257808e-02	1.919233e-02	3.385745e-03
1368          	3.100878e-01	1.446472e-01	1.654406e-01	8.699016e-02	5.444362e-02	3.254653e-02	1.094854e-02	-1.039672e-02	8.171600e-03	2.277013e-02	1.955667e-02	3.213467e-03
1369          	3.100620e-01	1.449357e-01	1.651263e-01	8.846451e-02	5.507750e-02	3.338701e-02	1.084524e-02	-1.009530e-02	8.427486e-03	2.282072e-02	1.983785e-02	2.982874e-03
1370          	3.100759e-01	1.451921e-01	1.648837e-01	9.033827e-02	5.541973e-02	3.491854e-02	1.025059e-02	-9.845791e-03	8.660483e-03	2.273588e-02	2.002842e-02	2.707458e-03
1371          	3.101855e-01	1.454273e-01	1.647582e-01	9.261215e-02	5.559293e-02	3.701922e-02	9.286857e-03	-9.665424e-03	8.865003e-03	2.259524e-02	2.016262e-02	2.432617e-03
1372          	3.102044e-01	1.455143e-01	1.646901e-01	9.530183e-02	5.567689e-02	3.962495e-02	8.025970e-03	-9.587917e-03	9.008797e-03	2.237748e-02	2.019754e-02	2.179944e-03
1373          	3.101770e-01	1.454937e-01	1.646833e-01	9.798657e-02	5.552416e-02	4.246240e-02	6.530881e-03	-9.594840e-03	9.070265e-03	2.211113e-02	2.012583e-02	1.985301e-03
1374          	3.100187e-01	1.453497e-01	1.646690e-01	1.001480e-01	5.507392e-02	4.507404e-02	4.999938e-03	-9.659630e-03	9.012270e-03	2.177324e-02	1.989889e-02	1.874351e-03
1375          	3.098859e-01	1.452087e-01	1.646772e-01	1.012085e-01	5.429186e-02	4.691661e-02	3.687626e-03	-9.734266e-03	8.836725e-03	2.137938e-02	1.952642e-02	1.852966e-03
1376          	3.097502e-01	1.450528e-01	1.646974e-01	1.010056e-01	5.328615e-02	4.771944e-02	2.783354e-03	-9.822287e-03	8.534282e-03	2.090021e-02	1.898438e-02	1.915821e-03
1377          	3.098193e-01	1.450088e-01	1.648105e-01	9.946952e-02	5.217644e-02	4.729308e-02	2.441681e-03	-9.900859e-03	8.119383e-03	2.034466e-02	1.829171e-02	2.052948e-03
1378          	3.100680e-01	1.450570e-01	1.650110e-01	9.671065e-02	5.118094e-02	4.552971e-02	2.825615e-03	-9.977013e-03	7.612340e-03	1.966284e-02	1.744376e-02	2.219081e-03
1379          	3.106135e-01	1.452757e-01	1.653378e-01	9.286674e-02	5.048244e-02	4.238430e-02	4.049071e-03	-1.003103e-02	7.091785e-03	1.886336e-02	1.652347e-02	2.339897e-03
1380          	3.112613e-01	1.455846e-01	1.656767e-01	8.840832e-02	5.024832e-02	3.816000e-02	6.044160e-03	-1.004601e-02	6.648047e-03	1.801980e-02	1.565795e-02	2.361855e-03
1381          	3.118340e-01	1.459302e-01	1.659039e-01	8.419927e-02	5.040833e-02	3.379094e-02	8.308693e-03	-9.986860e-03	6.374453e-03	1.738070e-02	1.506480e-02	2.315896e-03
1382          	3.120836e-01	1.461856e-01	1.658980e-01	8.114876e-02	5.097159e-02	3.017718e-02	1.039720e-02	-9.856157e-03	6.283997e-03	1.702511e-02	1.479655e-02	2.228557e-03
1383          	3.121654e-01	1.464377e-01	1.657277e-01	7.949641e-02	5.200965e-02	2.748677e-02	1.226144e-02	-9.644991e-03	6.372602e-03	1.700644e-02	1.487582e-02	2.130617e-03
1384          	3.120548e-01	1.466376e-01	1.654172e-01	7.895342e-02	5.324871e-02	2.570471e-02	1.377200e-02	-9.389810e-03	6.605984e-03	1.721811e-02	1.521504e-02	2.003071e-03
1385          	3.119283e-01	1.468279e-01	1.651004e-01	7.873443e-02	5.416463e-02	2.456980e-02	1.479742e-02	-9.136241e-03	6.973355e-03	1.755766e-02	1.575219e-02	1.805474e-03
1386          	3.117659e-01	1.469583e-01	1.648076e-01	7.841934e-02	5.450122e-02	2.391812e-02	1.529155e-02	-8.924691e-03	7.435846e-03	1.794272e-02	1.640720e-02	1.535512e-03
1387          	3.116842e-01	1.471036e-01	1.645806e-01	7.819729e-02	5.446523e-02	2.373206e-02	1.536658e-02	-8.738524e-03	7.979042e-03	1.840011e-02	1.717910e-02	1.221012e-03
1388          	3.115730e-01	1.471774e-01	1.643956e-01	7.845632e-02	5.439521e-02	2.406111e-02	1.516705e-02	-8.609077e-03	8.562948e-03	1.891924e-02	1.802257e-02	8.966736e-04
1389          	3.115003e-01	1.471878e-01	1.643125e-01	7.914428e-02	5.429346e-02	2.485082e-02	1.472132e-02	-8.562315e-03	9.161324e-03	1.948838e-02	1.890551e-02	5.828653e-04
1390          	3.113706e-01	1.470518e-01	1.643188e-01	8.015596e-02	5.414689e-02	2.600907e-02	1.406891e-02	-8.633466e-03	9.689937e-03	2.003925e-02	1.970956e-02	3.296883e-04
1391          	3.113411e-01	1.468757e-01	1.644653e-01	8.100926e-02	5.384404e-02	2.716522e-02	1.333941e-02	-8.794807e-03	1.011218e-02	2.056246e-02	2.039341e-02	1.690525e-04
1392          	3.113089e-01	1.466057e-01	1.647031e-01	8.139711e-02	5.334706e-02	2.805006e-02	1.264850e-02	-9.048710e-03	1.038139e-02	2.106873e-02	2.091575e-02	1.529767e-04
1393          	3.113869e-01	1.463286e-01	1.650583e-01	8.119457e-02	5.272268e-02	2.847189e-02	1.212540e-02	-9.364804e-03	1.049853e-02	2.156809e-02	2.128258e-02	2.855101e-04
1394          	3.114367e-01	1.459863e-01	1.654504e-01	8.045609e-02	5.206940e-02	2.838669e-02	1.184136e-02	-9.732084e-03	1.044418e-02	2.196943e-02	2.142890e-02	5.405383e-04
1395          	3.115335e-01	1.456849e-01	1.658486e-01	7.928978e-02	5.151711e-02	2.777268e-02	1.187222e-02	-1.008187e-02	1.027212e-02	2.225634e-02	2.140029e-02	8.560531e-04
1396          	3.115598e-01	1.454114e-01	1.661483e-01	7.796430e-02	5.127551e-02	2.668879e-02	1.229336e-02	-1.036847e-02	1.000365e-02	2.243197e-02	2.121964e-02	1.212332e-03
1397          	3.116507e-01	1.452912e-01	1.663595e-01	7.658001e-02	5.139107e-02	2.518894e-02	1.310106e-02	-1.053413e-02	9.718470e-03	2.256989e-02	2.100341e-02	1.566473e-03
1398          	3.117136e-01	1.452843e-01	1.664293e-01	7.548730e-02	5.192952e-02	2.355778e-02	1.418587e-02	-1.057249e-02	9.488837e-03	2.274105e-02	2.085936e-02	1.881689e-03
1399          	3.117711e-01	1.454167e-01	1.663543e-01	7.485868e-02	5.268863e-02	2.217006e-02	1.525929e-02	-1.046879e-02	9.391840e-03	2.301938e-02	2.090153e-02	2.117851e-03
1400          	3.116798e-01	1.455621e-01	1.661177e-01	7.461999e-02	5.340397e-02	2.121602e-02	1.609397e-02	-1.027775e-02	9.404873e-03	2.335507e-02	2.108241e-02	2.272662e-03
1401          	3.115770e-01	1.457535e-01	1.658235e-01	7.432395e-02	5.378505e-02	2.053890e-02	1.662307e-02	-1.003499e-02	9.505568e-03	2.375080e-02	2.138097e-02	2.369831e-03
1402          	3.113800e-01	1.459173e-01	1.654626e-01	7.392737e-02	5.379399e-02	2.013339e-02	1.683030e-02	-9.772630e-03	9.641939e-03	2.414200e-02	2.171294e-02	2.429063e-03
1403          	3.112160e-01	1.461493e-01	1.650668e-01	7.358873e-02	5.362490e-02	1.996383e-02	1.683054e-02	-9.458742e-03	9.781849e-03	2.444586e-02	2.200478e-02	2.441083e-03
1404          	3.109994e-01	1.463700e-01	1.646294e-01	7.354020e-02	5.353626e-02	2.000395e-02	1.676616e-02	-9.129696e-03	9.884608e-03	2.457136e-02	2.217029e-02	2.401074e-03
1405          	3.108568e-01	1.466148e-01	1.642421e-01	7.369266e-02	5.357665e-02	2.011601e-02	1.673032e-02	-8.813648e-03	9.950904e-03	2.446018e-02	2.218099e-02	2.279186e-03
1406          	3.106837e-01	1.467648e-01	1.639189e-01	7.396550e-02	5.372436e-02	2.024114e-02	1.674161e-02	-8.577031e-03	9.941862e-03	2.410240e-02	2.199306e-02	2.109336e-03
1407          	3.106114e-01	1.468679e-01	1.637434e-01	7.420947e-02	5.397306e-02	2.023641e-02	1.686833e-02	-8.437760e-03	9.849513e-03	2.354483e-02	2.162193e-02	1.922900e-03
1408          	3.105231e-01	1.468164e-01	1.637067e-01	7.433527e-02	5.430870e-02	2.002658e-02	1.714106e-02	-8.445141e-03	9.627617e-03	2.283906e-02	2.104714e-02	1.791911e-03
1409          	3.105089e-01	1.466557e-01	1.638532e-01	7.413781e-02	5.466348e-02	1.947434e-02	1.759457e-02	-8.598787e-03	9.275924e-03	2.203283e-02	2.029234e-02	1.740492e-03
1410          	3.104454e-01	1.463304e-01	1.641150e-01	7.351012e-02	5.497428e-02	1.853585e-02	1.821922e-02	-8.892282e-03	8.756979e-03	2.112496e-02	1.931946e-02	1.805502e-03
1411          	3.104530e-01	1.459802e-01	1.644728e-01	7.241409e-02	5.521664e-02	1.719745e-02	1.900959e-02	-9.246299e-03	8.091564e-03	2.014547e-02	1.816430e-02	1.981169e-03
1412          	3.104153e-01	1.456154e-01	1.647999e-01	7.119440e-02	5.541250e-02	1.578190e-02	1.981530e-02	-9.592216e-03	7.305482e-03	1.911913e-02	1.686505e-02	2.254081e-03
1413          	3.104272e-01	1.453842e-01	1.650430e-01	7.030149e-02	5.561782e-02	1.468367e-02	2.046707e-02	-9.829398e-03	6.487347e-03	1.810554e-02	1.554012e-02	2.565423e-03
1414          	3.103263e-01	1.452175e-01	1.651087e-01	7.020571e-02	5.592644e-02	1.427927e-02	2.082359e-02	-9.945590e-03	5.686197e-03	1.715952e-02	1.426596e-02	2.893561e-03
1415          	3.101979e-01	1.451792e-01	1.650187e-01	7.109298e-02	5.638861e-02	1.470436e-02	2.084213e-02	-9.919728e-03	4.988478e-03	1.637697e-02	1.317697e-02	3.200010e-03
1416          	3.099405e-01	1.451789e-01	1.647615e-01	7.289614e-02	5.697159e-02	1.592455e-02	2.052352e-02	-9.791309e-03	4.460428e-03	1.576527e-02	1.234306e-02	3.422209e-03
1417          	3.096960e-01	1.452959e-01	1.644001e-01	7.503956e-02	5.743127e-02	1.760830e-02	1.991148e-02	-9.552063e-03	4.151871e-03	1.531106e-02	1.180740e-02	3.503659e-03
1418          	3.093956e-01	1.454540e-01	1.639416e-01	7.708297e-02	5.766967e-02	1.941329e-02	1.912819e-02	-9.243773e-03	4.026741e-03	1.495390e-02	1.150369e-02	3.450211e-03
1419          	3.091677e-01	1.457252e-01	1.634426e-01	7.877618e-02	5.778042e-02	2.099576e-02	1.839233e-02	-8.858703e-03	4.051024e-03	1.469746e-02	1.139975e-02	3.297706e-03
1420          	3.089300e-01	1.460291e-01	1.629010e-01	8.007874e-02	5.788108e-02	2.219766e-02	1.784171e-02	-8.435933e-03	4.149530e-03	1.452217e-02	1.141062e-02	3.111556e-03
1421          	3.087892e-01	1.463924e-01	1.623967e-01	8.075372e-02	5.787753e-02	2.287618e-02	1.750068e-02	-8.002136e-03	4.277439e-03	1.438624e-02	1.147056e-02	2.915683e-03
1422          	3.086485e-01	1.467038e-01	1.619447e-01	8.077284e-02	5.766127e-02	2.311157e-02	1.727485e-02	-7.620476e-03	4.385221e-03	1.418250e-02	1.147647e-02	2.706027e-03
1423          	3.086343e-01	1.470175e-01	1.616168e-01	8.035944e-02	5.724418e-02	2.311525e-02	1.706447e-02	-7.299617e-03	4.470105e-03	1.385209e-02	1.139615e-02	2.455939e-03
1424          	3.086419e-01	1.472348e-01	1.614071e-01	7.989933e-02	5.675364e-02	2.314569e-02	1.680397e-02	-7.086188e-03	4.538741e-03	1.335563e-02	1.121656e-02	2.139074e-03
1425          	3.087594e-01	1.473872e-01	1.613723e-01	7.956169e-02	5.628410e-02	2.327759e-02	1.650325e-02	-6.992549e-03	4.626634e-03	1.276762e-02	1.101044e-02	1.757175e-03
1426          	3.088432e-01	1.473765e-01	1.614667e-01	7.940551e-02	5.592119e-02	2.348432e-02	1.621844e-02	-7.045129e-03	4.702533e-03	1.211478e-02	1.075992e-02	1.354857e-03
1427          	3.089867e-01	1.472860e-01	1.617007e-01	7.919425e-02	5.561467e-02	2.357957e-02	1.601755e-02	-7.207338e-03	4.736318e-03	1.143189e-02	1.045227e-02	9.796288e-04
1428          	3.090859e-01	1.470924e-01	1.619934e-01	7.883275e-02	5.541848e-02	2.341427e-02	1.600210e-02	-7.450484e-03	4.675637e-03	1.073580e-02	1.004354e-02	6.922636e-04
1429          	3.092525e-01	1.469232e-01	1.623294e-01	7.825572e-02	5.528091e-02	2.297481e-02	1.615305e-02	-7.703122e-03	4.545416e-03	1.012832e-02	9.609575e-03	5.187436e-04
1430          	3.093615e-01	1.467457e-01	1.626157e-01	7.756164e-02	5.508255e-02	2.247909e-02	1.630173e-02	-7.935013e-03	4.374307e-03	9.685920e-03	9.217267e-03	4.686533e-04
1431          	3.095190e-01	1.466587e-01	1.628603e-01	7.703515e-02	5.485949e-02	2.217566e-02	1.634192e-02	-8.100792e-03	4.243446e-03	9.491176e-03	8.989034e-03	5.021416e-04
1432          	3.096358e-01	1.466103e-01	1.630255e-01	7.686999e-02	5.463115e-02	2.223884e-02	1.619616e-02	-8.207626e-03	4.179124e-03	9.504898e-03	8.931573e-03	5.733248e-04
1433          	3.098329e-01	1.466727e-01	1.631602e-01	7.678586e-02	5.420068e-02	2.258518e-02	1.580775e-02	-8.243713e-03	4.205428e-03	9.691884e-03	9.051370e-03	6.405147e-04
1434          	3.100104e-01	1.467790e-01	1.632314e-01	7.660060e-02	5.347568e-02	2.312493e-02	1.517537e-02	-8.226164e-03	4.285774e-03	9.926837e-03	9.249193e-03	6.776443e-04
1435          	3.102407e-01	1.469948e-01	1.632460e-01	7.627748e-02	5.251347e-02	2.376401e-02	1.437473e-02	-8.125602e-03	4.411083e-03	1.018768e-02	9.504923e-03	6.827559e-04
1436          	3.103304e-01	1.472074e-01	1.631230e-01	7.588063e-02	5.145659e-02	2.442404e-02	1.351628e-02	-7.957820e-03	4.554636e-03	1.038228e-02	9.745774e-03	6.365017e-04
1437          	3.103285e-01	1.474375e-01	1.628910e-01	7.536256e-02	5.044155e-02	2.492101e-02	1.276027e-02	-7.726762e-03	4.699721e-03	1.049835e-02	9.948896e-03	5.494540e-04
1438          	3.101365e-01	1.475944e-01	1.625421e-01	7.468585e-02	4.956216e-02	2.512369e-02	1.221923e-02	-7.473874e-03	4.807147e-03	1.049095e-02	1.005262e-02	4.383263e-04
1439          	3.098777e-01	1.477253e-01	1.621524e-01	7.373754e-02	4.879177e-02	2.494577e-02	1.192300e-02	-7.213551e-03	4.886818e-03	1.041383e-02	1.009373e-02	3.200961e-04
1440          	3.094862e-01	1.477711e-01	1.617151e-01	7.266013e-02	4.815606e-02	2.450407e-02	1.182600e-02	-6.972011e-03	4.955993e-03	1.022357e-02	1.006778e-02	1.557922e-04
1441          	3.090800e-01	1.477792e-01	1.613008e-01	7.149255e-02	4.766241e-02	2.383014e-02	1.191613e-02	-6.760814e-03	5.034773e-03	9.959205e-03	1.001438e-02	-5.517052e-05
1442          	3.085506e-01	1.476567e-01	1.608939e-01	7.038292e-02	4.736305e-02	2.301987e-02	1.217159e-02	-6.618637e-03	5.106524e-03	9.580439e-03	9.896744e-03	-3.163048e-04
1443          	3.080036e-01	1.474645e-01	1.605390e-01	6.960120e-02	4.743800e-02	2.216320e-02	1.263740e-02	-6.537270e-03	5.155256e-03	9.161485e-03	9.735998e-03	-5.745137e-04
1444          	3.073409e-01	1.471301e-01	1.602108e-01	6.951057e-02	4.802032e-02	2.149025e-02	1.326503e-02	-6.540368e-03	5.153744e-03	8.735140e-03	9.521314e-03	-7.861741e-04
1445          	3.066638e-01	1.467332e-01	1.599306e-01	7.014929e-02	4.898570e-02	2.116359e-02	1.391106e-02	-6.598696e-03	5.107092e-03	8.369635e-03	9.291909e-03	-9.222742e-04
1446          	3.058747e-01	1.462276e-01	1.596470e-01	7.161007e-02	5.015874e-02	2.145133e-02	1.435370e-02	-6.709685e-03	5.025892e-03	8.141843e-03	9.096813e-03	-9.549708e-04
1447          	3.050913e-01	1.457243e-01	1.593670e-01	7.360757e-02	5.125220e-02	2.235537e-02	1.444842e-02	-6.821381e-03	4.971704e-03	8.176458e-03	9.059933e-03	-8.834745e-04
1448          	3.042565e-01	1.451818e-01	1.590746e-01	7.577612e-02	5.195257e-02	2.382355e-02	1.406451e-02	-6.946416e-03	4.973330e-03	8.445033e-03	9.195846e-03	-7.508132e-04
1449          	3.035435e-01	1.447129e-01	1.588306e-01	7.777660e-02	5.206630e-02	2.571030e-02	1.317800e-02	-7.058835e-03	5.048965e-03	8.912661e-03	9.505295e-03	-5.926342e-04
1450          	3.029165e-01	1.442899e-01	1.586266e-01	7.953958e-02	5.163263e-02	2.790696e-02	1.186283e-02	-7.168335e-03	5.162619e-03	9.484930e-03	9.905084e-03	-4.201538e-04
1451          	3.025297e-01	1.440473e-01	1.584824e-01	8.108895e-02	5.091439e-02	3.017455e-02	1.036992e-02	-7.217574e-03	5.278341e-03	1.013623e-02	1.034645e-02	-2.102283e-04
1452          	3.022937e-01	1.439296e-01	1.583640e-01	8.240481e-02	5.015434e-02	3.225048e-02	8.951931e-03	-7.217208e-03	5.343701e-03	1.072360e-02	1.070550e-02	1.809977e-05
1453          	3.022727e-01	1.439588e-01	1.583140e-01	8.309281e-02	4.940175e-02	3.369107e-02	7.855338e-03	-7.177611e-03	5.364889e-03	1.116960e-02	1.094969e-02	2.199085e-04
1454          	3.023157e-01	1.440311e-01	1.582846e-01	8.276900e-02	4.867139e-02	3.409761e-02	7.286890e-03	-7.126755e-03	5.358175e-03	1.138098e-02	1.104867e-02	3.323160e-04
1455          	3.024675e-01	1.441678e-01	1.582998e-01	8.109569e-02	4.792555e-02	3.317014e-02	7.377706e-03	-7.065994e-03	5.351113e-03	1.141241e-02	1.105732e-02	3.550908e-04
1456          	3.026307e-01	1.442848e-01	1.583459e-01	7.817980e-02	4.721911e-02	3.096069e-02	8.129212e-03	-7.030556e-03	5.361422e-03	1.128099e-02	1.100192e-02	2.790727e-04
1457          	3.029386e-01	1.444316e-01	1.585070e-01	7.426704e-02	4.660025e-02	2.766679e-02	9.466733e-03	-7.037701e-03	5.406774e-03	1.109934e-02	1.095645e-02	1.428976e-04
1458          	3.033386e-01	1.445622e-01	1.587763e-01	6.987989e-02	4.617052e-02	2.370937e-02	1.123057e-02	-7.107043e-03	5.494170e-03	1.089403e-02	1.094119e-02	-4.715365e-05
1459          	3.038851e-01	1.447321e-01	1.591530e-01	6.563045e-02	4.607435e-02	1.955610e-02	1.325912e-02	-7.210412e-03	5.652098e-03	1.070428e-02	1.100424e-02	-2.999587e-04
1460          	3.044061e-01	1.448659e-01	1.595402e-01	6.226458e-02	4.649524e-02	1.576934e-02	1.536295e-02	-7.337145e-03	5.869714e-03	1.051725e-02	1.112834e-02	-6.110903e-04
1461          	3.048723e-01	1.449688e-01	1.599035e-01	6.016478e-02	4.736523e-02	1.279955e-02	1.728284e-02	-7.467309e-03	6.132455e-03	1.038993e-02	1.132742e-02	-9.374920e-04
1462          	3.050866e-01	1.449239e-01	1.601627e-01	5.975138e-02	4.861939e-02	1.113200e-02	1.874369e-02	-7.619410e-03	6.421042e-03	1.037589e-02	1.160899e-02	-1.233098e-03
1463          	3.051500e-01	1.447707e-01	1.603793e-01	6.081588e-02	4.993300e-02	1.088289e-02	1.952505e-02	-7.804299e-03	6.728080e-03	1.060822e-02	1.203219e-02	-1.423972e-03
1464          	3.050619e-01	1.444931e-01	1.605688e-01	6.284330e-02	5.085631e-02	1.198699e-02	1.943466e-02	-8.037818e-03	7.011758e-03	1.108412e-02	1.255382e-02	-1.469696e-03
1465          	3.050203e-01	1.442053e-01	1.608150e-01	6.528619e-02	5.105394e-02	1.423225e-02	1.841085e-02	-8.304805e-03	7.251171e-03	1.182544e-02	1.316389e-02	-1.338452e-03
1466          	3.050141e-01	1.439299e-01	1.610841e-01	6.808607e-02	5.068715e-02	1.739892e-02	1.664411e-02	-8.577106e-03	7.425266e-03	1.274090e-02	1.379571e-02	-1.054818e-03
1467          	3.051763e-01	1.437786e-01	1.613976e-01	7.097486e-02	4.990895e-02	2.106592e-02	1.442152e-02	-8.809496e-03	7.561992e-03	1.373320e-02	1.442859e-02	-6.953912e-04
1468          	3.054554e-01	1.437298e-01	1.617256e-01	7.351523e-02	4.888560e-02	2.462962e-02	1.212799e-02	-8.997871e-03	7.672680e-03	1.460669e-02	1.497603e-02	-3.693335e-04
1469          	3.059453e-01	1.438205e-01	1.621248e-01	7.507069e-02	4.766169e-02	2.740900e-02	1.012634e-02	-9.152139e-03	7.759347e-03	1.532281e-02	1.542075e-02	-9.794023e-05
1470          	3.065054e-01	1.439552e-01	1.625502e-01	7.545760e-02	4.633917e-02	2.911843e-02	8.610371e-03	-9.297524e-03	7.790002e-03	1.589345e-02	1.573673e-02	1.567214e-04
1471          	3.072047e-01	1.441693e-01	1.630354e-01	7.482500e-02	4.510574e-02	2.971926e-02	7.693240e-03	-9.433068e-03	7.779098e-03	1.638763e-02	1.597292e-02	4.147190e-04
1472          	3.079352e-01	1.444201e-01	1.635151e-01	7.346212e-02	4.415986e-02	2.930225e-02	7.428805e-03	-9.547516e-03	7.733261e-03	1.676158e-02	1.611405e-02	6.475284e-04
1473          	3.087595e-01	1.447851e-01	1.639744e-01	7.155225e-02	4.363315e-02	2.791911e-02	7.857020e-03	-9.594660e-03	7.663494e-03	1.704103e-02	1.618401e-02	8.570222e-04
1474          	3.094948e-01	1.451966e-01	1.642982e-01	6.953450e-02	4.373673e-02	2.579777e-02	8.969477e-03	-9.550756e-03	7.549947e-03	1.718319e-02	1.614154e-02	1.041645e-03
1475          	3.101238e-01	1.456669e-01	1.644569e-01	6.780750e-02	4.450885e-02	2.329866e-02	1.060509e-02	-9.394963e-03	7.397501e-03	1.720404e-02	1.599952e-02	1.204517e-03
1476          	3.105152e-01	1.460935e-01	1.644218e-01	6.656755e-02	4.579592e-02	2.077163e-02	1.251215e-02	-9.164132e-03	7.204339e-03	1.708138e-02	1.574503e-02	1.336354e-03
1477          	3.107925e-01	1.465318e-01	1.642607e-01	6.603528e-02	4.744452e-02	1.859076e-02	1.442688e-02	-8.864469e-03	7.026938e-03	1.688400e-02	1.546894e-02	1.415063e-03
1478          	3.108730e-01	1.468781e-01	1.639949e-01	6.641430e-02	4.925891e-02	1.715539e-02	1.605176e-02	-8.558369e-03	6.912865e-03	1.663062e-02	1.522818e-02	1.402444e-03
1479          	3.109128e-01	1.471758e-01	1.637370e-01	6.763325e-02	5.099768e-02	1.663557e-02	1.718105e-02	-8.280631e-03	6.928683e-03	1.642069e-02	1.513903e-02	1.281663e-03
1480          	3.109022e-01	1.473680e-01	1.635342e-01	6.968699e-02	5.255483e-02	1.713216e-02	1.771134e-02	-8.083142e-03	7.080491e-03	1.627024e-02	1.521561e-02	1.054631e-03
1481          	3.110239e-01	1.475594e-01	1.634646e-01	7.259298e-02	5.394162e-02	1.865137e-02	1.764512e-02	-7.952612e-03	7.358244e-03	1.624313e-02	1.547981e-02	7.633191e-04
1482          	3.111797e-01	1.476931e-01	1.634866e-01	7.628725e-02	5.519031e-02	2.109694e-02	1.704669e-02	-7.896714e-03	7.684266e-03	1.630277e-02	1.583565e-02	4.671193e-04
1483          	3.114400e-01	1.478273e-01	1.636128e-01	8.036322e-02	5.622660e-02	2.413662e-02	1.604499e-02	-7.892744e-03	7.991628e-03	1.645895e-02	1.622110e-02	2.378454e-04
1484          	3.116516e-01	1.478602e-01	1.637914e-01	8.420602e-02	5.694265e-02	2.726336e-02	1.483964e-02	-7.965617e-03	8.178593e-03	1.663592e-02	1.649655e-02	1.393659e-04
1485          	3.118867e-01	1.478615e-01	1.640252e-01	8.712804e-02	5.721733e-02	2.991071e-02	1.365331e-02	-8.081885e-03	8.194952e-03	1.680963e-02	1.659977e-02	2.098619e-04
1486          	3.119874e-01	1.477463e-01	1.642411e-01	8.892686e-02	5.704167e-02	3.188519e-02	1.257824e-02	-8.247423e-03	8.008705e-03	1.690072e-02	1.645907e-02	4.416557e-04
1487          	3.120235e-01	1.475738e-01	1.644497e-01	8.946614e-02	5.639528e-02	3.307086e-02	1.166221e-02	-8.437972e-03	7.664873e-03	1.687665e-02	1.610320e-02	7.734535e-04
1488          	3.118982e-01	1.472848e-01	1.646134e-01	8.870220e-02	5.530359e-02	3.339861e-02	1.095249e-02	-8.664324e-03	7.206756e-03	1.665869e-02	1.553610e-02	1.122589e-03
1489          	3.117549e-01	1.469871e-01	1.647678e-01	8.661760e-02	5.383735e-02	3.278024e-02	1.052856e-02	-8.890325e-03	6.716260e-03	1.625920e-02	1.484586e-02	1.413338e-03
1490          	3.115769e-01	1.466685e-01	1.649084e-01	8.361845e-02	5.231559e-02	3.130286e-02	1.050636e-02	-9.119915e-03	6.246125e-03	1.565787e-02	1.407506e-02	1.582811e-03
1491          	3.115589e-01	1.464789e-01	1.650799e-01	8.014651e-02	5.102223e-02	2.912427e-02	1.094898e-02	-9.300487e-03	5.862626e-03	1.494036e-02	1.333281e-02	1.607557e-03
1492          	3.116533e-01	1.464120e-01	1.652414e-01	7.659663e-02	5.012649e-02	2.647013e-02	1.182818e-02	-9.414703e-03	5.584524e-03	1.417381e-02	1.267143e-02	1.502380e-03
1493          	3.119299e-01	1.465450e-01	1.653849e-01	7.312596e-02	4.961097e-02	2.351499e-02	1.304799e-02	-9.419938e-03	5.451113e-03	1.348259e-02	1.219241e-02	1.290184e-03
1494          	3.122500e-01	1.467919e-01	1.654581e-01	7.004698e-02	4.942530e-02	2.062167e-02	1.440181e-02	-9.333112e-03	5.467621e-03	1.295513e-02	1.194519e-02	1.009945e-03
1495          	3.126508e-01	1.471770e-01	1.654737e-01	6.758044e-02	4.943928e-02	1.814116e-02	1.564906e-02	-9.148359e-03	5.639649e-03	1.267697e-02	1.197814e-02	6.988377e-04
1496          	3.130443e-01	1.476207e-01	1.654236e-01	6.575649e-02	4.957304e-02	1.618344e-02	1.669480e-02	-8.901470e-03	5.918740e-03	1.257639e-02	1.220694e-02	3.694559e-04
1497          	3.135453e-01	1.481618e-01	1.653835e-01	6.445137e-02	4.980981e-02	1.464156e-02	1.758412e-02	-8.610884e-03	6.254408e-03	1.256627e-02	1.253754e-02	2.872529e-05
1498          	3.140744e-01	1.487014e-01	1.653730e-01	6.363925e-02	5.020648e-02	1.343277e-02	1.838686e-02	-8.335811e-03	6.553807e-03	1.254016e-02	1.282389e-02	-2.837247e-04
1499          	3.147130e-01	1.492461e-01	1.654668e-01	6.315387e-02	5.072821e-02	1.242566e-02	1.915128e-02	-8.110339e-03	6.823489e-03	1.256647e-02	1.310672e-02	-5.402544e-04
1500          	3.153185e-01	1.496612e-01	1.656573e-01	6.290243e-02	5.122506e-02	1.167737e-02	1.977385e-02	-7.998065e-03	7.034246e-03	1.271122e-02	1.338985e-02	-6.786381e-04
