# Force and moment coefficients
# dragDir     : (1.000000e+00 0.000000e+00 0.000000e+00)
# sideDir     : (0.000000e+00 1.000000e+00 0.000000e+00)
# liftDir     : (0.000000e+00 0.000000e+00 1.000000e+00)
# rollAxis    : (1.000000e+00 0.000000e+00 0.000000e+00)
# pitchAxis   : (0.000000e+00 1.000000e+00 0.000000e+00)
# yawAxis     : (0.000000e+00 0.000000e+00 1.000000e+00)
# magUInf     : 4.000000e+01
# lRef        : 3.098000e+00
# Aref        : 1.676200e+00
# CofR        : (2.505000e+00 0.000000e+00 0.000000e+00)
#
# Time        	Cd            	Cd(f)         	Cd(r)         	Cl            	Cl(f)         	Cl(r)         	CmPitch       	CmRoll        	CmYaw         	Cs            	Cs(f)         	Cs(r)         
1             	1.015510e+00	5.080587e-01	5.074509e-01	-1.284071e+00	-1.890165e-01	-1.095054e+00	4.530188e-01	3.039096e-04	9.301391e-04	-8.648141e-04	4.977320e-04	-1.362546e-03
2             	1.014300e+00	5.069663e-01	5.073336e-01	-1.595620e+00	-2.212280e-01	-1.374392e+00	5.765822e-01	-1.836618e-04	9.374188e-04	4.767524e-04	1.175795e-03	-6.990426e-04
3             	8.833115e-01	4.413849e-01	4.419266e-01	-1.653923e+00	-1.997396e-01	-1.454184e+00	6.272221e-01	-2.708376e-04	4.886177e-04	1.564741e-03	1.270988e-03	2.937530e-04
4             	7.772181e-01	3.882849e-01	3.889332e-01	-1.655431e+00	-1.761417e-01	-1.479290e+00	6.515740e-01	-3.241729e-04	3.011033e-04	9.511593e-04	7.766830e-04	1.744763e-04
5             	7.174201e-01	3.584106e-01	3.590094e-01	-1.630674e+00	-1.477602e-01	-1.482914e+00	6.675767e-01	-2.993917e-04	-6.545400e-06	5.224939e-04	2.547016e-04	2.677924e-04
6             	6.815194e-01	3.405901e-01	3.409293e-01	-1.565486e+00	-9.493745e-02	-1.470549e+00	6.878056e-01	-1.695907e-04	2.537987e-05	3.996737e-04	2.252167e-04	1.744570e-04
7             	6.582094e-01	3.292004e-01	3.290090e-01	-1.446737e+00	-4.996565e-03	-1.441740e+00	7.183720e-01	9.574227e-05	-1.164771e-04	-5.228401e-05	-1.426191e-04	9.033506e-05
8             	6.396371e-01	3.198433e-01	3.197938e-01	-1.326881e+00	7.732886e-02	-1.404210e+00	7.407693e-01	2.474401e-05	-1.843385e-04	3.448155e-04	-1.193078e-05	3.567463e-04
9             	6.232463e-01	3.115686e-01	3.116777e-01	-1.216735e+00	1.474591e-01	-1.364194e+00	7.558264e-01	-5.454187e-05	-1.897742e-04	1.019673e-03	3.200623e-04	6.996107e-04
10            	6.129523e-01	3.065871e-01	3.063652e-01	-1.135343e+00	2.021179e-01	-1.337461e+00	7.697893e-01	1.109183e-04	-3.173235e-04	1.047893e-03	2.066228e-04	8.412699e-04
11            	6.081843e-01	3.042502e-01	3.039341e-01	-1.077267e+00	2.429162e-01	-1.320184e+00	7.815499e-01	1.580656e-04	-3.517460e-04	1.388455e-03	3.424813e-04	1.045973e-03
12            	6.080052e-01	3.040470e-01	3.039583e-01	-1.029412e+00	2.817253e-01	-1.311138e+00	7.964314e-01	4.434589e-05	2.917720e-05	2.532693e-03	1.295524e-03	1.237170e-03
13            	6.090773e-01	3.042964e-01	3.047810e-01	-1.003415e+00	3.094952e-01	-1.312910e+00	8.112027e-01	-2.422852e-04	3.197864e-04	3.892288e-03	2.265930e-03	1.626358e-03
14            	6.081943e-01	3.036809e-01	3.045134e-01	-9.882111e-01	3.236659e-01	-1.311877e+00	8.177714e-01	-4.162621e-04	4.753455e-04	5.145094e-03	3.047892e-03	2.097201e-03
15            	6.071025e-01	3.030364e-01	3.040662e-01	-9.824275e-01	3.278651e-01	-1.310293e+00	8.190789e-01	-5.148992e-04	6.001670e-04	6.371951e-03	3.786143e-03	2.585809e-03
16            	6.088661e-01	3.038527e-01	3.050135e-01	-9.866695e-01	3.257163e-01	-1.312386e+00	8.190511e-01	-5.804109e-04	7.913792e-04	7.730111e-03	4.656435e-03	3.073676e-03
17            	6.146765e-01	3.068533e-01	3.078232e-01	-9.988791e-01	3.188841e-01	-1.317763e+00	8.183237e-01	-4.849299e-04	1.308439e-03	9.510560e-03	6.063720e-03	3.446841e-03
18            	6.218992e-01	3.103159e-01	3.115834e-01	-1.014382e+00	3.083780e-01	-1.322760e+00	8.155692e-01	-6.337471e-04	2.193286e-03	1.186806e-02	8.127318e-03	3.740746e-03
19            	6.293566e-01	3.136370e-01	3.157196e-01	-1.031392e+00	2.950790e-01	-1.326471e+00	8.107751e-01	-1.041283e-03	3.022221e-03	1.390879e-02	9.976617e-03	3.932174e-03
20            	6.349419e-01	3.158452e-01	3.190967e-01	-1.036336e+00	2.825499e-01	-1.318886e+00	8.007177e-01	-1.625745e-03	3.263935e-03	1.492855e-02	1.072821e-02	4.200341e-03
21            	6.388860e-01	3.171260e-01	3.217600e-01	-1.027692e+00	2.764406e-01	-1.304132e+00	7.902865e-01	-2.316976e-03	3.005903e-03	1.471835e-02	1.036508e-02	4.353274e-03
22            	6.393324e-01	3.171121e-01	3.222203e-01	-9.970629e-01	2.759542e-01	-1.273017e+00	7.744856e-01	-2.554063e-03	2.289984e-03	1.343043e-02	9.005200e-03	4.425232e-03
23            	6.336369e-01	3.141977e-01	3.194391e-01	-9.433043e-01	2.876010e-01	-1.230905e+00	7.592531e-01	-2.620691e-03	1.051132e-03	1.104506e-02	6.573660e-03	4.471397e-03
24            	6.249832e-01	3.097882e-01	3.151950e-01	-8.948072e-01	2.913590e-01	-1.186166e+00	7.387626e-01	-2.703444e-03	-3.292779e-05	8.833362e-03	4.383753e-03	4.449609e-03
25            	6.092818e-01	3.016483e-01	3.076335e-01	-8.434169e-01	2.916440e-01	-1.135061e+00	7.133525e-01	-2.992621e-03	-1.028848e-03	6.000044e-03	1.971174e-03	4.028870e-03
26            	5.950560e-01	2.944910e-01	3.005650e-01	-8.143461e-01	2.818510e-01	-1.096197e+00	6.890241e-01	-3.037002e-03	-1.940717e-03	3.323567e-03	-2.789329e-04	3.602500e-03
27            	5.801170e-01	2.871043e-01	2.930127e-01	-7.963919e-01	2.650134e-01	-1.061405e+00	6.632094e-01	-2.954184e-03	-2.733896e-03	-2.442224e-04	-2.856007e-03	2.611785e-03
28            	5.706870e-01	2.822062e-01	2.884808e-01	-7.814003e-01	2.575131e-01	-1.038913e+00	6.482132e-01	-3.137330e-03	-2.837732e-03	-2.636471e-03	-4.155968e-03	1.519496e-03
29            	5.638398e-01	2.781852e-01	2.856547e-01	-7.687823e-01	2.523256e-01	-1.021108e+00	6.367168e-01	-3.734744e-03	-2.131757e-03	-4.186783e-03	-4.225148e-03	3.836535e-05
30            	5.596962e-01	2.752459e-01	2.844504e-01	-7.565290e-01	2.503957e-01	-1.006925e+00	6.286601e-01	-4.602260e-03	-8.105754e-04	-4.790343e-03	-3.205747e-03	-1.584596e-03
31            	5.571671e-01	2.730818e-01	2.840853e-01	-7.437848e-01	2.505600e-01	-9.943448e-01	6.224524e-01	-5.501761e-03	6.571396e-04	-5.399078e-03	-2.042399e-03	-3.356679e-03
32            	5.546522e-01	2.716419e-01	2.830103e-01	-7.252506e-01	2.539971e-01	-9.792477e-01	6.166224e-01	-5.684229e-03	2.015814e-03	-6.476139e-03	-1.222256e-03	-5.253884e-03
33            	5.511669e-01	2.707827e-01	2.803842e-01	-6.949140e-01	2.607808e-01	-9.556948e-01	6.082378e-01	-4.800769e-03	3.179012e-03	-7.218236e-03	-4.301062e-04	-6.788130e-03
34            	5.481232e-01	2.707007e-01	2.774226e-01	-6.611943e-01	2.676394e-01	-9.288337e-01	5.982365e-01	-3.360960e-03	3.861283e-03	-7.061058e-03	3.307543e-04	-7.391812e-03
35            	5.447699e-01	2.702671e-01	2.745028e-01	-6.378257e-01	2.651854e-01	-9.030111e-01	5.840983e-01	-2.117833e-03	4.096691e-03	-6.128225e-03	1.032578e-03	-7.160803e-03
36            	5.416866e-01	2.692434e-01	2.724432e-01	-6.273041e-01	2.543706e-01	-8.816747e-01	5.680227e-01	-1.599928e-03	4.197318e-03	-4.865053e-03	1.764792e-03	-6.629845e-03
37            	5.381058e-01	2.668235e-01	2.712822e-01	-6.191871e-01	2.400136e-01	-8.592007e-01	5.496072e-01	-2.229356e-03	4.182308e-03	-3.819689e-03	2.272464e-03	-6.092153e-03
38            	5.349671e-01	2.637266e-01	2.712405e-01	-6.094027e-01	2.267952e-01	-8.361979e-01	5.314966e-01	-3.756962e-03	4.391459e-03	-3.032708e-03	2.875105e-03	-5.907813e-03
39            	5.335212e-01	2.614094e-01	2.721118e-01	-5.993773e-01	2.171918e-01	-8.165691e-01	5.168805e-01	-5.351177e-03	4.991314e-03	-2.428304e-03	3.777162e-03	-6.205467e-03
40            	5.334081e-01	2.603978e-01	2.730103e-01	-5.885672e-01	2.100803e-01	-7.986476e-01	5.043640e-01	-6.306266e-03	5.769817e-03	-1.896426e-03	4.821604e-03	-6.718030e-03
41            	5.344425e-01	2.609496e-01	2.734930e-01	-5.772912e-01	2.041948e-01	-7.814860e-01	4.928404e-01	-6.271706e-03	6.107627e-03	-1.409439e-03	5.402907e-03	-6.812346e-03
42            	5.364521e-01	2.628644e-01	2.735877e-01	-5.660745e-01	2.005823e-01	-7.666568e-01	4.836196e-01	-5.361662e-03	5.758209e-03	-6.792295e-04	5.418594e-03	-6.097824e-03
43            	5.393684e-01	2.658017e-01	2.735668e-01	-5.561026e-01	2.016338e-01	-7.577364e-01	4.796851e-01	-3.882538e-03	4.675033e-03	1.990172e-04	4.774541e-03	-4.575524e-03
44            	5.418245e-01	2.688438e-01	2.729807e-01	-5.462430e-01	2.078851e-01	-7.541280e-01	4.810065e-01	-2.068451e-03	3.248174e-03	1.166827e-03	3.831587e-03	-2.664761e-03
45            	5.435165e-01	2.713447e-01	2.721718e-01	-5.353761e-01	2.168887e-01	-7.522648e-01	4.845768e-01	-4.135181e-04	2.062502e-03	1.790548e-03	2.957777e-03	-1.167228e-03
46            	5.450236e-01	2.730351e-01	2.719884e-01	-5.230152e-01	2.250280e-01	-7.480432e-01	4.865356e-01	5.233328e-04	1.369266e-03	1.856663e-03	2.297598e-03	-4.409347e-04
47            	5.470533e-01	2.740418e-01	2.730114e-01	-5.163386e-01	2.293989e-01	-7.457375e-01	4.875682e-01	5.152002e-04	9.970747e-04	1.463126e-03	1.728638e-03	-2.655116e-04
48            	5.492858e-01	2.747148e-01	2.745710e-01	-5.149093e-01	2.305216e-01	-7.454309e-01	4.879762e-01	7.190510e-05	7.048924e-04	8.619616e-04	1.135873e-03	-2.739116e-04
49            	5.509217e-01	2.750438e-01	2.758778e-01	-5.145030e-01	2.292663e-01	-7.437693e-01	4.865178e-01	-4.169896e-04	3.647545e-04	4.286962e-04	5.791026e-04	-1.504064e-04
50            	5.512850e-01	2.749608e-01	2.763242e-01	-5.121615e-01	2.269404e-01	-7.391019e-01	4.830211e-01	-6.816701e-04	5.309795e-05	4.550305e-04	2.806132e-04	1.744173e-04
51            	5.501800e-01	2.746439e-01	2.755361e-01	-5.079302e-01	2.248514e-01	-7.327816e-01	4.788165e-01	-4.461151e-04	-1.417544e-04	8.980936e-04	3.072924e-04	5.908013e-04
52            	5.465292e-01	2.731969e-01	2.733323e-01	-5.005322e-01	2.217238e-01	-7.222560e-01	4.719899e-01	-6.770991e-05	-3.415966e-04	1.407642e-03	3.622244e-04	1.045418e-03
53            	5.408302e-01	2.707677e-01	2.700625e-01	-4.935702e-01	2.164555e-01	-7.100257e-01	4.632406e-01	3.525777e-04	-3.667744e-04	1.441793e-03	3.541221e-04	1.087671e-03
54            	5.334440e-01	2.676121e-01	2.658319e-01	-4.875822e-01	2.089782e-01	-6.965604e-01	4.527693e-01	8.901149e-04	-1.620663e-04	5.775083e-04	1.266879e-04	4.508204e-04
55            	5.249558e-01	2.641946e-01	2.607612e-01	-4.814022e-01	2.009617e-01	-6.823639e-01	4.416628e-01	1.716724e-03	2.318103e-04	-1.056170e-03	-2.962749e-04	-7.598955e-04
56            	5.165860e-01	2.609116e-01	2.556745e-01	-4.758206e-01	1.952262e-01	-6.710468e-01	4.331365e-01	2.618554e-03	6.821693e-04	-3.107999e-03	-8.718304e-04	-2.236169e-03
57            	5.091682e-01	2.579523e-01	2.512159e-01	-4.703018e-01	1.948516e-01	-6.651534e-01	4.300025e-01	3.368191e-03	1.104106e-03	-5.189359e-03	-1.490573e-03	-3.698786e-03
58            	5.034312e-01	2.554890e-01	2.479422e-01	-4.633264e-01	2.009169e-01	-6.642434e-01	4.325802e-01	3.773445e-03	1.332079e-03	-6.784410e-03	-2.060126e-03	-4.724284e-03
59            	5.002695e-01	2.538968e-01	2.463727e-01	-4.558903e-01	2.128071e-01	-6.686974e-01	4.407522e-01	3.762045e-03	1.219440e-03	-7.487794e-03	-2.524457e-03	-4.963337e-03
60            	4.998958e-01	2.532318e-01	2.466640e-01	-4.489728e-01	2.284996e-01	-6.774724e-01	4.529860e-01	3.283912e-03	8.839882e-04	-7.569669e-03	-2.900846e-03	-4.668822e-03
61            	5.007018e-01	2.526294e-01	2.480723e-01	-4.403877e-01	2.444851e-01	-6.848728e-01	4.646790e-01	2.278549e-03	5.160717e-04	-7.410866e-03	-3.189361e-03	-4.221505e-03
62            	5.020684e-01	2.516740e-01	2.503943e-01	-4.326503e-01	2.577715e-01	-6.904218e-01	4.740966e-01	6.398418e-04	1.947059e-04	-6.931476e-03	-3.271032e-03	-3.660444e-03
63            	5.024884e-01	2.497729e-01	2.527155e-01	-4.267426e-01	2.641916e-01	-6.909343e-01	4.775630e-01	-1.471293e-03	-2.657486e-05	-5.782275e-03	-2.917712e-03	-2.864563e-03
64            	5.018766e-01	2.474013e-01	2.544753e-01	-4.239835e-01	2.641280e-01	-6.881115e-01	4.761197e-01	-3.536988e-03	-5.999674e-05	-3.892019e-03	-2.006006e-03	-1.886013e-03
65            	4.995824e-01	2.445834e-01	2.549990e-01	-4.219763e-01	2.591123e-01	-6.810886e-01	4.701004e-01	-5.207782e-03	7.821224e-05	-1.922355e-03	-8.829651e-04	-1.039390e-03
66            	4.960505e-01	2.418046e-01	2.542459e-01	-4.206819e-01	2.505313e-01	-6.712132e-01	4.608722e-01	-6.220625e-03	3.326501e-04	-5.024046e-04	8.144782e-05	-5.838524e-04
67            	4.923627e-01	2.397883e-01	2.525744e-01	-4.224424e-01	2.395056e-01	-6.619480e-01	4.507268e-01	-6.393056e-03	5.788925e-04	1.403290e-04	6.490570e-04	-5.087280e-04
68            	4.892559e-01	2.388531e-01	2.504029e-01	-4.281886e-01	2.279140e-01	-6.561026e-01	4.420083e-01	-5.774892e-03	7.362138e-04	6.489790e-05	7.686628e-04	-7.037649e-04
69            	4.875576e-01	2.389265e-01	2.486312e-01	-4.356947e-01	2.195938e-01	-6.552885e-01	4.374412e-01	-4.852349e-03	7.608352e-04	-4.755731e-04	5.230487e-04	-9.986218e-04
70            	4.879863e-01	2.398402e-01	2.481461e-01	-4.436249e-01	2.168961e-01	-6.605210e-01	4.387085e-01	-4.152980e-03	6.915231e-04	-1.196982e-03	9.303207e-05	-1.290014e-03
71            	4.905645e-01	2.412946e-01	2.492699e-01	-4.530940e-01	2.187857e-01	-6.718797e-01	4.453327e-01	-3.987627e-03	5.791312e-04	-2.029424e-03	-4.355809e-04	-1.593843e-03
72            	4.945558e-01	2.430029e-01	2.515529e-01	-4.630699e-01	2.239908e-01	-6.870606e-01	4.555257e-01	-4.275034e-03	4.746827e-04	-3.019703e-03	-1.035169e-03	-1.984534e-03
73            	4.989033e-01	2.445296e-01	2.543737e-01	-4.727611e-01	2.312565e-01	-7.040176e-01	4.676371e-01	-4.922020e-03	3.702188e-04	-4.259002e-03	-1.759282e-03	-2.499720e-03
74            	5.026915e-01	2.454079e-01	2.572836e-01	-4.794228e-01	2.394541e-01	-7.188768e-01	4.791655e-01	-5.937842e-03	1.926728e-04	-5.665411e-03	-2.640033e-03	-3.025378e-03
75            	5.056761e-01	2.457421e-01	2.599340e-01	-4.811441e-01	2.477638e-01	-7.289079e-01	4.883359e-01	-7.095908e-03	-1.703668e-04	-7.260451e-03	-3.800592e-03	-3.459859e-03
76            	5.082019e-01	2.461143e-01	2.620876e-01	-4.785776e-01	2.547209e-01	-7.332986e-01	4.940098e-01	-7.986655e-03	-6.956853e-04	-9.182393e-03	-5.286882e-03	-3.895511e-03
77            	5.098531e-01	2.466448e-01	2.632083e-01	-4.729060e-01	2.589372e-01	-7.318431e-01	4.953901e-01	-8.281787e-03	-1.312583e-03	-1.140614e-02	-7.015654e-03	-4.390489e-03
78            	5.099868e-01	2.469855e-01	2.630013e-01	-4.626207e-01	2.602422e-01	-7.228628e-01	4.915525e-01	-8.007910e-03	-1.928145e-03	-1.389884e-02	-8.877563e-03	-5.021273e-03
79            	5.086965e-01	2.469861e-01	2.617104e-01	-4.485523e-01	2.594967e-01	-7.080490e-01	4.837728e-01	-7.362160e-03	-2.463407e-03	-1.637521e-02	-1.065101e-02	-5.724196e-03
80            	5.055789e-01	2.462229e-01	2.593560e-01	-4.320606e-01	2.572793e-01	-6.893399e-01	4.733096e-01	-6.566559e-03	-2.930732e-03	-1.847385e-02	-1.216766e-02	-6.306190e-03
81            	5.004309e-01	2.445210e-01	2.559099e-01	-4.160013e-01	2.525289e-01	-6.685302e-01	4.605295e-01	-5.694444e-03	-3.430631e-03	-2.028570e-02	-1.357348e-02	-6.712221e-03
82            	4.941992e-01	2.421097e-01	2.520895e-01	-4.022766e-01	2.460265e-01	-6.483031e-01	4.471648e-01	-4.989932e-03	-3.964242e-03	-2.172736e-02	-1.482792e-02	-6.899438e-03
83            	4.871554e-01	2.389902e-01	2.481652e-01	-3.897155e-01	2.385503e-01	-6.282658e-01	4.334081e-01	-4.587503e-03	-4.570411e-03	-2.276679e-02	-1.595381e-02	-6.812984e-03
84            	4.798740e-01	2.355451e-01	2.443289e-01	-3.800187e-01	2.290879e-01	-6.091066e-01	4.190972e-01	-4.391884e-03	-5.245469e-03	-2.359589e-02	-1.704342e-02	-6.552478e-03
85            	4.730473e-01	2.322371e-01	2.408102e-01	-3.747990e-01	2.180660e-01	-5.928651e-01	4.054655e-01	-4.286524e-03	-6.003474e-03	-2.426568e-02	-1.813631e-02	-6.129365e-03
86            	4.678360e-01	2.298648e-01	2.379711e-01	-3.744684e-01	2.078510e-01	-5.823194e-01	3.950852e-01	-4.053158e-03	-6.782673e-03	-2.468555e-02	-1.912545e-02	-5.560104e-03
87            	4.653937e-01	2.292491e-01	2.361446e-01	-3.792193e-01	2.009597e-01	-5.801790e-01	3.905693e-01	-3.447759e-03	-7.539995e-03	-2.492137e-02	-2.000068e-02	-4.920692e-03
88            	4.660588e-01	2.305023e-01	2.355565e-01	-3.869754e-01	2.002699e-01	-5.872453e-01	3.937576e-01	-2.527091e-03	-8.157790e-03	-2.483625e-02	-2.057591e-02	-4.260333e-03
89            	4.683626e-01	2.327487e-01	2.356139e-01	-3.941411e-01	2.052697e-01	-5.994108e-01	4.023403e-01	-1.432560e-03	-8.462225e-03	-2.419624e-02	-2.056034e-02	-3.635895e-03
90            	4.710862e-01	2.351339e-01	2.359523e-01	-4.005788e-01	2.135758e-01	-6.141546e-01	4.138652e-01	-4.091855e-04	-8.297865e-03	-2.328671e-02	-1.994122e-02	-3.345487e-03
91            	4.722541e-01	2.363864e-01	2.358676e-01	-4.035425e-01	2.217763e-01	-6.253189e-01	4.235476e-01	2.593918e-04	-7.753646e-03	-2.237692e-02	-1.894211e-02	-3.434814e-03
92            	4.715978e-01	2.362892e-01	2.353086e-01	-4.023230e-01	2.291782e-01	-6.315011e-01	4.303396e-01	4.902884e-04	-6.830973e-03	-2.149830e-02	-1.758012e-02	-3.918178e-03
93            	4.696985e-01	2.351396e-01	2.345589e-01	-3.967769e-01	2.363832e-01	-6.331602e-01	4.347717e-01	2.903729e-04	-5.556882e-03	-2.048662e-02	-1.580019e-02	-4.686426e-03
94            	4.668141e-01	2.332829e-01	2.335312e-01	-3.870643e-01	2.435114e-01	-6.305757e-01	4.370435e-01	-1.241190e-04	-3.946667e-03	-1.923314e-02	-1.356324e-02	-5.669903e-03
95            	4.642600e-01	2.318151e-01	2.324449e-01	-3.775163e-01	2.488447e-01	-6.263610e-01	4.376028e-01	-3.149101e-04	-2.159999e-03	-1.767796e-02	-1.099898e-02	-6.678982e-03
96            	4.628899e-01	2.313496e-01	2.315403e-01	-3.710544e-01	2.512522e-01	-6.223067e-01	4.367795e-01	-9.532089e-05	-4.187730e-04	-1.581999e-02	-8.328766e-03	-7.491220e-03
97            	4.631914e-01	2.318503e-01	2.313410e-01	-3.699838e-01	2.500562e-01	-6.200401e-01	4.350482e-01	2.546357e-04	1.070777e-03	-1.386302e-02	-5.860733e-03	-8.002287e-03
98            	4.650615e-01	2.329835e-01	2.320781e-01	-3.744341e-01	2.456916e-01	-6.201258e-01	4.329087e-01	4.527083e-04	2.184189e-03	-1.220409e-02	-3.917855e-03	-8.286234e-03
99            	4.679660e-01	2.342779e-01	2.336881e-01	-3.834924e-01	2.389191e-01	-6.224115e-01	4.306653e-01	2.948628e-04	2.939956e-03	-1.122628e-02	-2.673185e-03	-8.553097e-03
100           	4.711265e-01	2.353721e-01	2.357543e-01	-3.953797e-01	2.308134e-01	-6.261932e-01	4.285033e-01	-1.911011e-04	3.469338e-03	-1.110651e-02	-2.083917e-03	-9.022592e-03
101           	4.736860e-01	2.361749e-01	2.375111e-01	-4.065629e-01	2.230050e-01	-6.295679e-01	4.262865e-01	-6.681353e-04	3.851527e-03	-1.165777e-02	-1.977360e-03	-9.680414e-03
102           	4.743158e-01	2.363633e-01	2.379525e-01	-4.139574e-01	2.159586e-01	-6.299160e-01	4.229373e-01	-7.946240e-04	4.214547e-03	-1.220809e-02	-1.889500e-03	-1.031859e-02
103           	4.751007e-01	2.371726e-01	2.379280e-01	-4.107680e-01	2.137978e-01	-6.245658e-01	4.191818e-01	-3.776865e-04	3.936231e-03	-1.304204e-02	-2.584791e-03	-1.045725e-02
104           	4.742170e-01	2.372733e-01	2.369437e-01	-4.034382e-01	2.132410e-01	-6.166792e-01	4.149601e-01	1.647745e-04	3.611537e-03	-1.291257e-02	-2.844746e-03	-1.006782e-02
105           	4.727951e-01	2.369744e-01	2.358206e-01	-3.935191e-01	2.139202e-01	-6.074393e-01	4.106798e-01	5.768954e-04	3.153642e-03	-1.222752e-02	-2.960118e-03	-9.267401e-03
106           	4.710083e-01	2.360114e-01	2.349969e-01	-3.824993e-01	2.155430e-01	-5.980423e-01	4.067926e-01	5.072343e-04	2.731566e-03	-1.114684e-02	-2.841854e-03	-8.304986e-03
107           	4.689918e-01	2.344627e-01	2.345291e-01	-3.707288e-01	2.175243e-01	-5.882531e-01	4.028887e-01	-3.317165e-05	2.383971e-03	-9.831862e-03	-2.531960e-03	-7.299902e-03
108           	4.669463e-01	2.327531e-01	2.341932e-01	-3.592714e-01	2.200315e-01	-5.793029e-01	3.996672e-01	-7.200426e-04	2.136589e-03	-8.623855e-03	-2.175338e-03	-6.448517e-03
109           	4.651543e-01	2.313271e-01	2.338272e-01	-3.497812e-01	2.225840e-01	-5.723651e-01	3.974745e-01	-1.250021e-03	1.893275e-03	-7.789924e-03	-2.001687e-03	-5.788237e-03
110           	4.638942e-01	2.307320e-01	2.331622e-01	-3.432030e-01	2.256912e-01	-5.688942e-01	3.972927e-01	-1.215079e-03	1.651455e-03	-7.586205e-03	-2.141647e-03	-5.444558e-03
111           	4.634165e-01	2.310004e-01	2.324161e-01	-3.402032e-01	2.291108e-01	-5.693140e-01	3.992124e-01	-7.078529e-04	1.378375e-03	-7.947265e-03	-2.595257e-03	-5.352008e-03
112           	4.638588e-01	2.320876e-01	2.317712e-01	-3.417553e-01	2.325255e-01	-5.742808e-01	4.034031e-01	1.581780e-04	1.146727e-03	-8.611296e-03	-3.158921e-03	-5.452375e-03
113           	4.647125e-01	2.332533e-01	2.314592e-01	-3.473086e-01	2.340971e-01	-5.814057e-01	4.077514e-01	8.970457e-04	9.555244e-04	-9.321822e-03	-3.705387e-03	-5.616436e-03
114           	4.655168e-01	2.341175e-01	2.313993e-01	-3.570260e-01	2.331035e-01	-5.901295e-01	4.116165e-01	1.359081e-03	9.762843e-04	-9.850955e-03	-3.949193e-03	-5.901762e-03
115           	4.654834e-01	2.343081e-01	2.311753e-01	-3.697479e-01	2.275599e-01	-5.973078e-01	4.124339e-01	1.566398e-03	1.192298e-03	-1.041162e-02	-4.013510e-03	-6.398107e-03
116           	4.644707e-01	2.339832e-01	2.304875e-01	-3.840543e-01	2.179116e-01	-6.019659e-01	4.099387e-01	1.747867e-03	1.639915e-03	-1.099144e-02	-3.855803e-03	-7.135633e-03
117           	4.624983e-01	2.332698e-01	2.292286e-01	-3.960672e-01	2.054965e-01	-6.015637e-01	4.035301e-01	2.020582e-03	2.063164e-03	-1.134326e-02	-3.608464e-03	-7.734792e-03
118           	4.599988e-01	2.324509e-01	2.275480e-01	-4.042469e-01	1.929757e-01	-5.972227e-01	3.950992e-01	2.451465e-03	2.323639e-03	-1.122476e-02	-3.288740e-03	-7.936018e-03
119           	4.573669e-01	2.314541e-01	2.259128e-01	-4.071203e-01	1.831274e-01	-5.902476e-01	3.866875e-01	2.770661e-03	2.481060e-03	-1.055831e-02	-2.798094e-03	-7.760215e-03
120           	4.553633e-01	2.305812e-01	2.247821e-01	-4.071418e-01	1.784181e-01	-5.855599e-01	3.819890e-01	2.899558e-03	2.716248e-03	-9.365642e-03	-1.966573e-03	-7.399069e-03
121           	4.541605e-01	2.297588e-01	2.244017e-01	-4.054330e-01	1.788239e-01	-5.842568e-01	3.815403e-01	2.678503e-03	3.073118e-03	-7.769570e-03	-8.116671e-04	-6.957903e-03
122           	4.536435e-01	2.290441e-01	2.245994e-01	-4.031235e-01	1.838456e-01	-5.869691e-01	3.854074e-01	2.222340e-03	3.631036e-03	-6.018261e-03	6.219049e-04	-6.640166e-03
123           	4.533652e-01	2.283199e-01	2.250454e-01	-4.006497e-01	1.909161e-01	-5.915659e-01	3.912410e-01	1.637238e-03	4.260225e-03	-4.490906e-03	2.014771e-03	-6.505678e-03
124           	4.530143e-01	2.277388e-01	2.252755e-01	-3.977721e-01	1.989425e-01	-5.967146e-01	3.978285e-01	1.231651e-03	4.819309e-03	-3.634121e-03	3.002248e-03	-6.636369e-03
125           	4.523729e-01	2.272348e-01	2.251381e-01	-3.926272e-01	2.071568e-01	-5.997840e-01	4.034704e-01	1.048366e-03	5.118777e-03	-3.646129e-03	3.295713e-03	-6.941842e-03
126           	4.513855e-01	2.269714e-01	2.244141e-01	-3.867538e-01	2.140279e-01	-6.007817e-01	4.074048e-01	1.278662e-03	5.147178e-03	-4.586737e-03	2.853809e-03	-7.440546e-03
127           	4.503434e-01	2.269224e-01	2.234210e-01	-3.825474e-01	2.172077e-01	-5.997551e-01	4.084814e-01	1.750675e-03	4.865680e-03	-6.048152e-03	1.841604e-03	-7.889756e-03
128           	4.491520e-01	2.267644e-01	2.223876e-01	-3.802056e-01	2.167096e-01	-5.969152e-01	4.068124e-01	2.188362e-03	4.409965e-03	-7.523739e-03	6.480954e-04	-8.171834e-03
129           	4.480122e-01	2.263255e-01	2.216867e-01	-3.790816e-01	2.132429e-01	-5.923245e-01	4.027837e-01	2.319427e-03	3.909798e-03	-8.760779e-03	-4.705909e-04	-8.290188e-03
130           	4.469047e-01	2.254510e-01	2.214537e-01	-3.787447e-01	2.078995e-01	-5.866442e-01	3.972719e-01	1.998689e-03	3.552284e-03	-9.721310e-03	-1.308371e-03	-8.412939e-03
131           	4.461592e-01	2.243639e-01	2.217953e-01	-3.787350e-01	2.019661e-01	-5.807011e-01	3.913336e-01	1.284320e-03	3.382481e-03	-1.021434e-02	-1.724687e-03	-8.489649e-03
132           	4.457607e-01	2.232908e-01	2.224698e-01	-3.776441e-01	1.973879e-01	-5.750320e-01	3.862099e-01	4.104790e-04	3.451477e-03	-1.004102e-02	-1.569032e-03	-8.471987e-03
133           	4.458938e-01	2.225467e-01	2.233472e-01	-3.752947e-01	1.946456e-01	-5.699404e-01	3.822930e-01	-4.002395e-04	3.615638e-03	-9.093116e-03	-9.309199e-04	-8.162196e-03
134           	4.459653e-01	2.221373e-01	2.238279e-01	-3.726454e-01	1.925399e-01	-5.651853e-01	3.788626e-01	-8.452983e-04	3.807544e-03	-7.495107e-03	5.999016e-05	-7.555097e-03
135           	4.457539e-01	2.219460e-01	2.238079e-01	-3.714443e-01	1.892183e-01	-5.606626e-01	3.749404e-01	-9.309389e-04	3.907651e-03	-5.410316e-03	1.202493e-03	-6.612809e-03
136           	4.449130e-01	2.216231e-01	2.232899e-01	-3.698217e-01	1.860982e-01	-5.559200e-01	3.710091e-01	-8.333655e-04	3.968331e-03	-3.269270e-03	2.333696e-03	-5.602966e-03
137           	4.436293e-01	2.210080e-01	2.226213e-01	-3.666720e-01	1.845205e-01	-5.511926e-01	3.678566e-01	-8.066410e-04	3.905649e-03	-1.510487e-03	3.150406e-03	-4.660893e-03
138           	4.419616e-01	2.200027e-01	2.219589e-01	-3.611824e-01	1.855920e-01	-5.467745e-01	3.661833e-01	-9.781137e-04	3.707451e-03	-6.986387e-04	3.358132e-03	-4.056770e-03
139           	4.404775e-01	2.188291e-01	2.216485e-01	-3.547788e-01	1.891782e-01	-5.439571e-01	3.665677e-01	-1.409701e-03	3.214424e-03	-1.044995e-03	2.691926e-03	-3.736921e-03
140           	4.393525e-01	2.178192e-01	2.215333e-01	-3.479685e-01	1.955062e-01	-5.434747e-01	3.694904e-01	-1.857051e-03	2.412750e-03	-2.633466e-03	1.096017e-03	-3.729483e-03
141           	4.389911e-01	2.173813e-01	2.216099e-01	-3.426222e-01	2.034190e-01	-5.460412e-01	3.747301e-01	-2.114320e-03	1.373833e-03	-5.063981e-03	-1.158158e-03	-3.905823e-03
142           	4.392645e-01	2.176989e-01	2.215655e-01	-3.412791e-01	2.105817e-01	-5.518608e-01	3.812212e-01	-1.933307e-03	2.675545e-04	-7.785093e-03	-3.624992e-03	-4.160101e-03
143           	4.400243e-01	2.185789e-01	2.214454e-01	-3.453060e-01	2.143659e-01	-5.596718e-01	3.870189e-01	-1.433203e-03	-6.242560e-04	-1.014349e-02	-5.696001e-03	-4.447489e-03
144           	4.407490e-01	2.194905e-01	2.212584e-01	-3.513785e-01	2.157049e-01	-5.670834e-01	3.913941e-01	-8.839513e-04	-1.205344e-03	-1.184163e-02	-7.126158e-03	-4.715470e-03
145           	4.417762e-01	2.203055e-01	2.214707e-01	-3.590121e-01	2.150347e-01	-5.740467e-01	3.945407e-01	-5.826149e-04	-1.361086e-03	-1.301569e-02	-7.868931e-03	-5.146758e-03
146           	4.429736e-01	2.208151e-01	2.221585e-01	-3.688938e-01	2.115313e-01	-5.804251e-01	3.959782e-01	-6.716897e-04	-1.111247e-03	-1.395889e-02	-8.090689e-03	-5.868196e-03
147           	4.442992e-01	2.212336e-01	2.230655e-01	-3.803683e-01	2.059278e-01	-5.862961e-01	3.961120e-01	-9.159438e-04	-5.783947e-04	-1.491598e-02	-8.036385e-03	-6.879596e-03
148           	4.453461e-01	2.215746e-01	2.237714e-01	-3.905214e-01	2.002471e-01	-5.907685e-01	3.955078e-01	-1.098419e-03	2.428650e-05	-1.589361e-02	-7.922519e-03	-7.971092e-03
149           	4.459395e-01	2.220576e-01	2.238819e-01	-3.992719e-01	1.946674e-01	-5.939393e-01	3.943034e-01	-9.121449e-04	5.734326e-04	-1.648168e-02	-7.667409e-03	-8.814274e-03
150           	4.457294e-01	2.224613e-01	2.232682e-01	-4.043969e-01	1.904749e-01	-5.948717e-01	3.926733e-01	-4.034579e-04	9.673835e-04	-1.632606e-02	-7.195646e-03	-9.130413e-03
151           	4.451805e-01	2.227938e-01	2.223867e-01	-4.056234e-01	1.882024e-01	-5.938258e-01	3.910141e-01	2.035700e-04	1.284311e-03	-1.534615e-02	-6.388765e-03	-8.957386e-03
152           	4.442712e-01	2.227489e-01	2.215223e-01	-4.023872e-01	1.887192e-01	-5.911064e-01	3.899128e-01	6.132993e-04	1.555719e-03	-1.403378e-02	-5.461172e-03	-8.572609e-03
153           	4.433316e-01	2.224824e-01	2.208493e-01	-3.946167e-01	1.922568e-01	-5.868735e-01	3.895651e-01	8.165584e-04	1.802653e-03	-1.280609e-02	-4.600392e-03	-8.205697e-03
154           	4.424365e-01	2.218671e-01	2.205694e-01	-3.838543e-01	1.985209e-01	-5.823752e-01	3.904481e-01	6.488949e-04	2.024064e-03	-1.198844e-02	-3.970155e-03	-8.018282e-03
155           	4.417787e-01	2.212242e-01	2.205545e-01	-3.734507e-01	2.055535e-01	-5.790042e-01	3.922789e-01	3.348166e-04	2.163035e-03	-1.163325e-02	-3.653592e-03	-7.979661e-03
156           	4.411332e-01	2.204864e-01	2.206468e-01	-3.633853e-01	2.128379e-01	-5.762232e-01	3.945305e-01	-8.017200e-05	2.183511e-03	-1.172532e-02	-3.679150e-03	-8.046171e-03
157           	4.406681e-01	2.198677e-01	2.208005e-01	-3.540568e-01	2.196072e-01	-5.736640e-01	3.966356e-01	-4.664104e-04	2.022930e-03	-1.216275e-02	-4.058443e-03	-8.104303e-03
158           	4.402230e-01	2.192164e-01	2.210066e-01	-3.464988e-01	2.247866e-01	-5.712853e-01	3.980359e-01	-8.950963e-04	1.626002e-03	-1.291063e-02	-4.829311e-03	-8.081315e-03
159           	4.400357e-01	2.186908e-01	2.213449e-01	-3.416262e-01	2.273899e-01	-5.690161e-01	3.982030e-01	-1.327041e-03	1.078186e-03	-1.375686e-02	-5.800244e-03	-7.956617e-03
160           	4.400564e-01	2.181378e-01	2.219186e-01	-3.377785e-01	2.285612e-01	-5.663397e-01	3.974504e-01	-1.890402e-03	4.642093e-04	-1.450870e-02	-6.790141e-03	-7.718560e-03
161           	4.406386e-01	2.177948e-01	2.228438e-01	-3.361130e-01	2.281732e-01	-5.642862e-01	3.962297e-01	-2.524482e-03	-4.178655e-05	-1.499252e-02	-7.538045e-03	-7.454472e-03
162           	4.415349e-01	2.174066e-01	2.241283e-01	-3.387093e-01	2.249793e-01	-5.636886e-01	3.943339e-01	-3.360807e-03	-3.501309e-04	-1.523812e-02	-7.969189e-03	-7.268927e-03
163           	4.428148e-01	2.173220e-01	2.254928e-01	-3.453570e-01	2.194434e-01	-5.648004e-01	3.921219e-01	-4.085396e-03	-4.546258e-04	-1.522590e-02	-8.067576e-03	-7.158324e-03
164           	4.441319e-01	2.175373e-01	2.265947e-01	-3.523733e-01	2.139017e-01	-5.662750e-01	3.900884e-01	-4.528708e-03	-4.594751e-04	-1.499140e-02	-7.955173e-03	-7.036223e-03
165           	4.453815e-01	2.182055e-01	2.271760e-01	-3.593633e-01	2.088866e-01	-5.682499e-01	3.885683e-01	-4.485262e-03	-4.889356e-04	-1.427540e-02	-7.626637e-03	-6.648766e-03
166           	4.460553e-01	2.190510e-01	2.270043e-01	-3.660503e-01	2.042586e-01	-5.703089e-01	3.872837e-01	-3.976637e-03	-6.268758e-04	-1.301837e-02	-7.136059e-03	-5.882307e-03
167           	4.459585e-01	2.197302e-01	2.262283e-01	-3.704357e-01	2.009229e-01	-5.713586e-01	3.861408e-01	-3.249068e-03	-7.761788e-04	-1.139205e-02	-6.472206e-03	-4.919848e-03
168           	4.447752e-01	2.198599e-01	2.249153e-01	-3.695306e-01	1.999128e-01	-5.694434e-01	3.846781e-01	-2.527673e-03	-8.441724e-04	-9.805008e-03	-5.746676e-03	-4.058331e-03
169           	4.426300e-01	2.193552e-01	2.232747e-01	-3.624588e-01	2.010535e-01	-5.635123e-01	3.822829e-01	-1.959728e-03	-7.323453e-04	-8.591533e-03	-5.028112e-03	-3.563421e-03
170           	4.396185e-01	2.182135e-01	2.214050e-01	-3.498967e-01	2.039652e-01	-5.538619e-01	3.789135e-01	-1.595775e-03	-5.609359e-04	-8.077298e-03	-4.599585e-03	-3.477713e-03
171           	4.361243e-01	2.166414e-01	2.194829e-01	-3.337967e-01	2.080766e-01	-5.418733e-01	3.749750e-01	-1.420751e-03	-4.822621e-04	-8.392568e-03	-4.678546e-03	-3.714022e-03
172           	4.325908e-01	2.149893e-01	2.176015e-01	-3.164800e-01	2.133863e-01	-5.298663e-01	3.716263e-01	-1.306130e-03	-6.806031e-04	-9.586937e-03	-5.474072e-03	-4.112866e-03
173           	4.297821e-01	2.137375e-01	2.160446e-01	-3.024361e-01	2.186858e-01	-5.211220e-01	3.699039e-01	-1.153514e-03	-1.099421e-03	-1.134453e-02	-6.771688e-03	-4.572846e-03
174           	4.280603e-01	2.131452e-01	2.149151e-01	-2.943838e-01	2.232179e-01	-5.176017e-01	3.704098e-01	-8.849694e-04	-1.673002e-03	-1.335133e-02	-8.348666e-03	-5.002662e-03
175           	4.277113e-01	2.133329e-01	2.143784e-01	-2.927687e-01	2.269313e-01	-5.197000e-01	3.733156e-01	-5.227236e-04	-2.182527e-03	-1.524001e-02	-9.802533e-03	-5.437479e-03
176           	4.287040e-01	2.141067e-01	2.145974e-01	-2.965256e-01	2.300899e-01	-5.266156e-01	3.783528e-01	-2.453393e-04	-2.571938e-03	-1.684683e-02	-1.099535e-02	-5.851478e-03
177           	4.307640e-01	2.150510e-01	2.157130e-01	-3.056093e-01	2.310524e-01	-5.366616e-01	3.838570e-01	-3.309772e-04	-2.598426e-03	-1.807106e-02	-1.163395e-02	-6.437103e-03
178           	4.331287e-01	2.157070e-01	2.174217e-01	-3.182953e-01	2.291288e-01	-5.474242e-01	3.882765e-01	-8.573617e-04	-2.373775e-03	-1.881589e-02	-1.178172e-02	-7.034168e-03
179           	4.354552e-01	2.161443e-01	2.193110e-01	-3.314949e-01	2.252235e-01	-5.567184e-01	3.909709e-01	-1.583356e-03	-1.974509e-03	-1.904712e-02	-1.149807e-02	-7.549052e-03
180           	4.373469e-01	2.163922e-01	2.209546e-01	-3.410300e-01	2.217107e-01	-5.627407e-01	3.922257e-01	-2.281190e-03	-1.607422e-03	-1.873719e-02	-1.097602e-02	-7.761174e-03
181           	4.386819e-01	2.166711e-01	2.220109e-01	-3.459162e-01	2.184123e-01	-5.643286e-01	3.913704e-01	-2.669903e-03	-1.338488e-03	-1.785391e-02	-1.026544e-02	-7.588468e-03
182           	4.392839e-01	2.169758e-01	2.223081e-01	-3.475107e-01	2.146857e-01	-5.621964e-01	3.884411e-01	-2.666157e-03	-1.306423e-03	-1.633999e-02	-9.476420e-03	-6.863575e-03
183           	4.392629e-01	2.171300e-01	2.221328e-01	-3.455947e-01	2.113346e-01	-5.569293e-01	3.841320e-01	-2.501401e-03	-1.366908e-03	-1.429287e-02	-8.513342e-03	-5.779525e-03
184           	4.387204e-01	2.169883e-01	2.217320e-01	-3.399292e-01	2.100496e-01	-5.499788e-01	3.800142e-01	-2.371839e-03	-1.419639e-03	-1.216372e-02	-7.501501e-03	-4.662223e-03
185           	4.379310e-01	2.166522e-01	2.212789e-01	-3.309701e-01	2.113369e-01	-5.423070e-01	3.768220e-01	-2.313360e-03	-1.329119e-03	-1.032078e-02	-6.489509e-03	-3.831270e-03
186           	4.371350e-01	2.162029e-01	2.209320e-01	-3.205234e-01	2.155060e-01	-5.360294e-01	3.757677e-01	-2.364546e-03	-1.130694e-03	-8.966515e-03	-5.613952e-03	-3.352563e-03
187           	4.363932e-01	2.158541e-01	2.205391e-01	-3.105028e-01	2.216598e-01	-5.321625e-01	3.769111e-01	-2.342510e-03	-8.953486e-04	-8.195043e-03	-4.992870e-03	-3.202173e-03
188           	4.355951e-01	2.157301e-01	2.198649e-01	-3.024862e-01	2.291226e-01	-5.316088e-01	3.803657e-01	-2.067402e-03	-7.823029e-04	-8.037018e-03	-4.800812e-03	-3.236206e-03
189           	4.347556e-01	2.158960e-01	2.188596e-01	-2.980668e-01	2.360664e-01	-5.341332e-01	3.850998e-01	-1.481844e-03	-7.736282e-04	-8.365729e-03	-4.956493e-03	-3.409236e-03
190           	4.338414e-01	2.162934e-01	2.175480e-01	-2.977626e-01	2.416219e-01	-5.393845e-01	3.905032e-01	-6.272903e-04	-8.249764e-04	-8.975123e-03	-5.312538e-03	-3.662585e-03
191           	4.329732e-01	2.168254e-01	2.161479e-01	-3.020126e-01	2.438416e-01	-5.458542e-01	3.948479e-01	3.387695e-04	-7.019996e-04	-9.432166e-03	-5.418082e-03	-4.014083e-03
192           	4.323967e-01	2.174685e-01	2.149282e-01	-3.082232e-01	2.445301e-01	-5.527533e-01	3.986417e-01	1.270120e-03	-3.698480e-04	-9.571035e-03	-5.155365e-03	-4.415669e-03
193           	4.322892e-01	2.180162e-01	2.142730e-01	-3.149707e-01	2.435950e-01	-5.585657e-01	4.010804e-01	1.871605e-03	2.381952e-04	-9.283424e-03	-4.403517e-03	-4.879907e-03
194           	4.326728e-01	2.183633e-01	2.143095e-01	-3.226219e-01	2.406592e-01	-5.632810e-01	4.019701e-01	2.026886e-03	9.619175e-04	-8.876812e-03	-3.476489e-03	-5.400324e-03
195           	4.337222e-01	2.186496e-01	2.150726e-01	-3.326398e-01	2.351598e-01	-5.677996e-01	4.014797e-01	1.788523e-03	1.732062e-03	-8.437212e-03	-2.486544e-03	-5.950668e-03
196           	4.351467e-01	2.189480e-01	2.161988e-01	-3.418380e-01	2.292773e-01	-5.711153e-01	4.001963e-01	1.374599e-03	2.248577e-03	-8.182888e-03	-1.842867e-03	-6.340021e-03
197           	4.368756e-01	2.194183e-01	2.174573e-01	-3.492725e-01	2.241100e-01	-5.733825e-01	3.987462e-01	9.804850e-04	2.455797e-03	-8.159122e-03	-1.623764e-03	-6.535358e-03
198           	4.386196e-01	2.201594e-01	2.184601e-01	-3.560700e-01	2.199523e-01	-5.760223e-01	3.979873e-01	8.496694e-04	2.204244e-03	-8.096934e-03	-1.844223e-03	-6.252711e-03
199           	4.400733e-01	2.209777e-01	2.190957e-01	-3.635844e-01	2.156264e-01	-5.792108e-01	3.974186e-01	9.409966e-04	1.597352e-03	-7.839138e-03	-2.322217e-03	-5.516921e-03
200           	4.409205e-01	2.214564e-01	2.194641e-01	-3.694418e-01	2.128190e-01	-5.822609e-01	3.975399e-01	9.961493e-04	8.008152e-04	-7.422282e-03	-2.910326e-03	-4.511956e-03
201           	4.407851e-01	2.213652e-01	2.194199e-01	-3.719988e-01	2.117481e-01	-5.837469e-01	3.977475e-01	9.726147e-04	-6.559029e-05	-7.095709e-03	-3.613445e-03	-3.482264e-03
202           	4.398273e-01	2.208343e-01	2.189930e-01	-3.689779e-01	2.137559e-01	-5.827338e-01	3.982449e-01	9.206493e-04	-8.713693e-04	-7.136765e-03	-4.439752e-03	-2.697013e-03
203           	4.380774e-01	2.199969e-01	2.180805e-01	-3.617575e-01	2.177766e-01	-5.795341e-01	3.986554e-01	9.582121e-04	-1.632440e-03	-7.656091e-03	-5.460485e-03	-2.195606e-03
204           	4.358263e-01	2.191360e-01	2.166903e-01	-3.511127e-01	2.239354e-01	-5.750481e-01	3.994917e-01	1.222877e-03	-2.346494e-03	-8.722074e-03	-6.707532e-03	-2.014543e-03
205           	4.336677e-01	2.186438e-01	2.150239e-01	-3.397926e-01	2.310689e-01	-5.708614e-01	4.009652e-01	1.809976e-03	-3.019702e-03	-1.029331e-02	-8.166357e-03	-2.126953e-03
206           	4.321357e-01	2.186894e-01	2.134464e-01	-3.305819e-01	2.384206e-01	-5.690024e-01	4.037115e-01	2.621519e-03	-3.554141e-03	-1.221251e-02	-9.660397e-03	-2.552114e-03
207           	4.319984e-01	2.195114e-01	2.124869e-01	-3.274048e-01	2.437615e-01	-5.711663e-01	4.074639e-01	3.512231e-03	-3.859665e-03	-1.420528e-02	-1.096231e-02	-3.242977e-03
208           	4.333412e-01	2.208875e-01	2.124537e-01	-3.295285e-01	2.472448e-01	-5.767733e-01	4.120091e-01	4.216922e-03	-3.814500e-03	-1.595158e-02	-1.179029e-02	-4.161288e-03
209           	4.361454e-01	2.226297e-01	2.135156e-01	-3.352690e-01	2.493566e-01	-5.846256e-01	4.169911e-01	4.557063e-03	-3.453028e-03	-1.721272e-02	-1.205939e-02	-5.153331e-03
210           	4.398042e-01	2.243089e-01	2.154952e-01	-3.429609e-01	2.501613e-01	-5.931222e-01	4.216418e-01	4.406854e-03	-2.811946e-03	-1.775750e-02	-1.169070e-02	-6.066803e-03
211           	4.437579e-01	2.255292e-01	2.182287e-01	-3.541257e-01	2.478095e-01	-6.019352e-01	4.248724e-01	3.650294e-03	-2.059561e-03	-1.762703e-02	-1.087308e-02	-6.753953e-03
212           	4.472833e-01	2.263286e-01	2.209547e-01	-3.666831e-01	2.436131e-01	-6.102962e-01	4.269547e-01	2.686920e-03	-1.361260e-03	-1.708001e-02	-9.901266e-03	-7.178747e-03
213           	4.498593e-01	2.267717e-01	2.230876e-01	-3.774558e-01	2.391561e-01	-6.166119e-01	4.278840e-01	1.842055e-03	-8.942531e-04	-1.658532e-02	-9.186915e-03	-7.398408e-03
214           	4.512549e-01	2.269664e-01	2.242886e-01	-3.851051e-01	2.349272e-01	-6.200323e-01	4.274797e-01	1.338900e-03	-6.694525e-04	-1.634629e-02	-8.842599e-03	-7.503694e-03
215           	4.513681e-01	2.269852e-01	2.243829e-01	-3.908295e-01	2.293404e-01	-6.201698e-01	4.247551e-01	1.301112e-03	-7.418345e-04	-1.618533e-02	-8.834502e-03	-7.350833e-03
216           	4.502357e-01	2.266879e-01	2.235478e-01	-3.938327e-01	2.235796e-01	-6.174123e-01	4.204959e-01	1.570051e-03	-9.999967e-04	-1.597784e-02	-8.988918e-03	-6.988925e-03
217           	4.483633e-01	2.259605e-01	2.224028e-01	-3.931362e-01	2.195741e-01	-6.127103e-01	4.161422e-01	1.778874e-03	-1.326783e-03	-1.567832e-02	-9.165942e-03	-6.512377e-03
218           	4.463345e-01	2.249994e-01	2.213351e-01	-3.886976e-01	2.189453e-01	-6.076429e-01	4.132941e-01	1.832190e-03	-1.639310e-03	-1.537900e-02	-9.328808e-03	-6.050188e-03
219           	4.445368e-01	2.238605e-01	2.206763e-01	-3.820540e-01	2.211539e-01	-6.032079e-01	4.121809e-01	1.592080e-03	-1.963108e-03	-1.539616e-02	-9.661188e-03	-5.734972e-03
220           	4.429302e-01	2.226860e-01	2.202442e-01	-3.740993e-01	2.258894e-01	-5.999887e-01	4.129390e-01	1.220915e-03	-2.358011e-03	-1.589357e-02	-1.030480e-02	-5.588776e-03
221           	4.415695e-01	2.215684e-01	2.200011e-01	-3.656460e-01	2.319390e-01	-5.975851e-01	4.147621e-01	7.836546e-04	-2.871291e-03	-1.675189e-02	-1.124724e-02	-5.504655e-03
222           	4.402498e-01	2.206248e-01	2.196250e-01	-3.566558e-01	2.387442e-01	-5.953999e-01	4.170721e-01	4.998908e-04	-3.436283e-03	-1.782269e-02	-1.234763e-02	-5.475060e-03
223           	4.390341e-01	2.199000e-01	2.191341e-01	-3.484087e-01	2.442576e-01	-5.926663e-01	4.184619e-01	3.829722e-04	-3.882362e-03	-1.891515e-02	-1.333994e-02	-5.575213e-03
224           	4.379927e-01	2.195021e-01	2.184906e-01	-3.420648e-01	2.477137e-01	-5.897785e-01	4.187461e-01	5.057771e-04	-4.014772e-03	-1.979960e-02	-1.391457e-02	-5.885028e-03
225           	4.372134e-01	2.193236e-01	2.178898e-01	-3.373385e-01	2.489316e-01	-5.862701e-01	4.176008e-01	7.169254e-04	-3.750663e-03	-2.034940e-02	-1.392536e-02	-6.424034e-03
226           	4.368070e-01	2.193234e-01	2.174836e-01	-3.339023e-01	2.490989e-01	-5.830012e-01	4.160501e-01	9.198940e-04	-3.247717e-03	-2.055343e-02	-1.352443e-02	-7.029000e-03
227           	4.370023e-01	2.194997e-01	2.175026e-01	-3.327431e-01	2.480267e-01	-5.807698e-01	4.143982e-01	9.985296e-04	-2.607838e-03	-2.073919e-02	-1.297744e-02	-7.761759e-03
228           	4.377771e-01	2.196260e-01	2.181512e-01	-3.363844e-01	2.446221e-01	-5.810065e-01	4.128143e-01	7.374133e-04	-1.963262e-03	-2.112523e-02	-1.252588e-02	-8.599354e-03
229           	4.390853e-01	2.198110e-01	2.192744e-01	-3.450202e-01	2.393678e-01	-5.843880e-01	4.118779e-01	2.683016e-04	-1.459629e-03	-2.143347e-02	-1.217637e-02	-9.257107e-03
230           	4.405620e-01	2.199983e-01	2.205636e-01	-3.547432e-01	2.342745e-01	-5.890177e-01	4.116461e-01	-2.826731e-04	-1.308729e-03	-2.194518e-02	-1.228132e-02	-9.663861e-03
231           	4.417278e-01	2.202434e-01	2.214845e-01	-3.636407e-01	2.295791e-01	-5.932198e-01	4.113994e-01	-6.205448e-04	-1.519540e-03	-2.206180e-02	-1.255044e-02	-9.511359e-03
232           	4.422501e-01	2.203645e-01	2.218855e-01	-3.715760e-01	2.238320e-01	-5.954079e-01	4.096199e-01	-7.604861e-04	-2.152536e-03	-2.186903e-02	-1.308705e-02	-8.781981e-03
233           	4.418647e-01	2.200518e-01	2.218129e-01	-3.758869e-01	2.185325e-01	-5.944194e-01	4.064760e-01	-8.805437e-04	-2.964771e-03	-2.128289e-02	-1.360621e-02	-7.676672e-03
234           	4.406868e-01	2.192589e-01	2.214279e-01	-3.749138e-01	2.153642e-01	-5.902780e-01	4.028211e-01	-1.084498e-03	-3.717922e-03	-2.051127e-02	-1.397355e-02	-6.537711e-03
235           	4.387954e-01	2.180191e-01	2.207763e-01	-3.684609e-01	2.145419e-01	-5.830029e-01	3.987724e-01	-1.378585e-03	-4.273563e-03	-1.988888e-02	-1.421800e-02	-5.670878e-03
236           	4.365961e-01	2.166506e-01	2.199455e-01	-3.579270e-01	2.166025e-01	-5.745295e-01	3.955660e-01	-1.647409e-03	-4.661072e-03	-1.979394e-02	-1.455804e-02	-5.235900e-03
237           	4.346922e-01	2.154429e-01	2.192492e-01	-3.458511e-01	2.213250e-01	-5.671761e-01	3.942505e-01	-1.903150e-03	-4.950765e-03	-2.023405e-02	-1.506779e-02	-5.166262e-03
238           	4.339554e-01	2.151158e-01	2.188396e-01	-3.365452e-01	2.282466e-01	-5.647918e-01	3.965192e-01	-1.861945e-03	-5.251085e-03	-2.106763e-02	-1.578490e-02	-5.282729e-03
239           	4.342191e-01	2.154569e-01	2.187622e-01	-3.326805e-01	2.346160e-01	-5.672965e-01	4.009563e-01	-1.652630e-03	-5.591733e-03	-2.213713e-02	-1.666030e-02	-5.476833e-03
240           	4.351733e-01	2.162928e-01	2.188805e-01	-3.334927e-01	2.402882e-01	-5.737809e-01	4.070345e-01	-1.293839e-03	-5.884746e-03	-2.322028e-02	-1.749489e-02	-5.725396e-03
241           	4.366194e-01	2.172695e-01	2.193499e-01	-3.381670e-01	2.443427e-01	-5.825098e-01	4.134262e-01	-1.040200e-03	-5.997453e-03	-2.399790e-02	-1.799641e-02	-6.001500e-03
242           	4.383536e-01	2.181969e-01	2.201567e-01	-3.437689e-01	2.474116e-01	-5.911804e-01	4.192960e-01	-9.798885e-04	-5.911463e-03	-2.434519e-02	-1.808406e-02	-6.261133e-03
243           	4.402355e-01	2.187503e-01	2.214852e-01	-3.485201e-01	2.493177e-01	-5.978378e-01	4.235778e-01	-1.367453e-03	-5.618691e-03	-2.426307e-02	-1.775022e-02	-6.512844e-03
244           	4.421863e-01	2.189967e-01	2.231895e-01	-3.523589e-01	2.499018e-01	-6.022607e-01	4.260812e-01	-2.096403e-03	-5.206908e-03	-2.395335e-02	-1.718358e-02	-6.769767e-03
245           	4.440510e-01	2.188673e-01	2.251837e-01	-3.574928e-01	2.475276e-01	-6.050204e-01	4.262740e-01	-3.158153e-03	-4.679668e-03	-2.374793e-02	-1.655363e-02	-7.194295e-03
246           	4.455541e-01	2.186005e-01	2.269536e-01	-3.628048e-01	2.432650e-01	-6.060698e-01	4.246674e-01	-4.176589e-03	-4.165794e-03	-2.379771e-02	-1.606465e-02	-7.733062e-03
247           	4.467889e-01	2.184842e-01	2.283046e-01	-3.673619e-01	2.386186e-01	-6.059805e-01	4.222995e-01	-4.910190e-03	-3.635555e-03	-2.393790e-02	-1.560450e-02	-8.333393e-03
248           	4.476332e-01	2.186440e-01	2.289891e-01	-3.702739e-01	2.346013e-01	-6.048752e-01	4.197382e-01	-5.172558e-03	-3.189300e-03	-2.377858e-02	-1.507859e-02	-8.699991e-03
249           	4.482588e-01	2.191655e-01	2.290933e-01	-3.745391e-01	2.302673e-01	-6.048065e-01	4.175369e-01	-4.963874e-03	-2.818733e-03	-2.274180e-02	-1.418964e-02	-8.552169e-03
250           	4.485753e-01	2.198925e-01	2.286828e-01	-3.804151e-01	2.256951e-01	-6.061102e-01	4.159027e-01	-4.395150e-03	-2.504650e-03	-2.078042e-02	-1.289486e-02	-7.885560e-03
251           	4.485526e-01	2.204465e-01	2.281061e-01	-3.863095e-01	2.222761e-01	-6.085856e-01	4.154308e-01	-3.829804e-03	-2.119239e-03	-1.829702e-02	-1.126775e-02	-7.029273e-03
252           	4.480577e-01	2.206314e-01	2.274263e-01	-3.898263e-01	2.213717e-01	-6.111980e-01	4.162848e-01	-3.397421e-03	-1.620019e-03	-1.574228e-02	-9.491160e-03	-6.251121e-03
253           	4.469743e-01	2.203249e-01	2.266495e-01	-3.899743e-01	2.229793e-01	-6.129536e-01	4.179665e-01	-3.162299e-03	-1.078540e-03	-1.348605e-02	-7.821563e-03	-5.664483e-03
254           	4.454202e-01	2.196176e-01	2.258026e-01	-3.862516e-01	2.270664e-01	-6.133180e-01	4.201922e-01	-3.092487e-03	-6.149010e-04	-1.190587e-02	-6.567838e-03	-5.338036e-03
255           	4.434425e-01	2.186379e-01	2.248046e-01	-3.791050e-01	2.323149e-01	-6.114199e-01	4.218674e-01	-3.083344e-03	-3.508846e-04	-1.098415e-02	-5.842962e-03	-5.141193e-03
256           	4.411828e-01	2.175301e-01	2.236527e-01	-3.695841e-01	2.378780e-01	-6.074621e-01	4.226700e-01	-3.061290e-03	-3.417566e-04	-1.061918e-02	-5.651349e-03	-4.967836e-03
257           	4.392522e-01	2.165847e-01	2.226675e-01	-3.601300e-01	2.408899e-01	-6.010199e-01	4.209549e-01	-3.041412e-03	-3.516511e-04	-1.087015e-02	-5.786725e-03	-5.083422e-03
258           	4.378747e-01	2.159733e-01	2.219014e-01	-3.530970e-01	2.432305e-01	-5.963275e-01	4.197790e-01	-2.964044e-03	-4.145953e-04	-1.130579e-02	-6.067489e-03	-5.238299e-03
259           	4.376875e-01	2.158609e-01	2.218266e-01	-3.505697e-01	2.441689e-01	-5.947386e-01	4.194537e-01	-2.982826e-03	-3.796069e-04	-1.154172e-02	-6.150469e-03	-5.391256e-03
260           	4.387947e-01	2.162576e-01	2.225371e-01	-3.519528e-01	2.447230e-01	-5.966758e-01	4.206994e-01	-3.139748e-03	-2.931495e-04	-1.158709e-02	-6.086697e-03	-5.500398e-03
261           	4.409816e-01	2.169739e-01	2.240077e-01	-3.579426e-01	2.442976e-01	-6.022402e-01	4.232689e-01	-3.516879e-03	-1.685814e-04	-1.168484e-02	-6.011003e-03	-5.673840e-03
262           	4.436552e-01	2.176129e-01	2.260423e-01	-3.685249e-01	2.415783e-01	-6.101032e-01	4.258407e-01	-4.214693e-03	4.631701e-06	-1.190379e-02	-5.947262e-03	-5.956526e-03
263           	4.462600e-01	2.181325e-01	2.281275e-01	-3.817836e-01	2.366277e-01	-6.184112e-01	4.275195e-01	-4.997531e-03	2.194015e-04	-1.235672e-02	-5.958956e-03	-6.397759e-03
264           	4.481356e-01	2.185829e-01	2.295527e-01	-3.910375e-01	2.326137e-01	-6.236512e-01	4.281325e-01	-5.484888e-03	2.661818e-04	-1.266197e-02	-6.064803e-03	-6.597166e-03
265           	4.490914e-01	2.188038e-01	2.302876e-01	-3.965932e-01	2.284359e-01	-6.250291e-01	4.267325e-01	-5.741918e-03	1.822018e-04	-1.269420e-02	-6.164897e-03	-6.529301e-03
266           	4.495608e-01	2.192012e-01	2.303596e-01	-4.008232e-01	2.240225e-01	-6.248457e-01	4.244341e-01	-5.579171e-03	-5.561216e-05	-1.216571e-02	-6.138467e-03	-6.027243e-03
267           	4.487659e-01	2.192151e-01	2.295508e-01	-4.008557e-01	2.194479e-01	-6.203036e-01	4.198757e-01	-5.167846e-03	-3.279422e-04	-1.099637e-02	-5.826127e-03	-5.170243e-03
268           	4.478523e-01	2.189783e-01	2.288740e-01	-3.987539e-01	2.177850e-01	-6.165389e-01	4.171619e-01	-4.947842e-03	-4.367384e-04	-9.599126e-03	-5.236301e-03	-4.362824e-03
269           	4.463397e-01	2.184174e-01	2.279223e-01	-3.916977e-01	2.191610e-01	-6.108587e-01	4.150099e-01	-4.752415e-03	-4.321417e-04	-8.243615e-03	-4.553949e-03	-3.689666e-03
270           	4.450025e-01	2.177384e-01	2.272641e-01	-3.846625e-01	2.231922e-01	-6.078547e-01	4.155234e-01	-4.762894e-03	-3.417841e-04	-7.472183e-03	-4.077875e-03	-3.394307e-03
271           	4.435343e-01	2.168864e-01	2.266479e-01	-3.748655e-01	2.300557e-01	-6.049211e-01	4.174884e-01	-4.880730e-03	-4.577206e-04	-7.601019e-03	-4.258230e-03	-3.342789e-03
272           	4.422160e-01	2.160657e-01	2.261504e-01	-3.662627e-01	2.373041e-01	-6.035668e-01	4.204354e-01	-5.042352e-03	-8.323674e-04	-8.620780e-03	-5.142758e-03	-3.478023e-03
273           	4.407148e-01	2.152595e-01	2.254553e-01	-3.582583e-01	2.438718e-01	-6.021301e-01	4.230009e-01	-5.097879e-03	-1.462557e-03	-1.045589e-02	-6.690500e-03	-3.765386e-03
274           	4.390871e-01	2.145284e-01	2.245587e-01	-3.515525e-01	2.491497e-01	-6.007022e-01	4.249260e-01	-5.015139e-03	-2.201165e-03	-1.272451e-02	-8.563418e-03	-4.161088e-03
275           	4.374759e-01	2.139869e-01	2.234890e-01	-3.472097e-01	2.523438e-01	-5.995535e-01	4.259486e-01	-4.751015e-03	-2.756294e-03	-1.485347e-02	-1.018303e-02	-4.670440e-03
276           	4.362375e-01	2.136069e-01	2.226307e-01	-3.452635e-01	2.536982e-01	-5.989617e-01	4.263299e-01	-4.511899e-03	-2.931445e-03	-1.633152e-02	-1.109721e-02	-5.234315e-03
277           	4.356801e-01	2.134506e-01	2.222295e-01	-3.434338e-01	2.535161e-01	-5.969500e-01	4.252330e-01	-4.389426e-03	-2.604800e-03	-1.685481e-02	-1.103220e-02	-5.822605e-03
278           	4.359257e-01	2.135529e-01	2.223728e-01	-3.446269e-01	2.521976e-01	-5.968246e-01	4.245111e-01	-4.409932e-03	-2.017296e-03	-1.684204e-02	-1.043832e-02	-6.403724e-03
279           	4.369379e-01	2.137423e-01	2.231955e-01	-3.494494e-01	2.483897e-01	-5.978391e-01	4.231144e-01	-4.726611e-03	-1.143019e-03	-1.634842e-02	-9.317229e-03	-7.031191e-03
280           	4.385792e-01	2.138768e-01	2.247025e-01	-3.589609e-01	2.421131e-01	-6.010740e-01	4.215935e-01	-5.412849e-03	-1.893175e-04	-1.572998e-02	-8.054308e-03	-7.675673e-03
281           	4.403178e-01	2.140168e-01	2.263010e-01	-3.700663e-01	2.349443e-01	-6.050106e-01	4.199774e-01	-6.142097e-03	6.454193e-04	-1.525894e-02	-6.984052e-03	-8.274890e-03
282           	4.417303e-01	2.142597e-01	2.274707e-01	-3.804063e-01	2.278240e-01	-6.082303e-01	4.180271e-01	-6.605499e-03	1.204549e-03	-1.476541e-02	-6.178155e-03	-8.587253e-03
283           	4.430051e-01	2.148058e-01	2.281993e-01	-3.898889e-01	2.211588e-01	-6.110477e-01	4.161032e-01	-6.696782e-03	1.246347e-03	-1.403171e-02	-5.769509e-03	-8.262203e-03
284           	4.432344e-01	2.149912e-01	2.282431e-01	-3.963762e-01	2.134983e-01	-6.098745e-01	4.116864e-01	-6.625958e-03	1.131345e-03	-1.253505e-02	-5.136180e-03	-7.398869e-03
285           	4.428392e-01	2.147289e-01	2.281103e-01	-3.970180e-01	2.095382e-01	-6.065562e-01	4.080472e-01	-6.690737e-03	8.909682e-04	-1.106220e-02	-4.640134e-03	-6.422070e-03
286           	4.413132e-01	2.137441e-01	2.275691e-01	-3.889876e-01	2.084788e-01	-5.974664e-01	4.029726e-01	-6.912523e-03	8.290230e-04	-9.047537e-03	-3.694745e-03	-5.352791e-03
287           	4.394706e-01	2.126545e-01	2.268161e-01	-3.781183e-01	2.107813e-01	-5.888996e-01	3.998405e-01	-7.080804e-03	6.826712e-04	-7.866539e-03	-3.250598e-03	-4.615941e-03
288           	4.374548e-01	2.114720e-01	2.259828e-01	-3.616083e-01	2.169976e-01	-5.786059e-01	3.978018e-01	-7.255401e-03	7.207715e-04	-6.413122e-03	-2.485789e-03	-3.927332e-03
289           	4.356683e-01	2.108508e-01	2.248175e-01	-3.498009e-01	2.233894e-01	-5.731903e-01	3.982899e-01	-6.983379e-03	4.734764e-04	-6.285707e-03	-2.669377e-03	-3.616330e-03
290           	4.349033e-01	2.111305e-01	2.237728e-01	-3.406685e-01	2.316804e-01	-5.723489e-01	4.020147e-01	-6.321130e-03	1.602381e-04	-6.679778e-03	-3.179651e-03	-3.500127e-03
291           	4.346179e-01	2.118564e-01	2.227615e-01	-3.378417e-01	2.382960e-01	-5.761378e-01	4.072169e-01	-5.452564e-03	-2.077695e-04	-7.855965e-03	-4.135752e-03	-3.720213e-03
292           	4.350065e-01	2.129923e-01	2.220142e-01	-3.402777e-01	2.437344e-01	-5.840121e-01	4.138733e-01	-4.510919e-03	-4.670062e-04	-9.214879e-03	-5.074446e-03	-4.140434e-03
293           	4.358171e-01	2.140312e-01	2.217858e-01	-3.456654e-01	2.473418e-01	-5.930072e-01	4.201745e-01	-3.877284e-03	-5.095674e-04	-1.017617e-02	-5.597654e-03	-4.578520e-03
294           	4.369226e-01	2.146880e-01	2.222346e-01	-3.513452e-01	2.494112e-01	-6.007565e-01	4.250839e-01	-3.773259e-03	-3.615239e-04	-1.042067e-02	-5.571859e-03	-4.848811e-03
295           	4.379723e-01	2.148163e-01	2.231560e-01	-3.548328e-01	2.496110e-01	-6.044438e-01	4.270274e-01	-4.169831e-03	-1.037692e-04	-1.017341e-02	-5.190475e-03	-4.982937e-03
296           	4.392021e-01	2.145262e-01	2.246759e-01	-3.579354e-01	2.479927e-01	-6.059282e-01	4.269605e-01	-5.074869e-03	3.148828e-04	-9.418507e-03	-4.394371e-03	-5.024136e-03
297           	4.401972e-01	2.138751e-01	2.263221e-01	-3.617350e-01	2.431878e-01	-6.049228e-01	4.240553e-01	-6.223512e-03	7.055571e-04	-9.207533e-03	-3.898210e-03	-5.309324e-03
298           	4.411449e-01	2.131615e-01	2.279834e-01	-3.662865e-01	2.371099e-01	-6.033964e-01	4.202531e-01	-7.410949e-03	1.039068e-03	-9.375535e-03	-3.648699e-03	-5.726836e-03
299           	4.420411e-01	2.129289e-01	2.291122e-01	-3.703248e-01	2.313007e-01	-6.016254e-01	4.164630e-01	-8.091614e-03	1.110324e-03	-1.004587e-02	-3.912610e-03	-6.133259e-03
300           	4.428683e-01	2.132091e-01	2.296592e-01	-3.741603e-01	2.257930e-01	-5.999534e-01	4.128732e-01	-8.225062e-03	9.404942e-04	-1.065149e-02	-4.385253e-03	-6.266241e-03
301           	4.436595e-01	2.140113e-01	2.296482e-01	-3.791169e-01	2.203085e-01	-5.994254e-01	4.098669e-01	-7.818446e-03	6.197134e-04	-1.067798e-02	-4.719276e-03	-5.958703e-03
302           	4.442250e-01	2.149324e-01	2.292926e-01	-3.827886e-01	2.167834e-01	-5.995721e-01	4.081778e-01	-7.180102e-03	2.984400e-04	-1.026316e-02	-4.833139e-03	-5.430019e-03
303           	4.441149e-01	2.155182e-01	2.285967e-01	-3.829152e-01	2.160895e-01	-5.990047e-01	4.075471e-01	-6.539251e-03	1.162817e-04	-9.680682e-03	-4.724059e-03	-4.956623e-03
304           	4.434305e-01	2.157551e-01	2.276754e-01	-3.794538e-01	2.188765e-01	-5.983303e-01	4.086034e-01	-5.960126e-03	4.204075e-05	-9.296501e-03	-4.606210e-03	-4.690291e-03
305           	4.420001e-01	2.155302e-01	2.264699e-01	-3.735540e-01	2.236803e-01	-5.972343e-01	4.104573e-01	-5.469839e-03	3.056586e-05	-9.250606e-03	-4.594737e-03	-4.655869e-03
306           	4.400330e-01	2.149851e-01	2.250478e-01	-3.667098e-01	2.303190e-01	-5.970288e-01	4.136739e-01	-5.031369e-03	-1.038657e-04	-9.783354e-03	-4.995543e-03	-4.787811e-03
307           	4.378471e-01	2.143508e-01	2.234962e-01	-3.608618e-01	2.365650e-01	-5.974268e-01	4.169959e-01	-4.572694e-03	-2.420416e-04	-1.055425e-02	-5.519166e-03	-5.035083e-03
308           	4.358441e-01	2.138527e-01	2.219914e-01	-3.562137e-01	2.422869e-01	-5.985006e-01	4.203937e-01	-4.069398e-03	-3.690248e-04	-1.163160e-02	-6.184825e-03	-5.446775e-03
309           	4.343804e-01	2.136488e-01	2.207316e-01	-3.533254e-01	2.463251e-01	-5.996505e-01	4.229878e-01	-3.541428e-03	-3.289790e-04	-1.276044e-02	-6.709199e-03	-6.051241e-03
310           	4.340927e-01	2.138497e-01	2.202430e-01	-3.531633e-01	2.491771e-01	-6.023404e-01	4.257587e-01	-3.196680e-03	-2.103065e-05	-1.352483e-02	-6.783447e-03	-6.741386e-03
311           	4.347155e-01	2.141391e-01	2.205764e-01	-3.536931e-01	2.503397e-01	-6.040328e-01	4.271862e-01	-3.218627e-03	6.215130e-04	-1.356032e-02	-6.158647e-03	-7.401673e-03
312           	4.370277e-01	2.148915e-01	2.221362e-01	-3.573337e-01	2.505015e-01	-6.078353e-01	4.291684e-01	-3.622323e-03	1.315368e-03	-1.314010e-02	-5.254683e-03	-7.885419e-03
313           	4.395706e-01	2.154950e-01	2.240756e-01	-3.619963e-01	2.484557e-01	-6.104520e-01	4.294538e-01	-4.290286e-03	2.099064e-03	-1.238002e-02	-4.090943e-03	-8.289072e-03
314           	4.428551e-01	2.160102e-01	2.268449e-01	-3.700037e-01	2.436834e-01	-6.136871e-01	4.286853e-01	-5.417376e-03	2.827134e-03	-1.156080e-02	-2.953264e-03	-8.607532e-03
315           	4.454264e-01	2.163055e-01	2.291208e-01	-3.805591e-01	2.364886e-01	-6.170477e-01	4.267682e-01	-6.407654e-03	3.338482e-03	-1.095383e-02	-2.138433e-03	-8.815397e-03
316           	4.474725e-01	2.167253e-01	2.307472e-01	-3.923790e-01	2.281040e-01	-6.204831e-01	4.242935e-01	-7.010972e-03	3.587580e-03	-1.016105e-02	-1.492947e-03	-8.668107e-03
317           	4.485353e-01	2.170321e-01	2.315032e-01	-4.018754e-01	2.192590e-01	-6.211344e-01	4.201967e-01	-7.235524e-03	3.670130e-03	-8.928259e-03	-7.939992e-04	-8.134260e-03
318           	4.487558e-01	2.171070e-01	2.316488e-01	-4.065370e-01	2.129257e-01	-6.194627e-01	4.161942e-01	-7.270879e-03	3.784921e-03	-7.240123e-03	1.648593e-04	-7.404983e-03
319           	4.482535e-01	2.169132e-01	2.313404e-01	-4.057977e-01	2.101357e-01	-6.159334e-01	4.130345e-01	-7.213609e-03	4.074607e-03	-5.357259e-03	1.395978e-03	-6.753237e-03
320           	4.470668e-01	2.164530e-01	2.306139e-01	-3.994627e-01	2.112001e-01	-6.106628e-01	4.109314e-01	-7.080440e-03	4.661713e-03	-3.270084e-03	3.026671e-03	-6.296754e-03
321           	4.454156e-01	2.157159e-01	2.296997e-01	-3.889834e-01	2.159782e-01	-6.049616e-01	4.104699e-01	-6.991932e-03	5.389157e-03	-1.408123e-03	4.685095e-03	-6.093218e-03
322           	4.437331e-01	2.148978e-01	2.288353e-01	-3.766674e-01	2.240411e-01	-6.007085e-01	4.123748e-01	-6.968750e-03	6.096444e-03	9.295589e-05	6.142922e-03	-6.049966e-03
323           	4.419880e-01	2.139368e-01	2.280512e-01	-3.646607e-01	2.328688e-01	-5.975295e-01	4.151992e-01	-7.057237e-03	6.553390e-03	1.028952e-03	7.067866e-03	-6.038914e-03
324           	4.403298e-01	2.129833e-01	2.273465e-01	-3.545132e-01	2.411892e-01	-5.957024e-01	4.184458e-01	-7.181632e-03	6.596063e-03	1.283336e-03	7.237731e-03	-5.954395e-03
325           	4.386595e-01	2.121271e-01	2.265323e-01	-3.461652e-01	2.477793e-01	-5.939445e-01	4.208619e-01	-7.202597e-03	6.264936e-03	9.405630e-04	6.735217e-03	-5.794654e-03
326           	4.371870e-01	2.114278e-01	2.257592e-01	-3.404146e-01	2.520880e-01	-5.925026e-01	4.222953e-01	-7.165717e-03	5.807623e-03	1.560467e-04	5.885646e-03	-5.729600e-03
327           	4.361664e-01	2.109668e-01	2.251996e-01	-3.370647e-01	2.547115e-01	-5.917762e-01	4.232439e-01	-7.116387e-03	5.269365e-03	-8.007131e-04	4.869008e-03	-5.669721e-03
328           	4.357528e-01	2.105721e-01	2.251808e-01	-3.352525e-01	2.555000e-01	-5.907524e-01	4.231262e-01	-7.304352e-03	4.869964e-03	-1.542669e-03	4.098629e-03	-5.641298e-03
329           	4.359006e-01	2.102562e-01	2.256444e-01	-3.341945e-01	2.544540e-01	-5.886485e-01	4.215512e-01	-7.694132e-03	4.625293e-03	-1.918144e-03	3.666221e-03	-5.584365e-03
330           	4.368638e-01	2.101341e-01	2.267297e-01	-3.362894e-01	2.519463e-01	-5.882357e-01	4.200910e-01	-8.297786e-03	4.395449e-03	-2.455001e-03	3.167948e-03	-5.622949e-03
331           	4.381082e-01	2.100438e-01	2.280644e-01	-3.415599e-01	2.461927e-01	-5.877526e-01	4.169727e-01	-9.010297e-03	4.411070e-03	-2.961479e-03	2.930331e-03	-5.891810e-03
332           	4.397755e-01	2.101568e-01	2.296188e-01	-3.500430e-01	2.386701e-01	-5.887131e-01	4.136916e-01	-9.730993e-03	4.480266e-03	-3.602102e-03	2.679215e-03	-6.281317e-03
333           	4.413682e-01	2.105185e-01	2.308497e-01	-3.597155e-01	2.300301e-01	-5.897456e-01	4.098879e-01	-1.016557e-02	4.416618e-03	-4.305093e-03	2.264071e-03	-6.569165e-03
334           	4.428486e-01	2.113820e-01	2.314666e-01	-3.710290e-01	2.207530e-01	-5.917819e-01	4.062674e-01	-1.004230e-02	4.107832e-03	-4.602839e-03	1.806412e-03	-6.409251e-03
335           	4.434723e-01	2.122324e-01	2.312398e-01	-3.820100e-01	2.097786e-01	-5.917887e-01	4.007837e-01	-9.503682e-03	3.512183e-03	-4.875127e-03	1.074620e-03	-5.949747e-03
336           	4.437852e-01	2.128484e-01	2.309368e-01	-3.874844e-01	2.040461e-01	-5.915305e-01	3.977883e-01	-9.044234e-03	2.985126e-03	-4.456516e-03	7.568677e-04	-5.213384e-03
337           	4.427604e-01	2.128709e-01	2.298896e-01	-3.860745e-01	2.007978e-01	-5.868723e-01	3.938351e-01	-8.509333e-03	2.494977e-03	-4.174839e-03	4.075573e-04	-4.582397e-03
338           	4.414496e-01	2.125080e-01	2.289416e-01	-3.800148e-01	2.026195e-01	-5.826344e-01	3.926269e-01	-8.216759e-03	2.256857e-03	-3.730348e-03	3.916830e-04	-4.122031e-03
339           	4.389542e-01	2.114910e-01	2.274631e-01	-3.674837e-01	2.083068e-01	-5.757906e-01	3.920487e-01	-7.986065e-03	2.119156e-03	-3.537904e-03	3.502040e-04	-3.888108e-03
340           	4.366068e-01	2.105380e-01	2.260688e-01	-3.568566e-01	2.150606e-01	-5.719172e-01	3.934889e-01	-7.765417e-03	2.080119e-03	-3.610649e-03	2.747949e-04	-3.885444e-03
341           	4.342878e-01	2.097545e-01	2.245334e-01	-3.482178e-01	2.219062e-01	-5.701240e-01	3.960151e-01	-7.389466e-03	1.997243e-03	-4.156208e-03	-8.086046e-05	-4.075347e-03
342           	4.327269e-01	2.095689e-01	2.231580e-01	-3.433308e-01	2.288034e-01	-5.721343e-01	4.004688e-01	-6.794596e-03	1.896765e-03	-5.174536e-03	-6.905029e-04	-4.484033e-03
343           	4.319541e-01	2.097219e-01	2.222322e-01	-3.422946e-01	2.347378e-01	-5.770325e-01	4.058851e-01	-6.255147e-03	1.809761e-03	-6.366181e-03	-1.373329e-03	-4.992852e-03
344           	4.323398e-01	2.103093e-01	2.220305e-01	-3.450580e-01	2.398159e-01	-5.848739e-01	4.123449e-01	-5.860584e-03	1.876937e-03	-7.333364e-03	-1.789745e-03	-5.543619e-03
345           	4.336085e-01	2.109388e-01	2.226698e-01	-3.502901e-01	2.432444e-01	-5.935346e-01	4.183895e-01	-5.865492e-03	2.045441e-03	-7.788037e-03	-1.848578e-03	-5.939460e-03
346           	4.355602e-01	2.115546e-01	2.240056e-01	-3.563650e-01	2.453556e-01	-6.017206e-01	4.235381e-01	-6.225506e-03	2.330020e-03	-7.786563e-03	-1.563261e-03	-6.223302e-03
347           	4.377627e-01	2.119702e-01	2.257926e-01	-3.626195e-01	2.455941e-01	-6.082136e-01	4.269038e-01	-6.911192e-03	2.675062e-03	-7.485955e-03	-1.067916e-03	-6.418039e-03
348           	4.398368e-01	2.121479e-01	2.276888e-01	-3.693975e-01	2.434681e-01	-6.128656e-01	4.281668e-01	-7.770437e-03	3.070696e-03	-7.115601e-03	-4.871043e-04	-6.628497e-03
349           	4.415641e-01	2.119914e-01	2.295727e-01	-3.774217e-01	2.381572e-01	-6.155788e-01	4.268680e-01	-8.790666e-03	3.486087e-03	-6.949045e-03	1.156497e-05	-6.960610e-03
350           	4.430494e-01	2.119713e-01	2.310781e-01	-3.851574e-01	2.316372e-01	-6.167946e-01	4.242159e-01	-9.553422e-03	3.852795e-03	-6.838373e-03	4.336080e-04	-7.271981e-03
351           	4.442779e-01	2.123311e-01	2.319468e-01	-3.916190e-01	2.248526e-01	-6.164716e-01	4.206621e-01	-9.807810e-03	4.161799e-03	-6.546377e-03	8.886107e-04	-7.434988e-03
352           	4.451104e-01	2.131015e-01	2.320088e-01	-3.971967e-01	2.181785e-01	-6.153752e-01	4.167769e-01	-9.453640e-03	4.399178e-03	-5.841091e-03	1.478633e-03	-7.319724e-03
353           	4.456020e-01	2.140405e-01	2.315614e-01	-4.008971e-01	2.131486e-01	-6.140457e-01	4.135971e-01	-8.760447e-03	4.625304e-03	-4.847330e-03	2.201639e-03	-7.048969e-03
354           	4.455032e-01	2.147481e-01	2.307551e-01	-3.998755e-01	2.111656e-01	-6.110411e-01	4.111034e-01	-8.003524e-03	5.145480e-03	-3.055869e-03	3.617546e-03	-6.673415e-03
355           	4.449559e-01	2.150645e-01	2.298913e-01	-3.961654e-01	2.127302e-01	-6.088956e-01	4.108129e-01	-7.413387e-03	5.616074e-03	-1.844089e-03	4.694029e-03	-6.538119e-03
356           	4.437684e-01	2.149283e-01	2.288402e-01	-3.870981e-01	2.183930e-01	-6.054911e-01	4.119421e-01	-6.955957e-03	6.189707e-03	-6.499018e-04	5.864757e-03	-6.514658e-03
357           	4.420733e-01	2.142915e-01	2.277818e-01	-3.764789e-01	2.263663e-01	-6.028453e-01	4.146058e-01	-6.745147e-03	6.542666e-03	-1.295533e-04	6.477889e-03	-6.607443e-03
358           	4.399555e-01	2.134136e-01	2.265419e-01	-3.656148e-01	2.364702e-01	-6.020849e-01	4.192775e-01	-6.564122e-03	6.557534e-03	-2.615183e-04	6.426775e-03	-6.688293e-03
359           	4.378202e-01	2.127381e-01	2.250821e-01	-3.590890e-01	2.441929e-01	-6.032819e-01	4.237374e-01	-6.171971e-03	6.032524e-03	-1.556162e-03	5.254444e-03	-6.810605e-03
360           	4.358286e-01	2.124522e-01	2.233764e-01	-3.552609e-01	2.505028e-01	-6.057637e-01	4.281332e-01	-5.462106e-03	5.267365e-03	-3.376544e-03	3.579093e-03	-6.955637e-03
361           	4.344914e-01	2.126625e-01	2.218289e-01	-3.546702e-01	2.546197e-01	-6.092898e-01	4.319548e-01	-4.583192e-03	4.499878e-03	-5.282953e-03	1.858401e-03	-7.141354e-03
362           	4.339965e-01	2.132346e-01	2.207618e-01	-3.570212e-01	2.564248e-01	-6.134460e-01	4.349354e-01	-3.763592e-03	3.990975e-03	-6.536160e-03	7.228953e-04	-7.259056e-03
363           	4.347538e-01	2.142493e-01	2.205046e-01	-3.657321e-01	2.551650e-01	-6.208971e-01	4.380310e-01	-3.127638e-03	3.702967e-03	-7.172897e-03	1.165185e-04	-7.289415e-03
364           	4.363767e-01	2.153380e-01	2.210387e-01	-3.748100e-01	2.519208e-01	-6.267307e-01	4.393257e-01	-2.850348e-03	3.794801e-03	-6.770585e-03	4.095083e-04	-7.180094e-03
365           	4.385583e-01	2.164401e-01	2.221181e-01	-3.866088e-01	2.461788e-01	-6.327876e-01	4.394832e-01	-2.839003e-03	4.029760e-03	-6.221520e-03	9.189996e-04	-7.140520e-03
366           	4.406547e-01	2.171844e-01	2.234702e-01	-4.003104e-01	2.369597e-01	-6.372702e-01	4.371150e-01	-3.142892e-03	4.392052e-03	-5.782709e-03	1.500697e-03	-7.283406e-03
367           	4.423127e-01	2.176533e-01	2.246594e-01	-4.122204e-01	2.259751e-01	-6.381955e-01	4.320853e-01	-3.503036e-03	4.635409e-03	-5.378118e-03	1.946350e-03	-7.324468e-03
368           	4.434262e-01	2.180576e-01	2.253686e-01	-4.218759e-01	2.150938e-01	-6.369698e-01	4.260318e-01	-3.655471e-03	4.764622e-03	-4.877151e-03	2.326046e-03	-7.203197e-03
369           	4.438762e-01	2.182173e-01	2.256589e-01	-4.263767e-01	2.066455e-01	-6.330222e-01	4.198339e-01	-3.720773e-03	4.861176e-03	-4.299992e-03	2.711180e-03	-7.011172e-03
370           	4.436945e-01	2.182693e-01	2.254252e-01	-4.248587e-01	2.022263e-01	-6.270850e-01	4.146556e-01	-3.577957e-03	5.023632e-03	-3.584951e-03	3.231157e-03	-6.816108e-03
371           	4.430109e-01	2.182376e-01	2.247733e-01	-4.166821e-01	2.025621e-01	-6.192442e-01	4.109031e-01	-3.267819e-03	5.263922e-03	-3.004652e-03	3.761596e-03	-6.766248e-03
372           	4.420810e-01	2.181970e-01	2.238839e-01	-4.051703e-01	2.067110e-01	-6.118813e-01	4.092962e-01	-2.843438e-03	5.499443e-03	-2.807448e-03	4.095719e-03	-6.903168e-03
373           	4.407948e-01	2.181796e-01	2.226152e-01	-3.863611e-01	2.159005e-01	-6.022616e-01	4.090811e-01	-2.217813e-03	5.643021e-03	-3.393957e-03	3.946043e-03	-7.340000e-03
374           	4.397283e-01	2.182522e-01	2.214761e-01	-3.726762e-01	2.249121e-01	-5.975883e-01	4.112502e-01	-1.611944e-03	5.528069e-03	-4.418623e-03	3.318757e-03	-7.737380e-03
375           	4.392843e-01	2.186488e-01	2.206355e-01	-3.598535e-01	2.361290e-01	-5.959825e-01	4.160558e-01	-9.933342e-04	5.185987e-03	-6.073728e-03	2.149123e-03	-8.222851e-03
376           	4.392584e-01	2.191904e-01	2.200680e-01	-3.546279e-01	2.445457e-01	-5.991736e-01	4.218597e-01	-4.388207e-04	4.750309e-03	-7.575825e-03	9.623965e-04	-8.538222e-03
377           	4.396863e-01	2.197957e-01	2.198905e-01	-3.519984e-01	2.514343e-01	-6.034327e-01	4.274335e-01	-4.740678e-05	4.334140e-03	-8.982958e-03	-1.573388e-04	-8.825619e-03
378           	4.403600e-01	2.202518e-01	2.201082e-01	-3.493522e-01	2.566571e-01	-6.060093e-01	4.313332e-01	7.183913e-05	3.987094e-03	-1.031821e-02	-1.172008e-03	-9.146197e-03
379           	4.419308e-01	2.208025e-01	2.211282e-01	-3.483870e-01	2.598359e-01	-6.082229e-01	4.340294e-01	-1.628692e-04	3.620679e-03	-1.164414e-02	-2.201393e-03	-9.442751e-03
380           	4.432807e-01	2.209106e-01	2.223701e-01	-3.463954e-01	2.606953e-01	-6.070907e-01	4.338930e-01	-7.297638e-04	3.350941e-03	-1.282130e-02	-3.059707e-03	-9.761589e-03
381           	4.451105e-01	2.209304e-01	2.241801e-01	-3.455600e-01	2.595485e-01	-6.051086e-01	4.323286e-01	-1.624866e-03	3.071348e-03	-1.387009e-02	-3.863695e-03	-1.000639e-02
382           	4.468934e-01	2.208784e-01	2.260150e-01	-3.453100e-01	2.568827e-01	-6.021927e-01	4.295377e-01	-2.568281e-03	2.861617e-03	-1.474469e-02	-4.510728e-03	-1.023396e-02
383           	4.489816e-01	2.208857e-01	2.280959e-01	-3.485258e-01	2.517743e-01	-6.003001e-01	4.260372e-01	-3.605100e-03	2.744334e-03	-1.570632e-02	-5.108825e-03	-1.059749e-02
384           	4.512395e-01	2.210822e-01	2.301573e-01	-3.566772e-01	2.441881e-01	-6.008654e-01	4.225268e-01	-4.537559e-03	2.657344e-03	-1.659118e-02	-5.638246e-03	-1.095293e-02
385           	4.534279e-01	2.216336e-01	2.317944e-01	-3.680709e-01	2.354363e-01	-6.035072e-01	4.194717e-01	-5.080390e-03	2.374768e-03	-1.714886e-02	-6.199661e-03	-1.094920e-02
386           	4.551147e-01	2.224159e-01	2.326988e-01	-3.823349e-01	2.236042e-01	-6.059392e-01	4.147717e-01	-5.141466e-03	1.918372e-03	-1.703823e-02	-6.600742e-03	-1.043749e-02
387           	4.560334e-01	2.229267e-01	2.331067e-01	-3.918615e-01	2.152698e-01	-6.071314e-01	4.112006e-01	-5.089979e-03	1.274171e-03	-1.645140e-02	-6.951531e-03	-9.499873e-03
388           	4.556993e-01	2.228877e-01	2.328116e-01	-3.945112e-01	2.087079e-01	-6.032191e-01	4.059635e-01	-4.961945e-03	7.373398e-04	-1.535567e-02	-6.940496e-03	-8.415175e-03
389           	4.542453e-01	2.221919e-01	2.320534e-01	-3.874406e-01	2.070379e-01	-5.944785e-01	4.007582e-01	-4.930760e-03	4.021565e-04	-1.409375e-02	-6.644716e-03	-7.449029e-03
390           	4.515477e-01	2.208820e-01	2.306657e-01	-3.720837e-01	2.098897e-01	-5.819734e-01	3.959316e-01	-4.891839e-03	3.107391e-04	-1.296560e-02	-6.172061e-03	-6.793539e-03
391           	4.481076e-01	2.192395e-01	2.288681e-01	-3.529676e-01	2.156653e-01	-5.686329e-01	3.921491e-01	-4.814280e-03	3.281571e-04	-1.213718e-02	-5.740435e-03	-6.396750e-03
392           	4.443938e-01	2.175443e-01	2.268495e-01	-3.359784e-01	2.225745e-01	-5.585529e-01	3.905637e-01	-4.652595e-03	3.077780e-04	-1.178635e-02	-5.585399e-03	-6.200955e-03
393           	4.411761e-01	2.162070e-01	2.249691e-01	-3.247952e-01	2.301839e-01	-5.549791e-01	3.925815e-01	-4.381060e-03	2.958082e-05	-1.210636e-02	-6.023599e-03	-6.082761e-03
394           	4.394087e-01	2.155936e-01	2.238151e-01	-3.209127e-01	2.358727e-01	-5.567854e-01	3.963291e-01	-4.110771e-03	-2.896261e-04	-1.273723e-02	-6.658239e-03	-6.078987e-03
395           	4.390965e-01	2.157034e-01	2.233931e-01	-3.251212e-01	2.413337e-01	-5.664548e-01	4.038942e-01	-3.844838e-03	-8.432680e-04	-1.384560e-02	-7.766068e-03	-6.079532e-03
396           	4.394634e-01	2.159404e-01	2.235230e-01	-3.304013e-01	2.455094e-01	-5.759107e-01	4.107101e-01	-3.791293e-03	-1.045422e-03	-1.454180e-02	-8.316321e-03	-6.225477e-03
397           	4.406647e-01	2.163393e-01	2.243255e-01	-3.386121e-01	2.482026e-01	-5.868147e-01	4.175087e-01	-3.993110e-03	-1.069812e-03	-1.487276e-02	-8.506194e-03	-6.366570e-03
398           	4.420606e-01	2.165872e-01	2.254733e-01	-3.465838e-01	2.491772e-01	-5.957610e-01	4.224691e-01	-4.443050e-03	-9.196493e-04	-1.465654e-02	-8.247919e-03	-6.408621e-03
399           	4.438867e-01	2.168710e-01	2.270158e-01	-3.578718e-01	2.481271e-01	-6.059989e-01	4.270630e-01	-5.072415e-03	-8.129399e-04	-1.450429e-02	-8.065083e-03	-6.439203e-03
400           	4.453050e-01	2.169017e-01	2.284034e-01	-3.673856e-01	2.445442e-01	-6.119298e-01	4.282370e-01	-5.750854e-03	-5.718865e-04	-1.426011e-02	-7.701941e-03	-6.558168e-03
401           	4.465227e-01	2.167388e-01	2.297839e-01	-3.779372e-01	2.377920e-01	-6.157292e-01	4.267606e-01	-6.522568e-03	-3.128166e-04	-1.426086e-02	-7.443248e-03	-6.817615e-03
402           	4.472851e-01	2.166656e-01	2.306194e-01	-3.890594e-01	2.283275e-01	-6.173868e-01	4.228572e-01	-6.976891e-03	-2.135898e-04	-1.428430e-02	-7.355738e-03	-6.928558e-03
403           	4.478420e-01	2.168840e-01	2.309580e-01	-3.987779e-01	2.184901e-01	-6.172680e-01	4.178791e-01	-7.037022e-03	-3.213066e-04	-1.418469e-02	-7.413650e-03	-6.771037e-03
404           	4.481346e-01	2.170815e-01	2.310531e-01	-4.038174e-01	2.113931e-01	-6.152105e-01	4.133018e-01	-6.985767e-03	-5.177103e-04	-1.377625e-02	-7.405835e-03	-6.370414e-03
405           	4.477887e-01	2.170752e-01	2.307136e-01	-4.020969e-01	2.074761e-01	-6.095729e-01	4.085245e-01	-6.819199e-03	-7.168845e-04	-1.342269e-02	-7.428231e-03	-5.994462e-03
406           	4.473460e-01	2.169987e-01	2.303472e-01	-3.963947e-01	2.088695e-01	-6.052642e-01	4.070669e-01	-6.674262e-03	-7.174774e-04	-1.282994e-02	-7.132448e-03	-5.697493e-03
407           	4.462180e-01	2.166752e-01	2.295428e-01	-3.810368e-01	2.158272e-01	-5.968640e-01	4.063456e-01	-6.433770e-03	-5.053227e-04	-1.221102e-02	-6.610833e-03	-5.600188e-03
408           	4.445794e-01	2.160207e-01	2.285587e-01	-3.695542e-01	2.232046e-01	-5.927588e-01	4.079817e-01	-6.268997e-03	-3.030309e-04	-1.174093e-02	-6.173497e-03	-5.567435e-03
409           	4.422148e-01	2.150722e-01	2.271426e-01	-3.544338e-01	2.333606e-01	-5.877945e-01	4.105775e-01	-6.035199e-03	-9.113514e-06	-1.129048e-02	-5.654355e-03	-5.636128e-03
410           	4.393875e-01	2.140420e-01	2.253455e-01	-3.411201e-01	2.441039e-01	-5.852241e-01	4.146640e-01	-5.651749e-03	1.842250e-04	-1.097926e-02	-5.305405e-03	-5.673855e-03
411           	4.367301e-01	2.132819e-01	2.234482e-01	-3.369416e-01	2.495285e-01	-5.864701e-01	4.179993e-01	-5.083153e-03	1.047604e-04	-1.133976e-02	-5.565121e-03	-5.774642e-03
412           	4.343357e-01	2.127980e-01	2.215377e-01	-3.358657e-01	2.530934e-01	-5.889590e-01	4.210262e-01	-4.369836e-03	-3.239612e-05	-1.174337e-02	-5.904083e-03	-5.839291e-03
413           	4.329158e-01	2.128150e-01	2.201008e-01	-3.383533e-01	2.543502e-01	-5.927035e-01	4.235269e-01	-3.642878e-03	-5.407706e-05	-1.213528e-02	-6.121719e-03	-6.013565e-03
414           	4.327035e-01	2.133653e-01	2.193382e-01	-3.446233e-01	2.531512e-01	-5.977745e-01	4.254628e-01	-2.986475e-03	8.126992e-05	-1.229827e-02	-6.067863e-03	-6.230403e-03
415           	4.340642e-01	2.145118e-01	2.195524e-01	-3.535608e-01	2.496117e-01	-6.031725e-01	4.263921e-01	-2.520282e-03	4.179601e-04	-1.220205e-02	-5.683067e-03	-6.518987e-03
416           	4.366892e-01	2.161706e-01	2.205187e-01	-3.640562e-01	2.448752e-01	-6.089315e-01	4.269034e-01	-2.174048e-03	9.390949e-04	-1.178273e-02	-4.952270e-03	-6.830460e-03
417           	4.403736e-01	2.183014e-01	2.220722e-01	-3.762840e-01	2.388357e-01	-6.151197e-01	4.269777e-01	-1.885424e-03	1.546632e-03	-1.124819e-02	-4.077462e-03	-7.170727e-03
418           	4.442019e-01	2.204381e-01	2.237638e-01	-3.945857e-01	2.280562e-01	-6.226419e-01	4.253490e-01	-1.662835e-03	2.102940e-03	-1.060050e-02	-3.197312e-03	-7.403191e-03
419           	4.475396e-01	2.222301e-01	2.253095e-01	-4.163935e-01	2.141457e-01	-6.305393e-01	4.223425e-01	-1.539720e-03	2.446097e-03	-9.899588e-03	-2.503697e-03	-7.395891e-03
420           	4.498698e-01	2.233577e-01	2.265121e-01	-4.350578e-01	2.014906e-01	-6.365484e-01	4.190195e-01	-1.577204e-03	2.587503e-03	-9.085403e-03	-1.955199e-03	-7.130204e-03
421           	4.512089e-01	2.239834e-01	2.272255e-01	-4.481067e-01	1.911378e-01	-6.392445e-01	4.151911e-01	-1.621011e-03	2.611382e-03	-8.339829e-03	-1.558533e-03	-6.781296e-03
422           	4.512613e-01	2.239813e-01	2.272800e-01	-4.516160e-01	1.863452e-01	-6.379612e-01	4.121532e-01	-1.649386e-03	2.654401e-03	-7.727502e-03	-1.209350e-03	-6.518152e-03
423           	4.502111e-01	2.235973e-01	2.266138e-01	-4.442569e-01	1.878622e-01	-6.321190e-01	4.099906e-01	-1.508264e-03	2.779293e-03	-7.408081e-03	-9.247474e-04	-6.483333e-03
424           	4.483136e-01	2.230139e-01	2.252997e-01	-4.290788e-01	1.940126e-01	-6.230915e-01	4.085520e-01	-1.142865e-03	2.904375e-03	-7.545581e-03	-8.684152e-04	-6.677166e-03
425           	4.459032e-01	2.224024e-01	2.235008e-01	-4.095972e-01	2.028368e-01	-6.124340e-01	4.076354e-01	-5.491747e-04	2.924424e-03	-8.312800e-03	-1.231976e-03	-7.080824e-03
426           	4.433159e-01	2.218747e-01	2.214413e-01	-3.904066e-01	2.125344e-01	-6.029410e-01	4.077377e-01	2.167060e-04	2.694472e-03	-9.860969e-03	-2.236013e-03	-7.624956e-03
427           	4.411433e-01	2.215144e-01	2.196289e-01	-3.751126e-01	2.219827e-01	-5.970953e-01	4.095390e-01	9.427896e-04	2.303780e-03	-1.188543e-02	-3.638936e-03	-8.246496e-03
428           	4.395381e-01	2.214652e-01	2.180729e-01	-3.656721e-01	2.305216e-01	-5.961937e-01	4.133576e-01	1.696127e-03	1.859303e-03	-1.410440e-02	-5.192895e-03	-8.911502e-03
429           	4.387061e-01	2.216232e-01	2.170830e-01	-3.606237e-01	2.376306e-01	-5.982543e-01	4.179425e-01	2.270101e-03	1.559052e-03	-1.609721e-02	-6.489554e-03	-9.607658e-03
430           	4.383709e-01	2.217247e-01	2.166462e-01	-3.586250e-01	2.430485e-01	-6.016734e-01	4.223609e-01	2.539283e-03	1.477954e-03	-1.761168e-02	-7.327885e-03	-1.028379e-02
431           	4.386074e-01	2.216919e-01	2.169154e-01	-3.580728e-01	2.463927e-01	-6.044655e-01	4.254291e-01	2.388247e-03	1.647301e-03	-1.855138e-02	-7.628388e-03	-1.092299e-02
432           	4.392641e-01	2.213864e-01	2.178777e-01	-3.577769e-01	2.477402e-01	-6.055171e-01	4.266287e-01	1.754360e-03	1.926192e-03	-1.878863e-02	-7.468123e-03	-1.132051e-02
433           	4.405341e-01	2.210501e-01	2.194840e-01	-3.570215e-01	2.473593e-01	-6.043808e-01	4.258701e-01	7.830339e-04	2.321760e-03	-1.837812e-02	-6.867298e-03	-1.151082e-02
434           	4.423049e-01	2.208813e-01	2.214235e-01	-3.561447e-01	2.457342e-01	-6.018790e-01	4.238066e-01	-2.710900e-04	2.769312e-03	-1.763655e-02	-6.048964e-03	-1.158759e-02
435           	4.446833e-01	2.210825e-01	2.236008e-01	-3.589713e-01	2.413563e-01	-6.003277e-01	4.208420e-01	-1.259141e-03	3.312901e-03	-1.694040e-02	-5.157300e-03	-1.178310e-02
436           	4.472837e-01	2.215505e-01	2.257332e-01	-3.677755e-01	2.338442e-01	-6.016197e-01	4.177319e-01	-2.091351e-03	3.759850e-03	-1.641850e-02	-4.449398e-03	-1.196910e-02
437           	4.497959e-01	2.224811e-01	2.273149e-01	-3.820427e-01	2.239655e-01	-6.060083e-01	4.149869e-01	-2.416894e-03	3.981101e-03	-1.577138e-02	-3.904589e-03	-1.186679e-02
438           	4.516348e-01	2.234133e-01	2.282214e-01	-3.976611e-01	2.146145e-01	-6.122757e-01	4.134451e-01	-2.404068e-03	3.803698e-03	-1.485814e-02	-3.625374e-03	-1.123277e-02
439           	4.526654e-01	2.240580e-01	2.286074e-01	-4.121081e-01	2.061212e-01	-6.182294e-01	4.121753e-01	-2.274717e-03	3.533510e-03	-1.340051e-02	-3.166747e-03	-1.023377e-02
440           	4.523696e-01	2.240801e-01	2.282894e-01	-4.191201e-01	2.023751e-01	-6.214952e-01	4.119351e-01	-2.104628e-03	3.180544e-03	-1.174310e-02	-2.691005e-03	-9.052093e-03
441           	4.510361e-01	2.236117e-01	2.274244e-01	-4.174960e-01	2.035747e-01	-6.210707e-01	4.123227e-01	-1.906369e-03	2.993003e-03	-9.961380e-03	-1.987687e-03	-7.973693e-03
442           	4.484897e-01	2.225519e-01	2.259379e-01	-4.056944e-01	2.099537e-01	-6.156481e-01	4.128009e-01	-1.693008e-03	3.030310e-03	-8.261735e-03	-1.100558e-03	-7.161177e-03
443           	4.454822e-01	2.209527e-01	2.245295e-01	-3.929566e-01	2.164531e-01	-6.094097e-01	4.129314e-01	-1.788400e-03	3.372085e-03	-6.434856e-03	1.546569e-04	-6.589513e-03
444           	4.422062e-01	2.191681e-01	2.230381e-01	-3.760174e-01	2.256432e-01	-6.016605e-01	4.136519e-01	-1.934958e-03	3.870414e-03	-4.964048e-03	1.388389e-03	-6.352438e-03
445           	4.394854e-01	2.175768e-01	2.219086e-01	-3.630425e-01	2.322767e-01	-5.953192e-01	4.137979e-01	-2.165916e-03	4.634147e-03	-3.654657e-03	2.806819e-03	-6.461476e-03
446           	4.379536e-01	2.165733e-01	2.213804e-01	-3.535091e-01	2.396768e-01	-5.931859e-01	4.164314e-01	-2.403530e-03	5.210335e-03	-3.066886e-03	3.676892e-03	-6.743778e-03
447           	4.375611e-01	2.161801e-01	2.213810e-01	-3.476414e-01	2.446879e-01	-5.923293e-01	4.185086e-01	-2.600443e-03	5.861601e-03	-2.780713e-03	4.471244e-03	-7.251957e-03
448           	4.386679e-01	2.164181e-01	2.222498e-01	-3.477800e-01	2.487881e-01	-5.965681e-01	4.226781e-01	-2.915865e-03	6.191426e-03	-3.090781e-03	4.646035e-03	-7.736816e-03
449           	4.403052e-01	2.169841e-01	2.233211e-01	-3.493618e-01	2.499072e-01	-5.992690e-01	4.245881e-01	-3.168520e-03	6.568408e-03	-3.563078e-03	4.786869e-03	-8.349947e-03
450           	4.427909e-01	2.178180e-01	2.249729e-01	-3.542238e-01	2.493544e-01	-6.035782e-01	4.264663e-01	-3.577423e-03	6.624267e-03	-4.113535e-03	4.567499e-03	-8.681034e-03
451           	4.455977e-01	2.188557e-01	2.267420e-01	-3.600395e-01	2.464406e-01	-6.064802e-01	4.264604e-01	-3.943119e-03	6.429647e-03	-4.671323e-03	4.093985e-03	-8.765308e-03
452           	4.477720e-01	2.198686e-01	2.279034e-01	-3.665004e-01	2.403891e-01	-6.068894e-01	4.236393e-01	-4.017374e-03	6.036562e-03	-5.432750e-03	3.320186e-03	-8.752937e-03
453           	4.494412e-01	2.208341e-01	2.286071e-01	-3.770417e-01	2.296725e-01	-6.067143e-01	4.181934e-01	-3.886485e-03	5.503107e-03	-6.473317e-03	2.266449e-03	-8.739766e-03
454           	4.503596e-01	2.215447e-01	2.288149e-01	-3.883254e-01	2.175829e-01	-6.059083e-01	4.117456e-01	-3.635095e-03	4.797697e-03	-7.541939e-03	1.026728e-03	-8.568666e-03
455           	4.506617e-01	2.221220e-01	2.285398e-01	-3.965530e-01	2.073097e-01	-6.038627e-01	4.055862e-01	-3.208903e-03	4.040750e-03	-8.566783e-03	-2.426415e-04	-8.324142e-03
456           	4.506036e-01	2.223902e-01	2.282134e-01	-4.000034e-01	2.017293e-01	-6.017328e-01	4.017310e-01	-2.911632e-03	3.271586e-03	-9.297928e-03	-1.377378e-03	-7.920550e-03
457           	4.498354e-01	2.223578e-01	2.274776e-01	-3.969424e-01	2.000621e-01	-5.970044e-01	3.985332e-01	-2.559911e-03	2.552859e-03	-1.043091e-02	-2.662598e-03	-7.768316e-03
458           	4.488384e-01	2.219094e-01	2.269290e-01	-3.887245e-01	2.041309e-01	-5.928554e-01	3.984932e-01	-2.509812e-03	2.038408e-03	-1.098326e-02	-3.453222e-03	-7.530037e-03
459           	4.469708e-01	2.210130e-01	2.259578e-01	-3.705717e-01	2.134248e-01	-5.839965e-01	3.987106e-01	-2.472375e-03	1.661692e-03	-1.184798e-02	-4.262296e-03	-7.585680e-03
460           	4.446657e-01	2.196430e-01	2.250227e-01	-3.542079e-01	2.222302e-01	-5.764382e-01	3.993342e-01	-2.689831e-03	1.426496e-03	-1.223127e-02	-4.689139e-03	-7.542130e-03
461           	4.416474e-01	2.179001e-01	2.237473e-01	-3.344318e-01	2.326779e-01	-5.671098e-01	3.998938e-01	-2.923647e-03	1.138443e-03	-1.299419e-02	-5.358652e-03	-7.635538e-03
462           	4.388423e-01	2.163400e-01	2.225023e-01	-3.207598e-01	2.402554e-01	-5.610152e-01	4.006353e-01	-3.081165e-03	7.227858e-04	-1.391666e-02	-6.235545e-03	-7.681117e-03
463           	4.365405e-01	2.151096e-01	2.214309e-01	-3.106509e-01	2.465286e-01	-5.571796e-01	4.018541e-01	-3.160628e-03	1.921216e-04	-1.520230e-02	-7.409029e-03	-7.793272e-03
464           	4.348752e-01	2.143223e-01	2.205528e-01	-3.047157e-01	2.512648e-01	-5.559806e-01	4.036227e-01	-3.115242e-03	-4.636880e-04	-1.685960e-02	-8.893488e-03	-7.966112e-03
465           	4.341316e-01	2.140350e-01	2.200966e-01	-3.037602e-01	2.536771e-01	-5.574373e-01	4.055572e-01	-3.030774e-03	-8.991957e-04	-1.840673e-02	-1.010256e-02	-8.304168e-03
466           	4.344814e-01	2.143307e-01	2.201507e-01	-3.080422e-01	2.540168e-01	-5.620590e-01	4.080379e-01	-2.909995e-03	-1.214629e-03	-1.970440e-02	-1.106683e-02	-8.637570e-03
467           	4.357573e-01	2.149595e-01	2.207978e-01	-3.154977e-01	2.524194e-01	-5.679171e-01	4.101682e-01	-2.919191e-03	-1.290056e-03	-2.063091e-02	-1.160551e-02	-9.025398e-03
468           	4.379797e-01	2.160940e-01	2.218857e-01	-3.245677e-01	2.498686e-01	-5.744363e-01	4.121524e-01	-2.895881e-03	-1.219056e-03	-2.122726e-02	-1.183269e-02	-9.394576e-03
469           	4.405202e-01	2.171587e-01	2.233615e-01	-3.379710e-01	2.445526e-01	-5.825236e-01	4.135381e-01	-3.101395e-03	-1.170942e-03	-2.188713e-02	-1.211451e-02	-9.772625e-03
470           	4.431115e-01	2.182952e-01	2.248163e-01	-3.572392e-01	2.341510e-01	-5.913902e-01	4.127706e-01	-3.260574e-03	-1.124052e-03	-2.213893e-02	-1.219351e-02	-9.945411e-03
471           	4.452977e-01	2.191414e-01	2.261563e-01	-3.801907e-01	2.200163e-01	-6.002070e-01	4.101116e-01	-3.507468e-03	-1.172346e-03	-2.195789e-02	-1.215129e-02	-9.806599e-03
472           	4.468337e-01	2.195692e-01	2.272646e-01	-4.002601e-01	2.069215e-01	-6.071817e-01	4.070516e-01	-3.847689e-03	-1.402746e-03	-2.148823e-02	-1.214686e-02	-9.341368e-03
473           	4.476109e-01	2.194048e-01	2.282061e-01	-4.119553e-01	1.982437e-01	-6.101990e-01	4.042213e-01	-4.400619e-03	-1.644925e-03	-2.069175e-02	-1.199080e-02	-8.700947e-03
474           	4.470527e-01	2.184726e-01	2.285801e-01	-4.152097e-01	1.930735e-01	-6.082831e-01	4.006783e-01	-5.053771e-03	-1.704928e-03	-1.925018e-02	-1.133002e-02	-7.920160e-03
475           	4.458182e-01	2.172805e-01	2.285378e-01	-4.090486e-01	1.947351e-01	-6.037837e-01	3.992594e-01	-5.628639e-03	-1.653058e-03	-1.774766e-02	-1.052689e-02	-7.220771e-03
476           	4.437215e-01	2.158980e-01	2.278235e-01	-3.935948e-01	2.019718e-01	-5.955666e-01	3.987692e-01	-5.962732e-03	-1.140420e-03	-1.531808e-02	-8.799461e-03	-6.518622e-03
477           	4.410652e-01	2.145723e-01	2.264929e-01	-3.803961e-01	2.090871e-01	-5.894831e-01	3.992851e-01	-5.960319e-03	-5.900766e-04	-1.329781e-02	-7.238983e-03	-6.058830e-03
478           	4.382169e-01	2.134209e-01	2.247961e-01	-3.651923e-01	2.192358e-01	-5.844282e-01	4.018320e-01	-5.687611e-03	2.865455e-04	-1.086778e-02	-5.147344e-03	-5.720435e-03
479           	4.356150e-01	2.124728e-01	2.231422e-01	-3.569934e-01	2.264538e-01	-5.834471e-01	4.049505e-01	-5.334705e-03	1.031565e-03	-9.386682e-03	-3.661776e-03	-5.724906e-03
480           	4.338757e-01	2.120150e-01	2.218607e-01	-3.528363e-01	2.343883e-01	-5.872246e-01	4.108064e-01	-4.922877e-03	1.740991e-03	-8.180077e-03	-2.349047e-03	-5.831030e-03
481           	4.331401e-01	2.119470e-01	2.211930e-01	-3.520822e-01	2.404339e-01	-5.925161e-01	4.164750e-01	-4.622999e-03	2.225782e-03	-7.794244e-03	-1.671340e-03	-6.122904e-03
482           	4.334668e-01	2.123096e-01	2.211572e-01	-3.535433e-01	2.453619e-01	-5.989052e-01	4.221335e-01	-4.423823e-03	2.469961e-03	-7.975977e-03	-1.518028e-03	-6.457949e-03
483           	4.346164e-01	2.128963e-01	2.217201e-01	-3.562012e-01	2.482625e-01	-6.044637e-01	4.263631e-01	-4.411937e-03	2.669717e-03	-8.511679e-03	-1.586122e-03	-6.925556e-03
484           	4.360415e-01	2.135346e-01	2.225069e-01	-3.584361e-01	2.491171e-01	-6.075532e-01	4.283352e-01	-4.486163e-03	2.785620e-03	-9.139141e-03	-1.783950e-03	-7.355191e-03
485           	4.379716e-01	2.142753e-01	2.236963e-01	-3.607202e-01	2.476472e-01	-6.083674e-01	4.280073e-01	-4.710477e-03	3.058127e-03	-9.338473e-03	-1.611110e-03	-7.727363e-03
486           	4.397450e-01	2.152106e-01	2.245344e-01	-3.626273e-01	2.444428e-01	-6.070701e-01	4.257564e-01	-4.661911e-03	3.392023e-03	-9.712518e-03	-1.464236e-03	-8.248282e-03
487           	4.417953e-01	2.161392e-01	2.256562e-01	-3.689575e-01	2.369340e-01	-6.058915e-01	4.214127e-01	-4.758492e-03	3.950253e-03	-9.778072e-03	-9.387832e-04	-8.839289e-03
488           	4.439742e-01	2.173841e-01	2.265901e-01	-3.810819e-01	2.267622e-01	-6.078441e-01	4.173031e-01	-4.602986e-03	4.214203e-03	-1.003157e-02	-8.015806e-04	-9.229986e-03
489           	4.459679e-01	2.186273e-01	2.273406e-01	-3.987122e-01	2.131652e-01	-6.118775e-01	4.125213e-01	-4.356651e-03	4.415611e-03	-9.576369e-03	-3.725734e-04	-9.203796e-03
490           	4.475878e-01	2.197607e-01	2.278271e-01	-4.131129e-01	2.038822e-01	-6.169952e-01	4.104387e-01	-4.033236e-03	4.095526e-03	-9.525092e-03	-6.670204e-04	-8.858072e-03
491           	4.482257e-01	2.203814e-01	2.278443e-01	-4.230926e-01	1.971984e-01	-6.202910e-01	4.087447e-01	-3.731467e-03	3.759858e-03	-9.289952e-03	-8.851176e-04	-8.404834e-03
492           	4.477168e-01	2.204333e-01	2.272835e-01	-4.244119e-01	1.966587e-01	-6.210706e-01	4.088646e-01	-3.425084e-03	3.336421e-03	-9.390229e-03	-1.358694e-03	-8.031535e-03
493           	4.459812e-01	2.198752e-01	2.261060e-01	-4.173160e-01	2.008195e-01	-6.181355e-01	4.094775e-01	-3.115401e-03	2.993027e-03	-9.700942e-03	-1.857443e-03	-7.843498e-03
494           	4.432092e-01	2.188689e-01	2.243403e-01	-4.046415e-01	2.083615e-01	-6.130030e-01	4.106822e-01	-2.735730e-03	2.701339e-03	-1.011777e-02	-2.357544e-03	-7.760223e-03
495           	4.397856e-01	2.176687e-01	2.221169e-01	-3.890042e-01	2.175862e-01	-6.065904e-01	4.120883e-01	-2.224119e-03	2.487777e-03	-1.063306e-02	-2.828752e-03	-7.804306e-03
496           	4.362242e-01	2.165556e-01	2.196686e-01	-3.746605e-01	2.270195e-01	-6.016799e-01	4.143497e-01	-1.556505e-03	2.215085e-03	-1.140193e-02	-3.485881e-03	-7.916052e-03
497           	4.336502e-01	2.161251e-01	2.175251e-01	-3.657605e-01	2.338779e-01	-5.996384e-01	4.167582e-01	-7.000269e-04	1.881298e-03	-1.251455e-02	-4.375978e-03	-8.138575e-03
498           	4.321256e-01	2.162975e-01	2.158281e-01	-3.610551e-01	2.395130e-01	-6.005681e-01	4.200406e-01	2.347240e-04	1.488048e-03	-1.383124e-02	-5.427572e-03	-8.403668e-03
499           	4.317562e-01	2.169859e-01	2.147703e-01	-3.602379e-01	2.429968e-01	-6.032347e-01	4.231158e-01	1.107805e-03	1.225194e-03	-1.521350e-02	-6.381554e-03	-8.831942e-03
500           	4.325860e-01	2.180157e-01	2.145703e-01	-3.637345e-01	2.443591e-01	-6.080936e-01	4.262263e-01	1.722670e-03	9.953517e-04	-1.648696e-02	-7.248128e-03	-9.238831e-03
501           	4.344341e-01	2.193210e-01	2.151131e-01	-3.693833e-01	2.434362e-01	-6.128196e-01	4.281279e-01	2.103927e-03	9.853375e-04	-1.740179e-02	-7.715555e-03	-9.686230e-03
502           	4.372311e-01	2.208466e-01	2.163844e-01	-3.768693e-01	2.412312e-01	-6.181005e-01	4.296658e-01	2.231120e-03	8.985565e-04	-1.830329e-02	-8.253086e-03	-1.005020e-02
503           	4.403031e-01	2.224847e-01	2.178184e-01	-3.849901e-01	2.366276e-01	-6.216177e-01	4.291227e-01	2.333173e-03	9.282852e-04	-1.877178e-02	-8.457605e-03	-1.031418e-02
504           	4.430148e-01	2.238740e-01	2.191407e-01	-3.968331e-01	2.276670e-01	-6.245001e-01	4.260835e-01	2.366636e-03	1.001052e-03	-1.894291e-02	-8.470406e-03	-1.047251e-02
505           	4.454540e-01	2.248622e-01	2.205917e-01	-4.103061e-01	2.178098e-01	-6.281159e-01	4.229628e-01	2.135242e-03	1.270349e-03	-1.857379e-02	-8.016547e-03	-1.055724e-02
506           	4.469375e-01	2.252918e-01	2.216457e-01	-4.240985e-01	2.068374e-01	-6.309358e-01	4.188866e-01	1.823019e-03	1.565669e-03	-1.820920e-02	-7.538933e-03	-1.067027e-02
507           	4.480832e-01	2.254638e-01	2.226194e-01	-4.316546e-01	2.015501e-01	-6.332047e-01	4.173774e-01	1.422213e-03	1.816296e-03	-1.761538e-02	-6.991394e-03	-1.062399e-02
508           	4.483508e-01	2.252159e-01	2.231350e-01	-4.321921e-01	2.002896e-01	-6.324817e-01	4.163856e-01	1.040456e-03	2.275933e-03	-1.676899e-02	-6.108561e-03	-1.066043e-02
509           	4.480538e-01	2.245982e-01	2.234556e-01	-4.268295e-01	2.037910e-01	-6.306205e-01	4.172057e-01	5.712681e-04	2.661088e-03	-1.574340e-02	-5.210613e-03	-1.053279e-02
510           	4.470191e-01	2.237355e-01	2.232836e-01	-4.105612e-01	2.130159e-01	-6.235771e-01	4.182965e-01	2.259773e-04	3.237521e-03	-1.443038e-02	-3.977667e-03	-1.045271e-02
511           	4.451780e-01	2.224194e-01	2.227587e-01	-3.969848e-01	2.209756e-01	-6.179603e-01	4.194679e-01	-1.696484e-04	3.663182e-03	-1.303877e-02	-2.856203e-03	-1.018257e-02
512           	4.428227e-01	2.209990e-01	2.218237e-01	-3.781494e-01	2.320733e-01	-6.102227e-01	4.211480e-01	-4.123332e-04	4.315562e-03	-1.129267e-02	-1.330775e-03	-9.961900e-03
513           	4.400766e-01	2.192970e-01	2.207795e-01	-3.653625e-01	2.393851e-01	-6.047476e-01	4.220664e-01	-7.412431e-04	5.103545e-03	-9.295242e-03	4.559237e-04	-9.751165e-03
514           	4.374117e-01	2.175938e-01	2.198178e-01	-3.549161e-01	2.452776e-01	-6.001937e-01	4.227356e-01	-1.112001e-03	5.965429e-03	-7.258737e-03	2.336060e-03	-9.594797e-03
515           	4.351946e-01	2.160874e-01	2.191072e-01	-3.463576e-01	2.498404e-01	-5.961980e-01	4.230192e-01	-1.509937e-03	6.712767e-03	-5.702195e-03	3.861670e-03	-9.563865e-03
516           	4.337756e-01	2.149400e-01	2.188356e-01	-3.403366e-01	2.533143e-01	-5.936509e-01	4.234826e-01	-1.947802e-03	7.166716e-03	-4.847310e-03	4.743061e-03	-9.590371e-03
517           	4.334156e-01	2.143847e-01	2.190310e-01	-3.373162e-01	2.550056e-01	-5.923218e-01	4.236637e-01	-2.323153e-03	7.363122e-03	-4.820334e-03	4.952955e-03	-9.773289e-03
518           	4.343398e-01	2.145426e-01	2.197973e-01	-3.378812e-01	2.553476e-01	-5.932287e-01	4.242882e-01	-2.627341e-03	7.311734e-03	-5.502128e-03	4.560670e-03	-1.006280e-02
519           	4.363036e-01	2.154601e-01	2.208435e-01	-3.404461e-01	2.543383e-01	-5.947844e-01	4.245613e-01	-2.691671e-03	7.147136e-03	-6.689785e-03	3.802243e-03	-1.049203e-02
520           	4.392496e-01	2.169241e-01	2.223255e-01	-3.456779e-01	2.522281e-01	-5.979060e-01	4.250670e-01	-2.700659e-03	6.834985e-03	-8.204114e-03	2.732928e-03	-1.093704e-02
521           	4.424733e-01	2.186735e-01	2.237999e-01	-3.571710e-01	2.450594e-01	-6.022304e-01	4.236449e-01	-2.563215e-03	6.413361e-03	-9.825549e-03	1.500587e-03	-1.132614e-02
522           	4.453033e-01	2.205039e-01	2.247995e-01	-3.772386e-01	2.322049e-01	-6.094435e-01	4.208242e-01	-2.147796e-03	5.916390e-03	-1.107742e-02	3.776800e-04	-1.145510e-02
523           	4.475647e-01	2.220364e-01	2.255283e-01	-3.991876e-01	2.176924e-01	-6.168800e-01	4.172862e-01	-1.745971e-03	5.324102e-03	-1.187231e-02	-6.120515e-04	-1.126026e-02
524           	4.490309e-01	2.230264e-01	2.260045e-01	-4.163509e-01	2.060263e-01	-6.223771e-01	4.142017e-01	-1.489019e-03	4.696824e-03	-1.223127e-02	-1.418810e-03	-1.081246e-02
525           	4.494901e-01	2.233019e-01	2.261882e-01	-4.250818e-01	1.989985e-01	-6.240803e-01	4.115394e-01	-1.443182e-03	4.135257e-03	-1.236753e-02	-2.048507e-03	-1.031902e-02
526           	4.488319e-01	2.228536e-01	2.259783e-01	-4.241852e-01	1.976346e-01	-6.218198e-01	4.097272e-01	-1.562379e-03	3.641496e-03	-1.233512e-02	-2.526066e-03	-9.809058e-03
527           	4.471164e-01	2.219319e-01	2.251845e-01	-4.131386e-01	2.006560e-01	-6.137946e-01	4.072253e-01	-1.626273e-03	3.232103e-03	-1.240546e-02	-2.970626e-03	-9.434831e-03
528           	4.444429e-01	2.204575e-01	2.239854e-01	-3.966471e-01	2.061819e-01	-6.028290e-01	4.045054e-01	-1.763929e-03	2.884504e-03	-1.215244e-02	-3.191717e-03	-8.960725e-03
529           	4.415501e-01	2.189773e-01	2.225727e-01	-3.746951e-01	2.143699e-01	-5.890650e-01	4.017174e-01	-1.797687e-03	2.584760e-03	-1.204356e-02	-3.437018e-03	-8.606539e-03
530           	4.390878e-01	2.176600e-01	2.214278e-01	-3.579082e-01	2.211966e-01	-5.791047e-01	4.001506e-01	-1.883913e-03	2.296471e-03	-1.202119e-02	-3.714122e-03	-8.307064e-03
531           	4.377271e-01	2.168971e-01	2.208300e-01	-3.447082e-01	2.288171e-01	-5.735253e-01	4.011712e-01	-1.966472e-03	1.861189e-03	-1.241841e-02	-4.348014e-03	-8.070393e-03
532           	4.374314e-01	2.167123e-01	2.207191e-01	-3.373027e-01	2.357013e-01	-5.730040e-01	4.043526e-01	-2.003404e-03	1.289005e-03	-1.325632e-02	-5.339152e-03	-7.917163e-03
533           	4.380723e-01	2.169990e-01	2.210734e-01	-3.336374e-01	2.418743e-01	-5.755117e-01	4.086930e-01	-2.037189e-03	6.680738e-04	-1.447444e-02	-6.569146e-03	-7.905294e-03
534           	4.390978e-01	2.174442e-01	2.216536e-01	-3.321096e-01	2.468230e-01	-5.789326e-01	4.128778e-01	-2.104666e-03	6.548970e-05	-1.588542e-02	-7.877223e-03	-8.008202e-03
535           	4.408017e-01	2.180306e-01	2.227711e-01	-3.330995e-01	2.507055e-01	-5.838049e-01	4.172552e-01	-2.370264e-03	-6.061613e-04	-1.715575e-02	-9.184036e-03	-7.971713e-03
536           	4.422719e-01	2.185649e-01	2.237070e-01	-3.337031e-01	2.517958e-01	-5.854988e-01	4.186473e-01	-2.571054e-03	-1.109496e-03	-1.838655e-02	-1.030277e-02	-8.083781e-03
537           	4.439383e-01	2.188985e-01	2.250398e-01	-3.329507e-01	2.524005e-01	-5.853513e-01	4.188759e-01	-3.070643e-03	-1.506538e-03	-1.927511e-02	-1.114409e-02	-8.131016e-03
538           	4.455813e-01	2.194032e-01	2.261781e-01	-3.351554e-01	2.493030e-01	-5.844583e-01	4.168807e-01	-3.387419e-03	-1.696087e-03	-2.022194e-02	-1.180706e-02	-8.414883e-03
539           	4.474093e-01	2.199338e-01	2.274755e-01	-3.431944e-01	2.419916e-01	-5.851860e-01	4.135888e-01	-3.770880e-03	-1.665787e-03	-2.103683e-02	-1.218420e-02	-8.852626e-03
540           	4.491276e-01	2.204444e-01	2.286832e-01	-3.557101e-01	2.320321e-01	-5.877422e-01	4.098872e-01	-4.119401e-03	-1.628159e-03	-2.141958e-02	-1.233795e-02	-9.081630e-03
541           	4.507298e-01	2.208917e-01	2.298381e-01	-3.680109e-01	2.234102e-01	-5.914211e-01	4.074156e-01	-4.473206e-03	-1.606579e-03	-2.131814e-02	-1.226565e-02	-9.052491e-03
542           	4.514119e-01	2.208014e-01	2.306104e-01	-3.784789e-01	2.153695e-01	-5.938485e-01	4.046090e-01	-4.904520e-03	-1.517972e-03	-2.061024e-02	-1.182309e-02	-8.787147e-03
543           	4.516018e-01	2.203202e-01	2.312815e-01	-3.819262e-01	2.136086e-01	-5.955348e-01	4.045717e-01	-5.480638e-03	-1.384127e-03	-1.950053e-02	-1.113439e-02	-8.366137e-03
544           	4.504371e-01	2.192054e-01	2.312317e-01	-3.770395e-01	2.159322e-01	-5.929718e-01	4.044520e-01	-6.013146e-03	-1.100982e-03	-1.804915e-02	-1.012556e-02	-7.923593e-03
545           	4.483863e-01	2.176143e-01	2.307720e-01	-3.686487e-01	2.208507e-01	-5.894994e-01	4.051750e-01	-6.578891e-03	-5.457296e-04	-1.620572e-02	-8.648588e-03	-7.557129e-03
546           	4.451186e-01	2.156005e-01	2.295180e-01	-3.540082e-01	2.295872e-01	-5.835954e-01	4.065913e-01	-6.958766e-03	9.282804e-05	-1.432672e-02	-7.070532e-03	-7.256188e-03
547           	4.415017e-01	2.136330e-01	2.278687e-01	-3.423036e-01	2.364836e-01	-5.787872e-01	4.076354e-01	-7.117849e-03	8.646849e-04	-1.237953e-02	-5.325082e-03	-7.054452e-03
548           	4.377848e-01	2.118179e-01	2.259669e-01	-3.328535e-01	2.425887e-01	-5.754422e-01	4.090154e-01	-7.074476e-03	1.525885e-03	-1.067209e-02	-3.810158e-03	-6.861928e-03
549           	4.348311e-01	2.107153e-01	2.241159e-01	-3.272057e-01	2.473969e-01	-5.746026e-01	4.109998e-01	-6.700318e-03	2.091616e-03	-9.413447e-03	-2.615107e-03	-6.798340e-03
550           	4.329959e-01	2.103097e-01	2.226862e-01	-3.263808e-01	2.503216e-01	-5.767024e-01	4.135120e-01	-6.188245e-03	2.437579e-03	-8.614578e-03	-1.869710e-03	-6.744868e-03
551           	4.326286e-01	2.108410e-01	2.217876e-01	-3.313448e-01	2.505077e-01	-5.818525e-01	4.161801e-01	-5.473292e-03	2.778165e-03	-8.130937e-03	-1.287304e-03	-6.843634e-03
552           	4.335594e-01	2.120576e-01	2.215017e-01	-3.415565e-01	2.480912e-01	-5.896477e-01	4.188694e-01	-4.722046e-03	3.040448e-03	-7.810606e-03	-8.648549e-04	-6.945751e-03
553           	4.354604e-01	2.137720e-01	2.216884e-01	-3.531790e-01	2.442787e-01	-5.974577e-01	4.208682e-01	-3.958177e-03	3.277367e-03	-7.717470e-03	-5.813684e-04	-7.136102e-03
554           	4.382225e-01	2.158435e-01	2.223790e-01	-3.711753e-01	2.371310e-01	-6.083064e-01	4.227187e-01	-3.267727e-03	3.501325e-03	-7.117691e-03	-5.752030e-05	-7.060171e-03
555           	4.409103e-01	2.179152e-01	2.229951e-01	-3.887635e-01	2.279949e-01	-6.167585e-01	4.223767e-01	-2.539940e-03	3.635436e-03	-6.838337e-03	2.162675e-04	-7.054605e-03
556           	4.432209e-01	2.193362e-01	2.238847e-01	-4.068541e-01	2.168576e-01	-6.237117e-01	4.202846e-01	-2.274277e-03	3.733154e-03	-6.996107e-03	2.351001e-04	-7.231207e-03
557           	4.451424e-01	2.202725e-01	2.248700e-01	-4.224118e-01	2.065032e-01	-6.289150e-01	4.177091e-01	-2.298757e-03	3.848073e-03	-7.462175e-03	1.169856e-04	-7.579161e-03
558           	4.464528e-01	2.207967e-01	2.256561e-01	-4.326270e-01	1.992764e-01	-6.319034e-01	4.155899e-01	-2.429695e-03	3.885324e-03	-8.003873e-03	-1.166127e-04	-7.887261e-03
559           	4.471520e-01	2.210881e-01	2.260639e-01	-4.363163e-01	1.966163e-01	-6.329325e-01	4.147744e-01	-2.487915e-03	3.921113e-03	-8.407627e-03	-2.827008e-04	-8.124926e-03
560           	4.472137e-01	2.212796e-01	2.259341e-01	-4.326013e-01	1.984008e-01	-6.310022e-01	4.147015e-01	-2.327213e-03	4.013332e-03	-8.645222e-03	-3.092794e-04	-8.335943e-03
561           	4.465629e-01	2.213165e-01	2.252464e-01	-4.256061e-01	2.033309e-01	-6.289370e-01	4.161340e-01	-1.964988e-03	4.046463e-03	-8.610831e-03	-2.589526e-04	-8.351879e-03
562           	4.460901e-01	2.217622e-01	2.243279e-01	-4.117895e-01	2.133072e-01	-6.250967e-01	4.192019e-01	-1.282845e-03	4.310349e-03	-8.366965e-03	1.268662e-04	-8.493832e-03
563           	4.450894e-01	2.219738e-01	2.231156e-01	-4.000438e-01	2.225987e-01	-6.226425e-01	4.226206e-01	-5.708769e-04	4.623291e-03	-7.984439e-03	6.310711e-04	-8.615511e-03
564           	4.440337e-01	2.219905e-01	2.220432e-01	-3.892410e-01	2.317471e-01	-6.209880e-01	4.263676e-01	-2.635185e-05	4.931223e-03	-7.515540e-03	1.173453e-03	-8.688993e-03
565           	4.429707e-01	2.218681e-01	2.211026e-01	-3.797879e-01	2.395735e-01	-6.193614e-01	4.294674e-01	3.827409e-04	5.216627e-03	-7.053601e-03	1.689827e-03	-8.743427e-03
566           	4.419810e-01	2.214560e-01	2.205250e-01	-3.709934e-01	2.464527e-01	-6.174461e-01	4.319494e-01	4.654795e-04	5.243283e-03	-6.917313e-03	1.784627e-03	-8.701940e-03
567           	4.413299e-01	2.210954e-01	2.202345e-01	-3.633421e-01	2.518576e-01	-6.151997e-01	4.335287e-01	4.304791e-04	5.115315e-03	-7.294995e-03	1.467817e-03	-8.762812e-03
568           	4.410620e-01	2.207493e-01	2.203127e-01	-3.570521e-01	2.555923e-01	-6.126444e-01	4.341184e-01	2.183346e-04	4.817096e-03	-8.089433e-03	7.723793e-04	-8.861812e-03
569           	4.414296e-01	2.206798e-01	2.207498e-01	-3.528346e-01	2.574371e-01	-6.102717e-01	4.338544e-01	-3.500684e-05	4.566977e-03	-9.171087e-03	-1.856609e-05	-9.152521e-03
570           	4.423957e-01	2.207872e-01	2.216085e-01	-3.504597e-01	2.575373e-01	-6.079970e-01	4.327672e-01	-4.106196e-04	4.310006e-03	-1.033668e-02	-8.583340e-04	-9.478346e-03
571           	4.440762e-01	2.215148e-01	2.225615e-01	-3.511365e-01	2.554268e-01	-6.065633e-01	4.309951e-01	-5.233629e-04	4.206873e-03	-1.154562e-02	-1.565937e-03	-9.979683e-03
572           	4.460533e-01	2.222843e-01	2.237691e-01	-3.547440e-01	2.509851e-01	-6.057291e-01	4.283571e-01	-7.424001e-04	4.150128e-03	-1.252399e-02	-2.111867e-03	-1.041212e-02
573           	4.481090e-01	2.232722e-01	2.248369e-01	-3.662184e-01	2.415511e-01	-6.077696e-01	4.246603e-01	-7.823687e-04	4.217608e-03	-1.334682e-02	-2.455802e-03	-1.089102e-02
574           	4.498515e-01	2.241598e-01	2.256917e-01	-3.843055e-01	2.277092e-01	-6.120147e-01	4.198619e-01	-7.659785e-04	4.142631e-03	-1.391334e-02	-2.814039e-03	-1.109930e-02
575           	4.509279e-01	2.248126e-01	2.261153e-01	-4.026920e-01	2.135243e-01	-6.162164e-01	4.148703e-01	-6.513331e-04	3.932585e-03	-1.425429e-02	-3.194558e-03	-1.105973e-02
576           	4.511744e-01	2.248322e-01	2.263422e-01	-4.160408e-01	2.029911e-01	-6.190319e-01	4.110115e-01	-7.549887e-04	3.554815e-03	-1.449901e-02	-3.694688e-03	-1.080432e-02
577           	4.506006e-01	2.244005e-01	2.262001e-01	-4.218380e-01	1.977624e-01	-6.196004e-01	4.086814e-01	-8.997944e-04	3.136288e-03	-1.465367e-02	-4.190545e-03	-1.046312e-02
578           	4.485962e-01	2.231768e-01	2.254194e-01	-4.184043e-01	1.970900e-01	-6.154943e-01	4.062921e-01	-1.121300e-03	2.751525e-03	-1.477666e-02	-4.636807e-03	-1.013986e-02
579           	4.461334e-01	2.217297e-01	2.244036e-01	-4.085318e-01	2.009441e-01	-6.094758e-01	4.052099e-01	-1.336958e-03	2.584155e-03	-1.435936e-02	-4.595524e-03	-9.763833e-03
580           	4.428025e-01	2.199228e-01	2.228797e-01	-3.905103e-01	2.095111e-01	-6.000214e-01	4.047663e-01	-1.478422e-03	2.571975e-03	-1.368962e-02	-4.272832e-03	-9.416783e-03
581           	4.399905e-01	2.184594e-01	2.215311e-01	-3.766771e-01	2.166194e-01	-5.932965e-01	4.049580e-01	-1.535818e-03	2.889473e-03	-1.240531e-02	-3.313182e-03	-9.092129e-03
582           	4.376280e-01	2.171931e-01	2.204349e-01	-3.637702e-01	2.257073e-01	-5.894775e-01	4.075924e-01	-1.620934e-03	3.234208e-03	-1.123685e-02	-2.384216e-03	-8.852631e-03
583           	4.363118e-01	2.165757e-01	2.197361e-01	-3.567313e-01	2.316994e-01	-5.884307e-01	4.100651e-01	-1.580216e-03	3.716057e-03	-1.005801e-02	-1.312950e-03	-8.745063e-03
584           	4.359263e-01	2.162712e-01	2.196551e-01	-3.526559e-01	2.385922e-01	-5.912481e-01	4.149202e-01	-1.691942e-03	3.888284e-03	-9.430890e-03	-8.271606e-04	-8.603730e-03
585           	4.359314e-01	2.161423e-01	2.197891e-01	-3.487747e-01	2.431060e-01	-5.918807e-01	4.174934e-01	-1.823408e-03	4.132913e-03	-9.062591e-03	-3.983829e-04	-8.664208e-03
586           	4.362679e-01	2.158333e-01	2.204346e-01	-3.453933e-01	2.479308e-01	-5.933241e-01	4.206275e-01	-2.300650e-03	4.019216e-03	-9.195658e-03	-5.786131e-04	-8.617045e-03
587           	4.368442e-01	2.156815e-01	2.211627e-01	-3.427128e-01	2.494575e-01	-5.921703e-01	4.208139e-01	-2.740641e-03	4.028588e-03	-9.526161e-03	-7.344926e-04	-8.791669e-03
588           	4.374308e-01	2.151008e-01	2.223300e-01	-3.377900e-01	2.507928e-01	-5.885827e-01	4.196878e-01	-3.614572e-03	3.835190e-03	-9.919233e-03	-1.124427e-03	-8.794806e-03
589           	4.387125e-01	2.152098e-01	2.235027e-01	-3.350112e-01	2.490469e-01	-5.840581e-01	4.165525e-01	-4.146468e-03	3.892510e-03	-1.042785e-02	-1.321414e-03	-9.106434e-03
590           	4.400292e-01	2.150892e-01	2.249401e-01	-3.324650e-01	2.445340e-01	-5.769990e-01	4.107665e-01	-4.925440e-03	3.959106e-03	-1.072597e-02	-1.403880e-03	-9.322092e-03
591           	4.421087e-01	2.157114e-01	2.263973e-01	-3.395798e-01	2.344334e-01	-5.740132e-01	4.042233e-01	-5.342963e-03	4.146094e-03	-1.096907e-02	-1.338441e-03	-9.630630e-03
592           	4.444135e-01	2.164158e-01	2.279978e-01	-3.505641e-01	2.233088e-01	-5.738729e-01	3.985908e-01	-5.790981e-03	4.236011e-03	-1.092164e-02	-1.224810e-03	-9.696831e-03
593           	4.464566e-01	2.172548e-01	2.292018e-01	-3.620609e-01	2.139683e-01	-5.760292e-01	3.949988e-01	-5.973505e-03	4.264793e-03	-1.070469e-02	-1.087554e-03	-9.617140e-03
594           	4.478567e-01	2.177324e-01	2.301243e-01	-3.713665e-01	2.089833e-01	-5.803498e-01	3.946665e-01	-6.195950e-03	4.162503e-03	-1.034902e-02	-1.012006e-03	-9.337013e-03
595           	4.482007e-01	2.179075e-01	2.302932e-01	-3.763065e-01	2.086348e-01	-5.849413e-01	3.967881e-01	-6.192864e-03	4.078443e-03	-9.975167e-03	-9.091406e-04	-9.066026e-03
596           	4.475935e-01	2.177282e-01	2.298653e-01	-3.761145e-01	2.126903e-01	-5.888048e-01	4.007476e-01	-6.068527e-03	4.133593e-03	-9.531413e-03	-6.321131e-04	-8.899300e-03
597           	4.456355e-01	2.169702e-01	2.286653e-01	-3.712196e-01	2.190512e-01	-5.902708e-01	4.046610e-01	-5.847529e-03	4.259473e-03	-8.988433e-03	-2.347436e-04	-8.753690e-03
598           	4.427379e-01	2.158458e-01	2.268922e-01	-3.618546e-01	2.274423e-01	-5.892969e-01	4.083696e-01	-5.523188e-03	4.502669e-03	-8.323708e-03	3.408146e-04	-8.664523e-03
599           	4.395742e-01	2.146697e-01	2.249045e-01	-3.522303e-01	2.349377e-01	-5.871680e-01	4.110529e-01	-5.117386e-03	4.752174e-03	-7.712677e-03	8.958352e-04	-8.608512e-03
600           	4.362878e-01	2.132530e-01	2.230348e-01	-3.438181e-01	2.405652e-01	-5.843833e-01	4.124743e-01	-4.890907e-03	4.916097e-03	-7.115772e-03	1.358211e-03	-8.473983e-03
601           	4.338509e-01	2.123021e-01	2.215488e-01	-3.366972e-01	2.441305e-01	-5.808278e-01	4.124792e-01	-4.623353e-03	4.944123e-03	-6.981822e-03	1.453212e-03	-8.435034e-03
602           	4.322940e-01	2.116501e-01	2.206439e-01	-3.338556e-01	2.460913e-01	-5.799469e-01	4.130191e-01	-4.496930e-03	4.830871e-03	-6.991581e-03	1.335081e-03	-8.326661e-03
603           	4.323050e-01	2.120541e-01	2.202509e-01	-3.347891e-01	2.459721e-01	-5.807612e-01	4.133667e-01	-4.098394e-03	4.706056e-03	-7.596913e-03	9.075994e-04	-8.504513e-03
604           	4.334864e-01	2.130348e-01	2.204516e-01	-3.411169e-01	2.442236e-01	-5.853404e-01	4.147820e-01	-3.708420e-03	4.561218e-03	-8.187759e-03	4.673385e-04	-8.655098e-03
605           	4.359371e-01	2.147882e-01	2.211489e-01	-3.507171e-01	2.414524e-01	-5.921695e-01	4.168110e-01	-3.180351e-03	4.344265e-03	-8.919410e-03	-1.154401e-04	-8.803970e-03
606           	4.386998e-01	2.167617e-01	2.219381e-01	-3.636489e-01	2.355315e-01	-5.991805e-01	4.173560e-01	-2.588161e-03	3.975870e-03	-9.582735e-03	-8.154971e-04	-8.767237e-03
607           	4.416431e-01	2.189117e-01	2.227314e-01	-3.782104e-01	2.267383e-01	-6.049487e-01	4.158435e-01	-1.909814e-03	3.515083e-03	-1.048229e-02	-1.726064e-03	-8.756230e-03
608           	4.441707e-01	2.204128e-01	2.237579e-01	-3.945635e-01	2.154505e-01	-6.100141e-01	4.127323e-01	-1.672578e-03	3.078137e-03	-1.140755e-02	-2.625640e-03	-8.781915e-03
609           	4.461672e-01	2.215092e-01	2.246580e-01	-4.099184e-01	2.049274e-01	-6.148458e-01	4.098866e-01	-1.574399e-03	2.665379e-03	-1.236147e-02	-3.515354e-03	-8.846112e-03
610           	4.470764e-01	2.219788e-01	2.250975e-01	-4.199103e-01	1.976877e-01	-6.175981e-01	4.076429e-01	-1.559354e-03	2.336095e-03	-1.312234e-02	-4.225076e-03	-8.897267e-03
611           	4.470712e-01	2.220649e-01	2.250062e-01	-4.233901e-01	1.953544e-01	-6.187445e-01	4.070494e-01	-1.470652e-03	2.121539e-03	-1.374066e-02	-4.748790e-03	-8.991869e-03
612           	4.459711e-01	2.216470e-01	2.243241e-01	-4.200191e-01	1.977660e-01	-6.177851e-01	4.077756e-01	-1.338561e-03	2.072128e-03	-1.404680e-02	-4.951271e-03	-9.095526e-03
613           	4.443956e-01	2.212088e-01	2.231868e-01	-4.136715e-01	2.030759e-01	-6.167474e-01	4.099116e-01	-9.889982e-04	2.232971e-03	-1.393344e-02	-4.733749e-03	-9.199690e-03
614           	4.421414e-01	2.206196e-01	2.215218e-01	-4.013602e-01	2.123588e-01	-6.137190e-01	4.130389e-01	-4.510778e-04	2.634009e-03	-1.388165e-02	-4.306819e-03	-9.574836e-03
615           	4.400233e-01	2.199391e-01	2.200842e-01	-3.898676e-01	2.216622e-01	-6.115299e-01	4.165961e-01	-7.251421e-05	3.236190e-03	-1.327568e-02	-3.401651e-03	-9.874030e-03
616           	4.378419e-01	2.187833e-01	2.190586e-01	-3.790870e-01	2.301773e-01	-6.092642e-01	4.197207e-01	-1.376745e-04	3.938225e-03	-1.227546e-02	-2.199506e-03	-1.007596e-02
617           	4.360680e-01	2.176224e-01	2.184455e-01	-3.693450e-01	2.378852e-01	-6.072302e-01	4.225577e-01	-4.115669e-04	4.530849e-03	-1.143356e-02	-1.185933e-03	-1.024763e-02
618           	4.347935e-01	2.164380e-01	2.183555e-01	-3.603605e-01	2.451283e-01	-6.054888e-01	4.253086e-01	-9.587375e-04	4.897945e-03	-1.092230e-02	-5.632052e-04	-1.035910e-02
619           	4.342318e-01	2.155822e-01	2.186497e-01	-3.527896e-01	2.513330e-01	-6.041226e-01	4.277278e-01	-1.533748e-03	4.973464e-03	-1.098104e-02	-5.170543e-04	-1.046398e-02
620           	4.343121e-01	2.150102e-01	2.193019e-01	-3.469170e-01	2.559328e-01	-6.028498e-01	4.293913e-01	-2.145859e-03	4.841476e-03	-1.142689e-02	-8.719703e-04	-1.055492e-02
621           	4.351470e-01	2.149079e-01	2.202391e-01	-3.429113e-01	2.586075e-01	-6.015188e-01	4.300631e-01	-2.665604e-03	4.593457e-03	-1.212055e-02	-1.466818e-03	-1.065373e-02
622           	4.364431e-01	2.151304e-01	2.213127e-01	-3.406366e-01	2.590237e-01	-5.996603e-01	4.293420e-01	-3.091171e-03	4.364673e-03	-1.263050e-02	-1.950578e-03	-1.067992e-02
623           	4.383329e-01	2.157870e-01	2.225459e-01	-3.399918e-01	2.579256e-01	-5.979174e-01	4.279215e-01	-3.379437e-03	3.994045e-03	-1.336890e-02	-2.690405e-03	-1.067849e-02
624           	4.404540e-01	2.167205e-01	2.237335e-01	-3.434384e-01	2.536041e-01	-5.970425e-01	4.253233e-01	-3.506478e-03	3.719793e-03	-1.390777e-02	-3.234090e-03	-1.067368e-02
625           	4.426015e-01	2.178275e-01	2.247740e-01	-3.553707e-01	2.430793e-01	-5.984500e-01	4.207646e-01	-3.473258e-03	3.483060e-03	-1.428462e-02	-3.659250e-03	-1.062537e-02
626           	4.446788e-01	2.188214e-01	2.258574e-01	-3.724849e-01	2.306647e-01	-6.031496e-01	4.169072e-01	-3.518001e-03	3.259438e-03	-1.393236e-02	-3.706743e-03	-1.022562e-02
627           	4.462773e-01	2.196890e-01	2.265883e-01	-3.920972e-01	2.159296e-01	-6.080268e-01	4.119782e-01	-3.449677e-03	2.895381e-03	-1.355274e-02	-3.880989e-03	-9.671751e-03
628           	4.469927e-01	2.198935e-01	2.270992e-01	-4.041527e-01	2.078280e-01	-6.119807e-01	4.099044e-01	-3.602829e-03	2.416042e-03	-1.317385e-02	-4.170884e-03	-9.002969e-03
629           	4.467951e-01	2.196962e-01	2.270988e-01	-4.110100e-01	2.021162e-01	-6.131262e-01	4.076212e-01	-3.701306e-03	2.015990e-03	-1.273199e-02	-4.350006e-03	-8.381986e-03
630           	4.452495e-01	2.187375e-01	2.265120e-01	-4.079652e-01	2.021677e-01	-6.101329e-01	4.061503e-01	-3.887224e-03	1.751122e-03	-1.233252e-02	-4.415138e-03	-7.917382e-03
631           	4.425992e-01	2.172902e-01	2.253090e-01	-3.959855e-01	2.070591e-01	-6.030446e-01	4.050518e-01	-4.009418e-03	1.700633e-03	-1.179739e-02	-4.198060e-03	-7.599327e-03
632           	4.390649e-01	2.154179e-01	2.236469e-01	-3.809925e-01	2.136079e-01	-5.946004e-01	4.041041e-01	-4.114484e-03	1.723678e-03	-1.145526e-02	-4.003951e-03	-7.451307e-03
633           	4.354431e-01	2.135526e-01	2.218905e-01	-3.634736e-01	2.222706e-01	-5.857442e-01	4.040074e-01	-4.168923e-03	2.006956e-03	-1.081789e-02	-3.401987e-03	-7.415899e-03
634           	4.325016e-01	2.120286e-01	2.204730e-01	-3.505673e-01	2.294203e-01	-5.799876e-01	4.047039e-01	-4.222206e-03	2.276319e-03	-1.041702e-02	-2.932189e-03	-7.484827e-03
635           	4.308779e-01	2.112223e-01	2.196556e-01	-3.422304e-01	2.357174e-01	-5.779477e-01	4.068326e-01	-4.216690e-03	2.462610e-03	-1.028444e-02	-2.679607e-03	-7.604828e-03
636           	4.304921e-01	2.110454e-01	2.194467e-01	-3.381570e-01	2.411575e-01	-5.793144e-01	4.102359e-01	-4.200660e-03	2.522577e-03	-1.045932e-02	-2.707081e-03	-7.752235e-03
637           	4.312539e-01	2.114948e-01	2.197591e-01	-3.375135e-01	2.452112e-01	-5.827247e-01	4.139679e-01	-4.132121e-03	2.472600e-03	-1.090888e-02	-2.981842e-03	-7.927042e-03
638           	4.327352e-01	2.122944e-01	2.204408e-01	-3.396963e-01	2.476774e-01	-5.873737e-01	4.175255e-01	-4.073177e-03	2.330221e-03	-1.160030e-02	-3.469929e-03	-8.130370e-03
639           	4.346366e-01	2.134473e-01	2.211893e-01	-3.430211e-01	2.481522e-01	-5.911734e-01	4.196628e-01	-3.871023e-03	2.182907e-03	-1.264209e-02	-4.138139e-03	-8.503952e-03
640           	4.371216e-01	2.147964e-01	2.223253e-01	-3.467072e-01	2.475920e-01	-5.942992e-01	4.209456e-01	-3.764445e-03	1.922728e-03	-1.371163e-02	-4.933088e-03	-8.778544e-03
641           	4.392486e-01	2.163527e-01	2.228958e-01	-3.521288e-01	2.429155e-01	-5.950443e-01	4.189799e-01	-3.271531e-03	1.682018e-03	-1.484527e-02	-5.740617e-03	-9.104652e-03
642           	4.409157e-01	2.176330e-01	2.232828e-01	-3.612114e-01	2.335708e-01	-5.947822e-01	4.141765e-01	-2.824920e-03	1.418338e-03	-1.603942e-02	-6.601374e-03	-9.438050e-03
643           	4.421163e-01	2.184276e-01	2.236887e-01	-3.717668e-01	2.221166e-01	-5.938834e-01	4.080000e-01	-2.630550e-03	1.156496e-03	-1.721486e-02	-7.450932e-03	-9.763923e-03
644           	4.427572e-01	2.186998e-01	2.240575e-01	-3.802504e-01	2.120057e-01	-5.922562e-01	4.021310e-01	-2.678864e-03	8.556238e-04	-1.819870e-02	-8.243728e-03	-9.954976e-03
645           	4.430501e-01	2.186294e-01	2.244207e-01	-3.848638e-01	2.057324e-01	-5.905962e-01	3.981643e-01	-2.895630e-03	5.236185e-04	-1.889885e-02	-8.925805e-03	-9.973042e-03
646           	4.425158e-01	2.180133e-01	2.245025e-01	-3.840322e-01	2.028680e-01	-5.869002e-01	3.948841e-01	-3.244589e-03	3.703146e-04	-1.905057e-02	-9.154969e-03	-9.895599e-03
647           	4.416832e-01	2.172029e-01	2.244803e-01	-3.792860e-01	2.050847e-01	-5.843707e-01	3.947277e-01	-3.638663e-03	2.240329e-04	-1.904697e-02	-9.299450e-03	-9.747516e-03
648           	4.401794e-01	2.162353e-01	2.239442e-01	-3.672308e-01	2.121854e-01	-5.794162e-01	3.958008e-01	-3.854451e-03	3.678593e-04	-1.855079e-02	-8.907536e-03	-9.643254e-03
649           	4.381473e-01	2.151221e-01	2.230252e-01	-3.552594e-01	2.200248e-01	-5.752842e-01	3.976545e-01	-3.951533e-03	5.820327e-04	-1.796361e-02	-8.399771e-03	-9.563837e-03
650           	4.358594e-01	2.140263e-01	2.218331e-01	-3.436195e-01	2.280768e-01	-5.716962e-01	3.998865e-01	-3.903428e-03	8.127139e-04	-1.709455e-02	-7.734561e-03	-9.359988e-03
651           	4.337471e-01	2.131097e-01	2.206374e-01	-3.353030e-01	2.347932e-01	-5.700962e-01	4.024447e-01	-3.763861e-03	1.033556e-03	-1.612695e-02	-7.029917e-03	-9.097030e-03
652           	4.319339e-01	2.123222e-01	2.196118e-01	-3.291904e-01	2.406021e-01	-5.697925e-01	4.051973e-01	-3.644814e-03	1.171085e-03	-1.516739e-02	-6.412611e-03	-8.754781e-03
653           	4.307961e-01	2.119439e-01	2.188522e-01	-3.256820e-01	2.449210e-01	-5.706030e-01	4.077620e-01	-3.454148e-03	1.232377e-03	-1.449369e-02	-6.014467e-03	-8.479221e-03
654           	4.303380e-01	2.119074e-01	2.184306e-01	-3.247511e-01	2.473163e-01	-5.720673e-01	4.096918e-01	-3.261606e-03	1.179209e-03	-1.409715e-02	-5.869366e-03	-8.227784e-03
655           	4.310572e-01	2.124940e-01	2.185631e-01	-3.284031e-01	2.474210e-01	-5.758241e-01	4.116226e-01	-3.034572e-03	1.090774e-03	-1.403936e-02	-5.928907e-03	-8.110456e-03
656           	4.326521e-01	2.135077e-01	2.191443e-01	-3.346756e-01	2.457500e-01	-5.804256e-01	4.130878e-01	-2.818285e-03	9.716121e-04	-1.410239e-02	-6.079583e-03	-8.022807e-03
657           	4.352701e-01	2.151181e-01	2.201520e-01	-3.431545e-01	2.427513e-01	-5.859058e-01	4.143285e-01	-2.516967e-03	8.586171e-04	-1.433680e-02	-6.309783e-03	-8.027018e-03
658           	4.381808e-01	2.170102e-01	2.211706e-01	-3.553577e-01	2.366736e-01	-5.920313e-01	4.143524e-01	-2.080213e-03	7.284652e-04	-1.446058e-02	-6.501822e-03	-7.958753e-03
659           	4.412170e-01	2.189660e-01	2.222510e-01	-3.743983e-01	2.255304e-01	-5.999287e-01	4.127295e-01	-1.642511e-03	5.821772e-04	-1.462184e-02	-6.728741e-03	-7.893095e-03
660           	4.438114e-01	2.205368e-01	2.232746e-01	-3.955210e-01	2.126418e-01	-6.081628e-01	4.104023e-01	-1.368917e-03	4.619885e-04	-1.476740e-02	-6.921714e-03	-7.845691e-03
661           	4.458872e-01	2.217110e-01	2.241761e-01	-4.147522e-01	2.016191e-01	-6.163712e-01	4.089952e-01	-1.232554e-03	3.333015e-04	-1.496554e-02	-7.149466e-03	-7.816069e-03
662           	4.471716e-01	2.224746e-01	2.246970e-01	-4.272961e-01	1.954925e-01	-6.227885e-01	4.091405e-01	-1.111216e-03	1.531219e-04	-1.514481e-02	-7.419285e-03	-7.725529e-03
663           	4.471489e-01	2.225936e-01	2.245553e-01	-4.335983e-01	1.932194e-01	-6.268177e-01	4.100186e-01	-9.808566e-04	1.058737e-04	-1.512948e-02	-7.458867e-03	-7.670614e-03
664           	4.462932e-01	2.223385e-01	2.239547e-01	-4.318972e-01	1.961684e-01	-6.280656e-01	4.121170e-01	-8.080656e-04	3.942871e-05	-1.494346e-02	-7.432301e-03	-7.511159e-03
665           	4.443751e-01	2.217276e-01	2.226475e-01	-4.236106e-01	2.031566e-01	-6.267672e-01	4.149619e-01	-4.599309e-04	1.611550e-04	-1.458664e-02	-7.132167e-03	-7.454477e-03
666           	4.420342e-01	2.208537e-01	2.211805e-01	-4.125537e-01	2.108983e-01	-6.234519e-01	4.171751e-01	-1.633696e-04	4.342522e-04	-1.382017e-02	-6.475834e-03	-7.344338e-03
667           	4.394844e-01	2.196110e-01	2.198735e-01	-4.005863e-01	2.185161e-01	-6.191025e-01	4.188093e-01	-1.312636e-04	8.914987e-04	-1.268537e-02	-5.451184e-03	-7.234181e-03
668           	4.371620e-01	2.184417e-01	2.187203e-01	-3.881788e-01	2.270345e-01	-6.152134e-01	4.211239e-01	-1.393054e-04	1.468385e-03	-1.181023e-02	-4.436731e-03	-7.373500e-03
669           	4.354144e-01	2.172379e-01	2.181765e-01	-3.776518e-01	2.337014e-01	-6.113532e-01	4.225273e-01	-4.692895e-04	2.079061e-03	-1.098498e-02	-3.413427e-03	-7.571549e-03
670           	4.346925e-01	2.164470e-01	2.182455e-01	-3.676687e-01	2.416943e-01	-6.093630e-01	4.255286e-01	-8.992597e-04	2.475849e-03	-1.083473e-02	-2.941518e-03	-7.893217e-03
671           	4.348080e-01	2.160411e-01	2.187670e-01	-3.604468e-01	2.475362e-01	-6.079830e-01	4.277596e-01	-1.362963e-03	2.785870e-03	-1.114785e-02	-2.788054e-03	-8.359793e-03
672           	4.356191e-01	2.160967e-01	2.195224e-01	-3.553490e-01	2.520315e-01	-6.073806e-01	4.297060e-01	-1.712880e-03	2.980533e-03	-1.187739e-02	-2.958163e-03	-8.919229e-03
673           	4.369495e-01	2.165340e-01	2.204155e-01	-3.535705e-01	2.542250e-01	-6.077955e-01	4.310103e-01	-1.940792e-03	3.174121e-03	-1.266065e-02	-3.156205e-03	-9.504447e-03
674           	4.391704e-01	2.174059e-01	2.217645e-01	-3.536839e-01	2.555170e-01	-6.092009e-01	4.323590e-01	-2.179289e-03	3.134775e-03	-1.348434e-02	-3.607393e-03	-9.876944e-03
675           	4.412619e-01	2.184951e-01	2.227667e-01	-3.576568e-01	2.533224e-01	-6.109792e-01	4.321508e-01	-2.135800e-03	3.199141e-03	-1.393347e-02	-3.767597e-03	-1.016588e-02
676           	4.438122e-01	2.198050e-01	2.240072e-01	-3.670836e-01	2.467841e-01	-6.138677e-01	4.303259e-01	-2.101130e-03	3.180454e-03	-1.412709e-02	-3.883092e-03	-1.024400e-02
677           	4.459844e-01	2.208189e-01	2.251655e-01	-3.820935e-01	2.368738e-01	-6.189672e-01	4.279205e-01	-2.173335e-03	3.068803e-03	-1.405659e-02	-3.959491e-03	-1.009710e-02
678           	4.477184e-01	2.216208e-01	2.260976e-01	-4.024792e-01	2.221839e-01	-6.246631e-01	4.234235e-01	-2.238425e-03	2.835968e-03	-1.374403e-02	-4.036046e-03	-9.707982e-03
679           	4.490499e-01	2.219163e-01	2.271336e-01	-4.158027e-01	2.134223e-01	-6.292249e-01	4.213236e-01	-2.608684e-03	2.347663e-03	-1.343740e-02	-4.371039e-03	-9.066364e-03
680           	4.495223e-01	2.217410e-01	2.277813e-01	-4.245942e-01	2.064684e-01	-6.310626e-01	4.187655e-01	-3.020136e-03	1.811635e-03	-1.308865e-02	-4.732689e-03	-8.355958e-03
681           	4.488832e-01	2.208991e-01	2.279841e-01	-4.238088e-01	2.047665e-01	-6.285753e-01	4.166709e-01	-3.542467e-03	1.321465e-03	-1.277313e-02	-5.065102e-03	-7.708031e-03
682           	4.470116e-01	2.194707e-01	2.275409e-01	-4.124870e-01	2.086609e-01	-6.211479e-01	4.149044e-01	-4.035077e-03	9.269568e-04	-1.253183e-02	-5.338958e-03	-7.192871e-03
683           	4.441287e-01	2.176357e-01	2.264929e-01	-3.941130e-01	2.160974e-01	-6.102104e-01	4.131539e-01	-4.428593e-03	6.957005e-04	-1.225275e-02	-5.430674e-03	-6.822075e-03
684           	4.405972e-01	2.156691e-01	2.249282e-01	-3.725058e-01	2.257559e-01	-5.982617e-01	4.120088e-01	-4.629562e-03	5.994774e-04	-1.190038e-02	-5.350713e-03	-6.549668e-03
685           	4.374748e-01	2.140924e-01	2.233824e-01	-3.567095e-01	2.332056e-01	-5.899151e-01	4.115604e-01	-4.644975e-03	6.455153e-04	-1.143886e-02	-5.073912e-03	-6.364943e-03
686           	4.347966e-01	2.128643e-01	2.219323e-01	-3.440637e-01	2.412761e-01	-5.853397e-01	4.133079e-01	-4.533992e-03	6.360634e-04	-1.108125e-02	-4.904560e-03	-6.176687e-03
687           	4.334835e-01	2.123744e-01	2.211091e-01	-3.370235e-01	2.468612e-01	-5.838847e-01	4.153729e-01	-4.367355e-03	6.403730e-04	-1.095045e-02	-4.834852e-03	-6.115598e-03
688           	4.332213e-01	2.124410e-01	2.207803e-01	-3.350395e-01	2.516864e-01	-5.867258e-01	4.192061e-01	-4.169626e-03	3.988845e-04	-1.127025e-02	-5.236242e-03	-6.034011e-03
689           	4.339549e-01	2.129480e-01	2.210070e-01	-3.367202e-01	2.534152e-01	-5.901354e-01	4.217753e-01	-4.029519e-03	1.794042e-04	-1.200150e-02	-5.821346e-03	-6.180155e-03
690           	4.352753e-01	2.137763e-01	2.214990e-01	-3.412250e-01	2.531467e-01	-5.943716e-01	4.237591e-01	-3.861337e-03	-2.131095e-04	-1.303016e-02	-6.728187e-03	-6.301968e-03
691           	4.371710e-01	2.148226e-01	2.223484e-01	-3.467491e-01	2.511051e-01	-5.978542e-01	4.244796e-01	-3.762891e-03	-6.113009e-04	-1.411418e-02	-7.668391e-03	-6.445790e-03
692           	4.390110e-01	2.159685e-01	2.230425e-01	-3.538179e-01	2.460693e-01	-5.998873e-01	4.229783e-01	-3.537028e-03	-1.303517e-03	-1.550058e-02	-9.053805e-03	-6.446771e-03
693           	4.410748e-01	2.172587e-01	2.238160e-01	-3.629003e-01	2.379023e-01	-6.008026e-01	4.193524e-01	-3.278660e-03	-1.861355e-03	-1.672420e-02	-1.022345e-02	-6.500744e-03
694           	4.429737e-01	2.181910e-01	2.247826e-01	-3.741737e-01	2.269570e-01	-6.011308e-01	4.140439e-01	-3.295783e-03	-2.326116e-03	-1.819393e-02	-1.142308e-02	-6.770847e-03
695           	4.445781e-01	2.187663e-01	2.258117e-01	-3.848942e-01	2.162592e-01	-6.011534e-01	4.087063e-01	-3.522684e-03	-2.641513e-03	-1.977995e-02	-1.253149e-02	-7.248460e-03
696           	4.455865e-01	2.190580e-01	2.265284e-01	-3.915385e-01	2.086334e-01	-6.001719e-01	4.044027e-01	-3.735187e-03	-2.825239e-03	-2.141227e-02	-1.353137e-02	-7.880897e-03
697           	4.459926e-01	2.189525e-01	2.270402e-01	-3.932702e-01	2.054435e-01	-5.987137e-01	4.020786e-01	-4.043837e-03	-2.834812e-03	-2.255713e-02	-1.411338e-02	-8.443751e-03
698           	4.456180e-01	2.186882e-01	2.269299e-01	-3.882044e-01	2.067860e-01	-5.949903e-01	4.008881e-01	-4.120834e-03	-2.727407e-03	-2.362364e-02	-1.453923e-02	-9.084415e-03
699           	4.444533e-01	2.179647e-01	2.264885e-01	-3.807369e-01	2.114457e-01	-5.921826e-01	4.018141e-01	-4.261896e-03	-2.419420e-03	-2.348744e-02	-1.416314e-02	-9.324298e-03
700           	4.427347e-01	2.172365e-01	2.254982e-01	-3.673504e-01	2.201760e-01	-5.875265e-01	4.038513e-01	-4.130805e-03	-1.979492e-03	-2.308079e-02	-1.351988e-02	-9.560901e-03
701           	4.404506e-01	2.161690e-01	2.242816e-01	-3.559947e-01	2.281111e-01	-5.841057e-01	4.061084e-01	-4.056265e-03	-1.372484e-03	-2.167867e-02	-1.221182e-02	-9.466851e-03
702           	4.380311e-01	2.150137e-01	2.230174e-01	-3.458355e-01	2.356975e-01	-5.815330e-01	4.086152e-01	-4.001874e-03	-7.211820e-04	-1.981937e-02	-1.063087e-02	-9.188505e-03
703           	4.359873e-01	2.140329e-01	2.219544e-01	-3.380489e-01	2.420635e-01	-5.801124e-01	4.110879e-01	-3.960767e-03	-1.205206e-04	-1.790765e-02	-9.074345e-03	-8.833304e-03
704           	4.345809e-01	2.133710e-01	2.212099e-01	-3.318755e-01	2.474969e-01	-5.793724e-01	4.134347e-01	-3.919421e-03	3.275139e-04	-1.625917e-02	-7.802070e-03	-8.457098e-03
705           	4.339516e-01	2.131574e-01	2.207942e-01	-3.278881e-01	2.513167e-01	-5.792048e-01	4.152607e-01	-3.818397e-03	6.636259e-04	-1.527617e-02	-6.974461e-03	-8.301713e-03
706           	4.339918e-01	2.134083e-01	2.205835e-01	-3.270150e-01	2.536704e-01	-5.806853e-01	4.171778e-01	-3.587602e-03	8.837389e-04	-1.506486e-02	-6.648693e-03	-8.416171e-03
707           	4.348363e-01	2.141026e-01	2.207338e-01	-3.297097e-01	2.544612e-01	-5.841709e-01	4.193160e-01	-3.315592e-03	1.092917e-03	-1.537971e-02	-6.596940e-03	-8.782774e-03
708           	4.365098e-01	2.151916e-01	2.213183e-01	-3.353698e-01	2.538149e-01	-5.891847e-01	4.214998e-01	-3.063357e-03	1.300456e-03	-1.583972e-02	-6.619403e-03	-9.220316e-03
709           	4.389230e-01	2.166126e-01	2.223104e-01	-3.437431e-01	2.511684e-01	-5.949115e-01	4.230399e-01	-2.848881e-03	1.517578e-03	-1.615147e-02	-6.558157e-03	-9.593312e-03
710           	4.417603e-01	2.182993e-01	2.234610e-01	-3.569062e-01	2.448146e-01	-6.017209e-01	4.232677e-01	-2.580868e-03	1.657556e-03	-1.604275e-02	-6.363818e-03	-9.678930e-03
711           	4.446155e-01	2.198442e-01	2.247712e-01	-3.781979e-01	2.325113e-01	-6.107092e-01	4.216103e-01	-2.463488e-03	1.694300e-03	-1.572125e-02	-6.166324e-03	-9.554923e-03
712           	4.468565e-01	2.209310e-01	2.259255e-01	-4.018428e-01	2.181903e-01	-6.200331e-01	4.191117e-01	-2.497227e-03	1.604276e-03	-1.551829e-02	-6.154871e-03	-9.363424e-03
713           	4.482172e-01	2.213775e-01	2.268397e-01	-4.214318e-01	2.059532e-01	-6.273850e-01	4.166691e-01	-2.731087e-03	1.414460e-03	-1.528072e-02	-6.225902e-03	-9.054821e-03
714           	4.484367e-01	2.213016e-01	2.271351e-01	-4.334677e-01	1.980443e-01	-6.315120e-01	4.147782e-01	-2.916766e-03	1.214125e-03	-1.498023e-02	-6.275990e-03	-8.704241e-03
715           	4.473726e-01	2.206411e-01	2.267314e-01	-4.370340e-01	1.949390e-01	-6.319730e-01	4.134560e-01	-3.045135e-03	1.227961e-03	-1.440948e-02	-5.976780e-03	-8.432701e-03
716           	4.453442e-01	2.198279e-01	2.255163e-01	-4.331872e-01	1.966733e-01	-6.298605e-01	4.132669e-01	-2.844178e-03	1.479577e-03	-1.352165e-02	-5.281249e-03	-8.240404e-03
717           	4.426717e-01	2.189234e-01	2.237483e-01	-4.244881e-01	2.014246e-01	-6.259126e-01	4.136686e-01	-2.412449e-03	1.993078e-03	-1.214856e-02	-4.081201e-03	-8.067357e-03
718           	4.399608e-01	2.181169e-01	2.218439e-01	-4.134221e-01	2.080104e-01	-6.214325e-01	4.147214e-01	-1.863529e-03	2.674441e-03	-1.036912e-02	-2.510118e-03	-7.858999e-03
719           	4.377014e-01	2.173799e-01	2.203215e-01	-4.020316e-01	2.153963e-01	-6.174278e-01	4.164120e-01	-1.470781e-03	3.494034e-03	-8.306541e-03	-6.592367e-04	-7.647305e-03
720           	4.363487e-01	2.169201e-01	2.194285e-01	-3.928152e-01	2.223631e-01	-6.151783e-01	4.187707e-01	-1.254202e-03	4.235886e-03	-6.527112e-03	9.723300e-04	-7.499442e-03
721           	4.361335e-01	2.167328e-01	2.194007e-01	-3.841238e-01	2.310766e-01	-6.152004e-01	4.231385e-01	-1.333933e-03	4.821311e-03	-5.096108e-03	2.273257e-03	-7.369365e-03
722           	4.366749e-01	2.168346e-01	2.198403e-01	-3.780245e-01	2.384804e-01	-6.165049e-01	4.274926e-01	-1.502874e-03	5.017754e-03	-4.834948e-03	2.600280e-03	-7.435228e-03
723           	4.376747e-01	2.171194e-01	2.205552e-01	-3.732005e-01	2.448858e-01	-6.180863e-01	4.314860e-01	-1.717896e-03	4.909068e-03	-5.518862e-03	2.149638e-03	-7.668499e-03
724           	4.389469e-01	2.175241e-01	2.214228e-01	-3.693403e-01	2.499352e-01	-6.192754e-01	4.346053e-01	-1.949347e-03	4.566610e-03	-6.826863e-03	1.153179e-03	-7.980041e-03
725           	4.404036e-01	2.180781e-01	2.223255e-01	-3.658921e-01	2.528108e-01	-6.187029e-01	4.357568e-01	-2.123731e-03	4.163539e-03	-8.441501e-03	-5.721198e-05	-8.384289e-03
726           	4.420387e-01	2.188227e-01	2.232160e-01	-3.633392e-01	2.530916e-01	-6.164308e-01	4.347612e-01	-2.196652e-03	3.747506e-03	-1.002317e-02	-1.264078e-03	-8.759090e-03
727           	4.434374e-01	2.193981e-01	2.240393e-01	-3.593117e-01	2.516427e-01	-6.109543e-01	4.312985e-01	-2.320631e-03	3.307759e-03	-1.138769e-02	-2.386087e-03	-9.001606e-03
728           	4.452045e-01	2.203747e-01	2.248298e-01	-3.630171e-01	2.456477e-01	-6.086648e-01	4.271562e-01	-2.227562e-03	2.982039e-03	-1.242799e-02	-3.231954e-03	-9.196032e-03
729           	4.467850e-01	2.211560e-01	2.256289e-01	-3.731891e-01	2.337573e-01	-6.069464e-01	4.203519e-01	-2.236449e-03	2.836661e-03	-1.312813e-02	-3.727404e-03	-9.400725e-03
730           	4.483205e-01	2.217824e-01	2.265381e-01	-3.843347e-01	2.244592e-01	-6.087939e-01	4.166265e-01	-2.377839e-03	2.636541e-03	-1.346248e-02	-4.094699e-03	-9.367781e-03
731           	4.494276e-01	2.222051e-01	2.272224e-01	-3.953930e-01	2.146668e-01	-6.100598e-01	4.123633e-01	-2.508634e-03	2.624285e-03	-1.356952e-02	-4.160477e-03	-9.409046e-03
732           	4.496317e-01	2.220528e-01	2.275789e-01	-3.987652e-01	2.119941e-01	-6.107593e-01	4.113767e-01	-2.763067e-03	2.465301e-03	-1.355368e-02	-4.311540e-03	-9.242142e-03
733           	4.488239e-01	2.213538e-01	2.274701e-01	-3.954817e-01	2.122361e-01	-6.077178e-01	4.099769e-01	-3.058149e-03	2.463955e-03	-1.329879e-02	-4.185442e-03	-9.113352e-03
734           	4.468290e-01	2.200542e-01	2.267748e-01	-3.844792e-01	2.168006e-01	-6.012798e-01	4.090402e-01	-3.360293e-03	2.467721e-03	-1.291208e-02	-3.988320e-03	-8.923763e-03
735           	4.438912e-01	2.182901e-01	2.256011e-01	-3.670920e-01	2.246443e-01	-5.917363e-01	4.081903e-01	-3.655541e-03	2.582786e-03	-1.235140e-02	-3.592913e-03	-8.758485e-03
736           	4.406204e-01	2.164329e-01	2.241874e-01	-3.507485e-01	2.322767e-01	-5.830252e-01	4.076510e-01	-3.877249e-03	2.680353e-03	-1.166471e-02	-3.152000e-03	-8.512706e-03
737           	4.377129e-01	2.148745e-01	2.228383e-01	-3.373688e-01	2.391095e-01	-5.764783e-01	4.077939e-01	-3.981906e-03	2.795997e-03	-1.108058e-02	-2.744291e-03	-8.336286e-03
738           	4.357619e-01	2.139206e-01	2.218413e-01	-3.285503e-01	2.449952e-01	-5.735455e-01	4.092703e-01	-3.960366e-03	2.798239e-03	-1.063619e-02	-2.519858e-03	-8.116335e-03
739           	4.351409e-01	2.138179e-01	2.213230e-01	-3.245122e-01	2.494361e-01	-5.739483e-01	4.116922e-01	-3.752574e-03	2.741997e-03	-1.043371e-02	-2.474860e-03	-7.958854e-03
740           	4.358522e-01	2.145649e-01	2.212873e-01	-3.260959e-01	2.520849e-01	-5.781808e-01	4.151329e-01	-3.361164e-03	2.578328e-03	-1.050633e-02	-2.674837e-03	-7.831493e-03
741           	4.377015e-01	2.159997e-01	2.217018e-01	-3.329986e-01	2.524910e-01	-5.854895e-01	4.189903e-01	-2.851038e-03	2.401317e-03	-1.084567e-02	-3.021518e-03	-7.824151e-03
742           	4.402750e-01	2.178095e-01	2.224655e-01	-3.425438e-01	2.512764e-01	-5.938202e-01	4.225483e-01	-2.328001e-03	2.146085e-03	-1.130697e-02	-3.507400e-03	-7.799570e-03
743           	4.431293e-01	2.196828e-01	2.234465e-01	-3.539730e-01	2.473103e-01	-6.012833e-01	4.242968e-01	-1.881834e-03	1.784724e-03	-1.162500e-02	-4.027773e-03	-7.597222e-03
744           	4.457848e-01	2.214073e-01	2.243775e-01	-3.668903e-01	2.400921e-01	-6.069824e-01	4.235373e-01	-1.485119e-03	1.314086e-03	-1.170327e-02	-4.537549e-03	-7.165721e-03
745           	4.478787e-01	2.225125e-01	2.253662e-01	-3.798448e-01	2.303402e-01	-6.101851e-01	4.202627e-01	-1.426812e-03	8.525631e-04	-1.186722e-02	-5.081046e-03	-6.786172e-03
746           	4.492640e-01	2.227245e-01	2.265396e-01	-3.925438e-01	2.190251e-01	-6.115690e-01	4.152970e-01	-1.907563e-03	4.534475e-04	-1.232258e-02	-5.707845e-03	-6.614740e-03
747           	4.498403e-01	2.221895e-01	2.276509e-01	-4.016780e-01	2.088407e-01	-6.105187e-01	4.096797e-01	-2.730694e-03	1.353886e-04	-1.297594e-02	-6.352584e-03	-6.623361e-03
748           	4.496804e-01	2.211984e-01	2.284821e-01	-4.047624e-01	2.025022e-01	-6.072647e-01	4.048835e-01	-3.641844e-03	-1.204874e-04	-1.363058e-02	-6.935777e-03	-6.694803e-03
749           	4.490842e-01	2.200965e-01	2.289877e-01	-4.026053e-01	2.006268e-01	-6.032321e-01	4.019295e-01	-4.445583e-03	-2.741477e-04	-1.390403e-02	-7.226163e-03	-6.677867e-03
750           	4.478297e-01	2.190613e-01	2.287683e-01	-3.940158e-01	2.030521e-01	-5.970679e-01	4.000600e-01	-4.853494e-03	-1.260478e-04	-1.379754e-02	-7.024818e-03	-6.772722e-03
751           	4.463850e-01	2.183186e-01	2.280664e-01	-3.836373e-01	2.088391e-01	-5.924764e-01	4.006578e-01	-4.873901e-03	2.305439e-04	-1.301846e-02	-6.278684e-03	-6.739772e-03
752           	4.445610e-01	2.175883e-01	2.269727e-01	-3.713239e-01	2.169862e-01	-5.883101e-01	4.026482e-01	-4.692216e-03	8.002544e-04	-1.169515e-02	-5.047321e-03	-6.647830e-03
753           	4.423099e-01	2.167458e-01	2.255641e-01	-3.590926e-01	2.254491e-01	-5.845418e-01	4.049954e-01	-4.409154e-03	1.532891e-03	-1.001131e-02	-3.472762e-03	-6.538545e-03
754           	4.397674e-01	2.156463e-01	2.241211e-01	-3.488024e-01	2.332478e-01	-5.820502e-01	4.076490e-01	-4.237412e-03	2.277442e-03	-8.259488e-03	-1.852302e-03	-6.407187e-03
755           	4.373216e-01	2.145232e-01	2.227984e-01	-3.409291e-01	2.397815e-01	-5.807106e-01	4.102460e-01	-4.137614e-03	2.868459e-03	-6.826037e-03	-5.445599e-04	-6.281478e-03
756           	4.353374e-01	2.135277e-01	2.218098e-01	-3.353953e-01	2.455280e-01	-5.809232e-01	4.132256e-01	-4.141046e-03	3.106439e-03	-6.003750e-03	1.045634e-04	-6.108314e-03
757           	4.339940e-01	2.128035e-01	2.211905e-01	-3.327367e-01	2.495099e-01	-5.822466e-01	4.158782e-01	-4.193488e-03	2.975692e-03	-5.893521e-03	2.893199e-05	-5.922453e-03
758           	4.333344e-01	2.124157e-01	2.209187e-01	-3.327978e-01	2.517623e-01	-5.845601e-01	4.181612e-01	-4.251505e-03	2.596000e-03	-6.394877e-03	-6.014383e-04	-5.793439e-03
759           	4.334705e-01	2.124782e-01	2.209923e-01	-3.351612e-01	2.521055e-01	-5.872667e-01	4.196861e-01	-4.257079e-03	2.142630e-03	-7.374144e-03	-1.544442e-03	-5.829702e-03
760           	4.345109e-01	2.130233e-01	2.214875e-01	-3.397493e-01	2.506226e-01	-5.903720e-01	4.204973e-01	-4.232088e-03	1.692404e-03	-8.509019e-03	-2.562106e-03	-5.946913e-03
761           	4.360905e-01	2.138886e-01	2.222019e-01	-3.465367e-01	2.467088e-01	-5.932455e-01	4.199772e-01	-4.156680e-03	1.299762e-03	-9.545225e-03	-3.472851e-03	-6.072374e-03
762           	4.380667e-01	2.150618e-01	2.230049e-01	-3.587784e-01	2.388120e-01	-5.975905e-01	4.182012e-01	-3.971568e-03	1.017512e-03	-1.020787e-02	-4.086424e-03	-6.121447e-03
763           	4.400521e-01	2.160653e-01	2.239868e-01	-3.786252e-01	2.253457e-01	-6.039710e-01	4.146584e-01	-3.960763e-03	8.318084e-04	-1.056274e-02	-4.449564e-03	-6.113181e-03
764           	4.416689e-01	2.166512e-01	2.250177e-01	-3.991398e-01	2.112065e-01	-6.103463e-01	4.107764e-01	-4.183230e-03	6.883325e-04	-1.075045e-02	-4.686893e-03	-6.063558e-03
765           	4.426361e-01	2.167988e-01	2.258372e-01	-4.141200e-01	2.002977e-01	-6.144178e-01	4.073577e-01	-4.519189e-03	5.396679e-04	-1.095540e-02	-4.938030e-03	-6.017365e-03
766           	4.427727e-01	2.165790e-01	2.261937e-01	-4.214218e-01	1.943999e-01	-6.158217e-01	4.051108e-01	-4.807382e-03	4.491855e-04	-1.118595e-02	-5.143788e-03	-6.042159e-03
767           	4.419569e-01	2.161228e-01	2.258341e-01	-4.211045e-01	1.935391e-01	-6.146436e-01	4.040914e-01	-4.855619e-03	4.159523e-04	-1.147649e-02	-5.322291e-03	-6.154196e-03
768           	4.400553e-01	2.155052e-01	2.245501e-01	-4.124531e-01	1.978692e-01	-6.103223e-01	4.040958e-01	-4.522459e-03	7.413095e-04	-1.115755e-02	-4.837468e-03	-6.320087e-03
769           	4.376447e-01	2.149331e-01	2.227116e-01	-4.024514e-01	2.039580e-01	-6.064095e-01	4.051838e-01	-3.889287e-03	1.080118e-03	-1.090951e-02	-4.374639e-03	-6.534875e-03
770           	4.354964e-01	2.147957e-01	2.207007e-01	-3.895508e-01	2.136969e-01	-6.032477e-01	4.084723e-01	-2.952481e-03	1.885472e-03	-1.010205e-02	-3.165555e-03	-6.936498e-03
771           	4.338313e-01	2.147304e-01	2.191009e-01	-3.804995e-01	2.221915e-01	-6.026910e-01	4.124412e-01	-2.185230e-03	2.682554e-03	-9.264551e-03	-1.949722e-03	-7.314830e-03
772           	4.330468e-01	2.149095e-01	2.181373e-01	-3.744750e-01	2.303873e-01	-6.048623e-01	4.176248e-01	-1.613906e-03	3.498557e-03	-8.407607e-03	-7.052465e-04	-7.702360e-03
773           	4.332166e-01	2.153436e-01	2.178730e-01	-3.709305e-01	2.379014e-01	-6.088319e-01	4.233667e-01	-1.264699e-03	4.134101e-03	-7.742661e-03	2.627707e-04	-8.005432e-03
774           	4.340135e-01	2.158827e-01	2.181308e-01	-3.691140e-01	2.443589e-01	-6.134729e-01	4.289159e-01	-1.124025e-03	4.548242e-03	-7.427591e-03	8.344468e-04	-8.262038e-03
775           	4.354779e-01	2.166359e-01	2.188421e-01	-3.688409e-01	2.490356e-01	-6.178765e-01	4.334560e-01	-1.103095e-03	4.770345e-03	-7.402903e-03	1.068893e-03	-8.471796e-03
776           	4.375513e-01	2.175620e-01	2.199892e-01	-3.691200e-01	2.520830e-01	-6.212030e-01	4.366430e-01	-1.213616e-03	4.888813e-03	-7.599794e-03	1.088916e-03	-8.688710e-03
777           	4.400771e-01	2.186312e-01	2.214459e-01	-3.684155e-01	2.532300e-01	-6.216456e-01	4.374378e-01	-1.407364e-03	4.998369e-03	-7.835736e-03	1.080501e-03	-8.916237e-03
778           	4.429617e-01	2.198154e-01	2.231463e-01	-3.677025e-01	2.525011e-01	-6.202036e-01	4.363523e-01	-1.665412e-03	5.174304e-03	-7.760638e-03	1.293985e-03	-9.054622e-03
779           	4.458302e-01	2.211151e-01	2.247151e-01	-3.695361e-01	2.486288e-01	-6.181649e-01	4.333969e-01	-1.800033e-03	5.406257e-03	-7.477189e-03	1.667663e-03	-9.144852e-03
780           	4.481830e-01	2.222301e-01	2.259529e-01	-3.768741e-01	2.410676e-01	-6.179417e-01	4.295047e-01	-1.861434e-03	5.580544e-03	-7.529660e-03	1.815714e-03	-9.345375e-03
781           	4.500809e-01	2.230086e-01	2.270723e-01	-3.892967e-01	2.292651e-01	-6.185619e-01	4.239135e-01	-2.031885e-03	5.728952e-03	-7.854524e-03	1.801689e-03	-9.656214e-03
782           	4.514089e-01	2.233939e-01	2.280150e-01	-4.000292e-01	2.208373e-01	-6.208665e-01	4.208519e-01	-2.310574e-03	5.604132e-03	-8.597590e-03	1.305337e-03	-9.902927e-03
783           	4.520014e-01	2.234923e-01	2.285091e-01	-4.082674e-01	2.138748e-01	-6.221422e-01	4.180085e-01	-2.508400e-03	5.381953e-03	-9.537480e-03	6.132137e-04	-1.015069e-02
784           	4.516490e-01	2.231160e-01	2.285330e-01	-4.105313e-01	2.118230e-01	-6.223543e-01	4.170887e-01	-2.708497e-03	5.125858e-03	-1.036546e-02	-5.686910e-05	-1.030859e-02
785           	4.503535e-01	2.223604e-01	2.279931e-01	-4.062970e-01	2.141996e-01	-6.204966e-01	4.173481e-01	-2.816382e-03	5.021433e-03	-1.083756e-02	-3.973453e-04	-1.044021e-02
786           	4.481877e-01	2.211921e-01	2.269956e-01	-3.957455e-01	2.202553e-01	-6.160008e-01	4.181280e-01	-2.901784e-03	5.156257e-03	-1.083592e-02	-2.617023e-04	-1.057422e-02
787           	4.452699e-01	2.196957e-01	2.255742e-01	-3.802152e-01	2.280317e-01	-6.082469e-01	4.181393e-01	-2.939230e-03	5.454080e-03	-1.042983e-02	2.391624e-04	-1.066900e-02
788           	4.420853e-01	2.181172e-01	2.239681e-01	-3.621400e-01	2.370415e-01	-5.991816e-01	4.181115e-01	-2.925405e-03	5.710543e-03	-9.925319e-03	7.478831e-04	-1.067320e-02
789           	4.395203e-01	2.167815e-01	2.227389e-01	-3.483355e-01	2.436423e-01	-5.919778e-01	4.178100e-01	-2.978685e-03	5.811455e-03	-9.501996e-03	1.060457e-03	-1.056245e-02
790           	4.381344e-01	2.160877e-01	2.220467e-01	-3.390073e-01	2.490795e-01	-5.880867e-01	4.185831e-01	-2.979493e-03	5.635572e-03	-9.337911e-03	9.666159e-04	-1.030453e-02
791           	4.381875e-01	2.162286e-01	2.219589e-01	-3.352789e-01	2.527168e-01	-5.879957e-01	4.203563e-01	-2.865140e-03	5.258783e-03	-9.670515e-03	4.235255e-04	-1.009404e-02
792           	4.394614e-01	2.171560e-01	2.223054e-01	-3.370766e-01	2.543806e-01	-5.914571e-01	4.229188e-01	-2.574726e-03	4.752064e-03	-1.045489e-02	-4.753817e-04	-9.979509e-03
793           	4.415620e-01	2.185911e-01	2.229709e-01	-3.431112e-01	2.539153e-01	-5.970264e-01	4.254708e-01	-2.189871e-03	4.218417e-03	-1.162161e-02	-1.592388e-03	-1.002922e-02
794           	4.439782e-01	2.202141e-01	2.237640e-01	-3.505510e-01	2.517224e-01	-6.022734e-01	4.269979e-01	-1.774970e-03	3.633846e-03	-1.281603e-02	-2.774167e-03	-1.004186e-02
795           	4.462100e-01	2.217608e-01	2.244492e-01	-3.590461e-01	2.462700e-01	-6.053161e-01	4.257931e-01	-1.344203e-03	2.983370e-03	-1.382963e-02	-3.931444e-03	-9.898184e-03
796           	4.478938e-01	2.230389e-01	2.248550e-01	-3.680497e-01	2.377895e-01	-6.058392e-01	4.218144e-01	-9.080583e-04	2.309292e-03	-1.466984e-02	-5.025626e-03	-9.644210e-03
797           	4.489136e-01	2.235647e-01	2.253490e-01	-3.773997e-01	2.270030e-01	-6.044028e-01	4.157029e-01	-8.921417e-04	1.756158e-03	-1.559837e-02	-6.043027e-03	-9.555343e-03
798           	4.492869e-01	2.234162e-01	2.258708e-01	-3.862249e-01	2.154460e-01	-6.016709e-01	4.085585e-01	-1.227310e-03	1.312952e-03	-1.682799e-02	-7.101045e-03	-9.726948e-03
799           	4.491122e-01	2.227384e-01	2.263738e-01	-3.915032e-01	2.060476e-01	-5.975508e-01	4.017992e-01	-1.817665e-03	9.381510e-04	-1.821866e-02	-8.171179e-03	-1.004748e-02
800           	4.487616e-01	2.219806e-01	2.267811e-01	-3.921219e-01	2.013866e-01	-5.935085e-01	3.974475e-01	-2.400245e-03	5.013785e-04	-1.965988e-02	-9.328560e-03	-1.033132e-02
801           	4.475677e-01	2.208848e-01	2.266828e-01	-3.866535e-01	2.005803e-01	-5.872338e-01	3.939070e-01	-2.898990e-03	1.541517e-04	-2.092577e-02	-1.030874e-02	-1.061704e-02
802           	4.465693e-01	2.201456e-01	2.264238e-01	-3.811278e-01	2.035503e-01	-5.846781e-01	3.941142e-01	-3.139092e-03	-2.254095e-04	-2.155799e-02	-1.100440e-02	-1.055358e-02
803           	4.452041e-01	2.195657e-01	2.256384e-01	-3.699373e-01	2.113624e-01	-5.812997e-01	3.963311e-01	-3.036320e-03	-3.981776e-04	-2.180004e-02	-1.129820e-02	-1.050184e-02
804           	4.437873e-01	2.190098e-01	2.247775e-01	-3.611485e-01	2.196330e-01	-5.807815e-01	4.002072e-01	-2.883857e-03	-3.630796e-04	-2.113314e-02	-1.092965e-02	-1.020349e-02
805           	4.421963e-01	2.183527e-01	2.238436e-01	-3.523927e-01	2.283362e-01	-5.807288e-01	4.045325e-01	-2.745419e-03	-1.187587e-04	-1.981438e-02	-1.002595e-02	-9.788429e-03
806           	4.405737e-01	2.175709e-01	2.230028e-01	-3.448930e-01	2.361621e-01	-5.810552e-01	4.086087e-01	-2.715928e-03	2.305997e-04	-1.808971e-02	-8.814257e-03	-9.275456e-03
807           	4.391045e-01	2.167222e-01	2.223824e-01	-3.377596e-01	2.428283e-01	-5.805879e-01	4.117081e-01	-2.830096e-03	5.523923e-04	-1.639541e-02	-7.645310e-03	-8.750095e-03
808           	4.380206e-01	2.160509e-01	2.219697e-01	-3.312380e-01	2.484277e-01	-5.796657e-01	4.140467e-01	-2.959370e-03	6.749686e-04	-1.524010e-02	-6.945081e-03	-8.295018e-03
809           	4.375344e-01	2.156781e-01	2.218563e-01	-3.254267e-01	2.521269e-01	-5.775536e-01	4.148403e-01	-3.089135e-03	6.550445e-04	-1.476972e-02	-6.729815e-03	-8.039904e-03
810           	4.380625e-01	2.158215e-01	2.222410e-01	-3.214352e-01	2.544714e-01	-5.759066e-01	4.151890e-01	-3.209721e-03	5.121805e-04	-1.494115e-02	-6.958396e-03	-7.982757e-03
811           	4.397436e-01	2.165829e-01	2.231606e-01	-3.191186e-01	2.549811e-01	-5.740997e-01	4.145404e-01	-3.288853e-03	4.369255e-04	-1.552773e-02	-7.326942e-03	-8.200793e-03
812           	4.426980e-01	2.181018e-01	2.245963e-01	-3.201923e-01	2.536368e-01	-5.738292e-01	4.137330e-01	-3.247243e-03	4.151081e-04	-1.611252e-02	-7.641150e-03	-8.471366e-03
813           	4.464321e-01	2.200578e-01	2.263742e-01	-3.248325e-01	2.499113e-01	-5.747438e-01	4.123276e-01	-3.158195e-03	4.707909e-04	-1.646189e-02	-7.760156e-03	-8.701738e-03
814           	4.505368e-01	2.223443e-01	2.281925e-01	-3.368386e-01	2.422211e-01	-5.790596e-01	4.106404e-01	-2.924103e-03	4.620757e-04	-1.653366e-02	-7.804754e-03	-8.728905e-03
815           	4.543342e-01	2.242855e-01	2.300486e-01	-3.566159e-01	2.294140e-01	-5.860299e-01	4.077220e-01	-2.881566e-03	4.315211e-04	-1.645520e-02	-7.796077e-03	-8.659119e-03
816           	4.574007e-01	2.257673e-01	2.316334e-01	-3.778277e-01	2.163762e-01	-5.942039e-01	4.052901e-01	-2.933073e-03	2.801308e-04	-1.648117e-02	-7.960456e-03	-8.520717e-03
817           	4.590498e-01	2.264096e-01	2.326402e-01	-3.951260e-01	2.059146e-01	-6.010406e-01	4.034776e-01	-3.115319e-03	1.027653e-04	-1.642762e-02	-8.111044e-03	-8.316575e-03
818           	4.590358e-01	2.263945e-01	2.326414e-01	-4.058963e-01	1.998898e-01	-6.057861e-01	4.028380e-01	-3.123458e-03	-2.034541e-04	-1.666976e-02	-8.538333e-03	-8.131425e-03
819           	4.571339e-01	2.254815e-01	2.316524e-01	-4.080823e-01	1.987653e-01	-6.068476e-01	4.028064e-01	-3.085487e-03	-4.845363e-04	-1.687664e-02	-8.922856e-03	-7.953784e-03
820           	4.537832e-01	2.240914e-01	2.296918e-01	-4.031117e-01	2.023638e-01	-6.054755e-01	4.039196e-01	-2.800166e-03	-6.734278e-04	-1.695755e-02	-9.152203e-03	-7.805347e-03
821           	4.494424e-01	2.223240e-01	2.271184e-01	-3.938489e-01	2.085601e-01	-6.024089e-01	4.054845e-01	-2.397190e-03	-5.459519e-04	-1.649794e-02	-8.794921e-03	-7.703017e-03
822           	4.450867e-01	2.206028e-01	2.244839e-01	-3.836541e-01	2.165617e-01	-6.002158e-01	4.083887e-01	-1.940575e-03	-1.153473e-04	-1.555031e-02	-7.890501e-03	-7.659806e-03
823           	4.412605e-01	2.190570e-01	2.222035e-01	-3.754005e-01	2.241593e-01	-5.995598e-01	4.118596e-01	-1.573244e-03	6.450198e-04	-1.431255e-02	-6.511257e-03	-7.801297e-03
824           	4.384928e-01	2.179142e-01	2.205786e-01	-3.704353e-01	2.311266e-01	-6.015620e-01	4.163443e-01	-1.332231e-03	1.476737e-03	-1.315414e-02	-5.100334e-03	-8.053809e-03
825           	4.366087e-01	2.170865e-01	2.195222e-01	-3.675397e-01	2.368363e-01	-6.043760e-01	4.206062e-01	-1.217860e-03	2.248123e-03	-1.245368e-02	-3.978716e-03	-8.474961e-03
826           	4.354894e-01	2.165974e-01	2.188920e-01	-3.663778e-01	2.413399e-01	-6.077177e-01	4.245288e-01	-1.147286e-03	2.801938e-03	-1.242491e-02	-3.410517e-03	-9.014393e-03
827           	4.350781e-01	2.164610e-01	2.186171e-01	-3.673272e-01	2.438485e-01	-6.111757e-01	4.275121e-01	-1.078036e-03	3.287457e-03	-1.286226e-02	-3.143676e-03	-9.718589e-03
828           	4.352752e-01	2.168123e-01	2.184629e-01	-3.692643e-01	2.444042e-01	-6.136685e-01	4.290364e-01	-8.253025e-04	3.700791e-03	-1.361489e-02	-3.106656e-03	-1.050824e-02
829           	4.361808e-01	2.173851e-01	2.187957e-01	-3.734464e-01	2.433189e-01	-6.167653e-01	4.300421e-01	-7.053227e-04	3.890525e-03	-1.465533e-02	-3.437141e-03	-1.121819e-02
830           	4.374698e-01	2.184060e-01	2.190638e-01	-3.779937e-01	2.394686e-01	-6.174623e-01	4.284655e-01	-3.288937e-04	4.165556e-03	-1.517894e-02	-3.423914e-03	-1.175502e-02
831           	4.390926e-01	2.196317e-01	2.194609e-01	-3.877141e-01	2.310515e-01	-6.187656e-01	4.249085e-01	8.535664e-05	4.327253e-03	-1.541462e-02	-3.380059e-03	-1.203456e-02
832           	4.410153e-01	2.207107e-01	2.203046e-01	-4.008171e-01	2.205235e-01	-6.213405e-01	4.209320e-01	2.030400e-04	4.610454e-03	-1.515732e-02	-2.968205e-03	-1.218911e-02
833           	4.429959e-01	2.214508e-01	2.215450e-01	-4.157695e-01	2.097432e-01	-6.255127e-01	4.176279e-01	-4.709260e-05	4.904208e-03	-1.470724e-02	-2.449412e-03	-1.225783e-02
834           	4.447202e-01	2.219596e-01	2.227606e-01	-4.272777e-01	2.026578e-01	-6.299356e-01	4.162967e-01	-4.005180e-04	4.949778e-03	-1.425866e-02	-2.179551e-03	-1.207911e-02
835           	4.457359e-01	2.218889e-01	2.238471e-01	-4.339578e-01	1.981315e-01	-6.320893e-01	4.151104e-01	-9.791128e-04	4.955107e-03	-1.351618e-02	-1.802985e-03	-1.171320e-02
836           	4.459796e-01	2.213905e-01	2.245891e-01	-4.327163e-01	1.999647e-01	-6.326810e-01	4.163229e-01	-1.599327e-03	4.645254e-03	-1.285502e-02	-1.782254e-03	-1.107276e-02
837           	4.450124e-01	2.203820e-01	2.246304e-01	-4.219132e-01	2.065696e-01	-6.284828e-01	4.175262e-01	-2.124197e-03	4.517018e-03	-1.181887e-02	-1.392415e-03	-1.042645e-02
838           	4.431571e-01	2.191380e-01	2.240191e-01	-4.097860e-01	2.139467e-01	-6.237328e-01	4.188398e-01	-2.440527e-03	4.358261e-03	-1.092895e-02	-1.106214e-03	-9.822737e-03
839           	4.404737e-01	2.177183e-01	2.227554e-01	-3.920104e-01	2.244964e-01	-6.165068e-01	4.205016e-01	-2.518524e-03	4.677651e-03	-9.406498e-03	-2.559824e-05	-9.380900e-03
840           	4.377878e-01	2.163818e-01	2.214060e-01	-3.783895e-01	2.323609e-01	-6.107504e-01	4.215557e-01	-2.512119e-03	5.153817e-03	-7.625628e-03	1.341003e-03	-8.966631e-03
841           	4.356135e-01	2.152675e-01	2.203460e-01	-3.672866e-01	2.390413e-01	-6.063279e-01	4.226846e-01	-2.539238e-03	5.842094e-03	-5.576998e-03	3.053596e-03	-8.630593e-03
842           	4.344190e-01	2.147639e-01	2.196551e-01	-3.595939e-01	2.445090e-01	-6.041028e-01	4.243059e-01	-2.445608e-03	6.368750e-03	-3.964550e-03	4.386475e-03	-8.351025e-03
843           	4.344767e-01	2.149718e-01	2.195050e-01	-3.570629e-01	2.479231e-01	-6.049860e-01	4.264545e-01	-2.266588e-03	6.636561e-03	-3.272014e-03	5.000554e-03	-8.272569e-03
844           	4.357324e-01	2.159921e-01	2.197402e-01	-3.593548e-01	2.493997e-01	-6.087545e-01	4.290771e-01	-1.874050e-03	6.476177e-03	-3.681004e-03	4.635675e-03	-8.316679e-03
845           	4.380070e-01	2.175332e-01	2.204738e-01	-3.650112e-01	2.491610e-01	-6.141722e-01	4.316666e-01	-1.470262e-03	6.143363e-03	-4.709892e-03	3.788417e-03	-8.498309e-03
846           	4.406583e-01	2.193659e-01	2.212925e-01	-3.711681e-01	2.473179e-01	-6.184860e-01	4.329020e-01	-9.632960e-04	5.641309e-03	-5.971526e-03	2.655546e-03	-8.627071e-03
847           	4.438743e-01	2.214121e-01	2.224622e-01	-3.820689e-01	2.408538e-01	-6.229226e-01	4.318882e-01	-5.250920e-04	4.910218e-03	-6.805171e-03	1.507633e-03	-8.312804e-03
848           	4.463219e-01	2.233026e-01	2.230193e-01	-3.941161e-01	2.309423e-01	-6.250584e-01	4.280004e-01	1.416142e-04	4.127457e-03	-7.582539e-03	3.361873e-04	-7.918727e-03
849           	4.479264e-01	2.243999e-01	2.235265e-01	-4.077424e-01	2.178936e-01	-6.256360e-01	4.217648e-01	4.367114e-04	3.444704e-03	-8.577546e-03	-8.440688e-04	-7.733477e-03
850           	4.486630e-01	2.248571e-01	2.238059e-01	-4.191443e-01	2.052362e-01	-6.243806e-01	4.148084e-01	5.256284e-04	2.882057e-03	-9.818000e-03	-2.026943e-03	-7.791056e-03
851           	4.487123e-01	2.247372e-01	2.239752e-01	-4.247371e-01	1.962530e-01	-6.209901e-01	4.086216e-01	3.809776e-04	2.416619e-03	-1.118647e-02	-3.176615e-03	-8.009852e-03
852           	4.481399e-01	2.243366e-01	2.238033e-01	-4.232722e-01	1.923569e-01	-6.156291e-01	4.039930e-01	2.666204e-04	1.887143e-03	-1.265121e-02	-4.438461e-03	-8.212748e-03
853           	4.471578e-01	2.237259e-01	2.234319e-01	-4.165818e-01	1.931395e-01	-6.097213e-01	4.014304e-01	1.470135e-04	1.313696e-03	-1.397669e-02	-5.674647e-03	-8.302040e-03
854           	4.457318e-01	2.231483e-01	2.225835e-01	-4.058321e-01	1.978463e-01	-6.036784e-01	4.007624e-01	2.824027e-04	6.883059e-04	-1.522043e-02	-6.921910e-03	-8.298522e-03
855           	4.439395e-01	2.224570e-01	2.214825e-01	-3.929702e-01	2.049837e-01	-5.979540e-01	4.014689e-01	4.872394e-04	2.023753e-04	-1.619440e-02	-7.894827e-03	-8.299578e-03
856           	4.418236e-01	2.216876e-01	2.201361e-01	-3.789006e-01	2.138477e-01	-5.927483e-01	4.032980e-01	7.757477e-04	-1.340515e-04	-1.701294e-02	-8.640520e-03	-8.372417e-03
857           	4.395527e-01	2.206930e-01	2.188597e-01	-3.654420e-01	2.227734e-01	-5.882154e-01	4.054944e-01	9.166517e-04	-2.898925e-04	-1.764598e-02	-9.112882e-03	-8.533096e-03
858           	4.373168e-01	2.194987e-01	2.178181e-01	-3.531426e-01	2.310305e-01	-5.841731e-01	4.076018e-01	8.403026e-04	-4.638482e-04	-1.830706e-02	-9.617379e-03	-8.689683e-03
859           	4.354482e-01	2.182240e-01	2.172242e-01	-3.420073e-01	2.384753e-01	-5.804826e-01	4.094789e-01	4.998718e-04	-7.154013e-04	-1.908848e-02	-1.025964e-02	-8.828838e-03
860           	4.341258e-01	2.171182e-01	2.170076e-01	-3.322205e-01	2.448526e-01	-5.770730e-01	4.109628e-01	5.532447e-05	-1.121969e-03	-2.015868e-02	-1.120131e-02	-8.957369e-03
861           	4.336306e-01	2.164190e-01	2.172116e-01	-3.246620e-01	2.496332e-01	-5.742953e-01	4.119643e-01	-3.962767e-04	-1.530974e-03	-2.146601e-02	-1.226398e-02	-9.202032e-03
862           	4.339301e-01	2.162106e-01	2.177195e-01	-3.189503e-01	2.529819e-01	-5.719322e-01	4.124571e-01	-7.544823e-04	-1.921628e-03	-2.293317e-02	-1.338821e-02	-9.544956e-03
863           	4.351788e-01	2.165579e-01	2.186209e-01	-3.151435e-01	2.545783e-01	-5.697218e-01	4.121500e-01	-1.031472e-03	-2.204423e-03	-2.432522e-02	-1.436704e-02	-9.958189e-03
864           	4.371016e-01	2.174563e-01	2.196453e-01	-3.145820e-01	2.539437e-01	-5.685257e-01	4.112347e-01	-1.094479e-03	-2.437498e-03	-2.548511e-02	-1.518005e-02	-1.030506e-02
865           	4.397850e-01	2.186470e-01	2.211380e-01	-3.152140e-01	2.509972e-01	-5.662112e-01	4.086042e-01	-1.245504e-03	-2.576560e-03	-2.621900e-02	-1.568606e-02	-1.053294e-02
866           	4.423593e-01	2.198685e-01	2.224908e-01	-3.247763e-01	2.428901e-01	-5.676664e-01	4.052783e-01	-1.311156e-03	-2.659847e-03	-2.636366e-02	-1.584168e-02	-1.052198e-02
867           	4.446964e-01	2.207533e-01	2.239431e-01	-3.411375e-01	2.302883e-01	-5.714258e-01	4.008571e-01	-1.594912e-03	-2.644674e-03	-2.599109e-02	-1.564022e-02	-1.035087e-02
868           	4.461551e-01	2.210334e-01	2.251217e-01	-3.573430e-01	2.178322e-01	-5.751753e-01	3.965038e-01	-2.044168e-03	-2.616734e-03	-2.534673e-02	-1.529010e-02	-1.005663e-02
869           	4.468747e-01	2.208009e-01	2.260738e-01	-3.688873e-01	2.095262e-01	-5.784135e-01	3.939699e-01	-2.636427e-03	-2.579685e-03	-2.454296e-02	-1.485117e-02	-9.691796e-03
870           	4.460375e-01	2.199000e-01	2.261376e-01	-3.750844e-01	2.033471e-01	-5.784315e-01	3.908893e-01	-3.118788e-03	-2.400698e-03	-2.346329e-02	-1.413234e-02	-9.330946e-03
871           	4.445032e-01	2.186351e-01	2.258681e-01	-3.737997e-01	2.035543e-01	-5.773540e-01	3.904542e-01	-3.616492e-03	-2.222654e-03	-2.228837e-02	-1.336684e-02	-8.921531e-03
872           	4.415903e-01	2.169023e-01	2.246880e-01	-3.656888e-01	2.076732e-01	-5.733619e-01	3.905176e-01	-3.892837e-03	-1.814230e-03	-2.066157e-02	-1.214501e-02	-8.516553e-03
873           	4.383468e-01	2.150983e-01	2.232484e-01	-3.540451e-01	2.148453e-01	-5.688904e-01	3.918679e-01	-4.075048e-03	-1.203897e-03	-1.872566e-02	-1.056673e-02	-8.158933e-03
874           	4.351415e-01	2.134054e-01	2.217361e-01	-3.416092e-01	2.234509e-01	-5.650602e-01	3.942555e-01	-4.165353e-03	-4.531872e-04	-1.661167e-02	-8.759020e-03	-7.852646e-03
875           	4.327898e-01	2.121105e-01	2.206793e-01	-3.326061e-01	2.322386e-01	-5.648447e-01	3.985417e-01	-4.284438e-03	3.432427e-04	-1.442312e-02	-6.868318e-03	-7.554804e-03
876           	4.315199e-01	2.114178e-01	2.201021e-01	-3.275660e-01	2.392508e-01	-5.668167e-01	4.030337e-01	-4.342160e-03	9.662024e-04	-1.274092e-02	-5.404259e-03	-7.336664e-03
877           	4.315348e-01	2.114162e-01	2.201186e-01	-3.266749e-01	2.452508e-01	-5.719258e-01	4.085883e-01	-4.351196e-03	1.355744e-03	-1.161699e-02	-4.452748e-03	-7.164237e-03
878           	4.322951e-01	2.118925e-01	2.204026e-01	-3.284278e-01	2.493418e-01	-5.777696e-01	4.135557e-01	-4.255059e-03	1.457381e-03	-1.113552e-02	-4.110380e-03	-7.025142e-03
879           	4.339284e-01	2.129327e-01	2.209957e-01	-3.333172e-01	2.510783e-01	-5.843955e-01	4.177369e-01	-4.031478e-03	1.355763e-03	-1.130467e-02	-4.296569e-03	-7.008096e-03
880           	4.359297e-01	2.142464e-01	2.216834e-01	-3.380013e-01	2.508685e-01	-5.888697e-01	4.198691e-01	-3.718506e-03	1.045226e-03	-1.181504e-02	-4.862293e-03	-6.952745e-03
881           	4.383126e-01	2.158354e-01	2.224772e-01	-3.422349e-01	2.484067e-01	-5.906417e-01	4.195242e-01	-3.320886e-03	6.207953e-04	-1.255183e-02	-5.655117e-03	-6.896708e-03
882           	4.407437e-01	2.177045e-01	2.230392e-01	-3.467719e-01	2.428348e-01	-5.896067e-01	4.162207e-01	-2.667345e-03	1.350558e-04	-1.325232e-02	-6.491106e-03	-6.761217e-03
883           	4.434320e-01	2.196044e-01	2.238277e-01	-3.547305e-01	2.344468e-01	-5.891773e-01	4.118121e-01	-2.111654e-03	-2.617030e-04	-1.402596e-02	-7.274681e-03	-6.751276e-03
884           	4.459823e-01	2.211243e-01	2.248580e-01	-3.660353e-01	2.243342e-01	-5.903695e-01	4.073518e-01	-1.866840e-03	-4.998410e-04	-1.496371e-02	-7.981694e-03	-6.982012e-03
885           	4.483740e-01	2.222931e-01	2.260809e-01	-3.780301e-01	2.162787e-01	-5.943087e-01	4.052937e-01	-1.893882e-03	-6.544887e-04	-1.594012e-02	-8.624547e-03	-7.315570e-03
886           	4.503338e-01	2.232177e-01	2.271161e-01	-3.887812e-01	2.099775e-01	-5.987587e-01	4.043681e-01	-1.949216e-03	-6.302587e-04	-1.671767e-02	-8.989093e-03	-7.728576e-03
887           	4.514417e-01	2.235932e-01	2.278485e-01	-3.943581e-01	2.094629e-01	-6.038210e-01	4.066419e-01	-2.127652e-03	-7.068209e-04	-1.712468e-02	-9.269159e-03	-7.855518e-03
888           	4.515005e-01	2.237296e-01	2.277708e-01	-3.951124e-01	2.120005e-01	-6.071129e-01	4.095567e-01	-2.020614e-03	-4.512932e-04	-1.689382e-02	-8.898203e-03	-7.995616e-03
889           	4.501594e-01	2.230196e-01	2.271398e-01	-3.909932e-01	2.168189e-01	-6.078121e-01	4.123155e-01	-2.060079e-03	-3.089275e-04	-1.635686e-02	-8.487359e-03	-7.869504e-03
890           	4.473993e-01	2.218384e-01	2.255610e-01	-3.795255e-01	2.248590e-01	-6.043845e-01	4.146217e-01	-1.861309e-03	1.041456e-04	-1.530893e-02	-7.550321e-03	-7.758612e-03
891           	4.442542e-01	2.202511e-01	2.240031e-01	-3.681961e-01	2.307174e-01	-5.989135e-01	4.148155e-01	-1.876032e-03	3.562337e-04	-1.432417e-02	-6.805852e-03	-7.518320e-03
892           	4.403134e-01	2.182593e-01	2.220542e-01	-3.542392e-01	2.377713e-01	-5.920105e-01	4.148909e-01	-1.897462e-03	6.812743e-04	-1.327192e-02	-5.954685e-03	-7.317234e-03
893           	4.372648e-01	2.166160e-01	2.206488e-01	-3.439650e-01	2.427603e-01	-5.867253e-01	4.147428e-01	-2.016410e-03	8.898021e-04	-1.259769e-02	-5.409045e-03	-7.188649e-03
894           	4.350059e-01	2.155174e-01	2.194885e-01	-3.369204e-01	2.467655e-01	-5.836860e-01	4.152257e-01	-1.985507e-03	9.548860e-04	-1.239211e-02	-5.241172e-03	-7.150943e-03
895           	4.342310e-01	2.152937e-01	2.189373e-01	-3.354404e-01	2.494269e-01	-5.848674e-01	4.171471e-01	-1.821757e-03	9.629317e-04	-1.272706e-02	-5.400601e-03	-7.326464e-03
896           	4.346164e-01	2.158402e-01	2.187762e-01	-3.380292e-01	2.506774e-01	-5.887066e-01	4.196920e-01	-1.467993e-03	8.849201e-04	-1.360219e-02	-5.916177e-03	-7.686018e-03
897           	4.363032e-01	2.170715e-01	2.192317e-01	-3.442159e-01	2.509228e-01	-5.951387e-01	4.230308e-01	-1.080064e-03	7.393479e-04	-1.492520e-02	-6.723252e-03	-8.201948e-03
898           	4.386919e-01	2.186665e-01	2.200254e-01	-3.519114e-01	2.494061e-01	-6.013175e-01	4.253618e-01	-6.794411e-04	5.404374e-04	-1.625351e-02	-7.586317e-03	-8.667192e-03
899           	4.415619e-01	2.205591e-01	2.210027e-01	-3.640849e-01	2.440858e-01	-6.081707e-01	4.261282e-01	-2.217954e-04	2.489777e-04	-1.720843e-02	-8.355238e-03	-8.853193e-03
900           	4.441071e-01	2.223648e-01	2.217423e-01	-3.796290e-01	2.342096e-01	-6.138387e-01	4.240242e-01	3.112808e-04	-1.043382e-04	-1.786264e-02	-9.035659e-03	-8.826983e-03
901           	4.463377e-01	2.235412e-01	2.227965e-01	-3.982562e-01	2.215162e-01	-6.197724e-01	4.206443e-01	3.723253e-04	-3.624958e-04	-1.846401e-02	-9.594502e-03	-8.869510e-03
902           	4.477154e-01	2.241173e-01	2.235982e-01	-4.145884e-01	2.095499e-01	-6.241383e-01	4.168441e-01	2.595487e-04	-5.469961e-04	-1.917210e-02	-1.013304e-02	-9.039052e-03
903           	4.484242e-01	2.242309e-01	2.241933e-01	-4.259952e-01	2.015006e-01	-6.274958e-01	4.144982e-01	1.881581e-05	-6.172727e-04	-1.983227e-02	-1.053341e-02	-9.298864e-03
904           	4.480767e-01	2.238763e-01	2.242004e-01	-4.297297e-01	1.985452e-01	-6.282750e-01	4.134101e-01	-1.620561e-04	-5.631714e-04	-2.017980e-02	-1.065307e-02	-9.526727e-03
905           	4.469131e-01	2.234159e-01	2.234972e-01	-4.275777e-01	1.993440e-01	-6.269217e-01	4.131329e-01	-4.063861e-05	-3.131588e-04	-2.052929e-02	-1.057780e-02	-9.951484e-03
906           	4.448825e-01	2.224830e-01	2.223995e-01	-4.202850e-01	2.033068e-01	-6.235919e-01	4.134494e-01	4.175835e-05	1.794076e-04	-1.972505e-02	-9.683119e-03	-1.004193e-02
907           	4.427254e-01	2.217039e-01	2.210214e-01	-4.071156e-01	2.110747e-01	-6.181903e-01	4.146325e-01	3.412637e-04	8.512272e-04	-1.898582e-02	-8.641684e-03	-1.034414e-02
908           	4.399721e-01	2.202655e-01	2.197066e-01	-3.946733e-01	2.176454e-01	-6.123187e-01	4.149821e-01	2.794583e-04	1.703699e-03	-1.724853e-02	-6.920568e-03	-1.032797e-02
909           	4.378527e-01	2.189585e-01	2.188943e-01	-3.812785e-01	2.261969e-01	-6.074754e-01	4.168361e-01	3.210782e-05	2.580927e-03	-1.557539e-02	-5.206767e-03	-1.036862e-02
910           	4.359729e-01	2.174736e-01	2.184993e-01	-3.707132e-01	2.327834e-01	-6.034966e-01	4.181400e-01	-5.128175e-04	3.377958e-03	-1.377152e-02	-3.507801e-03	-1.026372e-02
911           	4.353052e-01	2.163229e-01	2.189823e-01	-3.607362e-01	2.408177e-01	-6.015539e-01	4.211858e-01	-1.329698e-03	3.801779e-03	-1.256253e-02	-2.479483e-03	-1.008304e-02
912           	4.352858e-01	2.155495e-01	2.197363e-01	-3.520899e-01	2.470417e-01	-5.991316e-01	4.230866e-01	-2.093419e-03	3.957648e-03	-1.187833e-02	-1.981519e-03	-9.896816e-03
913           	4.362397e-01	2.153359e-01	2.209038e-01	-3.447523e-01	2.522939e-01	-5.970462e-01	4.246700e-01	-2.783967e-03	3.861752e-03	-1.180272e-02	-2.039609e-03	-9.763113e-03
914           	4.377055e-01	2.155848e-01	2.221207e-01	-3.384789e-01	2.560682e-01	-5.945471e-01	4.253076e-01	-3.267960e-03	3.588710e-03	-1.229625e-02	-2.559415e-03	-9.736835e-03
915           	4.398381e-01	2.164307e-01	2.234074e-01	-3.354794e-01	2.575618e-01	-5.930412e-01	4.253015e-01	-3.488381e-03	3.408895e-03	-1.291777e-02	-3.049988e-03	-9.867778e-03
916           	4.422390e-01	2.175300e-01	2.247090e-01	-3.340543e-01	2.576537e-01	-5.917080e-01	4.246809e-01	-3.589523e-03	3.064564e-03	-1.366292e-02	-3.766895e-03	-9.896023e-03
917           	4.446531e-01	2.188318e-01	2.258213e-01	-3.382683e-01	2.540151e-01	-5.922834e-01	4.231493e-01	-3.494774e-03	2.765967e-03	-1.411997e-02	-4.294018e-03	-9.825952e-03
918           	4.467502e-01	2.199700e-01	2.267802e-01	-3.511835e-01	2.443991e-01	-5.955826e-01	4.199909e-01	-3.405128e-03	2.581831e-03	-1.417237e-02	-4.504355e-03	-9.668017e-03
919           	4.485040e-01	2.207225e-01	2.277814e-01	-3.678077e-01	2.325059e-01	-6.003136e-01	4.164098e-01	-3.529460e-03	2.440264e-03	-1.392731e-02	-4.523391e-03	-9.403919e-03
920           	4.491989e-01	2.208096e-01	2.283893e-01	-3.813418e-01	2.219458e-01	-6.032876e-01	4.126167e-01	-3.789870e-03	2.286975e-03	-1.348034e-02	-4.453194e-03	-9.027143e-03
921           	4.491176e-01	2.203624e-01	2.287552e-01	-3.892425e-01	2.150605e-01	-6.043030e-01	4.096817e-01	-4.196404e-03	2.187900e-03	-1.289228e-02	-4.258238e-03	-8.634039e-03
922           	4.477805e-01	2.192310e-01	2.285496e-01	-3.885083e-01	2.126306e-01	-6.011389e-01	4.068847e-01	-4.659306e-03	2.097572e-03	-1.234463e-02	-4.074743e-03	-8.269887e-03
923           	4.455204e-01	2.176538e-01	2.278666e-01	-3.799665e-01	2.144837e-01	-5.944502e-01	4.044669e-01	-5.106416e-03	2.038049e-03	-1.193997e-02	-3.931937e-03	-8.008036e-03
924           	4.423694e-01	2.158113e-01	2.265581e-01	-3.651714e-01	2.196653e-01	-5.848367e-01	4.022510e-01	-5.373380e-03	2.012865e-03	-1.176886e-02	-3.871562e-03	-7.897293e-03
925           	4.392965e-01	2.142125e-01	2.250840e-01	-3.490027e-01	2.268635e-01	-5.758662e-01	4.013649e-01	-5.435759e-03	2.105925e-03	-1.162487e-02	-3.706511e-03	-7.918361e-03
926           	4.366187e-01	2.130575e-01	2.235611e-01	-3.348591e-01	2.345248e-01	-5.693838e-01	4.019543e-01	-5.251794e-03	2.245259e-03	-1.149339e-02	-3.501437e-03	-7.991954e-03
927           	4.351060e-01	2.124649e-01	2.226411e-01	-3.259037e-01	2.414938e-01	-5.673975e-01	4.044456e-01	-5.088123e-03	2.425860e-03	-1.127981e-02	-3.214044e-03	-8.065765e-03
928           	4.346418e-01	2.125713e-01	2.220705e-01	-3.213276e-01	2.474680e-01	-5.687956e-01	4.081318e-01	-4.749610e-03	2.429746e-03	-1.128251e-02	-3.211507e-03	-8.070999e-03
929           	4.354014e-01	2.132439e-01	2.221575e-01	-3.216498e-01	2.518826e-01	-5.735324e-01	4.127075e-01	-4.456786e-03	2.293300e-03	-1.161990e-02	-3.516649e-03	-8.103250e-03
930           	4.366661e-01	2.142888e-01	2.223773e-01	-3.251959e-01	2.540345e-01	-5.792305e-01	4.166325e-01	-4.044260e-03	1.916397e-03	-1.238207e-02	-4.274639e-03	-8.107434e-03
931           	4.382347e-01	2.155137e-01	2.227210e-01	-3.305138e-01	2.539140e-01	-5.844278e-01	4.191709e-01	-3.603677e-03	1.543200e-03	-1.349041e-02	-5.202004e-03	-8.288403e-03
932           	4.401500e-01	2.169048e-01	2.232452e-01	-3.373324e-01	2.517586e-01	-5.890910e-01	4.204248e-01	-3.170196e-03	8.871815e-04	-1.486850e-02	-6.547070e-03	-8.321433e-03
933           	4.418458e-01	2.182928e-01	2.235530e-01	-3.434866e-01	2.468786e-01	-5.903652e-01	4.186219e-01	-2.630074e-03	3.881582e-04	-1.608360e-02	-7.653643e-03	-8.429959e-03
934           	4.431673e-01	2.195416e-01	2.236257e-01	-3.514675e-01	2.376013e-01	-5.890688e-01	4.133351e-01	-2.042023e-03	-2.041924e-04	-1.724336e-02	-8.825872e-03	-8.417488e-03
935           	4.442980e-01	2.202400e-01	2.240581e-01	-3.607235e-01	2.270447e-01	-5.877682e-01	4.074065e-01	-1.909049e-03	-5.003839e-04	-1.829354e-02	-9.647152e-03	-8.646384e-03
936           	4.451681e-01	2.205510e-01	2.246171e-01	-3.704946e-01	2.166081e-01	-5.871027e-01	4.018554e-01	-2.033022e-03	-6.390134e-04	-1.947727e-02	-1.037765e-02	-9.099622e-03
937           	4.458312e-01	2.205498e-01	2.252814e-01	-3.788833e-01	2.087564e-01	-5.876397e-01	3.981981e-01	-2.365813e-03	-5.639067e-04	-2.049546e-02	-1.081164e-02	-9.683822e-03
938           	4.460882e-01	2.203942e-01	2.256940e-01	-3.833952e-01	2.053049e-01	-5.887001e-01	3.970025e-01	-2.649873e-03	-4.342882e-04	-2.133068e-02	-1.109963e-02	-1.023105e-02
939           	4.458346e-01	2.199417e-01	2.258929e-01	-3.843965e-01	2.060265e-01	-5.904230e-01	3.982248e-01	-2.975583e-03	-2.662928e-04	-2.176313e-02	-1.114786e-02	-1.061527e-02
940           	4.447491e-01	2.193509e-01	2.253982e-01	-3.797449e-01	2.104966e-01	-5.902415e-01	4.003691e-01	-3.023631e-03	1.717896e-04	-2.155805e-02	-1.060724e-02	-1.095081e-02
941           	4.428533e-01	2.182565e-01	2.245968e-01	-3.738539e-01	2.158145e-01	-5.896683e-01	4.027414e-01	-3.170190e-03	5.241445e-04	-2.099859e-02	-9.975150e-03	-1.102344e-02
942           	4.400805e-01	2.169781e-01	2.231024e-01	-3.622916e-01	2.241309e-01	-5.864225e-01	4.052767e-01	-3.062195e-03	1.141504e-03	-1.966748e-02	-8.692234e-03	-1.097524e-02
943           	4.370540e-01	2.154114e-01	2.216427e-01	-3.527262e-01	2.301042e-01	-5.828304e-01	4.064673e-01	-3.115649e-03	1.724212e-03	-1.793577e-02	-7.243675e-03	-1.069210e-02
944           	4.339184e-01	2.138495e-01	2.200688e-01	-3.437562e-01	2.349345e-01	-5.786907e-01	4.068126e-01	-3.109641e-03	2.268677e-03	-1.611932e-02	-5.790983e-03	-1.032834e-02
945           	4.314802e-01	2.125133e-01	2.189669e-01	-3.366081e-01	2.390413e-01	-5.756494e-01	4.073453e-01	-3.226769e-03	2.716771e-03	-1.447732e-02	-4.521888e-03	-9.955431e-03
946           	4.298768e-01	2.117252e-01	2.181517e-01	-3.312294e-01	2.423140e-01	-5.735433e-01	4.079286e-01	-3.213256e-03	2.855673e-03	-1.336667e-02	-3.827663e-03	-9.539008e-03
947           	4.297223e-01	2.116300e-01	2.180924e-01	-3.300511e-01	2.445714e-01	-5.746225e-01	4.095969e-01	-3.231217e-03	2.844126e-03	-1.272352e-02	-3.517633e-03	-9.205885e-03
948           	4.306843e-01	2.123086e-01	2.183757e-01	-3.327128e-01	2.455502e-01	-5.782630e-01	4.119066e-01	-3.033525e-03	2.642335e-03	-1.268828e-02	-3.701804e-03	-8.986475e-03
949           	4.328241e-01	2.135702e-01	2.192539e-01	-3.393260e-01	2.451997e-01	-5.845256e-01	4.148626e-01	-2.841868e-03	2.452067e-03	-1.300547e-02	-4.050666e-03	-8.954800e-03
950           	4.353474e-01	2.152105e-01	2.201369e-01	-3.480082e-01	2.423909e-01	-5.903990e-01	4.163950e-01	-2.463164e-03	2.115109e-03	-1.356052e-02	-4.665152e-03	-8.895370e-03
951           	4.380250e-01	2.169966e-01	2.210284e-01	-3.614965e-01	2.352604e-01	-5.967569e-01	4.160087e-01	-2.015920e-03	1.758090e-03	-1.393428e-02	-5.209050e-03	-8.725229e-03
952           	4.403086e-01	2.186021e-01	2.217065e-01	-3.791427e-01	2.227448e-01	-6.018875e-01	4.123162e-01	-1.552184e-03	1.267997e-03	-1.445488e-02	-5.959445e-03	-8.495438e-03
953           	4.422361e-01	2.196397e-01	2.225964e-01	-3.979074e-01	2.087233e-01	-6.066307e-01	4.076770e-01	-1.478364e-03	8.541594e-04	-1.502591e-02	-6.658797e-03	-8.367116e-03
954           	4.431520e-01	2.202182e-01	2.229338e-01	-4.118477e-01	1.969592e-01	-6.088068e-01	4.028830e-01	-1.357842e-03	3.945863e-04	-1.581878e-02	-7.514803e-03	-8.303976e-03
955           	4.435372e-01	2.204269e-01	2.231103e-01	-4.192636e-01	1.907355e-01	-6.099991e-01	4.003673e-01	-1.341699e-03	4.415355e-05	-1.648504e-02	-8.198369e-03	-8.286676e-03
956           	4.422396e-01	2.201994e-01	2.220403e-01	-4.195707e-01	1.885307e-01	-6.081014e-01	3.983160e-01	-9.204525e-04	-1.060336e-04	-1.698178e-02	-8.596926e-03	-8.384859e-03
957           	4.408507e-01	2.198432e-01	2.210075e-01	-4.154935e-01	1.914735e-01	-6.069670e-01	3.992202e-01	-5.821137e-04	-2.594982e-05	-1.675886e-02	-8.405382e-03	-8.353482e-03
958           	4.388183e-01	2.198186e-01	2.189998e-01	-4.062449e-01	1.990096e-01	-6.052545e-01	4.021320e-01	4.094067e-04	3.710217e-04	-1.633933e-02	-7.798641e-03	-8.540684e-03
959           	4.370806e-01	2.194774e-01	2.176032e-01	-3.973444e-01	2.071544e-01	-6.044988e-01	4.058266e-01	9.371214e-04	1.103106e-03	-1.504935e-02	-6.421570e-03	-8.627782e-03
960           	4.355208e-01	2.191410e-01	2.163798e-01	-3.876520e-01	2.159705e-01	-6.036225e-01	4.097965e-01	1.380597e-03	1.923780e-03	-1.369384e-02	-4.923142e-03	-8.770702e-03
961           	4.345193e-01	2.185203e-01	2.159990e-01	-3.791053e-01	2.244208e-01	-6.035261e-01	4.139735e-01	1.260664e-03	2.832738e-03	-1.214456e-02	-3.239542e-03	-8.905017e-03
962           	4.339290e-01	2.177906e-01	2.161385e-01	-3.711962e-01	2.321803e-01	-6.033766e-01	4.177785e-01	8.260477e-04	3.512406e-03	-1.089727e-02	-1.936230e-03	-8.961042e-03
963           	4.339874e-01	2.170556e-01	2.169318e-01	-3.647294e-01	2.390350e-01	-6.037644e-01	4.213997e-01	6.192952e-05	4.009152e-03	-9.939775e-03	-9.607357e-04	-8.979039e-03
964           	4.345546e-01	2.165836e-01	2.179710e-01	-3.591945e-01	2.444516e-01	-6.036461e-01	4.240489e-01	-6.936864e-04	4.249832e-03	-9.478432e-03	-4.893840e-04	-8.989048e-03
965           	4.357593e-01	2.163822e-01	2.193772e-01	-3.559271e-01	2.478228e-01	-6.037499e-01	4.257864e-01	-1.497497e-03	4.377519e-03	-9.389840e-03	-3.174009e-04	-9.072439e-03
966           	4.375191e-01	2.166397e-01	2.208794e-01	-3.539581e-01	2.495440e-01	-6.035021e-01	4.265230e-01	-2.119840e-03	4.302785e-03	-9.768829e-03	-5.816296e-04	-9.187200e-03
967           	4.399320e-01	2.173965e-01	2.225355e-01	-3.545653e-01	2.493710e-01	-6.039363e-01	4.266537e-01	-2.569495e-03	4.271341e-03	-1.020057e-02	-8.289425e-04	-9.371625e-03
968           	4.426219e-01	2.185386e-01	2.240834e-01	-3.582100e-01	2.471298e-01	-6.053398e-01	4.262348e-01	-2.772410e-03	3.937129e-03	-1.100180e-02	-1.563770e-03	-9.438029e-03
969           	4.453137e-01	2.198035e-01	2.255102e-01	-3.697919e-01	2.400013e-01	-6.097933e-01	4.248973e-01	-2.853341e-03	3.765959e-03	-1.166487e-02	-2.066475e-03	-9.598394e-03
970           	4.475731e-01	2.209512e-01	2.266219e-01	-3.863253e-01	2.300984e-01	-6.164237e-01	4.232611e-01	-2.835352e-03	3.460694e-03	-1.237673e-02	-2.727672e-03	-9.649059e-03
971           	4.492547e-01	2.216545e-01	2.276001e-01	-4.027732e-01	2.208758e-01	-6.236490e-01	4.222624e-01	-2.972803e-03	3.155603e-03	-1.288908e-02	-3.288938e-03	-9.600144e-03
972           	4.500094e-01	2.218783e-01	2.281311e-01	-4.139567e-01	2.150910e-01	-6.290477e-01	4.220693e-01	-3.126421e-03	2.799150e-03	-1.327984e-02	-3.840771e-03	-9.439072e-03
973           	4.496770e-01	2.213356e-01	2.283414e-01	-4.177297e-01	2.135656e-01	-6.312953e-01	4.224305e-01	-3.502896e-03	2.611855e-03	-1.326307e-02	-4.019681e-03	-9.243392e-03
974           	4.479579e-01	2.203463e-01	2.276116e-01	-4.124549e-01	2.161820e-01	-6.286369e-01	4.224095e-01	-3.632654e-03	2.553093e-03	-1.344486e-02	-4.169338e-03	-9.275524e-03
975           	4.452452e-01	2.186352e-01	2.266100e-01	-4.020682e-01	2.207181e-01	-6.227863e-01	4.217522e-01	-3.987395e-03	2.806124e-03	-1.294993e-02	-3.668840e-03	-9.281088e-03
976           	4.416169e-01	2.167198e-01	2.248972e-01	-3.835558e-01	2.289401e-01	-6.124959e-01	4.207180e-01	-4.088691e-03	3.267090e-03	-1.229606e-02	-2.880941e-03	-9.415120e-03
977           	4.382608e-01	2.150157e-01	2.232451e-01	-3.630808e-01	2.383066e-01	-6.013875e-01	4.198470e-01	-4.114661e-03	3.965603e-03	-1.132772e-02	-1.698256e-03	-9.629462e-03
978           	4.358850e-01	2.139724e-01	2.219126e-01	-3.495462e-01	2.450980e-01	-5.946442e-01	4.198711e-01	-3.970124e-03	4.495378e-03	-1.060637e-02	-8.078065e-04	-9.798562e-03
979           	4.346902e-01	2.136137e-01	2.210766e-01	-3.416688e-01	2.507445e-01	-5.924133e-01	4.215789e-01	-3.731438e-03	4.861183e-03	-1.001555e-02	-1.465918e-04	-9.868957e-03
980           	4.346940e-01	2.141332e-01	2.205607e-01	-3.399776e-01	2.550128e-01	-5.949904e-01	4.250016e-01	-3.213751e-03	4.856528e-03	-9.943480e-03	-1.152116e-04	-9.828268e-03
981           	4.356549e-01	2.151773e-01	2.204777e-01	-3.441149e-01	2.566428e-01	-6.007577e-01	4.287003e-01	-2.650185e-03	4.660522e-03	-1.030561e-02	-4.922819e-04	-9.813327e-03
982           	4.373371e-01	2.167685e-01	2.205686e-01	-3.524237e-01	2.557613e-01	-6.081849e-01	4.319731e-01	-1.900070e-03	4.206807e-03	-1.114990e-02	-1.368141e-03	-9.781756e-03
983           	4.392426e-01	2.183220e-01	2.209207e-01	-3.619229e-01	2.524494e-01	-6.143723e-01	4.334108e-01	-1.299350e-03	3.638083e-03	-1.218977e-02	-2.456803e-03	-9.732970e-03
984           	4.412350e-01	2.199521e-01	2.212829e-01	-3.715701e-01	2.462601e-01	-6.178303e-01	4.320452e-01	-6.653895e-04	2.830546e-03	-1.328984e-02	-3.814373e-03	-9.475465e-03
985           	4.429222e-01	2.211901e-01	2.217321e-01	-3.808582e-01	2.372350e-01	-6.180932e-01	4.276641e-01	-2.710062e-04	1.989471e-03	-1.435270e-02	-5.186877e-03	-9.165818e-03
986           	4.441736e-01	2.218214e-01	2.223522e-01	-3.896737e-01	2.262529e-01	-6.159267e-01	4.210898e-01	-2.654012e-04	1.212734e-03	-1.560532e-02	-6.589926e-03	-9.015394e-03
987           	4.450853e-01	2.217677e-01	2.233177e-01	-3.978933e-01	2.148479e-01	-6.127412e-01	4.137946e-01	-7.749958e-04	6.263345e-04	-1.697510e-02	-7.861214e-03	-9.113883e-03
988           	4.457098e-01	2.214666e-01	2.242432e-01	-4.036057e-01	2.059239e-01	-6.095296e-01	4.077267e-01	-1.388293e-03	1.000110e-04	-1.854052e-02	-9.170250e-03	-9.370272e-03
989           	4.461668e-01	2.209799e-01	2.251869e-01	-4.057234e-01	2.016993e-01	-6.074227e-01	4.045610e-01	-2.103518e-03	-3.326390e-04	-1.976425e-02	-1.021476e-02	-9.549486e-03
990           	4.460631e-01	2.204564e-01	2.256067e-01	-4.025123e-01	2.010410e-01	-6.035534e-01	4.022972e-01	-2.575145e-03	-7.496535e-04	-2.105366e-02	-1.127648e-02	-9.777175e-03
991           	4.456994e-01	2.199401e-01	2.257593e-01	-3.976416e-01	2.048321e-01	-6.024737e-01	4.036529e-01	-2.909593e-03	-1.007108e-03	-2.149816e-02	-1.175619e-02	-9.741970e-03
992           	4.447240e-01	2.194838e-01	2.252402e-01	-3.899737e-01	2.114215e-01	-6.013952e-01	4.064084e-01	-2.878207e-03	-1.142851e-03	-2.153723e-02	-1.191147e-02	-9.625765e-03
993           	4.431804e-01	2.187854e-01	2.243950e-01	-3.809232e-01	2.192826e-01	-6.002058e-01	4.097442e-01	-2.804779e-03	-1.051513e-03	-2.095994e-02	-1.153148e-02	-9.428455e-03
994           	4.411472e-01	2.179732e-01	2.231739e-01	-3.712691e-01	2.272140e-01	-5.984831e-01	4.128485e-01	-2.600347e-03	-8.320268e-04	-2.003996e-02	-1.085201e-02	-9.187954e-03
995           	4.390903e-01	2.170491e-01	2.220412e-01	-3.626681e-01	2.340175e-01	-5.966857e-01	4.153516e-01	-2.496019e-03	-5.188370e-04	-1.897531e-02	-1.000649e-02	-8.968818e-03
996           	4.371721e-01	2.161967e-01	2.209755e-01	-3.539829e-01	2.400192e-01	-5.940022e-01	4.170107e-01	-2.389392e-03	-3.007595e-04	-1.819957e-02	-9.400542e-03	-8.799023e-03
997           	4.358657e-01	2.155819e-01	2.202839e-01	-3.462164e-01	2.449762e-01	-5.911926e-01	4.180844e-01	-2.351005e-03	-2.245577e-04	-1.788299e-02	-9.166053e-03	-8.716938e-03
998           	4.353404e-01	2.154129e-01	2.199275e-01	-3.401297e-01	2.487271e-01	-5.888569e-01	4.187920e-01	-2.257301e-03	-3.131228e-04	-1.813955e-02	-9.382899e-03	-8.756653e-03
999           	4.358852e-01	2.156831e-01	2.202021e-01	-3.372643e-01	2.511516e-01	-5.884159e-01	4.197837e-01	-2.259520e-03	-4.043581e-04	-1.872196e-02	-9.765340e-03	-8.956624e-03
1000          	4.375263e-01	2.165223e-01	2.210039e-01	-3.373067e-01	2.523501e-01	-5.896568e-01	4.210035e-01	-2.240799e-03	-4.859481e-04	-1.942707e-02	-1.019948e-02	-9.227586e-03
1001          	4.401979e-01	2.178308e-01	2.223671e-01	-3.402825e-01	2.517315e-01	-5.920141e-01	4.218728e-01	-2.268133e-03	-5.057084e-04	-1.999268e-02	-1.050205e-02	-9.490634e-03
1002          	4.432177e-01	2.193665e-01	2.238512e-01	-3.453151e-01	2.488839e-01	-5.941990e-01	4.215414e-01	-2.242374e-03	-5.499955e-04	-2.030028e-02	-1.070013e-02	-9.600143e-03
1003          	4.460159e-01	2.208261e-01	2.251899e-01	-3.554629e-01	2.414278e-01	-5.968908e-01	4.191593e-01	-2.181891e-03	-5.952688e-04	-2.017656e-02	-1.068355e-02	-9.493012e-03
1004          	4.482362e-01	2.219456e-01	2.262905e-01	-3.724589e-01	2.286662e-01	-6.011251e-01	4.148956e-01	-2.172469e-03	-6.723887e-04	-1.964251e-02	-1.049364e-02	-9.148867e-03
1005          	4.496718e-01	2.225885e-01	2.270833e-01	-3.915051e-01	2.146618e-01	-6.061669e-01	4.104144e-01	-2.247420e-03	-7.685060e-04	-1.884238e-02	-1.018969e-02	-8.652682e-03
1006          	4.500816e-01	2.228164e-01	2.272652e-01	-4.067789e-01	2.037724e-01	-6.105513e-01	4.071619e-01	-2.224396e-03	-8.825300e-04	-1.795531e-02	-9.860184e-03	-8.095124e-03
1007          	4.494051e-01	2.226450e-01	2.267601e-01	-4.164321e-01	1.971406e-01	-6.135727e-01	4.053566e-01	-2.057589e-03	-9.121671e-04	-1.699171e-02	-9.408020e-03	-7.583685e-03
1008          	4.477935e-01	2.221193e-01	2.256743e-01	-4.188338e-01	1.960927e-01	-6.149266e-01	4.055096e-01	-1.777483e-03	-7.999910e-04	-1.591498e-02	-8.757479e-03	-7.157497e-03
1009          	4.453501e-01	2.215490e-01	2.238011e-01	-4.170395e-01	1.993667e-01	-6.164062e-01	4.078864e-01	-1.126040e-03	-3.146058e-04	-1.446150e-02	-7.545358e-03	-6.916146e-03
1010          	4.428481e-01	2.207960e-01	2.220521e-01	-4.110713e-01	2.060311e-01	-6.171024e-01	4.115667e-01	-6.280629e-04	3.362780e-04	-1.272069e-02	-6.024069e-03	-6.696625e-03
1011          	4.404040e-01	2.198758e-01	2.205282e-01	-4.038226e-01	2.141673e-01	-6.179898e-01	4.160785e-01	-3.261973e-04	1.211718e-03	-1.065648e-02	-4.116520e-03	-6.539956e-03
1012          	4.381575e-01	2.187824e-01	2.193751e-01	-3.967012e-01	2.221056e-01	-6.188068e-01	4.204562e-01	-2.963563e-04	2.122983e-03	-8.596906e-03	-2.175469e-03	-6.421436e-03
1013          	4.364012e-01	2.176040e-01	2.187972e-01	-3.901066e-01	2.293193e-01	-6.194260e-01	4.243727e-01	-5.966345e-04	2.907481e-03	-6.838359e-03	-5.116979e-04	-6.326661e-03
1014          	4.351527e-01	2.165205e-01	2.186322e-01	-3.830160e-01	2.359237e-01	-6.189397e-01	4.274317e-01	-1.055841e-03	3.455012e-03	-5.693201e-03	6.084115e-04	-6.301612e-03
1015          	4.345029e-01	2.157528e-01	2.187501e-01	-3.769722e-01	2.412852e-01	-6.182574e-01	4.297713e-01	-1.498659e-03	3.791133e-03	-5.292171e-03	1.145048e-03	-6.437219e-03
1016          	4.343854e-01	2.153541e-01	2.190314e-01	-3.718818e-01	2.450208e-01	-6.169026e-01	4.309617e-01	-1.838642e-03	3.896439e-03	-5.646730e-03	1.073074e-03	-6.719804e-03
1017          	4.350593e-01	2.154872e-01	2.195721e-01	-3.682523e-01	2.471824e-01	-6.154347e-01	4.313086e-01	-2.042479e-03	3.853071e-03	-6.609339e-03	5.484016e-04	-7.157740e-03
1018          	4.364238e-01	2.160730e-01	2.203508e-01	-3.647796e-01	2.479583e-01	-6.127380e-01	4.303481e-01	-2.138944e-03	3.684879e-03	-7.889528e-03	-2.598848e-04	-7.629644e-03
1019          	4.387123e-01	2.173763e-01	2.213360e-01	-3.640246e-01	2.469354e-01	-6.109600e-01	4.289477e-01	-1.979835e-03	3.486264e-03	-9.248770e-03	-1.138121e-03	-8.110649e-03
1020          	4.414968e-01	2.190907e-01	2.224061e-01	-3.683965e-01	2.427668e-01	-6.111633e-01	4.269650e-01	-1.657741e-03	3.199339e-03	-1.054462e-02	-2.072968e-03	-8.471647e-03
1021          	4.445346e-01	2.208514e-01	2.236833e-01	-3.804553e-01	2.343695e-01	-6.148248e-01	4.245971e-01	-1.415947e-03	2.911324e-03	-1.193112e-02	-3.054237e-03	-8.876884e-03
1022          	4.471399e-01	2.221836e-01	2.249563e-01	-3.951825e-01	2.248983e-01	-6.200808e-01	4.224896e-01	-1.386360e-03	2.607894e-03	-1.328690e-02	-4.035554e-03	-9.251342e-03
1023          	4.490214e-01	2.231225e-01	2.258990e-01	-4.081733e-01	2.177873e-01	-6.259606e-01	4.218739e-01	-1.388233e-03	2.279293e-03	-1.446161e-02	-4.951511e-03	-9.510097e-03
1024          	4.495458e-01	2.234004e-01	2.261454e-01	-4.167181e-01	2.122578e-01	-6.289759e-01	4.206169e-01	-1.372510e-03	2.178568e-03	-1.522500e-02	-5.433932e-03	-9.791069e-03
1025          	4.488983e-01	2.229717e-01	2.259266e-01	-4.174724e-01	2.123200e-01	-6.297924e-01	4.210562e-01	-1.477493e-03	2.070056e-03	-1.553666e-02	-5.698275e-03	-9.838388e-03
1026          	4.465818e-01	2.217656e-01	2.248162e-01	-4.091590e-01	2.157339e-01	-6.248929e-01	4.203134e-01	-1.525314e-03	2.147308e-03	-1.552105e-02	-5.613218e-03	-9.907834e-03
1027          	4.432156e-01	2.200099e-01	2.232056e-01	-3.939578e-01	2.219468e-01	-6.159046e-01	4.189257e-01	-1.597854e-03	2.284561e-03	-1.535592e-02	-5.393398e-03	-9.962520e-03
1028          	4.391822e-01	2.179594e-01	2.212228e-01	-3.736870e-01	2.306613e-01	-6.043483e-01	4.175048e-01	-1.631720e-03	2.410630e-03	-1.522289e-02	-5.200815e-03	-1.002208e-02
1029          	4.358325e-01	2.162650e-01	2.195675e-01	-3.587015e-01	2.369667e-01	-5.956683e-01	4.163175e-01	-1.651281e-03	2.564638e-03	-1.480847e-02	-4.839597e-03	-9.968873e-03
1030          	4.333341e-01	2.150597e-01	2.182744e-01	-3.455953e-01	2.445870e-01	-5.901823e-01	4.173846e-01	-1.607332e-03	2.549590e-03	-1.488281e-02	-4.891814e-03	-9.990994e-03
1031          	4.323302e-01	2.146729e-01	2.176573e-01	-3.385441e-01	2.498828e-01	-5.884270e-01	4.191549e-01	-1.492178e-03	2.526903e-03	-1.491861e-02	-4.932401e-03	-9.986206e-03
1032          	4.324850e-01	2.149380e-01	2.175470e-01	-3.359840e-01	2.537135e-01	-5.896976e-01	4.217055e-01	-1.304461e-03	2.310279e-03	-1.521944e-02	-5.299440e-03	-9.919997e-03
1033          	4.336106e-01	2.158444e-01	2.177662e-01	-3.377833e-01	2.554525e-01	-5.932358e-01	4.243441e-01	-9.608767e-04	1.989222e-03	-1.583941e-02	-5.930480e-03	-9.908925e-03
1034          	4.351630e-01	2.170520e-01	2.181110e-01	-3.418175e-01	2.554017e-01	-5.972192e-01	4.263105e-01	-5.295255e-04	1.609080e-03	-1.667242e-02	-6.727130e-03	-9.945289e-03
1035          	4.369654e-01	2.184262e-01	2.185392e-01	-3.473039e-01	2.531560e-01	-6.004598e-01	4.268079e-01	-5.654076e-05	1.172197e-03	-1.749751e-02	-7.576560e-03	-9.920954e-03
1036          	4.385767e-01	2.197684e-01	2.188083e-01	-3.545917e-01	2.471279e-01	-6.017196e-01	4.244238e-01	4.800218e-04	6.067367e-04	-1.809391e-02	-8.440216e-03	-9.653689e-03
1037          	4.400082e-01	2.209848e-01	2.190234e-01	-3.631160e-01	2.383553e-01	-6.014713e-01	4.199133e-01	9.807102e-04	-5.136607e-06	-1.855156e-02	-9.280915e-03	-9.270641e-03
1038          	4.412160e-01	2.216565e-01	2.195595e-01	-3.721392e-01	2.278437e-01	-5.999829e-01	4.139133e-01	1.048482e-03	-5.341393e-04	-1.904874e-02	-1.005851e-02	-8.990231e-03
1039          	4.423614e-01	2.218095e-01	2.205519e-01	-3.823824e-01	2.167703e-01	-5.991527e-01	4.079615e-01	6.288103e-04	-9.481096e-04	-1.967825e-02	-1.078723e-02	-8.891016e-03
1040          	4.433802e-01	2.215899e-01	2.217903e-01	-3.901120e-01	2.083661e-01	-5.984781e-01	4.034221e-01	-1.002152e-04	-1.268040e-03	-2.022914e-02	-1.138261e-02	-8.846529e-03
1041          	4.442581e-01	2.212127e-01	2.230454e-01	-3.933550e-01	2.042212e-01	-5.975763e-01	4.008988e-01	-9.163411e-04	-1.497291e-03	-2.044891e-02	-1.172175e-02	-8.727165e-03
1042          	4.448085e-01	2.207014e-01	2.241071e-01	-3.915992e-01	2.041882e-01	-5.957874e-01	3.999878e-01	-1.702842e-03	-1.646739e-03	-2.022899e-02	-1.176123e-02	-8.467753e-03
1043          	4.448685e-01	2.201742e-01	2.246943e-01	-3.859304e-01	2.076166e-01	-5.935471e-01	4.005819e-01	-2.260052e-03	-1.638687e-03	-1.951526e-02	-1.139632e-02	-8.118945e-03
1044          	4.442050e-01	2.194940e-01	2.247110e-01	-3.770343e-01	2.136516e-01	-5.906858e-01	4.021687e-01	-2.608472e-03	-1.454589e-03	-1.837905e-02	-1.064411e-02	-7.734936e-03
1045          	4.427152e-01	2.185283e-01	2.241869e-01	-3.661409e-01	2.210026e-01	-5.871435e-01	4.040731e-01	-2.829283e-03	-1.046035e-03	-1.692948e-02	-9.510778e-03	-7.418707e-03
1046          	4.406467e-01	2.173235e-01	2.233232e-01	-3.549944e-01	2.286608e-01	-5.836552e-01	4.061580e-01	-2.999819e-03	-5.573434e-04	-1.537695e-02	-8.245817e-03	-7.131130e-03
1047          	4.382567e-01	2.159136e-01	2.223431e-01	-3.452954e-01	2.351394e-01	-5.804347e-01	4.077871e-01	-3.214756e-03	-6.132970e-05	-1.401587e-02	-7.069266e-03	-6.946606e-03
1048          	4.359213e-01	2.145736e-01	2.213477e-01	-3.364227e-01	2.408148e-01	-5.772376e-01	4.090262e-01	-3.387022e-03	2.257462e-04	-1.322770e-02	-6.388105e-03	-6.839597e-03
1049          	4.340882e-01	2.135633e-01	2.205248e-01	-3.291329e-01	2.454831e-01	-5.746160e-01	4.100496e-01	-3.480753e-03	2.469388e-04	-1.322968e-02	-6.367902e-03	-6.861780e-03
1050          	4.331502e-01	2.130768e-01	2.200735e-01	-3.244295e-01	2.490535e-01	-5.734831e-01	4.112683e-01	-3.498358e-03	-6.147599e-05	-1.405420e-02	-7.088574e-03	-6.965622e-03
1051          	4.333861e-01	2.132430e-01	2.201431e-01	-3.227155e-01	2.514390e-01	-5.741545e-01	4.127967e-01	-3.450054e-03	-4.745268e-04	-1.551216e-02	-8.230607e-03	-7.281554e-03
1052          	4.348653e-01	2.140943e-01	2.207710e-01	-3.236789e-01	2.526519e-01	-5.763308e-01	4.144914e-01	-3.338347e-03	-9.167884e-04	-1.727929e-02	-9.556433e-03	-7.722857e-03
1053          	4.374046e-01	2.154919e-01	2.219127e-01	-3.280267e-01	2.516873e-01	-5.797140e-01	4.157007e-01	-3.210410e-03	-1.205716e-03	-1.879193e-02	-1.060168e-02	-8.190248e-03
1054          	4.403644e-01	2.171038e-01	2.232606e-01	-3.349015e-01	2.484549e-01	-5.833564e-01	4.159057e-01	-3.078363e-03	-1.417110e-03	-1.979080e-02	-1.131251e-02	-8.478291e-03
1055          	4.431818e-01	2.186093e-01	2.245725e-01	-3.462678e-01	2.409233e-01	-5.871912e-01	4.140572e-01	-2.981602e-03	-1.562618e-03	-2.029859e-02	-1.171191e-02	-8.586675e-03
1056          	4.455049e-01	2.196894e-01	2.258155e-01	-3.631650e-01	2.284112e-01	-5.915763e-01	4.099937e-01	-3.063054e-03	-1.733006e-03	-2.061568e-02	-1.204085e-02	-8.574833e-03
1057          	4.470548e-01	2.201873e-01	2.268675e-01	-3.804363e-01	2.151671e-01	-5.956034e-01	4.053852e-01	-3.340097e-03	-1.883427e-03	-2.069255e-02	-1.222970e-02	-8.462850e-03
1058          	4.475906e-01	2.202047e-01	2.273859e-01	-3.932730e-01	2.049276e-01	-5.982007e-01	4.015641e-01	-3.590580e-03	-2.122269e-03	-2.072431e-02	-1.248443e-02	-8.239887e-03
1059          	4.471594e-01	2.197581e-01	2.274013e-01	-4.004284e-01	1.992678e-01	-5.996962e-01	3.994820e-01	-3.821618e-03	-2.344893e-03	-2.063102e-02	-1.266040e-02	-7.970617e-03
1060          	4.453610e-01	2.190499e-01	2.263111e-01	-4.023516e-01	1.972665e-01	-5.996181e-01	3.984423e-01	-3.630576e-03	-2.386569e-03	-2.041103e-02	-1.259209e-02	-7.818948e-03
1061          	4.429634e-01	2.179930e-01	2.249703e-01	-3.995789e-01	2.002688e-01	-5.998477e-01	4.000583e-01	-3.488668e-03	-2.198621e-03	-1.967793e-02	-1.203759e-02	-7.640344e-03
1062          	4.401170e-01	2.171363e-01	2.229807e-01	-3.924064e-01	2.081548e-01	-6.005613e-01	4.043580e-01	-2.922187e-03	-1.693029e-03	-1.876199e-02	-1.107402e-02	-7.687965e-03
1063          	4.372239e-01	2.158771e-01	2.213467e-01	-3.853372e-01	2.153850e-01	-6.007223e-01	4.080536e-01	-2.734791e-03	-9.497794e-04	-1.717850e-02	-9.539029e-03	-7.639470e-03
1064          	4.348483e-01	2.148950e-01	2.199533e-01	-3.789079e-01	2.242747e-01	-6.031826e-01	4.137286e-01	-2.529175e-03	-1.048078e-04	-1.555471e-02	-7.882165e-03	-7.672549e-03
1065          	4.327679e-01	2.137812e-01	2.189867e-01	-3.735659e-01	2.303922e-01	-6.039581e-01	4.171751e-01	-2.602781e-03	6.741817e-04	-1.401693e-02	-6.334285e-03	-7.682649e-03
1066          	4.315131e-01	2.129877e-01	2.185254e-01	-3.701499e-01	2.365137e-01	-6.066636e-01	4.215887e-01	-2.768854e-03	1.213455e-03	-1.286653e-02	-5.219808e-03	-7.646718e-03
1067          	4.311888e-01	2.127294e-01	2.184594e-01	-3.688422e-01	2.404782e-01	-6.093205e-01	4.248994e-01	-2.864999e-03	1.526813e-03	-1.238471e-02	-4.665544e-03	-7.719170e-03
1068          	4.315541e-01	2.130715e-01	2.184826e-01	-3.692152e-01	2.427137e-01	-6.119289e-01	4.273213e-01	-2.705540e-03	1.613429e-03	-1.259403e-02	-4.683585e-03	-7.910443e-03
1069          	4.329074e-01	2.141318e-01	2.187755e-01	-3.717969e-01	2.432767e-01	-6.150736e-01	4.291751e-01	-2.321841e-03	1.641117e-03	-1.320722e-02	-4.962492e-03	-8.244727e-03
1070          	4.350276e-01	2.157444e-01	2.192832e-01	-3.748185e-01	2.424649e-01	-6.172835e-01	4.298742e-01	-1.769409e-03	1.564477e-03	-1.407158e-02	-5.471315e-03	-8.600269e-03
1071          	4.379253e-01	2.179339e-01	2.199914e-01	-3.799234e-01	2.392096e-01	-6.191329e-01	4.291713e-01	-1.028767e-03	1.480795e-03	-1.497362e-02	-6.006013e-03	-8.967604e-03
1072          	4.412121e-01	2.203690e-01	2.208431e-01	-3.877455e-01	2.334880e-01	-6.212335e-01	4.273608e-01	-2.370327e-04	1.341467e-03	-1.587377e-02	-6.595418e-03	-9.278351e-03
1073          	4.445994e-01	2.223874e-01	2.222120e-01	-4.000291e-01	2.248604e-01	-6.248895e-01	4.248749e-01	8.766912e-05	1.258848e-03	-1.678308e-02	-7.132695e-03	-9.650390e-03
1074          	4.476905e-01	2.238270e-01	2.238635e-01	-4.137804e-01	2.161545e-01	-6.299349e-01	4.230447e-01	-1.821993e-05	1.189383e-03	-1.755417e-02	-7.587702e-03	-9.966468e-03
1075          	4.501557e-01	2.246988e-01	2.254569e-01	-4.253923e-01	2.095487e-01	-6.349410e-01	4.222449e-01	-3.790387e-04	1.141367e-03	-1.800961e-02	-7.863437e-03	-1.014617e-02
1076          	4.515079e-01	2.248938e-01	2.266140e-01	-4.312845e-01	2.071323e-01	-6.384169e-01	4.227746e-01	-8.601044e-04	1.090182e-03	-1.801962e-02	-7.919626e-03	-1.009999e-02
1077          	4.517287e-01	2.246225e-01	2.271062e-01	-4.312389e-01	2.077630e-01	-6.390020e-01	4.233825e-01	-1.241879e-03	1.310480e-03	-1.741743e-02	-7.398233e-03	-1.001919e-02
1078          	4.505534e-01	2.237356e-01	2.268177e-01	-4.247412e-01	2.118258e-01	-6.365670e-01	4.241964e-01	-1.541068e-03	1.620030e-03	-1.634323e-02	-6.551587e-03	-9.791648e-03
1079          	4.482781e-01	2.226361e-01	2.256420e-01	-4.105086e-01	2.198595e-01	-6.303681e-01	4.251138e-01	-1.502934e-03	2.409475e-03	-1.470092e-02	-4.940987e-03	-9.759937e-03
1080          	4.452765e-01	2.212807e-01	2.239958e-01	-3.975296e-01	2.259379e-01	-6.234675e-01	4.247027e-01	-1.357530e-03	3.243854e-03	-1.296643e-02	-3.239363e-03	-9.727071e-03
1081          	4.420724e-01	2.200040e-01	2.220684e-01	-3.826614e-01	2.345896e-01	-6.172509e-01	4.259202e-01	-1.032224e-03	4.314251e-03	-1.087593e-02	-1.123715e-03	-9.752218e-03
1082          	4.397447e-01	2.190157e-01	2.207290e-01	-3.732800e-01	2.407913e-01	-6.140713e-01	4.274313e-01	-8.566542e-04	5.096600e-03	-9.111918e-03	5.406407e-04	-9.652559e-03
1083          	4.387127e-01	2.185933e-01	2.201194e-01	-3.687587e-01	2.458632e-01	-6.146219e-01	4.302426e-01	-7.630274e-04	5.516264e-03	-7.884036e-03	1.574246e-03	-9.458282e-03
1084          	4.388604e-01	2.187592e-01	2.201012e-01	-3.684681e-01	2.496338e-01	-6.181019e-01	4.338678e-01	-6.710342e-04	5.520340e-03	-7.342015e-03	1.849333e-03	-9.191348e-03
1085          	4.400094e-01	2.194066e-01	2.206027e-01	-3.720813e-01	2.515758e-01	-6.236570e-01	4.376164e-01	-5.980549e-04	5.223775e-03	-7.572872e-03	1.437339e-03	-9.010211e-03
1086          	4.416610e-01	2.203993e-01	2.212617e-01	-3.770906e-01	2.520895e-01	-6.291801e-01	4.406348e-01	-4.311965e-04	4.785768e-03	-8.342036e-03	6.147501e-04	-8.956786e-03
1087          	4.433429e-01	2.214290e-01	2.219139e-01	-3.819925e-01	2.505036e-01	-6.324962e-01	4.414999e-01	-2.424588e-04	4.247560e-03	-9.379406e-03	-4.421427e-04	-8.937263e-03
1088          	4.446885e-01	2.224756e-01	2.222130e-01	-3.888700e-01	2.449286e-01	-6.337986e-01	4.393636e-01	1.313138e-04	3.621651e-03	-1.021682e-02	-1.486761e-03	-8.730064e-03
1089          	4.454729e-01	2.233382e-01	2.221347e-01	-3.975286e-01	2.355770e-01	-6.331056e-01	4.343413e-01	6.017933e-04	2.976905e-03	-1.087513e-02	-2.460663e-03	-8.414472e-03
1090          	4.457692e-01	2.236554e-01	2.221138e-01	-4.073642e-01	2.239785e-01	-6.313427e-01	4.276606e-01	7.707644e-04	2.534564e-03	-1.156334e-02	-3.247107e-03	-8.316234e-03
1091          	4.457648e-01	2.234589e-01	2.223059e-01	-4.174281e-01	2.120951e-01	-6.295232e-01	4.208091e-01	5.764844e-04	2.296273e-03	-1.242706e-02	-3.917259e-03	-8.509805e-03
1092          	4.455508e-01	2.230239e-01	2.225270e-01	-4.239304e-01	2.032669e-01	-6.271973e-01	4.152321e-01	2.484286e-04	2.159100e-03	-1.346971e-02	-4.575753e-03	-8.893954e-03
1093          	4.451157e-01	2.224152e-01	2.227004e-01	-4.249675e-01	1.990065e-01	-6.239740e-01	4.114902e-01	-1.426068e-04	1.995097e-03	-1.459003e-02	-5.299916e-03	-9.290110e-03
1094          	4.444809e-01	2.217847e-01	2.226962e-01	-4.207148e-01	1.993757e-01	-6.200905e-01	4.097331e-01	-4.557201e-04	1.798856e-03	-1.564710e-02	-6.024695e-03	-9.622406e-03
1095          	4.434759e-01	2.210461e-01	2.224299e-01	-4.121516e-01	2.033303e-01	-6.154819e-01	4.094061e-01	-6.919123e-04	1.636388e-03	-1.628800e-02	-6.507612e-03	-9.780388e-03
1096          	4.419188e-01	2.201481e-01	2.217707e-01	-4.005001e-01	2.099322e-01	-6.104324e-01	4.101823e-01	-8.112686e-04	1.685922e-03	-1.638605e-02	-6.507102e-03	-9.878947e-03
1097          	4.398759e-01	2.190008e-01	2.208751e-01	-3.875919e-01	2.178277e-01	-6.054195e-01	4.116236e-01	-9.371371e-04	1.996590e-03	-1.603060e-02	-6.018710e-03	-1.001189e-02
1098          	4.376040e-01	2.177659e-01	2.198381e-01	-3.744432e-01	2.262773e-01	-6.007205e-01	4.134989e-01	-1.036109e-03	2.495517e-03	-1.537837e-02	-5.193668e-03	-1.018470e-02
1099          	4.355222e-01	2.164822e-01	2.190400e-01	-3.627666e-01	2.341140e-01	-5.968806e-01	4.154973e-01	-1.278894e-03	2.989657e-03	-1.465709e-02	-4.338887e-03	-1.031820e-02
1100          	4.338934e-01	2.154520e-01	2.184414e-01	-3.526313e-01	2.413052e-01	-5.939365e-01	4.176209e-01	-1.494678e-03	3.254030e-03	-1.422397e-02	-3.857956e-03	-1.036602e-02
1101          	4.330727e-01	2.149242e-01	2.181485e-01	-3.447883e-01	2.473350e-01	-5.921233e-01	4.197292e-01	-1.612145e-03	3.205502e-03	-1.437866e-02	-3.983826e-03	-1.039483e-02
1102          	4.331323e-01	2.150100e-01	2.181222e-01	-3.389963e-01	2.520216e-01	-5.910179e-01	4.215197e-01	-1.556097e-03	2.827653e-03	-1.529579e-02	-4.820241e-03	-1.047555e-02
1103          	4.341912e-01	2.156236e-01	2.185676e-01	-3.354310e-01	2.552455e-01	-5.906765e-01	4.229610e-01	-1.472006e-03	2.281258e-03	-1.683331e-02	-6.135396e-03	-1.069791e-02
1104          	4.361202e-01	2.166915e-01	2.194287e-01	-3.333185e-01	2.568710e-01	-5.901894e-01	4.235302e-01	-1.368556e-03	1.668412e-03	-1.862271e-02	-7.642945e-03	-1.097977e-02
1105          	4.388178e-01	2.180719e-01	2.207459e-01	-3.334685e-01	2.561842e-01	-5.896527e-01	4.229184e-01	-1.337019e-03	1.125162e-03	-2.018558e-02	-8.967626e-03	-1.121795e-02
1106          	4.417109e-01	2.196212e-01	2.220896e-01	-3.366186e-01	2.522211e-01	-5.888396e-01	4.205304e-01	-1.234187e-03	6.421054e-04	-2.126115e-02	-9.988467e-03	-1.127268e-02
1107          	4.443619e-01	2.210727e-01	2.232893e-01	-3.463914e-01	2.425810e-01	-5.889724e-01	4.157767e-01	-1.108302e-03	2.794128e-04	-2.184497e-02	-1.064307e-02	-1.120190e-02
1108          	4.463542e-01	2.219760e-01	2.243781e-01	-3.607175e-01	2.293691e-01	-5.900866e-01	4.097279e-01	-1.201038e-03	2.854246e-05	-2.218911e-02	-1.106601e-02	-1.112310e-02
1109          	4.474428e-01	2.222237e-01	2.252191e-01	-3.742526e-01	2.169193e-01	-5.911718e-01	4.040456e-01	-1.497691e-03	-1.438396e-04	-2.235975e-02	-1.132371e-02	-1.103603e-02
1110          	4.475372e-01	2.220276e-01	2.255096e-01	-3.832056e-01	2.082014e-01	-5.914071e-01	3.998043e-01	-1.740976e-03	-2.856418e-04	-2.240842e-02	-1.148985e-02	-1.091857e-02
1111          	4.466744e-01	2.213991e-01	2.252753e-01	-3.865348e-01	2.040855e-01	-5.906202e-01	3.973528e-01	-1.938088e-03	-3.333504e-04	-2.216720e-02	-1.141695e-02	-1.075025e-02
1112          	4.449536e-01	2.203864e-01	2.245671e-01	-3.838596e-01	2.049453e-01	-5.888049e-01	3.968751e-01	-2.090343e-03	-2.807593e-04	-2.151621e-02	-1.103886e-02	-1.047735e-02
1113          	4.427816e-01	2.194480e-01	2.233336e-01	-3.762487e-01	2.101515e-01	-5.864002e-01	3.982758e-01	-1.942815e-03	2.172036e-05	-2.052650e-02	-1.024153e-02	-1.028497e-02
1114          	4.402945e-01	2.181709e-01	2.221236e-01	-3.672489e-01	2.166986e-01	-5.839475e-01	4.003230e-01	-1.976327e-03	4.467250e-04	-1.907191e-02	-9.089229e-03	-9.982679e-03
1115          	4.381208e-01	2.170791e-01	2.210416e-01	-3.569622e-01	2.262080e-01	-5.831701e-01	4.046890e-01	-1.981249e-03	1.060542e-03	-1.724107e-02	-7.559994e-03	-9.681078e-03
1116          	4.363595e-01	2.159171e-01	2.204425e-01	-3.498160e-01	2.332725e-01	-5.830885e-01	4.081805e-01	-2.262695e-03	1.653980e-03	-1.530933e-02	-6.000683e-03	-9.308643e-03
1117          	4.354005e-01	2.149339e-01	2.204666e-01	-3.447490e-01	2.405021e-01	-5.852511e-01	4.128766e-01	-2.766364e-03	2.128427e-03	-1.342640e-02	-4.584774e-03	-8.841628e-03
1118          	4.350028e-01	2.143625e-01	2.206403e-01	-3.405459e-01	2.450950e-01	-5.856410e-01	4.153680e-01	-3.138925e-03	2.378030e-03	-1.227674e-02	-3.760340e-03	-8.516400e-03
1119          	4.353476e-01	2.142081e-01	2.211395e-01	-3.386888e-01	2.493203e-01	-5.880091e-01	4.186647e-01	-3.465685e-03	2.317135e-03	-1.182110e-02	-3.593417e-03	-8.227686e-03
1120          	4.363622e-01	2.147483e-01	2.216140e-01	-3.391246e-01	2.510936e-01	-5.902182e-01	4.206559e-01	-3.432861e-03	2.009912e-03	-1.230599e-02	-4.143081e-03	-8.162905e-03
1121          	4.378731e-01	2.157963e-01	2.220768e-01	-3.401438e-01	2.512777e-01	-5.914214e-01	4.213496e-01	-3.140253e-03	1.667455e-03	-1.328229e-02	-4.973690e-03	-8.308600e-03
1122          	4.400400e-01	2.173703e-01	2.226696e-01	-3.430821e-01	2.494195e-01	-5.925016e-01	4.209605e-01	-2.649659e-03	1.242263e-03	-1.416840e-02	-5.841936e-03	-8.326461e-03
1123          	4.426124e-01	2.193282e-01	2.232842e-01	-3.498728e-01	2.442718e-01	-5.941445e-01	4.192081e-01	-1.977977e-03	9.219550e-04	-1.459301e-02	-6.374551e-03	-8.218461e-03
1124          	4.452529e-01	2.211834e-01	2.240695e-01	-3.601607e-01	2.369975e-01	-5.971582e-01	4.170778e-01	-1.443022e-03	7.187583e-04	-1.463514e-02	-6.598810e-03	-8.036326e-03
1125          	4.476274e-01	2.223829e-01	2.252445e-01	-3.746529e-01	2.277343e-01	-6.023872e-01	4.150607e-01	-1.430826e-03	7.113978e-04	-1.462174e-02	-6.599474e-03	-8.022270e-03
1126          	4.493317e-01	2.228804e-01	2.264513e-01	-3.897363e-01	2.192663e-01	-6.090026e-01	4.141344e-01	-1.785444e-03	7.422114e-04	-1.478933e-02	-6.652453e-03	-8.136875e-03
1127          	4.500504e-01	2.226985e-01	2.273518e-01	-4.016048e-01	2.139810e-01	-6.155858e-01	4.147834e-01	-2.326665e-03	7.421499e-04	-1.506864e-02	-6.792169e-03	-8.276469e-03
1128          	4.494346e-01	2.218529e-01	2.275817e-01	-4.092261e-01	2.112432e-01	-6.204693e-01	4.158563e-01	-2.864408e-03	8.863074e-04	-1.514859e-02	-6.687987e-03	-8.460602e-03
1129          	4.475800e-01	2.203865e-01	2.271935e-01	-4.105260e-01	2.121692e-01	-6.226952e-01	4.174322e-01	-3.403490e-03	9.835382e-04	-1.493613e-02	-6.484527e-03	-8.451604e-03
1130          	4.445256e-01	2.185636e-01	2.259620e-01	-4.047898e-01	2.167760e-01	-6.215658e-01	4.191709e-01	-3.699179e-03	1.368329e-03	-1.423572e-02	-5.749532e-03	-8.486189e-03
1131          	4.408034e-01	2.165045e-01	2.242989e-01	-3.956490e-01	2.214136e-01	-6.170627e-01	4.192381e-01	-3.897206e-03	1.708169e-03	-1.345443e-02	-5.019047e-03	-8.435386e-03
1132          	4.369185e-01	2.145316e-01	2.223869e-01	-3.812617e-01	2.293037e-01	-6.105654e-01	4.199345e-01	-3.927619e-03	2.231271e-03	-1.248419e-02	-4.010822e-03	-8.473364e-03
1133          	4.338854e-01	2.130572e-01	2.208281e-01	-3.681829e-01	2.360982e-01	-6.042811e-01	4.201896e-01	-3.885438e-03	2.684014e-03	-1.181429e-02	-3.223130e-03	-8.591158e-03
1134          	4.321390e-01	2.122211e-01	2.199179e-01	-3.567392e-01	2.432276e-01	-5.999668e-01	4.215972e-01	-3.848397e-03	2.953202e-03	-1.145148e-02	-2.772538e-03	-8.678942e-03
1135          	4.317585e-01	2.121824e-01	2.195761e-01	-3.484328e-01	2.495444e-01	-5.979771e-01	4.237607e-01	-3.696848e-03	3.001065e-03	-1.169839e-02	-2.848130e-03	-8.850261e-03
1136          	4.326734e-01	2.130339e-01	2.196394e-01	-3.448480e-01	2.544305e-01	-5.992784e-01	4.268544e-01	-3.302750e-03	2.710119e-03	-1.280062e-02	-3.690190e-03	-9.110427e-03
1137          	4.344449e-01	2.145425e-01	2.199024e-01	-3.452162e-01	2.571499e-01	-6.023661e-01	4.297580e-01	-2.679920e-03	2.251589e-03	-1.457858e-02	-5.037700e-03	-9.540878e-03
1138          	4.368348e-01	2.165291e-01	2.203057e-01	-3.482631e-01	2.582073e-01	-6.064704e-01	4.323388e-01	-1.888268e-03	1.673539e-03	-1.664901e-02	-6.650964e-03	-9.998042e-03
1139          	4.392260e-01	2.185285e-01	2.206975e-01	-3.532776e-01	2.559312e-01	-6.092088e-01	4.325700e-01	-1.084519e-03	1.072141e-03	-1.835427e-02	-8.104993e-03	-1.024928e-02
1140          	4.415449e-01	2.206047e-01	2.209401e-01	-3.620024e-01	2.489081e-01	-6.109105e-01	4.299093e-01	-1.676874e-04	3.786539e-04	-1.932412e-02	-9.283404e-03	-1.004071e-02
1141          	4.434658e-01	2.223177e-01	2.211482e-01	-3.723771e-01	2.378173e-01	-6.101944e-01	4.240059e-01	5.847581e-04	-2.984451e-04	-1.970491e-02	-1.015090e-02	-9.554008e-03
1142          	4.451820e-01	2.233964e-01	2.217856e-01	-3.841341e-01	2.245386e-01	-6.086727e-01	4.166057e-01	8.054036e-04	-8.719458e-04	-2.007748e-02	-1.091068e-02	-9.166792e-03
1143          	4.464181e-01	2.237073e-01	2.227108e-01	-3.940961e-01	2.117946e-01	-6.058907e-01	4.088427e-01	4.982198e-04	-1.289001e-03	-2.060225e-02	-1.159013e-02	-9.012124e-03
1144          	4.473503e-01	2.236025e-01	2.237478e-01	-4.001094e-01	2.032188e-01	-6.033282e-01	4.032735e-01	-7.262631e-05	-1.639484e-03	-2.125806e-02	-1.226852e-02	-8.989547e-03
1145          	4.476880e-01	2.230114e-01	2.246766e-01	-4.009625e-01	1.995863e-01	-6.005488e-01	4.000675e-01	-8.325746e-04	-1.933124e-03	-2.152575e-02	-1.269600e-02	-8.829752e-03
1146          	4.477021e-01	2.223667e-01	2.253355e-01	-3.972770e-01	1.999890e-01	-5.972660e-01	3.986275e-01	-1.484420e-03	-2.164561e-03	-2.168279e-02	-1.300596e-02	-8.676836e-03
1147          	4.468981e-01	2.215407e-01	2.253574e-01	-3.913806e-01	2.036224e-01	-5.950029e-01	3.993126e-01	-1.908326e-03	-2.236657e-03	-2.105037e-02	-1.276184e-02	-8.288529e-03
1148          	4.457782e-01	2.208528e-01	2.249254e-01	-3.816650e-01	2.109310e-01	-5.925960e-01	4.017635e-01	-2.036292e-03	-2.082599e-03	-2.029344e-02	-1.222932e-02	-8.064122e-03
1149          	4.439336e-01	2.198476e-01	2.240860e-01	-3.724813e-01	2.174735e-01	-5.899549e-01	4.037142e-01	-2.119208e-03	-1.627939e-03	-1.884631e-02	-1.105110e-02	-7.795218e-03
1150          	4.419781e-01	2.188454e-01	2.231327e-01	-3.614573e-01	2.264130e-01	-5.878704e-01	4.071417e-01	-2.143650e-03	-1.013316e-03	-1.722727e-02	-9.626950e-03	-7.600319e-03
1151          	4.400602e-01	2.177291e-01	2.223310e-01	-3.519608e-01	2.321280e-01	-5.840888e-01	4.081084e-01	-2.300936e-03	-3.524479e-04	-1.551469e-02	-8.109791e-03	-7.404896e-03
1152          	4.383244e-01	2.165392e-01	2.217852e-01	-3.415978e-01	2.395185e-01	-5.811163e-01	4.103174e-01	-2.622972e-03	7.953583e-05	-1.401030e-02	-6.925614e-03	-7.084685e-03
1153          	4.373264e-01	2.158105e-01	2.215159e-01	-3.325810e-01	2.442797e-01	-5.768607e-01	4.105702e-01	-2.852725e-03	2.255838e-04	-1.334908e-02	-6.448958e-03	-6.900125e-03
1154          	4.373359e-01	2.155689e-01	2.217671e-01	-3.259926e-01	2.483862e-01	-5.743788e-01	4.113825e-01	-3.099097e-03	9.510327e-05	-1.343341e-02	-6.621604e-03	-6.811810e-03
1155          	4.384502e-01	2.159094e-01	2.225408e-01	-3.222522e-01	2.511396e-01	-5.733918e-01	4.122657e-01	-3.315677e-03	-2.140159e-04	-1.418099e-02	-7.304513e-03	-6.876481e-03
1156          	4.407922e-01	2.167842e-01	2.240080e-01	-3.220664e-01	2.527310e-01	-5.747974e-01	4.137642e-01	-3.611892e-03	-6.157691e-04	-1.521922e-02	-8.225379e-03	-6.993841e-03
1157          	4.438120e-01	2.180408e-01	2.257712e-01	-3.249709e-01	2.519477e-01	-5.769186e-01	4.144332e-01	-3.865198e-03	-1.003593e-03	-1.620635e-02	-9.106766e-03	-7.099580e-03
1158          	4.471791e-01	2.194412e-01	2.277379e-01	-3.312899e-01	2.490241e-01	-5.803140e-01	4.146691e-01	-4.148349e-03	-1.356898e-03	-1.688736e-02	-9.800577e-03	-7.086782e-03
1159          	4.499678e-01	2.205391e-01	2.294287e-01	-3.429328e-01	2.409161e-01	-5.838489e-01	4.123825e-01	-4.444814e-03	-1.612208e-03	-1.732635e-02	-1.027538e-02	-7.050965e-03
1160          	4.519788e-01	2.211287e-01	2.308501e-01	-3.594936e-01	2.290840e-01	-5.885776e-01	4.088308e-01	-4.860698e-03	-1.857064e-03	-1.769350e-02	-1.070381e-02	-6.989687e-03
1161          	4.527052e-01	2.211644e-01	2.315409e-01	-3.748535e-01	2.169542e-01	-5.918077e-01	4.043809e-01	-5.188254e-03	-2.090251e-03	-1.803694e-02	-1.110872e-02	-6.928219e-03
1162          	4.523683e-01	2.207651e-01	2.316032e-01	-3.855491e-01	2.081354e-01	-5.936845e-01	4.009100e-01	-5.419036e-03	-2.347460e-03	-1.830608e-02	-1.150050e-02	-6.805579e-03
1163          	4.509280e-01	2.200860e-01	2.308419e-01	-3.902487e-01	2.031769e-01	-5.934256e-01	3.983013e-01	-5.377949e-03	-2.484048e-03	-1.839845e-02	-1.168327e-02	-6.715176e-03
1164          	4.488360e-01	2.192935e-01	2.295424e-01	-3.895551e-01	2.035320e-01	-5.930872e-01	3.983096e-01	-5.124435e-03	-2.423549e-03	-1.815196e-02	-1.149953e-02	-6.652432e-03
1165          	4.462928e-01	2.184146e-01	2.278783e-01	-3.848236e-01	2.072349e-01	-5.920585e-01	3.996467e-01	-4.731855e-03	-2.071804e-03	-1.734944e-02	-1.074652e-02	-6.602917e-03
1166          	4.437855e-01	2.176862e-01	2.260993e-01	-3.767273e-01	2.157046e-01	-5.924318e-01	4.040682e-01	-4.206547e-03	-1.456102e-03	-1.621129e-02	-9.561749e-03	-6.649545e-03
1167          	4.413792e-01	2.167974e-01	2.245818e-01	-3.695105e-01	2.236991e-01	-5.932096e-01	4.084543e-01	-3.892172e-03	-6.670487e-04	-1.452797e-02	-7.931031e-03	-6.596934e-03
1168          	4.394724e-01	2.158972e-01	2.235752e-01	-3.644969e-01	2.317399e-01	-5.962369e-01	4.139884e-01	-3.839012e-03	1.026741e-04	-1.265817e-02	-6.226411e-03	-6.431759e-03
1169          	4.379036e-01	2.150066e-01	2.228970e-01	-3.613568e-01	2.379369e-01	-5.992937e-01	4.186153e-01	-3.945211e-03	7.540279e-04	-1.088686e-02	-4.689400e-03	-6.197456e-03
1170          	4.368628e-01	2.143512e-01	2.225115e-01	-3.605683e-01	2.421541e-01	-6.027224e-01	4.224383e-01	-4.080143e-03	1.130137e-03	-9.571675e-03	-3.655701e-03	-5.915974e-03
1171          	4.362242e-01	2.141479e-01	2.220763e-01	-3.623392e-01	2.433487e-01	-6.056879e-01	4.245183e-01	-3.964174e-03	1.337981e-03	-8.812547e-03	-3.068292e-03	-5.744255e-03
1172          	4.362160e-01	2.145107e-01	2.217052e-01	-3.682997e-01	2.420968e-01	-6.103965e-01	4.262467e-01	-3.597249e-03	1.308234e-03	-8.568817e-03	-2.976174e-03	-5.592643e-03
1173          	4.366301e-01	2.153572e-01	2.212729e-01	-3.758879e-01	2.386249e-01	-6.145128e-01	4.265688e-01	-2.957839e-03	1.177945e-03	-8.852578e-03	-3.248344e-03	-5.604234e-03
1174          	4.378831e-01	2.167951e-01	2.210880e-01	-3.864248e-01	2.331546e-01	-6.195794e-01	4.263670e-01	-2.146484e-03	9.052624e-04	-9.329293e-03	-3.759384e-03	-5.569909e-03
1175          	4.397308e-01	2.186248e-01	2.211060e-01	-3.984061e-01	2.256309e-01	-6.240370e-01	4.248339e-01	-1.240589e-03	6.673422e-04	-9.771241e-03	-4.218278e-03	-5.552963e-03
1176          	4.424950e-01	2.206116e-01	2.218834e-01	-4.115367e-01	2.180733e-01	-6.296100e-01	4.238417e-01	-6.359244e-04	5.001765e-04	-1.016778e-02	-4.583715e-03	-5.584068e-03
1177          	4.456061e-01	2.223069e-01	2.232992e-01	-4.261194e-01	2.098045e-01	-6.359239e-01	4.228642e-01	-4.961536e-04	5.504385e-04	-1.073069e-02	-4.814905e-03	-5.915782e-03
1178          	4.487504e-01	2.236170e-01	2.251334e-01	-4.393258e-01	2.038395e-01	-6.431653e-01	4.235024e-01	-7.582190e-04	6.985402e-04	-1.136863e-02	-4.985775e-03	-6.382856e-03
1179          	4.510256e-01	2.244076e-01	2.266180e-01	-4.469172e-01	2.011547e-01	-6.480719e-01	4.246133e-01	-1.105201e-03	9.253806e-04	-1.190442e-02	-5.026829e-03	-6.877590e-03
1180          	4.523700e-01	2.246492e-01	2.277208e-01	-4.477074e-01	2.025315e-01	-6.502389e-01	4.263852e-01	-1.535799e-03	1.167570e-03	-1.219560e-02	-4.930229e-03	-7.265369e-03
1181          	4.523310e-01	2.243215e-01	2.280094e-01	-4.404726e-01	2.067830e-01	-6.472556e-01	4.270193e-01	-1.843943e-03	1.467832e-03	-1.218052e-02	-4.622426e-03	-7.558090e-03
1182          	4.511999e-01	2.235796e-01	2.276203e-01	-4.263297e-01	2.137093e-01	-6.400390e-01	4.268741e-01	-2.020327e-03	1.799477e-03	-1.198524e-02	-4.193142e-03	-7.792096e-03
1183          	4.487813e-01	2.224080e-01	2.263733e-01	-4.075693e-01	2.210867e-01	-6.286560e-01	4.248714e-01	-1.982663e-03	2.206164e-03	-1.152741e-02	-3.557542e-03	-7.969870e-03
1184          	4.459591e-01	2.211071e-01	2.248519e-01	-3.879198e-01	2.291808e-01	-6.171007e-01	4.231407e-01	-1.872410e-03	2.672169e-03	-1.074589e-02	-2.700774e-03	-8.045112e-03
1185          	4.431338e-01	2.198713e-01	2.232625e-01	-3.709003e-01	2.364567e-01	-6.073571e-01	4.219069e-01	-1.695576e-03	3.215797e-03	-9.792471e-03	-1.680439e-03	-8.112032e-03
1186          	4.411219e-01	2.188823e-01	2.222395e-01	-3.594615e-01	2.431245e-01	-6.025860e-01	4.228553e-01	-1.678604e-03	3.667938e-03	-8.897411e-03	-7.807678e-04	-8.116643e-03
1187          	4.399656e-01	2.183478e-01	2.216179e-01	-3.533181e-01	2.486354e-01	-6.019535e-01	4.252944e-01	-1.635059e-03	3.997108e-03	-8.447651e-03	-2.267174e-04	-8.220933e-03
1188          	4.399297e-01	2.182353e-01	2.216944e-01	-3.529616e-01	2.527929e-01	-6.057545e-01	4.292737e-01	-1.729521e-03	4.096591e-03	-8.588534e-03	-1.976763e-04	-8.390858e-03
1189          	4.405525e-01	2.185584e-01	2.219941e-01	-3.560141e-01	2.549102e-01	-6.109244e-01	4.329173e-01	-1.717854e-03	4.105843e-03	-9.585102e-03	-6.867075e-04	-8.898394e-03
1190          	4.418760e-01	2.192630e-01	2.226131e-01	-3.607470e-01	2.552250e-01	-6.159720e-01	4.355985e-01	-1.675049e-03	4.057082e-03	-1.116421e-02	-1.525024e-03	-9.639189e-03
1191          	4.431595e-01	2.201349e-01	2.230246e-01	-3.655176e-01	2.526040e-01	-6.181216e-01	4.353628e-01	-1.444842e-03	3.992796e-03	-1.294898e-02	-2.481693e-03	-1.046729e-02
1192          	4.445822e-01	2.212274e-01	2.233548e-01	-3.724527e-01	2.469627e-01	-6.194154e-01	4.331890e-01	-1.063656e-03	3.851299e-03	-1.448599e-02	-3.391693e-03	-1.109429e-02
1193          	4.455799e-01	2.224088e-01	2.231711e-01	-3.834732e-01	2.361174e-01	-6.195906e-01	4.278540e-01	-3.811699e-04	3.660643e-03	-1.546388e-02	-4.071298e-03	-1.139258e-02
1194          	4.465588e-01	2.233072e-01	2.232516e-01	-3.992671e-01	2.219148e-01	-6.211819e-01	4.215484e-01	2.777390e-05	3.490206e-03	-1.595214e-02	-4.485866e-03	-1.146628e-02
1195          	4.474458e-01	2.239739e-01	2.234719e-01	-4.132045e-01	2.098815e-01	-6.230861e-01	4.164838e-01	2.509703e-04	3.308818e-03	-1.598138e-02	-4.681872e-03	-1.129951e-02
1196          	4.481634e-01	2.243856e-01	2.237778e-01	-4.258452e-01	1.989217e-01	-6.247669e-01	4.118443e-01	3.038849e-04	3.124838e-03	-1.591031e-02	-4.830316e-03	-1.107999e-02
1197          	4.484389e-01	2.243815e-01	2.240574e-01	-4.298966e-01	1.960292e-01	-6.259258e-01	4.109775e-01	1.620722e-04	2.850645e-03	-1.536030e-02	-4.829506e-03	-1.053080e-02
1198          	4.482820e-01	2.240526e-01	2.242295e-01	-4.276188e-01	1.974053e-01	-6.250242e-01	4.112147e-01	-8.846016e-05	2.612093e-03	-1.436762e-02	-4.571715e-03	-9.795902e-03
1199          	4.474382e-01	2.235252e-01	2.239130e-01	-4.175470e-01	2.034729e-01	-6.210199e-01	4.122464e-01	-1.938861e-04	2.451671e-03	-1.309947e-02	-4.098064e-03	-9.001406e-03
1200          	4.459173e-01	2.224173e-01	2.235000e-01	-4.079314e-01	2.101585e-01	-6.180899e-01	4.141242e-01	-5.413712e-04	2.412044e-03	-1.129920e-02	-3.237553e-03	-8.061642e-03
1201          	4.438714e-01	2.212778e-01	2.225937e-01	-3.926778e-01	2.196969e-01	-6.123747e-01	4.160358e-01	-6.579586e-04	2.514772e-03	-9.627529e-03	-2.298993e-03	-7.328536e-03
1202          	4.415500e-01	2.197457e-01	2.218042e-01	-3.818473e-01	2.263562e-01	-6.082035e-01	4.172799e-01	-1.029237e-03	2.751769e-03	-8.105952e-03	-1.301207e-03	-6.804744e-03
1203          	4.392786e-01	2.182387e-01	2.210399e-01	-3.697851e-01	2.344763e-01	-6.042614e-01	4.193689e-01	-1.400575e-03	2.953962e-03	-7.115905e-03	-6.039909e-04	-6.511914e-03
1204          	4.378232e-01	2.170978e-01	2.207254e-01	-3.612964e-01	2.400751e-01	-6.013715e-01	4.207233e-01	-1.813777e-03	3.009486e-03	-6.869135e-03	-4.250815e-04	-6.444054e-03
1205          	4.375241e-01	2.164463e-01	2.210778e-01	-3.526642e-01	2.471994e-01	-5.998636e-01	4.235315e-01	-2.315756e-03	2.756613e-03	-7.176531e-03	-8.316522e-04	-6.344879e-03
1206          	4.386732e-01	2.166332e-01	2.220400e-01	-3.480370e-01	2.515037e-01	-5.995406e-01	4.255221e-01	-2.703428e-03	2.332457e-03	-8.192890e-03	-1.763988e-03	-6.428902e-03
1207          	4.410524e-01	2.176568e-01	2.233956e-01	-3.449555e-01	2.547971e-01	-5.997526e-01	4.272748e-01	-2.869370e-03	1.841882e-03	-9.742255e-03	-3.029246e-03	-6.713009e-03
1208          	4.446156e-01	2.191865e-01	2.254291e-01	-3.440603e-01	2.570257e-01	-6.010860e-01	4.290559e-01	-3.121286e-03	1.315083e-03	-1.148156e-02	-4.425696e-03	-7.055862e-03
1209          	4.483779e-01	2.210930e-01	2.272850e-01	-3.451787e-01	2.566938e-01	-6.018725e-01	4.292831e-01	-3.095984e-03	8.298232e-04	-1.330392e-02	-5.822139e-03	-7.481785e-03
1210          	4.521108e-01	2.230506e-01	2.290602e-01	-3.513389e-01	2.526729e-01	-6.040118e-01	4.283424e-01	-3.004796e-03	3.194409e-04	-1.480876e-02	-7.084941e-03	-7.723822e-03
1211          	4.550173e-01	2.246085e-01	2.304088e-01	-3.632621e-01	2.428751e-01	-6.061372e-01	4.245061e-01	-2.900176e-03	-1.202246e-04	-1.612661e-02	-8.183528e-03	-7.943079e-03
1212          	4.569217e-01	2.253497e-01	2.315720e-01	-3.772311e-01	2.310432e-01	-6.082743e-01	4.196588e-01	-3.111124e-03	-5.157044e-04	-1.729475e-02	-9.163080e-03	-8.131671e-03
1213          	4.574919e-01	2.255216e-01	2.319703e-01	-3.875719e-01	2.204389e-01	-6.080108e-01	4.142249e-01	-3.224395e-03	-7.813088e-04	-1.835864e-02	-9.960627e-03	-8.398010e-03
1214          	4.569065e-01	2.249974e-01	2.319092e-01	-3.914590e-01	2.137815e-01	-6.052405e-01	4.095110e-01	-3.455907e-03	-9.333910e-04	-1.910692e-02	-1.048685e-02	-8.620068e-03
1215          	4.551015e-01	2.239942e-01	2.311074e-01	-3.874705e-01	2.114100e-01	-5.988806e-01	4.051453e-01	-3.556609e-03	-8.760562e-04	-1.932450e-02	-1.053831e-02	-8.786194e-03
1216          	4.523216e-01	2.225124e-01	2.298092e-01	-3.765620e-01	2.135884e-01	-5.901505e-01	4.018695e-01	-3.648388e-03	-6.599889e-04	-1.897023e-02	-1.014510e-02	-8.825127e-03
1217          	4.487921e-01	2.209365e-01	2.278556e-01	-3.608567e-01	2.186789e-01	-5.795357e-01	3.991073e-01	-3.459579e-03	-2.813056e-04	-1.836632e-02	-9.464467e-03	-8.901856e-03
1218          	4.451160e-01	2.193225e-01	2.257935e-01	-3.450042e-01	2.255209e-01	-5.705251e-01	3.980230e-01	-3.235529e-03	9.584239e-05	-1.773600e-02	-8.772156e-03	-8.963840e-03
1219          	4.416139e-01	2.179525e-01	2.236613e-01	-3.313535e-01	2.323198e-01	-5.636733e-01	3.979965e-01	-2.854402e-03	3.943074e-04	-1.747829e-02	-8.344838e-03	-9.133453e-03
1220          	4.387558e-01	2.167248e-01	2.220310e-01	-3.221784e-01	2.383483e-01	-5.605267e-01	3.994375e-01	-2.653131e-03	4.543602e-04	-1.764691e-02	-8.369093e-03	-9.277813e-03
1221          	4.367749e-01	2.159059e-01	2.208690e-01	-3.170494e-01	2.428882e-01	-5.599376e-01	4.014129e-01	-2.481548e-03	2.822696e-04	-1.828338e-02	-8.859419e-03	-9.423958e-03
1222          	4.355856e-01	2.154197e-01	2.201659e-01	-3.157375e-01	2.458105e-01	-5.615479e-01	4.036792e-01	-2.373117e-03	-1.821741e-04	-1.937320e-02	-9.868776e-03	-9.504428e-03
1223          	4.351098e-01	2.154404e-01	2.196694e-01	-3.174993e-01	2.466461e-01	-5.641455e-01	4.053958e-01	-2.114471e-03	-7.376227e-04	-2.087599e-02	-1.117562e-02	-9.700370e-03
1224          	4.354967e-01	2.160248e-01	2.194719e-01	-3.213861e-01	2.462419e-01	-5.676280e-01	4.069349e-01	-1.723551e-03	-1.286802e-03	-2.253749e-02	-1.255555e-02	-9.981943e-03
1225          	4.366139e-01	2.171293e-01	2.194847e-01	-3.263122e-01	2.438939e-01	-5.702061e-01	4.070500e-01	-1.177708e-03	-1.757014e-03	-2.391175e-02	-1.371289e-02	-1.019886e-02
1226          	4.385300e-01	2.187473e-01	2.197826e-01	-3.344410e-01	2.387467e-01	-5.731877e-01	4.059672e-01	-5.176390e-04	-2.254343e-03	-2.469557e-02	-1.460213e-02	-1.009344e-02
1227          	4.410106e-01	2.205259e-01	2.204847e-01	-3.443100e-01	2.317925e-01	-5.761025e-01	4.039475e-01	2.057204e-05	-2.696113e-03	-2.484396e-02	-1.511809e-02	-9.725866e-03
1228          	4.439027e-01	2.219292e-01	2.219735e-01	-3.567335e-01	2.238511e-01	-5.805846e-01	4.022178e-01	-2.217710e-05	-3.026540e-03	-2.467320e-02	-1.536314e-02	-9.310059e-03
1229          	4.467449e-01	2.227915e-01	2.239534e-01	-3.704917e-01	2.157438e-01	-5.862355e-01	4.009897e-01	-5.809693e-04	-3.182596e-03	-2.441621e-02	-1.539070e-02	-9.025508e-03
1230          	4.491728e-01	2.231141e-01	2.260587e-01	-3.824028e-01	2.102454e-01	-5.926482e-01	4.014468e-01	-1.472272e-03	-3.206181e-03	-2.399619e-02	-1.520427e-02	-8.791912e-03
1231          	4.506605e-01	2.229645e-01	2.276961e-01	-3.892558e-01	2.083003e-01	-5.975561e-01	4.029282e-01	-2.365808e-03	-3.137357e-03	-2.321296e-02	-1.474384e-02	-8.469122e-03
1232          	4.509178e-01	2.222652e-01	2.286526e-01	-3.909634e-01	2.096259e-01	-6.005893e-01	4.051076e-01	-3.193702e-03	-2.967460e-03	-2.191319e-02	-1.392405e-02	-7.989133e-03
1233          	4.498196e-01	2.211624e-01	2.286572e-01	-3.876339e-01	2.125960e-01	-6.002299e-01	4.064129e-01	-3.747360e-03	-2.671708e-03	-2.025380e-02	-1.279861e-02	-7.455192e-03
1234          	4.473580e-01	2.196698e-01	2.276882e-01	-3.774461e-01	2.191132e-01	-5.965593e-01	4.078362e-01	-4.009217e-03	-1.898367e-03	-1.786295e-02	-1.082984e-02	-7.033108e-03
1235          	4.443223e-01	2.180250e-01	2.262973e-01	-3.654779e-01	2.251416e-01	-5.906195e-01	4.078806e-01	-4.136182e-03	-1.009940e-03	-1.541830e-02	-8.719090e-03	-6.699210e-03
1236          	4.413248e-01	2.164290e-01	2.248958e-01	-3.530782e-01	2.316110e-01	-5.846892e-01	4.081501e-01	-4.233368e-03	7.284837e-05	-1.270485e-02	-6.279576e-03	-6.425273e-03
1237          	4.391429e-01	2.152859e-01	2.238570e-01	-3.427896e-01	2.375976e-01	-5.803872e-01	4.089924e-01	-4.285533e-03	1.275131e-03	-9.959223e-03	-3.704481e-03	-6.254742e-03
1238          	4.381780e-01	2.146141e-01	2.235639e-01	-3.363954e-01	2.431854e-01	-5.795808e-01	4.113831e-01	-4.474906e-03	2.288634e-03	-7.508893e-03	-1.465812e-03	-6.043081e-03
1239          	4.384397e-01	2.146064e-01	2.238334e-01	-3.335079e-01	2.478335e-01	-5.813414e-01	4.145875e-01	-4.613517e-03	3.066780e-03	-5.668405e-03	2.325772e-04	-5.900983e-03
1240          	4.395579e-01	2.149737e-01	2.245842e-01	-3.346082e-01	2.512268e-01	-5.858350e-01	4.185309e-01	-4.805232e-03	3.537497e-03	-4.560205e-03	1.257394e-03	-5.817599e-03
1241          	4.411857e-01	2.157616e-01	2.254241e-01	-3.394287e-01	2.528067e-01	-5.922354e-01	4.225210e-01	-4.831225e-03	3.847734e-03	-4.194063e-03	1.750703e-03	-5.944766e-03
1242          	4.431214e-01	2.168465e-01	2.262749e-01	-3.461043e-01	2.526226e-01	-5.987269e-01	4.256747e-01	-4.714202e-03	4.000455e-03	-4.472664e-03	1.764123e-03	-6.236787e-03
1243          	4.452263e-01	2.181783e-01	2.270481e-01	-3.577163e-01	2.491452e-01	-6.068615e-01	4.280034e-01	-4.434900e-03	3.936166e-03	-5.099392e-03	1.386470e-03	-6.485862e-03
1244          	4.472300e-01	2.197577e-01	2.274723e-01	-3.695614e-01	2.429301e-01	-6.124914e-01	4.277108e-01	-3.857307e-03	3.823077e-03	-5.808302e-03	9.189264e-04	-6.727229e-03
1245          	4.484002e-01	2.211372e-01	2.272629e-01	-3.885286e-01	2.294102e-01	-6.179388e-01	4.236745e-01	-3.062846e-03	3.459346e-03	-6.877321e-03	2.068539e-05	-6.898006e-03
1246          	4.495657e-01	2.221659e-01	2.273998e-01	-4.073702e-01	2.150177e-01	-6.223879e-01	4.187028e-01	-2.616923e-03	3.094268e-03	-7.866735e-03	-8.390995e-04	-7.027635e-03
1247          	4.501423e-01	2.228318e-01	2.273105e-01	-4.230692e-01	2.023070e-01	-6.253762e-01	4.138416e-01	-2.239331e-03	2.701297e-03	-9.061524e-03	-1.829465e-03	-7.232059e-03
1248          	4.503260e-01	2.231645e-01	2.271614e-01	-4.331644e-01	1.946905e-01	-6.278550e-01	4.112728e-01	-1.998454e-03	2.244188e-03	-9.910972e-03	-2.711298e-03	-7.199674e-03
1249          	4.491284e-01	2.229850e-01	2.261433e-01	-4.370601e-01	1.909383e-01	-6.279984e-01	4.094683e-01	-1.579141e-03	1.833205e-03	-1.095384e-02	-3.643714e-03	-7.310124e-03
1250          	4.477545e-01	2.224830e-01	2.252715e-01	-4.355778e-01	1.931380e-01	-6.287158e-01	4.109269e-01	-1.394278e-03	1.669873e-03	-1.120950e-02	-3.934874e-03	-7.274621e-03
1251          	4.452675e-01	2.217669e-01	2.235006e-01	-4.269967e-01	2.000373e-01	-6.270340e-01	4.135357e-01	-8.668463e-04	1.770334e-03	-1.167752e-02	-4.068426e-03	-7.609094e-03
1252          	4.425132e-01	2.204973e-01	2.220159e-01	-4.183975e-01	2.068618e-01	-6.252592e-01	4.160605e-01	-7.592977e-04	2.242824e-03	-1.119218e-02	-3.353268e-03	-7.838916e-03
1253          	4.393008e-01	2.190189e-01	2.202820e-01	-4.044116e-01	2.166191e-01	-6.210307e-01	4.188249e-01	-6.315601e-04	2.973368e-03	-1.073299e-02	-2.393127e-03	-8.339863e-03
1254          	4.362733e-01	2.172149e-01	2.190585e-01	-3.931861e-01	2.229280e-01	-6.161141e-01	4.195210e-01	-9.217943e-04	3.843859e-03	-9.703434e-03	-1.007858e-03	-8.695576e-03
1255          	4.338659e-01	2.156029e-01	2.182630e-01	-3.812017e-01	2.295412e-01	-6.107429e-01	4.201421e-01	-1.330025e-03	4.714022e-03	-8.716010e-03	3.560168e-04	-9.072027e-03
1256          	4.328922e-01	2.146381e-01	2.182541e-01	-3.713886e-01	2.361350e-01	-6.075235e-01	4.218292e-01	-1.807996e-03	5.383662e-03	-7.873317e-03	1.447004e-03	-9.320321e-03
1257          	4.327065e-01	2.145474e-01	2.181592e-01	-3.651687e-01	2.396157e-01	-6.047843e-01	4.222000e-01	-1.805919e-03	5.911000e-03	-7.629939e-03	2.096031e-03	-9.725969e-03
1258          	4.342512e-01	2.153374e-01	2.189137e-01	-3.619894e-01	2.441127e-01	-6.061021e-01	4.251074e-01	-1.788155e-03	6.207773e-03	-7.584010e-03	2.415768e-03	-9.999778e-03
1259          	4.361320e-01	2.167741e-01	2.193579e-01	-3.627297e-01	2.454972e-01	-6.082268e-01	4.268620e-01	-1.291894e-03	6.493124e-03	-8.076739e-03	2.454755e-03	-1.053149e-02
1260          	4.394316e-01	2.187048e-01	2.207269e-01	-3.664614e-01	2.466203e-01	-6.130817e-01	4.298510e-01	-1.011070e-03	6.550584e-03	-8.383024e-03	2.359072e-03	-1.074210e-02
1261          	4.425136e-01	2.206884e-01	2.218252e-01	-3.735291e-01	2.441279e-01	-6.176570e-01	4.308924e-01	-5.683989e-04	6.510202e-03	-8.632288e-03	2.194058e-03	-1.082635e-02
1262          	4.458726e-01	2.226347e-01	2.232379e-01	-3.848805e-01	2.373699e-01	-6.222504e-01	4.298101e-01	-3.015944e-04	6.158974e-03	-9.005081e-03	1.656433e-03	-1.066151e-02
1263          	4.483293e-01	2.235587e-01	2.247706e-01	-3.979326e-01	2.276757e-01	-6.256083e-01	4.266420e-01	-6.059305e-04	5.757571e-03	-9.642528e-03	9.363070e-04	-1.057884e-02
1264          	4.498139e-01	2.235884e-01	2.262255e-01	-4.090689e-01	2.178937e-01	-6.269626e-01	4.224281e-01	-1.318524e-03	5.214723e-03	-1.060609e-02	-8.832390e-05	-1.051777e-02
1265          	4.503682e-01	2.230889e-01	2.272793e-01	-4.148175e-01	2.111045e-01	-6.259220e-01	4.185132e-01	-2.095218e-03	4.709564e-03	-1.140470e-02	-9.927858e-04	-1.041191e-02
1266          	4.495583e-01	2.220099e-01	2.275484e-01	-4.151247e-01	2.064565e-01	-6.215812e-01	4.140188e-01	-2.769232e-03	4.392619e-03	-1.219604e-02	-1.705400e-03	-1.049064e-02
1267          	4.482092e-01	2.207454e-01	2.274638e-01	-4.101836e-01	2.066516e-01	-6.168352e-01	4.117434e-01	-3.359223e-03	4.393058e-03	-1.187431e-02	-1.544098e-03	-1.033021e-02
1268          	4.458270e-01	2.192986e-01	2.265284e-01	-3.969389e-01	2.118179e-01	-6.087567e-01	4.102873e-01	-3.614929e-03	4.728041e-03	-1.109680e-02	-8.203611e-04	-1.027644e-02
1269          	4.433243e-01	2.179855e-01	2.253388e-01	-3.837492e-01	2.174154e-01	-6.011646e-01	4.092900e-01	-3.676666e-03	5.221815e-03	-9.739487e-03	3.520712e-04	-1.009156e-02
1270          	4.406756e-01	2.168200e-01	2.238556e-01	-3.675837e-01	2.265985e-01	-5.941822e-01	4.103904e-01	-3.517830e-03	5.751955e-03	-8.055701e-03	1.724105e-03	-9.779806e-03
1271          	4.386269e-01	2.159751e-01	2.226518e-01	-3.566466e-01	2.341915e-01	-5.908380e-01	4.125148e-01	-3.338330e-03	6.141722e-03	-6.547756e-03	2.867844e-03	-9.415600e-03
1272          	4.372279e-01	2.153319e-01	2.218960e-01	-3.502414e-01	2.408199e-01	-5.910613e-01	4.159406e-01	-3.282025e-03	6.228290e-03	-5.342428e-03	3.557076e-03	-8.899504e-03
1273          	4.366719e-01	2.151499e-01	2.215220e-01	-3.475844e-01	2.457628e-01	-5.933472e-01	4.195550e-01	-3.186028e-03	6.033714e-03	-4.782245e-03	3.642591e-03	-8.424836e-03
1274          	4.367026e-01	2.152758e-01	2.214267e-01	-3.483903e-01	2.485015e-01	-5.968918e-01	4.226967e-01	-3.075432e-03	5.509972e-03	-4.894457e-03	3.062744e-03	-7.957200e-03
1275          	4.372796e-01	2.158384e-01	2.214413e-01	-3.513515e-01	2.489372e-01	-6.002887e-01	4.246130e-01	-2.801462e-03	4.881864e-03	-5.637440e-03	2.063144e-03	-7.700584e-03
1276          	4.381655e-01	2.167230e-01	2.214425e-01	-3.540942e-01	2.477321e-01	-6.018263e-01	4.247792e-01	-2.359724e-03	4.180355e-03	-6.905719e-03	7.274956e-04	-7.633214e-03
1277          	4.392602e-01	2.177540e-01	2.215062e-01	-3.588796e-01	2.432756e-01	-6.021551e-01	4.227154e-01	-1.876117e-03	3.459720e-03	-7.679487e-03	-3.800234e-04	-7.299464e-03
1278          	4.405431e-01	2.190213e-01	2.215219e-01	-3.643740e-01	2.363319e-01	-6.007059e-01	4.185189e-01	-1.250314e-03	2.781572e-03	-8.452230e-03	-1.444543e-03	-7.007687e-03
1279          	4.415936e-01	2.199853e-01	2.216082e-01	-3.707803e-01	2.261827e-01	-5.969630e-01	4.115729e-01	-8.114591e-04	2.212415e-03	-8.742492e-03	-2.158831e-03	-6.583661e-03
1280          	4.427970e-01	2.204368e-01	2.223602e-01	-3.780899e-01	2.162627e-01	-5.943526e-01	4.053077e-01	-9.617133e-04	1.789722e-03	-9.321779e-03	-2.871167e-03	-6.450612e-03
1281          	4.439397e-01	2.204846e-01	2.234551e-01	-3.846933e-01	2.080433e-01	-5.927366e-01	4.003899e-01	-1.485223e-03	1.445232e-03	-1.023404e-02	-3.671786e-03	-6.562251e-03
1282          	4.445538e-01	2.200346e-01	2.245192e-01	-3.888154e-01	2.015960e-01	-5.904114e-01	3.960037e-01	-2.242311e-03	1.267532e-03	-1.115711e-02	-4.311025e-03	-6.846090e-03
1283          	4.447704e-01	2.195578e-01	2.252126e-01	-3.892922e-01	2.004738e-01	-5.897660e-01	3.951199e-01	-2.827378e-03	9.487598e-04	-1.215469e-02	-5.128584e-03	-7.026104e-03
1284          	4.441909e-01	2.188515e-01	2.253394e-01	-3.850029e-01	2.027015e-01	-5.877044e-01	3.952030e-01	-3.243974e-03	8.674806e-04	-1.254580e-02	-5.405420e-03	-7.140382e-03
1285          	4.428987e-01	2.180533e-01	2.248455e-01	-3.793800e-01	2.069768e-01	-5.863569e-01	3.966669e-01	-3.396107e-03	7.464770e-04	-1.261383e-02	-5.560437e-03	-7.053391e-03
1286          	4.409066e-01	2.171856e-01	2.237210e-01	-3.689838e-01	2.145937e-01	-5.835775e-01	3.990856e-01	-3.267669e-03	9.145326e-04	-1.222964e-02	-5.200285e-03	-7.029350e-03
1287          	4.384824e-01	2.162423e-01	2.222402e-01	-3.567877e-01	2.229553e-01	-5.797431e-01	4.013492e-01	-2.998950e-03	1.342998e-03	-1.143183e-02	-4.372915e-03	-7.058911e-03
1288          	4.360892e-01	2.152680e-01	2.208212e-01	-3.450222e-01	2.318548e-01	-5.768770e-01	4.043659e-01	-2.776582e-03	1.932782e-03	-1.048606e-02	-3.310246e-03	-7.175811e-03
1289          	4.340779e-01	2.144363e-01	2.196416e-01	-3.360804e-01	2.378246e-01	-5.739051e-01	4.058648e-01	-2.602680e-03	2.439694e-03	-9.958852e-03	-2.539732e-03	-7.419120e-03
1290          	4.329213e-01	2.138267e-01	2.190946e-01	-3.291958e-01	2.451822e-01	-5.743779e-01	4.097800e-01	-2.633991e-03	2.764416e-03	-9.821880e-03	-2.146524e-03	-7.675356e-03
1291          	4.327539e-01	2.138087e-01	2.189451e-01	-3.246845e-01	2.502889e-01	-5.749734e-01	4.126311e-01	-2.568212e-03	2.808145e-03	-1.038571e-02	-2.384710e-03	-8.000999e-03
1292          	4.339168e-01	2.143758e-01	2.195410e-01	-3.234889e-01	2.546762e-01	-5.781650e-01	4.164206e-01	-2.582573e-03	2.550059e-03	-1.146947e-02	-3.184675e-03	-8.284792e-03
1293          	4.360604e-01	2.154642e-01	2.205962e-01	-3.242197e-01	2.574711e-01	-5.816908e-01	4.195809e-01	-2.565991e-03	2.210439e-03	-1.299083e-02	-4.284978e-03	-8.705855e-03
1294          	4.388782e-01	2.169372e-01	2.219410e-01	-3.271145e-01	2.578940e-01	-5.850085e-01	4.214512e-01	-2.501939e-03	1.830148e-03	-1.458008e-02	-5.459890e-03	-9.120187e-03
1295          	4.422051e-01	2.185057e-01	2.236995e-01	-3.305106e-01	2.559807e-01	-5.864914e-01	4.212360e-01	-2.596906e-03	1.324875e-03	-1.593953e-02	-6.644888e-03	-9.294638e-03
1296          	4.451256e-01	2.201781e-01	2.249475e-01	-3.386627e-01	2.493295e-01	-5.879921e-01	4.186608e-01	-2.384741e-03	8.504401e-04	-1.673856e-02	-7.518840e-03	-9.219720e-03
1297          	4.474910e-01	2.215836e-01	2.259074e-01	-3.534629e-01	2.365602e-01	-5.900230e-01	4.132916e-01	-2.161898e-03	4.377271e-04	-1.723238e-02	-8.178463e-03	-9.053917e-03
1298          	4.491405e-01	2.224893e-01	2.266512e-01	-3.709222e-01	2.220912e-01	-5.930134e-01	4.075523e-01	-2.080917e-03	9.125660e-05	-1.747451e-02	-8.646000e-03	-8.828513e-03
1299          	4.499002e-01	2.229676e-01	2.269326e-01	-3.856394e-01	2.101751e-01	-5.958145e-01	4.029948e-01	-1.982539e-03	-1.653631e-04	-1.757905e-02	-8.954889e-03	-8.624163e-03
1300          	4.499393e-01	2.231617e-01	2.267776e-01	-3.967783e-01	2.026694e-01	-5.994478e-01	4.010586e-01	-1.807955e-03	-3.399707e-04	-1.756007e-02	-9.120007e-03	-8.440066e-03
1301          	4.491997e-01	2.229257e-01	2.262740e-01	-4.023627e-01	2.004015e-01	-6.027643e-01	4.015829e-01	-1.674119e-03	-3.570340e-04	-1.700776e-02	-8.860913e-03	-8.146845e-03
1302          	4.478850e-01	2.226745e-01	2.252106e-01	-4.043826e-01	2.024726e-01	-6.068552e-01	4.046639e-01	-1.268054e-03	-2.916704e-04	-1.656884e-02	-8.576090e-03	-7.992749e-03
1303          	4.460112e-01	2.217566e-01	2.242545e-01	-4.011017e-01	2.072056e-01	-6.083073e-01	4.077565e-01	-1.248929e-03	-9.086702e-06	-1.523727e-02	-7.627721e-03	-7.609548e-03
1304          	4.440343e-01	2.206824e-01	2.233519e-01	-3.932437e-01	2.158091e-01	-6.090528e-01	4.124310e-01	-1.334773e-03	3.819498e-04	-1.377067e-02	-6.503384e-03	-7.267283e-03
1305          	4.420466e-01	2.192352e-01	2.228114e-01	-3.837151e-01	2.227212e-01	-6.064363e-01	4.145788e-01	-1.788110e-03	9.303089e-04	-1.183674e-02	-4.988060e-03	-6.848678e-03
1306          	4.404799e-01	2.176829e-01	2.227970e-01	-3.732602e-01	2.306837e-01	-6.039439e-01	4.173138e-01	-2.557084e-03	1.456814e-03	-9.961216e-03	-3.523794e-03	-6.437422e-03
1307          	4.393549e-01	2.164873e-01	2.228676e-01	-3.643698e-01	2.368414e-01	-6.012113e-01	4.190263e-01	-3.190157e-03	1.905335e-03	-8.535767e-03	-2.362549e-03	-6.173219e-03
1308          	4.387509e-01	2.156539e-01	2.230970e-01	-3.575888e-01	2.422569e-01	-5.998457e-01	4.210513e-01	-3.721527e-03	2.147829e-03	-7.769724e-03	-1.737034e-03	-6.032691e-03
1309          	4.387238e-01	2.155029e-01	2.232208e-01	-3.526870e-01	2.463703e-01	-5.990573e-01	4.227138e-01	-3.858951e-03	2.182443e-03	-7.832453e-03	-1.733784e-03	-6.098669e-03
1310          	4.393726e-01	2.159453e-01	2.234273e-01	-3.503954e-01	2.494858e-01	-5.998812e-01	4.246835e-01	-3.741029e-03	2.071919e-03	-8.425299e-03	-2.140731e-03	-6.284568e-03
1311          	4.407216e-01	2.169682e-01	2.237534e-01	-3.497365e-01	2.510357e-01	-6.007722e-01	4.259040e-01	-3.392577e-03	1.953287e-03	-9.282368e-03	-2.687897e-03	-6.594471e-03
1312          	4.426673e-01	2.183344e-01	2.243329e-01	-3.516536e-01	2.506159e-01	-6.022695e-01	4.264427e-01	-2.999240e-03	1.778041e-03	-1.012961e-02	-3.286763e-03	-6.842844e-03
1313          	4.447425e-01	2.198337e-01	2.249087e-01	-3.562279e-01	2.470343e-01	-6.032622e-01	4.251482e-01	-2.537509e-03	1.445670e-03	-1.082931e-02	-3.968986e-03	-6.860326e-03
1314          	4.467069e-01	2.210486e-01	2.256583e-01	-3.660447e-01	2.397765e-01	-6.058213e-01	4.227989e-01	-2.304829e-03	1.027685e-03	-1.155187e-02	-4.748251e-03	-6.803620e-03
1315          	4.481077e-01	2.215911e-01	2.265167e-01	-3.793756e-01	2.297463e-01	-6.091219e-01	4.194341e-01	-2.462801e-03	6.644970e-04	-1.256001e-02	-5.615506e-03	-6.944500e-03
1316          	4.487537e-01	2.214349e-01	2.273188e-01	-3.914453e-01	2.212912e-01	-6.127364e-01	4.170138e-01	-2.941956e-03	3.601058e-04	-1.358480e-02	-6.432295e-03	-7.152506e-03
1317          	4.479459e-01	2.206909e-01	2.272551e-01	-4.008605e-01	2.129281e-01	-6.137887e-01	4.133584e-01	-3.282104e-03	3.351200e-04	-1.458523e-02	-6.957493e-03	-7.627733e-03
1318          	4.465291e-01	2.195697e-01	2.269595e-01	-4.025063e-01	2.109776e-01	-6.134839e-01	4.122308e-01	-3.694884e-03	3.725868e-04	-1.504943e-02	-7.152130e-03	-7.897304e-03
1319          	4.438555e-01	2.182314e-01	2.256241e-01	-3.978588e-01	2.116008e-01	-6.094596e-01	4.105302e-01	-3.696385e-03	7.703360e-04	-1.521542e-02	-6.837372e-03	-8.378044e-03
1320          	4.407617e-01	2.166105e-01	2.241513e-01	-3.884589e-01	2.153381e-01	-6.037971e-01	4.095676e-01	-3.770412e-03	1.220665e-03	-1.463053e-02	-6.094600e-03	-8.535931e-03
1321          	4.373250e-01	2.151899e-01	2.221351e-01	-3.728562e-01	2.230515e-01	-5.959077e-01	4.094796e-01	-3.472572e-03	1.853709e-03	-1.382467e-02	-5.058626e-03	-8.766044e-03
1322          	4.344971e-01	2.139529e-01	2.205442e-01	-3.607589e-01	2.300382e-01	-5.907971e-01	4.104177e-01	-3.295667e-03	2.439690e-03	-1.256798e-02	-3.844299e-03	-8.723679e-03
1323          	4.327242e-01	2.131847e-01	2.195395e-01	-3.504341e-01	2.384783e-01	-5.889124e-01	4.136953e-01	-3.177375e-03	2.991777e-03	-1.137346e-02	-2.694954e-03	-8.678509e-03
1324          	4.322922e-01	2.128557e-01	2.194365e-01	-3.457228e-01	2.450911e-01	-5.908138e-01	4.179524e-01	-3.290413e-03	3.247713e-03	-1.036975e-02	-1.937159e-03	-8.432586e-03
1325          	4.330493e-01	2.130969e-01	2.199524e-01	-3.445019e-01	2.501168e-01	-5.946186e-01	4.223677e-01	-3.427735e-03	3.231514e-03	-9.878824e-03	-1.707898e-03	-8.170926e-03
1326          	4.347568e-01	2.138659e-01	2.208909e-01	-3.468630e-01	2.532610e-01	-6.001240e-01	4.266925e-01	-3.512487e-03	2.940753e-03	-1.015847e-02	-2.138482e-03	-8.019987e-03
1327          	4.370095e-01	2.150808e-01	2.219288e-01	-3.509482e-01	2.543264e-01	-6.052746e-01	4.298005e-01	-3.423989e-03	2.597883e-03	-1.104692e-02	-2.925580e-03	-8.121345e-03
1328          	4.396401e-01	2.165417e-01	2.230983e-01	-3.559235e-01	2.533948e-01	-6.093183e-01	4.313565e-01	-3.278296e-03	2.235438e-03	-1.205122e-02	-3.790169e-03	-8.261046e-03
1329          	4.422667e-01	2.182206e-01	2.240461e-01	-3.630464e-01	2.481305e-01	-6.111770e-01	4.296537e-01	-2.912722e-03	1.829813e-03	-1.265192e-02	-4.496147e-03	-8.155772e-03
1330          	4.447919e-01	2.199111e-01	2.248808e-01	-3.717770e-01	2.395157e-01	-6.112927e-01	4.254042e-01	-2.484824e-03	1.353038e-03	-1.286217e-02	-5.078046e-03	-7.784123e-03
1331          	4.470442e-01	2.211596e-01	2.258846e-01	-3.809083e-01	2.291835e-01	-6.100918e-01	4.196376e-01	-2.362475e-03	9.701460e-04	-1.292142e-02	-5.490563e-03	-7.430855e-03
1332          	4.490629e-01	2.218824e-01	2.271805e-01	-3.913306e-01	2.179603e-01	-6.092909e-01	4.136256e-01	-2.649026e-03	6.740031e-04	-1.320104e-02	-5.926516e-03	-7.274522e-03
1333          	4.506108e-01	2.220464e-01	2.285644e-01	-3.997226e-01	2.090073e-01	-6.087299e-01	4.088686e-01	-3.259016e-03	4.786875e-04	-1.364169e-02	-6.342156e-03	-7.299531e-03
1334          	4.515278e-01	2.217290e-01	2.297988e-01	-4.037082e-01	2.044140e-01	-6.081222e-01	4.062681e-01	-4.034877e-03	2.952048e-04	-1.408143e-02	-6.745508e-03	-7.335918e-03
1335          	4.515854e-01	2.209985e-01	2.305869e-01	-4.035835e-01	2.036585e-01	-6.072420e-01	4.054503e-01	-4.794201e-03	1.032738e-04	-1.426806e-02	-7.030756e-03	-7.237304e-03
1336          	4.506137e-01	2.200061e-01	2.306075e-01	-3.972801e-01	2.065632e-01	-6.038433e-01	4.052033e-01	-5.300688e-03	4.734865e-05	-1.433642e-02	-7.120860e-03	-7.215558e-03
1337          	4.486986e-01	2.187883e-01	2.299103e-01	-3.883714e-01	2.119725e-01	-6.003439e-01	4.061582e-01	-5.560975e-03	1.529549e-04	-1.381886e-02	-6.756477e-03	-7.062387e-03
1338          	4.460714e-01	2.174190e-01	2.286525e-01	-3.763876e-01	2.191698e-01	-5.955574e-01	4.073636e-01	-5.616766e-03	4.776465e-04	-1.291234e-02	-5.978522e-03	-6.933815e-03
1339          	4.430618e-01	2.160217e-01	2.270401e-01	-3.631011e-01	2.266556e-01	-5.897567e-01	4.082062e-01	-5.509197e-03	1.035960e-03	-1.168594e-02	-4.807011e-03	-6.878931e-03
1340          	4.403305e-01	2.147695e-01	2.255610e-01	-3.504654e-01	2.338772e-01	-5.843426e-01	4.091099e-01	-5.395771e-03	1.714545e-03	-1.034412e-02	-3.457513e-03	-6.886603e-03
1341          	4.382462e-01	2.138457e-01	2.244005e-01	-3.393102e-01	2.404453e-01	-5.797554e-01	4.101004e-01	-5.277419e-03	2.416904e-03	-9.153214e-03	-2.159703e-03	-6.993511e-03
1342          	4.372347e-01	2.134501e-01	2.237845e-01	-3.308317e-01	2.466200e-01	-5.774517e-01	4.120358e-01	-5.167214e-03	2.863529e-03	-8.580953e-03	-1.426948e-03	-7.154005e-03
1343          	4.372904e-01	2.135923e-01	2.236980e-01	-3.257372e-01	2.516626e-01	-5.773998e-01	4.145312e-01	-5.052840e-03	3.040032e-03	-8.780551e-03	-1.350244e-03	-7.430307e-03
1344          	4.384713e-01	2.141921e-01	2.242792e-01	-3.239314e-01	2.556682e-01	-5.795996e-01	4.176339e-01	-5.043518e-03	2.892541e-03	-9.679512e-03	-1.947216e-03	-7.732297e-03
1345          	4.405022e-01	2.151996e-01	2.253027e-01	-3.243757e-01	2.580076e-01	-5.823833e-01	4.201954e-01	-5.051535e-03	2.636244e-03	-1.098829e-02	-2.857899e-03	-8.130388e-03
1346          	4.431611e-01	2.164486e-01	2.267125e-01	-3.266813e-01	2.580531e-01	-5.847344e-01	4.213938e-01	-5.131938e-03	2.275829e-03	-1.234449e-02	-3.896417e-03	-8.448076e-03
1347          	4.458447e-01	2.178497e-01	2.279951e-01	-3.305252e-01	2.553463e-01	-5.858714e-01	4.206089e-01	-5.072700e-03	1.952626e-03	-1.346480e-02	-4.779775e-03	-8.685026e-03
1348          	4.482921e-01	2.191360e-01	2.291561e-01	-3.384492e-01	2.476427e-01	-5.860919e-01	4.168673e-01	-5.010079e-03	1.606292e-03	-1.392604e-02	-5.356729e-03	-8.569312e-03
1349          	4.499152e-01	2.200867e-01	2.298285e-01	-3.529160e-01	2.346129e-01	-5.875290e-01	4.110709e-01	-4.870884e-03	1.259992e-03	-1.431216e-02	-5.896087e-03	-8.416071e-03
1350          	4.508553e-01	2.205738e-01	2.302815e-01	-3.694161e-01	2.202930e-01	-5.897091e-01	4.050011e-01	-4.853844e-03	9.123235e-04	-1.454891e-02	-6.362130e-03	-8.186776e-03
1351          	4.506752e-01	2.206051e-01	2.300701e-01	-3.824227e-01	2.084067e-01	-5.908294e-01	3.996180e-01	-4.732478e-03	5.839968e-04	-1.466170e-02	-6.746852e-03	-7.914846e-03
1352          	4.496735e-01	2.203498e-01	2.293237e-01	-3.912968e-01	2.010606e-01	-5.923574e-01	3.967090e-01	-4.486925e-03	3.034698e-04	-1.459894e-02	-6.995998e-03	-7.602938e-03
1353          	4.479399e-01	2.198333e-01	2.281066e-01	-3.946771e-01	1.988325e-01	-5.935096e-01	3.961710e-01	-4.136672e-03	1.695702e-04	-1.424479e-02	-6.952825e-03	-7.291965e-03
1354          	4.456476e-01	2.193064e-01	2.263412e-01	-3.939141e-01	2.013830e-01	-5.952972e-01	3.983401e-01	-3.517367e-03	2.593799e-04	-1.379682e-02	-6.639029e-03	-7.157788e-03
1355          	4.431846e-01	2.184691e-01	2.247155e-01	-3.884596e-01	2.068190e-01	-5.952786e-01	4.010488e-01	-3.123192e-03	5.735901e-04	-1.286141e-02	-5.857117e-03	-7.004297e-03
1356          	4.411815e-01	2.177938e-01	2.233877e-01	-3.800683e-01	2.164571e-01	-5.965254e-01	4.064913e-01	-2.796963e-03	1.131239e-03	-1.182343e-02	-4.780476e-03	-7.042955e-03
1357          	4.396145e-01	2.171028e-01	2.225117e-01	-3.726881e-01	2.243697e-01	-5.970578e-01	4.107137e-01	-2.704404e-03	1.898488e-03	-1.045615e-02	-3.329589e-03	-7.126566e-03
1358          	4.388035e-01	2.164259e-01	2.223776e-01	-3.670090e-01	2.315875e-01	-5.985965e-01	4.150920e-01	-2.975844e-03	2.738494e-03	-8.985246e-03	-1.754130e-03	-7.231117e-03
1359          	4.384449e-01	2.160271e-01	2.224178e-01	-3.622461e-01	2.372342e-01	-5.994803e-01	4.183573e-01	-3.195342e-03	3.516134e-03	-7.819919e-03	-3.938254e-04	-7.426093e-03
1360          	4.388812e-01	2.160062e-01	2.228750e-01	-3.600353e-01	2.417597e-01	-6.017950e-01	4.217774e-01	-3.434407e-03	4.105680e-03	-7.157098e-03	5.271310e-04	-7.684229e-03
1361          	4.396500e-01	2.165008e-01	2.231493e-01	-3.593832e-01	2.439487e-01	-6.033319e-01	4.236403e-01	-3.324247e-03	4.488016e-03	-7.112049e-03	9.319916e-04	-8.044041e-03
1362          	4.410436e-01	2.173511e-01	2.236925e-01	-3.607089e-01	2.448568e-01	-6.055658e-01	4.252113e-01	-3.170693e-03	4.618617e-03	-7.463855e-03	8.866896e-04	-8.350544e-03
1363          	4.428379e-01	2.186044e-01	2.242335e-01	-3.623144e-01	2.439357e-01	-6.062501e-01	4.250929e-01	-2.814530e-03	4.553501e-03	-8.090178e-03	5.084120e-04	-8.598590e-03
1364          	4.450583e-01	2.201088e-01	2.249495e-01	-3.663050e-01	2.404951e-01	-6.068001e-01	4.236476e-01	-2.420344e-03	4.282349e-03	-8.740806e-03	-8.805449e-05	-8.652752e-03
1365          	4.473090e-01	2.217758e-01	2.255332e-01	-3.736465e-01	2.340617e-01	-6.077082e-01	4.208850e-01	-1.878714e-03	3.950327e-03	-9.434087e-03	-7.667166e-04	-8.667370e-03
1366          	4.494519e-01	2.229715e-01	2.264804e-01	-3.848168e-01	2.257314e-01	-6.105482e-01	4.181398e-01	-1.754479e-03	3.648752e-03	-1.019010e-02	-1.446299e-03	-8.743803e-03
1367          	4.510946e-01	2.236545e-01	2.274401e-01	-3.983985e-01	2.162721e-01	-6.146707e-01	4.154714e-01	-1.892801e-03	3.518223e-03	-1.118716e-02	-2.075357e-03	-9.111804e-03
1368          	4.520460e-01	2.237696e-01	2.282764e-01	-4.103162e-01	2.088831e-01	-6.191993e-01	4.140412e-01	-2.253393e-03	3.467923e-03	-1.223010e-02	-2.647126e-03	-9.582972e-03
1369          	4.519694e-01	2.235409e-01	2.284286e-01	-4.170267e-01	2.047893e-01	-6.218159e-01	4.133026e-01	-2.443835e-03	3.564854e-03	-1.305930e-02	-2.964796e-03	-1.009450e-02
1370          	4.510461e-01	2.228554e-01	2.281907e-01	-4.179174e-01	2.046953e-01	-6.226127e-01	4.136540e-01	-2.667654e-03	3.734226e-03	-1.338865e-02	-2.960100e-03	-1.042855e-02
1371          	4.487607e-01	2.219118e-01	2.268489e-01	-4.104365e-01	2.083161e-01	-6.187526e-01	4.135344e-01	-2.468581e-03	4.208495e-03	-1.345984e-02	-2.521427e-03	-1.093842e-02
1372          	4.459684e-01	2.206630e-01	2.253054e-01	-4.000512e-01	2.134609e-01	-6.135121e-01	4.134865e-01	-2.321210e-03	4.700473e-03	-1.283278e-02	-1.715917e-03	-1.111686e-02
1373          	4.424112e-01	2.193472e-01	2.230640e-01	-3.829310e-01	2.220490e-01	-6.049800e-01	4.135145e-01	-1.858432e-03	5.428227e-03	-1.190418e-02	-5.238607e-04	-1.138031e-02
1374          	4.394347e-01	2.180500e-01	2.213847e-01	-3.695608e-01	2.288016e-01	-5.983624e-01	4.135820e-01	-1.667371e-03	6.036067e-03	-1.069500e-02	6.885668e-04	-1.138357e-02
1375          	4.369052e-01	2.169487e-01	2.199564e-01	-3.562490e-01	2.373020e-01	-5.935510e-01	4.154265e-01	-1.503850e-03	6.600769e-03	-9.566231e-03	1.817653e-03	-1.138388e-02
1376          	4.356995e-01	2.161793e-01	2.195202e-01	-3.492281e-01	2.437813e-01	-5.930094e-01	4.183954e-01	-1.670478e-03	6.819354e-03	-8.722326e-03	2.458191e-03	-1.118052e-02
1377          	4.354128e-01	2.159474e-01	2.194654e-01	-3.467920e-01	2.485507e-01	-5.953427e-01	4.219467e-01	-1.758995e-03	6.739925e-03	-8.448485e-03	2.515682e-03	-1.096417e-02
1378          	4.361255e-01	2.160910e-01	2.200345e-01	-3.494274e-01	2.513648e-01	-6.007922e-01	4.260785e-01	-1.971743e-03	6.359948e-03	-8.632768e-03	2.043565e-03	-1.067633e-02
1379          	4.373000e-01	2.166858e-01	2.206142e-01	-3.539044e-01	2.519240e-01	-6.058284e-01	4.288762e-01	-1.964182e-03	5.870476e-03	-9.245153e-03	1.247900e-03	-1.049305e-02
1380          	4.389857e-01	2.174006e-01	2.215851e-01	-3.588247e-01	2.506771e-01	-6.095018e-01	4.300895e-01	-2.092204e-03	5.266098e-03	-9.857909e-03	3.371437e-04	-1.019505e-02
1381          	4.405488e-01	2.183356e-01	2.222132e-01	-3.640343e-01	2.459332e-01	-6.099676e-01	4.279504e-01	-1.938800e-03	4.596733e-03	-1.019045e-02	-4.984906e-04	-9.691956e-03
1382          	4.421826e-01	2.193419e-01	2.228408e-01	-3.731074e-01	2.360651e-01	-6.091725e-01	4.226188e-01	-1.749449e-03	3.716086e-03	-1.013884e-02	-1.353331e-03	-8.785504e-03
1383          	4.434900e-01	2.200630e-01	2.234270e-01	-3.818327e-01	2.248118e-01	-6.066445e-01	4.157281e-01	-1.681966e-03	3.059584e-03	-1.015711e-02	-2.018969e-03	-8.138136e-03
1384          	4.448274e-01	2.203576e-01	2.244698e-01	-3.918778e-01	2.132049e-01	-6.050827e-01	4.091438e-01	-2.056078e-03	2.555448e-03	-1.036858e-02	-2.628842e-03	-7.739738e-03
1385          	4.459614e-01	2.204598e-01	2.255015e-01	-3.990375e-01	2.050045e-01	-6.040420e-01	4.045232e-01	-2.520839e-03	2.157569e-03	-1.067069e-02	-3.177778e-03	-7.492916e-03
1386          	4.466861e-01	2.202102e-01	2.264759e-01	-4.020141e-01	1.999092e-01	-6.019233e-01	4.009162e-01	-3.132836e-03	1.900933e-03	-1.097366e-02	-3.585898e-03	-7.387763e-03
1387          	4.471415e-01	2.199327e-01	2.272087e-01	-4.001588e-01	2.006083e-01	-6.007671e-01	4.006877e-01	-3.638012e-03	1.660231e-03	-1.082003e-02	-3.749785e-03	-7.070247e-03
1388          	4.473891e-01	2.197218e-01	2.276673e-01	-3.924761e-01	2.056628e-01	-5.981389e-01	4.019008e-01	-3.972766e-03	1.587581e-03	-1.048366e-02	-3.654248e-03	-6.829410e-03
1389          	4.470755e-01	2.195046e-01	2.275708e-01	-3.832767e-01	2.127716e-01	-5.960482e-01	4.044099e-01	-4.033100e-03	1.743429e-03	-9.731665e-03	-3.122404e-03	-6.609261e-03
1390          	4.463935e-01	2.191039e-01	2.272895e-01	-3.728775e-01	2.210929e-01	-5.939704e-01	4.075316e-01	-4.092794e-03	2.138366e-03	-8.684031e-03	-2.203650e-03	-6.480381e-03
1391          	4.451479e-01	2.185820e-01	2.265659e-01	-3.616997e-01	2.292695e-01	-5.909692e-01	4.101194e-01	-3.991930e-03	2.761484e-03	-7.394565e-03	-9.357979e-04	-6.458767e-03
1392          	4.436506e-01	2.176577e-01	2.259929e-01	-3.506414e-01	2.366987e-01	-5.873401e-01	4.120194e-01	-4.167576e-03	3.482774e-03	-5.927842e-03	5.188528e-04	-6.446695e-03
1393          	4.418855e-01	2.165823e-01	2.253032e-01	-3.390735e-01	2.430895e-01	-5.821630e-01	4.126263e-01	-4.360448e-03	4.076635e-03	-4.822999e-03	1.665136e-03	-6.488135e-03
1394          	4.405699e-01	2.155189e-01	2.250510e-01	-3.285147e-01	2.489624e-01	-5.774771e-01	4.132198e-01	-4.766034e-03	4.354635e-03	-4.376187e-03	2.166542e-03	-6.542729e-03
1395          	4.397398e-01	2.148239e-01	2.249159e-01	-3.197728e-01	2.534664e-01	-5.732392e-01	4.133528e-01	-5.046015e-03	4.286243e-03	-4.869417e-03	1.851534e-03	-6.720951e-03
1396          	4.399232e-01	2.145895e-01	2.253338e-01	-3.144329e-01	2.569145e-01	-5.713474e-01	4.141310e-01	-5.372150e-03	3.928487e-03	-6.177228e-03	8.398726e-04	-7.017100e-03
1397          	4.408070e-01	2.149593e-01	2.258476e-01	-3.113261e-01	2.585589e-01	-5.698850e-01	4.142220e-01	-5.444173e-03	3.438780e-03	-8.163636e-03	-6.430383e-04	-7.520598e-03
1398          	4.425476e-01	2.157827e-01	2.267649e-01	-3.114352e-01	2.581940e-01	-5.696293e-01	4.139116e-01	-5.491091e-03	2.878643e-03	-1.021493e-02	-2.228822e-03	-7.986108e-03
1399          	4.444979e-01	2.170491e-01	2.274488e-01	-3.153673e-01	2.547016e-01	-5.700689e-01	4.123852e-01	-5.199802e-03	2.328347e-03	-1.202074e-02	-3.682022e-03	-8.338716e-03
1400          	4.465277e-01	2.184715e-01	2.280562e-01	-3.264049e-01	2.463216e-01	-5.727264e-01	4.095240e-01	-4.792343e-03	1.791988e-03	-1.336811e-02	-4.892067e-03	-8.476042e-03
1401          	4.480475e-01	2.196594e-01	2.283880e-01	-3.432870e-01	2.332911e-01	-5.765780e-01	4.049346e-01	-4.364305e-03	1.346850e-03	-1.445243e-02	-5.879367e-03	-8.573066e-03
1402          	4.489835e-01	2.203939e-01	2.285896e-01	-3.606051e-01	2.203239e-01	-5.809291e-01	4.006265e-01	-4.097875e-03	1.036537e-03	-1.533509e-02	-6.631010e-03	-8.704083e-03
1403          	4.491639e-01	2.209378e-01	2.282262e-01	-3.738234e-01	2.104802e-01	-5.843036e-01	3.973919e-01	-3.644181e-03	8.587796e-04	-1.616344e-02	-7.222939e-03	-8.940498e-03
1404          	4.487512e-01	2.210556e-01	2.276956e-01	-3.809184e-01	2.055824e-01	-5.865007e-01	3.960415e-01	-3.320033e-03	8.054630e-04	-1.678656e-02	-7.587817e-03	-9.198743e-03
1405          	4.477354e-01	2.208107e-01	2.269247e-01	-3.814427e-01	2.055202e-01	-5.869629e-01	3.962415e-01	-3.057010e-03	8.228814e-04	-1.702916e-02	-7.691699e-03	-9.337462e-03
1406          	4.460472e-01	2.201401e-01	2.259071e-01	-3.739692e-01	2.105041e-01	-5.844733e-01	3.974887e-01	-2.883532e-03	9.705768e-04	-1.704693e-02	-7.552888e-03	-9.494042e-03
1407          	4.440875e-01	2.191678e-01	2.249196e-01	-3.647164e-01	2.170258e-01	-5.817421e-01	3.993839e-01	-2.875894e-03	1.276552e-03	-1.656211e-02	-7.004504e-03	-9.557607e-03
1408          	4.420878e-01	2.180559e-01	2.240319e-01	-3.512262e-01	2.273281e-01	-5.785543e-01	4.029412e-01	-2.988011e-03	1.657367e-03	-1.606511e-02	-6.375187e-03	-9.689920e-03
1409          	4.401893e-01	2.169633e-01	2.232260e-01	-3.412527e-01	2.355866e-01	-5.768393e-01	4.062129e-01	-3.131356e-03	2.157254e-03	-1.534190e-02	-5.513694e-03	-9.828202e-03
1410          	4.386689e-01	2.158416e-01	2.228273e-01	-3.339629e-01	2.426312e-01	-5.765941e-01	4.096127e-01	-3.492848e-03	2.605758e-03	-1.460391e-02	-4.696195e-03	-9.907712e-03
1411          	4.376058e-01	2.151780e-01	2.224278e-01	-3.288323e-01	2.478944e-01	-5.767267e-01	4.123106e-01	-3.624883e-03	2.837527e-03	-1.437170e-02	-4.348324e-03	-1.002338e-02
1412          	4.371557e-01	2.148509e-01	2.223048e-01	-3.259867e-01	2.514057e-01	-5.773924e-01	4.143990e-01	-3.726971e-03	2.844824e-03	-1.470661e-02	-4.508481e-03	-1.019813e-02
1413          	4.373585e-01	2.153098e-01	2.220487e-01	-3.259369e-01	2.525899e-01	-5.785267e-01	4.155583e-01	-3.369433e-03	2.721647e-03	-1.567484e-02	-5.115772e-03	-1.055907e-02
1414          	4.381753e-01	2.161746e-01	2.220007e-01	-3.271985e-01	2.520268e-01	-5.792253e-01	4.156260e-01	-2.913042e-03	2.622827e-03	-1.661999e-02	-5.687168e-03	-1.093282e-02
1415          	4.398994e-01	2.176805e-01	2.222188e-01	-3.321223e-01	2.494274e-01	-5.815496e-01	4.154885e-01	-2.269154e-03	2.285979e-03	-1.766707e-02	-6.547557e-03	-1.111952e-02
1416          	4.419653e-01	2.193701e-01	2.225952e-01	-3.393504e-01	2.442304e-01	-5.835808e-01	4.139056e-01	-1.612529e-03	1.980860e-03	-1.816630e-02	-7.102291e-03	-1.106401e-02
1417          	4.444948e-01	2.213129e-01	2.231819e-01	-3.507135e-01	2.355623e-01	-5.862758e-01	4.109190e-01	-9.344760e-04	1.576491e-03	-1.845082e-02	-7.648920e-03	-1.080190e-02
1418          	4.468955e-01	2.224963e-01	2.243992e-01	-3.640555e-01	2.267204e-01	-5.907759e-01	4.087481e-01	-9.514495e-04	1.261528e-03	-1.871795e-02	-8.097446e-03	-1.062050e-02
1419          	4.487708e-01	2.231139e-01	2.256568e-01	-3.776644e-01	2.181877e-01	-5.958521e-01	4.070199e-01	-1.271447e-03	1.014487e-03	-1.912025e-02	-8.545636e-03	-1.057461e-02
1420          	4.497023e-01	2.229628e-01	2.267395e-01	-3.873565e-01	2.121653e-01	-5.995217e-01	4.058435e-01	-1.888393e-03	8.816991e-04	-1.923413e-02	-8.735367e-03	-1.049876e-02
1421          	4.495458e-01	2.223187e-01	2.272271e-01	-3.905762e-01	2.097290e-01	-6.003052e-01	4.050171e-01	-2.454201e-03	7.345365e-04	-1.911801e-02	-8.824467e-03	-1.029354e-02
1422          	4.477381e-01	2.208399e-01	2.268982e-01	-3.856318e-01	2.104499e-01	-5.960817e-01	4.032658e-01	-3.029155e-03	9.361589e-04	-1.816526e-02	-8.146470e-03	-1.001879e-02
1423          	4.453072e-01	2.192976e-01	2.260096e-01	-3.766873e-01	2.134872e-01	-5.901745e-01	4.018309e-01	-3.355990e-03	1.116333e-03	-1.701184e-02	-7.389585e-03	-9.622250e-03
1424          	4.419002e-01	2.174038e-01	2.244964e-01	-3.609990e-01	2.204698e-01	-5.814689e-01	4.009694e-01	-3.546309e-03	1.697057e-03	-1.493969e-02	-5.772788e-03	-9.166902e-03
1425          	4.388321e-01	2.159222e-01	2.229098e-01	-3.481222e-01	2.267718e-01	-5.748939e-01	4.008328e-01	-3.493805e-03	2.405922e-03	-1.261923e-02	-3.903695e-03	-8.715539e-03
1426          	4.366461e-01	2.147629e-01	2.218832e-01	-3.382614e-01	2.332886e-01	-5.715500e-01	4.024193e-01	-3.560122e-03	3.224369e-03	-1.006342e-02	-1.807340e-03	-8.256077e-03
1427          	4.356696e-01	2.141965e-01	2.214731e-01	-3.324458e-01	2.392565e-01	-5.717022e-01	4.054793e-01	-3.638287e-03	3.970909e-03	-7.724971e-03	1.084235e-04	-7.833395e-03
1428          	4.360886e-01	2.141526e-01	2.219360e-01	-3.305616e-01	2.446493e-01	-5.752109e-01	4.099301e-01	-3.891685e-03	4.486883e-03	-5.903242e-03	1.535262e-03	-7.438504e-03
1429          	4.376015e-01	2.147929e-01	2.228086e-01	-3.326893e-01	2.485471e-01	-5.812364e-01	4.148918e-01	-4.007855e-03	4.678372e-03	-4.993311e-03	2.181717e-03	-7.175028e-03
1430          	4.396054e-01	2.157359e-01	2.238695e-01	-3.376177e-01	2.508294e-01	-5.884471e-01	4.196383e-01	-4.066836e-03	4.639744e-03	-4.951868e-03	2.163810e-03	-7.115678e-03
1431          	4.419990e-01	2.171694e-01	2.248297e-01	-3.452391e-01	2.510206e-01	-5.962597e-01	4.236401e-01	-3.830145e-03	4.404059e-03	-5.738212e-03	1.534953e-03	-7.273165e-03
1432          	4.440638e-01	2.184811e-01	2.255827e-01	-3.532809e-01	2.486497e-01	-6.019306e-01	4.252901e-01	-3.550768e-03	4.121507e-03	-6.667494e-03	7.877599e-04	-7.455254e-03
1433          	4.455915e-01	2.198490e-01	2.257425e-01	-3.636965e-01	2.416565e-01	-6.053530e-01	4.235048e-01	-2.946753e-03	3.634144e-03	-7.416153e-03	-7.393226e-05	-7.342221e-03
1434          	4.465723e-01	2.210146e-01	2.255577e-01	-3.758231e-01	2.308916e-01	-6.067147e-01	4.188032e-01	-2.271513e-03	3.090849e-03	-7.927716e-03	-8.730094e-04	-7.054707e-03
1435          	4.471727e-01	2.217363e-01	2.254364e-01	-3.901558e-01	2.175693e-01	-6.077250e-01	4.126471e-01	-1.850075e-03	2.576059e-03	-8.680853e-03	-1.764368e-03	-6.916486e-03
1436          	4.476198e-01	2.219169e-01	2.257029e-01	-4.050267e-01	2.050115e-01	-6.100382e-01	4.075248e-01	-1.893014e-03	2.172440e-03	-9.715447e-03	-2.685284e-03	-7.030164e-03
1437          	4.479161e-01	2.219406e-01	2.259755e-01	-4.169538e-01	1.963010e-01	-6.132549e-01	4.047779e-01	-2.017447e-03	1.812941e-03	-1.098897e-02	-3.681546e-03	-7.307428e-03
1438          	4.481986e-01	2.218376e-01	2.263610e-01	-4.248348e-01	1.933577e-01	-6.181924e-01	4.057750e-01	-2.261729e-03	1.508446e-03	-1.212294e-02	-4.553024e-03	-7.569916e-03
1439          	4.478365e-01	2.217892e-01	2.260473e-01	-4.285074e-01	1.943746e-01	-6.228820e-01	4.086283e-01	-2.129031e-03	1.414287e-03	-1.313261e-02	-5.152019e-03	-7.980592e-03
1440          	4.468615e-01	2.215059e-01	2.253556e-01	-4.286583e-01	1.988713e-01	-6.275296e-01	4.132004e-01	-1.924861e-03	1.412710e-03	-1.352537e-02	-5.349975e-03	-8.175395e-03
1441          	4.453876e-01	2.215492e-01	2.238384e-01	-4.232053e-01	2.070553e-01	-6.302605e-01	4.186579e-01	-1.144639e-03	1.855809e-03	-1.357709e-02	-4.932738e-03	-8.644356e-03
1442          	4.427974e-01	2.206843e-01	2.221131e-01	-4.153118e-01	2.137662e-01	-6.290780e-01	4.214221e-01	-7.144049e-04	2.363445e-03	-1.312338e-02	-4.198247e-03	-8.925137e-03
1443          	4.397802e-01	2.196495e-01	2.201307e-01	-4.028433e-01	2.217220e-01	-6.245653e-01	4.231436e-01	-2.405603e-04	3.033442e-03	-1.243062e-02	-3.181870e-03	-9.248753e-03
1444          	4.365833e-01	2.180527e-01	2.185306e-01	-3.884315e-01	2.291532e-01	-6.175846e-01	4.233689e-01	-2.389446e-04	3.715741e-03	-1.156681e-02	-2.067662e-03	-9.499144e-03
1445          	4.336556e-01	2.165029e-01	2.171526e-01	-3.753067e-01	2.336768e-01	-6.089836e-01	4.213302e-01	-3.248550e-04	4.138749e-03	-1.102462e-02	-1.373563e-03	-9.651060e-03
1446          	4.313120e-01	2.149613e-01	2.163507e-01	-3.631278e-01	2.393339e-01	-6.024617e-01	4.208978e-01	-6.946765e-04	4.327714e-03	-1.094364e-02	-1.144107e-03	-9.799535e-03
1447          	4.304834e-01	2.145031e-01	2.159804e-01	-3.558174e-01	2.427406e-01	-5.985580e-01	4.206493e-01	-7.386606e-04	4.398033e-03	-1.157201e-02	-1.387973e-03	-1.018404e-02
1448          	4.312779e-01	2.148658e-01	2.164121e-01	-3.526351e-01	2.457413e-01	-5.983764e-01	4.220589e-01	-7.731401e-04	4.418670e-03	-1.255179e-02	-1.857225e-03	-1.069457e-02
1449          	4.334226e-01	2.160755e-01	2.173471e-01	-3.530537e-01	2.474631e-01	-6.005168e-01	4.239900e-01	-6.358236e-04	4.395976e-03	-1.373090e-02	-2.469474e-03	-1.126143e-02
1450          	4.366357e-01	2.178465e-01	2.187892e-01	-3.571765e-01	2.473227e-01	-6.044993e-01	4.259110e-01	-4.713444e-04	4.318618e-03	-1.468332e-02	-3.023041e-03	-1.166028e-02
1451          	4.401732e-01	2.199325e-01	2.202407e-01	-3.645369e-01	2.446000e-01	-6.091369e-01	4.268685e-01	-1.541226e-04	4.209891e-03	-1.525144e-02	-3.415827e-03	-1.183561e-02
1452          	4.432484e-01	2.217034e-01	2.215450e-01	-3.773971e-01	2.363527e-01	-6.137498e-01	4.250512e-01	7.922939e-05	3.873616e-03	-1.573412e-02	-3.993447e-03	-1.174068e-02
1453          	4.457051e-01	2.228452e-01	2.228599e-01	-3.928500e-01	2.252003e-01	-6.180502e-01	4.216252e-01	-7.366086e-06	3.608919e-03	-1.603713e-02	-4.409648e-03	-1.162749e-02
1454          	4.472551e-01	2.231831e-01	2.240720e-01	-4.060309e-01	2.143605e-01	-6.203915e-01	4.173760e-01	-4.444729e-04	3.262451e-03	-1.625630e-02	-4.865697e-03	-1.139060e-02
1455          	4.477651e-01	2.229778e-01	2.247873e-01	-4.127042e-01	2.065609e-01	-6.192650e-01	4.129129e-01	-9.047294e-04	2.863863e-03	-1.646174e-02	-5.367005e-03	-1.109473e-02
1456          	4.474209e-01	2.221829e-01	2.252380e-01	-4.126880e-01	2.034716e-01	-6.161595e-01	4.098156e-01	-1.527568e-03	2.472022e-03	-1.637334e-02	-5.714647e-03	-1.065869e-02
1457          	4.457862e-01	2.210623e-01	2.247239e-01	-4.051173e-01	2.044239e-01	-6.095412e-01	4.069826e-01	-1.830772e-03	2.216124e-03	-1.637642e-02	-5.972084e-03	-1.040433e-02
1458          	4.438550e-01	2.195976e-01	2.242573e-01	-3.954258e-01	2.090512e-01	-6.044770e-01	4.067641e-01	-2.329846e-03	2.294384e-03	-1.528885e-02	-5.350039e-03	-9.938806e-03
1459          	4.416115e-01	2.182704e-01	2.233411e-01	-3.802110e-01	2.182552e-01	-5.984662e-01	4.083607e-01	-2.535375e-03	2.700068e-03	-1.390445e-02	-4.252155e-03	-9.652290e-03
1460          	4.397824e-01	2.170089e-01	2.227735e-01	-3.697253e-01	2.266921e-01	-5.964174e-01	4.115547e-01	-2.882337e-03	3.460531e-03	-1.152145e-02	-2.300191e-03	-9.221254e-03
1461          	4.383932e-01	2.160179e-01	2.223752e-01	-3.618685e-01	2.345418e-01	-5.964103e-01	4.154760e-01	-3.178649e-03	4.389053e-03	-8.899718e-03	-6.080626e-05	-8.838912e-03
1462          	4.373951e-01	2.153009e-01	2.220942e-01	-3.567365e-01	2.406611e-01	-5.973976e-01	4.190294e-01	-3.396654e-03	5.145888e-03	-6.587464e-03	1.852156e-03	-8.439620e-03
1463          	4.372815e-01	2.152059e-01	2.220757e-01	-3.532546e-01	2.459774e-01	-5.992320e-01	4.226047e-01	-3.434913e-03	5.614012e-03	-5.038104e-03	3.094960e-03	-8.133064e-03
1464          	4.372503e-01	2.154137e-01	2.218366e-01	-3.516003e-01	2.475619e-01	-5.991622e-01	4.233621e-01	-3.211433e-03	5.666683e-03	-4.765990e-03	3.283688e-03	-8.049678e-03
1465          	4.378769e-01	2.161234e-01	2.217535e-01	-3.513800e-01	2.474476e-01	-5.988276e-01	4.231376e-01	-2.815022e-03	5.436007e-03	-5.204795e-03	2.833610e-03	-8.038405e-03
1466          	4.386732e-01	2.172535e-01	2.214197e-01	-3.514426e-01	2.449992e-01	-5.964418e-01	4.207205e-01	-2.083110e-03	4.976933e-03	-6.751894e-03	1.600986e-03	-8.352880e-03
1467          	4.399066e-01	2.185717e-01	2.213348e-01	-3.536674e-01	2.393909e-01	-5.930584e-01	4.162246e-01	-1.381558e-03	4.360754e-03	-8.006697e-03	3.574053e-04	-8.364102e-03
1468          	4.416328e-01	2.200652e-01	2.215676e-01	-3.585591e-01	2.333262e-01	-5.918853e-01	4.126057e-01	-7.511633e-04	3.738247e-03	-9.178701e-03	-8.511034e-04	-8.327598e-03
1469          	4.435253e-01	2.213328e-01	2.221924e-01	-3.653000e-01	2.247762e-01	-5.900762e-01	4.074262e-01	-4.298044e-04	3.260346e-03	-9.986895e-03	-1.733102e-03	-8.253794e-03
1470          	4.456396e-01	2.220919e-01	2.235477e-01	-3.752037e-01	2.175276e-01	-5.927313e-01	4.051294e-01	-7.279007e-04	3.036402e-03	-1.091627e-02	-2.421732e-03	-8.494535e-03
1471          	4.472864e-01	2.223311e-01	2.249553e-01	-3.847970e-01	2.111660e-01	-5.959629e-01	4.035644e-01	-1.312124e-03	3.032154e-03	-1.190228e-02	-2.918988e-03	-8.983296e-03
1472          	4.483125e-01	2.221686e-01	2.261439e-01	-3.916637e-01	2.079310e-01	-5.995947e-01	4.037629e-01	-1.987616e-03	3.074122e-03	-1.281516e-02	-3.333460e-03	-9.481704e-03
1473          	4.482351e-01	2.216353e-01	2.265998e-01	-3.931018e-01	2.077349e-01	-6.008367e-01	4.042858e-01	-2.482284e-03	3.100493e-03	-1.366209e-02	-3.730553e-03	-9.931540e-03
1474          	4.472174e-01	2.207914e-01	2.264260e-01	-3.898139e-01	2.106382e-01	-6.004521e-01	4.055452e-01	-2.817314e-03	3.088966e-03	-1.428820e-02	-4.055132e-03	-1.023306e-02
1475          	4.450306e-01	2.196562e-01	2.253743e-01	-3.810856e-01	2.155251e-01	-5.966106e-01	4.060678e-01	-2.859069e-03	3.119345e-03	-1.457185e-02	-4.166582e-03	-1.040527e-02
1476          	4.422038e-01	2.183280e-01	2.238758e-01	-3.695848e-01	2.218383e-01	-5.914230e-01	4.066307e-01	-2.773879e-03	3.198957e-03	-1.447200e-02	-4.037044e-03	-1.043496e-02
1477          	4.390771e-01	2.169331e-01	2.221439e-01	-3.560932e-01	2.284563e-01	-5.845495e-01	4.065029e-01	-2.605406e-03	3.355166e-03	-1.399243e-02	-3.641048e-03	-1.035138e-02
1478          	4.365044e-01	2.156338e-01	2.208706e-01	-3.438793e-01	2.351247e-01	-5.790040e-01	4.070644e-01	-2.618410e-03	3.460915e-03	-1.332442e-02	-3.201296e-03	-1.012313e-02
1479          	4.347754e-01	2.146599e-01	2.201154e-01	-3.335096e-01	2.412241e-01	-5.747337e-01	4.079789e-01	-2.727729e-03	3.473223e-03	-1.292716e-02	-2.990358e-03	-9.936804e-03
1480          	4.344709e-01	2.143036e-01	2.201674e-01	-3.266964e-01	2.473365e-01	-5.740329e-01	4.106847e-01	-2.931905e-03	3.193934e-03	-1.312007e-02	-3.366102e-03	-9.753971e-03
1481          	4.353309e-01	2.146782e-01	2.206527e-01	-3.230425e-01	2.521952e-01	-5.752377e-01	4.137165e-01	-2.987258e-03	2.712264e-03	-1.404992e-02	-4.312698e-03	-9.737226e-03
1482          	4.371974e-01	2.156554e-01	2.215420e-01	-3.226275e-01	2.558004e-01	-5.784279e-01	4.171141e-01	-2.943307e-03	2.018524e-03	-1.561435e-02	-5.788649e-03	-9.825698e-03
1483          	4.394043e-01	2.170468e-01	2.223575e-01	-3.231292e-01	2.572456e-01	-5.803749e-01	4.188103e-01	-2.655325e-03	1.312233e-03	-1.760320e-02	-7.489368e-03	-1.011383e-02
1484          	4.417637e-01	2.186438e-01	2.231199e-01	-3.256043e-01	2.560795e-01	-5.816838e-01	4.188817e-01	-2.238087e-03	6.166309e-04	-1.948202e-02	-9.124378e-03	-1.035764e-02
1485          	4.439359e-01	2.203384e-01	2.235974e-01	-3.298395e-01	2.503445e-01	-5.801840e-01	4.152642e-01	-1.629497e-03	-2.349526e-04	-2.125231e-02	-1.086111e-02	-1.039120e-02
1486          	4.457162e-01	2.220581e-01	2.236581e-01	-3.395251e-01	2.400101e-01	-5.795352e-01	4.097726e-01	-7.999973e-04	-9.845823e-04	-2.233004e-02	-1.214960e-02	-1.018044e-02
1487          	4.469113e-01	2.231470e-01	2.237642e-01	-3.534509e-01	2.254679e-01	-5.789188e-01	4.021934e-01	-3.085896e-04	-1.552253e-03	-2.322577e-02	-1.316514e-02	-1.006063e-02
1488          	4.478937e-01	2.236840e-01	2.242097e-01	-3.682467e-01	2.121413e-01	-5.803881e-01	3.962647e-01	-2.628455e-04	-2.012696e-03	-2.409108e-02	-1.405824e-02	-1.003284e-02
1489          	4.484451e-01	2.238007e-01	2.246445e-01	-3.796482e-01	2.027549e-01	-5.824030e-01	3.925789e-01	-4.219026e-04	-2.431831e-03	-2.492536e-02	-1.489451e-02	-1.003085e-02
1490          	4.486573e-01	2.235012e-01	2.251561e-01	-3.862764e-01	1.991763e-01	-5.854526e-01	3.923145e-01	-8.274571e-04	-2.970255e-03	-2.574861e-02	-1.584456e-02	-9.904048e-03
1491          	4.481429e-01	2.228218e-01	2.253211e-01	-3.872995e-01	1.994904e-01	-5.867899e-01	3.931401e-01	-1.249653e-03	-3.211305e-03	-2.566955e-02	-1.604608e-02	-9.623470e-03
1492          	4.469583e-01	2.217637e-01	2.251946e-01	-3.836937e-01	2.035598e-01	-5.872534e-01	3.954066e-01	-1.715440e-03	-3.558893e-03	-2.533635e-02	-1.622707e-02	-9.109280e-03
1493          	4.449835e-01	2.204710e-01	2.245125e-01	-3.739624e-01	2.107464e-01	-5.847089e-01	3.977277e-01	-2.020789e-03	-3.440328e-03	-2.399758e-02	-1.543912e-02	-8.558462e-03
1494          	4.427115e-01	2.190181e-01	2.236934e-01	-3.623971e-01	2.188895e-01	-5.812866e-01	4.000881e-01	-2.337612e-03	-2.963621e-03	-2.206010e-02	-1.399367e-02	-8.066430e-03
1495          	4.400852e-01	2.174310e-01	2.226542e-01	-3.493505e-01	2.275331e-01	-5.768836e-01	4.022084e-01	-2.611582e-03	-2.176287e-03	-1.965425e-02	-1.200341e-02	-7.650838e-03
1496          	4.376828e-01	2.159479e-01	2.217349e-01	-3.392001e-01	2.331807e-01	-5.723809e-01	4.027808e-01	-2.893512e-03	-1.507340e-03	-1.778691e-02	-1.040080e-02	-7.386115e-03
1497          	4.354571e-01	2.145075e-01	2.209496e-01	-3.289473e-01	2.400923e-01	-5.690396e-01	4.045659e-01	-3.221033e-03	-9.041633e-04	-1.592839e-02	-8.868358e-03	-7.060032e-03
1498          	4.344069e-01	2.138732e-01	2.205338e-01	-3.222572e-01	2.450426e-01	-5.672998e-01	4.061712e-01	-3.330299e-03	-7.159519e-04	-1.532305e-02	-8.377479e-03	-6.945575e-03
1499          	4.343004e-01	2.139602e-01	2.203402e-01	-3.185335e-01	2.489032e-01	-5.674367e-01	4.081699e-01	-3.189998e-03	-7.939379e-04	-1.569702e-02	-8.642446e-03	-7.054571e-03
1500          	4.355001e-01	2.147633e-01	2.207368e-01	-3.187897e-01	2.520243e-01	-5.708140e-01	4.114192e-01	-2.986744e-03	-1.049963e-03	-1.671281e-02	-9.406366e-03	-7.306441e-03
