# Force and moment coefficients
# dragDir     : (1.000000e+00 0.000000e+00 0.000000e+00)
# sideDir     : (0.000000e+00 1.000000e+00 0.000000e+00)
# liftDir     : (0.000000e+00 0.000000e+00 1.000000e+00)
# rollAxis    : (1.000000e+00 0.000000e+00 0.000000e+00)
# pitchAxis   : (0.000000e+00 1.000000e+00 0.000000e+00)
# yawAxis     : (0.000000e+00 0.000000e+00 1.000000e+00)
# magUInf     : 4.000000e+01
# lRef        : 3.098000e+00
# Aref        : 1.676200e+00
# CofR        : (2.505000e+00 0.000000e+00 0.000000e+00)
#
# Time        	Cd            	Cd(f)         	Cd(r)         	Cl            	Cl(f)         	Cl(r)         	CmPitch       	CmRoll        	CmYaw         	Cs            	Cs(f)         	Cs(r)         
1             	1.040013e+00	5.200099e-01	5.200034e-01	-1.250424e+00	-1.713623e-01	-1.079062e+00	4.538497e-01	3.278676e-06	9.927829e-04	1.260261e-03	1.622913e-03	-3.626523e-04
2             	1.050909e+00	5.253102e-01	5.255985e-01	-1.588292e+00	-2.200332e-01	-1.368258e+00	5.741126e-01	-1.441561e-04	7.886472e-04	6.605081e-04	1.118901e-03	-4.583932e-04
3             	9.160102e-01	4.578901e-01	4.581201e-01	-1.642022e+00	-1.941443e-01	-1.447878e+00	6.268669e-01	-1.150062e-04	1.720828e-04	3.254236e-04	3.347946e-04	-9.371025e-06
4             	8.084096e-01	4.040390e-01	4.043706e-01	-1.636075e+00	-1.638624e-01	-1.472212e+00	6.541750e-01	-1.657741e-04	5.282313e-05	6.888897e-05	8.726761e-05	-1.837864e-05
5             	7.461744e-01	3.728015e-01	3.733729e-01	-1.607908e+00	-1.342349e-01	-1.473673e+00	6.697190e-01	-2.857085e-04	-1.902591e-04	-2.958633e-04	-3.381908e-04	4.232748e-05
6             	7.088816e-01	3.542830e-01	3.545986e-01	-1.542699e+00	-8.255276e-02	-1.460146e+00	6.887968e-01	-1.578166e-04	-2.802058e-04	-2.023581e-04	-3.813849e-04	1.790268e-04
7             	6.846490e-01	3.423772e-01	3.422718e-01	-1.429854e+00	2.692886e-03	-1.432547e+00	7.176198e-01	5.265881e-05	-4.113371e-04	-2.985803e-04	-5.606273e-04	2.620469e-04
8             	6.654131e-01	3.327234e-01	3.326897e-01	-1.312784e+00	8.212267e-02	-1.394906e+00	7.385146e-01	1.684788e-05	-5.054472e-04	7.832326e-05	-4.662856e-04	5.446089e-04
9             	6.483794e-01	3.242405e-01	3.241389e-01	-1.206206e+00	1.484020e-01	-1.354608e+00	7.515052e-01	5.077218e-05	-4.428568e-04	7.426975e-04	-7.150809e-05	8.142056e-04
10            	6.373541e-01	3.189248e-01	3.184293e-01	-1.129696e+00	1.980457e-01	-1.327742e+00	7.628936e-01	2.477231e-04	-5.484312e-04	8.811675e-04	-1.078474e-04	9.890149e-04
11            	6.322688e-01	3.164875e-01	3.157814e-01	-1.072638e+00	2.368585e-01	-1.309496e+00	7.731775e-01	3.530478e-04	-5.600302e-04	1.192160e-03	3.605000e-05	1.156110e-03
12            	6.314831e-01	3.160083e-01	3.154748e-01	-1.027428e+00	2.724771e-01	-1.299905e+00	7.861910e-01	2.667615e-04	-1.130850e-04	2.399558e-03	1.086694e-03	1.312864e-03
13            	6.319131e-01	3.158995e-01	3.160135e-01	-1.002832e+00	2.984310e-01	-1.301263e+00	7.998469e-01	-5.699405e-05	1.426537e-04	3.837861e-03	2.061584e-03	1.776277e-03
14            	6.304021e-01	3.149016e-01	3.155005e-01	-9.875793e-01	3.122977e-01	-1.299877e+00	8.060873e-01	-2.994843e-04	1.596763e-04	5.102681e-03	2.711017e-03	2.391664e-03
15            	6.285675e-01	3.137770e-01	3.147904e-01	-9.801346e-01	3.171716e-01	-1.297306e+00	8.072389e-01	-5.067025e-04	1.104156e-04	6.262258e-03	3.241545e-03	3.020713e-03
16            	6.298863e-01	3.143079e-01	3.155784e-01	-9.825337e-01	3.165923e-01	-1.299126e+00	8.078591e-01	-6.352351e-04	2.421986e-04	7.333303e-03	3.908850e-03	3.424453e-03
17            	6.353156e-01	3.170603e-01	3.182554e-01	-9.941092e-01	3.098909e-01	-1.304000e+00	8.069455e-01	-5.975403e-04	8.284604e-04	8.798533e-03	5.227727e-03	3.570806e-03
18            	6.420107e-01	3.202647e-01	3.217460e-01	-1.011081e+00	2.973744e-01	-1.308455e+00	8.029148e-01	-7.406660e-04	1.764642e-03	1.084355e-02	7.186415e-03	3.657131e-03
19            	6.490651e-01	3.232978e-01	3.257673e-01	-1.029546e+00	2.818230e-01	-1.311369e+00	7.965961e-01	-1.234760e-03	2.506221e-03	1.267974e-02	8.846093e-03	3.833651e-03
20            	6.544305e-01	3.253678e-01	3.290627e-01	-1.037178e+00	2.673132e-01	-1.304491e+00	7.859019e-01	-1.847445e-03	2.643318e-03	1.340460e-02	9.345619e-03	4.058983e-03
21            	6.584731e-01	3.267112e-01	3.317619e-01	-1.033313e+00	2.581788e-01	-1.291491e+00	7.748351e-01	-2.525393e-03	2.272210e-03	1.300375e-02	8.774084e-03	4.229664e-03
22            	6.580829e-01	3.260153e-01	3.320676e-01	-1.006425e+00	2.562397e-01	-1.262665e+00	7.594524e-01	-3.026139e-03	1.408510e-03	1.143523e-02	7.126127e-03	4.309107e-03
23            	6.532786e-01	3.234583e-01	3.298203e-01	-9.635490e-01	2.617640e-01	-1.225313e+00	7.435384e-01	-3.181027e-03	2.059393e-04	9.080777e-03	4.746328e-03	4.334449e-03
24            	6.430200e-01	3.183771e-01	3.246429e-01	-9.079281e-01	2.692384e-01	-1.177167e+00	7.232025e-01	-3.132888e-03	-9.827548e-04	6.807155e-03	2.420823e-03	4.386332e-03
25            	6.282849e-01	3.109765e-01	3.173084e-01	-8.579021e-01	2.699762e-01	-1.127878e+00	6.989273e-01	-3.165963e-03	-1.988850e-03	4.482902e-03	2.526009e-04	4.230301e-03
26            	6.125328e-01	3.031930e-01	3.093398e-01	-8.239722e-01	2.608942e-01	-1.084866e+00	6.728803e-01	-3.073415e-03	-2.899054e-03	1.877427e-03	-1.960341e-03	3.837768e-03
27            	5.987274e-01	2.966564e-01	3.020710e-01	-8.048312e-01	2.459697e-01	-1.050801e+00	6.483853e-01	-2.707320e-03	-3.623613e-03	-1.035816e-03	-4.141522e-03	3.105705e-03
28            	5.881981e-01	2.918593e-01	2.963388e-01	-7.897971e-01	2.336215e-01	-1.023419e+00	6.285201e-01	-2.239765e-03	-3.720173e-03	-3.167482e-03	-5.303914e-03	2.136432e-03
29            	5.813930e-01	2.885506e-01	2.928424e-01	-7.747497e-01	2.278958e-01	-1.002646e+00	6.152707e-01	-2.145931e-03	-3.291211e-03	-4.642735e-03	-5.612579e-03	9.698442e-04
30            	5.779039e-01	2.863677e-01	2.915362e-01	-7.557799e-01	2.296986e-01	-9.854785e-01	6.075886e-01	-2.584249e-03	-2.672930e-03	-5.683056e-03	-5.514458e-03	-1.685980e-04
31            	5.763552e-01	2.848721e-01	2.914832e-01	-7.304413e-01	2.379791e-01	-9.684204e-01	6.031998e-01	-3.305537e-03	-2.053290e-03	-6.405482e-03	-5.256031e-03	-1.149451e-03
32            	5.752112e-01	2.836077e-01	2.916035e-01	-6.998766e-01	2.499780e-01	-9.498546e-01	5.999163e-01	-3.997860e-03	-1.397943e-03	-7.079764e-03	-4.937825e-03	-2.141940e-03
33            	5.730467e-01	2.822711e-01	2.907757e-01	-6.594337e-01	2.648983e-01	-9.243320e-01	5.946152e-01	-4.252281e-03	-4.506706e-04	-7.232570e-03	-4.066956e-03	-3.165614e-03
34            	5.705953e-01	2.813942e-01	2.892011e-01	-6.171879e-01	2.795883e-01	-8.967762e-01	5.881822e-01	-3.903411e-03	6.656779e-04	-6.663644e-03	-2.666144e-03	-3.997500e-03
35            	5.671615e-01	2.803683e-01	2.867932e-01	-5.829420e-01	2.865455e-01	-8.694875e-01	5.780165e-01	-3.212450e-03	1.711616e-03	-5.320731e-03	-9.487494e-04	-4.371982e-03
36            	5.634712e-01	2.788907e-01	2.845805e-01	-5.643489e-01	2.834836e-01	-8.478324e-01	5.656580e-01	-2.844873e-03	2.351350e-03	-3.653385e-03	5.246571e-04	-4.178042e-03
37            	5.591787e-01	2.763738e-01	2.828049e-01	-5.539669e-01	2.730003e-01	-8.269672e-01	5.499838e-01	-3.215581e-03	2.564136e-03	-2.073493e-03	1.527389e-03	-3.600882e-03
38            	5.553071e-01	2.735997e-01	2.817074e-01	-5.461880e-01	2.602738e-01	-8.064618e-01	5.333678e-01	-4.053853e-03	2.659029e-03	-1.115208e-03	2.101425e-03	-3.216633e-03
39            	5.529678e-01	2.714536e-01	2.815143e-01	-5.375763e-01	2.498527e-01	-7.874290e-01	5.186409e-01	-5.030358e-03	2.786140e-03	-9.103234e-04	2.330978e-03	-3.241301e-03
40            	5.514857e-01	2.698112e-01	2.816745e-01	-5.277418e-01	2.411331e-01	-7.688749e-01	5.050040e-01	-5.931658e-03	2.776118e-03	-1.294179e-03	2.129029e-03	-3.423208e-03
41            	5.507396e-01	2.692075e-01	2.815322e-01	-5.188315e-01	2.325931e-01	-7.514246e-01	4.920089e-01	-6.162351e-03	2.445202e-03	-2.119442e-03	1.385481e-03	-3.504923e-03
42            	5.513324e-01	2.700647e-01	2.812677e-01	-5.125773e-01	2.249187e-01	-7.374960e-01	4.812073e-01	-5.601506e-03	1.770323e-03	-2.830881e-03	3.548825e-04	-3.185763e-03
43            	5.535544e-01	2.722171e-01	2.813373e-01	-5.087404e-01	2.211841e-01	-7.299246e-01	4.755543e-01	-4.560079e-03	8.521888e-04	-3.193793e-03	-7.447076e-04	-2.449085e-03
44            	5.559725e-01	2.746659e-01	2.813066e-01	-5.064746e-01	2.218517e-01	-7.283263e-01	4.750890e-01	-3.320340e-03	-5.092252e-05	-3.129936e-03	-1.615890e-03	-1.514045e-03
45            	5.581037e-01	2.770428e-01	2.810608e-01	-5.035606e-01	2.253230e-01	-7.288836e-01	4.771033e-01	-2.008988e-03	-7.515844e-04	-2.596891e-03	-2.050030e-03	-5.468609e-04
46            	5.599840e-01	2.789727e-01	2.810113e-01	-4.971738e-01	2.304343e-01	-7.276080e-01	4.790211e-01	-1.019276e-03	-1.272045e-03	-1.956831e-03	-2.250460e-03	2.936288e-04
47            	5.619118e-01	2.803658e-01	2.815460e-01	-4.905042e-01	2.369225e-01	-7.274267e-01	4.821746e-01	-5.901099e-04	-1.711311e-03	-1.393164e-03	-2.407893e-03	1.014729e-03
48            	5.635635e-01	2.810242e-01	2.825393e-01	-4.866281e-01	2.422256e-01	-7.288537e-01	4.855397e-01	-7.575382e-04	-2.015655e-03	-1.020530e-03	-2.525920e-03	1.505390e-03
49            	5.647393e-01	2.812343e-01	2.835050e-01	-4.846380e-01	2.443822e-01	-7.290202e-01	4.867012e-01	-1.135322e-03	-2.205428e-03	-8.907348e-04	-2.650796e-03	1.760061e-03
50            	5.648995e-01	2.810693e-01	2.838302e-01	-4.826597e-01	2.429018e-01	-7.255615e-01	4.842317e-01	-1.380463e-03	-2.259963e-03	-9.750990e-04	-2.747512e-03	1.772413e-03
51            	5.639295e-01	2.807965e-01	2.831331e-01	-4.825032e-01	2.382014e-01	-7.207046e-01	4.794530e-01	-1.168319e-03	-2.260151e-03	-1.463386e-03	-2.991844e-03	1.528458e-03
52            	5.603994e-01	2.796951e-01	2.807043e-01	-4.814810e-01	2.298608e-01	-7.113418e-01	4.706013e-01	-5.046406e-04	-2.271165e-03	-2.117020e-03	-3.329674e-03	1.212655e-03
53            	5.548148e-01	2.779055e-01	2.769093e-01	-4.806311e-01	2.205013e-01	-7.011324e-01	4.608169e-01	4.980913e-04	-2.374568e-03	-2.668445e-03	-3.708791e-03	1.040345e-03
54            	5.470615e-01	2.748402e-01	2.722213e-01	-4.785123e-01	2.114689e-01	-6.899812e-01	4.507251e-01	1.309414e-03	-2.500079e-03	-2.976162e-03	-3.988160e-03	1.011998e-03
55            	5.380805e-01	2.707943e-01	2.672862e-01	-4.741163e-01	2.033031e-01	-6.774194e-01	4.403613e-01	1.754011e-03	-2.643389e-03	-3.101618e-03	-4.194197e-03	1.092580e-03
56            	5.291597e-01	2.664171e-01	2.627426e-01	-4.690304e-01	1.965796e-01	-6.656100e-01	4.310948e-01	1.837205e-03	-2.700389e-03	-3.227932e-03	-4.314355e-03	1.086423e-03
57            	5.215419e-01	2.624138e-01	2.591281e-01	-4.644283e-01	1.927480e-01	-6.571763e-01	4.249621e-01	1.642890e-03	-2.666411e-03	-3.355610e-03	-4.344216e-03	9.886055e-04
58            	5.162119e-01	2.595336e-01	2.566784e-01	-4.595198e-01	1.937315e-01	-6.532513e-01	4.234914e-01	1.427620e-03	-2.560366e-03	-3.369204e-03	-4.244968e-03	8.757643e-04
59            	5.141080e-01	2.581853e-01	2.559227e-01	-4.560989e-01	1.998772e-01	-6.559760e-01	4.279266e-01	1.131288e-03	-2.412922e-03	-3.222391e-03	-4.024118e-03	8.017265e-04
60            	5.146018e-01	2.582890e-01	2.563127e-01	-4.519576e-01	2.106673e-01	-6.626249e-01	4.366461e-01	9.881526e-04	-2.170855e-03	-2.963731e-03	-3.652720e-03	6.889892e-04
61            	5.161294e-01	2.588826e-01	2.572468e-01	-4.455381e-01	2.235790e-01	-6.691172e-01	4.463481e-01	8.178688e-04	-1.807052e-03	-2.933577e-03	-3.273840e-03	3.402635e-04
62            	5.176717e-01	2.592828e-01	2.583889e-01	-4.387609e-01	2.366849e-01	-6.754458e-01	4.560653e-01	4.469614e-04	-1.413342e-03	-2.975643e-03	-2.901163e-03	-7.447987e-05
63            	5.180289e-01	2.588174e-01	2.592115e-01	-4.313593e-01	2.472037e-01	-6.785630e-01	4.628834e-01	-1.970829e-04	-1.052510e-03	-2.896173e-03	-2.500596e-03	-3.955770e-04
64            	5.170882e-01	2.575156e-01	2.595726e-01	-4.240679e-01	2.541314e-01	-6.781993e-01	4.661654e-01	-1.028479e-03	-6.884504e-04	-2.473306e-03	-1.925103e-03	-5.482026e-04
65            	5.143753e-01	2.552377e-01	2.591377e-01	-4.156852e-01	2.562966e-01	-6.719818e-01	4.641392e-01	-1.950005e-03	-2.931085e-04	-1.755674e-03	-1.170945e-03	-5.847284e-04
66            	5.103879e-01	2.523723e-01	2.580156e-01	-4.067091e-01	2.536991e-01	-6.604082e-01	4.570536e-01	-2.821614e-03	1.126018e-04	-7.761388e-04	-2.754676e-04	-5.006713e-04
67            	5.059540e-01	2.493834e-01	2.565705e-01	-3.965439e-01	2.488105e-01	-6.453544e-01	4.470825e-01	-3.593562e-03	4.162955e-04	2.719433e-04	5.522671e-04	-2.803239e-04
68            	5.016367e-01	2.467321e-01	2.549046e-01	-3.878102e-01	2.426889e-01	-6.304991e-01	4.365940e-01	-4.086233e-03	5.047515e-04	1.091585e-03	1.050544e-03	4.104090e-05
69            	4.983426e-01	2.452650e-01	2.530776e-01	-3.864652e-01	2.341473e-01	-6.206125e-01	4.273799e-01	-3.906320e-03	2.982143e-04	1.382296e-03	9.893621e-04	3.929335e-04
70            	4.970163e-01	2.451228e-01	2.518935e-01	-3.903261e-01	2.271864e-01	-6.175125e-01	4.223494e-01	-3.385317e-03	-1.064861e-04	1.279626e-03	5.333271e-04	7.462993e-04
71            	4.978502e-01	2.460432e-01	2.518070e-01	-3.956258e-01	2.249291e-01	-6.205548e-01	4.227420e-01	-2.881880e-03	-5.537668e-04	6.547830e-04	-2.263753e-04	8.811584e-04
72            	5.005363e-01	2.476532e-01	2.528832e-01	-4.019696e-01	2.269295e-01	-6.288990e-01	4.279143e-01	-2.614988e-03	-8.779265e-04	-2.888516e-04	-1.022352e-03	7.335007e-04
73            	5.043512e-01	2.495761e-01	2.547750e-01	-4.104240e-01	2.317365e-01	-6.421605e-01	4.369485e-01	-2.599450e-03	-1.031544e-03	-1.552354e-03	-1.807721e-03	2.553667e-04
74            	5.082393e-01	2.512389e-01	2.570005e-01	-4.193756e-01	2.378573e-01	-6.572329e-01	4.475451e-01	-2.880808e-03	-1.113881e-03	-3.136974e-03	-2.682368e-03	-4.546066e-04
75            	5.119723e-01	2.525905e-01	2.593819e-01	-4.265800e-01	2.448789e-01	-6.714589e-01	4.581689e-01	-3.395700e-03	-1.161700e-03	-5.124395e-03	-3.723897e-03	-1.400498e-03
76            	5.152015e-01	2.536416e-01	2.615599e-01	-4.322344e-01	2.542411e-01	-6.864755e-01	4.703583e-01	-3.959146e-03	-1.305657e-03	-7.721125e-03	-5.166220e-03	-2.554905e-03
77            	5.185922e-01	2.551569e-01	2.634353e-01	-4.318970e-01	2.607743e-01	-6.926713e-01	4.767228e-01	-4.139209e-03	-1.304801e-03	-9.694785e-03	-6.152194e-03	-3.542591e-03
78            	5.194601e-01	2.554379e-01	2.640222e-01	-4.272631e-01	2.707335e-01	-6.979966e-01	4.843650e-01	-4.292122e-03	-1.668469e-03	-1.249778e-02	-7.917360e-03	-4.580421e-03
79            	5.198124e-01	2.555626e-01	2.642499e-01	-4.198571e-01	2.739112e-01	-6.937682e-01	4.838397e-01	-4.343649e-03	-1.991339e-03	-1.443219e-02	-9.207433e-03	-5.224755e-03
80            	5.173760e-01	2.545581e-01	2.628178e-01	-4.128553e-01	2.754679e-01	-6.883232e-01	4.818955e-01	-4.129858e-03	-2.491012e-03	-1.619454e-02	-1.058828e-02	-5.606259e-03
81            	5.121014e-01	2.523896e-01	2.597118e-01	-4.033650e-01	2.714107e-01	-6.747757e-01	4.730932e-01	-3.661076e-03	-2.788840e-03	-1.732736e-02	-1.145252e-02	-5.874840e-03
82            	5.051586e-01	2.493581e-01	2.558005e-01	-3.934660e-01	2.642345e-01	-6.577005e-01	4.609675e-01	-3.221164e-03	-2.807718e-03	-1.776233e-02	-1.168888e-02	-6.073448e-03
83            	4.968176e-01	2.455495e-01	2.512681e-01	-3.798990e-01	2.564680e-01	-6.363670e-01	4.464175e-01	-2.859318e-03	-2.492199e-03	-1.751981e-02	-1.125211e-02	-6.267708e-03
84            	4.884490e-01	2.416767e-01	2.467723e-01	-3.638091e-01	2.487738e-01	-6.125829e-01	4.306784e-01	-2.547802e-03	-1.968718e-03	-1.699204e-02	-1.046474e-02	-6.527301e-03
85            	4.812630e-01	2.384735e-01	2.427896e-01	-3.501582e-01	2.400987e-01	-5.902570e-01	4.151779e-01	-2.158065e-03	-1.494803e-03	-1.669272e-02	-9.841162e-03	-6.851556e-03
86            	4.763572e-01	2.364977e-01	2.398595e-01	-3.443454e-01	2.294521e-01	-5.737975e-01	4.016248e-01	-1.680893e-03	-1.291481e-03	-1.675720e-02	-9.670082e-03	-7.087119e-03
87            	4.744128e-01	2.360316e-01	2.383812e-01	-3.498139e-01	2.169981e-01	-5.668120e-01	3.919051e-01	-1.174831e-03	-1.435014e-03	-1.725302e-02	-1.006153e-02	-7.191497e-03
88            	4.757787e-01	2.371685e-01	2.386103e-01	-3.668838e-01	2.049815e-01	-5.718653e-01	3.884234e-01	-7.209051e-04	-1.877997e-03	-1.794360e-02	-1.084980e-02	-7.093802e-03
89            	4.789564e-01	2.390532e-01	2.399032e-01	-3.890450e-01	1.960881e-01	-5.851331e-01	3.906106e-01	-4.249819e-04	-2.453567e-03	-1.859969e-02	-1.175341e-02	-6.846277e-03
90            	4.823212e-01	2.408272e-01	2.414939e-01	-4.090074e-01	1.925584e-01	-6.015658e-01	3.970621e-01	-3.333623e-04	-3.034943e-03	-1.903073e-02	-1.255031e-02	-6.480424e-03
91            	4.845912e-01	2.420135e-01	2.425777e-01	-4.214029e-01	1.958106e-01	-6.172135e-01	4.065121e-01	-2.820666e-04	-3.443430e-03	-1.924764e-02	-1.306725e-02	-6.180389e-03
92            	4.845124e-01	2.419977e-01	2.425147e-01	-4.222713e-01	2.045767e-01	-6.268480e-01	4.157124e-01	-2.584874e-04	-3.623359e-03	-1.915575e-02	-1.320123e-02	-5.954514e-03
93            	4.826929e-01	2.410897e-01	2.416032e-01	-4.120837e-01	2.181394e-01	-6.302231e-01	4.241813e-01	-2.567654e-04	-3.565795e-03	-1.889549e-02	-1.301354e-02	-5.881952e-03
94            	4.798634e-01	2.396521e-01	2.402113e-01	-3.956148e-01	2.331180e-01	-6.287327e-01	4.309254e-01	-2.795924e-04	-3.196144e-03	-1.831000e-02	-1.235115e-02	-5.958858e-03
95            	4.765049e-01	2.381038e-01	2.384010e-01	-3.795803e-01	2.450419e-01	-6.246222e-01	4.348320e-01	-1.486063e-04	-2.534954e-03	-1.737734e-02	-1.122362e-02	-6.153714e-03
96            	4.739173e-01	2.372785e-01	2.366388e-01	-3.714742e-01	2.502648e-01	-6.217390e-01	4.360019e-01	3.198454e-04	-1.637706e-03	-1.618700e-02	-9.731204e-03	-6.455793e-03
97            	4.728051e-01	2.375906e-01	2.352145e-01	-3.730670e-01	2.488196e-01	-6.218866e-01	4.353531e-01	1.188077e-03	-6.209816e-04	-1.485970e-02	-8.050829e-03	-6.808866e-03
98            	4.735987e-01	2.389631e-01	2.346356e-01	-3.826062e-01	2.432968e-01	-6.259030e-01	4.345999e-01	2.163736e-03	3.790629e-04	-1.349235e-02	-6.367113e-03	-7.125239e-03
99            	4.760938e-01	2.409408e-01	2.351530e-01	-3.931502e-01	2.381730e-01	-6.313233e-01	4.347481e-01	2.893917e-03	1.228904e-03	-1.220796e-02	-4.875075e-03	-7.332883e-03
100           	4.797212e-01	2.429373e-01	2.367840e-01	-4.004538e-01	2.350289e-01	-6.354828e-01	4.352559e-01	3.076644e-03	1.823803e-03	-1.106837e-02	-3.710384e-03	-7.357989e-03
101           	4.838080e-01	2.446079e-01	2.392001e-01	-4.045406e-01	2.333015e-01	-6.378421e-01	4.355718e-01	2.703889e-03	2.244613e-03	-1.021309e-02	-2.861930e-03	-7.351156e-03
102           	4.872906e-01	2.456937e-01	2.415969e-01	-4.079492e-01	2.306685e-01	-6.386177e-01	4.346431e-01	2.048369e-03	2.565800e-03	-9.838001e-03	-2.353201e-03	-7.484800e-03
103           	4.898521e-01	2.463485e-01	2.435036e-01	-4.096524e-01	2.278409e-01	-6.374933e-01	4.326671e-01	1.422449e-03	2.853607e-03	-1.000987e-02	-2.151328e-03	-7.858542e-03
104           	4.911212e-01	2.462329e-01	2.448883e-01	-4.134911e-01	2.236253e-01	-6.371164e-01	4.303709e-01	6.723262e-04	2.994760e-03	-1.025957e-02	-2.135027e-03	-8.124546e-03
105           	4.913113e-01	2.457408e-01	2.455705e-01	-4.157111e-01	2.207735e-01	-6.364846e-01	4.286290e-01	8.516865e-05	3.027206e-03	-1.026366e-02	-2.104626e-03	-8.159039e-03
106           	4.908537e-01	2.451391e-01	2.457146e-01	-4.148085e-01	2.211629e-01	-6.359714e-01	4.285672e-01	-2.877268e-04	2.984848e-03	-1.011714e-02	-2.073724e-03	-8.043420e-03
107           	4.897227e-01	2.444960e-01	2.452268e-01	-4.097438e-01	2.247647e-01	-6.345085e-01	4.296366e-01	-3.654012e-04	2.899476e-03	-9.892030e-03	-2.046539e-03	-7.845491e-03
108           	4.878317e-01	2.436960e-01	2.441357e-01	-4.013607e-01	2.300162e-01	-6.313769e-01	4.306965e-01	-2.198763e-04	2.779986e-03	-9.591285e-03	-2.015656e-03	-7.575628e-03
109           	4.853231e-01	2.428378e-01	2.424852e-01	-3.910532e-01	2.345214e-01	-6.255746e-01	4.300480e-01	1.763076e-04	2.637077e-03	-9.386323e-03	-2.056085e-03	-7.330239e-03
110           	4.822725e-01	2.419485e-01	2.403240e-01	-3.801374e-01	2.366348e-01	-6.167723e-01	4.267035e-01	8.122575e-04	2.471708e-03	-9.388296e-03	-2.222440e-03	-7.165856e-03
111           	4.787634e-01	2.410553e-01	2.377081e-01	-3.683281e-01	2.365430e-01	-6.048711e-01	4.207070e-01	1.673561e-03	2.220629e-03	-9.858045e-03	-2.708394e-03	-7.149651e-03
112           	4.754709e-01	2.402996e-01	2.351713e-01	-3.577212e-01	2.346640e-01	-5.923853e-01	4.135247e-01	2.564158e-03	1.875874e-03	-1.092462e-02	-3.586437e-03	-7.338186e-03
113           	4.728489e-01	2.397935e-01	2.330554e-01	-3.487270e-01	2.318909e-01	-5.806179e-01	4.062544e-01	3.369076e-03	1.459530e-03	-1.247272e-02	-4.776830e-03	-7.695890e-03
114           	4.714461e-01	2.396427e-01	2.318035e-01	-3.422540e-01	2.292925e-01	-5.715464e-01	4.004194e-01	3.919598e-03	1.015960e-03	-1.419082e-02	-6.079448e-03	-8.111368e-03
115           	4.708680e-01	2.395399e-01	2.313281e-01	-3.370259e-01	2.270483e-01	-5.640743e-01	3.955613e-01	4.105904e-03	6.614708e-04	-1.575630e-02	-7.216678e-03	-8.539619e-03
116           	4.706282e-01	2.393231e-01	2.313051e-01	-3.331460e-01	2.242686e-01	-5.574146e-01	3.908416e-01	4.008998e-03	4.505596e-04	-1.694710e-02	-8.022991e-03	-8.924110e-03
117           	4.699827e-01	2.388584e-01	2.311243e-01	-3.313266e-01	2.192549e-01	-5.505815e-01	3.849182e-01	3.867023e-03	3.758816e-04	-1.791188e-02	-8.580057e-03	-9.331820e-03
118           	4.683188e-01	2.380108e-01	2.303080e-01	-3.318720e-01	2.109206e-01	-5.427926e-01	3.768566e-01	3.851395e-03	4.237433e-04	-1.857256e-02	-8.862538e-03	-9.710025e-03
119           	4.657003e-01	2.369745e-01	2.287258e-01	-3.329242e-01	2.007148e-01	-5.336389e-01	3.671768e-01	4.124364e-03	3.814265e-04	-1.879252e-02	-9.014836e-03	-9.777689e-03
120           	4.627100e-01	2.359222e-01	2.267878e-01	-3.334141e-01	1.914109e-01	-5.248250e-01	3.581179e-01	4.567161e-03	2.034927e-04	-1.844282e-02	-9.017915e-03	-9.424900e-03
121           	4.597197e-01	2.348392e-01	2.248806e-01	-3.311265e-01	1.861416e-01	-5.172681e-01	3.517049e-01	4.979291e-03	-9.516353e-05	-1.773964e-02	-8.964985e-03	-8.774658e-03
122           	4.578416e-01	2.340765e-01	2.237651e-01	-3.274639e-01	1.870401e-01	-5.145040e-01	3.507720e-01	5.155715e-03	-3.193546e-04	-1.675855e-02	-8.698630e-03	-8.059921e-03
123           	4.573028e-01	2.335897e-01	2.237131e-01	-3.229668e-01	1.939018e-01	-5.168686e-01	3.553852e-01	4.938322e-03	-3.720244e-04	-1.570505e-02	-8.224547e-03	-7.480498e-03
124           	4.577907e-01	2.332169e-01	2.245738e-01	-3.194613e-01	2.041720e-01	-5.236333e-01	3.639027e-01	4.321536e-03	-1.114233e-04	-1.455361e-02	-7.388226e-03	-7.165380e-03
125           	4.583765e-01	2.326590e-01	2.257175e-01	-3.166383e-01	2.149512e-01	-5.315895e-01	3.732703e-01	3.470729e-03	3.450145e-04	-1.348556e-02	-6.397765e-03	-7.087794e-03
126           	4.587985e-01	2.319882e-01	2.268103e-01	-3.155725e-01	2.237268e-01	-5.392992e-01	3.815130e-01	2.588928e-03	9.276118e-04	-1.248827e-02	-5.316521e-03	-7.171745e-03
127           	4.589238e-01	2.313334e-01	2.275904e-01	-3.161231e-01	2.291666e-01	-5.452897e-01	3.872281e-01	1.871509e-03	1.493307e-03	-1.166018e-02	-4.336782e-03	-7.323396e-03
128           	4.591986e-01	2.310287e-01	2.281698e-01	-3.196915e-01	2.306949e-01	-5.503864e-01	3.905406e-01	1.429455e-03	2.039902e-03	-1.100120e-02	-3.460696e-03	-7.540500e-03
129           	4.598801e-01	2.311363e-01	2.287438e-01	-3.247964e-01	2.302302e-01	-5.550266e-01	3.926284e-01	1.196227e-03	2.565399e-03	-1.037334e-02	-2.621273e-03	-7.752071e-03
130           	4.611889e-01	2.315486e-01	2.296403e-01	-3.300506e-01	2.290558e-01	-5.591064e-01	3.940811e-01	9.541116e-04	3.139581e-03	-9.503562e-03	-1.612200e-03	-7.891362e-03
131           	4.629125e-01	2.320038e-01	2.309087e-01	-3.349873e-01	2.276064e-01	-5.625938e-01	3.951001e-01	5.475757e-04	3.723276e-03	-8.334063e-03	-4.437559e-04	-7.890307e-03
132           	4.648156e-01	2.324618e-01	2.323538e-01	-3.404993e-01	2.249725e-01	-5.654718e-01	3.952222e-01	5.402939e-05	4.332938e-03	-7.046900e-03	8.094877e-04	-7.856388e-03
133           	4.665147e-01	2.329226e-01	2.335922e-01	-3.482642e-01	2.206420e-01	-5.689061e-01	3.947740e-01	-3.348011e-04	4.915993e-03	-5.708339e-03	2.061824e-03	-7.770162e-03
134           	4.678463e-01	2.337209e-01	2.341254e-01	-3.605459e-01	2.130949e-01	-5.736408e-01	3.933678e-01	-2.022627e-04	5.349316e-03	-4.128638e-03	3.284997e-03	-7.413635e-03
135           	4.683574e-01	2.345583e-01	2.337991e-01	-3.735774e-01	2.045117e-01	-5.780891e-01	3.913004e-01	3.795763e-04	5.523242e-03	-2.229656e-03	4.408414e-03	-6.638070e-03
136           	4.680048e-01	2.351984e-01	2.328064e-01	-3.831946e-01	1.976244e-01	-5.808190e-01	3.892217e-01	1.195987e-03	5.418155e-03	-2.705529e-05	5.404628e-03	-5.431683e-03
137           	4.668201e-01	2.353551e-01	2.314650e-01	-3.864583e-01	1.947766e-01	-5.812349e-01	3.880057e-01	1.945072e-03	5.099098e-03	2.120711e-03	6.159454e-03	-4.038742e-03
138           	4.649929e-01	2.349437e-01	2.300492e-01	-3.826397e-01	1.960235e-01	-5.786632e-01	3.873433e-01	2.447273e-03	4.701141e-03	3.943045e-03	6.672664e-03	-2.729619e-03
139           	4.625967e-01	2.339330e-01	2.286637e-01	-3.723282e-01	2.005588e-01	-5.728870e-01	3.867229e-01	2.634629e-03	4.253178e-03	5.030077e-03	6.768216e-03	-1.738139e-03
140           	4.599890e-01	2.325795e-01	2.274095e-01	-3.588620e-01	2.060713e-01	-5.649333e-01	3.855023e-01	2.584999e-03	3.768708e-03	5.180271e-03	6.358843e-03	-1.178573e-03
141           	4.572386e-01	2.309237e-01	2.263150e-01	-3.447765e-01	2.109814e-01	-5.557579e-01	3.833697e-01	2.304334e-03	3.202260e-03	4.324189e-03	5.364354e-03	-1.040165e-03
142           	4.548424e-01	2.295348e-01	2.253076e-01	-3.334129e-01	2.137943e-01	-5.472073e-01	3.805008e-01	2.113628e-03	2.500480e-03	2.443919e-03	3.722439e-03	-1.278520e-03
143           	4.530029e-01	2.286608e-01	2.243420e-01	-3.271935e-01	2.144046e-01	-5.415981e-01	3.780013e-01	2.159400e-03	1.602012e-03	-2.843542e-04	1.459834e-03	-1.744189e-03
144           	4.522132e-01	2.285994e-01	2.236138e-01	-3.262906e-01	2.136827e-01	-5.399733e-01	3.768280e-01	2.492782e-03	5.581780e-04	-3.489250e-03	-1.186447e-03	-2.302803e-03
145           	4.523937e-01	2.290153e-01	2.233784e-01	-3.292281e-01	2.130345e-01	-5.422626e-01	3.776486e-01	2.818412e-03	-5.701617e-04	-6.658905e-03	-3.899614e-03	-2.759291e-03
146           	4.538036e-01	2.298159e-01	2.239877e-01	-3.363195e-01	2.115850e-01	-5.479046e-01	3.797448e-01	2.914127e-03	-1.539272e-03	-9.547810e-03	-6.313177e-03	-3.234633e-03
147           	4.559567e-01	2.305360e-01	2.254207e-01	-3.470039e-01	2.088170e-01	-5.558209e-01	3.823189e-01	2.557644e-03	-2.210372e-03	-1.222754e-02	-8.324144e-03	-3.903399e-03
148           	4.587019e-01	2.312674e-01	2.274346e-01	-3.608238e-01	2.035685e-01	-5.643923e-01	3.839804e-01	1.916413e-03	-2.511256e-03	-1.479033e-02	-9.906421e-03	-4.883910e-03
149           	4.612817e-01	2.318039e-01	2.294778e-01	-3.760128e-01	1.963438e-01	-5.723566e-01	3.843502e-01	1.163035e-03	-2.642439e-03	-1.684821e-02	-1.106655e-02	-5.781669e-03
150           	4.632635e-01	2.321532e-01	2.311103e-01	-3.900139e-01	1.874387e-01	-5.774526e-01	3.824456e-01	5.214391e-04	-2.748167e-03	-1.811640e-02	-1.180637e-02	-6.310031e-03
151           	4.638109e-01	2.317196e-01	2.320913e-01	-3.967289e-01	1.802219e-01	-5.769508e-01	3.785864e-01	-1.858437e-04	-2.946074e-03	-1.847997e-02	-1.218606e-02	-6.293914e-03
152           	4.631300e-01	2.305898e-01	2.325402e-01	-3.928703e-01	1.769899e-01	-5.698602e-01	3.734250e-01	-9.751509e-04	-3.281491e-03	-1.798161e-02	-1.227230e-02	-5.709316e-03
153           	4.612818e-01	2.286602e-01	2.326216e-01	-3.779170e-01	1.791973e-01	-5.571143e-01	3.681558e-01	-1.980689e-03	-3.660047e-03	-1.692608e-02	-1.212309e-02	-4.802995e-03
154           	4.588782e-01	2.264469e-01	2.324314e-01	-3.561941e-01	1.854948e-01	-5.416889e-01	3.635918e-01	-2.992240e-03	-3.956993e-03	-1.557168e-02	-1.174283e-02	-3.828846e-03
155           	4.562195e-01	2.241898e-01	2.320296e-01	-3.320452e-01	1.946919e-01	-5.267371e-01	3.607145e-01	-3.919895e-03	-4.133849e-03	-1.424774e-02	-1.125772e-02	-2.990021e-03
156           	4.539935e-01	2.225107e-01	2.314829e-01	-3.111991e-01	2.042733e-01	-5.154724e-01	3.598729e-01	-4.486105e-03	-4.152204e-03	-1.329291e-02	-1.079866e-02	-2.494253e-03
157           	4.523235e-01	2.215449e-01	2.307787e-01	-2.967660e-01	2.126446e-01	-5.094106e-01	3.610276e-01	-4.616902e-03	-4.144315e-03	-1.301858e-02	-1.065360e-02	-2.364974e-03
158           	4.514965e-01	2.216438e-01	2.298527e-01	-2.909799e-01	2.181912e-01	-5.091711e-01	3.636812e-01	-4.104467e-03	-4.128220e-03	-1.350863e-02	-1.088253e-02	-2.626095e-03
159           	4.511141e-01	2.223430e-01	2.287711e-01	-2.942447e-01	2.200335e-01	-5.142782e-01	3.671558e-01	-3.214066e-03	-4.150367e-03	-1.454248e-02	-1.142161e-02	-3.120874e-03
160           	4.511233e-01	2.233197e-01	2.278036e-01	-3.020127e-01	2.195802e-01	-5.215930e-01	3.705866e-01	-2.241960e-03	-4.094557e-03	-1.566411e-02	-1.192661e-02	-3.737500e-03
161           	4.512248e-01	2.240563e-01	2.271684e-01	-3.082832e-01	2.190673e-01	-5.273505e-01	3.732089e-01	-1.556034e-03	-3.908761e-03	-1.654210e-02	-1.217981e-02	-4.362287e-03
162           	4.519609e-01	2.248366e-01	2.271243e-01	-3.134186e-01	2.181105e-01	-5.315291e-01	3.748198e-01	-1.143875e-03	-3.444004e-03	-1.706879e-02	-1.197840e-02	-5.090393e-03
163           	4.533137e-01	2.255702e-01	2.277435e-01	-3.182327e-01	2.163188e-01	-5.345515e-01	3.754352e-01	-1.086661e-03	-2.656396e-03	-1.729238e-02	-1.130259e-02	-5.989795e-03
164           	4.555380e-01	2.265393e-01	2.289986e-01	-3.253651e-01	2.126811e-01	-5.380462e-01	3.753637e-01	-1.229644e-03	-1.612404e-03	-1.733587e-02	-1.028034e-02	-7.055531e-03
165           	4.583176e-01	2.277959e-01	2.305216e-01	-3.356779e-01	2.069335e-01	-5.426114e-01	3.747724e-01	-1.362831e-03	-5.657789e-04	-1.708652e-02	-9.109037e-03	-7.977479e-03
166           	4.614942e-01	2.293544e-01	2.321398e-01	-3.473254e-01	2.009797e-01	-5.483052e-01	3.746425e-01	-1.392675e-03	2.196942e-04	-1.639365e-02	-7.977132e-03	-8.416520e-03
167           	4.643269e-01	2.308366e-01	2.334903e-01	-3.564700e-01	1.973814e-01	-5.538514e-01	3.756164e-01	-1.326842e-03	6.087048e-04	-1.541732e-02	-7.099957e-03	-8.317367e-03
168           	4.662574e-01	2.319549e-01	2.343024e-01	-3.602373e-01	1.970357e-01	-5.572729e-01	3.771543e-01	-1.173749e-03	6.110462e-04	-1.452235e-02	-6.650131e-03	-7.872223e-03
169           	4.667283e-01	2.324250e-01	2.343033e-01	-3.567758e-01	2.004289e-01	-5.572046e-01	3.788167e-01	-9.391690e-04	3.622790e-04	-1.400372e-02	-6.639581e-03	-7.364139e-03
170           	4.656519e-01	2.322855e-01	2.333665e-01	-3.469421e-01	2.064476e-01	-5.533897e-01	3.799187e-01	-5.404877e-04	1.303518e-05	-1.379968e-02	-6.886806e-03	-6.912876e-03
171           	4.630136e-01	2.315197e-01	2.314939e-01	-3.321443e-01	2.139486e-01	-5.460929e-01	3.800208e-01	1.291547e-05	-3.840058e-04	-1.398160e-02	-7.374805e-03	-6.606793e-03
172           	4.592892e-01	2.303145e-01	2.289747e-01	-3.155992e-01	2.208166e-01	-5.364158e-01	3.786162e-01	6.698989e-04	-8.449591e-04	-1.465627e-02	-8.173096e-03	-6.483178e-03
173           	4.550368e-01	2.289681e-01	2.260687e-01	-3.004993e-01	2.258917e-01	-5.263911e-01	3.761414e-01	1.449698e-03	-1.425163e-03	-1.585648e-02	-9.353404e-03	-6.503079e-03
174           	4.510051e-01	2.278330e-01	2.231721e-01	-2.891751e-01	2.287095e-01	-5.178845e-01	3.732970e-01	2.330468e-03	-2.122808e-03	-1.744007e-02	-1.084284e-02	-6.597229e-03
175           	4.477529e-01	2.269843e-01	2.207685e-01	-2.823420e-01	2.302609e-01	-5.126030e-01	3.714319e-01	3.107880e-03	-2.896677e-03	-1.927048e-02	-1.253191e-02	-6.738560e-03
176           	4.458080e-01	2.265052e-01	2.193029e-01	-2.802096e-01	2.298936e-01	-5.101033e-01	3.699984e-01	3.601167e-03	-3.732617e-03	-2.124435e-02	-1.435479e-02	-6.889561e-03
177           	4.452730e-01	2.262832e-01	2.189899e-01	-2.811054e-01	2.280166e-01	-5.091220e-01	3.685693e-01	3.646645e-03	-4.688861e-03	-2.317711e-02	-1.627742e-02	-6.899696e-03
178           	4.459046e-01	2.262701e-01	2.196345e-01	-2.841997e-01	2.245078e-01	-5.087075e-01	3.666077e-01	3.317816e-03	-5.686665e-03	-2.507021e-02	-1.822177e-02	-6.848439e-03
179           	4.472475e-01	2.264234e-01	2.208241e-01	-2.907471e-01	2.180718e-01	-5.088189e-01	3.634454e-01	2.799672e-03	-6.709899e-03	-2.694690e-02	-2.018335e-02	-6.763549e-03
180           	4.489529e-01	2.269576e-01	2.219952e-01	-3.035389e-01	2.067195e-01	-5.102584e-01	3.584889e-01	2.481209e-03	-7.762441e-03	-2.863475e-02	-2.207982e-02	-6.554934e-03
181           	4.502470e-01	2.274034e-01	2.228437e-01	-3.184460e-01	1.933661e-01	-5.118121e-01	3.525891e-01	2.279860e-03	-8.786560e-03	-2.973519e-02	-2.365416e-02	-6.081037e-03
182           	4.514203e-01	2.278755e-01	2.235448e-01	-3.263937e-01	1.868633e-01	-5.132570e-01	3.500601e-01	2.165358e-03	-9.569740e-03	-3.013839e-02	-2.463894e-02	-5.499455e-03
183           	4.519756e-01	2.279853e-01	2.239903e-01	-3.306055e-01	1.833562e-01	-5.139617e-01	3.486589e-01	1.997530e-03	-1.025622e-02	-3.038276e-02	-2.544760e-02	-4.935159e-03
184           	4.520002e-01	2.277167e-01	2.242835e-01	-3.283810e-01	1.858520e-01	-5.142330e-01	3.500425e-01	1.716605e-03	-1.068288e-02	-3.020298e-02	-2.578437e-02	-4.418608e-03
185           	4.514127e-01	2.271156e-01	2.242971e-01	-3.214034e-01	1.927198e-01	-5.141232e-01	3.534215e-01	1.409276e-03	-1.083329e-02	-2.960380e-02	-2.563519e-02	-3.968606e-03
186           	4.505210e-01	2.264172e-01	2.241038e-01	-3.129812e-01	2.020744e-01	-5.150555e-01	3.585649e-01	1.156685e-03	-1.062422e-02	-2.852578e-02	-2.488711e-02	-3.638677e-03
187           	4.492607e-01	2.256641e-01	2.235966e-01	-3.039853e-01	2.121922e-01	-5.161774e-01	3.641848e-01	1.033754e-03	-1.004583e-02	-2.704262e-02	-2.356715e-02	-3.475477e-03
188           	4.479691e-01	2.250968e-01	2.228723e-01	-2.974733e-01	2.205496e-01	-5.180229e-01	3.692862e-01	1.112218e-03	-9.137603e-03	-2.523092e-02	-2.175307e-02	-3.477859e-03
189           	4.465080e-01	2.247862e-01	2.217218e-01	-2.940413e-01	2.254013e-01	-5.194426e-01	3.724220e-01	1.532184e-03	-8.083891e-03	-2.325961e-02	-1.971369e-02	-3.545912e-03
190           	4.451119e-01	2.247130e-01	2.203989e-01	-2.934531e-01	2.271290e-01	-5.205821e-01	3.738556e-01	2.157013e-03	-6.961364e-03	-2.124902e-02	-1.758587e-02	-3.663145e-03
191           	4.435795e-01	2.245051e-01	2.190744e-01	-2.908020e-01	2.268019e-01	-5.176039e-01	3.722029e-01	2.715348e-03	-5.864656e-03	-1.942125e-02	-1.557528e-02	-3.845969e-03
192           	4.423076e-01	2.242483e-01	2.180593e-01	-2.874428e-01	2.261406e-01	-5.135834e-01	3.698620e-01	3.094494e-03	-4.670636e-03	-1.758659e-02	-1.346393e-02	-4.122659e-03
193           	4.418671e-01	2.242871e-01	2.175800e-01	-2.839492e-01	2.244343e-01	-5.083835e-01	3.664089e-01	3.353578e-03	-3.416090e-03	-1.606015e-02	-1.144617e-02	-4.613985e-03
194           	4.425200e-01	2.246882e-01	2.178318e-01	-2.828865e-01	2.222360e-01	-5.051225e-01	3.636792e-01	3.428176e-03	-2.095951e-03	-1.469300e-02	-9.442454e-03	-5.250551e-03
195           	4.441364e-01	2.254664e-01	2.186699e-01	-2.873930e-01	2.179403e-01	-5.053333e-01	3.616368e-01	3.398242e-03	-7.417502e-04	-1.361966e-02	-7.551580e-03	-6.068080e-03
196           	4.465322e-01	2.267592e-01	2.197730e-01	-3.008436e-01	2.095430e-01	-5.103866e-01	3.599648e-01	3.493117e-03	5.098042e-04	-1.263199e-02	-5.806190e-03	-6.825799e-03
197           	4.492851e-01	2.282855e-01	2.209996e-01	-3.224418e-01	1.973675e-01	-5.198093e-01	3.585884e-01	3.642964e-03	1.623116e-03	-1.154118e-02	-4.147473e-03	-7.393705e-03
198           	4.515806e-01	2.294096e-01	2.221709e-01	-3.387289e-01	1.902395e-01	-5.289684e-01	3.596039e-01	3.619346e-03	2.439580e-03	-1.060720e-02	-2.864021e-03	-7.743181e-03
199           	4.534121e-01	2.300944e-01	2.233177e-01	-3.514203e-01	1.862084e-01	-5.376287e-01	3.619186e-01	3.388310e-03	3.127426e-03	-9.506824e-03	-1.625986e-03	-7.880838e-03
200           	4.543651e-01	2.301714e-01	2.241937e-01	-3.555908e-01	1.879941e-01	-5.435849e-01	3.657895e-01	2.988835e-03	3.615431e-03	-8.559503e-03	-6.643210e-04	-7.895182e-03
201           	4.542459e-01	2.295744e-01	2.246715e-01	-3.505937e-01	1.949836e-01	-5.455773e-01	3.702804e-01	2.451432e-03	3.987203e-03	-7.837326e-03	6.854048e-05	-7.905866e-03
202           	4.532681e-01	2.286051e-01	2.246631e-01	-3.397139e-01	2.040423e-01	-5.437562e-01	3.738993e-01	1.970988e-03	4.204192e-03	-7.399941e-03	5.042218e-04	-7.904163e-03
203           	4.514682e-01	2.273133e-01	2.241549e-01	-3.261819e-01	2.122037e-01	-5.383857e-01	3.752947e-01	1.579181e-03	4.269532e-03	-7.304345e-03	6.173600e-04	-7.921705e-03
204           	4.491714e-01	2.259613e-01	2.232101e-01	-3.131708e-01	2.173582e-01	-5.305290e-01	3.739436e-01	1.375585e-03	4.100921e-03	-7.581670e-03	3.100856e-04	-7.891756e-03
205           	4.467389e-01	2.247774e-01	2.219615e-01	-3.019984e-01	2.197102e-01	-5.217086e-01	3.707094e-01	1.407957e-03	3.636214e-03	-8.176315e-03	-4.519435e-04	-7.724372e-03
206           	4.448514e-01	2.240512e-01	2.208002e-01	-2.937908e-01	2.205414e-01	-5.143322e-01	3.674368e-01	1.625480e-03	2.998357e-03	-8.988939e-03	-1.496112e-03	-7.492827e-03
207           	4.438883e-01	2.238229e-01	2.200655e-01	-2.888983e-01	2.214723e-01	-5.103706e-01	3.659215e-01	1.878704e-03	2.298684e-03	-9.961539e-03	-2.682086e-03	-7.279453e-03
208           	4.441024e-01	2.241220e-01	2.199804e-01	-2.877045e-01	2.229193e-01	-5.106239e-01	3.667716e-01	2.070812e-03	1.596588e-03	-1.110607e-02	-3.956447e-03	-7.149623e-03
209           	4.454717e-01	2.248542e-01	2.206174e-01	-2.903637e-01	2.247428e-01	-5.151065e-01	3.699247e-01	2.118394e-03	9.168305e-04	-1.251464e-02	-5.340489e-03	-7.174150e-03
210           	4.475307e-01	2.258410e-01	2.216897e-01	-2.952877e-01	2.257887e-01	-5.210764e-01	3.734325e-01	2.075669e-03	3.112384e-04	-1.426495e-02	-6.821239e-03	-7.443716e-03
211           	4.497816e-01	2.269129e-01	2.228687e-01	-3.042772e-01	2.229067e-01	-5.271839e-01	3.750453e-01	2.022114e-03	-2.512747e-04	-1.611159e-02	-8.307071e-03	-7.804522e-03
212           	4.517177e-01	2.279415e-01	2.237762e-01	-3.168268e-01	2.148820e-01	-5.317088e-01	3.732954e-01	2.082641e-03	-8.029607e-04	-1.780837e-02	-9.707145e-03	-8.101224e-03
213           	4.529720e-01	2.285773e-01	2.243947e-01	-3.289273e-01	2.041690e-01	-5.330964e-01	3.686327e-01	2.091275e-03	-1.372874e-03	-1.915108e-02	-1.094842e-02	-8.202667e-03
214           	4.537514e-01	2.289383e-01	2.248131e-01	-3.359547e-01	1.948525e-01	-5.308072e-01	3.628299e-01	2.062630e-03	-1.954337e-03	-2.005793e-02	-1.198330e-02	-8.074626e-03
215           	4.543977e-01	2.290650e-01	2.253327e-01	-3.349392e-01	1.909714e-01	-5.259106e-01	3.584410e-01	1.866146e-03	-2.532216e-03	-2.057793e-02	-1.282118e-02	-7.756748e-03
216           	4.552159e-01	2.291513e-01	2.260647e-01	-3.264674e-01	1.934930e-01	-5.199604e-01	3.567267e-01	1.543315e-03	-3.055248e-03	-2.078244e-02	-1.344647e-02	-7.335970e-03
217           	4.561677e-01	2.291575e-01	2.270102e-01	-3.141751e-01	2.010064e-01	-5.151815e-01	3.580940e-01	1.073613e-03	-3.508638e-03	-2.055648e-02	-1.378688e-02	-6.769600e-03
218           	4.569876e-01	2.291454e-01	2.278421e-01	-3.021066e-01	2.099342e-01	-5.120408e-01	3.609875e-01	6.516378e-04	-3.821135e-03	-1.991567e-02	-1.377897e-02	-6.136701e-03
219           	4.572353e-01	2.289558e-01	2.282795e-01	-2.928767e-01	2.179764e-01	-5.108531e-01	3.644148e-01	3.381526e-04	-4.018139e-03	-1.897899e-02	-1.350763e-02	-5.471354e-03
220           	4.568070e-01	2.287366e-01	2.280704e-01	-2.879259e-01	2.230862e-01	-5.110121e-01	3.670492e-01	3.330746e-04	-4.107013e-03	-1.797559e-02	-1.309481e-02	-4.880784e-03
221           	4.554588e-01	2.283023e-01	2.271566e-01	-2.864147e-01	2.256373e-01	-5.120521e-01	3.688447e-01	5.728592e-04	-4.184051e-03	-1.710869e-02	-1.273840e-02	-4.370296e-03
222           	4.536615e-01	2.277687e-01	2.258929e-01	-2.867765e-01	2.259729e-01	-5.127494e-01	3.693612e-01	9.378906e-04	-4.264226e-03	-1.650519e-02	-1.251682e-02	-3.988371e-03
223           	4.518206e-01	2.271807e-01	2.246399e-01	-2.874892e-01	2.248362e-01	-5.123254e-01	3.685808e-01	1.270420e-03	-4.340945e-03	-1.623273e-02	-1.245731e-02	-3.775419e-03
224           	4.501583e-01	2.265356e-01	2.236227e-01	-2.892442e-01	2.220184e-01	-5.112625e-01	3.666405e-01	1.456427e-03	-4.412507e-03	-1.620370e-02	-1.251436e-02	-3.689344e-03
225           	4.491219e-01	2.260259e-01	2.230961e-01	-2.889167e-01	2.188649e-01	-5.077816e-01	3.633233e-01	1.464891e-03	-4.465780e-03	-1.645798e-02	-1.269477e-02	-3.763209e-03
226           	4.487002e-01	2.256763e-01	2.230239e-01	-2.914171e-01	2.135857e-01	-5.050027e-01	3.592942e-01	1.326203e-03	-4.473503e-03	-1.700111e-02	-1.297406e-02	-4.027053e-03
227           	4.490287e-01	2.257587e-01	2.232700e-01	-3.002596e-01	2.044755e-01	-5.047351e-01	3.546053e-01	1.244314e-03	-4.446018e-03	-1.760265e-02	-1.324734e-02	-4.355308e-03
228           	4.503220e-01	2.264615e-01	2.238605e-01	-3.139176e-01	1.937177e-01	-5.076353e-01	3.506765e-01	1.300515e-03	-4.352495e-03	-1.803401e-02	-1.336950e-02	-4.664509e-03
229           	4.523082e-01	2.275891e-01	2.247191e-01	-3.273450e-01	1.864603e-01	-5.138053e-01	3.501328e-01	1.434960e-03	-4.211340e-03	-1.823406e-02	-1.332837e-02	-4.905690e-03
230           	4.544452e-01	2.289255e-01	2.255198e-01	-3.368950e-01	1.841336e-01	-5.210286e-01	3.525811e-01	1.702858e-03	-4.038754e-03	-1.836051e-02	-1.321901e-02	-5.141501e-03
231           	4.561725e-01	2.300887e-01	2.260838e-01	-3.405809e-01	1.877671e-01	-5.283480e-01	3.580575e-01	2.002417e-03	-3.844222e-03	-1.850090e-02	-1.309467e-02	-5.406227e-03
232           	4.571491e-01	2.309644e-01	2.261847e-01	-3.387841e-01	1.955113e-01	-5.342954e-01	3.649033e-01	2.389830e-03	-3.580423e-03	-1.842508e-02	-1.279296e-02	-5.632119e-03
233           	4.571030e-01	2.313510e-01	2.257520e-01	-3.329756e-01	2.055614e-01	-5.385370e-01	3.720492e-01	2.799471e-03	-3.271997e-03	-1.793206e-02	-1.223802e-02	-5.694031e-03
234           	4.561957e-01	2.313746e-01	2.248212e-01	-3.250150e-01	2.152283e-01	-5.402434e-01	3.777358e-01	3.276704e-03	-2.857643e-03	-1.708789e-02	-1.140159e-02	-5.686304e-03
235           	4.546057e-01	2.310898e-01	2.235159e-01	-3.173600e-01	2.226526e-01	-5.400125e-01	3.813326e-01	3.786953e-03	-2.437307e-03	-1.600428e-02	-1.043945e-02	-5.564831e-03
236           	4.529318e-01	2.308569e-01	2.220750e-01	-3.120631e-01	2.264256e-01	-5.384886e-01	3.824571e-01	4.390948e-03	-2.012505e-03	-1.483817e-02	-9.431593e-03	-5.406582e-03
237           	4.514135e-01	2.305930e-01	2.208205e-01	-3.087867e-01	2.278398e-01	-5.366265e-01	3.822331e-01	4.886230e-03	-1.801535e-03	-1.386746e-02	-8.735263e-03	-5.132193e-03
238           	4.505546e-01	2.304059e-01	2.201486e-01	-3.064628e-01	2.275793e-01	-5.340421e-01	3.808107e-01	5.128654e-03	-1.716400e-03	-1.318425e-02	-8.308522e-03	-4.875723e-03
239           	4.504302e-01	2.302572e-01	2.201730e-01	-3.035364e-01	2.278711e-01	-5.314075e-01	3.796393e-01	5.042120e-03	-1.790075e-03	-1.273535e-02	-8.157751e-03	-4.577602e-03
240           	4.512659e-01	2.303770e-01	2.208889e-01	-3.010744e-01	2.281777e-01	-5.292521e-01	3.787149e-01	4.744053e-03	-1.796582e-03	-1.234082e-02	-7.966992e-03	-4.373828e-03
241           	4.528540e-01	2.306849e-01	2.221691e-01	-2.988085e-01	2.293356e-01	-5.281442e-01	3.787399e-01	4.257929e-03	-1.921077e-03	-1.238211e-02	-8.112132e-03	-4.269978e-03
242           	4.549909e-01	2.314143e-01	2.235766e-01	-3.005018e-01	2.276846e-01	-5.281864e-01	3.779355e-01	3.918870e-03	-1.791584e-03	-1.223048e-02	-7.906825e-03	-4.323656e-03
243           	4.570184e-01	2.321935e-01	2.248249e-01	-3.077104e-01	2.211485e-01	-5.288589e-01	3.750037e-01	3.684298e-03	-1.732252e-03	-1.244095e-02	-7.952729e-03	-4.488225e-03
244           	4.586442e-01	2.328471e-01	2.257971e-01	-3.167518e-01	2.117402e-01	-5.284920e-01	3.701161e-01	3.525019e-03	-1.609285e-03	-1.260202e-02	-7.910293e-03	-4.691723e-03
245           	4.597546e-01	2.332811e-01	2.264736e-01	-3.244879e-01	2.025461e-01	-5.270340e-01	3.647900e-01	3.403731e-03	-1.478910e-03	-1.275962e-02	-7.858720e-03	-4.900899e-03
246           	4.605954e-01	2.336235e-01	2.269720e-01	-3.280483e-01	1.972323e-01	-5.252806e-01	3.612564e-01	3.325752e-03	-1.274969e-03	-1.293157e-02	-7.740756e-03	-5.190818e-03
247           	4.610405e-01	2.337433e-01	2.272972e-01	-3.265109e-01	1.976073e-01	-5.241182e-01	3.608627e-01	3.223033e-03	-1.085542e-03	-1.305341e-02	-7.612245e-03	-5.441162e-03
248           	4.612138e-01	2.337013e-01	2.275125e-01	-3.219173e-01	2.024157e-01	-5.243330e-01	3.633744e-01	3.094390e-03	-9.404268e-04	-1.316907e-02	-7.524959e-03	-5.644106e-03
249           	4.608995e-01	2.333347e-01	2.275648e-01	-3.142765e-01	2.105946e-01	-5.248711e-01	3.677328e-01	2.884908e-03	-9.229433e-04	-1.330067e-02	-7.573278e-03	-5.727391e-03
250           	4.601330e-01	2.326715e-01	2.274615e-01	-3.051569e-01	2.198755e-01	-5.250324e-01	3.724539e-01	2.605016e-03	-9.773560e-04	-1.327888e-02	-7.616794e-03	-5.662082e-03
251           	4.588514e-01	2.317395e-01	2.271119e-01	-2.968318e-01	2.275498e-01	-5.243816e-01	3.759657e-01	2.313759e-03	-1.190460e-03	-1.318103e-02	-7.780975e-03	-5.400056e-03
252           	4.573319e-01	2.307279e-01	2.266040e-01	-2.910365e-01	2.318476e-01	-5.228841e-01	3.773659e-01	2.061940e-03	-1.475449e-03	-1.292037e-02	-7.935634e-03	-4.984735e-03
253           	4.556271e-01	2.297620e-01	2.258651e-01	-2.876628e-01	2.328378e-01	-5.205006e-01	3.766692e-01	1.948437e-03	-1.951637e-03	-1.313825e-02	-8.520759e-03	-4.617486e-03
254           	4.542542e-01	2.291191e-01	2.251351e-01	-2.845503e-01	2.325779e-01	-5.171283e-01	3.748531e-01	1.992022e-03	-2.363264e-03	-1.345753e-02	-9.092028e-03	-4.365499e-03
255           	4.532216e-01	2.286863e-01	2.245353e-01	-2.822943e-01	2.311397e-01	-5.134340e-01	3.722869e-01	2.075513e-03	-2.708447e-03	-1.391709e-02	-9.666993e-03	-4.250098e-03
256           	4.527032e-01	2.287244e-01	2.239788e-01	-2.809360e-01	2.287573e-01	-5.096933e-01	3.692253e-01	2.372835e-03	-2.965677e-03	-1.463246e-02	-1.028190e-02	-4.350551e-03
257           	4.527049e-01	2.290569e-01	2.236480e-01	-2.835706e-01	2.242219e-01	-5.077924e-01	3.660071e-01	2.704415e-03	-3.170347e-03	-1.512477e-02	-1.073273e-02	-4.392039e-03
258           	4.533887e-01	2.297072e-01	2.236815e-01	-2.931424e-01	2.154092e-01	-5.085517e-01	3.619805e-01	3.012831e-03	-3.293649e-03	-1.554688e-02	-1.106709e-02	-4.479792e-03
259           	4.544961e-01	2.304259e-01	2.240702e-01	-3.076412e-01	2.041812e-01	-5.118224e-01	3.580018e-01	3.177810e-03	-3.384836e-03	-1.592013e-02	-1.134490e-02	-4.575229e-03
260           	4.558558e-01	2.311989e-01	2.246568e-01	-3.226186e-01	1.940110e-01	-5.166296e-01	3.553203e-01	3.271055e-03	-3.401923e-03	-1.636935e-02	-1.158660e-02	-4.782751e-03
261           	4.569519e-01	2.315626e-01	2.253893e-01	-3.311578e-01	1.895004e-01	-5.206582e-01	3.550793e-01	3.086617e-03	-3.362791e-03	-1.680597e-02	-1.176578e-02	-5.040196e-03
262           	4.575816e-01	2.317091e-01	2.258724e-01	-3.314838e-01	1.914116e-01	-5.228954e-01	3.571535e-01	2.918363e-03	-3.288814e-03	-1.717834e-02	-1.187798e-02	-5.300353e-03
263           	4.573208e-01	2.313178e-01	2.260030e-01	-3.238368e-01	1.983880e-01	-5.222248e-01	3.603064e-01	2.657396e-03	-3.200702e-03	-1.737511e-02	-1.188826e-02	-5.486855e-03
264           	4.563330e-01	2.306842e-01	2.256488e-01	-3.117285e-01	2.074340e-01	-5.191625e-01	3.632983e-01	2.517679e-03	-3.101585e-03	-1.744369e-02	-1.182343e-02	-5.620261e-03
265           	4.543648e-01	2.295645e-01	2.248004e-01	-2.972132e-01	2.163157e-01	-5.135289e-01	3.649223e-01	2.382050e-03	-2.995515e-03	-1.733057e-02	-1.166080e-02	-5.669768e-03
266           	4.517540e-01	2.284053e-01	2.233487e-01	-2.846203e-01	2.223546e-01	-5.069750e-01	3.646648e-01	2.528302e-03	-2.912113e-03	-1.717069e-02	-1.149746e-02	-5.673231e-03
267           	4.488672e-01	2.272022e-01	2.216650e-01	-2.758294e-01	2.252480e-01	-5.010774e-01	3.631627e-01	2.768621e-03	-2.857295e-03	-1.688428e-02	-1.129943e-02	-5.584844e-03
268           	4.465896e-01	2.264898e-01	2.200998e-01	-2.715607e-01	2.257169e-01	-4.972776e-01	3.614973e-01	3.195012e-03	-2.815964e-03	-1.656106e-02	-1.109649e-02	-5.464566e-03
269           	4.452559e-01	2.261502e-01	2.191057e-01	-2.700458e-01	2.259209e-01	-4.959667e-01	3.609438e-01	3.522222e-03	-2.751995e-03	-1.611796e-02	-1.081098e-02	-5.306985e-03
270           	4.452000e-01	2.265331e-01	2.186669e-01	-2.714299e-01	2.260533e-01	-4.974831e-01	3.617682e-01	3.933098e-03	-2.693601e-03	-1.579258e-02	-1.058989e-02	-5.202690e-03
271           	4.460661e-01	2.273124e-01	2.187537e-01	-2.740314e-01	2.263625e-01	-5.003939e-01	3.633782e-01	4.279365e-03	-2.652083e-03	-1.567520e-02	-1.048968e-02	-5.185517e-03
272           	4.476776e-01	2.285269e-01	2.191508e-01	-2.780063e-01	2.259991e-01	-5.040054e-01	3.650023e-01	4.688051e-03	-2.689643e-03	-1.581172e-02	-1.059550e-02	-5.216215e-03
273           	4.495441e-01	2.298378e-01	2.197063e-01	-2.843424e-01	2.231646e-01	-5.075070e-01	3.653358e-01	5.065790e-03	-2.847275e-03	-1.596191e-02	-1.082823e-02	-5.133681e-03
274           	4.514449e-01	2.312654e-01	2.201795e-01	-2.971293e-01	2.141259e-01	-5.112552e-01	3.626905e-01	5.542992e-03	-3.177052e-03	-1.643944e-02	-1.139677e-02	-5.042669e-03
275           	4.525839e-01	2.318547e-01	2.207291e-01	-3.095083e-01	2.027400e-01	-5.122484e-01	3.574942e-01	5.562788e-03	-3.383086e-03	-1.663965e-02	-1.170291e-02	-4.936737e-03
276           	4.532106e-01	2.320076e-01	2.212029e-01	-3.191157e-01	1.921925e-01	-5.113082e-01	3.517504e-01	5.402358e-03	-3.549653e-03	-1.702418e-02	-1.206174e-02	-4.962438e-03
277           	4.535888e-01	2.317772e-01	2.218115e-01	-3.235541e-01	1.860095e-01	-5.095636e-01	3.477865e-01	4.982855e-03	-3.661724e-03	-1.742049e-02	-1.237197e-02	-5.048522e-03
278           	4.542208e-01	2.316225e-01	2.225983e-01	-3.231876e-01	1.860025e-01	-5.091901e-01	3.475963e-01	4.512076e-03	-3.687950e-03	-1.761091e-02	-1.249340e-02	-5.117504e-03
279           	4.548575e-01	2.314822e-01	2.233753e-01	-3.193495e-01	1.911227e-01	-5.104722e-01	3.507974e-01	4.053438e-03	-3.709581e-03	-1.774532e-02	-1.258224e-02	-5.163078e-03
280           	4.555010e-01	2.315543e-01	2.239467e-01	-3.151205e-01	1.994947e-01	-5.146152e-01	3.570550e-01	3.803798e-03	-3.628363e-03	-1.755405e-02	-1.240539e-02	-5.148663e-03
281           	4.557937e-01	2.316207e-01	2.241731e-01	-3.114436e-01	2.091030e-01	-5.205467e-01	3.648248e-01	3.723793e-03	-3.492664e-03	-1.701977e-02	-1.200255e-02	-5.017222e-03
282           	4.556747e-01	2.317313e-01	2.239434e-01	-3.107702e-01	2.171753e-01	-5.279455e-01	3.725604e-01	3.893937e-03	-3.282578e-03	-1.618560e-02	-1.137538e-02	-4.810224e-03
283           	4.548804e-01	2.315432e-01	2.233372e-01	-3.130569e-01	2.220772e-01	-5.351342e-01	3.786057e-01	4.102966e-03	-2.979014e-03	-1.506827e-02	-1.051315e-02	-4.555119e-03
284           	4.538007e-01	2.311939e-01	2.226069e-01	-3.165855e-01	2.242432e-01	-5.408287e-01	3.825360e-01	4.293480e-03	-2.605792e-03	-1.382436e-02	-9.517972e-03	-4.306388e-03
285           	4.523971e-01	2.305258e-01	2.218713e-01	-3.172612e-01	2.251372e-01	-5.423984e-01	3.837678e-01	4.327217e-03	-2.238027e-03	-1.270655e-02	-8.591300e-03	-4.115246e-03
286           	4.511423e-01	2.298592e-01	2.212831e-01	-3.155012e-01	2.250542e-01	-5.405554e-01	3.828048e-01	4.288079e-03	-1.934398e-03	-1.194960e-02	-7.909196e-03	-4.040401e-03
287           	4.501016e-01	2.292103e-01	2.208913e-01	-3.113677e-01	2.243938e-01	-5.357615e-01	3.800776e-01	4.159475e-03	-1.692179e-03	-1.154439e-02	-7.464375e-03	-4.080017e-03
288           	4.497403e-01	2.289902e-01	2.207501e-01	-3.086686e-01	2.219843e-01	-5.306529e-01	3.763186e-01	4.120050e-03	-1.522726e-03	-1.119260e-02	-7.119024e-03	-4.073571e-03
289           	4.500981e-01	2.291431e-01	2.209550e-01	-3.106109e-01	2.165391e-01	-5.271500e-01	3.718446e-01	4.094067e-03	-1.400806e-03	-1.068084e-02	-6.741224e-03	-3.939612e-03
290           	4.512536e-01	2.294879e-01	2.217658e-01	-3.180387e-01	2.080750e-01	-5.261137e-01	3.670943e-01	3.861036e-03	-1.168657e-03	-1.019943e-02	-6.268373e-03	-3.931059e-03
291           	4.528084e-01	2.298835e-01	2.229249e-01	-3.264441e-01	2.000739e-01	-5.265180e-01	3.632960e-01	3.479293e-03	-8.071752e-04	-9.956895e-03	-5.785623e-03	-4.171272e-03
292           	4.544867e-01	2.302403e-01	2.242464e-01	-3.332724e-01	1.947844e-01	-5.280569e-01	3.614207e-01	2.996918e-03	-2.956511e-04	-9.960497e-03	-5.275900e-03	-4.684597e-03
293           	4.555431e-01	2.302519e-01	2.252912e-01	-3.351838e-01	1.939069e-01	-5.290907e-01	3.614988e-01	2.480363e-03	2.270151e-04	-1.010085e-02	-4.823412e-03	-5.277442e-03
294           	4.558145e-01	2.300844e-01	2.257301e-01	-3.312849e-01	1.974372e-01	-5.287221e-01	3.630797e-01	2.177138e-03	6.592727e-04	-1.030153e-02	-4.491491e-03	-5.810037e-03
295           	4.549514e-01	2.295897e-01	2.253617e-01	-3.218652e-01	2.045309e-01	-5.263961e-01	3.654635e-01	2.113967e-03	9.129452e-04	-1.045401e-02	-4.314060e-03	-6.139951e-03
296           	4.531963e-01	2.287966e-01	2.243996e-01	-3.112893e-01	2.115554e-01	-5.228447e-01	3.672001e-01	2.198502e-03	1.011326e-03	-1.051208e-02	-4.244714e-03	-6.267366e-03
297           	4.505437e-01	2.277146e-01	2.228291e-01	-3.004239e-01	2.177699e-01	-5.181939e-01	3.679819e-01	2.442720e-03	9.478254e-04	-1.058884e-02	-4.346594e-03	-6.242245e-03
298           	4.478807e-01	2.265649e-01	2.213158e-01	-2.941700e-01	2.202783e-01	-5.144483e-01	3.673633e-01	2.624537e-03	7.836744e-04	-1.051524e-02	-4.473945e-03	-6.041293e-03
299           	4.455149e-01	2.254758e-01	2.200391e-01	-2.896690e-01	2.222341e-01	-5.119030e-01	3.670685e-01	2.718320e-03	4.808311e-04	-1.071007e-02	-4.874206e-03	-5.835868e-03
300           	4.440482e-01	2.247484e-01	2.192998e-01	-2.884949e-01	2.223753e-01	-5.108701e-01	3.666227e-01	2.724300e-03	1.518430e-04	-1.097691e-02	-5.336611e-03	-5.640297e-03
301           	4.438303e-01	2.245126e-01	2.193178e-01	-2.884088e-01	2.235499e-01	-5.119587e-01	3.677543e-01	2.597382e-03	-3.945320e-04	-1.186323e-02	-6.326145e-03	-5.537081e-03
302           	4.447168e-01	2.250678e-01	2.196490e-01	-2.900542e-01	2.238684e-01	-5.139226e-01	3.688955e-01	2.709379e-03	-7.969360e-04	-1.276311e-02	-7.178493e-03	-5.584621e-03
303           	4.467592e-01	2.262385e-01	2.205207e-01	-2.924345e-01	2.247248e-01	-5.171594e-01	3.709421e-01	2.858872e-03	-1.356824e-03	-1.408070e-02	-8.397173e-03	-5.683524e-03
304           	4.498422e-01	2.283064e-01	2.215358e-01	-2.996366e-01	2.228722e-01	-5.225088e-01	3.726905e-01	3.385327e-03	-1.928331e-03	-1.530641e-02	-9.581534e-03	-5.724873e-03
305           	4.528656e-01	2.304098e-01	2.224558e-01	-3.116768e-01	2.163359e-01	-5.280127e-01	3.721743e-01	3.977017e-03	-2.429726e-03	-1.617424e-02	-1.051685e-02	-5.657396e-03
306           	4.554438e-01	2.322325e-01	2.232113e-01	-3.267247e-01	2.060047e-01	-5.327294e-01	3.693671e-01	4.510593e-03	-2.785646e-03	-1.704445e-02	-1.130787e-02	-5.736579e-03
307           	4.570291e-01	2.333632e-01	2.236659e-01	-3.349094e-01	1.983786e-01	-5.332880e-01	3.658333e-01	4.848693e-03	-2.995369e-03	-1.816609e-02	-1.207841e-02	-6.087676e-03
308           	4.582820e-01	2.342080e-01	2.240740e-01	-3.399283e-01	1.929798e-01	-5.329081e-01	3.629440e-01	5.066981e-03	-3.111604e-03	-1.971842e-02	-1.297081e-02	-6.747604e-03
309           	4.593195e-01	2.347886e-01	2.245309e-01	-3.382575e-01	1.930553e-01	-5.313127e-01	3.621840e-01	5.128881e-03	-3.229682e-03	-2.144571e-02	-1.395254e-02	-7.493173e-03
310           	4.603421e-01	2.353025e-01	2.250396e-01	-3.321502e-01	1.979085e-01	-5.300588e-01	3.639836e-01	5.131454e-03	-3.351049e-03	-2.281938e-02	-1.476074e-02	-8.058642e-03
311           	4.609663e-01	2.355162e-01	2.254500e-01	-3.237650e-01	2.053332e-01	-5.290982e-01	3.672157e-01	5.033096e-03	-3.556766e-03	-2.372640e-02	-1.541997e-02	-8.306434e-03
312           	4.610206e-01	2.354528e-01	2.255678e-01	-3.160682e-01	2.128122e-01	-5.288805e-01	3.708463e-01	4.942479e-03	-3.755701e-03	-2.418352e-02	-1.584746e-02	-8.336061e-03
313           	4.601202e-01	2.348832e-01	2.252371e-01	-3.097800e-01	2.184111e-01	-5.281911e-01	3.733011e-01	4.823065e-03	-4.020626e-03	-2.431518e-02	-1.617822e-02	-8.136966e-03
314           	4.585780e-01	2.339215e-01	2.246565e-01	-3.058850e-01	2.218026e-01	-5.276877e-01	3.747452e-01	4.632461e-03	-4.211713e-03	-2.396418e-02	-1.619381e-02	-7.770379e-03
315           	4.564903e-01	2.324501e-01	2.240402e-01	-3.030715e-01	2.236751e-01	-5.267466e-01	3.752108e-01	4.204955e-03	-4.421317e-03	-2.303839e-02	-1.594051e-02	-7.097880e-03
316           	4.543956e-01	2.308048e-01	2.235908e-01	-3.017816e-01	2.235964e-01	-5.253779e-01	3.744871e-01	3.607007e-03	-4.748991e-03	-2.204703e-02	-1.577251e-02	-6.274524e-03
317           	4.526071e-01	2.291919e-01	2.234152e-01	-3.001882e-01	2.228151e-01	-5.230033e-01	3.729092e-01	2.888328e-03	-5.190964e-03	-2.094950e-02	-1.566571e-02	-5.283786e-03
318           	4.516621e-01	2.280522e-01	2.236100e-01	-2.985226e-01	2.213792e-01	-5.199017e-01	3.706404e-01	2.221091e-03	-5.611198e-03	-2.009143e-02	-1.565691e-02	-4.434518e-03
319           	4.514350e-01	2.273961e-01	2.240389e-01	-2.996109e-01	2.188316e-01	-5.184425e-01	3.686371e-01	1.678609e-03	-6.126986e-03	-1.921132e-02	-1.573265e-02	-3.478676e-03
320           	4.522022e-01	2.275034e-01	2.246988e-01	-3.058844e-01	2.135944e-01	-5.194788e-01	3.665366e-01	1.402279e-03	-6.638616e-03	-1.844240e-02	-1.585982e-02	-2.582584e-03
321           	4.533470e-01	2.276242e-01	2.257229e-01	-3.174137e-01	2.051184e-01	-5.225321e-01	3.638253e-01	9.506456e-04	-7.155296e-03	-1.789131e-02	-1.610095e-02	-1.790359e-03
322           	4.545507e-01	2.276076e-01	2.269431e-01	-3.330528e-01	1.943791e-01	-5.274319e-01	3.609055e-01	3.322716e-04	-7.560150e-03	-1.775103e-02	-1.643567e-02	-1.315367e-03
323           	4.557256e-01	2.275006e-01	2.282250e-01	-3.404479e-01	1.901357e-01	-5.305835e-01	3.603596e-01	-3.622423e-04	-7.699938e-03	-1.799150e-02	-1.669569e-02	-1.295811e-03
324           	4.564233e-01	2.271659e-01	2.292574e-01	-3.454190e-01	1.880011e-01	-5.334202e-01	3.607106e-01	-1.045776e-03	-7.729119e-03	-1.866913e-02	-1.706368e-02	-1.605444e-03
325           	4.562959e-01	2.265724e-01	2.297235e-01	-3.439212e-01	1.906328e-01	-5.345540e-01	3.625934e-01	-1.575529e-03	-7.727991e-03	-1.940243e-02	-1.742921e-02	-1.973224e-03
326           	4.555156e-01	2.259440e-01	2.295715e-01	-3.379069e-01	1.964971e-01	-5.344040e-01	3.654505e-01	-1.813748e-03	-7.650477e-03	-1.994753e-02	-1.762424e-02	-2.323288e-03
327           	4.537257e-01	2.250575e-01	2.286682e-01	-3.280546e-01	2.039024e-01	-5.319571e-01	3.679297e-01	-1.805381e-03	-7.565667e-03	-2.019331e-02	-1.766232e-02	-2.530988e-03
328           	4.513528e-01	2.241024e-01	2.272504e-01	-3.185625e-01	2.103879e-01	-5.289503e-01	3.696691e-01	-1.574019e-03	-7.339406e-03	-1.996341e-02	-1.732111e-02	-2.642298e-03
329           	4.486664e-01	2.230887e-01	2.255777e-01	-3.118395e-01	2.145207e-01	-5.263602e-01	3.704404e-01	-1.244510e-03	-7.063024e-03	-1.928886e-02	-1.670745e-02	-2.581405e-03
330           	4.463909e-01	2.222158e-01	2.241751e-01	-3.094572e-01	2.163140e-01	-5.257712e-01	3.710426e-01	-9.796158e-04	-6.647333e-03	-1.809769e-02	-1.569618e-02	-2.401511e-03
331           	4.447830e-01	2.215162e-01	2.232668e-01	-3.100530e-01	2.172232e-01	-5.272762e-01	3.722497e-01	-8.753130e-04	-6.239299e-03	-1.675753e-02	-1.461806e-02	-2.139465e-03
332           	4.442768e-01	2.212669e-01	2.230099e-01	-3.138607e-01	2.177355e-01	-5.315963e-01	3.746659e-01	-8.714701e-04	-5.800689e-03	-1.523664e-02	-1.341901e-02	-1.817633e-03
333           	4.443976e-01	2.214099e-01	2.229877e-01	-3.173385e-01	2.174906e-01	-5.348291e-01	3.761599e-01	-7.888739e-04	-5.648817e-03	-1.457989e-02	-1.293876e-02	-1.641126e-03
334           	4.454587e-01	2.220866e-01	2.233722e-01	-3.228606e-01	2.165346e-01	-5.393952e-01	3.779649e-01	-6.428016e-04	-5.502542e-03	-1.384899e-02	-1.242704e-02	-1.421954e-03
335           	4.469725e-01	2.232902e-01	2.236823e-01	-3.307719e-01	2.126347e-01	-5.434067e-01	3.780207e-01	-1.960193e-04	-5.581335e-03	-1.344336e-02	-1.230302e-02	-1.140346e-03
336           	4.488924e-01	2.248890e-01	2.240034e-01	-3.429643e-01	2.051783e-01	-5.481426e-01	3.766605e-01	4.428212e-04	-5.745070e-03	-1.320919e-02	-1.234966e-02	-8.595238e-04
337           	4.507289e-01	2.262590e-01	2.244699e-01	-3.575379e-01	1.950062e-01	-5.525441e-01	3.737751e-01	8.945742e-04	-5.991061e-03	-1.360809e-02	-1.279511e-02	-8.129851e-04
338           	4.524635e-01	2.274155e-01	2.250480e-01	-3.678806e-01	1.872681e-01	-5.551487e-01	3.712084e-01	1.183754e-03	-6.054654e-03	-1.470073e-02	-1.340502e-02	-1.295712e-03
339           	4.539981e-01	2.283127e-01	2.256855e-01	-3.750225e-01	1.828563e-01	-5.578788e-01	3.703675e-01	1.313591e-03	-6.077889e-03	-1.638761e-02	-1.427170e-02	-2.115917e-03
340           	4.553648e-01	2.291941e-01	2.261707e-01	-3.782581e-01	1.826315e-01	-5.608896e-01	3.717606e-01	1.511697e-03	-6.120491e-03	-1.845540e-02	-1.534819e-02	-3.107209e-03
341           	4.564270e-01	2.300489e-01	2.263781e-01	-3.784769e-01	1.864220e-01	-5.648988e-01	3.756604e-01	1.835357e-03	-6.294197e-03	-2.055454e-02	-1.657147e-02	-3.983072e-03
342           	4.570333e-01	2.308895e-01	2.261438e-01	-3.763949e-01	1.924513e-01	-5.688463e-01	3.806488e-01	2.372856e-03	-6.534684e-03	-2.237113e-02	-1.772025e-02	-4.650878e-03
343           	4.570917e-01	2.315726e-01	2.255191e-01	-3.721766e-01	2.002287e-01	-5.724053e-01	3.863170e-01	3.026714e-03	-6.808884e-03	-2.386044e-02	-1.873911e-02	-5.121338e-03
344           	4.564638e-01	2.320297e-01	2.244340e-01	-3.675358e-01	2.072935e-01	-5.748293e-01	3.910614e-01	3.797873e-03	-6.859126e-03	-2.460062e-02	-1.915943e-02	-5.441183e-03
345           	4.550441e-01	2.318946e-01	2.231495e-01	-3.631456e-01	2.125966e-01	-5.757422e-01	3.941694e-01	4.372563e-03	-6.623494e-03	-2.452915e-02	-1.888807e-02	-5.641081e-03
346           	4.531873e-01	2.312527e-01	2.219346e-01	-3.590379e-01	2.157178e-01	-5.747557e-01	3.952367e-01	4.659015e-03	-6.106312e-03	-2.381230e-02	-1.801246e-02	-5.799837e-03
347           	4.511969e-01	2.301630e-01	2.210339e-01	-3.543755e-01	2.174926e-01	-5.718682e-01	3.946804e-01	4.564509e-03	-5.569683e-03	-2.289657e-02	-1.701797e-02	-5.878602e-03
348           	4.496629e-01	2.291003e-01	2.205626e-01	-3.502165e-01	2.182056e-01	-5.684221e-01	3.933139e-01	4.268824e-03	-5.142867e-03	-2.213576e-02	-1.621075e-02	-5.925012e-03
349           	4.488722e-01	2.282770e-01	2.205952e-01	-3.474752e-01	2.188106e-01	-5.662858e-01	3.925482e-01	3.840892e-03	-4.972093e-03	-2.179054e-02	-1.586736e-02	-5.923178e-03
350           	4.492321e-01	2.282372e-01	2.209949e-01	-3.493601e-01	2.179347e-01	-5.672948e-01	3.926148e-01	3.621122e-03	-5.046637e-03	-2.188099e-02	-1.598713e-02	-5.893858e-03
351           	4.506237e-01	2.290612e-01	2.215625e-01	-3.579922e-01	2.142918e-01	-5.722840e-01	3.932879e-01	3.749309e-03	-5.392607e-03	-2.229701e-02	-1.654111e-02	-5.755896e-03
352           	4.527763e-01	2.302773e-01	2.224990e-01	-3.725038e-01	2.076693e-01	-5.801731e-01	3.939212e-01	3.889163e-03	-5.797906e-03	-2.288089e-02	-1.723835e-02	-5.642539e-03
353           	4.551572e-01	2.315117e-01	2.236456e-01	-3.902091e-01	1.996002e-01	-5.898093e-01	3.947048e-01	3.933066e-03	-6.197313e-03	-2.377010e-02	-1.808236e-02	-5.687735e-03
354           	4.572644e-01	2.325070e-01	2.247574e-01	-4.064055e-01	1.922961e-01	-5.987016e-01	3.954989e-01	3.874770e-03	-6.471011e-03	-2.494009e-02	-1.894106e-02	-5.999033e-03
355           	4.587142e-01	2.330360e-01	2.256782e-01	-4.167610e-01	1.887942e-01	-6.055552e-01	3.971747e-01	3.678880e-03	-6.699130e-03	-2.640148e-02	-1.989987e-02	-6.501609e-03
356           	4.593295e-01	2.331503e-01	2.261792e-01	-4.190635e-01	1.899148e-01	-6.089782e-01	3.994465e-01	3.485542e-03	-6.866595e-03	-2.779851e-02	-2.076585e-02	-7.032660e-03
357           	4.590923e-01	2.329217e-01	2.261706e-01	-4.137568e-01	1.950290e-01	-6.087858e-01	4.019074e-01	3.375559e-03	-7.035878e-03	-2.889969e-02	-2.148572e-02	-7.413968e-03
358           	4.581899e-01	2.324307e-01	2.257592e-01	-4.034094e-01	2.018288e-01	-6.052381e-01	4.035335e-01	3.335726e-03	-7.101864e-03	-2.936911e-02	-2.178642e-02	-7.582693e-03
359           	4.567625e-01	2.317978e-01	2.249648e-01	-3.915247e-01	2.081725e-01	-5.996972e-01	4.039348e-01	3.416499e-03	-7.042621e-03	-2.910490e-02	-2.159507e-02	-7.509829e-03
360           	4.552236e-01	2.310791e-01	2.241445e-01	-3.812185e-01	2.124614e-01	-5.936799e-01	4.030706e-01	3.467308e-03	-6.668664e-03	-2.794526e-02	-2.064129e-02	-7.303964e-03
361           	4.535784e-01	2.300645e-01	2.235139e-01	-3.725290e-01	2.150215e-01	-5.875505e-01	4.012860e-01	3.275257e-03	-6.068826e-03	-2.624209e-02	-1.918987e-02	-7.052218e-03
362           	4.522688e-01	2.289406e-01	2.233283e-01	-3.655185e-01	2.168561e-01	-5.823747e-01	3.996154e-01	2.806142e-03	-5.274957e-03	-2.416839e-02	-1.735915e-02	-6.809237e-03
363           	4.513557e-01	2.279362e-01	2.234195e-01	-3.627265e-01	2.171622e-01	-5.798887e-01	3.985255e-01	2.258374e-03	-4.636730e-03	-2.259747e-02	-1.593547e-02	-6.662007e-03
364           	4.511484e-01	2.271982e-01	2.239502e-01	-3.631648e-01	2.173151e-01	-5.804799e-01	3.988975e-01	1.623978e-03	-4.072668e-03	-2.101925e-02	-1.458229e-02	-6.436957e-03
365           	4.514247e-01	2.269179e-01	2.245068e-01	-3.686294e-01	2.149062e-01	-5.835356e-01	3.992209e-01	1.205526e-03	-3.882601e-03	-1.995118e-02	-1.385819e-02	-6.092991e-03
366           	4.522245e-01	2.271021e-01	2.251224e-01	-3.786187e-01	2.095302e-01	-5.881490e-01	3.988396e-01	9.898383e-04	-3.930559e-03	-1.877827e-02	-1.331970e-02	-5.458579e-03
367           	4.532056e-01	2.272362e-01	2.259693e-01	-3.909687e-01	2.020458e-01	-5.930145e-01	3.975301e-01	6.334446e-04	-4.086600e-03	-1.763457e-02	-1.290389e-02	-4.730687e-03
368           	4.542396e-01	2.272510e-01	2.269886e-01	-4.064841e-01	1.916477e-01	-5.981318e-01	3.948898e-01	1.312096e-04	-4.152367e-03	-1.681513e-02	-1.255993e-02	-4.255199e-03
369           	4.551946e-01	2.271189e-01	2.280756e-01	-4.178979e-01	1.830668e-01	-6.009647e-01	3.920158e-01	-4.783399e-04	-4.134498e-03	-1.673025e-02	-1.249962e-02	-4.230628e-03
370           	4.562204e-01	2.270672e-01	2.291531e-01	-4.203421e-01	1.805009e-01	-6.008430e-01	3.906720e-01	-1.042939e-03	-3.965746e-03	-1.706468e-02	-1.249809e-02	-4.566594e-03
371           	4.573260e-01	2.272837e-01	2.300423e-01	-4.174002e-01	1.826808e-01	-6.000810e-01	3.913809e-01	-1.379321e-03	-3.888163e-03	-1.771001e-02	-1.274317e-02	-4.966841e-03
372           	4.582904e-01	2.277392e-01	2.305512e-01	-4.106277e-01	1.879087e-01	-5.985363e-01	3.932225e-01	-1.405984e-03	-3.933059e-03	-1.852435e-02	-1.319524e-02	-5.329118e-03
373           	4.588171e-01	2.280581e-01	2.307590e-01	-4.012485e-01	1.949037e-01	-5.961522e-01	3.955280e-01	-1.350415e-03	-4.148700e-03	-1.929920e-02	-1.379830e-02	-5.500899e-03
374           	4.586095e-01	2.280156e-01	2.305940e-01	-3.913133e-01	2.010310e-01	-5.923443e-01	3.966877e-01	-1.289195e-03	-4.375404e-03	-1.972670e-02	-1.423875e-02	-5.487943e-03
375           	4.576700e-01	2.274852e-01	2.301848e-01	-3.826464e-01	2.053368e-01	-5.879832e-01	3.966600e-01	-1.349806e-03	-4.594370e-03	-1.974904e-02	-1.446889e-02	-5.280151e-03
376           	4.560794e-01	2.264427e-01	2.296367e-01	-3.764629e-01	2.070287e-01	-5.834916e-01	3.952601e-01	-1.597004e-03	-4.590091e-03	-1.921440e-02	-1.419729e-02	-5.017107e-03
377           	4.540689e-01	2.249475e-01	2.291215e-01	-3.719368e-01	2.073487e-01	-5.792855e-01	3.933171e-01	-2.087007e-03	-4.364337e-03	-1.840537e-02	-1.356702e-02	-4.838349e-03
378           	4.519374e-01	2.232757e-01	2.286618e-01	-3.679915e-01	2.068192e-01	-5.748107e-01	3.908150e-01	-2.693055e-03	-3.893918e-03	-1.741543e-02	-1.260163e-02	-4.813797e-03
379           	4.500403e-01	2.217737e-01	2.282666e-01	-3.640188e-01	2.063626e-01	-5.703814e-01	3.883720e-01	-3.246421e-03	-3.334736e-03	-1.655615e-02	-1.161281e-02	-4.943339e-03
380           	4.486614e-01	2.207885e-01	2.278728e-01	-3.596803e-01	2.058489e-01	-5.655292e-01	3.856891e-01	-3.542153e-03	-2.757142e-03	-1.589179e-02	-1.070304e-02	-5.188752e-03
381           	4.480445e-01	2.207380e-01	2.273064e-01	-3.580133e-01	2.043543e-01	-5.623676e-01	3.833610e-01	-3.284200e-03	-2.391250e-03	-1.546227e-02	-1.012238e-02	-5.339883e-03
382           	4.481895e-01	2.215391e-01	2.266505e-01	-3.617038e-01	1.997786e-01	-5.614824e-01	3.806305e-01	-2.555693e-03	-2.235783e-03	-1.499682e-02	-9.734195e-03	-5.262630e-03
383           	4.490066e-01	2.226923e-01	2.263143e-01	-3.708474e-01	1.927038e-01	-5.635512e-01	3.781275e-01	-1.811014e-03	-2.306702e-03	-1.489471e-02	-9.754056e-03	-5.140652e-03
384           	4.502183e-01	2.237400e-01	2.264784e-01	-3.818903e-01	1.850974e-01	-5.669877e-01	3.760426e-01	-1.369207e-03	-2.433268e-03	-1.537950e-02	-1.012302e-02	-5.256479e-03
385           	4.516345e-01	2.246670e-01	2.269674e-01	-3.903214e-01	1.803833e-01	-5.707047e-01	3.755440e-01	-1.150201e-03	-2.636260e-03	-1.664819e-02	-1.096035e-02	-5.687833e-03
386           	4.529633e-01	2.252892e-01	2.276741e-01	-3.928522e-01	1.797383e-01	-5.725905e-01	3.761644e-01	-1.192442e-03	-2.757399e-03	-1.819152e-02	-1.185316e-02	-6.338358e-03
387           	4.538435e-01	2.257327e-01	2.281109e-01	-3.900317e-01	1.837373e-01	-5.737690e-01	3.787531e-01	-1.189105e-03	-2.946581e-03	-1.991351e-02	-1.290333e-02	-7.010173e-03
388           	4.541040e-01	2.258762e-01	2.282279e-01	-3.808756e-01	1.909050e-01	-5.717806e-01	3.813428e-01	-1.175864e-03	-3.019779e-03	-2.116819e-02	-1.360387e-02	-7.564316e-03
389           	4.535490e-01	2.257477e-01	2.278013e-01	-3.697117e-01	1.990391e-01	-5.687507e-01	3.838949e-01	-1.026845e-03	-3.088868e-03	-2.202388e-02	-1.410081e-02	-7.923069e-03
390           	4.522594e-01	2.253549e-01	2.269045e-01	-3.595441e-01	2.057589e-01	-5.653030e-01	3.855309e-01	-7.748209e-04	-3.092735e-03	-2.235575e-02	-1.427061e-02	-8.085142e-03
391           	4.505573e-01	2.247754e-01	2.257819e-01	-3.528613e-01	2.101484e-01	-5.630098e-01	3.865791e-01	-5.032259e-04	-3.001566e-03	-2.224035e-02	-1.412174e-02	-8.118609e-03
392           	4.488672e-01	2.240771e-01	2.247900e-01	-3.496188e-01	2.122900e-01	-5.619088e-01	3.870994e-01	-3.564618e-04	-2.697743e-03	-2.164733e-02	-1.352141e-02	-8.125921e-03
393           	4.475798e-01	2.233627e-01	2.242171e-01	-3.489833e-01	2.136017e-01	-5.625850e-01	3.880934e-01	-4.272311e-04	-2.191421e-03	-2.079114e-02	-1.258699e-02	-8.204151e-03
394           	4.470544e-01	2.228654e-01	2.241890e-01	-3.513350e-01	2.139611e-01	-5.652960e-01	3.896285e-01	-6.618036e-04	-1.539845e-03	-1.981898e-02	-1.144934e-02	-8.369645e-03
395           	4.472666e-01	2.225731e-01	2.246935e-01	-3.560805e-01	2.137117e-01	-5.697922e-01	3.917519e-01	-1.060184e-03	-9.201678e-04	-1.897947e-02	-1.040990e-02	-8.569567e-03
396           	4.481322e-01	2.226309e-01	2.255013e-01	-3.635467e-01	2.114753e-01	-5.750220e-01	3.932487e-01	-1.435157e-03	-5.031894e-04	-1.827266e-02	-9.639517e-03	-8.633139e-03
397           	4.492729e-01	2.228514e-01	2.264215e-01	-3.741270e-01	2.065360e-01	-5.806629e-01	3.935994e-01	-1.785026e-03	-4.230869e-04	-1.770980e-02	-9.277989e-03	-8.431815e-03
398           	4.504165e-01	2.228640e-01	2.275525e-01	-3.869132e-01	1.987608e-01	-5.856740e-01	3.922174e-01	-2.344261e-03	-5.179384e-04	-1.737207e-02	-9.203973e-03	-8.168096e-03
399           	4.513444e-01	2.226590e-01	2.286854e-01	-3.991895e-01	1.904874e-01	-5.896770e-01	3.900822e-01	-3.013193e-03	-6.816311e-04	-1.736807e-02	-9.365665e-03	-8.002403e-03
400           	4.519693e-01	2.223557e-01	2.296136e-01	-4.075215e-01	1.843098e-01	-5.918313e-01	3.880706e-01	-3.628949e-03	-8.006002e-04	-1.760016e-02	-9.600678e-03	-7.999477e-03
401           	4.524308e-01	2.221657e-01	2.302651e-01	-4.104083e-01	1.825741e-01	-5.929824e-01	3.877782e-01	-4.049701e-03	-8.443776e-04	-1.792559e-02	-9.807175e-03	-8.118420e-03
402           	4.527685e-01	2.222714e-01	2.304971e-01	-4.082918e-01	1.850436e-01	-5.933355e-01	3.891896e-01	-4.112830e-03	-7.431541e-04	-1.789917e-02	-9.692741e-03	-8.206432e-03
403           	4.529751e-01	2.226622e-01	2.303130e-01	-4.025411e-01	1.911727e-01	-5.937138e-01	3.924433e-01	-3.825407e-03	-6.048239e-04	-1.733679e-02	-9.273218e-03	-8.063570e-03
404           	4.529732e-01	2.231123e-01	2.298609e-01	-3.952362e-01	1.986652e-01	-5.939014e-01	3.962833e-01	-3.374268e-03	-3.942701e-04	-1.629742e-02	-8.542979e-03	-7.754439e-03
405           	4.525873e-01	2.234777e-01	2.291096e-01	-3.884701e-01	2.057131e-01	-5.941832e-01	3.999481e-01	-2.815975e-03	-1.505923e-04	-1.492441e-02	-7.612799e-03	-7.311615e-03
406           	4.517369e-01	2.235631e-01	2.281737e-01	-3.839177e-01	2.104658e-01	-5.943835e-01	4.024246e-01	-2.305289e-03	2.140341e-04	-1.318594e-02	-6.378938e-03	-6.807007e-03
407           	4.506498e-01	2.233322e-01	2.273176e-01	-3.816867e-01	2.131031e-01	-5.947897e-01	4.039464e-01	-1.992696e-03	7.078252e-04	-1.144563e-02	-5.014989e-03	-6.430640e-03
408           	4.495870e-01	2.228724e-01	2.267146e-01	-3.802416e-01	2.143189e-01	-5.945604e-01	4.044397e-01	-1.921097e-03	1.350729e-03	-9.781138e-03	-3.539840e-03	-6.241297e-03
409           	4.489038e-01	2.223565e-01	2.265473e-01	-3.785488e-01	2.149776e-01	-5.935264e-01	4.042520e-01	-2.095422e-03	2.013030e-03	-8.453118e-03	-2.213529e-03	-6.239588e-03
410           	4.487810e-01	2.219527e-01	2.268283e-01	-3.766260e-01	2.144227e-01	-5.910487e-01	4.027357e-01	-2.437802e-03	2.595441e-03	-7.337931e-03	-1.073525e-03	-6.264407e-03
411           	4.492911e-01	2.218708e-01	2.274203e-01	-3.737253e-01	2.133060e-01	-5.870314e-01	4.001687e-01	-2.774785e-03	2.935406e-03	-6.603042e-03	-3.661156e-04	-6.236927e-03
412           	4.503871e-01	2.223612e-01	2.280259e-01	-3.725215e-01	2.099789e-01	-5.825004e-01	3.962396e-01	-2.832343e-03	3.019221e-03	-6.024530e-03	6.955830e-06	-6.031485e-03
413           	4.522598e-01	2.234781e-01	2.287817e-01	-3.760198e-01	2.038275e-01	-5.798473e-01	3.918374e-01	-2.651772e-03	2.805284e-03	-5.582888e-03	1.383970e-05	-5.596727e-03
414           	4.542234e-01	2.245305e-01	2.296929e-01	-3.826472e-01	1.965525e-01	-5.791997e-01	3.878761e-01	-2.581170e-03	2.613636e-03	-5.278919e-03	-2.582318e-05	-5.253096e-03
415           	4.565798e-01	2.256201e-01	2.309597e-01	-3.931419e-01	1.884367e-01	-5.815786e-01	3.850077e-01	-2.669830e-03	2.386956e-03	-5.398584e-03	-3.123356e-04	-5.086248e-03
416           	4.586291e-01	2.265130e-01	2.321161e-01	-4.024811e-01	1.828134e-01	-5.852945e-01	3.840539e-01	-2.801535e-03	2.210589e-03	-5.941305e-03	-7.600640e-04	-5.181241e-03
417           	4.602006e-01	2.271091e-01	2.330915e-01	-4.076593e-01	1.817977e-01	-5.894570e-01	3.856274e-01	-2.991211e-03	1.974558e-03	-6.921740e-03	-1.486312e-03	-5.435428e-03
418           	4.610797e-01	2.275220e-01	2.335577e-01	-4.073712e-01	1.852160e-01	-5.925872e-01	3.889016e-01	-3.017860e-03	1.619893e-03	-8.045113e-03	-2.402663e-03	-5.642450e-03
419           	4.611526e-01	2.276414e-01	2.335111e-01	-4.025546e-01	1.918205e-01	-5.943751e-01	3.930978e-01	-2.934858e-03	1.147353e-03	-9.104549e-03	-3.404921e-03	-5.699627e-03
420           	4.603561e-01	2.275850e-01	2.327712e-01	-3.952347e-01	1.992987e-01	-5.945334e-01	3.969161e-01	-2.593110e-03	6.556601e-04	-9.961467e-03	-4.325074e-03	-5.636394e-03
421           	4.588560e-01	2.272953e-01	2.315607e-01	-3.880515e-01	2.057168e-01	-5.937684e-01	3.997426e-01	-2.132676e-03	2.543367e-04	-1.038825e-02	-4.939789e-03	-5.448462e-03
422           	4.569638e-01	2.268116e-01	2.301522e-01	-3.826036e-01	2.097480e-01	-5.923515e-01	4.010497e-01	-1.670312e-03	4.780967e-05	-1.033257e-02	-5.118476e-03	-5.214095e-03
423           	4.549844e-01	2.260664e-01	2.289180e-01	-3.777813e-01	2.120328e-01	-5.898141e-01	4.009235e-01	-1.425799e-03	-4.412265e-05	-9.959923e-03	-5.024084e-03	-4.935839e-03
424           	4.533146e-01	2.251814e-01	2.281332e-01	-3.726932e-01	2.132570e-01	-5.859502e-01	3.996036e-01	-1.475866e-03	-1.810076e-04	-9.536170e-03	-4.949093e-03	-4.587078e-03
425           	4.522743e-01	2.243332e-01	2.279411e-01	-3.677155e-01	2.139528e-01	-5.816684e-01	3.978106e-01	-1.803921e-03	-5.004341e-04	-9.416930e-03	-5.208899e-03	-4.208031e-03
426           	4.521954e-01	2.238348e-01	2.283606e-01	-3.640511e-01	2.140018e-01	-5.780529e-01	3.960274e-01	-2.262901e-03	-1.043006e-03	-9.858250e-03	-5.972131e-03	-3.886119e-03
427           	4.528850e-01	2.238681e-01	2.290169e-01	-3.639816e-01	2.119587e-01	-5.759403e-01	3.939495e-01	-2.574422e-03	-1.824054e-03	-1.089821e-02	-7.273160e-03	-3.625053e-03
428           	4.541521e-01	2.243665e-01	2.297857e-01	-3.696545e-01	2.062134e-01	-5.758679e-01	3.910406e-01	-2.709586e-03	-2.798051e-03	-1.224167e-02	-8.918884e-03	-3.322783e-03
429           	4.555644e-01	2.249023e-01	2.306621e-01	-3.778319e-01	1.993425e-01	-5.771744e-01	3.882584e-01	-2.879908e-03	-3.666505e-03	-1.395197e-02	-1.064249e-02	-3.309479e-03
430           	4.567176e-01	2.252837e-01	2.314340e-01	-3.902771e-01	1.894554e-01	-5.797325e-01	3.845940e-01	-3.075154e-03	-4.340537e-03	-1.566578e-02	-1.217343e-02	-3.492353e-03
431           	4.575143e-01	2.255423e-01	2.319720e-01	-3.968079e-01	1.843820e-01	-5.811899e-01	3.827859e-01	-3.214836e-03	-4.789511e-03	-1.760119e-02	-1.359011e-02	-4.011086e-03
432           	4.577354e-01	2.256704e-01	2.320649e-01	-4.000392e-01	1.818214e-01	-5.818605e-01	3.818410e-01	-3.197255e-03	-4.961312e-03	-1.926154e-02	-1.459208e-02	-4.669456e-03
433           	4.576711e-01	2.258994e-01	2.317717e-01	-3.971226e-01	1.847269e-01	-5.818495e-01	3.832882e-01	-2.936132e-03	-5.129338e-03	-2.066166e-02	-1.546017e-02	-5.201494e-03
434           	4.572170e-01	2.261845e-01	2.310325e-01	-3.891220e-01	1.915545e-01	-5.806765e-01	3.861155e-01	-2.424000e-03	-5.174273e-03	-2.115323e-02	-1.575089e-02	-5.402344e-03
435           	4.565798e-01	2.264104e-01	2.301694e-01	-3.823557e-01	1.976845e-01	-5.800402e-01	3.888623e-01	-1.879487e-03	-5.455632e-03	-2.144862e-02	-1.617994e-02	-5.268679e-03
436           	4.558159e-01	2.265993e-01	2.292166e-01	-3.736483e-01	2.046129e-01	-5.782612e-01	3.914370e-01	-1.308693e-03	-5.675454e-03	-2.099973e-02	-1.617532e-02	-4.824409e-03
437           	4.547252e-01	2.264447e-01	2.282805e-01	-3.655860e-01	2.096487e-01	-5.752347e-01	3.924417e-01	-9.179150e-04	-5.948987e-03	-2.041426e-02	-1.615611e-02	-4.258141e-03
438           	4.534517e-01	2.259270e-01	2.275247e-01	-3.581132e-01	2.126391e-01	-5.707523e-01	3.916957e-01	-7.988401e-04	-6.204325e-03	-1.997859e-02	-1.619362e-02	-3.784970e-03
439           	4.520953e-01	2.250333e-01	2.270620e-01	-3.503266e-01	2.147368e-01	-5.650633e-01	3.899000e-01	-1.014362e-03	-6.395519e-03	-1.985877e-02	-1.632491e-02	-3.533867e-03
440           	4.510128e-01	2.240680e-01	2.269447e-01	-3.430565e-01	2.162068e-01	-5.592633e-01	3.877351e-01	-1.438335e-03	-6.498622e-03	-2.009922e-02	-1.654823e-02	-3.550986e-03
441           	4.505062e-01	2.234558e-01	2.270505e-01	-3.390884e-01	2.159972e-01	-5.550856e-01	3.855414e-01	-1.797358e-03	-6.498227e-03	-2.067783e-02	-1.683714e-02	-3.840686e-03
442           	4.506818e-01	2.233405e-01	2.273413e-01	-3.376716e-01	2.148916e-01	-5.525633e-01	3.837274e-01	-2.000365e-03	-6.489334e-03	-2.131229e-02	-1.714548e-02	-4.166813e-03
443           	4.516440e-01	2.240382e-01	2.276058e-01	-3.422340e-01	2.111812e-01	-5.534153e-01	3.822982e-01	-1.783807e-03	-6.523582e-03	-2.181598e-02	-1.743157e-02	-4.384408e-03
444           	4.533192e-01	2.252828e-01	2.280364e-01	-3.552817e-01	2.037149e-01	-5.589966e-01	3.813558e-01	-1.376808e-03	-6.534141e-03	-2.227333e-02	-1.767080e-02	-4.602522e-03
445           	4.551498e-01	2.263002e-01	2.288496e-01	-3.680783e-01	1.975586e-01	-5.656369e-01	3.815978e-01	-1.274664e-03	-6.258631e-03	-2.253498e-02	-1.752612e-02	-5.008856e-03
446           	4.571382e-01	2.273180e-01	2.298202e-01	-3.859819e-01	1.897725e-01	-5.757544e-01	3.827634e-01	-1.251074e-03	-5.663738e-03	-2.285879e-02	-1.709314e-02	-5.765659e-03
447           	4.586965e-01	2.279543e-01	2.307422e-01	-4.006585e-01	1.851827e-01	-5.858412e-01	3.855120e-01	-1.393969e-03	-4.913890e-03	-2.318464e-02	-1.650621e-02	-6.678432e-03
448           	4.598213e-01	2.283969e-01	2.314244e-01	-4.100296e-01	1.847354e-01	-5.947651e-01	3.897502e-01	-1.513757e-03	-4.158364e-03	-2.347160e-02	-1.589416e-02	-7.577438e-03
449           	4.601565e-01	2.285582e-01	2.315983e-01	-4.125448e-01	1.884233e-01	-6.009681e-01	3.946957e-01	-1.520037e-03	-3.591466e-03	-2.360989e-02	-1.539641e-02	-8.213480e-03
450           	4.597138e-01	2.285283e-01	2.311855e-01	-4.086484e-01	1.949089e-01	-6.035573e-01	3.992331e-01	-1.328608e-03	-3.227577e-03	-2.351603e-02	-1.498559e-02	-8.530439e-03
451           	4.584552e-01	2.282003e-01	2.302550e-01	-4.001794e-01	2.023516e-01	-6.025310e-01	4.024413e-01	-1.027349e-03	-3.037377e-03	-2.308398e-02	-1.457937e-02	-8.504613e-03
452           	4.567445e-01	2.277944e-01	2.289502e-01	-3.903712e-01	2.083633e-01	-5.987345e-01	4.035489e-01	-5.778889e-04	-2.904819e-03	-2.225677e-02	-1.403320e-02	-8.223564e-03
453           	4.547949e-01	2.270769e-01	2.277180e-01	-3.808477e-01	2.121349e-01	-5.929826e-01	4.025587e-01	-3.205284e-04	-2.732621e-03	-2.088536e-02	-1.317530e-02	-7.710057e-03
454           	4.531666e-01	2.262714e-01	2.268952e-01	-3.721978e-01	2.139818e-01	-5.861796e-01	4.000807e-01	-3.119433e-04	-2.482885e-03	-1.909159e-02	-1.202868e-02	-7.062911e-03
455           	4.520828e-01	2.254385e-01	2.266443e-01	-3.641671e-01	2.150925e-01	-5.792596e-01	3.971760e-01	-6.029236e-04	-2.215324e-03	-1.722406e-02	-1.082735e-02	-6.396706e-03
456           	4.519752e-01	2.249559e-01	2.270193e-01	-3.580785e-01	2.157393e-01	-5.738177e-01	3.947785e-01	-1.031688e-03	-2.000992e-03	-1.573457e-02	-9.868274e-03	-5.866291e-03
457           	4.527299e-01	2.248758e-01	2.278540e-01	-3.547041e-01	2.159697e-01	-5.706738e-01	3.933217e-01	-1.489105e-03	-1.923152e-03	-1.488084e-02	-9.363573e-03	-5.517268e-03
458           	4.544021e-01	2.254908e-01	2.289113e-01	-3.571285e-01	2.141997e-01	-5.713282e-01	3.927640e-01	-1.710239e-03	-2.092664e-03	-1.459548e-02	-9.390406e-03	-5.205079e-03
459           	4.565510e-01	2.264864e-01	2.300646e-01	-3.663169e-01	2.091576e-01	-5.754745e-01	3.923160e-01	-1.789109e-03	-2.489251e-03	-1.468654e-02	-9.832521e-03	-4.854019e-03
460           	4.589675e-01	2.275697e-01	2.313977e-01	-3.821745e-01	2.003344e-01	-5.825088e-01	3.914216e-01	-1.914005e-03	-2.921542e-03	-1.509270e-02	-1.046789e-02	-4.624808e-03
461           	4.609378e-01	2.283646e-01	2.325732e-01	-3.989971e-01	1.907654e-01	-5.897625e-01	3.902640e-01	-2.104325e-03	-3.220211e-03	-1.593978e-02	-1.119010e-02	-4.749677e-03
462           	4.623143e-01	2.289228e-01	2.333915e-01	-4.111642e-01	1.842562e-01	-5.954204e-01	3.898383e-01	-2.234358e-03	-3.289752e-03	-1.714552e-02	-1.186251e-02	-5.283008e-03
463           	4.628662e-01	2.292395e-01	2.336267e-01	-4.162336e-01	1.825690e-01	-5.988026e-01	3.906858e-01	-2.193568e-03	-3.200745e-03	-1.851425e-02	-1.245787e-02	-6.056379e-03
464           	4.626393e-01	2.294856e-01	2.331537e-01	-4.141899e-01	1.857293e-01	-5.999192e-01	3.928242e-01	-1.834011e-03	-3.040798e-03	-1.965012e-02	-1.286586e-02	-6.784259e-03
465           	4.614747e-01	2.295104e-01	2.319643e-01	-4.061338e-01	1.924121e-01	-5.985459e-01	3.954790e-01	-1.226995e-03	-2.864485e-03	-2.034768e-02	-1.303833e-02	-7.309356e-03
466           	4.596604e-01	2.293729e-01	2.302874e-01	-3.949848e-01	2.002825e-01	-5.952674e-01	3.977749e-01	-4.572414e-04	-2.640753e-03	-2.049497e-02	-1.288824e-02	-7.606734e-03
467           	4.573804e-01	2.289846e-01	2.283958e-01	-3.842878e-01	2.066238e-01	-5.909116e-01	3.987677e-01	2.944078e-04	-2.389497e-03	-2.001126e-02	-1.239513e-02	-7.616133e-03
468           	4.549677e-01	2.282826e-01	2.266851e-01	-3.755293e-01	2.103813e-01	-5.859106e-01	3.981459e-01	7.987231e-04	-2.129729e-03	-1.909588e-02	-1.167767e-02	-7.418212e-03
469           	4.525866e-01	2.271863e-01	2.254003e-01	-3.676803e-01	2.125621e-01	-5.802424e-01	3.964023e-01	8.930171e-04	-1.895751e-03	-1.813937e-02	-1.096544e-02	-7.173935e-03
470           	4.505280e-01	2.257634e-01	2.247646e-01	-3.600594e-01	2.138394e-01	-5.738988e-01	3.938691e-01	4.993985e-04	-1.702199e-03	-1.724752e-02	-1.032596e-02	-6.921562e-03
471           	4.490502e-01	2.243738e-01	2.246764e-01	-3.532994e-01	2.146045e-01	-5.679039e-01	3.912542e-01	-1.513266e-04	-1.625556e-03	-1.674038e-02	-9.995743e-03	-6.744632e-03
472           	4.484496e-01	2.233416e-01	2.251080e-01	-3.482622e-01	2.146572e-01	-5.629193e-01	3.887882e-01	-8.832415e-04	-1.660343e-03	-1.665548e-02	-9.988083e-03	-6.667397e-03
473           	4.487607e-01	2.231047e-01	2.256561e-01	-3.473291e-01	2.128092e-01	-5.601383e-01	3.864737e-01	-1.275697e-03	-1.920819e-03	-1.710398e-02	-1.047281e-02	-6.631172e-03
474           	4.500592e-01	2.237697e-01	2.262894e-01	-3.534992e-01	2.073103e-01	-5.608095e-01	3.840599e-01	-1.259840e-03	-2.417240e-03	-1.784450e-02	-1.133949e-02	-6.505009e-03
475           	4.516523e-01	2.246532e-01	2.269991e-01	-3.618949e-01	2.014715e-01	-5.633664e-01	3.824190e-01	-1.172960e-03	-2.855745e-03	-1.852441e-02	-1.211795e-02	-6.406459e-03
476           	4.537017e-01	2.255953e-01	2.281064e-01	-3.761837e-01	1.928771e-01	-5.690608e-01	3.809689e-01	-1.255528e-03	-3.210643e-03	-1.954618e-02	-1.298373e-02	-6.562448e-03
477           	4.555542e-01	2.262442e-01	2.293100e-01	-3.890721e-01	1.863854e-01	-5.754575e-01	3.809215e-01	-1.532941e-03	-3.350339e-03	-2.058702e-02	-1.364385e-02	-6.943170e-03
478           	4.572519e-01	2.266726e-01	2.305793e-01	-3.991004e-01	1.831435e-01	-5.822439e-01	3.826937e-01	-1.953309e-03	-3.276373e-03	-2.133783e-02	-1.394529e-02	-7.392544e-03
479           	4.584778e-01	2.268845e-01	2.315933e-01	-4.046921e-01	1.838739e-01	-5.885660e-01	3.862200e-01	-2.354436e-03	-3.145969e-03	-2.165717e-02	-1.397455e-02	-7.682617e-03
480           	4.591595e-01	2.270163e-01	2.321433e-01	-4.058962e-01	1.882398e-01	-5.941360e-01	3.911879e-01	-2.563496e-03	-2.984715e-03	-2.151832e-02	-1.374388e-02	-7.774447e-03
481           	4.588514e-01	2.268397e-01	2.320116e-01	-4.027588e-01	1.947663e-01	-5.975251e-01	3.961457e-01	-2.585954e-03	-2.860255e-03	-2.092160e-02	-1.332106e-02	-7.600547e-03
482           	4.576776e-01	2.264119e-01	2.312657e-01	-3.967081e-01	2.019704e-01	-5.986785e-01	4.003244e-01	-2.426902e-03	-2.585243e-03	-1.964946e-02	-1.240997e-02	-7.239488e-03
483           	4.556907e-01	2.255500e-01	2.301407e-01	-3.915049e-01	2.055912e-01	-5.970961e-01	4.013437e-01	-2.295320e-03	-2.316322e-03	-1.797494e-02	-1.130379e-02	-6.671148e-03
484           	4.533006e-01	2.244512e-01	2.288494e-01	-3.848633e-01	2.083107e-01	-5.931740e-01	4.007423e-01	-2.199081e-03	-1.841288e-03	-1.578388e-02	-9.733228e-03	-6.050652e-03
485           	4.508610e-01	2.231079e-01	2.277530e-01	-3.778183e-01	2.088583e-01	-5.866766e-01	3.977675e-01	-2.322546e-03	-1.384089e-03	-1.381816e-02	-8.293170e-03	-5.524993e-03
486           	4.487078e-01	2.217761e-01	2.269317e-01	-3.690143e-01	2.101048e-01	-5.791191e-01	3.946119e-01	-2.577772e-03	-8.899542e-04	-1.192334e-02	-6.851626e-03	-5.071717e-03
487           	4.473613e-01	2.209011e-01	2.264602e-01	-3.618635e-01	2.102580e-01	-5.721215e-01	3.911898e-01	-2.779554e-03	-6.085239e-04	-1.086636e-02	-6.041703e-03	-4.824655e-03
488           	4.471472e-01	2.205584e-01	2.265889e-01	-3.563435e-01	2.106843e-01	-5.670278e-01	3.888560e-01	-3.015251e-03	-4.958409e-04	-1.029602e-02	-5.643850e-03	-4.652168e-03
489           	4.478505e-01	2.210272e-01	2.268233e-01	-3.558726e-01	2.088355e-01	-5.647081e-01	3.867718e-01	-2.898086e-03	-7.452388e-04	-1.064573e-02	-6.068104e-03	-4.577626e-03
490           	4.495951e-01	2.221825e-01	2.274125e-01	-3.629096e-01	2.035740e-01	-5.664836e-01	3.850288e-01	-2.614985e-03	-1.162623e-03	-1.129152e-02	-6.808381e-03	-4.483135e-03
491           	4.516669e-01	2.234141e-01	2.282528e-01	-3.729279e-01	1.972350e-01	-5.701630e-01	3.836990e-01	-2.419392e-03	-1.713369e-03	-1.280629e-02	-8.116515e-03	-4.689778e-03
492           	4.540251e-01	2.246106e-01	2.294145e-01	-3.870699e-01	1.892387e-01	-5.763086e-01	3.827736e-01	-2.401986e-03	-2.069217e-03	-1.453564e-02	-9.337039e-03	-5.198605e-03
493           	4.560722e-01	2.255854e-01	2.304868e-01	-3.978213e-01	1.840465e-01	-5.818679e-01	3.829572e-01	-2.450698e-03	-2.289008e-03	-1.662375e-02	-1.060088e-02	-6.022867e-03
494           	4.578742e-01	2.264394e-01	2.314348e-01	-4.042108e-01	1.828934e-01	-5.871042e-01	3.849988e-01	-2.497722e-03	-2.304495e-03	-1.856761e-02	-1.158830e-02	-6.979308e-03
495           	4.589303e-01	2.272381e-01	2.316923e-01	-4.045960e-01	1.859491e-01	-5.905451e-01	3.882471e-01	-2.227111e-03	-2.308015e-03	-2.032539e-02	-1.247071e-02	-7.854682e-03
496           	4.592494e-01	2.279403e-01	2.313091e-01	-4.008803e-01	1.918510e-01	-5.927312e-01	3.922911e-01	-1.684407e-03	-2.217738e-03	-2.138507e-02	-1.291027e-02	-8.474796e-03
497           	4.585959e-01	2.285294e-01	2.300665e-01	-3.933875e-01	1.992991e-01	-5.926867e-01	3.959929e-01	-7.685937e-04	-2.050251e-03	-2.173623e-02	-1.291837e-02	-8.817863e-03
498           	4.572887e-01	2.289112e-01	2.283776e-01	-3.850486e-01	2.059656e-01	-5.910143e-01	3.984900e-01	2.668057e-04	-1.717678e-03	-2.113526e-02	-1.228531e-02	-8.849952e-03
499           	4.555053e-01	2.290626e-01	2.264427e-01	-3.774805e-01	2.103954e-01	-5.878759e-01	3.991356e-01	1.309963e-03	-1.341785e-03	-2.010128e-02	-1.139243e-02	-8.708856e-03
500           	4.537164e-01	2.287967e-01	2.249197e-01	-3.715562e-01	2.123342e-01	-5.838904e-01	3.981123e-01	1.938538e-03	-9.101506e-04	-1.886302e-02	-1.034166e-02	-8.521359e-03
501           	4.520505e-01	2.281830e-01	2.238676e-01	-3.656452e-01	2.134151e-01	-5.790602e-01	3.962377e-01	2.157687e-03	-5.413644e-04	-1.779762e-02	-9.440177e-03	-8.357448e-03
502           	4.508550e-01	2.273160e-01	2.235390e-01	-3.611008e-01	2.135258e-01	-5.746266e-01	3.940762e-01	1.888525e-03	-2.725917e-04	-1.710549e-02	-8.825335e-03	-8.280151e-03
503           	4.501606e-01	2.264440e-01	2.237165e-01	-3.585042e-01	2.127330e-01	-5.712372e-01	3.919851e-01	1.363754e-03	-2.135589e-04	-1.709389e-02	-8.760502e-03	-8.333384e-03
504           	4.502532e-01	2.259656e-01	2.242875e-01	-3.607915e-01	2.100252e-01	-5.708167e-01	3.904210e-01	8.390632e-04	-3.734450e-04	-1.752556e-02	-9.136226e-03	-8.389336e-03
505           	4.509342e-01	2.261265e-01	2.248077e-01	-3.701602e-01	2.036061e-01	-5.737663e-01	3.886862e-01	6.594248e-04	-8.316766e-04	-1.842536e-02	-1.004436e-02	-8.381003e-03
506           	4.524168e-01	2.266569e-01	2.257600e-01	-3.814643e-01	1.968437e-01	-5.783080e-01	3.875758e-01	4.484635e-04	-1.057774e-03	-1.900251e-02	-1.055903e-02	-8.443482e-03
507           	4.539943e-01	2.273136e-01	2.266808e-01	-3.974444e-01	1.872634e-01	-5.847078e-01	3.859856e-01	3.163968e-04	-1.352970e-03	-2.019883e-02	-1.145239e-02	-8.746447e-03
508           	4.559457e-01	2.281656e-01	2.277801e-01	-4.087307e-01	1.824906e-01	-5.912212e-01	3.868559e-01	1.927907e-04	-1.224463e-03	-2.094057e-02	-1.169475e-02	-9.245822e-03
509           	4.573419e-01	2.288530e-01	2.284890e-01	-4.185712e-01	1.794884e-01	-5.980596e-01	3.887740e-01	1.819897e-04	-1.134745e-03	-2.223200e-02	-1.225074e-02	-9.981253e-03
510           	4.585831e-01	2.294957e-01	2.290874e-01	-4.220599e-01	1.820025e-01	-6.040625e-01	3.930325e-01	2.041468e-04	-9.258062e-04	-2.281263e-02	-1.233212e-02	-1.048051e-02
511           	4.588885e-01	2.298451e-01	2.290434e-01	-4.190054e-01	1.886485e-01	-6.076539e-01	3.981512e-01	4.008476e-04	-8.849362e-04	-2.331355e-02	-1.254171e-02	-1.077184e-02
512           	4.586976e-01	2.298683e-01	2.288293e-01	-4.134484e-01	1.953778e-01	-6.088262e-01	4.021020e-01	5.194828e-04	-8.294170e-04	-2.302128e-02	-1.234006e-02	-1.068122e-02
513           	4.574591e-01	2.294890e-01	2.279701e-01	-4.030265e-01	2.031996e-01	-6.062261e-01	4.047129e-01	7.594578e-04	-7.497820e-04	-2.214230e-02	-1.182093e-02	-1.032137e-02
514           	4.554819e-01	2.287588e-01	2.267231e-01	-3.908684e-01	2.100212e-01	-6.008895e-01	4.054553e-01	1.017834e-03	-4.542061e-04	-2.065640e-02	-1.078241e-02	-9.873993e-03
515           	4.532074e-01	2.277331e-01	2.254743e-01	-3.826287e-01	2.123310e-01	-5.949597e-01	4.036453e-01	1.129367e-03	-1.051523e-05	-1.881920e-02	-9.420113e-03	-9.399082e-03
516           	4.508085e-01	2.265730e-01	2.242355e-01	-3.724749e-01	2.151324e-01	-5.876073e-01	4.013699e-01	1.168753e-03	6.800574e-04	-1.658402e-02	-7.611952e-03	-8.972067e-03
517           	4.487525e-01	2.255047e-01	2.232478e-01	-3.662104e-01	2.151695e-01	-5.813799e-01	3.982747e-01	1.128454e-03	1.396424e-03	-1.465346e-02	-5.930308e-03	-8.723156e-03
518           	4.473818e-01	2.246097e-01	2.227721e-01	-3.614529e-01	2.156780e-01	-5.771309e-01	3.964045e-01	9.187973e-04	2.007847e-03	-1.291939e-02	-4.451847e-03	-8.467542e-03
519           	4.469047e-01	2.242512e-01	2.226535e-01	-3.598513e-01	2.147483e-01	-5.745996e-01	3.946739e-01	7.988526e-04	2.345376e-03	-1.186924e-02	-3.589247e-03	-8.279998e-03
520           	4.474300e-01	2.245088e-01	2.229213e-01	-3.633746e-01	2.119326e-01	-5.753072e-01	3.936199e-01	7.937384e-04	2.318676e-03	-1.120456e-02	-3.283602e-03	-7.920953e-03
521           	4.487136e-01	2.251808e-01	2.235328e-01	-3.716028e-01	2.064388e-01	-5.780416e-01	3.922402e-01	8.239765e-04	1.937881e-03	-1.101337e-02	-3.568805e-03	-7.444567e-03
522           	4.504763e-01	2.258339e-01	2.246424e-01	-3.873800e-01	1.958595e-01	-5.832395e-01	3.895495e-01	5.957475e-04	1.462608e-03	-1.125909e-02	-4.166936e-03	-7.092152e-03
523           	4.523082e-01	2.262517e-01	2.260565e-01	-3.999836e-01	1.871430e-01	-5.871266e-01	3.871348e-01	9.758130e-05	1.136097e-03	-1.200252e-02	-4.865165e-03	-7.137358e-03
524           	4.539364e-01	2.265041e-01	2.274323e-01	-4.091444e-01	1.810279e-01	-5.901723e-01	3.856001e-01	-4.640931e-04	1.043752e-03	-1.309360e-02	-5.503051e-03	-7.590554e-03
525           	4.551307e-01	2.267035e-01	2.284272e-01	-4.125144e-01	1.796317e-01	-5.921461e-01	3.858889e-01	-8.618862e-04	1.049040e-03	-1.442208e-02	-6.161999e-03	-8.260080e-03
526           	4.558499e-01	2.269909e-01	2.288590e-01	-4.104348e-01	1.825931e-01	-5.930279e-01	3.878105e-01	-9.340738e-04	1.071348e-03	-1.568246e-02	-6.769881e-03	-8.912576e-03
527           	4.558331e-01	2.273346e-01	2.284986e-01	-4.033635e-01	1.885854e-01	-5.919489e-01	3.902672e-01	-5.820016e-04	1.055212e-03	-1.679954e-02	-7.344556e-03	-9.454980e-03
528           	4.551955e-01	2.276250e-01	2.275705e-01	-3.931007e-01	1.957550e-01	-5.888557e-01	3.923054e-01	2.725205e-05	1.053176e-03	-1.741740e-02	-7.655522e-03	-9.761874e-03
529           	4.540653e-01	2.278797e-01	2.261857e-01	-3.774230e-01	2.045687e-01	-5.819917e-01	3.932802e-01	8.470011e-04	1.075896e-03	-1.765433e-02	-7.751269e-03	-9.903061e-03
530           	4.525911e-01	2.277145e-01	2.248766e-01	-3.684964e-01	2.081394e-01	-5.766358e-01	3.923876e-01	1.418979e-03	1.080981e-03	-1.736553e-02	-7.601786e-03	-9.763748e-03
531           	4.512817e-01	2.272807e-01	2.240011e-01	-3.580861e-01	2.117458e-01	-5.698320e-01	3.907889e-01	1.639823e-03	1.101403e-03	-1.674835e-02	-7.272771e-03	-9.475577e-03
532           	4.500640e-01	2.263954e-01	2.236686e-01	-3.511064e-01	2.131574e-01	-5.642639e-01	3.887106e-01	1.363426e-03	1.158139e-03	-1.591523e-02	-6.799478e-03	-9.115756e-03
533           	4.493207e-01	2.254045e-01	2.239161e-01	-3.454692e-01	2.142282e-01	-5.596974e-01	3.869628e-01	7.441963e-04	1.060621e-03	-1.546334e-02	-6.671050e-03	-8.792292e-03
534           	4.493630e-01	2.246526e-01	2.247104e-01	-3.427598e-01	2.146635e-01	-5.574233e-01	3.860434e-01	-2.890584e-05	8.189833e-04	-1.554267e-02	-6.952353e-03	-8.590319e-03
535           	4.499808e-01	2.244373e-01	2.255436e-01	-3.448181e-01	2.130077e-01	-5.578258e-01	3.854167e-01	-5.531547e-04	3.719457e-04	-1.611791e-02	-7.687011e-03	-8.430903e-03
536           	4.516762e-01	2.250034e-01	2.266727e-01	-3.547269e-01	2.077501e-01	-5.624770e-01	3.851135e-01	-8.346692e-04	-2.746991e-04	-1.700254e-02	-8.775970e-03	-8.226572e-03
537           	4.533289e-01	2.256327e-01	2.276962e-01	-3.667106e-01	2.013643e-01	-5.680749e-01	3.847196e-01	-1.031709e-03	-7.541992e-04	-1.790710e-02	-9.707751e-03	-8.199352e-03
538           	4.552632e-01	2.264520e-01	2.288111e-01	-3.869665e-01	1.908728e-01	-5.778394e-01	3.843561e-01	-1.179551e-03	-1.057419e-03	-1.916410e-02	-1.063947e-02	-8.524630e-03
539           	4.567996e-01	2.270842e-01	2.297154e-01	-3.987478e-01	1.867727e-01	-5.855205e-01	3.861466e-01	-1.315577e-03	-1.020289e-03	-2.009979e-02	-1.107018e-02	-9.029606e-03
540           	4.581721e-01	2.276623e-01	2.305098e-01	-4.108189e-01	1.843044e-01	-5.951233e-01	3.897139e-01	-1.423762e-03	-8.030605e-04	-2.113578e-02	-1.137095e-02	-9.764828e-03
541           	4.589678e-01	2.280331e-01	2.309347e-01	-4.166621e-01	1.868136e-01	-6.034758e-01	3.951447e-01	-1.450808e-03	-5.803639e-04	-2.194395e-02	-1.155234e-02	-1.039161e-02
542           	4.591381e-01	2.281574e-01	2.309807e-01	-4.156965e-01	1.934376e-01	-6.091341e-01	4.012858e-01	-1.411660e-03	-3.455639e-04	-2.226615e-02	-1.147864e-02	-1.078751e-02
543           	4.585705e-01	2.279023e-01	2.306682e-01	-4.097303e-01	2.018600e-01	-6.115903e-01	4.067252e-01	-1.382947e-03	-1.291342e-04	-2.207827e-02	-1.116827e-02	-1.091000e-02
544           	4.573237e-01	2.273652e-01	2.299585e-01	-4.016877e-01	2.090476e-01	-6.107354e-01	4.098915e-01	-1.296620e-03	2.218195e-04	-2.118693e-02	-1.037164e-02	-1.081528e-02
545           	4.555115e-01	2.265689e-01	2.289425e-01	-3.931218e-01	2.138794e-01	-6.070012e-01	4.104403e-01	-1.186794e-03	6.918387e-04	-1.967139e-02	-9.143854e-03	-1.052753e-02
546           	4.534829e-01	2.256257e-01	2.278572e-01	-3.853987e-01	2.158843e-01	-6.012830e-01	4.085836e-01	-1.115735e-03	1.289640e-03	-1.770914e-02	-7.564928e-03	-1.014421e-02
547           	4.514282e-01	2.246070e-01	2.268212e-01	-3.780328e-01	2.162937e-01	-5.943265e-01	4.053101e-01	-1.107132e-03	1.859244e-03	-1.569867e-02	-5.990091e-03	-9.708579e-03
548           	4.497254e-01	2.238349e-01	2.258905e-01	-3.715254e-01	2.155613e-01	-5.870867e-01	4.013240e-01	-1.027786e-03	2.359822e-03	-1.381978e-02	-4.550068e-03	-9.269712e-03
549           	4.486617e-01	2.234296e-01	2.252321e-01	-3.660373e-01	2.146467e-01	-5.806840e-01	3.976654e-01	-9.012500e-04	2.636522e-03	-1.239286e-02	-3.559906e-03	-8.832951e-03
550           	4.485735e-01	2.237543e-01	2.248192e-01	-3.645473e-01	2.121945e-01	-5.767418e-01	3.944681e-01	-5.324443e-04	2.580290e-03	-1.137707e-02	-3.108243e-03	-8.268824e-03
551           	4.492687e-01	2.247474e-01	2.245213e-01	-3.682947e-01	2.075454e-01	-5.758401e-01	3.916927e-01	1.130759e-04	2.105754e-03	-1.120136e-02	-3.494925e-03	-7.706434e-03
552           	4.506312e-01	2.259347e-01	2.246965e-01	-3.797763e-01	1.987774e-01	-5.785537e-01	3.886656e-01	6.190952e-04	1.456852e-03	-1.115047e-02	-4.118383e-03	-7.032088e-03
553           	4.521173e-01	2.266522e-01	2.254651e-01	-3.898022e-01	1.917291e-01	-5.815312e-01	3.866302e-01	5.935343e-04	8.933517e-04	-1.199712e-02	-5.105208e-03	-6.891912e-03
554           	4.532705e-01	2.269152e-01	2.263553e-01	-4.034261e-01	1.826870e-01	-5.861131e-01	3.844000e-01	2.799383e-04	6.180136e-04	-1.354325e-02	-6.153610e-03	-7.389637e-03
555           	4.541032e-01	2.269125e-01	2.271908e-01	-4.094455e-01	1.800659e-01	-5.895115e-01	3.847887e-01	-1.391395e-04	5.233722e-04	-1.562667e-02	-7.289963e-03	-8.336707e-03
556           	4.543007e-01	2.267168e-01	2.275839e-01	-4.136843e-01	1.797438e-01	-5.934281e-01	3.865860e-01	-4.335474e-04	6.462550e-04	-1.786454e-02	-8.286017e-03	-9.578527e-03
557           	4.544287e-01	2.267880e-01	2.276406e-01	-4.127151e-01	1.840748e-01	-5.967899e-01	3.904323e-01	-4.262870e-04	6.250309e-04	-1.960153e-02	-9.175736e-03	-1.042580e-02
558           	4.540849e-01	2.269515e-01	2.271334e-01	-4.084250e-01	1.911355e-01	-5.995605e-01	3.953480e-01	-9.092186e-05	6.367681e-04	-2.087236e-02	-9.799414e-03	-1.107295e-02
559           	4.532089e-01	2.271438e-01	2.260650e-01	-4.021398e-01	1.984540e-01	-6.005937e-01	3.995239e-01	5.394004e-04	6.304629e-04	-2.147467e-02	-1.010687e-02	-1.136780e-02
560           	4.520018e-01	2.272873e-01	2.247144e-01	-3.956306e-01	2.041122e-01	-5.997428e-01	4.019275e-01	1.286455e-03	7.251624e-04	-2.134052e-02	-9.945097e-03	-1.139542e-02
561           	4.505376e-01	2.271389e-01	2.233987e-01	-3.887861e-01	2.074977e-01	-5.962838e-01	4.018908e-01	1.870110e-03	8.911393e-04	-2.055342e-02	-9.385573e-03	-1.116785e-02
562           	4.492048e-01	2.266400e-01	2.225648e-01	-3.810462e-01	2.093033e-01	-5.903495e-01	3.998264e-01	2.037639e-03	1.071322e-03	-1.940637e-02	-8.631861e-03	-1.077451e-02
563           	4.481717e-01	2.258555e-01	2.223162e-01	-3.716754e-01	2.108051e-01	-5.824805e-01	3.966428e-01	1.769660e-03	1.073393e-03	-1.837036e-02	-8.111789e-03	-1.025857e-02
564           	4.478156e-01	2.250837e-01	2.227320e-01	-3.625846e-01	2.120772e-01	-5.746617e-01	3.933694e-01	1.175850e-03	8.543201e-04	-1.770138e-02	-7.996369e-03	-9.705009e-03
565           	4.482223e-01	2.246379e-01	2.235844e-01	-3.550409e-01	2.132463e-01	-5.682872e-01	3.907667e-01	5.267110e-04	4.042820e-04	-1.768516e-02	-8.438296e-03	-9.246860e-03
566           	4.496904e-01	2.249034e-01	2.247870e-01	-3.515884e-01	2.132390e-01	-5.648274e-01	3.890332e-01	5.815658e-05	-2.859877e-04	-1.830176e-02	-9.436866e-03	-8.864891e-03
567           	4.514636e-01	2.256791e-01	2.257845e-01	-3.545278e-01	2.104205e-01	-5.649483e-01	3.876844e-01	-5.269186e-05	-8.852849e-04	-1.877240e-02	-1.027149e-02	-8.500916e-03
568           	4.539638e-01	2.269902e-01	2.269737e-01	-3.658768e-01	2.031275e-01	-5.690044e-01	3.860660e-01	8.239915e-06	-1.598015e-03	-1.967117e-02	-1.143360e-02	-8.237570e-03
569           	4.560493e-01	2.280764e-01	2.279729e-01	-3.768079e-01	1.968423e-01	-5.736502e-01	3.852463e-01	5.176276e-05	-1.941755e-03	-2.024718e-02	-1.206535e-02	-8.181836e-03
570           	4.579719e-01	2.291798e-01	2.287921e-01	-3.897806e-01	1.902243e-01	-5.800049e-01	3.851146e-01	1.938651e-04	-2.126578e-03	-2.103013e-02	-1.264164e-02	-8.388489e-03
571           	4.593838e-01	2.300068e-01	2.293769e-01	-3.986906e-01	1.874864e-01	-5.861770e-01	3.868317e-01	3.149369e-04	-2.135151e-03	-2.174396e-02	-1.300713e-02	-8.736830e-03
572           	4.602921e-01	2.305431e-01	2.297491e-01	-4.027009e-01	1.891072e-01	-5.918081e-01	3.904577e-01	3.970131e-04	-2.077314e-03	-2.221213e-02	-1.318338e-02	-9.028752e-03
573           	4.605528e-01	2.308201e-01	2.297328e-01	-4.020662e-01	1.944669e-01	-5.965331e-01	3.955000e-01	5.436447e-04	-2.043160e-03	-2.236596e-02	-1.322614e-02	-9.139820e-03
574           	4.600627e-01	2.307097e-01	2.293530e-01	-3.978949e-01	2.015346e-01	-5.994295e-01	4.004820e-01	6.783385e-04	-1.957734e-03	-2.209517e-02	-1.300532e-02	-9.089850e-03
575           	4.588122e-01	2.303164e-01	2.284958e-01	-3.921363e-01	2.080507e-01	-6.001870e-01	4.041189e-01	9.102850e-04	-1.817480e-03	-2.144922e-02	-1.254209e-02	-8.907129e-03
576           	4.569641e-01	2.295635e-01	2.274006e-01	-3.863800e-01	2.120469e-01	-5.984269e-01	4.052369e-01	1.081450e-03	-1.550169e-03	-2.039907e-02	-1.174971e-02	-8.649367e-03
577           	4.548160e-01	2.284941e-01	2.263220e-01	-3.805120e-01	2.134883e-01	-5.940003e-01	4.037443e-01	1.086071e-03	-1.254908e-03	-1.914734e-02	-1.082858e-02	-8.318760e-03
578           	4.528223e-01	2.272799e-01	2.255424e-01	-3.738663e-01	2.134992e-01	-5.873654e-01	4.004323e-01	8.687374e-04	-9.905203e-04	-1.775073e-02	-9.865886e-03	-7.884846e-03
579           	4.514138e-01	2.262462e-01	2.251676e-01	-3.668155e-01	2.129940e-01	-5.798095e-01	3.964018e-01	5.393439e-04	-8.872610e-04	-1.636580e-02	-9.070161e-03	-7.295639e-03
580           	4.505602e-01	2.256726e-01	2.248876e-01	-3.629687e-01	2.108090e-01	-5.737777e-01	3.922934e-01	3.924773e-04	-1.030468e-03	-1.593949e-02	-9.000211e-03	-6.939275e-03
581           	4.506993e-01	2.255739e-01	2.251254e-01	-3.610168e-01	2.079985e-01	-5.690153e-01	3.885069e-01	2.242480e-04	-1.417600e-03	-1.558846e-02	-9.211832e-03	-6.376632e-03
582           	4.515248e-01	2.261489e-01	2.253760e-01	-3.639487e-01	2.037281e-01	-5.676768e-01	3.857024e-01	3.864569e-04	-1.989413e-03	-1.589164e-02	-9.935234e-03	-5.956409e-03
583           	4.529716e-01	2.268356e-01	2.261359e-01	-3.735891e-01	1.959696e-01	-5.695586e-01	3.827641e-01	3.498397e-04	-2.735768e-03	-1.680310e-02	-1.113732e-02	-5.665780e-03
584           	4.545300e-01	2.273421e-01	2.271879e-01	-3.834333e-01	1.898385e-01	-5.732718e-01	3.815551e-01	7.710776e-05	-3.162232e-03	-1.794731e-02	-1.213589e-02	-5.811424e-03
585           	4.559275e-01	2.276586e-01	2.282689e-01	-3.967823e-01	1.824654e-01	-5.792478e-01	3.808566e-01	-3.051739e-04	-3.474932e-03	-1.967110e-02	-1.331048e-02	-6.360615e-03
586           	4.569628e-01	2.277880e-01	2.291748e-01	-4.066416e-01	1.787663e-01	-5.854079e-01	3.820871e-01	-6.933655e-04	-3.532122e-03	-2.147201e-02	-1.426813e-02	-7.203883e-03
587           	4.574496e-01	2.277894e-01	2.296602e-01	-4.102476e-01	1.802056e-01	-5.904532e-01	3.853294e-01	-9.354374e-04	-3.436129e-03	-2.315810e-02	-1.501518e-02	-8.142923e-03
588           	4.575837e-01	2.278734e-01	2.297103e-01	-4.085675e-01	1.859137e-01	-5.944812e-01	3.901975e-01	-9.184326e-04	-3.248225e-03	-2.444368e-02	-1.547007e-02	-8.973615e-03
589           	4.571949e-01	2.278758e-01	2.293191e-01	-4.029561e-01	1.938007e-01	-5.967568e-01	3.952788e-01	-7.216444e-04	-2.974547e-03	-2.510212e-02	-1.552561e-02	-9.576513e-03
590           	4.565099e-01	2.279845e-01	2.285254e-01	-3.959368e-01	2.019429e-01	-5.978797e-01	3.999113e-01	-2.704508e-04	-2.586935e-03	-2.517495e-02	-1.517441e-02	-1.000054e-02
591           	4.555220e-01	2.278848e-01	2.276372e-01	-3.908274e-01	2.067440e-01	-5.975714e-01	4.021577e-01	1.237888e-04	-2.070116e-03	-2.438071e-02	-1.426047e-02	-1.012024e-02
592           	4.544970e-01	2.277800e-01	2.267170e-01	-3.834217e-01	2.114621e-01	-5.948838e-01	4.031730e-01	5.315344e-04	-1.393486e-03	-2.328922e-02	-1.303810e-02	-1.025112e-02
593           	4.536634e-01	2.274471e-01	2.262163e-01	-3.754595e-01	2.144470e-01	-5.899065e-01	4.021767e-01	6.153653e-04	-6.959094e-04	-2.202600e-02	-1.170891e-02	-1.031709e-02
594           	4.533125e-01	2.270040e-01	2.263085e-01	-3.681448e-01	2.157143e-01	-5.838591e-01	3.997867e-01	3.477146e-04	-1.109681e-04	-2.072873e-02	-1.047533e-02	-1.025340e-02
595           	4.533130e-01	2.265012e-01	2.268118e-01	-3.613440e-01	2.160358e-01	-5.773798e-01	3.967078e-01	-1.553210e-04	2.988717e-04	-1.965845e-02	-9.530351e-03	-1.012809e-02
596           	4.542970e-01	2.264605e-01	2.278365e-01	-3.568426e-01	2.157812e-01	-5.726238e-01	3.942025e-01	-6.880376e-04	4.837368e-04	-1.881766e-02	-8.925094e-03	-9.892567e-03
597           	4.552340e-01	2.267324e-01	2.285016e-01	-3.571469e-01	2.126444e-01	-5.697913e-01	3.912178e-01	-8.846434e-04	3.334917e-04	-1.842028e-02	-8.876650e-03	-9.543633e-03
598           	4.572171e-01	2.277700e-01	2.294470e-01	-3.660472e-01	2.052262e-01	-5.712734e-01	3.882498e-01	-8.385047e-04	-5.410227e-05	-1.784566e-02	-8.976934e-03	-8.868730e-03
599           	4.587476e-01	2.286042e-01	2.301434e-01	-3.753051e-01	1.981159e-01	-5.734210e-01	3.857685e-01	-7.696078e-04	-4.626142e-04	-1.773688e-02	-9.331057e-03	-8.405828e-03
600           	4.603357e-01	2.294857e-01	2.308501e-01	-3.933040e-01	1.860729e-01	-5.793769e-01	3.827249e-01	-6.822119e-04	-6.793370e-04	-1.798146e-02	-9.670066e-03	-8.311392e-03
601           	4.612043e-01	2.300379e-01	2.311664e-01	-4.016371e-01	1.811418e-01	-5.827789e-01	3.819604e-01	-5.642698e-04	-6.413563e-04	-1.864912e-02	-9.965918e-03	-8.683206e-03
602           	4.612331e-01	2.302087e-01	2.310244e-01	-4.099402e-01	1.774054e-01	-5.873456e-01	3.823755e-01	-4.078195e-04	-4.585543e-04	-1.958962e-02	-1.025336e-02	-9.336256e-03
603           	4.610106e-01	2.302526e-01	2.307580e-01	-4.094712e-01	1.805308e-01	-5.900021e-01	3.852665e-01	-2.526965e-04	-2.934250e-04	-2.015164e-02	-1.036924e-02	-9.782394e-03
604           	4.598651e-01	2.298746e-01	2.299905e-01	-4.034145e-01	1.883523e-01	-5.917668e-01	3.900596e-01	-5.793938e-05	-1.564336e-04	-2.026183e-02	-1.028735e-02	-9.974481e-03
605           	4.586326e-01	2.293537e-01	2.292789e-01	-3.975142e-01	1.954642e-01	-5.929784e-01	3.942213e-01	3.738545e-05	-7.199472e-05	-1.967467e-02	-9.909329e-03	-9.765340e-03
606           	4.565592e-01	2.284675e-01	2.280917e-01	-3.888100e-01	2.038260e-01	-5.926360e-01	3.982310e-01	1.879014e-04	1.035297e-04	-1.841178e-02	-9.102358e-03	-9.309418e-03
607           	4.543401e-01	2.273224e-01	2.270177e-01	-3.832119e-01	2.076303e-01	-5.908421e-01	3.992362e-01	1.523434e-04	3.685880e-04	-1.677736e-02	-8.020094e-03	-8.757270e-03
608           	4.520538e-01	2.259181e-01	2.261357e-01	-3.780162e-01	2.092875e-01	-5.873038e-01	3.982957e-01	-1.087892e-04	7.344778e-04	-1.498918e-02	-6.760114e-03	-8.229069e-03
609           	4.498344e-01	2.244304e-01	2.254040e-01	-3.721685e-01	2.095497e-01	-5.817182e-01	3.956340e-01	-4.868261e-04	1.110367e-03	-1.352492e-02	-5.652093e-03	-7.872828e-03
610           	4.480920e-01	2.231009e-01	2.249911e-01	-3.655154e-01	2.102992e-01	-5.758146e-01	3.930569e-01	-9.450888e-04	1.393203e-03	-1.239969e-02	-4.806641e-03	-7.593048e-03
611           	4.471949e-01	2.224723e-01	2.247226e-01	-3.603488e-01	2.100279e-01	-5.703767e-01	3.902023e-01	-1.125171e-03	1.525907e-03	-1.213354e-02	-4.540862e-03	-7.592677e-03
612           	4.472337e-01	2.226197e-01	2.246140e-01	-3.585860e-01	2.086867e-01	-5.672728e-01	3.879797e-01	-9.971700e-04	1.347179e-03	-1.232917e-02	-4.817408e-03	-7.511765e-03
613           	4.478022e-01	2.234049e-01	2.243973e-01	-3.615267e-01	2.045446e-01	-5.660713e-01	3.853080e-01	-4.961565e-04	9.014407e-04	-1.292989e-02	-5.563505e-03	-7.366387e-03
614           	4.489971e-01	2.243710e-01	2.246261e-01	-3.693780e-01	1.982261e-01	-5.676041e-01	3.829151e-01	-1.275773e-04	3.473776e-04	-1.380326e-02	-6.554252e-03	-7.249007e-03
615           	4.503233e-01	2.251722e-01	2.251511e-01	-3.778472e-01	1.921142e-01	-5.699614e-01	3.810378e-01	1.057466e-05	-1.151628e-04	-1.499215e-02	-7.611237e-03	-7.380911e-03
616           	4.515910e-01	2.257255e-01	2.258655e-01	-3.899844e-01	1.847758e-01	-5.747602e-01	3.797680e-01	-6.996538e-05	-4.337268e-04	-1.634986e-02	-8.608657e-03	-7.741204e-03
617           	4.526497e-01	2.261029e-01	2.265468e-01	-3.944637e-01	1.836739e-01	-5.781376e-01	3.809057e-01	-2.219225e-04	-6.792250e-04	-1.798797e-02	-9.673210e-03	-8.314760e-03
618           	4.533888e-01	2.263943e-01	2.269946e-01	-3.975187e-01	1.849600e-01	-5.824788e-01	3.837194e-01	-3.001397e-04	-8.834806e-04	-1.945803e-02	-1.061250e-02	-8.845534e-03
619           	4.535998e-01	2.266713e-01	2.269285e-01	-3.960114e-01	1.899863e-01	-5.859977e-01	3.879920e-01	-1.285996e-04	-1.104702e-03	-2.068970e-02	-1.144955e-02	-9.240150e-03
620           	4.534880e-01	2.270898e-01	2.263982e-01	-3.917515e-01	1.971765e-01	-5.889281e-01	3.930523e-01	3.458147e-04	-1.322776e-03	-2.167601e-02	-1.216078e-02	-9.515231e-03
621           	4.528647e-01	2.275123e-01	2.253525e-01	-3.861876e-01	2.044067e-01	-5.905943e-01	3.975005e-01	1.079908e-03	-1.454577e-03	-2.231956e-02	-1.261436e-02	-9.705202e-03
622           	4.520145e-01	2.278986e-01	2.241160e-01	-3.814401e-01	2.099596e-01	-5.913997e-01	4.006796e-01	1.891312e-03	-1.448832e-03	-2.255205e-02	-1.272486e-02	-9.827193e-03
623           	4.507800e-01	2.278809e-01	2.228990e-01	-3.761378e-01	2.135981e-01	-5.897359e-01	4.016670e-01	2.490947e-03	-1.280883e-03	-2.234761e-02	-1.245469e-02	-9.892922e-03
624           	4.496445e-01	2.275694e-01	2.220751e-01	-3.700195e-01	2.157618e-01	-5.857813e-01	4.007715e-01	2.747138e-03	-1.089954e-03	-2.192877e-02	-1.205434e-02	-9.874429e-03
625           	4.487780e-01	2.269969e-01	2.217811e-01	-3.628578e-01	2.171062e-01	-5.799639e-01	3.985351e-01	2.607914e-03	-9.447614e-04	-2.143075e-02	-1.166014e-02	-9.770614e-03
626           	4.487631e-01	2.265725e-01	2.221906e-01	-3.563962e-01	2.174840e-01	-5.738802e-01	3.956821e-01	2.190963e-03	-9.663897e-04	-2.096680e-02	-1.144979e-02	-9.517013e-03
627           	4.497281e-01	2.265437e-01	2.231844e-01	-3.523064e-01	2.161811e-01	-5.684875e-01	3.923343e-01	1.679617e-03	-1.162115e-03	-2.045412e-02	-1.138918e-02	-9.064947e-03
628           	4.511557e-01	2.270209e-01	2.241348e-01	-3.550753e-01	2.111304e-01	-5.662056e-01	3.886680e-01	1.443018e-03	-1.659292e-03	-2.029606e-02	-1.180732e-02	-8.488739e-03
629           	4.528738e-01	2.275730e-01	2.253008e-01	-3.620493e-01	2.040287e-01	-5.660780e-01	3.850534e-01	1.136064e-03	-2.215868e-03	-2.029096e-02	-1.236135e-02	-7.929614e-03
630           	4.545612e-01	2.280349e-01	2.265264e-01	-3.719273e-01	1.964086e-01	-5.683359e-01	3.823722e-01	7.542666e-04	-2.619387e-03	-2.060891e-02	-1.292384e-02	-7.685068e-03
631           	4.562624e-01	2.285479e-01	2.277145e-01	-3.855162e-01	1.872875e-01	-5.728037e-01	3.800456e-01	4.166752e-04	-2.806479e-03	-2.112615e-02	-1.336955e-02	-7.756594e-03
632           	4.570891e-01	2.287715e-01	2.283176e-01	-3.912519e-01	1.849136e-01	-5.761655e-01	3.805396e-01	2.269161e-04	-2.744876e-03	-2.166830e-02	-1.357903e-02	-8.089277e-03
633           	4.574614e-01	2.289824e-01	2.284790e-01	-3.946052e-01	1.851578e-01	-5.797631e-01	3.824604e-01	2.516889e-04	-2.589125e-03	-2.218048e-02	-1.367936e-02	-8.501112e-03
634           	4.572723e-01	2.291328e-01	2.281395e-01	-3.934684e-01	1.895932e-01	-5.830617e-01	3.863274e-01	4.966671e-04	-2.360770e-03	-2.231732e-02	-1.351943e-02	-8.797888e-03
635           	4.562760e-01	2.290199e-01	2.272561e-01	-3.864751e-01	1.981034e-01	-5.845786e-01	3.913410e-01	8.818844e-04	-2.210100e-03	-2.223050e-02	-1.332535e-02	-8.905152e-03
636           	4.552646e-01	2.286754e-01	2.265892e-01	-3.822881e-01	2.038158e-01	-5.861039e-01	3.949599e-01	1.043078e-03	-2.001172e-03	-2.145457e-02	-1.272846e-02	-8.726115e-03
637           	4.535167e-01	2.278673e-01	2.256494e-01	-3.768973e-01	2.091239e-01	-5.860212e-01	3.975725e-01	1.108955e-03	-1.899404e-03	-2.063849e-02	-1.221865e-02	-8.419843e-03
638           	4.520138e-01	2.267388e-01	2.252751e-01	-3.753998e-01	2.098499e-01	-5.852497e-01	3.975498e-01	7.318491e-04	-1.675238e-03	-1.939952e-02	-1.137500e-02	-8.024522e-03
639           	4.499927e-01	2.250678e-01	2.249249e-01	-3.717723e-01	2.100535e-01	-5.818257e-01	3.959396e-01	7.141724e-05	-1.424101e-03	-1.820694e-02	-1.052757e-02	-7.679367e-03
640           	4.484303e-01	2.234680e-01	2.249624e-01	-3.675497e-01	2.098152e-01	-5.773649e-01	3.935900e-01	-7.472165e-04	-1.101964e-03	-1.713234e-02	-9.668135e-03	-7.464207e-03
641           	4.475009e-01	2.223071e-01	2.251937e-01	-3.623159e-01	2.098850e-01	-5.722009e-01	3.910429e-01	-1.443303e-03	-8.830232e-04	-1.644917e-02	-9.107607e-03	-7.341560e-03
642           	4.476553e-01	2.219548e-01	2.257005e-01	-3.569076e-01	2.106975e-01	-5.676050e-01	3.891513e-01	-1.872835e-03	-7.747782e-04	-1.612626e-02	-8.837909e-03	-7.288353e-03
643           	4.485310e-01	2.226331e-01	2.258979e-01	-3.549447e-01	2.096878e-01	-5.646326e-01	3.871602e-01	-1.632367e-03	-8.680628e-04	-1.633078e-02	-9.033452e-03	-7.297326e-03
644           	4.502572e-01	2.241747e-01	2.260824e-01	-3.567994e-01	2.065852e-01	-5.633846e-01	3.849849e-01	-9.538525e-04	-1.234550e-03	-1.661677e-02	-9.542938e-03	-7.073837e-03
645           	4.518575e-01	2.256003e-01	2.262572e-01	-3.617515e-01	2.019446e-01	-5.636961e-01	3.828204e-01	-3.284357e-04	-1.642605e-03	-1.708480e-02	-1.018501e-02	-6.899796e-03
646           	4.537731e-01	2.269128e-01	2.268603e-01	-3.724067e-01	1.941078e-01	-5.665145e-01	3.803112e-01	2.622508e-05	-2.034198e-03	-1.773968e-02	-1.090404e-02	-6.835642e-03
647           	4.549830e-01	2.275416e-01	2.274414e-01	-3.785718e-01	1.901179e-01	-5.686897e-01	3.794038e-01	5.009830e-05	-2.247666e-03	-1.852204e-02	-1.150869e-02	-7.013355e-03
648           	4.560808e-01	2.279420e-01	2.281388e-01	-3.850649e-01	1.869624e-01	-5.720272e-01	3.794948e-01	-9.839409e-05	-2.324147e-03	-1.951898e-02	-1.208364e-02	-7.435341e-03
649           	4.564447e-01	2.278932e-01	2.285515e-01	-3.856227e-01	1.885750e-01	-5.741977e-01	3.813864e-01	-3.291594e-04	-2.326460e-03	-2.017199e-02	-1.241246e-02	-7.759536e-03
650           	4.565599e-01	2.279307e-01	2.286292e-01	-3.839806e-01	1.926837e-01	-5.766643e-01	3.846740e-01	-3.492411e-04	-2.264014e-03	-2.059833e-02	-1.256318e-02	-8.035152e-03
651           	4.559954e-01	2.278222e-01	2.281732e-01	-3.795098e-01	1.983338e-01	-5.778436e-01	3.880887e-01	-1.754970e-04	-2.218470e-03	-2.065178e-02	-1.254436e-02	-8.107422e-03
652           	4.550428e-01	2.277454e-01	2.272974e-01	-3.748424e-01	2.039266e-01	-5.787690e-01	3.913478e-01	2.240042e-04	-2.029796e-03	-2.016997e-02	-1.211478e-02	-8.055190e-03
653           	4.535058e-01	2.273998e-01	2.261060e-01	-3.703376e-01	2.078020e-01	-5.781396e-01	3.929708e-01	6.468711e-04	-1.766910e-03	-1.928986e-02	-1.141184e-02	-7.878022e-03
654           	4.517850e-01	2.267701e-01	2.250148e-01	-3.663127e-01	2.098214e-01	-5.761342e-01	3.929778e-01	8.776355e-04	-1.348447e-03	-1.818877e-02	-1.044283e-02	-7.745939e-03
655           	4.501104e-01	2.258680e-01	2.242424e-01	-3.611968e-01	2.107818e-01	-5.719786e-01	3.913802e-01	8.127738e-04	-1.013667e-03	-1.724470e-02	-9.636016e-03	-7.608683e-03
656           	4.490433e-01	2.249765e-01	2.240669e-01	-3.559893e-01	2.109583e-01	-5.669476e-01	3.889530e-01	4.548117e-04	-7.954763e-04	-1.658375e-02	-9.087350e-03	-7.496398e-03
657           	4.487164e-01	2.242819e-01	2.244345e-01	-3.511213e-01	2.105071e-01	-5.616284e-01	3.860678e-01	-7.625641e-05	-8.528763e-04	-1.650133e-02	-9.103542e-03	-7.397789e-03
658           	4.493594e-01	2.240539e-01	2.253055e-01	-3.488648e-01	2.088616e-01	-5.577264e-01	3.832940e-01	-6.258243e-04	-1.100472e-03	-1.689877e-02	-9.549857e-03	-7.348913e-03
659           	4.504435e-01	2.243746e-01	2.260689e-01	-3.503806e-01	2.053541e-01	-5.557347e-01	3.805444e-01	-8.471509e-04	-1.482859e-03	-1.772320e-02	-1.034446e-02	-7.378740e-03
660           	4.522945e-01	2.250510e-01	2.272435e-01	-3.586131e-01	1.985427e-01	-5.571558e-01	3.778493e-01	-1.096234e-03	-1.886718e-03	-1.880567e-02	-1.128955e-02	-7.516115e-03
661           	4.540997e-01	2.257398e-01	2.283598e-01	-3.673713e-01	1.927870e-01	-5.601582e-01	3.764726e-01	-1.310000e-03	-2.084200e-03	-1.991082e-02	-1.203961e-02	-7.871208e-03
662           	4.561135e-01	2.266939e-01	2.294196e-01	-3.809526e-01	1.849544e-01	-5.659070e-01	3.754307e-01	-1.362831e-03	-2.146639e-03	-2.120824e-02	-1.275076e-02	-8.457480e-03
663           	4.574397e-01	2.274528e-01	2.299869e-01	-3.871535e-01	1.833067e-01	-5.704602e-01	3.768834e-01	-1.267091e-03	-2.045875e-03	-2.208658e-02	-1.308916e-02	-8.997413e-03
664           	4.583545e-01	2.282813e-01	2.300731e-01	-3.918025e-01	1.837450e-01	-5.755475e-01	3.796462e-01	-8.958991e-04	-1.883727e-03	-2.287979e-02	-1.332362e-02	-9.556169e-03
665           	4.584307e-01	2.288066e-01	2.296241e-01	-3.913429e-01	1.881139e-01	-5.794567e-01	3.837853e-01	-4.087574e-04	-1.829904e-03	-2.324842e-02	-1.345411e-02	-9.794304e-03
666           	4.578149e-01	2.289986e-01	2.288163e-01	-3.857116e-01	1.957109e-01	-5.814225e-01	3.885667e-01	9.110865e-05	-1.759234e-03	-2.300385e-02	-1.326116e-02	-9.742691e-03
667           	4.568046e-01	2.286807e-01	2.281239e-01	-3.811306e-01	2.014561e-01	-5.825866e-01	3.920214e-01	2.783711e-04	-1.803920e-03	-2.212382e-02	-1.286583e-02	-9.257988e-03
668           	4.555345e-01	2.280419e-01	2.274926e-01	-3.741117e-01	2.081293e-01	-5.822409e-01	3.951851e-01	2.746761e-04	-1.742463e-03	-2.057266e-02	-1.202879e-02	-8.543867e-03
669           	4.541674e-01	2.269494e-01	2.272180e-01	-3.696054e-01	2.111530e-01	-5.807584e-01	3.959557e-01	-1.342707e-04	-1.801956e-03	-1.917699e-02	-1.139045e-02	-7.786538e-03
670           	4.530368e-01	2.256304e-01	2.274064e-01	-3.623908e-01	2.147239e-01	-5.771147e-01	3.959193e-01	-8.880231e-04	-1.613554e-03	-1.750861e-02	-1.036786e-02	-7.140751e-03
671           	4.521927e-01	2.244470e-01	2.277457e-01	-3.574740e-01	2.157607e-01	-5.732347e-01	3.944977e-01	-1.649329e-03	-1.607194e-03	-1.672829e-02	-9.971337e-03	-6.756950e-03
672           	4.521902e-01	2.237437e-01	2.284465e-01	-3.520497e-01	2.170238e-01	-5.690735e-01	3.930486e-01	-2.351415e-03	-1.490265e-03	-1.603490e-02	-9.507713e-03	-6.527183e-03
673           	4.527686e-01	2.238411e-01	2.289275e-01	-3.495519e-01	2.165666e-01	-5.661184e-01	3.913425e-01	-2.543161e-03	-1.609298e-03	-1.609446e-02	-9.656528e-03	-6.437932e-03
674           	4.542989e-01	2.249346e-01	2.293643e-01	-3.515292e-01	2.134333e-01	-5.649625e-01	3.891979e-01	-2.214840e-03	-1.820381e-03	-1.594131e-02	-9.791034e-03	-6.150272e-03
675           	4.560436e-01	2.264089e-01	2.296347e-01	-3.564135e-01	2.091629e-01	-5.655764e-01	3.873697e-01	-1.612913e-03	-2.231972e-03	-1.585354e-02	-1.015874e-02	-5.694798e-03
676           	4.581502e-01	2.281322e-01	2.300180e-01	-3.661155e-01	2.023102e-01	-5.684257e-01	3.853679e-01	-9.428809e-04	-2.646555e-03	-1.596975e-02	-1.063143e-02	-5.338318e-03
677           	4.600129e-01	2.294198e-01	2.305931e-01	-3.777901e-01	1.952300e-01	-5.730202e-01	3.841251e-01	-5.866059e-04	-2.923205e-03	-1.670976e-02	-1.127809e-02	-5.431676e-03
678           	4.612551e-01	2.300898e-01	2.311653e-01	-3.885257e-01	1.893484e-01	-5.778741e-01	3.836113e-01	-5.377214e-04	-2.890727e-03	-1.811057e-02	-1.194601e-02	-6.164560e-03
679           	4.614103e-01	2.301027e-01	2.313075e-01	-3.974740e-01	1.853884e-01	-5.828624e-01	3.841254e-01	-6.023956e-04	-2.676365e-03	-2.008229e-02	-1.271751e-02	-7.364778e-03
680           	4.609717e-01	2.298256e-01	2.311460e-01	-3.989728e-01	1.867057e-01	-5.856785e-01	3.861921e-01	-6.602036e-04	-2.361594e-03	-2.152427e-02	-1.312373e-02	-8.400542e-03
681           	4.598050e-01	2.293262e-01	2.304788e-01	-3.970784e-01	1.909115e-01	-5.879899e-01	3.894507e-01	-5.762953e-04	-2.066666e-03	-2.247773e-02	-1.330553e-02	-9.172198e-03
682           	4.581738e-01	2.287857e-01	2.293882e-01	-3.921516e-01	1.969112e-01	-5.890628e-01	3.929870e-01	-3.012510e-04	-1.688731e-03	-2.254909e-02	-1.296328e-02	-9.585816e-03
683           	4.566889e-01	2.283942e-01	2.282948e-01	-3.880933e-01	2.019596e-01	-5.900529e-01	3.960063e-01	4.969075e-05	-1.342392e-03	-2.178852e-02	-1.223665e-02	-9.551866e-03
684           	4.546443e-01	2.277781e-01	2.268661e-01	-3.815895e-01	2.076472e-01	-5.892367e-01	3.984419e-01	4.559914e-04	-7.245176e-04	-2.011283e-02	-1.078093e-02	-9.331900e-03
685           	4.527470e-01	2.269737e-01	2.257733e-01	-3.774216e-01	2.097700e-01	-5.871916e-01	3.984808e-01	6.002293e-04	-1.429256e-04	-1.832469e-02	-9.305269e-03	-9.019418e-03
686           	4.505876e-01	2.256252e-01	2.249624e-01	-3.703327e-01	2.124955e-01	-5.828282e-01	3.976619e-01	3.313755e-04	5.865615e-04	-1.604648e-02	-7.436679e-03	-8.609802e-03
687           	4.492156e-01	2.246496e-01	2.245660e-01	-3.657352e-01	2.128363e-01	-5.785715e-01	3.957039e-01	4.182352e-05	1.098619e-03	-1.456705e-02	-6.184904e-03	-8.382141e-03
688           	4.483750e-01	2.237212e-01	2.246537e-01	-3.594925e-01	2.141172e-01	-5.736096e-01	3.938634e-01	-4.662626e-04	1.436283e-03	-1.339702e-02	-5.262228e-03	-8.134794e-03
689           	4.487613e-01	2.237478e-01	2.250135e-01	-3.585253e-01	2.127102e-01	-5.712355e-01	3.919729e-01	-6.328739e-04	1.524513e-03	-1.299780e-02	-4.974389e-03	-8.023415e-03
690           	4.500164e-01	2.243717e-01	2.256446e-01	-3.631415e-01	2.079681e-01	-5.711096e-01	3.895389e-01	-6.364380e-04	1.271169e-03	-1.285167e-02	-5.154665e-03	-7.697003e-03
691           	4.518533e-01	2.252674e-01	2.265858e-01	-3.707056e-01	2.028579e-01	-5.735635e-01	3.882107e-01	-6.592050e-04	9.241334e-04	-1.311324e-02	-5.632488e-03	-7.480755e-03
692           	4.540389e-01	2.261328e-01	2.279060e-01	-3.858552e-01	1.936305e-01	-5.794857e-01	3.865581e-01	-8.865876e-04	5.945078e-04	-1.374066e-02	-6.275823e-03	-7.464839e-03
693           	4.559369e-01	2.268469e-01	2.290899e-01	-3.965555e-01	1.890875e-01	-5.856430e-01	3.873653e-01	-1.121487e-03	4.831179e-04	-1.488725e-02	-6.960506e-03	-7.926742e-03
694           	4.575206e-01	2.274934e-01	2.300271e-01	-4.073954e-01	1.849788e-01	-5.923742e-01	3.886765e-01	-1.266863e-03	6.438639e-04	-1.612335e-02	-7.417812e-03	-8.705539e-03
695           	4.585279e-01	2.280771e-01	2.304508e-01	-4.102312e-01	1.871415e-01	-5.973727e-01	3.922571e-01	-1.186861e-03	7.191201e-04	-1.755016e-02	-8.055961e-03	-9.494202e-03
696           	4.587571e-01	2.286077e-01	2.301494e-01	-4.070587e-01	1.924813e-01	-5.995400e-01	3.960107e-01	-7.708166e-04	8.625235e-04	-1.859831e-02	-8.436632e-03	-1.016168e-02
697           	4.582741e-01	2.289056e-01	2.293685e-01	-4.021602e-01	1.983164e-01	-6.004767e-01	3.993965e-01	-2.314291e-04	7.152455e-04	-1.938533e-02	-8.977421e-03	-1.040791e-02
698           	4.571196e-01	2.289744e-01	2.281452e-01	-3.936601e-01	2.049866e-01	-5.986467e-01	4.018167e-01	4.146141e-04	5.454930e-04	-1.967890e-02	-9.293956e-03	-1.038494e-02
699           	4.554273e-01	2.286664e-01	2.267609e-01	-3.836904e-01	2.113631e-01	-5.950535e-01	4.032083e-01	9.527740e-04	3.513657e-04	-1.961679e-02	-9.457027e-03	-1.015976e-02
700           	4.535825e-01	2.277599e-01	2.258226e-01	-3.774318e-01	2.132625e-01	-5.906943e-01	4.019784e-01	9.686674e-04	1.941156e-04	-1.899361e-02	-9.302691e-03	-9.690922e-03
701           	4.518507e-01	2.264601e-01	2.253906e-01	-3.691878e-01	2.155467e-01	-5.847345e-01	4.001406e-01	5.347798e-04	6.321537e-05	-1.802393e-02	-8.948748e-03	-9.075179e-03
702           	4.505913e-01	2.250897e-01	2.255016e-01	-3.613722e-01	2.161054e-01	-5.774776e-01	3.967915e-01	-2.059361e-04	-2.614905e-05	-1.691504e-02	-8.483667e-03	-8.431369e-03
703           	4.501707e-01	2.242010e-01	2.259697e-01	-3.546623e-01	2.164059e-01	-5.710683e-01	3.937371e-01	-8.843863e-04	-2.548638e-04	-1.615876e-02	-8.334241e-03	-7.824514e-03
704           	4.503804e-01	2.240118e-01	2.263686e-01	-3.525519e-01	2.133357e-01	-5.658875e-01	3.896116e-01	-1.178391e-03	-5.052632e-04	-1.532700e-02	-8.168765e-03	-7.158239e-03
705           	4.513471e-01	2.247071e-01	2.266399e-01	-3.557610e-01	2.075592e-01	-5.633201e-01	3.854397e-01	-9.663876e-04	-1.207642e-03	-1.527881e-02	-8.847050e-03	-6.431765e-03
706           	4.525687e-01	2.255913e-01	2.269774e-01	-3.608613e-01	2.012779e-01	-5.621392e-01	3.817085e-01	-6.930169e-04	-1.823499e-03	-1.537453e-02	-9.510762e-03	-5.863763e-03
707           	4.540135e-01	2.264803e-01	2.275332e-01	-3.690493e-01	1.946265e-01	-5.636759e-01	3.791512e-01	-5.264702e-04	-2.380561e-03	-1.624457e-02	-1.050285e-02	-5.741724e-03
708           	4.551542e-01	2.269668e-01	2.281874e-01	-3.754579e-01	1.898500e-01	-5.653079e-01	3.775790e-01	-6.103372e-04	-2.680504e-03	-1.756956e-02	-1.146528e-02	-6.104276e-03
709           	4.558922e-01	2.272473e-01	2.286449e-01	-3.841817e-01	1.849059e-01	-5.690876e-01	3.769968e-01	-6.987803e-04	-2.898870e-03	-1.984762e-02	-1.282268e-02	-7.024941e-03
710           	4.561396e-01	2.272200e-01	2.289196e-01	-3.861612e-01	1.848589e-01	-5.710201e-01	3.779395e-01	-8.498109e-04	-2.870994e-03	-2.132801e-02	-1.353500e-02	-7.793009e-03
711           	4.560311e-01	2.272922e-01	2.287388e-01	-3.870419e-01	1.871796e-01	-5.742215e-01	3.807006e-01	-7.233138e-04	-2.856236e-03	-2.267169e-02	-1.419208e-02	-8.479608e-03
712           	4.551780e-01	2.271418e-01	2.280363e-01	-3.831155e-01	1.925167e-01	-5.756321e-01	3.840744e-01	-4.472419e-04	-2.818194e-03	-2.336103e-02	-1.449871e-02	-8.862322e-03
713           	4.542690e-01	2.269276e-01	2.273414e-01	-3.805491e-01	1.974303e-01	-5.779794e-01	3.877049e-01	-2.069421e-04	-2.811761e-03	-2.330616e-02	-1.446484e-02	-8.841317e-03
714           	4.528904e-01	2.265696e-01	2.263208e-01	-3.755094e-01	2.032338e-01	-5.787432e-01	3.909885e-01	1.243754e-04	-2.657283e-03	-2.248667e-02	-1.390062e-02	-8.586054e-03
715           	4.515696e-01	2.260152e-01	2.255544e-01	-3.741207e-01	2.053047e-01	-5.794254e-01	3.923651e-01	2.303774e-04	-2.551040e-03	-2.154455e-02	-1.332331e-02	-8.221234e-03
716           	4.500105e-01	2.250789e-01	2.249316e-01	-3.701089e-01	2.068634e-01	-5.769724e-01	3.919179e-01	7.366105e-05	-2.225196e-03	-2.012291e-02	-1.228665e-02	-7.836257e-03
717           	4.489582e-01	2.241307e-01	2.248275e-01	-3.653406e-01	2.084267e-01	-5.737674e-01	3.910970e-01	-3.483852e-04	-1.760707e-03	-1.874367e-02	-1.113254e-02	-7.611129e-03
718           	4.483323e-01	2.232857e-01	2.250466e-01	-3.585913e-01	2.098045e-01	-5.683958e-01	3.891002e-01	-8.804432e-04	-1.298806e-03	-1.765681e-02	-1.012721e-02	-7.529598e-03
719           	4.485844e-01	2.229417e-01	2.256427e-01	-3.518259e-01	2.116386e-01	-5.634645e-01	3.875515e-01	-1.350511e-03	-8.912358e-04	-1.699118e-02	-9.386826e-03	-7.604355e-03
720           	4.494599e-01	2.230134e-01	2.264464e-01	-3.463270e-01	2.122977e-01	-5.586246e-01	3.854611e-01	-1.716488e-03	-7.041756e-04	-1.673734e-02	-9.072847e-03	-7.664496e-03
721           	4.512907e-01	2.238592e-01	2.274315e-01	-3.463919e-01	2.111914e-01	-5.575833e-01	3.843873e-01	-1.786153e-03	-6.988898e-04	-1.651727e-02	-8.957525e-03	-7.559746e-03
722           	4.530975e-01	2.247356e-01	2.283618e-01	-3.521314e-01	2.070295e-01	-5.591609e-01	3.830952e-01	-1.813100e-03	-8.157197e-04	-1.639450e-02	-9.012967e-03	-7.381528e-03
723           	4.554384e-01	2.257488e-01	2.296896e-01	-3.656581e-01	1.993624e-01	-5.650205e-01	3.821914e-01	-1.970400e-03	-9.506962e-04	-1.642369e-02	-9.162542e-03	-7.261149e-03
724           	4.571556e-01	2.262478e-01	2.309078e-01	-3.761504e-01	1.940059e-01	-5.701563e-01	3.820811e-01	-2.329998e-03	-9.230629e-04	-1.662605e-02	-9.236088e-03	-7.389962e-03
725           	4.588440e-01	2.268343e-01	2.320097e-01	-3.865780e-01	1.902774e-01	-5.768554e-01	3.835664e-01	-2.587728e-03	-7.584762e-04	-1.722164e-02	-9.369298e-03	-7.852346e-03
726           	4.598607e-01	2.272835e-01	2.325772e-01	-3.913512e-01	1.899723e-01	-5.813235e-01	3.856479e-01	-2.646829e-03	-5.450818e-04	-1.809400e-02	-9.592082e-03	-8.501919e-03
727           	4.606244e-01	2.279545e-01	2.326699e-01	-3.917977e-01	1.931691e-01	-5.849668e-01	3.890680e-01	-2.357663e-03	-3.152427e-04	-1.894222e-02	-9.786353e-03	-9.155868e-03
728           	4.607834e-01	2.286075e-01	2.321759e-01	-3.871925e-01	1.980161e-01	-5.852086e-01	3.916124e-01	-1.784179e-03	-1.742908e-04	-1.975111e-02	-1.004984e-02	-9.701262e-03
729           	4.604772e-01	2.291153e-01	2.313619e-01	-3.809508e-01	2.030161e-01	-5.839669e-01	3.934915e-01	-1.123292e-03	-7.410517e-05	-1.995330e-02	-1.005076e-02	-9.902545e-03
730           	4.594881e-01	2.291085e-01	2.303796e-01	-3.735406e-01	2.062717e-01	-5.798124e-01	3.930420e-01	-6.355704e-04	-4.024638e-05	-1.937582e-02	-9.728158e-03	-9.647666e-03
731           	4.583501e-01	2.285859e-01	2.297641e-01	-3.670433e-01	2.082396e-01	-5.752829e-01	3.917612e-01	-5.891118e-04	3.075565e-05	-1.786438e-02	-8.901432e-03	-8.962943e-03
732           	4.570437e-01	2.274922e-01	2.295515e-01	-3.600582e-01	2.092876e-01	-5.693459e-01	3.893168e-01	-1.029646e-03	4.922322e-05	-1.608757e-02	-7.994564e-03	-8.093010e-03
733           	4.560636e-01	2.264092e-01	2.296544e-01	-3.538790e-01	2.104061e-01	-5.642850e-01	3.873455e-01	-1.622625e-03	4.654335e-05	-1.480854e-02	-7.357728e-03	-7.450815e-03
734           	4.554643e-01	2.255125e-01	2.299518e-01	-3.484850e-01	2.111915e-01	-5.596764e-01	3.854340e-01	-2.219652e-03	-1.479715e-04	-1.443979e-02	-7.367866e-03	-7.071923e-03
735           	4.553424e-01	2.249792e-01	2.303631e-01	-3.446440e-01	2.121220e-01	-5.567660e-01	3.844440e-01	-2.691935e-03	-4.580323e-04	-1.453571e-02	-7.725886e-03	-6.809821e-03
736           	4.557542e-01	2.253470e-01	2.304072e-01	-3.470302e-01	2.095078e-01	-5.565380e-01	3.830229e-01	-2.530129e-03	-9.930471e-04	-1.548767e-02	-8.736884e-03	-6.750790e-03
737           	4.565990e-01	2.262245e-01	2.303745e-01	-3.548781e-01	2.044679e-01	-5.593460e-01	3.819069e-01	-2.074999e-03	-1.457097e-03	-1.645242e-02	-9.683305e-03	-6.769111e-03
738           	4.574470e-01	2.270786e-01	2.303684e-01	-3.650087e-01	1.980074e-01	-5.630161e-01	3.805118e-01	-1.644926e-03	-1.813971e-03	-1.761731e-02	-1.062263e-02	-6.994686e-03
739           	4.581596e-01	2.278323e-01	2.303273e-01	-3.799721e-01	1.892979e-01	-5.692700e-01	3.792840e-01	-1.247491e-03	-1.826237e-03	-1.863029e-02	-1.114138e-02	-7.488908e-03
740           	4.586345e-01	2.283596e-01	2.302749e-01	-3.883159e-01	1.852564e-01	-5.735723e-01	3.794143e-01	-9.576821e-04	-1.747322e-03	-1.969451e-02	-1.159458e-02	-8.099934e-03
741           	4.586751e-01	2.285729e-01	2.301022e-01	-3.954758e-01	1.831807e-01	-5.786565e-01	3.809186e-01	-7.646628e-04	-1.405290e-03	-2.053546e-02	-1.167302e-02	-8.862441e-03
742           	4.580795e-01	2.283969e-01	2.296826e-01	-3.960262e-01	1.851915e-01	-5.812177e-01	3.832046e-01	-6.428550e-04	-1.083126e-03	-2.106452e-02	-1.161539e-02	-9.449136e-03
743           	4.570907e-01	2.278946e-01	2.291961e-01	-3.912802e-01	1.910833e-01	-5.823635e-01	3.867234e-01	-6.507296e-04	-7.696603e-04	-2.095268e-02	-1.124600e-02	-9.706682e-03
744           	4.556041e-01	2.269693e-01	2.286348e-01	-3.833405e-01	1.978932e-01	-5.812337e-01	3.895635e-01	-8.327441e-04	-5.857648e-04	-2.035281e-02	-1.076217e-02	-9.590640e-03
745           	4.537860e-01	2.257648e-01	2.280212e-01	-3.751602e-01	2.042259e-01	-5.793862e-01	3.918061e-01	-1.128187e-03	-4.454814e-04	-1.926856e-02	-1.007976e-02	-9.188801e-03
746           	4.515474e-01	2.242432e-01	2.273042e-01	-3.669181e-01	2.085453e-01	-5.754634e-01	3.920044e-01	-1.530481e-03	-3.905947e-04	-1.802837e-02	-9.404780e-03	-8.623590e-03
747           	4.493974e-01	2.227002e-01	2.266972e-01	-3.593641e-01	2.119277e-01	-5.712918e-01	3.916098e-01	-1.998499e-03	-3.083911e-04	-1.680004e-02	-8.708410e-03	-8.091628e-03
748           	4.474221e-01	2.212535e-01	2.261686e-01	-3.520271e-01	2.139859e-01	-5.660130e-01	3.899995e-01	-2.457577e-03	-2.767051e-04	-1.581326e-02	-8.183335e-03	-7.629925e-03
749           	4.461071e-01	2.202232e-01	2.258839e-01	-3.461391e-01	2.158694e-01	-5.620085e-01	3.889389e-01	-2.830316e-03	-2.656015e-04	-1.504279e-02	-7.786999e-03	-7.255796e-03
750           	4.453923e-01	2.197649e-01	2.256274e-01	-3.415484e-01	2.162593e-01	-5.578077e-01	3.870335e-01	-2.931285e-03	-3.892777e-04	-1.479386e-02	-7.786209e-03	-7.007653e-03
751           	4.455795e-01	2.201194e-01	2.254601e-01	-3.404687e-01	2.153830e-01	-5.558517e-01	3.856174e-01	-2.670353e-03	-6.139218e-04	-1.490975e-02	-8.068795e-03	-6.840951e-03
752           	4.461459e-01	2.210336e-01	2.251122e-01	-3.446343e-01	2.106604e-01	-5.552947e-01	3.829775e-01	-2.039302e-03	-1.100225e-03	-1.529797e-02	-8.749212e-03	-6.548762e-03
753           	4.473921e-01	2.222400e-01	2.251521e-01	-3.518077e-01	2.053776e-01	-5.571852e-01	3.812814e-01	-1.456060e-03	-1.556723e-03	-1.576829e-02	-9.440867e-03	-6.327421e-03
754           	4.487083e-01	2.233122e-01	2.253960e-01	-3.672208e-01	1.952682e-01	-5.624890e-01	3.788786e-01	-1.041898e-03	-2.060571e-03	-1.685380e-02	-1.048747e-02	-6.366330e-03
755           	4.504276e-01	2.240645e-01	2.263631e-01	-3.774382e-01	1.898660e-01	-5.673042e-01	3.785851e-01	-1.149285e-03	-2.222182e-03	-1.802547e-02	-1.123492e-02	-6.790553e-03
756           	4.518679e-01	2.245165e-01	2.273513e-01	-3.872629e-01	1.852442e-01	-5.725072e-01	3.788757e-01	-1.417382e-03	-2.198514e-03	-1.953121e-02	-1.196412e-02	-7.567091e-03
757           	4.529984e-01	2.247943e-01	2.282041e-01	-3.917901e-01	1.850641e-01	-5.768542e-01	3.809591e-01	-1.704911e-03	-1.993240e-03	-2.086120e-02	-1.242384e-02	-8.437362e-03
758           	4.534645e-01	2.249554e-01	2.285090e-01	-3.907811e-01	1.879142e-01	-5.786954e-01	3.833048e-01	-1.776808e-03	-1.805581e-03	-2.189259e-02	-1.275187e-02	-9.140713e-03
759           	4.533841e-01	2.250161e-01	2.283680e-01	-3.852465e-01	1.933375e-01	-5.785841e-01	3.859608e-01	-1.675944e-03	-1.606878e-03	-2.227406e-02	-1.274391e-02	-9.530151e-03
760           	4.524055e-01	2.248118e-01	2.275936e-01	-3.739699e-01	2.000223e-01	-5.739922e-01	3.870072e-01	-1.390892e-03	-1.464933e-03	-2.184449e-02	-1.238718e-02	-9.457312e-03
761           	4.510615e-01	2.243859e-01	2.266756e-01	-3.661643e-01	2.035997e-01	-5.697640e-01	3.866818e-01	-1.144862e-03	-1.371604e-03	-2.089998e-02	-1.182159e-02	-9.078386e-03
762           	4.493570e-01	2.236302e-01	2.257268e-01	-3.536023e-01	2.080171e-01	-5.616194e-01	3.848182e-01	-1.048292e-03	-1.126821e-03	-1.898846e-02	-1.062105e-02	-8.367410e-03
763           	4.479297e-01	2.226342e-01	2.252955e-01	-3.474606e-01	2.093131e-01	-5.567736e-01	3.830434e-01	-1.330684e-03	-8.398131e-04	-1.703605e-02	-9.357838e-03	-7.678212e-03
764           	4.471727e-01	2.216377e-01	2.255350e-01	-3.395317e-01	2.119100e-01	-5.514417e-01	3.816759e-01	-1.948647e-03	-6.281469e-04	-1.499494e-02	-8.125616e-03	-6.869322e-03
765           	4.469053e-01	2.208678e-01	2.260375e-01	-3.361898e-01	2.128077e-01	-5.489975e-01	3.809026e-01	-2.584874e-03	-3.825182e-04	-1.356036e-02	-7.162698e-03	-6.397661e-03
766           	4.475170e-01	2.205894e-01	2.269277e-01	-3.340955e-01	2.137012e-01	-5.477967e-01	3.807490e-01	-3.169142e-03	-3.297436e-04	-1.278624e-02	-6.722862e-03	-6.063375e-03
767           	4.487820e-01	2.210358e-01	2.277463e-01	-3.374724e-01	2.122904e-01	-5.497628e-01	3.810266e-01	-3.355247e-03	-3.644121e-04	-1.242856e-02	-6.578690e-03	-5.849866e-03
768           	4.502949e-01	2.219916e-01	2.283033e-01	-3.457250e-01	2.078220e-01	-5.535471e-01	3.806845e-01	-3.155879e-03	-5.230462e-04	-1.247834e-02	-6.762217e-03	-5.716125e-03
769           	4.520486e-01	2.231228e-01	2.289258e-01	-3.609497e-01	1.996564e-01	-5.606061e-01	3.801313e-01	-2.901521e-03	-6.141647e-04	-1.288261e-02	-7.055471e-03	-5.827142e-03
770           	4.532546e-01	2.239500e-01	2.293047e-01	-3.716886e-01	1.936955e-01	-5.653841e-01	3.795398e-01	-2.677370e-03	-5.923472e-04	-1.371932e-02	-7.452008e-03	-6.267314e-03
771           	4.542366e-01	2.245614e-01	2.296752e-01	-3.840643e-01	1.869952e-01	-5.710595e-01	3.790273e-01	-2.556945e-03	-3.464862e-04	-1.464755e-02	-7.670262e-03	-6.977289e-03
772           	4.548888e-01	2.249409e-01	2.299479e-01	-3.876056e-01	1.861482e-01	-5.737538e-01	3.799510e-01	-2.503505e-03	-2.504060e-04	-1.594534e-02	-8.223076e-03	-7.722264e-03
773           	4.551086e-01	2.249439e-01	2.301647e-01	-3.866467e-01	1.882625e-01	-5.749091e-01	3.815858e-01	-2.610387e-03	-1.462406e-04	-1.700024e-02	-8.646361e-03	-8.353880e-03
774           	4.547900e-01	2.246099e-01	2.301801e-01	-3.807477e-01	1.928060e-01	-5.735538e-01	3.831799e-01	-2.785115e-03	-2.538563e-04	-1.793812e-02	-9.222916e-03	-8.715203e-03
775           	4.539926e-01	2.239645e-01	2.300281e-01	-3.715878e-01	1.992298e-01	-5.708176e-01	3.850237e-01	-3.031833e-03	-4.753352e-04	-1.863437e-02	-9.792520e-03	-8.841849e-03
776           	4.527357e-01	2.232113e-01	2.295244e-01	-3.613009e-01	2.054887e-01	-5.667896e-01	3.861391e-01	-3.156511e-03	-7.811204e-04	-1.909701e-02	-1.032963e-02	-8.767385e-03
777           	4.512449e-01	2.223905e-01	2.288544e-01	-3.525693e-01	2.110435e-01	-5.636128e-01	3.873281e-01	-3.231974e-03	-9.674985e-04	-1.919268e-02	-1.056384e-02	-8.628839e-03
778           	4.497416e-01	2.216412e-01	2.281005e-01	-3.459736e-01	2.149144e-01	-5.608880e-01	3.879012e-01	-3.229645e-03	-1.039793e-03	-1.900061e-02	-1.054010e-02	-8.460514e-03
779           	4.484929e-01	2.210987e-01	2.273942e-01	-3.421656e-01	2.173819e-01	-5.595475e-01	3.884647e-01	-3.147753e-03	-9.501457e-04	-1.849019e-02	-1.019524e-02	-8.294952e-03
780           	4.476820e-01	2.209520e-01	2.267300e-01	-3.407017e-01	2.180697e-01	-5.587714e-01	3.884206e-01	-2.888998e-03	-9.095875e-04	-1.787498e-02	-9.847076e-03	-8.027901e-03
781           	4.474587e-01	2.213281e-01	2.261306e-01	-3.413301e-01	2.180327e-01	-5.593628e-01	3.886977e-01	-2.401257e-03	-9.231918e-04	-1.724796e-02	-9.547171e-03	-7.700787e-03
782           	4.478103e-01	2.223234e-01	2.254868e-01	-3.464180e-01	2.149846e-01	-5.614026e-01	3.881936e-01	-1.581696e-03	-1.229904e-03	-1.669561e-02	-9.577709e-03	-7.117902e-03
783           	4.485897e-01	2.235525e-01	2.250373e-01	-3.564102e-01	2.093251e-01	-5.657353e-01	3.875302e-01	-7.423960e-04	-1.750742e-03	-1.615850e-02	-9.829991e-03	-6.328507e-03
784           	4.495711e-01	2.245804e-01	2.249907e-01	-3.689339e-01	2.019947e-01	-5.709286e-01	3.864617e-01	-2.051454e-04	-2.394399e-03	-1.583187e-02	-1.031034e-02	-5.521538e-03
785           	4.504880e-01	2.249509e-01	2.255371e-01	-3.840981e-01	1.931281e-01	-5.772262e-01	3.851772e-01	-2.931008e-04	-2.869708e-03	-1.595728e-02	-1.084835e-02	-5.108932e-03
786           	4.513569e-01	2.248682e-01	2.264887e-01	-3.934444e-01	1.878336e-01	-5.812780e-01	3.845558e-01	-8.102531e-04	-3.007227e-03	-1.661312e-02	-1.131379e-02	-5.299335e-03
787           	4.520367e-01	2.245472e-01	2.274895e-01	-3.983048e-01	1.858452e-01	-5.841500e-01	3.849976e-01	-1.471127e-03	-2.871563e-03	-1.774911e-02	-1.174612e-02	-6.002991e-03
788           	4.525547e-01	2.243344e-01	2.282203e-01	-3.982343e-01	1.871578e-01	-5.853921e-01	3.862749e-01	-1.942980e-03	-2.662217e-03	-1.913862e-02	-1.223153e-02	-6.907095e-03
789           	4.529754e-01	2.244051e-01	2.285703e-01	-3.938318e-01	1.919184e-01	-5.857502e-01	3.888343e-01	-2.082600e-03	-2.441590e-03	-2.039123e-02	-1.263721e-02	-7.754025e-03
790           	4.532366e-01	2.247264e-01	2.285102e-01	-3.883788e-01	1.973339e-01	-5.857127e-01	3.915233e-01	-1.891887e-03	-2.250956e-03	-2.121076e-02	-1.285633e-02	-8.354422e-03
791           	4.527542e-01	2.250100e-01	2.277442e-01	-3.789261e-01	2.051408e-01	-5.840668e-01	3.946038e-01	-1.367085e-03	-2.136057e-03	-2.195467e-02	-1.311339e-02	-8.841279e-03
792           	4.521780e-01	2.252885e-01	2.268896e-01	-3.750493e-01	2.084764e-01	-5.835257e-01	3.960011e-01	-8.005596e-04	-1.989520e-03	-2.185594e-02	-1.291749e-02	-8.938452e-03
793           	4.513073e-01	2.253772e-01	2.259301e-01	-3.709246e-01	2.119276e-01	-5.828521e-01	3.973898e-01	-2.764426e-04	-1.758273e-03	-2.136131e-02	-1.243893e-02	-8.922380e-03
794           	4.503894e-01	2.250922e-01	2.252972e-01	-3.695664e-01	2.126882e-01	-5.822545e-01	3.974713e-01	-1.025082e-04	-1.515970e-03	-2.036913e-02	-1.170053e-02	-8.668595e-03
795           	4.498418e-01	2.247207e-01	2.251212e-01	-3.684444e-01	2.145354e-01	-5.829798e-01	3.987576e-01	-2.002400e-04	-1.216319e-03	-1.917434e-02	-1.080349e-02	-8.370851e-03
796           	4.492199e-01	2.242369e-01	2.249829e-01	-3.671869e-01	2.152014e-01	-5.823883e-01	3.987948e-01	-3.730034e-04	-1.062567e-03	-1.831973e-02	-1.022243e-02	-8.097296e-03
797           	4.493196e-01	2.240645e-01	2.252550e-01	-3.666371e-01	2.163109e-01	-5.829479e-01	3.996294e-01	-5.952351e-04	-9.787533e-04	-1.773888e-02	-9.848192e-03	-7.890685e-03
798           	4.495058e-01	2.241396e-01	2.253661e-01	-3.673707e-01	2.151348e-01	-5.825055e-01	3.988202e-01	-6.132476e-04	-1.116861e-03	-1.762450e-02	-9.929111e-03	-7.695389e-03
799           	4.503034e-01	2.247543e-01	2.255491e-01	-3.729662e-01	2.107685e-01	-5.837348e-01	3.972516e-01	-3.973769e-04	-1.314579e-03	-1.757239e-02	-1.010077e-02	-7.471617e-03
800           	4.514152e-01	2.254020e-01	2.260132e-01	-3.850577e-01	2.011822e-01	-5.862399e-01	3.937110e-01	-3.055659e-04	-1.489788e-03	-1.746474e-02	-1.022216e-02	-7.242583e-03
801           	4.522948e-01	2.257376e-01	2.265572e-01	-3.932129e-01	1.937953e-01	-5.870082e-01	3.904017e-01	-4.097769e-04	-1.405439e-03	-1.737349e-02	-1.009218e-02	-7.281307e-03
802           	4.531152e-01	2.258321e-01	2.272831e-01	-4.017645e-01	1.854224e-01	-5.871869e-01	3.863047e-01	-7.254904e-04	-1.144175e-03	-1.737849e-02	-9.833420e-03	-7.545070e-03
803           	4.538467e-01	2.257044e-01	2.281423e-01	-4.044771e-01	1.819892e-01	-5.864663e-01	3.842277e-01	-1.218986e-03	-7.203967e-04	-1.739476e-02	-9.417775e-03	-7.976982e-03
804           	4.543475e-01	2.254105e-01	2.289370e-01	-4.011480e-01	1.832807e-01	-5.844287e-01	3.838547e-01	-1.763265e-03	-3.336834e-04	-1.736914e-02	-9.018255e-03	-8.350888e-03
805           	4.544750e-01	2.250409e-01	2.294342e-01	-3.941492e-01	1.886728e-01	-5.828220e-01	3.857474e-01	-2.196666e-03	-6.702393e-05	-1.727434e-02	-8.704194e-03	-8.570147e-03
806           	4.539865e-01	2.245195e-01	2.294670e-01	-3.851653e-01	1.958236e-01	-5.809889e-01	3.884063e-01	-2.473770e-03	3.086344e-05	-1.713745e-02	-8.537863e-03	-8.599590e-03
807           	4.528653e-01	2.239632e-01	2.289022e-01	-3.764261e-01	2.032287e-01	-5.796547e-01	3.914417e-01	-2.469491e-03	4.314002e-06	-1.707458e-02	-8.532974e-03	-8.541602e-03
808           	4.515961e-01	2.233755e-01	2.282206e-01	-3.727086e-01	2.068178e-01	-5.795264e-01	3.931721e-01	-2.422541e-03	1.080297e-04	-1.647163e-02	-8.127784e-03	-8.343844e-03
809           	4.501845e-01	2.229188e-01	2.272657e-01	-3.692888e-01	2.103564e-01	-5.796452e-01	3.950008e-01	-2.173455e-03	3.202188e-04	-1.586556e-02	-7.612561e-03	-8.252999e-03
810           	4.491642e-01	2.226605e-01	2.265037e-01	-3.672118e-01	2.125264e-01	-5.797382e-01	3.961323e-01	-1.921561e-03	7.433517e-04	-1.498372e-02	-6.748506e-03	-8.235209e-03
811           	4.487930e-01	2.227816e-01	2.260114e-01	-3.659195e-01	2.139497e-01	-5.798692e-01	3.969094e-01	-1.614906e-03	1.186109e-03	-1.405710e-02	-5.842443e-03	-8.214662e-03
812           	4.486975e-01	2.230405e-01	2.256570e-01	-3.656450e-01	2.133921e-01	-5.790371e-01	3.962146e-01	-1.308249e-03	1.616344e-03	-1.315854e-02	-4.962924e-03	-8.195612e-03
813           	4.495643e-01	2.238603e-01	2.257041e-01	-3.682117e-01	2.110298e-01	-5.792415e-01	3.951356e-01	-9.218920e-04	1.748482e-03	-1.247653e-02	-4.489782e-03	-7.986747e-03
814           	4.503428e-01	2.245816e-01	2.257612e-01	-3.731486e-01	2.060324e-01	-5.791810e-01	3.926067e-01	-5.897880e-04	1.748158e-03	-1.190424e-02	-4.203963e-03	-7.700279e-03
815           	4.518346e-01	2.254151e-01	2.264195e-01	-3.837036e-01	1.976854e-01	-5.813891e-01	3.895372e-01	-5.021925e-04	1.610288e-03	-1.174730e-02	-4.263362e-03	-7.483939e-03
816           	4.530542e-01	2.256427e-01	2.274115e-01	-3.926009e-01	1.902257e-01	-5.828266e-01	3.865261e-01	-8.843838e-04	1.596849e-03	-1.207794e-02	-4.442121e-03	-7.635818e-03
817           	4.544673e-01	2.257407e-01	2.287266e-01	-4.028362e-01	1.827263e-01	-5.855625e-01	3.841444e-01	-1.492911e-03	1.673697e-03	-1.289294e-02	-4.772774e-03	-8.120169e-03
818           	4.557313e-01	2.256420e-01	2.300893e-01	-4.061666e-01	1.812633e-01	-5.874299e-01	3.843466e-01	-2.223660e-03	1.906016e-03	-1.390712e-02	-5.047543e-03	-8.859575e-03
819           	4.566647e-01	2.255319e-01	2.311328e-01	-4.058749e-01	1.835444e-01	-5.894193e-01	3.864818e-01	-2.800464e-03	2.252299e-03	-1.488937e-02	-5.192387e-03	-9.696985e-03
820           	4.573781e-01	2.256343e-01	2.317438e-01	-4.026002e-01	1.890640e-01	-5.916642e-01	3.903641e-01	-3.054773e-03	2.404835e-03	-1.595805e-02	-5.574188e-03	-1.038386e-02
821           	4.574364e-01	2.257859e-01	2.316504e-01	-3.940648e-01	1.983854e-01	-5.924503e-01	3.954179e-01	-2.932238e-03	2.583919e-03	-1.661537e-02	-5.723765e-03	-1.089160e-02
822           	4.569697e-01	2.259478e-01	2.310219e-01	-3.871345e-01	2.057573e-01	-5.928917e-01	3.993245e-01	-2.537013e-03	2.539583e-03	-1.713380e-02	-6.027318e-03	-1.110648e-02
823           	4.559573e-01	2.261039e-01	2.298535e-01	-3.827354e-01	2.106180e-01	-5.933534e-01	4.019857e-01	-1.874806e-03	2.428083e-03	-1.740545e-02	-6.274643e-03	-1.113081e-02
824           	4.545116e-01	2.260332e-01	2.284784e-01	-3.779148e-01	2.151679e-01	-5.930826e-01	4.041252e-01	-1.222569e-03	2.629785e-03	-1.672009e-02	-5.730262e-03	-1.098983e-02
825           	4.532349e-01	2.258295e-01	2.274054e-01	-3.756700e-01	2.169069e-01	-5.925769e-01	4.047419e-01	-7.879706e-04	2.884892e-03	-1.605672e-02	-5.143470e-03	-1.091325e-02
826           	4.524128e-01	2.254724e-01	2.269405e-01	-3.722830e-01	2.189736e-01	-5.912566e-01	4.051151e-01	-7.340491e-04	3.302230e-03	-1.478883e-02	-4.092186e-03	-1.069665e-02
827           	4.518030e-01	2.250141e-01	2.267889e-01	-3.696383e-01	2.190251e-01	-5.886634e-01	4.038442e-01	-8.873994e-04	3.574172e-03	-1.397692e-02	-3.414289e-03	-1.056263e-02
828           	4.521514e-01	2.247257e-01	2.274257e-01	-3.672209e-01	2.185669e-01	-5.857878e-01	4.021773e-01	-1.349994e-03	3.722578e-03	-1.302846e-02	-2.791652e-03	-1.023681e-02
829           	4.526563e-01	2.247385e-01	2.279177e-01	-3.677240e-01	2.157012e-01	-5.834253e-01	3.995633e-01	-1.589591e-03	3.649657e-03	-1.233303e-02	-2.516856e-03	-9.816170e-03
830           	4.538238e-01	2.251755e-01	2.286483e-01	-3.739835e-01	2.091785e-01	-5.831620e-01	3.961702e-01	-1.736385e-03	3.368218e-03	-1.151920e-02	-2.391382e-03	-9.127817e-03
831           	4.553890e-01	2.257718e-01	2.296171e-01	-3.860776e-01	1.996590e-01	-5.857366e-01	3.926978e-01	-1.922643e-03	3.038708e-03	-1.097878e-02	-2.450682e-03	-8.528098e-03
832           	4.567742e-01	2.261993e-01	2.305749e-01	-3.959375e-01	1.920512e-01	-5.879888e-01	3.900200e-01	-2.187801e-03	2.801062e-03	-1.095371e-02	-2.675791e-03	-8.277916e-03
833           	4.580219e-01	2.265894e-01	2.314324e-01	-4.087984e-01	1.834476e-01	-5.922460e-01	3.878468e-01	-2.421506e-03	2.598058e-03	-1.145999e-02	-3.131939e-03	-8.328055e-03
834           	4.589253e-01	2.268314e-01	2.320939e-01	-4.132457e-01	1.819453e-01	-5.951910e-01	3.885681e-01	-2.631262e-03	2.450142e-03	-1.228115e-02	-3.690431e-03	-8.590715e-03
835           	4.591055e-01	2.268418e-01	2.322637e-01	-4.136108e-01	1.844820e-01	-5.980928e-01	3.912874e-01	-2.710928e-03	2.244703e-03	-1.339305e-02	-4.451823e-03	-8.941230e-03
836           	4.585573e-01	2.266363e-01	2.319210e-01	-4.083293e-01	1.906370e-01	-5.989664e-01	3.948017e-01	-2.642374e-03	1.885581e-03	-1.461378e-02	-5.421309e-03	-9.192470e-03
837           	4.574057e-01	2.262449e-01	2.311608e-01	-3.998450e-01	1.987290e-01	-5.985740e-01	3.986515e-01	-2.457949e-03	1.438136e-03	-1.571293e-02	-6.418328e-03	-9.294600e-03
838           	4.554780e-01	2.255649e-01	2.299131e-01	-3.902585e-01	2.054835e-01	-5.957420e-01	4.006127e-01	-2.174087e-03	9.714720e-04	-1.640984e-02	-7.233450e-03	-9.176394e-03
839           	4.531992e-01	2.247188e-01	2.284804e-01	-3.819099e-01	2.102166e-01	-5.921265e-01	4.011716e-01	-1.880764e-03	7.037197e-04	-1.649238e-02	-7.542471e-03	-8.949910e-03
840           	4.507599e-01	2.237327e-01	2.270271e-01	-3.741826e-01	2.127336e-01	-5.869163e-01	3.998250e-01	-1.647201e-03	7.860867e-04	-1.593073e-02	-7.179279e-03	-8.751453e-03
841           	4.486985e-01	2.228828e-01	2.258157e-01	-3.673458e-01	2.142585e-01	-5.816043e-01	3.979314e-01	-1.466469e-03	1.232682e-03	-1.493093e-02	-6.232784e-03	-8.698147e-03
842           	4.472594e-01	2.223065e-01	2.249529e-01	-3.610146e-01	2.148592e-01	-5.758738e-01	3.953665e-01	-1.323197e-03	1.796775e-03	-1.386779e-02	-5.137121e-03	-8.730671e-03
843           	4.467664e-01	2.223019e-01	2.244645e-01	-3.567769e-01	2.142841e-01	-5.710609e-01	3.926725e-01	-1.081297e-03	2.289815e-03	-1.323285e-02	-4.326612e-03	-8.906242e-03
844           	4.474361e-01	2.230348e-01	2.244013e-01	-3.552570e-01	2.121884e-01	-5.674454e-01	3.898169e-01	-6.832257e-04	2.373095e-03	-1.295480e-02	-4.104305e-03	-8.850496e-03
845           	4.488645e-01	2.243144e-01	2.245501e-01	-3.594353e-01	2.077464e-01	-5.671817e-01	3.874640e-01	-1.178264e-04	2.141912e-03	-1.312080e-02	-4.418486e-03	-8.702311e-03
846           	4.511384e-01	2.257591e-01	2.253793e-01	-3.711032e-01	1.988902e-01	-5.699933e-01	3.844418e-01	1.899317e-04	1.554137e-03	-1.385330e-02	-5.372515e-03	-8.480789e-03
847           	4.531821e-01	2.268190e-01	2.263631e-01	-3.809578e-01	1.925470e-01	-5.735048e-01	3.830259e-01	2.279391e-04	1.022745e-03	-1.501064e-02	-6.482573e-03	-8.528063e-03
848           	4.551129e-01	2.275834e-01	2.275295e-01	-3.926483e-01	1.853646e-01	-5.780128e-01	3.816887e-01	2.695945e-05	5.107028e-04	-1.660227e-02	-7.790431e-03	-8.811837e-03
849           	4.564014e-01	2.279895e-01	2.284119e-01	-4.007415e-01	1.815565e-01	-5.822980e-01	3.819273e-01	-2.112288e-04	1.359431e-04	-1.844140e-02	-9.084757e-03	-9.356643e-03
850           	4.571182e-01	2.280524e-01	2.290658e-01	-4.001987e-01	1.844598e-01	-5.846585e-01	3.845591e-01	-5.066916e-04	-6.050498e-05	-1.941991e-02	-9.770461e-03	-9.649451e-03
851           	4.572533e-01	2.281842e-01	2.290692e-01	-3.940056e-01	1.918990e-01	-5.859046e-01	3.889018e-01	-4.424993e-04	-2.551879e-04	-2.050371e-02	-1.050705e-02	-9.996669e-03
852           	4.571196e-01	2.282083e-01	2.289112e-01	-3.865501e-01	1.996575e-01	-5.862076e-01	3.929326e-01	-3.514435e-04	-2.408021e-04	-2.058390e-02	-1.053275e-02	-1.005115e-02
853           	4.567134e-01	2.282851e-01	2.284283e-01	-3.794738e-01	2.062326e-01	-5.857064e-01	3.959695e-01	-7.157558e-05	-1.262577e-04	-2.015579e-02	-1.020415e-02	-9.951637e-03
854           	4.559254e-01	2.281243e-01	2.278012e-01	-3.722932e-01	2.112999e-01	-5.835930e-01	3.974464e-01	1.615471e-04	8.273697e-05	-1.955482e-02	-9.694672e-03	-9.860146e-03
855           	4.546959e-01	2.275552e-01	2.271407e-01	-3.662583e-01	2.135501e-01	-5.798084e-01	3.966793e-01	2.072590e-04	3.222446e-04	-1.874760e-02	-9.051555e-03	-9.696044e-03
856           	4.534519e-01	2.266101e-01	2.268418e-01	-3.590221e-01	2.150865e-01	-5.741087e-01	3.945976e-01	-1.158591e-04	4.840245e-04	-1.796987e-02	-8.500910e-03	-9.468959e-03
857           	4.527040e-01	2.256978e-01	2.270062e-01	-3.518225e-01	2.163770e-01	-5.681995e-01	3.922882e-01	-6.542368e-04	4.694693e-04	-1.740340e-02	-8.232231e-03	-9.171170e-03
858           	4.527882e-01	2.249298e-01	2.278584e-01	-3.446122e-01	2.176194e-01	-5.622316e-01	3.899255e-01	-1.464281e-03	2.198075e-04	-1.702699e-02	-8.293689e-03	-8.733304e-03
859           	4.535286e-01	2.249111e-01	2.286175e-01	-3.423083e-01	2.166482e-01	-5.589565e-01	3.878024e-01	-1.853174e-03	-2.716380e-04	-1.740411e-02	-8.973695e-03	-8.430419e-03
860           	4.551382e-01	2.255811e-01	2.295571e-01	-3.455551e-01	2.123065e-01	-5.578616e-01	3.850841e-01	-1.988003e-03	-9.963679e-04	-1.770187e-02	-9.847305e-03	-7.854569e-03
861           	4.569050e-01	2.265134e-01	2.303915e-01	-3.551287e-01	2.046198e-01	-5.597485e-01	3.821842e-01	-1.939036e-03	-1.807646e-03	-1.836856e-02	-1.099193e-02	-7.376637e-03
862           	4.587186e-01	2.274278e-01	2.312908e-01	-3.684734e-01	1.950850e-01	-5.635584e-01	3.793217e-01	-1.931503e-03	-2.519328e-03	-1.921155e-02	-1.212510e-02	-7.086446e-03
863           	4.602853e-01	2.282726e-01	2.320127e-01	-3.808927e-01	1.870676e-01	-5.679602e-01	3.775139e-01	-1.870042e-03	-2.951090e-03	-2.005552e-02	-1.297885e-02	-7.076668e-03
864           	4.614142e-01	2.289474e-01	2.324668e-01	-3.890552e-01	1.833649e-01	-5.724201e-01	3.778925e-01	-1.759705e-03	-3.133656e-03	-2.093332e-02	-1.360032e-02	-7.333003e-03
865           	4.620621e-01	2.295253e-01	2.325369e-01	-3.919372e-01	1.849322e-01	-5.768694e-01	3.809008e-01	-1.505791e-03	-3.209428e-03	-2.191104e-02	-1.416495e-02	-7.746094e-03
866           	4.620172e-01	2.298725e-01	2.321447e-01	-3.907969e-01	1.897553e-01	-5.805522e-01	3.851538e-01	-1.136052e-03	-3.177265e-03	-2.249818e-02	-1.442635e-02	-8.071823e-03
867           	4.612503e-01	2.298622e-01	2.313881e-01	-3.856083e-01	1.972378e-01	-5.828462e-01	3.900420e-01	-7.629040e-04	-3.146507e-03	-2.283469e-02	-1.456385e-02	-8.270838e-03
868           	4.595013e-01	2.293072e-01	2.301941e-01	-3.766236e-01	2.057513e-01	-5.823749e-01	3.940631e-01	-4.434419e-04	-3.129845e-03	-2.299676e-02	-1.462823e-02	-8.368537e-03
869           	4.576550e-01	2.284757e-01	2.291794e-01	-3.711697e-01	2.093285e-01	-5.804982e-01	3.949133e-01	-3.518404e-04	-3.110164e-03	-2.286296e-02	-1.454165e-02	-8.321318e-03
870           	4.549423e-01	2.269564e-01	2.279859e-01	-3.626869e-01	2.122808e-01	-5.749677e-01	3.936243e-01	-5.147198e-04	-2.924839e-03	-2.243068e-02	-1.414018e-02	-8.290502e-03
871           	4.528899e-01	2.255151e-01	2.273748e-01	-3.566851e-01	2.121462e-01	-5.688313e-01	3.904888e-01	-9.298402e-04	-2.426499e-03	-2.143302e-02	-1.314301e-02	-8.290011e-03
872           	4.510305e-01	2.239733e-01	2.270572e-01	-3.474184e-01	2.133915e-01	-5.608100e-01	3.871007e-01	-1.541953e-03	-1.891789e-03	-2.042670e-02	-1.210514e-02	-8.321561e-03
873           	4.502900e-01	2.232537e-01	2.270363e-01	-3.418797e-01	2.129872e-01	-5.548668e-01	3.839270e-01	-1.891326e-03	-1.246781e-03	-1.944259e-02	-1.096807e-02	-8.474513e-03
874           	4.504548e-01	2.230509e-01	2.274039e-01	-3.360296e-01	2.136171e-01	-5.496467e-01	3.816319e-01	-2.176521e-03	-9.231827e-04	-1.894726e-02	-1.039681e-02	-8.550449e-03
875           	4.513782e-01	2.237599e-01	2.276183e-01	-3.365140e-01	2.114773e-01	-5.479913e-01	3.797343e-01	-1.929196e-03	-7.723006e-04	-1.842319e-02	-9.983894e-03	-8.439293e-03
876           	4.527787e-01	2.248895e-01	2.278892e-01	-3.423158e-01	2.069068e-01	-5.492226e-01	3.780647e-01	-1.499871e-03	-8.376095e-04	-1.789615e-02	-9.785683e-03	-8.110464e-03
877           	4.545369e-01	2.260805e-01	2.284564e-01	-3.561731e-01	1.981855e-01	-5.543586e-01	3.762720e-01	-1.187924e-03	-1.178022e-03	-1.785592e-02	-1.010598e-02	-7.749941e-03
878           	4.560245e-01	2.268045e-01	2.292200e-01	-3.680289e-01	1.918491e-01	-5.598780e-01	3.758635e-01	-1.207782e-03	-1.384169e-03	-1.770797e-02	-1.023816e-02	-7.469819e-03
879           	4.572557e-01	2.273117e-01	2.299440e-01	-3.820750e-01	1.851629e-01	-5.672379e-01	3.762004e-01	-1.316175e-03	-1.627538e-03	-1.798413e-02	-1.061960e-02	-7.364528e-03
880           	4.581562e-01	2.274418e-01	2.307144e-01	-3.874342e-01	1.849000e-01	-5.723342e-01	3.786171e-01	-1.636321e-03	-1.764169e-03	-1.819192e-02	-1.086013e-02	-7.331792e-03
881           	4.586389e-01	2.275366e-01	2.311024e-01	-3.891447e-01	1.877570e-01	-5.769017e-01	3.823294e-01	-1.782891e-03	-1.885210e-03	-1.838207e-02	-1.107624e-02	-7.305825e-03
882           	4.585486e-01	2.274724e-01	2.310762e-01	-3.833293e-01	1.947566e-01	-5.780859e-01	3.864213e-01	-1.801927e-03	-1.872815e-03	-1.816860e-02	-1.095712e-02	-7.211487e-03
883           	4.581348e-01	2.274323e-01	2.307025e-01	-3.756130e-01	2.016496e-01	-5.772627e-01	3.894561e-01	-1.635117e-03	-1.864204e-03	-1.782227e-02	-1.077534e-02	-7.046932e-03
884           	4.574024e-01	2.273738e-01	2.300285e-01	-3.661900e-01	2.076761e-01	-5.738661e-01	3.907711e-01	-1.327351e-03	-1.634639e-03	-1.689670e-02	-1.008299e-02	-6.813709e-03
885           	4.562809e-01	2.271016e-01	2.291794e-01	-3.581372e-01	2.110189e-01	-5.691562e-01	3.900875e-01	-1.038900e-03	-1.381808e-03	-1.610304e-02	-9.433330e-03	-6.669714e-03
886           	4.552821e-01	2.266969e-01	2.285853e-01	-3.499494e-01	2.131378e-01	-5.630872e-01	3.881125e-01	-9.442061e-04	-9.829155e-04	-1.512540e-02	-8.545617e-03	-6.579786e-03
887           	4.545652e-01	2.262023e-01	2.283628e-01	-3.431726e-01	2.142647e-01	-5.574373e-01	3.858510e-01	-1.080261e-03	-6.403811e-04	-1.456132e-02	-7.921039e-03	-6.640277e-03
888           	4.547036e-01	2.258941e-01	2.288095e-01	-3.379280e-01	2.152244e-01	-5.531524e-01	3.841884e-01	-1.457711e-03	-4.120842e-04	-1.421672e-02	-7.520446e-03	-6.696278e-03
889           	4.551507e-01	2.257752e-01	2.293755e-01	-3.348657e-01	2.152434e-01	-5.501091e-01	3.826763e-01	-1.800143e-03	-3.617797e-04	-1.444055e-02	-7.582056e-03	-6.858497e-03
890           	4.565001e-01	2.261546e-01	2.303455e-01	-3.351906e-01	2.139284e-01	-5.491191e-01	3.815237e-01	-2.095472e-03	-6.335447e-04	-1.502396e-02	-8.145526e-03	-6.878437e-03
891           	4.577422e-01	2.268025e-01	2.309396e-01	-3.393505e-01	2.102141e-01	-5.495646e-01	3.798893e-01	-2.068570e-03	-9.852460e-04	-1.554009e-02	-8.755292e-03	-6.784800e-03
892           	4.591830e-01	2.276101e-01	2.315729e-01	-3.526617e-01	2.010662e-01	-5.537279e-01	3.773970e-01	-1.981385e-03	-1.660673e-03	-1.690224e-02	-1.011179e-02	-6.790445e-03
893           	4.600853e-01	2.280957e-01	2.319896e-01	-3.649865e-01	1.929027e-01	-5.578892e-01	3.753959e-01	-1.946940e-03	-2.054809e-03	-1.825531e-02	-1.118246e-02	-7.072845e-03
894           	4.606618e-01	2.285128e-01	2.321490e-01	-3.757310e-01	1.868002e-01	-5.625312e-01	3.746657e-01	-1.818119e-03	-2.361706e-03	-2.004395e-02	-1.238368e-02	-7.660269e-03
895           	4.609085e-01	2.288621e-01	2.320464e-01	-3.823945e-01	1.847716e-01	-5.671661e-01	3.759688e-01	-1.592165e-03	-2.581598e-03	-2.192098e-02	-1.354209e-02	-8.378893e-03
896           	4.607450e-01	2.290593e-01	2.316858e-01	-3.841955e-01	1.869259e-01	-5.711214e-01	3.790236e-01	-1.313229e-03	-2.849059e-03	-2.361721e-02	-1.465766e-02	-8.959547e-03
897           	4.601774e-01	2.291572e-01	2.310202e-01	-3.817143e-01	1.925997e-01	-5.743140e-01	3.834568e-01	-9.315091e-04	-3.165966e-03	-2.496587e-02	-1.564890e-02	-9.316968e-03
898           	4.591687e-01	2.289411e-01	2.302276e-01	-3.761050e-01	1.997700e-01	-5.758751e-01	3.878225e-01	-6.432675e-04	-3.498998e-03	-2.598514e-02	-1.649157e-02	-9.493572e-03
899           	4.575729e-01	2.283190e-01	2.292539e-01	-3.686023e-01	2.064353e-01	-5.750375e-01	3.907364e-01	-4.674209e-04	-3.770605e-03	-2.654529e-02	-1.704325e-02	-9.502042e-03
900           	4.556847e-01	2.273345e-01	2.283502e-01	-3.619166e-01	2.101461e-01	-5.720627e-01	3.911044e-01	-5.078098e-04	-3.900398e-03	-2.657422e-02	-1.718751e-02	-9.386715e-03
901           	4.532336e-01	2.259539e-01	2.272797e-01	-3.519050e-01	2.134484e-01	-5.653535e-01	3.894010e-01	-6.629079e-04	-3.946812e-03	-2.659801e-02	-1.724582e-02	-9.352194e-03
902           	4.512879e-01	2.245925e-01	2.266954e-01	-3.459008e-01	2.133758e-01	-5.592767e-01	3.863262e-01	-1.051425e-03	-3.734189e-03	-2.615256e-02	-1.681047e-02	-9.342093e-03
903           	4.495288e-01	2.231290e-01	2.263998e-01	-3.374978e-01	2.143254e-01	-5.518232e-01	3.830743e-01	-1.635402e-03	-3.407507e-03	-2.553532e-02	-1.617517e-02	-9.360154e-03
904           	4.485865e-01	2.222751e-01	2.263115e-01	-3.338157e-01	2.132897e-01	-5.471053e-01	3.801975e-01	-2.018194e-03	-3.049736e-03	-2.482582e-02	-1.546264e-02	-9.363172e-03
905           	4.483881e-01	2.217014e-01	2.266867e-01	-3.309872e-01	2.128610e-01	-5.438482e-01	3.783546e-01	-2.492663e-03	-2.682547e-03	-2.369332e-02	-1.452921e-02	-9.164115e-03
906           	4.490848e-01	2.220129e-01	2.270719e-01	-3.332051e-01	2.105666e-01	-5.437717e-01	3.771691e-01	-2.529491e-03	-2.505595e-03	-2.270607e-02	-1.385863e-02	-8.847439e-03
907           	4.505783e-01	2.229060e-01	2.276723e-01	-3.428278e-01	2.048385e-01	-5.476663e-01	3.762524e-01	-2.383181e-03	-2.364454e-03	-2.113670e-02	-1.293281e-02	-8.203897e-03
908           	4.523920e-01	2.237891e-01	2.286029e-01	-3.558325e-01	1.976784e-01	-5.535109e-01	3.755947e-01	-2.406884e-03	-2.344533e-03	-2.020673e-02	-1.244790e-02	-7.758832e-03
909           	4.542413e-01	2.245187e-01	2.297226e-01	-3.701495e-01	1.904595e-01	-5.606090e-01	3.755343e-01	-2.601912e-03	-2.261573e-03	-1.973819e-02	-1.213067e-02	-7.607521e-03
910           	4.560058e-01	2.250725e-01	2.309333e-01	-3.826538e-01	1.855515e-01	-5.682053e-01	3.768784e-01	-2.930404e-03	-2.114747e-03	-1.969839e-02	-1.196394e-02	-7.734450e-03
911           	4.572528e-01	2.253161e-01	2.319366e-01	-3.900216e-01	1.845527e-01	-5.745743e-01	3.795635e-01	-3.310262e-03	-1.972894e-03	-1.983938e-02	-1.189258e-02	-7.946796e-03
912           	4.580350e-01	2.253964e-01	2.326386e-01	-3.919502e-01	1.874803e-01	-5.794305e-01	3.834554e-01	-3.621072e-03	-1.873761e-03	-1.980877e-02	-1.177815e-02	-8.030624e-03
913           	4.581349e-01	2.253408e-01	2.327941e-01	-3.884675e-01	1.934132e-01	-5.818807e-01	3.876469e-01	-3.726632e-03	-1.822707e-03	-1.948684e-02	-1.156613e-02	-7.920715e-03
914           	4.577446e-01	2.252878e-01	2.324567e-01	-3.818392e-01	2.001495e-01	-5.819887e-01	3.910691e-01	-3.584438e-03	-1.734215e-03	-1.888299e-02	-1.117571e-02	-7.707278e-03
915           	4.567408e-01	2.251366e-01	2.316042e-01	-3.740097e-01	2.053643e-01	-5.793740e-01	3.923692e-01	-3.233772e-03	-1.610447e-03	-1.821195e-02	-1.071642e-02	-7.495529e-03
916           	4.552913e-01	2.248736e-01	2.304177e-01	-3.643302e-01	2.097022e-01	-5.740324e-01	3.918673e-01	-2.772023e-03	-1.277881e-03	-1.726650e-02	-9.911132e-03	-7.355370e-03
917           	4.537071e-01	2.243811e-01	2.293260e-01	-3.565464e-01	2.110778e-01	-5.676243e-01	3.893511e-01	-2.472433e-03	-9.053583e-04	-1.654542e-02	-9.178070e-03	-7.367353e-03
918           	4.522912e-01	2.237621e-01	2.285291e-01	-3.471454e-01	2.131830e-01	-5.603284e-01	3.867557e-01	-2.383532e-03	-4.511262e-04	-1.572201e-02	-8.312133e-03	-7.409880e-03
919           	4.514628e-01	2.233690e-01	2.280938e-01	-3.416094e-01	2.134118e-01	-5.550212e-01	3.842165e-01	-2.362416e-03	-8.762227e-05	-1.539385e-02	-7.784548e-03	-7.609303e-03
920           	4.513192e-01	2.231478e-01	2.281714e-01	-3.376912e-01	2.137839e-01	-5.514751e-01	3.826295e-01	-2.511821e-03	1.506843e-04	-1.536369e-02	-7.531163e-03	-7.832531e-03
921           	4.516395e-01	2.232131e-01	2.284263e-01	-3.364150e-01	2.130983e-01	-5.495133e-01	3.813058e-01	-2.606607e-03	1.217215e-04	-1.580415e-02	-7.780353e-03	-8.023796e-03
922           	4.524585e-01	2.238459e-01	2.286126e-01	-3.403866e-01	2.094682e-01	-5.498548e-01	3.796615e-01	-2.383353e-03	-2.708377e-05	-1.629196e-02	-8.173062e-03	-8.118894e-03
923           	4.532548e-01	2.245469e-01	2.287079e-01	-3.523461e-01	2.009185e-01	-5.532646e-01	3.770916e-01	-2.080498e-03	-3.892738e-04	-1.720002e-02	-8.989283e-03	-8.210735e-03
924           	4.542475e-01	2.252386e-01	2.290090e-01	-3.636043e-01	1.936469e-01	-5.572512e-01	3.754490e-01	-1.885194e-03	-4.827062e-04	-1.783180e-02	-9.398606e-03	-8.433193e-03
925           	4.549729e-01	2.259685e-01	2.290044e-01	-3.791928e-01	1.842340e-01	-5.634268e-01	3.738304e-01	-1.517985e-03	-5.337894e-04	-1.899300e-02	-1.003029e-02	-8.962710e-03
926           	4.557978e-01	2.267650e-01	2.290328e-01	-3.866551e-01	1.818546e-01	-5.685097e-01	3.751822e-01	-1.133889e-03	-4.381374e-04	-2.001431e-02	-1.044529e-02	-9.569016e-03
927           	4.561913e-01	2.275986e-01	2.285927e-01	-3.904609e-01	1.827866e-01	-5.732475e-01	3.780171e-01	-4.970841e-04	-4.270682e-04	-2.148446e-02	-1.116930e-02	-1.031516e-02
928           	4.562512e-01	2.282265e-01	2.280247e-01	-3.888320e-01	1.883221e-01	-5.771542e-01	3.827382e-01	1.008871e-04	-5.087378e-04	-2.247078e-02	-1.174413e-02	-1.072665e-02
929           	4.557918e-01	2.286265e-01	2.271653e-01	-3.804639e-01	1.982967e-01	-5.787606e-01	3.885287e-01	7.306378e-04	-7.257184e-04	-2.345672e-02	-1.245408e-02	-1.100264e-02
930           	4.546722e-01	2.284351e-01	2.262371e-01	-3.751046e-01	2.050492e-01	-5.801538e-01	3.926015e-01	1.098986e-03	-8.751532e-04	-2.353658e-02	-1.264344e-02	-1.089314e-02
931           	4.529812e-01	2.278727e-01	2.251085e-01	-3.657274e-01	2.123864e-01	-5.781137e-01	3.952501e-01	1.382114e-03	-1.018127e-03	-2.334610e-02	-1.269118e-02	-1.065493e-02
932           	4.510019e-01	2.267382e-01	2.242636e-01	-3.610069e-01	2.143565e-01	-5.753634e-01	3.948600e-01	1.237288e-03	-1.002425e-03	-2.253407e-02	-1.226946e-02	-1.026461e-02
933           	4.487824e-01	2.251901e-01	2.235923e-01	-3.519444e-01	2.170328e-01	-5.689773e-01	3.930050e-01	7.988900e-04	-9.296154e-04	-2.168713e-02	-1.177318e-02	-9.913949e-03
934           	4.472725e-01	2.239224e-01	2.233501e-01	-3.466305e-01	2.171934e-01	-5.638239e-01	3.905086e-01	2.861654e-04	-8.167005e-04	-2.120362e-02	-1.141851e-02	-9.785109e-03
935           	4.462049e-01	2.227666e-01	2.234383e-01	-3.401259e-01	2.182390e-01	-5.583650e-01	3.883020e-01	-3.358363e-04	-6.925305e-04	-2.094924e-02	-1.116715e-02	-9.782087e-03
936           	4.463871e-01	2.226203e-01	2.237668e-01	-3.383356e-01	2.177193e-01	-5.560549e-01	3.868871e-01	-5.732665e-04	-6.759087e-04	-2.129690e-02	-1.132436e-02	-9.972539e-03
937           	4.473363e-01	2.230718e-01	2.242645e-01	-3.407607e-01	2.154582e-01	-5.562189e-01	3.858385e-01	-5.963848e-04	-7.927331e-04	-2.162928e-02	-1.160737e-02	-1.002191e-02
938           	4.491801e-01	2.241612e-01	2.250189e-01	-3.509233e-01	2.092416e-01	-5.601649e-01	3.847032e-01	-4.288550e-04	-1.071673e-03	-2.203151e-02	-1.208743e-02	-9.944084e-03
939           	4.512054e-01	2.251064e-01	2.260991e-01	-3.661831e-01	2.000601e-01	-5.662432e-01	3.831516e-01	-4.963604e-04	-1.379723e-03	-2.250039e-02	-1.262992e-02	-9.870475e-03
940           	4.534110e-01	2.260787e-01	2.273323e-01	-3.812028e-01	1.925595e-01	-5.737623e-01	3.831609e-01	-6.268179e-04	-1.618644e-03	-2.313203e-02	-1.318466e-02	-9.947370e-03
941           	4.550725e-01	2.265627e-01	2.285099e-01	-3.965519e-01	1.851484e-01	-5.817003e-01	3.834244e-01	-9.736062e-04	-1.763041e-03	-2.380084e-02	-1.366346e-02	-1.013738e-02
942           	4.565748e-01	2.269817e-01	2.295931e-01	-4.018742e-01	1.852341e-01	-5.871083e-01	3.861712e-01	-1.305675e-03	-1.929810e-03	-2.450253e-02	-1.418107e-02	-1.032145e-02
943           	4.573430e-01	2.271152e-01	2.302278e-01	-4.014855e-01	1.889911e-01	-5.904765e-01	3.897338e-01	-1.556334e-03	-2.133726e-03	-2.482458e-02	-1.454601e-02	-1.027856e-02
944           	4.574567e-01	2.270863e-01	2.303704e-01	-3.959459e-01	1.956571e-01	-5.916030e-01	3.936301e-01	-1.642036e-03	-2.300668e-03	-2.454057e-02	-1.457095e-02	-9.969618e-03
945           	4.568596e-01	2.268743e-01	2.299853e-01	-3.870400e-01	2.035375e-01	-5.905775e-01	3.970575e-01	-1.555542e-03	-2.400480e-03	-2.377454e-02	-1.428775e-02	-9.486789e-03
946           	4.558412e-01	2.267529e-01	2.290883e-01	-3.774432e-01	2.108953e-01	-5.883384e-01	3.996168e-01	-1.167730e-03	-2.284707e-03	-2.268620e-02	-1.362780e-02	-9.058390e-03
947           	4.542651e-01	2.262360e-01	2.280291e-01	-3.716744e-01	2.134536e-01	-5.851280e-01	3.992908e-01	-8.965204e-04	-1.955603e-03	-2.105231e-02	-1.248176e-02	-8.570554e-03
948           	4.528864e-01	2.257334e-01	2.271530e-01	-3.654545e-01	2.152069e-01	-5.806614e-01	3.979342e-01	-7.098015e-04	-1.468316e-03	-1.939455e-02	-1.116559e-02	-8.228957e-03
949           	4.515715e-01	2.249550e-01	2.266165e-01	-3.587321e-01	2.154405e-01	-5.741726e-01	3.948065e-01	-8.307525e-04	-9.371785e-04	-1.758612e-02	-9.730240e-03	-7.855884e-03
950           	4.512927e-01	2.244792e-01	2.268135e-01	-3.530249e-01	2.154297e-01	-5.684546e-01	3.919421e-01	-1.167114e-03	-5.008444e-04	-1.599595e-02	-8.498818e-03	-7.497129e-03
951           	4.517234e-01	2.242328e-01	2.274906e-01	-3.482408e-01	2.150252e-01	-5.632660e-01	3.891456e-01	-1.628905e-03	-2.270127e-04	-1.487347e-02	-7.663748e-03	-7.209722e-03
952           	4.528626e-01	2.245115e-01	2.283511e-01	-3.474623e-01	2.126108e-01	-5.600731e-01	3.863419e-01	-1.919780e-03	-1.709088e-04	-1.413223e-02	-7.237025e-03	-6.895207e-03
953           	4.540027e-01	2.248805e-01	2.291222e-01	-3.513350e-01	2.076294e-01	-5.589644e-01	3.832969e-01	-2.120827e-03	-2.084473e-04	-1.323439e-02	-6.825642e-03	-6.408747e-03
954           	4.555171e-01	2.253955e-01	2.301216e-01	-3.633680e-01	1.978189e-01	-5.611870e-01	3.795029e-01	-2.363044e-03	-5.043167e-04	-1.298881e-02	-6.998719e-03	-5.990086e-03
955           	4.568052e-01	2.256037e-01	2.312015e-01	-3.741667e-01	1.901495e-01	-5.643162e-01	3.772329e-01	-2.798879e-03	-5.585395e-04	-1.271118e-02	-6.914129e-03	-5.797050e-03
956           	4.577140e-01	2.257737e-01	2.319403e-01	-3.866417e-01	1.821515e-01	-5.687932e-01	3.754724e-01	-3.083289e-03	-5.440404e-04	-1.318386e-02	-7.135970e-03	-6.047889e-03
957           	4.585787e-01	2.259763e-01	2.326023e-01	-3.916779e-01	1.810602e-01	-5.727381e-01	3.768991e-01	-3.313002e-03	-3.792961e-04	-1.380846e-02	-7.283525e-03	-6.524933e-03
958           	4.587775e-01	2.261090e-01	2.326685e-01	-3.921575e-01	1.837917e-01	-5.759492e-01	3.798705e-01	-3.279722e-03	-1.877699e-04	-1.459747e-02	-7.486506e-03	-7.110967e-03
959           	4.586759e-01	2.263497e-01	2.323262e-01	-3.885527e-01	1.900868e-01	-5.786395e-01	3.843631e-01	-2.988286e-03	-1.552329e-04	-1.536013e-02	-7.835298e-03	-7.524832e-03
960           	4.578884e-01	2.263697e-01	2.315187e-01	-3.800880e-01	1.991590e-01	-5.792470e-01	3.892030e-01	-2.574503e-03	-4.836934e-05	-1.545520e-02	-7.775971e-03	-7.679232e-03
961           	4.565373e-01	2.261559e-01	2.303813e-01	-3.731663e-01	2.061662e-01	-5.793326e-01	3.927494e-01	-2.112703e-03	-7.542232e-05	-1.526645e-02	-7.708648e-03	-7.557804e-03
962           	4.547818e-01	2.256284e-01	2.291534e-01	-3.678169e-01	2.108152e-01	-5.786321e-01	3.947237e-01	-1.762476e-03	-6.890857e-05	-1.458209e-02	-7.359954e-03	-7.222137e-03
963           	4.527730e-01	2.246548e-01	2.281183e-01	-3.636836e-01	2.131931e-01	-5.768766e-01	3.950348e-01	-1.731753e-03	-3.157394e-05	-1.369906e-02	-6.881104e-03	-6.817956e-03
964           	4.509562e-01	2.234053e-01	2.275509e-01	-3.582016e-01	2.155720e-01	-5.737735e-01	3.946728e-01	-2.072798e-03	1.965982e-04	-1.212890e-02	-5.867849e-03	-6.261046e-03
965           	4.494123e-01	2.221797e-01	2.272326e-01	-3.541927e-01	2.157964e-01	-5.699891e-01	3.928927e-01	-2.526427e-03	2.166960e-04	-1.142142e-02	-5.494013e-03	-5.927405e-03
966           	4.485862e-01	2.211915e-01	2.273947e-01	-3.501786e-01	2.160980e-01	-5.662766e-01	3.911873e-01	-3.101579e-03	1.650640e-04	-1.088968e-02	-5.279776e-03	-5.609904e-03
967           	4.485336e-01	2.208718e-01	2.276618e-01	-3.486215e-01	2.150955e-01	-5.637170e-01	3.894063e-01	-3.395000e-03	-6.637030e-05	-1.108030e-02	-5.606523e-03	-5.473782e-03
968           	4.492905e-01	2.214972e-01	2.277934e-01	-3.529679e-01	2.106754e-01	-5.636433e-01	3.871594e-01	-3.148105e-03	-4.966367e-04	-1.174237e-02	-6.367823e-03	-5.374550e-03
969           	4.502669e-01	2.223422e-01	2.279247e-01	-3.655037e-01	2.011162e-01	-5.666199e-01	3.838680e-01	-2.791252e-03	-1.006633e-03	-1.261152e-02	-7.312394e-03	-5.299127e-03
970           	4.516965e-01	2.234097e-01	2.282868e-01	-3.782300e-01	1.921336e-01	-5.703636e-01	3.812486e-01	-2.438583e-03	-1.449495e-03	-1.396282e-02	-8.430908e-03	-5.531917e-03
971           	4.526796e-01	2.240486e-01	2.286310e-01	-3.940462e-01	1.817982e-01	-5.758445e-01	3.788213e-01	-2.291212e-03	-1.756168e-03	-1.541907e-02	-9.465701e-03	-5.953366e-03
972           	4.538946e-01	2.248273e-01	2.290673e-01	-4.022499e-01	1.784762e-01	-5.807261e-01	3.796012e-01	-2.119989e-03	-2.033596e-03	-1.738930e-02	-1.072825e-02	-6.661055e-03
973           	4.540770e-01	2.249578e-01	2.291193e-01	-4.064505e-01	1.787798e-01	-5.852303e-01	3.820051e-01	-2.080754e-03	-2.229012e-03	-1.939867e-02	-1.192835e-02	-7.470325e-03
974           	4.542817e-01	2.253905e-01	2.288912e-01	-4.049398e-01	1.841984e-01	-5.891382e-01	3.866683e-01	-1.750366e-03	-2.546373e-03	-2.152582e-02	-1.330928e-02	-8.216538e-03
975           	4.534276e-01	2.254452e-01	2.279823e-01	-3.977708e-01	1.931889e-01	-5.909597e-01	3.920743e-01	-1.268553e-03	-2.754810e-03	-2.320956e-02	-1.435959e-02	-8.849968e-03
976           	4.526239e-01	2.258088e-01	2.268151e-01	-3.913484e-01	2.006596e-01	-5.920079e-01	3.963338e-01	-5.031811e-04	-2.842259e-03	-2.406323e-02	-1.487388e-02	-9.189357e-03
977           	4.511298e-01	2.260494e-01	2.250805e-01	-3.829300e-01	2.079234e-01	-5.908534e-01	3.993884e-01	4.844285e-04	-2.636082e-03	-2.383929e-02	-1.455573e-02	-9.283565e-03
978           	4.496688e-01	2.262590e-01	2.234098e-01	-3.770157e-01	2.110825e-01	-5.880982e-01	3.995904e-01	1.424612e-03	-2.217369e-03	-2.264349e-02	-1.353911e-02	-9.104376e-03
979           	4.483240e-01	2.263167e-01	2.220073e-01	-3.702221e-01	2.132555e-01	-5.834776e-01	3.983665e-01	2.154709e-03	-1.616103e-03	-2.079020e-02	-1.201120e-02	-8.778995e-03
980           	4.473655e-01	2.262663e-01	2.210992e-01	-3.639097e-01	2.138672e-01	-5.777769e-01	3.958220e-01	2.583551e-03	-1.009275e-03	-1.875055e-02	-1.038455e-02	-8.365998e-03
981           	4.469671e-01	2.261224e-01	2.208447e-01	-3.581167e-01	2.138854e-01	-5.720021e-01	3.929437e-01	2.638825e-03	-5.267766e-04	-1.707618e-02	-9.064869e-03	-8.011316e-03
982           	4.475358e-01	2.262337e-01	2.213021e-01	-3.553819e-01	2.132031e-01	-5.685850e-01	3.908941e-01	2.465819e-03	-2.423169e-04	-1.600863e-02	-8.246634e-03	-7.762000e-03
983           	4.485152e-01	2.265797e-01	2.219355e-01	-3.572045e-01	2.102956e-01	-5.675001e-01	3.888979e-01	2.322087e-03	-2.077669e-04	-1.546131e-02	-7.938420e-03	-7.522886e-03
984           	4.505785e-01	2.274990e-01	2.230795e-01	-3.670922e-01	2.036853e-01	-5.707775e-01	3.872314e-01	2.209720e-03	-4.557483e-04	-1.515900e-02	-8.035246e-03	-7.123749e-03
985           	4.529197e-01	2.282737e-01	2.246461e-01	-3.810687e-01	1.947567e-01	-5.758254e-01	3.852910e-01	1.813815e-03	-7.783967e-04	-1.513921e-02	-8.348003e-03	-6.791210e-03
986           	4.555421e-01	2.289995e-01	2.265426e-01	-3.958400e-01	1.867497e-01	-5.825897e-01	3.846697e-01	1.228470e-03	-9.117330e-04	-1.527605e-02	-8.549759e-03	-6.726293e-03
987           	4.581327e-01	2.296625e-01	2.284701e-01	-4.115958e-01	1.789643e-01	-5.905601e-01	3.847622e-01	5.962075e-04	-9.441061e-04	-1.586970e-02	-8.878957e-03	-6.990745e-03
988           	4.603249e-01	2.302522e-01	2.300728e-01	-4.195528e-01	1.780922e-01	-5.976450e-01	3.878686e-01	8.971475e-05	-7.328544e-04	-1.619818e-02	-8.831946e-03	-7.366237e-03
989           	4.617555e-01	2.307360e-01	2.310195e-01	-4.217660e-01	1.810256e-01	-6.027916e-01	3.919086e-01	-1.417138e-04	-6.588532e-04	-1.687148e-02	-9.094594e-03	-7.776888e-03
990           	4.623886e-01	2.311970e-01	2.311915e-01	-4.185045e-01	1.874660e-01	-6.059706e-01	3.967183e-01	2.750815e-06	-6.786908e-04	-1.749518e-02	-9.426281e-03	-8.068900e-03
991           	4.617912e-01	2.312363e-01	2.305549e-01	-4.097152e-01	1.955192e-01	-6.052345e-01	4.003769e-01	3.406953e-04	-8.029166e-04	-1.802662e-02	-9.816228e-03	-8.210395e-03
992           	4.604220e-01	2.311021e-01	2.293200e-01	-3.995563e-01	2.029551e-01	-6.025114e-01	4.027332e-01	8.910387e-04	-9.489568e-04	-1.833441e-02	-1.011616e-02	-8.218248e-03
993           	4.581749e-01	2.305418e-01	2.276330e-01	-3.878634e-01	2.091637e-01	-5.970270e-01	4.030953e-01	1.454393e-03	-1.058585e-03	-1.854046e-02	-1.032881e-02	-8.211644e-03
994           	4.558841e-01	2.296337e-01	2.262504e-01	-3.822800e-01	2.106029e-01	-5.928829e-01	4.017429e-01	1.691638e-03	-9.828796e-04	-1.815094e-02	-1.005835e-02	-8.092593e-03
995           	4.534697e-01	2.284561e-01	2.250136e-01	-3.734213e-01	2.131403e-01	-5.865616e-01	3.998509e-01	1.721286e-03	-9.696560e-04	-1.802439e-02	-9.981851e-03	-8.042539e-03
996           	4.517769e-01	2.274362e-01	2.243407e-01	-3.689291e-01	2.131018e-01	-5.820309e-01	3.975663e-01	1.547747e-03	-9.267750e-04	-1.800590e-02	-9.929723e-03	-8.076173e-03
997           	4.507150e-01	2.266026e-01	2.241124e-01	-3.633102e-01	2.137900e-01	-5.771002e-01	3.954451e-01	1.245146e-03	-1.019684e-03	-1.834437e-02	-1.019187e-02	-8.152503e-03
998           	4.508907e-01	2.265090e-01	2.243817e-01	-3.612011e-01	2.135085e-01	-5.747097e-01	3.941091e-01	1.063661e-03	-1.220677e-03	-1.888841e-02	-1.066488e-02	-8.223530e-03
999           	4.518627e-01	2.271435e-01	2.247192e-01	-3.640049e-01	2.104278e-01	-5.744328e-01	3.924303e-01	1.212177e-03	-1.590192e-03	-1.943999e-02	-1.131019e-02	-8.129805e-03
1000          	4.537528e-01	2.282221e-01	2.255307e-01	-3.742309e-01	2.036018e-01	-5.778327e-01	3.907173e-01	1.345708e-03	-2.003536e-03	-1.972728e-02	-1.186718e-02	-7.860104e-03
1001          	4.557319e-01	2.291489e-01	2.265830e-01	-3.886774e-01	1.940898e-01	-5.827672e-01	3.884285e-01	1.282926e-03	-2.370789e-03	-2.003214e-02	-1.238686e-02	-7.645282e-03
1002          	4.576771e-01	2.298482e-01	2.278289e-01	-4.030709e-01	1.858375e-01	-5.889084e-01	3.873730e-01	1.009654e-03	-2.559712e-03	-2.038513e-02	-1.275228e-02	-7.632851e-03
1003          	4.590485e-01	2.300659e-01	2.289826e-01	-4.124370e-01	1.812953e-01	-5.937323e-01	3.875138e-01	5.416439e-04	-2.636318e-03	-2.086672e-02	-1.306968e-02	-7.797042e-03
1004          	4.599983e-01	2.300402e-01	2.299581e-01	-4.159323e-01	1.818863e-01	-5.978186e-01	3.898525e-01	4.105414e-05	-2.683896e-03	-2.139491e-02	-1.338135e-02	-8.013558e-03
1005          	4.601241e-01	2.297590e-01	2.303651e-01	-4.126601e-01	1.868816e-01	-5.995417e-01	3.932117e-01	-3.030795e-04	-2.846616e-03	-2.194990e-02	-1.382156e-02	-8.128332e-03
1006          	4.596724e-01	2.293688e-01	2.303037e-01	-4.052156e-01	1.944767e-01	-5.996923e-01	3.970845e-01	-4.674555e-04	-3.003918e-03	-2.239554e-02	-1.420169e-02	-8.193851e-03
1007          	4.584816e-01	2.288391e-01	2.296425e-01	-3.952977e-01	2.021016e-01	-5.973993e-01	3.997504e-01	-4.016802e-04	-3.111485e-03	-2.261326e-02	-1.441812e-02	-8.195146e-03
1008          	4.570812e-01	2.284440e-01	2.286371e-01	-3.860293e-01	2.082707e-01	-5.943000e-01	4.012853e-01	-9.653766e-05	-2.991076e-03	-2.238667e-02	-1.418441e-02	-8.202258e-03
1009          	4.554956e-01	2.279958e-01	2.274998e-01	-3.770052e-01	2.124747e-01	-5.894799e-01	4.009773e-01	2.480131e-04	-2.565702e-03	-2.156855e-02	-1.334998e-02	-8.218572e-03
1010          	4.544107e-01	2.276973e-01	2.267134e-01	-3.699197e-01	2.149415e-01	-5.848612e-01	3.999014e-01	4.919808e-04	-1.995851e-03	-2.027979e-02	-1.213574e-02	-8.144044e-03
1011          	4.535736e-01	2.273188e-01	2.262548e-01	-3.632513e-01	2.158914e-01	-5.791427e-01	3.975171e-01	5.320110e-04	-1.478986e-03	-1.895273e-02	-1.095535e-02	-7.997379e-03
1012          	4.536451e-01	2.272433e-01	2.264019e-01	-3.586906e-01	2.160274e-01	-5.747180e-01	3.953727e-01	4.206787e-04	-1.084328e-03	-1.767723e-02	-9.922945e-03	-7.754289e-03
1013          	4.543741e-01	2.273386e-01	2.270354e-01	-3.550100e-01	2.154829e-01	-5.704929e-01	3.929879e-01	1.516165e-04	-9.004625e-04	-1.691668e-02	-9.358801e-03	-7.557876e-03
1014          	4.562208e-01	2.280641e-01	2.281567e-01	-3.573590e-01	2.122647e-01	-5.696237e-01	3.909442e-01	-4.629339e-05	-1.101373e-03	-1.666691e-02	-9.434828e-03	-7.232083e-03
1015          	4.581908e-01	2.287621e-01	2.294287e-01	-3.645154e-01	2.059317e-01	-5.704471e-01	3.881894e-01	-3.332782e-04	-1.522731e-03	-1.697527e-02	-1.001036e-02	-6.964903e-03
1016          	4.606412e-01	2.295652e-01	2.310760e-01	-3.801412e-01	1.951325e-01	-5.752737e-01	3.852031e-01	-7.553894e-04	-1.991275e-03	-1.752673e-02	-1.075464e-02	-6.772090e-03
1017          	4.622642e-01	2.299262e-01	2.323380e-01	-3.911764e-01	1.881039e-01	-5.792802e-01	3.836920e-01	-1.205894e-03	-2.235538e-03	-1.820769e-02	-1.133938e-02	-6.868305e-03
1018          	4.636226e-01	2.303386e-01	2.332840e-01	-4.041129e-01	1.817459e-01	-5.858589e-01	3.838024e-01	-1.472724e-03	-2.210158e-03	-1.901119e-02	-1.171576e-02	-7.295439e-03
1019          	4.637926e-01	2.304231e-01	2.333695e-01	-4.129699e-01	1.789847e-01	-5.919546e-01	3.854697e-01	-1.473195e-03	-1.861273e-03	-2.003401e-02	-1.187828e-02	-8.155730e-03
1020          	4.635360e-01	2.306057e-01	2.329303e-01	-4.106996e-01	1.848574e-01	-5.955569e-01	3.902072e-01	-1.162291e-03	-1.445356e-03	-2.076640e-02	-1.182856e-02	-8.937845e-03
1021          	4.624239e-01	2.305120e-01	2.319119e-01	-4.040215e-01	1.926926e-01	-5.967141e-01	3.947033e-01	-6.999405e-04	-1.005435e-03	-2.121798e-02	-1.161443e-02	-9.603557e-03
1022          	4.610812e-01	2.303249e-01	2.307563e-01	-3.971843e-01	2.000900e-01	-5.972743e-01	3.986821e-01	-2.156724e-04	-5.813179e-04	-2.125594e-02	-1.120929e-02	-1.004665e-02
1023          	4.592301e-01	2.298310e-01	2.293991e-01	-3.904739e-01	2.049682e-01	-5.954421e-01	4.002051e-01	2.159525e-04	-2.074896e-04	-2.108052e-02	-1.074775e-02	-1.033277e-02
1024          	4.572707e-01	2.290835e-01	2.281872e-01	-3.842348e-01	2.078361e-01	-5.920709e-01	3.999535e-01	4.481212e-04	1.807929e-04	-2.078029e-02	-1.020935e-02	-1.057094e-02
1025          	4.551429e-01	2.279280e-01	2.272149e-01	-3.769874e-01	2.087284e-01	-5.857157e-01	3.972221e-01	3.565415e-04	5.341454e-04	-2.049091e-02	-9.711311e-03	-1.077960e-02
1026          	4.535773e-01	2.267968e-01	2.267805e-01	-3.689543e-01	2.095439e-01	-5.784982e-01	3.940210e-01	8.182856e-06	7.734957e-04	-2.046772e-02	-9.460364e-03	-1.100736e-02
1027          	4.524409e-01	2.258777e-01	2.265632e-01	-3.620981e-01	2.093683e-01	-5.714664e-01	3.904173e-01	-3.427417e-04	9.006762e-04	-2.063927e-02	-9.418960e-03	-1.122031e-02
1028          	4.522815e-01	2.254654e-01	2.268161e-01	-3.550893e-01	2.105758e-01	-5.656652e-01	3.881205e-01	-6.753348e-04	7.276008e-04	-2.137426e-02	-9.959531e-03	-1.141473e-02
1029          	4.526532e-01	2.256652e-01	2.269880e-01	-3.525628e-01	2.097864e-01	-5.623492e-01	3.860678e-01	-6.614129e-04	5.134909e-04	-2.188333e-02	-1.042818e-02	-1.145516e-02
1030          	4.537749e-01	2.266051e-01	2.271697e-01	-3.560687e-01	2.066244e-01	-5.626931e-01	3.846588e-01	-2.822857e-04	-9.027387e-06	-2.249872e-02	-1.125839e-02	-1.124033e-02
1031          	4.548835e-01	2.275472e-01	2.273363e-01	-3.644172e-01	2.004928e-01	-5.649100e-01	3.827014e-01	1.054791e-04	-5.402356e-04	-2.286835e-02	-1.197441e-02	-1.089394e-02
1032          	4.560357e-01	2.282640e-01	2.277717e-01	-3.779541e-01	1.920580e-01	-5.700121e-01	3.810350e-01	2.461233e-04	-9.313755e-04	-2.326890e-02	-1.256582e-02	-1.070307e-02
1033          	4.567668e-01	2.285268e-01	2.282400e-01	-3.908571e-01	1.842683e-01	-5.751254e-01	3.796969e-01	1.433843e-04	-1.151003e-03	-2.377526e-02	-1.303863e-02	-1.073663e-02
1034          	4.572528e-01	2.284096e-01	2.288432e-01	-4.001373e-01	1.799197e-01	-5.800570e-01	3.799883e-01	-2.167754e-04	-1.222042e-03	-2.427068e-02	-1.335738e-02	-1.091330e-02
1035          	4.572571e-01	2.278449e-01	2.294122e-01	-4.028715e-01	1.801007e-01	-5.829723e-01	3.815365e-01	-7.836558e-04	-1.276868e-03	-2.458565e-02	-1.356970e-02	-1.101596e-02
1036          	4.569530e-01	2.270878e-01	2.298652e-01	-4.000188e-01	1.844221e-01	-5.844409e-01	3.844315e-01	-1.388689e-03	-1.378284e-03	-2.455715e-02	-1.365686e-02	-1.090029e-02
1037          	4.559658e-01	2.259164e-01	2.300494e-01	-3.912830e-01	1.913972e-01	-5.826803e-01	3.870388e-01	-2.066513e-03	-1.527830e-03	-2.414008e-02	-1.359787e-02	-1.054221e-02
1038          	4.545009e-01	2.246461e-01	2.298548e-01	-3.803016e-01	1.986149e-01	-5.789165e-01	3.887657e-01	-2.604346e-03	-1.656315e-03	-2.340838e-02	-1.336050e-02	-1.004787e-02
1039          	4.525229e-01	2.232100e-01	2.293129e-01	-3.692469e-01	2.040040e-01	-5.732509e-01	3.886275e-01	-3.051459e-03	-1.658692e-03	-2.232071e-02	-1.281905e-02	-9.501665e-03
1040          	4.506680e-01	2.219937e-01	2.286744e-01	-3.605633e-01	2.074138e-01	-5.679771e-01	3.876955e-01	-3.340344e-03	-1.473018e-03	-2.104372e-02	-1.199488e-02	-9.048840e-03
1041          	4.490593e-01	2.209818e-01	2.280775e-01	-3.526524e-01	2.097780e-01	-5.624304e-01	3.861042e-01	-3.547859e-03	-1.107971e-03	-1.973393e-02	-1.097494e-02	-8.758995e-03
1042          	4.484496e-01	2.205763e-01	2.278733e-01	-3.463045e-01	2.123446e-01	-5.586492e-01	3.854969e-01	-3.648508e-03	-6.615965e-04	-1.841430e-02	-9.868745e-03	-8.545552e-03
1043          	4.489592e-01	2.209482e-01	2.280110e-01	-3.436412e-01	2.128958e-01	-5.565371e-01	3.847164e-01	-3.531373e-03	-3.009338e-04	-1.759622e-02	-9.099043e-03	-8.497175e-03
1044          	4.505576e-01	2.221105e-01	2.284471e-01	-3.444606e-01	2.120569e-01	-5.565175e-01	3.842872e-01	-3.168318e-03	-1.168062e-04	-1.703044e-02	-8.632026e-03	-8.398414e-03
1045          	4.529970e-01	2.238489e-01	2.291481e-01	-3.506556e-01	2.077936e-01	-5.584493e-01	3.831215e-01	-2.649577e-03	-1.313982e-04	-1.621436e-02	-8.238580e-03	-7.975784e-03
1046          	4.557774e-01	2.257469e-01	2.300305e-01	-3.636118e-01	1.996432e-01	-5.632550e-01	3.814491e-01	-2.141775e-03	-3.277436e-04	-1.547505e-02	-8.065269e-03	-7.409782e-03
1047          	4.577032e-01	2.268087e-01	2.308945e-01	-3.767598e-01	1.908698e-01	-5.676296e-01	3.792497e-01	-2.042882e-03	-5.390872e-04	-1.500520e-02	-8.041687e-03	-6.963513e-03
1048          	4.595909e-01	2.277299e-01	2.318609e-01	-3.926579e-01	1.812801e-01	-5.739380e-01	3.776091e-01	-2.065497e-03	-6.569139e-04	-1.484173e-02	-8.077780e-03	-6.763952e-03
1049          	4.607184e-01	2.280104e-01	2.327080e-01	-3.996225e-01	1.780213e-01	-5.776438e-01	3.778326e-01	-2.348820e-03	-6.488120e-04	-1.510355e-02	-8.200586e-03	-6.902962e-03
1050          	4.613245e-01	2.280675e-01	2.332570e-01	-4.036028e-01	1.774914e-01	-5.810942e-01	3.792928e-01	-2.594751e-03	-5.420207e-04	-1.548114e-02	-8.282589e-03	-7.198547e-03
1051          	4.613256e-01	2.278916e-01	2.334340e-01	-3.998457e-01	1.820580e-01	-5.819037e-01	3.819809e-01	-2.771231e-03	-4.913046e-04	-1.603416e-02	-8.508384e-03	-7.525775e-03
1052          	4.602513e-01	2.273418e-01	2.329095e-01	-3.881783e-01	1.909081e-01	-5.790864e-01	3.849972e-01	-2.783827e-03	-3.813351e-04	-1.631460e-02	-8.538637e-03	-7.775966e-03
1053          	4.586487e-01	2.266539e-01	2.319947e-01	-3.769847e-01	1.983718e-01	-5.753566e-01	3.868642e-01	-2.670402e-03	-2.823525e-04	-1.637125e-02	-8.467978e-03	-7.903273e-03
1054          	4.567859e-01	2.260122e-01	2.307737e-01	-3.681270e-01	2.039533e-01	-5.720803e-01	3.880168e-01	-2.380729e-03	-1.292360e-04	-1.614665e-02	-8.202563e-03	-7.944091e-03
1055          	4.546036e-01	2.252074e-01	2.293961e-01	-3.621052e-01	2.068778e-01	-5.689831e-01	3.879304e-01	-2.094342e-03	1.390994e-04	-1.575281e-02	-7.737305e-03	-8.015504e-03
1056          	4.524545e-01	2.243434e-01	2.281111e-01	-3.560559e-01	2.102401e-01	-5.662960e-01	3.882681e-01	-1.883880e-03	5.613902e-04	-1.495299e-02	-6.915106e-03	-8.037886e-03
1057          	4.507680e-01	2.236349e-01	2.271330e-01	-3.535561e-01	2.111660e-01	-5.647221e-01	3.879441e-01	-1.749032e-03	9.050012e-04	-1.465629e-02	-6.423145e-03	-8.233147e-03
1058          	4.500831e-01	2.233403e-01	2.267428e-01	-3.523903e-01	2.128059e-01	-5.651962e-01	3.890011e-01	-1.701218e-03	1.225699e-03	-1.419777e-02	-5.873186e-03	-8.324584e-03
1059          	4.495669e-01	2.233312e-01	2.262356e-01	-3.530833e-01	2.126606e-01	-5.657439e-01	3.892022e-01	-1.452222e-03	1.308132e-03	-1.441571e-02	-5.899723e-03	-8.515987e-03
1060          	4.499985e-01	2.240803e-01	2.259182e-01	-3.593193e-01	2.103299e-01	-5.696493e-01	3.899896e-01	-9.189127e-04	1.120837e-03	-1.466330e-02	-6.210813e-03	-8.452488e-03
1061          	4.505422e-01	2.250829e-01	2.254593e-01	-3.699122e-01	2.044827e-01	-5.743949e-01	3.894388e-01	-1.881674e-04	6.725426e-04	-1.484101e-02	-6.747964e-03	-8.093049e-03
1062          	4.513618e-01	2.260380e-01	2.253239e-01	-3.884366e-01	1.935995e-01	-5.820360e-01	3.878178e-01	3.570564e-04	4.756639e-05	-1.507563e-02	-7.490247e-03	-7.585380e-03
1063          	4.516417e-01	2.262350e-01	2.254067e-01	-3.999755e-01	1.856175e-01	-5.855930e-01	3.856052e-01	4.141386e-04	-3.211075e-04	-1.531666e-02	-7.979438e-03	-7.337224e-03
1064          	4.516186e-01	2.259733e-01	2.256453e-01	-4.142600e-01	1.756197e-01	-5.898797e-01	3.827497e-01	1.639794e-04	-6.221988e-04	-1.616505e-02	-8.704723e-03	-7.460325e-03
1065          	4.514300e-01	2.253690e-01	2.260610e-01	-4.168583e-01	1.733645e-01	-5.902227e-01	3.817936e-01	-3.460141e-04	-6.584101e-04	-1.693834e-02	-9.127581e-03	-7.810761e-03
1066          	4.512750e-01	2.246907e-01	2.265843e-01	-4.140106e-01	1.756947e-01	-5.897053e-01	3.827000e-01	-9.468337e-04	-7.256256e-04	-1.775778e-02	-9.604516e-03	-8.153265e-03
1067          	4.508578e-01	2.239054e-01	2.269524e-01	-4.059249e-01	1.816005e-01	-5.875254e-01	3.845629e-01	-1.523529e-03	-8.656319e-04	-1.839738e-02	-1.006432e-02	-8.333058e-03
1068          	4.506285e-01	2.233778e-01	2.272507e-01	-3.982754e-01	1.876883e-01	-5.859637e-01	3.868260e-01	-1.936424e-03	-1.038379e-03	-1.858916e-02	-1.033296e-02	-8.256201e-03
1069          	4.496332e-01	2.227097e-01	2.269235e-01	-3.841725e-01	1.967187e-01	-5.808912e-01	3.888049e-01	-2.106910e-03	-1.335689e-03	-1.900996e-02	-1.084067e-02	-8.169291e-03
1070          	4.490376e-01	2.224657e-01	2.265719e-01	-3.768393e-01	2.011962e-01	-5.780355e-01	3.896158e-01	-2.053122e-03	-1.506872e-03	-1.887269e-02	-1.094322e-02	-7.929476e-03
1071          	4.484748e-01	2.224392e-01	2.260356e-01	-3.685761e-01	2.054483e-01	-5.740244e-01	3.897363e-01	-1.798226e-03	-1.555585e-03	-1.877526e-02	-1.094321e-02	-7.832043e-03
1072          	4.483567e-01	2.227497e-01	2.256070e-01	-3.631382e-01	2.079235e-01	-5.710617e-01	3.894926e-01	-1.428641e-03	-1.474272e-03	-1.852277e-02	-1.073566e-02	-7.787113e-03
1073          	4.484616e-01	2.232684e-01	2.251933e-01	-3.584856e-01	2.094882e-01	-5.679739e-01	3.887311e-01	-9.624276e-04	-1.245945e-03	-1.836237e-02	-1.042713e-02	-7.935240e-03
1074          	4.492816e-01	2.241741e-01	2.251076e-01	-3.554719e-01	2.102454e-01	-5.657173e-01	3.879813e-01	-4.667373e-04	-9.679618e-04	-1.832022e-02	-1.012807e-02	-8.192147e-03
1075          	4.500889e-01	2.251204e-01	2.249685e-01	-3.545840e-01	2.090300e-01	-5.636139e-01	3.863220e-01	7.594875e-05	-6.234754e-04	-1.815787e-02	-9.702409e-03	-8.455458e-03
1076          	4.517600e-01	2.265566e-01	2.252034e-01	-3.601543e-01	2.039875e-01	-5.641418e-01	3.840646e-01	6.766320e-04	-5.202934e-04	-1.797310e-02	-9.506842e-03	-8.466255e-03
1077          	4.531025e-01	2.273755e-01	2.257269e-01	-3.673878e-01	1.974971e-01	-5.648848e-01	3.811910e-01	8.243171e-04	-3.682616e-04	-1.739807e-02	-9.067298e-03	-8.330775e-03
1078          	4.547760e-01	2.279127e-01	2.268633e-01	-3.811906e-01	1.869808e-01	-5.681715e-01	3.775761e-01	5.246656e-04	-3.593940e-04	-1.694383e-02	-8.831307e-03	-8.112519e-03
1079          	4.561378e-01	2.278695e-01	2.282682e-01	-3.894238e-01	1.804530e-01	-5.698769e-01	3.751649e-01	-1.993470e-04	-1.362576e-04	-1.633458e-02	-8.303548e-03	-8.031033e-03
1080          	4.575279e-01	2.276493e-01	2.298786e-01	-3.936351e-01	1.777005e-01	-5.713357e-01	3.745181e-01	-1.114663e-03	1.588865e-04	-1.574044e-02	-7.711335e-03	-8.029108e-03
1081          	4.587017e-01	2.274210e-01	2.312806e-01	-3.930138e-01	1.795732e-01	-5.725870e-01	3.760801e-01	-1.929799e-03	5.062935e-04	-1.497707e-02	-6.982244e-03	-7.994831e-03
1082          	4.593635e-01	2.271890e-01	2.321745e-01	-3.876672e-01	1.855226e-01	-5.731898e-01	3.793562e-01	-2.492739e-03	7.154321e-04	-1.417958e-02	-6.374357e-03	-7.805221e-03
1083          	4.595228e-01	2.270107e-01	2.325121e-01	-3.823204e-01	1.918480e-01	-5.741683e-01	3.830082e-01	-2.750705e-03	8.801168e-04	-1.319432e-02	-5.717041e-03	-7.477274e-03
1084          	4.589163e-01	2.268542e-01	2.320621e-01	-3.724804e-01	2.015834e-01	-5.740639e-01	3.878236e-01	-2.603927e-03	9.581296e-04	-1.206427e-02	-5.074007e-03	-6.990267e-03
1085          	4.578442e-01	2.266050e-01	2.312392e-01	-3.682329e-01	2.063031e-01	-5.745360e-01	3.904196e-01	-2.317119e-03	9.726622e-04	-1.104385e-02	-4.549263e-03	-6.494588e-03
1086          	4.564718e-01	2.263227e-01	2.301491e-01	-3.645562e-01	2.109585e-01	-5.755146e-01	3.932366e-01	-1.913163e-03	1.142814e-03	-9.650869e-03	-3.682620e-03	-5.968249e-03
1087          	4.550174e-01	2.257805e-01	2.292369e-01	-3.631732e-01	2.123226e-01	-5.754957e-01	3.939092e-01	-1.728191e-03	1.235523e-03	-8.733753e-03	-3.131353e-03	-5.602399e-03
1088          	4.538267e-01	2.251080e-01	2.287187e-01	-3.612444e-01	2.141645e-01	-5.754089e-01	3.947867e-01	-1.805355e-03	1.355064e-03	-7.765059e-03	-2.527466e-03	-5.237593e-03
1089          	4.531293e-01	2.244829e-01	2.286463e-01	-3.590251e-01	2.153168e-01	-5.743419e-01	3.948294e-01	-2.081703e-03	1.346651e-03	-7.338643e-03	-2.322671e-03	-5.015972e-03
1090          	4.532153e-01	2.241694e-01	2.290459e-01	-3.568726e-01	2.156779e-01	-5.725506e-01	3.941142e-01	-2.438244e-03	1.080727e-03	-7.490701e-03	-2.664624e-03	-4.826078e-03
1091          	4.540223e-01	2.244127e-01	2.296096e-01	-3.573119e-01	2.138496e-01	-5.711614e-01	3.925055e-01	-2.598484e-03	5.421072e-04	-7.995003e-03	-3.455394e-03	-4.539609e-03
1092          	4.556930e-01	2.252911e-01	2.304018e-01	-3.644296e-01	2.077970e-01	-5.722266e-01	3.900118e-01	-2.555364e-03	-2.521319e-04	-8.631184e-03	-4.567724e-03	-4.063460e-03
1093          	4.571761e-01	2.260467e-01	2.311294e-01	-3.737925e-01	2.004781e-01	-5.742706e-01	3.873743e-01	-2.541362e-03	-9.531886e-04	-9.639552e-03	-5.772964e-03	-3.866587e-03
1094          	4.589177e-01	2.268671e-01	2.320507e-01	-3.882799e-01	1.897331e-01	-5.780130e-01	3.838731e-01	-2.591819e-03	-1.609195e-03	-1.083898e-02	-7.028687e-03	-3.810298e-03
1095          	4.601932e-01	2.274685e-01	2.327247e-01	-3.951053e-01	1.852332e-01	-5.803386e-01	3.827859e-01	-2.628076e-03	-2.071765e-03	-1.228279e-02	-8.213161e-03	-4.069631e-03
1096          	4.612896e-01	2.279699e-01	2.333197e-01	-3.995540e-01	1.833858e-01	-5.829398e-01	3.831628e-01	-2.674870e-03	-2.507573e-03	-1.364965e-02	-9.332397e-03	-4.317252e-03
1097          	4.615905e-01	2.281899e-01	2.334006e-01	-3.975682e-01	1.866682e-01	-5.842364e-01	3.854523e-01	-2.605370e-03	-2.936241e-03	-1.483064e-02	-1.035156e-02	-4.479080e-03
1098          	4.612155e-01	2.282643e-01	2.329513e-01	-3.908053e-01	1.939815e-01	-5.847869e-01	3.893842e-01	-2.343499e-03	-3.387859e-03	-1.584023e-02	-1.130797e-02	-4.532256e-03
1099          	4.597510e-01	2.279788e-01	2.317723e-01	-3.790582e-01	2.039141e-01	-5.829723e-01	3.934432e-01	-1.896757e-03	-3.747466e-03	-1.661659e-02	-1.205576e-02	-4.560829e-03
1100          	4.582615e-01	2.277432e-01	2.305184e-01	-3.729203e-01	2.091111e-01	-5.820314e-01	3.955713e-01	-1.387602e-03	-4.127471e-03	-1.726678e-02	-1.276086e-02	-4.505919e-03
1101          	4.562343e-01	2.273403e-01	2.288940e-01	-3.657587e-01	2.135569e-01	-5.793156e-01	3.964363e-01	-7.768579e-04	-4.217048e-03	-1.761721e-02	-1.302565e-02	-4.591559e-03
1102          	4.543821e-01	2.268955e-01	2.274866e-01	-3.604728e-01	2.151709e-01	-5.756438e-01	3.954074e-01	-2.955310e-04	-4.102293e-03	-1.767643e-02	-1.294051e-02	-4.735920e-03
1103          	4.528729e-01	2.264417e-01	2.264312e-01	-3.538776e-01	2.164517e-01	-5.703293e-01	3.933905e-01	5.245009e-06	-3.809798e-03	-1.769889e-02	-1.265925e-02	-5.039649e-03
1104          	4.523235e-01	2.262796e-01	2.260439e-01	-3.490988e-01	2.158795e-01	-5.649783e-01	3.904289e-01	1.178082e-04	-3.526273e-03	-1.768618e-02	-1.236936e-02	-5.316815e-03
1105          	4.524711e-01	2.263406e-01	2.261305e-01	-3.441181e-01	2.153423e-01	-5.594604e-01	3.874014e-01	1.050343e-04	-3.324713e-03	-1.779215e-02	-1.222079e-02	-5.571360e-03
1106          	4.535390e-01	2.268499e-01	2.266891e-01	-3.420215e-01	2.137553e-01	-5.557768e-01	3.847660e-01	8.039988e-05	-3.341480e-03	-1.798362e-02	-1.233329e-02	-5.650330e-03
1107          	4.550980e-01	2.276721e-01	2.274259e-01	-3.449055e-01	2.091213e-01	-5.540268e-01	3.815741e-01	1.230623e-04	-3.595076e-03	-1.823072e-02	-1.271043e-02	-5.520283e-03
1108          	4.571180e-01	2.284364e-01	2.286817e-01	-3.540087e-01	2.013947e-01	-5.554034e-01	3.783990e-01	-1.226523e-04	-3.975187e-03	-1.854701e-02	-1.324869e-02	-5.298315e-03
1109          	4.589513e-01	2.289408e-01	2.300105e-01	-3.666127e-01	1.923184e-01	-5.589311e-01	3.756247e-01	-5.348044e-04	-4.302665e-03	-1.909820e-02	-1.385176e-02	-5.246433e-03
1110          	4.605324e-01	2.292560e-01	2.312764e-01	-3.791668e-01	1.851387e-01	-5.643055e-01	3.747221e-01	-1.010238e-03	-4.482447e-03	-1.988616e-02	-1.442553e-02	-5.460632e-03
1111          	4.614356e-01	2.293451e-01	2.320905e-01	-3.871857e-01	1.826603e-01	-5.698460e-01	3.762532e-01	-1.372694e-03	-4.554252e-03	-2.092672e-02	-1.501761e-02	-5.909108e-03
1112          	4.617211e-01	2.292565e-01	2.324646e-01	-3.910370e-01	1.844591e-01	-5.754961e-01	3.799776e-01	-1.604032e-03	-4.470228e-03	-2.152102e-02	-1.523074e-02	-6.290281e-03
1113          	4.612112e-01	2.290955e-01	2.321157e-01	-3.890564e-01	1.904871e-01	-5.795436e-01	3.850154e-01	-1.510089e-03	-4.415016e-03	-2.190105e-02	-1.536554e-02	-6.535508e-03
1114          	4.601445e-01	2.288186e-01	2.313259e-01	-3.838545e-01	1.977510e-01	-5.816055e-01	3.896782e-01	-1.253678e-03	-4.280480e-03	-2.190583e-02	-1.523340e-02	-6.672436e-03
1115          	4.582912e-01	2.283056e-01	2.299856e-01	-3.761563e-01	2.041784e-01	-5.803347e-01	3.922566e-01	-8.399571e-04	-4.026108e-03	-2.155865e-02	-1.480543e-02	-6.753216e-03
1116          	4.559287e-01	2.274457e-01	2.284829e-01	-3.673959e-01	2.084831e-01	-5.758791e-01	3.921811e-01	-5.185946e-04	-3.685608e-03	-2.100635e-02	-1.418878e-02	-6.817568e-03
1117          	4.533674e-01	2.263152e-01	2.270523e-01	-3.589350e-01	2.101974e-01	-5.691324e-01	3.896649e-01	-3.685380e-04	-3.282647e-03	-2.050346e-02	-1.353438e-02	-6.969083e-03
1118          	4.507053e-01	2.247269e-01	2.259784e-01	-3.475581e-01	2.127374e-01	-5.602955e-01	3.865164e-01	-6.257676e-04	-2.721931e-03	-1.967480e-02	-1.255933e-02	-7.115468e-03
1119          	4.489982e-01	2.235986e-01	2.253996e-01	-3.403703e-01	2.127720e-01	-5.531423e-01	3.829572e-01	-9.004892e-04	-2.219197e-03	-1.916430e-02	-1.180135e-02	-7.362952e-03
1120          	4.481422e-01	2.225565e-01	2.255857e-01	-3.332996e-01	2.137096e-01	-5.470092e-01	3.803594e-01	-1.514567e-03	-1.894810e-03	-1.864321e-02	-1.121642e-02	-7.426795e-03
1121          	4.483683e-01	2.223518e-01	2.260165e-01	-3.312989e-01	2.125608e-01	-5.438597e-01	3.782103e-01	-1.832388e-03	-1.670535e-03	-1.823380e-02	-1.078743e-02	-7.446364e-03
1122          	4.496369e-01	2.229731e-01	2.266638e-01	-3.360437e-01	2.082670e-01	-5.443107e-01	3.762888e-01	-1.845364e-03	-1.904658e-03	-1.817095e-02	-1.099013e-02	-7.180815e-03
1123          	4.512611e-01	2.239164e-01	2.273447e-01	-3.455853e-01	2.015420e-01	-5.471273e-01	3.743346e-01	-1.714187e-03	-2.057273e-03	-1.777720e-02	-1.094587e-02	-6.831328e-03
1124          	4.533449e-01	2.250118e-01	2.283332e-01	-3.627412e-01	1.906732e-01	-5.534143e-01	3.720437e-01	-1.660712e-03	-2.396759e-03	-1.797378e-02	-1.138365e-02	-6.590131e-03
1125          	4.551235e-01	2.259538e-01	2.291697e-01	-3.769644e-01	1.826950e-01	-5.596594e-01	3.711772e-01	-1.607966e-03	-2.417730e-03	-1.802111e-02	-1.142829e-02	-6.592827e-03
1126          	4.566519e-01	2.266502e-01	2.300017e-01	-3.881331e-01	1.781733e-01	-5.663064e-01	3.722399e-01	-1.675741e-03	-2.306368e-03	-1.823867e-02	-1.142570e-02	-6.812968e-03
1127          	4.577296e-01	2.271680e-01	2.305616e-01	-3.937622e-01	1.786293e-01	-5.723915e-01	3.755104e-01	-1.696781e-03	-2.191048e-03	-1.848884e-02	-1.143547e-02	-7.053373e-03
1128          	4.584055e-01	2.273642e-01	2.310413e-01	-3.939571e-01	1.834300e-01	-5.773870e-01	3.804085e-01	-1.838555e-03	-2.168232e-03	-1.843756e-02	-1.138701e-02	-7.050548e-03
1129          	4.585608e-01	2.272938e-01	2.312670e-01	-3.892969e-01	1.911736e-01	-5.804706e-01	3.858221e-01	-1.986609e-03	-2.284370e-03	-1.817421e-02	-1.137148e-02	-6.802736e-03
1130          	4.582726e-01	2.268612e-01	2.314114e-01	-3.821940e-01	1.990025e-01	-5.811965e-01	3.900995e-01	-2.275062e-03	-2.435561e-03	-1.766075e-02	-1.126594e-02	-6.394813e-03
1131          	4.573618e-01	2.261144e-01	2.312474e-01	-3.738450e-01	2.053954e-01	-5.792405e-01	3.923179e-01	-2.566470e-03	-2.564502e-03	-1.704614e-02	-1.108757e-02	-5.958566e-03
1132          	4.560393e-01	2.249870e-01	2.310523e-01	-3.667174e-01	2.084707e-01	-5.751881e-01	3.918294e-01	-3.032635e-03	-2.544966e-03	-1.620161e-02	-1.064577e-02	-5.555840e-03
1133          	4.544156e-01	2.236880e-01	2.307276e-01	-3.563071e-01	2.116191e-01	-5.679263e-01	3.897727e-01	-3.519824e-03	-2.407077e-03	-1.540786e-02	-1.011101e-02	-5.296855e-03
1134          	4.531009e-01	2.224809e-01	2.306200e-01	-3.463075e-01	2.136958e-01	-5.600033e-01	3.868495e-01	-4.069580e-03	-2.188232e-03	-1.480126e-02	-9.588860e-03	-5.212396e-03
1135          	4.520875e-01	2.215891e-01	2.304984e-01	-3.357614e-01	2.157704e-01	-5.515318e-01	3.836511e-01	-4.454670e-03	-1.974634e-03	-1.457077e-02	-9.260021e-03	-5.310753e-03
1136          	4.517813e-01	2.214116e-01	2.303697e-01	-3.310003e-01	2.150789e-01	-5.460793e-01	3.805791e-01	-4.479079e-03	-1.881135e-03	-1.484676e-02	-9.304512e-03	-5.542243e-03
1137          	4.517764e-01	2.218462e-01	2.299302e-01	-3.298941e-01	2.120986e-01	-5.419928e-01	3.770457e-01	-4.042033e-03	-2.015735e-03	-1.530500e-02	-9.668236e-03	-5.636766e-03
1138          	4.524002e-01	2.227891e-01	2.296111e-01	-3.344867e-01	2.065005e-01	-5.409872e-01	3.737439e-01	-3.411015e-03	-2.405318e-03	-1.595108e-02	-1.038086e-02	-5.570223e-03
1139          	4.529841e-01	2.237279e-01	2.292562e-01	-3.465283e-01	1.965031e-01	-5.430314e-01	3.697672e-01	-2.764114e-03	-2.883735e-03	-1.676080e-02	-1.126414e-02	-5.496666e-03
1140          	4.539803e-01	2.244068e-01	2.295735e-01	-3.567492e-01	1.890546e-01	-5.458038e-01	3.674292e-01	-2.583359e-03	-3.262400e-03	-1.804164e-02	-1.228322e-02	-5.758422e-03
1141          	4.546289e-01	2.247433e-01	2.298856e-01	-3.692074e-01	1.810994e-01	-5.503068e-01	3.657031e-01	-2.571120e-03	-3.346244e-03	-1.932763e-02	-1.301006e-02	-6.317571e-03
1142          	4.554440e-01	2.250148e-01	2.304292e-01	-3.746138e-01	1.800970e-01	-5.547108e-01	3.674039e-01	-2.707229e-03	-3.332256e-03	-2.082504e-02	-1.374478e-02	-7.080264e-03
1143          	4.556735e-01	2.251318e-01	2.305417e-01	-3.770282e-01	1.823699e-01	-5.593981e-01	3.708840e-01	-2.704945e-03	-3.129864e-03	-2.182381e-02	-1.404177e-02	-7.782039e-03
1144          	4.554197e-01	2.251474e-01	2.302723e-01	-3.750980e-01	1.879983e-01	-5.630963e-01	3.755473e-01	-2.562425e-03	-2.877648e-03	-2.232031e-02	-1.403780e-02	-8.282505e-03
1145          	4.544339e-01	2.250328e-01	2.294011e-01	-3.695833e-01	1.953720e-01	-5.649553e-01	3.801637e-01	-2.184147e-03	-2.537002e-03	-2.222066e-02	-1.364733e-02	-8.573329e-03
1146          	4.529361e-01	2.247849e-01	2.281513e-01	-3.651671e-01	2.002121e-01	-5.653792e-01	3.827957e-01	-1.683201e-03	-2.339544e-03	-2.225293e-02	-1.346601e-02	-8.786919e-03
1147          	4.507292e-01	2.240932e-01	2.266360e-01	-3.586324e-01	2.046716e-01	-5.633040e-01	3.839878e-01	-1.271429e-03	-1.848340e-03	-2.137752e-02	-1.253710e-02	-8.840419e-03
1148          	4.485117e-01	2.231560e-01	2.253557e-01	-3.538428e-01	2.056330e-01	-5.594757e-01	3.825543e-01	-1.099868e-03	-1.526454e-03	-2.083768e-02	-1.194529e-02	-8.892386e-03
1149          	4.464341e-01	2.218944e-01	2.245396e-01	-3.470639e-01	2.074796e-01	-5.545435e-01	3.810116e-01	-1.322604e-03	-1.075334e-03	-1.979602e-02	-1.097334e-02	-8.822674e-03
1150          	4.453160e-01	2.209082e-01	2.244078e-01	-3.413434e-01	2.090511e-01	-5.503945e-01	3.797228e-01	-1.749800e-03	-7.468222e-04	-1.885469e-02	-1.017417e-02	-8.680524e-03
1151          	4.451964e-01	2.204529e-01	2.247435e-01	-3.373325e-01	2.107381e-01	-5.480706e-01	3.794044e-01	-2.145279e-03	-5.611853e-04	-1.832902e-02	-9.725696e-03	-8.603325e-03
1152          	4.461775e-01	2.207621e-01	2.254153e-01	-3.374166e-01	2.110856e-01	-5.485022e-01	3.797939e-01	-2.326588e-03	-5.804307e-04	-1.817828e-02	-9.669569e-03	-8.508707e-03
1153          	4.478461e-01	2.219401e-01	2.259061e-01	-3.431938e-01	2.083884e-01	-5.515822e-01	3.799853e-01	-1.983005e-03	-8.888704e-04	-1.835216e-02	-1.006495e-02	-8.287210e-03
1154          	4.499576e-01	2.233961e-01	2.265616e-01	-3.541760e-01	2.028803e-01	-5.570563e-01	3.799683e-01	-1.582745e-03	-1.364969e-03	-1.872687e-02	-1.072840e-02	-7.998464e-03
1155          	4.520612e-01	2.247513e-01	2.273099e-01	-3.685555e-01	1.956227e-01	-5.641782e-01	3.799005e-01	-1.279300e-03	-1.729102e-03	-1.942744e-02	-1.144282e-02	-7.984618e-03
1156          	4.540117e-01	2.258687e-01	2.281430e-01	-3.825363e-01	1.891954e-01	-5.717317e-01	3.804635e-01	-1.137145e-03	-1.850026e-03	-2.035119e-02	-1.202562e-02	-8.325569e-03
1157          	4.555265e-01	2.267355e-01	2.287910e-01	-3.928186e-01	1.858220e-01	-5.786406e-01	3.822313e-01	-1.027737e-03	-1.711023e-03	-2.130837e-02	-1.236521e-02	-8.943160e-03
1158          	4.566367e-01	2.273404e-01	2.292963e-01	-3.983698e-01	1.862256e-01	-5.845954e-01	3.854105e-01	-9.779517e-04	-1.464421e-03	-2.187670e-02	-1.240277e-02	-9.473930e-03
1159          	4.570869e-01	2.277252e-01	2.293617e-01	-3.981688e-01	1.904956e-01	-5.886644e-01	3.895800e-01	-8.182537e-04	-1.214223e-03	-2.179873e-02	-1.211359e-02	-9.685145e-03
1160          	4.569357e-01	2.277502e-01	2.291856e-01	-3.933283e-01	1.973317e-01	-5.906600e-01	3.939958e-01	-7.176969e-04	-1.021474e-03	-2.093693e-02	-1.148994e-02	-9.446994e-03
1161          	4.560949e-01	2.274746e-01	2.286203e-01	-3.858589e-01	2.046910e-01	-5.905498e-01	3.976204e-01	-5.728590e-04	-8.992678e-04	-1.950799e-02	-1.065326e-02	-8.854725e-03
1162          	4.548060e-01	2.269159e-01	2.278902e-01	-3.774325e-01	2.107342e-01	-5.881668e-01	3.994505e-01	-4.871435e-04	-7.757007e-04	-1.774689e-02	-9.649144e-03	-8.097743e-03
1163          	4.532284e-01	2.259405e-01	2.272879e-01	-3.718033e-01	2.122007e-01	-5.840040e-01	3.981024e-01	-6.737020e-04	-6.620022e-04	-1.624630e-02	-8.785155e-03	-7.461150e-03
1164          	4.516316e-01	2.247409e-01	2.268907e-01	-3.641276e-01	2.132626e-01	-5.773903e-01	3.953264e-01	-1.074892e-03	-5.237564e-04	-1.505066e-02	-8.049087e-03	-7.001574e-03
1165          	4.504402e-01	2.236823e-01	2.267578e-01	-3.562464e-01	2.134745e-01	-5.697209e-01	3.915977e-01	-1.537760e-03	-3.561539e-04	-1.447971e-02	-7.596008e-03	-6.883701e-03
1166          	4.499332e-01	2.229967e-01	2.269366e-01	-3.489964e-01	2.133594e-01	-5.623557e-01	3.878575e-01	-1.969951e-03	-2.795655e-04	-1.444616e-02	-7.502643e-03	-6.943512e-03
1167          	4.500318e-01	2.228191e-01	2.272126e-01	-3.432345e-01	2.128652e-01	-5.560996e-01	3.844824e-01	-2.196764e-03	-2.667784e-04	-1.473843e-02	-7.635995e-03	-7.102438e-03
1168          	4.509631e-01	2.232527e-01	2.277105e-01	-3.411856e-01	2.108208e-01	-5.520065e-01	3.814136e-01	-2.228909e-03	-5.280687e-04	-1.531110e-02	-8.183621e-03	-7.127483e-03
1169          	4.522709e-01	2.241217e-01	2.281492e-01	-3.452275e-01	2.059831e-01	-5.512106e-01	3.785968e-01	-2.013707e-03	-8.377625e-04	-1.562851e-02	-8.652016e-03	-6.976491e-03
1170          	4.540202e-01	2.250773e-01	2.289430e-01	-3.582177e-01	1.959462e-01	-5.541639e-01	3.750551e-01	-1.932836e-03	-1.348637e-03	-1.634328e-02	-9.520274e-03	-6.823001e-03
1171          	4.555964e-01	2.257460e-01	2.298504e-01	-3.690972e-01	1.890407e-01	-5.581379e-01	3.735893e-01	-2.052173e-03	-1.670787e-03	-1.696508e-02	-1.015333e-02	-6.811753e-03
1172          	4.571158e-01	2.263462e-01	2.307697e-01	-3.808303e-01	1.829390e-01	-5.637692e-01	3.733541e-01	-2.211763e-03	-1.995438e-03	-1.806700e-02	-1.102894e-02	-7.038063e-03
1173          	4.582122e-01	2.267132e-01	2.314990e-01	-3.872924e-01	1.821101e-01	-5.694025e-01	3.757563e-01	-2.392868e-03	-2.199760e-03	-1.921009e-02	-1.180480e-02	-7.405282e-03
1174          	4.588426e-01	2.270803e-01	2.317623e-01	-3.888924e-01	1.858630e-01	-5.747554e-01	3.803092e-01	-2.340990e-03	-2.417363e-03	-2.029911e-02	-1.256692e-02	-7.732191e-03
1175          	4.587372e-01	2.272557e-01	2.314816e-01	-3.862243e-01	1.929137e-01	-5.791380e-01	3.860258e-01	-2.112930e-03	-2.603429e-03	-2.101020e-02	-1.310853e-02	-7.901672e-03
1176          	4.580527e-01	2.273382e-01	2.307145e-01	-3.809085e-01	2.013265e-01	-5.822350e-01	3.917808e-01	-1.688142e-03	-2.726304e-03	-2.132711e-02	-1.338986e-02	-7.937252e-03
1177          	4.563359e-01	2.268556e-01	2.294804e-01	-3.775668e-01	2.059323e-01	-5.834991e-01	3.947157e-01	-1.312389e-03	-2.687990e-03	-2.071208e-02	-1.304403e-02	-7.668051e-03
1178          	4.540432e-01	2.261585e-01	2.278846e-01	-3.726674e-01	2.096692e-01	-5.823366e-01	3.960029e-01	-8.630623e-04	-2.551332e-03	-1.984538e-02	-1.247402e-02	-7.371360e-03
1179          	4.515128e-01	2.249553e-01	2.265575e-01	-3.682038e-01	2.100059e-01	-5.782097e-01	3.941078e-01	-8.011298e-04	-2.251681e-03	-1.855493e-02	-1.152915e-02	-7.025786e-03
1180          	4.490338e-01	2.234733e-01	2.255606e-01	-3.611957e-01	2.109812e-01	-5.721769e-01	3.915791e-01	-1.043654e-03	-1.963246e-03	-1.729717e-02	-1.061183e-02	-6.685341e-03
1181          	4.475519e-01	2.222801e-01	2.252718e-01	-3.557333e-01	2.109304e-01	-5.666638e-01	3.887971e-01	-1.495830e-03	-1.733682e-03	-1.638404e-02	-9.925703e-03	-6.458339e-03
1182          	4.470526e-01	2.213770e-01	2.256755e-01	-3.508628e-01	2.115926e-01	-5.624554e-01	3.870240e-01	-2.149254e-03	-1.692003e-03	-1.587211e-02	-9.628059e-03	-6.244054e-03
1183          	4.476840e-01	2.212239e-01	2.264601e-01	-3.485988e-01	2.113486e-01	-5.599474e-01	3.856480e-01	-2.618081e-03	-1.816501e-03	-1.585308e-02	-9.743039e-03	-6.110037e-03
1184          	4.491520e-01	2.217417e-01	2.274104e-01	-3.517020e-01	2.087046e-01	-5.604066e-01	3.845556e-01	-2.834352e-03	-2.206989e-03	-1.608401e-02	-1.024900e-02	-5.835017e-03
1185          	4.510786e-01	2.226255e-01	2.284531e-01	-3.594398e-01	2.035708e-01	-5.630106e-01	3.832907e-01	-2.913798e-03	-2.660604e-03	-1.655442e-02	-1.093781e-02	-5.616606e-03
1186          	4.530188e-01	2.235334e-01	2.294854e-01	-3.744217e-01	1.942025e-01	-5.686242e-01	3.814134e-01	-2.975974e-03	-3.074750e-03	-1.737492e-02	-1.176221e-02	-5.612708e-03
1187          	4.549167e-01	2.245493e-01	2.303673e-01	-3.849529e-01	1.884148e-01	-5.733677e-01	3.808913e-01	-2.909002e-03	-3.355382e-03	-1.862787e-02	-1.266932e-02	-5.958555e-03
1188          	4.560616e-01	2.253505e-01	2.307111e-01	-3.955993e-01	1.832527e-01	-5.788520e-01	3.810524e-01	-2.680302e-03	-3.399931e-03	-2.009136e-02	-1.344561e-02	-6.645748e-03
1189          	4.567430e-01	2.261162e-01	2.306268e-01	-3.982965e-01	1.843242e-01	-5.826208e-01	3.834725e-01	-2.255312e-03	-3.441661e-03	-2.165994e-02	-1.427163e-02	-7.388311e-03
1190          	4.564148e-01	2.266314e-01	2.297834e-01	-3.959162e-01	1.891599e-01	-5.850761e-01	3.871180e-01	-1.576027e-03	-3.291306e-03	-2.279528e-02	-1.468894e-02	-8.106332e-03
1191          	4.554130e-01	2.268515e-01	2.285615e-01	-3.891875e-01	1.963615e-01	-5.855490e-01	3.909553e-01	-8.549952e-04	-3.173503e-03	-2.354590e-02	-1.494646e-02	-8.599449e-03
1192          	4.539249e-01	2.268444e-01	2.270805e-01	-3.819495e-01	2.029702e-01	-5.849197e-01	3.939450e-01	-1.180451e-04	-3.014924e-03	-2.387781e-02	-1.495383e-02	-8.923981e-03
1193          	4.517895e-01	2.263151e-01	2.254744e-01	-3.740593e-01	2.080189e-01	-5.820782e-01	3.950486e-01	4.203713e-04	-2.694118e-03	-2.356554e-02	-1.447689e-02	-9.088652e-03
1194          	4.495291e-01	2.254375e-01	2.240916e-01	-3.670552e-01	2.106207e-01	-5.776760e-01	3.941484e-01	6.729217e-04	-2.261910e-03	-2.288629e-02	-1.370505e-02	-9.181234e-03
1195          	4.473308e-01	2.242917e-01	2.230391e-01	-3.599543e-01	2.113566e-01	-5.713109e-01	3.913338e-01	6.262939e-04	-1.799282e-03	-2.211844e-02	-1.285850e-02	-9.259938e-03
1196          	4.456941e-01	2.231673e-01	2.225268e-01	-3.521116e-01	2.120453e-01	-5.641569e-01	3.881011e-01	3.202902e-04	-1.197901e-03	-2.084217e-02	-1.161899e-02	-9.223182e-03
1197          	4.449907e-01	2.224123e-01	2.225784e-01	-3.450338e-01	2.127488e-01	-5.577826e-01	3.852657e-01	-8.302551e-05	-7.376362e-04	-1.969385e-02	-1.058456e-02	-9.109287e-03
1198          	4.455067e-01	2.224892e-01	2.230176e-01	-3.424349e-01	2.117128e-01	-5.541477e-01	3.829302e-01	-2.641952e-04	-4.304869e-04	-1.892949e-02	-9.895230e-03	-9.034256e-03
1199          	4.471080e-01	2.234963e-01	2.236117e-01	-3.452377e-01	2.084903e-01	-5.537281e-01	3.811092e-01	-5.767203e-05	-4.372028e-04	-1.861370e-02	-9.744055e-03	-8.869650e-03
1200          	4.492810e-01	2.248711e-01	2.244099e-01	-3.530577e-01	2.026865e-01	-5.557443e-01	3.792154e-01	2.305712e-04	-4.020578e-04	-1.781577e-02	-9.309941e-03	-8.505826e-03
1201          	4.518127e-01	2.263664e-01	2.254463e-01	-3.684709e-01	1.925338e-01	-5.610047e-01	3.767692e-01	4.600953e-04	-5.559307e-04	-1.771028e-02	-9.411072e-03	-8.299210e-03
1202          	4.541554e-01	2.275098e-01	2.266456e-01	-3.820219e-01	1.849552e-01	-5.669771e-01	3.759662e-01	4.321279e-04	-4.755098e-04	-1.753848e-02	-9.244748e-03	-8.293728e-03
1203          	4.561275e-01	2.283510e-01	2.277765e-01	-3.951917e-01	1.789804e-01	-5.741721e-01	3.765763e-01	2.872945e-04	-3.895666e-04	-1.799543e-02	-9.387284e-03	-8.608151e-03
1204          	4.576205e-01	2.288056e-01	2.288149e-01	-4.027354e-01	1.780840e-01	-5.808195e-01	3.794518e-01	-4.649647e-06	-2.616121e-04	-1.852535e-02	-9.524288e-03	-9.001064e-03
1205          	4.585011e-01	2.289767e-01	2.295244e-01	-4.042922e-01	1.821263e-01	-5.864185e-01	3.842724e-01	-2.738498e-04	-2.116971e-04	-1.898263e-02	-9.703014e-03	-9.279619e-03
1206          	4.586731e-01	2.289391e-01	2.297340e-01	-4.016306e-01	1.890094e-01	-5.906401e-01	3.898248e-01	-3.974680e-04	-1.783485e-04	-1.924344e-02	-9.800070e-03	-9.443373e-03
1207          	4.579734e-01	2.286528e-01	2.293205e-01	-3.952133e-01	1.973488e-01	-5.925621e-01	3.949555e-01	-3.338592e-04	-1.574339e-04	-1.912630e-02	-9.720583e-03	-9.405715e-03
1208          	4.567421e-01	2.282798e-01	2.284623e-01	-3.869035e-01	2.056694e-01	-5.925729e-01	3.991211e-01	-9.127736e-05	-9.172474e-06	-1.841481e-02	-9.216578e-03	-9.198233e-03
1209          	4.545328e-01	2.273971e-01	2.271358e-01	-3.824655e-01	2.087254e-01	-5.911909e-01	3.999581e-01	1.306633e-04	2.691131e-04	-1.702629e-02	-8.244034e-03	-8.782260e-03
1210          	4.525410e-01	2.265682e-01	2.259727e-01	-3.769777e-01	2.115522e-01	-5.885299e-01	4.000411e-01	2.977532e-04	6.380636e-04	-1.512649e-02	-6.925181e-03	-8.201308e-03
1211          	4.502840e-01	2.254835e-01	2.248005e-01	-3.730461e-01	2.116855e-01	-5.847316e-01	3.982086e-01	3.415126e-04	9.239761e-04	-1.351683e-02	-5.834438e-03	-7.682390e-03
1212          	4.490415e-01	2.245433e-01	2.244983e-01	-3.687648e-01	2.123991e-01	-5.811639e-01	3.967815e-01	2.249754e-05	1.099509e-03	-1.166318e-02	-4.732080e-03	-6.931099e-03
1213          	4.483246e-01	2.239884e-01	2.243362e-01	-3.665662e-01	2.115745e-01	-5.781408e-01	3.948577e-01	-1.738728e-04	1.029762e-03	-1.090977e-02	-4.425121e-03	-6.484646e-03
1214          	4.489492e-01	2.239711e-01	2.249781e-01	-3.677253e-01	2.098268e-01	-5.775521e-01	3.936894e-01	-5.034986e-04	7.440747e-04	-1.012958e-02	-4.320714e-03	-5.808864e-03
1215          	4.500804e-01	2.245969e-01	2.254835e-01	-3.727950e-01	2.053740e-01	-5.781690e-01	3.917715e-01	-4.433070e-04	1.958765e-04	-1.012675e-02	-4.867496e-03	-5.259249e-03
1216          	4.517020e-01	2.253306e-01	2.263714e-01	-3.853139e-01	1.964709e-01	-5.817848e-01	3.891278e-01	-5.204230e-04	-4.710351e-04	-1.026064e-02	-5.601354e-03	-4.659283e-03
1217          	4.532578e-01	2.258930e-01	2.273649e-01	-3.966107e-01	1.886283e-01	-5.852390e-01	3.869336e-01	-7.359467e-04	-9.834580e-04	-1.111218e-02	-6.539548e-03	-4.572632e-03
1218          	4.544380e-01	2.262281e-01	2.282099e-01	-4.095273e-01	1.802891e-01	-5.898164e-01	3.850528e-01	-9.908805e-04	-1.278000e-03	-1.239169e-02	-7.473844e-03	-4.917844e-03
1219          	4.551451e-01	2.264170e-01	2.287281e-01	-4.165559e-01	1.767395e-01	-5.932954e-01	3.850174e-01	-1.155510e-03	-1.395900e-03	-1.398949e-02	-8.390645e-03	-5.598844e-03
1220          	4.556125e-01	2.266490e-01	2.289634e-01	-4.179402e-01	1.782710e-01	-5.962112e-01	3.872411e-01	-1.157194e-03	-1.427915e-03	-1.563011e-02	-9.242971e-03	-6.387140e-03
1221          	4.556286e-01	2.269492e-01	2.286793e-01	-4.138931e-01	1.838575e-01	-5.977506e-01	3.908041e-01	-8.650482e-04	-1.528115e-03	-1.707401e-02	-1.006512e-02	-7.008888e-03
1222          	4.552822e-01	2.272291e-01	2.280531e-01	-4.058541e-01	1.919412e-01	-5.977953e-01	3.948683e-01	-4.120038e-04	-1.680595e-03	-1.805612e-02	-1.070866e-02	-7.347465e-03
1223          	4.544652e-01	2.274259e-01	2.270393e-01	-3.938580e-01	2.012522e-01	-5.951102e-01	3.981812e-01	1.933300e-04	-1.892974e-03	-1.864705e-02	-1.121650e-02	-7.430550e-03
1224          	4.535233e-01	2.273790e-01	2.261443e-01	-3.859747e-01	2.064646e-01	-5.924393e-01	3.994520e-01	6.173321e-04	-1.980792e-03	-1.831999e-02	-1.114079e-02	-7.179205e-03
1225          	4.526314e-01	2.271910e-01	2.254404e-01	-3.768975e-01	2.107002e-01	-5.875977e-01	3.991489e-01	8.752721e-04	-2.097833e-03	-1.786993e-02	-1.103280e-02	-6.837133e-03
1226          	4.516506e-01	2.265666e-01	2.250840e-01	-3.694166e-01	2.123839e-01	-5.818005e-01	3.970922e-01	7.412837e-04	-2.168754e-03	-1.719906e-02	-1.076829e-02	-6.430777e-03
1227          	4.513424e-01	2.260431e-01	2.252992e-01	-3.609363e-01	2.141216e-01	-5.750579e-01	3.945898e-01	3.719284e-04	-2.414400e-03	-1.688220e-02	-1.085550e-02	-6.026702e-03
1228          	4.514901e-01	2.257229e-01	2.257672e-01	-3.550521e-01	2.144051e-01	-5.694572e-01	3.919311e-01	-2.216519e-05	-2.661767e-03	-1.689648e-02	-1.111001e-02	-5.786475e-03
1229          	4.526469e-01	2.259665e-01	2.266804e-01	-3.512095e-01	2.143563e-01	-5.655659e-01	3.899611e-01	-3.569476e-04	-3.043065e-03	-1.744797e-02	-1.176705e-02	-5.680921e-03
1230          	4.547453e-01	2.270950e-01	2.276503e-01	-3.541266e-01	2.111880e-01	-5.653146e-01	3.882513e-01	-2.776429e-04	-3.546662e-03	-1.824414e-02	-1.266873e-02	-5.575408e-03
1231          	4.567904e-01	2.282878e-01	2.285027e-01	-3.608154e-01	2.064450e-01	-5.672604e-01	3.868527e-01	-1.074590e-04	-3.939445e-03	-1.882442e-02	-1.335166e-02	-5.472766e-03
1232          	4.592196e-01	2.296386e-01	2.295809e-01	-3.771438e-01	1.964100e-01	-5.735537e-01	3.849819e-01	2.886223e-05	-4.307357e-03	-1.985476e-02	-1.423474e-02	-5.620025e-03
1233          	4.610117e-01	2.304266e-01	2.305851e-01	-3.877487e-01	1.910179e-01	-5.787666e-01	3.848923e-01	-7.926102e-05	-4.383933e-03	-2.074562e-02	-1.475674e-02	-5.988877e-03
1234          	4.621555e-01	2.307933e-01	2.313622e-01	-4.014283e-01	1.846952e-01	-5.861234e-01	3.854093e-01	-2.844271e-04	-4.166728e-03	-2.196182e-02	-1.514764e-02	-6.814180e-03
1235          	4.627746e-01	2.308524e-01	2.319221e-01	-4.056054e-01	1.857114e-01	-5.913167e-01	3.885140e-01	-5.348418e-04	-3.859557e-03	-2.304404e-02	-1.538158e-02	-7.662462e-03
1236          	4.624834e-01	2.306043e-01	2.318790e-01	-4.056406e-01	1.899216e-01	-5.955622e-01	3.927419e-01	-6.373330e-04	-3.348966e-03	-2.373126e-02	-1.521459e-02	-8.516662e-03
1237          	4.618078e-01	2.303146e-01	2.314932e-01	-4.014456e-01	1.965214e-01	-5.979670e-01	3.972442e-01	-5.893384e-04	-2.938724e-03	-2.412828e-02	-1.500286e-02	-9.125416e-03
1238          	4.606414e-01	2.299722e-01	2.306692e-01	-3.954201e-01	2.029987e-01	-5.984188e-01	4.007087e-01	-3.485306e-04	-2.461197e-03	-2.421486e-02	-1.456863e-02	-9.646234e-03
1239          	4.588830e-01	2.294771e-01	2.294059e-01	-3.883680e-01	2.080121e-01	-5.963801e-01	4.021961e-01	3.560441e-05	-1.933003e-03	-2.401340e-02	-1.393970e-02	-1.007370e-02
1240          	4.568394e-01	2.288695e-01	2.279699e-01	-3.819102e-01	2.100478e-01	-5.919580e-01	4.010029e-01	4.498338e-04	-1.344200e-03	-2.367547e-02	-1.318194e-02	-1.049354e-02
1241          	4.547238e-01	2.280561e-01	2.266678e-01	-3.727037e-01	2.119744e-01	-5.846782e-01	3.983263e-01	6.941279e-04	-5.048426e-04	-2.263180e-02	-1.182074e-02	-1.081106e-02
1242          	4.529392e-01	2.274586e-01	2.254806e-01	-3.663076e-01	2.115164e-01	-5.778239e-01	3.946702e-01	9.890207e-04	5.456543e-05	-2.220127e-02	-1.104607e-02	-1.115520e-02
1243          	4.517954e-01	2.269679e-01	2.248275e-01	-3.591035e-01	2.120167e-01	-5.711202e-01	3.915685e-01	1.070204e-03	4.958421e-04	-2.162525e-02	-1.031678e-02	-1.130847e-02
1244          	4.516197e-01	2.268675e-01	2.247522e-01	-3.537073e-01	2.123220e-01	-5.660293e-01	3.891757e-01	1.057656e-03	6.521757e-04	-2.139682e-02	-1.004624e-02	-1.135059e-02
1245          	4.522600e-01	2.272280e-01	2.250320e-01	-3.524547e-01	2.114674e-01	-5.639221e-01	3.876947e-01	1.098042e-03	3.716756e-04	-2.167564e-02	-1.046614e-02	-1.120949e-02
1246          	4.535435e-01	2.280219e-01	2.255217e-01	-3.591188e-01	2.065611e-01	-5.656799e-01	3.861205e-01	1.250084e-03	-2.171879e-04	-2.216708e-02	-1.130073e-02	-1.086635e-02
1247          	4.547825e-01	2.284760e-01	2.263065e-01	-3.683388e-01	2.005136e-01	-5.688524e-01	3.846830e-01	1.084749e-03	-8.239204e-04	-2.267538e-02	-1.216161e-02	-1.051377e-02
1248          	4.558630e-01	2.286917e-01	2.271713e-01	-3.851778e-01	1.897409e-01	-5.749187e-01	3.823298e-01	7.602029e-04	-1.362917e-03	-2.322068e-02	-1.297326e-02	-1.024743e-02
1249          	4.568681e-01	2.286818e-01	2.281863e-01	-3.940129e-01	1.850136e-01	-5.790265e-01	3.820201e-01	2.477561e-04	-1.630199e-03	-2.347674e-02	-1.336857e-02	-1.010817e-02
1250          	4.571034e-01	2.283792e-01	2.287242e-01	-4.022238e-01	1.811569e-01	-5.833807e-01	3.822688e-01	-1.725208e-04	-1.723777e-03	-2.384035e-02	-1.364395e-02	-1.019640e-02
1251          	4.573780e-01	2.281565e-01	2.292215e-01	-4.023513e-01	1.834480e-01	-5.857993e-01	3.846237e-01	-5.325037e-04	-1.728456e-03	-2.375348e-02	-1.360519e-02	-1.014828e-02
1252          	4.570435e-01	2.278853e-01	2.291582e-01	-3.978323e-01	1.888961e-01	-5.867285e-01	3.878123e-01	-6.364261e-04	-1.678784e-03	-2.344119e-02	-1.339938e-02	-1.004181e-02
1253          	4.561987e-01	2.273974e-01	2.288012e-01	-3.894671e-01	1.960296e-01	-5.854967e-01	3.907631e-01	-7.019057e-04	-1.683657e-03	-2.282617e-02	-1.309674e-02	-9.729428e-03
1254          	4.550169e-01	2.268236e-01	2.281933e-01	-3.798147e-01	2.025671e-01	-5.823819e-01	3.924745e-01	-6.848648e-04	-1.607316e-03	-2.184594e-02	-1.253029e-02	-9.315656e-03
1255          	4.535672e-01	2.259061e-01	2.276611e-01	-3.701793e-01	2.075584e-01	-5.777377e-01	3.926481e-01	-8.775256e-04	-1.502682e-03	-2.059232e-02	-1.179884e-02	-8.793481e-03
1256          	4.523145e-01	2.248312e-01	2.274833e-01	-3.610869e-01	2.108647e-01	-5.719516e-01	3.914082e-01	-1.326075e-03	-1.195497e-03	-1.909386e-02	-1.074243e-02	-8.351432e-03
1257          	4.519604e-01	2.238436e-01	2.281169e-01	-3.520455e-01	2.140890e-01	-5.661345e-01	3.901118e-01	-2.136642e-03	-8.975012e-04	-1.764405e-02	-9.719524e-03	-7.924522e-03
1258          	4.523408e-01	2.231629e-01	2.291779e-01	-3.474343e-01	2.152024e-01	-5.626367e-01	3.889195e-01	-3.007505e-03	-5.344112e-04	-1.604129e-02	-8.555054e-03	-7.486231e-03
1259          	4.537030e-01	2.229976e-01	2.307054e-01	-3.433120e-01	2.165694e-01	-5.598813e-01	3.882253e-01	-3.853917e-03	-4.560497e-04	-1.490414e-02	-7.908119e-03	-6.996019e-03
1260          	4.550332e-01	2.232298e-01	2.318034e-01	-3.413192e-01	2.165121e-01	-5.578313e-01	3.871717e-01	-4.286817e-03	-4.806789e-04	-1.416682e-02	-7.564087e-03	-6.602729e-03
1261          	4.569090e-01	2.242567e-01	2.326523e-01	-3.441044e-01	2.138581e-01	-5.579625e-01	3.859103e-01	-4.197822e-03	-8.312510e-04	-1.396182e-02	-7.812159e-03	-6.149657e-03
1262          	4.581484e-01	2.252790e-01	2.328694e-01	-3.496592e-01	2.089835e-01	-5.586428e-01	3.838132e-01	-3.795179e-03	-1.160061e-03	-1.399990e-02	-8.160011e-03	-5.839889e-03
1263          	4.592172e-01	2.263291e-01	2.328881e-01	-3.646330e-01	1.976537e-01	-5.622867e-01	3.799702e-01	-3.279466e-03	-1.509482e-03	-1.451949e-02	-8.769224e-03	-5.750261e-03
1264          	4.593423e-01	2.268105e-01	2.325318e-01	-3.754391e-01	1.888664e-01	-5.643055e-01	3.765859e-01	-2.860684e-03	-1.656716e-03	-1.531588e-02	-9.314657e-03	-6.001225e-03
1265          	4.589655e-01	2.268863e-01	2.320792e-01	-3.818933e-01	1.836583e-01	-5.655516e-01	3.746049e-01	-2.596435e-03	-1.736969e-03	-1.644327e-02	-9.958605e-03	-6.484667e-03
1266          	4.583410e-01	2.266870e-01	2.316540e-01	-3.821853e-01	1.832239e-01	-5.654093e-01	3.743166e-01	-2.483530e-03	-1.730153e-03	-1.758751e-02	-1.052391e-02	-7.063600e-03
1267          	4.576141e-01	2.262683e-01	2.313458e-01	-3.775113e-01	1.869604e-01	-5.644717e-01	3.757161e-01	-2.538747e-03	-1.798806e-03	-1.865857e-02	-1.112809e-02	-7.530478e-03
1268          	4.558773e-01	2.252351e-01	2.306422e-01	-3.658420e-01	1.943615e-01	-5.602034e-01	3.772824e-01	-2.703506e-03	-1.767581e-03	-1.946334e-02	-1.149925e-02	-7.964087e-03
1269          	4.542784e-01	2.242382e-01	2.300402e-01	-3.566109e-01	1.999361e-01	-5.565470e-01	3.782416e-01	-2.900971e-03	-1.792529e-03	-1.993617e-02	-1.176061e-02	-8.175556e-03
1270          	4.516954e-01	2.228922e-01	2.288032e-01	-3.435592e-01	2.066285e-01	-5.501877e-01	3.784081e-01	-2.955477e-03	-1.649855e-03	-2.014683e-02	-1.172327e-02	-8.423560e-03
1271          	4.495636e-01	2.218279e-01	2.277357e-01	-3.380604e-01	2.085365e-01	-5.465968e-01	3.775667e-01	-2.953892e-03	-1.398233e-03	-1.980150e-02	-1.129898e-02	-8.502516e-03
1272          	4.472200e-01	2.208253e-01	2.263947e-01	-3.323139e-01	2.105978e-01	-5.429117e-01	3.767547e-01	-2.784668e-03	-1.017729e-03	-1.942495e-02	-1.073020e-02	-8.694745e-03
1273          	4.456013e-01	2.202528e-01	2.253485e-01	-3.302063e-01	2.106892e-01	-5.408955e-01	3.757923e-01	-2.547854e-03	-6.197366e-04	-1.904060e-02	-1.014004e-02	-8.900563e-03
1274          	4.448122e-01	2.202012e-01	2.246110e-01	-3.301300e-01	2.109669e-01	-5.410969e-01	3.760319e-01	-2.204915e-03	-3.822759e-04	-1.904617e-02	-9.905360e-03	-9.140808e-03
1275          	4.445997e-01	2.204719e-01	2.241278e-01	-3.311875e-01	2.101848e-01	-5.413724e-01	3.757786e-01	-1.827972e-03	-2.994295e-04	-1.928454e-02	-9.941700e-03	-9.342841e-03
1276          	4.454479e-01	2.214718e-01	2.239760e-01	-3.383627e-01	2.067466e-01	-5.451093e-01	3.759280e-01	-1.252111e-03	-6.350570e-04	-1.985901e-02	-1.056456e-02	-9.294447e-03
1277          	4.464679e-01	2.223269e-01	2.241411e-01	-3.467709e-01	2.018311e-01	-5.486020e-01	3.752166e-01	-9.070965e-04	-1.053160e-03	-2.001850e-02	-1.106241e-02	-8.956090e-03
1278          	4.479056e-01	2.230374e-01	2.248683e-01	-3.654154e-01	1.907096e-01	-5.561250e-01	3.734173e-01	-9.154409e-04	-1.738050e-03	-2.041428e-02	-1.194519e-02	-8.469090e-03
1279          	4.493698e-01	2.233139e-01	2.260560e-01	-3.776921e-01	1.842555e-01	-5.619477e-01	3.731016e-01	-1.371062e-03	-2.129817e-03	-2.040387e-02	-1.233175e-02	-8.072119e-03
1280          	4.505953e-01	2.233280e-01	2.272673e-01	-3.930870e-01	1.761781e-01	-5.692651e-01	3.727216e-01	-1.969641e-03	-2.477683e-03	-2.084705e-02	-1.290121e-02	-7.945841e-03
1281          	4.520124e-01	2.233558e-01	2.286566e-01	-3.987025e-01	1.760672e-01	-5.747697e-01	3.754184e-01	-2.650375e-03	-2.583298e-03	-2.110869e-02	-1.313764e-02	-7.971046e-03
1282          	4.529884e-01	2.234484e-01	2.295400e-01	-4.001547e-01	1.792482e-01	-5.794029e-01	3.793255e-01	-3.045819e-03	-2.616786e-03	-2.156048e-02	-1.339703e-02	-8.163454e-03
1283          	4.534093e-01	2.235837e-01	2.298255e-01	-3.963555e-01	1.862670e-01	-5.826225e-01	3.844447e-01	-3.120908e-03	-2.622252e-03	-2.196774e-02	-1.360612e-02	-8.361618e-03
1284          	4.533412e-01	2.238983e-01	2.294429e-01	-3.899649e-01	1.950176e-01	-5.849824e-01	3.900000e-01	-2.772308e-03	-2.562768e-03	-2.224346e-02	-1.368450e-02	-8.558963e-03
1285          	4.525762e-01	2.241015e-01	2.284747e-01	-3.834155e-01	2.030075e-01	-5.864230e-01	3.947153e-01	-2.186602e-03	-2.440878e-03	-2.225255e-02	-1.356715e-02	-8.685399e-03
1286          	4.513584e-01	2.241977e-01	2.271607e-01	-3.791126e-01	2.084561e-01	-5.875687e-01	3.980124e-01	-1.481513e-03	-2.147999e-03	-2.178557e-02	-1.304079e-02	-8.744786e-03
1287          	4.498412e-01	2.239035e-01	2.259377e-01	-3.758574e-01	2.118880e-01	-5.877454e-01	3.998167e-01	-1.017124e-03	-1.647903e-03	-2.068829e-02	-1.199205e-02	-8.696244e-03
1288          	4.485450e-01	2.235889e-01	2.249561e-01	-3.729184e-01	2.141061e-01	-5.870245e-01	4.005653e-01	-6.835992e-04	-9.483873e-04	-1.913953e-02	-1.051815e-02	-8.621378e-03
1289          	4.475212e-01	2.231266e-01	2.243946e-01	-3.694343e-01	2.152205e-01	-5.846548e-01	3.999376e-01	-6.339699e-04	-2.008201e-04	-1.754156e-02	-8.971600e-03	-8.569960e-03
1290          	4.471066e-01	2.229113e-01	2.241953e-01	-3.660849e-01	2.151683e-01	-5.812531e-01	3.982107e-01	-6.420315e-04	5.041349e-04	-1.625949e-02	-7.625611e-03	-8.633880e-03
1291          	4.472687e-01	2.230233e-01	2.242454e-01	-3.643997e-01	2.129789e-01	-5.773786e-01	3.951788e-01	-6.110490e-04	1.000798e-03	-1.529981e-02	-6.649105e-03	-8.650702e-03
1292          	4.481480e-01	2.237462e-01	2.244018e-01	-3.677708e-01	2.072331e-01	-5.750039e-01	3.911185e-01	-3.278042e-04	1.347364e-03	-1.433417e-02	-5.819722e-03	-8.514451e-03
1293          	4.496690e-01	2.247255e-01	2.249435e-01	-3.786012e-01	1.966722e-01	-5.752733e-01	3.859728e-01	-1.089867e-04	1.537713e-03	-1.341298e-02	-5.168777e-03	-8.244203e-03
1294          	4.512279e-01	2.255444e-01	2.256835e-01	-3.888641e-01	1.875151e-01	-5.763792e-01	3.819472e-01	-6.953137e-05	1.762032e-03	-1.281108e-02	-4.643508e-03	-8.167572e-03
1295          	4.529678e-01	2.262306e-01	2.267372e-01	-4.011523e-01	1.776286e-01	-5.787810e-01	3.782048e-01	-2.532862e-04	1.929644e-03	-1.266908e-02	-4.404895e-03	-8.264183e-03
1296          	4.548332e-01	2.268610e-01	2.279722e-01	-4.051110e-01	1.754982e-01	-5.806092e-01	3.780537e-01	-5.556226e-04	2.236103e-03	-1.267063e-02	-4.099214e-03	-8.571420e-03
1297          	4.563695e-01	2.272724e-01	2.290970e-01	-4.043857e-01	1.776903e-01	-5.820760e-01	3.798832e-01	-9.122942e-04	2.407277e-03	-1.294030e-02	-4.062872e-03	-8.877426e-03
1298          	4.574065e-01	2.275305e-01	2.298759e-01	-3.995055e-01	1.839992e-01	-5.835047e-01	3.837519e-01	-1.172686e-03	2.431476e-03	-1.320239e-02	-4.169719e-03	-9.032671e-03
1299          	4.576372e-01	2.274329e-01	2.302043e-01	-3.917086e-01	1.925323e-01	-5.842409e-01	3.883866e-01	-1.385669e-03	2.270695e-03	-1.342543e-02	-4.442023e-03	-8.983412e-03
1300          	4.571909e-01	2.271512e-01	2.300398e-01	-3.844046e-01	2.007763e-01	-5.851809e-01	3.929786e-01	-1.444302e-03	2.042237e-03	-1.339539e-02	-4.655460e-03	-8.739933e-03
1301          	4.559928e-01	2.266078e-01	2.293850e-01	-3.792048e-01	2.067969e-01	-5.860016e-01	3.963993e-01	-1.388601e-03	1.881091e-03	-1.295581e-02	-4.596816e-03	-8.358999e-03
1302          	4.545018e-01	2.260178e-01	2.284840e-01	-3.772826e-01	2.102204e-01	-5.875029e-01	3.988616e-01	-1.233128e-03	1.951740e-03	-1.201179e-02	-4.054156e-03	-7.957636e-03
1303          	4.531126e-01	2.254252e-01	2.276874e-01	-3.764372e-01	2.125874e-01	-5.890246e-01	4.008060e-01	-1.131081e-03	2.271267e-03	-1.066950e-02	-3.063481e-03	-7.606015e-03
1304          	4.519555e-01	2.250119e-01	2.269435e-01	-3.770554e-01	2.122626e-01	-5.893180e-01	4.007903e-01	-9.657987e-04	2.600584e-03	-9.659676e-03	-2.229254e-03	-7.430421e-03
1305          	4.513410e-01	2.248396e-01	2.265015e-01	-3.759437e-01	2.125905e-01	-5.885342e-01	4.005624e-01	-8.309587e-04	2.894980e-03	-8.815649e-03	-1.512844e-03	-7.302804e-03
1306          	4.510053e-01	2.249976e-01	2.260077e-01	-3.747371e-01	2.113353e-01	-5.860724e-01	3.987039e-01	-5.050446e-04	2.988105e-03	-8.695365e-03	-1.359578e-03	-7.335788e-03
1307          	4.513859e-01	2.256606e-01	2.257253e-01	-3.762516e-01	2.079679e-01	-5.842195e-01	3.960937e-01	-3.237959e-05	2.740416e-03	-8.720867e-03	-1.620018e-03	-7.100850e-03
1308          	4.521675e-01	2.263752e-01	2.257923e-01	-3.812918e-01	2.027139e-01	-5.840057e-01	3.933598e-01	2.914361e-04	2.325642e-03	-8.996640e-03	-2.172678e-03	-6.823962e-03
1309          	4.532375e-01	2.267769e-01	2.264606e-01	-3.914739e-01	1.942277e-01	-5.857016e-01	3.899646e-01	1.581524e-04	1.708876e-03	-9.698225e-03	-3.140237e-03	-6.557988e-03
1310          	4.544589e-01	2.268452e-01	2.276137e-01	-4.007171e-01	1.875438e-01	-5.882609e-01	3.879024e-01	-3.842826e-04	1.259586e-03	-1.069212e-02	-4.086475e-03	-6.605646e-03
1311          	4.555092e-01	2.266850e-01	2.288242e-01	-4.071425e-01	1.841241e-01	-5.912666e-01	3.876954e-01	-1.069573e-03	9.104411e-04	-1.196718e-02	-5.073149e-03	-6.894031e-03
1312          	4.562787e-01	2.265583e-01	2.297204e-01	-4.100958e-01	1.841062e-01	-5.942020e-01	3.891541e-01	-1.581045e-03	6.199571e-04	-1.339522e-02	-6.077651e-03	-7.317565e-03
1313          	4.565352e-01	2.265482e-01	2.299870e-01	-4.090807e-01	1.875836e-01	-5.966643e-01	3.921239e-01	-1.719380e-03	2.398046e-04	-1.482185e-02	-7.171122e-03	-7.650731e-03
1314          	4.561847e-01	2.267406e-01	2.294441e-01	-4.044782e-01	1.935052e-01	-5.979834e-01	3.957443e-01	-1.351782e-03	-1.593628e-04	-1.627669e-02	-8.297706e-03	-7.978980e-03
1315          	4.551675e-01	2.269511e-01	2.282164e-01	-3.972496e-01	2.004480e-01	-5.976976e-01	3.990728e-01	-6.326665e-04	-5.596976e-04	-1.764282e-02	-9.381106e-03	-8.261711e-03
1316          	4.537245e-01	2.271839e-01	2.265406e-01	-3.900711e-01	2.060592e-01	-5.961303e-01	4.010948e-01	3.216744e-04	-8.189114e-04	-1.871722e-02	-1.017752e-02	-8.539699e-03
1317          	4.520167e-01	2.271848e-01	2.248319e-01	-3.837428e-01	2.096003e-01	-5.933431e-01	4.014717e-01	1.176454e-03	-9.407062e-04	-1.942175e-02	-1.065158e-02	-8.770167e-03
1318          	4.502710e-01	2.267917e-01	2.234793e-01	-3.778391e-01	2.108906e-01	-5.887297e-01	3.998102e-01	1.656168e-03	-8.855214e-04	-1.956415e-02	-1.066760e-02	-8.896554e-03
1319          	4.486198e-01	2.260323e-01	2.225875e-01	-3.696793e-01	2.124133e-01	-5.820926e-01	3.972529e-01	1.722388e-03	-9.771870e-04	-2.006251e-02	-1.100844e-02	-9.054068e-03
1320          	4.475736e-01	2.252501e-01	2.223235e-01	-3.631896e-01	2.120153e-01	-5.752048e-01	3.936100e-01	1.463324e-03	-9.924829e-04	-2.021146e-02	-1.109821e-02	-9.113248e-03
1321          	4.474639e-01	2.246693e-01	2.227947e-01	-3.567940e-01	2.120015e-01	-5.687955e-01	3.903985e-01	9.372897e-04	-1.294152e-03	-2.096920e-02	-1.177875e-02	-9.190446e-03
1322          	4.481012e-01	2.246740e-01	2.234272e-01	-3.544179e-01	2.104539e-01	-5.648718e-01	3.876629e-01	6.234281e-04	-1.567656e-03	-2.149371e-02	-1.231451e-02	-9.179199e-03
1323          	4.499757e-01	2.254283e-01	2.245473e-01	-3.579630e-01	2.061534e-01	-5.641164e-01	3.851349e-01	4.405093e-04	-2.097850e-03	-2.238765e-02	-1.329168e-02	-9.095977e-03
1324          	4.517866e-01	2.262541e-01	2.255326e-01	-3.660622e-01	2.002359e-01	-5.662981e-01	3.832670e-01	3.607404e-04	-2.463450e-03	-2.301366e-02	-1.397028e-02	-9.043382e-03
1325          	4.541881e-01	2.274434e-01	2.267447e-01	-3.824234e-01	1.896526e-01	-5.720759e-01	3.808643e-01	3.493352e-04	-2.684876e-03	-2.360979e-02	-1.448977e-02	-9.120020e-03
1326          	4.556947e-01	2.282389e-01	2.274558e-01	-3.920214e-01	1.847188e-01	-5.767402e-01	3.807295e-01	3.915210e-04	-2.748333e-03	-2.400964e-02	-1.475315e-02	-9.256487e-03
1327          	4.569761e-01	2.289486e-01	2.280275e-01	-4.013345e-01	1.811256e-01	-5.824601e-01	3.817929e-01	4.605094e-04	-2.565320e-03	-2.389664e-02	-1.451364e-02	-9.382998e-03
1328          	4.576226e-01	2.292967e-01	2.283259e-01	-4.022033e-01	1.840946e-01	-5.862978e-01	3.851962e-01	4.854008e-04	-2.408364e-03	-2.352309e-02	-1.416991e-02	-9.353179e-03
1329          	4.577018e-01	2.291497e-01	2.285522e-01	-3.980890e-01	1.905036e-01	-5.885926e-01	3.895481e-01	2.987681e-04	-2.315138e-03	-2.288460e-02	-1.375744e-02	-9.127160e-03
1330          	4.573063e-01	2.286004e-01	2.287060e-01	-3.913939e-01	1.978398e-01	-5.892337e-01	3.935367e-01	-5.280127e-05	-2.206094e-03	-2.199707e-02	-1.320463e-02	-8.792440e-03
1331          	4.562655e-01	2.275163e-01	2.287492e-01	-3.835215e-01	2.041309e-01	-5.876524e-01	3.958916e-01	-6.164636e-04	-2.145014e-03	-2.094100e-02	-1.261552e-02	-8.325487e-03
1332          	4.549765e-01	2.262761e-01	2.287003e-01	-3.771599e-01	2.076257e-01	-5.847856e-01	3.962057e-01	-1.212104e-03	-1.981678e-03	-1.987921e-02	-1.192128e-02	-7.957929e-03
1333          	4.529302e-01	2.244711e-01	2.284590e-01	-3.673460e-01	2.113473e-01	-5.786932e-01	3.950202e-01	-1.993948e-03	-1.594727e-03	-1.825662e-02	-1.072304e-02	-7.533583e-03
1334          	4.515949e-01	2.233402e-01	2.282547e-01	-3.613515e-01	2.123375e-01	-5.736891e-01	3.930133e-01	-2.457247e-03	-1.208472e-03	-1.727136e-02	-9.844154e-03	-7.427210e-03
1335          	4.503509e-01	2.222856e-01	2.280652e-01	-3.527970e-01	2.146398e-01	-5.674368e-01	3.910383e-01	-2.889779e-03	-7.435761e-04	-1.596869e-02	-8.727922e-03	-7.240770e-03
1336          	4.500965e-01	2.223148e-01	2.277817e-01	-3.487251e-01	2.147655e-01	-5.634905e-01	3.891280e-01	-2.733470e-03	-4.370769e-04	-1.554692e-02	-8.210537e-03	-7.336383e-03
1337          	4.503746e-01	2.228817e-01	2.274929e-01	-3.451814e-01	2.144637e-01	-5.596452e-01	3.870545e-01	-2.305580e-03	-2.998782e-04	-1.505346e-02	-7.826608e-03	-7.226851e-03
1338          	4.510520e-01	2.240839e-01	2.269681e-01	-3.468375e-01	2.108736e-01	-5.577111e-01	3.842923e-01	-1.442129e-03	-4.952167e-04	-1.505980e-02	-8.025114e-03	-7.034681e-03
1339          	4.519022e-01	2.252291e-01	2.266730e-01	-3.529882e-01	2.045566e-01	-5.575448e-01	3.810507e-01	-7.219599e-04	-8.566997e-04	-1.494675e-02	-8.330075e-03	-6.616676e-03
1340          	4.527820e-01	2.259552e-01	2.268269e-01	-3.634067e-01	1.960734e-01	-5.594801e-01	3.777768e-01	-4.358702e-04	-1.206388e-03	-1.509678e-02	-8.754779e-03	-6.342004e-03
1341          	4.534577e-01	2.260693e-01	2.273884e-01	-3.741672e-01	1.881674e-01	-5.623346e-01	3.752510e-01	-6.595204e-04	-1.476328e-03	-1.560886e-02	-9.280758e-03	-6.328101e-03
1342          	4.540181e-01	2.259060e-01	2.281121e-01	-3.820734e-01	1.833395e-01	-5.654129e-01	3.743762e-01	-1.103065e-03	-1.614328e-03	-1.649556e-02	-9.862107e-03	-6.633450e-03
1343          	4.542748e-01	2.254655e-01	2.288093e-01	-3.844712e-01	1.832432e-01	-5.677143e-01	3.754788e-01	-1.671875e-03	-1.708565e-03	-1.756277e-02	-1.048995e-02	-7.072820e-03
1344          	4.542182e-01	2.251130e-01	2.291052e-01	-3.811213e-01	1.875545e-01	-5.686758e-01	3.781151e-01	-1.996110e-03	-1.737847e-03	-1.854140e-02	-1.100855e-02	-7.532853e-03
1345          	4.536934e-01	2.246722e-01	2.290212e-01	-3.728399e-01	1.948793e-01	-5.677192e-01	3.812993e-01	-2.174523e-03	-1.769660e-03	-1.926837e-02	-1.140384e-02	-7.864523e-03
1346          	4.527063e-01	2.242573e-01	2.284491e-01	-3.620885e-01	2.025399e-01	-5.646284e-01	3.835842e-01	-2.095890e-03	-1.722624e-03	-1.965859e-02	-1.155192e-02	-8.106671e-03
1347          	4.512565e-01	2.237486e-01	2.275079e-01	-3.514620e-01	2.088678e-01	-5.603298e-01	3.845988e-01	-1.879639e-03	-1.597429e-03	-1.958045e-02	-1.138765e-02	-8.192794e-03
1348          	4.495728e-01	2.232036e-01	2.263692e-01	-3.430575e-01	2.125403e-01	-5.555978e-01	3.840690e-01	-1.582759e-03	-1.342949e-03	-1.911443e-02	-1.090016e-02	-8.214266e-03
1349          	4.480119e-01	2.225402e-01	2.254718e-01	-3.366013e-01	2.150388e-01	-5.516401e-01	3.833395e-01	-1.465805e-03	-9.636360e-04	-1.832069e-02	-1.012398e-02	-8.196711e-03
1350          	4.469797e-01	2.221441e-01	2.248355e-01	-3.345458e-01	2.148832e-01	-5.494290e-01	3.821561e-01	-1.345717e-03	-7.315094e-04	-1.798657e-02	-9.724793e-03	-8.261774e-03
1351          	4.468047e-01	2.219443e-01	2.248604e-01	-3.334087e-01	2.154149e-01	-5.488235e-01	3.821192e-01	-1.458032e-03	-5.530634e-04	-1.772784e-02	-9.416985e-03	-8.310858e-03
1352          	4.470902e-01	2.221706e-01	2.249196e-01	-3.338275e-01	2.145115e-01	-5.483391e-01	3.814253e-01	-1.374487e-03	-6.246494e-04	-1.827548e-02	-9.762389e-03	-8.513090e-03
1353          	4.486854e-01	2.231498e-01	2.255356e-01	-3.401966e-01	2.113612e-01	-5.515578e-01	3.814595e-01	-1.192879e-03	-9.129881e-04	-1.894202e-02	-1.038400e-02	-8.558020e-03
1354          	4.502241e-01	2.243051e-01	2.259190e-01	-3.500234e-01	2.057717e-01	-5.557951e-01	3.807834e-01	-8.069771e-04	-1.305801e-03	-1.960252e-02	-1.110706e-02	-8.495459e-03
1355          	4.526265e-01	2.258603e-01	2.267662e-01	-3.715419e-01	1.934230e-01	-5.649649e-01	3.791939e-01	-4.529697e-04	-1.825151e-03	-2.062953e-02	-1.213991e-02	-8.489612e-03
1356          	4.542800e-01	2.268864e-01	2.273936e-01	-3.855575e-01	1.859176e-01	-5.714751e-01	3.786964e-01	-2.535748e-04	-2.082195e-03	-2.139228e-02	-1.277833e-02	-8.613944e-03
1357          	4.557716e-01	2.277829e-01	2.279887e-01	-4.010030e-01	1.774576e-01	-5.784606e-01	3.779591e-01	-1.028667e-04	-2.366811e-03	-2.261044e-02	-1.367203e-02	-8.938409e-03
1358          	4.566441e-01	2.282728e-01	2.283713e-01	-4.045778e-01	1.769937e-01	-5.815715e-01	3.792826e-01	-4.923154e-05	-2.425846e-03	-2.327665e-02	-1.406417e-02	-9.212478e-03
1359          	4.570004e-01	2.284408e-01	2.285596e-01	-4.013143e-01	1.808902e-01	-5.822045e-01	3.815473e-01	-5.941683e-05	-2.683966e-03	-2.393202e-02	-1.464997e-02	-9.282042e-03
1360          	4.569606e-01	2.283637e-01	2.285969e-01	-3.948348e-01	1.871725e-01	-5.820073e-01	3.845899e-01	-1.166083e-04	-2.858196e-03	-2.379945e-02	-1.475792e-02	-9.041527e-03
1361          	4.563991e-01	2.279957e-01	2.284034e-01	-3.835042e-01	1.967772e-01	-5.802814e-01	3.885293e-01	-2.038815e-04	-3.265048e-03	-2.374090e-02	-1.513550e-02	-8.605404e-03
1362          	4.554543e-01	2.275064e-01	2.279480e-01	-3.764495e-01	2.034143e-01	-5.798638e-01	3.916390e-01	-2.208027e-04	-3.548865e-03	-2.309229e-02	-1.509501e-02	-7.997279e-03
1363          	4.540766e-01	2.267721e-01	2.273045e-01	-3.715448e-01	2.082347e-01	-5.797795e-01	3.940071e-01	-2.662066e-04	-3.750929e-03	-2.217850e-02	-1.484018e-02	-7.338322e-03
1364          	4.525019e-01	2.260034e-01	2.264985e-01	-3.686723e-01	2.111198e-01	-5.797921e-01	3.954559e-01	-2.475364e-04	-3.747910e-03	-2.100732e-02	-1.425157e-02	-6.755748e-03
1365          	4.510191e-01	2.252415e-01	2.257776e-01	-3.669673e-01	2.130132e-01	-5.799805e-01	3.964969e-01	-2.680326e-04	-3.565826e-03	-1.969359e-02	-1.341262e-02	-6.280971e-03
1366          	4.499060e-01	2.247463e-01	2.251596e-01	-3.665241e-01	2.134664e-01	-5.799906e-01	3.967285e-01	-2.066628e-04	-3.244055e-03	-1.839122e-02	-1.243967e-02	-5.951556e-03
1367          	4.491389e-01	2.244858e-01	2.246532e-01	-3.656467e-01	2.130060e-01	-5.786527e-01	3.958294e-01	-8.370510e-05	-2.890680e-03	-1.737632e-02	-1.157884e-02	-5.797479e-03
1368          	4.487373e-01	2.246264e-01	2.241109e-01	-3.670495e-01	2.106606e-01	-5.777101e-01	3.941854e-01	2.577242e-04	-2.693974e-03	-1.672454e-02	-1.105625e-02	-5.668297e-03
1369          	4.486445e-01	2.250558e-01	2.235887e-01	-3.701276e-01	2.053505e-01	-5.754781e-01	3.904143e-01	7.335382e-04	-2.647731e-03	-1.622226e-02	-1.075886e-02	-5.463399e-03
1370          	4.485403e-01	2.253567e-01	2.231835e-01	-3.779721e-01	1.962080e-01	-5.741801e-01	3.851940e-01	1.086602e-03	-2.708123e-03	-1.573134e-02	-1.057379e-02	-5.157547e-03
1371          	4.488636e-01	2.253710e-01	2.234926e-01	-3.862689e-01	1.872998e-01	-5.735686e-01	3.804342e-01	9.392155e-04	-2.702263e-03	-1.567452e-02	-1.053952e-02	-5.134995e-03
1372          	4.490988e-01	2.249665e-01	2.241323e-01	-3.958612e-01	1.780633e-01	-5.739245e-01	3.759939e-01	4.170731e-04	-2.531355e-03	-1.593040e-02	-1.049656e-02	-5.433846e-03
1373          	4.497677e-01	2.245408e-01	2.252268e-01	-4.004629e-01	1.742574e-01	-5.747203e-01	3.744889e-01	-3.430058e-04	-2.297353e-03	-1.655945e-02	-1.057708e-02	-5.982372e-03
1374          	4.502144e-01	2.239599e-01	2.262546e-01	-4.013563e-01	1.743078e-01	-5.756641e-01	3.749860e-01	-1.147356e-03	-2.023945e-03	-1.717654e-02	-1.061221e-02	-6.564324e-03
1375          	4.509401e-01	2.237636e-01	2.271765e-01	-3.992164e-01	1.787761e-01	-5.779926e-01	3.783843e-01	-1.706443e-03	-1.933295e-03	-1.767272e-02	-1.076965e-02	-6.903065e-03
1376          	4.511337e-01	2.236878e-01	2.274460e-01	-3.934986e-01	1.864340e-01	-5.799326e-01	3.831833e-01	-1.879103e-03	-1.904892e-03	-1.793032e-02	-1.087005e-02	-7.060268e-03
1377          	4.506771e-01	2.236795e-01	2.269976e-01	-3.869025e-01	1.945843e-01	-5.814868e-01	3.880355e-01	-1.659066e-03	-1.959307e-03	-1.791174e-02	-1.091518e-02	-6.996561e-03
1378          	4.496290e-01	2.238350e-01	2.257940e-01	-3.807489e-01	2.016974e-01	-5.824463e-01	3.920719e-01	-9.795083e-04	-1.879407e-03	-1.763864e-02	-1.069873e-02	-6.939914e-03
1379          	4.481425e-01	2.238654e-01	2.242770e-01	-3.762557e-01	2.064527e-01	-5.827084e-01	3.945805e-01	-2.058057e-04	-1.618030e-03	-1.715218e-02	-1.019412e-02	-6.958060e-03
1380          	4.468643e-01	2.239534e-01	2.229109e-01	-3.734118e-01	2.092443e-01	-5.826561e-01	3.959502e-01	5.212365e-04	-1.136255e-03	-1.662683e-02	-9.449672e-03	-7.177162e-03
1381          	4.459604e-01	2.239029e-01	2.220575e-01	-3.706201e-01	2.110716e-01	-5.816917e-01	3.963816e-01	9.227071e-04	-6.174310e-04	-1.623830e-02	-8.736581e-03	-7.501719e-03
1382          	4.457980e-01	2.239381e-01	2.218600e-01	-3.684735e-01	2.118155e-01	-5.802889e-01	3.960522e-01	1.039048e-03	-1.687846e-04	-1.620363e-02	-8.270599e-03	-7.933030e-03
1383          	4.463316e-01	2.240429e-01	2.222887e-01	-3.670063e-01	2.116661e-01	-5.786725e-01	3.951693e-01	8.771321e-04	9.852109e-05	-1.666075e-02	-8.231852e-03	-8.428894e-03
1384          	4.477758e-01	2.246334e-01	2.231425e-01	-3.690829e-01	2.096411e-01	-5.787240e-01	3.941825e-01	7.454684e-04	1.973786e-04	-1.729344e-02	-8.449341e-03	-8.844098e-03
1385          	4.498857e-01	2.256586e-01	2.242272e-01	-3.772514e-01	2.042584e-01	-5.815099e-01	3.928841e-01	7.157105e-04	1.683153e-04	-1.784180e-02	-8.752586e-03	-9.089216e-03
1386          	4.524241e-01	2.268244e-01	2.255997e-01	-3.908001e-01	1.958554e-01	-5.866555e-01	3.912555e-01	6.123165e-04	1.892761e-04	-1.822527e-02	-8.923361e-03	-9.301914e-03
1387          	4.548818e-01	2.278967e-01	2.269851e-01	-4.050816e-01	1.873014e-01	-5.923830e-01	3.898422e-01	4.558277e-04	3.448900e-04	-1.840759e-02	-8.858907e-03	-9.548687e-03
1388          	4.570991e-01	2.288440e-01	2.282551e-01	-4.169845e-01	1.810636e-01	-5.980481e-01	3.895559e-01	2.944466e-04	7.091280e-04	-1.831739e-02	-8.449568e-03	-9.867824e-03
1389          	4.586305e-01	2.295290e-01	2.291015e-01	-4.233178e-01	1.790365e-01	-6.023543e-01	3.906954e-01	2.137471e-04	1.164782e-03	-1.799697e-02	-7.833704e-03	-1.016327e-02
1390          	4.594013e-01	2.299991e-01	2.294022e-01	-4.229121e-01	1.818369e-01	-6.047490e-01	3.932929e-01	2.984609e-04	1.559775e-03	-1.750402e-02	-7.192233e-03	-1.031178e-02
1391          	4.590828e-01	2.299993e-01	2.290835e-01	-4.158772e-01	1.885270e-01	-6.044042e-01	3.964656e-01	4.579263e-04	1.774748e-03	-1.697643e-02	-6.713469e-03	-1.026297e-02
1392          	4.581132e-01	2.297019e-01	2.284113e-01	-4.060791e-01	1.967638e-01	-6.028430e-01	3.998034e-01	6.452807e-04	1.814968e-03	-1.637926e-02	-6.374662e-03	-1.000460e-02
1393          	4.565341e-01	2.290250e-01	2.275091e-01	-3.960399e-01	2.040652e-01	-6.001051e-01	4.020852e-01	7.579226e-04	1.706056e-03	-1.574470e-02	-6.166292e-03	-9.578405e-03
1394          	4.549707e-01	2.282608e-01	2.267099e-01	-3.888148e-01	2.090352e-01	-5.978500e-01	4.034426e-01	7.754516e-04	1.582304e-03	-1.495005e-02	-5.892720e-03	-9.057328e-03
1395          	4.534112e-01	2.273155e-01	2.260957e-01	-3.826271e-01	2.120493e-01	-5.946764e-01	4.033629e-01	6.099182e-04	1.509895e-03	-1.411524e-02	-5.547725e-03	-8.567514e-03
1396          	4.523780e-01	2.264896e-01	2.258884e-01	-3.772816e-01	2.140873e-01	-5.913689e-01	4.027281e-01	3.005954e-04	1.551227e-03	-1.318894e-02	-5.043242e-03	-8.145696e-03
1397          	4.517897e-01	2.257759e-01	2.260138e-01	-3.720502e-01	2.154017e-01	-5.874520e-01	4.014269e-01	-1.189457e-04	1.647659e-03	-1.242100e-02	-4.562842e-03	-7.858159e-03
1398          	4.520533e-01	2.255862e-01	2.264671e-01	-3.680185e-01	2.159704e-01	-5.839890e-01	3.999797e-01	-4.404297e-04	1.709032e-03	-1.202464e-02	-4.303289e-03	-7.721353e-03
1399          	4.528870e-01	2.259167e-01	2.269703e-01	-3.656099e-01	2.153765e-01	-5.809864e-01	3.981814e-01	-5.268291e-04	1.611583e-03	-1.206599e-02	-4.421413e-03	-7.644579e-03
1400          	4.543075e-01	2.268743e-01	2.274332e-01	-3.683003e-01	2.116867e-01	-5.799870e-01	3.958368e-01	-2.794443e-04	1.264418e-03	-1.249326e-02	-4.982214e-03	-7.511050e-03
1401          	4.558718e-01	2.278016e-01	2.280702e-01	-3.756763e-01	2.049295e-01	-5.806057e-01	3.927676e-01	-1.343162e-04	7.589319e-04	-1.318544e-02	-5.833790e-03	-7.351653e-03
1402          	4.574502e-01	2.285310e-01	2.289192e-01	-3.876672e-01	1.957517e-01	-5.834189e-01	3.895853e-01	-1.940749e-04	3.160514e-04	-1.411419e-02	-6.741042e-03	-7.373144e-03
1403          	4.585654e-01	2.288090e-01	2.297564e-01	-3.992518e-01	1.873643e-01	-5.866161e-01	3.869902e-01	-4.737332e-04	3.919124e-05	-1.513131e-02	-7.526462e-03	-7.604844e-03
1404          	4.593517e-01	2.288825e-01	2.304692e-01	-4.071363e-01	1.827171e-01	-5.898534e-01	3.862853e-01	-7.933725e-04	-9.032136e-05	-1.613515e-02	-8.157897e-03	-7.977254e-03
1405          	4.596162e-01	2.287195e-01	2.308967e-01	-4.087784e-01	1.833568e-01	-5.921352e-01	3.877460e-01	-1.088612e-03	-1.907422e-04	-1.687269e-02	-8.627088e-03	-8.245603e-03
1406          	4.595743e-01	2.286583e-01	2.309160e-01	-4.047926e-01	1.888180e-01	-5.936106e-01	3.912143e-01	-1.128835e-03	-3.218896e-04	-1.731332e-02	-8.978551e-03	-8.334772e-03
1407          	4.589509e-01	2.283863e-01	2.305646e-01	-3.961473e-01	1.971949e-01	-5.933422e-01	3.952685e-01	-1.089166e-03	-5.007763e-04	-1.741468e-02	-9.208116e-03	-8.206563e-03
1408          	4.580424e-01	2.281089e-01	2.299336e-01	-3.870592e-01	2.052135e-01	-5.922728e-01	3.987431e-01	-9.123414e-04	-6.632284e-04	-1.721022e-02	-9.268340e-03	-7.941883e-03
1409          	4.565684e-01	2.275252e-01	2.290432e-01	-3.784488e-01	2.110052e-01	-5.894540e-01	4.002296e-01	-7.589986e-04	-7.880134e-04	-1.670061e-02	-9.138319e-03	-7.562292e-03
1410          	4.548823e-01	2.267361e-01	2.281462e-01	-3.714516e-01	2.139604e-01	-5.854120e-01	3.996862e-01	-7.050206e-04	-8.121770e-04	-1.596458e-02	-8.794465e-03	-7.170111e-03
1411          	4.530321e-01	2.256175e-01	2.274146e-01	-3.645750e-01	2.152261e-01	-5.798010e-01	3.975135e-01	-8.985724e-04	-7.691294e-04	-1.519040e-02	-8.364327e-03	-6.826068e-03
1412          	4.516756e-01	2.246859e-01	2.269897e-01	-3.591923e-01	2.155521e-01	-5.747444e-01	3.951483e-01	-1.151864e-03	-7.396880e-04	-1.465564e-02	-8.067509e-03	-6.588133e-03
1413          	4.509419e-01	2.240763e-01	2.268656e-01	-3.553516e-01	2.154898e-01	-5.708414e-01	3.931656e-01	-1.394654e-03	-8.441544e-04	-1.462218e-02	-8.155244e-03	-6.466935e-03
1414          	4.511996e-01	2.241922e-01	2.270074e-01	-3.538128e-01	2.146706e-01	-5.684834e-01	3.915770e-01	-1.407604e-03	-1.113239e-03	-1.525102e-02	-8.738749e-03	-6.512272e-03
1415          	4.522312e-01	2.249117e-01	2.273195e-01	-3.562662e-01	2.124883e-01	-5.687546e-01	3.906215e-01	-1.203909e-03	-1.710159e-03	-1.634745e-02	-9.883884e-03	-6.463567e-03
1416          	4.538015e-01	2.259835e-01	2.278179e-01	-3.624454e-01	2.084671e-01	-5.709125e-01	3.896898e-01	-9.172040e-04	-2.367304e-03	-1.738297e-02	-1.105879e-02	-6.324179e-03
1417          	4.559323e-01	2.272479e-01	2.286844e-01	-3.781685e-01	1.988572e-01	-5.770258e-01	3.879415e-01	-7.182280e-04	-3.243674e-03	-1.928749e-02	-1.288742e-02	-6.400069e-03
1418          	4.579362e-01	2.282004e-01	2.297358e-01	-3.910365e-01	1.914718e-01	-5.825084e-01	3.869901e-01	-7.676919e-04	-3.810620e-03	-2.108518e-02	-1.435321e-02	-6.731971e-03
1419          	4.595504e-01	2.288153e-01	2.307351e-01	-3.994393e-01	1.868786e-01	-5.863179e-01	3.865983e-01	-9.598812e-04	-4.201282e-03	-2.295761e-02	-1.568009e-02	-7.277523e-03
1420          	4.607410e-01	2.292126e-01	2.315284e-01	-4.019775e-01	1.863997e-01	-5.883772e-01	3.873884e-01	-1.157894e-03	-4.440132e-03	-2.468149e-02	-1.678088e-02	-7.900612e-03
1421          	4.609504e-01	2.291224e-01	2.318279e-01	-3.970117e-01	1.898905e-01	-5.869022e-01	3.883963e-01	-1.352742e-03	-4.682932e-03	-2.598968e-02	-1.767777e-02	-8.311908e-03
1422          	4.603593e-01	2.286886e-01	2.316707e-01	-3.879459e-01	1.953012e-01	-5.832471e-01	3.892742e-01	-1.491074e-03	-4.827893e-03	-2.645150e-02	-1.805365e-02	-8.397859e-03
1423          	4.586220e-01	2.277701e-01	2.308518e-01	-3.730409e-01	2.025734e-01	-5.756144e-01	3.890939e-01	-1.540852e-03	-5.053871e-03	-2.679865e-02	-1.845320e-02	-8.345454e-03
1424          	4.565725e-01	2.266942e-01	2.298783e-01	-3.636334e-01	2.063108e-01	-5.699442e-01	3.881275e-01	-1.592079e-03	-4.970704e-03	-2.587939e-02	-1.791040e-02	-7.968992e-03
1425          	4.537619e-01	2.253043e-01	2.284576e-01	-3.516349e-01	2.109229e-01	-5.625578e-01	3.867404e-01	-1.576631e-03	-4.774140e-03	-2.477822e-02	-1.716325e-02	-7.614970e-03
1426          	4.515510e-01	2.241055e-01	2.274455e-01	-3.472742e-01	2.116015e-01	-5.588757e-01	3.852386e-01	-1.669994e-03	-4.344636e-03	-2.326145e-02	-1.597536e-02	-7.286089e-03
1427          	4.495194e-01	2.228917e-01	2.266277e-01	-3.431649e-01	2.132166e-01	-5.563815e-01	3.847990e-01	-1.867992e-03	-3.792058e-03	-2.161243e-02	-1.459827e-02	-7.014156e-03
1428          	4.485599e-01	2.222907e-01	2.262691e-01	-3.434267e-01	2.129949e-01	-5.564217e-01	3.847083e-01	-1.989199e-03	-3.275396e-03	-2.034389e-02	-1.344734e-02	-6.896547e-03
1429          	4.483632e-01	2.221332e-01	2.262301e-01	-3.452123e-01	2.121338e-01	-5.573461e-01	3.847399e-01	-2.048449e-03	-2.857035e-03	-1.945940e-02	-1.258673e-02	-6.872665e-03
1430          	4.490385e-01	2.225856e-01	2.264529e-01	-3.494198e-01	2.098425e-01	-5.592623e-01	3.845524e-01	-1.933631e-03	-2.533600e-03	-1.887757e-02	-1.197238e-02	-6.905185e-03
1431          	4.500737e-01	2.234425e-01	2.266312e-01	-3.571360e-01	2.042583e-01	-5.613942e-01	3.828263e-01	-1.594337e-03	-2.461491e-03	-1.858965e-02	-1.175632e-02	-6.833332e-03
1432          	4.514593e-01	2.242992e-01	2.271601e-01	-3.693825e-01	1.953168e-01	-5.646994e-01	3.800081e-01	-1.430473e-03	-2.430014e-03	-1.841835e-02	-1.163919e-02	-6.779162e-03
1433          	4.527128e-01	2.249257e-01	2.277871e-01	-3.819409e-01	1.855763e-01	-5.675172e-01	3.765468e-01	-1.430680e-03	-2.418596e-03	-1.845156e-02	-1.164438e-02	-6.807185e-03
1434          	4.541256e-01	2.254629e-01	2.286627e-01	-3.929971e-01	1.781007e-01	-5.710978e-01	3.745992e-01	-1.599884e-03	-2.248849e-03	-1.846824e-02	-1.148297e-02	-6.985269e-03
1435          	4.553503e-01	2.257817e-01	2.295686e-01	-3.988930e-01	1.751630e-01	-5.740560e-01	3.746095e-01	-1.893468e-03	-2.037302e-03	-1.852369e-02	-1.129915e-02	-7.224543e-03
1436          	4.567585e-01	2.261616e-01	2.305969e-01	-4.002591e-01	1.774167e-01	-5.776758e-01	3.775463e-01	-2.217656e-03	-1.799078e-03	-1.845716e-02	-1.102766e-02	-7.429503e-03
1437          	4.574199e-01	2.262565e-01	2.311634e-01	-3.952323e-01	1.847370e-01	-5.799694e-01	3.823532e-01	-2.453447e-03	-1.601601e-03	-1.798795e-02	-1.059558e-02	-7.392374e-03
1438          	4.580017e-01	2.265742e-01	2.314276e-01	-3.918370e-01	1.924100e-01	-5.842470e-01	3.883285e-01	-2.426700e-03	-1.488935e-03	-1.754061e-02	-1.025924e-02	-7.281367e-03
1439          	4.575440e-01	2.267228e-01	2.308212e-01	-3.839055e-01	2.031348e-01	-5.870404e-01	3.950876e-01	-2.049226e-03	-1.384464e-03	-1.694278e-02	-9.855853e-03	-7.086925e-03
1440          	4.565513e-01	2.268047e-01	2.297466e-01	-3.813396e-01	2.094367e-01	-5.907763e-01	4.001065e-01	-1.470910e-03	-1.157951e-03	-1.630379e-02	-9.309845e-03	-6.993943e-03
1441          	4.548000e-01	2.265899e-01	2.282101e-01	-3.793331e-01	2.134507e-01	-5.927838e-01	4.031173e-01	-8.100843e-04	-8.054891e-04	-1.570176e-02	-8.656368e-03	-7.045389e-03
1442          	4.529506e-01	2.262893e-01	2.266613e-01	-3.772063e-01	2.158343e-01	-5.930406e-01	4.044374e-01	-1.859674e-04	-2.301437e-04	-1.498011e-02	-7.720199e-03	-7.259911e-03
1443          	4.513181e-01	2.259812e-01	2.253369e-01	-3.734801e-01	2.169393e-01	-5.904193e-01	4.036793e-01	3.221352e-04	3.292473e-04	-1.440312e-02	-6.872311e-03	-7.530805e-03
1444          	4.505685e-01	2.258483e-01	2.247202e-01	-3.696185e-01	2.167742e-01	-5.863927e-01	4.015834e-01	5.640225e-04	8.467110e-04	-1.383055e-02	-6.068564e-03	-7.761986e-03
1445          	4.505099e-01	2.259701e-01	2.245398e-01	-3.648490e-01	2.153903e-01	-5.802394e-01	3.978148e-01	7.151487e-04	1.081733e-03	-1.365178e-02	-5.744157e-03	-7.907623e-03
1446          	4.515345e-01	2.266198e-01	2.249148e-01	-3.653704e-01	2.112599e-01	-5.766303e-01	3.939451e-01	8.524899e-04	1.107841e-03	-1.349160e-02	-5.637957e-03	-7.853640e-03
1447          	4.530056e-01	2.274831e-01	2.255224e-01	-3.710547e-01	2.044724e-01	-5.755271e-01	3.899997e-01	9.803407e-04	8.819614e-04	-1.389115e-02	-6.063616e-03	-7.827538e-03
1448          	4.548535e-01	2.282749e-01	2.265786e-01	-3.823740e-01	1.958894e-01	-5.782635e-01	3.870765e-01	8.481728e-04	6.771645e-04	-1.478803e-02	-6.716849e-03	-8.071178e-03
1449          	4.565296e-01	2.288146e-01	2.277150e-01	-3.946818e-01	1.878258e-01	-5.825076e-01	3.851667e-01	5.497809e-04	5.246988e-04	-1.626455e-02	-7.607576e-03	-8.656974e-03
1450          	4.579489e-01	2.291644e-01	2.287845e-01	-4.052729e-01	1.823238e-01	-5.875967e-01	3.849602e-01	1.899674e-04	6.201681e-04	-1.789309e-02	-8.326376e-03	-9.566712e-03
1451          	4.585281e-01	2.292354e-01	2.292927e-01	-4.093110e-01	1.815482e-01	-5.908592e-01	3.862037e-01	-2.866275e-05	7.901836e-04	-1.936384e-02	-8.891737e-03	-1.047210e-02
1452          	4.584224e-01	2.292355e-01	2.291869e-01	-4.076271e-01	1.850106e-01	-5.926378e-01	3.888242e-01	2.431583e-05	9.782056e-04	-2.022262e-02	-9.133104e-03	-1.108951e-02
1453          	4.573605e-01	2.290116e-01	2.283488e-01	-4.004121e-01	1.911474e-01	-5.915595e-01	3.913534e-01	3.314039e-04	1.000206e-03	-2.068297e-02	-9.341279e-03	-1.134169e-02
1454          	4.556441e-01	2.286114e-01	2.270327e-01	-3.901652e-01	1.982278e-01	-5.883930e-01	3.933104e-01	7.893682e-04	9.193815e-04	-2.064323e-02	-9.402231e-03	-1.124099e-02
1455          	4.533055e-01	2.279269e-01	2.253786e-01	-3.783441e-01	2.045376e-01	-5.828818e-01	3.937097e-01	1.274171e-03	7.319334e-04	-2.024246e-02	-9.389298e-03	-1.085316e-02
1456          	4.510084e-01	2.271012e-01	2.239072e-01	-3.682475e-01	2.089919e-01	-5.772395e-01	3.931157e-01	1.597022e-03	5.917040e-04	-1.939483e-02	-9.105712e-03	-1.028912e-02
1457          	4.489578e-01	2.260180e-01	2.229398e-01	-3.603333e-01	2.115209e-01	-5.718542e-01	3.916876e-01	1.539131e-03	4.652273e-04	-1.846350e-02	-8.766524e-03	-9.696979e-03
1458          	4.477280e-01	2.250459e-01	2.226821e-01	-3.546526e-01	2.134762e-01	-5.681287e-01	3.908024e-01	1.181890e-03	3.972306e-04	-1.748667e-02	-8.346103e-03	-9.140564e-03
1459          	4.475924e-01	2.243377e-01	2.232546e-01	-3.501074e-01	2.154166e-01	-5.655239e-01	3.904702e-01	5.415479e-04	2.388961e-04	-1.672434e-02	-8.123276e-03	-8.601068e-03
1460          	4.481950e-01	2.240843e-01	2.241107e-01	-3.490690e-01	2.156200e-01	-5.646889e-01	3.901545e-01	-1.317599e-05	1.170270e-04	-1.637621e-02	-8.071079e-03	-8.305133e-03
1461          	4.500605e-01	2.246523e-01	2.254081e-01	-3.504987e-01	2.149991e-01	-5.654978e-01	3.902484e-01	-3.778995e-04	-2.586561e-04	-1.645769e-02	-8.487503e-03	-7.970191e-03
1462          	4.520861e-01	2.255670e-01	2.265191e-01	-3.571601e-01	2.113421e-01	-5.685022e-01	3.899221e-01	-4.760596e-04	-5.529025e-04	-1.649584e-02	-8.800822e-03	-7.695017e-03
1463          	4.546088e-01	2.267350e-01	2.278737e-01	-3.721465e-01	2.021854e-01	-5.743319e-01	3.882587e-01	-5.693490e-04	-1.058186e-03	-1.709586e-02	-9.606115e-03	-7.489744e-03
1464          	4.567672e-01	2.275356e-01	2.292316e-01	-3.848296e-01	1.948649e-01	-5.796945e-01	3.872797e-01	-8.480295e-04	-1.144227e-03	-1.717965e-02	-9.734051e-03	-7.445598e-03
1465          	4.585876e-01	2.281512e-01	2.304364e-01	-3.992973e-01	1.866939e-01	-5.859912e-01	3.863425e-01	-1.142626e-03	-1.185599e-03	-1.744221e-02	-9.906704e-03	-7.535505e-03
1466          	4.599946e-01	2.285263e-01	2.314683e-01	-4.084474e-01	1.832096e-01	-5.916570e-01	3.874333e-01	-1.470992e-03	-9.952121e-04	-1.737267e-02	-9.681547e-03	-7.691123e-03
1467          	4.607719e-01	2.287120e-01	2.320599e-01	-4.108416e-01	1.850581e-01	-5.958997e-01	3.904789e-01	-1.673912e-03	-8.058587e-04	-1.704192e-02	-9.326817e-03	-7.715100e-03
1468          	4.610553e-01	2.288350e-01	2.322202e-01	-4.078700e-01	1.910745e-01	-5.989445e-01	3.950095e-01	-1.692606e-03	-5.614663e-04	-1.636953e-02	-8.746230e-03	-7.623297e-03
1469          	4.607146e-01	2.288287e-01	2.318859e-01	-4.011735e-01	1.992208e-01	-6.003943e-01	3.998076e-01	-1.528622e-03	-4.310031e-04	-1.558903e-02	-8.225520e-03	-7.363514e-03
1470          	4.598014e-01	2.286481e-01	2.311532e-01	-3.937470e-01	2.065928e-01	-6.003398e-01	4.034663e-01	-1.252547e-03	-2.983980e-04	-1.465837e-02	-7.627581e-03	-7.030785e-03
1471          	4.581262e-01	2.281086e-01	2.300176e-01	-3.858588e-01	2.120144e-01	-5.978732e-01	4.049438e-01	-9.544974e-04	-2.295204e-04	-1.378769e-02	-7.123365e-03	-6.664324e-03
1472          	4.559849e-01	2.272211e-01	2.287638e-01	-3.780516e-01	2.151371e-01	-5.931887e-01	4.041629e-01	-7.713492e-04	-5.927909e-05	-1.303297e-02	-6.575763e-03	-6.457205e-03
1473          	4.536001e-01	2.260586e-01	2.275416e-01	-3.695244e-01	2.168578e-01	-5.863822e-01	4.016200e-01	-7.414931e-04	5.672880e-05	-1.256714e-02	-6.226843e-03	-6.340301e-03
1474          	4.515975e-01	2.249169e-01	2.266806e-01	-3.619535e-01	2.177460e-01	-5.796995e-01	3.987227e-01	-8.818788e-04	1.849943e-04	-1.245753e-02	-6.043771e-03	-6.413760e-03
1475          	4.502960e-01	2.241923e-01	2.261038e-01	-3.574969e-01	2.168970e-01	-5.743939e-01	3.956455e-01	-9.557425e-04	1.624161e-04	-1.286772e-02	-6.271446e-03	-6.596278e-03
1476          	4.497649e-01	2.238021e-01	2.259628e-01	-3.549380e-01	2.157121e-01	-5.706501e-01	3.931811e-01	-1.080311e-03	-5.747717e-05	-1.376859e-02	-6.941773e-03	-6.826819e-03
1477          	4.500292e-01	2.240750e-01	2.259543e-01	-3.577903e-01	2.117565e-01	-5.695468e-01	3.906516e-01	-9.396380e-04	-5.402420e-04	-1.487646e-02	-7.978473e-03	-6.897989e-03
1478          	4.510570e-01	2.246906e-01	2.263664e-01	-3.691699e-01	2.033395e-01	-5.725095e-01	3.879245e-01	-8.379014e-04	-1.119900e-03	-1.614047e-02	-9.190134e-03	-6.950334e-03
1479          	4.524548e-01	2.252815e-01	2.271734e-01	-3.810695e-01	1.955845e-01	-5.766540e-01	3.861192e-01	-9.459730e-04	-1.624374e-03	-1.750788e-02	-1.037832e-02	-7.129569e-03
1480          	4.543677e-01	2.260662e-01	2.283014e-01	-3.982680e-01	1.855762e-01	-5.838442e-01	3.847102e-01	-1.117604e-03	-1.875409e-03	-1.895822e-02	-1.135452e-02	-7.603700e-03
1481          	4.559999e-01	2.266571e-01	2.293428e-01	-4.061684e-01	1.827246e-01	-5.888930e-01	3.858088e-01	-1.342867e-03	-1.975005e-03	-2.045853e-02	-1.220427e-02	-8.254259e-03
1482          	4.573766e-01	2.271824e-01	2.301943e-01	-4.082637e-01	1.846778e-01	-5.929415e-01	3.888096e-01	-1.505962e-03	-1.937812e-03	-2.172844e-02	-1.280203e-02	-8.926407e-03
1483          	4.579980e-01	2.274546e-01	2.305434e-01	-4.042375e-01	1.903054e-01	-5.945429e-01	3.924242e-01	-1.544374e-03	-1.954655e-03	-2.266573e-02	-1.328752e-02	-9.378208e-03
1484          	4.577722e-01	2.273707e-01	2.304016e-01	-3.956404e-01	1.974984e-01	-5.931388e-01	3.953186e-01	-1.515437e-03	-2.010315e-03	-2.319462e-02	-1.360763e-02	-9.586995e-03
1485          	4.564401e-01	2.267479e-01	2.296922e-01	-3.843262e-01	2.038481e-01	-5.881743e-01	3.960112e-01	-1.472176e-03	-2.116279e-03	-2.334572e-02	-1.378914e-02	-9.556583e-03
1486          	4.542413e-01	2.257216e-01	2.285197e-01	-3.732029e-01	2.075602e-01	-5.807631e-01	3.941616e-01	-1.399087e-03	-2.175738e-03	-2.304536e-02	-1.369842e-02	-9.346940e-03
1487          	4.515015e-01	2.244125e-01	2.270891e-01	-3.633973e-01	2.086475e-01	-5.720448e-01	3.903462e-01	-1.338314e-03	-2.113001e-03	-2.232022e-02	-1.327311e-02	-9.047109e-03
1488          	4.490554e-01	2.231544e-01	2.259010e-01	-3.555034e-01	2.085534e-01	-5.640567e-01	3.863051e-01	-1.373341e-03	-1.895458e-03	-2.125524e-02	-1.252308e-02	-8.732163e-03
1489          	4.473421e-01	2.221756e-01	2.251665e-01	-3.495813e-01	2.083929e-01	-5.579742e-01	3.831835e-01	-1.495472e-03	-1.633549e-03	-2.010462e-02	-1.168586e-02	-8.418760e-03
1490          	4.470690e-01	2.218582e-01	2.252108e-01	-3.473684e-01	2.082683e-01	-5.556367e-01	3.819525e-01	-1.676337e-03	-1.438057e-03	-1.902732e-02	-1.095172e-02	-8.075604e-03
1491          	4.479379e-01	2.221509e-01	2.257870e-01	-3.476420e-01	2.085237e-01	-5.561657e-01	3.823447e-01	-1.818052e-03	-1.337230e-03	-1.819002e-02	-1.043224e-02	-7.757781e-03
1492          	4.498486e-01	2.231885e-01	2.266601e-01	-3.528250e-01	2.075383e-01	-5.603633e-01	3.839508e-01	-1.735838e-03	-1.374547e-03	-1.757358e-02	-1.016134e-02	-7.412242e-03
1493          	4.520175e-01	2.245251e-01	2.274924e-01	-3.627530e-01	2.036980e-01	-5.664510e-01	3.850745e-01	-1.483675e-03	-1.493367e-03	-1.717144e-02	-1.007909e-02	-7.092353e-03
1494          	4.543312e-01	2.257119e-01	2.286193e-01	-3.774960e-01	1.966823e-01	-5.741783e-01	3.854303e-01	-1.453692e-03	-1.590264e-03	-1.710735e-02	-1.014394e-02	-6.963413e-03
1495          	4.561573e-01	2.264899e-01	2.296673e-01	-3.908214e-01	1.889175e-01	-5.797390e-01	3.843282e-01	-1.588694e-03	-1.623096e-03	-1.745323e-02	-1.034971e-02	-7.103520e-03
1496          	4.576858e-01	2.269478e-01	2.307381e-01	-3.996296e-01	1.832121e-01	-5.828417e-01	3.830269e-01	-1.895147e-03	-1.557805e-03	-1.815607e-02	-1.063584e-02	-7.520230e-03
1497          	4.585728e-01	2.269725e-01	2.316003e-01	-4.013115e-01	1.810441e-01	-5.823556e-01	3.816998e-01	-2.313872e-03	-1.497233e-03	-1.917761e-02	-1.108604e-02	-8.091573e-03
1498          	4.591941e-01	2.269260e-01	2.322681e-01	-3.975588e-01	1.828848e-01	-5.804436e-01	3.816642e-01	-2.671043e-03	-1.472630e-03	-2.010028e-02	-1.152277e-02	-8.577511e-03
1499          	4.589480e-01	2.266220e-01	2.323259e-01	-3.866156e-01	1.886354e-01	-5.752510e-01	3.819432e-01	-2.851952e-03	-1.645083e-03	-2.138366e-02	-1.233691e-02	-9.046748e-03
1500          	4.583560e-01	2.263281e-01	2.320279e-01	-3.772113e-01	1.943969e-01	-5.716082e-01	3.830025e-01	-2.849927e-03	-1.779228e-03	-2.187167e-02	-1.271506e-02	-9.156609e-03
