# Solver information
# Time        	U_solver      	Ux_initial    	Ux_final      	Ux_iters      	Uy_initial    	Uy_final      	Uy_iters      	Uz_initial    	Uz_final      	Uz_iters      	U_converged   	p_solver      	p_initial     	p_final       	p_iters       	p_converged   
1             	smoothSolver	1.256430e-02	1.108800e-03	9	2.890190e-01	2.299780e-02	9	1.847710e-01	1.664670e-02	8	false	GAMG	1.000000e+00	9.120410e-03	9	true
2             	smoothSolver	8.066950e-03	7.242250e-04	8	1.827260e-01	1.820590e-02	7	1.354900e-01	1.103010e-02	8	false	GAMG	4.331200e-02	3.648650e-04	7	true
3             	smoothSolver	5.156530e-03	4.270100e-04	8	1.401440e-01	1.322770e-02	7	1.308720e-01	1.305060e-02	7	false	GAMG	3.223360e-02	2.872200e-04	6	true
4             	smoothSolver	3.913840e-03	3.095440e-04	8	1.132090e-01	1.052990e-02	7	6.850780e-02	6.596680e-03	7	false	GAMG	2.419930e-02	1.888600e-04	6	true
5             	smoothSolver	3.256580e-03	2.675490e-04	8	9.601770e-02	9.308760e-03	7	4.909870e-02	4.829470e-03	7	false	GAMG	1.959570e-02	1.647180e-04	6	true
6             	smoothSolver	2.830100e-03	2.481020e-04	8	8.760950e-02	7.090200e-03	8	4.186780e-02	3.393640e-03	8	false	GAMG	1.728190e-02	1.411470e-04	8	true
7             	smoothSolver	2.530410e-03	2.330000e-04	8	8.084230e-02	7.043770e-03	8	3.818180e-02	3.286870e-03	8	false	GAMG	1.553470e-02	1.401240e-04	7	true
8             	smoothSolver	2.315160e-03	2.177430e-04	8	7.295470e-02	6.803890e-03	8	3.542790e-02	3.176690e-03	8	false	GAMG	1.437900e-02	1.126030e-04	6	true
9             	smoothSolver	2.153290e-03	2.062110e-04	8	6.638520e-02	6.458160e-03	8	3.365060e-02	3.082010e-03	8	false	GAMG	1.318500e-02	1.104060e-04	6	true
10            	smoothSolver	2.054250e-03	2.001040e-04	8	6.146310e-02	6.113150e-03	8	3.288650e-02	3.066820e-03	8	false	GAMG	1.246240e-02	1.073240e-04	6	true
11            	smoothSolver	1.968440e-03	1.543330e-04	9	5.773710e-02	4.576150e-03	9	3.245790e-02	3.107820e-03	8	false	GAMG	1.203660e-02	1.039220e-04	6	true
12            	smoothSolver	1.896860e-03	1.515670e-04	9	5.470470e-02	4.407130e-03	9	3.187900e-02	3.135070e-03	8	false	GAMG	1.171510e-02	8.688310e-05	6	true
13            	smoothSolver	1.834170e-03	1.488830e-04	9	5.212930e-02	4.264230e-03	9	3.120530e-02	2.455390e-03	9	false	GAMG	1.147260e-02	1.075950e-04	5	true
14            	smoothSolver	1.780140e-03	1.458020e-04	9	4.987130e-02	4.146180e-03	9	3.025270e-02	2.433850e-03	9	false	GAMG	1.133650e-02	1.049180e-04	5	true
15            	smoothSolver	1.738310e-03	1.437720e-04	9	4.771830e-02	4.034630e-03	9	2.917460e-02	2.399050e-03	9	false	GAMG	1.133890e-02	1.029920e-04	5	true
16            	smoothSolver	1.705410e-03	1.429680e-04	9	4.563630e-02	3.915620e-03	9	2.771960e-02	2.328120e-03	9	false	GAMG	1.136940e-02	9.687970e-05	5	true
17            	smoothSolver	1.677490e-03	1.430960e-04	9	4.371990e-02	3.801900e-03	9	2.581620e-02	2.205060e-03	9	false	GAMG	1.138370e-02	9.815030e-05	5	true
18            	smoothSolver	1.658920e-03	1.435730e-04	9	4.213230e-02	3.715820e-03	9	2.377390e-02	2.066320e-03	9	false	GAMG	1.140810e-02	1.024830e-04	5	true
19            	smoothSolver	1.648090e-03	1.449130e-04	9	4.070040e-02	3.648830e-03	9	2.200430e-02	1.946560e-03	9	false	GAMG	1.148520e-02	1.046940e-04	5	true
20            	smoothSolver	1.640920e-03	1.463160e-04	9	3.942590e-02	3.589080e-03	9	2.057130e-02	1.846140e-03	9	false	GAMG	1.163050e-02	1.106280e-04	5	true
21            	smoothSolver	1.642320e-03	1.472220e-04	9	3.870820e-02	3.562650e-03	9	1.948110e-02	1.770680e-03	9	false	GAMG	1.182510e-02	6.568520e-05	6	true
22            	smoothSolver	1.643770e-03	1.479250e-04	9	3.878870e-02	3.590220e-03	9	1.891630e-02	1.738350e-03	9	false	GAMG	1.213390e-02	6.885230e-05	6	true
23            	smoothSolver	1.659520e-03	1.488410e-04	9	3.932330e-02	3.657170e-03	9	1.852820e-02	1.714650e-03	9	false	GAMG	1.249390e-02	7.669310e-05	6	true
24            	smoothSolver	1.669650e-03	1.498820e-04	9	4.010490e-02	3.757770e-03	9	1.836700e-02	1.709010e-03	9	false	GAMG	1.286330e-02	8.048650e-05	6	true
25            	smoothSolver	1.682130e-03	1.509330e-04	9	4.086820e-02	3.850860e-03	9	1.838250e-02	1.716720e-03	9	false	GAMG	1.326840e-02	8.046410e-05	6	true
26            	smoothSolver	1.699540e-03	1.518360e-04	9	4.143230e-02	3.918440e-03	9	1.846960e-02	1.724570e-03	9	false	GAMG	1.364840e-02	7.931170e-05	6	true
27            	smoothSolver	1.716310e-03	1.521280e-04	9	4.171620e-02	3.943560e-03	9	1.854140e-02	1.721270e-03	9	false	GAMG	1.394750e-02	7.824190e-05	6	true
28            	smoothSolver	1.729770e-03	1.519120e-04	9	4.171660e-02	3.933750e-03	9	1.857290e-02	1.708660e-03	9	false	GAMG	1.417280e-02	1.415780e-04	5	true
29            	smoothSolver	1.734350e-03	1.510420e-04	9	4.140150e-02	3.895440e-03	9	1.863800e-02	1.704330e-03	9	false	GAMG	1.428230e-02	7.940510e-05	6	true
30            	smoothSolver	1.744250e-03	1.506010e-04	9	4.107830e-02	3.827310e-03	9	1.884650e-02	1.720260e-03	9	false	GAMG	1.427150e-02	1.414000e-04	5	true
31            	smoothSolver	1.749950e-03	1.496030e-04	9	4.048320e-02	3.718300e-03	9	1.909590e-02	1.736980e-03	9	false	GAMG	1.453460e-02	8.374320e-05	6	true
32            	smoothSolver	1.763890e-03	1.487630e-04	9	3.976950e-02	3.596480e-03	9	1.942100e-02	1.751660e-03	9	false	GAMG	1.506880e-02	1.439920e-04	5	true
33            	smoothSolver	1.771970e-03	1.474790e-04	9	3.892470e-02	3.457400e-03	9	1.973050e-02	1.751040e-03	9	false	GAMG	1.559590e-02	1.494030e-04	5	true
34            	smoothSolver	1.785130e-03	1.456740e-04	9	3.847820e-02	3.336390e-03	9	2.014080e-02	1.744130e-03	9	false	GAMG	1.595230e-02	1.464330e-04	5	true
35            	smoothSolver	1.801330e-03	1.430140e-04	9	3.843100e-02	3.248720e-03	9	2.046850e-02	1.723350e-03	9	false	GAMG	1.652830e-02	1.438090e-04	5	true
36            	smoothSolver	1.802460e-03	1.402080e-04	9	3.834560e-02	3.180920e-03	9	2.058700e-02	1.695280e-03	9	false	GAMG	1.716110e-02	1.422950e-04	5	true
37            	smoothSolver	1.802390e-03	1.770130e-04	8	3.825830e-02	3.114730e-03	9	2.053530e-02	1.661850e-03	9	false	GAMG	1.761220e-02	1.417760e-04	5	true
38            	smoothSolver	1.799230e-03	1.740050e-04	8	3.803240e-02	3.051150e-03	9	2.023440e-02	1.622290e-03	9	false	GAMG	1.770710e-02	1.385510e-04	5	true
39            	smoothSolver	1.764430e-03	1.710220e-04	8	3.747320e-02	3.013260e-03	9	1.972040e-02	1.584850e-03	9	false	GAMG	1.750830e-02	1.344690e-04	5	true
40            	smoothSolver	1.713820e-03	1.682020e-04	8	3.684460e-02	3.001620e-03	9	1.916030e-02	1.547360e-03	9	false	GAMG	1.711250e-02	1.324400e-04	5	true
41            	smoothSolver	1.663550e-03	1.647000e-04	8	3.634610e-02	2.990860e-03	9	1.866650e-02	1.513130e-03	9	false	GAMG	1.655560e-02	1.305760e-04	5	true
42            	smoothSolver	1.612090e-03	1.610390e-04	8	3.598420e-02	2.978010e-03	9	1.831490e-02	1.493080e-03	9	false	GAMG	1.597390e-02	1.266580e-04	5	true
43            	smoothSolver	1.569490e-03	1.224180e-04	9	3.576670e-02	2.969320e-03	9	1.805710e-02	1.481110e-03	9	false	GAMG	1.550310e-02	1.221960e-04	5	true
44            	smoothSolver	1.522890e-03	1.190450e-04	9	3.585100e-02	2.960560e-03	9	1.795050e-02	1.469950e-03	9	false	GAMG	1.557030e-02	1.208150e-04	5	true
45            	smoothSolver	1.482600e-03	1.158630e-04	9	3.611860e-02	2.927080e-03	9	1.814950e-02	1.455880e-03	9	false	GAMG	1.593520e-02	1.206670e-04	5	true
46            	smoothSolver	1.456130e-03	1.455440e-04	8	3.664160e-02	2.883560e-03	9	1.867770e-02	1.864980e-03	8	false	GAMG	1.623520e-02	1.153640e-04	5	true
47            	smoothSolver	1.422120e-03	1.103680e-04	9	3.665080e-02	3.639490e-03	8	1.908700e-02	1.888010e-03	8	false	GAMG	1.615590e-02	1.122040e-04	5	true
48            	smoothSolver	1.365040e-03	1.073220e-04	9	3.625640e-02	2.808820e-03	9	1.908450e-02	1.503070e-03	9	false	GAMG	1.567790e-02	1.184070e-04	5	true
49            	smoothSolver	1.332330e-03	1.043720e-04	9	3.563070e-02	2.783080e-03	9	1.854630e-02	1.484850e-03	9	false	GAMG	1.484080e-02	1.222240e-04	5	true
50            	smoothSolver	1.328080e-03	1.314150e-04	8	3.621800e-02	3.569200e-03	8	1.819110e-02	1.433150e-03	9	false	GAMG	1.421220e-02	1.231230e-04	5	true
51            	smoothSolver	1.337480e-03	1.286390e-04	8	3.781120e-02	3.558300e-03	8	1.812240e-02	1.764520e-03	8	false	GAMG	1.412570e-02	1.155330e-04	5	true
52            	smoothSolver	1.337660e-03	1.257790e-04	8	3.923080e-02	3.543610e-03	8	1.840490e-02	1.714610e-03	8	false	GAMG	1.437310e-02	1.137450e-04	5	true
53            	smoothSolver	1.319840e-03	1.232600e-04	8	4.017490e-02	3.524970e-03	8	1.858310e-02	1.679480e-03	8	false	GAMG	1.498600e-02	1.120490e-04	5	true
54            	smoothSolver	1.291590e-03	1.210890e-04	8	4.043090e-02	3.501600e-03	8	1.850960e-02	1.652050e-03	8	false	GAMG	1.577970e-02	1.076650e-04	5	true
55            	smoothSolver	1.264570e-03	1.193000e-04	8	3.981900e-02	3.476880e-03	8	1.816740e-02	1.626950e-03	8	false	GAMG	1.630940e-02	1.032720e-04	5	true
56            	smoothSolver	1.241780e-03	1.182630e-04	8	3.920620e-02	3.487150e-03	8	1.778910e-02	1.612190e-03	8	false	GAMG	1.650310e-02	1.007100e-04	5	true
57            	smoothSolver	1.227080e-03	1.182210e-04	8	3.926260e-02	3.556100e-03	8	1.755930e-02	1.612210e-03	8	false	GAMG	1.642320e-02	9.724190e-05	5	true
58            	smoothSolver	1.211540e-03	1.192660e-04	8	3.949010e-02	3.683520e-03	8	1.737080e-02	1.624770e-03	8	false	GAMG	1.613400e-02	9.175630e-05	5	true
59            	smoothSolver	1.190860e-03	9.447520e-05	9	3.945470e-02	3.850020e-03	8	1.709730e-02	1.654560e-03	8	false	GAMG	1.563850e-02	8.616100e-05	5	true
60            	smoothSolver	1.162190e-03	9.504240e-05	9	3.947340e-02	3.155600e-03	9	1.683810e-02	1.328390e-03	9	false	GAMG	1.512910e-02	8.368080e-05	5	true
61            	smoothSolver	1.132270e-03	9.544350e-05	9	3.915160e-02	3.253710e-03	9	1.644120e-02	1.347580e-03	9	false	GAMG	1.456210e-02	7.792630e-05	5	true
62            	smoothSolver	1.101500e-03	9.564060e-05	9	3.877460e-02	3.343010e-03	9	1.602820e-02	1.364010e-03	9	false	GAMG	1.412760e-02	7.472410e-05	5	true
63            	smoothSolver	1.071090e-03	9.563820e-05	9	3.846280e-02	3.406980e-03	9	1.568710e-02	1.370460e-03	9	false	GAMG	1.397730e-02	7.336770e-05	5	true
64            	smoothSolver	1.045210e-03	9.537900e-05	9	3.843470e-02	3.452580e-03	9	1.542890e-02	1.366390e-03	9	false	GAMG	1.393280e-02	7.234270e-05	5	true
65            	smoothSolver	1.025090e-03	9.502040e-05	9	3.864400e-02	3.492310e-03	9	1.530410e-02	1.360980e-03	9	false	GAMG	1.393020e-02	7.026150e-05	5	true
66            	smoothSolver	1.011930e-03	9.474210e-05	9	3.897270e-02	3.541730e-03	9	1.531480e-02	1.364890e-03	9	false	GAMG	1.395070e-02	6.798040e-05	5	true
67            	smoothSolver	1.003930e-03	9.426750e-05	9	3.937190e-02	3.598270e-03	9	1.542070e-02	1.376740e-03	9	false	GAMG	1.399620e-02	1.360970e-04	4	true
68            	smoothSolver	9.988170e-04	9.393850e-05	9	3.970170e-02	3.640400e-03	9	1.555670e-02	1.383780e-03	9	false	GAMG	1.403120e-02	1.388790e-04	4	true
69            	smoothSolver	9.984220e-04	9.395430e-05	9	4.005220e-02	3.665360e-03	9	1.569360e-02	1.395250e-03	9	false	GAMG	1.401330e-02	1.330970e-04	4	true
70            	smoothSolver	9.975330e-04	9.425970e-05	9	4.006690e-02	3.667360e-03	9	1.567860e-02	1.397500e-03	9	false	GAMG	1.393030e-02	1.272140e-04	4	true
71            	smoothSolver	9.948560e-04	9.439410e-05	9	3.970910e-02	3.643660e-03	9	1.559210e-02	1.395370e-03	9	false	GAMG	1.369380e-02	1.223210e-04	4	true
72            	smoothSolver	9.877950e-04	9.391310e-05	9	3.913530e-02	3.608420e-03	9	1.545860e-02	1.392530e-03	9	false	GAMG	1.331040e-02	1.178380e-04	4	true
73            	smoothSolver	9.782410e-04	9.294840e-05	9	3.842980e-02	3.579440e-03	9	1.524020e-02	1.391940e-03	9	false	GAMG	1.287630e-02	1.127150e-04	4	true
74            	smoothSolver	9.638410e-04	9.208470e-05	9	3.777520e-02	3.570190e-03	9	1.495650e-02	1.392990e-03	9	false	GAMG	1.247180e-02	1.083330e-04	4	true
75            	smoothSolver	9.479600e-04	9.129470e-05	9	3.742930e-02	3.575850e-03	9	1.469800e-02	1.386190e-03	9	false	GAMG	1.210230e-02	1.058970e-04	4	true
76            	smoothSolver	9.357540e-04	9.045350e-05	9	3.740800e-02	3.586400e-03	9	1.449380e-02	1.368960e-03	9	false	GAMG	1.181060e-02	1.058840e-04	4	true
77            	smoothSolver	9.267150e-04	8.933780e-05	9	3.753870e-02	3.587990e-03	9	1.431160e-02	1.346180e-03	9	false	GAMG	1.159930e-02	1.036220e-04	4	true
78            	smoothSolver	9.218550e-04	8.812260e-05	9	3.771330e-02	3.562080e-03	9	1.417340e-02	1.325630e-03	9	false	GAMG	1.143100e-02	1.007460e-04	4	true
79            	smoothSolver	9.182060e-04	8.679420e-05	9	3.776400e-02	3.515110e-03	9	1.402630e-02	1.306610e-03	9	false	GAMG	1.123540e-02	9.831920e-05	4	true
80            	smoothSolver	9.108190e-04	8.529860e-05	9	3.746310e-02	3.455930e-03	9	1.388650e-02	1.288370e-03	9	false	GAMG	1.101030e-02	9.463880e-05	4	true
81            	smoothSolver	8.984250e-04	8.371400e-05	9	3.671300e-02	3.373220e-03	9	1.373090e-02	1.264540e-03	9	false	GAMG	1.085360e-02	9.135750e-05	4	true
82            	smoothSolver	8.815330e-04	8.205790e-05	9	3.541530e-02	3.253770e-03	9	1.346000e-02	1.236920e-03	9	false	GAMG	1.082120e-02	9.065950e-05	4	true
83            	smoothSolver	8.659590e-04	8.053480e-05	9	3.370610e-02	3.087250e-03	9	1.311590e-02	1.209840e-03	9	false	GAMG	1.088050e-02	9.298020e-05	4	true
84            	smoothSolver	8.596850e-04	7.910250e-05	9	3.230120e-02	2.897440e-03	9	1.294930e-02	1.178740e-03	9	false	GAMG	1.082510e-02	9.425080e-05	4	true
85            	smoothSolver	8.664240e-04	7.786560e-05	9	3.132150e-02	2.714680e-03	9	1.292160e-02	1.143070e-03	9	false	GAMG	1.061530e-02	9.310140e-05	4	true
86            	smoothSolver	8.775040e-04	7.672830e-05	9	3.044120e-02	2.549110e-03	9	1.284770e-02	1.102300e-03	9	false	GAMG	1.038890e-02	9.021830e-05	4	true
87            	smoothSolver	8.850930e-04	7.571460e-05	9	2.937210e-02	2.395730e-03	9	1.264990e-02	1.060910e-03	9	false	GAMG	1.023710e-02	8.661500e-05	4	true
88            	smoothSolver	8.846510e-04	7.478900e-05	9	2.808380e-02	2.263950e-03	9	1.231390e-02	1.025080e-03	9	false	GAMG	1.032810e-02	8.314930e-05	4	true
89            	smoothSolver	8.763010e-04	7.400090e-05	9	2.655000e-02	2.153980e-03	9	1.187910e-02	9.987630e-04	9	false	GAMG	1.020330e-02	8.198310e-05	4	true
90            	smoothSolver	8.677650e-04	7.339960e-05	9	2.506970e-02	2.068940e-03	9	1.143070e-02	9.837000e-04	9	false	GAMG	1.007270e-02	8.327170e-05	4	true
91            	smoothSolver	8.635570e-04	7.307270e-05	9	2.396920e-02	1.998580e-03	9	1.120240e-02	9.798430e-04	9	false	GAMG	9.987760e-03	8.396330e-05	4	true
92            	smoothSolver	8.647080e-04	7.282330e-05	9	2.332290e-02	1.930630e-03	9	1.118500e-02	9.801650e-04	9	false	GAMG	9.812530e-03	8.349160e-05	4	true
93            	smoothSolver	8.642720e-04	7.248110e-05	9	2.265260e-02	1.864710e-03	9	1.111780e-02	9.761670e-04	9	false	GAMG	9.492420e-03	8.225840e-05	4	true
94            	smoothSolver	8.591070e-04	7.183740e-05	9	2.217280e-02	1.809550e-03	9	1.103850e-02	9.665680e-04	9	false	GAMG	9.091740e-03	8.118090e-05	4	true
95            	smoothSolver	8.465430e-04	7.092310e-05	9	2.199700e-02	1.768520e-03	9	1.099370e-02	9.539580e-04	9	false	GAMG	8.822720e-03	8.046250e-05	4	true
96            	smoothSolver	8.310490e-04	6.993270e-05	9	2.199820e-02	1.741960e-03	9	1.091620e-02	9.400780e-04	9	false	GAMG	8.655460e-03	7.955530e-05	4	true
97            	smoothSolver	8.151800e-04	6.888890e-05	9	2.214300e-02	1.734730e-03	9	1.084190e-02	9.266960e-04	9	false	GAMG	8.601780e-03	7.850960e-05	4	true
98            	smoothSolver	8.015290e-04	6.797380e-05	9	2.237570e-02	2.228450e-03	8	1.076870e-02	9.124820e-04	9	false	GAMG	8.595110e-03	7.681580e-05	4	true
99            	smoothSolver	7.907790e-04	6.697670e-05	9	2.278430e-02	1.787990e-03	9	1.063310e-02	8.942940e-04	9	false	GAMG	8.582340e-03	7.483890e-05	4	true
100           	smoothSolver	7.828810e-04	6.613000e-05	9	2.287440e-02	1.820470e-03	9	1.041680e-02	8.770060e-04	9	false	GAMG	8.463050e-03	7.476170e-05	4	true
101           	smoothSolver	7.777900e-04	6.538880e-05	9	2.277840e-02	1.856790e-03	9	1.014910e-02	8.639660e-04	9	false	GAMG	8.301620e-03	7.534860e-05	4	true
102           	smoothSolver	7.714360e-04	6.468000e-05	9	2.259040e-02	1.890140e-03	9	9.903570e-03	8.536730e-04	9	false	GAMG	8.152260e-03	7.625760e-05	4	true
103           	smoothSolver	7.640870e-04	6.416830e-05	9	2.256050e-02	1.916680e-03	9	9.732980e-03	8.476080e-04	9	false	GAMG	7.998300e-03	7.693490e-05	4	true
104           	smoothSolver	7.597760e-04	6.377440e-05	9	2.264850e-02	1.930450e-03	9	9.628800e-03	8.420070e-04	9	false	GAMG	7.853620e-03	7.724570e-05	4	true
105           	smoothSolver	7.577450e-04	6.344690e-05	9	2.281830e-02	1.923930e-03	9	9.581680e-03	8.319230e-04	9	false	GAMG	7.674040e-03	7.642520e-05	4	true
106           	smoothSolver	7.526740e-04	6.315580e-05	9	2.296430e-02	1.897710e-03	9	9.527800e-03	8.152950e-04	9	false	GAMG	7.463140e-03	7.430350e-05	4	true
107           	smoothSolver	7.439080e-04	6.280980e-05	9	2.308580e-02	1.854800e-03	9	9.487690e-03	7.944260e-04	9	false	GAMG	7.286960e-03	7.146560e-05	4	true
108           	smoothSolver	7.323000e-04	6.212640e-05	9	2.309230e-02	2.305070e-03	8	9.418140e-03	7.693050e-04	9	false	GAMG	7.215480e-03	6.889180e-05	4	true
109           	smoothSolver	7.160470e-04	6.115530e-05	9	2.306870e-02	2.257840e-03	8	9.365790e-03	7.436880e-04	9	false	GAMG	7.373580e-03	6.604340e-05	4	true
110           	smoothSolver	7.019310e-04	6.009300e-05	9	2.280930e-02	2.207850e-03	8	9.282330e-03	9.193800e-04	8	false	GAMG	7.566560e-03	6.312030e-05	4	true
111           	smoothSolver	6.896240e-04	5.897120e-05	9	2.215970e-02	2.155780e-03	8	9.173150e-03	9.053190e-04	8	false	GAMG	7.709180e-03	6.197880e-05	4	true
112           	smoothSolver	6.801140e-04	5.798130e-05	9	2.126350e-02	2.105280e-03	8	8.934500e-03	7.007550e-04	9	false	GAMG	7.766970e-03	6.229040e-05	4	true
113           	smoothSolver	6.735570e-04	5.734990e-05	9	2.026850e-02	1.620150e-03	9	8.589140e-03	6.873280e-04	9	false	GAMG	7.724690e-03	6.211250e-05	4	true
114           	smoothSolver	6.694030e-04	5.692260e-05	9	1.925300e-02	1.578140e-03	9	8.335360e-03	6.801950e-04	9	false	GAMG	7.485990e-03	6.162690e-05	4	true
115           	smoothSolver	6.647290e-04	5.644530e-05	9	1.858720e-02	1.547880e-03	9	8.093700e-03	6.756110e-04	9	false	GAMG	7.165860e-03	6.056660e-05	4	true
116           	smoothSolver	6.567860e-04	5.594480e-05	9	1.819730e-02	1.530470e-03	9	7.861580e-03	6.695190e-04	9	false	GAMG	6.898690e-03	5.878800e-05	4	true
117           	smoothSolver	6.456260e-04	5.552290e-05	9	1.802390e-02	1.523720e-03	9	7.656430e-03	6.616440e-04	9	false	GAMG	6.715900e-03	5.659800e-05	4	true
118           	smoothSolver	6.330660e-04	5.516230e-05	9	1.804050e-02	1.524690e-03	9	7.471150e-03	6.500240e-04	9	false	GAMG	6.549740e-03	5.370950e-05	4	true
119           	smoothSolver	6.196210e-04	5.477020e-05	9	1.812590e-02	1.531500e-03	9	7.324930e-03	6.365600e-04	9	false	GAMG	6.397520e-03	5.128340e-05	4	true
120           	smoothSolver	6.077990e-04	5.433940e-05	9	1.823870e-02	1.538850e-03	9	7.206150e-03	6.224520e-04	9	false	GAMG	6.287130e-03	4.930050e-05	4	true
121           	smoothSolver	5.973020e-04	5.390000e-05	9	1.826120e-02	1.545580e-03	9	7.109450e-03	6.124500e-04	9	false	GAMG	6.239880e-03	4.778460e-05	4	true
122           	smoothSolver	5.897690e-04	5.341790e-05	9	1.809710e-02	1.546390e-03	9	7.001220e-03	6.072390e-04	9	false	GAMG	6.245990e-03	4.768370e-05	4	true
123           	smoothSolver	5.869420e-04	5.301680e-05	9	1.774730e-02	1.542760e-03	9	6.915980e-03	6.069390e-04	9	false	GAMG	6.304440e-03	4.892880e-05	4	true
124           	smoothSolver	5.881990e-04	5.266780e-05	9	1.732710e-02	1.526380e-03	9	6.879620e-03	6.072180e-04	9	false	GAMG	6.334970e-03	5.029510e-05	4	true
125           	smoothSolver	5.905900e-04	5.241800e-05	9	1.696120e-02	1.499790e-03	9	6.879440e-03	6.076200e-04	9	false	GAMG	6.312690e-03	5.084200e-05	4	true
126           	smoothSolver	5.920260e-04	5.232380e-05	9	1.669800e-02	1.467660e-03	9	6.889300e-03	6.063850e-04	9	false	GAMG	6.249250e-03	5.007910e-05	4	true
127           	smoothSolver	5.909220e-04	5.242310e-05	9	1.649830e-02	1.434530e-03	9	6.889000e-03	6.057610e-04	9	false	GAMG	6.221550e-03	4.860290e-05	4	true
128           	smoothSolver	5.901080e-04	5.250070e-05	9	1.631290e-02	1.405180e-03	9	6.883820e-03	6.048110e-04	9	false	GAMG	6.212460e-03	4.665910e-05	4	true
129           	smoothSolver	5.864840e-04	5.252960e-05	9	1.608540e-02	1.383700e-03	9	6.874380e-03	6.072030e-04	9	false	GAMG	6.273380e-03	4.517060e-05	4	true
130           	smoothSolver	5.823320e-04	5.260560e-05	9	1.579530e-02	1.371340e-03	9	6.835200e-03	6.111070e-04	9	false	GAMG	6.367380e-03	4.498110e-05	4	true
131           	smoothSolver	5.790040e-04	5.271950e-05	9	1.550160e-02	1.362130e-03	9	6.792920e-03	6.163750e-04	9	false	GAMG	6.426060e-03	4.559380e-05	4	true
132           	smoothSolver	5.791020e-04	5.278880e-05	9	1.520130e-02	1.351180e-03	9	6.767220e-03	6.191420e-04	9	false	GAMG	6.368600e-03	4.603060e-05	4	true
133           	smoothSolver	5.841490e-04	5.278420e-05	9	1.492260e-02	1.337710e-03	9	6.793290e-03	6.193570e-04	9	false	GAMG	6.282300e-03	4.602220e-05	4	true
134           	smoothSolver	5.916290e-04	5.267590e-05	9	1.469380e-02	1.321380e-03	9	6.792130e-03	6.172910e-04	9	false	GAMG	6.180730e-03	4.565090e-05	4	true
135           	smoothSolver	5.950070e-04	5.242330e-05	9	1.445190e-02	1.304540e-03	9	6.734800e-03	6.171110e-04	9	false	GAMG	6.102680e-03	4.490330e-05	4	true
136           	smoothSolver	5.932920e-04	5.208580e-05	9	1.413550e-02	1.287280e-03	9	6.656140e-03	6.185350e-04	9	false	GAMG	6.092560e-03	4.470630e-05	4	true
137           	smoothSolver	5.900090e-04	5.180020e-05	9	1.380320e-02	1.273590e-03	9	6.561860e-03	6.221370e-04	9	false	GAMG	6.125600e-03	4.523450e-05	4	true
138           	smoothSolver	5.886790e-04	5.160810e-05	9	1.351350e-02	1.264320e-03	9	6.504590e-03	6.256340e-04	9	false	GAMG	6.079020e-03	4.530920e-05	4	true
139           	smoothSolver	5.881890e-04	5.153220e-05	9	1.337570e-02	1.260180e-03	9	6.513940e-03	6.276630e-04	9	false	GAMG	6.028680e-03	4.417230e-05	4	true
140           	smoothSolver	5.903490e-04	5.164730e-05	9	1.332990e-02	1.258270e-03	9	6.566390e-03	6.266170e-04	9	false	GAMG	5.955190e-03	4.249340e-05	4	true
141           	smoothSolver	5.920380e-04	5.190320e-05	9	1.331540e-02	1.259240e-03	9	6.584430e-03	6.237310e-04	9	false	GAMG	5.919520e-03	4.090800e-05	4	true
142           	smoothSolver	5.913500e-04	5.214930e-05	9	1.323270e-02	1.262520e-03	9	6.539800e-03	6.199350e-04	9	false	GAMG	5.875800e-03	3.989520e-05	4	true
143           	smoothSolver	5.877660e-04	5.226690e-05	9	1.306650e-02	1.264890e-03	9	6.456660e-03	6.183540e-04	9	false	GAMG	5.851680e-03	4.017880e-05	4	true
144           	smoothSolver	5.831110e-04	5.234120e-05	9	1.293170e-02	1.264130e-03	9	6.403350e-03	6.190370e-04	9	false	GAMG	5.790060e-03	4.132990e-05	4	true
145           	smoothSolver	5.789780e-04	5.234160e-05	9	1.297350e-02	1.259860e-03	9	6.446410e-03	6.225120e-04	9	false	GAMG	5.730660e-03	4.302050e-05	4	true
146           	smoothSolver	5.769380e-04	5.226100e-05	9	1.318580e-02	1.253600e-03	9	6.544830e-03	6.238840e-04	9	false	GAMG	5.714130e-03	4.414210e-05	4	true
147           	smoothSolver	5.794950e-04	5.214940e-05	9	1.358740e-02	1.246590e-03	9	6.705640e-03	6.219080e-04	9	false	GAMG	5.705210e-03	4.400510e-05	4	true
148           	smoothSolver	5.852340e-04	5.193430e-05	9	1.410230e-02	1.241660e-03	9	6.890600e-03	6.156770e-04	9	false	GAMG	5.632020e-03	4.259340e-05	4	true
149           	smoothSolver	5.922300e-04	5.160870e-05	9	1.466030e-02	1.242330e-03	9	7.037250e-03	6.068820e-04	9	false	GAMG	5.568490e-03	4.050530e-05	4	true
150           	smoothSolver	6.002810e-04	5.123060e-05	9	1.522740e-02	1.249120e-03	9	7.150190e-03	5.968940e-04	9	false	GAMG	5.623770e-03	3.839450e-05	4	true
151           	smoothSolver	6.101070e-04	5.085420e-05	9	1.572800e-02	1.266530e-03	9	7.206510e-03	5.869790e-04	9	false	GAMG	5.718700e-03	3.756970e-05	4	true
152           	smoothSolver	6.217390e-04	5.052580e-05	9	1.606310e-02	1.288990e-03	9	7.196530e-03	5.771360e-04	9	false	GAMG	5.778590e-03	3.704660e-05	4	true
153           	smoothSolver	6.308820e-04	5.026730e-05	9	1.622260e-02	1.315470e-03	9	7.092610e-03	5.674960e-04	9	false	GAMG	5.774130e-03	3.782430e-05	4	true
154           	smoothSolver	6.373930e-04	5.008470e-05	9	1.618800e-02	1.341160e-03	9	6.928790e-03	5.585100e-04	9	false	GAMG	5.743030e-03	3.939680e-05	4	true
155           	smoothSolver	6.380520e-04	6.373030e-05	8	1.603120e-02	1.363270e-03	9	6.728150e-03	5.518810e-04	9	false	GAMG	5.724390e-03	4.080660e-05	4	true
156           	smoothSolver	6.371990e-04	5.018690e-05	9	1.580720e-02	1.371430e-03	9	6.573230e-03	5.456140e-04	9	false	GAMG	5.705450e-03	4.297740e-05	4	true
157           	smoothSolver	6.297780e-04	5.016310e-05	9	1.575980e-02	1.388150e-03	9	6.499450e-03	5.494730e-04	9	false	GAMG	5.725300e-03	4.415720e-05	4	true
158           	smoothSolver	6.209420e-04	5.024700e-05	9	1.576960e-02	1.398920e-03	9	6.451480e-03	5.564640e-04	9	false	GAMG	5.725660e-03	4.510010e-05	4	true
159           	smoothSolver	6.105310e-04	5.046740e-05	9	1.590790e-02	1.408530e-03	9	6.453710e-03	5.638730e-04	9	false	GAMG	5.694340e-03	4.577320e-05	4	true
160           	smoothSolver	5.994580e-04	5.076520e-05	9	1.609050e-02	1.415780e-03	9	6.469270e-03	5.682950e-04	9	false	GAMG	5.631560e-03	4.597540e-05	4	true
161           	smoothSolver	5.887550e-04	5.109080e-05	9	1.630980e-02	1.417500e-03	9	6.522620e-03	5.704130e-04	9	false	GAMG	5.536290e-03	4.487100e-05	4	true
162           	smoothSolver	5.798270e-04	5.128130e-05	9	1.652510e-02	1.408190e-03	9	6.587890e-03	5.692830e-04	9	false	GAMG	5.389270e-03	4.296740e-05	4	true
163           	smoothSolver	5.733550e-04	5.120940e-05	9	1.667140e-02	1.388870e-03	9	6.669800e-03	5.670280e-04	9	false	GAMG	5.347890e-03	4.113610e-05	4	true
164           	smoothSolver	5.702870e-04	5.091140e-05	9	1.672760e-02	1.360730e-03	9	6.756630e-03	5.637260e-04	9	false	GAMG	5.410420e-03	3.990410e-05	4	true
165           	smoothSolver	5.716750e-04	5.038990e-05	9	1.665220e-02	1.331180e-03	9	6.831020e-03	5.596890e-04	9	false	GAMG	5.509350e-03	3.987910e-05	4	true
166           	smoothSolver	5.763170e-04	4.975610e-05	9	1.644130e-02	1.299620e-03	9	6.862380e-03	5.545470e-04	9	false	GAMG	5.574800e-03	4.077400e-05	4	true
167           	smoothSolver	5.825050e-04	4.903370e-05	9	1.610290e-02	1.607250e-03	8	6.848530e-03	5.471780e-04	9	false	GAMG	5.595770e-03	4.211460e-05	4	true
168           	smoothSolver	5.872590e-04	4.827330e-05	9	1.571860e-02	1.239380e-03	9	6.761000e-03	5.352740e-04	9	false	GAMG	5.632770e-03	4.206590e-05	4	true
169           	smoothSolver	5.923900e-04	4.785780e-05	9	1.509940e-02	1.200990e-03	9	6.642200e-03	5.249120e-04	9	false	GAMG	5.660610e-03	4.095550e-05	4	true
170           	smoothSolver	5.946400e-04	4.746530e-05	9	1.446670e-02	1.167790e-03	9	6.499050e-03	5.162780e-04	9	false	GAMG	5.603490e-03	3.912970e-05	4	true
171           	smoothSolver	5.938680e-04	4.700130e-05	9	1.383640e-02	1.140980e-03	9	6.323550e-03	5.091230e-04	9	false	GAMG	5.647620e-03	3.833190e-05	4	true
172           	smoothSolver	5.901750e-04	4.648010e-05	9	1.323690e-02	1.120600e-03	9	6.130770e-03	5.039690e-04	9	false	GAMG	5.734030e-03	3.910620e-05	4	true
173           	smoothSolver	5.853130e-04	4.599050e-05	9	1.271910e-02	1.105910e-03	9	5.938970e-03	5.018670e-04	9	false	GAMG	5.804960e-03	4.033320e-05	4	true
174           	smoothSolver	5.783540e-04	4.560320e-05	9	1.229420e-02	1.095830e-03	9	5.769460e-03	5.000420e-04	9	false	GAMG	5.809870e-03	4.129860e-05	4	true
175           	smoothSolver	5.688850e-04	4.542480e-05	9	1.198950e-02	1.088410e-03	9	5.634790e-03	4.984220e-04	9	false	GAMG	5.766750e-03	4.193840e-05	4	true
176           	smoothSolver	5.593730e-04	4.541670e-05	9	1.177710e-02	1.080360e-03	9	5.555660e-03	4.966910e-04	9	false	GAMG	5.709910e-03	4.171120e-05	4	true
177           	smoothSolver	5.471490e-04	4.550560e-05	9	1.164740e-02	1.071580e-03	9	5.521830e-03	4.960510e-04	9	false	GAMG	5.640360e-03	4.082590e-05	4	true
178           	smoothSolver	5.356500e-04	4.564410e-05	9	1.160030e-02	1.063150e-03	9	5.536830e-03	4.976800e-04	9	false	GAMG	5.534350e-03	3.969640e-05	4	true
179           	smoothSolver	5.263250e-04	4.587950e-05	9	1.168240e-02	1.060410e-03	9	5.592060e-03	5.012310e-04	9	false	GAMG	5.403270e-03	3.941900e-05	4	true
180           	smoothSolver	5.196660e-04	4.627200e-05	9	1.187250e-02	1.061260e-03	9	5.690050e-03	5.057280e-04	9	false	GAMG	5.250400e-03	4.008350e-05	4	true
181           	smoothSolver	5.167390e-04	4.675970e-05	9	1.215770e-02	1.064370e-03	9	5.817940e-03	5.099820e-04	9	false	GAMG	5.152250e-03	4.139350e-05	4	true
182           	smoothSolver	5.185230e-04	4.733590e-05	9	1.248560e-02	1.068000e-03	9	5.953560e-03	5.132710e-04	9	false	GAMG	5.123140e-03	4.312650e-05	4	true
183           	smoothSolver	5.265240e-04	4.800960e-05	9	1.285560e-02	1.072960e-03	9	6.103460e-03	5.160020e-04	9	false	GAMG	5.170850e-03	4.458120e-05	4	true
184           	smoothSolver	5.396690e-04	4.866980e-05	9	1.323250e-02	1.079610e-03	9	6.252100e-03	5.173420e-04	9	false	GAMG	5.231250e-03	4.483760e-05	4	true
185           	smoothSolver	5.553310e-04	4.917830e-05	9	1.360750e-02	1.088410e-03	9	6.378700e-03	5.187790e-04	9	false	GAMG	5.303280e-03	4.451880e-05	4	true
186           	smoothSolver	5.712530e-04	4.959440e-05	9	1.394820e-02	1.103660e-03	9	6.470140e-03	5.210320e-04	9	false	GAMG	5.378820e-03	4.405410e-05	4	true
187           	smoothSolver	5.853740e-04	4.994140e-05	9	1.421580e-02	1.124510e-03	9	6.504950e-03	5.237320e-04	9	false	GAMG	5.465570e-03	4.322750e-05	4	true
188           	smoothSolver	5.979930e-04	5.022780e-05	9	1.437620e-02	1.148230e-03	9	6.483820e-03	5.254630e-04	9	false	GAMG	5.474400e-03	4.202550e-05	4	true
189           	smoothSolver	6.067810e-04	5.053580e-05	9	1.442540e-02	1.172910e-03	9	6.410880e-03	5.255780e-04	9	false	GAMG	5.449200e-03	4.072000e-05	4	true
190           	smoothSolver	6.119360e-04	5.083750e-05	9	1.432310e-02	1.194180e-03	9	6.280610e-03	5.242970e-04	9	false	GAMG	5.380030e-03	3.961560e-05	4	true
191           	smoothSolver	6.139800e-04	5.103760e-05	9	1.414010e-02	1.210910e-03	9	6.127380e-03	5.245080e-04	9	false	GAMG	5.345990e-03	3.885200e-05	4	true
192           	smoothSolver	6.144980e-04	5.116350e-05	9	1.396380e-02	1.223880e-03	9	6.008010e-03	5.260930e-04	9	false	GAMG	5.325380e-03	3.868190e-05	4	true
193           	smoothSolver	6.133140e-04	5.127240e-05	9	1.389510e-02	1.239810e-03	9	5.949580e-03	5.289640e-04	9	false	GAMG	5.325300e-03	3.985240e-05	4	true
194           	smoothSolver	6.104590e-04	5.144330e-05	9	1.393260e-02	1.254380e-03	9	5.930070e-03	5.329000e-04	9	false	GAMG	5.349030e-03	4.190400e-05	4	true
195           	smoothSolver	6.042310e-04	5.162840e-05	9	1.407120e-02	1.263750e-03	9	5.950840e-03	5.369420e-04	9	false	GAMG	5.366460e-03	4.364140e-05	4	true
196           	smoothSolver	5.959400e-04	5.168610e-05	9	1.429450e-02	1.267260e-03	9	6.018380e-03	5.390120e-04	9	false	GAMG	5.414750e-03	4.505050e-05	4	true
197           	smoothSolver	5.876260e-04	5.165360e-05	9	1.461280e-02	1.263680e-03	9	6.139220e-03	5.411160e-04	9	false	GAMG	5.485760e-03	4.584190e-05	4	true
198           	smoothSolver	5.800660e-04	5.153850e-05	9	1.502600e-02	1.255270e-03	9	6.295650e-03	5.433540e-04	9	false	GAMG	5.544070e-03	4.536980e-05	4	true
199           	smoothSolver	5.744460e-04	5.126150e-05	9	1.548300e-02	1.244610e-03	9	6.462720e-03	5.461060e-04	9	false	GAMG	5.563440e-03	4.392980e-05	4	true
200           	smoothSolver	5.709860e-04	5.087130e-05	9	1.582150e-02	1.575870e-03	8	6.601080e-03	5.485410e-04	9	false	GAMG	5.569810e-03	4.321080e-05	4	true
201           	smoothSolver	5.682810e-04	5.028480e-05	9	1.607070e-02	1.571480e-03	8	6.670210e-03	5.482580e-04	9	false	GAMG	5.584810e-03	4.369140e-05	4	true
202           	smoothSolver	5.673600e-04	4.950590e-05	9	1.607720e-02	1.557670e-03	8	6.676950e-03	5.431560e-04	9	false	GAMG	5.670450e-03	4.610350e-05	4	true
203           	smoothSolver	5.658060e-04	4.849190e-05	9	1.582420e-02	1.528690e-03	8	6.619420e-03	5.332380e-04	9	false	GAMG	5.816120e-03	4.803090e-05	4	true
204           	smoothSolver	5.649810e-04	4.734130e-05	9	1.540640e-02	1.486990e-03	8	6.507180e-03	5.187570e-04	9	false	GAMG	5.947820e-03	4.664930e-05	4	true
205           	smoothSolver	5.628850e-04	4.607710e-05	9	1.492320e-02	1.440580e-03	8	6.373450e-03	5.039970e-04	9	false	GAMG	6.061620e-03	4.326460e-05	4	true
206           	smoothSolver	5.630840e-04	4.482290e-05	9	1.440540e-02	1.393860e-03	8	6.224170e-03	4.904490e-04	9	false	GAMG	6.048880e-03	4.040860e-05	4	true
207           	smoothSolver	5.600830e-04	4.364800e-05	9	1.378340e-02	1.355980e-03	8	6.060540e-03	4.807590e-04	9	false	GAMG	5.980430e-03	3.982380e-05	4	true
208           	smoothSolver	5.572170e-04	5.486740e-05	8	1.319610e-02	1.041410e-03	9	5.895160e-03	4.747950e-04	9	false	GAMG	6.005600e-03	4.030350e-05	4	true
209           	smoothSolver	5.572020e-04	5.445620e-05	8	1.248740e-02	1.013250e-03	9	5.709860e-03	4.706050e-04	9	false	GAMG	6.111000e-03	4.185090e-05	4	true
210           	smoothSolver	5.532110e-04	5.434660e-05	8	1.196090e-02	9.975420e-04	9	5.572580e-03	4.726460e-04	9	false	GAMG	6.154200e-03	4.386820e-05	4	true
211           	smoothSolver	5.448910e-04	5.440400e-05	8	1.154610e-02	9.840280e-04	9	5.471310e-03	4.787510e-04	9	false	GAMG	6.074590e-03	4.601980e-05	4	true
212           	smoothSolver	5.355930e-04	4.265110e-05	9	1.125940e-02	9.695860e-04	9	5.417750e-03	4.862880e-04	9	false	GAMG	5.903190e-03	4.768700e-05	4	true
213           	smoothSolver	5.244870e-04	4.259410e-05	9	1.110280e-02	9.613700e-04	9	5.444540e-03	4.964230e-04	9	false	GAMG	5.687310e-03	4.600830e-05	4	true
214           	smoothSolver	5.119240e-04	4.260710e-05	9	1.101280e-02	9.500460e-04	9	5.499560e-03	5.031380e-04	9	false	GAMG	5.477860e-03	4.416490e-05	4	true
215           	smoothSolver	4.993320e-04	4.268210e-05	9	1.101320e-02	9.399820e-04	9	5.585620e-03	5.089150e-04	9	false	GAMG	5.283520e-03	4.410370e-05	4	true
216           	smoothSolver	4.890770e-04	4.271180e-05	9	1.109660e-02	9.308040e-04	9	5.690030e-03	5.120710e-04	9	false	GAMG	5.201930e-03	4.562470e-05	4	true
217           	smoothSolver	4.814940e-04	4.265070e-05	9	1.121160e-02	9.215640e-04	9	5.788180e-03	5.118790e-04	9	false	GAMG	5.160580e-03	4.810300e-05	4	true
218           	smoothSolver	4.767420e-04	4.242110e-05	9	1.131850e-02	9.099300e-04	9	5.869210e-03	5.080200e-04	9	false	GAMG	5.136440e-03	4.871920e-05	4	true
219           	smoothSolver	4.747840e-04	4.204380e-05	9	1.138940e-02	8.969710e-04	9	5.907180e-03	5.030770e-04	9	false	GAMG	5.125980e-03	4.615970e-05	4	true
220           	smoothSolver	4.757620e-04	4.164220e-05	9	1.141070e-02	1.129370e-03	8	5.906330e-03	4.983530e-04	9	false	GAMG	5.102990e-03	4.246860e-05	4	true
221           	smoothSolver	4.781470e-04	4.114820e-05	9	1.147090e-02	1.132030e-03	8	5.846580e-03	4.917660e-04	9	false	GAMG	5.094240e-03	3.908010e-05	4	true
222           	smoothSolver	4.818130e-04	4.069420e-05	9	1.147600e-02	1.137210e-03	8	5.747880e-03	4.835670e-04	9	false	GAMG	5.104050e-03	3.740930e-05	4	true
223           	smoothSolver	4.841960e-04	4.015860e-05	9	1.140830e-02	8.962270e-04	9	5.620740e-03	4.753660e-04	9	false	GAMG	5.107810e-03	3.713660e-05	4	true
224           	smoothSolver	4.842700e-04	3.956620e-05	9	1.117720e-02	8.914620e-04	9	5.472940e-03	4.667910e-04	9	false	GAMG	5.083940e-03	3.853740e-05	4	true
225           	smoothSolver	4.824180e-04	3.892570e-05	9	1.087880e-02	8.837160e-04	9	5.299830e-03	4.578020e-04	9	false	GAMG	5.014190e-03	4.102630e-05	4	true
226           	smoothSolver	4.796010e-04	3.838920e-05	9	1.053670e-02	8.710010e-04	9	5.121580e-03	4.485750e-04	9	false	GAMG	4.924770e-03	4.098710e-05	4	true
227           	smoothSolver	4.744870e-04	3.796610e-05	9	1.018470e-02	8.551840e-04	9	4.972720e-03	4.420670e-04	9	false	GAMG	4.853220e-03	3.894130e-05	4	true
228           	smoothSolver	4.671210e-04	3.754580e-05	9	9.869670e-03	8.419100e-04	9	4.838780e-03	4.361040e-04	9	false	GAMG	4.781710e-03	3.780860e-05	4	true
229           	smoothSolver	4.576820e-04	3.712640e-05	9	9.617500e-03	8.296640e-04	9	4.731450e-03	4.308910e-04	9	false	GAMG	4.756940e-03	3.809410e-05	4	true
230           	smoothSolver	4.468180e-04	3.678040e-05	9	9.437390e-03	8.190740e-04	9	4.658230e-03	4.271910e-04	9	false	GAMG	4.767920e-03	3.901160e-05	4	true
231           	smoothSolver	4.371740e-04	3.649780e-05	9	9.337410e-03	8.080340e-04	9	4.614690e-03	4.242040e-04	9	false	GAMG	4.756790e-03	3.936870e-05	4	true
232           	smoothSolver	4.267040e-04	3.630360e-05	9	9.274790e-03	7.938400e-04	9	4.603820e-03	4.210300e-04	9	false	GAMG	4.678800e-03	3.876930e-05	4	true
233           	smoothSolver	4.162840e-04	3.602300e-05	9	9.265440e-03	7.761890e-04	9	4.617550e-03	4.181440e-04	9	false	GAMG	4.571860e-03	3.670590e-05	4	true
234           	smoothSolver	4.056770e-04	3.567700e-05	9	9.280770e-03	7.592030e-04	9	4.647860e-03	4.161660e-04	9	false	GAMG	4.470820e-03	3.453510e-05	4	true
235           	smoothSolver	3.973640e-04	3.533830e-05	9	9.289120e-03	7.475630e-04	9	4.675830e-03	4.154700e-04	9	false	GAMG	4.402070e-03	3.349630e-05	4	true
236           	smoothSolver	3.932330e-04	3.513370e-05	9	9.253470e-03	7.418590e-04	9	4.691920e-03	4.165800e-04	9	false	GAMG	4.377300e-03	3.271720e-05	4	true
237           	smoothSolver	3.922970e-04	3.512150e-05	9	9.209610e-03	7.424270e-04	9	4.691090e-03	4.181800e-04	9	false	GAMG	4.372200e-03	3.194950e-05	4	true
238           	smoothSolver	3.931260e-04	3.524080e-05	9	9.121840e-03	7.443180e-04	9	4.661290e-03	4.190230e-04	9	false	GAMG	4.377930e-03	3.245310e-05	4	true
239           	smoothSolver	3.961170e-04	3.539790e-05	9	8.981530e-03	7.452000e-04	9	4.619400e-03	4.202020e-04	9	false	GAMG	4.370640e-03	3.364520e-05	4	true
240           	smoothSolver	3.980840e-04	3.551110e-05	9	8.808900e-03	7.450030e-04	9	4.564150e-03	4.216630e-04	9	false	GAMG	4.349880e-03	3.334860e-05	4	true
241           	smoothSolver	3.989930e-04	3.558560e-05	9	8.611230e-03	7.434890e-04	9	4.499000e-03	4.234740e-04	9	false	GAMG	4.307790e-03	3.215990e-05	4	true
242           	smoothSolver	3.985830e-04	3.570130e-05	9	8.420880e-03	7.466220e-04	9	4.429270e-03	4.258310e-04	9	false	GAMG	4.267530e-03	3.157480e-05	4	true
243           	smoothSolver	3.971070e-04	3.590960e-05	9	8.261930e-03	7.525610e-04	9	4.368660e-03	4.284490e-04	9	false	GAMG	4.244810e-03	3.198000e-05	4	true
244           	smoothSolver	3.944110e-04	3.615610e-05	9	8.134700e-03	7.599090e-04	9	4.311170e-03	4.298250e-04	9	false	GAMG	4.229570e-03	3.289010e-05	4	true
245           	smoothSolver	3.907640e-04	3.645370e-05	9	8.028660e-03	7.646090e-04	9	4.257180e-03	3.385600e-04	10	false	GAMG	4.200550e-03	3.375760e-05	4	true
246           	smoothSolver	3.864390e-04	3.668760e-05	9	7.943870e-03	7.640020e-04	9	4.170840e-03	3.336160e-04	10	false	GAMG	4.155680e-03	3.307070e-05	4	true
247           	smoothSolver	3.818940e-04	3.680560e-05	9	7.874020e-03	7.616340e-04	9	4.106040e-03	3.301200e-04	10	false	GAMG	4.114310e-03	3.157300e-05	4	true
248           	smoothSolver	3.768610e-04	3.678570e-05	9	7.818800e-03	7.590380e-04	9	4.059180e-03	3.283580e-04	10	false	GAMG	4.082170e-03	3.051690e-05	4	true
249           	smoothSolver	3.723740e-04	3.666530e-05	9	7.800900e-03	7.624770e-04	9	4.035960e-03	3.286230e-04	10	false	GAMG	4.063250e-03	3.046300e-05	4	true
250           	smoothSolver	3.698890e-04	3.663230e-05	9	7.829070e-03	7.704770e-04	9	4.037000e-03	3.308100e-04	10	false	GAMG	4.063880e-03	3.156860e-05	4	true
251           	smoothSolver	3.699290e-04	3.675830e-05	9	7.869310e-03	7.785640e-04	9	4.060510e-03	3.337310e-04	10	false	GAMG	4.075080e-03	3.361710e-05	4	true
252           	smoothSolver	3.719000e-04	3.708410e-05	9	7.900210e-03	7.835030e-04	9	4.094620e-03	3.369540e-04	10	false	GAMG	4.082150e-03	3.569840e-05	4	true
253           	smoothSolver	3.748160e-04	3.738310e-05	9	7.888300e-03	7.842880e-04	9	4.119250e-03	3.396240e-04	10	false	GAMG	4.067160e-03	3.587820e-05	4	true
254           	smoothSolver	3.773270e-04	3.760530e-05	9	7.870360e-03	7.843760e-04	9	4.129610e-03	3.417000e-04	10	false	GAMG	4.048610e-03	3.452450e-05	4	true
255           	smoothSolver	3.789200e-04	3.774040e-05	9	7.864340e-03	6.179250e-04	10	4.136920e-03	3.440120e-04	10	false	GAMG	4.045870e-03	3.336720e-05	4	true
256           	smoothSolver	3.795420e-04	3.785210e-05	9	7.792250e-03	6.184680e-04	10	4.137070e-03	3.471140e-04	10	false	GAMG	4.046120e-03	3.297610e-05	4	true
257           	smoothSolver	3.789990e-04	2.983490e-05	10	7.755010e-03	6.219890e-04	10	4.132290e-03	3.505060e-04	10	false	GAMG	4.051350e-03	3.418130e-05	4	true
258           	smoothSolver	3.759520e-04	2.975630e-05	10	7.770980e-03	6.290120e-04	10	4.143200e-03	3.537350e-04	10	false	GAMG	4.028560e-03	3.554770e-05	4	true
259           	smoothSolver	3.728190e-04	2.962260e-05	10	7.748480e-03	6.268580e-04	10	4.147960e-03	3.533200e-04	10	false	GAMG	3.982780e-03	3.576270e-05	4	true
260           	smoothSolver	3.697670e-04	2.941010e-05	10	7.735450e-03	6.185590e-04	10	4.144220e-03	3.506530e-04	10	false	GAMG	3.939560e-03	3.457270e-05	4	true
261           	smoothSolver	3.660600e-04	2.913360e-05	10	7.728310e-03	6.092080e-04	10	4.140610e-03	3.472650e-04	10	false	GAMG	3.924530e-03	3.317880e-05	4	true
262           	smoothSolver	3.623330e-04	2.880540e-05	10	7.741060e-03	7.678270e-04	9	4.143080e-03	3.444890e-04	10	false	GAMG	3.930710e-03	3.255960e-05	4	true
263           	smoothSolver	3.589910e-04	2.846660e-05	10	7.832030e-03	7.694700e-04	9	4.148190e-03	3.414210e-04	10	false	GAMG	3.947510e-03	3.239110e-05	4	true
264           	smoothSolver	3.568600e-04	2.820290e-05	10	7.911230e-03	7.709650e-04	9	4.145520e-03	3.381900e-04	10	false	GAMG	3.966640e-03	3.294610e-05	4	true
265           	smoothSolver	3.554170e-04	2.799700e-05	10	7.945070e-03	7.702950e-04	9	4.139280e-03	3.349700e-04	10	false	GAMG	3.987570e-03	3.464130e-05	4	true
266           	smoothSolver	3.549930e-04	3.549310e-05	9	7.924470e-03	7.645430e-04	9	4.119020e-03	3.315260e-04	10	false	GAMG	3.988830e-03	3.583120e-05	4	true
267           	smoothSolver	3.569860e-04	3.543300e-05	9	7.815060e-03	7.521670e-04	9	4.068370e-03	3.264130e-04	10	false	GAMG	3.973460e-03	3.451050e-05	4	true
268           	smoothSolver	3.592680e-04	3.531520e-05	9	7.737960e-03	7.471640e-04	9	4.025830e-03	3.236500e-04	10	false	GAMG	3.948930e-03	3.247910e-05	4	true
269           	smoothSolver	3.608930e-04	3.510310e-05	9	7.672210e-03	7.469930e-04	9	3.983300e-03	3.216430e-04	10	false	GAMG	3.943930e-03	3.147290e-05	4	true
270           	smoothSolver	3.607390e-04	3.484680e-05	9	7.604880e-03	7.485080e-04	9	3.934560e-03	3.197120e-04	10	false	GAMG	3.957650e-03	3.195590e-05	4	true
271           	smoothSolver	3.588530e-04	3.468600e-05	9	7.565080e-03	7.487440e-04	9	3.887500e-03	3.171430e-04	10	false	GAMG	3.979060e-03	3.489010e-05	4	true
272           	smoothSolver	3.558130e-04	3.455280e-05	9	7.549080e-03	7.456230e-04	9	3.846970e-03	3.124480e-04	10	false	GAMG	3.979230e-03	3.804410e-05	4	true
273           	smoothSolver	3.519340e-04	3.440730e-05	9	7.514480e-03	7.354810e-04	9	3.803440e-03	3.051760e-04	10	false	GAMG	3.948430e-03	3.716380e-05	4	true
274           	smoothSolver	3.475370e-04	3.417920e-05	9	7.458220e-03	7.204300e-04	9	3.749900e-03	2.973220e-04	10	false	GAMG	3.890490e-03	3.429330e-05	4	true
275           	smoothSolver	3.428330e-04	3.390490e-05	9	7.388900e-03	7.072130e-04	9	3.698980e-03	3.695230e-04	9	false	GAMG	3.837280e-03	3.125140e-05	4	true
276           	smoothSolver	3.390440e-04	3.355510e-05	9	7.316030e-03	6.975810e-04	9	3.678770e-03	3.659290e-04	9	false	GAMG	3.809170e-03	2.965740e-05	4	true
277           	smoothSolver	3.359350e-04	3.325340e-05	9	7.251390e-03	6.924010e-04	9	3.649690e-03	3.633540e-04	9	false	GAMG	3.786620e-03	2.902200e-05	4	true
278           	smoothSolver	3.340380e-04	3.306880e-05	9	7.179590e-03	6.898970e-04	9	3.615990e-03	2.849910e-04	10	false	GAMG	3.767900e-03	2.914320e-05	4	true
279           	smoothSolver	3.333620e-04	3.302690e-05	9	7.093700e-03	6.857470e-04	9	3.554290e-03	2.814280e-04	10	false	GAMG	3.741370e-03	3.078280e-05	4	true
280           	smoothSolver	3.333230e-04	3.306280e-05	9	7.004350e-03	6.786110e-04	9	3.506060e-03	2.777180e-04	10	false	GAMG	3.704330e-03	3.318160e-05	4	true
281           	smoothSolver	3.342130e-04	3.302050e-05	9	6.921410e-03	6.681590e-04	9	3.475260e-03	2.740270e-04	10	false	GAMG	3.658050e-03	3.242380e-05	4	true
282           	smoothSolver	3.357280e-04	3.297180e-05	9	6.874390e-03	6.604370e-04	9	3.461660e-03	3.454250e-04	9	false	GAMG	3.642920e-03	3.029490e-05	4	true
283           	smoothSolver	3.370700e-04	3.287200e-05	9	6.870070e-03	6.575210e-04	9	3.487260e-03	3.481130e-04	9	false	GAMG	3.666520e-03	2.976240e-05	4	true
284           	smoothSolver	3.369520e-04	3.281430e-05	9	6.913280e-03	6.610660e-04	9	3.520870e-03	2.781490e-04	10	false	GAMG	3.726870e-03	3.003810e-05	4	true
285           	smoothSolver	3.362030e-04	3.287160e-05	9	7.002590e-03	6.686590e-04	9	3.539070e-03	2.798410e-04	10	false	GAMG	3.768550e-03	3.126000e-05	4	true
286           	smoothSolver	3.347600e-04	3.298360e-05	9	7.091360e-03	6.781910e-04	9	3.567410e-03	2.816630e-04	10	false	GAMG	3.775000e-03	3.378700e-05	4	true
287           	smoothSolver	3.330630e-04	3.309490e-05	9	7.137780e-03	6.824370e-04	9	3.588060e-03	3.587180e-04	9	false	GAMG	3.758410e-03	3.341270e-05	4	true
288           	smoothSolver	3.312850e-04	3.312310e-05	9	7.120490e-03	6.807830e-04	9	3.606650e-03	2.846230e-04	10	false	GAMG	3.727220e-03	3.109060e-05	4	true
289           	smoothSolver	3.303020e-04	2.604020e-05	10	7.082520e-03	6.789600e-04	9	3.576580e-03	2.840200e-04	10	false	GAMG	3.701990e-03	2.949970e-05	4	true
290           	smoothSolver	3.285470e-04	2.595620e-05	10	7.084140e-03	6.857640e-04	9	3.561140e-03	2.860920e-04	10	false	GAMG	3.680700e-03	2.873500e-05	4	true
291           	smoothSolver	3.276840e-04	2.590270e-05	10	7.079320e-03	6.936160e-04	9	3.556580e-03	2.885650e-04	10	false	GAMG	3.677100e-03	2.856260e-05	4	true
292           	smoothSolver	3.276610e-04	2.595180e-05	10	7.083300e-03	7.024500e-04	9	3.556590e-03	2.920730e-04	10	false	GAMG	3.697700e-03	2.875850e-05	4	true
293           	smoothSolver	3.279450e-04	2.609180e-05	10	7.095150e-03	5.601240e-04	10	3.563620e-03	2.964620e-04	10	false	GAMG	3.725740e-03	2.968140e-05	4	true
294           	smoothSolver	3.285060e-04	2.637420e-05	10	7.058020e-03	5.612210e-04	10	3.584640e-03	3.016300e-04	10	false	GAMG	3.724780e-03	3.155390e-05	4	true
295           	smoothSolver	3.299500e-04	2.669910e-05	10	7.016790e-03	5.598490e-04	10	3.612570e-03	3.069870e-04	10	false	GAMG	3.699840e-03	3.211430e-05	4	true
296           	smoothSolver	3.318190e-04	2.706910e-05	10	6.994940e-03	5.584610e-04	10	3.639610e-03	3.123310e-04	10	false	GAMG	3.669960e-03	3.113900e-05	4	true
297           	smoothSolver	3.339000e-04	2.741060e-05	10	6.984360e-03	5.590250e-04	10	3.665310e-03	3.170330e-04	10	false	GAMG	3.648170e-03	3.105050e-05	4	true
298           	smoothSolver	3.364570e-04	2.772660e-05	10	6.996770e-03	5.621730e-04	10	3.697740e-03	3.214310e-04	10	false	GAMG	3.641090e-03	3.186400e-05	4	true
299           	smoothSolver	3.392410e-04	2.805130e-05	10	7.050330e-03	5.687990e-04	10	3.742810e-03	3.257500e-04	10	false	GAMG	3.638360e-03	3.326700e-05	4	true
300           	smoothSolver	3.427170e-04	2.837990e-05	10	7.114130e-03	5.775280e-04	10	3.789430e-03	3.288950e-04	10	false	GAMG	3.628580e-03	3.490640e-05	4	true
301           	smoothSolver	3.462200e-04	2.870580e-05	10	7.169970e-03	5.834410e-04	10	3.834600e-03	3.307270e-04	10	false	GAMG	3.617110e-03	3.511690e-05	4	true
302           	smoothSolver	3.498460e-04	2.898730e-05	10	7.216340e-03	5.850230e-04	10	3.867640e-03	3.321490e-04	10	false	GAMG	3.612310e-03	3.325570e-05	4	true
303           	smoothSolver	3.526990e-04	2.913360e-05	10	7.245840e-03	5.851600e-04	10	3.892750e-03	3.341790e-04	10	false	GAMG	3.628800e-03	3.152170e-05	4	true
304           	smoothSolver	3.550190e-04	2.921560e-05	10	7.280210e-03	5.873260e-04	10	3.911960e-03	3.361530e-04	10	false	GAMG	3.679100e-03	3.081980e-05	4	true
305           	smoothSolver	3.571430e-04	2.930640e-05	10	7.339650e-03	5.934870e-04	10	3.942080e-03	3.389610e-04	10	false	GAMG	3.727710e-03	3.074460e-05	4	true
306           	smoothSolver	3.586830e-04	2.941420e-05	10	7.415810e-03	5.999000e-04	10	3.969380e-03	3.412840e-04	10	false	GAMG	3.765170e-03	3.131380e-05	4	true
307           	smoothSolver	3.599510e-04	2.952340e-05	10	7.493920e-03	6.052180e-04	10	3.994630e-03	3.426680e-04	10	false	GAMG	3.789590e-03	3.368030e-05	4	true
308           	smoothSolver	3.612820e-04	2.959340e-05	10	7.579110e-03	6.092230e-04	10	4.026960e-03	3.441730e-04	10	false	GAMG	3.793470e-03	3.699960e-05	4	true
309           	smoothSolver	3.636230e-04	2.963400e-05	10	7.637560e-03	6.079940e-04	10	4.056980e-03	3.448540e-04	10	false	GAMG	3.789180e-03	3.709090e-05	4	true
310           	smoothSolver	3.662570e-04	2.973980e-05	10	7.674470e-03	6.052020e-04	10	4.082130e-03	3.454460e-04	10	false	GAMG	3.794810e-03	3.469740e-05	4	true
311           	smoothSolver	3.687520e-04	2.983570e-05	10	7.719590e-03	7.717930e-04	9	4.110660e-03	3.467620e-04	10	false	GAMG	3.802720e-03	3.358690e-05	4	true
312           	smoothSolver	3.709600e-04	2.987690e-05	10	7.825930e-03	6.147040e-04	10	4.132140e-03	3.485510e-04	10	false	GAMG	3.825610e-03	3.369870e-05	4	true
313           	smoothSolver	3.733000e-04	2.996890e-05	10	7.863540e-03	6.196770e-04	10	4.158500e-03	3.518190e-04	10	false	GAMG	3.834570e-03	3.528660e-05	4	true
314           	smoothSolver	3.755940e-04	3.003360e-05	10	7.885220e-03	6.256130e-04	10	4.183520e-03	3.548770e-04	10	false	GAMG	3.832040e-03	3.754390e-05	4	true
315           	smoothSolver	3.781760e-04	3.015100e-05	10	7.882760e-03	6.313010e-04	10	4.195800e-03	3.571550e-04	10	false	GAMG	3.824300e-03	3.816070e-05	4	true
316           	smoothSolver	3.799270e-04	3.027270e-05	10	7.878800e-03	6.350490e-04	10	4.194160e-03	3.580990e-04	10	false	GAMG	3.825710e-03	3.680070e-05	4	true
317           	smoothSolver	3.808090e-04	3.026800e-05	10	7.897720e-03	6.376720e-04	10	4.203300e-03	3.588000e-04	10	false	GAMG	3.840040e-03	3.533170e-05	4	true
318           	smoothSolver	3.809860e-04	3.017210e-05	10	7.945010e-03	6.413260e-04	10	4.214620e-03	3.601420e-04	10	false	GAMG	3.870400e-03	3.450110e-05	4	true
319           	smoothSolver	3.804560e-04	3.005170e-05	10	8.034640e-03	6.474750e-04	10	4.230130e-03	3.610640e-04	10	false	GAMG	3.911790e-03	3.458680e-05	4	true
320           	smoothSolver	3.805430e-04	3.007850e-05	10	8.184320e-03	6.541980e-04	10	4.265020e-03	3.624700e-04	10	false	GAMG	3.944850e-03	3.549250e-05	4	true
321           	smoothSolver	3.808150e-04	3.020760e-05	10	8.379770e-03	6.606150e-04	10	4.322510e-03	3.639660e-04	10	false	GAMG	3.949600e-03	3.776150e-05	4	true
322           	smoothSolver	3.819170e-04	3.038450e-05	10	8.573610e-03	8.462200e-04	9	4.392370e-03	3.652240e-04	10	false	GAMG	3.931770e-03	1.856950e-05	5	true
323           	smoothSolver	3.847560e-04	3.051310e-05	10	8.790150e-03	8.549020e-04	9	4.450380e-03	3.657200e-04	10	false	GAMG	3.916700e-03	3.516520e-05	4	true
324           	smoothSolver	3.898300e-04	3.070210e-05	10	8.962540e-03	8.605510e-04	9	4.497170e-03	3.656990e-04	10	false	GAMG	3.957090e-03	3.661810e-05	4	true
325           	smoothSolver	3.943980e-04	3.919780e-05	9	9.081400e-03	8.671020e-04	9	4.549590e-03	3.671890e-04	10	false	GAMG	3.986350e-03	3.553790e-05	4	true
326           	smoothSolver	4.000970e-04	3.930100e-05	9	9.096900e-03	8.687890e-04	9	4.554520e-03	3.662110e-04	10	false	GAMG	4.021750e-03	3.509680e-05	4	true
327           	smoothSolver	4.044970e-04	3.937120e-05	9	9.109020e-03	8.743520e-04	9	4.550700e-03	3.663240e-04	10	false	GAMG	4.018350e-03	3.541080e-05	4	true
328           	smoothSolver	4.065960e-04	3.937170e-05	9	9.074280e-03	8.793730e-04	9	4.535160e-03	3.662500e-04	10	false	GAMG	4.004620e-03	3.604050e-05	4	true
329           	smoothSolver	4.067290e-04	3.932600e-05	9	8.966980e-03	8.771830e-04	9	4.494900e-03	3.643730e-04	10	false	GAMG	3.992920e-03	3.594410e-05	4	true
330           	smoothSolver	4.055760e-04	3.917030e-05	9	8.822920e-03	8.681570e-04	9	4.436410e-03	3.611130e-04	10	false	GAMG	3.984880e-03	3.497010e-05	4	true
331           	smoothSolver	4.033000e-04	3.892180e-05	9	8.673990e-03	8.581990e-04	9	4.380720e-03	3.582100e-04	10	false	GAMG	3.972550e-03	3.377520e-05	4	true
332           	smoothSolver	4.003430e-04	3.863430e-05	9	8.567460e-03	8.521020e-04	9	4.343870e-03	3.561490e-04	10	false	GAMG	3.966660e-03	3.333780e-05	4	true
333           	smoothSolver	3.967610e-04	3.838950e-05	9	8.532930e-03	8.532730e-04	9	4.322970e-03	3.546930e-04	10	false	GAMG	3.956530e-03	3.402130e-05	4	true
334           	smoothSolver	3.930410e-04	3.828090e-05	9	8.575290e-03	6.730820e-04	10	4.318500e-03	3.540630e-04	10	false	GAMG	3.950270e-03	3.538890e-05	4	true
335           	smoothSolver	3.893990e-04	3.829760e-05	9	8.580830e-03	8.536770e-04	9	4.322140e-03	3.528180e-04	10	false	GAMG	3.915180e-03	3.663940e-05	4	true
336           	smoothSolver	3.862100e-04	3.826660e-05	9	8.687660e-03	8.564810e-04	9	4.320110e-03	3.494830e-04	10	false	GAMG	3.879790e-03	3.617710e-05	4	true
337           	smoothSolver	3.844220e-04	3.821360e-05	9	8.790790e-03	8.588130e-04	9	4.308080e-03	3.452290e-04	10	false	GAMG	3.871750e-03	3.475260e-05	4	true
338           	smoothSolver	3.835590e-04	3.812750e-05	9	8.872720e-03	8.617550e-04	9	4.283940e-03	3.403570e-04	10	false	GAMG	3.901750e-03	3.367020e-05	4	true
339           	smoothSolver	3.836840e-04	3.794700e-05	9	8.948280e-03	8.657700e-04	9	4.250680e-03	3.361100e-04	10	false	GAMG	3.953600e-03	3.318780e-05	4	true
340           	smoothSolver	3.834420e-04	3.776420e-05	9	8.997390e-03	8.720270e-04	9	4.215940e-03	3.332690e-04	10	false	GAMG	3.984800e-03	3.277390e-05	4	true
341           	smoothSolver	3.833390e-04	3.764030e-05	9	9.011100e-03	8.767830e-04	9	4.183120e-03	3.313370e-04	10	false	GAMG	3.983140e-03	3.269180e-05	4	true
342           	smoothSolver	3.823890e-04	3.753930e-05	9	8.973730e-03	8.770550e-04	9	4.141470e-03	3.292750e-04	10	false	GAMG	3.948700e-03	3.286020e-05	4	true
343           	smoothSolver	3.802380e-04	3.742500e-05	9	8.875580e-03	8.720710e-04	9	4.086500e-03	3.267760e-04	10	false	GAMG	3.887100e-03	3.232550e-05	4	true
344           	smoothSolver	3.771380e-04	3.721490e-05	9	8.761200e-03	8.639620e-04	9	4.021740e-03	3.236820e-04	10	false	GAMG	3.824700e-03	3.126150e-05	4	true
345           	smoothSolver	3.733290e-04	3.689420e-05	9	8.650720e-03	8.574090e-04	9	3.970190e-03	3.213890e-04	10	false	GAMG	3.765850e-03	3.031080e-05	4	true
346           	smoothSolver	3.696620e-04	3.656720e-05	9	8.552700e-03	8.548950e-04	9	3.934820e-03	3.207120e-04	10	false	GAMG	3.728850e-03	3.024380e-05	4	true
347           	smoothSolver	3.666780e-04	3.634590e-05	9	8.503820e-03	6.725300e-04	10	3.923480e-03	3.218660e-04	10	false	GAMG	3.740560e-03	3.226360e-05	4	true
348           	smoothSolver	3.643520e-04	3.634750e-05	9	8.450300e-03	6.688140e-04	10	3.942000e-03	3.258970e-04	10	false	GAMG	3.795330e-03	3.488050e-05	4	true
349           	smoothSolver	3.626780e-04	2.867080e-05	10	8.458920e-03	6.673980e-04	10	3.978320e-03	3.299840e-04	10	false	GAMG	3.866520e-03	3.665830e-05	4	true
350           	smoothSolver	3.599890e-04	2.875840e-05	10	8.569590e-03	8.562620e-04	9	4.037300e-03	3.339510e-04	10	false	GAMG	3.915650e-03	3.660210e-05	4	true
351           	smoothSolver	3.586950e-04	2.881560e-05	10	8.754870e-03	8.716770e-04	9	4.071060e-03	3.344940e-04	10	false	GAMG	3.949200e-03	3.531010e-05	4	true
352           	smoothSolver	3.585480e-04	2.891790e-05	10	8.923010e-03	8.882630e-04	9	4.083470e-03	3.337940e-04	10	false	GAMG	3.964560e-03	3.417910e-05	4	true
353           	smoothSolver	3.593240e-04	2.901970e-05	10	9.074080e-03	9.042400e-04	9	4.083000e-03	3.334390e-04	10	false	GAMG	3.978060e-03	3.405980e-05	4	true
354           	smoothSolver	3.609560e-04	2.912780e-05	10	9.214570e-03	7.250040e-04	10	4.073140e-03	3.341580e-04	10	false	GAMG	4.000130e-03	3.477770e-05	4	true
355           	smoothSolver	3.627840e-04	2.926600e-05	10	9.300210e-03	7.353670e-04	10	4.067510e-03	3.359190e-04	10	false	GAMG	4.005310e-03	3.638540e-05	4	true
356           	smoothSolver	3.643440e-04	2.944880e-05	10	9.415940e-03	7.474880e-04	10	4.061540e-03	3.366340e-04	10	false	GAMG	3.998000e-03	3.781490e-05	4	true
357           	smoothSolver	3.658010e-04	2.965480e-05	10	9.540470e-03	7.582650e-04	10	4.054390e-03	3.352440e-04	10	false	GAMG	4.002000e-03	3.729450e-05	4	true
358           	smoothSolver	3.672970e-04	2.985170e-05	10	9.671910e-03	7.670630e-04	10	4.049340e-03	3.329640e-04	10	false	GAMG	3.993570e-03	3.594150e-05	4	true
359           	smoothSolver	3.691110e-04	2.999730e-05	10	9.813990e-03	7.773550e-04	10	4.061680e-03	3.318250e-04	10	false	GAMG	3.977590e-03	3.525560e-05	4	true
360           	smoothSolver	3.720850e-04	3.013340e-05	10	9.977720e-03	7.883200e-04	10	4.095390e-03	3.323290e-04	10	false	GAMG	3.949420e-03	3.531310e-05	4	true
361           	smoothSolver	3.763970e-04	3.031480e-05	10	1.018630e-02	8.019190e-04	10	4.157170e-03	3.351040e-04	10	false	GAMG	3.927970e-03	3.691480e-05	4	true
362           	smoothSolver	3.827360e-04	3.060880e-05	10	1.042880e-02	1.036610e-03	9	4.246730e-03	3.409020e-04	10	false	GAMG	3.899920e-03	3.852900e-05	4	true
363           	smoothSolver	3.894080e-04	3.092590e-05	10	1.071220e-02	1.058350e-03	9	4.328910e-03	3.467000e-04	10	false	GAMG	3.879240e-03	3.854840e-05	4	true
364           	smoothSolver	3.962360e-04	3.131920e-05	10	1.092370e-02	1.076220e-03	9	4.396610e-03	3.518380e-04	10	false	GAMG	3.866070e-03	3.768670e-05	4	true
365           	smoothSolver	4.031400e-04	3.177970e-05	10	1.106580e-02	1.093370e-03	9	4.443040e-03	3.567260e-04	10	false	GAMG	3.870770e-03	3.633770e-05	4	true
366           	smoothSolver	4.098490e-04	3.232550e-05	10	1.116090e-02	1.113090e-03	9	4.480110e-03	3.632660e-04	10	false	GAMG	3.879810e-03	3.538450e-05	4	true
367           	smoothSolver	4.161310e-04	3.287700e-05	10	1.122720e-02	8.944200e-04	10	4.522820e-03	3.715770e-04	10	false	GAMG	3.894620e-03	3.531870e-05	4	true
368           	smoothSolver	4.215570e-04	3.345160e-05	10	1.120790e-02	9.051180e-04	10	4.579920e-03	3.819720e-04	10	false	GAMG	3.867550e-03	3.704370e-05	4	true
369           	smoothSolver	4.253300e-04	3.396300e-05	10	1.125490e-02	9.162160e-04	10	4.646950e-03	3.918170e-04	10	false	GAMG	3.833320e-03	2.268200e-05	5	true
370           	smoothSolver	4.287980e-04	3.429520e-05	10	1.134660e-02	9.280210e-04	10	4.712470e-03	3.995700e-04	10	false	GAMG	3.832870e-03	3.651800e-05	4	true
371           	smoothSolver	4.293870e-04	3.457660e-05	10	1.143230e-02	9.316060e-04	10	4.747080e-03	4.021890e-04	10	false	GAMG	3.876430e-03	2.052720e-05	5	true
372           	smoothSolver	4.298210e-04	3.469690e-05	10	1.154130e-02	9.333340e-04	10	4.806380e-03	4.050330e-04	10	false	GAMG	3.995130e-03	3.360800e-05	4	true
373           	smoothSolver	4.314180e-04	3.473840e-05	10	1.165470e-02	9.308170e-04	10	4.846300e-03	4.042660e-04	10	false	GAMG	4.151530e-03	3.542210e-05	4	true
374           	smoothSolver	4.325090e-04	3.463370e-05	10	1.180010e-02	9.278650e-04	10	4.910370e-03	4.037740e-04	10	false	GAMG	4.295670e-03	3.571910e-05	4	true
375           	smoothSolver	4.354100e-04	3.444570e-05	10	1.195820e-02	1.176490e-03	9	4.968020e-03	4.019540e-04	10	false	GAMG	4.412110e-03	3.639130e-05	4	true
376           	smoothSolver	4.386010e-04	4.360410e-05	9	1.218310e-02	1.180080e-03	9	5.027840e-03	3.994120e-04	10	false	GAMG	4.500690e-03	3.688780e-05	4	true
377           	smoothSolver	4.437500e-04	4.360070e-05	9	1.230740e-02	1.175780e-03	9	5.059270e-03	5.035140e-04	9	false	GAMG	4.587190e-03	3.738070e-05	4	true
378           	smoothSolver	4.489630e-04	4.362230e-05	9	1.242340e-02	1.173020e-03	9	5.124080e-03	5.038530e-04	9	false	GAMG	4.648170e-03	3.779170e-05	4	true
379           	smoothSolver	4.544570e-04	4.364640e-05	9	1.250620e-02	1.167650e-03	9	5.157570e-03	5.033370e-04	9	false	GAMG	4.691140e-03	3.796050e-05	4	true
380           	smoothSolver	4.584710e-04	4.360930e-05	9	1.255080e-02	1.165160e-03	9	5.173170e-03	5.035360e-04	9	false	GAMG	4.705710e-03	3.779250e-05	4	true
381           	smoothSolver	4.604250e-04	4.348060e-05	9	1.256480e-02	1.164150e-03	9	5.166380e-03	5.042350e-04	9	false	GAMG	4.698310e-03	3.749850e-05	4	true
382           	smoothSolver	4.603210e-04	4.329800e-05	9	1.258630e-02	1.167110e-03	9	5.143650e-03	5.063600e-04	9	false	GAMG	4.658100e-03	3.714910e-05	4	true
383           	smoothSolver	4.577340e-04	4.312490e-05	9	1.260320e-02	1.172690e-03	9	5.118820e-03	5.092550e-04	9	false	GAMG	4.594690e-03	3.667430e-05	4	true
384           	smoothSolver	4.526120e-04	4.287830e-05	9	1.260430e-02	1.176400e-03	9	5.089580e-03	5.089500e-04	9	false	GAMG	4.533430e-03	3.643540e-05	4	true
385           	smoothSolver	4.462480e-04	4.257200e-05	9	1.257340e-02	1.174080e-03	9	5.061120e-03	5.044960e-04	9	false	GAMG	4.476700e-03	3.647220e-05	4	true
386           	smoothSolver	4.388680e-04	4.207640e-05	9	1.249590e-02	1.162570e-03	9	5.017060e-03	4.972480e-04	9	false	GAMG	4.436010e-03	3.640780e-05	4	true
387           	smoothSolver	4.328190e-04	4.151720e-05	9	1.234460e-02	1.144690e-03	9	4.953580e-03	4.895650e-04	9	false	GAMG	4.400040e-03	3.662160e-05	4	true
388           	smoothSolver	4.290760e-04	4.093900e-05	9	1.215880e-02	1.124420e-03	9	4.891260e-03	4.839170e-04	9	false	GAMG	4.391450e-03	3.721730e-05	4	true
389           	smoothSolver	4.269680e-04	4.038000e-05	9	1.197730e-02	1.107430e-03	9	4.819680e-03	4.794560e-04	9	false	GAMG	4.416760e-03	3.787110e-05	4	true
390           	smoothSolver	4.258420e-04	3.989050e-05	9	1.180420e-02	1.092910e-03	9	4.736960e-03	3.743550e-04	10	false	GAMG	4.468380e-03	3.718450e-05	4	true
391           	smoothSolver	4.244900e-04	3.943830e-05	9	1.162070e-02	1.080660e-03	9	4.604410e-03	3.666570e-04	10	false	GAMG	4.467260e-03	3.601000e-05	4	true
392           	smoothSolver	4.215160e-04	3.898210e-05	9	1.141850e-02	1.069920e-03	9	4.482120e-03	3.590710e-04	10	false	GAMG	4.424160e-03	3.529910e-05	4	true
393           	smoothSolver	4.165680e-04	3.849980e-05	9	1.122120e-02	1.059050e-03	9	4.367170e-03	3.520800e-04	10	false	GAMG	4.344880e-03	3.498140e-05	4	true
394           	smoothSolver	4.094460e-04	3.803290e-05	9	1.108680e-02	1.050610e-03	9	4.274460e-03	3.458230e-04	10	false	GAMG	4.257510e-03	3.507100e-05	4	true
395           	smoothSolver	4.020780e-04	3.760310e-05	9	1.103300e-02	1.042740e-03	9	4.208500e-03	3.408240e-04	10	false	GAMG	4.182160e-03	3.496910e-05	4	true
396           	smoothSolver	3.946320e-04	3.722560e-05	9	1.105120e-02	1.037890e-03	9	4.155630e-03	3.359230e-04	10	false	GAMG	4.131210e-03	3.491540e-05	4	true
397           	smoothSolver	3.876000e-04	3.692280e-05	9	1.113360e-02	1.035450e-03	9	4.106510e-03	3.308910e-04	10	false	GAMG	4.118470e-03	3.508730e-05	4	true
398           	smoothSolver	3.817200e-04	3.667590e-05	9	1.122770e-02	1.034650e-03	9	4.061160e-03	3.250600e-04	10	false	GAMG	4.147570e-03	3.477280e-05	4	true
399           	smoothSolver	3.764670e-04	3.640480e-05	9	1.127700e-02	1.031560e-03	9	4.020070e-03	3.179720e-04	10	false	GAMG	4.183930e-03	3.408470e-05	4	true
400           	smoothSolver	3.713330e-04	3.604310e-05	9	1.126790e-02	1.025260e-03	9	3.977800e-03	3.950100e-04	9	false	GAMG	4.171390e-03	3.285020e-05	4	true
401           	smoothSolver	3.659870e-04	3.551670e-05	9	1.120470e-02	1.016730e-03	9	3.960290e-03	3.914000e-04	9	false	GAMG	4.128720e-03	3.183050e-05	4	true
402           	smoothSolver	3.618850e-04	3.494960e-05	9	1.109700e-02	1.009900e-03	9	3.925030e-03	3.884780e-04	9	false	GAMG	4.072740e-03	3.110200e-05	4	true
403           	smoothSolver	3.601650e-04	3.457190e-05	9	1.095200e-02	1.004110e-03	9	3.889810e-03	3.868410e-04	9	false	GAMG	4.025170e-03	3.111010e-05	4	true
404           	smoothSolver	3.590100e-04	3.434200e-05	9	1.080780e-02	1.000120e-03	9	3.864590e-03	3.864080e-04	9	false	GAMG	3.996900e-03	3.151040e-05	4	true
405           	smoothSolver	3.579800e-04	3.424010e-05	9	1.068080e-02	9.973090e-04	9	3.847490e-03	3.036450e-04	10	false	GAMG	3.980600e-03	3.249470e-05	4	true
406           	smoothSolver	3.571280e-04	3.424400e-05	9	1.063570e-02	9.953600e-04	9	3.814870e-03	3.803580e-04	9	false	GAMG	3.964250e-03	3.323100e-05	4	true
407           	smoothSolver	3.564430e-04	3.424100e-05	9	1.065840e-02	9.965230e-04	9	3.832930e-03	3.813140e-04	9	false	GAMG	3.961810e-03	3.373090e-05	4	true
408           	smoothSolver	3.569590e-04	3.428550e-05	9	1.076700e-02	1.001510e-03	9	3.880460e-03	3.844460e-04	9	false	GAMG	3.969330e-03	3.345460e-05	4	true
409           	smoothSolver	3.590050e-04	3.441520e-05	9	1.094350e-02	1.010720e-03	9	3.938700e-03	3.892960e-04	9	false	GAMG	3.955760e-03	3.241940e-05	4	true
410           	smoothSolver	3.615500e-04	3.465180e-05	9	1.116480e-02	1.025480e-03	9	4.001130e-03	3.954800e-04	9	false	GAMG	3.922170e-03	3.189980e-05	4	true
411           	smoothSolver	3.658620e-04	3.500900e-05	9	1.139610e-02	1.043070e-03	9	4.059390e-03	4.018830e-04	9	false	GAMG	3.874490e-03	3.236660e-05	4	true
412           	smoothSolver	3.708120e-04	3.541680e-05	9	1.156760e-02	1.057540e-03	9	4.103250e-03	4.068720e-04	9	false	GAMG	3.829140e-03	3.267550e-05	4	true
413           	smoothSolver	3.761220e-04	3.587810e-05	9	1.163770e-02	1.068170e-03	9	4.132440e-03	4.105910e-04	9	false	GAMG	3.800620e-03	3.277370e-05	4	true
414           	smoothSolver	3.809760e-04	3.633030e-05	9	1.163020e-02	1.077250e-03	9	4.154310e-03	3.281360e-04	10	false	GAMG	3.793500e-03	3.287110e-05	4	true
415           	smoothSolver	3.856460e-04	3.687470e-05	9	1.156660e-02	1.089270e-03	9	4.148630e-03	3.327390e-04	10	false	GAMG	3.780680e-03	3.308160e-05	4	true
416           	smoothSolver	3.899450e-04	3.752190e-05	9	1.147910e-02	1.103180e-03	9	4.178310e-03	3.407490e-04	10	false	GAMG	3.757580e-03	3.391750e-05	4	true
417           	smoothSolver	3.940410e-04	3.830430e-05	9	1.144860e-02	1.117420e-03	9	4.244910e-03	3.515060e-04	10	false	GAMG	3.733440e-03	3.475200e-05	4	true
418           	smoothSolver	3.970360e-04	3.917630e-05	9	1.148930e-02	1.132860e-03	9	4.332680e-03	3.627890e-04	10	false	GAMG	3.722480e-03	3.443700e-05	4	true
419           	smoothSolver	3.998400e-04	3.154690e-05	10	1.157190e-02	1.147470e-03	9	4.418150e-03	3.721480e-04	10	false	GAMG	3.727280e-03	3.342980e-05	4	true
420           	smoothSolver	4.014710e-04	3.209090e-05	10	1.175330e-02	1.168210e-03	9	4.523740e-03	3.817010e-04	10	false	GAMG	3.719530e-03	3.260990e-05	4	true
421           	smoothSolver	4.039800e-04	3.266890e-05	10	1.196070e-02	1.186870e-03	9	4.622720e-03	3.889620e-04	10	false	GAMG	3.710160e-03	3.248020e-05	4	true
422           	smoothSolver	4.077120e-04	3.328620e-05	10	1.221120e-02	1.208310e-03	9	4.724140e-03	3.958750e-04	10	false	GAMG	3.710770e-03	3.245130e-05	4	true
423           	smoothSolver	4.127350e-04	3.387880e-05	10	1.246810e-02	1.232090e-03	9	4.820370e-03	4.029170e-04	10	false	GAMG	3.721390e-03	3.306110e-05	4	true
424           	smoothSolver	4.192680e-04	3.449030e-05	10	1.269730e-02	1.258850e-03	9	4.902110e-03	4.092790e-04	10	false	GAMG	3.752940e-03	3.438130e-05	4	true
425           	smoothSolver	4.267070e-04	3.509680e-05	10	1.287450e-02	1.284220e-03	9	4.966160e-03	4.140900e-04	10	false	GAMG	3.793190e-03	3.567230e-05	4	true
426           	smoothSolver	4.349670e-04	3.565520e-05	10	1.297290e-02	1.031130e-03	10	5.017900e-03	4.174960e-04	10	false	GAMG	3.844390e-03	3.664830e-05	4	true
427           	smoothSolver	4.438760e-04	3.623870e-05	10	1.297990e-02	1.041480e-03	10	5.066170e-03	4.206170e-04	10	false	GAMG	3.889440e-03	3.731260e-05	4	true
428           	smoothSolver	4.515810e-04	3.670140e-05	10	1.303710e-02	1.055900e-03	10	5.113100e-03	4.230390e-04	10	false	GAMG	3.935060e-03	3.731290e-05	4	true
429           	smoothSolver	4.578850e-04	3.705920e-05	10	1.316180e-02	1.073000e-03	10	5.167600e-03	4.264850e-04	10	false	GAMG	3.996090e-03	3.708980e-05	4	true
430           	smoothSolver	4.633100e-04	3.737340e-05	10	1.335140e-02	1.093470e-03	10	5.238910e-03	4.310540e-04	10	false	GAMG	4.075010e-03	3.784820e-05	4	true
431           	smoothSolver	4.682250e-04	3.768650e-05	10	1.358420e-02	1.114230e-03	10	5.325290e-03	4.355170e-04	10	false	GAMG	4.164600e-03	3.899570e-05	4	true
432           	smoothSolver	4.728770e-04	3.805730e-05	10	1.386900e-02	1.135240e-03	10	5.416760e-03	4.399470e-04	10	false	GAMG	4.253050e-03	3.992920e-05	4	true
433           	smoothSolver	4.779830e-04	3.840900e-05	10	1.421780e-02	1.154490e-03	10	5.515010e-03	4.446230e-04	10	false	GAMG	4.326400e-03	4.025120e-05	4	true
434           	smoothSolver	4.836370e-04	3.862680e-05	10	1.457280e-02	1.168260e-03	10	5.612560e-03	4.483840e-04	10	false	GAMG	4.374210e-03	4.025080e-05	4	true
435           	smoothSolver	4.894560e-04	3.867050e-05	10	1.494370e-02	1.492850e-03	9	5.700180e-03	4.504270e-04	10	false	GAMG	4.406020e-03	4.026650e-05	4	true
436           	smoothSolver	4.943380e-04	4.911530e-05	9	1.538370e-02	1.511300e-03	9	5.764670e-03	5.707000e-04	9	false	GAMG	4.461570e-03	3.928210e-05	4	true
437           	smoothSolver	5.001790e-04	4.894000e-05	9	1.568740e-02	1.515030e-03	9	5.818350e-03	5.679540e-04	9	false	GAMG	4.542350e-03	3.943420e-05	4	true
438           	smoothSolver	5.065230e-04	4.865480e-05	9	1.591740e-02	1.517500e-03	9	5.835160e-03	5.632210e-04	9	false	GAMG	4.614630e-03	3.970950e-05	4	true
439           	smoothSolver	5.122680e-04	4.832090e-05	9	1.609940e-02	1.518110e-03	9	5.799590e-03	5.537600e-04	9	false	GAMG	4.714780e-03	3.952460e-05	4	true
440           	smoothSolver	5.167410e-04	4.797790e-05	9	1.617440e-02	1.515010e-03	9	5.734430e-03	5.405360e-04	9	false	GAMG	4.784170e-03	3.903280e-05	4	true
441           	smoothSolver	5.223500e-04	4.763400e-05	9	1.614640e-02	1.508000e-03	9	5.640530e-03	5.254740e-04	9	false	GAMG	4.896060e-03	3.873040e-05	4	true
442           	smoothSolver	5.265870e-04	4.703930e-05	9	1.606290e-02	1.499720e-03	9	5.535870e-03	5.117040e-04	9	false	GAMG	4.974820e-03	3.854640e-05	4	true
443           	smoothSolver	5.313850e-04	4.626200e-05	9	1.591170e-02	1.488130e-03	9	5.441630e-03	5.017870e-04	9	false	GAMG	5.108430e-03	3.851050e-05	4	true
444           	smoothSolver	5.346720e-04	4.545000e-05	9	1.573930e-02	1.476270e-03	9	5.382430e-03	4.957070e-04	9	false	GAMG	5.267910e-03	3.906490e-05	4	true
445           	smoothSolver	5.357290e-04	4.473250e-05	9	1.556320e-02	1.462300e-03	9	5.338520e-03	4.936110e-04	9	false	GAMG	5.360640e-03	3.978550e-05	4	true
446           	smoothSolver	5.339780e-04	4.405690e-05	9	1.539990e-02	1.445980e-03	9	5.317330e-03	4.934690e-04	9	false	GAMG	5.364390e-03	3.992300e-05	4	true
447           	smoothSolver	5.279300e-04	4.352630e-05	9	1.528750e-02	1.427880e-03	9	5.337860e-03	4.941320e-04	9	false	GAMG	5.294580e-03	4.022010e-05	4	true
448           	smoothSolver	5.199200e-04	4.305710e-05	9	1.527670e-02	1.407740e-03	9	5.391850e-03	4.932780e-04	9	false	GAMG	5.227910e-03	4.139860e-05	4	true
449           	smoothSolver	5.112550e-04	4.260600e-05	9	1.541840e-02	1.386220e-03	9	5.485670e-03	4.918620e-04	9	false	GAMG	5.173990e-03	4.313940e-05	4	true
450           	smoothSolver	5.032920e-04	4.216440e-05	9	1.565410e-02	1.362300e-03	9	5.591210e-03	4.906680e-04	9	false	GAMG	5.161820e-03	4.453210e-05	4	true
451           	smoothSolver	4.983920e-04	4.176120e-05	9	1.586420e-02	1.333400e-03	9	5.686720e-03	4.880710e-04	9	false	GAMG	5.154920e-03	4.617200e-05	4	true
452           	smoothSolver	4.960030e-04	4.134760e-05	9	1.597800e-02	1.297520e-03	9	5.770720e-03	4.827720e-04	9	false	GAMG	5.165380e-03	4.589970e-05	4	true
453           	smoothSolver	4.948160e-04	4.090580e-05	9	1.592350e-02	1.257150e-03	9	5.805930e-03	4.730680e-04	9	false	GAMG	5.144710e-03	4.333420e-05	4	true
454           	smoothSolver	4.945680e-04	4.041580e-05	9	1.573670e-02	1.546130e-03	8	5.780830e-03	4.591860e-04	9	false	GAMG	5.092340e-03	4.055690e-05	4	true
455           	smoothSolver	4.949120e-04	3.976320e-05	9	1.552330e-02	1.505520e-03	8	5.699850e-03	5.651310e-04	8	false	GAMG	4.967690e-03	3.758500e-05	4	true
456           	smoothSolver	4.946320e-04	3.896780e-05	9	1.508390e-02	1.460350e-03	8	5.617480e-03	5.512590e-04	8	false	GAMG	4.876980e-03	3.596350e-05	4	true
457           	smoothSolver	4.945740e-04	4.877710e-05	8	1.452230e-02	1.413920e-03	8	5.488850e-03	5.379530e-04	8	false	GAMG	4.774420e-03	3.401800e-05	4	true
458           	smoothSolver	4.953430e-04	4.817640e-05	8	1.382720e-02	1.363890e-03	8	5.309180e-03	5.236790e-04	8	false	GAMG	4.697380e-03	3.352210e-05	4	true
459           	smoothSolver	4.935840e-04	4.762680e-05	8	1.313030e-02	1.038680e-03	9	5.122770e-03	4.029200e-04	9	false	GAMG	4.729200e-03	3.459360e-05	4	true
460           	smoothSolver	4.894890e-04	4.729280e-05	8	1.233940e-02	1.000500e-03	9	4.884350e-03	3.932770e-04	9	false	GAMG	4.739280e-03	3.458270e-05	4	true
461           	smoothSolver	4.818250e-04	4.705810e-05	8	1.162750e-02	9.686430e-04	9	4.660940e-03	3.855960e-04	9	false	GAMG	4.741330e-03	3.442170e-05	4	true
462           	smoothSolver	4.724120e-04	4.685280e-05	8	1.100270e-02	9.410570e-04	9	4.480720e-03	3.803390e-04	9	false	GAMG	4.735150e-03	3.473020e-05	4	true
463           	smoothSolver	4.614710e-04	3.656320e-05	9	1.051020e-02	9.184380e-04	9	4.353080e-03	3.777330e-04	9	false	GAMG	4.669690e-03	3.582090e-05	4	true
464           	smoothSolver	4.470000e-04	3.614460e-05	9	1.021400e-02	9.014310e-04	9	4.296050e-03	3.795680e-04	9	false	GAMG	4.550080e-03	3.625490e-05	4	true
465           	smoothSolver	4.328620e-04	3.583740e-05	9	1.002980e-02	8.832080e-04	9	4.282700e-03	3.825580e-04	9	false	GAMG	4.440530e-03	3.621710e-05	4	true
466           	smoothSolver	4.206200e-04	3.574650e-05	9	9.980230e-03	8.651200e-04	9	4.309300e-03	3.854560e-04	9	false	GAMG	4.322960e-03	3.605640e-05	4	true
467           	smoothSolver	4.097120e-04	3.570500e-05	9	1.004930e-02	8.455630e-04	9	4.360270e-03	3.859920e-04	9	false	GAMG	4.182120e-03	3.598290e-05	4	true
468           	smoothSolver	4.011780e-04	3.561240e-05	9	1.018820e-02	8.242340e-04	9	4.426230e-03	3.838340e-04	9	false	GAMG	4.084440e-03	3.539280e-05	4	true
469           	smoothSolver	3.951560e-04	3.535560e-05	9	1.035290e-02	1.023140e-03	8	4.494910e-03	3.787820e-04	9	false	GAMG	4.025830e-03	3.426760e-05	4	true
470           	smoothSolver	3.912480e-04	3.492810e-05	9	1.054230e-02	1.006590e-03	8	4.540140e-03	3.730390e-04	9	false	GAMG	4.002340e-03	3.321570e-05	4	true
471           	smoothSolver	3.903520e-04	3.447410e-05	9	1.066060e-02	9.913520e-04	8	4.578880e-03	3.683710e-04	9	false	GAMG	4.008930e-03	3.232380e-05	4	true
472           	smoothSolver	3.922620e-04	3.406830e-05	9	1.069020e-02	9.796750e-04	8	4.597620e-03	3.651170e-04	9	false	GAMG	4.030820e-03	3.170490e-05	4	true
473           	smoothSolver	3.961190e-04	3.379510e-05	9	1.064340e-02	9.721090e-04	8	4.586960e-03	3.632720e-04	9	false	GAMG	4.068320e-03	3.116960e-05	4	true
474           	smoothSolver	3.993470e-04	3.357710e-05	9	1.048540e-02	9.676980e-04	8	4.526360e-03	3.608940e-04	9	false	GAMG	4.109220e-03	3.057370e-05	4	true
475           	smoothSolver	4.010710e-04	3.334300e-05	9	1.024560e-02	9.656780e-04	8	4.417600e-03	3.573320e-04	9	false	GAMG	4.118770e-03	3.029480e-05	4	true
476           	smoothSolver	4.000110e-04	3.299640e-05	9	9.920580e-03	9.660040e-04	8	4.270840e-03	3.529890e-04	9	false	GAMG	4.101920e-03	3.028150e-05	4	true
477           	smoothSolver	3.966970e-04	3.261430e-05	9	9.595260e-03	7.613010e-04	9	4.121500e-03	3.504610e-04	9	false	GAMG	4.091910e-03	3.033490e-05	4	true
478           	smoothSolver	3.916480e-04	3.234630e-05	9	9.238570e-03	7.564890e-04	9	4.001170e-03	3.506160e-04	9	false	GAMG	4.049020e-03	2.995400e-05	4	true
479           	smoothSolver	3.859130e-04	3.219330e-05	9	8.984980e-03	7.563480e-04	9	3.899950e-03	3.520780e-04	9	false	GAMG	3.985720e-03	2.960400e-05	4	true
480           	smoothSolver	3.792970e-04	3.217300e-05	9	8.810670e-03	7.573010e-04	9	3.821630e-03	3.541830e-04	9	false	GAMG	3.903350e-03	2.927460e-05	4	true
481           	smoothSolver	3.709370e-04	3.223250e-05	9	8.690170e-03	7.570600e-04	9	3.755890e-03	3.552440e-04	9	false	GAMG	3.810510e-03	2.892740e-05	4	true
482           	smoothSolver	3.619840e-04	3.228130e-05	9	8.582970e-03	7.533550e-04	9	3.700430e-03	3.545950e-04	9	false	GAMG	3.719410e-03	2.857760e-05	4	true
483           	smoothSolver	3.522880e-04	3.222740e-05	9	8.507280e-03	7.473010e-04	9	3.653620e-03	3.525110e-04	9	false	GAMG	3.640810e-03	2.811080e-05	4	true
484           	smoothSolver	3.425050e-04	3.207130e-05	9	8.456710e-03	7.423870e-04	9	3.621900e-03	3.503350e-04	9	false	GAMG	3.583050e-03	2.728700e-05	4	true
485           	smoothSolver	3.340320e-04	3.189020e-05	9	8.443550e-03	7.406660e-04	9	3.612510e-03	3.480600e-04	9	false	GAMG	3.545190e-03	2.681460e-05	4	true
486           	smoothSolver	3.285940e-04	3.182630e-05	9	8.464640e-03	7.428130e-04	9	3.620660e-03	3.469990e-04	9	false	GAMG	3.534250e-03	2.716950e-05	4	true
487           	smoothSolver	3.257890e-04	3.184820e-05	9	8.495420e-03	7.481110e-04	9	3.634180e-03	3.464400e-04	9	false	GAMG	3.535690e-03	2.716010e-05	4	true
488           	smoothSolver	3.252010e-04	3.199390e-05	9	8.532130e-03	7.539540e-04	9	3.640950e-03	3.461550e-04	9	false	GAMG	3.530390e-03	2.700000e-05	4	true
489           	smoothSolver	3.263230e-04	3.225990e-05	9	8.546920e-03	7.595690e-04	9	3.648960e-03	3.466140e-04	9	false	GAMG	3.502050e-03	2.715900e-05	4	true
490           	smoothSolver	3.286140e-04	3.253420e-05	9	8.541270e-03	7.656700e-04	9	3.650630e-03	3.474640e-04	9	false	GAMG	3.458830e-03	2.715340e-05	4	true
491           	smoothSolver	3.305440e-04	3.280750e-05	9	8.533120e-03	7.729260e-04	9	3.651700e-03	3.504310e-04	9	false	GAMG	3.422160e-03	2.673890e-05	4	true
492           	smoothSolver	3.319830e-04	3.309520e-05	9	8.497430e-03	7.809850e-04	9	3.646980e-03	3.550850e-04	9	false	GAMG	3.389380e-03	2.628320e-05	4	true
493           	smoothSolver	3.335060e-04	2.636880e-05	10	8.458390e-03	7.903550e-04	9	3.637670e-03	3.608230e-04	9	false	GAMG	3.359910e-03	2.650230e-05	4	true
494           	smoothSolver	3.341370e-04	2.661240e-05	10	8.440950e-03	8.028570e-04	9	3.643070e-03	2.909410e-04	10	false	GAMG	3.331690e-03	2.650230e-05	4	true
495           	smoothSolver	3.357190e-04	2.691900e-05	10	8.380770e-03	8.094590e-04	9	3.612220e-03	2.926580e-04	10	false	GAMG	3.292220e-03	2.651990e-05	4	true
496           	smoothSolver	3.380290e-04	2.718650e-05	10	8.293390e-03	8.098460e-04	9	3.590770e-03	2.938020e-04	10	false	GAMG	3.261780e-03	2.641740e-05	4	true
497           	smoothSolver	3.405850e-04	2.736050e-05	10	8.207930e-03	8.065550e-04	9	3.592550e-03	2.965810e-04	10	false	GAMG	3.238350e-03	2.626750e-05	4	true
498           	smoothSolver	3.436890e-04	2.752620e-05	10	8.151550e-03	8.040710e-04	9	3.621410e-03	3.019780e-04	10	false	GAMG	3.232050e-03	2.609700e-05	4	true
499           	smoothSolver	3.473740e-04	2.775010e-05	10	8.145840e-03	8.057280e-04	9	3.676380e-03	3.092130e-04	10	false	GAMG	3.239200e-03	2.702720e-05	4	true
500           	smoothSolver	3.517220e-04	2.807720e-05	10	8.209030e-03	8.103880e-04	9	3.752890e-03	3.180560e-04	10	false	GAMG	3.255990e-03	2.830010e-05	4	true
501           	smoothSolver	3.557600e-04	2.842180e-05	10	8.312400e-03	8.159090e-04	9	3.831680e-03	3.262420e-04	10	false	GAMG	3.275280e-03	2.864160e-05	4	true
502           	smoothSolver	3.591020e-04	2.877370e-05	10	8.446880e-03	8.226820e-04	9	3.909500e-03	3.319680e-04	10	false	GAMG	3.303270e-03	2.867910e-05	4	true
503           	smoothSolver	3.620260e-04	2.907690e-05	10	8.601550e-03	8.311380e-04	9	3.978720e-03	3.359080e-04	10	false	GAMG	3.322850e-03	2.868800e-05	4	true
504           	smoothSolver	3.640040e-04	2.925020e-05	10	8.752520e-03	8.403860e-04	9	4.032160e-03	3.380540e-04	10	false	GAMG	3.333610e-03	2.843280e-05	4	true
505           	smoothSolver	3.652140e-04	2.936880e-05	10	8.905810e-03	8.511570e-04	9	4.069700e-03	3.395970e-04	10	false	GAMG	3.341350e-03	2.798980e-05	4	true
506           	smoothSolver	3.658670e-04	2.944900e-05	10	9.060370e-03	8.657960e-04	9	4.088200e-03	3.406700e-04	10	false	GAMG	3.353660e-03	2.770820e-05	4	true
507           	smoothSolver	3.666940e-04	2.954940e-05	10	9.191760e-03	8.847160e-04	9	4.087350e-03	3.411020e-04	10	false	GAMG	3.364670e-03	2.753260e-05	4	true
508           	smoothSolver	3.672970e-04	2.963410e-05	10	9.313420e-03	9.044110e-04	9	4.062320e-03	3.389500e-04	10	false	GAMG	3.391000e-03	2.780410e-05	4	true
509           	smoothSolver	3.676630e-04	2.969680e-05	10	9.422290e-03	9.232060e-04	9	4.028270e-03	3.347420e-04	10	false	GAMG	3.420660e-03	2.827660e-05	4	true
510           	smoothSolver	3.678020e-04	2.965300e-05	10	9.531000e-03	9.353780e-04	9	4.002180e-03	3.293850e-04	10	false	GAMG	3.459370e-03	2.849180e-05	4	true
511           	smoothSolver	3.678970e-04	2.947000e-05	10	9.648540e-03	9.421070e-04	9	3.992680e-03	3.237180e-04	10	false	GAMG	3.511760e-03	2.854280e-05	4	true
512           	smoothSolver	3.681160e-04	2.916590e-05	10	9.792070e-03	9.443480e-04	9	3.995100e-03	3.193280e-04	10	false	GAMG	3.567830e-03	2.862420e-05	4	true
513           	smoothSolver	3.687190e-04	3.671050e-05	9	9.948590e-03	9.471700e-04	9	4.011560e-03	3.164950e-04	10	false	GAMG	3.634530e-03	2.884620e-05	4	true
514           	smoothSolver	3.713840e-04	3.660040e-05	9	1.006200e-02	9.443130e-04	9	4.033460e-03	3.991510e-04	9	false	GAMG	3.715860e-03	2.973320e-05	4	true
515           	smoothSolver	3.736900e-04	3.653190e-05	9	1.020150e-02	9.434650e-04	9	4.096320e-03	4.016180e-04	9	false	GAMG	3.808030e-03	3.046810e-05	4	true
516           	smoothSolver	3.766150e-04	3.652220e-05	9	1.031470e-02	9.438570e-04	9	4.141980e-03	4.028390e-04	9	false	GAMG	3.905350e-03	3.059620e-05	4	true
517           	smoothSolver	3.810610e-04	3.643850e-05	9	1.036590e-02	9.435380e-04	9	4.158670e-03	4.018660e-04	9	false	GAMG	4.000750e-03	3.056320e-05	4	true
518           	smoothSolver	3.859110e-04	3.625140e-05	9	1.033660e-02	9.436420e-04	9	4.157900e-03	4.007350e-04	9	false	GAMG	4.073880e-03	3.075330e-05	4	true
519           	smoothSolver	3.896450e-04	3.608510e-05	9	1.033090e-02	9.475280e-04	9	4.152870e-03	4.012280e-04	9	false	GAMG	4.101930e-03	3.068730e-05	4	true
520           	smoothSolver	3.932120e-04	3.598770e-05	9	1.033330e-02	9.521430e-04	9	4.144820e-03	4.025280e-04	9	false	GAMG	4.090050e-03	3.065300e-05	4	true
521           	smoothSolver	3.966230e-04	3.609750e-05	9	1.033560e-02	9.584550e-04	9	4.148190e-03	4.057000e-04	9	false	GAMG	4.110040e-03	3.097650e-05	4	true
522           	smoothSolver	3.995360e-04	3.637950e-05	9	1.037450e-02	9.647040e-04	9	4.152960e-03	4.088400e-04	9	false	GAMG	4.104900e-03	3.123530e-05	4	true
523           	smoothSolver	4.011860e-04	3.671140e-05	9	1.044760e-02	9.713780e-04	9	4.154320e-03	4.105860e-04	9	false	GAMG	4.079860e-03	3.107350e-05	4	true
524           	smoothSolver	4.000190e-04	3.694500e-05	9	1.049650e-02	9.756450e-04	9	4.151970e-03	4.113880e-04	9	false	GAMG	4.034370e-03	3.035590e-05	4	true
525           	smoothSolver	3.978870e-04	3.705520e-05	9	1.051780e-02	9.793240e-04	9	4.152880e-03	4.123900e-04	9	false	GAMG	3.978060e-03	2.943300e-05	4	true
526           	smoothSolver	3.961430e-04	3.710070e-05	9	1.052130e-02	9.840720e-04	9	4.177740e-03	4.159680e-04	9	false	GAMG	3.931600e-03	2.895550e-05	4	true
527           	smoothSolver	3.949420e-04	3.718280e-05	9	1.050490e-02	9.903720e-04	9	4.205890e-03	3.323870e-04	10	false	GAMG	3.896010e-03	2.914470e-05	4	true
528           	smoothSolver	3.952940e-04	3.738700e-05	9	1.052100e-02	9.962310e-04	9	4.224180e-03	3.359260e-04	10	false	GAMG	3.887120e-03	2.975690e-05	4	true
529           	smoothSolver	3.959950e-04	3.767700e-05	9	1.053710e-02	1.001090e-03	9	4.270060e-03	3.407030e-04	10	false	GAMG	3.901850e-03	3.062180e-05	4	true
530           	smoothSolver	3.974850e-04	3.807390e-05	9	1.054360e-02	1.003680e-03	9	4.319390e-03	3.446970e-04	10	false	GAMG	3.908100e-03	3.110290e-05	4	true
531           	smoothSolver	3.997240e-04	3.853390e-05	9	1.054900e-02	1.004220e-03	9	4.352490e-03	3.472110e-04	10	false	GAMG	3.911910e-03	3.126400e-05	4	true
532           	smoothSolver	4.027780e-04	3.896050e-05	9	1.059490e-02	1.006520e-03	9	4.375000e-03	3.490380e-04	10	false	GAMG	3.891960e-03	3.105720e-05	4	true
533           	smoothSolver	4.050070e-04	3.937410e-05	9	1.066410e-02	1.012380e-03	9	4.394060e-03	3.510410e-04	10	false	GAMG	3.853210e-03	3.043550e-05	4	true
534           	smoothSolver	4.072930e-04	3.968900e-05	9	1.073040e-02	1.019620e-03	9	4.403330e-03	3.526980e-04	10	false	GAMG	3.832120e-03	3.009270e-05	4	true
535           	smoothSolver	4.090440e-04	3.994490e-05	9	1.078040e-02	1.028840e-03	9	4.398530e-03	3.538820e-04	10	false	GAMG	3.851560e-03	3.007770e-05	4	true
536           	smoothSolver	4.106160e-04	4.015030e-05	9	1.081400e-02	1.037230e-03	9	4.385650e-03	3.543040e-04	10	false	GAMG	3.875190e-03	3.009760e-05	4	true
537           	smoothSolver	4.120540e-04	4.028040e-05	9	1.080580e-02	1.043160e-03	9	4.358390e-03	3.527750e-04	10	false	GAMG	3.879770e-03	2.972950e-05	4	true
538           	smoothSolver	4.133330e-04	4.028830e-05	9	1.077070e-02	1.045250e-03	9	4.336430e-03	3.497190e-04	10	false	GAMG	3.869480e-03	2.910890e-05	4	true
539           	smoothSolver	4.136540e-04	4.012730e-05	9	1.075020e-02	1.046710e-03	9	4.323890e-03	3.471010e-04	10	false	GAMG	3.864650e-03	2.889590e-05	4	true
540           	smoothSolver	4.136700e-04	3.980880e-05	9	1.074870e-02	1.047330e-03	9	4.325010e-03	3.458410e-04	10	false	GAMG	3.875040e-03	2.881180e-05	4	true
541           	smoothSolver	4.124140e-04	3.940740e-05	9	1.078400e-02	1.049710e-03	9	4.340960e-03	3.454090e-04	10	false	GAMG	3.902210e-03	2.927690e-05	4	true
542           	smoothSolver	4.109970e-04	3.902220e-05	9	1.087550e-02	1.052510e-03	9	4.377380e-03	3.461660e-04	10	false	GAMG	3.937070e-03	3.021850e-05	4	true
543           	smoothSolver	4.093030e-04	3.868110e-05	9	1.102200e-02	1.053040e-03	9	4.423850e-03	4.394940e-04	9	false	GAMG	3.967800e-03	3.067360e-05	4	true
544           	smoothSolver	4.074280e-04	3.839000e-05	9	1.122900e-02	1.050170e-03	9	4.505140e-03	4.412540e-04	9	false	GAMG	4.010130e-03	3.113020e-05	4	true
545           	smoothSolver	4.064580e-04	3.814180e-05	9	1.143960e-02	1.046560e-03	9	4.564390e-03	4.397620e-04	9	false	GAMG	4.030950e-03	3.163310e-05	4	true
546           	smoothSolver	4.055080e-04	3.781970e-05	9	1.166840e-02	1.045460e-03	9	4.617010e-03	4.365280e-04	9	false	GAMG	4.036890e-03	3.200730e-05	4	true
547           	smoothSolver	4.051120e-04	3.749220e-05	9	1.194920e-02	1.050000e-03	9	4.669010e-03	4.347000e-04	9	false	GAMG	4.042450e-03	3.190730e-05	4	true
548           	smoothSolver	4.058410e-04	3.719890e-05	9	1.223120e-02	1.058290e-03	9	4.707910e-03	4.322190e-04	9	false	GAMG	4.065150e-03	3.142040e-05	4	true
549           	smoothSolver	4.076840e-04	3.705830e-05	9	1.248450e-02	1.069340e-03	9	4.728770e-03	4.304000e-04	9	false	GAMG	4.072910e-03	3.096500e-05	4	true
550           	smoothSolver	4.113480e-04	3.712430e-05	9	1.268170e-02	1.081490e-03	9	4.726150e-03	4.283780e-04	9	false	GAMG	4.061470e-03	3.043410e-05	4	true
551           	smoothSolver	4.158260e-04	3.727980e-05	9	1.278470e-02	1.092360e-03	9	4.691900e-03	4.252150e-04	9	false	GAMG	4.052280e-03	2.968200e-05	4	true
552           	smoothSolver	4.202060e-04	3.745190e-05	9	1.277320e-02	1.101170e-03	9	4.636310e-03	4.220380e-04	9	false	GAMG	4.024270e-03	2.895990e-05	4	true
553           	smoothSolver	4.236120e-04	3.762060e-05	9	1.266600e-02	1.110310e-03	9	4.559560e-03	4.212200e-04	9	false	GAMG	3.993140e-03	2.887820e-05	4	true
554           	smoothSolver	4.259210e-04	3.779830e-05	9	1.247710e-02	1.119590e-03	9	4.481970e-03	4.249080e-04	9	false	GAMG	3.990800e-03	2.932530e-05	4	true
555           	smoothSolver	4.273090e-04	3.802500e-05	9	1.229150e-02	1.129940e-03	9	4.448670e-03	4.322020e-04	9	false	GAMG	3.984660e-03	2.992310e-05	4	true
556           	smoothSolver	4.289420e-04	3.838340e-05	9	1.220990e-02	1.139020e-03	9	4.466130e-03	4.417020e-04	9	false	GAMG	3.976360e-03	3.046270e-05	4	true
557           	smoothSolver	4.299680e-04	3.884030e-05	9	1.223760e-02	1.144030e-03	9	4.519770e-03	4.514500e-04	9	false	GAMG	3.955160e-03	3.035070e-05	4	true
558           	smoothSolver	4.298440e-04	3.934520e-05	9	1.236450e-02	1.146960e-03	9	4.590130e-03	3.624280e-04	10	false	GAMG	3.935270e-03	3.029150e-05	4	true
559           	smoothSolver	4.290510e-04	3.991290e-05	9	1.257250e-02	1.149030e-03	9	4.640200e-03	4.602920e-04	9	false	GAMG	3.892860e-03	3.004130e-05	4	true
560           	smoothSolver	4.269720e-04	4.025920e-05	9	1.277270e-02	1.150520e-03	9	4.732590e-03	4.639460e-04	9	false	GAMG	3.857500e-03	3.021430e-05	4	true
561           	smoothSolver	4.247380e-04	4.041380e-05	9	1.299430e-02	1.153430e-03	9	4.822600e-03	4.667370e-04	9	false	GAMG	3.827020e-03	2.997920e-05	4	true
562           	smoothSolver	4.234970e-04	4.048150e-05	9	1.320200e-02	1.158370e-03	9	4.906220e-03	4.690800e-04	9	false	GAMG	3.800920e-03	2.977010e-05	4	true
563           	smoothSolver	4.234830e-04	4.050580e-05	9	1.335420e-02	1.166910e-03	9	4.955470e-03	4.708900e-04	9	false	GAMG	3.792810e-03	2.977340e-05	4	true
564           	smoothSolver	4.247070e-04	4.051890e-05	9	1.338550e-02	1.174750e-03	9	4.968520e-03	4.709860e-04	9	false	GAMG	3.802490e-03	2.994810e-05	4	true
565           	smoothSolver	4.272210e-04	4.057310e-05	9	1.331460e-02	1.179930e-03	9	4.944000e-03	4.684370e-04	9	false	GAMG	3.813040e-03	2.987550e-05	4	true
566           	smoothSolver	4.298110e-04	4.055640e-05	9	1.314020e-02	1.180190e-03	9	4.884890e-03	4.630680e-04	9	false	GAMG	3.828140e-03	2.910780e-05	4	true
567           	smoothSolver	4.309980e-04	4.040460e-05	9	1.288150e-02	1.176380e-03	9	4.803050e-03	4.567670e-04	9	false	GAMG	3.854890e-03	2.801800e-05	4	true
568           	smoothSolver	4.302650e-04	4.013180e-05	9	1.257740e-02	1.169340e-03	9	4.715590e-03	4.521370e-04	9	false	GAMG	3.895260e-03	2.710340e-05	4	true
569           	smoothSolver	4.280660e-04	3.977250e-05	9	1.227020e-02	1.162430e-03	9	4.623520e-03	4.482200e-04	9	false	GAMG	3.924450e-03	2.688080e-05	4	true
570           	smoothSolver	4.251510e-04	3.952720e-05	9	1.200590e-02	1.155520e-03	9	4.544260e-03	4.455030e-04	9	false	GAMG	3.953510e-03	2.776790e-05	4	true
571           	smoothSolver	4.212380e-04	3.936880e-05	9	1.180080e-02	1.150390e-03	9	4.482500e-03	4.439880e-04	9	false	GAMG	3.981760e-03	2.850910e-05	4	true
572           	smoothSolver	4.163620e-04	3.920350e-05	9	1.167480e-02	1.147260e-03	9	4.434740e-03	4.419430e-04	9	false	GAMG	3.998730e-03	2.889970e-05	4	true
573           	smoothSolver	4.114400e-04	3.896560e-05	9	1.161500e-02	1.144500e-03	9	4.407840e-03	4.392670e-04	9	false	GAMG	3.997190e-03	2.953540e-05	4	true
574           	smoothSolver	4.066880e-04	3.859170e-05	9	1.163100e-02	1.143280e-03	9	4.406160e-03	4.370410e-04	9	false	GAMG	4.007300e-03	3.023120e-05	4	true
575           	smoothSolver	4.025420e-04	3.813040e-05	9	1.173130e-02	1.142600e-03	9	4.425880e-03	4.367520e-04	9	false	GAMG	4.024060e-03	3.058050e-05	4	true
576           	smoothSolver	3.989710e-04	3.766490e-05	9	1.189210e-02	1.143470e-03	9	4.466360e-03	4.378610e-04	9	false	GAMG	4.035410e-03	3.097700e-05	4	true
577           	smoothSolver	3.959340e-04	3.730060e-05	9	1.210340e-02	1.145760e-03	9	4.521400e-03	4.397080e-04	9	false	GAMG	4.046720e-03	3.139800e-05	4	true
578           	smoothSolver	3.936570e-04	3.707030e-05	9	1.232490e-02	1.147640e-03	9	4.576210e-03	4.396180e-04	9	false	GAMG	4.058610e-03	3.174420e-05	4	true
579           	smoothSolver	3.931040e-04	3.702020e-05	9	1.250410e-02	1.148330e-03	9	4.609320e-03	4.368490e-04	9	false	GAMG	4.082540e-03	3.136290e-05	4	true
580           	smoothSolver	3.948640e-04	3.704190e-05	9	1.262020e-02	1.143810e-03	9	4.616130e-03	4.313140e-04	9	false	GAMG	4.094620e-03	3.026360e-05	4	true
581           	smoothSolver	3.976550e-04	3.703700e-05	9	1.264010e-02	1.136000e-03	9	4.594060e-03	4.259260e-04	9	false	GAMG	4.091840e-03	2.902500e-05	4	true
582           	smoothSolver	4.010020e-04	3.692210e-05	9	1.256960e-02	1.127040e-03	9	4.565300e-03	4.225880e-04	9	false	GAMG	4.073490e-03	2.768800e-05	4	true
583           	smoothSolver	4.045820e-04	3.676610e-05	9	1.244070e-02	1.121360e-03	9	4.528650e-03	4.213530e-04	9	false	GAMG	4.074150e-03	2.748620e-05	4	true
584           	smoothSolver	4.083850e-04	3.670380e-05	9	1.226650e-02	1.118370e-03	9	4.494930e-03	4.237620e-04	9	false	GAMG	4.072160e-03	2.805960e-05	4	true
585           	smoothSolver	4.108940e-04	3.671810e-05	9	1.207670e-02	1.117410e-03	9	4.460160e-03	4.274630e-04	9	false	GAMG	4.064480e-03	2.861360e-05	4	true
586           	smoothSolver	4.121690e-04	3.678400e-05	9	1.189450e-02	1.117230e-03	9	4.426970e-03	4.310770e-04	9	false	GAMG	4.058350e-03	2.915610e-05	4	true
587           	smoothSolver	4.122600e-04	3.681320e-05	9	1.175790e-02	1.118550e-03	9	4.404950e-03	4.337490e-04	9	false	GAMG	4.034990e-03	2.980260e-05	4	true
588           	smoothSolver	4.100360e-04	3.678920e-05	9	1.169020e-02	1.121590e-03	9	4.394300e-03	4.352070e-04	9	false	GAMG	4.008630e-03	2.991840e-05	4	true
589           	smoothSolver	4.055150e-04	3.670600e-05	9	1.167190e-02	1.123270e-03	9	4.380240e-03	4.356540e-04	9	false	GAMG	3.990690e-03	2.930800e-05	4	true
590           	smoothSolver	4.001710e-04	3.663710e-05	9	1.168230e-02	1.125340e-03	9	4.361140e-03	4.348060e-04	9	false	GAMG	3.969850e-03	2.889190e-05	4	true
591           	smoothSolver	3.953670e-04	3.661640e-05	9	1.174110e-02	1.127190e-03	9	4.345740e-03	4.331710e-04	9	false	GAMG	3.942160e-03	2.873830e-05	4	true
592           	smoothSolver	3.911840e-04	3.656210e-05	9	1.183220e-02	1.125140e-03	9	4.335660e-03	4.289240e-04	9	false	GAMG	3.912690e-03	2.872070e-05	4	true
593           	smoothSolver	3.876230e-04	3.641770e-05	9	1.193120e-02	1.115630e-03	9	4.327310e-03	4.217050e-04	9	false	GAMG	3.872400e-03	2.890590e-05	4	true
594           	smoothSolver	3.843510e-04	3.614710e-05	9	1.199610e-02	1.099230e-03	9	4.318270e-03	4.123730e-04	9	false	GAMG	3.844280e-03	2.909000e-05	4	true
595           	smoothSolver	3.818460e-04	3.578100e-05	9	1.202420e-02	1.079470e-03	9	4.317210e-03	4.037650e-04	9	false	GAMG	3.835360e-03	2.905890e-05	4	true
596           	smoothSolver	3.807660e-04	3.537010e-05	9	1.200380e-02	1.058660e-03	9	4.331890e-03	3.975160e-04	9	false	GAMG	3.833310e-03	2.892080e-05	4	true
597           	smoothSolver	3.823600e-04	3.508140e-05	9	1.196680e-02	1.041360e-03	9	4.358580e-03	3.945010e-04	9	false	GAMG	3.829620e-03	2.937540e-05	4	true
598           	smoothSolver	3.856120e-04	3.494560e-05	9	1.187520e-02	1.023880e-03	9	4.376630e-03	3.925790e-04	9	false	GAMG	3.844900e-03	2.911720e-05	4	true
599           	smoothSolver	3.896360e-04	3.486870e-05	9	1.169480e-02	1.004060e-03	9	4.369230e-03	3.898300e-04	9	false	GAMG	3.883750e-03	2.835710e-05	4	true
600           	smoothSolver	3.932580e-04	3.483300e-05	9	1.145190e-02	9.821000e-04	9	4.345460e-03	3.867680e-04	9	false	GAMG	3.937100e-03	2.815480e-05	4	true
601           	smoothSolver	3.964220e-04	3.470830e-05	9	1.114510e-02	9.610380e-04	9	4.298240e-03	3.834720e-04	9	false	GAMG	3.989710e-03	2.840640e-05	4	true
602           	smoothSolver	3.976990e-04	3.450880e-05	9	1.081070e-02	9.439080e-04	9	4.229770e-03	3.816870e-04	9	false	GAMG	4.031130e-03	2.869870e-05	4	true
603           	smoothSolver	3.967130e-04	3.435180e-05	9	1.048270e-02	9.320760e-04	9	4.157130e-03	3.829610e-04	9	false	GAMG	4.052270e-03	2.940900e-05	4	true
604           	smoothSolver	3.954820e-04	3.430980e-05	9	1.022060e-02	9.256630e-04	9	4.110720e-03	3.872890e-04	9	false	GAMG	4.049240e-03	3.069960e-05	4	true
605           	smoothSolver	3.944300e-04	3.432600e-05	9	1.007840e-02	9.193830e-04	9	4.101720e-03	3.918020e-04	9	false	GAMG	4.050920e-03	3.146260e-05	4	true
606           	smoothSolver	3.924870e-04	3.433580e-05	9	1.005300e-02	9.085520e-04	9	4.113730e-03	3.941900e-04	9	false	GAMG	4.041980e-03	3.164790e-05	4	true
607           	smoothSolver	3.894370e-04	3.426280e-05	9	1.011730e-02	8.923980e-04	9	4.149830e-03	3.932630e-04	9	false	GAMG	4.024610e-03	3.177420e-05	4	true
608           	smoothSolver	3.861750e-04	3.406790e-05	9	1.026830e-02	8.759760e-04	9	4.206090e-03	3.895020e-04	9	false	GAMG	4.007880e-03	3.217290e-05	4	true
609           	smoothSolver	3.830930e-04	3.381960e-05	9	1.047960e-02	8.611300e-04	9	4.268240e-03	3.851860e-04	9	false	GAMG	3.980890e-03	3.275140e-05	4	true
610           	smoothSolver	3.809080e-04	3.359700e-05	9	1.071240e-02	8.535480e-04	9	4.330940e-03	3.819360e-04	9	false	GAMG	3.946000e-03	3.314090e-05	4	true
611           	smoothSolver	3.796430e-04	3.347010e-05	9	1.092180e-02	1.088310e-03	8	4.377740e-03	3.797170e-04	9	false	GAMG	3.911160e-03	3.346740e-05	4	true
612           	smoothSolver	3.786880e-04	3.341820e-05	9	1.112590e-02	1.099570e-03	8	4.395910e-03	3.766700e-04	9	false	GAMG	3.908510e-03	3.284590e-05	4	true
613           	smoothSolver	3.786800e-04	3.346710e-05	9	1.119680e-02	1.111960e-03	8	4.384340e-03	3.746030e-04	9	false	GAMG	3.911720e-03	3.188370e-05	4	true
614           	smoothSolver	3.808900e-04	3.346640e-05	9	1.115220e-02	8.803670e-04	9	4.342390e-03	3.731850e-04	9	false	GAMG	3.912420e-03	3.120270e-05	4	true
615           	smoothSolver	3.837840e-04	3.347810e-05	9	1.098400e-02	8.844810e-04	9	4.291630e-03	3.740950e-04	9	false	GAMG	3.897110e-03	3.051840e-05	4	true
616           	smoothSolver	3.860000e-04	3.344280e-05	9	1.087990e-02	8.961650e-04	9	4.239560e-03	3.769950e-04	9	false	GAMG	3.877240e-03	3.018270e-05	4	true
617           	smoothSolver	3.866450e-04	3.340330e-05	9	1.081690e-02	9.154050e-04	9	4.190430e-03	3.809800e-04	9	false	GAMG	3.843430e-03	3.030130e-05	4	true
618           	smoothSolver	3.857110e-04	3.348740e-05	9	1.080310e-02	9.382120e-04	9	4.145960e-03	3.852430e-04	9	false	GAMG	3.799250e-03	3.016160e-05	4	true
619           	smoothSolver	3.834920e-04	3.363720e-05	9	1.084290e-02	9.600130e-04	9	4.104640e-03	3.878320e-04	9	false	GAMG	3.747920e-03	2.953280e-05	4	true
620           	smoothSolver	3.797330e-04	3.380120e-05	9	1.089020e-02	9.768330e-04	9	4.066100e-03	3.881000e-04	9	false	GAMG	3.700400e-03	2.876030e-05	4	true
621           	smoothSolver	3.749050e-04	3.386040e-05	9	1.095910e-02	9.866980e-04	9	4.037700e-03	3.865310e-04	9	false	GAMG	3.645290e-03	2.800430e-05	4	true
622           	smoothSolver	3.696650e-04	3.382940e-05	9	1.104030e-02	9.936370e-04	9	4.024350e-03	3.854860e-04	9	false	GAMG	3.589870e-03	2.716960e-05	4	true
623           	smoothSolver	3.647860e-04	3.381650e-05	9	1.112940e-02	9.984020e-04	9	4.033400e-03	3.863220e-04	9	false	GAMG	3.544010e-03	2.649780e-05	4	true
624           	smoothSolver	3.615650e-04	3.385970e-05	9	1.124860e-02	1.006290e-03	9	4.066280e-03	3.890390e-04	9	false	GAMG	3.514720e-03	2.655540e-05	4	true
625           	smoothSolver	3.603780e-04	3.407840e-05	9	1.138140e-02	1.014110e-03	9	4.113670e-03	3.930800e-04	9	false	GAMG	3.502380e-03	2.711500e-05	4	true
626           	smoothSolver	3.613420e-04	3.442590e-05	9	1.149190e-02	1.021160e-03	9	4.164330e-03	3.976420e-04	9	false	GAMG	3.496650e-03	2.712960e-05	4	true
627           	smoothSolver	3.640590e-04	3.486030e-05	9	1.154130e-02	1.026220e-03	9	4.202640e-03	4.019800e-04	9	false	GAMG	3.479080e-03	2.692130e-05	4	true
628           	smoothSolver	3.677430e-04	3.524930e-05	9	1.153410e-02	1.031130e-03	9	4.229000e-03	4.050870e-04	9	false	GAMG	3.453600e-03	2.700040e-05	4	true
629           	smoothSolver	3.716610e-04	3.560910e-05	9	1.154280e-02	1.042270e-03	9	4.240940e-03	4.085760e-04	9	false	GAMG	3.434480e-03	2.738050e-05	4	true
630           	smoothSolver	3.755860e-04	3.589300e-05	9	1.157550e-02	1.058090e-03	9	4.241640e-03	4.120960e-04	9	false	GAMG	3.434820e-03	2.774110e-05	4	true
631           	smoothSolver	3.795040e-04	3.624620e-05	9	1.165190e-02	1.080220e-03	9	4.242540e-03	4.154890e-04	9	false	GAMG	3.455750e-03	2.870520e-05	4	true
632           	smoothSolver	3.834540e-04	3.664140e-05	9	1.182180e-02	1.104800e-03	9	4.256550e-03	4.194160e-04	9	false	GAMG	3.483940e-03	2.936260e-05	4	true
633           	smoothSolver	3.862330e-04	3.705420e-05	9	1.206900e-02	1.127440e-03	9	4.276010e-03	4.222940e-04	9	false	GAMG	3.506480e-03	2.941600e-05	4	true
634           	smoothSolver	3.883140e-04	3.741390e-05	9	1.236630e-02	1.145070e-03	9	4.303970e-03	4.233270e-04	9	false	GAMG	3.520190e-03	2.910160e-05	4	true
635           	smoothSolver	3.898020e-04	3.765430e-05	9	1.271730e-02	1.159330e-03	9	4.339690e-03	4.232740e-04	9	false	GAMG	3.539720e-03	2.864470e-05	4	true
636           	smoothSolver	3.916610e-04	3.771930e-05	9	1.306830e-02	1.169890e-03	9	4.381180e-03	4.221330e-04	9	false	GAMG	3.578520e-03	2.802900e-05	4	true
637           	smoothSolver	3.939490e-04	3.761120e-05	9	1.336090e-02	1.179070e-03	9	4.412880e-03	4.190450e-04	9	false	GAMG	3.639780e-03	2.757300e-05	4	true
638           	smoothSolver	3.971450e-04	3.752970e-05	9	1.354100e-02	1.186920e-03	9	4.416520e-03	4.149410e-04	9	false	GAMG	3.710120e-03	2.803880e-05	4	true
639           	smoothSolver	4.011980e-04	3.745600e-05	9	1.356210e-02	1.191510e-03	9	4.373270e-03	4.099190e-04	9	false	GAMG	3.771740e-03	2.890010e-05	4	true
640           	smoothSolver	4.053930e-04	3.747740e-05	9	1.348320e-02	1.193560e-03	9	4.317860e-03	4.046030e-04	9	false	GAMG	3.828070e-03	2.962680e-05	4	true
641           	smoothSolver	4.115670e-04	3.747720e-05	9	1.336800e-02	1.190410e-03	9	4.293410e-03	4.000950e-04	9	false	GAMG	3.907130e-03	3.048430e-05	4	true
642           	smoothSolver	4.178330e-04	3.734420e-05	9	1.328470e-02	1.183460e-03	9	4.302540e-03	3.972130e-04	9	false	GAMG	4.021800e-03	3.129640e-05	4	true
643           	smoothSolver	4.245190e-04	3.715870e-05	9	1.330690e-02	1.175710e-03	9	4.342100e-03	3.968110e-04	9	false	GAMG	4.151640e-03	3.172180e-05	4	true
644           	smoothSolver	4.292770e-04	3.694300e-05	9	1.336390e-02	1.169710e-03	9	4.392860e-03	3.982010e-04	9	false	GAMG	4.258960e-03	3.224080e-05	4	true
645           	smoothSolver	4.328030e-04	3.680600e-05	9	1.345490e-02	1.167110e-03	9	4.450970e-03	4.002780e-04	9	false	GAMG	4.336020e-03	3.279300e-05	4	true
646           	smoothSolver	4.320680e-04	3.670300e-05	9	1.357300e-02	1.161880e-03	9	4.492690e-03	4.007960e-04	9	false	GAMG	4.394820e-03	3.243990e-05	4	true
647           	smoothSolver	4.285850e-04	3.667550e-05	9	1.364200e-02	1.150960e-03	9	4.509080e-03	3.984680e-04	9	false	GAMG	4.376550e-03	3.169300e-05	4	true
648           	smoothSolver	4.255040e-04	3.677940e-05	9	1.362480e-02	1.136280e-03	9	4.513020e-03	3.948620e-04	9	false	GAMG	4.280080e-03	3.076830e-05	4	true
649           	smoothSolver	4.224740e-04	3.684700e-05	9	1.353310e-02	1.119720e-03	9	4.511450e-03	3.920130e-04	9	false	GAMG	4.166280e-03	2.986190e-05	4	true
650           	smoothSolver	4.190020e-04	3.693060e-05	9	1.338060e-02	1.104280e-03	9	4.503510e-03	3.928950e-04	9	false	GAMG	4.090210e-03	2.939390e-05	4	true
651           	smoothSolver	4.178530e-04	3.708830e-05	9	1.316480e-02	1.094900e-03	9	4.503670e-03	3.968070e-04	9	false	GAMG	4.104930e-03	2.964410e-05	4	true
652           	smoothSolver	4.192490e-04	3.739690e-05	9	1.291580e-02	1.089240e-03	9	4.509210e-03	4.033100e-04	9	false	GAMG	4.146650e-03	3.047320e-05	4	true
653           	smoothSolver	4.232790e-04	3.785540e-05	9	1.266070e-02	1.087770e-03	9	4.504220e-03	4.115610e-04	9	false	GAMG	4.171740e-03	3.095690e-05	4	true
654           	smoothSolver	4.283420e-04	3.842070e-05	9	1.241920e-02	1.089100e-03	9	4.498290e-03	4.202100e-04	9	false	GAMG	4.192870e-03	3.117710e-05	4	true
655           	smoothSolver	4.333680e-04	3.901190e-05	9	1.216660e-02	1.089890e-03	9	4.497060e-03	4.286460e-04	9	false	GAMG	4.206200e-03	3.114710e-05	4	true
656           	smoothSolver	4.364590e-04	3.952450e-05	9	1.195600e-02	1.092470e-03	9	4.499350e-03	4.371440e-04	9	false	GAMG	4.190380e-03	3.097600e-05	4	true
657           	smoothSolver	4.378980e-04	3.994040e-05	9	1.183500e-02	1.097680e-03	9	4.528520e-03	4.460500e-04	9	false	GAMG	4.154840e-03	3.090000e-05	4	true
658           	smoothSolver	4.381530e-04	4.025240e-05	9	1.180020e-02	1.105090e-03	9	4.579160e-03	4.537220e-04	9	false	GAMG	4.108210e-03	3.145360e-05	4	true
659           	smoothSolver	4.370180e-04	4.051420e-05	9	1.187380e-02	1.116780e-03	9	4.646300e-03	4.608080e-04	9	false	GAMG	4.078290e-03	3.293270e-05	4	true
660           	smoothSolver	4.353220e-04	4.077610e-05	9	1.207530e-02	1.132810e-03	9	4.728580e-03	4.654920e-04	9	false	GAMG	4.079840e-03	3.423830e-05	4	true
661           	smoothSolver	4.331460e-04	4.096730e-05	9	1.238250e-02	1.150990e-03	9	4.818180e-03	4.662690e-04	9	false	GAMG	4.096480e-03	3.429520e-05	4	true
662           	smoothSolver	4.311710e-04	4.095490e-05	9	1.275020e-02	1.168120e-03	9	4.904200e-03	4.635940e-04	9	false	GAMG	4.121340e-03	3.342920e-05	4	true
663           	smoothSolver	4.291590e-04	4.074110e-05	9	1.316290e-02	1.185470e-03	9	4.975120e-03	4.594810e-04	9	false	GAMG	4.182120e-03	3.223890e-05	4	true
664           	smoothSolver	4.270260e-04	4.032580e-05	9	1.356960e-02	1.201100e-03	9	5.029380e-03	4.556490e-04	9	false	GAMG	4.239030e-03	3.097810e-05	4	true
665           	smoothSolver	4.256410e-04	3.987090e-05	9	1.392130e-02	1.217660e-03	9	5.068650e-03	4.527310e-04	9	false	GAMG	4.261270e-03	3.019440e-05	4	true
666           	smoothSolver	4.253630e-04	3.950900e-05	9	1.421070e-02	1.232560e-03	9	5.084030e-03	4.506700e-04	9	false	GAMG	4.259550e-03	3.024740e-05	4	true
667           	smoothSolver	4.254490e-04	3.917830e-05	9	1.440930e-02	1.244640e-03	9	5.068800e-03	4.480360e-04	9	false	GAMG	4.236180e-03	3.058590e-05	4	true
668           	smoothSolver	4.256080e-04	3.885340e-05	9	1.449930e-02	1.250140e-03	9	5.024170e-03	4.432100e-04	9	false	GAMG	4.233270e-03	3.083190e-05	4	true
669           	smoothSolver	4.257860e-04	3.842540e-05	9	1.448310e-02	1.251390e-03	9	4.946820e-03	4.352680e-04	9	false	GAMG	4.268110e-03	3.068710e-05	4	true
670           	smoothSolver	4.253730e-04	3.789930e-05	9	1.442330e-02	1.251860e-03	9	4.844310e-03	4.253960e-04	9	false	GAMG	4.305180e-03	3.024530e-05	4	true
671           	smoothSolver	4.237420e-04	3.726780e-05	9	1.434110e-02	1.252250e-03	9	4.720330e-03	4.159310e-04	9	false	GAMG	4.354770e-03	2.989380e-05	4	true
672           	smoothSolver	4.218580e-04	3.661750e-05	9	1.419640e-02	1.253720e-03	9	4.597410e-03	4.077580e-04	9	false	GAMG	4.426750e-03	2.997830e-05	4	true
673           	smoothSolver	4.201150e-04	3.616550e-05	9	1.403910e-02	1.256890e-03	9	4.465500e-03	4.006180e-04	9	false	GAMG	4.470460e-03	3.002960e-05	4	true
674           	smoothSolver	4.178310e-04	3.587750e-05	9	1.387000e-02	1.258980e-03	9	4.352280e-03	3.943280e-04	9	false	GAMG	4.465960e-03	3.002530e-05	4	true
675           	smoothSolver	4.140970e-04	3.567690e-05	9	1.364410e-02	1.258820e-03	9	4.236160e-03	3.879930e-04	9	false	GAMG	4.422640e-03	2.990860e-05	4	true
676           	smoothSolver	4.092170e-04	3.547980e-05	9	1.338970e-02	1.253180e-03	9	4.131110e-03	3.825800e-04	9	false	GAMG	4.344550e-03	2.941270e-05	4	true
677           	smoothSolver	4.022520e-04	3.528760e-05	9	1.315630e-02	1.245320e-03	9	4.048680e-03	3.805490e-04	9	false	GAMG	4.290510e-03	2.867110e-05	4	true
678           	smoothSolver	3.953640e-04	3.513340e-05	9	1.294350e-02	1.235280e-03	9	4.002600e-03	3.819300e-04	9	false	GAMG	4.222170e-03	2.846020e-05	4	true
679           	smoothSolver	3.889440e-04	3.505960e-05	9	1.280980e-02	1.229060e-03	9	3.990080e-03	3.862010e-04	9	false	GAMG	4.147170e-03	2.882950e-05	4	true
680           	smoothSolver	3.822870e-04	3.509430e-05	9	1.277250e-02	1.223220e-03	9	4.009820e-03	3.915780e-04	9	false	GAMG	4.066890e-03	2.895670e-05	4	true
681           	smoothSolver	3.750680e-04	3.516900e-05	9	1.281820e-02	1.218460e-03	9	4.057800e-03	3.958860e-04	9	false	GAMG	3.975870e-03	2.873610e-05	4	true
682           	smoothSolver	3.680080e-04	3.521230e-05	9	1.289770e-02	1.211810e-03	9	4.116150e-03	3.977640e-04	9	false	GAMG	3.872600e-03	2.910820e-05	4	true
683           	smoothSolver	3.623950e-04	3.513140e-05	9	1.301190e-02	1.203190e-03	9	4.177000e-03	3.962950e-04	9	false	GAMG	3.770680e-03	2.971660e-05	4	true
684           	smoothSolver	3.587490e-04	3.494630e-05	9	1.318610e-02	1.197740e-03	9	4.230420e-03	3.936710e-04	9	false	GAMG	3.701200e-03	2.992450e-05	4	true
685           	smoothSolver	3.568990e-04	3.470030e-05	9	1.338610e-02	1.194720e-03	9	4.263120e-03	3.900350e-04	9	false	GAMG	3.678440e-03	2.957130e-05	4	true
686           	smoothSolver	3.574960e-04	3.446990e-05	9	1.357040e-02	1.194460e-03	9	4.272790e-03	3.858950e-04	9	false	GAMG	3.681500e-03	2.960340e-05	4	true
687           	smoothSolver	3.599720e-04	3.430650e-05	9	1.371960e-02	1.195140e-03	9	4.261490e-03	3.811970e-04	9	false	GAMG	3.698740e-03	2.978590e-05	4	true
688           	smoothSolver	3.638430e-04	3.416210e-05	9	1.379190e-02	1.195410e-03	9	4.231070e-03	3.748700e-04	9	false	GAMG	3.717560e-03	2.950830e-05	4	true
689           	smoothSolver	3.682220e-04	3.399720e-05	9	1.379330e-02	1.191860e-03	9	4.187120e-03	3.668930e-04	9	false	GAMG	3.715840e-03	2.859180e-05	4	true
690           	smoothSolver	3.716160e-04	3.372740e-05	9	1.370670e-02	1.185770e-03	9	4.134460e-03	3.591140e-04	9	false	GAMG	3.705190e-03	2.727520e-05	4	true
691           	smoothSolver	3.736460e-04	3.334300e-05	9	1.352410e-02	1.175630e-03	9	4.077900e-03	3.531770e-04	9	false	GAMG	3.687660e-03	2.636010e-05	4	true
692           	smoothSolver	3.747270e-04	3.295400e-05	9	1.328200e-02	1.165760e-03	9	4.021840e-03	3.496570e-04	9	false	GAMG	3.697970e-03	2.640850e-05	4	true
693           	smoothSolver	3.747840e-04	3.272220e-05	9	1.301260e-02	1.156180e-03	9	3.973020e-03	3.488430e-04	9	false	GAMG	3.727450e-03	2.705800e-05	4	true
694           	smoothSolver	3.745670e-04	3.273880e-05	9	1.271420e-02	1.145090e-03	9	3.925410e-03	3.501450e-04	9	false	GAMG	3.754320e-03	2.749670e-05	4	true
695           	smoothSolver	3.737970e-04	3.299060e-05	9	1.241240e-02	1.135240e-03	9	3.877830e-03	3.531220e-04	9	false	GAMG	3.769590e-03	2.776920e-05	4	true
696           	smoothSolver	3.724950e-04	3.334650e-05	9	1.208680e-02	1.124940e-03	9	3.819370e-03	3.560860e-04	9	false	GAMG	3.779270e-03	2.821560e-05	4	true
697           	smoothSolver	3.710850e-04	3.372700e-05	9	1.176990e-02	1.116190e-03	9	3.759460e-03	3.590400e-04	9	false	GAMG	3.764390e-03	2.875760e-05	4	true
698           	smoothSolver	3.690530e-04	3.406030e-05	9	1.153650e-02	1.110650e-03	9	3.726730e-03	3.631380e-04	9	false	GAMG	3.729880e-03	2.894240e-05	4	true
699           	smoothSolver	3.671950e-04	3.435080e-05	9	1.139250e-02	1.108490e-03	9	3.719360e-03	3.673830e-04	9	false	GAMG	3.691020e-03	2.920500e-05	4	true
700           	smoothSolver	3.657420e-04	3.466910e-05	9	1.131590e-02	1.105300e-03	9	3.731160e-03	3.710750e-04	9	false	GAMG	3.664870e-03	2.988630e-05	4	true
701           	smoothSolver	3.648780e-04	3.497620e-05	9	1.134130e-02	1.101290e-03	9	3.766340e-03	3.741110e-04	9	false	GAMG	3.648510e-03	3.027820e-05	4	true
702           	smoothSolver	3.637600e-04	3.522340e-05	9	1.143660e-02	1.093230e-03	9	3.818970e-03	3.756250e-04	9	false	GAMG	3.621160e-03	3.023580e-05	4	true
703           	smoothSolver	3.622010e-04	3.528410e-05	9	1.157920e-02	1.080290e-03	9	3.880410e-03	3.756840e-04	9	false	GAMG	3.599670e-03	3.027070e-05	4	true
704           	smoothSolver	3.603430e-04	3.513290e-05	9	1.177190e-02	1.066390e-03	9	3.954610e-03	3.759030e-04	9	false	GAMG	3.590900e-03	3.047540e-05	4	true
705           	smoothSolver	3.586810e-04	3.482270e-05	9	1.198410e-02	1.051210e-03	9	4.035190e-03	3.761180e-04	9	false	GAMG	3.590480e-03	3.054170e-05	4	true
706           	smoothSolver	3.576760e-04	3.445000e-05	9	1.221380e-02	1.040090e-03	9	4.114770e-03	3.760180e-04	9	false	GAMG	3.610270e-03	3.103400e-05	4	true
707           	smoothSolver	3.581680e-04	3.409980e-05	9	1.243740e-02	1.030820e-03	9	4.180240e-03	3.746030e-04	9	false	GAMG	3.660840e-03	3.108130e-05	4	true
708           	smoothSolver	3.598910e-04	3.376080e-05	9	1.258500e-02	1.022160e-03	9	4.212840e-03	3.705370e-04	9	false	GAMG	3.745760e-03	2.998860e-05	4	true
709           	smoothSolver	3.631100e-04	3.351010e-05	9	1.265930e-02	1.016140e-03	9	4.208690e-03	3.637870e-04	9	false	GAMG	3.835060e-03	2.894030e-05	4	true
710           	smoothSolver	3.668230e-04	3.315110e-05	9	1.265510e-02	1.013750e-03	9	4.172070e-03	3.559610e-04	9	false	GAMG	3.896760e-03	2.802620e-05	4	true
711           	smoothSolver	3.701700e-04	3.273790e-05	9	1.261680e-02	1.018580e-03	9	4.115540e-03	3.489680e-04	9	false	GAMG	3.943650e-03	2.683410e-05	4	true
712           	smoothSolver	3.716330e-04	3.232930e-05	9	1.254570e-02	1.028250e-03	9	4.046080e-03	3.442140e-04	9	false	GAMG	3.980600e-03	2.569140e-05	4	true
713           	smoothSolver	3.715890e-04	3.204730e-05	9	1.243030e-02	1.041820e-03	9	3.971140e-03	3.421190e-04	9	false	GAMG	3.971320e-03	2.575290e-05	4	true
714           	smoothSolver	3.710190e-04	3.196200e-05	9	1.230180e-02	1.055450e-03	9	3.902510e-03	3.430650e-04	9	false	GAMG	3.927930e-03	2.625260e-05	4	true
715           	smoothSolver	3.694260e-04	3.198250e-05	9	1.215270e-02	1.064600e-03	9	3.847950e-03	3.457840e-04	9	false	GAMG	3.885790e-03	2.645750e-05	4	true
716           	smoothSolver	3.675230e-04	3.207760e-05	9	1.200090e-02	1.066200e-03	9	3.809750e-03	3.490290e-04	9	false	GAMG	3.838060e-03	2.644660e-05	4	true
717           	smoothSolver	3.645390e-04	3.213330e-05	9	1.185990e-02	1.059780e-03	9	3.799090e-03	3.525680e-04	9	false	GAMG	3.774530e-03	2.649450e-05	4	true
718           	smoothSolver	3.613200e-04	3.219620e-05	9	1.175110e-02	1.051160e-03	9	3.810870e-03	3.573260e-04	9	false	GAMG	3.713900e-03	2.667270e-05	4	true
719           	smoothSolver	3.582330e-04	3.231270e-05	9	1.168630e-02	1.043130e-03	9	3.850460e-03	3.636760e-04	9	false	GAMG	3.666650e-03	2.692680e-05	4	true
720           	smoothSolver	3.558930e-04	3.258410e-05	9	1.171280e-02	1.038170e-03	9	3.923540e-03	3.724020e-04	9	false	GAMG	3.629320e-03	2.782540e-05	4	true
721           	smoothSolver	3.542010e-04	3.307490e-05	9	1.179860e-02	1.035270e-03	9	4.015640e-03	3.818900e-04	9	false	GAMG	3.605830e-03	2.857130e-05	4	true
722           	smoothSolver	3.544030e-04	3.375750e-05	9	1.190960e-02	1.033650e-03	9	4.118070e-03	3.913410e-04	9	false	GAMG	3.583660e-03	2.845020e-05	4	true
723           	smoothSolver	3.569880e-04	3.455580e-05	9	1.198220e-02	1.032770e-03	9	4.207370e-03	4.000440e-04	9	false	GAMG	3.566530e-03	2.819420e-05	4	true
724           	smoothSolver	3.619280e-04	3.538780e-05	9	1.202900e-02	1.033440e-03	9	4.278070e-03	4.080450e-04	9	false	GAMG	3.550940e-03	2.813860e-05	4	true
725           	smoothSolver	3.688970e-04	3.618960e-05	9	1.203280e-02	1.039950e-03	9	4.331630e-03	4.162640e-04	9	false	GAMG	3.542010e-03	2.812850e-05	4	true
726           	smoothSolver	3.765880e-04	3.694760e-05	9	1.199370e-02	1.051020e-03	9	4.363510e-03	4.249490e-04	9	false	GAMG	3.541560e-03	2.878410e-05	4	true
727           	smoothSolver	3.846900e-04	3.769680e-05	9	1.194570e-02	1.069100e-03	9	4.383920e-03	4.341880e-04	9	false	GAMG	3.548410e-03	3.074830e-05	4	true
728           	smoothSolver	3.919360e-04	3.839480e-05	9	1.194430e-02	1.089750e-03	9	4.405610e-03	3.483440e-04	10	false	GAMG	3.572720e-03	3.252340e-05	4	true
729           	smoothSolver	3.981650e-04	3.902620e-05	9	1.200780e-02	1.109380e-03	9	4.399460e-03	3.480030e-04	10	false	GAMG	3.608400e-03	3.254570e-05	4	true
730           	smoothSolver	4.023170e-04	3.944540e-05	9	1.212690e-02	1.124810e-03	9	4.404780e-03	4.385690e-04	9	false	GAMG	3.657190e-03	3.170370e-05	4	true
731           	smoothSolver	4.039940e-04	3.955590e-05	9	1.231240e-02	1.133430e-03	9	4.441870e-03	4.388270e-04	9	false	GAMG	3.705250e-03	3.072390e-05	4	true
732           	smoothSolver	4.041270e-04	3.950560e-05	9	1.251500e-02	1.136900e-03	9	4.476190e-03	4.394310e-04	9	false	GAMG	3.716780e-03	2.954370e-05	4	true
733           	smoothSolver	4.028340e-04	3.931990e-05	9	1.270590e-02	1.141180e-03	9	4.509500e-03	4.398590e-04	9	false	GAMG	3.690870e-03	2.876770e-05	4	true
734           	smoothSolver	4.012670e-04	3.908890e-05	9	1.288920e-02	1.144180e-03	9	4.532710e-03	4.391520e-04	9	false	GAMG	3.701110e-03	2.874400e-05	4	true
735           	smoothSolver	4.004380e-04	3.884400e-05	9	1.301900e-02	1.143500e-03	9	4.531300e-03	4.360930e-04	9	false	GAMG	3.773100e-03	2.911250e-05	4	true
736           	smoothSolver	3.997160e-04	3.852630e-05	9	1.307510e-02	1.137540e-03	9	4.488670e-03	4.299380e-04	9	false	GAMG	3.908030e-03	2.964880e-05	4	true
737           	smoothSolver	3.984060e-04	3.803730e-05	9	1.303100e-02	1.125460e-03	9	4.439000e-03	4.214980e-04	9	false	GAMG	4.052580e-03	3.013930e-05	4	true
738           	smoothSolver	3.983450e-04	3.739780e-05	9	1.294760e-02	1.110830e-03	9	4.380770e-03	4.119630e-04	9	false	GAMG	4.184910e-03	3.059100e-05	4	true
739           	smoothSolver	3.981650e-04	3.672260e-05	9	1.287710e-02	1.097570e-03	9	4.333630e-03	4.048230e-04	9	false	GAMG	4.230250e-03	3.083970e-05	4	true
740           	smoothSolver	3.983760e-04	3.602690e-05	9	1.275760e-02	1.088050e-03	9	4.291310e-03	3.994520e-04	9	false	GAMG	4.253150e-03	3.123000e-05	4	true
741           	smoothSolver	3.986250e-04	3.542840e-05	9	1.265200e-02	1.082060e-03	9	4.263740e-03	3.963180e-04	9	false	GAMG	4.275000e-03	3.164570e-05	4	true
742           	smoothSolver	3.977710e-04	3.492750e-05	9	1.254500e-02	1.075350e-03	9	4.217810e-03	3.934690e-04	9	false	GAMG	4.305100e-03	3.181960e-05	4	true
743           	smoothSolver	3.956460e-04	3.450030e-05	9	1.239880e-02	1.064180e-03	9	4.160400e-03	3.888730e-04	9	false	GAMG	4.305780e-03	3.151920e-05	4	true
744           	smoothSolver	3.913740e-04	3.405980e-05	9	1.222760e-02	1.046520e-03	9	4.097310e-03	3.825140e-04	9	false	GAMG	4.303410e-03	3.054460e-05	4	true
745           	smoothSolver	3.853090e-04	3.358020e-05	9	1.202550e-02	1.025350e-03	9	4.034180e-03	3.760090e-04	9	false	GAMG	4.268390e-03	2.901460e-05	4	true
746           	smoothSolver	3.773730e-04	3.306690e-05	9	1.180420e-02	1.000530e-03	9	3.964790e-03	3.706170e-04	9	false	GAMG	4.198110e-03	2.769840e-05	4	true
747           	smoothSolver	3.683540e-04	3.260500e-05	9	1.154390e-02	9.794510e-04	9	3.905230e-03	3.665650e-04	9	false	GAMG	4.099250e-03	2.717090e-05	4	true
748           	smoothSolver	3.586650e-04	3.224070e-05	9	1.129240e-02	9.608320e-04	9	3.864370e-03	3.633670e-04	9	false	GAMG	4.003720e-03	2.752580e-05	4	true
749           	smoothSolver	3.497560e-04	3.199420e-05	9	1.106500e-02	9.442820e-04	9	3.820300e-03	3.598160e-04	9	false	GAMG	3.916710e-03	2.741390e-05	4	true
750           	smoothSolver	3.420670e-04	3.182480e-05	9	1.082060e-02	9.290720e-04	9	3.766880e-03	3.555980e-04	9	false	GAMG	3.845690e-03	2.678530e-05	4	true
751           	smoothSolver	3.369830e-04	3.165410e-05	9	1.058080e-02	9.169780e-04	9	3.707850e-03	3.510020e-04	9	false	GAMG	3.771040e-03	2.608270e-05	4	true
752           	smoothSolver	3.345620e-04	3.143990e-05	9	1.039100e-02	9.126450e-04	9	3.652960e-03	3.474960e-04	9	false	GAMG	3.703280e-03	2.542000e-05	4	true
753           	smoothSolver	3.332370e-04	3.119770e-05	9	1.026140e-02	9.145900e-04	9	3.602690e-03	3.451520e-04	9	false	GAMG	3.651110e-03	2.476110e-05	4	true
754           	smoothSolver	3.326230e-04	3.102010e-05	9	1.017000e-02	9.229050e-04	9	3.548810e-03	3.439640e-04	9	false	GAMG	3.603290e-03	2.446050e-05	4	true
755           	smoothSolver	3.326890e-04	3.097590e-05	9	1.014030e-02	9.344460e-04	9	3.508630e-03	3.440960e-04	9	false	GAMG	3.567590e-03	2.446410e-05	4	true
756           	smoothSolver	3.329640e-04	3.102070e-05	9	1.012790e-02	9.477620e-04	9	3.479230e-03	3.440120e-04	9	false	GAMG	3.535610e-03	2.470660e-05	4	true
757           	smoothSolver	3.329620e-04	3.112180e-05	9	1.012360e-02	9.581010e-04	9	3.455690e-03	3.432750e-04	9	false	GAMG	3.500450e-03	2.527010e-05	4	true
758           	smoothSolver	3.326560e-04	3.116030e-05	9	1.010670e-02	9.648520e-04	9	3.442580e-03	3.431550e-04	9	false	GAMG	3.465160e-03	2.532050e-05	4	true
759           	smoothSolver	3.323820e-04	3.118950e-05	9	1.008230e-02	9.704070e-04	9	3.452050e-03	2.727510e-04	10	false	GAMG	3.436620e-03	2.511520e-05	4	true
760           	smoothSolver	3.325080e-04	3.130400e-05	9	1.006870e-02	9.761710e-04	9	3.455150e-03	2.746190e-04	10	false	GAMG	3.407210e-03	2.503950e-05	4	true
761           	smoothSolver	3.325720e-04	3.148990e-05	9	1.006730e-02	9.833420e-04	9	3.479420e-03	2.783380e-04	10	false	GAMG	3.377480e-03	2.553270e-05	4	true
762           	smoothSolver	3.327020e-04	3.178420e-05	9	1.004710e-02	9.854750e-04	9	3.508620e-03	2.817790e-04	10	false	GAMG	3.360530e-03	2.559480e-05	4	true
763           	smoothSolver	3.325690e-04	3.216710e-05	9	1.000400e-02	9.824570e-04	9	3.536370e-03	2.839610e-04	10	false	GAMG	3.339400e-03	2.521530e-05	4	true
764           	smoothSolver	3.326200e-04	3.262280e-05	9	9.948490e-03	9.761050e-04	9	3.553770e-03	2.845830e-04	10	false	GAMG	3.318340e-03	2.498800e-05	4	true
765           	smoothSolver	3.331600e-04	3.306030e-05	9	9.878480e-03	9.697080e-04	9	3.561290e-03	2.841600e-04	10	false	GAMG	3.278570e-03	2.507560e-05	4	true
766           	smoothSolver	3.341240e-04	2.632350e-05	10	9.853050e-03	9.662780e-04	9	3.568700e-03	2.841660e-04	10	false	GAMG	3.239780e-03	2.566050e-05	4	true
767           	smoothSolver	3.351840e-04	2.648760e-05	10	9.928970e-03	9.710760e-04	9	3.602530e-03	2.857340e-04	10	false	GAMG	3.211780e-03	2.606080e-05	4	true
768           	smoothSolver	3.376990e-04	2.667410e-05	10	1.003870e-02	9.765910e-04	9	3.650830e-03	2.872540e-04	10	false	GAMG	3.217100e-03	2.683180e-05	4	true
769           	smoothSolver	3.422270e-04	2.686980e-05	10	1.027210e-02	9.816490e-04	9	3.720010e-03	3.664610e-04	9	false	GAMG	3.256590e-03	2.727040e-05	4	true
770           	smoothSolver	3.474930e-04	3.443070e-05	9	1.058930e-02	9.848730e-04	9	3.824940e-03	3.686040e-04	9	false	GAMG	3.351770e-03	2.738160e-05	4	true
771           	smoothSolver	3.554090e-04	3.466660e-05	9	1.093830e-02	9.816650e-04	9	3.923630e-03	3.676200e-04	9	false	GAMG	3.477630e-03	2.758760e-05	4	true
772           	smoothSolver	3.624630e-04	3.469650e-05	9	1.135100e-02	9.847830e-04	9	4.018440e-03	3.656900e-04	9	false	GAMG	3.579080e-03	2.760160e-05	4	true
773           	smoothSolver	3.675800e-04	3.449740e-05	9	1.171860e-02	9.889840e-04	9	4.088570e-03	3.634910e-04	9	false	GAMG	3.623820e-03	2.713370e-05	4	true
774           	smoothSolver	3.714790e-04	3.419720e-05	9	1.199910e-02	9.957600e-04	9	4.123150e-03	3.611050e-04	9	false	GAMG	3.661180e-03	2.665270e-05	4	true
775           	smoothSolver	3.742220e-04	3.386690e-05	9	1.219820e-02	1.004940e-03	9	4.121660e-03	3.583740e-04	9	false	GAMG	3.758150e-03	2.710260e-05	4	true
776           	smoothSolver	3.747470e-04	3.355130e-05	9	1.232190e-02	1.014510e-03	9	4.077540e-03	3.543410e-04	9	false	GAMG	3.903720e-03	2.776860e-05	4	true
777           	smoothSolver	3.743650e-04	3.322400e-05	9	1.240240e-02	1.022550e-03	9	4.034080e-03	3.493350e-04	9	false	GAMG	4.049240e-03	2.770920e-05	4	true
778           	smoothSolver	3.759400e-04	3.297260e-05	9	1.244420e-02	1.026650e-03	9	4.003590e-03	3.432680e-04	9	false	GAMG	4.178280e-03	2.740220e-05	4	true
779           	smoothSolver	3.782440e-04	3.276820e-05	9	1.250380e-02	1.028890e-03	9	3.984930e-03	3.387910e-04	9	false	GAMG	4.241500e-03	2.686980e-05	4	true
780           	smoothSolver	3.824110e-04	3.253230e-05	9	1.257430e-02	1.032280e-03	9	3.987760e-03	3.372890e-04	9	false	GAMG	4.249280e-03	2.629010e-05	4	true
781           	smoothSolver	3.856510e-04	3.232130e-05	9	1.261590e-02	1.040490e-03	9	3.994150e-03	3.391040e-04	9	false	GAMG	4.284700e-03	2.662180e-05	4	true
782           	smoothSolver	3.868360e-04	3.225890e-05	9	1.260000e-02	1.053550e-03	9	3.995160e-03	3.433930e-04	9	false	GAMG	4.298430e-03	2.724810e-05	4	true
783           	smoothSolver	3.870760e-04	3.232200e-05	9	1.256010e-02	1.066350e-03	9	3.994220e-03	3.482320e-04	9	false	GAMG	4.294340e-03	2.766970e-05	4	true
784           	smoothSolver	3.852950e-04	3.246280e-05	9	1.251820e-02	1.075570e-03	9	3.997160e-03	3.528020e-04	9	false	GAMG	4.264920e-03	2.744550e-05	4	true
785           	smoothSolver	3.816490e-04	3.257480e-05	9	1.248970e-02	1.077520e-03	9	4.007000e-03	3.561870e-04	9	false	GAMG	4.210540e-03	2.677850e-05	4	true
786           	smoothSolver	3.775430e-04	3.265540e-05	9	1.244320e-02	1.075040e-03	9	4.010590e-03	3.598910e-04	9	false	GAMG	4.150730e-03	2.645470e-05	4	true
787           	smoothSolver	3.735980e-04	3.277440e-05	9	1.237850e-02	1.069960e-03	9	4.022640e-03	3.654620e-04	9	false	GAMG	4.100350e-03	2.680020e-05	4	true
788           	smoothSolver	3.691940e-04	3.295810e-05	9	1.234580e-02	1.070460e-03	9	4.066860e-03	3.728210e-04	9	false	GAMG	4.060710e-03	2.777180e-05	4	true
789           	smoothSolver	3.660180e-04	3.328210e-05	9	1.237920e-02	1.076820e-03	9	4.137430e-03	3.819330e-04	9	false	GAMG	4.001790e-03	2.889930e-05	4	true
790           	smoothSolver	3.647360e-04	3.372210e-05	9	1.243570e-02	1.083430e-03	9	4.210730e-03	3.918350e-04	9	false	GAMG	3.951480e-03	2.942190e-05	4	true
791           	smoothSolver	3.650580e-04	3.427490e-05	9	1.247410e-02	1.089860e-03	9	4.285030e-03	4.019020e-04	9	false	GAMG	3.920140e-03	2.933880e-05	4	true
792           	smoothSolver	3.663030e-04	3.480820e-05	9	1.246760e-02	1.095450e-03	9	4.350020e-03	4.108510e-04	9	false	GAMG	3.880070e-03	2.899720e-05	4	true
793           	smoothSolver	3.695930e-04	3.523310e-05	9	1.243740e-02	1.102120e-03	9	4.398040e-03	4.180930e-04	9	false	GAMG	3.843170e-03	2.833240e-05	4	true
794           	smoothSolver	3.734440e-04	3.559740e-05	9	1.240180e-02	1.110240e-03	9	4.429780e-03	4.253200e-04	9	false	GAMG	3.829860e-03	2.756500e-05	4	true
795           	smoothSolver	3.776250e-04	3.596320e-05	9	1.236120e-02	1.124380e-03	9	4.452330e-03	4.325100e-04	9	false	GAMG	3.815670e-03	2.728850e-05	4	true
796           	smoothSolver	3.815080e-04	3.634740e-05	9	1.232270e-02	1.140750e-03	9	4.453980e-03	4.382110e-04	9	false	GAMG	3.799630e-03	2.768580e-05	4	true
797           	smoothSolver	3.850610e-04	3.677800e-05	9	1.229300e-02	1.160050e-03	9	4.440180e-03	4.421720e-04	9	false	GAMG	3.784360e-03	2.842320e-05	4	true
798           	smoothSolver	3.883930e-04	3.724330e-05	9	1.227670e-02	1.179820e-03	9	4.424120e-03	3.509280e-04	10	false	GAMG	3.783520e-03	2.929190e-05	4	true
799           	smoothSolver	3.914800e-04	3.764450e-05	9	1.229430e-02	1.197380e-03	9	4.376310e-03	3.475920e-04	10	false	GAMG	3.757760e-03	2.883700e-05	4	true
800           	smoothSolver	3.934190e-04	3.788560e-05	9	1.232250e-02	1.213120e-03	9	4.346270e-03	3.453180e-04	10	false	GAMG	3.728950e-03	2.821080e-05	4	true
801           	smoothSolver	3.942200e-04	3.802250e-05	9	1.236200e-02	1.224190e-03	9	4.336890e-03	3.442950e-04	10	false	GAMG	3.712750e-03	2.788950e-05	4	true
802           	smoothSolver	3.948790e-04	3.818290e-05	9	1.243540e-02	1.235920e-03	9	4.349470e-03	3.442960e-04	10	false	GAMG	3.726140e-03	2.840870e-05	4	true
803           	smoothSolver	3.959150e-04	3.842980e-05	9	1.255950e-02	1.247740e-03	9	4.380950e-03	4.377940e-04	9	false	GAMG	3.741810e-03	2.874230e-05	4	true
804           	smoothSolver	3.968400e-04	3.868390e-05	9	1.272660e-02	1.257470e-03	9	4.451770e-03	4.414670e-04	9	false	GAMG	3.782010e-03	2.922480e-05	4	true
805           	smoothSolver	3.983620e-04	3.897070e-05	9	1.291230e-02	1.264890e-03	9	4.520710e-03	4.435810e-04	9	false	GAMG	3.822880e-03	2.969590e-05	4	true
806           	smoothSolver	4.008080e-04	3.915660e-05	9	1.310310e-02	1.267690e-03	9	4.586300e-03	4.441400e-04	9	false	GAMG	3.853420e-03	3.032800e-05	4	true
807           	smoothSolver	4.041470e-04	3.926890e-05	9	1.336570e-02	1.269660e-03	9	4.658310e-03	4.450300e-04	9	false	GAMG	3.883410e-03	3.079010e-05	4	true
808           	smoothSolver	4.074780e-04	3.928630e-05	9	1.367390e-02	1.269040e-03	9	4.731780e-03	4.457390e-04	9	false	GAMG	3.912700e-03	3.121820e-05	4	true
809           	smoothSolver	4.104850e-04	3.919230e-05	9	1.400600e-02	1.268300e-03	9	4.801600e-03	4.454550e-04	9	false	GAMG	3.949810e-03	3.214050e-05	4	true
810           	smoothSolver	4.136680e-04	3.903110e-05	9	1.439320e-02	1.270110e-03	9	4.862100e-03	4.443040e-04	9	false	GAMG	4.011670e-03	3.321930e-05	4	true
811           	smoothSolver	4.172810e-04	3.878170e-05	9	1.478860e-02	1.272490e-03	9	4.906320e-03	4.405210e-04	9	false	GAMG	4.087240e-03	3.385280e-05	4	true
812           	smoothSolver	4.210750e-04	3.841470e-05	9	1.511060e-02	1.272040e-03	9	4.911850e-03	4.328060e-04	9	false	GAMG	4.169370e-03	3.394870e-05	4	true
813           	smoothSolver	4.237780e-04	3.793650e-05	9	1.532660e-02	1.266590e-03	9	4.878640e-03	4.224890e-04	9	false	GAMG	4.230440e-03	3.339600e-05	4	true
814           	smoothSolver	4.264460e-04	3.738770e-05	9	1.538170e-02	1.256420e-03	9	4.806910e-03	4.113720e-04	9	false	GAMG	4.264760e-03	3.232940e-05	4	true
815           	smoothSolver	4.288030e-04	3.678780e-05	9	1.526670e-02	1.244310e-03	9	4.706810e-03	4.010850e-04	9	false	GAMG	4.319380e-03	3.094290e-05	4	true
816           	smoothSolver	4.304720e-04	3.627590e-05	9	1.503130e-02	1.236970e-03	9	4.585710e-03	3.928000e-04	9	false	GAMG	4.341110e-03	3.028750e-05	4	true
817           	smoothSolver	4.318160e-04	3.579680e-05	9	1.473800e-02	1.233240e-03	9	4.464510e-03	3.870590e-04	9	false	GAMG	4.369310e-03	3.047970e-05	4	true
818           	smoothSolver	4.323980e-04	3.531850e-05	9	1.446110e-02	1.229090e-03	9	4.385620e-03	3.824530e-04	9	false	GAMG	4.429200e-03	3.073210e-05	4	true
819           	smoothSolver	4.317950e-04	3.485250e-05	9	1.425150e-02	1.224080e-03	9	4.344530e-03	3.784480e-04	9	false	GAMG	4.455610e-03	3.171940e-05	4	true
820           	smoothSolver	4.292170e-04	3.431480e-05	9	1.410700e-02	1.218460e-03	9	4.317970e-03	3.745900e-04	9	false	GAMG	4.422840e-03	3.273000e-05	4	true
821           	smoothSolver	4.232640e-04	3.377500e-05	9	1.411080e-02	1.217400e-03	9	4.317100e-03	3.724300e-04	9	false	GAMG	4.341540e-03	3.277500e-05	4	true
822           	smoothSolver	4.142830e-04	3.330090e-05	9	1.422410e-02	1.219390e-03	9	4.339260e-03	3.713400e-04	9	false	GAMG	4.238510e-03	3.211720e-05	4	true
823           	smoothSolver	4.042940e-04	3.298920e-05	9	1.443740e-02	1.227460e-03	9	4.370580e-03	3.710640e-04	9	false	GAMG	4.140120e-03	3.161480e-05	4	true
824           	smoothSolver	3.957190e-04	3.286430e-05	9	1.470380e-02	1.237250e-03	9	4.398570e-03	3.712120e-04	9	false	GAMG	4.080440e-03	3.129370e-05	4	true
825           	smoothSolver	3.885790e-04	3.287780e-05	9	1.492140e-02	1.244650e-03	9	4.407910e-03	3.698390e-04	9	false	GAMG	4.055930e-03	3.128290e-05	4	true
826           	smoothSolver	3.833670e-04	3.296990e-05	9	1.504310e-02	1.245500e-03	9	4.402860e-03	3.666900e-04	9	false	GAMG	4.043560e-03	3.144940e-05	4	true
827           	smoothSolver	3.797490e-04	3.297680e-05	9	1.505480e-02	1.238110e-03	9	4.393780e-03	3.626050e-04	9	false	GAMG	4.010560e-03	3.096220e-05	4	true
828           	smoothSolver	3.785390e-04	3.293760e-05	9	1.493580e-02	1.225310e-03	9	4.381850e-03	3.599290e-04	9	false	GAMG	3.964440e-03	3.008220e-05	4	true
829           	smoothSolver	3.795400e-04	3.296440e-05	9	1.475080e-02	1.212470e-03	9	4.369720e-03	3.606950e-04	9	false	GAMG	3.920780e-03	2.904700e-05	4	true
830           	smoothSolver	3.827550e-04	3.311280e-05	9	1.452960e-02	1.201970e-03	9	4.368340e-03	3.650670e-04	9	false	GAMG	3.905610e-03	2.878160e-05	4	true
831           	smoothSolver	3.868330e-04	3.339970e-05	9	1.426250e-02	1.190680e-03	9	4.368640e-03	3.705690e-04	9	false	GAMG	3.911300e-03	2.902060e-05	4	true
832           	smoothSolver	3.910820e-04	3.380550e-05	9	1.393360e-02	1.177760e-03	9	4.351200e-03	3.755640e-04	9	false	GAMG	3.914420e-03	2.900350e-05	4	true
833           	smoothSolver	3.946460e-04	3.428180e-05	9	1.354200e-02	1.163120e-03	9	4.310640e-03	3.790510e-04	9	false	GAMG	3.912720e-03	2.877230e-05	4	true
834           	smoothSolver	3.972550e-04	3.471800e-05	9	1.311990e-02	1.147890e-03	9	4.252110e-03	3.811080e-04	9	false	GAMG	3.908200e-03	2.859140e-05	4	true
835           	smoothSolver	3.991540e-04	3.511230e-05	9	1.272600e-02	1.137860e-03	9	4.184850e-03	3.838000e-04	9	false	GAMG	3.910350e-03	2.840770e-05	4	true
836           	smoothSolver	3.998570e-04	3.544870e-05	9	1.236710e-02	1.131620e-03	9	4.124280e-03	3.876600e-04	9	false	GAMG	3.885080e-03	2.830930e-05	4	true
837           	smoothSolver	3.994700e-04	3.575820e-05	9	1.210720e-02	1.132000e-03	9	4.090840e-03	3.925580e-04	9	false	GAMG	3.844680e-03	2.892060e-05	4	true
838           	smoothSolver	3.981380e-04	3.609100e-05	9	1.196640e-02	1.134620e-03	9	4.088000e-03	3.980630e-04	9	false	GAMG	3.811260e-03	2.974520e-05	4	true
839           	smoothSolver	3.960900e-04	3.642570e-05	9	1.191420e-02	1.136790e-03	9	4.104210e-03	4.015470e-04	9	false	GAMG	3.784380e-03	3.047300e-05	4	true
840           	smoothSolver	3.932720e-04	3.665230e-05	9	1.194000e-02	1.134770e-03	9	4.135960e-03	4.017880e-04	9	false	GAMG	3.759740e-03	3.101230e-05	4	true
841           	smoothSolver	3.898070e-04	3.667540e-05	9	1.203550e-02	1.127460e-03	9	4.176320e-03	3.988020e-04	9	false	GAMG	3.752120e-03	3.120500e-05	4	true
842           	smoothSolver	3.853960e-04	3.646850e-05	9	1.219310e-02	1.118140e-03	9	4.231080e-03	3.956270e-04	9	false	GAMG	3.765640e-03	3.106750e-05	4	true
843           	smoothSolver	3.813630e-04	3.612000e-05	9	1.245240e-02	1.110290e-03	9	4.305780e-03	3.936500e-04	9	false	GAMG	3.798250e-03	3.058320e-05	4	true
844           	smoothSolver	3.784460e-04	3.574390e-05	9	1.278200e-02	1.107260e-03	9	4.388760e-03	3.922250e-04	9	false	GAMG	3.816550e-03	3.052130e-05	4	true
845           	smoothSolver	3.780690e-04	3.534990e-05	9	1.312050e-02	1.105150e-03	9	4.463950e-03	3.896870e-04	9	false	GAMG	3.828720e-03	3.085360e-05	4	true
846           	smoothSolver	3.793390e-04	3.497850e-05	9	1.338540e-02	1.102500e-03	9	4.517060e-03	3.851990e-04	9	false	GAMG	3.860140e-03	3.045190e-05	4	true
847           	smoothSolver	3.814370e-04	3.458060e-05	9	1.354680e-02	1.097720e-03	9	4.532760e-03	3.778020e-04	9	false	GAMG	3.943210e-03	2.971720e-05	4	true
848           	smoothSolver	3.852690e-04	3.408830e-05	9	1.360100e-02	1.091860e-03	9	4.506630e-03	3.688040e-04	9	false	GAMG	4.039420e-03	2.899210e-05	4	true
849           	smoothSolver	3.892930e-04	3.351090e-05	9	1.356320e-02	1.088080e-03	9	4.461440e-03	3.613000e-04	9	false	GAMG	4.109370e-03	2.803530e-05	4	true
850           	smoothSolver	3.921680e-04	3.292280e-05	9	1.344030e-02	1.089800e-03	9	4.392210e-03	3.557810e-04	9	false	GAMG	4.129240e-03	2.717950e-05	4	true
851           	smoothSolver	3.931000e-04	3.247030e-05	9	1.326950e-02	1.096270e-03	9	4.310730e-03	3.525490e-04	9	false	GAMG	4.128680e-03	2.715910e-05	4	true
852           	smoothSolver	3.933790e-04	3.223770e-05	9	1.304690e-02	1.101610e-03	9	4.219900e-03	3.517650e-04	9	false	GAMG	4.127790e-03	2.770050e-05	4	true
853           	smoothSolver	3.928380e-04	3.216850e-05	9	1.276570e-02	1.105190e-03	9	4.132980e-03	3.520240e-04	9	false	GAMG	4.101180e-03	2.814740e-05	4	true
854           	smoothSolver	3.911500e-04	3.222480e-05	9	1.249200e-02	1.103380e-03	9	4.061570e-03	3.530720e-04	9	false	GAMG	4.065250e-03	2.843920e-05	4	true
855           	smoothSolver	3.887440e-04	3.236670e-05	9	1.226900e-02	1.099950e-03	9	4.017040e-03	3.562450e-04	9	false	GAMG	4.030080e-03	2.848010e-05	4	true
856           	smoothSolver	3.864550e-04	3.259530e-05	9	1.213570e-02	1.096330e-03	9	4.016400e-03	3.633600e-04	9	false	GAMG	3.968140e-03	2.855510e-05	4	true
857           	smoothSolver	3.847940e-04	3.294820e-05	9	1.213120e-02	1.096200e-03	9	4.065040e-03	3.736700e-04	9	false	GAMG	3.914700e-03	2.905380e-05	4	true
858           	smoothSolver	3.839460e-04	3.346380e-05	9	1.223270e-02	1.100420e-03	9	4.162180e-03	3.858160e-04	9	false	GAMG	3.865110e-03	2.969310e-05	4	true
859           	smoothSolver	3.832630e-04	3.410040e-05	9	1.243420e-02	1.104470e-03	9	4.281270e-03	3.973840e-04	9	false	GAMG	3.799730e-03	2.972300e-05	4	true
860           	smoothSolver	3.828050e-04	3.480670e-05	9	1.268170e-02	1.107990e-03	9	4.413450e-03	4.077750e-04	9	false	GAMG	3.749340e-03	2.943710e-05	4	true
861           	smoothSolver	3.827890e-04	3.549640e-05	9	1.290370e-02	1.111110e-03	9	4.539990e-03	4.158900e-04	9	false	GAMG	3.713540e-03	2.916970e-05	4	true
862           	smoothSolver	3.838330e-04	3.606590e-05	9	1.304770e-02	1.114350e-03	9	4.642960e-03	4.213930e-04	9	false	GAMG	3.690520e-03	2.858420e-05	4	true
863           	smoothSolver	3.869290e-04	3.652050e-05	9	1.313110e-02	1.121250e-03	9	4.719070e-03	4.273210e-04	9	false	GAMG	3.670520e-03	2.795030e-05	4	true
864           	smoothSolver	3.915990e-04	3.688350e-05	9	1.313470e-02	1.130250e-03	9	4.762570e-03	4.327620e-04	9	false	GAMG	3.650670e-03	2.773880e-05	4	true
865           	smoothSolver	3.974990e-04	3.717910e-05	9	1.305200e-02	1.141120e-03	9	4.763740e-03	4.370900e-04	9	false	GAMG	3.648380e-03	2.798450e-05	4	true
866           	smoothSolver	4.029300e-04	3.743710e-05	9	1.291430e-02	1.152830e-03	9	4.733040e-03	4.399230e-04	9	false	GAMG	3.662760e-03	2.838010e-05	4	true
867           	smoothSolver	4.061560e-04	3.767480e-05	9	1.274640e-02	1.162700e-03	9	4.672270e-03	4.397010e-04	9	false	GAMG	3.672740e-03	2.864900e-05	4	true
868           	smoothSolver	4.071130e-04	3.779200e-05	9	1.252350e-02	1.167580e-03	9	4.590090e-03	4.363100e-04	9	false	GAMG	3.678350e-03	2.836550e-05	4	true
869           	smoothSolver	4.062320e-04	3.772180e-05	9	1.230720e-02	1.170550e-03	9	4.506030e-03	4.317810e-04	9	false	GAMG	3.682230e-03	2.766630e-05	4	true
870           	smoothSolver	4.037770e-04	3.753880e-05	9	1.212670e-02	1.171450e-03	9	4.438200e-03	4.283660e-04	9	false	GAMG	3.684510e-03	2.733040e-05	4	true
871           	smoothSolver	3.997550e-04	3.727400e-05	9	1.200680e-02	1.172200e-03	9	4.403230e-03	4.272330e-04	9	false	GAMG	3.700060e-03	2.804310e-05	4	true
872           	smoothSolver	3.947990e-04	3.703830e-05	9	1.197430e-02	1.174640e-03	9	4.396640e-03	4.285520e-04	9	false	GAMG	3.729590e-03	2.921050e-05	4	true
873           	smoothSolver	3.906040e-04	3.686000e-05	9	1.200890e-02	1.174410e-03	9	4.414700e-03	4.302840e-04	9	false	GAMG	3.773240e-03	2.979940e-05	4	true
874           	smoothSolver	3.871500e-04	3.666380e-05	9	1.208220e-02	1.168250e-03	9	4.450310e-03	4.307790e-04	9	false	GAMG	3.805200e-03	3.000650e-05	4	true
875           	smoothSolver	3.846820e-04	3.643330e-05	9	1.220370e-02	1.158970e-03	9	4.490660e-03	4.290110e-04	9	false	GAMG	3.826290e-03	3.024350e-05	4	true
876           	smoothSolver	3.827400e-04	3.606500e-05	9	1.234680e-02	1.148140e-03	9	4.517260e-03	4.238340e-04	9	false	GAMG	3.849080e-03	3.037230e-05	4	true
877           	smoothSolver	3.806920e-04	3.556030e-05	9	1.250960e-02	1.136280e-03	9	4.531600e-03	4.172740e-04	9	false	GAMG	3.865470e-03	3.025850e-05	4	true
878           	smoothSolver	3.786820e-04	3.497090e-05	9	1.266720e-02	1.126070e-03	9	4.528520e-03	4.106330e-04	9	false	GAMG	3.897250e-03	3.031850e-05	4	true
879           	smoothSolver	3.773830e-04	3.441600e-05	9	1.282930e-02	1.120270e-03	9	4.520220e-03	4.046750e-04	9	false	GAMG	3.943080e-03	3.073740e-05	4	true
880           	smoothSolver	3.762090e-04	3.396750e-05	9	1.298560e-02	1.114440e-03	9	4.496090e-03	3.979890e-04	9	false	GAMG	3.982620e-03	3.082830e-05	4	true
881           	smoothSolver	3.765140e-04	3.368580e-05	9	1.306920e-02	1.107110e-03	9	4.450650e-03	3.898500e-04	9	false	GAMG	4.005140e-03	3.014100e-05	4	true
882           	smoothSolver	3.785580e-04	3.348870e-05	9	1.305580e-02	1.095490e-03	9	4.381210e-03	3.801520e-04	9	false	GAMG	3.996790e-03	2.875970e-05	4	true
883           	smoothSolver	3.811050e-04	3.326130e-05	9	1.294840e-02	1.081660e-03	9	4.289760e-03	3.702750e-04	9	false	GAMG	3.961070e-03	2.718730e-05	4	true
884           	smoothSolver	3.835180e-04	3.296520e-05	9	1.275530e-02	1.067840e-03	9	4.179570e-03	3.624370e-04	9	false	GAMG	3.937810e-03	2.592230e-05	4	true
885           	smoothSolver	3.846880e-04	3.264770e-05	9	1.246450e-02	1.058120e-03	9	4.060580e-03	3.569670e-04	9	false	GAMG	3.913900e-03	2.557620e-05	4	true
886           	smoothSolver	3.843100e-04	3.233510e-05	9	1.209720e-02	1.051240e-03	9	3.933770e-03	3.542560e-04	9	false	GAMG	3.891730e-03	2.609270e-05	4	true
887           	smoothSolver	3.829000e-04	3.205000e-05	9	1.174350e-02	1.044760e-03	9	3.841330e-03	3.544880e-04	9	false	GAMG	3.872230e-03	2.630400e-05	4	true
888           	smoothSolver	3.806070e-04	3.186720e-05	9	1.153380e-02	1.036520e-03	9	3.817590e-03	3.560520e-04	9	false	GAMG	3.850730e-03	2.634890e-05	4	true
889           	smoothSolver	3.775820e-04	3.175090e-05	9	1.146420e-02	1.029420e-03	9	3.833530e-03	3.575350e-04	9	false	GAMG	3.808570e-03	2.720180e-05	4	true
890           	smoothSolver	3.731450e-04	3.155530e-05	9	1.156710e-02	1.025110e-03	9	3.876540e-03	3.573680e-04	9	false	GAMG	3.759110e-03	2.793120e-05	4	true
891           	smoothSolver	3.676480e-04	3.129390e-05	9	1.182400e-02	1.024110e-03	9	3.935060e-03	3.556450e-04	9	false	GAMG	3.716430e-03	2.812990e-05	4	true
892           	smoothSolver	3.622400e-04	3.099910e-05	9	1.216110e-02	1.022060e-03	9	3.990970e-03	3.521850e-04	9	false	GAMG	3.681540e-03	2.818510e-05	4	true
893           	smoothSolver	3.568280e-04	3.073720e-05	9	1.248740e-02	1.020240e-03	9	4.028120e-03	3.473420e-04	9	false	GAMG	3.661440e-03	2.783140e-05	4	true
894           	smoothSolver	3.530630e-04	3.061300e-05	9	1.275570e-02	1.016310e-03	9	4.055710e-03	3.418960e-04	9	false	GAMG	3.655100e-03	2.706560e-05	4	true
895           	smoothSolver	3.514840e-04	3.059200e-05	9	1.288650e-02	1.284810e-03	8	4.060900e-03	3.358500e-04	9	false	GAMG	3.643010e-03	2.645780e-05	4	true
896           	smoothSolver	3.514510e-04	3.050550e-05	9	1.292200e-02	1.281450e-03	8	4.032020e-03	3.278810e-04	9	false	GAMG	3.610040e-03	2.530210e-05	4	true
897           	smoothSolver	3.525850e-04	3.034220e-05	9	1.277910e-02	1.267940e-03	8	3.975840e-03	3.206930e-04	9	false	GAMG	3.563620e-03	2.443470e-05	4	true
898           	smoothSolver	3.542050e-04	3.013780e-05	9	1.248500e-02	1.247600e-03	8	3.912700e-03	3.158870e-04	9	false	GAMG	3.543990e-03	2.413930e-05	4	true
899           	smoothSolver	3.553640e-04	2.998710e-05	9	1.210280e-02	9.648950e-04	9	3.838190e-03	3.132520e-04	9	false	GAMG	3.559010e-03	2.479240e-05	4	true
900           	smoothSolver	3.565510e-04	2.998970e-05	9	1.157040e-02	9.427720e-04	9	3.760790e-03	3.141130e-04	9	false	GAMG	3.568840e-03	2.588490e-05	4	true
901           	smoothSolver	3.569250e-04	3.011250e-05	9	1.108750e-02	9.261250e-04	9	3.678230e-03	3.161700e-04	9	false	GAMG	3.573640e-03	2.571960e-05	4	true
902           	smoothSolver	3.566380e-04	3.035510e-05	9	1.063820e-02	9.137460e-04	9	3.585540e-03	3.177610e-04	9	false	GAMG	3.558010e-03	2.549790e-05	4	true
903           	smoothSolver	3.555430e-04	3.068150e-05	9	1.023080e-02	9.049340e-04	9	3.496180e-03	3.191450e-04	9	false	GAMG	3.517700e-03	2.551020e-05	4	true
904           	smoothSolver	3.536680e-04	3.097950e-05	9	9.898570e-03	9.010290e-04	9	3.427800e-03	3.211650e-04	9	false	GAMG	3.446180e-03	2.559910e-05	4	true
905           	smoothSolver	3.502390e-04	3.122850e-05	9	9.673070e-03	9.012690e-04	9	3.385770e-03	3.241160e-04	9	false	GAMG	3.371830e-03	2.527870e-05	4	true
906           	smoothSolver	3.455070e-04	3.136700e-05	9	9.559550e-03	9.039440e-04	9	3.364340e-03	3.270830e-04	9	false	GAMG	3.326010e-03	2.504110e-05	4	true
907           	smoothSolver	3.402250e-04	3.143170e-05	9	9.536340e-03	9.100020e-04	9	3.364980e-03	3.301120e-04	9	false	GAMG	3.310990e-03	2.506130e-05	4	true
908           	smoothSolver	3.346700e-04	3.148220e-05	9	9.623670e-03	9.167150e-04	9	3.384500e-03	3.319880e-04	9	false	GAMG	3.295100e-03	2.514750e-05	4	true
909           	smoothSolver	3.295440e-04	3.145940e-05	9	9.784480e-03	9.222270e-04	9	3.410600e-03	3.310110e-04	9	false	GAMG	3.262060e-03	2.533810e-05	4	true
910           	smoothSolver	3.252080e-04	3.138800e-05	9	9.997520e-03	9.245300e-04	9	3.448270e-03	3.281300e-04	9	false	GAMG	3.223770e-03	2.580070e-05	4	true
911           	smoothSolver	3.216540e-04	3.123450e-05	9	1.025000e-02	9.255490e-04	9	3.498030e-03	3.254950e-04	9	false	GAMG	3.201240e-03	2.587350e-05	4	true
912           	smoothSolver	3.192920e-04	3.097500e-05	9	1.049530e-02	9.236920e-04	9	3.547610e-03	3.238640e-04	9	false	GAMG	3.193920e-03	2.563650e-05	4	true
913           	smoothSolver	3.188400e-04	3.071530e-05	9	1.074700e-02	9.234180e-04	9	3.602740e-03	3.236750e-04	9	false	GAMG	3.200340e-03	2.553810e-05	4	true
914           	smoothSolver	3.206750e-04	3.052980e-05	9	1.097410e-02	9.236540e-04	9	3.661650e-03	3.246090e-04	9	false	GAMG	3.235190e-03	2.573830e-05	4	true
915           	smoothSolver	3.246870e-04	3.042170e-05	9	1.114820e-02	9.219270e-04	9	3.706060e-03	3.251460e-04	9	false	GAMG	3.281200e-03	2.518220e-05	4	true
916           	smoothSolver	3.291740e-04	3.039440e-05	9	1.125260e-02	9.202420e-04	9	3.727280e-03	3.245220e-04	9	false	GAMG	3.338650e-03	2.470540e-05	4	true
917           	smoothSolver	3.338540e-04	3.042660e-05	9	1.128140e-02	9.172680e-04	9	3.724210e-03	3.225790e-04	9	false	GAMG	3.391090e-03	2.440630e-05	4	true
918           	smoothSolver	3.384320e-04	3.042170e-05	9	1.124990e-02	9.162640e-04	9	3.700500e-03	3.210490e-04	9	false	GAMG	3.415950e-03	2.391910e-05	4	true
919           	smoothSolver	3.420000e-04	3.037140e-05	9	1.121950e-02	9.191880e-04	9	3.672360e-03	3.213530e-04	9	false	GAMG	3.436140e-03	2.349840e-05	4	true
920           	smoothSolver	3.441530e-04	3.030680e-05	9	1.114630e-02	9.261500e-04	9	3.638310e-03	3.232240e-04	9	false	GAMG	3.445900e-03	2.332630e-05	4	true
921           	smoothSolver	3.457060e-04	3.037530e-05	9	1.105070e-02	9.392930e-04	9	3.598970e-03	3.274930e-04	9	false	GAMG	3.436960e-03	2.361530e-05	4	true
922           	smoothSolver	3.468590e-04	3.061570e-05	9	1.095070e-02	9.541570e-04	9	3.557270e-03	3.329230e-04	9	false	GAMG	3.422210e-03	2.424060e-05	4	true
923           	smoothSolver	3.465960e-04	3.088930e-05	9	1.083100e-02	9.657480e-04	9	3.514270e-03	3.366380e-04	9	false	GAMG	3.399980e-03	2.468450e-05	4	true
924           	smoothSolver	3.450710e-04	3.114890e-05	9	1.068450e-02	9.685620e-04	9	3.466830e-03	3.381520e-04	9	false	GAMG	3.371600e-03	2.474940e-05	4	true
925           	smoothSolver	3.427340e-04	3.126850e-05	9	1.055040e-02	9.661010e-04	9	3.429060e-03	3.383600e-04	9	false	GAMG	3.341440e-03	2.457040e-05	4	true
926           	smoothSolver	3.396180e-04	3.127690e-05	9	1.043030e-02	9.602010e-04	9	3.404610e-03	3.383530e-04	9	false	GAMG	3.308870e-03	2.395960e-05	4	true
927           	smoothSolver	3.364600e-04	3.128230e-05	9	1.035780e-02	9.544570e-04	9	3.406750e-03	3.390340e-04	9	false	GAMG	3.292830e-03	2.385380e-05	4	true
928           	smoothSolver	3.340720e-04	3.136550e-05	9	1.039880e-02	9.519620e-04	9	3.446160e-03	3.416310e-04	9	false	GAMG	3.295280e-03	2.451930e-05	4	true
929           	smoothSolver	3.331080e-04	3.152950e-05	9	1.053740e-02	9.508820e-04	9	3.519600e-03	3.445940e-04	9	false	GAMG	3.314550e-03	2.484770e-05	4	true
930           	smoothSolver	3.327450e-04	3.170320e-05	9	1.072930e-02	9.524880e-04	9	3.596630e-03	3.468860e-04	9	false	GAMG	3.345890e-03	2.532080e-05	4	true
931           	smoothSolver	3.333140e-04	3.188740e-05	9	1.095630e-02	9.584870e-04	9	3.679090e-03	3.489420e-04	9	false	GAMG	3.375580e-03	2.612600e-05	4	true
932           	smoothSolver	3.348880e-04	3.202220e-05	9	1.119960e-02	9.686440e-04	9	3.757520e-03	3.506790e-04	9	false	GAMG	3.406220e-03	2.654760e-05	4	true
933           	smoothSolver	3.376140e-04	3.211970e-05	9	1.143280e-02	9.821410e-04	9	3.835820e-03	3.539280e-04	9	false	GAMG	3.434910e-03	2.695760e-05	4	true
934           	smoothSolver	3.421470e-04	3.231030e-05	9	1.163140e-02	1.000390e-03	9	3.906900e-03	3.584700e-04	9	false	GAMG	3.466550e-03	2.828500e-05	4	true
935           	smoothSolver	3.480750e-04	3.266070e-05	9	1.176860e-02	1.023060e-03	9	3.967170e-03	3.640520e-04	9	false	GAMG	3.487070e-03	2.950070e-05	4	true
936           	smoothSolver	3.541700e-04	3.313810e-05	9	1.185380e-02	1.043480e-03	9	4.010050e-03	3.697290e-04	9	false	GAMG	3.495160e-03	2.999540e-05	4	true
937           	smoothSolver	3.598350e-04	3.375340e-05	9	1.187900e-02	1.060880e-03	9	4.038800e-03	3.755870e-04	9	false	GAMG	3.492260e-03	3.041880e-05	4	true
938           	smoothSolver	3.656230e-04	3.443110e-05	9	1.184100e-02	1.071160e-03	9	4.061110e-03	3.815240e-04	9	false	GAMG	3.482380e-03	3.103710e-05	4	true
939           	smoothSolver	3.718870e-04	3.510840e-05	9	1.175510e-02	1.076470e-03	9	4.085390e-03	3.886260e-04	9	false	GAMG	3.471100e-03	3.167500e-05	4	true
940           	smoothSolver	3.779660e-04	3.579250e-05	9	1.164300e-02	1.079580e-03	9	4.117640e-03	3.988510e-04	9	false	GAMG	3.461240e-03	3.215530e-05	4	true
941           	smoothSolver	3.839140e-04	3.657640e-05	9	1.153930e-02	1.085630e-03	9	4.169040e-03	4.119390e-04	9	false	GAMG	3.447130e-03	3.230110e-05	4	true
942           	smoothSolver	3.900720e-04	3.747810e-05	9	1.147480e-02	1.092920e-03	9	4.240460e-03	3.359040e-04	10	false	GAMG	3.452960e-03	3.230060e-05	4	true
943           	smoothSolver	3.963580e-04	3.852670e-05	9	1.149260e-02	1.103390e-03	9	4.297640e-03	3.454620e-04	10	false	GAMG	3.458570e-03	3.178610e-05	4	true
944           	smoothSolver	4.031850e-04	3.969280e-05	9	1.157120e-02	1.116420e-03	9	4.375920e-03	3.555780e-04	10	false	GAMG	3.469800e-03	3.129660e-05	4	true
945           	smoothSolver	4.096260e-04	4.085830e-05	9	1.171230e-02	1.130880e-03	9	4.474030e-03	3.646620e-04	10	false	GAMG	3.498390e-03	3.165400e-05	4	true
946           	smoothSolver	4.164580e-04	3.297900e-05	10	1.192030e-02	1.147880e-03	9	4.593750e-03	3.725370e-04	10	false	GAMG	3.542460e-03	3.301960e-05	4	true
947           	smoothSolver	4.226260e-04	3.353370e-05	10	1.234540e-02	1.177670e-03	9	4.758190e-03	3.819130e-04	10	false	GAMG	3.590230e-03	3.450530e-05	4	true
948           	smoothSolver	4.301310e-04	3.398360e-05	10	1.290210e-02	1.210350e-03	9	4.936340e-03	3.895740e-04	10	false	GAMG	3.664610e-03	3.581250e-05	4	true
949           	smoothSolver	4.384640e-04	4.379720e-05	9	1.357430e-02	1.249120e-03	9	5.117350e-03	5.023630e-04	9	false	GAMG	3.774230e-03	3.520720e-05	4	true
950           	smoothSolver	4.473230e-04	4.454130e-05	9	1.426340e-02	1.283660e-03	9	5.293600e-03	5.090890e-04	9	false	GAMG	3.894960e-03	3.468700e-05	4	true
951           	smoothSolver	4.559210e-04	4.531350e-05	9	1.499640e-02	1.325720e-03	9	5.438470e-03	5.135670e-04	9	false	GAMG	3.971550e-03	3.444710e-05	4	true
952           	smoothSolver	4.626500e-04	4.601350e-05	9	1.563110e-02	1.366590e-03	9	5.535820e-03	5.162450e-04	9	false	GAMG	3.997400e-03	3.394140e-05	4	true
953           	smoothSolver	4.686830e-04	4.645100e-05	9	1.613740e-02	1.403850e-03	9	5.585240e-03	5.176690e-04	9	false	GAMG	3.988060e-03	3.301460e-05	4	true
954           	smoothSolver	4.737030e-04	4.662640e-05	9	1.648950e-02	1.435600e-03	9	5.599940e-03	5.197390e-04	9	false	GAMG	3.960110e-03	3.198900e-05	4	true
955           	smoothSolver	4.765270e-04	4.664110e-05	9	1.670440e-02	1.465370e-03	9	5.577910e-03	5.218090e-04	9	false	GAMG	3.961100e-03	3.180450e-05	4	true
956           	smoothSolver	4.799130e-04	4.661710e-05	9	1.686150e-02	1.490530e-03	9	5.536330e-03	5.227340e-04	9	false	GAMG	4.030500e-03	3.227520e-05	4	true
957           	smoothSolver	4.838920e-04	4.654700e-05	9	1.696560e-02	1.509860e-03	9	5.475830e-03	5.211520e-04	9	false	GAMG	4.175060e-03	3.280020e-05	4	true
958           	smoothSolver	4.874080e-04	4.631420e-05	9	1.697740e-02	1.521440e-03	9	5.409300e-03	5.154930e-04	9	false	GAMG	4.342540e-03	3.363440e-05	4	true
959           	smoothSolver	4.910800e-04	4.601280e-05	9	1.697150e-02	1.524410e-03	9	5.316410e-03	5.053830e-04	9	false	GAMG	4.525050e-03	3.489700e-05	4	true
960           	smoothSolver	4.945370e-04	4.566190e-05	9	1.694100e-02	1.523900e-03	9	5.225850e-03	4.928820e-04	9	false	GAMG	4.671000e-03	3.615660e-05	4	true
961           	smoothSolver	4.979350e-04	4.512780e-05	9	1.687120e-02	1.523480e-03	9	5.138480e-03	4.827340e-04	9	false	GAMG	4.743440e-03	3.705110e-05	4	true
962           	smoothSolver	4.984890e-04	4.442120e-05	9	1.682570e-02	1.520530e-03	9	5.054900e-03	4.727530e-04	9	false	GAMG	4.739520e-03	3.810470e-05	4	true
963           	smoothSolver	4.978500e-04	4.372380e-05	9	1.680630e-02	1.514080e-03	9	4.991950e-03	4.647250e-04	9	false	GAMG	4.764800e-03	3.864980e-05	4	true
964           	smoothSolver	4.954890e-04	4.303480e-05	9	1.683720e-02	1.504050e-03	9	4.941090e-03	4.580200e-04	9	false	GAMG	4.798300e-03	3.828760e-05	4	true
965           	smoothSolver	4.911390e-04	4.237630e-05	9	1.688070e-02	1.488780e-03	9	4.904170e-03	4.508820e-04	9	false	GAMG	4.798480e-03	3.746070e-05	4	true
966           	smoothSolver	4.843110e-04	4.168610e-05	9	1.692590e-02	1.467390e-03	9	4.868710e-03	4.432060e-04	9	false	GAMG	4.822680e-03	3.620240e-05	4	true
967           	smoothSolver	4.748510e-04	4.091530e-05	9	1.691320e-02	1.441170e-03	9	4.843380e-03	4.354340e-04	9	false	GAMG	4.798260e-03	3.473910e-05	4	true
968           	smoothSolver	4.636690e-04	4.002890e-05	9	1.681590e-02	1.409230e-03	9	4.818010e-03	4.277070e-04	9	false	GAMG	4.758030e-03	3.388790e-05	4	true
969           	smoothSolver	4.517470e-04	3.919670e-05	9	1.661270e-02	1.376750e-03	9	4.790310e-03	4.201550e-04	9	false	GAMG	4.711880e-03	3.406190e-05	4	true
970           	smoothSolver	4.407850e-04	3.852570e-05	9	1.633030e-02	1.343140e-03	9	4.749900e-03	4.127360e-04	9	false	GAMG	4.632860e-03	3.431800e-05	4	true
971           	smoothSolver	4.314710e-04	3.802960e-05	9	1.601180e-02	1.308980e-03	9	4.684410e-03	4.045170e-04	9	false	GAMG	4.512370e-03	3.341260e-05	4	true
972           	smoothSolver	4.242030e-04	3.772550e-05	9	1.562780e-02	1.275040e-03	9	4.601190e-03	3.953570e-04	9	false	GAMG	4.409700e-03	3.230080e-05	4	true
973           	smoothSolver	4.199350e-04	3.750260e-05	9	1.520330e-02	1.240960e-03	9	4.501850e-03	3.863620e-04	9	false	GAMG	4.328830e-03	3.174770e-05	4	true
974           	smoothSolver	4.178870e-04	3.718770e-05	9	1.477200e-02	1.211540e-03	9	4.407090e-03	3.783050e-04	9	false	GAMG	4.282680e-03	3.109520e-05	4	true
975           	smoothSolver	4.167500e-04	3.675910e-05	9	1.438130e-02	1.188400e-03	9	4.318150e-03	3.728260e-04	9	false	GAMG	4.267370e-03	3.042660e-05	4	true
976           	smoothSolver	4.162400e-04	3.629230e-05	9	1.403010e-02	1.170920e-03	9	4.232010e-03	3.699410e-04	9	false	GAMG	4.260520e-03	3.014870e-05	4	true
977           	smoothSolver	4.159050e-04	3.594910e-05	9	1.370220e-02	1.160360e-03	9	4.155520e-03	3.701850e-04	9	false	GAMG	4.250590e-03	3.013150e-05	4	true
978           	smoothSolver	4.146900e-04	3.570600e-05	9	1.339280e-02	1.149000e-03	9	4.091470e-03	3.709630e-04	9	false	GAMG	4.230740e-03	3.022920e-05	4	true
979           	smoothSolver	4.128750e-04	3.553940e-05	9	1.306280e-02	1.134660e-03	9	4.032010e-03	3.705610e-04	9	false	GAMG	4.181060e-03	3.042720e-05	4	true
980           	smoothSolver	4.102320e-04	3.535140e-05	9	1.268390e-02	1.113620e-03	9	3.973530e-03	3.687080e-04	9	false	GAMG	4.103720e-03	3.063000e-05	4	true
981           	smoothSolver	4.063360e-04	3.508530e-05	9	1.229220e-02	1.088970e-03	9	3.924420e-03	3.666110e-04	9	false	GAMG	4.012320e-03	3.060670e-05	4	true
982           	smoothSolver	4.010920e-04	3.478870e-05	9	1.195010e-02	1.064890e-03	9	3.882600e-03	3.661570e-04	9	false	GAMG	3.949200e-03	3.037160e-05	4	true
983           	smoothSolver	3.956620e-04	3.458530e-05	9	1.166180e-02	1.047800e-03	9	3.856770e-03	3.678190e-04	9	false	GAMG	3.909660e-03	3.007810e-05	4	true
984           	smoothSolver	3.911470e-04	3.455610e-05	9	1.143530e-02	1.034640e-03	9	3.851080e-03	3.716190e-04	9	false	GAMG	3.886740e-03	3.002550e-05	4	true
985           	smoothSolver	3.865900e-04	3.466840e-05	9	1.126850e-02	1.026000e-03	9	3.857480e-03	3.759770e-04	9	false	GAMG	3.865670e-03	2.974230e-05	4	true
986           	smoothSolver	3.825080e-04	3.497820e-05	9	1.116880e-02	1.021810e-03	9	3.880470e-03	3.802310e-04	9	false	GAMG	3.841240e-03	2.969130e-05	4	true
987           	smoothSolver	3.795960e-04	3.538080e-05	9	1.110290e-02	1.019710e-03	9	3.908250e-03	3.833910e-04	9	false	GAMG	3.799510e-03	3.010090e-05	4	true
988           	smoothSolver	3.768760e-04	3.569180e-05	9	1.110430e-02	1.022840e-03	9	3.942650e-03	3.859240e-04	9	false	GAMG	3.753450e-03	3.058250e-05	4	true
989           	smoothSolver	3.744740e-04	3.590600e-05	9	1.120440e-02	1.030850e-03	9	3.983210e-03	3.884000e-04	9	false	GAMG	3.717840e-03	3.068460e-05	4	true
990           	smoothSolver	3.723160e-04	3.596840e-05	9	1.136370e-02	1.041170e-03	9	4.018770e-03	3.897540e-04	9	false	GAMG	3.692150e-03	3.064760e-05	4	true
991           	smoothSolver	3.701950e-04	3.600200e-05	9	1.157170e-02	1.053220e-03	9	4.055140e-03	3.909940e-04	9	false	GAMG	3.664420e-03	3.067590e-05	4	true
992           	smoothSolver	3.685890e-04	3.603570e-05	9	1.181410e-02	1.064620e-03	9	4.093800e-03	3.907100e-04	9	false	GAMG	3.653060e-03	3.040010e-05	4	true
993           	smoothSolver	3.670190e-04	3.604730e-05	9	1.204470e-02	1.074400e-03	9	4.117380e-03	3.878800e-04	9	false	GAMG	3.660650e-03	3.009210e-05	4	true
994           	smoothSolver	3.666040e-04	3.598530e-05	9	1.226750e-02	1.079760e-03	9	4.128060e-03	3.832860e-04	9	false	GAMG	3.691890e-03	3.008730e-05	4	true
995           	smoothSolver	3.671910e-04	3.579640e-05	9	1.247570e-02	1.084390e-03	9	4.129690e-03	3.784460e-04	9	false	GAMG	3.735660e-03	2.992600e-05	4	true
996           	smoothSolver	3.674140e-04	3.548770e-05	9	1.263130e-02	1.087130e-03	9	4.123620e-03	3.752450e-04	9	false	GAMG	3.760410e-03	2.955610e-05	4	true
997           	smoothSolver	3.675300e-04	3.515680e-05	9	1.272180e-02	1.091850e-03	9	4.106440e-03	3.740980e-04	9	false	GAMG	3.764170e-03	2.913300e-05	4	true
998           	smoothSolver	3.672010e-04	3.487110e-05	9	1.273420e-02	1.094430e-03	9	4.075350e-03	3.740320e-04	9	false	GAMG	3.744350e-03	2.881480e-05	4	true
999           	smoothSolver	3.666440e-04	3.467660e-05	9	1.266110e-02	1.095020e-03	9	4.025220e-03	3.731340e-04	9	false	GAMG	3.716250e-03	2.776340e-05	4	true
1000          	smoothSolver	3.659100e-04	3.454810e-05	9	1.252310e-02	1.093040e-03	9	3.954350e-03	3.700300e-04	9	false	GAMG	3.712600e-03	2.687030e-05	4	true
1001          	smoothSolver	3.661360e-04	3.443410e-05	9	1.234560e-02	1.086120e-03	9	3.866370e-03	3.649870e-04	9	false	GAMG	3.719560e-03	2.681770e-05	4	true
1002          	smoothSolver	3.665260e-04	3.427930e-05	9	1.217790e-02	1.081480e-03	9	3.782990e-03	3.597640e-04	9	false	GAMG	3.741490e-03	2.694010e-05	4	true
1003          	smoothSolver	3.661990e-04	3.401840e-05	9	1.204860e-02	1.076540e-03	9	3.726200e-03	3.551850e-04	9	false	GAMG	3.761680e-03	2.673790e-05	4	true
1004          	smoothSolver	3.646260e-04	3.376470e-05	9	1.198220e-02	1.075170e-03	9	3.680960e-03	3.522940e-04	9	false	GAMG	3.762580e-03	2.625690e-05	4	true
1005          	smoothSolver	3.626680e-04	3.364400e-05	9	1.197890e-02	1.083760e-03	9	3.651590e-03	3.519380e-04	9	false	GAMG	3.735910e-03	2.625690e-05	4	true
1006          	smoothSolver	3.589510e-04	3.359880e-05	9	1.198190e-02	1.093400e-03	9	3.611460e-03	3.514110e-04	9	false	GAMG	3.679710e-03	2.677790e-05	4	true
1007          	smoothSolver	3.548170e-04	3.364180e-05	9	1.197020e-02	1.101710e-03	9	3.566350e-03	3.499690e-04	9	false	GAMG	3.618990e-03	2.746570e-05	4	true
1008          	smoothSolver	3.498380e-04	3.368880e-05	9	1.198680e-02	1.110270e-03	9	3.533730e-03	3.483040e-04	9	false	GAMG	3.559060e-03	2.764790e-05	4	true
1009          	smoothSolver	3.448980e-04	3.368100e-05	9	1.203450e-02	1.122230e-03	9	3.514870e-03	3.474210e-04	9	false	GAMG	3.506050e-03	2.711180e-05	4	true
1010          	smoothSolver	3.408580e-04	3.367980e-05	9	1.213150e-02	1.139170e-03	9	3.512510e-03	3.493110e-04	9	false	GAMG	3.480510e-03	2.644940e-05	4	true
1011          	smoothSolver	3.375240e-04	3.373420e-05	9	1.228990e-02	1.167290e-03	9	3.535710e-03	2.793060e-04	10	false	GAMG	3.459390e-03	2.649240e-05	4	true
1012          	smoothSolver	3.356440e-04	2.664950e-05	10	1.250080e-02	1.201040e-03	9	3.546950e-03	2.817790e-04	10	false	GAMG	3.434240e-03	2.711100e-05	4	true
1013          	smoothSolver	3.333800e-04	2.666940e-05	10	1.278420e-02	1.241220e-03	9	3.588290e-03	2.861270e-04	10	false	GAMG	3.400300e-03	2.635820e-05	4	true
1014          	smoothSolver	3.321570e-04	2.677320e-05	10	1.299760e-02	1.270430e-03	9	3.630190e-03	2.891840e-04	10	false	GAMG	3.380900e-03	2.644480e-05	4	true
1015          	smoothSolver	3.327690e-04	2.693940e-05	10	1.320060e-02	1.295660e-03	9	3.672830e-03	2.907530e-04	10	false	GAMG	3.364510e-03	2.728700e-05	4	true
1016          	smoothSolver	3.353030e-04	2.709120e-05	10	1.346340e-02	1.323360e-03	9	3.717700e-03	2.926560e-04	10	false	GAMG	3.347650e-03	2.798390e-05	4	true
1017          	smoothSolver	3.387520e-04	2.727340e-05	10	1.378150e-02	1.354380e-03	9	3.776760e-03	3.766310e-04	9	false	GAMG	3.338610e-03	2.799980e-05	4	true
1018          	smoothSolver	3.426300e-04	2.747280e-05	10	1.407820e-02	1.390790e-03	9	3.861280e-03	3.860960e-04	9	false	GAMG	3.347400e-03	2.821210e-05	4	true
1019          	smoothSolver	3.476210e-04	2.780870e-05	10	1.435210e-02	1.428030e-03	9	3.929740e-03	3.122940e-04	10	false	GAMG	3.375720e-03	2.855250e-05	4	true
1020          	smoothSolver	3.536690e-04	2.830020e-05	10	1.460030e-02	1.157250e-03	10	3.955110e-03	3.176730e-04	10	false	GAMG	3.395470e-03	2.849700e-05	4	true
1021          	smoothSolver	3.601140e-04	2.887050e-05	10	1.470210e-02	1.177500e-03	10	3.987370e-03	3.230740e-04	10	false	GAMG	3.405570e-03	2.827880e-05	4	true
1022          	smoothSolver	3.661740e-04	2.937380e-05	10	1.479910e-02	1.191550e-03	10	4.024320e-03	3.277920e-04	10	false	GAMG	3.431580e-03	2.834250e-05	4	true
1023          	smoothSolver	3.727240e-04	2.979100e-05	10	1.488450e-02	1.199580e-03	10	4.080370e-03	3.337770e-04	10	false	GAMG	3.463990e-03	2.911780e-05	4	true
1024          	smoothSolver	3.792400e-04	3.018520e-05	10	1.496360e-02	1.204250e-03	10	4.156340e-03	3.418700e-04	10	false	GAMG	3.508270e-03	3.013160e-05	4	true
1025          	smoothSolver	3.859350e-04	3.060720e-05	10	1.506990e-02	1.209870e-03	10	4.256070e-03	3.511480e-04	10	false	GAMG	3.568320e-03	3.170640e-05	4	true
1026          	smoothSolver	3.922580e-04	3.110940e-05	10	1.518840e-02	1.213500e-03	10	4.360820e-03	3.604460e-04	10	false	GAMG	3.635720e-03	3.267290e-05	4	true
1027          	smoothSolver	3.987010e-04	3.166990e-05	10	1.531780e-02	1.215340e-03	10	4.464160e-03	3.686370e-04	10	false	GAMG	3.686970e-03	3.217430e-05	4	true
1028          	smoothSolver	4.051100e-04	3.215930e-05	10	1.543900e-02	1.543140e-03	9	4.558600e-03	3.745590e-04	10	false	GAMG	3.723080e-03	3.159110e-05	4	true
1029          	smoothSolver	4.109110e-04	3.251420e-05	10	1.563170e-02	1.549890e-03	9	4.631530e-03	3.774600e-04	10	false	GAMG	3.739620e-03	3.103370e-05	4	true
1030          	smoothSolver	4.155660e-04	3.274550e-05	10	1.578330e-02	1.555220e-03	9	4.693990e-03	3.796730e-04	10	false	GAMG	3.744060e-03	3.034200e-05	4	true
1031          	smoothSolver	4.209150e-04	4.191650e-05	9	1.588500e-02	1.559240e-03	9	4.744670e-03	3.816200e-04	10	false	GAMG	3.742770e-03	2.956050e-05	4	true
1032          	smoothSolver	4.274250e-04	4.229600e-05	9	1.585690e-02	1.558900e-03	9	4.762840e-03	3.819310e-04	10	false	GAMG	3.749350e-03	2.925170e-05	4	true
1033          	smoothSolver	4.341850e-04	4.264550e-05	9	1.585550e-02	1.567350e-03	9	4.765070e-03	3.829010e-04	10	false	GAMG	3.763580e-03	2.976150e-05	4	true
1034          	smoothSolver	4.393990e-04	4.289100e-05	9	1.584660e-02	1.577980e-03	9	4.752470e-03	3.824780e-04	10	false	GAMG	3.818420e-03	3.107180e-05	4	true
1035          	smoothSolver	4.432170e-04	4.301140e-05	9	1.581380e-02	1.249690e-03	10	4.732680e-03	3.800660e-04	10	false	GAMG	3.878400e-03	3.246890e-05	4	true
1036          	smoothSolver	4.453610e-04	4.297370e-05	9	1.566760e-02	1.242530e-03	10	4.719250e-03	3.771640e-04	10	false	GAMG	3.918270e-03	3.265900e-05	4	true
1037          	smoothSolver	4.459420e-04	4.275060e-05	9	1.561250e-02	1.235450e-03	10	4.717500e-03	3.744070e-04	10	false	GAMG	3.970060e-03	3.239600e-05	4	true
1038          	smoothSolver	4.449460e-04	4.242240e-05	9	1.562470e-02	1.558020e-03	9	4.741090e-03	4.731410e-04	9	false	GAMG	4.015510e-03	3.176380e-05	4	true
1039          	smoothSolver	4.421320e-04	4.198020e-05	9	1.583820e-02	1.563990e-03	9	4.816760e-03	4.742990e-04	9	false	GAMG	4.088720e-03	3.233360e-05	4	true
1040          	smoothSolver	4.396900e-04	4.156360e-05	9	1.611880e-02	1.568610e-03	9	4.904430e-03	4.744800e-04	9	false	GAMG	4.165920e-03	3.304450e-05	4	true
1041          	smoothSolver	4.380950e-04	4.118320e-05	9	1.646620e-02	1.570240e-03	9	4.981770e-03	4.729040e-04	9	false	GAMG	4.228720e-03	3.390070e-05	4	true
1042          	smoothSolver	4.374190e-04	4.079130e-05	9	1.681710e-02	1.569780e-03	9	5.043740e-03	4.697120e-04	9	false	GAMG	4.236290e-03	3.465640e-05	4	true
1043          	smoothSolver	4.374080e-04	4.032730e-05	9	1.716930e-02	1.568720e-03	9	5.084680e-03	4.643780e-04	9	false	GAMG	4.227640e-03	3.522510e-05	4	true
1044          	smoothSolver	4.375540e-04	3.985660e-05	9	1.756710e-02	1.572580e-03	9	5.118350e-03	4.590710e-04	9	false	GAMG	4.230710e-03	3.525210e-05	4	true
1045          	smoothSolver	4.380890e-04	3.940770e-05	9	1.795610e-02	1.579860e-03	9	5.138980e-03	4.538000e-04	9	false	GAMG	4.253150e-03	3.489210e-05	4	true
1046          	smoothSolver	4.393040e-04	3.909040e-05	9	1.830140e-02	1.591430e-03	9	5.127580e-03	4.488150e-04	9	false	GAMG	4.276080e-03	3.455270e-05	4	true
1047          	smoothSolver	4.408190e-04	3.895850e-05	9	1.857270e-02	1.600430e-03	9	5.086880e-03	4.435650e-04	9	false	GAMG	4.298750e-03	3.373240e-05	4	true
1048          	smoothSolver	4.442110e-04	3.897700e-05	9	1.870490e-02	1.605430e-03	9	5.024050e-03	4.369670e-04	9	false	GAMG	4.329800e-03	3.269330e-05	4	true
1049          	smoothSolver	4.479570e-04	3.904210e-05	9	1.860360e-02	1.599990e-03	9	4.931230e-03	4.286330e-04	9	false	GAMG	4.352790e-03	3.175270e-05	4	true
1050          	smoothSolver	4.520300e-04	3.905390e-05	9	1.826480e-02	1.581310e-03	9	4.809160e-03	4.202600e-04	9	false	GAMG	4.361180e-03	3.129210e-05	4	true
1051          	smoothSolver	4.551730e-04	3.893910e-05	9	1.769910e-02	1.551980e-03	9	4.680270e-03	4.147830e-04	9	false	GAMG	4.351780e-03	3.156420e-05	4	true
1052          	smoothSolver	4.571280e-04	3.878580e-05	9	1.712790e-02	1.530550e-03	9	4.568500e-03	4.131640e-04	9	false	GAMG	4.351010e-03	3.226040e-05	4	true
1053          	smoothSolver	4.581110e-04	3.867930e-05	9	1.667520e-02	1.519610e-03	9	4.498720e-03	4.152780e-04	9	false	GAMG	4.404840e-03	3.352150e-05	4	true
1054          	smoothSolver	4.579230e-04	3.861160e-05	9	1.639390e-02	1.514280e-03	9	4.470940e-03	4.197050e-04	9	false	GAMG	4.451700e-03	3.421780e-05	4	true
1055          	smoothSolver	4.569230e-04	3.861130e-05	9	1.632710e-02	1.511010e-03	9	4.501650e-03	4.257720e-04	9	false	GAMG	4.459690e-03	3.459280e-05	4	true
1056          	smoothSolver	4.541660e-04	3.858730e-05	9	1.645860e-02	1.506040e-03	9	4.572520e-03	4.310480e-04	9	false	GAMG	4.444360e-03	3.568780e-05	4	true
1057          	smoothSolver	4.499760e-04	3.852040e-05	9	1.674020e-02	1.501440e-03	9	4.673730e-03	4.345780e-04	9	false	GAMG	4.399550e-03	3.660280e-05	4	true
1058          	smoothSolver	4.444180e-04	3.849420e-05	9	1.720910e-02	1.501270e-03	9	4.813490e-03	4.382990e-04	9	false	GAMG	4.337550e-03	3.686510e-05	4	true
1059          	smoothSolver	4.398390e-04	3.848010e-05	9	1.775360e-02	1.504430e-03	9	4.969780e-03	4.417900e-04	9	false	GAMG	4.289720e-03	3.700240e-05	4	true
1060          	smoothSolver	4.379970e-04	3.853060e-05	9	1.828850e-02	1.511520e-03	9	5.113310e-03	4.451040e-04	9	false	GAMG	4.274860e-03	3.721550e-05	4	true
1061          	smoothSolver	4.392180e-04	3.871670e-05	9	1.871250e-02	1.515970e-03	9	5.226210e-03	4.477330e-04	9	false	GAMG	4.282700e-03	3.698180e-05	4	true
1062          	smoothSolver	4.430130e-04	3.898640e-05	9	1.894130e-02	1.515670e-03	9	5.294770e-03	4.487130e-04	9	false	GAMG	4.300980e-03	3.640050e-05	4	true
1063          	smoothSolver	4.486660e-04	3.926280e-05	9	1.898030e-02	1.504980e-03	9	5.337090e-03	4.484090e-04	9	false	GAMG	4.330800e-03	3.598100e-05	4	true
1064          	smoothSolver	4.554070e-04	3.947240e-05	9	1.882520e-02	1.488060e-03	9	5.358980e-03	4.492110e-04	9	false	GAMG	4.347980e-03	3.589030e-05	4	true
1065          	smoothSolver	4.626790e-04	3.970950e-05	9	1.853660e-02	1.470970e-03	9	5.377420e-03	4.537670e-04	9	false	GAMG	4.354330e-03	3.570220e-05	4	true
1066          	smoothSolver	4.690190e-04	4.004460e-05	9	1.808980e-02	1.455960e-03	9	5.386510e-03	4.624370e-04	9	false	GAMG	4.360790e-03	3.589720e-05	4	true
1067          	smoothSolver	4.742010e-04	4.055210e-05	9	1.760990e-02	1.446730e-03	9	5.396450e-03	4.752210e-04	9	false	GAMG	4.360010e-03	3.654050e-05	4	true
1068          	smoothSolver	4.782140e-04	4.124730e-05	9	1.712790e-02	1.439600e-03	9	5.401940e-03	4.899600e-04	9	false	GAMG	4.363280e-03	3.687800e-05	4	true
1069          	smoothSolver	4.809180e-04	4.214580e-05	9	1.663260e-02	1.433790e-03	9	5.400190e-03	5.049460e-04	9	false	GAMG	4.359350e-03	3.671680e-05	4	true
1070          	smoothSolver	4.819920e-04	4.305770e-05	9	1.619110e-02	1.429770e-03	9	5.400320e-03	5.183090e-04	9	false	GAMG	4.347210e-03	3.636430e-05	4	true
1071          	smoothSolver	4.817480e-04	4.379490e-05	9	1.585370e-02	1.427520e-03	9	5.413260e-03	5.283930e-04	9	false	GAMG	4.333260e-03	3.658230e-05	4	true
1072          	smoothSolver	4.799100e-04	4.430580e-05	9	1.568530e-02	1.427990e-03	9	5.441780e-03	5.361080e-04	9	false	GAMG	4.317410e-03	3.732730e-05	4	true
1073          	smoothSolver	4.769080e-04	4.451110e-05	9	1.572520e-02	1.429710e-03	9	5.496840e-03	5.416480e-04	9	false	GAMG	4.307330e-03	3.805140e-05	4	true
1074          	smoothSolver	4.748070e-04	4.461370e-05	9	1.597350e-02	1.435310e-03	9	5.582500e-03	5.454020e-04	9	false	GAMG	4.301790e-03	3.889680e-05	4	true
1075          	smoothSolver	4.728240e-04	4.479070e-05	9	1.642880e-02	1.447140e-03	9	5.686040e-03	5.472370e-04	9	false	GAMG	4.319520e-03	3.900360e-05	4	true
1076          	smoothSolver	4.714760e-04	4.503560e-05	9	1.700060e-02	1.466640e-03	9	5.792760e-03	5.468090e-04	9	false	GAMG	4.344840e-03	3.815430e-05	4	true
1077          	smoothSolver	4.704760e-04	4.522040e-05	9	1.755220e-02	1.487000e-03	9	5.873220e-03	5.442190e-04	9	false	GAMG	4.334510e-03	3.698510e-05	4	true
1078          	smoothSolver	4.705410e-04	4.527360e-05	9	1.801770e-02	1.506600e-03	9	5.919400e-03	5.407700e-04	9	false	GAMG	4.312220e-03	3.583390e-05	4	true
1079          	smoothSolver	4.717480e-04	4.509370e-05	9	1.835240e-02	1.520060e-03	9	5.920700e-03	5.372270e-04	9	false	GAMG	4.290430e-03	3.469930e-05	4	true
1080          	smoothSolver	4.725880e-04	4.481590e-05	9	1.855220e-02	1.532060e-03	9	5.885460e-03	5.338850e-04	9	false	GAMG	4.265060e-03	3.422240e-05	4	true
1081          	smoothSolver	4.728650e-04	4.456100e-05	9	1.861900e-02	1.540700e-03	9	5.815760e-03	5.297470e-04	9	false	GAMG	4.237410e-03	3.454670e-05	4	true
1082          	smoothSolver	4.731460e-04	4.433580e-05	9	1.854930e-02	1.545400e-03	9	5.719130e-03	5.244700e-04	9	false	GAMG	4.232790e-03	3.449500e-05	4	true
1083          	smoothSolver	4.738820e-04	4.409340e-05	9	1.836820e-02	1.543990e-03	9	5.603460e-03	5.180930e-04	9	false	GAMG	4.240160e-03	3.405160e-05	4	true
1084          	smoothSolver	4.740540e-04	4.380850e-05	9	1.805890e-02	1.531950e-03	9	5.465560e-03	5.093750e-04	9	false	GAMG	4.270170e-03	3.411340e-05	4	true
1085          	smoothSolver	4.738570e-04	4.342850e-05	9	1.763470e-02	1.510170e-03	9	5.314040e-03	4.990470e-04	9	false	GAMG	4.357020e-03	3.437860e-05	4	true
1086          	smoothSolver	4.734740e-04	4.287660e-05	9	1.710060e-02	1.479880e-03	9	5.178200e-03	4.883980e-04	9	false	GAMG	4.487030e-03	3.468090e-05	4	true
1087          	smoothSolver	4.725260e-04	4.224730e-05	9	1.657890e-02	1.446830e-03	9	5.034690e-03	4.778550e-04	9	false	GAMG	4.608720e-03	3.570690e-05	4	true
1088          	smoothSolver	4.709310e-04	4.163850e-05	9	1.607870e-02	1.414470e-03	9	4.900480e-03	4.679880e-04	9	false	GAMG	4.716480e-03	3.710030e-05	4	true
1089          	smoothSolver	4.679130e-04	4.098880e-05	9	1.563430e-02	1.379480e-03	9	4.785320e-03	4.581940e-04	9	false	GAMG	4.728490e-03	3.793890e-05	4	true
1090          	smoothSolver	4.631160e-04	4.031560e-05	9	1.527390e-02	1.342050e-03	9	4.676220e-03	4.475980e-04	9	false	GAMG	4.660950e-03	3.764830e-05	4	true
1091          	smoothSolver	4.564820e-04	3.959970e-05	9	1.503350e-02	1.305000e-03	9	4.597980e-03	4.366850e-04	9	false	GAMG	4.600960e-03	3.630840e-05	4	true
1092          	smoothSolver	4.481540e-04	3.882380e-05	9	1.495610e-02	1.278550e-03	9	4.549750e-03	4.265050e-04	9	false	GAMG	4.563580e-03	3.461540e-05	4	true
1093          	smoothSolver	4.396420e-04	3.808140e-05	9	1.504480e-02	1.261780e-03	9	4.522050e-03	4.180540e-04	9	false	GAMG	4.522620e-03	3.340130e-05	4	true
1094          	smoothSolver	4.305150e-04	3.743570e-05	9	1.519460e-02	1.257230e-03	9	4.503010e-03	4.111290e-04	9	false	GAMG	4.515800e-03	3.339440e-05	4	true
1095          	smoothSolver	4.219620e-04	3.694650e-05	9	1.533380e-02	1.258490e-03	9	4.488250e-03	4.058390e-04	9	false	GAMG	4.487420e-03	3.389000e-05	4	true
1096          	smoothSolver	4.130930e-04	3.659130e-05	9	1.544480e-02	1.260110e-03	9	4.469550e-03	4.007880e-04	9	false	GAMG	4.426530e-03	3.354150e-05	4	true
1097          	smoothSolver	4.062210e-04	3.648470e-05	9	1.554870e-02	1.260220e-03	9	4.451660e-03	3.963050e-04	9	false	GAMG	4.354040e-03	3.294150e-05	4	true
1098          	smoothSolver	4.021650e-04	3.641920e-05	9	1.561050e-02	1.260200e-03	9	4.444660e-03	3.926040e-04	9	false	GAMG	4.313920e-03	3.281680e-05	4	true
1099          	smoothSolver	4.010040e-04	3.639910e-05	9	1.566230e-02	1.265560e-03	9	4.459370e-03	3.912360e-04	9	false	GAMG	4.292400e-03	3.283290e-05	4	true
1100          	smoothSolver	4.026690e-04	3.642010e-05	9	1.569850e-02	1.272640e-03	9	4.476380e-03	3.926570e-04	9	false	GAMG	4.295320e-03	3.299780e-05	4	true
1101          	smoothSolver	4.061620e-04	3.661130e-05	9	1.562670e-02	1.278080e-03	9	4.486620e-03	3.964490e-04	9	false	GAMG	4.287030e-03	3.372690e-05	4	true
1102          	smoothSolver	4.108240e-04	3.699830e-05	9	1.553830e-02	1.285280e-03	9	4.505500e-03	4.029900e-04	9	false	GAMG	4.268940e-03	3.447730e-05	4	true
1103          	smoothSolver	4.163140e-04	3.761010e-05	9	1.544130e-02	1.294180e-03	9	4.531850e-03	4.108890e-04	9	false	GAMG	4.237110e-03	3.526690e-05	4	true
1104          	smoothSolver	4.229970e-04	3.841320e-05	9	1.535530e-02	1.301740e-03	9	4.574850e-03	4.201320e-04	9	false	GAMG	4.194580e-03	3.611380e-05	4	true
1105          	smoothSolver	4.304820e-04	3.927250e-05	9	1.526390e-02	1.304270e-03	9	4.637330e-03	4.323000e-04	9	false	GAMG	4.153800e-03	3.659950e-05	4	true
1106          	smoothSolver	4.389760e-04	4.025540e-05	9	1.521430e-02	1.309440e-03	9	4.732850e-03	4.493740e-04	9	false	GAMG	4.124800e-03	3.688390e-05	4	true
1107          	smoothSolver	4.484920e-04	4.133590e-05	9	1.522230e-02	1.320650e-03	9	4.869160e-03	4.706400e-04	9	false	GAMG	4.109410e-03	3.714820e-05	4	true
1108          	smoothSolver	4.581450e-04	4.260950e-05	9	1.526120e-02	1.342170e-03	9	5.027240e-03	4.945400e-04	9	false	GAMG	4.114600e-03	3.787190e-05	4	true
1109          	smoothSolver	4.680370e-04	4.408150e-05	9	1.536560e-02	1.371070e-03	9	5.200480e-03	4.101590e-04	10	false	GAMG	4.139290e-03	3.881310e-05	4	true
1110          	smoothSolver	4.776920e-04	4.575900e-05	9	1.552220e-02	1.408060e-03	9	5.350660e-03	4.282230e-04	10	false	GAMG	4.157520e-03	3.886450e-05	4	true
1111          	smoothSolver	4.860970e-04	4.743260e-05	9	1.572350e-02	1.450270e-03	9	5.503650e-03	4.462340e-04	10	false	GAMG	4.167570e-03	3.898000e-05	4	true
1112          	smoothSolver	4.928260e-04	4.887510e-05	9	1.594360e-02	1.491590e-03	9	5.662390e-03	4.625460e-04	10	false	GAMG	4.166650e-03	3.906870e-05	4	true
1113          	smoothSolver	4.990240e-04	3.940970e-05	10	1.623980e-02	1.533230e-03	9	5.833710e-03	4.778430e-04	10	false	GAMG	4.169440e-03	3.884890e-05	4	true
1114          	smoothSolver	5.037080e-04	3.989430e-05	10	1.673290e-02	1.579770e-03	9	6.032560e-03	4.920870e-04	10	false	GAMG	4.185150e-03	3.896900e-05	4	true
1115          	smoothSolver	5.087820e-04	4.036920e-05	10	1.728940e-02	1.623860e-03	9	6.232530e-03	5.026750e-04	10	false	GAMG	4.231000e-03	3.952510e-05	4	true
1116          	smoothSolver	5.139420e-04	4.088170e-05	10	1.793760e-02	1.671010e-03	9	6.418670e-03	5.112830e-04	10	false	GAMG	4.276180e-03	3.982090e-05	4	true
1117          	smoothSolver	5.187460e-04	4.137350e-05	10	1.857590e-02	1.720150e-03	9	6.570650e-03	6.553190e-04	9	false	GAMG	4.301800e-03	3.913640e-05	4	true
1118          	smoothSolver	5.225800e-04	4.172280e-05	10	1.910940e-02	1.762830e-03	9	6.721580e-03	6.633420e-04	9	false	GAMG	4.325310e-03	3.871540e-05	4	true
1119          	smoothSolver	5.261940e-04	4.190120e-05	10	1.951040e-02	1.796130e-03	9	6.806060e-03	6.670090e-04	9	false	GAMG	4.348900e-03	3.793400e-05	4	true
1120          	smoothSolver	5.283910e-04	4.189120e-05	10	1.977110e-02	1.823680e-03	9	6.823750e-03	6.679540e-04	9	false	GAMG	4.359220e-03	3.703920e-05	4	true
1121          	smoothSolver	5.283290e-04	4.168340e-05	10	1.988720e-02	1.840780e-03	9	6.789700e-03	6.659430e-04	9	false	GAMG	4.349850e-03	3.693800e-05	4	true
1122          	smoothSolver	5.262050e-04	5.260160e-05	9	1.989590e-02	1.853550e-03	9	6.713370e-03	6.613610e-04	9	false	GAMG	4.355760e-03	3.819650e-05	4	true
1123          	smoothSolver	5.253660e-04	5.245200e-05	9	1.976930e-02	1.851670e-03	9	6.584720e-03	6.527640e-04	9	false	GAMG	4.370340e-03	3.956780e-05	4	true
1124          	smoothSolver	5.241480e-04	5.212140e-05	9	1.965400e-02	1.847710e-03	9	6.438520e-03	6.421230e-04	9	false	GAMG	4.383440e-03	4.031620e-05	4	true
1125          	smoothSolver	5.224790e-04	5.160530e-05	9	1.952230e-02	1.836800e-03	9	6.273000e-03	4.946930e-04	10	false	GAMG	4.414680e-03	4.089490e-05	4	true
1126          	smoothSolver	5.222250e-04	5.083410e-05	9	1.938540e-02	1.819030e-03	9	6.057900e-03	4.765060e-04	10	false	GAMG	4.449570e-03	4.034560e-05	4	true
1127          	smoothSolver	5.209640e-04	4.977850e-05	9	1.920310e-02	1.794230e-03	9	5.869930e-03	5.840260e-04	9	false	GAMG	4.576780e-03	3.931150e-05	4	true
1128          	smoothSolver	5.198540e-04	4.859610e-05	9	1.895300e-02	1.757830e-03	9	5.749620e-03	5.662490e-04	9	false	GAMG	4.780600e-03	3.979650e-05	4	true
1129          	smoothSolver	5.190300e-04	4.741090e-05	9	1.862930e-02	1.706700e-03	9	5.617090e-03	5.460140e-04	9	false	GAMG	5.022760e-03	4.139550e-05	4	true
1130          	smoothSolver	5.197950e-04	4.628030e-05	9	1.831790e-02	1.648670e-03	9	5.472430e-03	5.243060e-04	9	false	GAMG	5.285520e-03	4.303180e-05	4	true
1131          	smoothSolver	5.209500e-04	4.512310e-05	9	1.798840e-02	1.591850e-03	9	5.312490e-03	5.019140e-04	9	false	GAMG	5.428920e-03	4.384080e-05	4	true
1132          	smoothSolver	5.198430e-04	4.380960e-05	9	1.752040e-02	1.538100e-03	9	5.154300e-03	4.801160e-04	9	false	GAMG	5.444390e-03	4.342290e-05	4	true
1133          	smoothSolver	5.151650e-04	4.249720e-05	9	1.708510e-02	1.489270e-03	9	5.000610e-03	4.614290e-04	9	false	GAMG	5.423140e-03	4.216650e-05	4	true
1134          	smoothSolver	5.054200e-04	4.112860e-05	9	1.676550e-02	1.448600e-03	9	4.901760e-03	4.467400e-04	9	false	GAMG	5.369810e-03	4.030220e-05	4	true
1135          	smoothSolver	4.922270e-04	3.991260e-05	9	1.665260e-02	1.418950e-03	9	4.861160e-03	4.367860e-04	9	false	GAMG	5.249330e-03	3.808000e-05	4	true
1136          	smoothSolver	4.781850e-04	3.886090e-05	9	1.668640e-02	1.398290e-03	9	4.855070e-03	4.300490e-04	9	false	GAMG	5.079520e-03	3.606050e-05	4	true
1137          	smoothSolver	4.634220e-04	3.806610e-05	9	1.681770e-02	1.383430e-03	9	4.855020e-03	4.242450e-04	9	false	GAMG	4.927750e-03	3.419490e-05	4	true
1138          	smoothSolver	4.493020e-04	3.749150e-05	9	1.704560e-02	1.373530e-03	9	4.863800e-03	4.181020e-04	9	false	GAMG	4.766060e-03	3.258970e-05	4	true
1139          	smoothSolver	4.378110e-04	3.712550e-05	9	1.718800e-02	1.360520e-03	9	4.866490e-03	4.106140e-04	9	false	GAMG	4.623460e-03	3.204450e-05	4	true
1140          	smoothSolver	4.285690e-04	3.683730e-05	9	1.719980e-02	1.712560e-03	8	4.854150e-03	4.018640e-04	9	false	GAMG	4.521250e-03	3.185120e-05	4	true
1141          	smoothSolver	4.223550e-04	3.649460e-05	9	1.726840e-02	1.713170e-03	8	4.814410e-03	3.929670e-04	9	false	GAMG	4.456160e-03	3.135110e-05	4	true
1142          	smoothSolver	4.194650e-04	3.612190e-05	9	1.723340e-02	1.713590e-03	8	4.754700e-03	3.856670e-04	9	false	GAMG	4.414930e-03	3.092970e-05	4	true
1143          	smoothSolver	4.187870e-04	3.579940e-05	9	1.710150e-02	1.351000e-03	9	4.681590e-03	3.803440e-04	9	false	GAMG	4.396390e-03	3.123760e-05	4	true
1144          	smoothSolver	4.200730e-04	3.566090e-05	9	1.679470e-02	1.342860e-03	9	4.610350e-03	3.774960e-04	9	false	GAMG	4.391590e-03	3.165490e-05	4	true
1145          	smoothSolver	4.217890e-04	3.560740e-05	9	1.645990e-02	1.340740e-03	9	4.530190e-03	3.750170e-04	9	false	GAMG	4.389450e-03	3.178890e-05	4	true
1146          	smoothSolver	4.235590e-04	3.560690e-05	9	1.610820e-02	1.337150e-03	9	4.444410e-03	3.723440e-04	9	false	GAMG	4.363150e-03	3.143340e-05	4	true
1147          	smoothSolver	4.244670e-04	3.555210e-05	9	1.572270e-02	1.329590e-03	9	4.359810e-03	3.708620e-04	9	false	GAMG	4.317990e-03	3.108790e-05	4	true
1148          	smoothSolver	4.240910e-04	3.548520e-05	9	1.531640e-02	1.322440e-03	9	4.295820e-03	3.732970e-04	9	false	GAMG	4.254190e-03	3.118380e-05	4	true
1149          	smoothSolver	4.222610e-04	3.547540e-05	9	1.494580e-02	1.319990e-03	9	4.264490e-03	3.796940e-04	9	false	GAMG	4.188900e-03	3.221850e-05	4	true
1150          	smoothSolver	4.201780e-04	3.561890e-05	9	1.466450e-02	1.322310e-03	9	4.256820e-03	3.899750e-04	9	false	GAMG	4.120250e-03	3.424400e-05	4	true
1151          	smoothSolver	4.176850e-04	3.588330e-05	9	1.445400e-02	1.328430e-03	9	4.264690e-03	4.011960e-04	9	false	GAMG	4.055690e-03	3.464990e-05	4	true
1152          	smoothSolver	4.141780e-04	3.624660e-05	9	1.428010e-02	1.335810e-03	9	4.271560e-03	4.106850e-04	9	false	GAMG	4.013740e-03	3.389660e-05	4	true
1153          	smoothSolver	4.106130e-04	3.663670e-05	9	1.413680e-02	1.341920e-03	9	4.277920e-03	4.186850e-04	9	false	GAMG	3.971920e-03	3.304210e-05	4	true
1154          	smoothSolver	4.066890e-04	3.693320e-05	9	1.405870e-02	1.351660e-03	9	4.280780e-03	4.246230e-04	9	false	GAMG	3.933890e-03	3.213910e-05	4	true
1155          	smoothSolver	4.022920e-04	3.714810e-05	9	1.405350e-02	1.364460e-03	9	4.294280e-03	3.386300e-04	10	false	GAMG	3.912100e-03	3.137020e-05	4	true
1156          	smoothSolver	3.982720e-04	3.743180e-05	9	1.413620e-02	1.383100e-03	9	4.288180e-03	3.398600e-04	10	false	GAMG	3.867410e-03	3.076120e-05	4	true
1157          	smoothSolver	3.948910e-04	3.773650e-05	9	1.435020e-02	1.408770e-03	9	4.316690e-03	3.424770e-04	10	false	GAMG	3.804210e-03	3.089550e-05	4	true
1158          	smoothSolver	3.919300e-04	3.802940e-05	9	1.463080e-02	1.435740e-03	9	4.354640e-03	3.439770e-04	10	false	GAMG	3.742330e-03	3.127460e-05	4	true
1159          	smoothSolver	3.894390e-04	3.832390e-05	9	1.493230e-02	1.461730e-03	9	4.391540e-03	4.356390e-04	9	false	GAMG	3.674860e-03	3.118370e-05	4	true
1160          	smoothSolver	3.874520e-04	3.848440e-05	9	1.525230e-02	1.483170e-03	9	4.456780e-03	4.364660e-04	9	false	GAMG	3.629770e-03	3.137790e-05	4	true
1161          	smoothSolver	3.866540e-04	3.856600e-05	9	1.560210e-02	1.503210e-03	9	4.522130e-03	4.360560e-04	9	false	GAMG	3.615070e-03	3.148730e-05	4	true
1162          	smoothSolver	3.867110e-04	3.856660e-05	9	1.597830e-02	1.521760e-03	9	4.587240e-03	4.359150e-04	9	false	GAMG	3.644300e-03	3.156930e-05	4	true
1163          	smoothSolver	3.889230e-04	3.859450e-05	9	1.640220e-02	1.544250e-03	9	4.664310e-03	4.381770e-04	9	false	GAMG	3.705800e-03	3.231160e-05	4	true
1164          	smoothSolver	3.929280e-04	3.871390e-05	9	1.685530e-02	1.567980e-03	9	4.747190e-03	4.417090e-04	9	false	GAMG	3.764780e-03	3.305850e-05	4	true
1165          	smoothSolver	3.979700e-04	3.889370e-05	9	1.730280e-02	1.590560e-03	9	4.825370e-03	4.457940e-04	9	false	GAMG	3.821720e-03	3.329020e-05	4	true
1166          	smoothSolver	4.041790e-04	3.910410e-05	9	1.771050e-02	1.608000e-03	9	4.893260e-03	4.493500e-04	9	false	GAMG	3.859720e-03	3.325560e-05	4	true
1167          	smoothSolver	4.103770e-04	3.924760e-05	9	1.803240e-02	1.618350e-03	9	4.945220e-03	4.509760e-04	9	false	GAMG	3.900370e-03	3.303790e-05	4	true
1168          	smoothSolver	4.170860e-04	3.927860e-05	9	1.829120e-02	1.623420e-03	9	4.984840e-03	4.517320e-04	9	false	GAMG	3.959930e-03	3.248650e-05	4	true
1169          	smoothSolver	4.235120e-04	3.927050e-05	9	1.826660e-02	1.607270e-03	9	5.001390e-03	4.518520e-04	9	false	GAMG	4.038950e-03	3.170420e-05	4	true
1170          	smoothSolver	4.285880e-04	3.924170e-05	9	1.806830e-02	1.584860e-03	9	4.986700e-03	4.511790e-04	9	false	GAMG	4.102880e-03	3.087640e-05	4	true
1171          	smoothSolver	4.333730e-04	3.925100e-05	9	1.774670e-02	1.559950e-03	9	4.950050e-03	4.496490e-04	9	false	GAMG	4.166570e-03	3.017970e-05	4	true
1172          	smoothSolver	4.374160e-04	3.938770e-05	9	1.736820e-02	1.535200e-03	9	4.889250e-03	4.471120e-04	9	false	GAMG	4.206300e-03	2.980950e-05	4	true
1173          	smoothSolver	4.412690e-04	3.962190e-05	9	1.688390e-02	1.505820e-03	9	4.803910e-03	4.427060e-04	9	false	GAMG	4.217860e-03	2.985430e-05	4	true
1174          	smoothSolver	4.447660e-04	3.980440e-05	9	1.637440e-02	1.476380e-03	9	4.693300e-03	4.376260e-04	9	false	GAMG	4.207210e-03	2.979790e-05	4	true
1175          	smoothSolver	4.479960e-04	3.986880e-05	9	1.593160e-02	1.453450e-03	9	4.600580e-03	4.342650e-04	9	false	GAMG	4.181320e-03	2.940660e-05	4	true
1176          	smoothSolver	4.495270e-04	3.982090e-05	9	1.562700e-02	1.440390e-03	9	4.545890e-03	4.331630e-04	9	false	GAMG	4.190070e-03	2.955290e-05	4	true
1177          	smoothSolver	4.514780e-04	3.974970e-05	9	1.558600e-02	1.437780e-03	9	4.562010e-03	4.355760e-04	9	false	GAMG	4.214770e-03	3.055970e-05	4	true
1178          	smoothSolver	4.532240e-04	3.974300e-05	9	1.581170e-02	1.442550e-03	9	4.641470e-03	4.415130e-04	9	false	GAMG	4.238050e-03	3.121130e-05	4	true
1179          	smoothSolver	4.547290e-04	3.979230e-05	9	1.626420e-02	1.453340e-03	9	4.780830e-03	4.487880e-04	9	false	GAMG	4.245610e-03	3.141090e-05	4	true
1180          	smoothSolver	4.552490e-04	3.989580e-05	9	1.690160e-02	1.469520e-03	9	4.969490e-03	4.558600e-04	9	false	GAMG	4.258780e-03	3.177640e-05	4	true
1181          	smoothSolver	4.554410e-04	3.998450e-05	9	1.768570e-02	1.489510e-03	9	5.183010e-03	4.617220e-04	9	false	GAMG	4.299020e-03	3.225790e-05	4	true
1182          	smoothSolver	4.568490e-04	4.008180e-05	9	1.853940e-02	1.514830e-03	9	5.398280e-03	4.676530e-04	9	false	GAMG	4.352050e-03	3.252210e-05	4	true
1183          	smoothSolver	4.600370e-04	4.019270e-05	9	1.939680e-02	1.545810e-03	9	5.583580e-03	4.732890e-04	9	false	GAMG	4.434780e-03	3.313830e-05	4	true
1184          	smoothSolver	4.660150e-04	4.036340e-05	9	2.010290e-02	1.578420e-03	9	5.715990e-03	4.781380e-04	9	false	GAMG	4.511360e-03	3.424640e-05	4	true
1185          	smoothSolver	4.735800e-04	4.069410e-05	9	2.040980e-02	2.028140e-03	8	5.816970e-03	4.830080e-04	9	false	GAMG	4.559590e-03	3.518040e-05	4	true
1186          	smoothSolver	4.810810e-04	4.105940e-05	9	2.048480e-02	2.037340e-03	8	5.883190e-03	4.865330e-04	9	false	GAMG	4.581830e-03	3.592320e-05	4	true
1187          	smoothSolver	4.893350e-04	4.153620e-05	9	2.026660e-02	1.593120e-03	9	5.927090e-03	4.922650e-04	9	false	GAMG	4.595590e-03	3.671310e-05	4	true
1188          	smoothSolver	4.978210e-04	4.215410e-05	9	1.974530e-02	1.569260e-03	9	5.965380e-03	5.020570e-04	9	false	GAMG	4.570690e-03	3.713580e-05	4	true
1189          	smoothSolver	5.060760e-04	4.271390e-05	9	1.920800e-02	1.547680e-03	9	5.988770e-03	5.152510e-04	9	false	GAMG	4.554100e-03	3.736640e-05	4	true
1190          	smoothSolver	5.147830e-04	4.326710e-05	9	1.872480e-02	1.534000e-03	9	6.026490e-03	5.321720e-04	9	false	GAMG	4.584820e-03	3.773410e-05	4	true
1191          	smoothSolver	5.214590e-04	4.397360e-05	9	1.829700e-02	1.528240e-03	9	6.083650e-03	5.514760e-04	9	false	GAMG	4.633840e-03	3.864900e-05	4	true
1192          	smoothSolver	5.273340e-04	4.486690e-05	9	1.793930e-02	1.526300e-03	9	6.161110e-03	5.705370e-04	9	false	GAMG	4.677060e-03	3.937230e-05	4	true
1193          	smoothSolver	5.321470e-04	4.573550e-05	9	1.772090e-02	1.525420e-03	9	6.265890e-03	5.873140e-04	9	false	GAMG	4.762260e-03	3.987470e-05	4	true
1194          	smoothSolver	5.364120e-04	4.638870e-05	9	1.767220e-02	1.524020e-03	9	6.401440e-03	6.007590e-04	9	false	GAMG	4.872220e-03	4.075850e-05	4	true
1195          	smoothSolver	5.411990e-04	4.694910e-05	9	1.788860e-02	1.525850e-03	9	6.608440e-03	6.098600e-04	9	false	GAMG	4.994280e-03	4.100710e-05	4	true
1196          	smoothSolver	5.462830e-04	4.763960e-05	9	1.841000e-02	1.538050e-03	9	6.860610e-03	6.172300e-04	9	false	GAMG	5.152130e-03	3.983420e-05	4	true
1197          	smoothSolver	5.507000e-04	4.841610e-05	9	1.905730e-02	1.561390e-03	9	7.105300e-03	6.226970e-04	9	false	GAMG	5.280100e-03	3.828970e-05	4	true
1198          	smoothSolver	5.533840e-04	4.905420e-05	9	1.958380e-02	1.594190e-03	9	7.243430e-03	6.257120e-04	9	false	GAMG	5.343830e-03	3.737110e-05	4	true
1199          	smoothSolver	5.536050e-04	4.955080e-05	9	1.993780e-02	1.631000e-03	9	7.261410e-03	6.258030e-04	9	false	GAMG	5.315570e-03	3.734050e-05	4	true
1200          	smoothSolver	5.506610e-04	4.973580e-05	9	2.006890e-02	1.663800e-03	9	7.168740e-03	6.224410e-04	9	false	GAMG	5.191240e-03	3.729910e-05	4	true
1201          	smoothSolver	5.441090e-04	4.963580e-05	9	2.000990e-02	1.685250e-03	9	7.006280e-03	6.147690e-04	9	false	GAMG	5.047090e-03	3.653590e-05	4	true
1202          	smoothSolver	5.357130e-04	4.925560e-05	9	1.979690e-02	1.696800e-03	9	6.807300e-03	6.048810e-04	9	false	GAMG	4.956270e-03	3.532900e-05	4	true
1203          	smoothSolver	5.255010e-04	4.858180e-05	9	1.949330e-02	1.699850e-03	9	6.588490e-03	5.946900e-04	9	false	GAMG	4.906370e-03	3.427840e-05	4	true
1204          	smoothSolver	5.148990e-04	4.772880e-05	9	1.916990e-02	1.698030e-03	9	6.363520e-03	5.846930e-04	9	false	GAMG	4.836650e-03	3.388030e-05	4	true
1205          	smoothSolver	5.061060e-04	4.686900e-05	9	1.887530e-02	1.695040e-03	9	6.152000e-03	5.749600e-04	9	false	GAMG	4.794160e-03	3.479310e-05	4	true
1206          	smoothSolver	5.001660e-04	4.598060e-05	9	1.861160e-02	1.686290e-03	9	5.963500e-03	5.636400e-04	9	false	GAMG	4.886640e-03	3.610400e-05	4	true
1207          	smoothSolver	4.970530e-04	4.508280e-05	9	1.840120e-02	1.675380e-03	9	5.821320e-03	5.489780e-04	9	false	GAMG	5.030530e-03	3.744120e-05	4	true
1208          	smoothSolver	4.956330e-04	4.432250e-05	9	1.826010e-02	1.659900e-03	9	5.691690e-03	5.315930e-04	9	false	GAMG	5.235420e-03	3.871180e-05	4	true
1209          	smoothSolver	4.963740e-04	4.355170e-05	9	1.814960e-02	1.637260e-03	9	5.553290e-03	5.114920e-04	9	false	GAMG	5.474990e-03	3.972200e-05	4	true
1210          	smoothSolver	4.973790e-04	4.267010e-05	9	1.805730e-02	1.611970e-03	9	5.411830e-03	4.916150e-04	9	false	GAMG	5.644760e-03	4.011010e-05	4	true
1211          	smoothSolver	4.981540e-04	4.167800e-05	9	1.796420e-02	1.587900e-03	9	5.273250e-03	4.739890e-04	9	false	GAMG	5.706300e-03	3.985300e-05	4	true
1212          	smoothSolver	4.969670e-04	4.064800e-05	9	1.779500e-02	1.569490e-03	9	5.126890e-03	4.600470e-04	9	false	GAMG	5.716420e-03	4.005210e-05	4	true
1213          	smoothSolver	4.919750e-04	3.979120e-05	9	1.759390e-02	1.554480e-03	9	5.008210e-03	4.503530e-04	9	false	GAMG	5.637870e-03	4.046750e-05	4	true
1214          	smoothSolver	4.835320e-04	3.907260e-05	9	1.741550e-02	1.540770e-03	9	4.947130e-03	4.438380e-04	9	false	GAMG	5.496070e-03	4.015000e-05	4	true
1215          	smoothSolver	4.717320e-04	3.848960e-05	9	1.728510e-02	1.524450e-03	9	4.923510e-03	4.385380e-04	9	false	GAMG	5.302640e-03	3.914430e-05	4	true
1216          	smoothSolver	4.574900e-04	3.789190e-05	9	1.724740e-02	1.502730e-03	9	4.906370e-03	4.320970e-04	9	false	GAMG	5.121560e-03	3.808530e-05	4	true
1217          	smoothSolver	4.432620e-04	3.726190e-05	9	1.720570e-02	1.472660e-03	9	4.890810e-03	4.255070e-04	9	false	GAMG	4.993230e-03	3.692910e-05	4	true
1218          	smoothSolver	4.297590e-04	3.660150e-05	9	1.712470e-02	1.438250e-03	9	4.874710e-03	4.189350e-04	9	false	GAMG	4.860990e-03	3.570990e-05	4	true
1219          	smoothSolver	4.182910e-04	3.603670e-05	9	1.699750e-02	1.400020e-03	9	4.862800e-03	4.125360e-04	9	false	GAMG	4.767920e-03	3.461760e-05	4	true
1220          	smoothSolver	4.089390e-04	3.562060e-05	9	1.680860e-02	1.362220e-03	9	4.844250e-03	4.061840e-04	9	false	GAMG	4.704610e-03	3.355490e-05	4	true
1221          	smoothSolver	4.024740e-04	3.532230e-05	9	1.655480e-02	1.323870e-03	9	4.820720e-03	3.995130e-04	9	false	GAMG	4.651390e-03	3.309800e-05	4	true
1222          	smoothSolver	3.998560e-04	3.501030e-05	9	1.627070e-02	1.284920e-03	9	4.785950e-03	3.912210e-04	9	false	GAMG	4.604090e-03	3.325320e-05	4	true
1223          	smoothSolver	3.994200e-04	3.458620e-05	9	1.595890e-02	1.591060e-03	8	4.723490e-03	3.821600e-04	9	false	GAMG	4.568190e-03	3.314400e-05	4	true
1224          	smoothSolver	3.994360e-04	3.398250e-05	9	1.572290e-02	1.563920e-03	8	4.651790e-03	3.744050e-04	9	false	GAMG	4.527080e-03	3.171220e-05	4	true
1225          	smoothSolver	3.996110e-04	3.339430e-05	9	1.541920e-02	1.538100e-03	8	4.568410e-03	3.690820e-04	9	false	GAMG	4.480680e-03	3.020920e-05	4	true
1226          	smoothSolver	3.988320e-04	3.291260e-05	9	1.507070e-02	1.188640e-03	9	4.473670e-03	3.663210e-04	9	false	GAMG	4.441870e-03	2.928410e-05	4	true
1227          	smoothSolver	3.971530e-04	3.266790e-05	9	1.454090e-02	1.160410e-03	9	4.367080e-03	3.652180e-04	9	false	GAMG	4.386090e-03	2.872190e-05	4	true
1228          	smoothSolver	3.931810e-04	3.253020e-05	9	1.397550e-02	1.134670e-03	9	4.246850e-03	3.631770e-04	9	false	GAMG	4.291580e-03	2.783490e-05	4	true
1229          	smoothSolver	3.876260e-04	3.238470e-05	9	1.339980e-02	1.110840e-03	9	4.116270e-03	3.594420e-04	9	false	GAMG	4.181620e-03	2.671000e-05	4	true
1230          	smoothSolver	3.809310e-04	3.216660e-05	9	1.283940e-02	1.086330e-03	9	3.989620e-03	3.554630e-04	9	false	GAMG	4.060350e-03	2.588230e-05	4	true
1231          	smoothSolver	3.734800e-04	3.191810e-05	9	1.230630e-02	1.061360e-03	9	3.881670e-03	3.535470e-04	9	false	GAMG	3.948570e-03	2.586000e-05	4	true
1232          	smoothSolver	3.650980e-04	3.171040e-05	9	1.186580e-02	1.042730e-03	9	3.797860e-03	3.539470e-04	9	false	GAMG	3.873490e-03	2.638230e-05	4	true
1233          	smoothSolver	3.565920e-04	3.159430e-05	9	1.150630e-02	1.026720e-03	9	3.730030e-03	3.560580e-04	9	false	GAMG	3.822260e-03	2.692190e-05	4	true
1234          	smoothSolver	3.488610e-04	3.158740e-05	9	1.119060e-02	1.010030e-03	9	3.674020e-03	3.573160e-04	9	false	GAMG	3.779160e-03	2.656180e-05	4	true
1235          	smoothSolver	3.418620e-04	3.170030e-05	9	1.092870e-02	9.960270e-04	9	3.633670e-03	3.570950e-04	9	false	GAMG	3.743420e-03	2.594740e-05	4	true
1236          	smoothSolver	3.355210e-04	3.178000e-05	9	1.073140e-02	9.843240e-04	9	3.607250e-03	3.558800e-04	9	false	GAMG	3.688800e-03	2.553770e-05	4	true
1237          	smoothSolver	3.294620e-04	3.173540e-05	9	1.061540e-02	9.779200e-04	9	3.598870e-03	3.550190e-04	9	false	GAMG	3.610450e-03	2.518220e-05	4	true
1238          	smoothSolver	3.239160e-04	3.157350e-05	9	1.057170e-02	9.766110e-04	9	3.602930e-03	3.546530e-04	9	false	GAMG	3.546900e-03	2.482110e-05	4	true
1239          	smoothSolver	3.190570e-04	3.139380e-05	9	1.056380e-02	9.805960e-04	9	3.605370e-03	3.542510e-04	9	false	GAMG	3.503070e-03	2.492680e-05	4	true
1240          	smoothSolver	3.153990e-04	3.127950e-05	9	1.060710e-02	9.877520e-04	9	3.605490e-03	3.539300e-04	9	false	GAMG	3.475740e-03	2.535640e-05	4	true
1241          	smoothSolver	3.130350e-04	3.122270e-05	9	1.067830e-02	9.977750e-04	9	3.601040e-03	3.521990e-04	9	false	GAMG	3.460010e-03	2.574060e-05	4	true
1242          	smoothSolver	3.111900e-04	2.456010e-05	10	1.075220e-02	1.006880e-03	9	3.588710e-03	3.485790e-04	9	false	GAMG	3.461000e-03	2.600580e-05	4	true
1243          	smoothSolver	3.082650e-04	3.080860e-05	9	1.086690e-02	1.018000e-03	9	3.584950e-03	3.454420e-04	9	false	GAMG	3.448530e-03	2.552990e-05	4	true
1244          	smoothSolver	3.072510e-04	3.057150e-05	9	1.086220e-02	1.016710e-03	9	3.562890e-03	3.410610e-04	9	false	GAMG	3.443030e-03	2.539170e-05	4	true
1245          	smoothSolver	3.063680e-04	3.032770e-05	9	1.086250e-02	1.015650e-03	9	3.563460e-03	3.403930e-04	9	false	GAMG	3.432840e-03	2.535960e-05	4	true
1246          	smoothSolver	3.063290e-04	3.017010e-05	9	1.086060e-02	1.017430e-03	9	3.576420e-03	3.430710e-04	9	false	GAMG	3.422180e-03	2.586650e-05	4	true
1247          	smoothSolver	3.070740e-04	3.018030e-05	9	1.086970e-02	1.021090e-03	9	3.600080e-03	3.480820e-04	9	false	GAMG	3.418510e-03	2.657560e-05	4	true
1248          	smoothSolver	3.084200e-04	3.031480e-05	9	1.087630e-02	1.025070e-03	9	3.623290e-03	3.535110e-04	9	false	GAMG	3.424790e-03	2.673090e-05	4	true
1249          	smoothSolver	3.102790e-04	3.054450e-05	9	1.088630e-02	1.028870e-03	9	3.638830e-03	3.578540e-04	9	false	GAMG	3.436280e-03	2.661430e-05	4	true
1250          	smoothSolver	3.128600e-04	3.080710e-05	9	1.089710e-02	1.030770e-03	9	3.641580e-03	3.605830e-04	9	false	GAMG	3.444290e-03	2.667920e-05	4	true
1251          	smoothSolver	3.166950e-04	3.108350e-05	9	1.095200e-02	1.037110e-03	9	3.653820e-03	3.641730e-04	9	false	GAMG	3.437970e-03	2.657440e-05	4	true
1252          	smoothSolver	3.212810e-04	3.140690e-05	9	1.107630e-02	1.049260e-03	9	3.676390e-03	2.913240e-04	10	false	GAMG	3.435720e-03	2.679940e-05	4	true
1253          	smoothSolver	3.271920e-04	3.187500e-05	9	1.128680e-02	1.070440e-03	9	3.682340e-03	2.940320e-04	10	false	GAMG	3.425920e-03	2.726650e-05	4	true
1254          	smoothSolver	3.335180e-04	3.248990e-05	9	1.157090e-02	1.100170e-03	9	3.716770e-03	2.994210e-04	10	false	GAMG	3.430810e-03	2.771950e-05	4	true
1255          	smoothSolver	3.397130e-04	3.312800e-05	9	1.190300e-02	1.131360e-03	9	3.762220e-03	3.043510e-04	10	false	GAMG	3.447850e-03	2.805010e-05	4	true
1256          	smoothSolver	3.454160e-04	3.374200e-05	9	1.224040e-02	1.160850e-03	9	3.812150e-03	3.076840e-04	10	false	GAMG	3.473980e-03	2.815270e-05	4	true
1257          	smoothSolver	3.505780e-04	3.422270e-05	9	1.253660e-02	1.186130e-03	9	3.851990e-03	3.089790e-04	10	false	GAMG	3.489930e-03	2.803470e-05	4	true
1258          	smoothSolver	3.553380e-04	3.453950e-05	9	1.276560e-02	1.208690e-03	9	3.878490e-03	3.093740e-04	10	false	GAMG	3.497320e-03	2.783360e-05	4	true
1259          	smoothSolver	3.602210e-04	3.478870e-05	9	1.293680e-02	1.229930e-03	9	3.896070e-03	3.099480e-04	10	false	GAMG	3.516640e-03	2.790450e-05	4	true
1260          	smoothSolver	3.648200e-04	3.501640e-05	9	1.306640e-02	1.256480e-03	9	3.912670e-03	3.108140e-04	10	false	GAMG	3.561990e-03	2.954880e-05	4	true
1261          	smoothSolver	3.698360e-04	3.526500e-05	9	1.321050e-02	1.283910e-03	9	3.933260e-03	3.120570e-04	10	false	GAMG	3.630290e-03	3.107950e-05	4	true
1262          	smoothSolver	3.751300e-04	3.556260e-05	9	1.336330e-02	1.311880e-03	9	3.953370e-03	3.130490e-04	10	false	GAMG	3.734760e-03	3.148210e-05	4	true
1263          	smoothSolver	3.812060e-04	3.589120e-05	9	1.358270e-02	1.339120e-03	9	3.995500e-03	3.982040e-04	9	false	GAMG	3.834260e-03	3.138600e-05	4	true
1264          	smoothSolver	3.871280e-04	3.611420e-05	9	1.381610e-02	1.360800e-03	9	4.076050e-03	4.007110e-04	9	false	GAMG	3.931470e-03	3.178860e-05	4	true
1265          	smoothSolver	3.928160e-04	3.627980e-05	9	1.410120e-02	1.381810e-03	9	4.162190e-03	4.030960e-04	9	false	GAMG	4.013260e-03	3.182720e-05	4	true
1266          	smoothSolver	3.971960e-04	3.646090e-05	9	1.442070e-02	1.404070e-03	9	4.259650e-03	4.075090e-04	9	false	GAMG	4.070660e-03	3.152140e-05	4	true
1267          	smoothSolver	4.009570e-04	3.670590e-05	9	1.473300e-02	1.427210e-03	9	4.353570e-03	4.137900e-04	9	false	GAMG	4.093660e-03	3.146810e-05	4	true
1268          	smoothSolver	4.036800e-04	3.708820e-05	9	1.503300e-02	1.449090e-03	9	4.445110e-03	4.215460e-04	9	false	GAMG	4.088860e-03	3.183210e-05	4	true
1269          	smoothSolver	4.053710e-04	3.760240e-05	9	1.532070e-02	1.469650e-03	9	4.530570e-03	4.289650e-04	9	false	GAMG	4.083280e-03	3.214070e-05	4	true
1270          	smoothSolver	4.070530e-04	3.824770e-05	9	1.554770e-02	1.485040e-03	9	4.602120e-03	4.351060e-04	9	false	GAMG	4.053150e-03	3.221050e-05	4	true
1271          	smoothSolver	4.099440e-04	3.885090e-05	9	1.574030e-02	1.493080e-03	9	4.680160e-03	4.401560e-04	9	false	GAMG	4.038290e-03	3.213560e-05	4	true
1272          	smoothSolver	4.133850e-04	3.935750e-05	9	1.589210e-02	1.498560e-03	9	4.764640e-03	4.460500e-04	9	false	GAMG	4.028340e-03	3.202850e-05	4	true
1273          	smoothSolver	4.171280e-04	3.978730e-05	9	1.599510e-02	1.499270e-03	9	4.863880e-03	4.539660e-04	9	false	GAMG	4.022010e-03	3.214150e-05	4	true
1274          	smoothSolver	4.222310e-04	4.022290e-05	9	1.607160e-02	1.498260e-03	9	4.964770e-03	4.633030e-04	9	false	GAMG	4.029530e-03	3.301290e-05	4	true
1275          	smoothSolver	4.286990e-04	4.073020e-05	9	1.614980e-02	1.496490e-03	9	5.070300e-03	4.734390e-04	9	false	GAMG	4.069190e-03	3.433850e-05	4	true
1276          	smoothSolver	4.364920e-04	4.128690e-05	9	1.619170e-02	1.493770e-03	9	5.160920e-03	4.825990e-04	9	false	GAMG	4.125170e-03	3.506470e-05	4	true
1277          	smoothSolver	4.451190e-04	4.194210e-05	9	1.618050e-02	1.488320e-03	9	5.231640e-03	4.902250e-04	9	false	GAMG	4.172890e-03	3.485610e-05	4	true
1278          	smoothSolver	4.537180e-04	4.261220e-05	9	1.610410e-02	1.481740e-03	9	5.276640e-03	4.956880e-04	9	false	GAMG	4.212150e-03	3.407360e-05	4	true
1279          	smoothSolver	4.616080e-04	4.319840e-05	9	1.601020e-02	1.479060e-03	9	5.294110e-03	4.997990e-04	9	false	GAMG	4.242790e-03	3.321480e-05	4	true
1280          	smoothSolver	4.689300e-04	4.373680e-05	9	1.591650e-02	1.480130e-03	9	5.295930e-03	5.042440e-04	9	false	GAMG	4.269330e-03	3.253330e-05	4	true
1281          	smoothSolver	4.747370e-04	4.408140e-05	9	1.579960e-02	1.484470e-03	9	5.272810e-03	5.068660e-04	9	false	GAMG	4.284040e-03	3.239350e-05	4	true
1282          	smoothSolver	4.785930e-04	4.439940e-05	9	1.567960e-02	1.494080e-03	9	5.227770e-03	5.083310e-04	9	false	GAMG	4.273840e-03	3.249890e-05	4	true
1283          	smoothSolver	4.814570e-04	4.468940e-05	9	1.563000e-02	1.506420e-03	9	5.180900e-03	5.076890e-04	9	false	GAMG	4.259220e-03	3.292020e-05	4	true
1284          	smoothSolver	4.822060e-04	4.488320e-05	9	1.564200e-02	1.518880e-03	9	5.146180e-03	5.050690e-04	9	false	GAMG	4.251000e-03	3.365430e-05	4	true
1285          	smoothSolver	4.818860e-04	4.495180e-05	9	1.567360e-02	1.527230e-03	9	5.119100e-03	5.007140e-04	9	false	GAMG	4.288400e-03	3.438130e-05	4	true
1286          	smoothSolver	4.799360e-04	4.480140e-05	9	1.576860e-02	1.534920e-03	9	5.112950e-03	4.981200e-04	9	false	GAMG	4.354050e-03	3.489150e-05	4	true
1287          	smoothSolver	4.773170e-04	4.444420e-05	9	1.591860e-02	1.540500e-03	9	5.148870e-03	4.984250e-04	9	false	GAMG	4.410610e-03	3.514770e-05	4	true
1288          	smoothSolver	4.737130e-04	4.397230e-05	9	1.616790e-02	1.547350e-03	9	5.219560e-03	5.005000e-04	9	false	GAMG	4.440870e-03	3.543320e-05	4	true
1289          	smoothSolver	4.701500e-04	4.345690e-05	9	1.649060e-02	1.552700e-03	9	5.314270e-03	5.030440e-04	9	false	GAMG	4.462820e-03	3.584740e-05	4	true
1290          	smoothSolver	4.672580e-04	4.295640e-05	9	1.682280e-02	1.551750e-03	9	5.402130e-03	5.029190e-04	9	false	GAMG	4.473530e-03	3.578640e-05	4	true
1291          	smoothSolver	4.647260e-04	4.251830e-05	9	1.716720e-02	1.544600e-03	9	5.467660e-03	4.992210e-04	9	false	GAMG	4.522210e-03	3.560250e-05	4	true
1292          	smoothSolver	4.630000e-04	4.205810e-05	9	1.745870e-02	1.532750e-03	9	5.523040e-03	4.920570e-04	9	false	GAMG	4.577890e-03	3.570290e-05	4	true
1293          	smoothSolver	4.618890e-04	4.147400e-05	9	1.771520e-02	1.524290e-03	9	5.558050e-03	4.835590e-04	9	false	GAMG	4.630830e-03	3.573260e-05	4	true
1294          	smoothSolver	4.617370e-04	4.093120e-05	9	1.798400e-02	1.520510e-03	9	5.581870e-03	4.762250e-04	9	false	GAMG	4.671220e-03	3.536200e-05	4	true
1295          	smoothSolver	4.640420e-04	4.052700e-05	9	1.824690e-02	1.521660e-03	9	5.582030e-03	4.697220e-04	9	false	GAMG	4.664190e-03	3.471980e-05	4	true
1296          	smoothSolver	4.678690e-04	4.037160e-05	9	1.840510e-02	1.526770e-03	9	5.551050e-03	4.642270e-04	9	false	GAMG	4.647410e-03	3.414870e-05	4	true
1297          	smoothSolver	4.738020e-04	4.039930e-05	9	1.849560e-02	1.533750e-03	9	5.479240e-03	4.595500e-04	9	false	GAMG	4.616360e-03	3.342010e-05	4	true
1298          	smoothSolver	4.791500e-04	4.051340e-05	9	1.845080e-02	1.541960e-03	9	5.370760e-03	4.548100e-04	9	false	GAMG	4.561730e-03	3.257980e-05	4	true
1299          	smoothSolver	4.827720e-04	4.061840e-05	9	1.821060e-02	1.548490e-03	9	5.226940e-03	4.500700e-04	9	false	GAMG	4.530240e-03	3.181260e-05	4	true
1300          	smoothSolver	4.837040e-04	4.062450e-05	9	1.778810e-02	1.551730e-03	9	5.049880e-03	4.472540e-04	9	false	GAMG	4.514520e-03	3.180320e-05	4	true
1301          	smoothSolver	4.825670e-04	4.058050e-05	9	1.731370e-02	1.550880e-03	9	4.908370e-03	4.491470e-04	9	false	GAMG	4.467390e-03	3.248720e-05	4	true
1302          	smoothSolver	4.807730e-04	4.049940e-05	9	1.695990e-02	1.546720e-03	9	4.850690e-03	4.544840e-04	9	false	GAMG	4.402870e-03	3.344760e-05	4	true
1303          	smoothSolver	4.775580e-04	4.047680e-05	9	1.676220e-02	1.536900e-03	9	4.862170e-03	4.620900e-04	9	false	GAMG	4.345340e-03	3.393770e-05	4	true
1304          	smoothSolver	4.728770e-04	4.051740e-05	9	1.673010e-02	1.521680e-03	9	4.921890e-03	4.688020e-04	9	false	GAMG	4.273150e-03	3.352990e-05	4	true
1305          	smoothSolver	4.668100e-04	4.058680e-05	9	1.687370e-02	1.502170e-03	9	5.010130e-03	4.729410e-04	9	false	GAMG	4.199390e-03	3.303170e-05	4	true
1306          	smoothSolver	4.601110e-04	4.060530e-05	9	1.705180e-02	1.477120e-03	9	5.105040e-03	4.731740e-04	9	false	GAMG	4.174760e-03	3.299390e-05	4	true
1307          	smoothSolver	4.543640e-04	4.048950e-05	9	1.729210e-02	1.451850e-03	9	5.197270e-03	4.695900e-04	9	false	GAMG	4.185740e-03	3.267410e-05	4	true
1308          	smoothSolver	4.487960e-04	4.024320e-05	9	1.752410e-02	1.429020e-03	9	5.267200e-03	4.639710e-04	9	false	GAMG	4.200490e-03	3.166050e-05	4	true
1309          	smoothSolver	4.453130e-04	3.994360e-05	9	1.765640e-02	1.410190e-03	9	5.296800e-03	4.564150e-04	9	false	GAMG	4.195840e-03	3.069510e-05	4	true
1310          	smoothSolver	4.443470e-04	3.964760e-05	9	1.765130e-02	1.397290e-03	9	5.284800e-03	4.484370e-04	9	false	GAMG	4.168730e-03	3.015420e-05	4	true
1311          	smoothSolver	4.455500e-04	3.942420e-05	9	1.749000e-02	1.386940e-03	9	5.219460e-03	4.399250e-04	9	false	GAMG	4.134220e-03	2.996530e-05	4	true
1312          	smoothSolver	4.477170e-04	3.922090e-05	9	1.716150e-02	1.376530e-03	9	5.109220e-03	4.307390e-04	9	false	GAMG	4.104530e-03	2.970740e-05	4	true
1313          	smoothSolver	4.489980e-04	3.884640e-05	9	1.669120e-02	1.362640e-03	9	4.962210e-03	4.200590e-04	9	false	GAMG	4.099800e-03	2.920340e-05	4	true
1314          	smoothSolver	4.482030e-04	3.830370e-05	9	1.612290e-02	1.347240e-03	9	4.792140e-03	4.103200e-04	9	false	GAMG	4.139720e-03	2.877450e-05	4	true
1315          	smoothSolver	4.450900e-04	3.766900e-05	9	1.550860e-02	1.331920e-03	9	4.626490e-03	4.036080e-04	9	false	GAMG	4.155640e-03	2.837520e-05	4	true
1316          	smoothSolver	4.402170e-04	3.705470e-05	9	1.494730e-02	1.321040e-03	9	4.481710e-03	3.999640e-04	9	false	GAMG	4.168700e-03	2.854290e-05	4	true
1317          	smoothSolver	4.344600e-04	3.659300e-05	9	1.449560e-02	1.313160e-03	9	4.377790e-03	3.991580e-04	9	false	GAMG	4.184090e-03	2.913750e-05	4	true
1318          	smoothSolver	4.280220e-04	3.626490e-05	9	1.418900e-02	1.307050e-03	9	4.312610e-03	3.994190e-04	9	false	GAMG	4.175360e-03	2.948130e-05	4	true
1319          	smoothSolver	4.215650e-04	3.607590e-05	9	1.399850e-02	1.299110e-03	9	4.283210e-03	4.002400e-04	9	false	GAMG	4.144680e-03	2.983430e-05	4	true
1320          	smoothSolver	4.150080e-04	3.589000e-05	9	1.388030e-02	1.289770e-03	9	4.281730e-03	4.002900e-04	9	false	GAMG	4.118730e-03	3.051910e-05	4	true
1321          	smoothSolver	4.086620e-04	3.566640e-05	9	1.391460e-02	1.283690e-03	9	4.313440e-03	4.007910e-04	9	false	GAMG	4.109650e-03	3.106510e-05	4	true
1322          	smoothSolver	4.032930e-04	3.542840e-05	9	1.410260e-02	1.280270e-03	9	4.378820e-03	4.028930e-04	9	false	GAMG	4.099480e-03	3.123720e-05	4	true
1323          	smoothSolver	4.001590e-04	3.528260e-05	9	1.438710e-02	1.280100e-03	9	4.466610e-03	4.059240e-04	9	false	GAMG	4.083210e-03	3.155850e-05	4	true
1324          	smoothSolver	3.990490e-04	3.529460e-05	9	1.472640e-02	1.283100e-03	9	4.555430e-03	4.092800e-04	9	false	GAMG	4.055690e-03	3.210160e-05	4	true
1325          	smoothSolver	3.997710e-04	3.538850e-05	9	1.511110e-02	1.288230e-03	9	4.640050e-03	4.112680e-04	9	false	GAMG	4.051860e-03	3.241030e-05	4	true
1326          	smoothSolver	4.014510e-04	3.551130e-05	9	1.544580e-02	1.292920e-03	9	4.697760e-03	4.107000e-04	9	false	GAMG	4.074540e-03	3.228880e-05	4	true
1327          	smoothSolver	4.048970e-04	3.559350e-05	9	1.570410e-02	1.295720e-03	9	4.730720e-03	4.081430e-04	9	false	GAMG	4.089680e-03	3.163200e-05	4	true
1328          	smoothSolver	4.091940e-04	3.559470e-05	9	1.583870e-02	1.298960e-03	9	4.722560e-03	4.050560e-04	9	false	GAMG	4.078590e-03	3.055380e-05	4	true
1329          	smoothSolver	4.130570e-04	3.555680e-05	9	1.582540e-02	1.302120e-03	9	4.671140e-03	4.026070e-04	9	false	GAMG	4.041870e-03	2.939630e-05	4	true
1330          	smoothSolver	4.165780e-04	3.552230e-05	9	1.567670e-02	1.309840e-03	9	4.598670e-03	4.017500e-04	9	false	GAMG	4.006510e-03	2.919730e-05	4	true
1331          	smoothSolver	4.193710e-04	3.553220e-05	9	1.541600e-02	1.319290e-03	9	4.507960e-03	4.023040e-04	9	false	GAMG	3.982450e-03	2.978070e-05	4	true
1332          	smoothSolver	4.209190e-04	3.566880e-05	9	1.512340e-02	1.332760e-03	9	4.419780e-03	4.038300e-04	9	false	GAMG	3.995310e-03	3.024070e-05	4	true
1333          	smoothSolver	4.222560e-04	3.591200e-05	9	1.491300e-02	1.346700e-03	9	4.363460e-03	4.061300e-04	9	false	GAMG	4.029050e-03	3.102620e-05	4	true
1334          	smoothSolver	4.230470e-04	3.611210e-05	9	1.478810e-02	1.357630e-03	9	4.347630e-03	4.085100e-04	9	false	GAMG	4.055790e-03	3.235560e-05	4	true
1335          	smoothSolver	4.224840e-04	3.623900e-05	9	1.482280e-02	1.369330e-03	9	4.362020e-03	4.124150e-04	9	false	GAMG	4.052040e-03	3.329430e-05	4	true
1336          	smoothSolver	4.200590e-04	3.628940e-05	9	1.497970e-02	1.382460e-03	9	4.400020e-03	4.167340e-04	9	false	GAMG	4.015620e-03	3.342750e-05	4	true
1337          	smoothSolver	4.164010e-04	3.635770e-05	9	1.525280e-02	1.398610e-03	9	4.450100e-03	4.206190e-04	9	false	GAMG	3.952190e-03	3.292570e-05	4	true
1338          	smoothSolver	4.113920e-04	3.645720e-05	9	1.560310e-02	1.414020e-03	9	4.513260e-03	4.242140e-04	9	false	GAMG	3.879160e-03	3.218260e-05	4	true
1339          	smoothSolver	4.064470e-04	3.660370e-05	9	1.596350e-02	1.424570e-03	9	4.576180e-03	4.259920e-04	9	false	GAMG	3.821180e-03	3.148150e-05	4	true
1340          	smoothSolver	4.028370e-04	3.679610e-05	9	1.629540e-02	1.428260e-03	9	4.644640e-03	4.258840e-04	9	false	GAMG	3.793420e-03	3.105620e-05	4	true
1341          	smoothSolver	4.017630e-04	3.689960e-05	9	1.652850e-02	1.424620e-03	9	4.717700e-03	4.251120e-04	9	false	GAMG	3.773880e-03	3.074530e-05	4	true
1342          	smoothSolver	4.032920e-04	3.690350e-05	9	1.665630e-02	1.418030e-03	9	4.787210e-03	4.258590e-04	9	false	GAMG	3.742700e-03	3.023680e-05	4	true
1343          	smoothSolver	4.068800e-04	3.693800e-05	9	1.667440e-02	1.409290e-03	9	4.849720e-03	4.292310e-04	9	false	GAMG	3.705060e-03	2.977040e-05	4	true
1344          	smoothSolver	4.126810e-04	3.705870e-05	9	1.661980e-02	1.406080e-03	9	4.903110e-03	4.358040e-04	9	false	GAMG	3.680610e-03	3.004720e-05	4	true
1345          	smoothSolver	4.199910e-04	3.741240e-05	9	1.647290e-02	1.405010e-03	9	4.952550e-03	4.446930e-04	9	false	GAMG	3.696090e-03	3.042990e-05	4	true
1346          	smoothSolver	4.270210e-04	3.797500e-05	9	1.624570e-02	1.402930e-03	9	4.973400e-03	4.539760e-04	9	false	GAMG	3.715930e-03	3.049980e-05	4	true
1347          	smoothSolver	4.339230e-04	3.874380e-05	9	1.596080e-02	1.401790e-03	9	4.976930e-03	4.626450e-04	9	false	GAMG	3.732620e-03	3.019390e-05	4	true
1348          	smoothSolver	4.396600e-04	3.955560e-05	9	1.564320e-02	1.401410e-03	9	4.955950e-03	4.694990e-04	9	false	GAMG	3.751090e-03	3.005350e-05	4	true
1349          	smoothSolver	4.447150e-04	4.038350e-05	9	1.536930e-02	1.405790e-03	9	4.935200e-03	4.756940e-04	9	false	GAMG	3.762990e-03	3.034190e-05	4	true
1350          	smoothSolver	4.495090e-04	4.111520e-05	9	1.524480e-02	1.412150e-03	9	4.949830e-03	4.819620e-04	9	false	GAMG	3.763280e-03	3.111430e-05	4	true
1351          	smoothSolver	4.536060e-04	4.178960e-05	9	1.529300e-02	1.422310e-03	9	5.007790e-03	4.873330e-04	9	false	GAMG	3.787930e-03	3.267870e-05	4	true
1352          	smoothSolver	4.581180e-04	4.247150e-05	9	1.558790e-02	1.436300e-03	9	5.111210e-03	4.926270e-04	9	false	GAMG	3.872910e-03	3.422800e-05	4	true
1353          	smoothSolver	4.625220e-04	4.307540e-05	9	1.612480e-02	1.455310e-03	9	5.242040e-03	4.956820e-04	9	false	GAMG	4.021860e-03	3.516260e-05	4	true
1354          	smoothSolver	4.670240e-04	4.356970e-05	9	1.685460e-02	1.475400e-03	9	5.380860e-03	4.966070e-04	9	false	GAMG	4.160940e-03	3.531290e-05	4	true
1355          	smoothSolver	4.709490e-04	4.392760e-05	9	1.764470e-02	1.493720e-03	9	5.515560e-03	4.963320e-04	9	false	GAMG	4.225790e-03	3.465050e-05	4	true
1356          	smoothSolver	4.740820e-04	4.406180e-05	9	1.833600e-02	1.510850e-03	9	5.621740e-03	4.945030e-04	9	false	GAMG	4.235540e-03	3.338010e-05	4	true
1357          	smoothSolver	4.759920e-04	4.392600e-05	9	1.883370e-02	1.521860e-03	9	5.671810e-03	4.915220e-04	9	false	GAMG	4.244080e-03	3.219540e-05	4	true
1358          	smoothSolver	4.777000e-04	4.369070e-05	9	1.910530e-02	1.530920e-03	9	5.665690e-03	4.871790e-04	9	false	GAMG	4.280600e-03	3.219020e-05	4	true
1359          	smoothSolver	4.807750e-04	4.341180e-05	9	1.918170e-02	1.534280e-03	9	5.616120e-03	4.817690e-04	9	false	GAMG	4.364720e-03	3.264770e-05	4	true
1360          	smoothSolver	4.832430e-04	4.313900e-05	9	1.908160e-02	1.532260e-03	9	5.530810e-03	4.754230e-04	9	false	GAMG	4.531850e-03	3.283530e-05	4	true
1361          	smoothSolver	4.878030e-04	4.289220e-05	9	1.885730e-02	1.525240e-03	9	5.442930e-03	4.677420e-04	9	false	GAMG	4.738510e-03	3.296750e-05	4	true
1362          	smoothSolver	4.923370e-04	4.258010e-05	9	1.850830e-02	1.509040e-03	9	5.336050e-03	4.582080e-04	9	false	GAMG	4.924140e-03	3.337790e-05	4	true
1363          	smoothSolver	4.970020e-04	4.217000e-05	9	1.811620e-02	1.489630e-03	9	5.233500e-03	4.499390e-04	9	false	GAMG	5.011980e-03	3.376690e-05	4	true
1364          	smoothSolver	4.990600e-04	4.165570e-05	9	1.766640e-02	1.469830e-03	9	5.140370e-03	4.445770e-04	9	false	GAMG	5.004710e-03	3.430630e-05	4	true
1365          	smoothSolver	4.983170e-04	4.113660e-05	9	1.726710e-02	1.451600e-03	9	5.071040e-03	4.427150e-04	9	false	GAMG	4.993480e-03	3.500190e-05	4	true
1366          	smoothSolver	4.961830e-04	4.071890e-05	9	1.698540e-02	1.434710e-03	9	5.029110e-03	4.437920e-04	9	false	GAMG	4.983910e-03	3.552540e-05	4	true
1367          	smoothSolver	4.915950e-04	4.034380e-05	9	1.686810e-02	1.417730e-03	9	5.013290e-03	4.465540e-04	9	false	GAMG	4.932990e-03	3.547260e-05	4	true
1368          	smoothSolver	4.843080e-04	4.000760e-05	9	1.682170e-02	1.399540e-03	9	5.012850e-03	4.479300e-04	9	false	GAMG	4.846060e-03	3.441700e-05	4	true
1369          	smoothSolver	4.754770e-04	3.961890e-05	9	1.693000e-02	1.379320e-03	9	5.019740e-03	4.460450e-04	9	false	GAMG	4.779830e-03	3.283450e-05	4	true
1370          	smoothSolver	4.643350e-04	3.909440e-05	9	1.710800e-02	1.363180e-03	9	5.046880e-03	4.428180e-04	9	false	GAMG	4.691100e-03	3.131850e-05	4	true
1371          	smoothSolver	4.523060e-04	3.848850e-05	9	1.725850e-02	1.724180e-03	8	5.053620e-03	4.385850e-04	9	false	GAMG	4.630230e-03	3.047380e-05	4	true
1372          	smoothSolver	4.390450e-04	3.777960e-05	9	1.750130e-02	1.730240e-03	8	5.036940e-03	4.330870e-04	9	false	GAMG	4.581400e-03	3.025430e-05	4	true
1373          	smoothSolver	4.281880e-04	3.715380e-05	9	1.759260e-02	1.730380e-03	8	5.005410e-03	4.271860e-04	9	false	GAMG	4.511080e-03	3.013680e-05	4	true
1374          	smoothSolver	4.203650e-04	3.661320e-05	9	1.737020e-02	1.710870e-03	8	4.948010e-03	4.199810e-04	9	false	GAMG	4.418730e-03	2.963910e-05	4	true
1375          	smoothSolver	4.157060e-04	3.624340e-05	9	1.699880e-02	1.685040e-03	8	4.864650e-03	4.120040e-04	9	false	GAMG	4.338420e-03	2.927080e-05	4	true
1376          	smoothSolver	4.148380e-04	3.589560e-05	9	1.651890e-02	1.302020e-03	9	4.762980e-03	4.038690e-04	9	false	GAMG	4.302330e-03	2.907780e-05	4	true
1377          	smoothSolver	4.161540e-04	3.555710e-05	9	1.592820e-02	1.278100e-03	9	4.655760e-03	3.975640e-04	9	false	GAMG	4.302770e-03	2.876110e-05	4	true
1378          	smoothSolver	4.174290e-04	3.524920e-05	9	1.537580e-02	1.264950e-03	9	4.542460e-03	3.929360e-04	9	false	GAMG	4.309320e-03	2.875570e-05	4	true
1379          	smoothSolver	4.182150e-04	3.507540e-05	9	1.492030e-02	1.263640e-03	9	4.432370e-03	3.913280e-04	9	false	GAMG	4.291510e-03	2.934760e-05	4	true
1380          	smoothSolver	4.180610e-04	3.505170e-05	9	1.459730e-02	1.269340e-03	9	4.349970e-03	3.914920e-04	9	false	GAMG	4.259780e-03	2.958790e-05	4	true
1381          	smoothSolver	4.171280e-04	3.521060e-05	9	1.438370e-02	1.276830e-03	9	4.291640e-03	3.915360e-04	9	false	GAMG	4.223850e-03	2.953880e-05	4	true
1382          	smoothSolver	4.156920e-04	3.544660e-05	9	1.427720e-02	1.282880e-03	9	4.261550e-03	3.913180e-04	9	false	GAMG	4.163930e-03	2.938800e-05	4	true
1383          	smoothSolver	4.140920e-04	3.567700e-05	9	1.426540e-02	1.286150e-03	9	4.257280e-03	3.906880e-04	9	false	GAMG	4.094230e-03	2.894050e-05	4	true
1384          	smoothSolver	4.120660e-04	3.586480e-05	9	1.435830e-02	1.288660e-03	9	4.285610e-03	3.913890e-04	9	false	GAMG	4.026920e-03	2.847260e-05	4	true
1385          	smoothSolver	4.099150e-04	3.603790e-05	9	1.452900e-02	1.293710e-03	9	4.346930e-03	3.950270e-04	9	false	GAMG	3.982340e-03	2.836640e-05	4	true
1386          	smoothSolver	4.093130e-04	3.624020e-05	9	1.478530e-02	1.303440e-03	9	4.444530e-03	4.007230e-04	9	false	GAMG	3.959440e-03	2.899610e-05	4	true
1387          	smoothSolver	4.097890e-04	3.654140e-05	9	1.508540e-02	1.316430e-03	9	4.545570e-03	4.065660e-04	9	false	GAMG	3.948020e-03	2.996420e-05	4	true
1388          	smoothSolver	4.100840e-04	3.696310e-05	9	1.537830e-02	1.333660e-03	9	4.638720e-03	4.117010e-04	9	false	GAMG	3.930040e-03	3.076410e-05	4	true
1389          	smoothSolver	4.120880e-04	3.742900e-05	9	1.566760e-02	1.350570e-03	9	4.719220e-03	4.151680e-04	9	false	GAMG	3.921050e-03	3.143810e-05	4	true
1390          	smoothSolver	4.164420e-04	3.783760e-05	9	1.596530e-02	1.365000e-03	9	4.790830e-03	4.167720e-04	9	false	GAMG	3.963200e-03	3.218790e-05	4	true
1391          	smoothSolver	4.231700e-04	3.817550e-05	9	1.630740e-02	1.382200e-03	9	4.881590e-03	4.192990e-04	9	false	GAMG	4.051550e-03	3.261810e-05	4	true
1392          	smoothSolver	4.316870e-04	3.850320e-05	9	1.679190e-02	1.400360e-03	9	4.997230e-03	4.239010e-04	9	false	GAMG	4.152980e-03	3.282130e-05	4	true
1393          	smoothSolver	4.409910e-04	3.890520e-05	9	1.735450e-02	1.425260e-03	9	5.117130e-03	4.312300e-04	9	false	GAMG	4.247830e-03	3.266290e-05	4	true
1394          	smoothSolver	4.486300e-04	3.942540e-05	9	1.788040e-02	1.453160e-03	9	5.216610e-03	4.398660e-04	9	false	GAMG	4.313820e-03	3.212180e-05	4	true
1395          	smoothSolver	4.534100e-04	3.996610e-05	9	1.819590e-02	1.478640e-03	9	5.258770e-03	4.451850e-04	9	false	GAMG	4.342560e-03	3.174220e-05	4	true
1396          	smoothSolver	4.556980e-04	4.039650e-05	9	1.820260e-02	1.489190e-03	9	5.222390e-03	4.461810e-04	9	false	GAMG	4.321500e-03	3.152540e-05	4	true
1397          	smoothSolver	4.558510e-04	4.056750e-05	9	1.785140e-02	1.474590e-03	9	5.125250e-03	4.425290e-04	9	false	GAMG	4.285690e-03	3.079710e-05	4	true
1398          	smoothSolver	4.551900e-04	4.048050e-05	9	1.739580e-02	1.456540e-03	9	4.994080e-03	4.366450e-04	9	false	GAMG	4.257140e-03	2.996940e-05	4	true
1399          	smoothSolver	4.547340e-04	4.026610e-05	9	1.695840e-02	1.443310e-03	9	4.860200e-03	4.305760e-04	9	false	GAMG	4.287770e-03	2.964390e-05	4	true
1400          	smoothSolver	4.557300e-04	4.003190e-05	9	1.663780e-02	1.438610e-03	9	4.768610e-03	4.251920e-04	9	false	GAMG	4.448280e-03	3.031230e-05	4	true
1401          	smoothSolver	4.587810e-04	3.982950e-05	9	1.646810e-02	1.437680e-03	9	4.691430e-03	4.203050e-04	9	false	GAMG	4.632470e-03	3.129880e-05	4	true
1402          	smoothSolver	4.635030e-04	3.969000e-05	9	1.642500e-02	1.439150e-03	9	4.644060e-03	4.160000e-04	9	false	GAMG	4.832560e-03	3.224480e-05	4	true
1403          	smoothSolver	4.692150e-04	3.959630e-05	9	1.642010e-02	1.440590e-03	9	4.636190e-03	4.120480e-04	9	false	GAMG	4.991280e-03	3.299670e-05	4	true
1404          	smoothSolver	4.731720e-04	3.938160e-05	9	1.646860e-02	1.438920e-03	9	4.659230e-03	4.085800e-04	9	false	GAMG	5.054740e-03	3.370740e-05	4	true
1405          	smoothSolver	4.751290e-04	3.910140e-05	9	1.653850e-02	1.437560e-03	9	4.720870e-03	4.084680e-04	9	false	GAMG	5.048150e-03	3.435890e-05	4	true
1406          	smoothSolver	4.751120e-04	3.886050e-05	9	1.675870e-02	1.440510e-03	9	4.819020e-03	4.111620e-04	9	false	GAMG	5.031280e-03	3.495200e-05	4	true
1407          	smoothSolver	4.726130e-04	3.871130e-05	9	1.711010e-02	1.451800e-03	9	4.934860e-03	4.166070e-04	9	false	GAMG	4.964810e-03	3.604160e-05	4	true
1408          	smoothSolver	4.677440e-04	3.872080e-05	9	1.758130e-02	1.467880e-03	9	5.045900e-03	4.241730e-04	9	false	GAMG	4.866060e-03	3.695010e-05	4	true
1409          	smoothSolver	4.623340e-04	3.895280e-05	9	1.798590e-02	1.487640e-03	9	5.138430e-03	4.315820e-04	9	false	GAMG	4.792790e-03	3.705020e-05	4	true
1410          	smoothSolver	4.581520e-04	3.933870e-05	9	1.838240e-02	1.509460e-03	9	5.214460e-03	4.382650e-04	9	false	GAMG	4.732740e-03	3.686630e-05	4	true
1411          	smoothSolver	4.561160e-04	3.979050e-05	9	1.877200e-02	1.530350e-03	9	5.282680e-03	4.456270e-04	9	false	GAMG	4.689820e-03	3.688010e-05	4	true
1412          	smoothSolver	4.557540e-04	4.024940e-05	9	1.914270e-02	1.552800e-03	9	5.356670e-03	4.552880e-04	9	false	GAMG	4.692090e-03	3.703030e-05	4	true
1413          	smoothSolver	4.580870e-04	4.079670e-05	9	1.950060e-02	1.580490e-03	9	5.444000e-03	4.671240e-04	9	false	GAMG	4.680530e-03	3.704720e-05	4	true
1414          	smoothSolver	4.626370e-04	4.142350e-05	9	1.983340e-02	1.612960e-03	9	5.536510e-03	4.801210e-04	9	false	GAMG	4.640570e-03	3.735070e-05	4	true
1415          	smoothSolver	4.696410e-04	4.221350e-05	9	2.002100e-02	1.638270e-03	9	5.620650e-03	4.939000e-04	9	false	GAMG	4.583740e-03	3.707570e-05	4	true
1416          	smoothSolver	4.783460e-04	4.314390e-05	9	1.984980e-02	1.641960e-03	9	5.691640e-03	5.086820e-04	9	false	GAMG	4.526130e-03	3.640880e-05	4	true
1417          	smoothSolver	4.867870e-04	4.413890e-05	9	1.954050e-02	1.638350e-03	9	5.749790e-03	5.227280e-04	9	false	GAMG	4.513540e-03	3.568370e-05	4	true
1418          	smoothSolver	4.948690e-04	4.501590e-05	9	1.908830e-02	1.628980e-03	9	5.781250e-03	5.354190e-04	9	false	GAMG	4.516060e-03	3.496830e-05	4	true
1419          	smoothSolver	5.012610e-04	4.574730e-05	9	1.859110e-02	1.624780e-03	9	5.792750e-03	5.485110e-04	9	false	GAMG	4.490310e-03	3.413030e-05	4	true
1420          	smoothSolver	5.058610e-04	4.638670e-05	9	1.809920e-02	1.623310e-03	9	5.787040e-03	5.610430e-04	9	false	GAMG	4.466100e-03	3.381370e-05	4	true
1421          	smoothSolver	5.084480e-04	4.691190e-05	9	1.765650e-02	1.626490e-03	9	5.779590e-03	5.723890e-04	9	false	GAMG	4.449500e-03	3.424410e-05	4	true
1422          	smoothSolver	5.097430e-04	4.735080e-05	9	1.738050e-02	1.634010e-03	9	5.790830e-03	4.589240e-04	10	false	GAMG	4.435800e-03	3.562480e-05	4	true
1423          	smoothSolver	5.096730e-04	4.775670e-05	9	1.725870e-02	1.644260e-03	9	5.773750e-03	4.606500e-04	10	false	GAMG	4.414340e-03	3.627460e-05	4	true
1424          	smoothSolver	5.076780e-04	4.807590e-05	9	1.724220e-02	1.652130e-03	9	5.787000e-03	4.602110e-04	10	false	GAMG	4.396420e-03	3.660790e-05	4	true
1425          	smoothSolver	5.044810e-04	4.818310e-05	9	1.732760e-02	1.656110e-03	9	5.827600e-03	5.815620e-04	9	false	GAMG	4.366090e-03	3.572780e-05	4	true
1426          	smoothSolver	5.010200e-04	4.802600e-05	9	1.749980e-02	1.659870e-03	9	5.934440e-03	5.839190e-04	9	false	GAMG	4.363160e-03	3.509770e-05	4	true
1427          	smoothSolver	4.974080e-04	4.776150e-05	9	1.775880e-02	1.664130e-03	9	6.052080e-03	5.856380e-04	9	false	GAMG	4.405310e-03	3.473420e-05	4	true
1428          	smoothSolver	4.945040e-04	4.750810e-05	9	1.807040e-02	1.673610e-03	9	6.155990e-03	5.865160e-04	9	false	GAMG	4.460060e-03	3.546020e-05	4	true
1429          	smoothSolver	4.921750e-04	4.724480e-05	9	1.840100e-02	1.682880e-03	9	6.239310e-03	5.860300e-04	9	false	GAMG	4.492180e-03	3.642190e-05	4	true
1430          	smoothSolver	4.901600e-04	4.691110e-05	9	1.867740e-02	1.685770e-03	9	6.282240e-03	5.833190e-04	9	false	GAMG	4.498920e-03	3.689080e-05	4	true
1431          	smoothSolver	4.886760e-04	4.649080e-05	9	1.887750e-02	1.680240e-03	9	6.285590e-03	5.774100e-04	9	false	GAMG	4.493880e-03	3.703050e-05	4	true
1432          	smoothSolver	4.882410e-04	4.590780e-05	9	1.898260e-02	1.668620e-03	9	6.250380e-03	5.684310e-04	9	false	GAMG	4.512380e-03	3.757200e-05	4	true
1433          	smoothSolver	4.879940e-04	4.521390e-05	9	1.910320e-02	1.657380e-03	9	6.198960e-03	5.580490e-04	9	false	GAMG	4.542860e-03	3.814780e-05	4	true
1434          	smoothSolver	4.880280e-04	4.441600e-05	9	1.920670e-02	1.645270e-03	9	6.121600e-03	5.461960e-04	9	false	GAMG	4.590680e-03	3.919340e-05	4	true
1435          	smoothSolver	4.883410e-04	4.361820e-05	9	1.924810e-02	1.634390e-03	9	6.008630e-03	5.325240e-04	9	false	GAMG	4.673380e-03	4.068420e-05	4	true
1436          	smoothSolver	4.897050e-04	4.295250e-05	9	1.926010e-02	1.622860e-03	9	5.875690e-03	5.172140e-04	9	false	GAMG	4.789170e-03	4.116860e-05	4	true
1437          	smoothSolver	4.923590e-04	4.245180e-05	9	1.913950e-02	1.606970e-03	9	5.708960e-03	4.995860e-04	9	false	GAMG	4.908830e-03	4.051610e-05	4	true
1438          	smoothSolver	4.956230e-04	4.208910e-05	9	1.887460e-02	1.584250e-03	9	5.510980e-03	4.805880e-04	9	false	GAMG	5.006000e-03	3.924710e-05	4	true
1439          	smoothSolver	4.985190e-04	4.159050e-05	9	1.844250e-02	1.555170e-03	9	5.295880e-03	4.624640e-04	9	false	GAMG	5.043890e-03	3.774970e-05	4	true
1440          	smoothSolver	4.987320e-04	4.087960e-05	9	1.786070e-02	1.521190e-03	9	5.073560e-03	4.484680e-04	9	false	GAMG	5.030560e-03	3.638570e-05	4	true
1441          	smoothSolver	4.967110e-04	4.003110e-05	9	1.723960e-02	1.489880e-03	9	4.893820e-03	4.397350e-04	9	false	GAMG	5.062880e-03	3.621270e-05	4	true
1442          	smoothSolver	4.924930e-04	3.917700e-05	9	1.676410e-02	1.461470e-03	9	4.787190e-03	4.367830e-04	9	false	GAMG	5.057550e-03	3.689880e-05	4	true
1443          	smoothSolver	4.855240e-04	3.847120e-05	9	1.647370e-02	1.436490e-03	9	4.761360e-03	4.380090e-04	9	false	GAMG	5.000690e-03	3.746270e-05	4	true
1444          	smoothSolver	4.756130e-04	3.796740e-05	9	1.639070e-02	1.415640e-03	9	4.795330e-03	4.409720e-04	9	false	GAMG	4.917980e-03	3.750860e-05	4	true
1445          	smoothSolver	4.635910e-04	3.756310e-05	9	1.648870e-02	1.394890e-03	9	4.865820e-03	4.408610e-04	9	false	GAMG	4.779960e-03	3.790280e-05	4	true
1446          	smoothSolver	4.505890e-04	3.711420e-05	9	1.673730e-02	1.375080e-03	9	4.945070e-03	4.370140e-04	9	false	GAMG	4.629510e-03	3.813360e-05	4	true
1447          	smoothSolver	4.398200e-04	3.666110e-05	9	1.708190e-02	1.361050e-03	9	5.021400e-03	4.315030e-04	9	false	GAMG	4.501150e-03	3.776320e-05	4	true
1448          	smoothSolver	4.312470e-04	3.622340e-05	9	1.742660e-02	1.721360e-03	8	5.078170e-03	4.243140e-04	9	false	GAMG	4.412840e-03	3.690310e-05	4	true
1449          	smoothSolver	4.252340e-04	3.580140e-05	9	1.781070e-02	1.730490e-03	8	5.085100e-03	4.153100e-04	9	false	GAMG	4.350120e-03	3.545240e-05	4	true
1450          	smoothSolver	4.231800e-04	3.556140e-05	9	1.804900e-02	1.736770e-03	8	5.059340e-03	4.074720e-04	9	false	GAMG	4.322760e-03	3.434320e-05	4	true
1451          	smoothSolver	4.225800e-04	3.543780e-05	9	1.808940e-02	1.737290e-03	8	4.996680e-03	3.992430e-04	9	false	GAMG	4.314570e-03	3.366270e-05	4	true
1452          	smoothSolver	4.237710e-04	3.538750e-05	9	1.793180e-02	1.729650e-03	8	4.916960e-03	3.913200e-04	9	false	GAMG	4.306570e-03	3.322300e-05	4	true
1453          	smoothSolver	4.254270e-04	3.529710e-05	9	1.756350e-02	1.712040e-03	8	4.819810e-03	3.846570e-04	9	false	GAMG	4.283850e-03	3.281650e-05	4	true
1454          	smoothSolver	4.267200e-04	3.519460e-05	9	1.704940e-02	1.691830e-03	8	4.718610e-03	3.819970e-04	9	false	GAMG	4.251830e-03	3.226400e-05	4	true
1455          	smoothSolver	4.270140e-04	3.518270e-05	9	1.646350e-02	1.313240e-03	9	4.625520e-03	3.838410e-04	9	false	GAMG	4.215430e-03	3.198690e-05	4	true
1456          	smoothSolver	4.273510e-04	3.535690e-05	9	1.577120e-02	1.291110e-03	9	4.555260e-03	3.903550e-04	9	false	GAMG	4.166740e-03	3.248720e-05	4	true
1457          	smoothSolver	4.267170e-04	3.564530e-05	9	1.519000e-02	1.276410e-03	9	4.496300e-03	3.986450e-04	9	false	GAMG	4.100070e-03	3.281080e-05	4	true
1458          	smoothSolver	4.252310e-04	3.606590e-05	9	1.468260e-02	1.267370e-03	9	4.448870e-03	4.070820e-04	9	false	GAMG	4.042130e-03	3.282360e-05	4	true
1459          	smoothSolver	4.232650e-04	3.660780e-05	9	1.426170e-02	1.260090e-03	9	4.421980e-03	4.145120e-04	9	false	GAMG	4.001030e-03	3.310240e-05	4	true
1460          	smoothSolver	4.206470e-04	3.711280e-05	9	1.395760e-02	1.255290e-03	9	4.402570e-03	4.202240e-04	9	false	GAMG	3.986570e-03	3.325300e-05	4	true
1461          	smoothSolver	4.173800e-04	3.755110e-05	9	1.378540e-02	1.255790e-03	9	4.400930e-03	4.256760e-04	9	false	GAMG	3.988150e-03	3.290130e-05	4	true
1462          	smoothSolver	4.138730e-04	3.799250e-05	9	1.374230e-02	1.260720e-03	9	4.423210e-03	4.311650e-04	9	false	GAMG	3.987070e-03	3.239860e-05	4	true
1463          	smoothSolver	4.111230e-04	3.844160e-05	9	1.385720e-02	1.271830e-03	9	4.474530e-03	4.372570e-04	9	false	GAMG	3.956720e-03	3.261190e-05	4	true
1464          	smoothSolver	4.088540e-04	3.888850e-05	9	1.409930e-02	1.286900e-03	9	4.545690e-03	4.432540e-04	9	false	GAMG	3.923190e-03	3.310480e-05	4	true
1465          	smoothSolver	4.075150e-04	3.932650e-05	9	1.440810e-02	1.304110e-03	9	4.620750e-03	4.466590e-04	9	false	GAMG	3.890710e-03	3.348310e-05	4	true
1466          	smoothSolver	4.075750e-04	3.972210e-05	9	1.473140e-02	1.319870e-03	9	4.688620e-03	4.470420e-04	9	false	GAMG	3.852510e-03	3.358120e-05	4	true
1467          	smoothSolver	4.088300e-04	3.996690e-05	9	1.505600e-02	1.331500e-03	9	4.746910e-03	4.453450e-04	9	false	GAMG	3.831530e-03	3.321350e-05	4	true
1468          	smoothSolver	4.103520e-04	4.004250e-05	9	1.537380e-02	1.338610e-03	9	4.791220e-03	4.432130e-04	9	false	GAMG	3.860020e-03	3.255040e-05	4	true
1469          	smoothSolver	4.122110e-04	4.000200e-05	9	1.564720e-02	1.342360e-03	9	4.829380e-03	4.422380e-04	9	false	GAMG	3.893160e-03	3.218460e-05	4	true
1470          	smoothSolver	4.143540e-04	3.993680e-05	9	1.584060e-02	1.344350e-03	9	4.849280e-03	4.421760e-04	9	false	GAMG	3.912780e-03	3.221930e-05	4	true
1471          	smoothSolver	4.163430e-04	3.984880e-05	9	1.593610e-02	1.343110e-03	9	4.845000e-03	4.418550e-04	9	false	GAMG	3.909720e-03	3.161430e-05	4	true
1472          	smoothSolver	4.175520e-04	3.974330e-05	9	1.590070e-02	1.338450e-03	9	4.809400e-03	4.399700e-04	9	false	GAMG	3.904280e-03	3.059600e-05	4	true
1473          	smoothSolver	4.190010e-04	3.954680e-05	9	1.573760e-02	1.327610e-03	9	4.746660e-03	4.359100e-04	9	false	GAMG	3.915510e-03	3.013770e-05	4	true
1474          	smoothSolver	4.193630e-04	3.919270e-05	9	1.548230e-02	1.313100e-03	9	4.657570e-03	4.301070e-04	9	false	GAMG	3.941360e-03	3.041580e-05	4	true
1475          	smoothSolver	4.191200e-04	3.874900e-05	9	1.520390e-02	1.299900e-03	9	4.553880e-03	4.248940e-04	9	false	GAMG	3.980860e-03	3.074720e-05	4	true
1476          	smoothSolver	4.170460e-04	3.819990e-05	9	1.488520e-02	1.286580e-03	9	4.445420e-03	4.199290e-04	9	false	GAMG	4.037010e-03	3.098960e-05	4	true
1477          	smoothSolver	4.140590e-04	3.762030e-05	9	1.457780e-02	1.278080e-03	9	4.357720e-03	4.169170e-04	9	false	GAMG	4.098240e-03	3.115020e-05	4	true
1478          	smoothSolver	4.107940e-04	3.713690e-05	9	1.435680e-02	1.271270e-03	9	4.277280e-03	4.140180e-04	9	false	GAMG	4.143870e-03	3.134920e-05	4	true
1479          	smoothSolver	4.068160e-04	3.674850e-05	9	1.410580e-02	1.255400e-03	9	4.208400e-03	4.094050e-04	9	false	GAMG	4.136530e-03	3.181630e-05	4	true
1480          	smoothSolver	4.020370e-04	3.639400e-05	9	1.380880e-02	1.232370e-03	9	4.137620e-03	4.029890e-04	9	false	GAMG	4.076710e-03	3.182720e-05	4	true
1481          	smoothSolver	3.964660e-04	3.604210e-05	9	1.361620e-02	1.209770e-03	9	4.075780e-03	3.958240e-04	9	false	GAMG	4.023150e-03	3.141510e-05	4	true
1482          	smoothSolver	3.910410e-04	3.569070e-05	9	1.353310e-02	1.195020e-03	9	4.031860e-03	3.901750e-04	9	false	GAMG	3.977770e-03	3.076730e-05	4	true
1483          	smoothSolver	3.859180e-04	3.542130e-05	9	1.357770e-02	1.193870e-03	9	4.013370e-03	3.871120e-04	9	false	GAMG	3.926650e-03	3.035880e-05	4	true
1484          	smoothSolver	3.813590e-04	3.525050e-05	9	1.372380e-02	1.205490e-03	9	4.015530e-03	3.868230e-04	9	false	GAMG	3.896970e-03	3.027200e-05	4	true
1485          	smoothSolver	3.772700e-04	3.517000e-05	9	1.393240e-02	1.222520e-03	9	4.036860e-03	3.873820e-04	9	false	GAMG	3.875960e-03	2.929720e-05	4	true
1486          	smoothSolver	3.741660e-04	3.518990e-05	9	1.415860e-02	1.240870e-03	9	4.071840e-03	3.886280e-04	9	false	GAMG	3.865540e-03	2.844640e-05	4	true
1487          	smoothSolver	3.728550e-04	3.529200e-05	9	1.438240e-02	1.259030e-03	9	4.117530e-03	3.899160e-04	9	false	GAMG	3.862400e-03	2.820760e-05	4	true
1488          	smoothSolver	3.731610e-04	3.540340e-05	9	1.454850e-02	1.273130e-03	9	4.167500e-03	3.909520e-04	9	false	GAMG	3.870110e-03	2.827970e-05	4	true
1489          	smoothSolver	3.752470e-04	3.552750e-05	9	1.465220e-02	1.285230e-03	9	4.219560e-03	3.937050e-04	9	false	GAMG	3.891760e-03	2.852920e-05	4	true
1490          	smoothSolver	3.790170e-04	3.574240e-05	9	1.471270e-02	1.297190e-03	9	4.265270e-03	3.981190e-04	9	false	GAMG	3.916370e-03	2.933410e-05	4	true
1491          	smoothSolver	3.845730e-04	3.614080e-05	9	1.473690e-02	1.310420e-03	9	4.308920e-03	4.044340e-04	9	false	GAMG	3.922190e-03	3.074380e-05	4	true
1492          	smoothSolver	3.920860e-04	3.673310e-05	9	1.473650e-02	1.323390e-03	9	4.349410e-03	4.122880e-04	9	false	GAMG	3.915250e-03	3.195900e-05	4	true
1493          	smoothSolver	4.001140e-04	3.750200e-05	9	1.472000e-02	1.336000e-03	9	4.391620e-03	4.204680e-04	9	false	GAMG	3.898110e-03	3.262350e-05	4	true
1494          	smoothSolver	4.090300e-04	3.834950e-05	9	1.469950e-02	1.344400e-03	9	4.444190e-03	4.289380e-04	9	false	GAMG	3.889730e-03	3.287960e-05	4	true
1495          	smoothSolver	4.181580e-04	3.920540e-05	9	1.467610e-02	1.348710e-03	9	4.516620e-03	4.399450e-04	9	false	GAMG	3.884700e-03	3.320610e-05	4	true
1496          	smoothSolver	4.269540e-04	4.007240e-05	9	1.468820e-02	1.354910e-03	9	4.607920e-03	4.536630e-04	9	false	GAMG	3.886480e-03	3.339160e-05	4	true
1497          	smoothSolver	4.352050e-04	4.101630e-05	9	1.473270e-02	1.370020e-03	9	4.710770e-03	4.697660e-04	9	false	GAMG	3.889600e-03	3.390060e-05	4	true
1498          	smoothSolver	4.433610e-04	4.210490e-05	9	1.479820e-02	1.390070e-03	9	4.831720e-03	3.851130e-04	10	false	GAMG	3.898980e-03	3.513170e-05	4	true
1499          	smoothSolver	4.518470e-04	4.342960e-05	9	1.490360e-02	1.415710e-03	9	4.923220e-03	3.977020e-04	10	false	GAMG	3.902780e-03	3.555750e-05	4	true
1500          	smoothSolver	4.587640e-04	4.483570e-05	9	1.503820e-02	1.443910e-03	9	5.025970e-03	4.109580e-04	10	false	GAMG	3.908240e-03	3.544640e-05	4	true
