# Force and moment coefficients
# dragDir     : (1.000000e+00 0.000000e+00 0.000000e+00)
# sideDir     : (0.000000e+00 1.000000e+00 0.000000e+00)
# liftDir     : (0.000000e+00 0.000000e+00 1.000000e+00)
# rollAxis    : (1.000000e+00 0.000000e+00 0.000000e+00)
# pitchAxis   : (0.000000e+00 1.000000e+00 0.000000e+00)
# yawAxis     : (0.000000e+00 0.000000e+00 1.000000e+00)
# magUInf     : 4.000000e+01
# lRef        : 3.098000e+00
# Aref        : 1.676200e+00
# CofR        : (2.505000e+00 0.000000e+00 0.000000e+00)
#
# Time        	Cd            	Cd(f)         	Cd(r)         	Cl            	Cl(f)         	Cl(r)         	CmPitch       	CmRoll        	CmYaw         	Cs            	Cs(f)         	Cs(r)         
1             	7.703707e-02	3.790450e-02	3.913258e-02	1.277688e-01	9.445662e-02	3.331220e-02	3.057221e-02	-6.140412e-04	8.113977e-03	1.473103e-02	1.547949e-02	-7.484635e-04
2             	-4.686357e-02	-2.388948e-02	-2.297408e-02	1.517012e-01	9.932755e-02	5.237368e-02	2.347693e-02	-4.576983e-04	8.618093e-03	1.548916e-02	1.636267e-02	-8.735119e-04
3             	-1.029050e-01	-5.165456e-02	-5.125040e-02	1.413121e-01	8.286138e-02	5.845068e-02	1.220535e-02	-2.020791e-04	8.125644e-03	1.472920e-02	1.549024e-02	-7.610459e-04
4             	-1.047915e-01	-5.258617e-02	-5.220536e-02	1.303518e-01	7.002618e-02	6.032564e-02	4.850271e-03	-1.904034e-04	8.081099e-03	1.572156e-02	1.594188e-02	-2.203190e-04
5             	-8.276148e-02	-4.166677e-02	-4.109471e-02	1.265371e-01	6.319194e-02	6.334514e-02	-7.659930e-05	-2.860326e-04	8.099582e-03	1.665994e-02	1.642955e-02	2.303878e-04
6             	-5.234450e-02	-2.639577e-02	-2.594873e-02	1.284857e-01	6.069845e-02	6.778726e-02	-3.544409e-03	-2.235236e-04	8.069603e-03	1.638020e-02	1.625970e-02	1.204957e-04
7             	-2.475599e-02	-1.252232e-02	-1.223367e-02	1.343320e-01	6.151555e-02	7.281640e-02	-5.650428e-03	-1.443264e-04	8.065399e-03	1.594435e-02	1.603757e-02	-9.322394e-05
8             	-4.549533e-04	-5.112179e-04	5.626463e-05	1.397680e-01	6.240470e-02	7.736334e-02	-7.479320e-03	-2.837413e-04	8.150966e-03	1.639074e-02	1.634634e-02	4.440650e-05
9             	2.035255e-02	9.645870e-03	1.070668e-02	1.437664e-01	6.276004e-02	8.100639e-02	-9.123179e-03	-5.304029e-04	8.285408e-03	1.742022e-02	1.699552e-02	4.247007e-04
10            	3.989426e-02	1.920042e-02	2.069383e-02	1.452228e-01	6.169596e-02	8.352688e-02	-1.091546e-02	-7.467053e-04	8.484612e-03	1.870542e-02	1.783732e-02	8.680969e-04
11            	5.812235e-02	2.806845e-02	3.005390e-02	1.449316e-01	5.996388e-02	8.496775e-02	-1.250194e-02	-9.927239e-04	8.987338e-03	2.029658e-02	1.913563e-02	1.160950e-03
12            	7.542767e-02	3.658759e-02	3.884008e-02	1.429276e-01	5.819630e-02	8.473133e-02	-1.326751e-02	-1.126244e-03	9.211983e-03	2.133529e-02	1.987963e-02	1.455663e-03
13            	8.935585e-02	4.340712e-02	4.594873e-02	1.388446e-01	5.585165e-02	8.299294e-02	-1.357065e-02	-1.270803e-03	9.028908e-03	2.229342e-02	2.017562e-02	2.117805e-03
14            	9.853366e-02	4.791124e-02	5.062242e-02	1.327136e-01	5.276961e-02	7.994404e-02	-1.358721e-02	-1.355589e-03	8.535613e-03	2.278275e-02	1.992699e-02	2.855763e-03
15            	1.028843e-01	4.999896e-02	5.288530e-02	1.249645e-01	4.901209e-02	7.595242e-02	-1.347017e-02	-1.443169e-03	7.811654e-03	2.297004e-02	1.929667e-02	3.673367e-03
16            	1.030222e-01	4.998248e-02	5.303970e-02	1.156563e-01	4.442632e-02	7.122995e-02	-1.340182e-02	-1.528614e-03	7.209577e-03	2.318344e-02	1.880130e-02	4.382142e-03
17            	1.016140e-01	4.924063e-02	5.237334e-02	1.049666e-01	3.923415e-02	6.573243e-02	-1.324914e-02	-1.566351e-03	6.870864e-03	2.325740e-02	1.849957e-02	4.757838e-03
18            	9.984673e-02	4.834845e-02	5.149827e-02	9.395482e-02	3.425521e-02	5.969961e-02	-1.272220e-02	-1.574909e-03	6.905615e-03	2.314992e-02	1.848057e-02	4.669343e-03
19            	9.701803e-02	4.687980e-02	5.013822e-02	8.385605e-02	3.005248e-02	5.380356e-02	-1.187554e-02	-1.629212e-03	7.081484e-03	2.293379e-02	1.854838e-02	4.385410e-03
20            	9.216319e-02	4.438643e-02	4.777677e-02	7.515790e-02	2.659923e-02	4.855867e-02	-1.097972e-02	-1.695170e-03	6.960319e-03	2.248169e-02	1.820116e-02	4.280526e-03
21            	8.671838e-02	4.168259e-02	4.503579e-02	6.696166e-02	2.357851e-02	4.338315e-02	-9.902324e-03	-1.676602e-03	6.451476e-03	2.164838e-02	1.727566e-02	4.372711e-03
22            	8.146976e-02	3.917607e-02	4.229368e-02	5.967866e-02	2.094270e-02	3.873596e-02	-8.896632e-03	-1.558806e-03	5.726295e-03	2.055395e-02	1.600327e-02	4.550680e-03
23            	7.672524e-02	3.703972e-02	3.968553e-02	5.288262e-02	1.824628e-02	3.463634e-02	-8.195026e-03	-1.322904e-03	4.776355e-03	1.933629e-02	1.444450e-02	4.891791e-03
24            	7.193566e-02	3.486040e-02	3.707526e-02	4.682781e-02	1.540511e-02	3.142270e-02	-8.008794e-03	-1.107434e-03	3.869324e-03	1.832383e-02	1.303124e-02	5.292590e-03
25            	6.689467e-02	3.252803e-02	3.436664e-02	4.173838e-02	1.261336e-02	2.912503e-02	-8.255833e-03	-9.193022e-04	3.202350e-03	1.744247e-02	1.192358e-02	5.518884e-03
26            	6.208360e-02	3.031276e-02	3.177083e-02	3.757694e-02	1.009465e-02	2.748229e-02	-8.693823e-03	-7.290336e-04	2.895645e-03	1.667341e-02	1.123235e-02	5.441058e-03
27            	5.811740e-02	2.852570e-02	2.959170e-02	3.459331e-02	8.374046e-03	2.621926e-02	-8.922609e-03	-5.330037e-04	2.856606e-03	1.558891e-02	1.065106e-02	4.937849e-03
28            	5.590355e-02	2.760916e-02	2.829438e-02	3.303031e-02	7.637134e-03	2.539318e-02	-8.878022e-03	-3.426080e-04	2.873323e-03	1.414201e-02	9.944330e-03	4.197684e-03
29            	5.556083e-02	2.761747e-02	2.794336e-02	3.269947e-02	7.781226e-03	2.491825e-02	-8.568511e-03	-1.629485e-04	2.876781e-03	1.235018e-02	9.051869e-03	3.298308e-03
30            	5.651779e-02	2.829288e-02	2.822491e-02	3.306217e-02	8.362433e-03	2.469974e-02	-8.168652e-03	3.398962e-05	2.840354e-03	1.014280e-02	7.911755e-03	2.231046e-03
31            	5.818558e-02	2.934451e-02	2.884107e-02	3.375585e-02	9.211086e-03	2.454476e-02	-7.666837e-03	2.517205e-04	2.820337e-03	7.756374e-03	6.698524e-03	1.057850e-03
32            	6.010606e-02	3.052779e-02	2.957827e-02	3.449657e-02	1.010919e-02	2.438738e-02	-7.139099e-03	4.747615e-04	2.973555e-03	5.340020e-03	5.643565e-03	-3.035449e-04
33            	6.223326e-02	3.172255e-02	3.051071e-02	3.522723e-02	1.098590e-02	2.424132e-02	-6.627711e-03	6.059189e-04	3.263256e-03	3.055503e-03	4.791008e-03	-1.735505e-03
34            	6.425819e-02	3.281459e-02	3.144360e-02	3.620414e-02	1.204058e-02	2.416356e-02	-6.061494e-03	6.854970e-04	3.489348e-03	9.516917e-04	3.965194e-03	-3.013502e-03
35            	6.628924e-02	3.383330e-02	3.245594e-02	3.711008e-02	1.299048e-02	2.411960e-02	-5.564558e-03	6.886804e-04	3.395433e-03	-7.095174e-04	3.040674e-03	-3.750192e-03
36            	6.858726e-02	3.490210e-02	3.368516e-02	3.760933e-02	1.355356e-02	2.405577e-02	-5.251108e-03	6.084723e-04	2.941948e-03	-1.653700e-03	2.115098e-03	-3.768798e-03
37            	7.173647e-02	3.630157e-02	3.543490e-02	3.756410e-02	1.363598e-02	2.392812e-02	-5.146072e-03	4.333352e-04	2.261774e-03	-1.783806e-03	1.369871e-03	-3.153677e-03
38            	7.529364e-02	3.790001e-02	3.739363e-02	3.731649e-02	1.350601e-02	2.381047e-02	-5.152229e-03	2.531876e-04	1.551710e-03	-1.255859e-03	9.237805e-04	-2.179640e-03
39            	7.880176e-02	3.955714e-02	3.924462e-02	3.724817e-02	1.355326e-02	2.369491e-02	-5.070828e-03	1.562565e-04	8.985955e-04	-6.056185e-04	5.957863e-04	-1.201405e-03
40            	8.152708e-02	4.097790e-02	4.054918e-02	3.765216e-02	1.403223e-02	2.361992e-02	-4.793844e-03	2.143621e-04	4.382544e-04	-3.351649e-04	2.706719e-04	-6.058368e-04
41            	8.319639e-02	4.203965e-02	4.115674e-02	3.834116e-02	1.489174e-02	2.344942e-02	-4.278840e-03	4.414549e-04	2.855702e-04	-6.311425e-04	-3.000101e-05	-6.011415e-04
42            	8.355966e-02	4.250260e-02	4.105705e-02	3.901580e-02	1.602306e-02	2.299274e-02	-3.484841e-03	7.227748e-04	4.754388e-04	-1.286917e-03	-1.680195e-04	-1.118897e-03
43            	8.305842e-02	4.240074e-02	4.065768e-02	3.943944e-02	1.737748e-02	2.206196e-02	-2.342238e-03	8.715298e-04	9.606724e-04	-1.728388e-03	9.647820e-05	-1.824867e-03
44            	8.211563e-02	4.190182e-02	4.021381e-02	3.942768e-02	1.874223e-02	2.068544e-02	-9.716038e-04	8.440044e-04	1.568796e-03	-1.569419e-03	7.840863e-04	-2.353506e-03
45            	8.111850e-02	4.124744e-02	3.987106e-02	3.902590e-02	2.003735e-02	1.898856e-02	5.243955e-04	6.881867e-04	2.135821e-03	-8.957889e-04	1.687927e-03	-2.583716e-03
46            	8.012295e-02	4.054067e-02	3.958228e-02	3.834732e-02	2.113013e-02	1.721719e-02	1.956471e-03	4.791931e-04	2.566761e-03	6.309846e-06	2.569916e-03	-2.563606e-03
47            	7.912369e-02	3.982966e-02	3.929403e-02	3.746791e-02	2.191894e-02	1.554898e-02	3.184979e-03	2.678119e-04	2.705376e-03	9.938570e-04	3.202304e-03	-2.208447e-03
48            	7.827274e-02	3.928084e-02	3.899190e-02	3.650961e-02	2.232703e-02	1.418258e-02	4.072222e-03	1.444720e-04	2.536910e-03	1.825901e-03	3.449860e-03	-1.623959e-03
49            	7.769709e-02	3.893643e-02	3.876066e-02	3.576873e-02	2.254755e-02	1.322119e-02	4.663182e-03	8.788288e-05	2.122617e-03	2.343372e-03	3.294303e-03	-9.509313e-04
50            	7.724472e-02	3.864253e-02	3.860220e-02	3.549972e-02	2.277723e-02	1.272248e-02	5.027375e-03	2.016571e-05	1.497730e-03	2.757371e-03	2.876415e-03	-1.190442e-04
51            	7.693220e-02	3.843014e-02	3.850206e-02	3.577781e-02	2.313253e-02	1.264529e-02	5.243620e-03	-3.596171e-05	7.510244e-04	3.218764e-03	2.360406e-03	8.583574e-04
52            	7.672376e-02	3.828133e-02	3.844244e-02	3.648733e-02	2.361270e-02	1.287463e-02	5.369035e-03	-8.055451e-05	-1.352293e-05	4.006845e-03	1.989899e-03	2.016945e-03
53            	7.677032e-02	3.823654e-02	3.853378e-02	3.759181e-02	2.426963e-02	1.332217e-02	5.473732e-03	-1.486203e-04	-6.664410e-04	5.262833e-03	1.964975e-03	3.297857e-03
54            	7.681027e-02	3.816194e-02	3.864832e-02	3.905172e-02	2.509731e-02	1.395441e-02	5.571452e-03	-2.431889e-04	-1.097423e-03	6.899675e-03	2.352415e-03	4.547260e-03
55            	7.666173e-02	3.795300e-02	3.870874e-02	4.071600e-02	2.601592e-02	1.470007e-02	5.657925e-03	-3.778704e-04	-1.226555e-03	8.638420e-03	3.092655e-03	5.545765e-03
56            	7.604360e-02	3.747971e-02	3.856388e-02	4.241835e-02	2.696014e-02	1.545821e-02	5.750963e-03	-5.420845e-04	-1.054936e-03	1.013496e-02	4.012546e-03	6.122418e-03
57            	7.473541e-02	3.667763e-02	3.805779e-02	4.415662e-02	2.800378e-02	1.615284e-02	5.925469e-03	-6.900791e-04	-5.499947e-04	1.111151e-02	5.005761e-03	6.105750e-03
58            	7.260728e-02	3.552487e-02	3.708240e-02	4.588791e-02	2.913820e-02	1.674971e-02	6.194245e-03	-7.787637e-04	3.021971e-04	1.152470e-02	6.064545e-03	5.460151e-03
59            	6.985456e-02	3.411334e-02	3.574122e-02	4.760574e-02	3.036026e-02	1.724548e-02	6.557391e-03	-8.139374e-04	1.447531e-03	1.150582e-02	7.200439e-03	4.305378e-03
60            	6.708027e-02	3.272752e-02	3.435276e-02	4.892560e-02	3.139804e-02	1.752756e-02	6.935241e-03	-8.126213e-04	2.666047e-03	1.123531e-02	8.283704e-03	2.951611e-03
61            	6.480781e-02	3.159138e-02	3.321643e-02	4.979572e-02	3.224675e-02	1.754897e-02	7.348891e-03	-8.125249e-04	3.718994e-03	1.075879e-02	9.098389e-03	1.660402e-03
62            	6.312186e-02	3.073890e-02	3.238295e-02	5.025854e-02	3.288210e-02	1.737643e-02	7.752835e-03	-8.220239e-04	4.465671e-03	1.018746e-02	9.559401e-03	6.280588e-04
63            	6.193949e-02	3.013425e-02	3.180524e-02	5.034126e-02	3.321691e-02	1.712435e-02	8.046279e-03	-8.354975e-04	4.844404e-03	9.545780e-03	9.617294e-03	-7.151383e-05
64            	6.130039e-02	2.984409e-02	3.145630e-02	5.000819e-02	3.306194e-02	1.694625e-02	8.057848e-03	-8.061081e-04	4.914050e-03	8.807488e-03	9.317794e-03	-5.103057e-04
65            	6.107511e-02	2.983316e-02	3.124194e-02	4.945769e-02	3.248569e-02	1.697200e-02	7.756846e-03	-7.043891e-04	4.721926e-03	7.803892e-03	8.623872e-03	-8.199800e-04
66            	6.126517e-02	3.012094e-02	3.114423e-02	4.865502e-02	3.151869e-02	1.713633e-02	7.191183e-03	-5.116485e-04	4.374184e-03	6.489562e-03	7.618966e-03	-1.129403e-03
67            	6.196227e-02	3.077345e-02	3.118882e-02	4.765517e-02	3.026363e-02	1.739154e-02	6.436043e-03	-2.076858e-04	3.942621e-03	4.837771e-03	6.361506e-03	-1.523736e-03
68            	6.295719e-02	3.168504e-02	3.127215e-02	4.651832e-02	2.887573e-02	1.764259e-02	5.616567e-03	2.064440e-04	3.486400e-03	3.015538e-03	4.994169e-03	-1.978631e-03
69            	6.383306e-02	3.256915e-02	3.126391e-02	4.546063e-02	2.762957e-02	1.783106e-02	4.899256e-03	6.526222e-04	3.091195e-03	1.209510e-03	3.695950e-03	-2.486440e-03
70            	6.422430e-02	3.309566e-02	3.112864e-02	4.473902e-02	2.679227e-02	1.794675e-02	4.422755e-03	9.835105e-04	2.755912e-03	-2.012139e-04	2.655305e-03	-2.856519e-03
71            	6.402317e-02	3.315850e-02	3.086467e-02	4.436752e-02	2.649705e-02	1.787047e-02	4.313291e-03	1.146915e-03	2.492594e-03	-1.124062e-03	1.930563e-03	-3.054625e-03
72            	6.332223e-02	3.284191e-02	3.048032e-02	4.418419e-02	2.666229e-02	1.752190e-02	4.570194e-03	1.180796e-03	2.355065e-03	-1.582814e-03	1.563658e-03	-3.146472e-03
73            	6.227418e-02	3.227564e-02	2.999854e-02	4.405855e-02	2.717729e-02	1.688127e-02	5.148010e-03	1.138548e-03	2.368260e-03	-1.847263e-03	1.444629e-03	-3.291892e-03
74            	6.106420e-02	3.158558e-02	2.947863e-02	4.379417e-02	2.786012e-02	1.593405e-02	5.963036e-03	1.053475e-03	2.502883e-03	-2.069766e-03	1.468000e-03	-3.537766e-03
75            	5.968345e-02	3.079523e-02	2.888822e-02	4.328274e-02	2.862056e-02	1.466219e-02	6.979186e-03	9.535041e-04	2.722298e-03	-2.451471e-03	1.496563e-03	-3.948034e-03
76            	5.828577e-02	3.003061e-02	2.825516e-02	4.219396e-02	2.931426e-02	1.287970e-02	8.217282e-03	8.877262e-04	2.989772e-03	-3.295655e-03	1.341945e-03	-4.637599e-03
77            	5.697053e-02	2.930859e-02	2.766194e-02	4.095906e-02	2.944497e-02	1.151409e-02	8.965437e-03	8.233231e-04	3.287313e-03	-3.728953e-03	1.422836e-03	-5.151789e-03
78            	5.531543e-02	2.849211e-02	2.682332e-02	3.887135e-02	2.937472e-02	9.496621e-03	9.939051e-03	8.343903e-04	3.383536e-03	-4.599072e-03	1.084000e-03	-5.683073e-03
79            	5.368757e-02	2.763725e-02	2.605032e-02	3.703647e-02	2.885101e-02	8.185464e-03	1.033277e-02	7.934604e-04	3.420710e-03	-4.773823e-03	1.033799e-03	-5.807622e-03
80            	5.174075e-02	2.659834e-02	2.514241e-02	3.486308e-02	2.820891e-02	6.654175e-03	1.077737e-02	7.279660e-04	3.034043e-03	-4.832480e-03	6.178027e-04	-5.450283e-03
81            	5.012391e-02	2.567536e-02	2.444854e-02	3.323772e-02	2.765935e-02	5.578369e-03	1.104049e-02	6.134098e-04	2.498506e-03	-4.565250e-03	2.158807e-04	-4.781131e-03
82            	4.938164e-02	2.517877e-02	2.420287e-02	3.223730e-02	2.730861e-02	4.928691e-03	1.118996e-02	4.879512e-04	1.980486e-03	-4.104305e-03	-7.166689e-05	-4.032639e-03
83            	4.955445e-02	2.515163e-02	2.440282e-02	3.187916e-02	2.719945e-02	4.679712e-03	1.125987e-02	3.744075e-04	1.582889e-03	-3.536651e-03	-1.854367e-04	-3.351214e-03
84            	5.063444e-02	2.560807e-02	2.502637e-02	3.189003e-02	2.713377e-02	4.756251e-03	1.118876e-02	2.908479e-04	1.240683e-03	-3.072829e-03	-2.957309e-04	-2.777098e-03
85            	5.216868e-02	2.635685e-02	2.581183e-02	3.222791e-02	2.711407e-02	5.113845e-03	1.100011e-02	2.725087e-04	8.976024e-04	-3.027381e-03	-6.160881e-04	-2.411293e-03
86            	5.381289e-02	2.722762e-02	2.658527e-02	3.280719e-02	2.717068e-02	5.636513e-03	1.076708e-02	3.211770e-04	5.340156e-04	-3.459313e-03	-1.195641e-03	-2.263672e-03
87            	5.514873e-02	2.800644e-02	2.714228e-02	3.376542e-02	2.750705e-02	6.258365e-03	1.062434e-02	4.320809e-04	1.698839e-04	-4.330456e-03	-1.995344e-03	-2.335112e-03
88            	5.614112e-02	2.862842e-02	2.751271e-02	3.492119e-02	2.806677e-02	6.854424e-03	1.060617e-02	5.578542e-04	-1.403446e-04	-5.402982e-03	-2.841836e-03	-2.561146e-03
89            	5.661163e-02	2.899131e-02	2.762033e-02	3.623204e-02	2.887149e-02	7.360556e-03	1.075546e-02	6.854904e-04	-2.887315e-04	-6.407820e-03	-3.492642e-03	-2.915179e-03
90            	5.667351e-02	2.910003e-02	2.757348e-02	3.741571e-02	2.972145e-02	7.694256e-03	1.101360e-02	7.632722e-04	-2.466423e-04	-7.029866e-03	-3.761575e-03	-3.268290e-03
91            	5.627510e-02	2.892265e-02	2.735244e-02	3.838830e-02	3.053655e-02	7.851747e-03	1.134240e-02	7.851051e-04	6.169002e-05	-7.130500e-03	-3.503560e-03	-3.626940e-03
92            	5.564951e-02	2.855796e-02	2.709155e-02	3.892003e-02	3.106358e-02	7.856447e-03	1.160357e-02	7.332061e-04	6.306803e-04	-6.729337e-03	-2.733988e-03	-3.995349e-03
93            	5.490186e-02	2.812194e-02	2.677992e-02	3.900757e-02	3.124245e-02	7.765122e-03	1.173866e-02	6.710127e-04	1.462257e-03	-6.153365e-03	-1.614426e-03	-4.538939e-03
94            	5.418923e-02	2.771112e-02	2.647811e-02	3.842071e-02	3.081995e-02	7.600767e-03	1.160959e-02	6.165055e-04	2.501284e-03	-5.497673e-03	-2.475523e-04	-5.250121e-03
95            	5.352291e-02	2.736461e-02	2.615830e-02	3.734047e-02	2.992829e-02	7.412182e-03	1.125805e-02	6.031524e-04	3.601591e-03	-4.866101e-03	1.168540e-03	-6.034641e-03
96            	5.290460e-02	2.710361e-02	2.580099e-02	3.590094e-02	2.866377e-02	7.237179e-03	1.071329e-02	6.513124e-04	4.618651e-03	-4.255417e-03	2.490943e-03	-6.746360e-03
97            	5.251042e-02	2.705337e-02	2.545704e-02	3.433030e-02	2.724972e-02	7.080590e-03	1.008456e-02	7.981652e-04	5.505770e-03	-3.743822e-03	3.633859e-03	-7.377681e-03
98            	5.252012e-02	2.729040e-02	2.522972e-02	3.284728e-02	2.592130e-02	6.925978e-03	9.497660e-03	1.030337e-03	6.197065e-03	-3.413117e-03	4.490506e-03	-7.903623e-03
99            	5.295217e-02	2.777833e-02	2.517383e-02	3.179477e-02	2.502940e-02	6.765367e-03	9.132018e-03	1.302250e-03	6.636939e-03	-3.351063e-03	4.961407e-03	-8.312470e-03
100           	5.366958e-02	2.834912e-02	2.532046e-02	3.105770e-02	2.447227e-02	6.585429e-03	8.943421e-03	1.514331e-03	6.791054e-03	-3.432811e-03	5.074648e-03	-8.507459e-03
101           	5.435828e-02	2.884756e-02	2.551072e-02	3.063289e-02	2.425053e-02	6.382365e-03	8.934081e-03	1.668421e-03	6.738843e-03	-3.636181e-03	4.920752e-03	-8.556933e-03
102           	5.496527e-02	2.926757e-02	2.569770e-02	3.020422e-02	2.414170e-02	6.062521e-03	9.039588e-03	1.784935e-03	6.635435e-03	-3.947463e-03	4.661704e-03	-8.609166e-03
103           	5.468669e-02	2.918372e-02	2.550297e-02	3.060470e-02	2.450942e-02	6.095276e-03	9.207072e-03	1.840371e-03	6.600790e-03	-4.346660e-03	4.427461e-03	-8.774120e-03
104           	5.415735e-02	2.893953e-02	2.521782e-02	3.105920e-02	2.504204e-02	6.017154e-03	9.512444e-03	1.860855e-03	6.663655e-03	-4.883914e-03	4.221698e-03	-9.105612e-03
105           	5.329565e-02	2.845169e-02	2.484396e-02	3.182421e-02	2.584300e-02	5.981211e-03	9.930893e-03	1.803864e-03	6.792076e-03	-5.219821e-03	4.182165e-03	-9.401986e-03
106           	5.232630e-02	2.785859e-02	2.446772e-02	3.266747e-02	2.669621e-02	5.971263e-03	1.036247e-02	1.695434e-03	6.974930e-03	-5.298724e-03	4.325568e-03	-9.624292e-03
107           	5.146089e-02	2.730007e-02	2.416082e-02	3.344976e-02	2.754038e-02	5.909384e-03	1.081550e-02	1.569624e-03	7.189018e-03	-5.163841e-03	4.607098e-03	-9.770939e-03
108           	5.078792e-02	2.682613e-02	2.396179e-02	3.389487e-02	2.818003e-02	5.714841e-03	1.123260e-02	1.432169e-03	7.409562e-03	-4.810828e-03	5.004148e-03	-9.814976e-03
109           	5.032028e-02	2.647465e-02	2.384563e-02	3.392577e-02	2.859898e-02	5.326791e-03	1.163609e-02	1.314511e-03	7.627581e-03	-4.370453e-03	5.442355e-03	-9.812808e-03
110           	4.993465e-02	2.620770e-02	2.372695e-02	3.348079e-02	2.868103e-02	4.799754e-03	1.194064e-02	1.240372e-03	7.797908e-03	-4.026976e-03	5.784420e-03	-9.811396e-03
111           	4.954715e-02	2.602015e-02	2.352701e-02	3.284063e-02	2.857605e-02	4.264579e-03	1.215574e-02	1.246570e-03	7.828014e-03	-4.036734e-03	5.809647e-03	-9.846381e-03
112           	4.917138e-02	2.592791e-02	2.324347e-02	3.219533e-02	2.829673e-02	3.898601e-03	1.219906e-02	1.342219e-03	7.648781e-03	-4.477998e-03	5.409783e-03	-9.887780e-03
113           	4.892173e-02	2.598140e-02	2.294033e-02	3.188049e-02	2.807953e-02	3.800959e-03	1.213929e-02	1.520536e-03	7.233924e-03	-5.362729e-03	4.552560e-03	-9.915288e-03
114           	4.897530e-02	2.622601e-02	2.274929e-02	3.180088e-02	2.784893e-02	3.951952e-03	1.194849e-02	1.738362e-03	6.651654e-03	-6.543857e-03	3.379725e-03	-9.923582e-03
115           	4.937791e-02	2.664560e-02	2.273231e-02	3.193751e-02	2.772550e-02	4.212017e-03	1.175674e-02	1.956644e-03	6.029199e-03	-7.765145e-03	2.146627e-03	-9.911772e-03
116           	4.999933e-02	2.710468e-02	2.289465e-02	3.191995e-02	2.749075e-02	4.429193e-03	1.153078e-02	2.105017e-03	5.513043e-03	-8.522409e-03	1.251838e-03	-9.774247e-03
117           	5.052484e-02	2.745541e-02	2.306943e-02	3.190206e-02	2.736111e-02	4.540950e-03	1.141008e-02	2.192991e-03	5.178579e-03	-8.808573e-03	7.742931e-04	-9.582866e-03
118           	5.086798e-02	2.766480e-02	2.320317e-02	3.180877e-02	2.724802e-02	4.560755e-03	1.134363e-02	2.230815e-03	5.068515e-03	-8.712885e-03	7.120724e-04	-9.424957e-03
119           	5.100534e-02	2.771217e-02	2.329317e-02	3.192651e-02	2.739489e-02	4.531618e-03	1.143164e-02	2.209497e-03	5.111880e-03	-8.335930e-03	9.439148e-04	-9.279844e-03
120           	5.106932e-02	2.765913e-02	2.341019e-02	3.214909e-02	2.763610e-02	4.512996e-03	1.156155e-02	2.124467e-03	5.247794e-03	-7.742501e-03	1.376544e-03	-9.119045e-03
121           	5.106349e-02	2.750781e-02	2.355568e-02	3.265479e-02	2.810374e-02	4.551046e-03	1.177635e-02	1.976065e-03	5.420138e-03	-7.067776e-03	1.886250e-03	-8.954027e-03
122           	5.109679e-02	2.733068e-02	2.376610e-02	3.308906e-02	2.845243e-02	4.636635e-03	1.190790e-02	1.782288e-03	5.592402e-03	-6.349798e-03	2.417503e-03	-8.767302e-03
123           	5.104380e-02	2.707230e-02	2.397149e-02	3.354547e-02	2.879775e-02	4.747722e-03	1.202501e-02	1.550405e-03	5.696783e-03	-5.643739e-03	2.874913e-03	-8.518652e-03
124           	5.080989e-02	2.670482e-02	2.410507e-02	3.361943e-02	2.875578e-02	4.863649e-03	1.194607e-02	1.299875e-03	5.712917e-03	-4.904547e-03	3.260643e-03	-8.165190e-03
125           	5.022218e-02	2.614945e-02	2.407273e-02	3.360910e-02	2.859035e-02	5.018748e-03	1.178580e-02	1.038361e-03	5.591072e-03	-4.183365e-03	3.499389e-03	-7.682755e-03
126           	4.940155e-02	2.550831e-02	2.389324e-02	3.325990e-02	2.803141e-02	5.228486e-03	1.140146e-02	8.075391e-04	5.342611e-03	-3.514742e-03	3.585240e-03	-7.099982e-03
127           	4.851504e-02	2.487336e-02	2.364168e-02	3.296958e-02	2.746011e-02	5.509471e-03	1.097532e-02	6.158375e-04	4.933875e-03	-3.003712e-03	3.432019e-03	-6.435731e-03
128           	4.787531e-02	2.443927e-02	2.343604e-02	3.246232e-02	2.664846e-02	5.813856e-03	1.041730e-02	5.016168e-04	4.405808e-03	-2.724126e-03	3.043745e-03	-5.767871e-03
129           	4.756776e-02	2.423668e-02	2.333108e-02	3.216256e-02	2.608281e-02	6.079752e-03	1.000153e-02	4.528000e-04	3.765853e-03	-2.686184e-03	2.422761e-03	-5.108945e-03
130           	4.763234e-02	2.425170e-02	2.338063e-02	3.170493e-02	2.549788e-02	6.207046e-03	9.645419e-03	4.355339e-04	3.069400e-03	-2.677566e-03	1.730617e-03	-4.408183e-03
131           	4.781881e-02	2.429246e-02	2.352636e-02	3.144622e-02	2.527745e-02	6.168768e-03	9.554340e-03	3.830486e-04	2.342611e-03	-2.516840e-03	1.084190e-03	-3.601031e-03
132           	4.810554e-02	2.436583e-02	2.373971e-02	3.104706e-02	2.509659e-02	5.950471e-03	9.573059e-03	3.130614e-04	1.690118e-03	-2.145390e-03	6.174235e-04	-2.762813e-03
133           	4.827172e-02	2.433990e-02	2.393182e-02	3.087831e-02	2.524782e-02	5.630488e-03	9.808666e-03	2.040418e-04	1.162840e-03	-1.585563e-03	3.700584e-04	-1.955621e-03
134           	4.837767e-02	2.425448e-02	2.412318e-02	3.079060e-02	2.555123e-02	5.239365e-03	1.015593e-02	6.565035e-05	7.406512e-04	-7.737651e-04	3.537687e-04	-1.127534e-03
135           	4.833439e-02	2.404480e-02	2.428959e-02	3.109587e-02	2.620378e-02	4.892092e-03	1.065584e-02	-1.223941e-04	4.192430e-04	2.289678e-04	5.337269e-04	-3.047591e-04
136           	4.826536e-02	2.378945e-02	2.447591e-02	3.152312e-02	2.692330e-02	4.599817e-03	1.116174e-02	-3.432332e-04	1.399491e-04	1.395891e-03	8.378945e-04	5.579962e-04
137           	4.809295e-02	2.343644e-02	2.465651e-02	3.219431e-02	2.780177e-02	4.392534e-03	1.170462e-02	-6.100328e-04	-1.762310e-04	2.614794e-03	1.131166e-03	1.483628e-03
138           	4.787864e-02	2.306040e-02	2.481824e-02	3.268452e-02	2.847840e-02	4.206122e-03	1.213614e-02	-8.789187e-04	-5.603051e-04	3.817640e-03	1.348515e-03	2.469125e-03
139           	4.743452e-02	2.256788e-02	2.486663e-02	3.316306e-02	2.911799e-02	4.045066e-03	1.253646e-02	-1.149374e-03	-1.070679e-03	4.885150e-03	1.371896e-03	3.513254e-03
140           	4.680567e-02	2.204220e-02	2.476347e-02	3.328941e-02	2.941817e-02	3.871243e-03	1.277346e-02	-1.360638e-03	-1.715063e-03	5.742716e-03	1.156295e-03	4.586420e-03
141           	4.586154e-02	2.142080e-02	2.444074e-02	3.344733e-02	2.968632e-02	3.761019e-03	1.296265e-02	-1.509970e-03	-2.533214e-03	6.252300e-03	5.929359e-04	5.659364e-03
142           	4.487893e-02	2.091961e-02	2.395932e-02	3.325117e-02	2.952379e-02	3.727380e-03	1.289820e-02	-1.519859e-03	-3.472493e-03	6.331041e-03	-3.069725e-04	6.638013e-03
143           	4.386286e-02	2.050618e-02	2.335668e-02	3.321957e-02	2.937292e-02	3.846649e-03	1.276314e-02	-1.425250e-03	-4.434772e-03	6.026394e-03	-1.421575e-03	7.447969e-03
144           	4.311670e-02	2.032758e-02	2.278912e-02	3.295016e-02	2.889926e-02	4.050895e-03	1.242418e-02	-1.230769e-03	-5.258071e-03	5.602078e-03	-2.457032e-03	8.059110e-03
145           	4.249085e-02	2.017766e-02	2.231319e-02	3.295495e-02	2.862204e-02	4.332910e-03	1.214457e-02	-1.067767e-03	-5.899703e-03	5.363695e-03	-3.217856e-03	8.581551e-03
146           	4.220407e-02	2.016507e-02	2.203900e-02	3.271784e-02	2.814068e-02	4.577156e-03	1.178176e-02	-9.369664e-04	-6.226426e-03	5.459765e-03	-3.496543e-03	8.956308e-03
147           	4.192290e-02	2.009202e-02	2.183088e-02	3.266648e-02	2.788594e-02	4.780533e-03	1.155271e-02	-8.694342e-04	-6.171290e-03	5.766199e-03	-3.288191e-03	9.054390e-03
148           	4.191481e-02	2.017937e-02	2.173544e-02	3.227253e-02	2.742828e-02	4.844247e-03	1.129202e-02	-7.780324e-04	-5.644226e-03	5.934060e-03	-2.677196e-03	8.611256e-03
149           	4.212068e-02	2.033423e-02	2.178645e-02	3.209015e-02	2.729276e-02	4.797382e-03	1.124769e-02	-7.261070e-04	-4.761203e-03	5.846601e-03	-1.837903e-03	7.684504e-03
150           	4.264201e-02	2.063361e-02	2.200840e-02	3.192050e-02	2.729236e-02	4.628137e-03	1.133211e-02	-6.873928e-04	-3.685845e-03	5.509888e-03	-9.309005e-04	6.440789e-03
151           	4.313674e-02	2.087531e-02	2.226143e-02	3.217719e-02	2.772957e-02	4.447612e-03	1.164098e-02	-6.930624e-04	-2.611704e-03	4.861745e-03	-1.808319e-04	5.042577e-03
152           	4.355686e-02	2.105884e-02	2.249802e-02	3.248617e-02	2.820442e-02	4.281744e-03	1.196134e-02	-7.195891e-04	-1.653273e-03	4.017283e-03	3.553681e-04	3.661915e-03
153           	4.366084e-02	2.104027e-02	2.262057e-02	3.314902e-02	2.894266e-02	4.206362e-03	1.236815e-02	-7.901521e-04	-8.464289e-04	3.064881e-03	6.860114e-04	2.378869e-03
154           	4.366406e-02	2.098180e-02	2.268226e-02	3.361066e-02	2.944774e-02	4.162918e-03	1.264241e-02	-8.502336e-04	-1.601409e-04	2.171931e-03	9.258246e-04	1.246106e-03
155           	4.334818e-02	2.073809e-02	2.261009e-02	3.420910e-02	3.001153e-02	4.197565e-03	1.290698e-02	-9.359989e-04	3.237197e-04	1.415335e-03	1.031387e-03	3.839479e-04
156           	4.299192e-02	2.052839e-02	2.246352e-02	3.440852e-02	3.014402e-02	4.264495e-03	1.293976e-02	-9.675638e-04	6.129213e-04	7.526607e-04	9.892517e-04	-2.365910e-04
157           	4.253764e-02	2.030090e-02	2.223674e-02	3.463181e-02	3.021850e-02	4.413310e-03	1.290259e-02	-9.679213e-04	6.867329e-04	1.023195e-04	7.378926e-04	-6.355731e-04
158           	4.220164e-02	2.021456e-02	2.198707e-02	3.449435e-02	2.987264e-02	4.621708e-03	1.262547e-02	-8.862550e-04	6.332770e-04	-5.451778e-04	3.606881e-04	-9.058659e-04
159           	4.183276e-02	2.014186e-02	2.169090e-02	3.464594e-02	2.969935e-02	4.946594e-03	1.237638e-02	-7.745223e-04	4.692588e-04	-1.043454e-03	-5.246793e-05	-9.909856e-04
160           	4.173398e-02	2.022984e-02	2.150414e-02	3.469497e-02	2.939256e-02	5.302414e-03	1.204507e-02	-6.371474e-04	2.762366e-04	-1.228846e-03	-3.381864e-04	-8.906596e-04
161           	4.180079e-02	2.034331e-02	2.145748e-02	3.501499e-02	2.933081e-02	5.684181e-03	1.182331e-02	-5.570851e-04	1.082002e-04	-9.701052e-04	-3.768524e-04	-5.932528e-04
162           	4.230431e-02	2.064839e-02	2.165593e-02	3.515975e-02	2.918335e-02	5.976405e-03	1.160347e-02	-5.037708e-04	5.201685e-05	-3.099515e-04	-1.029589e-04	-2.069926e-04
163           	4.305241e-02	2.103176e-02	2.202066e-02	3.539102e-02	2.920115e-02	6.189871e-03	1.150564e-02	-4.944493e-04	1.039457e-04	5.274984e-04	3.676949e-04	1.598035e-04
164           	4.414016e-02	2.161063e-02	2.252954e-02	3.548846e-02	2.921533e-02	6.273127e-03	1.147110e-02	-4.594549e-04	2.519969e-04	1.251807e-03	8.779003e-04	3.739064e-04
165           	4.532571e-02	2.227199e-02	2.305372e-02	3.574554e-02	2.945693e-02	6.288610e-03	1.158416e-02	-3.908681e-04	3.174452e-04	1.652076e-03	1.143483e-03	5.085926e-04
166           	4.649541e-02	2.299350e-02	2.350191e-02	3.603916e-02	2.980359e-02	6.235566e-03	1.178401e-02	-2.542057e-04	2.377369e-04	1.643579e-03	1.059527e-03	5.840527e-04
167           	4.745055e-02	2.366108e-02	2.378947e-02	3.650673e-02	3.033643e-02	6.170304e-03	1.208306e-02	-6.419517e-05	6.424329e-05	1.297967e-03	7.132270e-04	5.847404e-04
168           	4.824249e-02	2.427212e-02	2.397037e-02	3.688533e-02	3.085474e-02	6.030587e-03	1.241208e-02	1.508726e-04	-1.452428e-04	7.931526e-04	2.513335e-04	5.418191e-04
169           	4.867341e-02	2.468287e-02	2.399054e-02	3.730138e-02	3.147462e-02	5.826756e-03	1.282393e-02	3.461627e-04	-3.083307e-04	2.592527e-04	-1.787044e-04	4.379571e-04
170           	4.869760e-02	2.486525e-02	2.383235e-02	3.745589e-02	3.191775e-02	5.538137e-03	1.318981e-02	5.164460e-04	-3.734265e-04	-1.408123e-04	-4.438326e-04	3.030204e-04
171           	4.818968e-02	2.473967e-02	2.345001e-02	3.755429e-02	3.232181e-02	5.232484e-03	1.354466e-02	6.448326e-04	-3.784077e-04	-4.323275e-04	-5.945715e-04	1.622440e-04
172           	4.725408e-02	2.437256e-02	2.288152e-02	3.734659e-02	3.238022e-02	4.966370e-03	1.370693e-02	7.455191e-04	-3.196534e-04	-5.712439e-04	-6.052753e-04	3.403141e-05
173           	4.599992e-02	2.379828e-02	2.220164e-02	3.722348e-02	3.234679e-02	4.876693e-03	1.373505e-02	7.983246e-04	-2.326277e-04	-5.873097e-04	-5.262826e-04	-6.102713e-05
174           	4.479014e-02	2.322417e-02	2.156598e-02	3.702380e-02	3.203006e-02	4.993744e-03	1.351816e-02	8.290965e-04	-1.067612e-04	-4.899171e-04	-3.517197e-04	-1.381974e-04
175           	4.378731e-02	2.270840e-02	2.107890e-02	3.718048e-02	3.183588e-02	5.344597e-03	1.324564e-02	8.147501e-04	4.523590e-05	-2.401477e-04	-7.483797e-05	-1.653098e-04
176           	4.327806e-02	2.240205e-02	2.087601e-02	3.734473e-02	3.149331e-02	5.851420e-03	1.282095e-02	7.630238e-04	2.063608e-04	1.708163e-04	2.917690e-04	-1.209526e-04
177           	4.327111e-02	2.228648e-02	2.098463e-02	3.769305e-02	3.128575e-02	6.407302e-03	1.243922e-02	6.509277e-04	2.575692e-04	6.335312e-04	5.743348e-04	5.919639e-05
178           	4.363006e-02	2.235866e-02	2.127139e-02	3.779022e-02	3.091359e-02	6.876638e-03	1.201847e-02	5.436349e-04	2.565836e-04	9.520653e-04	7.326162e-04	2.194491e-04
179           	4.403806e-02	2.247023e-02	2.156783e-02	3.792563e-02	3.070787e-02	7.217766e-03	1.174505e-02	4.512039e-04	1.831224e-04	9.257878e-04	6.460162e-04	2.797715e-04
180           	4.452123e-02	2.266756e-02	2.185368e-02	3.788919e-02	3.050990e-02	7.379285e-03	1.156531e-02	4.069379e-04	1.526540e-05	4.042409e-04	2.173859e-04	1.868551e-04
181           	4.499871e-02	2.289154e-02	2.210718e-02	3.794937e-02	3.059536e-02	7.354013e-03	1.162067e-02	3.921799e-04	-1.758054e-04	-4.646662e-04	-4.081386e-04	-5.652766e-05
182           	4.523368e-02	2.295424e-02	2.227943e-02	3.812111e-02	3.090152e-02	7.219583e-03	1.184097e-02	3.374061e-04	-2.782532e-04	-9.379033e-04	-7.472048e-04	-1.906984e-04
183           	4.546593e-02	2.301472e-02	2.245121e-02	3.845121e-02	3.142076e-02	7.030451e-03	1.219515e-02	2.817579e-04	-3.567341e-04	-1.553790e-03	-1.133629e-03	-4.201608e-04
184           	4.549600e-02	2.296696e-02	2.252905e-02	3.864668e-02	3.185366e-02	6.793020e-03	1.253032e-02	2.189536e-04	-3.223255e-04	-2.032105e-03	-1.338378e-03	-6.937269e-04
185           	4.516033e-02	2.272341e-02	2.243692e-02	3.884928e-02	3.229410e-02	6.555176e-03	1.286946e-02	1.432488e-04	-1.728745e-04	-2.335109e-03	-1.340429e-03	-9.946800e-04
186           	4.445965e-02	2.229196e-02	2.216769e-02	3.877669e-02	3.245573e-02	6.320954e-03	1.306739e-02	6.213702e-05	8.258146e-05	-2.417787e-03	-1.126312e-03	-1.291475e-03
187           	4.340882e-02	2.168206e-02	2.172677e-02	3.864543e-02	3.251046e-02	6.134968e-03	1.318775e-02	-2.235618e-05	4.053659e-04	-2.371926e-03	-7.805970e-04	-1.591329e-03
188           	4.218997e-02	2.101953e-02	2.117044e-02	3.826650e-02	3.223383e-02	6.032670e-03	1.310058e-02	-7.545580e-05	7.557205e-04	-2.336611e-03	-4.125851e-04	-1.924026e-03
189           	4.100905e-02	2.040330e-02	2.060576e-02	3.793329e-02	3.187899e-02	6.054304e-03	1.291234e-02	-1.012286e-04	9.969198e-04	-2.441749e-03	-2.239549e-04	-2.217794e-03
190           	4.006841e-02	1.995756e-02	2.011085e-02	3.754226e-02	3.136103e-02	6.181229e-03	1.258990e-02	-7.664628e-05	1.088790e-03	-2.747148e-03	-2.847843e-04	-2.462363e-03
191           	3.970958e-02	1.983476e-02	1.987482e-02	3.737531e-02	3.101869e-02	6.356619e-03	1.233104e-02	-2.002806e-05	8.979869e-04	-3.308156e-03	-7.560909e-04	-2.552065e-03
192           	3.959617e-02	1.981319e-02	1.978299e-02	3.709934e-02	3.063939e-02	6.459956e-03	1.208971e-02	1.510025e-05	6.736563e-04	-3.738090e-03	-1.195389e-03	-2.542701e-03
193           	3.995125e-02	2.001385e-02	1.993740e-02	3.685190e-02	3.039912e-02	6.452777e-03	1.197317e-02	3.822707e-05	4.690149e-04	-4.005948e-03	-1.533959e-03	-2.471989e-03
194           	4.043495e-02	2.028655e-02	2.014840e-02	3.636135e-02	3.006759e-02	6.293762e-03	1.188691e-02	6.907316e-05	3.710320e-04	-4.137850e-03	-1.697893e-03	-2.439957e-03
195           	4.085070e-02	2.054927e-02	2.030143e-02	3.590002e-02	2.985096e-02	6.049050e-03	1.190096e-02	1.239210e-04	4.361587e-04	-4.274773e-03	-1.701228e-03	-2.573545e-03
196           	4.115928e-02	2.074990e-02	2.040937e-02	3.544604e-02	2.967948e-02	5.766558e-03	1.195646e-02	1.702638e-04	5.937652e-04	-4.338492e-03	-1.575481e-03	-2.763011e-03
197           	4.130844e-02	2.084701e-02	2.046143e-02	3.517179e-02	2.964894e-02	5.522851e-03	1.206304e-02	1.927889e-04	8.066537e-04	-4.301920e-03	-1.344306e-03	-2.957614e-03
198           	4.107069e-02	2.068648e-02	2.038421e-02	3.515245e-02	2.978919e-02	5.363261e-03	1.221296e-02	1.511303e-04	9.159374e-04	-4.010621e-03	-1.089373e-03	-2.921248e-03
199           	4.075525e-02	2.044485e-02	2.031040e-02	3.537671e-02	3.005980e-02	5.316918e-03	1.237144e-02	6.722775e-05	1.017069e-03	-3.566336e-03	-7.660995e-04	-2.800237e-03
200           	4.032946e-02	2.010523e-02	2.022424e-02	3.563323e-02	3.029584e-02	5.337385e-03	1.247923e-02	-5.950484e-05	1.095095e-03	-2.957760e-03	-3.837846e-04	-2.573975e-03
201           	3.972728e-02	1.966595e-02	2.006133e-02	3.600238e-02	3.056717e-02	5.435209e-03	1.256598e-02	-1.976926e-04	1.183211e-03	-2.293815e-03	3.630289e-05	-2.330118e-03
202           	3.904820e-02	1.920566e-02	1.984254e-02	3.619008e-02	3.062599e-02	5.564090e-03	1.253095e-02	-3.184378e-04	1.260922e-03	-1.678485e-03	4.216800e-04	-2.100165e-03
203           	3.833503e-02	1.877086e-02	1.956417e-02	3.636351e-02	3.059666e-02	5.766850e-03	1.241491e-02	-3.966550e-04	1.304807e-03	-1.317542e-03	6.460362e-04	-1.963578e-03
204           	3.776108e-02	1.846379e-02	1.929729e-02	3.636084e-02	3.032399e-02	6.036849e-03	1.214357e-02	-4.167460e-04	1.278953e-03	-1.249385e-03	6.542609e-04	-1.903646e-03
205           	3.738987e-02	1.830602e-02	1.908385e-02	3.648786e-02	3.008601e-02	6.401848e-03	1.184208e-02	-3.889103e-04	1.148887e-03	-1.433463e-03	4.321554e-04	-1.865619e-03
206           	3.739000e-02	1.836364e-02	1.902636e-02	3.661013e-02	2.979749e-02	6.812645e-03	1.149242e-02	-3.313646e-04	9.652007e-04	-1.664674e-03	1.328637e-04	-1.797538e-03
207           	3.765652e-02	1.856140e-02	1.909512e-02	3.700634e-02	2.977141e-02	7.234927e-03	1.126824e-02	-2.668634e-04	8.021673e-04	-1.777873e-03	-8.676899e-05	-1.691104e-03
208           	3.814152e-02	1.886765e-02	1.927387e-02	3.739794e-02	2.982926e-02	7.568679e-03	1.113029e-02	-2.031077e-04	7.198658e-04	-1.671049e-03	-1.156587e-04	-1.555390e-03
209           	3.873772e-02	1.920699e-02	1.953073e-02	3.786731e-02	3.009124e-02	7.776069e-03	1.115759e-02	-1.618714e-04	7.324517e-04	-1.354358e-03	5.527273e-05	-1.409631e-03
210           	3.938114e-02	1.955662e-02	1.982453e-02	3.811264e-02	3.029390e-02	7.818742e-03	1.123758e-02	-1.339569e-04	8.278620e-04	-9.446155e-04	3.555543e-04	-1.300170e-03
211           	3.987914e-02	1.982354e-02	2.005560e-02	3.839444e-02	3.061866e-02	7.775780e-03	1.142144e-02	-1.160314e-04	9.140532e-04	-6.306829e-04	5.987117e-04	-1.229395e-03
212           	4.032660e-02	2.006907e-02	2.025753e-02	3.851930e-02	3.082748e-02	7.691820e-03	1.156783e-02	-9.423194e-05	9.210045e-04	-4.708622e-04	6.855734e-04	-1.156436e-03
213           	4.070193e-02	2.026464e-02	2.043728e-02	3.880957e-02	3.116368e-02	7.645890e-03	1.175889e-02	-8.631878e-05	8.037134e-04	-4.661267e-04	5.706501e-04	-1.036777e-03
214           	4.094725e-02	2.039495e-02	2.055230e-02	3.913343e-02	3.145841e-02	7.675018e-03	1.189170e-02	-7.867564e-05	5.868186e-04	-5.808024e-04	2.964174e-04	-8.772198e-04
215           	4.105176e-02	2.043403e-02	2.061773e-02	3.976460e-02	3.196200e-02	7.802599e-03	1.207970e-02	-9.184821e-05	3.187854e-04	-8.441680e-04	-1.032986e-04	-7.408694e-04
216           	4.104446e-02	2.043052e-02	2.061394e-02	4.028528e-02	3.230685e-02	7.978426e-03	1.216421e-02	-9.171356e-05	6.955636e-05	-1.202250e-03	-5.315686e-04	-6.706813e-04
217           	4.078270e-02	2.026277e-02	2.051993e-02	4.095484e-02	3.276383e-02	8.191006e-03	1.228641e-02	-1.285834e-04	-1.786738e-04	-1.561126e-03	-9.592366e-04	-6.018891e-04
218           	4.035068e-02	2.002730e-02	2.032338e-02	4.125009e-02	3.286042e-02	8.389671e-03	1.223538e-02	-1.480416e-04	-3.937233e-04	-1.889935e-03	-1.338691e-03	-5.512443e-04
219           	3.973864e-02	1.968639e-02	2.005225e-02	4.158028e-02	3.297546e-02	8.604817e-03	1.218532e-02	-1.829322e-04	-5.906646e-04	-2.205567e-03	-1.693448e-03	-5.121186e-04
220           	3.910336e-02	1.937102e-02	1.973234e-02	4.156812e-02	3.272808e-02	8.840042e-03	1.194402e-02	-1.806585e-04	-7.182672e-04	-2.504109e-03	-1.970321e-03	-5.337871e-04
221           	3.853831e-02	1.909479e-02	1.944352e-02	4.173175e-02	3.258367e-02	9.148087e-03	1.171779e-02	-1.743616e-04	-7.770516e-04	-2.762084e-03	-2.158093e-03	-6.039903e-04
222           	3.827875e-02	1.899338e-02	1.928538e-02	4.172586e-02	3.226068e-02	9.465178e-03	1.139775e-02	-1.460001e-04	-7.546587e-04	-2.923485e-03	-2.216401e-03	-7.070839e-04
223           	3.838517e-02	1.906072e-02	1.932445e-02	4.187243e-02	3.209989e-02	9.772539e-03	1.116368e-02	-1.318657e-04	-6.993566e-04	-2.964117e-03	-2.181415e-03	-7.827018e-04
224           	3.868740e-02	1.923563e-02	1.945177e-02	4.173265e-02	3.174574e-02	9.986908e-03	1.087941e-02	-1.080664e-04	-5.657774e-04	-2.869722e-03	-2.000638e-03	-8.690836e-04
225           	3.923372e-02	1.950887e-02	1.972485e-02	4.172474e-02	3.158561e-02	1.013913e-02	1.072324e-02	-1.079908e-04	-4.172323e-04	-2.699883e-03	-1.767174e-03	-9.327092e-04
226           	3.984867e-02	1.983590e-02	2.001278e-02	4.146082e-02	3.124711e-02	1.021371e-02	1.051670e-02	-8.843964e-05	-2.133048e-04	-2.531198e-03	-1.478904e-03	-1.052294e-03
227           	4.041592e-02	2.011399e-02	2.030193e-02	4.133674e-02	3.108524e-02	1.025150e-02	1.041687e-02	-9.396976e-05	-1.038497e-05	-2.363588e-03	-1.192179e-03	-1.171409e-03
228           	4.105962e-02	2.043517e-02	2.062445e-02	4.114395e-02	3.093044e-02	1.021350e-02	1.035847e-02	-9.464100e-05	1.790556e-04	-2.132007e-03	-8.869481e-04	-1.245059e-03
229           	4.158772e-02	2.066286e-02	2.092486e-02	4.131025e-02	3.113801e-02	1.017224e-02	1.048289e-02	-1.309998e-04	3.474931e-04	-1.721150e-03	-5.130820e-04	-1.208068e-03
230           	4.210945e-02	2.088370e-02	2.122575e-02	4.145655e-02	3.135394e-02	1.010262e-02	1.062566e-02	-1.710261e-04	5.044618e-04	-1.119885e-03	-5.548049e-05	-1.064404e-03
231           	4.249188e-02	2.100482e-02	2.148706e-02	4.179903e-02	3.178267e-02	1.001636e-02	1.088315e-02	-2.411167e-04	6.720316e-04	-3.852667e-04	4.793982e-04	-8.646649e-04
232           	4.269494e-02	2.105314e-02	2.164180e-02	4.188468e-02	3.202033e-02	9.864347e-03	1.107799e-02	-2.943257e-04	8.920353e-04	4.667175e-04	1.125394e-03	-6.586766e-04
233           	4.243550e-02	2.083916e-02	2.159634e-02	4.206620e-02	3.236506e-02	9.701137e-03	1.133196e-02	-3.785862e-04	1.151701e-03	1.440389e-03	1.871895e-03	-4.315066e-04
234           	4.183661e-02	2.049215e-02	2.134446e-02	4.188404e-02	3.237511e-02	9.508934e-03	1.143309e-02	-4.261593e-04	1.469935e-03	2.398172e-03	2.669021e-03	-2.708491e-04
235           	4.086990e-02	1.995365e-02	2.091626e-02	4.179662e-02	3.242441e-02	9.372209e-03	1.152610e-02	-4.813057e-04	1.756284e-03	3.194138e-03	3.353353e-03	-1.592155e-04
236           	3.990359e-02	1.948354e-02	2.042005e-02	4.148549e-02	3.218339e-02	9.302107e-03	1.144064e-02	-4.682534e-04	1.992045e-03	3.681108e-03	3.832599e-03	-1.514908e-04
237           	3.899684e-02	1.904213e-02	1.995471e-02	4.150706e-02	3.212358e-02	9.383479e-03	1.137005e-02	-4.562864e-04	2.107878e-03	3.859378e-03	4.037567e-03	-1.781886e-04
238           	3.865768e-02	1.893025e-02	1.972742e-02	4.151271e-02	3.196624e-02	9.546463e-03	1.120989e-02	-3.985852e-04	2.114519e-03	3.659274e-03	3.944156e-03	-2.848819e-04
239           	3.875594e-02	1.902682e-02	1.972911e-02	4.181650e-02	3.206119e-02	9.755317e-03	1.115293e-02	-3.511444e-04	2.029149e-03	3.235384e-03	3.646841e-03	-4.114567e-04
240           	3.941142e-02	1.941526e-02	1.999616e-02	4.193501e-02	3.208431e-02	9.850695e-03	1.111681e-02	-2.904516e-04	1.944082e-03	2.781201e-03	3.334682e-03	-5.534813e-04
241           	4.025505e-02	1.990819e-02	2.034686e-02	4.211706e-02	3.225182e-02	9.865237e-03	1.119329e-02	-2.193333e-04	1.786977e-03	2.156632e-03	2.865293e-03	-7.086610e-04
242           	4.118605e-02	2.042482e-02	2.076123e-02	4.197841e-02	3.226698e-02	9.711430e-03	1.127778e-02	-1.682070e-04	1.738620e-03	1.845439e-03	2.661339e-03	-8.159005e-04
243           	4.200987e-02	2.088912e-02	2.112075e-02	4.191594e-02	3.238961e-02	9.526336e-03	1.143164e-02	-1.158142e-04	1.676419e-03	1.532506e-03	2.442672e-03	-9.101654e-04
244           	4.273993e-02	2.130777e-02	2.143216e-02	4.175573e-02	3.243776e-02	9.317966e-03	1.155990e-02	-6.219633e-05	1.701113e-03	1.376727e-03	2.389477e-03	-1.012750e-03
245           	4.332641e-02	2.163415e-02	2.169226e-02	4.181634e-02	3.264087e-02	9.175473e-03	1.173270e-02	-2.905590e-05	1.752722e-03	1.354129e-03	2.429787e-03	-1.075657e-03
246           	4.374133e-02	2.187180e-02	2.186953e-02	4.189267e-02	3.280297e-02	9.089702e-03	1.185663e-02	1.135992e-06	1.849462e-03	1.499098e-03	2.599011e-03	-1.099913e-03
247           	4.387288e-02	2.194414e-02	2.192874e-02	4.217904e-02	3.310998e-02	9.069056e-03	1.202046e-02	7.699611e-06	1.899428e-03	1.717851e-03	2.758353e-03	-1.040502e-03
248           	4.373839e-02	2.189510e-02	2.184329e-02	4.229072e-02	3.325450e-02	9.036215e-03	1.210914e-02	2.590658e-05	1.886708e-03	1.916358e-03	2.844887e-03	-9.285293e-04
249           	4.322221e-02	2.163586e-02	2.158635e-02	4.251494e-02	3.350729e-02	9.007653e-03	1.224982e-02	2.475703e-05	1.736186e-03	2.000749e-03	2.736560e-03	-7.358117e-04
250           	4.243021e-02	2.127317e-02	2.115704e-02	4.246529e-02	3.349845e-02	8.966842e-03	1.226580e-02	5.806822e-05	1.489109e-03	1.861751e-03	2.419984e-03	-5.582329e-04
251           	4.144727e-02	2.081700e-02	2.063027e-02	4.248444e-02	3.349760e-02	8.986838e-03	1.225538e-02	9.336249e-05	1.092191e-03	1.419234e-03	1.801808e-03	-3.825742e-04
252           	4.053290e-02	2.044261e-02	2.009029e-02	4.229182e-02	3.320478e-02	9.087039e-03	1.205887e-02	1.761597e-04	5.903006e-04	5.841108e-04	8.823560e-04	-2.982452e-04
253           	3.997294e-02	2.024434e-02	1.972860e-02	4.229521e-02	3.298838e-02	9.306831e-03	1.184077e-02	2.578719e-04	1.132032e-04	-4.297209e-04	-1.016572e-04	-3.280637e-04
254           	3.979821e-02	2.024952e-02	1.954868e-02	4.215549e-02	3.261956e-02	9.535929e-03	1.154182e-02	3.504206e-04	-2.468793e-04	-1.405916e-03	-9.498374e-04	-4.560788e-04
255           	3.988905e-02	2.035724e-02	1.953181e-02	4.218329e-02	3.243844e-02	9.744854e-03	1.134679e-02	4.127181e-04	-4.892431e-04	-2.210810e-03	-1.594648e-03	-6.161620e-04
256           	4.025924e-02	2.058612e-02	1.967311e-02	4.197500e-02	3.212004e-02	9.854961e-03	1.113254e-02	4.565050e-04	-5.844535e-04	-2.716776e-03	-1.942842e-03	-7.739344e-04
257           	4.059459e-02	2.074645e-02	1.984815e-02	4.185546e-02	3.197892e-02	9.876543e-03	1.105119e-02	4.491506e-04	-6.560953e-04	-3.000528e-03	-2.156359e-03	-8.441685e-04
258           	4.095439e-02	2.090791e-02	2.004648e-02	4.156517e-02	3.176772e-02	9.797449e-03	1.098514e-02	4.307133e-04	-6.509720e-04	-3.114526e-03	-2.208235e-03	-9.062910e-04
259           	4.138545e-02	2.106150e-02	2.032395e-02	4.149225e-02	3.183507e-02	9.657181e-03	1.108895e-02	3.687743e-04	-6.315085e-04	-3.128571e-03	-2.195794e-03	-9.327770e-04
260           	4.189872e-02	2.125669e-02	2.064202e-02	4.139373e-02	3.192835e-02	9.465385e-03	1.123148e-02	3.073369e-04	-5.597198e-04	-3.102311e-03	-2.110875e-03	-9.914356e-04
261           	4.237036e-02	2.142086e-02	2.094951e-02	4.163199e-02	3.238296e-02	9.249037e-03	1.156696e-02	2.356754e-04	-4.794636e-04	-3.033299e-03	-1.996113e-03	-1.037186e-03
262           	4.280569e-02	2.159600e-02	2.120969e-02	4.170465e-02	3.271863e-02	8.986020e-03	1.186630e-02	1.931532e-04	-4.014720e-04	-2.942939e-03	-1.872942e-03	-1.069997e-03
263           	4.292972e-02	2.161398e-02	2.131574e-02	4.193224e-02	3.321532e-02	8.716922e-03	1.224920e-02	1.491212e-04	-4.066491e-04	-2.804547e-03	-1.808923e-03	-9.956245e-04
264           	4.268517e-02	2.148474e-02	2.120043e-02	4.183069e-02	3.338229e-02	8.448396e-03	1.246695e-02	1.421557e-04	-4.492812e-04	-2.643817e-03	-1.771190e-03	-8.726274e-04
265           	4.194894e-02	2.111585e-02	2.083309e-02	4.179455e-02	3.355579e-02	8.238756e-03	1.265852e-02	1.413797e-04	-5.309886e-04	-2.459720e-03	-1.760848e-03	-6.988712e-04
266           	4.089210e-02	2.060980e-02	2.028230e-02	4.140152e-02	3.329692e-02	8.104602e-03	1.259616e-02	1.637476e-04	-5.964276e-04	-2.271571e-03	-1.732213e-03	-5.393579e-04
267           	3.963275e-02	1.997788e-02	1.965486e-02	4.121439e-02	3.310234e-02	8.112042e-03	1.249515e-02	1.615083e-04	-6.441378e-04	-2.047314e-03	-1.667795e-03	-3.795191e-04
268           	3.857157e-02	1.943488e-02	1.913668e-02	4.085515e-02	3.261797e-02	8.237178e-03	1.219040e-02	1.491004e-04	-5.967411e-04	-1.773638e-03	-1.483560e-03	-2.900777e-04
269           	3.777883e-02	1.899386e-02	1.878497e-02	4.084167e-02	3.234898e-02	8.492690e-03	1.192814e-02	1.044457e-04	-4.417201e-04	-1.395340e-03	-1.139390e-03	-2.559499e-04
270           	3.745618e-02	1.877298e-02	1.868320e-02	4.076374e-02	3.198606e-02	8.777674e-03	1.160419e-02	4.489427e-05	-1.631950e-04	-9.565962e-04	-6.414931e-04	-3.151032e-04
271           	3.749106e-02	1.873559e-02	1.875547e-02	4.089700e-02	3.184854e-02	9.048461e-03	1.140004e-02	-9.942465e-06	1.853174e-04	-5.690749e-04	-9.922000e-05	-4.698549e-04
272           	3.785687e-02	1.887219e-02	1.898468e-02	4.086120e-02	3.163801e-02	9.223195e-03	1.120741e-02	-5.624566e-05	5.561522e-04	-2.685655e-04	4.218694e-04	-6.904349e-04
273           	3.830450e-02	1.904417e-02	1.926034e-02	4.087264e-02	3.154573e-02	9.326913e-03	1.110941e-02	-1.080848e-04	8.628975e-04	-1.946470e-05	8.531651e-04	-8.726298e-04
274           	3.883288e-02	1.926958e-02	1.956330e-02	4.077042e-02	3.141406e-02	9.356366e-03	1.102884e-02	-1.468602e-04	1.100783e-03	9.496203e-05	1.148264e-03	-1.053302e-03
275           	3.926830e-02	1.943855e-02	1.982975e-02	4.080205e-02	3.147770e-02	9.324347e-03	1.107668e-02	-1.956005e-04	1.299497e-03	2.484292e-04	1.423712e-03	-1.175282e-03
276           	3.976517e-02	1.965147e-02	2.011370e-02	4.089269e-02	3.161878e-02	9.273916e-03	1.117243e-02	-2.311177e-04	1.487272e-03	3.820458e-04	1.678295e-03	-1.296249e-03
277           	4.023222e-02	1.986356e-02	2.036866e-02	4.119327e-02	3.195321e-02	9.240055e-03	1.135658e-02	-2.525492e-04	1.642287e-03	4.743792e-04	1.879476e-03	-1.405097e-03
278           	4.065438e-02	2.009304e-02	2.056134e-02	4.143665e-02	3.225767e-02	9.178984e-03	1.153934e-02	-2.341516e-04	1.778893e-03	5.683231e-04	2.063055e-03	-1.494732e-03
279           	4.091701e-02	2.025661e-02	2.066040e-02	4.171838e-02	3.263263e-02	9.085749e-03	1.177344e-02	-2.018947e-04	1.840046e-03	7.084015e-04	2.194246e-03	-1.485845e-03
280           	4.085965e-02	2.028712e-02	2.057252e-02	4.175032e-02	3.281395e-02	8.936367e-03	1.193879e-02	-1.426992e-04	1.907884e-03	9.309900e-04	2.373379e-03	-1.442389e-03
281           	4.036323e-02	2.009215e-02	2.027108e-02	4.176368e-02	3.295592e-02	8.807754e-03	1.207408e-02	-8.946169e-05	1.970172e-03	1.226551e-03	2.583447e-03	-1.356897e-03
282           	3.959430e-02	1.976834e-02	1.982595e-02	4.154690e-02	3.282700e-02	8.719899e-03	1.205355e-02	-2.880639e-05	2.076333e-03	1.597479e-03	2.875072e-03	-1.277594e-03
283           	3.863470e-02	1.931899e-02	1.931571e-02	4.140856e-02	3.265365e-02	8.754906e-03	1.194937e-02	1.643083e-06	2.210633e-03	2.062659e-03	3.241963e-03	-1.179304e-03
284           	3.785788e-02	1.896749e-02	1.889039e-02	4.120352e-02	3.231442e-02	8.889100e-03	1.171266e-02	3.854955e-05	2.354764e-03	2.442751e-03	3.576139e-03	-1.133389e-03
285           	3.738070e-02	1.877375e-02	1.860694e-02	4.120292e-02	3.208141e-02	9.121514e-03	1.147995e-02	8.340571e-05	2.391377e-03	2.485997e-03	3.634376e-03	-1.148379e-03
286           	3.733047e-02	1.883188e-02	1.849859e-02	4.120550e-02	3.183043e-02	9.375069e-03	1.122768e-02	1.666439e-04	2.307728e-03	2.068718e-03	3.342087e-03	-1.273369e-03
287           	3.753129e-02	1.903203e-02	1.849925e-02	4.136890e-02	3.173092e-02	9.637971e-03	1.104648e-02	2.663908e-04	2.091792e-03	1.221943e-03	2.702764e-03	-1.480821e-03
288           	3.796524e-02	1.934611e-02	1.861913e-02	4.142197e-02	3.158223e-02	9.839741e-03	1.087124e-02	3.634873e-04	1.744889e-03	1.227688e-04	1.806273e-03	-1.683505e-03
289           	3.853974e-02	1.970231e-02	1.883743e-02	4.155333e-02	3.157172e-02	9.981603e-03	1.079506e-02	4.324379e-04	1.237046e-03	-1.105817e-03	6.841374e-04	-1.789955e-03
290           	3.927459e-02	2.012103e-02	1.915357e-02	4.157768e-02	3.154813e-02	1.002955e-02	1.075929e-02	4.837293e-04	7.598047e-04	-2.172780e-03	-3.265855e-04	-1.846195e-03
291           	3.999402e-02	2.046307e-02	1.953094e-02	4.184447e-02	3.178026e-02	1.006421e-02	1.085802e-02	4.660640e-04	4.219514e-04	-2.783667e-03	-9.698823e-04	-1.813785e-03
292           	4.069771e-02	2.077433e-02	1.992339e-02	4.212468e-02	3.200922e-02	1.011545e-02	1.094688e-02	4.254701e-04	3.178585e-04	-2.958889e-03	-1.161586e-03	-1.797303e-03
293           	4.118509e-02	2.094043e-02	2.024467e-02	4.268270e-02	3.244954e-02	1.023316e-02	1.110819e-02	3.478805e-04	3.767215e-04	-2.731177e-03	-9.888669e-04	-1.742310e-03
294           	4.142357e-02	2.099910e-02	2.042447e-02	4.313103e-02	3.275453e-02	1.037650e-02	1.118901e-02	2.873117e-04	5.492303e-04	-2.180739e-03	-5.411392e-04	-1.639600e-03
295           	4.118880e-02	2.079859e-02	2.039021e-02	4.370714e-02	3.316434e-02	1.054281e-02	1.131077e-02	2.041896e-04	7.253108e-04	-1.352275e-03	4.917321e-05	-1.401448e-03
296           	4.058986e-02	2.047176e-02	2.011810e-02	4.390797e-02	3.324726e-02	1.066072e-02	1.129327e-02	1.768263e-04	9.031610e-04	-5.516108e-04	6.273556e-04	-1.178966e-03
297           	3.960168e-02	1.993457e-02	1.966711e-02	4.414925e-02	3.334515e-02	1.080409e-02	1.127053e-02	1.337296e-04	1.001266e-03	3.738728e-04	1.188203e-03	-8.143299e-04
298           	3.869126e-02	1.948095e-02	1.921032e-02	4.406820e-02	3.312478e-02	1.094341e-02	1.109069e-02	1.353156e-04	9.683409e-04	9.829404e-04	1.459811e-03	-4.768707e-04
299           	3.771471e-02	1.897684e-02	1.873787e-02	4.417069e-02	3.300209e-02	1.116861e-02	1.091674e-02	1.194817e-04	7.827565e-04	1.611740e-03	1.588626e-03	2.311333e-05
300           	3.730148e-02	1.879926e-02	1.850222e-02	4.411624e-02	3.270692e-02	1.140932e-02	1.064880e-02	1.485208e-04	5.343714e-04	1.772515e-03	1.420629e-03	3.518862e-04
301           	3.709013e-02	1.874198e-02	1.834815e-02	4.433653e-02	3.262063e-02	1.171591e-02	1.045236e-02	1.969153e-04	1.211214e-04	1.633077e-03	9.376601e-04	6.954173e-04
302           	3.755066e-02	1.905021e-02	1.850046e-02	4.439634e-02	3.247393e-02	1.192241e-02	1.027576e-02	2.748732e-04	-1.826169e-04	1.204884e-03	4.198251e-04	7.850589e-04
303           	3.816341e-02	1.948046e-02	1.868295e-02	4.456089e-02	3.247295e-02	1.208794e-02	1.019250e-02	3.987563e-04	-5.520818e-04	4.621755e-04	-3.209940e-04	7.831695e-04
304           	3.894826e-02	1.999909e-02	1.894917e-02	4.458653e-02	3.243307e-02	1.215346e-02	1.013980e-02	5.249629e-04	-9.060816e-04	-3.101795e-04	-1.061171e-03	7.509918e-04
305           	3.961293e-02	2.042606e-02	1.918687e-02	4.467697e-02	3.252998e-02	1.214699e-02	1.019149e-02	6.195959e-04	-1.148978e-03	-8.268883e-04	-1.562422e-03	7.355334e-04
306           	4.028032e-02	2.081191e-02	1.946841e-02	4.468607e-02	3.261562e-02	1.207045e-02	1.027259e-02	6.717506e-04	-1.181555e-03	-9.664071e-04	-1.664759e-03	6.983519e-04
307           	4.073402e-02	2.104368e-02	1.969034e-02	4.494352e-02	3.293256e-02	1.201096e-02	1.046080e-02	6.766683e-04	-1.046141e-03	-7.544531e-04	-1.423368e-03	6.689144e-04
308           	4.121529e-02	2.128694e-02	1.992834e-02	4.517598e-02	3.322648e-02	1.194950e-02	1.063849e-02	6.792983e-04	-7.347903e-04	-3.042397e-04	-8.869102e-04	5.826704e-04
309           	4.155182e-02	2.146749e-02	2.008434e-02	4.550491e-02	3.361450e-02	1.189041e-02	1.086205e-02	6.915763e-04	-3.737649e-04	2.728873e-04	-2.373213e-04	5.102086e-04
310           	4.170505e-02	2.159021e-02	2.011484e-02	4.563264e-02	3.383259e-02	1.180006e-02	1.101627e-02	7.376825e-04	-4.796630e-05	8.979969e-04	4.010322e-04	4.969648e-04
311           	4.151602e-02	2.157134e-02	1.994467e-02	4.569367e-02	3.402305e-02	1.167062e-02	1.117622e-02	8.133361e-04	1.793828e-04	1.420051e-03	8.894084e-04	5.306428e-04
312           	4.101766e-02	2.143925e-02	1.957841e-02	4.541628e-02	3.392706e-02	1.148922e-02	1.121892e-02	9.304230e-04	3.487197e-04	1.788269e-03	1.242854e-03	5.454147e-04
313           	4.026902e-02	2.118197e-02	1.908705e-02	4.509983e-02	3.380323e-02	1.129659e-02	1.125332e-02	1.047460e-03	4.531197e-04	2.014355e-03	1.460297e-03	5.540576e-04
314           	3.942695e-02	2.087220e-02	1.855475e-02	4.457941e-02	3.346768e-02	1.111173e-02	1.117798e-02	1.158727e-03	5.515866e-04	2.144276e-03	1.623725e-03	5.205515e-04
315           	3.860611e-02	2.054914e-02	1.805696e-02	4.421659e-02	3.324474e-02	1.097185e-02	1.113645e-02	1.246088e-03	6.172475e-04	2.051100e-03	1.642798e-03	4.083027e-04
316           	3.818270e-02	2.041106e-02	1.777163e-02	4.380368e-02	3.291935e-02	1.088433e-02	1.101751e-02	1.319715e-03	6.516148e-04	1.711888e-03	1.507559e-03	2.043293e-04
317           	3.806839e-02	2.041411e-02	1.765428e-02	4.360303e-02	3.278961e-02	1.081341e-02	1.098810e-02	1.379915e-03	6.292237e-04	1.089895e-03	1.174171e-03	-8.427632e-05
318           	3.842526e-02	2.062266e-02	1.780260e-02	4.330405e-02	3.258411e-02	1.071994e-02	1.093208e-02	1.410029e-03	5.615548e-04	4.099774e-04	7.665435e-04	-3.565661e-04
319           	3.884706e-02	2.084692e-02	1.800014e-02	4.313990e-02	3.255090e-02	1.058900e-02	1.098095e-02	1.423391e-03	3.653295e-04	-5.580817e-04	8.628858e-05	-6.443703e-04
320           	3.939710e-02	2.108953e-02	1.830757e-02	4.288619e-02	3.248464e-02	1.040156e-02	1.104154e-02	1.390983e-03	8.881195e-05	-1.447036e-03	-6.347063e-04	-8.123302e-04
321           	4.000503e-02	2.133616e-02	1.866887e-02	4.278222e-02	3.260726e-02	1.017496e-02	1.121615e-02	1.333643e-03	-2.040294e-04	-2.376230e-03	-1.392145e-03	-9.840858e-04
322           	4.079595e-02	2.165945e-02	1.913650e-02	4.258696e-02	3.270483e-02	9.882128e-03	1.141135e-02	1.261475e-03	-4.434009e-04	-3.347547e-03	-2.117174e-03	-1.230373e-03
323           	4.130620e-02	2.178476e-02	1.952145e-02	4.273542e-02	3.312514e-02	9.610280e-03	1.175743e-02	1.131656e-03	-4.502310e-04	-3.734278e-03	-2.317370e-03	-1.416908e-03
324           	4.192352e-02	2.198473e-02	1.993879e-02	4.274441e-02	3.344613e-02	9.298277e-03	1.207393e-02	1.022970e-03	-3.624503e-04	-4.041060e-03	-2.382981e-03	-1.658080e-03
325           	4.219905e-02	2.202503e-02	2.017402e-02	4.286635e-02	3.388580e-02	8.980542e-03	1.245263e-02	9.255026e-04	-2.194049e-04	-4.072835e-03	-2.255822e-03	-1.817012e-03
326           	4.213644e-02	2.193015e-02	2.020630e-02	4.275915e-02	3.411137e-02	8.647780e-03	1.273180e-02	8.619235e-04	-3.261531e-05	-3.854034e-03	-1.959632e-03	-1.894402e-03
327           	4.158124e-02	2.159753e-02	1.998372e-02	4.272432e-02	3.437998e-02	8.344345e-03	1.301782e-02	8.069053e-04	1.805106e-04	-3.396736e-03	-1.517857e-03	-1.878878e-03
328           	4.069256e-02	2.110222e-02	1.959034e-02	4.244067e-02	3.436558e-02	8.075098e-03	1.314524e-02	7.559378e-04	4.684344e-04	-2.649433e-03	-8.562821e-04	-1.793151e-03
329           	3.960362e-02	2.046574e-02	1.913788e-02	4.224213e-02	3.434332e-02	7.898810e-03	1.322226e-02	6.639331e-04	8.083470e-04	-1.619715e-03	-1.510398e-06	-1.618204e-03
330           	3.868532e-02	1.989755e-02	1.878777e-02	4.189722e-02	3.409326e-02	7.803962e-03	1.314465e-02	5.548925e-04	1.200337e-03	-4.292992e-04	9.856878e-04	-1.414987e-03
331           	3.801846e-02	1.944035e-02	1.857810e-02	4.175834e-02	3.393613e-02	7.822208e-03	1.305696e-02	4.311229e-04	1.553778e-03	6.398481e-04	1.873702e-03	-1.233854e-03
332           	3.774269e-02	1.918106e-02	1.856163e-02	4.158967e-02	3.369053e-02	7.899135e-03	1.289570e-02	3.097158e-04	1.871351e-03	1.483046e-03	2.612875e-03	-1.129828e-03
333           	3.799080e-02	1.924919e-02	1.874161e-02	4.159813e-02	3.357970e-02	8.018423e-03	1.278064e-02	2.537938e-04	1.979618e-03	1.614837e-03	2.787037e-03	-1.172199e-03
334           	3.849199e-02	1.947630e-02	1.901569e-02	4.154437e-02	3.342222e-02	8.122144e-03	1.265004e-02	2.303048e-04	2.017776e-03	1.387026e-03	2.711289e-03	-1.324262e-03
335           	3.911430e-02	1.978515e-02	1.932915e-02	4.162767e-02	3.340596e-02	8.221709e-03	1.259213e-02	2.279988e-04	1.861365e-03	8.912102e-04	2.306970e-03	-1.415760e-03
336           	3.987076e-02	2.018802e-02	1.968274e-02	4.160566e-02	3.334812e-02	8.257533e-03	1.254529e-02	2.526409e-04	1.557173e-03	1.736477e-04	1.643997e-03	-1.470349e-03
337           	4.055996e-02	2.058572e-02	1.997424e-02	4.167749e-02	3.342364e-02	8.253852e-03	1.258489e-02	3.057414e-04	1.140569e-03	-7.782729e-04	7.514322e-04	-1.529705e-03
338           	4.117807e-02	2.093969e-02	2.023839e-02	4.176008e-02	3.356865e-02	8.191428e-03	1.268861e-02	3.506497e-04	7.472489e-04	-1.586000e-03	-4.575106e-05	-1.540249e-03
339           	4.170463e-02	2.127703e-02	2.042760e-02	4.200869e-02	3.383869e-02	8.170006e-03	1.283434e-02	4.247171e-04	3.930570e-04	-2.449646e-03	-8.317662e-04	-1.617880e-03
340           	4.220473e-02	2.164759e-02	2.055714e-02	4.219396e-02	3.403320e-02	8.160760e-03	1.293622e-02	5.452236e-04	1.225533e-04	-3.251805e-03	-1.503349e-03	-1.748456e-03
341           	4.246760e-02	2.191721e-02	2.055038e-02	4.248982e-02	3.427991e-02	8.209913e-03	1.303500e-02	6.834159e-04	-8.883540e-05	-3.859716e-03	-2.018693e-03	-1.841023e-03
342           	4.259516e-02	2.213868e-02	2.045649e-02	4.260733e-02	3.433248e-02	8.274846e-03	1.302882e-02	8.410936e-04	-1.860193e-04	-4.249324e-03	-2.310681e-03	-1.938643e-03
343           	4.244536e-02	2.220506e-02	2.024030e-02	4.281020e-02	3.442236e-02	8.387841e-03	1.301726e-02	9.823805e-04	-1.755924e-04	-4.361215e-03	-2.356200e-03	-2.005015e-03
344           	4.208891e-02	2.211959e-02	1.996932e-02	4.280883e-02	3.431140e-02	8.497431e-03	1.290699e-02	1.075131e-03	3.545517e-05	-4.016650e-03	-1.972870e-03	-2.043780e-03
345           	4.151109e-02	2.183749e-02	1.967360e-02	4.288310e-02	3.423681e-02	8.646285e-03	1.279526e-02	1.081945e-03	4.565462e-04	-3.154084e-03	-1.120496e-03	-2.033588e-03
346           	4.100617e-02	2.152922e-02	1.947695e-02	4.280412e-02	3.400807e-02	8.796043e-03	1.260602e-02	1.026132e-03	1.004152e-03	-2.008259e-03	2.246725e-08	-2.008282e-03
347           	4.068146e-02	2.129012e-02	1.939134e-02	4.286598e-02	3.388663e-02	8.979349e-03	1.245364e-02	9.493920e-04	1.510568e-03	-1.044061e-03	9.885378e-04	-2.032599e-03
348           	4.071903e-02	2.124493e-02	1.947410e-02	4.284781e-02	3.369638e-02	9.151424e-03	1.227248e-02	8.854110e-04	1.872992e-03	-5.222616e-04	1.611861e-03	-2.134122e-03
349           	4.094143e-02	2.133527e-02	1.960617e-02	4.297338e-02	3.364943e-02	9.323945e-03	1.216274e-02	8.645502e-04	2.053751e-03	-6.100483e-04	1.748726e-03	-2.358775e-03
350           	4.143438e-02	2.159615e-02	1.983823e-02	4.299876e-02	3.353815e-02	9.460614e-03	1.203877e-02	8.789596e-04	2.030486e-03	-1.160718e-03	1.450127e-03	-2.610845e-03
351           	4.192475e-02	2.186877e-02	2.005598e-02	4.316398e-02	3.356530e-02	9.598681e-03	1.198331e-02	9.063926e-04	1.833852e-03	-1.858535e-03	9.045846e-04	-2.763120e-03
352           	4.240705e-02	2.213383e-02	2.027322e-02	4.323276e-02	3.351542e-02	9.717337e-03	1.189904e-02	9.303038e-04	1.640065e-03	-2.423242e-03	4.284434e-04	-2.851686e-03
353           	4.272137e-02	2.229449e-02	2.042688e-02	4.348845e-02	3.361671e-02	9.871742e-03	1.187248e-02	9.338090e-04	1.575628e-03	-2.712425e-03	2.194161e-04	-2.931841e-03
354           	4.297072e-02	2.240110e-02	2.056963e-02	4.368534e-02	3.365957e-02	1.002577e-02	1.181690e-02	9.157341e-04	1.708475e-03	-2.701813e-03	3.575680e-04	-3.059381e-03
355           	4.301886e-02	2.239958e-02	2.061928e-02	4.405631e-02	3.387159e-02	1.018472e-02	1.184344e-02	8.901497e-04	1.983113e-03	-2.421420e-03	7.724032e-04	-3.193823e-03
356           	4.289306e-02	2.231970e-02	2.057335e-02	4.425080e-02	3.397568e-02	1.027512e-02	1.185028e-02	8.731741e-04	2.300204e-03	-1.880096e-03	1.360156e-03	-3.240252e-03
357           	4.246054e-02	2.209856e-02	2.036197e-02	4.447991e-02	3.418223e-02	1.029768e-02	1.194227e-02	8.682951e-04	2.552085e-03	-1.174687e-03	1.964741e-03	-3.139428e-03
358           	4.180610e-02	2.178769e-02	2.001841e-02	4.440061e-02	3.417827e-02	1.022234e-02	1.197796e-02	8.846413e-04	2.745220e-03	-3.472823e-04	2.571579e-03	-2.918862e-03
359           	4.090623e-02	2.136385e-02	1.954238e-02	4.434176e-02	3.422573e-02	1.011603e-02	1.205485e-02	9.107330e-04	2.877166e-03	5.183176e-04	3.136325e-03	-2.618007e-03
360           	4.007990e-02	2.096980e-02	1.911009e-02	4.401518e-02	3.403125e-02	9.983930e-03	1.202366e-02	9.298543e-04	2.965900e-03	1.345004e-03	3.638402e-03	-2.293398e-03
361           	3.944184e-02	2.065888e-02	1.878297e-02	4.379990e-02	3.390275e-02	9.897154e-03	1.200280e-02	9.379540e-04	2.982187e-03	1.938762e-03	3.951568e-03	-2.012806e-03
362           	3.925187e-02	2.056642e-02	1.868545e-02	4.349263e-02	3.364476e-02	9.847872e-03	1.189844e-02	9.404873e-04	2.912351e-03	2.188947e-03	4.006824e-03	-1.817877e-03
363           	3.938506e-02	2.065084e-02	1.873422e-02	4.328717e-02	3.345721e-02	9.829962e-03	1.181362e-02	9.583066e-04	2.760943e-03	1.963194e-03	3.742540e-03	-1.779346e-03
364           	3.983509e-02	2.091278e-02	1.892231e-02	4.292225e-02	3.317399e-02	9.748259e-03	1.171287e-02	9.952382e-04	2.497813e-03	1.313329e-03	3.154478e-03	-1.841149e-03
365           	4.032959e-02	2.117162e-02	1.915797e-02	4.256695e-02	3.298741e-02	9.579538e-03	1.170394e-02	1.006823e-03	2.116095e-03	5.474651e-04	2.389828e-03	-1.842363e-03
366           	4.085297e-02	2.139796e-02	1.945501e-02	4.203386e-02	3.275161e-02	9.282249e-03	1.173468e-02	9.714757e-04	1.614402e-03	-1.472771e-04	1.540763e-03	-1.688040e-03
367           	4.120692e-02	2.149540e-02	1.971152e-02	4.164793e-02	3.270613e-02	8.941804e-03	1.188216e-02	8.919399e-04	1.103226e-03	-6.800175e-04	7.632177e-04	-1.443235e-03
368           	4.154306e-02	2.157575e-02	1.996730e-02	4.123803e-02	3.271017e-02	8.527859e-03	1.209116e-02	8.042261e-04	6.668278e-04	-1.193004e-03	7.032560e-05	-1.263330e-03
369           	4.182697e-02	2.161312e-02	2.021385e-02	4.108491e-02	3.294140e-02	8.143512e-03	1.239894e-02	6.996336e-04	3.858497e-04	-1.577843e-03	-4.030717e-04	-1.174771e-03
370           	4.218499e-02	2.170735e-02	2.047764e-02	4.105444e-02	3.324598e-02	7.808453e-03	1.271877e-02	6.148537e-04	3.682142e-04	-1.700547e-03	-4.820592e-04	-1.218488e-03
371           	4.253266e-02	2.183869e-02	2.069397e-02	4.123273e-02	3.365458e-02	7.578143e-03	1.303822e-02	5.723610e-04	4.229073e-04	-1.720815e-03	-4.375001e-04	-1.283315e-03
372           	4.283939e-02	2.202165e-02	2.081774e-02	4.130351e-02	3.388841e-02	7.415094e-03	1.323666e-02	6.019510e-04	4.840772e-04	-1.675614e-03	-3.537296e-04	-1.321884e-03
373           	4.294693e-02	2.215006e-02	2.079688e-02	4.141830e-02	3.406370e-02	7.354601e-03	1.335455e-02	6.765900e-04	5.430058e-04	-1.568257e-03	-2.411228e-04	-1.327134e-03
374           	4.281174e-02	2.217795e-02	2.063379e-02	4.127036e-02	3.395506e-02	7.315296e-03	1.331988e-02	7.720772e-04	6.671649e-04	-1.296471e-03	1.892922e-05	-1.315401e-03
375           	4.238441e-02	2.201634e-02	2.036807e-02	4.106317e-02	3.377298e-02	7.290195e-03	1.324139e-02	8.241324e-04	8.509855e-04	-7.606200e-04	4.706755e-04	-1.231295e-03
376           	4.184532e-02	2.172961e-02	2.011571e-02	4.061160e-02	3.338480e-02	7.226801e-03	1.307900e-02	8.069458e-04	1.112858e-03	8.924823e-05	1.157482e-03	-1.068234e-03
377           	4.133073e-02	2.138704e-02	1.994369e-02	4.023211e-02	3.306843e-02	7.163681e-03	1.295238e-02	7.216756e-04	1.430222e-03	1.073803e-03	1.967124e-03	-8.933205e-04
378           	4.108061e-02	2.114365e-02	1.993696e-02	3.977606e-02	3.270311e-02	7.072941e-03	1.281509e-02	6.033463e-04	1.703391e-03	1.904010e-03	2.655397e-03	-7.513862e-04
379           	4.104839e-02	2.103482e-02	2.001357e-02	3.955951e-02	3.253148e-02	7.028028e-03	1.275173e-02	5.106279e-04	1.860557e-03	2.254315e-03	2.987715e-03	-7.334000e-04
380           	4.124765e-02	2.108878e-02	2.015887e-02	3.937634e-02	3.234734e-02	7.029007e-03	1.265916e-02	4.649585e-04	1.851879e-03	2.041585e-03	2.872671e-03	-8.310863e-04
381           	4.146445e-02	2.120483e-02	2.025963e-02	3.945652e-02	3.229906e-02	7.157463e-03	1.257080e-02	4.725981e-04	1.624931e-03	1.300851e-03	2.275356e-03	-9.745054e-04
382           	4.169330e-02	2.135236e-02	2.034093e-02	3.961661e-02	3.223449e-02	7.382126e-03	1.242618e-02	5.057154e-04	1.164415e-03	2.529814e-04	1.290906e-03	-1.037924e-03
383           	4.188622e-02	2.150906e-02	2.037716e-02	4.005236e-02	3.230897e-02	7.743391e-03	1.228279e-02	5.659520e-04	5.985777e-04	-9.832269e-04	1.069643e-04	-1.090191e-03
384           	4.215075e-02	2.170974e-02	2.044101e-02	4.063914e-02	3.242882e-02	8.210318e-03	1.210925e-02	6.343682e-04	6.644855e-05	-2.223296e-03	-1.045199e-03	-1.178096e-03
385           	4.251189e-02	2.197031e-02	2.054157e-02	4.151655e-02	3.271380e-02	8.802749e-03	1.195552e-02	7.143698e-04	-3.532223e-04	-3.397005e-03	-2.051725e-03	-1.345280e-03
386           	4.306843e-02	2.235544e-02	2.071299e-02	4.245662e-02	3.299692e-02	9.459703e-03	1.176861e-02	8.212276e-04	-6.810946e-04	-4.414597e-03	-2.888393e-03	-1.526204e-03
387           	4.337499e-02	2.260394e-02	2.077104e-02	4.344032e-02	3.333827e-02	1.010205e-02	1.161811e-02	9.164517e-04	-7.729064e-04	-4.839746e-03	-3.192779e-03	-1.646966e-03
388           	4.367821e-02	2.283620e-02	2.084201e-02	4.428199e-02	3.357742e-02	1.070457e-02	1.143643e-02	9.970982e-04	-7.585470e-04	-4.777423e-03	-3.147258e-03	-1.630165e-03
389           	4.363826e-02	2.285754e-02	2.078071e-02	4.493795e-02	3.376946e-02	1.116850e-02	1.130048e-02	1.038414e-03	-5.541840e-04	-4.153023e-03	-2.630695e-03	-1.522327e-03
390           	4.334822e-02	2.269033e-02	2.065789e-02	4.516047e-02	3.373706e-02	1.142341e-02	1.115683e-02	1.016221e-03	-1.594887e-04	-2.972636e-03	-1.645807e-03	-1.326829e-03
391           	4.287189e-02	2.236206e-02	2.050983e-02	4.519386e-02	3.366437e-02	1.152949e-02	1.106744e-02	9.261130e-04	3.955322e-04	-1.394526e-03	-3.017310e-04	-1.092795e-03
392           	4.249993e-02	2.203279e-02	2.046714e-02	4.489717e-02	3.340954e-02	1.148763e-02	1.096096e-02	7.828267e-04	1.038484e-03	3.673659e-04	1.222167e-03	-8.548011e-04
393           	4.225951e-02	2.174246e-02	2.051706e-02	4.464833e-02	3.323043e-02	1.141790e-02	1.090626e-02	6.126993e-04	1.679208e-03	2.022597e-03	2.690507e-03	-6.679097e-04
394           	4.232241e-02	2.161841e-02	2.070400e-02	4.428110e-02	3.296985e-02	1.131124e-02	1.082930e-02	4.572034e-04	2.161246e-03	3.259205e-03	3.790849e-03	-5.316432e-04
395           	4.250761e-02	2.161444e-02	2.089317e-02	4.408030e-02	3.282923e-02	1.125107e-02	1.078908e-02	3.606322e-04	2.375247e-03	3.805168e-03	4.277831e-03	-4.726624e-04
396           	4.285939e-02	2.174789e-02	2.111150e-02	4.381472e-02	3.263574e-02	1.117898e-02	1.072838e-02	3.181931e-04	2.234088e-03	3.720362e-03	4.094269e-03	-3.739073e-04
397           	4.309131e-02	2.185094e-02	2.124037e-02	4.376475e-02	3.261358e-02	1.115117e-02	1.073121e-02	3.052884e-04	1.778564e-03	3.194869e-03	3.375999e-03	-1.811297e-04
398           	4.329754e-02	2.196527e-02	2.133227e-02	4.370628e-02	3.261237e-02	1.109391e-02	1.075923e-02	3.164973e-04	1.194897e-03	2.427239e-03	2.408516e-03	1.872213e-05
399           	4.341151e-02	2.203627e-02	2.137524e-02	4.388333e-02	3.285458e-02	1.102876e-02	1.091291e-02	3.305149e-04	6.606127e-04	1.539697e-03	1.430461e-03	1.092359e-04
400           	4.358247e-02	2.214224e-02	2.144023e-02	4.403292e-02	3.312047e-02	1.091245e-02	1.110401e-02	3.510074e-04	2.912300e-04	6.750927e-04	6.287764e-04	4.631638e-05
401           	4.369895e-02	2.222460e-02	2.147436e-02	4.440514e-02	3.359022e-02	1.081493e-02	1.138765e-02	3.751218e-04	1.738115e-04	9.822518e-06	1.787228e-04	-1.689003e-04
402           	4.378110e-02	2.228780e-02	2.149330e-02	4.465883e-02	3.391244e-02	1.074638e-02	1.158303e-02	3.972472e-04	2.949766e-04	-2.008853e-04	1.945340e-04	-3.954193e-04
403           	4.367691e-02	2.223207e-02	2.144485e-02	4.503344e-02	3.428109e-02	1.075236e-02	1.176436e-02	3.936106e-04	5.733864e-04	1.221899e-04	6.344814e-04	-5.122915e-04
404           	4.342706e-02	2.209248e-02	2.133457e-02	4.512937e-02	3.434505e-02	1.078431e-02	1.178037e-02	3.789550e-04	9.767744e-04	9.369094e-04	1.445229e-03	-5.083198e-04
405           	4.292702e-02	2.178837e-02	2.113865e-02	4.526642e-02	3.439587e-02	1.087055e-02	1.176266e-02	3.248562e-04	1.501688e-03	2.230998e-03	2.617187e-03	-3.861890e-04
406           	4.229488e-02	2.137551e-02	2.091937e-02	4.511443e-02	3.412203e-02	1.099241e-02	1.156481e-02	2.280695e-04	2.157173e-03	4.007098e-03	4.160722e-03	-1.536238e-04
407           	4.161057e-02	2.089714e-02	2.071342e-02	4.508210e-02	3.390261e-02	1.117949e-02	1.136156e-02	9.186166e-05	2.873850e-03	5.968949e-03	5.858325e-03	1.106240e-04
408           	4.109138e-02	2.051204e-02	2.057934e-02	4.488586e-02	3.348608e-02	1.139977e-02	1.104315e-02	-3.365021e-05	3.575370e-03	7.768851e-03	7.459795e-03	3.090557e-04
409           	4.077685e-02	2.027482e-02	2.050203e-02	4.493762e-02	3.325720e-02	1.168042e-02	1.078839e-02	-1.136079e-04	4.116487e-03	8.983033e-03	8.608004e-03	3.750296e-04
410           	4.080932e-02	2.029991e-02	2.050940e-02	4.494004e-02	3.294351e-02	1.199653e-02	1.047349e-02	-1.047445e-04	4.384186e-03	9.270143e-03	9.019258e-03	2.508858e-04
411           	4.119129e-02	2.060076e-02	2.059052e-02	4.512207e-02	3.279426e-02	1.232780e-02	1.023323e-02	5.121459e-06	4.311585e-03	8.544235e-03	8.583702e-03	-3.946724e-05
412           	4.178265e-02	2.106742e-02	2.071523e-02	4.520480e-02	3.257494e-02	1.262987e-02	9.972537e-03	1.760913e-04	3.899340e-03	7.090824e-03	7.444752e-03	-3.539280e-04
413           	4.245557e-02	2.160888e-02	2.084669e-02	4.538896e-02	3.250187e-02	1.288709e-02	9.807390e-03	3.810952e-04	3.171288e-03	5.158797e-03	5.750686e-03	-5.918895e-04
414           	4.303469e-02	2.206077e-02	2.097391e-02	4.553657e-02	3.247792e-02	1.305865e-02	9.709633e-03	5.434278e-04	2.467694e-03	3.508110e-03	4.221749e-03	-7.136392e-04
415           	4.363770e-02	2.248094e-02	2.115676e-02	4.577884e-02	3.260292e-02	1.317592e-02	9.713497e-03	6.620904e-04	1.819102e-03	1.995853e-03	2.817028e-03	-8.211748e-04
416           	4.417632e-02	2.280381e-02	2.137251e-02	4.591873e-02	3.271479e-02	1.320394e-02	9.755425e-03	7.156507e-04	1.426718e-03	1.023177e-03	1.938306e-03	-9.151293e-04
417           	4.461072e-02	2.302592e-02	2.158480e-02	4.610962e-02	3.296217e-02	1.314745e-02	9.907356e-03	7.205591e-04	1.229812e-03	5.471933e-04	1.503408e-03	-9.562149e-04
418           	4.486280e-02	2.314147e-02	2.172134e-02	4.610249e-02	3.312435e-02	1.297814e-02	1.007311e-02	7.100648e-04	1.166406e-03	4.733778e-04	1.403095e-03	-9.297169e-04
419           	4.482647e-02	2.309789e-02	2.172858e-02	4.606639e-02	3.334183e-02	1.272455e-02	1.030864e-02	6.846536e-04	1.199809e-03	7.262756e-04	1.562946e-03	-8.366708e-04
420           	4.446807e-02	2.288977e-02	2.157829e-02	4.577224e-02	3.338546e-02	1.238677e-02	1.049934e-02	6.557399e-04	1.398777e-03	1.298668e-03	2.048111e-03	-7.494427e-04
421           	4.386557e-02	2.253152e-02	2.133405e-02	4.544229e-02	3.343625e-02	1.200604e-02	1.071511e-02	5.987383e-04	1.745377e-03	2.139142e-03	2.814948e-03	-6.758056e-04
422           	4.323310e-02	2.214007e-02	2.109303e-02	4.490941e-02	3.331500e-02	1.159441e-02	1.086030e-02	5.235220e-04	2.188068e-03	3.098343e-03	3.737239e-03	-6.388958e-04
423           	4.273091e-02	2.181563e-02	2.091528e-02	4.445581e-02	3.323503e-02	1.122077e-02	1.100713e-02	4.501749e-04	2.590947e-03	3.856919e-03	4.519406e-03	-6.624875e-04
424           	4.252037e-02	2.166938e-02	2.085099e-02	4.394445e-02	3.303353e-02	1.091092e-02	1.106131e-02	4.091955e-04	2.806791e-03	4.104872e-03	4.859227e-03	-7.543557e-04
425           	4.257447e-02	2.171825e-02	2.085622e-02	4.365495e-02	3.294188e-02	1.071307e-02	1.111440e-02	4.310113e-04	2.730763e-03	3.568398e-03	4.514962e-03	-9.465646e-04
426           	4.289005e-02	2.197450e-02	2.091555e-02	4.337061e-02	3.277396e-02	1.059665e-02	1.108866e-02	5.294742e-04	2.338575e-03	2.227332e-03	3.452241e-03	-1.224909e-03
427           	4.325224e-02	2.231044e-02	2.094180e-02	4.331400e-02	3.274753e-02	1.056647e-02	1.109053e-02	6.843208e-04	1.656114e-03	3.615833e-04	1.836906e-03	-1.475322e-03
428           	4.362433e-02	2.267437e-02	2.094996e-02	4.320551e-02	3.264289e-02	1.056262e-02	1.104014e-02	8.622016e-04	7.260358e-04	-1.784596e-03	-1.662622e-04	-1.618334e-03
429           	4.375544e-02	2.284920e-02	2.090624e-02	4.334115e-02	3.277222e-02	1.056893e-02	1.110165e-02	9.714771e-04	1.176670e-05	-3.222845e-03	-1.599656e-03	-1.623189e-03
430           	4.386315e-02	2.300467e-02	2.085849e-02	4.343400e-02	3.284599e-02	1.058801e-02	1.112899e-02	1.073089e-03	-6.713427e-04	-4.646195e-03	-2.994440e-03	-1.651755e-03
431           	4.371135e-02	2.297862e-02	2.073273e-02	4.386159e-02	3.321946e-02	1.064213e-02	1.128867e-02	1.122946e-03	-9.733456e-04	-5.447140e-03	-3.696915e-03	-1.750224e-03
432           	4.357665e-02	2.293110e-02	2.064556e-02	4.418593e-02	3.350283e-02	1.068310e-02	1.140987e-02	1.142771e-03	-1.034377e-03	-5.804063e-03	-3.936408e-03	-1.867655e-03
433           	4.326110e-02	2.277018e-02	2.049091e-02	4.468804e-02	3.394369e-02	1.074435e-02	1.159967e-02	1.139634e-03	-9.164265e-04	-5.609174e-03	-3.721014e-03	-1.888161e-03
434           	4.286824e-02	2.251000e-02	2.035824e-02	4.497261e-02	3.420825e-02	1.076436e-02	1.172195e-02	1.075882e-03	-5.956159e-04	-4.649105e-03	-2.920168e-03	-1.728937e-03
435           	4.230100e-02	2.218860e-02	2.011240e-02	4.520413e-02	3.441070e-02	1.079343e-02	1.180864e-02	1.038098e-03	-3.464901e-04	-3.709922e-03	-2.201451e-03	-1.508471e-03
436           	4.162501e-02	2.177101e-02	1.985401e-02	4.515289e-02	3.439145e-02	1.076144e-02	1.181500e-02	9.584981e-04	3.765237e-05	-2.314717e-03	-1.119706e-03	-1.195011e-03
437           	4.091590e-02	2.132302e-02	1.959288e-02	4.508982e-02	3.437736e-02	1.071246e-02	1.183245e-02	8.650711e-04	4.341226e-04	-8.993688e-04	-1.556180e-05	-8.838070e-04
438           	4.038999e-02	2.097432e-02	1.941567e-02	4.476026e-02	3.411896e-02	1.064130e-02	1.173883e-02	7.793227e-04	8.051153e-04	3.230429e-04	9.666367e-04	-6.435938e-04
439           	4.013349e-02	2.079513e-02	1.933836e-02	4.457179e-02	3.396625e-02	1.060554e-02	1.168035e-02	7.283850e-04	1.057135e-03	1.061054e-03	1.587662e-03	-5.266080e-04
440           	4.022471e-02	2.084897e-02	1.937575e-02	4.421504e-02	3.364544e-02	1.056960e-02	1.153792e-02	7.366099e-04	1.134077e-03	1.072635e-03	1.670395e-03	-5.977598e-04
441           	4.069971e-02	2.117465e-02	1.952506e-02	4.398745e-02	3.345600e-02	1.053144e-02	1.146228e-02	8.247972e-04	1.080563e-03	3.788766e-04	1.270002e-03	-8.911250e-04
442           	4.131546e-02	2.167722e-02	1.963824e-02	4.362986e-02	3.315566e-02	1.047420e-02	1.134073e-02	1.019492e-03	8.116876e-04	-1.211960e-03	2.057077e-04	-1.417668e-03
443           	4.191543e-02	2.211332e-02	1.980211e-02	4.345470e-02	3.301540e-02	1.043930e-02	1.128805e-02	1.155607e-03	4.604734e-04	-2.484153e-03	-7.816032e-04	-1.702550e-03
444           	4.250015e-02	2.256966e-02	1.993049e-02	4.320118e-02	3.276528e-02	1.043590e-02	1.116469e-02	1.319584e-03	-2.375512e-05	-4.097558e-03	-2.072534e-03	-2.025024e-03
445           	4.273069e-02	2.271526e-02	2.001542e-02	4.331495e-02	3.281895e-02	1.049599e-02	1.116148e-02	1.349922e-03	-3.382999e-04	-4.805337e-03	-2.740969e-03	-2.064369e-03
446           	4.298051e-02	2.283815e-02	2.014236e-02	4.339751e-02	3.279642e-02	1.060109e-02	1.109766e-02	1.347895e-03	-5.519639e-04	-5.330659e-03	-3.217293e-03	-2.113366e-03
447           	4.310806e-02	2.283756e-02	2.027049e-02	4.368181e-02	3.293375e-02	1.074806e-02	1.109285e-02	1.283534e-03	-6.032664e-04	-5.407786e-03	-3.307159e-03	-2.100627e-03
448           	4.321085e-02	2.280085e-02	2.041000e-02	4.391838e-02	3.304598e-02	1.087240e-02	1.108679e-02	1.195427e-03	-4.689831e-04	-4.983691e-03	-2.960828e-03	-2.022862e-03
449           	4.311280e-02	2.263317e-02	2.047963e-02	4.427534e-02	3.327922e-02	1.099612e-02	1.114155e-02	1.076772e-03	-2.203999e-04	-4.103165e-03	-2.271983e-03	-1.831183e-03
450           	4.285883e-02	2.240900e-02	2.044983e-02	4.443018e-02	3.338316e-02	1.104703e-02	1.116806e-02	9.795850e-04	1.662687e-04	-2.965904e-03	-1.316683e-03	-1.649221e-03
451           	4.235850e-02	2.206511e-02	2.029339e-02	4.460182e-02	3.353451e-02	1.106731e-02	1.123360e-02	8.858632e-04	6.531129e-04	-1.687593e-03	-1.906837e-04	-1.496910e-03
452           	4.180935e-02	2.170644e-02	2.010291e-02	4.454272e-02	3.350087e-02	1.104185e-02	1.122951e-02	8.017664e-04	1.242177e-03	-3.295950e-04	1.077379e-03	-1.406974e-03
453           	4.126434e-02	2.132556e-02	1.993878e-02	4.457408e-02	3.349025e-02	1.108383e-02	1.120321e-02	6.933933e-04	1.836206e-03	1.018793e-03	2.345602e-03	-1.326809e-03
454           	4.100641e-02	2.109372e-02	1.991269e-02	4.454020e-02	3.335202e-02	1.118817e-02	1.108192e-02	5.905119e-04	2.319994e-03	2.073631e-03	3.356810e-03	-1.283178e-03
455           	4.103791e-02	2.103013e-02	2.000778e-02	4.467841e-02	3.328895e-02	1.138946e-02	1.094974e-02	5.111731e-04	2.586997e-03	2.565154e-03	3.869574e-03	-1.304420e-03
456           	4.144483e-02	2.120493e-02	2.023990e-02	4.476184e-02	3.317011e-02	1.159173e-02	1.078919e-02	4.825150e-04	2.590902e-03	2.367656e-03	3.774730e-03	-1.407074e-03
457           	4.199057e-02	2.151729e-02	2.047328e-02	4.493241e-02	3.313704e-02	1.179538e-02	1.067083e-02	5.220027e-04	2.322522e-03	1.465075e-03	3.055059e-03	-1.589984e-03
458           	4.259900e-02	2.188800e-02	2.071100e-02	4.493514e-02	3.302888e-02	1.190626e-02	1.056131e-02	5.884981e-04	1.789701e-03	1.741354e-04	1.876768e-03	-1.702633e-03
459           	4.302992e-02	2.218886e-02	2.084106e-02	4.497561e-02	3.300494e-02	1.197067e-02	1.051714e-02	6.738995e-04	1.057336e-03	-1.264681e-03	4.249955e-04	-1.689677e-03
460           	4.337761e-02	2.243976e-02	2.093785e-02	4.487179e-02	3.295291e-02	1.191888e-02	1.051702e-02	7.509542e-04	2.897998e-04	-2.618131e-03	-1.019266e-03	-1.598865e-03
461           	4.353840e-02	2.257237e-02	2.096603e-02	4.488044e-02	3.307964e-02	1.180080e-02	1.063942e-02	8.031658e-04	-3.496672e-04	-3.717325e-03	-2.208329e-03	-1.508995e-03
462           	4.364630e-02	2.264920e-02	2.099710e-02	4.483801e-02	3.324403e-02	1.159397e-02	1.082503e-02	8.260533e-04	-7.488977e-04	-4.436597e-03	-2.967196e-03	-1.469401e-03
463           	4.361678e-02	2.264630e-02	2.097048e-02	4.495765e-02	3.357754e-02	1.138012e-02	1.109871e-02	8.379129e-04	-9.161975e-04	-4.700417e-03	-3.266406e-03	-1.434011e-03
464           	4.346038e-02	2.255220e-02	2.090818e-02	4.497865e-02	3.383606e-02	1.114259e-02	1.134673e-02	8.220094e-04	-8.921173e-04	-4.338588e-03	-3.061411e-03	-1.277177e-03
465           	4.300914e-02	2.228097e-02	2.072817e-02	4.508699e-02	3.413586e-02	1.095113e-02	1.159236e-02	7.764001e-04	-7.175445e-04	-3.391461e-03	-2.413275e-03	-9.781860e-04
466           	4.233358e-02	2.186576e-02	2.046782e-02	4.499131e-02	3.421314e-02	1.077817e-02	1.171748e-02	6.989712e-04	-3.707213e-04	-1.901493e-03	-1.321468e-03	-5.800254e-04
467           	4.144958e-02	2.132285e-02	2.012673e-02	4.489405e-02	3.423398e-02	1.066006e-02	1.178696e-02	5.980603e-04	7.554197e-05	-1.194649e-04	1.580951e-05	-1.352744e-04
468           	4.061179e-02	2.078011e-02	1.983169e-02	4.458526e-02	3.401805e-02	1.056721e-02	1.172542e-02	4.742113e-04	5.691494e-04	1.734746e-03	1.436522e-03	2.982234e-04
469           	3.993597e-02	2.032046e-02	1.961551e-02	4.440625e-02	3.383948e-02	1.056676e-02	1.163636e-02	3.524774e-04	1.034812e-03	3.313649e-03	2.691637e-03	6.220121e-04
470           	3.960120e-02	2.004587e-02	1.955533e-02	4.416671e-02	3.352694e-02	1.063977e-02	1.144358e-02	2.452662e-04	1.426937e-03	4.413640e-03	3.633756e-03	7.798833e-04
471           	3.961139e-02	2.000657e-02	1.960482e-02	4.414019e-02	3.335272e-02	1.078747e-02	1.128262e-02	2.008730e-04	1.647952e-03	4.722162e-03	4.009033e-03	7.131288e-04
472           	3.996335e-02	2.021948e-02	1.974386e-02	4.400204e-02	3.307986e-02	1.092218e-02	1.107884e-02	2.378109e-04	1.655843e-03	4.172285e-03	3.741986e-03	4.302990e-04
473           	4.044119e-02	2.058180e-02	1.985939e-02	4.396244e-02	3.293660e-02	1.102584e-02	1.095538e-02	3.612030e-04	1.379569e-03	2.885186e-03	2.822162e-03	6.302434e-05
474           	4.099144e-02	2.104302e-02	1.994842e-02	4.378377e-02	3.271399e-02	1.106978e-02	1.082211e-02	5.472976e-04	7.899396e-04	1.007996e-03	1.293938e-03	-2.859415e-04
475           	4.137727e-02	2.135567e-02	2.002159e-02	4.374318e-02	3.269418e-02	1.104900e-02	1.082259e-02	6.670403e-04	2.009961e-04	-3.096932e-04	4.614951e-05	-3.558427e-04
476           	4.177429e-02	2.169421e-02	2.008007e-02	4.364559e-02	3.267636e-02	1.096924e-02	1.085356e-02	8.070705e-04	-4.665566e-04	-1.848852e-03	-1.390983e-03	-4.578695e-04
477           	4.204092e-02	2.193548e-02	2.010543e-02	4.368861e-02	3.284840e-02	1.084021e-02	1.100410e-02	9.150265e-04	-1.009514e-03	-3.150433e-03	-2.584731e-03	-5.657023e-04
478           	4.230950e-02	2.216117e-02	2.014833e-02	4.363410e-02	3.299775e-02	1.063635e-02	1.118070e-02	1.006421e-03	-1.360683e-03	-4.108693e-03	-3.415030e-03	-6.936637e-04
479           	4.244053e-02	2.228312e-02	2.015741e-02	4.365171e-02	3.325864e-02	1.039308e-02	1.143278e-02	1.062858e-03	-1.539199e-03	-4.557198e-03	-3.817797e-03	-7.394001e-04
480           	4.239970e-02	2.229425e-02	2.010545e-02	4.347878e-02	3.339177e-02	1.008702e-02	1.165238e-02	1.094402e-03	-1.524687e-03	-4.411191e-03	-3.730282e-03	-6.809086e-04
481           	4.203469e-02	2.210345e-02	1.993124e-02	4.331180e-02	3.353503e-02	9.776770e-03	1.187913e-02	1.086108e-03	-1.323988e-03	-3.737864e-03	-3.192920e-03	-5.449437e-04
482           	4.137571e-02	2.171098e-02	1.966473e-02	4.293255e-02	3.348980e-02	9.442750e-03	1.202352e-02	1.023126e-03	-8.149980e-04	-2.339181e-03	-1.984588e-03	-3.545923e-04
483           	4.060854e-02	2.124238e-02	1.936616e-02	4.265453e-02	3.341638e-02	9.238149e-03	1.208912e-02	9.381074e-04	-3.076346e-04	-9.869157e-04	-8.010924e-04	-1.858233e-04
484           	3.979475e-02	2.068011e-02	1.911463e-02	4.226809e-02	3.319514e-02	9.072950e-03	1.206109e-02	7.827390e-04	4.254509e-04	8.309864e-04	8.409441e-04	-9.957710e-06
485           	3.935235e-02	2.031935e-02	1.903300e-02	4.217849e-02	3.307741e-02	9.101075e-03	1.198817e-02	6.431747e-04	9.627703e-04	2.015417e-03	1.970479e-03	4.493804e-05
486           	3.915984e-02	2.008786e-02	1.907198e-02	4.212676e-02	3.289211e-02	9.234649e-03	1.182873e-02	5.079396e-04	1.418321e-03	2.793522e-03	2.815082e-03	-2.155961e-05
487           	3.941735e-02	2.015877e-02	1.925857e-02	4.234439e-02	3.286009e-02	9.484300e-03	1.168789e-02	4.501015e-04	1.576521e-03	2.636004e-03	2.894523e-03	-2.585187e-04
488           	3.989971e-02	2.043431e-02	1.946540e-02	4.249574e-02	3.274106e-02	9.754676e-03	1.149319e-02	4.844589e-04	1.475394e-03	1.518311e-03	2.234549e-03	-7.162379e-04
489           	4.046844e-02	2.080168e-02	1.966676e-02	4.271800e-02	3.274924e-02	9.968759e-03	1.139024e-02	5.674570e-04	1.101552e-03	1.869640e-05	1.110901e-03	-1.092204e-03
490           	4.102593e-02	2.120895e-02	1.981698e-02	4.276315e-02	3.266431e-02	1.009884e-02	1.128273e-02	6.959847e-04	4.600572e-04	-1.940198e-03	-5.100419e-04	-1.430156e-03
491           	4.134593e-02	2.145075e-02	1.989518e-02	4.293826e-02	3.281003e-02	1.012823e-02	1.134090e-02	7.777877e-04	-9.343198e-05	-3.342779e-03	-1.764822e-03	-1.577958e-03
492           	4.164431e-02	2.166763e-02	1.997668e-02	4.296993e-02	3.291787e-02	1.005206e-02	1.143291e-02	8.454762e-04	-5.626461e-04	-4.633044e-03	-2.879168e-03	-1.753876e-03
493           	4.177207e-02	2.177148e-02	2.000060e-02	4.311469e-02	3.323090e-02	9.883783e-03	1.167356e-02	8.854386e-04	-8.072920e-04	-5.520315e-03	-3.567450e-03	-1.952866e-03
494           	4.182693e-02	2.181862e-02	2.000831e-02	4.310273e-02	3.349132e-02	9.611412e-03	1.193996e-02	9.051512e-04	-8.262071e-04	-5.914862e-03	-3.783638e-03	-2.131224e-03
495           	4.167053e-02	2.174109e-02	1.992945e-02	4.316903e-02	3.386388e-02	9.305152e-03	1.227936e-02	9.058198e-04	-6.841194e-04	-5.740424e-03	-3.554332e-03	-2.186093e-03
496           	4.129040e-02	2.152649e-02	1.976392e-02	4.304841e-02	3.406170e-02	8.986710e-03	1.253750e-02	8.812856e-04	-3.984256e-04	-4.953669e-03	-2.875260e-03	-2.078409e-03
497           	4.058248e-02	2.112107e-02	1.946141e-02	4.302636e-02	3.429547e-02	8.730882e-03	1.278230e-02	8.298265e-04	5.837540e-05	-3.596063e-03	-1.739656e-03	-1.856407e-03
498           	3.972701e-02	2.059850e-02	1.912851e-02	4.281033e-02	3.429333e-02	8.517005e-03	1.288816e-02	7.349951e-04	7.031729e-04	-1.696233e-03	-1.449434e-04	-1.551289e-03
499           	3.887938e-02	2.004861e-02	1.883076e-02	4.271366e-02	3.432152e-02	8.392139e-03	1.296469e-02	6.089253e-04	1.463867e-03	4.408919e-04	1.684312e-03	-1.243421e-03
500           	3.835254e-02	1.965211e-02	1.870043e-02	4.248650e-02	3.415447e-02	8.332027e-03	1.291122e-02	4.758372e-04	2.193108e-03	2.391110e-03	3.388663e-03	-9.975533e-04
501           	3.814652e-02	1.942926e-02	1.871727e-02	4.245610e-02	3.407744e-02	8.378659e-03	1.284939e-02	3.559940e-04	2.784386e-03	3.847046e-03	4.707909e-03	-8.608630e-04
502           	3.833339e-02	1.943201e-02	1.890138e-02	4.240356e-02	3.389925e-02	8.504305e-03	1.269747e-02	2.653170e-04	3.184174e-03	4.599194e-03	5.483771e-03	-8.845772e-04
503           	3.875704e-02	1.961726e-02	1.913978e-02	4.254840e-02	3.383287e-02	8.715527e-03	1.255867e-02	2.387376e-04	3.350374e-03	4.461193e-03	5.580971e-03	-1.119778e-03
504           	3.934964e-02	1.994824e-02	1.940141e-02	4.258931e-02	3.365664e-02	8.932669e-03	1.236199e-02	2.734151e-04	3.250392e-03	3.516937e-03	5.008861e-03	-1.491924e-03
505           	3.991839e-02	2.035862e-02	1.955977e-02	4.270413e-02	3.355532e-02	9.148817e-03	1.220325e-02	3.994253e-04	2.808002e-03	1.651432e-03	3.633718e-03	-1.982286e-03
506           	4.042013e-02	2.070144e-02	1.971869e-02	4.275104e-02	3.348680e-02	9.264240e-03	1.211128e-02	4.913734e-04	2.338749e-03	1.458944e-04	2.411697e-03	-2.265802e-03
507           	4.095305e-02	2.111942e-02	1.983363e-02	4.292791e-02	3.354700e-02	9.380904e-03	1.208305e-02	6.428925e-04	1.692006e-03	-1.895090e-03	7.444611e-04	-2.639552e-03
508           	4.135672e-02	2.142297e-02	1.993375e-02	4.312279e-02	3.367074e-02	9.452047e-03	1.210935e-02	7.446102e-04	1.321958e-03	-3.247476e-03	-3.017796e-04	-2.945696e-03
509           	4.183437e-02	2.176842e-02	2.006595e-02	4.344301e-02	3.392735e-02	9.515659e-03	1.220585e-02	8.512330e-04	9.677184e-04	-4.499206e-03	-1.281884e-03	-3.217321e-03
510           	4.213084e-02	2.201188e-02	2.011896e-02	4.356845e-02	3.407439e-02	9.494063e-03	1.229016e-02	9.464602e-04	7.824568e-04	-5.174986e-03	-1.805036e-03	-3.369950e-03
511           	4.239605e-02	2.222120e-02	2.017485e-02	4.374759e-02	3.433624e-02	9.411351e-03	1.246245e-02	1.023178e-03	5.991048e-04	-5.459677e-03	-2.130734e-03	-3.328944e-03
512           	4.244106e-02	2.232666e-02	2.011441e-02	4.353091e-02	3.427512e-02	9.255789e-03	1.250967e-02	1.106126e-03	5.080510e-04	-5.490876e-03	-2.237387e-03	-3.253489e-03
513           	4.221486e-02	2.223918e-02	1.997568e-02	4.338835e-02	3.429914e-02	9.089204e-03	1.260497e-02	1.131751e-03	5.573574e-04	-5.051897e-03	-1.968591e-03	-3.083306e-03
514           	4.180597e-02	2.197781e-02	1.982817e-02	4.301838e-02	3.409798e-02	8.920401e-03	1.258879e-02	1.074819e-03	8.666265e-04	-3.938747e-03	-1.102747e-03	-2.836000e-03
515           	4.140279e-02	2.169663e-02	1.970616e-02	4.273661e-02	3.389572e-02	8.840880e-03	1.252742e-02	9.952347e-04	1.206724e-03	-3.017174e-03	-3.018634e-04	-2.715311e-03
516           	4.100489e-02	2.134747e-02	1.965742e-02	4.241843e-02	3.360746e-02	8.810969e-03	1.239825e-02	8.450236e-04	1.746053e-03	-1.682698e-03	9.047036e-04	-2.587402e-03
517           	4.090602e-02	2.120408e-02	1.970193e-02	4.229017e-02	3.342672e-02	8.863454e-03	1.228163e-02	7.510758e-04	2.063299e-03	-1.180005e-03	1.473297e-03	-2.653302e-03
518           	4.098305e-02	2.117000e-02	1.981305e-02	4.217466e-02	3.319645e-02	8.978211e-03	1.210912e-02	6.784721e-04	2.295239e-03	-1.132171e-03	1.729153e-03	-2.861324e-03
519           	4.129985e-02	2.131812e-02	1.998173e-02	4.218215e-02	3.307095e-02	9.111195e-03	1.197988e-02	6.681970e-04	2.275820e-03	-1.699147e-03	1.426247e-03	-3.125394e-03
520           	4.168219e-02	2.153282e-02	2.014937e-02	4.213031e-02	3.289455e-02	9.235761e-03	1.182939e-02	6.917266e-04	2.006459e-03	-2.704190e-03	6.543637e-04	-3.358554e-03
521           	4.203485e-02	2.175997e-02	2.027487e-02	4.217660e-02	3.283580e-02	9.340794e-03	1.174751e-02	7.425506e-04	1.515788e-03	-3.866798e-03	-4.176107e-04	-3.449187e-03
522           	4.248811e-02	2.208563e-02	2.040248e-02	4.208817e-02	3.271324e-02	9.374929e-03	1.166915e-02	8.415730e-04	8.358774e-04	-5.356321e-03	-1.842283e-03	-3.514038e-03
523           	4.271279e-02	2.223706e-02	2.047573e-02	4.220923e-02	3.281249e-02	9.396739e-03	1.170788e-02	8.806637e-04	3.885359e-04	-6.216772e-03	-2.719850e-03	-3.496922e-03
524           	4.291967e-02	2.235657e-02	2.056310e-02	4.231986e-02	3.291231e-02	9.407552e-03	1.175238e-02	8.967341e-04	1.450742e-04	-6.679281e-03	-3.194566e-03	-3.484715e-03
525           	4.301080e-02	2.242012e-02	2.059069e-02	4.257314e-02	3.314332e-02	9.429821e-03	1.185675e-02	9.147134e-04	7.159215e-05	-6.799428e-03	-3.328122e-03	-3.471306e-03
526           	4.299473e-02	2.243837e-02	2.055636e-02	4.269300e-02	3.329229e-02	9.400712e-03	1.194579e-02	9.410015e-04	8.192067e-05	-6.601935e-03	-3.219047e-03	-3.382888e-03
527           	4.272291e-02	2.232528e-02	2.039763e-02	4.281380e-02	3.348769e-02	9.326105e-03	1.208079e-02	9.638238e-04	1.489695e-04	-6.049139e-03	-2.875600e-03	-3.173539e-03
528           	4.221690e-02	2.209353e-02	2.012337e-02	4.268095e-02	3.350694e-02	9.174016e-03	1.216646e-02	9.850758e-04	2.839572e-04	-5.245231e-03	-2.338658e-03	-2.906572e-03
529           	4.137520e-02	2.164141e-02	1.973380e-02	4.257671e-02	3.357577e-02	9.000945e-03	1.228741e-02	9.538029e-04	5.502824e-04	-3.912219e-03	-1.405827e-03	-2.506392e-03
530           	4.061914e-02	2.122431e-02	1.939483e-02	4.222601e-02	3.337946e-02	8.846555e-03	1.226645e-02	9.147399e-04	7.785304e-04	-2.835963e-03	-6.394513e-04	-2.196512e-03
531           	3.989231e-02	2.076423e-02	1.912808e-02	4.203397e-02	3.327848e-02	8.755498e-03	1.226149e-02	8.180765e-04	1.061926e-03	-1.615981e-03	2.539353e-04	-1.869917e-03
532           	3.955265e-02	2.049481e-02	1.905783e-02	4.174551e-02	3.302971e-02	8.715803e-03	1.215695e-02	7.184910e-04	1.229719e-03	-8.807603e-04	7.893392e-04	-1.670099e-03
533           	3.952403e-02	2.041420e-02	1.910983e-02	4.166063e-02	3.291310e-02	8.747533e-03	1.208278e-02	6.521816e-04	1.260536e-03	-7.382807e-04	8.913958e-04	-1.629677e-03
534           	3.986010e-02	2.056412e-02	1.929598e-02	4.149049e-02	3.271395e-02	8.776542e-03	1.196870e-02	6.340700e-04	1.103146e-03	-1.265270e-03	4.705113e-04	-1.735781e-03
535           	4.032223e-02	2.081595e-02	1.950628e-02	4.141402e-02	3.262654e-02	8.787477e-03	1.191953e-02	6.548309e-04	7.368067e-04	-2.186561e-03	-3.564737e-04	-1.830087e-03
536           	4.088910e-02	2.119496e-02	1.969414e-02	4.124727e-02	3.247485e-02	8.772422e-03	1.185121e-02	7.504079e-04	4.565963e-05	-3.791518e-03	-1.850099e-03	-1.941419e-03
537           	4.122429e-02	2.143033e-02	1.979396e-02	4.125378e-02	3.253103e-02	8.722754e-03	1.190414e-02	8.181848e-04	-4.800686e-04	-4.944999e-03	-2.952568e-03	-1.992431e-03
538           	4.175418e-02	2.178143e-02	1.997275e-02	4.119516e-02	3.253060e-02	8.664565e-03	1.193302e-02	9.043385e-04	-1.057372e-03	-6.316506e-03	-4.215625e-03	-2.100881e-03
539           	4.196001e-02	2.191441e-02	2.004560e-02	4.144242e-02	3.279739e-02	8.645025e-03	1.207618e-02	9.344009e-04	-1.260022e-03	-7.007710e-03	-4.763877e-03	-2.243833e-03
540           	4.232138e-02	2.210962e-02	2.021176e-02	4.165320e-02	3.301962e-02	8.633581e-03	1.219302e-02	9.489294e-04	-1.312032e-03	-7.387219e-03	-5.005642e-03	-2.381577e-03
541           	4.254151e-02	2.220076e-02	2.034075e-02	4.197435e-02	3.333956e-02	8.634787e-03	1.235239e-02	9.300036e-04	-1.234831e-03	-7.257051e-03	-4.863356e-03	-2.393695e-03
542           	4.255245e-02	2.215751e-02	2.039494e-02	4.215650e-02	3.350505e-02	8.651451e-03	1.242680e-02	8.812850e-04	-1.040831e-03	-6.636116e-03	-4.358889e-03	-2.277227e-03
543           	4.223670e-02	2.191241e-02	2.032429e-02	4.237962e-02	3.365060e-02	8.729012e-03	1.246080e-02	7.940608e-04	-7.427556e-04	-5.607612e-03	-3.546562e-03	-2.061050e-03
544           	4.166885e-02	2.150240e-02	2.016645e-02	4.235873e-02	3.352573e-02	8.833003e-03	1.234636e-02	6.679763e-04	-3.115464e-04	-4.182111e-03	-2.402602e-03	-1.779509e-03
545           	4.092322e-02	2.095889e-02	1.996433e-02	4.234087e-02	3.336138e-02	8.979482e-03	1.219095e-02	4.972831e-04	2.154470e-04	-2.455248e-03	-1.012177e-03	-1.443071e-03
546           	4.028898e-02	2.046119e-02	1.982779e-02	4.210174e-02	3.295446e-02	9.147275e-03	1.190359e-02	3.166965e-04	7.486931e-04	-7.722100e-04	3.625882e-04	-1.134798e-03
547           	3.987915e-02	2.009967e-02	1.977948e-02	4.203140e-02	3.265687e-02	9.374527e-03	1.164117e-02	1.600914e-04	1.183119e-03	4.784859e-04	1.422361e-03	-9.438756e-04
548           	3.987368e-02	1.999513e-02	1.987855e-02	4.188285e-02	3.227723e-02	9.605618e-03	1.133581e-02	5.829363e-05	1.489660e-03	1.119607e-03	2.049464e-03	-9.298566e-04
549           	4.019957e-02	2.014502e-02	2.005455e-02	4.191142e-02	3.208985e-02	9.821575e-03	1.113414e-02	4.523265e-05	1.608841e-03	9.637841e-04	2.090733e-03	-1.126949e-03
550           	4.077820e-02	2.052862e-02	2.024958e-02	4.180360e-02	3.183464e-02	9.968965e-03	1.093284e-02	1.395232e-04	1.445296e-03	-1.631454e-04	1.363724e-03	-1.526869e-03
551           	4.133832e-02	2.087711e-02	2.046121e-02	4.182623e-02	3.181110e-02	1.001514e-02	1.089798e-02	2.079461e-04	1.071546e-03	-1.154733e-03	4.941790e-04	-1.648912e-03
552           	4.192555e-02	2.130180e-02	2.062375e-02	4.164503e-02	3.166848e-02	9.976547e-03	1.084597e-02	3.390223e-04	4.078672e-04	-2.798809e-03	-9.915375e-04	-1.807272e-03
553           	4.213293e-02	2.142312e-02	2.070982e-02	4.174263e-02	3.186185e-02	9.880779e-03	1.099053e-02	3.566489e-04	-3.970327e-05	-3.674579e-03	-1.876993e-03	-1.797586e-03
554           	4.237775e-02	2.155487e-02	2.082288e-02	4.166877e-02	3.196755e-02	9.701211e-03	1.113317e-02	3.659931e-04	-4.795225e-04	-4.611720e-03	-2.785383e-03	-1.826338e-03
555           	4.236558e-02	2.150939e-02	2.085619e-02	4.181307e-02	3.230884e-02	9.504239e-03	1.140230e-02	3.266037e-04	-6.037067e-04	-5.077174e-03	-3.142294e-03	-1.934880e-03
556           	4.230999e-02	2.143940e-02	2.087060e-02	4.172700e-02	3.250810e-02	9.218892e-03	1.164461e-02	2.844014e-04	-6.123123e-04	-5.184846e-03	-3.204735e-03	-1.980111e-03
557           	4.191494e-02	2.120602e-02	2.070892e-02	4.175318e-02	3.277594e-02	8.977233e-03	1.189935e-02	2.485530e-04	-4.980037e-04	-4.961244e-03	-2.978626e-03	-1.982618e-03
558           	4.130357e-02	2.086677e-02	2.043680e-02	4.154745e-02	3.283315e-02	8.714297e-03	1.205943e-02	2.149839e-04	-2.591654e-04	-4.252635e-03	-2.385483e-03	-1.867152e-03
559           	4.042120e-02	2.038170e-02	2.003950e-02	4.136950e-02	3.286488e-02	8.504621e-03	1.218013e-02	1.711041e-04	7.199734e-05	-3.157192e-03	-1.506599e-03	-1.650593e-03
560           	3.948828e-02	1.985588e-02	1.963240e-02	4.102937e-02	3.267182e-02	8.357544e-03	1.215714e-02	1.117423e-04	4.712995e-04	-1.734692e-03	-3.960465e-04	-1.338645e-03
561           	3.868632e-02	1.936295e-02	1.932336e-02	4.089281e-02	3.254856e-02	8.344256e-03	1.210215e-02	1.979491e-05	8.557287e-04	-1.282236e-04	7.916169e-04	-9.198405e-04
562           	3.829593e-02	1.907285e-02	1.922309e-02	4.078035e-02	3.231377e-02	8.466579e-03	1.192360e-02	-7.511912e-05	1.155121e-03	1.360979e-03	1.835610e-03	-4.746312e-04
563           	3.836972e-02	1.903746e-02	1.933225e-02	4.098477e-02	3.225977e-02	8.725003e-03	1.176738e-02	-1.473950e-04	1.259584e-03	2.344892e-03	2.432030e-03	-8.713766e-05
564           	3.891917e-02	1.929943e-02	1.961974e-02	4.123763e-02	3.219717e-02	9.040463e-03	1.157835e-02	-1.601556e-04	1.137951e-03	2.615748e-03	2.445824e-03	1.699231e-04
565           	3.976034e-02	1.978597e-02	1.997437e-02	4.166768e-02	3.231585e-02	9.351826e-03	1.148201e-02	-9.420136e-05	7.891136e-04	2.071104e-03	1.824666e-03	2.464385e-04
566           	4.074725e-02	2.042141e-02	2.032584e-02	4.196547e-02	3.236546e-02	9.600010e-03	1.138272e-02	4.778755e-05	1.705447e-04	7.185596e-04	5.298245e-04	1.887351e-04
567           	4.153398e-02	2.093529e-02	2.059869e-02	4.222756e-02	3.253772e-02	9.689840e-03	1.142394e-02	1.682979e-04	-4.606762e-04	-5.348024e-04	-7.280774e-04	1.932750e-04
568           	4.226830e-02	2.146342e-02	2.080487e-02	4.233395e-02	3.264663e-02	9.687320e-03	1.147965e-02	3.292731e-04	-1.231769e-03	-2.189033e-03	-2.326286e-03	1.372527e-04
569           	4.260239e-02	2.172490e-02	2.087749e-02	4.252452e-02	3.294551e-02	9.579011e-03	1.168325e-02	4.237023e-04	-1.688498e-03	-3.293271e-03	-3.335134e-03	4.186297e-05
570           	4.293323e-02	2.196101e-02	2.097222e-02	4.261046e-02	3.319099e-02	9.419467e-03	1.188576e-02	4.943909e-04	-1.981093e-03	-4.274612e-03	-4.118399e-03	-1.562133e-04
571           	4.313175e-02	2.210500e-02	2.102675e-02	4.278388e-02	3.355350e-02	9.230386e-03	1.216155e-02	5.391245e-04	-2.037421e-03	-4.858052e-03	-4.466447e-03	-3.916053e-04
572           	4.325064e-02	2.218355e-02	2.106708e-02	4.283105e-02	3.381053e-02	9.020521e-03	1.239500e-02	5.582348e-04	-1.926187e-03	-4.916283e-03	-4.384329e-03	-5.319545e-04
573           	4.315420e-02	2.213183e-02	2.102237e-02	4.293523e-02	3.410054e-02	8.834689e-03	1.263292e-02	5.547263e-04	-1.698853e-03	-4.464371e-03	-3.931038e-03	-5.333327e-04
574           	4.279890e-02	2.193461e-02	2.086429e-02	4.285800e-02	3.419874e-02	8.659265e-03	1.276974e-02	5.351565e-04	-1.327680e-03	-3.549881e-03	-3.102620e-03	-4.472609e-04
575           	4.219573e-02	2.159226e-02	2.060347e-02	4.279517e-02	3.427010e-02	8.525067e-03	1.287252e-02	4.943943e-04	-8.335240e-04	-2.296438e-03	-1.981743e-03	-3.146950e-04
576           	4.152984e-02	2.120076e-02	2.032908e-02	4.251159e-02	3.408838e-02	8.423214e-03	1.283258e-02	4.358423e-04	-2.548677e-04	-8.861276e-04	-6.979315e-04	-1.881961e-04
577           	4.097343e-02	2.086258e-02	2.011085e-02	4.232162e-02	3.391047e-02	8.411144e-03	1.274966e-02	3.758619e-04	2.968620e-04	3.286605e-04	4.611922e-04	-1.325318e-04
578           	4.073534e-02	2.069487e-02	2.004047e-02	4.205929e-02	3.358082e-02	8.478468e-03	1.255118e-02	3.271968e-04	7.540777e-04	1.111876e-03	1.310016e-03	-1.981396e-04
579           	4.080657e-02	2.072488e-02	2.008169e-02	4.201228e-02	3.336495e-02	8.647335e-03	1.235881e-02	3.215954e-04	1.046648e-03	1.175491e-03	1.634393e-03	-4.589027e-04
580           	4.131206e-02	2.101161e-02	2.030045e-02	4.184449e-02	3.303411e-02	8.810381e-03	1.211186e-02	3.555780e-04	1.112114e-03	7.395752e-04	1.481902e-03	-7.423267e-04
581           	4.186977e-02	2.142756e-02	2.044221e-02	4.183057e-02	3.280456e-02	9.026002e-03	1.188928e-02	4.926736e-04	8.719223e-04	-7.949551e-04	4.744448e-04	-1.269400e-03
582           	4.242917e-02	2.179299e-02	2.063617e-02	4.172402e-02	3.256051e-02	9.163505e-03	1.169850e-02	5.784083e-04	4.795269e-04	-2.048349e-03	-5.446478e-04	-1.503702e-03
583           	4.297705e-02	2.223260e-02	2.074445e-02	4.177656e-02	3.242817e-02	9.348395e-03	1.153989e-02	7.440765e-04	-1.793942e-04	-4.158220e-03	-2.258504e-03	-1.899716e-03
584           	4.319647e-02	2.239350e-02	2.080298e-02	4.187087e-02	3.238407e-02	9.486794e-03	1.144864e-02	7.952621e-04	-5.103978e-04	-5.267175e-03	-3.143985e-03	-2.123190e-03
585           	4.340533e-02	2.253759e-02	2.086774e-02	4.216911e-02	3.249641e-02	9.672695e-03	1.141186e-02	8.349275e-04	-8.024807e-04	-6.410521e-03	-4.007741e-03	-2.402780e-03
586           	4.352313e-02	2.262331e-02	2.089981e-02	4.238006e-02	3.259354e-02	9.786523e-03	1.140351e-02	8.617489e-04	-8.600348e-04	-7.097786e-03	-4.408928e-03	-2.688858e-03
587           	4.352426e-02	2.261881e-02	2.090545e-02	4.271879e-02	3.288500e-02	9.833790e-03	1.152560e-02	8.566757e-04	-7.486622e-04	-7.266989e-03	-4.382157e-03	-2.884833e-03
588           	4.342292e-02	2.255816e-02	2.086477e-02	4.284707e-02	3.304294e-02	9.804129e-03	1.161941e-02	8.466954e-04	-5.099919e-04	-6.942672e-03	-3.981328e-03	-2.961344e-03
589           	4.305268e-02	2.233489e-02	2.071779e-02	4.302195e-02	3.328282e-02	9.739129e-03	1.177185e-02	8.085472e-04	-1.930981e-04	-6.178157e-03	-3.282177e-03	-2.895980e-03
590           	4.243011e-02	2.196159e-02	2.046852e-02	4.293243e-02	3.330621e-02	9.626217e-03	1.184000e-02	7.465394e-04	2.413547e-04	-4.924349e-03	-2.220820e-03	-2.703529e-03
591           	4.170006e-02	2.153396e-02	2.016610e-02	4.285906e-02	3.331629e-02	9.542769e-03	1.188676e-02	6.839304e-04	5.786149e-04	-3.821648e-03	-1.332209e-03	-2.489439e-03
592           	4.089182e-02	2.101403e-02	1.987778e-02	4.263982e-02	3.319349e-02	9.446324e-03	1.187358e-02	5.681272e-04	1.047858e-03	-2.211358e-03	-5.782092e-05	-2.153537e-03
593           	4.025906e-02	2.057526e-02	1.968380e-02	4.261721e-02	3.315804e-02	9.459167e-03	1.184944e-02	4.457294e-04	1.404961e-03	-8.590834e-04	9.754196e-04	-1.834503e-03
594           	4.007304e-02	2.040581e-02	1.966723e-02	4.252306e-02	3.297826e-02	9.544800e-03	1.171673e-02	3.692939e-04	1.561284e-03	-1.465530e-04	1.488007e-03	-1.634560e-03
595           	4.020737e-02	2.045157e-02	1.975580e-02	4.260616e-02	3.290252e-02	9.703639e-03	1.159944e-02	3.478863e-04	1.548393e-03	-1.356563e-04	1.480565e-03	-1.616221e-03
596           	4.067915e-02	2.072849e-02	1.995066e-02	4.262647e-02	3.276441e-02	9.862052e-03	1.145118e-02	3.889180e-04	1.342375e-03	-8.488285e-04	9.179608e-04	-1.766789e-03
597           	4.126139e-02	2.105587e-02	2.020552e-02	4.268801e-02	3.271136e-02	9.976652e-03	1.136736e-02	4.251738e-04	1.007174e-03	-1.640605e-03	1.868719e-04	-1.827477e-03
598           	4.193621e-02	2.146782e-02	2.046839e-02	4.262506e-02	3.257191e-02	1.005315e-02	1.125938e-02	4.997151e-04	3.432848e-04	-3.005305e-03	-1.159368e-03	-1.845938e-03
599           	4.230172e-02	2.164543e-02	2.065628e-02	4.273600e-02	3.266224e-02	1.007376e-02	1.129424e-02	4.945758e-04	-1.282462e-04	-3.706079e-03	-1.981286e-03	-1.724794e-03
600           	4.275712e-02	2.187046e-02	2.088666e-02	4.272595e-02	3.267216e-02	1.005379e-02	1.130919e-02	4.918978e-04	-6.180257e-04	-4.672057e-03	-2.954054e-03	-1.718003e-03
601           	4.283857e-02	2.187252e-02	2.096604e-02	4.293862e-02	3.292807e-02	1.001054e-02	1.145876e-02	4.532406e-04	-7.412677e-04	-5.133403e-03	-3.307969e-03	-1.825434e-03
602           	4.300278e-02	2.190232e-02	2.110046e-02	4.300442e-02	3.310357e-02	9.900850e-03	1.160136e-02	4.009267e-04	-6.771499e-04	-5.355394e-03	-3.354847e-03	-2.000547e-03
603           	4.288366e-02	2.181496e-02	2.106870e-02	4.317132e-02	3.336467e-02	9.806651e-03	1.177901e-02	3.731272e-04	-4.935153e-04	-5.223484e-03	-3.105257e-03	-2.118227e-03
604           	4.257207e-02	2.159867e-02	2.097340e-02	4.321400e-02	3.353796e-02	9.676036e-03	1.193096e-02	3.126339e-04	-1.262009e-04	-4.429633e-03	-2.341018e-03	-2.088616e-03
605           	4.201811e-02	2.129194e-02	2.072617e-02	4.320086e-02	3.360563e-02	9.595235e-03	1.200520e-02	2.828856e-04	2.492331e-04	-3.546053e-03	-1.523793e-03	-2.022259e-03
606           	4.116601e-02	2.077134e-02	2.039466e-02	4.306024e-02	3.354296e-02	9.517275e-03	1.201284e-02	1.883408e-04	8.696726e-04	-1.878527e-03	-6.959114e-05	-1.808936e-03
607           	4.030491e-02	2.024150e-02	2.006341e-02	4.292055e-02	3.340870e-02	9.511849e-03	1.194842e-02	8.904990e-05	1.487684e-03	-2.409740e-04	1.367197e-03	-1.608171e-03
608           	3.964548e-02	1.980318e-02	1.984230e-02	4.265697e-02	3.311736e-02	9.539618e-03	1.178887e-02	-1.955869e-05	2.083801e-03	1.332295e-03	2.749948e-03	-1.417653e-03
609           	3.929216e-02	1.955242e-02	1.973974e-02	4.256188e-02	3.294365e-02	9.618228e-03	1.166271e-02	-9.366379e-05	2.521598e-03	2.370563e-03	3.706879e-03	-1.336316e-03
610           	3.925409e-02	1.949794e-02	1.975615e-02	4.244695e-02	3.273867e-02	9.708280e-03	1.151519e-02	-1.291036e-04	2.771368e-03	2.887741e-03	4.215239e-03	-1.327498e-03
611           	3.958179e-02	1.972580e-02	1.985600e-02	4.246940e-02	3.268489e-02	9.784515e-03	1.145019e-02	-6.509896e-05	2.758418e-03	2.541625e-03	4.029231e-03	-1.487606e-03
612           	4.006774e-02	2.012586e-02	1.994188e-02	4.238249e-02	3.257567e-02	9.806822e-03	1.138442e-02	9.198927e-05	2.390976e-03	1.305781e-03	3.043867e-03	-1.738086e-03
613           	4.053664e-02	2.053964e-02	1.999700e-02	4.239049e-02	3.262366e-02	9.766833e-03	1.142841e-02	2.713172e-04	1.772846e-03	-1.884107e-04	1.678640e-03	-1.867051e-03
614           	4.099471e-02	2.094159e-02	2.005312e-02	4.227374e-02	3.262707e-02	9.646673e-03	1.149020e-02	4.442363e-04	1.060061e-03	-1.742655e-03	1.887333e-04	-1.931389e-03
615           	4.122157e-02	2.116313e-02	2.005844e-02	4.236797e-02	3.284588e-02	9.522089e-03	1.166189e-02	5.523483e-04	5.088625e-04	-2.958721e-03	-9.704979e-04	-1.988223e-03
616           	4.152476e-02	2.140774e-02	2.011702e-02	4.231133e-02	3.293949e-02	9.371840e-03	1.178382e-02	6.453624e-04	4.714503e-06	-4.181053e-03	-2.085812e-03	-2.095241e-03
617           	4.153861e-02	2.143042e-02	2.010819e-02	4.250896e-02	3.325866e-02	9.250293e-03	1.200419e-02	6.611162e-04	-1.815159e-04	-4.768947e-03	-2.565989e-03	-2.202957e-03
618           	4.157535e-02	2.143907e-02	2.013628e-02	4.253111e-02	3.341275e-02	9.118355e-03	1.214720e-02	6.513931e-04	-2.345042e-04	-4.905385e-03	-2.687197e-03	-2.218188e-03
619           	4.138554e-02	2.129651e-02	2.008903e-02	4.265043e-02	3.363414e-02	9.016292e-03	1.230892e-02	6.037425e-04	-1.437147e-04	-4.517940e-03	-2.402685e-03	-2.115255e-03
620           	4.102287e-02	2.106832e-02	1.995455e-02	4.255294e-02	3.361726e-02	8.935689e-03	1.234078e-02	5.568841e-04	9.476692e-05	-3.710055e-03	-1.760261e-03	-1.949795e-03
621           	4.042770e-02	2.069576e-02	1.973194e-02	4.255152e-02	3.365660e-02	8.894924e-03	1.238084e-02	4.819119e-04	4.392232e-04	-2.566241e-03	-8.438972e-04	-1.722344e-03
622           	3.985915e-02	2.033077e-02	1.952838e-02	4.230393e-02	3.343314e-02	8.870788e-03	1.228118e-02	4.011951e-04	8.547962e-04	-1.225945e-03	2.418235e-04	-1.467769e-03
623           	3.940274e-02	1.999816e-02	1.940458e-02	4.221414e-02	3.329266e-02	8.921476e-03	1.218559e-02	2.967914e-04	1.256457e-03	1.012231e-04	1.307069e-03	-1.205846e-03
624           	3.931569e-02	1.986658e-02	1.944911e-02	4.200942e-02	3.297022e-02	9.039193e-03	1.196552e-02	2.087346e-04	1.543606e-03	1.122511e-03	2.104862e-03	-9.823507e-04
625           	3.954465e-02	1.992548e-02	1.961917e-02	4.204186e-02	3.280315e-02	9.238716e-03	1.178221e-02	1.531541e-04	1.627148e-03	1.566551e-03	2.410424e-03	-8.438726e-04
626           	4.015582e-02	2.025787e-02	1.989795e-02	4.198198e-02	3.253319e-02	9.448795e-03	1.154220e-02	1.799598e-04	1.457950e-03	1.227638e-03	2.071768e-03	-8.441307e-04
627           	4.089897e-02	2.075901e-02	2.013996e-02	4.207985e-02	3.241722e-02	9.662627e-03	1.137730e-02	3.095278e-04	9.514935e-04	-5.286266e-05	9.250621e-04	-9.779248e-04
628           	4.161814e-02	2.126166e-02	2.035648e-02	4.199566e-02	3.223136e-02	9.764305e-03	1.123353e-02	4.525893e-04	2.415533e-04	-1.541738e-03	-5.293158e-04	-1.012422e-03
629           	4.212598e-02	2.164269e-02	2.048329e-02	4.203479e-02	3.221761e-02	9.817180e-03	1.120022e-02	5.797037e-04	-5.556851e-04	-3.008784e-03	-2.060077e-03	-9.487069e-04
630           	4.234408e-02	2.183040e-02	2.051368e-02	4.208181e-02	3.227032e-02	9.811496e-03	1.122941e-02	6.583611e-04	-1.163546e-03	-4.143440e-03	-3.235266e-03	-9.081742e-04
631           	4.250096e-02	2.197547e-02	2.052548e-02	4.228459e-02	3.247184e-02	9.812749e-03	1.132955e-02	7.249958e-04	-1.716345e-03	-5.364421e-03	-4.398555e-03	-9.658652e-04
632           	4.241580e-02	2.195197e-02	2.046383e-02	4.251795e-02	3.274059e-02	9.777355e-03	1.148162e-02	7.440708e-04	-1.880319e-03	-5.991525e-03	-4.876082e-03	-1.115443e-03
633           	4.233508e-02	2.190263e-02	2.043246e-02	4.292124e-02	3.315162e-02	9.769619e-03	1.169100e-02	7.350852e-04	-1.870181e-03	-6.254301e-03	-4.997331e-03	-1.256969e-03
634           	4.216034e-02	2.177453e-02	2.038581e-02	4.315269e-02	3.340655e-02	9.746141e-03	1.183020e-02	6.943581e-04	-1.657406e-03	-5.890850e-03	-4.602831e-03	-1.288019e-03
635           	4.176288e-02	2.147508e-02	2.028780e-02	4.344759e-02	3.371462e-02	9.732975e-03	1.199082e-02	5.936398e-04	-1.162704e-03	-4.718113e-03	-3.521760e-03	-1.196353e-03
636           	4.131937e-02	2.117820e-02	2.014117e-02	4.333885e-02	3.359321e-02	9.745647e-03	1.192378e-02	5.185113e-04	-6.903611e-04	-3.513595e-03	-2.447159e-03	-1.066437e-03
637           	4.064580e-02	2.067978e-02	1.996602e-02	4.327842e-02	3.351165e-02	9.766772e-03	1.187244e-02	3.568770e-04	-2.148753e-05	-1.626311e-03	-8.346430e-04	-7.916679e-04
638           	4.018456e-02	2.032291e-02	1.986165e-02	4.294132e-02	3.310197e-02	9.839352e-03	1.163131e-02	2.306263e-04	4.359890e-04	-2.828727e-04	2.945527e-04	-5.774253e-04
639           	3.973224e-02	1.994853e-02	1.978370e-02	4.276185e-02	3.281741e-02	9.944441e-03	1.143648e-02	8.241592e-05	8.926878e-04	1.083303e-03	1.434339e-03	-3.510362e-04
640           	3.960966e-02	1.977729e-02	1.983237e-02	4.254135e-02	3.244158e-02	1.009977e-02	1.117090e-02	-2.753992e-05	1.201192e-03	1.923786e-03	2.163085e-03	-2.392987e-04
641           	3.973571e-02	1.982226e-02	1.991345e-02	4.257366e-02	3.230076e-02	1.027290e-02	1.101393e-02	-4.559652e-05	1.305397e-03	1.977543e-03	2.294169e-03	-3.166253e-04
642           	4.009523e-02	2.012499e-02	1.997024e-02	4.256784e-02	3.216286e-02	1.040498e-02	1.087894e-02	7.737476e-05	1.135884e-03	9.585316e-04	1.615149e-03	-6.566177e-04
643           	4.052837e-02	2.051224e-02	2.001613e-02	4.264075e-02	3.219141e-02	1.044934e-02	1.087103e-02	2.480547e-04	7.889577e-04	-3.166710e-04	6.306222e-04	-9.472932e-04
644           	4.095911e-02	2.098093e-02	1.997818e-02	4.262348e-02	3.218401e-02	1.043946e-02	1.087228e-02	5.013743e-04	1.242461e-04	-2.320080e-03	-1.035794e-03	-1.284286e-03
645           	4.112319e-02	2.121325e-02	1.990995e-02	4.273512e-02	3.234926e-02	1.038586e-02	1.098170e-02	6.516504e-04	-4.389348e-04	-3.529936e-03	-2.203903e-03	-1.326033e-03
646           	4.126043e-02	2.143307e-02	1.982736e-02	4.280558e-02	3.248240e-02	1.032318e-02	1.107961e-02	8.028569e-04	-9.693671e-04	-4.867661e-03	-3.403197e-03	-1.464463e-03
647           	4.114836e-02	2.142445e-02	1.972391e-02	4.307508e-02	3.280671e-02	1.026837e-02	1.126917e-02	8.502714e-04	-1.218167e-03	-5.497251e-03	-3.966792e-03	-1.530459e-03
648           	4.115607e-02	2.145142e-02	1.970465e-02	4.324089e-02	3.305822e-02	1.018266e-02	1.143778e-02	8.733845e-04	-1.268499e-03	-5.834939e-03	-4.185969e-03	-1.648970e-03
649           	4.097541e-02	2.135366e-02	1.962175e-02	4.349980e-02	3.338060e-02	1.011920e-02	1.163070e-02	8.659550e-04	-1.174831e-03	-5.724665e-03	-4.037163e-03	-1.687501e-03
650           	4.072177e-02	2.119513e-02	1.952664e-02	4.364877e-02	3.359447e-02	1.005431e-02	1.177008e-02	8.342415e-04	-9.116048e-04	-5.160493e-03	-3.491851e-03	-1.668642e-03
651           	4.026226e-02	2.092037e-02	1.934190e-02	4.380043e-02	3.378777e-02	1.001266e-02	1.188755e-02	7.892357e-04	-5.161049e-04	-4.295968e-03	-2.664089e-03	-1.631879e-03
652           	3.964797e-02	2.055896e-02	1.908901e-02	4.379768e-02	3.380394e-02	9.993743e-03	1.190510e-02	7.349780e-04	9.177815e-06	-3.210185e-03	-1.595915e-03	-1.614270e-03
653           	3.898645e-02	2.014905e-02	1.883740e-02	4.382585e-02	3.379680e-02	1.002905e-02	1.188388e-02	6.558274e-04	6.038058e-04	-2.014730e-03	-4.035593e-04	-1.611171e-03
654           	3.852942e-02	1.984247e-02	1.868695e-02	4.372715e-02	3.359942e-02	1.012772e-02	1.173585e-02	5.777563e-04	1.174209e-03	-9.740579e-04	6.871799e-04	-1.661238e-03
655           	3.840980e-02	1.971644e-02	1.869336e-02	4.377652e-02	3.344702e-02	1.032950e-02	1.155876e-02	5.115376e-04	1.569494e-03	-3.865222e-04	1.376233e-03	-1.762756e-03
656           	3.872177e-02	1.985714e-02	1.886463e-02	4.377115e-02	3.318001e-02	1.059114e-02	1.129444e-02	4.962536e-04	1.707007e-03	-4.766723e-04	1.468671e-03	-1.945343e-03
657           	3.935228e-02	2.023230e-02	1.911998e-02	4.388837e-02	3.301009e-02	1.087829e-02	1.106590e-02	5.561580e-04	1.545499e-03	-1.339765e-03	8.756169e-04	-2.215382e-03
658           	4.016305e-02	2.078683e-02	1.937621e-02	4.385994e-02	3.273852e-02	1.112142e-02	1.080855e-02	7.053084e-04	1.057246e-03	-2.979846e-03	-4.326769e-04	-2.547169e-03
659           	4.086218e-02	2.126945e-02	1.959273e-02	4.387004e-02	3.263348e-02	1.123656e-02	1.069846e-02	8.383589e-04	4.218621e-04	-4.494166e-03	-1.825221e-03	-2.668945e-03
660           	4.157008e-02	2.183760e-02	1.973248e-02	4.364387e-02	3.239872e-02	1.124515e-02	1.057678e-02	1.052561e-03	-4.897849e-04	-6.592966e-03	-3.786268e-03	-2.806698e-03
661           	4.191688e-02	2.215653e-02	1.976035e-02	4.360617e-02	3.248172e-02	1.112444e-02	1.067864e-02	1.198089e-03	-1.116320e-03	-8.009444e-03	-5.121042e-03	-2.888401e-03
662           	4.235430e-02	2.254282e-02	1.981148e-02	4.334134e-02	3.244770e-02	1.089364e-02	1.077703e-02	1.365672e-03	-1.767704e-03	-9.511210e-03	-6.523308e-03	-2.987901e-03
663           	4.240825e-02	2.266637e-02	1.974188e-02	4.339525e-02	3.275757e-02	1.063768e-02	1.105994e-02	1.462245e-03	-2.009070e-03	-1.023837e-02	-7.128255e-03	-3.110115e-03
664           	4.243860e-02	2.276196e-02	1.967665e-02	4.327930e-02	3.293670e-02	1.034259e-02	1.129705e-02	1.542654e-03	-2.098705e-03	-1.056760e-02	-7.382506e-03	-3.185095e-03
665           	4.217820e-02	2.263751e-02	1.954069e-02	4.339381e-02	3.331393e-02	1.007988e-02	1.161702e-02	1.548410e-03	-2.033211e-03	-1.024223e-02	-7.154328e-03	-3.087906e-03
666           	4.164565e-02	2.230682e-02	1.933883e-02	4.334274e-02	3.350340e-02	9.839345e-03	1.183202e-02	1.483994e-03	-1.724698e-03	-9.109295e-03	-6.279345e-03	-2.829950e-03
667           	4.095646e-02	2.187586e-02	1.908060e-02	4.341791e-02	3.370336e-02	9.714553e-03	1.199440e-02	1.397634e-03	-1.408325e-03	-7.959157e-03	-5.387903e-03	-2.571254e-03
668           	4.005785e-02	2.126501e-02	1.879284e-02	4.332158e-02	3.371204e-02	9.609540e-03	1.205125e-02	1.236086e-03	-8.460750e-04	-6.093695e-03	-3.892922e-03	-2.200772e-03
669           	3.937277e-02	2.077673e-02	1.859604e-02	4.339703e-02	3.376649e-02	9.630540e-03	1.206797e-02	1.090345e-03	-4.233610e-04	-4.858194e-03	-2.852458e-03	-2.005736e-03
670           	3.885980e-02	2.037652e-02	1.848328e-02	4.334075e-02	3.362406e-02	9.716692e-03	1.195368e-02	9.466242e-04	6.089195e-05	-3.651653e-03	-1.764934e-03	-1.886718e-03
671           	3.875861e-02	2.023298e-02	1.852564e-02	4.351599e-02	3.360552e-02	9.910473e-03	1.184752e-02	8.536700e-04	3.669708e-04	-3.247620e-03	-1.256839e-03	-1.990781e-03
672           	3.900831e-02	2.034249e-02	1.866582e-02	4.351910e-02	3.340676e-02	1.011233e-02	1.164722e-02	8.383351e-04	5.551151e-04	-3.444121e-03	-1.166945e-03	-2.277176e-03
673           	3.951504e-02	2.064114e-02	1.887390e-02	4.356884e-02	3.332026e-02	1.024858e-02	1.153584e-02	8.836197e-04	5.382403e-04	-4.162047e-03	-1.542783e-03	-2.619264e-03
674           	4.018650e-02	2.110325e-02	1.908325e-02	4.341354e-02	3.312364e-02	1.028990e-02	1.141687e-02	1.009998e-03	2.270784e-04	-5.493045e-03	-2.519444e-03	-2.973601e-03
675           	4.077814e-02	2.146968e-02	1.930845e-02	4.329547e-02	3.309148e-02	1.020399e-02	1.144374e-02	1.080614e-03	-2.281595e-04	-6.422214e-03	-3.439267e-03	-2.982948e-03
676           	4.146249e-02	2.190314e-02	1.955935e-02	4.299200e-02	3.296213e-02	1.002987e-02	1.146613e-02	1.171897e-03	-8.523648e-04	-7.512112e-03	-4.608421e-03	-2.903691e-03
677           	4.190419e-02	2.216863e-02	1.973556e-02	4.285825e-02	3.303164e-02	9.826612e-03	1.160251e-02	1.216537e-03	-1.423532e-03	-8.364216e-03	-5.605640e-03	-2.758576e-03
678           	4.226216e-02	2.236946e-02	1.989270e-02	4.262876e-02	3.304367e-02	9.585089e-03	1.172929e-02	1.238380e-03	-1.764316e-03	-8.856995e-03	-6.192814e-03	-2.664181e-03
679           	4.250412e-02	2.244041e-02	2.006371e-02	4.254221e-02	3.319267e-02	9.349537e-03	1.192157e-02	1.188352e-03	-1.917271e-03	-8.790321e-03	-6.312432e-03	-2.477889e-03
680           	4.251356e-02	2.239508e-02	2.011848e-02	4.245423e-02	3.325963e-02	9.194605e-03	1.203251e-02	1.138303e-03	-1.734993e-03	-8.222529e-03	-5.846257e-03	-2.376272e-03
681           	4.223835e-02	2.214391e-02	2.009444e-02	4.258387e-02	3.345703e-02	9.126841e-03	1.216509e-02	1.024739e-03	-1.383317e-03	-7.085084e-03	-4.925859e-03	-2.159225e-03
682           	4.171045e-02	2.176561e-02	1.994484e-02	4.256289e-02	3.345006e-02	9.112828e-03	1.216862e-02	9.103889e-04	-8.005478e-04	-5.487828e-03	-3.544462e-03	-1.943366e-03
683           	4.098684e-02	2.129213e-02	1.969471e-02	4.264901e-02	3.346538e-02	9.183626e-03	1.214088e-02	7.987134e-04	-2.019811e-04	-3.999087e-03	-2.201525e-03	-1.797563e-03
684           	4.012123e-02	2.069176e-02	1.942947e-02	4.259136e-02	3.333581e-02	9.255546e-03	1.204013e-02	6.311426e-04	6.614674e-04	-1.893166e-03	-2.851155e-04	-1.608050e-03
685           	3.956241e-02	2.027358e-02	1.928883e-02	4.260363e-02	3.321560e-02	9.388027e-03	1.191379e-02	4.923758e-04	1.273839e-03	-4.816656e-04	1.033006e-03	-1.514672e-03
686           	3.917821e-02	1.992018e-02	1.925802e-02	4.253926e-02	3.301974e-02	9.519522e-03	1.175011e-02	3.310798e-04	1.889100e-03	8.842424e-04	2.331221e-03	-1.446979e-03
687           	3.935288e-02	1.992998e-02	1.942290e-02	4.255797e-02	3.289049e-02	9.667472e-03	1.161151e-02	2.535378e-04	2.170333e-03	1.224748e-03	2.782707e-03	-1.557959e-03
688           	3.978564e-02	2.017683e-02	1.960881e-02	4.246861e-02	3.269359e-02	9.775013e-03	1.145929e-02	2.840138e-04	2.192582e-03	5.821794e-04	2.483671e-03	-1.901492e-03
689           	4.040645e-02	2.058491e-02	1.982154e-02	4.242303e-02	3.260690e-02	9.816126e-03	1.139539e-02	3.816878e-04	1.940202e-03	-5.494897e-04	1.665457e-03	-2.214947e-03
690           	4.110772e-02	2.114597e-02	1.996175e-02	4.220669e-02	3.240488e-02	9.801807e-03	1.130154e-02	5.921052e-04	1.270795e-03	-2.652709e-03	-5.556008e-05	-2.597149e-03
691           	4.156633e-02	2.150531e-02	2.006102e-02	4.213419e-02	3.239607e-02	9.738122e-03	1.132897e-02	7.221480e-04	6.614618e-04	-4.030305e-03	-1.353691e-03	-2.676614e-03
692           	4.206891e-02	2.192992e-02	2.013899e-02	4.194102e-02	3.229176e-02	9.649263e-03	1.132125e-02	8.954621e-04	-9.265100e-05	-5.812843e-03	-2.999072e-03	-2.813770e-03
693           	4.218045e-02	2.205229e-02	2.012816e-02	4.203592e-02	3.246906e-02	9.566866e-03	1.145110e-02	9.620638e-04	-4.617995e-04	-6.694703e-03	-3.809151e-03	-2.885552e-03
694           	4.239497e-02	2.220361e-02	2.019136e-02	4.200094e-02	3.255636e-02	9.444577e-03	1.155589e-02	1.006124e-03	-7.289854e-04	-7.289930e-03	-4.373950e-03	-2.915980e-03
695           	4.231938e-02	2.216893e-02	2.015045e-02	4.223301e-02	3.285994e-02	9.373071e-03	1.174344e-02	1.009240e-03	-8.029582e-04	-7.329032e-03	-4.467474e-03	-2.861558e-03
696           	4.214182e-02	2.202266e-02	2.011916e-02	4.234580e-02	3.303672e-02	9.309081e-03	1.186382e-02	9.517492e-04	-7.050124e-04	-6.644414e-03	-4.027220e-03	-2.617195e-03
697           	4.171444e-02	2.174873e-02	1.996571e-02	4.255479e-02	3.320625e-02	9.348543e-03	1.192885e-02	8.915101e-04	-5.464899e-04	-5.821200e-03	-3.457090e-03	-2.364110e-03
698           	4.112995e-02	2.133330e-02	1.979666e-02	4.259657e-02	3.318198e-02	9.414590e-03	1.188370e-02	7.683208e-04	-1.530946e-04	-4.365744e-03	-2.335967e-03	-2.029777e-03
699           	4.037523e-02	2.074479e-02	1.963044e-02	4.269308e-02	3.317740e-02	9.515684e-03	1.183086e-02	5.571725e-04	4.935431e-04	-2.243041e-03	-6.279772e-04	-1.615063e-03
700           	3.991859e-02	2.034305e-02	1.957554e-02	4.252249e-02	3.287193e-02	9.650555e-03	1.161069e-02	3.837517e-04	1.039579e-03	-7.221999e-04	6.784791e-04	-1.400679e-03
701           	3.957246e-02	1.996003e-02	1.961243e-02	4.249997e-02	3.268902e-02	9.810950e-03	1.143903e-02	1.738028e-04	1.663841e-03	8.548032e-04	2.091243e-03	-1.236440e-03
702           	3.968905e-02	1.985787e-02	1.983118e-02	4.233451e-02	3.234939e-02	9.985120e-03	1.118214e-02	1.334334e-05	2.134150e-03	1.752245e-03	3.010273e-03	-1.258027e-03
703           	4.008818e-02	2.001578e-02	2.007240e-02	4.236959e-02	3.219787e-02	1.017172e-02	1.101308e-02	-2.830651e-05	2.363483e-03	1.675143e-03	3.201055e-03	-1.525912e-03
704           	4.070976e-02	2.035914e-02	2.035062e-02	4.224019e-02	3.196040e-02	1.027979e-02	1.084030e-02	4.262399e-06	2.249542e-03	9.223067e-04	2.710695e-03	-1.788389e-03
705           	4.131586e-02	2.079058e-02	2.052528e-02	4.227636e-02	3.189348e-02	1.038288e-02	1.075530e-02	1.326515e-04	1.713736e-03	-6.358475e-04	1.395812e-03	-2.031659e-03
706           	4.182778e-02	2.115353e-02	2.067425e-02	4.226373e-02	3.185940e-02	1.040434e-02	1.072753e-02	2.396414e-04	9.963271e-04	-2.008898e-03	-8.121751e-06	-2.000776e-03
707           	4.209750e-02	2.138605e-02	2.071144e-02	4.244181e-02	3.204212e-02	1.039968e-02	1.082122e-02	3.373033e-04	2.199741e-04	-3.297566e-03	-1.428809e-03	-1.868757e-03
708           	4.216417e-02	2.150001e-02	2.066416e-02	4.260920e-02	3.226748e-02	1.034171e-02	1.096288e-02	4.179203e-04	-3.477742e-04	-4.343877e-03	-2.519713e-03	-1.824164e-03
709           	4.227233e-02	2.164047e-02	2.063185e-02	4.280219e-02	3.254392e-02	1.025826e-02	1.114283e-02	5.043120e-04	-8.535448e-04	-5.321142e-03	-3.514116e-03	-1.807026e-03
710           	4.213062e-02	2.163733e-02	2.049329e-02	4.292171e-02	3.278633e-02	1.013538e-02	1.132548e-02	5.720245e-04	-1.025979e-03	-5.764758e-03	-3.908358e-03	-1.856399e-03
711           	4.189926e-02	2.156912e-02	2.033014e-02	4.309812e-02	3.308738e-02	1.001074e-02	1.153832e-02	6.194891e-04	-1.090209e-03	-5.650603e-03	-3.915510e-03	-1.735092e-03
712           	4.155433e-02	2.139822e-02	2.015611e-02	4.301522e-02	3.318996e-02	9.825264e-03	1.168235e-02	6.210537e-04	-9.079971e-04	-4.681261e-03	-3.248627e-03	-1.432633e-03
713           	4.109223e-02	2.118894e-02	1.990330e-02	4.285611e-02	3.317236e-02	9.683754e-03	1.174430e-02	6.428209e-04	-7.053266e-04	-3.732833e-03	-2.571743e-03	-1.161090e-03
714           	4.043282e-02	2.080140e-02	1.963142e-02	4.250334e-02	3.300643e-02	9.496914e-03	1.175476e-02	5.849901e-04	-2.514962e-04	-2.006779e-03	-1.254886e-03	-7.518932e-04
715           	3.988243e-02	2.048021e-02	1.940222e-02	4.219678e-02	3.279751e-02	9.399278e-03	1.169911e-02	5.389949e-04	4.188350e-05	-7.978675e-04	-3.570503e-04	-4.408173e-04
716           	3.943661e-02	2.014846e-02	1.928815e-02	4.177061e-02	3.248903e-02	9.281583e-03	1.160372e-02	4.301537e-04	3.645098e-04	5.404653e-04	6.347425e-04	-9.427718e-05
717           	3.936712e-02	2.001116e-02	1.935596e-02	4.159767e-02	3.236557e-02	9.232094e-03	1.156674e-02	3.276019e-04	5.589100e-04	1.337178e-03	1.227499e-03	1.096788e-04
718           	3.974841e-02	2.014915e-02	1.959926e-02	4.140117e-02	3.222678e-02	9.174385e-03	1.152620e-02	2.749445e-04	5.645742e-04	1.380254e-03	1.254701e-03	1.255530e-04
719           	4.038842e-02	2.051229e-02	1.987614e-02	4.142745e-02	3.229589e-02	9.131561e-03	1.158217e-02	3.180746e-04	3.734443e-04	5.255987e-04	6.362436e-04	-1.106449e-04
720           	4.119525e-02	2.102532e-02	2.016993e-02	4.137776e-02	3.230973e-02	9.068034e-03	1.162085e-02	4.276975e-04	-4.041539e-06	-9.747376e-04	-4.914103e-04	-4.833273e-04
721           	4.188348e-02	2.152619e-02	2.035728e-02	4.148450e-02	3.242877e-02	9.055735e-03	1.168652e-02	5.844550e-04	-5.434737e-04	-2.837941e-03	-1.962444e-03	-8.754968e-04
722           	4.228520e-02	2.179578e-02	2.048943e-02	4.154864e-02	3.250806e-02	9.040581e-03	1.173374e-02	6.531747e-04	-1.015789e-03	-3.963402e-03	-2.997490e-03	-9.659118e-04
723           	4.248805e-02	2.197284e-02	2.051521e-02	4.176023e-02	3.267398e-02	9.086258e-03	1.179386e-02	7.288178e-04	-1.516761e-03	-5.086213e-03	-4.059868e-03	-1.026345e-03
724           	4.242446e-02	2.194126e-02	2.048320e-02	4.198918e-02	3.287636e-02	9.112820e-03	1.188177e-02	7.290293e-04	-1.733457e-03	-5.532881e-03	-4.499898e-03	-1.032984e-03
725           	4.231034e-02	2.185026e-02	2.046008e-02	4.231536e-02	3.317826e-02	9.137107e-03	1.202057e-02	6.950926e-04	-1.772639e-03	-5.575648e-03	-4.560463e-03	-1.015185e-03
726           	4.210714e-02	2.169862e-02	2.040852e-02	4.251850e-02	3.339789e-02	9.120613e-03	1.213864e-02	6.450510e-04	-1.620502e-03	-5.124870e-03	-4.182937e-03	-9.419325e-04
727           	4.175631e-02	2.144291e-02	2.031340e-02	4.277404e-02	3.367300e-02	9.101037e-03	1.228598e-02	5.647581e-04	-1.329514e-03	-4.179945e-03	-3.419486e-03	-7.604584e-04
728           	4.127045e-02	2.112141e-02	2.014903e-02	4.279598e-02	3.373648e-02	9.059494e-03	1.233849e-02	4.861908e-04	-9.097079e-04	-2.917802e-03	-2.368609e-03	-5.491932e-04
729           	4.063155e-02	2.071586e-02	1.991569e-02	4.281956e-02	3.377304e-02	9.046512e-03	1.236327e-02	4.000836e-04	-4.212562e-04	-1.545942e-03	-1.194227e-03	-3.517149e-04
730           	4.001952e-02	2.032350e-02	1.969602e-02	4.261959e-02	3.356751e-02	9.052076e-03	1.225772e-02	3.137365e-04	1.427702e-04	-1.845560e-04	5.049221e-05	-2.350483e-04
731           	3.955824e-02	1.998893e-02	1.956931e-02	4.251316e-02	3.338880e-02	9.124362e-03	1.213222e-02	2.098095e-04	7.386419e-04	1.030709e-03	1.253997e-03	-2.232873e-04
732           	3.942141e-02	1.982867e-02	1.959275e-02	4.233749e-02	3.308597e-02	9.251523e-03	1.191722e-02	1.179578e-04	1.304857e-03	1.889411e-03	2.249562e-03	-3.601516e-04
733           	3.963773e-02	1.987169e-02	1.976605e-02	4.231280e-02	3.288599e-02	9.426815e-03	1.172959e-02	5.282108e-05	1.728239e-03	2.201385e-03	2.828931e-03	-6.275462e-04
734           	4.011032e-02	2.010705e-02	2.000327e-02	4.220451e-02	3.260884e-02	9.595677e-03	1.150658e-02	5.189241e-05	1.946772e-03	1.867283e-03	2.880414e-03	-1.013131e-03
735           	4.063027e-02	2.046296e-02	2.016731e-02	4.227383e-02	3.246210e-02	9.811737e-03	1.132518e-02	1.478257e-04	1.873718e-03	5.185258e-04	2.132981e-03	-1.614455e-03
736           	4.117806e-02	2.083041e-02	2.034765e-02	4.220034e-02	3.224114e-02	9.959197e-03	1.114097e-02	2.413760e-04	1.531712e-03	-8.027580e-04	1.130333e-03	-1.933091e-03
737           	4.156526e-02	2.114568e-02	2.041958e-02	4.226996e-02	3.214864e-02	1.012131e-02	1.101367e-02	3.630481e-04	9.754779e-04	-2.417330e-03	-2.331870e-04	-2.184143e-03
738           	4.167856e-02	2.128104e-02	2.039752e-02	4.228873e-02	3.210140e-02	1.018732e-02	1.095704e-02	4.417575e-04	5.290205e-04	-3.499938e-03	-1.220949e-03	-2.278990e-03
739           	4.176621e-02	2.138838e-02	2.037783e-02	4.243755e-02	3.221818e-02	1.021937e-02	1.099941e-02	5.052736e-04	1.339059e-04	-4.418879e-03	-2.075533e-03	-2.343345e-03
740           	4.170614e-02	2.139174e-02	2.031440e-02	4.255899e-02	3.239679e-02	1.016220e-02	1.111730e-02	5.386715e-04	3.230843e-05	-4.796249e-03	-2.365816e-03	-2.430433e-03
741           	4.171816e-02	2.140790e-02	2.031026e-02	4.282284e-02	3.276826e-02	1.005458e-02	1.135684e-02	5.488219e-04	1.227526e-04	-4.725608e-03	-2.240051e-03	-2.485556e-03
742           	4.170112e-02	2.139022e-02	2.031090e-02	4.288955e-02	3.303127e-02	9.858276e-03	1.158650e-02	5.396603e-04	3.628699e-04	-4.129396e-03	-1.701828e-03	-2.427568e-03
743           	4.149970e-02	2.124770e-02	2.025200e-02	4.305536e-02	3.342023e-02	9.635127e-03	1.189255e-02	4.978516e-04	6.689083e-04	-3.125303e-03	-8.937433e-04	-2.231560e-03
744           	4.112060e-02	2.100817e-02	2.011243e-02	4.294374e-02	3.357364e-02	9.370102e-03	1.210177e-02	4.478698e-04	9.984730e-04	-1.904369e-03	4.628832e-05	-1.950658e-03
745           	4.053645e-02	2.062611e-02	1.991033e-02	4.290427e-02	3.378151e-02	9.122757e-03	1.232938e-02	3.578892e-04	1.291038e-03	-5.974329e-04	9.923212e-04	-1.589754e-03
746           	3.995049e-02	2.022614e-02	1.972435e-02	4.263249e-02	3.373093e-02	8.901553e-03	1.241469e-02	2.508982e-04	1.545155e-03	6.433994e-04	1.866855e-03	-1.223455e-03
747           	3.950112e-02	1.986849e-02	1.963263e-02	4.252353e-02	3.375010e-02	8.773431e-03	1.248833e-02	1.179317e-04	1.739179e-03	1.639490e-03	2.558924e-03	-9.194336e-04
748           	3.934021e-02	1.968580e-02	1.965441e-02	4.228354e-02	3.356035e-02	8.723188e-03	1.241858e-02	1.569509e-05	1.879654e-03	2.213963e-03	2.986635e-03	-7.726720e-04
749           	3.938112e-02	1.965959e-02	1.972153e-02	4.226813e-02	3.350085e-02	8.767284e-03	1.236678e-02	-3.096964e-05	1.947592e-03	2.180354e-03	3.037769e-03	-8.574149e-04
750           	3.971674e-02	1.984818e-02	1.986857e-02	4.209925e-02	3.325897e-02	8.840272e-03	1.220935e-02	-1.019436e-05	1.914116e-03	1.494734e-03	2.661483e-03	-1.166749e-03
751           	4.011525e-02	2.013724e-02	1.997801e-02	4.203568e-02	3.311621e-02	8.919475e-03	1.209837e-02	7.961792e-05	1.737113e-03	3.030888e-04	1.888658e-03	-1.585569e-03
752           	4.049782e-02	2.042388e-02	2.007394e-02	4.186538e-02	3.288736e-02	8.978024e-03	1.195467e-02	1.749679e-04	1.371873e-03	-1.059772e-03	8.419867e-04	-1.901759e-03
753           	4.074407e-02	2.059991e-02	2.014416e-02	4.183913e-02	3.281928e-02	9.019854e-03	1.189971e-02	2.278765e-04	9.303012e-04	-2.056392e-03	-9.789469e-05	-1.958497e-03
754           	4.095077e-02	2.078152e-02	2.016925e-02	4.172305e-02	3.267619e-02	9.046862e-03	1.181466e-02	3.061345e-04	4.495704e-04	-3.307629e-03	-1.204244e-03	-2.103385e-03
755           	4.097046e-02	2.079761e-02	2.017285e-02	4.188693e-02	3.281871e-02	9.068225e-03	1.187524e-02	3.123794e-04	1.957317e-04	-3.909316e-03	-1.758927e-03	-2.150390e-03
756           	4.106884e-02	2.085515e-02	2.021370e-02	4.195425e-02	3.290542e-02	9.048835e-03	1.192829e-02	3.207252e-04	8.539536e-05	-4.296601e-03	-2.062905e-03	-2.233696e-03
757           	4.114145e-02	2.091043e-02	2.023102e-02	4.210572e-02	3.310403e-02	9.001692e-03	1.205117e-02	3.397058e-04	1.050004e-04	-4.324442e-03	-2.057220e-03	-2.267221e-03
758           	4.115418e-02	2.095602e-02	2.019815e-02	4.214747e-02	3.323095e-02	8.916516e-03	1.215722e-02	3.789350e-04	1.650001e-04	-4.029582e-03	-1.849791e-03	-2.179791e-03
759           	4.102169e-02	2.095001e-02	2.007168e-02	4.221935e-02	3.338649e-02	8.832857e-03	1.227682e-02	4.391646e-04	2.420924e-04	-3.510391e-03	-1.513103e-03	-1.997288e-03
760           	4.071027e-02	2.085309e-02	1.985718e-02	4.215494e-02	3.342696e-02	8.727985e-03	1.234949e-02	4.979511e-04	3.627565e-04	-2.688475e-03	-9.814809e-04	-1.706994e-03
761           	4.036427e-02	2.074100e-02	1.962326e-02	4.208910e-02	3.341419e-02	8.674907e-03	1.236964e-02	5.588706e-04	4.981406e-04	-2.033093e-03	-5.184059e-04	-1.514687e-03
762           	3.994437e-02	2.054297e-02	1.940140e-02	4.199648e-02	3.336025e-02	8.636225e-03	1.236201e-02	5.707868e-04	7.374464e-04	-9.850463e-04	2.449232e-04	-1.229970e-03
763           	3.986155e-02	2.050164e-02	1.935991e-02	4.202687e-02	3.334030e-02	8.686574e-03	1.232686e-02	5.708674e-04	9.362828e-04	-3.364132e-04	7.680762e-04	-1.104489e-03
764           	3.994490e-02	2.053033e-02	1.941457e-02	4.206803e-02	3.328192e-02	8.786106e-03	1.224791e-02	5.578831e-04	1.147508e-03	1.557908e-04	1.225403e-03	-1.069612e-03
765           	4.032931e-02	2.075478e-02	1.957452e-02	4.219917e-02	3.328738e-02	8.911787e-03	1.218780e-02	5.901303e-04	1.169169e-03	-7.196912e-05	1.133184e-03	-1.205153e-03
766           	4.081886e-02	2.108012e-02	1.973874e-02	4.225044e-02	3.320409e-02	9.046344e-03	1.207887e-02	6.706937e-04	1.024377e-03	-9.555069e-04	5.466238e-04	-1.502131e-03
767           	4.126028e-02	2.140911e-02	1.985117e-02	4.239227e-02	3.320091e-02	9.191367e-03	1.200477e-02	7.789720e-04	6.794829e-04	-2.290973e-03	-4.660039e-04	-1.824970e-03
768           	4.158108e-02	2.166633e-02	1.991475e-02	4.239774e-02	3.308099e-02	9.316747e-03	1.188212e-02	8.757896e-04	2.118873e-04	-3.760547e-03	-1.668386e-03	-2.092161e-03
769           	4.177196e-02	2.188442e-02	1.988754e-02	4.250314e-02	3.304170e-02	9.461430e-03	1.179014e-02	9.984386e-04	-2.721812e-04	-5.497724e-03	-3.021043e-03	-2.476681e-03
770           	4.175426e-02	2.191111e-02	1.984315e-02	4.256345e-02	3.302395e-02	9.539495e-03	1.174223e-02	1.033982e-03	-5.559729e-04	-6.558902e-03	-3.835424e-03	-2.723478e-03
771           	4.182356e-02	2.198241e-02	1.984114e-02	4.273210e-02	3.312403e-02	9.608066e-03	1.175798e-02	1.070633e-03	-7.555397e-04	-7.582464e-03	-4.546772e-03	-3.035692e-03
772           	4.178920e-02	2.197182e-02	1.981739e-02	4.282290e-02	3.319966e-02	9.623234e-03	1.178821e-02	1.077215e-03	-7.690596e-04	-8.003911e-03	-4.771015e-03	-3.232896e-03
773           	4.172951e-02	2.193267e-02	1.979684e-02	4.304832e-02	3.342551e-02	9.622814e-03	1.190135e-02	1.067911e-03	-7.171386e-04	-7.996095e-03	-4.715186e-03	-3.280909e-03
774           	4.156167e-02	2.182440e-02	1.973727e-02	4.304751e-02	3.347704e-02	9.570470e-03	1.195328e-02	1.043566e-03	-6.308796e-04	-7.556117e-03	-4.408938e-03	-3.147179e-03
775           	4.115389e-02	2.158337e-02	1.957052e-02	4.317867e-02	3.366925e-02	9.509418e-03	1.207992e-02	1.006429e-03	-5.026038e-04	-6.766291e-03	-3.885749e-03	-2.880542e-03
776           	4.063266e-02	2.125584e-02	1.937682e-02	4.304887e-02	3.362886e-02	9.420018e-03	1.210442e-02	9.395073e-04	-3.186928e-04	-5.632881e-03	-3.135133e-03	-2.497748e-03
777           	3.999700e-02	2.082938e-02	1.916762e-02	4.306354e-02	3.369235e-02	9.371189e-03	1.216058e-02	8.308815e-04	-4.779692e-05	-4.199304e-03	-2.147449e-03	-2.051855e-03
778           	3.951561e-02	2.043045e-02	1.908516e-02	4.288966e-02	3.350453e-02	9.385126e-03	1.205970e-02	6.726477e-04	3.153957e-04	-2.577937e-03	-9.735726e-04	-1.604364e-03
779           	3.918540e-02	2.011340e-02	1.907200e-02	4.297896e-02	3.345372e-02	9.525243e-03	1.196424e-02	5.206976e-04	7.400098e-04	-1.122050e-03	1.789846e-04	-1.301035e-03
780           	3.915265e-02	1.997046e-02	1.918219e-02	4.294837e-02	3.321392e-02	9.734453e-03	1.173973e-02	3.941352e-04	1.109196e-03	-9.872076e-05	1.059836e-03	-1.158556e-03
781           	3.918515e-02	1.994796e-02	1.923718e-02	4.319596e-02	3.317200e-02	1.002396e-02	1.157402e-02	3.553902e-04	1.363061e-03	3.049017e-04	1.515512e-03	-1.210610e-03
782           	3.926737e-02	1.998191e-02	1.928546e-02	4.333082e-02	3.300440e-02	1.032643e-02	1.133898e-02	3.482232e-04	1.362370e-03	2.119416e-04	1.468341e-03	-1.256399e-03
783           	3.923378e-02	1.999159e-02	1.924219e-02	4.364603e-02	3.299844e-02	1.064759e-02	1.117542e-02	3.747035e-04	1.100221e-03	-2.042026e-04	9.981193e-04	-1.202322e-03
784           	3.920518e-02	1.998715e-02	1.921803e-02	4.388590e-02	3.296400e-02	1.092190e-02	1.102105e-02	3.845577e-04	6.424231e-04	-7.915774e-04	2.466344e-04	-1.038212e-03
785           	3.918054e-02	1.999621e-02	1.918433e-02	4.427019e-02	3.312140e-02	1.114879e-02	1.098631e-02	4.059369e-04	7.091381e-05	-1.671413e-03	-7.647929e-04	-9.066206e-04
786           	3.928926e-02	2.005155e-02	1.923771e-02	4.458387e-02	3.333308e-02	1.125079e-02	1.104115e-02	4.069176e-04	-2.794220e-04	-2.376091e-03	-1.467468e-03	-9.086235e-04
787           	3.957210e-02	2.022398e-02	1.934812e-02	4.494413e-02	3.369017e-02	1.125396e-02	1.121810e-02	4.379328e-04	-4.953721e-04	-3.123459e-03	-2.057101e-03	-1.066357e-03
788           	4.001072e-02	2.052681e-02	1.948390e-02	4.507996e-02	3.395814e-02	1.112182e-02	1.141816e-02	5.214552e-04	-6.353537e-04	-3.809792e-03	-2.540250e-03	-1.269543e-03
789           	4.043371e-02	2.085204e-02	1.958167e-02	4.516795e-02	3.426336e-02	1.090459e-02	1.167938e-02	6.351809e-04	-7.301507e-04	-4.268283e-03	-2.864292e-03	-1.403991e-03
790           	4.078799e-02	2.117703e-02	1.961096e-02	4.490862e-02	3.428205e-02	1.062657e-02	1.182774e-02	7.830311e-04	-7.553417e-04	-4.457989e-03	-2.984336e-03	-1.473653e-03
791           	4.094569e-02	2.138674e-02	1.955895e-02	4.462811e-02	3.433783e-02	1.029028e-02	1.202377e-02	9.138990e-04	-7.089603e-04	-4.242769e-03	-2.830345e-03	-1.412424e-03
792           	4.101161e-02	2.152336e-02	1.948825e-02	4.405677e-02	3.404586e-02	1.001092e-02	1.201747e-02	1.017553e-03	-6.191360e-04	-3.813948e-03	-2.526110e-03	-1.287838e-03
793           	4.089697e-02	2.146546e-02	1.943151e-02	4.362155e-02	3.383618e-02	9.785371e-03	1.202540e-02	1.016971e-03	-3.420093e-04	-2.690419e-03	-1.687219e-03	-1.003200e-03
794           	4.101116e-02	2.149950e-02	1.951166e-02	4.315523e-02	3.345230e-02	9.702931e-03	1.187468e-02	9.939190e-04	-1.372522e-04	-1.797129e-03	-1.035817e-03	-7.613122e-04
795           	4.110710e-02	2.145806e-02	1.964904e-02	4.300227e-02	3.326683e-02	9.735443e-03	1.176569e-02	9.045111e-04	1.819582e-04	-7.016175e-04	-1.688505e-04	-5.327670e-04
796           	4.151530e-02	2.162603e-02	1.988927e-02	4.284908e-02	3.301782e-02	9.831263e-03	1.159328e-02	8.683846e-04	2.575561e-04	-4.197664e-04	4.767289e-05	-4.674393e-04
797           	4.182902e-02	2.177088e-02	2.005815e-02	4.294045e-02	3.293606e-02	1.000439e-02	1.146583e-02	8.563651e-04	3.196730e-04	-5.728888e-04	3.322860e-05	-6.061174e-04
798           	4.215412e-02	2.193032e-02	2.022381e-02	4.296026e-02	3.279321e-02	1.016705e-02	1.131308e-02	8.532541e-04	1.392881e-04	-1.119690e-03	-4.205571e-04	-6.991334e-04
799           	4.228281e-02	2.199380e-02	2.028901e-02	4.312188e-02	3.275665e-02	1.036523e-02	1.119571e-02	8.523909e-04	-1.835666e-04	-1.948922e-03	-1.158028e-03	-7.908945e-04
800           	4.234374e-02	2.203777e-02	2.030597e-02	4.321214e-02	3.267981e-02	1.053233e-02	1.107374e-02	8.659022e-04	-6.269300e-04	-3.055770e-03	-2.154815e-03	-9.009547e-04
801           	4.222081e-02	2.194028e-02	2.028053e-02	4.347458e-02	3.286727e-02	1.060731e-02	1.112998e-02	8.298784e-04	-9.205271e-04	-3.752209e-03	-2.796632e-03	-9.555776e-04
802           	4.236932e-02	2.199800e-02	2.037132e-02	4.360270e-02	3.300680e-02	1.059589e-02	1.120545e-02	8.133397e-04	-1.226077e-03	-4.597646e-03	-3.524900e-03	-1.072746e-03
803           	4.254736e-02	2.208819e-02	2.045917e-02	4.381910e-02	3.333682e-02	1.048227e-02	1.142727e-02	8.145122e-04	-1.422298e-03	-5.258529e-03	-4.051563e-03	-1.206966e-03
804           	4.274765e-02	2.221619e-02	2.053146e-02	4.384425e-02	3.357288e-02	1.027138e-02	1.165075e-02	8.423663e-04	-1.532325e-03	-5.613648e-03	-4.339149e-03	-1.274498e-03
805           	4.271677e-02	2.221831e-02	2.049846e-02	4.391628e-02	3.388769e-02	1.002859e-02	1.192955e-02	8.599297e-04	-1.546922e-03	-5.541025e-03	-4.317434e-03	-1.223591e-03
806           	4.242072e-02	2.208972e-02	2.033100e-02	4.372858e-02	3.397066e-02	9.757924e-03	1.210637e-02	8.793586e-04	-1.417426e-03	-5.017812e-03	-3.926331e-03	-1.091480e-03
807           	4.181201e-02	2.175199e-02	2.006002e-02	4.353226e-02	3.405763e-02	9.474630e-03	1.229150e-02	8.459888e-04	-1.111347e-03	-3.941662e-03	-3.082178e-03	-8.594841e-04
808           	4.122154e-02	2.142615e-02	1.979539e-02	4.308063e-02	3.383069e-02	9.249940e-03	1.229037e-02	8.153779e-04	-7.315120e-04	-2.919502e-03	-2.191263e-03	-7.282391e-04
809           	4.053552e-02	2.099600e-02	1.953951e-02	4.271509e-02	3.367027e-02	9.044820e-03	1.231273e-02	7.282461e-04	-1.617874e-04	-1.610226e-03	-9.669003e-04	-6.433255e-04
810           	4.013729e-02	2.071774e-02	1.941954e-02	4.220968e-02	3.331257e-02	8.897111e-03	1.220773e-02	6.491009e-04	3.754135e-04	-6.142888e-04	6.826915e-05	-6.825579e-04
811           	3.988524e-02	2.052627e-02	1.935896e-02	4.192499e-02	3.309546e-02	8.829531e-03	1.213297e-02	5.836557e-04	8.067209e-04	-1.604106e-04	7.265156e-04	-8.869262e-04
812           	3.996141e-02	2.055197e-02	1.940944e-02	4.158557e-02	3.273984e-02	8.845730e-03	1.194706e-02	5.712653e-04	9.467228e-04	-3.611165e-04	7.661646e-04	-1.127281e-03
813           	3.991233e-02	2.054670e-02	1.936562e-02	4.154584e-02	3.255996e-02	8.985878e-03	1.178704e-02	5.905419e-04	8.668547e-04	-1.282294e-03	2.257078e-04	-1.508002e-03
814           	3.994112e-02	2.056163e-02	1.937950e-02	4.151249e-02	3.235893e-02	9.153564e-03	1.160268e-02	5.910665e-04	5.149088e-04	-2.264054e-03	-6.171182e-04	-1.646936e-03
815           	4.002035e-02	2.064508e-02	1.937527e-02	4.171698e-02	3.238934e-02	9.327647e-03	1.153084e-02	6.349059e-04	-5.130390e-05	-3.861901e-03	-1.982255e-03	-1.879647e-03
816           	4.017470e-02	2.074061e-02	1.943409e-02	4.190140e-02	3.252842e-02	9.372985e-03	1.157772e-02	6.532612e-04	-4.887210e-04	-5.125384e-03	-3.051413e-03	-2.073971e-03
817           	4.061588e-02	2.100565e-02	1.961023e-02	4.218765e-02	3.288690e-02	9.300751e-03	1.179307e-02	6.977067e-04	-9.135490e-04	-6.682768e-03	-4.254933e-03	-2.427835e-03
818           	4.108151e-02	2.127110e-02	1.981040e-02	4.236048e-02	3.324655e-02	9.113925e-03	1.206631e-02	7.303488e-04	-9.721450e-04	-7.586107e-03	-4.765199e-03	-2.820909e-03
819           	4.162052e-02	2.156403e-02	2.005649e-02	4.262984e-02	3.378049e-02	8.849343e-03	1.246558e-02	7.537697e-04	-9.067760e-04	-8.208859e-03	-5.011205e-03	-3.197653e-03
820           	4.189146e-02	2.173069e-02	2.016077e-02	4.261466e-02	3.405039e-02	8.564270e-03	1.274306e-02	7.849616e-04	-7.025492e-04	-8.246491e-03	-4.825795e-03	-3.420696e-03
821           	4.188222e-02	2.170200e-02	2.018022e-02	4.269045e-02	3.440699e-02	8.283460e-03	1.306176e-02	7.608886e-04	-3.656832e-04	-7.632999e-03	-4.182183e-03	-3.450816e-03
822           	4.161388e-02	2.154379e-02	2.007009e-02	4.244152e-02	3.440053e-02	8.040992e-03	1.317977e-02	7.368470e-04	-1.545397e-05	-6.671721e-03	-3.351314e-03	-3.320407e-03
823           	4.116380e-02	2.126628e-02	1.989752e-02	4.228140e-02	3.437875e-02	7.902655e-03	1.323805e-02	6.843791e-04	3.445794e-04	-5.524653e-03	-2.417747e-03	-3.106906e-03
824           	4.061159e-02	2.084915e-02	1.976244e-02	4.201658e-02	3.418175e-02	7.834833e-03	1.317346e-02	5.433578e-04	9.277514e-04	-3.641559e-03	-8.930281e-04	-2.748531e-03
825           	4.036126e-02	2.061633e-02	1.974494e-02	4.193012e-02	3.401005e-02	7.920067e-03	1.304499e-02	4.356954e-04	1.368632e-03	-2.301202e-03	2.180309e-04	-2.519233e-03
826           	4.023131e-02	2.038588e-02	1.984543e-02	4.185854e-02	3.372294e-02	8.135607e-03	1.279366e-02	2.702236e-04	1.919561e-03	-7.753065e-04	1.531908e-03	-2.307214e-03
827           	4.047433e-02	2.041093e-02	2.006341e-02	4.200672e-02	3.354180e-02	8.464917e-03	1.253844e-02	1.737618e-04	2.192855e-03	-1.722641e-04	2.106723e-03	-2.278987e-03
828           	4.083773e-02	2.053182e-02	2.030591e-02	4.214341e-02	3.326357e-02	8.879841e-03	1.219186e-02	1.129548e-04	2.360280e-03	-2.300737e-04	2.245243e-03	-2.475317e-03
829           	4.125507e-02	2.069294e-02	2.056213e-02	4.237016e-02	3.310559e-02	9.264575e-03	1.192051e-02	6.540318e-05	2.290548e-03	-6.589462e-04	1.961075e-03	-2.620021e-03
830           	4.164427e-02	2.085216e-02	2.079212e-02	4.245765e-02	3.289139e-02	9.566260e-03	1.166256e-02	3.002108e-05	2.003329e-03	-1.467897e-03	1.269380e-03	-2.737278e-03
831           	4.193268e-02	2.098118e-02	2.095150e-02	4.257514e-02	3.283196e-02	9.743183e-03	1.154439e-02	1.483730e-05	1.640068e-03	-2.510992e-03	3.845718e-04	-2.895564e-03
832           	4.210215e-02	2.100653e-02	2.109562e-02	4.263996e-02	3.287874e-02	9.761221e-03	1.155876e-02	-4.454233e-05	1.423010e-03	-3.142120e-03	-1.480497e-04	-2.994071e-03
833           	4.241226e-02	2.111354e-02	2.129872e-02	4.268868e-02	3.300049e-02	9.688187e-03	1.165615e-02	-9.259130e-05	1.247726e-03	-3.891634e-03	-6.980912e-04	-3.193543e-03
834           	4.246859e-02	2.107365e-02	2.139493e-02	4.272095e-02	3.315811e-02	9.562837e-03	1.179764e-02	-1.606417e-04	1.339101e-03	-3.986170e-03	-6.539837e-04	-3.332186e-03
835           	4.246069e-02	2.099319e-02	2.146750e-02	4.283116e-02	3.341055e-02	9.420611e-03	1.199497e-02	-2.371510e-04	1.556992e-03	-3.648810e-03	-2.674128e-04	-3.381397e-03
836           	4.227536e-02	2.084319e-02	2.143217e-02	4.276147e-02	3.351333e-02	9.248138e-03	1.213259e-02	-2.944903e-04	1.876670e-03	-2.913938e-03	4.197010e-04	-3.333639e-03
837           	4.186946e-02	2.060079e-02	2.126866e-02	4.273290e-02	3.362477e-02	9.108130e-03	1.225832e-02	-3.339351e-04	2.290418e-03	-1.886441e-03	1.347198e-03	-3.233638e-03
838           	4.134148e-02	2.030417e-02	2.103732e-02	4.253830e-02	3.353149e-02	9.006802e-03	1.226235e-02	-3.665733e-04	2.756684e-03	-6.481896e-04	2.432589e-03	-3.080779e-03
839           	4.082561e-02	2.000440e-02	2.082120e-02	4.243664e-02	3.343634e-02	9.000301e-03	1.221802e-02	-4.083985e-04	3.225803e-03	6.615579e-04	3.556582e-03	-2.895024e-03
840           	4.047970e-02	1.978347e-02	2.069623e-02	4.225626e-02	3.316783e-02	9.088431e-03	1.203970e-02	-4.563773e-04	3.652870e-03	1.926893e-03	4.616316e-03	-2.689424e-03
841           	4.034442e-02	1.967494e-02	2.066948e-02	4.227835e-02	3.298677e-02	9.291580e-03	1.184760e-02	-4.972674e-04	3.951889e-03	2.872238e-03	5.388008e-03	-2.515770e-03
842           	4.046247e-02	1.973647e-02	2.072600e-02	4.226175e-02	3.271590e-02	9.545848e-03	1.158503e-02	-4.947627e-04	4.014847e-03	3.248373e-03	5.639033e-03	-2.390660e-03
843           	4.086978e-02	2.002141e-02	2.084837e-02	4.234514e-02	3.256592e-02	9.779227e-03	1.139335e-02	-4.134824e-04	3.783470e-03	2.759706e-03	5.163323e-03	-2.403617e-03
844           	4.140019e-02	2.044365e-02	2.095654e-02	4.227566e-02	3.232709e-02	9.948569e-03	1.118926e-02	-2.564422e-04	3.102474e-03	1.406668e-03	3.805808e-03	-2.399139e-03
845           	4.189679e-02	2.084225e-02	2.105454e-02	4.228885e-02	3.229600e-02	9.992851e-03	1.115158e-02	-1.061462e-04	2.297820e-03	2.475101e-05	2.310196e-03	-2.285445e-03
846           	4.249982e-02	2.134096e-02	2.115886e-02	4.213706e-02	3.221130e-02	9.925760e-03	1.114277e-02	9.104867e-05	1.241274e-03	-1.801019e-03	3.407647e-04	-2.141784e-03
847           	4.281244e-02	2.160202e-02	2.121042e-02	4.221699e-02	3.243518e-02	9.781807e-03	1.132669e-02	1.958008e-04	6.151765e-04	-2.897706e-03	-8.336763e-04	-2.064029e-03
848           	4.329669e-02	2.193521e-02	2.136148e-02	4.220465e-02	3.260644e-02	9.598207e-03	1.150412e-02	2.868634e-04	1.009515e-04	-3.880439e-03	-1.839268e-03	-2.041171e-03
849           	4.376178e-02	2.222302e-02	2.153876e-02	4.234215e-02	3.295870e-02	9.383447e-03	1.178763e-02	3.421338e-04	-1.657690e-04	-4.437457e-03	-2.384498e-03	-2.052960e-03
850           	4.394894e-02	2.234143e-02	2.160751e-02	4.240313e-02	3.320901e-02	9.194128e-03	1.200744e-02	3.669606e-04	-1.626267e-04	-4.480513e-03	-2.402883e-03	-2.077630e-03
851           	4.390447e-02	2.227005e-02	2.163442e-02	4.267421e-02	3.361797e-02	9.056239e-03	1.228087e-02	3.178182e-04	8.478232e-05	-3.748598e-03	-1.789517e-03	-1.959082e-03
852           	4.349987e-02	2.200757e-02	2.149230e-02	4.266780e-02	3.369255e-02	8.975247e-03	1.235865e-02	2.576390e-04	4.772767e-04	-2.674001e-03	-8.597239e-04	-1.814277e-03
853           	4.279567e-02	2.158678e-02	2.120889e-02	4.272093e-02	3.375774e-02	8.963189e-03	1.239728e-02	1.889451e-04	8.837747e-04	-1.538330e-03	1.146100e-04	-1.652940e-03
854           	4.193391e-02	2.104454e-02	2.088937e-02	4.254720e-02	3.357789e-02	8.969307e-03	1.230429e-02	7.758783e-05	1.328505e-03	-1.195383e-04	1.268736e-03	-1.388274e-03
855           	4.122947e-02	2.061190e-02	2.061756e-02	4.245101e-02	3.342934e-02	9.021670e-03	1.220383e-02	-2.828404e-06	1.588296e-03	8.241943e-04	2.000393e-03	-1.176199e-03
856           	4.080559e-02	2.032881e-02	2.047679e-02	4.221310e-02	3.311831e-02	9.094789e-03	1.201176e-02	-7.398973e-05	1.743426e-03	1.547345e-03	2.517099e-03	-9.697532e-04
857           	4.073388e-02	2.026180e-02	2.047208e-02	4.219798e-02	3.298591e-02	9.212075e-03	1.188692e-02	-1.051403e-04	1.732314e-03	1.765695e-03	2.615162e-03	-8.494670e-04
858           	4.098676e-02	2.043661e-02	2.055015e-02	4.210638e-02	3.277249e-02	9.333890e-03	1.171930e-02	-5.677332e-05	1.475148e-03	1.248798e-03	2.099547e-03	-8.507496e-04
859           	4.148975e-02	2.077966e-02	2.071010e-02	4.206016e-02	3.266308e-02	9.397075e-03	1.163300e-02	3.478106e-05	1.103109e-03	4.086627e-04	1.307440e-03	-8.987772e-04
860           	4.198616e-02	2.118111e-02	2.080505e-02	4.188571e-02	3.244866e-02	9.437048e-03	1.150581e-02	1.880323e-04	4.110063e-04	-9.765222e-04	-7.725478e-05	-8.992674e-04
861           	4.231471e-02	2.145828e-02	2.085644e-02	4.181957e-02	3.238825e-02	9.431323e-03	1.147846e-02	3.009199e-04	-2.548182e-04	-2.025222e-03	-1.267429e-03	-7.577928e-04
862           	4.251579e-02	2.163464e-02	2.088115e-02	4.179846e-02	3.238850e-02	9.409967e-03	1.148926e-02	3.767457e-04	-8.000726e-04	-2.852593e-03	-2.226369e-03	-6.262239e-04
863           	4.262538e-02	2.172274e-02	2.090263e-02	4.199883e-02	3.258507e-02	9.413764e-03	1.158565e-02	4.100535e-04	-1.149615e-03	-3.472722e-03	-2.885976e-03	-5.867458e-04
864           	4.268947e-02	2.175726e-02	2.093221e-02	4.225588e-02	3.281897e-02	9.436913e-03	1.169103e-02	4.125216e-04	-1.229124e-03	-3.740673e-03	-3.099461e-03	-6.412127e-04
865           	4.262351e-02	2.170840e-02	2.091511e-02	4.267215e-02	3.316591e-02	9.506243e-03	1.182983e-02	3.966475e-04	-1.104213e-03	-3.622054e-03	-2.915240e-03	-7.068141e-04
866           	4.247173e-02	2.158806e-02	2.088368e-02	4.293148e-02	3.337023e-02	9.561246e-03	1.190449e-02	3.521891e-04	-8.174247e-04	-3.016643e-03	-2.325746e-03	-6.908966e-04
867           	4.205169e-02	2.131449e-02	2.073720e-02	4.315357e-02	3.355865e-02	9.594927e-03	1.198186e-02	2.886437e-04	-4.103030e-04	-2.064435e-03	-1.442520e-03	-6.219143e-04
868           	4.133795e-02	2.085708e-02	2.048086e-02	4.309344e-02	3.352056e-02	9.572875e-03	1.197384e-02	1.881092e-04	1.353631e-04	-6.669346e-04	-1.981041e-04	-4.688304e-04
869           	4.056145e-02	2.039215e-02	2.016930e-02	4.296300e-02	3.335235e-02	9.610648e-03	1.187085e-02	1.114226e-04	5.423571e-04	3.180780e-04	7.013961e-04	-3.833181e-04
870           	3.967602e-02	1.981238e-02	1.986364e-02	4.266843e-02	3.301669e-02	9.651741e-03	1.168247e-02	-2.562752e-05	9.785450e-04	1.571752e-03	1.764421e-03	-1.926688e-04
871           	3.926399e-02	1.949595e-02	1.976804e-02	4.251495e-02	3.273586e-02	9.779088e-03	1.147839e-02	-1.360470e-04	1.311720e-03	2.263677e-03	2.443559e-03	-1.798811e-04
872           	3.904138e-02	1.928445e-02	1.975692e-02	4.228662e-02	3.240239e-02	9.884226e-03	1.125908e-02	-2.362355e-04	1.506933e-03	2.612932e-03	2.813399e-03	-2.004672e-04
873           	3.938244e-02	1.943542e-02	1.994702e-02	4.224226e-02	3.225960e-02	9.982665e-03	1.113847e-02	-2.557981e-04	1.555451e-03	2.337231e-03	2.724067e-03	-3.868351e-04
874           	3.992039e-02	1.978182e-02	2.013857e-02	4.209327e-02	3.206569e-02	1.002758e-02	1.101905e-02	-1.783721e-04	1.367113e-03	1.272122e-03	2.003174e-03	-7.310518e-04
875           	4.057900e-02	2.022540e-02	2.035360e-02	4.207249e-02	3.203229e-02	1.004020e-02	1.099605e-02	-6.409783e-05	9.985968e-04	5.030840e-05	1.023751e-03	-9.734426e-04
876           	4.111659e-02	2.059484e-02	2.052176e-02	4.197706e-02	3.197144e-02	1.000562e-02	1.098291e-02	3.654092e-05	5.253718e-04	-9.685446e-04	4.109949e-05	-1.009644e-03
877           	4.156626e-02	2.096759e-02	2.059867e-02	4.203931e-02	3.204575e-02	9.993562e-03	1.102609e-02	1.844620e-04	-5.295999e-05	-2.282527e-03	-1.194223e-03	-1.088303e-03
878           	4.176029e-02	2.113152e-02	2.062877e-02	4.217882e-02	3.221398e-02	9.964842e-03	1.112457e-02	2.513749e-04	-4.144904e-04	-2.987838e-03	-1.908409e-03	-1.079429e-03
879           	4.199117e-02	2.129849e-02	2.069268e-02	4.245761e-02	3.251118e-02	9.946434e-03	1.128237e-02	3.029061e-04	-6.955995e-04	-3.595495e-03	-2.493347e-03	-1.102148e-03
880           	4.199147e-02	2.132195e-02	2.066951e-02	4.270634e-02	3.276587e-02	9.940468e-03	1.141270e-02	3.262202e-04	-7.634717e-04	-3.788419e-03	-2.657681e-03	-1.130738e-03
881           	4.190766e-02	2.127614e-02	2.063151e-02	4.310953e-02	3.316346e-02	9.946067e-03	1.160870e-02	3.223163e-04	-7.394266e-04	-3.611105e-03	-2.544979e-03	-1.066126e-03
882           	4.161377e-02	2.109805e-02	2.051572e-02	4.328434e-02	3.338707e-02	9.897272e-03	1.174490e-02	2.911629e-04	-5.418656e-04	-2.923141e-03	-2.003436e-03	-9.197049e-04
883           	4.110685e-02	2.084183e-02	2.026502e-02	4.345214e-02	3.356106e-02	9.891084e-03	1.183499e-02	2.884011e-04	-3.640279e-04	-2.385012e-03	-1.556534e-03	-8.284781e-04
884           	4.049318e-02	2.050376e-02	1.998941e-02	4.337247e-02	3.348601e-02	9.886464e-03	1.179977e-02	2.571752e-04	-9.078885e-05	-1.624518e-03	-9.030481e-04	-7.214704e-04
885           	3.996426e-02	2.019620e-02	1.976807e-02	4.337881e-02	3.342290e-02	9.955910e-03	1.173350e-02	2.140667e-04	1.456695e-04	-1.033046e-03	-3.708537e-04	-6.621927e-04
886           	3.967450e-02	1.999297e-02	1.968153e-02	4.324535e-02	3.316809e-02	1.007726e-02	1.154542e-02	1.557184e-04	4.006728e-04	-5.147573e-04	1.432941e-04	-6.580514e-04
887           	3.977740e-02	1.999817e-02	1.977923e-02	4.327434e-02	3.300302e-02	1.027132e-02	1.136585e-02	1.094685e-04	5.371603e-04	-3.764753e-04	3.489227e-04	-7.253980e-04
888           	4.020326e-02	2.020057e-02	2.000270e-02	4.321113e-02	3.274069e-02	1.047043e-02	1.113513e-02	9.893592e-05	5.609390e-04	-6.471114e-04	2.373834e-04	-8.844947e-04
889           	4.085838e-02	2.056853e-02	2.028985e-02	4.322875e-02	3.261268e-02	1.061607e-02	1.099830e-02	1.393440e-04	4.327901e-04	-1.317554e-03	-2.259870e-04	-1.091567e-03
890           	4.152734e-02	2.101724e-02	2.051010e-02	4.310201e-02	3.240649e-02	1.069552e-02	1.085549e-02	2.535693e-04	7.772879e-05	-2.559320e-03	-1.201931e-03	-1.357389e-03
891           	4.198075e-02	2.132839e-02	2.065236e-02	4.306155e-02	3.239302e-02	1.066853e-02	1.086224e-02	3.380145e-04	-3.644810e-04	-3.526297e-03	-2.127629e-03	-1.398667e-03
892           	4.237824e-02	2.167159e-02	2.070665e-02	4.288514e-02	3.232328e-02	1.056186e-02	1.088071e-02	4.824715e-04	-1.022461e-03	-4.996516e-03	-3.520719e-03	-1.475798e-03
893           	4.251553e-02	2.180433e-02	2.071120e-02	4.294925e-02	3.255666e-02	1.039259e-02	1.108204e-02	5.465640e-04	-1.432245e-03	-5.851456e-03	-4.357973e-03	-1.493483e-03
894           	4.261633e-02	2.187671e-02	2.073962e-02	4.303277e-02	3.285071e-02	1.018206e-02	1.133432e-02	5.685430e-04	-1.628203e-03	-6.349305e-03	-4.802856e-03	-1.546449e-03
895           	4.267832e-02	2.191176e-02	2.076656e-02	4.327033e-02	3.330637e-02	9.963958e-03	1.167121e-02	5.725976e-04	-1.611726e-03	-6.537227e-03	-4.880340e-03	-1.656887e-03
896           	4.268986e-02	2.191416e-02	2.077570e-02	4.339419e-02	3.366487e-02	9.729320e-03	1.196778e-02	5.692263e-04	-1.460924e-03	-6.385684e-03	-4.653766e-03	-1.731918e-03
897           	4.251916e-02	2.182169e-02	2.069747e-02	4.355283e-02	3.403435e-02	9.518473e-03	1.225794e-02	5.621105e-04	-1.248156e-03	-5.936070e-03	-4.216191e-03	-1.719879e-03
898           	4.217671e-02	2.165094e-02	2.052577e-02	4.346228e-02	3.415871e-02	9.303562e-03	1.242758e-02	5.625826e-04	-9.803759e-04	-5.274250e-03	-3.617501e-03	-1.656749e-03
899           	4.157776e-02	2.134307e-02	2.023470e-02	4.335081e-02	3.421623e-02	9.134572e-03	1.254083e-02	5.541867e-04	-6.557960e-04	-4.477170e-03	-2.894381e-03	-1.582789e-03
900           	4.095834e-02	2.101078e-02	1.994756e-02	4.302338e-02	3.400673e-02	9.016650e-03	1.249504e-02	5.316105e-04	-3.200523e-04	-3.679031e-03	-2.159568e-03	-1.519463e-03
901           	4.026940e-02	2.060158e-02	1.966782e-02	4.285541e-02	3.385887e-02	8.996543e-03	1.243116e-02	4.668813e-04	1.396452e-04	-2.682919e-03	-1.201814e-03	-1.481105e-03
902           	4.006309e-02	2.044477e-02	1.961832e-02	4.258105e-02	3.350252e-02	9.078529e-03	1.221199e-02	4.132271e-04	4.780128e-04	-2.086144e-03	-5.650593e-04	-1.521085e-03
903           	3.995545e-02	2.032780e-02	1.962765e-02	4.255964e-02	3.329782e-02	9.261821e-03	1.201800e-02	3.500727e-04	8.071894e-04	-1.665154e-03	-2.538754e-05	-1.639766e-03
904           	4.039198e-02	2.054446e-02	1.984752e-02	4.245703e-02	3.302234e-02	9.434682e-03	1.179383e-02	3.484690e-04	8.910221e-04	-1.835010e-03	-2.648265e-05	-1.808527e-03
905           	4.091760e-02	2.089597e-02	2.002162e-02	4.252220e-02	3.287403e-02	9.648163e-03	1.161293e-02	4.371739e-04	8.022730e-04	-2.746664e-03	-5.710591e-04	-2.175605e-03
906           	4.157476e-02	2.132597e-02	2.024879e-02	4.243341e-02	3.269372e-02	9.739687e-03	1.147702e-02	5.385909e-04	4.902681e-04	-3.742203e-03	-1.380833e-03	-2.361369e-03
907           	4.219263e-02	2.181043e-02	2.038220e-02	4.242063e-02	3.259060e-02	9.830026e-03	1.138029e-02	7.141149e-04	-6.491721e-05	-5.351467e-03	-2.740651e-03	-2.610816e-03
908           	4.255106e-02	2.211494e-02	2.043612e-02	4.233361e-02	3.252512e-02	9.808493e-03	1.135831e-02	8.394125e-04	-5.405287e-04	-6.504748e-03	-3.792903e-03	-2.711845e-03
909           	4.270557e-02	2.227059e-02	2.043499e-02	4.242959e-02	3.267575e-02	9.753839e-03	1.146095e-02	9.177987e-04	-8.858613e-04	-7.388740e-03	-4.580231e-03	-2.808509e-03
910           	4.280098e-02	2.236040e-02	2.044057e-02	4.245053e-02	3.280310e-02	9.647433e-03	1.157783e-02	9.599150e-04	-1.045640e-03	-7.936265e-03	-5.013772e-03	-2.922493e-03
911           	4.279397e-02	2.235572e-02	2.043826e-02	4.262759e-02	3.311370e-02	9.513891e-03	1.179990e-02	9.587301e-04	-1.036251e-03	-8.076513e-03	-5.074507e-03	-3.002006e-03
912           	4.272178e-02	2.229632e-02	2.042546e-02	4.259553e-02	3.326289e-02	9.332648e-03	1.196512e-02	9.354289e-04	-8.859824e-04	-7.788444e-03	-4.780204e-03	-3.008239e-03
913           	4.241438e-02	2.207989e-02	2.033449e-02	4.264883e-02	3.350694e-02	9.141888e-03	1.218253e-02	8.727042e-04	-6.211986e-04	-7.131851e-03	-4.187124e-03	-2.944727e-03
914           	4.193310e-02	2.177296e-02	2.016014e-02	4.241129e-02	3.347264e-02	8.938647e-03	1.226700e-02	8.064101e-04	-2.128322e-04	-6.233437e-03	-3.329551e-03	-2.903886e-03
915           	4.128497e-02	2.134980e-02	1.993517e-02	4.228695e-02	3.348483e-02	8.802121e-03	1.234135e-02	7.073156e-04	2.460644e-04	-5.273685e-03	-2.390778e-03	-2.882907e-03
916           	4.061565e-02	2.086166e-02	1.975398e-02	4.196198e-02	3.325086e-02	8.711122e-03	1.226987e-02	5.538394e-04	8.813117e-04	-4.031031e-03	-1.134204e-03	-2.896827e-03
917           	4.026232e-02	2.054644e-02	1.971588e-02	4.189805e-02	3.310369e-02	8.794363e-03	1.215466e-02	4.152781e-04	1.369116e-03	-3.190801e-03	-2.262845e-04	-2.964517e-03
918           	4.003229e-02	2.026935e-02	1.976294e-02	4.177114e-02	3.279622e-02	8.974920e-03	1.191065e-02	2.532044e-04	1.887282e-03	-2.398511e-03	6.880266e-04	-3.086538e-03
919           	4.029739e-02	2.030517e-02	1.999222e-02	4.191488e-02	3.268546e-02	9.229418e-03	1.172802e-02	1.564770e-04	2.136260e-03	-2.238835e-03	1.016842e-03	-3.255677e-03
920           	4.072487e-02	2.047727e-02	2.024760e-02	4.194167e-02	3.247583e-02	9.465841e-03	1.150499e-02	1.148328e-04	2.227346e-03	-2.556341e-03	9.491761e-04	-3.505517e-03
921           	4.118302e-02	2.075545e-02	2.042757e-02	4.214033e-02	3.243870e-02	9.701630e-03	1.136854e-02	1.639427e-04	2.024663e-03	-3.560871e-03	2.442272e-04	-3.805098e-03
922           	4.161586e-02	2.100687e-02	2.060899e-02	4.218855e-02	3.237760e-02	9.810945e-03	1.128333e-02	1.989426e-04	1.673466e-03	-4.351693e-03	-5.023803e-04	-3.849313e-03
923           	4.202365e-02	2.130390e-02	2.071975e-02	4.228516e-02	3.239869e-02	9.886470e-03	1.125611e-02	2.920754e-04	1.047936e-03	-5.562088e-03	-1.733108e-03	-3.828980e-03
924           	4.218679e-02	2.140808e-02	2.077870e-02	4.243054e-02	3.253684e-02	9.893704e-03	1.132157e-02	3.146894e-04	6.955139e-04	-6.071112e-03	-2.340042e-03	-3.731070e-03
925           	4.248071e-02	2.158111e-02	2.089959e-02	4.266797e-02	3.280710e-02	9.860874e-03	1.147311e-02	3.407583e-04	3.647370e-04	-6.542094e-03	-2.906310e-03	-3.635784e-03
926           	4.271002e-02	2.171098e-02	2.099905e-02	4.293733e-02	3.313861e-02	9.798716e-03	1.166995e-02	3.559656e-04	2.988288e-04	-6.599865e-03	-3.001104e-03	-3.598761e-03
927           	4.306630e-02	2.190192e-02	2.116438e-02	4.334856e-02	3.362737e-02	9.721192e-03	1.195309e-02	3.687714e-04	3.376264e-04	-6.322166e-03	-2.823457e-03	-3.498709e-03
928           	4.321135e-02	2.200130e-02	2.121005e-02	4.358063e-02	3.392118e-02	9.659442e-03	1.213087e-02	3.956276e-04	4.331351e-04	-5.845191e-03	-2.489460e-03	-3.355731e-03
929           	4.309009e-02	2.192342e-02	2.116667e-02	4.397778e-02	3.433551e-02	9.642277e-03	1.234661e-02	3.783778e-04	6.448094e-04	-4.852309e-03	-1.781345e-03	-3.070964e-03
930           	4.268835e-02	2.170400e-02	2.098435e-02	4.398183e-02	3.432748e-02	9.654356e-03	1.233656e-02	3.598231e-04	8.710452e-04	-3.885344e-03	-1.071627e-03	-2.813717e-03
931           	4.197559e-02	2.123975e-02	2.073584e-02	4.414494e-02	3.440071e-02	9.744233e-03	1.232824e-02	2.519569e-04	1.269311e-03	-2.270647e-03	1.339877e-04	-2.404635e-03
932           	4.143543e-02	2.087769e-02	2.055775e-02	4.403236e-02	3.413290e-02	9.899460e-03	1.211672e-02	1.599697e-04	1.578425e-03	-1.115184e-03	1.020833e-03	-2.136017e-03
933           	4.087587e-02	2.045564e-02	2.042023e-02	4.413729e-02	3.397992e-02	1.015738e-02	1.191127e-02	1.770555e-05	1.965832e-03	2.702903e-04	2.100977e-03	-1.830687e-03
934           	4.088080e-02	2.039443e-02	2.048637e-02	4.411812e-02	3.367464e-02	1.044347e-02	1.161559e-02	-4.597193e-05	2.147365e-03	7.489271e-04	2.521828e-03	-1.772901e-03
935           	4.097008e-02	2.043731e-02	2.053277e-02	4.431134e-02	3.352908e-02	1.078226e-02	1.137341e-02	-4.772690e-05	2.197672e-03	6.728216e-04	2.534083e-03	-1.861261e-03
936           	4.145271e-02	2.074986e-02	2.070285e-02	4.428829e-02	3.326313e-02	1.102516e-02	1.111898e-02	2.350788e-05	2.026593e-03	-3.026293e-05	2.011461e-03	-2.041724e-03
937           	4.192076e-02	2.114316e-02	2.077760e-02	4.431178e-02	3.306819e-02	1.124358e-02	1.091230e-02	1.827773e-04	1.529274e-03	-1.454492e-03	8.020283e-04	-2.256520e-03
938           	4.238055e-02	2.152274e-02	2.085781e-02	4.416915e-02	3.283861e-02	1.133054e-02	1.075404e-02	3.324627e-04	9.114902e-04	-2.807981e-03	-4.925001e-04	-2.315481e-03
939           	4.271522e-02	2.182683e-02	2.088839e-02	4.410055e-02	3.276819e-02	1.133236e-02	1.071791e-02	4.692230e-04	3.089737e-04	-4.020574e-03	-1.701313e-03	-2.319261e-03
940           	4.296780e-02	2.204201e-02	2.092580e-02	4.401298e-02	3.275942e-02	1.125356e-02	1.075293e-02	5.581045e-04	-1.193120e-04	-4.875519e-03	-2.557071e-03	-2.318447e-03
941           	4.338741e-02	2.233144e-02	2.105597e-02	4.397894e-02	3.287361e-02	1.110533e-02	1.088414e-02	6.377329e-04	-5.148257e-04	-5.601155e-03	-3.315403e-03	-2.285752e-03
942           	4.367550e-02	2.252582e-02	2.114968e-02	4.396547e-02	3.304184e-02	1.092363e-02	1.105911e-02	6.880726e-04	-6.497397e-04	-5.860013e-03	-3.579746e-03	-2.280267e-03
943           	4.390233e-02	2.265227e-02	2.125006e-02	4.403402e-02	3.331796e-02	1.071606e-02	1.130095e-02	7.011077e-04	-6.927606e-04	-5.653659e-03	-3.519590e-03	-2.134069e-03
944           	4.381830e-02	2.258735e-02	2.123094e-02	4.394108e-02	3.342901e-02	1.051207e-02	1.145847e-02	6.782034e-04	-5.896285e-04	-4.952698e-03	-3.065977e-03	-1.886720e-03
945           	4.329630e-02	2.225043e-02	2.104587e-02	4.390845e-02	3.355726e-02	1.035119e-02	1.160304e-02	6.022829e-04	-3.213355e-04	-3.757153e-03	-2.199912e-03	-1.557241e-03
946           	4.241300e-02	2.164847e-02	2.076453e-02	4.366368e-02	3.344677e-02	1.021690e-02	1.161494e-02	4.419692e-04	1.762290e-04	-1.784566e-03	-7.160539e-04	-1.068512e-03
947           	4.146971e-02	2.104085e-02	2.042886e-02	4.349344e-02	3.329097e-02	1.020248e-02	1.154425e-02	3.059928e-04	6.233448e-04	-2.435253e-04	5.015822e-04	-7.451075e-04
948           	4.057615e-02	2.039716e-02	2.017899e-02	4.325589e-02	3.299199e-02	1.026390e-02	1.136404e-02	1.090844e-04	1.170526e-03	1.626010e-03	1.983531e-03	-3.575212e-04
949           	4.012203e-02	2.004501e-02	2.007702e-02	4.323264e-02	3.280027e-02	1.043237e-02	1.118395e-02	-1.600548e-05	1.505989e-03	2.578140e-03	2.795059e-03	-2.169186e-04
950           	4.008380e-02	1.996618e-02	2.011762e-02	4.319359e-02	3.255994e-02	1.063365e-02	1.096315e-02	-7.571748e-05	1.623222e-03	2.791378e-03	3.018912e-03	-2.275331e-04
951           	4.039307e-02	2.015933e-02	2.023374e-02	4.331478e-02	3.247349e-02	1.084128e-02	1.081610e-02	-3.720251e-05	1.483453e-03	2.113734e-03	2.540320e-03	-4.265860e-04
952           	4.089649e-02	2.052360e-02	2.037289e-02	4.330721e-02	3.230444e-02	1.100278e-02	1.065083e-02	7.535808e-05	1.068936e-03	7.752566e-04	1.456564e-03	-6.813073e-04
953           	4.129678e-02	2.083251e-02	2.046427e-02	4.336781e-02	3.229309e-02	1.107472e-02	1.060919e-02	1.841240e-04	5.895340e-04	-3.974689e-04	3.907995e-04	-7.882684e-04
954           	4.174106e-02	2.123030e-02	2.051075e-02	4.330193e-02	3.220085e-02	1.110108e-02	1.054989e-02	3.597756e-04	-1.321597e-04	-2.090531e-03	-1.177425e-03	-9.131058e-04
955           	4.193323e-02	2.142581e-02	2.050742e-02	4.345836e-02	3.239812e-02	1.106024e-02	1.066894e-02	4.591934e-04	-5.715629e-04	-3.112320e-03	-2.127723e-03	-9.845971e-04
956           	4.231485e-02	2.173009e-02	2.058477e-02	4.348153e-02	3.254082e-02	1.094071e-02	1.080006e-02	5.726617e-04	-1.008842e-03	-4.242744e-03	-3.130214e-03	-1.112530e-03
957           	4.255913e-02	2.194083e-02	2.061830e-02	4.368355e-02	3.291625e-02	1.076729e-02	1.107448e-02	6.612647e-04	-1.207736e-03	-4.953062e-03	-3.684268e-03	-1.268795e-03
958           	4.283907e-02	2.215055e-02	2.068852e-02	4.371764e-02	3.319217e-02	1.052548e-02	1.133334e-02	7.310153e-04	-1.356044e-03	-5.352808e-03	-4.032448e-03	-1.320360e-03
959           	4.278276e-02	2.216329e-02	2.061947e-02	4.384921e-02	3.351440e-02	1.033481e-02	1.158979e-02	7.719097e-04	-1.388200e-03	-5.260890e-03	-4.018645e-03	-1.242245e-03
960           	4.239243e-02	2.194207e-02	2.045036e-02	4.379198e-02	3.363294e-02	1.015904e-02	1.173695e-02	7.458570e-04	-1.209590e-03	-4.456696e-03	-3.437939e-03	-1.018758e-03
961           	4.165927e-02	2.150402e-02	2.015525e-02	4.378164e-02	3.369066e-02	1.009098e-02	1.179984e-02	6.743827e-04	-8.883478e-04	-3.247570e-03	-2.512133e-03	-7.354373e-04
962           	4.087054e-02	2.097968e-02	1.989085e-02	4.363491e-02	3.351237e-02	1.012253e-02	1.169492e-02	5.444159e-04	-4.062826e-04	-1.701061e-03	-1.256813e-03	-4.442479e-04
963           	4.018821e-02	2.048344e-02	1.970477e-02	4.364969e-02	3.338050e-02	1.026919e-02	1.155566e-02	3.893337e-04	1.411732e-04	-1.960920e-04	4.312720e-05	-2.392192e-04
964           	3.974088e-02	2.004183e-02	1.969905e-02	4.366298e-02	3.313414e-02	1.052885e-02	1.130264e-02	1.713926e-04	8.353517e-04	1.454917e-03	1.562810e-03	-1.078930e-04
965           	3.977934e-02	1.991636e-02	1.986298e-02	4.388220e-02	3.300553e-02	1.087667e-02	1.106443e-02	2.669015e-05	1.236754e-03	2.177032e-03	2.325270e-03	-1.482377e-04
966           	4.006979e-02	1.994688e-02	2.012291e-02	4.402165e-02	3.279229e-02	1.122936e-02	1.078147e-02	-8.801289e-05	1.507087e-03	2.306920e-03	2.660547e-03	-3.536273e-04
967           	4.054187e-02	2.016281e-02	2.037905e-02	4.421903e-02	3.269189e-02	1.152714e-02	1.058238e-02	-1.081198e-04	1.509451e-03	1.618319e-03	2.318611e-03	-7.002919e-04
968           	4.108613e-02	2.046148e-02	2.062465e-02	4.416567e-02	3.250666e-02	1.165900e-02	1.042383e-02	-8.158936e-05	1.241431e-03	4.454100e-04	1.464136e-03	-1.018726e-03
969           	4.150795e-02	2.077863e-02	2.072932e-02	4.408034e-02	3.244182e-02	1.163851e-02	1.040166e-02	2.465239e-05	8.131165e-04	-1.220067e-03	2.030832e-04	-1.423150e-03
970           	4.180204e-02	2.096877e-02	2.083326e-02	4.391966e-02	3.247376e-02	1.144591e-02	1.051392e-02	6.775659e-05	5.430130e-04	-2.267619e-03	-5.907967e-04	-1.676823e-03
971           	4.212806e-02	2.119338e-02	2.093467e-02	4.375591e-02	3.262483e-02	1.113109e-02	1.074687e-02	1.293546e-04	3.210901e-04	-3.396680e-03	-1.377250e-03	-2.019430e-03
972           	4.236051e-02	2.135393e-02	2.100658e-02	4.360961e-02	3.288998e-02	1.071963e-02	1.108518e-02	1.736771e-04	2.779685e-04	-4.068696e-03	-1.756380e-03	-2.312317e-03
973           	4.257122e-02	2.151585e-02	2.105537e-02	4.348399e-02	3.325067e-02	1.023332e-02	1.150868e-02	2.302365e-04	3.007823e-04	-4.519932e-03	-1.959184e-03	-2.560748e-03
974           	4.257298e-02	2.156007e-02	2.101290e-02	4.327979e-02	3.349557e-02	9.784216e-03	1.185568e-02	2.735837e-04	3.809196e-04	-4.492844e-03	-1.865502e-03	-2.627341e-03
975           	4.219373e-02	2.139166e-02	2.080207e-02	4.317522e-02	3.378678e-02	9.388440e-03	1.219917e-02	2.947967e-04	6.133065e-04	-3.907644e-03	-1.340516e-03	-2.567129e-03
976           	4.159587e-02	2.111236e-02	2.048350e-02	4.291798e-02	3.377978e-02	9.138201e-03	1.232079e-02	3.144295e-04	9.255324e-04	-3.018930e-03	-5.839328e-04	-2.434998e-03
977           	4.069241e-02	2.060821e-02	2.008420e-02	4.281748e-02	3.378564e-02	9.031848e-03	1.237689e-02	2.620028e-04	1.522922e-03	-1.370169e-03	8.378378e-04	-2.208007e-03
978           	3.998021e-02	2.020325e-02	1.977696e-02	4.263814e-02	3.354524e-02	9.092903e-03	1.222617e-02	2.131419e-04	2.087161e-03	1.640682e-04	2.169195e-03	-2.005127e-03
979           	3.939509e-02	1.982667e-02	1.956841e-02	4.269630e-02	3.338637e-02	9.309931e-03	1.203822e-02	1.291277e-04	2.743531e-03	1.814591e-03	3.650827e-03	-1.836236e-03
980           	3.931389e-02	1.974234e-02	1.957155e-02	4.273400e-02	3.312896e-02	9.605036e-03	1.176196e-02	8.539276e-05	3.156542e-03	2.790199e-03	4.551641e-03	-1.761442e-03
981           	3.950369e-02	1.984325e-02	1.966045e-02	4.294883e-02	3.300551e-02	9.943320e-03	1.153110e-02	9.140142e-05	3.389251e-03	3.070678e-03	4.924590e-03	-1.853912e-03
982           	3.999877e-02	2.015846e-02	1.984032e-02	4.306979e-02	3.282463e-02	1.024516e-02	1.128974e-02	1.590693e-04	3.400138e-03	2.560976e-03	4.680626e-03	-2.119650e-03
983           	4.055743e-02	2.054181e-02	2.001562e-02	4.320213e-02	3.275632e-02	1.044581e-02	1.115525e-02	2.630940e-04	3.162027e-03	1.590789e-03	3.957422e-03	-2.366633e-03
984           	4.114505e-02	2.098239e-02	2.016266e-02	4.315513e-02	3.262479e-02	1.053034e-02	1.104722e-02	4.098661e-04	2.617830e-03	7.100846e-05	2.653334e-03	-2.582326e-03
985           	4.164299e-02	2.137900e-02	2.026399e-02	4.314335e-02	3.265255e-02	1.049080e-02	1.108088e-02	5.575086e-04	1.967487e-03	-1.542993e-03	1.195990e-03	-2.738983e-03
986           	4.204422e-02	2.166719e-02	2.037704e-02	4.307090e-02	3.273523e-02	1.033567e-02	1.119978e-02	6.450748e-04	1.421050e-03	-2.837205e-03	2.447587e-06	-2.839653e-03
987           	4.247349e-02	2.197114e-02	2.050235e-02	4.306446e-02	3.294067e-02	1.012379e-02	1.140844e-02	7.343951e-04	9.224846e-04	-4.163590e-03	-1.159311e-03	-3.004280e-03
988           	4.273803e-02	2.214234e-02	2.059569e-02	4.302482e-02	3.314666e-02	9.878157e-03	1.163425e-02	7.733219e-04	6.825365e-04	-4.909102e-03	-1.772014e-03	-3.137088e-03
989           	4.294062e-02	2.228862e-02	2.065200e-02	4.306554e-02	3.344166e-02	9.623873e-03	1.190889e-02	8.183079e-04	5.027395e-04	-5.383024e-03	-2.188773e-03	-3.194252e-03
990           	4.299642e-02	2.235270e-02	2.064373e-02	4.293360e-02	3.356305e-02	9.370547e-03	1.209625e-02	8.544841e-04	3.788130e-04	-5.494468e-03	-2.368421e-03	-3.126047e-03
991           	4.277234e-02	2.227886e-02	2.049348e-02	4.287497e-02	3.370597e-02	9.168992e-03	1.226849e-02	8.926877e-04	3.578606e-04	-5.287721e-03	-2.286000e-03	-3.001721e-03
992           	4.231064e-02	2.205787e-02	2.025277e-02	4.262480e-02	3.360019e-02	9.024604e-03	1.228779e-02	9.025509e-04	4.645055e-04	-4.707662e-03	-1.889325e-03	-2.818337e-03
993           	4.159056e-02	2.165197e-02	1.993859e-02	4.252528e-02	3.355391e-02	8.971373e-03	1.229127e-02	8.566863e-04	7.837569e-04	-3.630491e-03	-1.031489e-03	-2.599003e-03
994           	4.105915e-02	2.133489e-02	1.972426e-02	4.226296e-02	3.323940e-02	9.023556e-03	1.210792e-02	8.053108e-04	1.045146e-03	-2.815550e-03	-3.626294e-04	-2.452921e-03
995           	4.043184e-02	2.094172e-02	1.949013e-02	4.232240e-02	3.313112e-02	9.191276e-03	1.196992e-02	7.257960e-04	1.444549e-03	-1.876467e-03	5.063153e-04	-2.382782e-03
996           	4.034725e-02	2.086202e-02	1.948523e-02	4.229654e-02	3.290367e-02	9.392875e-03	1.175540e-02	6.883909e-04	1.610333e-03	-1.690167e-03	7.652498e-04	-2.455417e-03
997           	4.038600e-02	2.091944e-02	1.946655e-02	4.251211e-02	3.288998e-02	9.622134e-03	1.163392e-02	7.264454e-04	1.658847e-03	-2.212267e-03	5.527132e-04	-2.764980e-03
998           	4.073768e-02	2.117859e-02	1.955909e-02	4.255355e-02	3.277623e-02	9.777315e-03	1.149946e-02	8.097514e-04	1.487546e-03	-3.364523e-03	-1.947154e-04	-3.169807e-03
999           	4.110947e-02	2.150257e-02	1.960690e-02	4.268185e-02	3.282966e-02	9.852194e-03	1.148873e-02	9.478354e-04	1.109461e-03	-4.906402e-03	-1.343740e-03	-3.562662e-03
1000          	4.155329e-02	2.186737e-02	1.968592e-02	4.263537e-02	3.280139e-02	9.833980e-03	1.148370e-02	1.090730e-03	5.922868e-04	-6.567516e-03	-2.691471e-03	-3.876045e-03
1001          	4.188388e-02	2.215409e-02	1.972979e-02	4.269531e-02	3.291369e-02	9.781622e-03	1.156603e-02	1.212154e-03	1.268257e-04	-8.012036e-03	-3.879192e-03	-4.132844e-03
1002          	4.216595e-02	2.236087e-02	1.980508e-02	4.274223e-02	3.303497e-02	9.707252e-03	1.166386e-02	1.277898e-03	-1.753456e-04	-8.955415e-03	-4.653053e-03	-4.302362e-03
1003          	4.233414e-02	2.247026e-02	1.986388e-02	4.293224e-02	3.329510e-02	9.637142e-03	1.182898e-02	1.303191e-03	-2.894252e-04	-9.396412e-03	-4.987631e-03	-4.408781e-03
1004          	4.244774e-02	2.253526e-02	1.991248e-02	4.305365e-02	3.350094e-02	9.552710e-03	1.197411e-02	1.311390e-03	-2.648083e-04	-9.329309e-03	-4.929463e-03	-4.399846e-03
1005          	4.235689e-02	2.247791e-02	1.987897e-02	4.325642e-02	3.376769e-02	9.488728e-03	1.213948e-02	1.299468e-03	-1.353790e-04	-8.785491e-03	-4.528125e-03	-4.257367e-03
1006          	4.203033e-02	2.230079e-02	1.972954e-02	4.330668e-02	3.385665e-02	9.450036e-03	1.220331e-02	1.285627e-03	1.228444e-04	-7.853498e-03	-3.803905e-03	-4.049594e-03
1007          	4.144262e-02	2.196955e-02	1.947307e-02	4.337793e-02	3.392710e-02	9.450829e-03	1.223813e-02	1.248238e-03	4.888018e-04	-6.650874e-03	-2.836635e-03	-3.814239e-03
1008          	4.076628e-02	2.156945e-02	1.919684e-02	4.326450e-02	3.377612e-02	9.488370e-03	1.214388e-02	1.186304e-03	9.345554e-04	-5.257392e-03	-1.694141e-03	-3.563252e-03
1009          	4.009680e-02	2.111454e-02	1.898226e-02	4.321812e-02	3.363831e-02	9.579810e-03	1.202925e-02	1.066143e-03	1.451113e-03	-3.641143e-03	-3.694581e-04	-3.271685e-03
1010          	3.972218e-02	2.078470e-02	1.893748e-02	4.309948e-02	3.335342e-02	9.746066e-03	1.180368e-02	9.236094e-04	1.893367e-03	-2.171806e-03	8.074634e-04	-2.979270e-03
1011          	3.971623e-02	2.067261e-02	1.904362e-02	4.312446e-02	3.314778e-02	9.976687e-03	1.158555e-02	8.144932e-04	2.114240e-03	-1.364659e-03	1.431910e-03	-2.796569e-03
1012          	4.011098e-02	2.081506e-02	1.929591e-02	4.309367e-02	3.288298e-02	1.021070e-02	1.133614e-02	7.595752e-04	2.091719e-03	-1.287483e-03	1.447977e-03	-2.735460e-03
1013          	4.068537e-02	2.111943e-02	1.956594e-02	4.311824e-02	3.270724e-02	1.041100e-02	1.114812e-02	7.767465e-04	1.847651e-03	-1.952860e-03	8.712208e-04	-2.824081e-03
1014          	4.133947e-02	2.150289e-02	1.983658e-02	4.299234e-02	3.246395e-02	1.052839e-02	1.096778e-02	8.331514e-04	1.333728e-03	-3.132520e-03	-2.325318e-04	-2.899988e-03
1015          	4.181021e-02	2.179367e-02	2.001654e-02	4.294110e-02	3.235641e-02	1.058469e-02	1.088586e-02	8.885648e-04	7.858000e-04	-4.315117e-03	-1.371759e-03	-2.943359e-03
1016          	4.222308e-02	2.205435e-02	2.016873e-02	4.280912e-02	3.220245e-02	1.060667e-02	1.079789e-02	9.428106e-04	2.214329e-04	-5.611076e-03	-2.584105e-03	-3.026971e-03
1017          	4.228478e-02	2.206774e-02	2.021703e-02	4.297822e-02	3.234570e-02	1.063252e-02	1.085659e-02	9.253563e-04	-8.640835e-06	-6.274597e-03	-3.145939e-03	-3.128658e-03
1018          	4.244515e-02	2.210419e-02	2.034097e-02	4.312716e-02	3.246788e-02	1.065928e-02	1.090430e-02	8.816118e-04	-9.045028e-05	-6.673690e-03	-3.427295e-03	-3.246394e-03
1019          	4.257782e-02	2.209194e-02	2.048588e-02	4.338311e-02	3.273072e-02	1.065239e-02	1.103917e-02	8.030276e-04	4.951609e-05	-6.549323e-03	-3.225146e-03	-3.324178e-03
1020          	4.246884e-02	2.194502e-02	2.052382e-02	4.359055e-02	3.295434e-02	1.063621e-02	1.115906e-02	7.105985e-04	3.010495e-04	-5.919806e-03	-2.658853e-03	-3.260952e-03
1021          	4.208472e-02	2.164536e-02	2.043936e-02	4.378655e-02	3.316739e-02	1.061917e-02	1.127411e-02	6.029997e-04	6.451934e-04	-4.873029e-03	-1.791321e-03	-3.081708e-03
1022          	4.151440e-02	2.125212e-02	2.026228e-02	4.364079e-02	3.309452e-02	1.054626e-02	1.127413e-02	4.949177e-04	9.974695e-04	-3.602279e-03	-8.036699e-04	-2.798609e-03
1023          	4.074917e-02	2.077655e-02	1.997262e-02	4.338578e-02	3.294512e-02	1.044067e-02	1.125223e-02	4.019628e-04	1.277800e-03	-2.404852e-03	7.537396e-05	-2.480226e-03
1024          	3.999214e-02	2.029303e-02	1.969912e-02	4.288924e-02	3.258834e-02	1.030090e-02	1.114372e-02	2.969528e-04	1.460217e-03	-1.205686e-03	8.573738e-04	-2.063060e-03
1025          	3.940196e-02	1.991529e-02	1.948666e-02	4.252697e-02	3.231563e-02	1.021134e-02	1.105214e-02	2.143144e-04	1.495222e-03	-3.418603e-04	1.324292e-03	-1.666152e-03
1026          	3.919821e-02	1.976055e-02	1.943766e-02	4.216939e-02	3.199741e-02	1.017198e-02	1.091271e-02	1.614443e-04	1.345181e-03	1.117135e-04	1.401037e-03	-1.289324e-03
1027          	3.940943e-02	1.988997e-02	1.951947e-02	4.210243e-02	3.189507e-02	1.020736e-02	1.084385e-02	1.852518e-04	1.091850e-03	-1.502983e-04	1.016701e-03	-1.166999e-03
1028          	3.992277e-02	2.024981e-02	1.967295e-02	4.205198e-02	3.180601e-02	1.024597e-02	1.078002e-02	2.884293e-04	6.516578e-04	-1.119711e-03	9.180240e-05	-1.211513e-03
1029          	4.053677e-02	2.066632e-02	1.987045e-02	4.213743e-02	3.186594e-02	1.027150e-02	1.079722e-02	3.979391e-04	2.526726e-04	-2.170149e-03	-8.324019e-04	-1.337747e-03
1030          	4.108125e-02	2.105387e-02	2.002738e-02	4.218091e-02	3.189561e-02	1.028530e-02	1.080515e-02	5.132442e-04	-2.828457e-04	-3.396627e-03	-1.981159e-03	-1.415468e-03
1031          	4.142025e-02	2.128733e-02	2.013292e-02	4.233010e-02	3.204232e-02	1.028778e-02	1.087727e-02	5.772079e-04	-7.728010e-04	-4.340986e-03	-2.943294e-03	-1.397692e-03
1032          	4.159642e-02	2.138766e-02	2.020876e-02	4.243833e-02	3.217516e-02	1.026317e-02	1.095599e-02	5.894498e-04	-1.110671e-03	-4.972049e-03	-3.596696e-03	-1.375353e-03
1033          	4.170628e-02	2.140136e-02	2.030492e-02	4.264542e-02	3.243821e-02	1.020721e-02	1.111550e-02	5.482185e-04	-1.270672e-03	-5.279331e-03	-3.910337e-03	-1.368994e-03
1034          	4.184494e-02	2.141355e-02	2.043139e-02	4.276390e-02	3.266470e-02	1.009920e-02	1.128275e-02	4.910786e-04	-1.235904e-03	-5.269963e-03	-3.870885e-03	-1.399077e-03
1035          	4.195989e-02	2.140938e-02	2.055051e-02	4.296886e-02	3.302430e-02	9.944568e-03	1.153986e-02	4.294358e-04	-1.102016e-03	-4.974981e-03	-3.589506e-03	-1.385475e-03
1036          	4.198234e-02	2.137923e-02	2.060311e-02	4.302023e-02	3.327699e-02	9.743238e-03	1.176688e-02	3.880632e-04	-9.328903e-04	-4.463823e-03	-3.164802e-03	-1.299021e-03
1037          	4.179915e-02	2.126029e-02	2.053886e-02	4.310334e-02	3.357734e-02	9.525997e-03	1.202567e-02	3.607177e-04	-7.750092e-04	-3.849979e-03	-2.699998e-03	-1.149980e-03
1038          	4.146333e-02	2.109307e-02	2.037025e-02	4.293716e-02	3.364525e-02	9.291904e-03	1.217667e-02	3.614111e-04	-6.205654e-04	-3.221125e-03	-2.231128e-03	-9.899971e-04
1039          	4.102633e-02	2.086550e-02	2.016082e-02	4.276169e-02	3.367799e-02	9.083697e-03	1.229715e-02	3.523399e-04	-4.745985e-04	-2.565073e-03	-1.757135e-03	-8.079378e-04
1040          	4.068714e-02	2.067755e-02	2.000959e-02	4.241421e-02	3.349350e-02	8.920706e-03	1.228640e-02	3.339824e-04	-2.853337e-04	-1.859766e-03	-1.215217e-03	-6.445493e-04
1041          	4.055253e-02	2.057445e-02	1.997809e-02	4.217242e-02	3.335334e-02	8.819080e-03	1.226713e-02	2.981792e-04	-6.136926e-05	-1.180735e-03	-6.517368e-04	-5.289983e-04
1042          	4.057750e-02	2.054785e-02	2.002966e-02	4.188167e-02	3.310529e-02	8.776381e-03	1.216446e-02	2.590956e-04	1.957126e-04	-5.628311e-04	-8.570298e-05	-4.771281e-04
1043          	4.086358e-02	2.070669e-02	2.015689e-02	4.170574e-02	3.293452e-02	8.771215e-03	1.208165e-02	2.748983e-04	3.696901e-04	-4.462438e-04	1.465682e-04	-5.928120e-04
1044          	4.122215e-02	2.094723e-02	2.027492e-02	4.139788e-02	3.264537e-02	8.752508e-03	1.194643e-02	3.361536e-04	4.442559e-04	-7.014464e-04	9.353270e-05	-7.949791e-04
1045          	4.143398e-02	2.113838e-02	2.029560e-02	4.119546e-02	3.247035e-02	8.725105e-03	1.187262e-02	4.213872e-04	3.555456e-04	-1.223188e-03	-2.560484e-04	-9.671395e-04
1046          	4.154073e-02	2.128239e-02	2.025834e-02	4.088949e-02	3.224566e-02	8.643832e-03	1.180091e-02	5.120294e-04	1.769525e-04	-1.880743e-03	-7.634191e-04	-1.117324e-03
1047          	4.147843e-02	2.131980e-02	2.015864e-02	4.085010e-02	3.232642e-02	8.523674e-03	1.190138e-02	5.805801e-04	2.252184e-05	-2.447683e-03	-1.201320e-03	-1.246363e-03
1048          	4.158209e-02	2.143931e-02	2.014278e-02	4.071793e-02	3.238313e-02	8.334799e-03	1.202417e-02	6.482639e-04	-8.927945e-05	-3.161532e-03	-1.670045e-03	-1.491486e-03
1049          	4.168662e-02	2.153279e-02	2.015384e-02	4.088951e-02	3.275316e-02	8.136345e-03	1.230841e-02	6.894762e-04	-1.709170e-05	-3.584891e-03	-1.809537e-03	-1.775354e-03
1050          	4.205263e-02	2.177079e-02	2.028183e-02	4.094335e-02	3.305693e-02	7.886416e-03	1.258526e-02	7.444795e-04	1.026628e-04	-3.974162e-03	-1.884418e-03	-2.089744e-03
1051          	4.225383e-02	2.190665e-02	2.034719e-02	4.115084e-02	3.346734e-02	7.683505e-03	1.289192e-02	7.797306e-04	3.025715e-04	-3.846044e-03	-1.620450e-03	-2.225593e-03
1052          	4.236630e-02	2.198213e-02	2.038417e-02	4.124535e-02	3.375750e-02	7.487851e-03	1.313482e-02	7.989818e-04	5.674909e-04	-3.274481e-03	-1.069750e-03	-2.204732e-03
1053          	4.218914e-02	2.191431e-02	2.027482e-02	4.134550e-02	3.396571e-02	7.379792e-03	1.329296e-02	8.197453e-04	8.720254e-04	-2.366112e-03	-3.110306e-04	-2.055081e-03
1054          	4.184587e-02	2.173584e-02	2.011004e-02	4.118998e-02	3.386069e-02	7.329287e-03	1.326570e-02	8.128992e-04	1.242223e-03	-1.119836e-03	6.823053e-04	-1.802141e-03
1055          	4.143034e-02	2.149858e-02	1.993176e-02	4.111295e-02	3.373771e-02	7.375243e-03	1.318123e-02	7.834076e-04	1.652982e-03	2.059160e-04	1.755940e-03	-1.550024e-03
1056          	4.101544e-02	2.119463e-02	1.982080e-02	4.095752e-02	3.346663e-02	7.490890e-03	1.298787e-02	6.869165e-04	2.222613e-03	1.927725e-03	3.186475e-03	-1.258750e-03
1057          	4.088265e-02	2.106506e-02	1.981759e-02	4.097858e-02	3.326995e-02	7.708631e-03	1.278066e-02	6.237388e-04	2.677561e-03	3.084782e-03	4.219952e-03	-1.135170e-03
1058          	4.084050e-02	2.095176e-02	1.988874e-02	4.091094e-02	3.292640e-02	7.984534e-03	1.247094e-02	5.315089e-04	3.176543e-03	4.101223e-03	5.227155e-03	-1.125932e-03
1059          	4.099228e-02	2.100769e-02	1.998460e-02	4.098606e-02	3.271877e-02	8.267290e-03	1.222574e-02	5.115440e-04	3.405836e-03	4.352852e-03	5.582262e-03	-1.229410e-03
1060          	4.110362e-02	2.105318e-02	2.005044e-02	4.096620e-02	3.240637e-02	8.559830e-03	1.192327e-02	5.013686e-04	3.447718e-03	4.155479e-03	5.525458e-03	-1.369979e-03
1061          	4.110823e-02	2.104949e-02	2.005874e-02	4.108877e-02	3.224148e-02	8.847289e-03	1.169710e-02	4.953772e-04	3.240237e-03	3.656840e-03	5.068657e-03	-1.411817e-03
1062          	4.115069e-02	2.109045e-02	2.006023e-02	4.114842e-02	3.204733e-02	9.101089e-03	1.147312e-02	5.151103e-04	2.868069e-03	2.615503e-03	4.175821e-03	-1.560318e-03
1063          	4.113006e-02	2.103590e-02	2.009415e-02	4.147441e-02	3.217043e-02	9.303985e-03	1.143322e-02	4.708741e-04	2.603675e-03	1.950669e-03	3.579009e-03	-1.628340e-03
1064          	4.146852e-02	2.119942e-02	2.026910e-02	4.167208e-02	3.224008e-02	9.432001e-03	1.140404e-02	4.651614e-04	2.252406e-03	7.274494e-04	2.616130e-03	-1.888681e-03
1065          	4.179587e-02	2.134506e-02	2.045081e-02	4.205723e-02	3.256050e-02	9.496730e-03	1.153189e-02	4.471251e-04	2.095215e-03	-1.005347e-04	2.044948e-03	-2.145483e-03
1066          	4.217998e-02	2.154156e-02	2.063841e-02	4.232095e-02	3.282464e-02	9.496310e-03	1.166416e-02	4.515770e-04	1.956705e-03	-7.730199e-04	1.570195e-03	-2.343215e-03
1067          	4.241228e-02	2.167949e-02	2.073279e-02	4.260147e-02	3.313773e-02	9.463737e-03	1.183700e-02	4.733457e-04	1.857058e-03	-1.231272e-03	1.241422e-03	-2.472694e-03
1068          	4.247752e-02	2.175063e-02	2.072689e-02	4.260321e-02	3.319187e-02	9.411341e-03	1.189026e-02	5.118670e-04	1.875133e-03	-1.381194e-03	1.184536e-03	-2.565730e-03
1069          	4.229972e-02	2.167978e-02	2.061993e-02	4.271092e-02	3.334882e-02	9.362103e-03	1.199336e-02	5.299243e-04	1.978874e-03	-1.206314e-03	1.375717e-03	-2.582031e-03
1070          	4.209807e-02	2.157578e-02	2.052229e-02	4.255257e-02	3.318375e-02	9.368828e-03	1.190746e-02	5.267429e-04	2.184260e-03	-7.734343e-04	1.797543e-03	-2.570977e-03
1071          	4.181461e-02	2.137654e-02	2.043807e-02	4.256726e-02	3.312193e-02	9.445329e-03	1.183830e-02	4.692324e-04	2.550253e-03	3.331880e-05	2.566912e-03	-2.533593e-03
1072          	4.178792e-02	2.130569e-02	2.048223e-02	4.249596e-02	3.290655e-02	9.589403e-03	1.165857e-02	4.117270e-04	2.850976e-03	6.898146e-04	3.195884e-03	-2.506069e-03
1073          	4.191535e-02	2.133174e-02	2.058361e-02	4.262784e-02	3.281492e-02	9.812919e-03	1.150100e-02	3.740617e-04	3.047787e-03	1.034021e-03	3.564798e-03	-2.530777e-03
1074          	4.221080e-02	2.147052e-02	2.074028e-02	4.266968e-02	3.260576e-02	1.006392e-02	1.127092e-02	3.651224e-04	3.105731e-03	9.800097e-04	3.595736e-03	-2.615726e-03
1075          	4.249769e-02	2.165391e-02	2.084379e-02	4.281969e-02	3.251306e-02	1.030663e-02	1.110322e-02	4.050614e-04	2.923075e-03	4.555291e-04	3.150839e-03	-2.695310e-03
1076          	4.268217e-02	2.178955e-02	2.089262e-02	4.287111e-02	3.230326e-02	1.056785e-02	1.086771e-02	4.484627e-04	2.511709e-03	-3.828221e-04	2.320298e-03	-2.703120e-03
1077          	4.264256e-02	2.179709e-02	2.084547e-02	4.311168e-02	3.232075e-02	1.079094e-02	1.076490e-02	4.758113e-04	2.031156e-03	-1.189593e-03	1.436360e-03	-2.625952e-03
1078          	4.266172e-02	2.184510e-02	2.081662e-02	4.328870e-02	3.227994e-02	1.100875e-02	1.063559e-02	5.142390e-04	1.460944e-03	-2.341712e-03	2.900881e-04	-2.631800e-03
1079          	4.265481e-02	2.184384e-02	2.081097e-02	4.371985e-02	3.253766e-02	1.118219e-02	1.067773e-02	5.164360e-04	1.077970e-03	-3.303909e-03	-5.739842e-04	-2.729925e-03
1080          	4.278110e-02	2.190234e-02	2.087876e-02	4.405451e-02	3.276157e-02	1.129294e-02	1.073432e-02	5.117913e-04	8.528815e-04	-4.084351e-03	-1.189294e-03	-2.895057e-03
1081          	4.284617e-02	2.192903e-02	2.091714e-02	4.445849e-02	3.310996e-02	1.134853e-02	1.088072e-02	5.059475e-04	7.891591e-04	-4.481774e-03	-1.451728e-03	-3.030046e-03
1082          	4.291493e-02	2.195084e-02	2.096408e-02	4.459579e-02	3.327579e-02	1.132000e-02	1.097789e-02	4.933798e-04	8.390855e-04	-4.475305e-03	-1.398567e-03	-3.076738e-03
1083          	4.261198e-02	2.179856e-02	2.081342e-02	4.464310e-02	3.339178e-02	1.125131e-02	1.107024e-02	4.925682e-04	9.642166e-04	-4.142260e-03	-1.106914e-03	-3.035347e-03
1084          	4.192021e-02	2.140628e-02	2.051393e-02	4.445033e-02	3.332862e-02	1.112171e-02	1.110345e-02	4.461708e-04	1.378719e-03	-3.058194e-03	-1.503778e-04	-2.907816e-03
1085          	4.103318e-02	2.092942e-02	2.010377e-02	4.424274e-02	3.319167e-02	1.105106e-02	1.107030e-02	4.128233e-04	1.753405e-03	-1.994565e-03	7.561223e-04	-2.750687e-03
1086          	3.985695e-02	2.020813e-02	1.964882e-02	4.384479e-02	3.287277e-02	1.097202e-02	1.095038e-02	2.796506e-04	2.440926e-03	-2.747679e-05	2.427188e-03	-2.454665e-03
1087          	3.907973e-02	1.975406e-02	1.932567e-02	4.363631e-02	3.265497e-02	1.098133e-02	1.083682e-02	2.141935e-04	2.856737e-03	1.192353e-03	3.452913e-03	-2.260561e-03
1088          	3.852328e-02	1.939699e-02	1.912629e-02	4.334712e-02	3.235847e-02	1.098865e-02	1.068491e-02	1.353485e-04	3.213003e-03	2.331889e-03	4.378947e-03	-2.047059e-03
1089          	3.842178e-02	1.933951e-02	1.908227e-02	4.331650e-02	3.227290e-02	1.104360e-02	1.061465e-02	1.286174e-04	3.288478e-03	2.672066e-03	4.624511e-03	-1.952444e-03
1090          	3.875130e-02	1.956923e-02	1.918207e-02	4.322553e-02	3.213486e-02	1.109067e-02	1.052209e-02	1.935825e-04	3.043855e-03	2.189509e-03	4.138610e-03	-1.949101e-03
1091          	3.926812e-02	1.994260e-02	1.932552e-02	4.326671e-02	3.212038e-02	1.114633e-02	1.048703e-02	3.085357e-04	2.473878e-03	1.062142e-03	3.004949e-03	-1.942807e-03
1092          	3.994969e-02	2.043720e-02	1.951249e-02	4.319835e-02	3.204270e-02	1.115565e-02	1.044353e-02	4.623593e-04	1.555168e-03	-5.887403e-04	1.260798e-03	-1.849538e-03
1093          	4.040286e-02	2.074144e-02	1.966142e-02	4.325800e-02	3.217311e-02	1.108489e-02	1.054411e-02	5.400107e-04	8.766126e-04	-1.708625e-03	2.230027e-05	-1.730925e-03
1094          	4.115377e-02	2.121932e-02	1.993445e-02	4.317529e-02	3.223989e-02	1.093540e-02	1.065225e-02	6.424356e-04	9.335772e-05	-3.127092e-03	-1.470188e-03	-1.656904e-03
1095          	4.161862e-02	2.148335e-02	2.013526e-02	4.335728e-02	3.257770e-02	1.077959e-02	1.089905e-02	6.740436e-04	-2.143651e-04	-3.850454e-03	-2.139592e-03	-1.710862e-03
1096          	4.223177e-02	2.181984e-02	2.041193e-02	4.346564e-02	3.285417e-02	1.061148e-02	1.112134e-02	7.039550e-04	-3.623913e-04	-4.290475e-03	-2.507629e-03	-1.782846e-03
1097          	4.260395e-02	2.199829e-02	2.060566e-02	4.369380e-02	3.323369e-02	1.046011e-02	1.138679e-02	6.963146e-04	-3.248543e-04	-4.211231e-03	-2.430470e-03	-1.780761e-03
1098          	4.268340e-02	2.201200e-02	2.067140e-02	4.376196e-02	3.343826e-02	1.032370e-02	1.155728e-02	6.703007e-04	-1.104028e-04	-3.650364e-03	-1.935585e-03	-1.714779e-03
1099          	4.228890e-02	2.172716e-02	2.056175e-02	4.387390e-02	3.364785e-02	1.022605e-02	1.171090e-02	5.827037e-04	3.230850e-04	-2.500938e-03	-9.273838e-04	-1.573554e-03
1100          	4.171580e-02	2.138469e-02	2.033111e-02	4.366748e-02	3.347385e-02	1.019363e-02	1.164011e-02	5.267899e-04	7.027522e-04	-1.576600e-03	-8.554772e-05	-1.491052e-03
1101          	4.093264e-02	2.088257e-02	2.005007e-02	4.351496e-02	3.331111e-02	1.020385e-02	1.155363e-02	4.162491e-04	1.188888e-03	-2.962870e-04	1.040744e-03	-1.337031e-03
1102          	4.033939e-02	2.048525e-02	1.985414e-02	4.322431e-02	3.294945e-02	1.027485e-02	1.133730e-02	3.155556e-04	1.573808e-03	7.620775e-04	1.954847e-03	-1.192769e-03
1103          	3.983147e-02	2.012700e-02	1.970447e-02	4.310620e-02	3.267277e-02	1.043344e-02	1.111967e-02	2.112671e-04	1.837033e-03	1.635608e-03	2.654837e-03	-1.019230e-03
1104          	3.986153e-02	2.014837e-02	1.971316e-02	4.299219e-02	3.235612e-02	1.063607e-02	1.086002e-02	2.176030e-04	1.730032e-03	1.400962e-03	2.430514e-03	-1.029551e-03
1105          	4.018901e-02	2.042035e-02	1.976866e-02	4.303921e-02	3.219836e-02	1.084085e-02	1.067875e-02	3.258473e-04	1.340297e-03	2.116980e-04	1.446146e-03	-1.234448e-03
1106          	4.074980e-02	2.087061e-02	1.987919e-02	4.295404e-02	3.199070e-02	1.096334e-02	1.051368e-02	4.957134e-04	7.062962e-04	-1.542591e-03	-6.499938e-05	-1.477592e-03
1107          	4.121737e-02	2.128002e-02	1.993735e-02	4.294781e-02	3.193217e-02	1.101564e-02	1.045827e-02	6.713380e-04	-8.327929e-05	-3.410501e-03	-1.788530e-03	-1.621971e-03
1108          	4.158970e-02	2.161229e-02	1.997740e-02	4.283283e-02	3.185085e-02	1.098198e-02	1.043444e-02	8.174445e-04	-8.084552e-04	-5.006419e-03	-3.311665e-03	-1.694754e-03
1109          	4.175326e-02	2.177109e-02	1.998217e-02	4.290384e-02	3.198817e-02	1.091567e-02	1.053625e-02	8.944603e-04	-1.307028e-03	-6.141992e-03	-4.378023e-03	-1.763968e-03
1110          	4.189939e-02	2.185758e-02	2.004181e-02	4.292307e-02	3.214084e-02	1.078223e-02	1.067931e-02	9.078828e-04	-1.525706e-03	-6.751770e-03	-4.901591e-03	-1.850179e-03
1111          	4.193212e-02	2.184113e-02	2.009099e-02	4.315861e-02	3.252623e-02	1.063237e-02	1.094693e-02	8.750686e-04	-1.506861e-03	-6.920229e-03	-4.966976e-03	-1.953253e-03
1112          	4.196982e-02	2.179061e-02	2.017921e-02	4.324672e-02	3.280739e-02	1.043933e-02	1.118403e-02	8.056967e-04	-1.285100e-03	-6.509667e-03	-4.539934e-03	-1.969733e-03
1113          	4.170263e-02	2.154774e-02	2.015489e-02	4.349624e-02	3.319794e-02	1.029830e-02	1.144982e-02	6.964273e-04	-9.514553e-04	-5.631535e-03	-3.767223e-03	-1.864312e-03
1114          	4.124623e-02	2.119975e-02	2.004648e-02	4.351674e-02	3.332902e-02	1.018772e-02	1.157065e-02	5.766335e-04	-4.826577e-04	-4.348581e-03	-2.656948e-03	-1.691633e-03
1115          	4.055037e-02	2.070740e-02	1.984297e-02	4.357456e-02	3.345111e-02	1.012345e-02	1.166383e-02	4.322129e-04	5.903456e-05	-2.827400e-03	-1.354666e-03	-1.472735e-03
1116          	3.988762e-02	2.023616e-02	1.965146e-02	4.339512e-02	3.330503e-02	1.009009e-02	1.160747e-02	2.923494e-04	5.960027e-04	-1.278243e-03	-4.311857e-05	-1.235124e-03
1117          	3.937626e-02	1.985908e-02	1.951718e-02	4.335510e-02	3.319993e-02	1.015517e-02	1.152238e-02	1.709514e-04	1.036379e-03	-9.417680e-05	9.892907e-04	-1.083468e-03
1118          	3.905909e-02	1.957706e-02	1.948203e-02	4.322427e-02	3.295501e-02	1.026927e-02	1.134287e-02	4.751286e-05	1.427915e-03	1.020777e-03	1.938303e-03	-9.175265e-04
1119          	3.919390e-02	1.960370e-02	1.959020e-02	4.327807e-02	3.281672e-02	1.046135e-02	1.117768e-02	6.749912e-06	1.641572e-03	1.335313e-03	2.309229e-03	-9.739158e-04
1120          	3.958317e-02	1.985683e-02	1.972633e-02	4.321682e-02	3.259034e-02	1.062648e-02	1.098193e-02	6.524955e-05	1.621983e-03	8.774799e-04	2.060723e-03	-1.183243e-03
1121          	4.017966e-02	2.027511e-02	1.990455e-02	4.320489e-02	3.247971e-02	1.072517e-02	1.087727e-02	1.852797e-04	1.450257e-03	6.463572e-06	1.453488e-03	-1.447025e-03
1122          	4.078952e-02	2.078330e-02	2.000622e-02	4.300251e-02	3.225058e-02	1.075193e-02	1.074933e-02	3.885397e-04	9.395586e-04	-1.489538e-03	1.947898e-04	-1.684327e-03
1123          	4.116137e-02	2.112287e-02	2.003850e-02	4.289433e-02	3.219415e-02	1.070018e-02	1.074699e-02	5.421841e-04	4.075289e-04	-2.585292e-03	-8.851169e-04	-1.700175e-03
1124          	4.148006e-02	2.146488e-02	2.001518e-02	4.267910e-02	3.209024e-02	1.058885e-02	1.075069e-02	7.248471e-04	-2.689006e-04	-3.896068e-03	-2.216935e-03	-1.679134e-03
1125          	4.162463e-02	2.164818e-02	1.997645e-02	4.268295e-02	3.223941e-02	1.044354e-02	1.089793e-02	8.358690e-04	-7.580447e-04	-4.805742e-03	-3.160916e-03	-1.644826e-03
1126          	4.177554e-02	2.180667e-02	1.996886e-02	4.265323e-02	3.238866e-02	1.026457e-02	1.106205e-02	9.189048e-04	-1.074556e-03	-5.424545e-03	-3.786828e-03	-1.637717e-03
1127          	4.184165e-02	2.187752e-02	1.996413e-02	4.281012e-02	3.272865e-02	1.008147e-02	1.132359e-02	9.566933e-04	-1.235042e-03	-5.670404e-03	-4.070245e-03	-1.600160e-03
1128          	4.178077e-02	2.185818e-02	1.992259e-02	4.282733e-02	3.293354e-02	9.893793e-03	1.151987e-02	9.677972e-04	-1.273812e-03	-5.519610e-03	-4.033617e-03	-1.485993e-03
1129          	4.143792e-02	2.166062e-02	1.977730e-02	4.298172e-02	3.324001e-02	9.741711e-03	1.174915e-02	9.416611e-04	-1.207023e-03	-5.057405e-03	-3.735726e-03	-1.321679e-03
1130          	4.092847e-02	2.137882e-02	1.954965e-02	4.287820e-02	3.327063e-02	9.607568e-03	1.183153e-02	9.145883e-04	-1.014979e-03	-4.402283e-03	-3.216121e-03	-1.186162e-03
1131          	4.029834e-02	2.099231e-02	1.930603e-02	4.288103e-02	3.333661e-02	9.544422e-03	1.189609e-02	8.431398e-04	-7.320967e-04	-3.609596e-03	-2.536895e-03	-1.072702e-03
1132          	3.989950e-02	2.071345e-02	1.918605e-02	4.269783e-02	3.311942e-02	9.578404e-03	1.177051e-02	7.637019e-04	-4.132784e-04	-2.896502e-03	-1.861529e-03	-1.034973e-03
1133          	3.958082e-02	2.042743e-02	1.915339e-02	4.277156e-02	3.305960e-02	9.711960e-03	1.167382e-02	6.370197e-04	-2.301479e-05	-2.129244e-03	-1.087637e-03	-1.041607e-03
1134          	3.967071e-02	2.035802e-02	1.931268e-02	4.275542e-02	3.281415e-02	9.941268e-03	1.143644e-02	5.226697e-04	3.165957e-04	-1.664366e-03	-5.155875e-04	-1.148779e-03
1135          	3.994589e-02	2.042096e-02	1.952492e-02	4.299164e-02	3.273951e-02	1.025213e-02	1.124369e-02	4.480200e-04	5.738798e-04	-1.717487e-03	-2.848636e-04	-1.432623e-03
1136          	4.054043e-02	2.073556e-02	1.980487e-02	4.299885e-02	3.249460e-02	1.050425e-02	1.099517e-02	4.653414e-04	6.150638e-04	-2.333562e-03	-5.517173e-04	-1.781845e-03
1137          	4.107318e-02	2.110204e-02	1.997114e-02	4.311585e-02	3.235989e-02	1.075596e-02	1.080196e-02	5.654506e-04	3.896378e-04	-3.678999e-03	-1.449862e-03	-2.229138e-03
1138          	4.148214e-02	2.139847e-02	2.008367e-02	4.305296e-02	3.216919e-02	1.088377e-02	1.064271e-02	6.573969e-04	-4.272541e-08	-4.707600e-03	-2.353842e-03	-2.353757e-03
1139          	4.180273e-02	2.170219e-02	2.010054e-02	4.309036e-02	3.211618e-02	1.097418e-02	1.057100e-02	8.008225e-04	-6.009390e-04	-6.160394e-03	-3.681136e-03	-2.479258e-03
1140          	4.188019e-02	2.182964e-02	2.005055e-02	4.312438e-02	3.213851e-02	1.098586e-02	1.057633e-02	8.895489e-04	-1.010865e-03	-7.041282e-03	-4.531506e-03	-2.509776e-03
1141          	4.197472e-02	2.194294e-02	2.003178e-02	4.326426e-02	3.230766e-02	1.095660e-02	1.067553e-02	9.555787e-04	-1.385306e-03	-7.864045e-03	-5.317328e-03	-2.546717e-03
1142          	4.192146e-02	2.195571e-02	1.996575e-02	4.333665e-02	3.245577e-02	1.088089e-02	1.078744e-02	9.949767e-04	-1.454220e-03	-8.119766e-03	-5.514103e-03	-2.605662e-03
1143          	4.176819e-02	2.184992e-02	1.991827e-02	4.352799e-02	3.276356e-02	1.076443e-02	1.099956e-02	9.658205e-04	-1.393835e-03	-7.839481e-03	-5.313576e-03	-2.525905e-03
1144          	4.142110e-02	2.162784e-02	1.979326e-02	4.345450e-02	3.285122e-02	1.060328e-02	1.112397e-02	9.172875e-04	-1.148351e-03	-7.054774e-03	-4.675738e-03	-2.379036e-03
1145          	4.081200e-02	2.120883e-02	1.960317e-02	4.342258e-02	3.299648e-02	1.042610e-02	1.128519e-02	8.028296e-04	-7.035184e-04	-5.759678e-03	-3.583357e-03	-2.176320e-03
1146          	4.012266e-02	2.076852e-02	1.935414e-02	4.309049e-02	3.282536e-02	1.026513e-02	1.128012e-02	7.071920e-04	-2.030911e-04	-4.490588e-03	-2.448385e-03	-2.042203e-03
1147          	3.931427e-02	2.017400e-02	1.914027e-02	4.288324e-02	3.275026e-02	1.013298e-02	1.130864e-02	5.168651e-04	5.353989e-04	-2.727841e-03	-8.285216e-04	-1.899319e-03
1148          	3.888684e-02	1.981414e-02	1.907269e-02	4.256106e-02	3.246619e-02	1.009487e-02	1.118566e-02	3.707257e-04	1.116915e-03	-1.485875e-03	3.739774e-04	-1.859853e-03
1149          	3.859775e-02	1.949119e-02	1.910656e-02	4.248172e-02	3.234798e-02	1.013374e-02	1.110712e-02	1.923156e-04	1.755500e-03	-2.601771e-04	1.625412e-03	-1.885589e-03
1150          	3.880450e-02	1.947632e-02	1.932818e-02	4.241303e-02	3.217301e-02	1.024002e-02	1.096650e-02	7.407092e-05	2.232902e-03	4.101695e-04	2.437987e-03	-2.027818e-03
1151          	3.930149e-02	1.970569e-02	1.959580e-02	4.253177e-02	3.214953e-02	1.038224e-02	1.088365e-02	5.494784e-05	2.507851e-03	3.315371e-04	2.673619e-03	-2.342082e-03
1152          	4.002839e-02	2.015019e-02	1.987820e-02	4.255152e-02	3.207006e-02	1.048146e-02	1.079430e-02	1.359951e-04	2.509273e-03	-4.240212e-04	2.297262e-03	-2.721283e-03
1153          	4.071138e-02	2.063264e-02	2.007874e-02	4.266003e-02	3.210811e-02	1.055193e-02	1.077809e-02	2.769512e-04	2.200396e-03	-1.641903e-03	1.379444e-03	-3.021348e-03
1154          	4.135327e-02	2.111222e-02	2.024105e-02	4.262487e-02	3.209057e-02	1.053430e-02	1.077813e-02	4.355828e-04	1.674538e-03	-2.988391e-03	1.803428e-04	-3.168734e-03
1155          	4.176494e-02	2.146079e-02	2.030415e-02	4.273327e-02	3.226008e-02	1.047319e-02	1.089344e-02	5.783234e-04	1.114362e-03	-4.270948e-03	-1.021112e-03	-3.249836e-03
1156          	4.209085e-02	2.172970e-02	2.036116e-02	4.275147e-02	3.240684e-02	1.034463e-02	1.103111e-02	6.842696e-04	6.466451e-04	-5.311650e-03	-2.009180e-03	-3.302470e-03
1157          	4.228274e-02	2.189805e-02	2.038470e-02	4.293513e-02	3.272462e-02	1.021050e-02	1.125706e-02	7.566744e-04	3.457912e-04	-6.013623e-03	-2.661020e-03	-3.352603e-03
1158          	4.239638e-02	2.200626e-02	2.039011e-02	4.301472e-02	3.294574e-02	1.006899e-02	1.143838e-02	8.080750e-04	2.106230e-04	-6.204695e-03	-2.891725e-03	-3.312971e-03
1159          	4.227292e-02	2.196220e-02	2.031072e-02	4.325921e-02	3.327241e-02	9.986800e-03	1.164281e-02	8.257376e-04	2.115889e-04	-5.853830e-03	-2.715326e-03	-3.138504e-03
1160          	4.194450e-02	2.179906e-02	2.014544e-02	4.331409e-02	3.337001e-02	9.944082e-03	1.171296e-02	8.268092e-04	3.956323e-04	-5.018490e-03	-2.113613e-03	-2.904877e-03
1161          	4.135509e-02	2.146482e-02	1.989027e-02	4.345940e-02	3.348683e-02	9.972569e-03	1.175713e-02	7.872754e-04	7.467360e-04	-3.792630e-03	-1.149579e-03	-2.643051e-03
1162          	4.064543e-02	2.100282e-02	1.964261e-02	4.337428e-02	3.333875e-02	1.003553e-02	1.165161e-02	6.801023e-04	1.325864e-03	-2.041035e-03	3.053460e-04	-2.346381e-03
1163          	4.014451e-02	2.064637e-02	1.949815e-02	4.336821e-02	3.316729e-02	1.020093e-02	1.148318e-02	5.741093e-04	1.738215e-03	-7.906234e-04	1.342903e-03	-2.133527e-03
1164          	3.977328e-02	2.030660e-02	1.946669e-02	4.329620e-02	3.286325e-02	1.043295e-02	1.121515e-02	4.199551e-04	2.201285e-03	4.965749e-04	2.449573e-03	-1.952998e-03
1165          	3.980441e-02	2.021239e-02	1.959201e-02	4.343037e-02	3.269843e-02	1.073195e-02	1.098324e-02	3.101912e-04	2.433528e-03	1.007616e-03	2.937336e-03	-1.929720e-03
1166          	4.012412e-02	2.033153e-02	1.979259e-02	4.346840e-02	3.245906e-02	1.100934e-02	1.072486e-02	2.694698e-04	2.437493e-03	7.683812e-04	2.821683e-03	-2.053302e-03
1167          	4.057857e-02	2.059398e-02	1.998459e-02	4.358254e-02	3.234720e-02	1.123534e-02	1.055593e-02	3.046967e-04	2.239094e-03	-4.455761e-05	2.216815e-03	-2.261373e-03
1168          	4.105109e-02	2.095760e-02	2.009349e-02	4.356004e-02	3.214732e-02	1.141273e-02	1.036729e-02	4.320546e-04	1.715347e-03	-1.647750e-03	8.914718e-04	-2.539222e-03
1169          	4.131731e-02	2.119410e-02	2.012321e-02	4.359905e-02	3.211304e-02	1.148601e-02	1.031352e-02	5.354446e-04	1.137783e-03	-2.920842e-03	-3.226384e-04	-2.598204e-03
1170          	4.166826e-02	2.155311e-02	2.011515e-02	4.348535e-02	3.200826e-02	1.147709e-02	1.026559e-02	7.189781e-04	3.106707e-04	-4.759444e-03	-2.069051e-03	-2.690393e-03
1171          	4.175290e-02	2.170748e-02	2.004542e-02	4.359131e-02	3.221248e-02	1.137883e-02	1.041682e-02	8.310339e-04	-2.267643e-04	-5.923592e-03	-3.188560e-03	-2.735032e-03
1172          	4.197657e-02	2.194817e-02	2.002840e-02	4.363497e-02	3.241045e-02	1.122452e-02	1.059297e-02	9.598878e-04	-7.349410e-04	-7.058090e-03	-4.263986e-03	-2.794104e-03
1173          	4.211708e-02	2.212504e-02	1.999204e-02	4.384202e-02	3.277506e-02	1.106696e-02	1.085405e-02	1.066497e-03	-1.064405e-03	-7.754615e-03	-4.941713e-03	-2.812903e-03
1174          	4.218212e-02	2.223665e-02	1.994547e-02	4.394373e-02	3.303840e-02	1.090533e-02	1.106654e-02	1.145593e-03	-1.236798e-03	-7.873001e-03	-5.173299e-03	-2.699703e-03
1175          	4.198538e-02	2.217125e-02	1.981413e-02	4.412704e-02	3.333031e-02	1.079673e-02	1.126679e-02	1.178562e-03	-1.249809e-03	-7.390217e-03	-4.944917e-03	-2.445300e-03
1176          	4.153125e-02	2.191558e-02	1.961567e-02	4.408816e-02	3.338508e-02	1.070308e-02	1.134100e-02	1.149953e-03	-1.007511e-03	-6.170546e-03	-4.092784e-03	-2.077762e-03
1177          	4.084906e-02	2.154181e-02	1.930725e-02	4.402694e-02	3.332972e-02	1.069722e-02	1.131625e-02	1.117276e-03	-7.637655e-04	-5.092105e-03	-3.309818e-03	-1.782287e-03
1178          	3.999565e-02	2.098153e-02	1.901412e-02	4.378196e-02	3.309557e-02	1.068639e-02	1.120459e-02	9.837079e-04	-2.955671e-04	-3.305660e-03	-1.948397e-03	-1.357263e-03
1179          	3.940919e-02	2.057650e-02	1.883268e-02	4.367503e-02	3.289675e-02	1.077828e-02	1.105924e-02	8.719091e-04	3.708617e-05	-2.199928e-03	-1.062878e-03	-1.137050e-03
1180          	3.898608e-02	2.020948e-02	1.877660e-02	4.349585e-02	3.262194e-02	1.087391e-02	1.087402e-02	7.164382e-04	3.695848e-04	-1.104307e-03	-1.825689e-04	-9.217385e-04
1181          	3.906743e-02	2.016884e-02	1.889859e-02	4.352889e-02	3.252221e-02	1.100668e-02	1.075776e-02	6.351281e-04	5.162306e-04	-8.706932e-04	8.088396e-05	-9.515772e-04
1182          	3.940189e-02	2.032757e-02	1.907432e-02	4.347527e-02	3.240058e-02	1.107469e-02	1.066294e-02	6.266281e-04	4.517237e-04	-1.378762e-03	-2.376574e-04	-1.141105e-03
1183          	4.000375e-02	2.068699e-02	1.931676e-02	4.348244e-02	3.240121e-02	1.108123e-02	1.065999e-02	6.851166e-04	2.098187e-04	-2.374451e-03	-9.774068e-04	-1.397044e-03
1184          	4.064745e-02	2.113548e-02	1.951197e-02	4.334986e-02	3.233352e-02	1.101635e-02	1.065858e-02	8.117526e-04	-3.376537e-04	-3.934041e-03	-2.304674e-03	-1.629367e-03
1185          	4.111018e-02	2.147264e-02	1.963755e-02	4.333591e-02	3.243053e-02	1.090539e-02	1.076257e-02	9.175458e-04	-8.818003e-04	-5.186495e-03	-3.475048e-03	-1.711447e-03
1186          	4.155073e-02	2.183373e-02	1.971700e-02	4.317990e-02	3.247142e-02	1.070848e-02	1.088147e-02	1.058368e-03	-1.517493e-03	-6.658544e-03	-4.846765e-03	-1.811779e-03
1187          	4.179031e-02	2.203025e-02	1.976006e-02	4.325410e-02	3.276135e-02	1.049274e-02	1.113430e-02	1.135092e-03	-1.904178e-03	-7.610997e-03	-5.709677e-03	-1.901320e-03
1188          	4.212652e-02	2.226510e-02	1.986142e-02	4.316446e-02	3.296303e-02	1.020143e-02	1.138080e-02	1.201843e-03	-2.182470e-03	-8.343566e-03	-6.354253e-03	-1.989313e-03
1189          	4.225912e-02	2.235497e-02	1.990415e-02	4.326496e-02	3.331672e-02	9.948241e-03	1.168424e-02	1.225407e-03	-2.236254e-03	-8.529126e-03	-6.500817e-03	-2.028309e-03
1190          	4.221427e-02	2.229926e-02	1.991501e-02	4.319352e-02	3.351505e-02	9.678470e-03	1.191829e-02	1.192122e-03	-2.069293e-03	-7.973466e-03	-6.056026e-03	-1.917440e-03
1191          	4.176300e-02	2.198908e-02	1.977393e-02	4.321758e-02	3.373578e-02	9.481794e-03	1.212700e-02	1.107577e-03	-1.734554e-03	-6.877696e-03	-5.173402e-03	-1.704293e-03
1192          	4.100750e-02	2.149913e-02	1.950838e-02	4.304604e-02	3.368399e-02	9.362048e-03	1.216097e-02	9.953757e-04	-1.197904e-03	-5.370742e-03	-3.883275e-03	-1.487468e-03
1193          	4.000445e-02	2.081080e-02	1.919365e-02	4.296990e-02	3.364742e-02	9.322472e-03	1.216248e-02	8.085778e-04	-4.833320e-04	-3.431784e-03	-2.199224e-03	-1.232560e-03
1194          	3.908764e-02	2.014865e-02	1.893899e-02	4.274598e-02	3.338099e-02	9.364991e-03	1.200800e-02	6.048276e-04	3.083948e-04	-1.431054e-03	-4.071321e-04	-1.023922e-03
1195          	3.851045e-02	1.966999e-02	1.884047e-02	4.271126e-02	3.318883e-02	9.522424e-03	1.183320e-02	4.147609e-04	1.008127e-03	1.673143e-04	1.091784e-03	-9.244698e-04
1196          	3.826558e-02	1.936623e-02	1.889936e-02	4.261443e-02	3.287978e-02	9.734657e-03	1.157256e-02	2.334350e-04	1.669650e-03	1.561179e-03	2.450239e-03	-8.890603e-04
1197          	3.831035e-02	1.926823e-02	1.904212e-02	4.276872e-02	3.275410e-02	1.001462e-02	1.136974e-02	1.130577e-04	2.121966e-03	2.267220e-03	3.255576e-03	-9.883562e-04
1198          	3.885779e-02	1.953391e-02	1.932388e-02	4.270149e-02	3.251379e-02	1.018771e-02	1.116304e-02	1.050185e-04	2.233846e-03	2.101183e-03	3.284438e-03	-1.183255e-03
1199          	3.948383e-02	1.993978e-02	1.954404e-02	4.271100e-02	3.239460e-02	1.031640e-02	1.103910e-02	1.978683e-04	1.954826e-03	1.103651e-03	2.506651e-03	-1.403000e-03
1200          	4.013132e-02	2.036759e-02	1.976373e-02	4.252447e-02	3.224458e-02	1.027988e-02	1.098235e-02	3.019298e-04	1.517156e-03	1.124838e-04	1.573398e-03	-1.460915e-03
1201          	4.078181e-02	2.085947e-02	1.992235e-02	4.242467e-02	3.224471e-02	1.017997e-02	1.103237e-02	4.685605e-04	8.435626e-04	-1.332658e-03	1.772337e-04	-1.509892e-03
1202          	4.129532e-02	2.122878e-02	2.006654e-02	4.231537e-02	3.232813e-02	9.987241e-03	1.117044e-02	5.811201e-04	3.737965e-04	-2.348317e-03	-8.003618e-04	-1.547955e-03
1203          	4.183921e-02	2.161601e-02	2.022320e-02	4.236793e-02	3.259670e-02	9.771232e-03	1.141273e-02	6.964053e-04	-4.388804e-05	-3.327350e-03	-1.707563e-03	-1.619787e-03
1204          	4.236444e-02	2.198369e-02	2.038076e-02	4.234379e-02	3.282330e-02	9.520495e-03	1.165140e-02	8.014645e-04	-3.123684e-04	-3.997159e-03	-2.310948e-03	-1.686211e-03
1205          	4.271775e-02	2.223606e-02	2.048169e-02	4.248830e-02	3.318407e-02	9.304231e-03	1.193992e-02	8.771882e-04	-4.756911e-04	-4.233112e-03	-2.592247e-03	-1.640865e-03
1206          	4.280521e-02	2.233019e-02	2.047503e-02	4.247369e-02	3.334321e-02	9.130483e-03	1.210636e-02	9.275801e-04	-5.201341e-04	-3.998257e-03	-2.519263e-03	-1.478994e-03
1207          	4.249403e-02	2.217534e-02	2.031870e-02	4.260183e-02	3.355315e-02	9.048686e-03	1.225223e-02	9.283208e-04	-4.340302e-04	-3.279877e-03	-2.073969e-03	-1.205908e-03
1208          	4.179845e-02	2.175193e-02	2.004653e-02	4.253365e-02	3.349497e-02	9.038673e-03	1.222815e-02	8.526987e-04	-1.038428e-04	-1.851492e-03	-1.029589e-03	-8.219032e-04
1209          	4.096386e-02	2.125647e-02	1.970739e-02	4.251257e-02	3.337902e-02	9.133549e-03	1.212273e-02	7.745376e-04	2.168029e-04	-6.570774e-04	-1.117358e-04	-5.453416e-04
1210          	3.999433e-02	2.061603e-02	1.937831e-02	4.237507e-02	3.309770e-02	9.277371e-03	1.191016e-02	6.188610e-04	7.765379e-04	1.018558e-03	1.285817e-03	-2.672590e-04
1211          	3.946534e-02	2.025803e-02	1.920731e-02	4.237831e-02	3.292154e-02	9.456765e-03	1.173239e-02	5.253585e-04	1.093689e-03	1.824638e-03	2.006008e-03	-1.813701e-04
1212          	3.913674e-02	2.002707e-02	1.910967e-02	4.229272e-02	3.266085e-02	9.631862e-03	1.151450e-02	4.586965e-04	1.381238e-03	2.136484e-03	2.449480e-03	-3.129966e-04
1213          	3.934944e-02	2.015469e-02	1.919475e-02	4.225074e-02	3.252430e-02	9.726444e-03	1.139893e-02	4.799677e-04	1.384702e-03	1.590220e-03	2.179812e-03	-5.895917e-04
1214          	3.978027e-02	2.050724e-02	1.927303e-02	4.203835e-02	3.229762e-02	9.740737e-03	1.127844e-02	6.171046e-04	1.142021e-03	-4.695351e-05	1.118545e-03	-1.165498e-03
1215          	4.031527e-02	2.088342e-02	1.943186e-02	4.189604e-02	3.223811e-02	9.657930e-03	1.129009e-02	7.257786e-04	7.216206e-04	-1.520828e-03	-3.879330e-05	-1.482034e-03
1216          	4.098865e-02	2.141225e-02	1.957641e-02	4.160106e-02	3.207554e-02	9.525521e-03	1.127501e-02	9.179205e-04	7.157655e-05	-3.764878e-03	-1.810863e-03	-1.954016e-03
1217          	4.140309e-02	2.170221e-02	1.970088e-02	4.162088e-02	3.218500e-02	9.435874e-03	1.137456e-02	1.000665e-03	-3.365923e-04	-5.109749e-03	-2.891467e-03	-2.218282e-03
1218          	4.182056e-02	2.197199e-02	1.984857e-02	4.164837e-02	3.226868e-02	9.379693e-03	1.144449e-02	1.061713e-03	-6.290755e-04	-6.293606e-03	-3.775879e-03	-2.517728e-03
1219          	4.205773e-02	2.210921e-02	1.994851e-02	4.192704e-02	3.254035e-02	9.386692e-03	1.157683e-02	1.080352e-03	-7.009576e-04	-6.954815e-03	-4.178365e-03	-2.776450e-03
1220          	4.218238e-02	2.218065e-02	2.000172e-02	4.218641e-02	3.278495e-02	9.401460e-03	1.169174e-02	1.089465e-03	-6.439837e-04	-7.165553e-03	-4.226760e-03	-2.938793e-03
1221          	4.207554e-02	2.212800e-02	1.994755e-02	4.254737e-02	3.311168e-02	9.435692e-03	1.183799e-02	1.090226e-03	-5.531606e-04	-6.985564e-03	-4.045943e-03	-2.939621e-03
1222          	4.174391e-02	2.196706e-02	1.977684e-02	4.274893e-02	3.330128e-02	9.447644e-03	1.192682e-02	1.095111e-03	-3.985520e-04	-6.448381e-03	-3.622742e-03	-2.825638e-03
1223          	4.113138e-02	2.163383e-02	1.949756e-02	4.296760e-02	3.351935e-02	9.448251e-03	1.203555e-02	1.068136e-03	-1.065909e-04	-5.394258e-03	-2.803720e-03	-2.590538e-03
1224          	4.050296e-02	2.129778e-02	1.920517e-02	4.291886e-02	3.348074e-02	9.438126e-03	1.202131e-02	1.046304e-03	1.855223e-04	-4.393292e-03	-2.011124e-03	-2.382168e-03
1225          	3.988957e-02	2.091882e-02	1.897075e-02	4.296651e-02	3.351508e-02	9.451429e-03	1.203182e-02	9.740381e-04	5.999935e-04	-3.131080e-03	-9.655464e-04	-2.165534e-03
1226          	3.964463e-02	2.073745e-02	1.890718e-02	4.286638e-02	3.337622e-02	9.490166e-03	1.194303e-02	9.151322e-04	8.927144e-04	-2.310140e-03	-2.623556e-04	-2.047784e-03
1227          	3.967507e-02	2.069931e-02	1.897576e-02	4.291189e-02	3.334390e-02	9.567991e-03	1.188795e-02	8.617769e-04	1.094161e-03	-1.942767e-03	1.227768e-04	-2.065544e-03
1228          	4.007704e-02	2.088777e-02	1.918927e-02	4.283216e-02	3.319906e-02	9.633099e-03	1.178298e-02	8.492498e-04	1.105063e-03	-2.229309e-03	-9.591862e-06	-2.219717e-03
1229          	4.059243e-02	2.118888e-02	1.940355e-02	4.284042e-02	3.315581e-02	9.684615e-03	1.173560e-02	8.926632e-04	9.370172e-04	-3.162563e-03	-6.442643e-04	-2.518299e-03
1230          	4.112352e-02	2.152547e-02	1.959805e-02	4.269742e-02	3.298428e-02	9.713137e-03	1.163557e-02	9.637096e-04	5.625999e-04	-4.556560e-03	-1.715680e-03	-2.840880e-03
1231          	4.144103e-02	2.172670e-02	1.971433e-02	4.266579e-02	3.297011e-02	9.695680e-03	1.163722e-02	1.006182e-03	1.392892e-04	-5.585525e-03	-2.653473e-03	-2.932052e-03
1232          	4.178520e-02	2.197327e-02	1.981193e-02	4.252356e-02	3.282970e-02	9.693866e-03	1.156791e-02	1.080667e-03	-3.160306e-04	-6.973917e-03	-3.802989e-03	-3.170928e-03
1233          	4.178789e-02	2.200234e-02	1.978554e-02	4.265690e-02	3.299244e-02	9.664459e-03	1.166399e-02	1.108400e-03	-5.583041e-04	-7.781598e-03	-4.449103e-03	-3.332495e-03
1234          	4.196815e-02	2.210810e-02	1.986005e-02	4.267674e-02	3.304765e-02	9.629086e-03	1.170928e-02	1.124026e-03	-6.370832e-04	-8.440180e-03	-4.857173e-03	-3.583007e-03
1235          	4.193989e-02	2.210626e-02	1.983363e-02	4.290177e-02	3.331228e-02	9.589497e-03	1.186139e-02	1.136312e-03	-5.651958e-04	-8.639435e-03	-4.884913e-03	-3.754522e-03
1236          	4.192407e-02	2.207357e-02	1.985050e-02	4.295992e-02	3.343146e-02	9.528459e-03	1.195150e-02	1.111537e-03	-3.150137e-04	-8.197770e-03	-4.413899e-03	-3.783871e-03
1237          	4.171234e-02	2.195118e-02	1.976116e-02	4.309950e-02	3.359943e-02	9.500076e-03	1.204968e-02	1.095008e-03	-9.800790e-06	-7.429911e-03	-3.724756e-03	-3.705155e-03
1238          	4.136724e-02	2.174771e-02	1.961953e-02	4.296762e-02	3.350837e-02	9.459249e-03	1.202456e-02	1.064093e-03	3.769162e-04	-6.375085e-03	-2.810626e-03	-3.564459e-03
1239          	4.090003e-02	2.146963e-02	1.943040e-02	4.292679e-02	3.347949e-02	9.447306e-03	1.201609e-02	1.019618e-03	8.096059e-04	-5.169611e-03	-1.775200e-03	-3.394412e-03
1240          	4.053378e-02	2.122400e-02	1.930978e-02	4.263152e-02	3.320106e-02	9.430454e-03	1.188530e-02	9.571079e-04	1.224513e-03	-4.004546e-03	-7.777598e-04	-3.226786e-03
1241          	4.031567e-02	2.101942e-02	1.929625e-02	4.254075e-02	3.307862e-02	9.462135e-03	1.180824e-02	8.615873e-04	1.665287e-03	-2.750149e-03	2.902123e-04	-3.040362e-03
1242          	4.050946e-02	2.104672e-02	1.946274e-02	4.233920e-02	3.281582e-02	9.523379e-03	1.164622e-02	7.919882e-04	1.947444e-03	-1.986349e-03	9.542699e-04	-2.940619e-03
1243          	4.086753e-02	2.118566e-02	1.968187e-02	4.239616e-02	3.278115e-02	9.615012e-03	1.158307e-02	7.518982e-04	2.101077e-03	-1.586185e-03	1.307985e-03	-2.894170e-03
1244          	4.149540e-02	2.150898e-02	1.998642e-02	4.236380e-02	3.266972e-02	9.694085e-03	1.148782e-02	7.612796e-04	2.055682e-03	-1.759009e-03	1.176178e-03	-2.935187e-03
1245          	4.210070e-02	2.186798e-02	2.023272e-02	4.249704e-02	3.272113e-02	9.775915e-03	1.147261e-02	8.176320e-04	1.793995e-03	-2.431053e-03	5.784682e-04	-3.009522e-03
1246          	4.264916e-02	2.222588e-02	2.042328e-02	4.250561e-02	3.268319e-02	9.822425e-03	1.143038e-02	9.012986e-04	1.326108e-03	-3.454777e-03	-4.012800e-04	-3.053497e-03
1247          	4.281375e-02	2.231179e-02	2.050197e-02	4.266311e-02	3.283704e-02	9.826066e-03	1.150549e-02	9.049118e-04	9.798618e-04	-4.021863e-03	-1.031070e-03	-2.990793e-03
1248          	4.308347e-02	2.246042e-02	2.062306e-02	4.267024e-02	3.289066e-02	9.779581e-03	1.155554e-02	9.186791e-04	5.499403e-04	-4.814049e-03	-1.857084e-03	-2.956965e-03
1249          	4.304723e-02	2.238495e-02	2.066228e-02	4.293658e-02	3.322115e-02	9.715423e-03	1.175287e-02	8.613332e-04	3.963673e-04	-5.142893e-03	-2.175079e-03	-2.967814e-03
1250          	4.320222e-02	2.241427e-02	2.078795e-02	4.302617e-02	3.345917e-02	9.567003e-03	1.194608e-02	8.131587e-04	3.062155e-04	-5.298973e-03	-2.343271e-03	-2.955702e-03
1251          	4.315308e-02	2.234325e-02	2.080982e-02	4.323422e-02	3.380142e-02	9.432800e-03	1.218431e-02	7.667150e-04	3.421832e-04	-5.163231e-03	-2.239432e-03	-2.923799e-03
1252          	4.308387e-02	2.228506e-02	2.079880e-02	4.326735e-02	3.399600e-02	9.271349e-03	1.236233e-02	7.431295e-04	4.199420e-04	-4.744456e-03	-1.952286e-03	-2.792170e-03
1253          	4.278189e-02	2.211431e-02	2.066759e-02	4.330887e-02	3.417898e-02	9.129889e-03	1.252455e-02	7.233591e-04	5.041310e-04	-4.139791e-03	-1.565765e-03	-2.574027e-03
1254          	4.232400e-02	2.188101e-02	2.044299e-02	4.308810e-02	3.409092e-02	8.997174e-03	1.254688e-02	7.190137e-04	6.149111e-04	-3.410972e-03	-1.090575e-03	-2.320397e-03
1255          	4.176997e-02	2.155835e-02	2.021162e-02	4.294059e-02	3.401535e-02	8.925240e-03	1.254505e-02	6.733614e-04	6.976354e-04	-2.575212e-03	-5.899704e-04	-1.985241e-03
1256          	4.133348e-02	2.127779e-02	2.005570e-02	4.263175e-02	3.372252e-02	8.909225e-03	1.240665e-02	6.110454e-04	7.850325e-04	-1.649962e-03	-3.994863e-05	-1.610014e-03
1257          	4.108411e-02	2.104571e-02	2.003840e-02	4.256176e-02	3.355626e-02	9.005505e-03	1.227538e-02	5.036567e-04	8.023242e-04	-7.368324e-04	4.339080e-04	-1.170740e-03
1258          	4.127927e-02	2.108798e-02	2.019129e-02	4.241804e-02	3.326768e-02	9.150365e-03	1.205866e-02	4.483464e-04	7.951977e-04	-3.852172e-04	6.025891e-04	-9.878063e-04
1259          	4.159046e-02	2.122548e-02	2.036498e-02	4.249011e-02	3.315076e-02	9.339355e-03	1.190570e-02	4.302532e-04	6.405948e-04	-5.387924e-04	3.711987e-04	-9.099910e-04
1260          	4.205218e-02	2.147953e-02	2.057265e-02	4.244448e-02	3.296199e-02	9.482488e-03	1.173975e-02	4.534398e-04	3.686122e-04	-1.115827e-03	-1.893010e-04	-9.265255e-04
1261          	4.238862e-02	2.168641e-02	2.070221e-02	4.252845e-02	3.289899e-02	9.629453e-03	1.163477e-02	4.921001e-04	-1.326774e-04	-2.075264e-03	-1.170310e-03	-9.049547e-04
1262          	4.253274e-02	2.176144e-02	2.077130e-02	4.258743e-02	3.288512e-02	9.702313e-03	1.159140e-02	4.950719e-04	-5.997413e-04	-2.808749e-03	-2.004116e-03	-8.046333e-04
1263          	4.269477e-02	2.186265e-02	2.083212e-02	4.271958e-02	3.294091e-02	9.778669e-03	1.158112e-02	5.152627e-04	-1.168822e-03	-3.964558e-03	-3.151101e-03	-8.134575e-04
1264          	4.276445e-02	2.188196e-02	2.088249e-02	4.284904e-02	3.308731e-02	9.761730e-03	1.166279e-02	4.997365e-04	-1.510446e-03	-4.799776e-03	-3.910334e-03	-8.894425e-04
1265          	4.287830e-02	2.190576e-02	2.097254e-02	4.316424e-02	3.344146e-02	9.722778e-03	1.185934e-02	4.666108e-04	-1.657071e-03	-5.409494e-03	-4.361818e-03	-1.047676e-03
1266          	4.308369e-02	2.198396e-02	2.109972e-02	4.334763e-02	3.372352e-02	9.624107e-03	1.204971e-02	4.421202e-04	-1.633855e-03	-5.707651e-03	-4.487680e-03	-1.219971e-03
1267          	4.316711e-02	2.200644e-02	2.116067e-02	4.360335e-02	3.407730e-02	9.526051e-03	1.227562e-02	4.228875e-04	-1.545929e-03	-5.713535e-03	-4.402697e-03	-1.310838e-03
1268          	4.306299e-02	2.191819e-02	2.114480e-02	4.363648e-02	3.425579e-02	9.380682e-03	1.243756e-02	3.866978e-04	-1.331097e-03	-5.241646e-03	-3.951920e-03	-1.289725e-03
1269          	4.263885e-02	2.168472e-02	2.095413e-02	4.363311e-02	3.434765e-02	9.285455e-03	1.253110e-02	3.652972e-04	-1.145008e-03	-4.732295e-03	-3.511156e-03	-1.221139e-03
1270          	4.181043e-02	2.118241e-02	2.062802e-02	4.341135e-02	3.422577e-02	9.185578e-03	1.252010e-02	2.771922e-04	-8.043964e-04	-3.516345e-03	-2.562569e-03	-9.537758e-04
1271          	4.103412e-02	2.073382e-02	2.030030e-02	4.323445e-02	3.404379e-02	9.190659e-03	1.242657e-02	2.167588e-04	-5.045233e-04	-2.560847e-03	-1.784947e-03	-7.759000e-04
1272          	4.008408e-02	2.013355e-02	1.995053e-02	4.292853e-02	3.370306e-02	9.225465e-03	1.223880e-02	9.151151e-05	-1.698510e-05	-1.013336e-03	-5.236533e-04	-4.896831e-04
1273          	3.965146e-02	1.987162e-02	1.977984e-02	4.280496e-02	3.346170e-02	9.343261e-03	1.205922e-02	4.588916e-05	3.204811e-04	-2.159373e-04	2.125125e-04	-4.284498e-04
1274          	3.925501e-02	1.965388e-02	1.960112e-02	4.263529e-02	3.314861e-02	9.486684e-03	1.183096e-02	2.637998e-05	7.060007e-04	3.900834e-04	9.010424e-04	-5.109590e-04
1275          	3.929454e-02	1.972723e-02	1.956730e-02	4.258405e-02	3.297764e-02	9.606407e-03	1.168562e-02	7.996547e-05	8.233969e-04	2.837780e-04	9.652858e-04	-6.815079e-04
1276          	3.932143e-02	1.984393e-02	1.947750e-02	4.243863e-02	3.270713e-02	9.731491e-03	1.148782e-02	1.832107e-04	7.425554e-04	-3.808119e-04	5.521495e-04	-9.329614e-04
1277          	3.942187e-02	1.995454e-02	1.946734e-02	4.243275e-02	3.264389e-02	9.788859e-03	1.142751e-02	2.435996e-04	5.001992e-04	-9.044314e-04	4.798352e-05	-9.524149e-04
1278          	3.962826e-02	2.018439e-02	1.944387e-02	4.230062e-02	3.248932e-02	9.811295e-03	1.133901e-02	3.702642e-04	7.120671e-05	-2.087164e-03	-9.723754e-04	-1.114789e-03
1279          	3.975567e-02	2.028172e-02	1.947395e-02	4.242291e-02	3.267575e-02	9.747166e-03	1.146429e-02	4.038850e-04	-1.358787e-04	-2.709510e-03	-1.490634e-03	-1.218876e-03
1280          	4.016603e-02	2.054430e-02	1.962173e-02	4.238620e-02	3.280169e-02	9.584512e-03	1.160859e-02	4.612811e-04	-3.342609e-04	-3.567329e-03	-2.117925e-03	-1.449403e-03
1281          	4.042929e-02	2.069802e-02	1.973127e-02	4.251087e-02	3.314718e-02	9.363690e-03	1.189175e-02	4.833742e-04	-2.655400e-04	-3.864945e-03	-2.198013e-03	-1.666933e-03
1282          	4.077749e-02	2.089514e-02	1.988236e-02	4.248448e-02	3.342077e-02	9.063709e-03	1.217853e-02	5.063886e-04	-1.023421e-04	-3.900235e-03	-2.052460e-03	-1.847776e-03
1283          	4.084821e-02	2.095356e-02	1.989465e-02	4.248324e-02	3.375444e-02	8.728806e-03	1.251281e-02	5.294528e-04	1.553465e-04	-3.586402e-03	-1.637855e-03	-1.948547e-03
1284          	4.065749e-02	2.089339e-02	1.976410e-02	4.226548e-02	3.388403e-02	8.381451e-03	1.275129e-02	5.646448e-04	5.141372e-04	-2.993013e-03	-9.823692e-04	-2.010644e-03
1285          	4.025005e-02	2.070368e-02	1.954638e-02	4.207338e-02	3.400046e-02	8.072922e-03	1.296377e-02	5.786495e-04	9.306862e-04	-2.130750e-03	-1.346889e-04	-1.996061e-03
1286          	3.983419e-02	2.046304e-02	1.937115e-02	4.172087e-02	3.386486e-02	7.856004e-03	1.300443e-02	5.459432e-04	1.453343e-03	-8.791714e-04	1.013758e-03	-1.892929e-03
1287          	3.953884e-02	2.022477e-02	1.931408e-02	4.157071e-02	3.376033e-02	7.810386e-03	1.297497e-02	4.553447e-04	2.052956e-03	6.727932e-04	2.389352e-03	-1.716559e-03
1288          	3.951992e-02	2.009978e-02	1.942015e-02	4.142827e-02	3.350042e-02	7.927853e-03	1.278628e-02	3.398150e-04	2.675338e-03	2.251864e-03	3.801270e-03	-1.549406e-03
1289          	3.974284e-02	2.011388e-02	1.962896e-02	4.153498e-02	3.335393e-02	8.181050e-03	1.258644e-02	2.424635e-04	3.197585e-03	3.474710e-03	4.934940e-03	-1.460230e-03
1290          	4.016284e-02	2.027552e-02	1.988733e-02	4.161423e-02	3.310041e-02	8.513814e-03	1.229330e-02	1.940956e-04	3.541271e-03	4.062451e-03	5.572496e-03	-1.510046e-03
1291          	4.063935e-02	2.050716e-02	2.013218e-02	4.182793e-02	3.294622e-02	8.881709e-03	1.203226e-02	1.874890e-04	3.583124e-03	3.988062e-03	5.577154e-03	-1.589093e-03
1292          	4.107172e-02	2.073354e-02	2.033818e-02	4.197095e-02	3.274227e-02	9.228686e-03	1.175679e-02	1.976782e-04	3.358114e-03	3.495150e-03	5.105689e-03	-1.610539e-03
1293          	4.150912e-02	2.101078e-02	2.049835e-02	4.217496e-02	3.264405e-02	9.530912e-03	1.155657e-02	2.562144e-04	2.862979e-03	2.346147e-03	4.036053e-03	-1.689906e-03
1294          	4.184963e-02	2.119894e-02	2.065069e-02	4.234262e-02	3.267883e-02	9.663790e-03	1.150752e-02	2.741280e-04	2.456744e-03	1.403623e-03	3.158555e-03	-1.754932e-03
1295          	4.237946e-02	2.153230e-02	2.084716e-02	4.255174e-02	3.286993e-02	9.681815e-03	1.159406e-02	3.425663e-04	1.889330e-03	-1.176197e-04	1.830520e-03	-1.948140e-03
1296          	4.282686e-02	2.181430e-02	2.101256e-02	4.276413e-02	3.318023e-02	9.583903e-03	1.179816e-02	4.008709e-04	1.606363e-03	-1.234969e-03	9.888786e-04	-2.223847e-03
1297          	4.325830e-02	2.211804e-02	2.114026e-02	4.306213e-02	3.361304e-02	9.449094e-03	1.208197e-02	4.888895e-04	1.356258e-03	-2.293370e-03	2.095724e-04	-2.502943e-03
1298          	4.346119e-02	2.229512e-02	2.116606e-02	4.320849e-02	3.391250e-02	9.295994e-03	1.230825e-02	5.645307e-04	1.244006e-03	-2.910286e-03	-2.111364e-04	-2.699149e-03
1299          	4.334440e-02	2.229929e-02	2.104511e-02	4.336856e-02	3.419794e-02	9.170617e-03	1.251366e-02	6.270939e-04	1.257551e-03	-3.161607e-03	-3.232521e-04	-2.838355e-03
1300          	4.290772e-02	2.211000e-02	2.079772e-02	4.329922e-02	3.422094e-02	9.078283e-03	1.257133e-02	6.561413e-04	1.419806e-03	-3.016067e-03	-8.822744e-05	-2.927840e-03
1301          	4.220440e-02	2.172903e-02	2.047537e-02	4.325201e-02	3.418798e-02	9.064023e-03	1.256198e-02	6.268321e-04	1.757486e-03	-2.395484e-03	5.597444e-04	-2.955228e-03
1302          	4.142488e-02	2.124103e-02	2.018384e-02	4.303952e-02	3.390430e-02	9.135213e-03	1.238454e-02	5.285943e-04	2.314411e-03	-1.256003e-03	1.686409e-03	-2.942412e-03
1303          	4.071637e-02	2.072894e-02	1.998743e-02	4.303266e-02	3.371434e-02	9.318320e-03	1.219801e-02	3.707563e-04	3.106527e-03	3.160051e-04	3.264529e-03	-2.948524e-03
1304          	4.050432e-02	2.054188e-02	1.996244e-02	4.294453e-02	3.337667e-02	9.567857e-03	1.190441e-02	2.897180e-04	3.549842e-03	1.077206e-03	4.088445e-03	-3.011238e-03
1305          	4.041985e-02	2.046013e-02	1.995971e-02	4.312858e-02	3.323547e-02	9.893110e-03	1.167118e-02	2.502104e-04	3.952098e-03	1.452618e-03	4.678407e-03	-3.225788e-03
1306          	4.066913e-02	2.061632e-02	2.005282e-02	4.317878e-02	3.300700e-02	1.017178e-02	1.141761e-02	2.817493e-04	3.902777e-03	1.067154e-03	4.436354e-03	-3.369200e-03
1307          	4.097239e-02	2.087073e-02	2.010166e-02	4.338656e-02	3.293137e-02	1.045519e-02	1.123809e-02	3.845372e-04	3.510847e-03	-2.984393e-05	3.495925e-03	-3.525769e-03
1308          	4.131533e-02	2.110329e-02	2.021204e-02	4.341604e-02	3.283214e-02	1.058390e-02	1.112412e-02	4.456260e-04	2.911104e-03	-9.409334e-04	2.440638e-03	-3.381571e-03
1309          	4.174471e-02	2.141146e-02	2.033325e-02	4.351582e-02	3.288532e-02	1.063050e-02	1.112741e-02	5.391091e-04	2.101330e-03	-2.228983e-03	9.868381e-04	-3.215821e-03
1310          	4.208468e-02	2.160833e-02	2.047635e-02	4.353923e-02	3.297326e-02	1.056597e-02	1.120365e-02	5.659867e-04	1.519578e-03	-3.037539e-03	8.083572e-07	-3.038347e-03
1311          	4.229508e-02	2.167917e-02	2.061590e-02	4.374260e-02	3.323763e-02	1.050497e-02	1.136633e-02	5.316363e-04	1.201250e-03	-3.359996e-03	-4.787480e-04	-2.881248e-03
1312          	4.238761e-02	2.167376e-02	2.071384e-02	4.381009e-02	3.338159e-02	1.042849e-02	1.147655e-02	4.799598e-04	1.094542e-03	-3.276943e-03	-5.439289e-04	-2.733014e-03
1313          	4.224920e-02	2.153619e-02	2.071301e-02	4.395520e-02	3.360168e-02	1.035353e-02	1.162408e-02	4.115861e-04	1.093033e-03	-2.848020e-03	-3.309772e-04	-2.517042e-03
1314          	4.189615e-02	2.130980e-02	2.058634e-02	4.384725e-02	3.360509e-02	1.024216e-02	1.168146e-02	3.617299e-04	1.225932e-03	-2.128554e-03	1.616551e-04	-2.290210e-03
1315          	4.127744e-02	2.094551e-02	2.033193e-02	4.375010e-02	3.363179e-02	1.011831e-02	1.175674e-02	3.067920e-04	1.485477e-03	-1.137461e-03	9.167463e-04	-2.054207e-03
1316          	4.053533e-02	2.052664e-02	2.000870e-02	4.339403e-02	3.342054e-02	9.973490e-03	1.172352e-02	2.589688e-04	1.844230e-03	-2.542269e-06	1.842959e-03	-1.845501e-03
1317          	3.983178e-02	2.011341e-02	1.971837e-02	4.311809e-02	3.326385e-02	9.854245e-03	1.170480e-02	1.975210e-04	2.180247e-03	1.099770e-03	2.730132e-03	-1.630362e-03
1318          	3.943950e-02	1.988172e-02	1.955779e-02	4.271250e-02	3.292904e-02	9.783465e-03	1.157279e-02	1.619637e-04	2.392404e-03	1.866491e-03	3.325650e-03	-1.459158e-03
1319          	3.928947e-02	1.974789e-02	1.954158e-02	4.254054e-02	3.275535e-02	9.785190e-03	1.148508e-02	1.031569e-04	2.437029e-03	2.433004e-03	3.653531e-03	-1.220527e-03
1320          	3.964513e-02	1.992929e-02	1.971583e-02	4.229003e-02	3.248236e-02	9.807667e-03	1.133735e-02	1.067300e-04	2.250472e-03	2.300999e-03	3.400972e-03	-1.099973e-03
1321          	4.013836e-02	2.024326e-02	1.989510e-02	4.227819e-02	3.239303e-02	9.885164e-03	1.125393e-02	1.740781e-04	1.742978e-03	1.477765e-03	2.481860e-03	-1.004096e-03
1322          	4.079015e-02	2.064584e-02	2.014431e-02	4.214143e-02	3.223412e-02	9.907311e-03	1.116340e-02	2.507641e-04	1.214158e-03	5.394221e-04	1.483869e-03	-9.444473e-04
1323          	4.139616e-02	2.108215e-02	2.031401e-02	4.216167e-02	3.217356e-02	9.988113e-03	1.109272e-02	3.840722e-04	3.457227e-04	-9.741594e-04	-1.413570e-04	-8.328025e-04
1324          	4.169517e-02	2.130970e-02	2.038547e-02	4.216213e-02	3.215433e-02	1.000780e-02	1.107327e-02	4.621125e-04	-2.041167e-04	-1.934794e-03	-1.171514e-03	-7.632804e-04
1325          	4.214564e-02	2.161503e-02	2.053061e-02	4.229626e-02	3.223139e-02	1.006487e-02	1.108326e-02	5.422127e-04	-7.704654e-04	-2.985206e-03	-2.263068e-03	-7.221375e-04
1326          	4.232145e-02	2.173725e-02	2.058420e-02	4.245059e-02	3.238121e-02	1.006937e-02	1.115592e-02	5.765224e-04	-9.374623e-04	-3.435285e-03	-2.655105e-03	-7.801802e-04
1327          	4.258291e-02	2.186527e-02	2.071764e-02	4.274151e-02	3.268894e-02	1.005257e-02	1.131819e-02	5.738184e-04	-8.819219e-04	-3.471416e-03	-2.617630e-03	-8.537863e-04
1328          	4.269534e-02	2.192276e-02	2.077258e-02	4.291104e-02	3.290984e-02	1.000120e-02	1.145432e-02	5.750925e-04	-6.277310e-04	-3.133001e-03	-2.194232e-03	-9.387696e-04
1329          	4.263246e-02	2.185987e-02	2.077259e-02	4.318964e-02	3.325958e-02	9.930062e-03	1.166476e-02	5.436402e-04	-2.952777e-04	-2.499605e-03	-1.545080e-03	-9.545248e-04
1330          	4.247907e-02	2.176605e-02	2.071302e-02	4.313048e-02	3.331625e-02	9.814227e-03	1.175101e-02	5.265173e-04	8.893389e-05	-1.762050e-03	-7.920912e-04	-9.699590e-04
1331          	4.214338e-02	2.154504e-02	2.059834e-02	4.311831e-02	3.342532e-02	9.692988e-03	1.186616e-02	4.733523e-04	4.223876e-04	-1.042399e-03	-9.881182e-05	-9.435870e-04
1332          	4.182831e-02	2.134894e-02	2.047938e-02	4.278548e-02	3.319621e-02	9.589274e-03	1.180347e-02	4.347787e-04	7.344778e-04	-4.593323e-04	5.048116e-04	-9.641439e-04
1333          	4.141585e-02	2.105931e-02	2.035654e-02	4.263525e-02	3.312491e-02	9.510336e-03	1.180729e-02	3.513872e-04	1.041074e-03	2.045990e-04	1.143374e-03	-9.387749e-04
1334          	4.138107e-02	2.102184e-02	2.035922e-02	4.235935e-02	3.282458e-02	9.534770e-03	1.164490e-02	3.313096e-04	1.287868e-03	5.044810e-04	1.540109e-03	-1.035628e-03
1335          	4.138629e-02	2.102798e-02	2.035831e-02	4.238194e-02	3.276195e-02	9.619989e-03	1.157098e-02	3.348381e-04	1.449494e-03	5.174402e-04	1.708214e-03	-1.190774e-03
1336          	4.172520e-02	2.129992e-02	2.042527e-02	4.232731e-02	3.259140e-02	9.735915e-03	1.142774e-02	4.373247e-04	1.494332e-03	9.005514e-05	1.539360e-03	-1.449305e-03
1337          	4.204433e-02	2.161841e-02	2.042591e-02	4.247743e-02	3.261391e-02	9.863513e-03	1.137520e-02	5.962506e-04	1.322231e-03	-8.445296e-04	8.999665e-04	-1.744496e-03
1338          	4.233795e-02	2.190995e-02	2.042800e-02	4.249018e-02	3.256155e-02	9.928636e-03	1.131646e-02	7.409782e-04	9.685484e-04	-1.619127e-03	1.589851e-04	-1.778112e-03
1339          	4.250690e-02	2.211082e-02	2.039607e-02	4.262701e-02	3.266111e-02	9.965899e-03	1.134760e-02	8.573765e-04	4.369316e-04	-2.412000e-03	-7.690685e-04	-1.642932e-03
1340          	4.253162e-02	2.220437e-02	2.032725e-02	4.270498e-02	3.276061e-02	9.944371e-03	1.140812e-02	9.385584e-04	-6.332686e-05	-3.048851e-03	-1.587752e-03	-1.461099e-03
1341          	4.249815e-02	2.219568e-02	2.030247e-02	4.294674e-02	3.305465e-02	9.892094e-03	1.158128e-02	9.466048e-04	-4.483987e-04	-3.455420e-03	-2.176109e-03	-1.279311e-03
1342          	4.258702e-02	2.222092e-02	2.036611e-02	4.309198e-02	3.330402e-02	9.787966e-03	1.175802e-02	9.274057e-04	-6.240090e-04	-3.637846e-03	-2.442932e-03	-1.194914e-03
1343          	4.269003e-02	2.220479e-02	2.048524e-02	4.340448e-02	3.371866e-02	9.685822e-03	1.201642e-02	8.597763e-04	-6.458923e-04	-3.530804e-03	-2.411294e-03	-1.119510e-03
1344          	4.276794e-02	2.218309e-02	2.058486e-02	4.357298e-02	3.398612e-02	9.586869e-03	1.219962e-02	7.991141e-04	-5.400560e-04	-3.172263e-03	-2.126187e-03	-1.046075e-03
1345          	4.263920e-02	2.203968e-02	2.059951e-02	4.383017e-02	3.427982e-02	9.550343e-03	1.236474e-02	7.200843e-04	-3.655284e-04	-2.625469e-03	-1.678263e-03	-9.472061e-04
1346          	4.232050e-02	2.181668e-02	2.050382e-02	4.386459e-02	3.431401e-02	9.550579e-03	1.238171e-02	6.564319e-04	-1.025294e-04	-1.954357e-03	-1.079708e-03	-8.746489e-04
1347          	4.176665e-02	2.143510e-02	2.033155e-02	4.395727e-02	3.432102e-02	9.636250e-03	1.234238e-02	5.517761e-04	2.012919e-04	-1.095148e-03	-3.462821e-04	-7.488659e-04
1348          	4.116860e-02	2.101273e-02	2.015588e-02	4.387747e-02	3.408058e-02	9.796884e-03	1.214185e-02	4.284252e-04	5.610511e-04	-6.587610e-05	5.281130e-04	-5.939891e-04
1349          	4.054057e-02	2.052859e-02	2.001198e-02	4.396969e-02	3.388248e-02	1.008721e-02	1.189763e-02	2.583010e-04	9.860786e-04	1.187145e-03	1.579651e-03	-3.925061e-04
1350          	4.039604e-02	2.037474e-02	2.002130e-02	4.395415e-02	3.352937e-02	1.042478e-02	1.155230e-02	1.767168e-04	1.211587e-03	1.737627e-03	2.080401e-03	-3.427738e-04
1351          	4.026735e-02	2.025497e-02	2.001238e-02	4.415095e-02	3.331553e-02	1.083542e-02	1.124006e-02	1.212939e-04	1.419123e-03	2.078923e-03	2.458584e-03	-3.796613e-04
1352          	4.054807e-02	2.042963e-02	2.011844e-02	4.416064e-02	3.301557e-02	1.114507e-02	1.093525e-02	1.555962e-04	1.365399e-03	1.773586e-03	2.252192e-03	-4.786057e-04
1353          	4.079240e-02	2.064680e-02	2.014559e-02	4.422461e-02	3.277427e-02	1.145034e-02	1.066197e-02	2.506045e-04	1.105478e-03	9.835445e-04	1.597250e-03	-6.137053e-04
1354          	4.094029e-02	2.079657e-02	2.014372e-02	4.415592e-02	3.257152e-02	1.158441e-02	1.049355e-02	3.264266e-04	7.417176e-04	3.234934e-04	9.034644e-04	-5.799709e-04
1355          	4.119547e-02	2.106128e-02	2.013419e-02	4.408680e-02	3.243398e-02	1.165282e-02	1.039058e-02	4.635477e-04	1.305703e-04	-9.083708e-04	-3.236151e-04	-5.847557e-04
1356          	4.130764e-02	2.119458e-02	2.011306e-02	4.403876e-02	3.246796e-02	1.157080e-02	1.044858e-02	5.407567e-04	-2.170298e-04	-1.720275e-03	-1.077168e-03	-6.431079e-04
1357          	4.166275e-02	2.147846e-02	2.018429e-02	4.407936e-02	3.267756e-02	1.140181e-02	1.063787e-02	6.470853e-04	-6.189939e-04	-2.872076e-03	-2.055032e-03	-8.170443e-04
1358          	4.193510e-02	2.169060e-02	2.024450e-02	4.409205e-02	3.291549e-02	1.117655e-02	1.086947e-02	7.230495e-04	-7.192094e-04	-3.500675e-03	-2.469547e-03	-1.031128e-03
1359          	4.222064e-02	2.190770e-02	2.031294e-02	4.422279e-02	3.332163e-02	1.090116e-02	1.121024e-02	7.973831e-04	-7.796062e-04	-3.968991e-03	-2.764102e-03	-1.204889e-03
1360          	4.225828e-02	2.198684e-02	2.027144e-02	4.413479e-02	3.349328e-02	1.064151e-02	1.142589e-02	8.576985e-04	-7.260681e-04	-3.943778e-03	-2.697957e-03	-1.245821e-03
1361          	4.190933e-02	2.183671e-02	2.007263e-02	4.414856e-02	3.375815e-02	1.039041e-02	1.168387e-02	8.820393e-04	-5.472227e-04	-3.499658e-03	-2.297052e-03	-1.202606e-03
1362          	4.128470e-02	2.151462e-02	1.977008e-02	4.385519e-02	3.366324e-02	1.019195e-02	1.173565e-02	8.722663e-04	-2.500960e-04	-2.735730e-03	-1.617961e-03	-1.117769e-03
1363          	4.044939e-02	2.102723e-02	1.942216e-02	4.368556e-02	3.359243e-02	1.009313e-02	1.174965e-02	8.025326e-04	2.011926e-04	-1.683029e-03	-6.403218e-04	-1.042707e-03
1364          	3.967207e-02	2.052748e-02	1.914459e-02	4.336894e-02	3.326270e-02	1.010624e-02	1.157823e-02	6.914434e-04	8.371413e-04	-4.273663e-04	6.234581e-04	-1.050824e-03
1365          	3.905474e-02	2.009550e-02	1.895924e-02	4.331901e-02	3.307550e-02	1.024351e-02	1.141600e-02	5.681319e-04	1.535317e-03	7.055303e-04	1.888082e-03	-1.182552e-03
1366          	3.880515e-02	1.988105e-02	1.892409e-02	4.316287e-02	3.273995e-02	1.042292e-02	1.115851e-02	4.784810e-04	2.149661e-03	1.428412e-03	2.863867e-03	-1.435455e-03
1367          	3.887368e-02	1.990525e-02	1.896843e-02	4.318605e-02	3.257990e-02	1.060615e-02	1.098688e-02	4.684089e-04	2.505196e-03	1.476120e-03	3.243255e-03	-1.767136e-03
1368          	3.904319e-02	2.004807e-02	1.899512e-02	4.311287e-02	3.232867e-02	1.078419e-02	1.077224e-02	5.264719e-04	2.668040e-03	8.919230e-04	3.114002e-03	-2.222079e-03
1369          	3.927422e-02	2.023468e-02	1.903955e-02	4.318925e-02	3.228146e-02	1.090779e-02	1.068683e-02	5.975663e-04	2.440598e-03	1.029348e-04	2.492065e-03	-2.389130e-03
1370          	3.960019e-02	2.051804e-02	1.908215e-02	4.312681e-02	3.217234e-02	1.095447e-02	1.060894e-02	7.179450e-04	1.929858e-03	-1.168204e-03	1.345756e-03	-2.513960e-03
1371          	3.981623e-02	2.069212e-02	1.912411e-02	4.325878e-02	3.236073e-02	1.089805e-02	1.073134e-02	7.840064e-04	1.416883e-03	-2.162722e-03	3.355223e-04	-2.498244e-03
1372          	4.016989e-02	2.094755e-02	1.922234e-02	4.326736e-02	3.254440e-02	1.072296e-02	1.091072e-02	8.626055e-04	8.849019e-04	-3.272023e-03	-7.511094e-04	-2.520913e-03
1373          	4.047350e-02	2.113860e-02	1.933490e-02	4.343087e-02	3.296362e-02	1.046725e-02	1.124819e-02	9.018510e-04	5.296396e-04	-4.107577e-03	-1.524149e-03	-2.583428e-03
1374          	4.087588e-02	2.141113e-02	1.946475e-02	4.337106e-02	3.327329e-02	1.009777e-02	1.158776e-02	9.731928e-04	2.149397e-04	-4.836173e-03	-2.203147e-03	-2.633026e-03
1375          	4.103475e-02	2.151814e-02	1.951661e-02	4.342522e-02	3.366727e-02	9.757952e-03	1.195466e-02	1.000768e-03	8.896936e-05	-5.032394e-03	-2.427228e-03	-2.605166e-03
1376          	4.102685e-02	2.155123e-02	1.947562e-02	4.324593e-02	3.383081e-02	9.415123e-03	1.220784e-02	1.037804e-03	7.240693e-05	-4.900585e-03	-2.377885e-03	-2.522699e-03
1377          	4.069115e-02	2.136371e-02	1.932744e-02	4.314559e-02	3.398921e-02	9.156383e-03	1.241641e-02	1.018136e-03	1.847900e-04	-4.353484e-03	-1.991952e-03	-2.361532e-03
1378          	4.017146e-02	2.104543e-02	1.912603e-02	4.286322e-02	3.388554e-02	8.977682e-03	1.245393e-02	9.597044e-04	5.055453e-04	-3.370994e-03	-1.179952e-03	-2.191042e-03
1379          	3.954687e-02	2.058768e-02	1.895918e-02	4.274753e-02	3.381244e-02	8.935088e-03	1.243868e-02	8.142489e-04	9.932174e-04	-1.991292e-03	-2.428435e-06	-1.988863e-03
1380          	3.911666e-02	2.021449e-02	1.890218e-02	4.253767e-02	3.353302e-02	9.004658e-03	1.226418e-02	6.561546e-04	1.583899e-03	-5.617005e-04	1.303049e-03	-1.864749e-03
1381          	3.893120e-02	1.995722e-02	1.897398e-02	4.254091e-02	3.336666e-02	9.174254e-03	1.209620e-02	4.916181e-04	2.064534e-03	5.347313e-04	2.331899e-03	-1.797168e-03
1382          	3.906997e-02	1.993878e-02	1.913118e-02	4.243714e-02	3.307425e-02	9.362891e-03	1.185568e-02	4.038014e-04	2.349084e-03	9.633133e-04	2.830740e-03	-1.867427e-03
1383          	3.939365e-02	2.008852e-02	1.930513e-02	4.246223e-02	3.291409e-02	9.548147e-03	1.168297e-02	3.916987e-04	2.349145e-03	5.820849e-04	2.640188e-03	-2.058103e-03
1384          	3.987700e-02	2.038960e-02	1.948739e-02	4.233545e-02	3.266013e-02	9.675318e-03	1.149241e-02	4.511039e-04	2.079526e-03	-4.178935e-04	1.870579e-03	-2.288473e-03
1385          	4.032079e-02	2.070579e-02	1.961500e-02	4.232179e-02	3.257333e-02	9.748460e-03	1.141244e-02	5.453917e-04	1.597167e-03	-1.732442e-03	7.309457e-04	-2.463388e-03
1386          	4.077670e-02	2.105136e-02	1.972534e-02	4.222703e-02	3.248867e-02	9.738365e-03	1.137515e-02	6.630089e-04	1.082006e-03	-3.123893e-03	-4.799401e-04	-2.643953e-03
1387          	4.118555e-02	2.135223e-02	1.983332e-02	4.232855e-02	3.263434e-02	9.694209e-03	1.147006e-02	7.594505e-04	6.687467e-04	-4.320530e-03	-1.491518e-03	-2.829012e-03
1388          	4.160544e-02	2.162577e-02	1.997966e-02	4.241719e-02	3.279089e-02	9.626300e-03	1.158230e-02	8.230556e-04	4.621927e-04	-5.077229e-03	-2.076422e-03	-3.000807e-03
1389          	4.195593e-02	2.183080e-02	2.012513e-02	4.271502e-02	3.313558e-02	9.579441e-03	1.177807e-02	8.528385e-04	4.306841e-04	-5.329190e-03	-2.233911e-03	-3.095279e-03
1390          	4.223127e-02	2.198094e-02	2.025033e-02	4.289325e-02	3.336069e-02	9.532561e-03	1.191406e-02	8.653013e-04	4.963015e-04	-5.054621e-03	-2.031009e-03	-3.023612e-03
1391          	4.221175e-02	2.196932e-02	2.024243e-02	4.318097e-02	3.368358e-02	9.497391e-03	1.209310e-02	8.634456e-04	5.905521e-04	-4.384665e-03	-1.601780e-03	-2.782884e-03
1392          	4.191566e-02	2.181841e-02	2.009725e-02	4.320053e-02	3.375629e-02	9.444236e-03	1.215603e-02	8.605813e-04	7.703346e-04	-3.349204e-03	-9.042674e-04	-2.444937e-03
1393          	4.132465e-02	2.148787e-02	1.983678e-02	4.325248e-02	3.386500e-02	9.387478e-03	1.223876e-02	8.255458e-04	1.031605e-03	-2.043842e-03	9.683808e-06	-2.053526e-03
1394          	4.072254e-02	2.112635e-02	1.959619e-02	4.303994e-02	3.371612e-02	9.323822e-03	1.219615e-02	7.650789e-04	1.366527e-03	-6.070907e-04	1.062982e-03	-1.670073e-03
1395          	4.024231e-02	2.079880e-02	1.944350e-02	4.297037e-02	3.365797e-02	9.312404e-03	1.217278e-02	6.776491e-04	1.702509e-03	7.042204e-04	2.054619e-03	-1.350399e-03
1396          	4.010322e-02	2.063628e-02	1.946694e-02	4.279312e-02	3.341942e-02	9.373705e-03	1.202286e-02	5.846693e-04	1.963332e-03	1.687356e-03	2.807010e-03	-1.119654e-03
1397          	4.022717e-02	2.064295e-02	1.958422e-02	4.290955e-02	3.338260e-02	9.526949e-03	1.192782e-02	5.293644e-04	2.057097e-03	2.024458e-03	3.069326e-03	-1.044868e-03
1398          	4.065680e-02	2.086509e-02	1.979171e-02	4.291732e-02	3.321561e-02	9.701712e-03	1.175695e-02	5.366928e-04	1.942376e-03	1.619963e-03	2.752357e-03	-1.132394e-03
1399          	4.115015e-02	2.117464e-02	1.997551e-02	4.308053e-02	3.320121e-02	9.879323e-03	1.166094e-02	5.995636e-04	1.584487e-03	6.002920e-04	1.884633e-03	-1.284341e-03
1400          	4.158846e-02	2.149028e-02	2.009818e-02	4.311203e-02	3.310235e-02	1.000968e-02	1.154633e-02	6.960465e-04	1.015471e-03	-6.793849e-04	6.757787e-04	-1.355164e-03
1401          	4.184599e-02	2.170751e-02	2.013848e-02	4.325324e-02	3.313865e-02	1.011459e-02	1.151203e-02	7.845117e-04	3.553499e-04	-1.979140e-03	-6.342200e-04	-1.344920e-03
1402          	4.199114e-02	2.185994e-02	2.013120e-02	4.331902e-02	3.315380e-02	1.016522e-02	1.149429e-02	8.643734e-04	-2.096153e-04	-3.119456e-03	-1.769343e-03	-1.350113e-03
1403          	4.201184e-02	2.189408e-02	2.011776e-02	4.356478e-02	3.337936e-02	1.018542e-02	1.159697e-02	8.881586e-04	-5.997255e-04	-3.942474e-03	-2.570962e-03	-1.371511e-03
1404          	4.201448e-02	2.190669e-02	2.010779e-02	4.373298e-02	3.358099e-02	1.015199e-02	1.171450e-02	8.994492e-04	-7.477784e-04	-4.368337e-03	-2.931947e-03	-1.436390e-03
1405          	4.190890e-02	2.182399e-02	2.008491e-02	4.406192e-02	3.396133e-02	1.010059e-02	1.193037e-02	8.695377e-04	-7.153415e-04	-4.295807e-03	-2.863245e-03	-1.432562e-03
1406          	4.173682e-02	2.170840e-02	2.002842e-02	4.418948e-02	3.418448e-02	1.000500e-02	1.208974e-02	8.399888e-04	-5.349090e-04	-3.776599e-03	-2.423209e-03	-1.353391e-03
1407          	4.136099e-02	2.147080e-02	1.989020e-02	4.435157e-02	3.444927e-02	9.902296e-03	1.227349e-02	7.902998e-04	-2.823945e-04	-3.000296e-03	-1.782543e-03	-1.217754e-03
1408          	4.091287e-02	2.121487e-02	1.969801e-02	4.417603e-02	3.440820e-02	9.767829e-03	1.232019e-02	7.584279e-04	-8.083808e-06	-2.168662e-03	-1.092415e-03	-1.076247e-03
1409          	4.037560e-02	2.088718e-02	1.948841e-02	4.402337e-02	3.437019e-02	9.653181e-03	1.235850e-02	6.993853e-04	2.175464e-04	-1.353344e-03	-4.591254e-04	-8.942181e-04
1410          	3.999601e-02	2.063462e-02	1.936139e-02	4.359555e-02	3.404614e-02	9.549412e-03	1.224837e-02	6.366179e-04	3.885570e-04	-6.063686e-04	8.537268e-05	-6.917413e-04
1411          	3.977402e-02	2.045155e-02	1.932247e-02	4.334209e-02	3.381987e-02	9.522220e-03	1.214882e-02	5.645358e-04	4.765709e-04	-6.495985e-05	4.440909e-04	-5.090508e-04
1412          	3.986437e-02	2.045753e-02	1.940684e-02	4.304774e-02	3.349275e-02	9.554994e-03	1.196888e-02	5.253478e-04	4.802204e-04	1.473870e-04	5.539138e-04	-4.065269e-04
1413          	4.008954e-02	2.059406e-02	1.949549e-02	4.306283e-02	3.338355e-02	9.679281e-03	1.185213e-02	5.492835e-04	3.998803e-04	-1.389099e-04	3.304254e-04	-4.693353e-04
1414          	4.054797e-02	2.088476e-02	1.966321e-02	4.299392e-02	3.319692e-02	9.797007e-03	1.169995e-02	6.107729e-04	3.051448e-04	-6.652423e-04	-2.747632e-05	-6.377660e-04
1415          	4.086294e-02	2.116051e-02	1.970243e-02	4.308449e-02	3.313490e-02	9.949588e-03	1.159266e-02	7.290412e-04	2.783701e-05	-1.641334e-03	-7.928302e-04	-8.485042e-04
1416          	4.105372e-02	2.132008e-02	1.973364e-02	4.311336e-02	3.308185e-02	1.003151e-02	1.152517e-02	7.932176e-04	-3.038581e-04	-2.266204e-03	-1.436960e-03	-8.292437e-04
1417          	4.129485e-02	2.154459e-02	1.975027e-02	4.320784e-02	3.309440e-02	1.011345e-02	1.149047e-02	8.971617e-04	-8.362683e-04	-3.256876e-03	-2.464706e-03	-7.921696e-04
1418          	4.147622e-02	2.168450e-02	1.979173e-02	4.330769e-02	3.320359e-02	1.010410e-02	1.154975e-02	9.463833e-04	-1.262526e-03	-3.917947e-03	-3.221500e-03	-6.964471e-04
1419          	4.168549e-02	2.181833e-02	1.986717e-02	4.354588e-02	3.351769e-02	1.002819e-02	1.174475e-02	9.755798e-04	-1.610205e-03	-4.452388e-03	-3.836399e-03	-6.159884e-04
1420          	4.193609e-02	2.199251e-02	1.994358e-02	4.366793e-02	3.378225e-02	9.885682e-03	1.194828e-02	1.024468e-03	-1.837959e-03	-4.843232e-03	-4.259575e-03	-5.836575e-04
1421          	4.204916e-02	2.209228e-02	1.995688e-02	4.385733e-02	3.414534e-02	9.711991e-03	1.221667e-02	1.067701e-03	-1.997307e-03	-4.992646e-03	-4.493630e-03	-4.990158e-04
1422          	4.194330e-02	2.209615e-02	1.984715e-02	4.381016e-02	3.429476e-02	9.515407e-03	1.238967e-02	1.124498e-03	-2.047706e-03	-4.886283e-03	-4.490847e-03	-3.954356e-04
1423          	4.147309e-02	2.188912e-02	1.958397e-02	4.378314e-02	3.448053e-02	9.302609e-03	1.258896e-02	1.152576e-03	-1.990604e-03	-4.417312e-03	-4.199261e-03	-2.180517e-04
1424          	4.084588e-02	2.159294e-02	1.925294e-02	4.348960e-02	3.436017e-02	9.129436e-03	1.261537e-02	1.169998e-03	-1.799622e-03	-3.754510e-03	-3.676877e-03	-7.763332e-05
1425          	3.985014e-02	2.101683e-02	1.883331e-02	4.332913e-02	3.432807e-02	9.001064e-03	1.266350e-02	1.091763e-03	-1.305141e-03	-2.372918e-03	-2.491600e-03	1.186814e-04
1426          	3.927722e-02	2.065087e-02	1.862635e-02	4.303582e-02	3.404149e-02	8.994331e-03	1.252358e-02	1.012261e-03	-8.234700e-04	-1.220704e-03	-1.433822e-03	2.131178e-04
1427          	3.865465e-02	2.019191e-02	1.846274e-02	4.296159e-02	3.385655e-02	9.105033e-03	1.237576e-02	8.645842e-04	-5.584033e-05	2.773324e-04	8.282586e-05	1.945065e-04
1428          	3.854995e-02	2.005947e-02	1.849048e-02	4.285841e-02	3.355561e-02	9.302802e-03	1.212640e-02	7.844923e-04	4.724571e-04	9.711510e-04	9.580326e-04	1.311833e-05
1429          	3.864946e-02	2.008511e-02	1.856435e-02	4.290887e-02	3.336192e-02	9.546947e-03	1.190749e-02	7.603776e-04	8.494763e-04	1.042171e-03	1.370562e-03	-3.283909e-04
1430          	3.888879e-02	2.022352e-02	1.866527e-02	4.282639e-02	3.304558e-02	9.780814e-03	1.163238e-02	7.791254e-04	1.030897e-03	5.826795e-04	1.322237e-03	-7.395574e-04
1431          	3.909707e-02	2.037108e-02	1.872599e-02	4.287357e-02	3.287400e-02	9.999572e-03	1.143721e-02	8.225465e-04	9.763410e-04	-2.476838e-04	8.524991e-04	-1.100183e-03
1432          	3.930931e-02	2.052506e-02	1.878424e-02	4.282846e-02	3.268283e-02	1.014563e-02	1.126860e-02	8.704108e-04	7.983708e-04	-1.250331e-03	1.732055e-04	-1.423536e-03
1433          	3.953117e-02	2.067236e-02	1.885882e-02	4.295669e-02	3.273479e-02	1.022191e-02	1.125644e-02	9.067710e-04	6.207959e-04	-2.204206e-03	-4.813069e-04	-1.722899e-03
1434          	3.987202e-02	2.086499e-02	1.900703e-02	4.300526e-02	3.282730e-02	1.017795e-02	1.132468e-02	9.289837e-04	5.299790e-04	-2.984044e-03	-9.620431e-04	-2.022001e-03
1435          	4.027617e-02	2.108953e-02	1.918664e-02	4.320879e-02	3.316768e-02	1.004110e-02	1.156329e-02	9.514469e-04	5.160452e-04	-3.535329e-03	-1.251619e-03	-2.283710e-03
1436          	4.071273e-02	2.132392e-02	1.938881e-02	4.321417e-02	3.339685e-02	9.817329e-03	1.178976e-02	9.675540e-04	5.876217e-04	-3.692980e-03	-1.258868e-03	-2.434112e-03
1437          	4.103745e-02	2.149371e-02	1.954374e-02	4.328710e-02	3.376501e-02	9.522086e-03	1.212146e-02	9.749874e-04	6.880858e-04	-3.485742e-03	-1.054785e-03	-2.430957e-03
1438          	4.104001e-02	2.150264e-02	1.953738e-02	4.309667e-02	3.383781e-02	9.258859e-03	1.228948e-02	9.826296e-04	8.804319e-04	-3.002599e-03	-6.208674e-04	-2.381731e-03
1439          	4.070754e-02	2.128604e-02	1.942150e-02	4.303451e-02	3.405152e-02	8.982997e-03	1.253426e-02	9.322728e-04	1.210855e-03	-1.987766e-03	2.169722e-04	-2.204738e-03
1440          	4.027773e-02	2.099242e-02	1.928531e-02	4.273459e-02	3.393649e-02	8.798103e-03	1.256919e-02	8.535533e-04	1.593884e-03	-8.973168e-04	1.145226e-03	-2.042543e-03
1441          	3.985892e-02	2.065830e-02	1.920062e-02	4.257436e-02	3.385655e-02	8.717812e-03	1.256937e-02	7.288408e-04	2.063130e-03	3.199380e-04	2.223099e-03	-1.903161e-03
1442          	3.964710e-02	2.039928e-02	1.924782e-02	4.238370e-02	3.362957e-02	8.754129e-03	1.243772e-02	5.757344e-04	2.554662e-03	1.515427e-03	3.312376e-03	-1.796949e-03
1443          	3.965665e-02	2.026705e-02	1.938959e-02	4.242098e-02	3.350552e-02	8.915461e-03	1.229503e-02	4.387304e-04	2.964392e-03	2.367877e-03	4.148330e-03	-1.780453e-03
1444          	3.993352e-02	2.031555e-02	1.961797e-02	4.245853e-02	3.330771e-02	9.150823e-03	1.207844e-02	3.487911e-04	3.198664e-03	2.647507e-03	4.522417e-03	-1.874910e-03
1445          	4.036980e-02	2.051849e-02	1.985131e-02	4.263013e-02	3.321364e-02	9.416483e-03	1.189858e-02	3.335896e-04	3.156020e-03	2.253398e-03	4.282719e-03	-2.029321e-03
1446          	4.081882e-02	2.076180e-02	2.005702e-02	4.273519e-02	3.306943e-02	9.665755e-03	1.170184e-02	3.523925e-04	2.791317e-03	1.328451e-03	3.455542e-03	-2.127091e-03
1447          	4.121075e-02	2.099597e-02	2.021477e-02	4.288830e-02	3.304800e-02	9.840298e-03	1.160385e-02	3.905996e-04	2.191327e-03	1.694621e-04	2.276058e-03	-2.106596e-03
1448          	4.152655e-02	2.118954e-02	2.033700e-02	4.293772e-02	3.305607e-02	9.881659e-03	1.158720e-02	4.262687e-04	1.526414e-03	-1.044086e-03	1.004372e-03	-2.048457e-03
1449          	4.175882e-02	2.133894e-02	2.041988e-02	4.302919e-02	3.321851e-02	9.810681e-03	1.170391e-02	4.595279e-04	8.886512e-04	-2.258516e-03	-2.406065e-04	-2.017909e-03
1450          	4.195814e-02	2.146595e-02	2.049219e-02	4.300606e-02	3.336113e-02	9.644931e-03	1.185810e-02	4.868796e-04	3.884454e-04	-3.256870e-03	-1.239989e-03	-2.016880e-03
1451          	4.197905e-02	2.149334e-02	2.048571e-02	4.306769e-02	3.360175e-02	9.465941e-03	1.206791e-02	5.038125e-04	1.019108e-04	-3.755167e-03	-1.775673e-03	-1.979494e-03
1452          	4.176353e-02	2.139217e-02	2.037136e-02	4.303221e-02	3.372448e-02	9.307727e-03	1.220838e-02	5.104058e-04	-2.334911e-06	-3.703516e-03	-1.854093e-03	-1.849423e-03
1453          	4.126551e-02	2.115837e-02	2.010714e-02	4.306714e-02	3.385211e-02	9.215029e-03	1.231854e-02	5.256150e-04	2.124438e-05	-3.261449e-03	-1.609480e-03	-1.651969e-03
1454          	4.054079e-02	2.080909e-02	1.973169e-02	4.296998e-02	3.378857e-02	9.181410e-03	1.230358e-02	5.386999e-04	1.962733e-04	-2.470562e-03	-1.039008e-03	-1.431554e-03
1455          	3.963806e-02	2.034784e-02	1.929022e-02	4.294358e-02	3.372527e-02	9.218313e-03	1.225348e-02	5.288091e-04	5.298837e-04	-1.364705e-03	-1.524688e-04	-1.212236e-03
1456          	3.881512e-02	1.987715e-02	1.893797e-02	4.278284e-02	3.347246e-02	9.310378e-03	1.208104e-02	4.695900e-04	9.713891e-04	-1.897126e-05	9.619035e-04	-9.808747e-04
1457          	3.826418e-02	1.953087e-02	1.873331e-02	4.277945e-02	3.330347e-02	9.475978e-03	1.191375e-02	3.987814e-04	1.389307e-03	1.141796e-03	1.960205e-03	-8.184095e-04
1458          	3.814203e-02	1.940204e-02	1.873999e-02	4.272233e-02	3.304623e-02	9.676101e-03	1.168506e-02	3.310259e-04	1.660182e-03	1.871347e-03	2.595855e-03	-7.245089e-04
1459          	3.833602e-02	1.948315e-02	1.885287e-02	4.289000e-02	3.296521e-02	9.924785e-03	1.152021e-02	3.151433e-04	1.700807e-03	1.870810e-03	2.636212e-03	-7.654017e-04
1460          	3.888462e-02	1.980612e-02	1.907851e-02	4.281325e-02	3.276215e-02	1.005110e-02	1.135553e-02	3.638061e-04	1.504419e-03	1.089659e-03	2.049249e-03	-9.595894e-04
1461          	3.950247e-02	2.024521e-02	1.925726e-02	4.280175e-02	3.264685e-02	1.015490e-02	1.124597e-02	4.939740e-04	1.040250e-03	-4.510043e-04	8.147479e-04	-1.265752e-03
1462          	3.992528e-02	2.054169e-02	1.938359e-02	4.259563e-02	3.247331e-02	1.012232e-02	1.117549e-02	5.790533e-04	5.603451e-04	-1.694744e-03	-2.870271e-04	-1.407717e-03
1463          	4.029848e-02	2.085338e-02	1.944510e-02	4.243399e-02	3.235786e-02	1.007613e-02	1.114087e-02	7.041361e-04	-4.147769e-05	-3.257054e-03	-1.670005e-03	-1.587049e-03
1464          	4.038005e-02	2.095346e-02	1.942659e-02	4.223581e-02	3.229701e-02	9.938806e-03	1.117910e-02	7.634335e-04	-4.096243e-04	-4.221943e-03	-2.520596e-03	-1.701347e-03
1465          	4.051101e-02	2.105358e-02	1.945744e-02	4.216527e-02	3.238213e-02	9.783136e-03	1.129950e-02	7.980705e-04	-7.138352e-04	-4.990564e-03	-3.209117e-03	-1.781447e-03
1466          	4.062355e-02	2.113047e-02	1.949308e-02	4.202245e-02	3.243347e-02	9.588975e-03	1.142225e-02	8.186947e-04	-8.492889e-04	-5.280425e-03	-3.489501e-03	-1.790923e-03
1467          	4.061959e-02	2.111083e-02	1.950876e-02	4.206258e-02	3.266689e-02	9.395690e-03	1.163560e-02	8.010304e-04	-8.651906e-04	-5.034407e-03	-3.382394e-03	-1.652013e-03
1468          	4.049398e-02	2.103259e-02	1.946139e-02	4.192827e-02	3.274963e-02	9.178640e-03	1.178549e-02	7.855991e-04	-7.608804e-04	-4.362852e-03	-2.942306e-03	-1.420546e-03
1469          	4.013803e-02	2.082123e-02	1.931680e-02	4.190598e-02	3.294595e-02	8.960030e-03	1.199296e-02	7.522139e-04	-5.887114e-04	-3.461634e-03	-2.319528e-03	-1.142105e-03
1470          	3.966602e-02	2.056712e-02	1.909890e-02	4.160065e-02	3.287485e-02	8.725801e-03	1.207452e-02	7.341089e-04	-3.625104e-04	-2.514529e-03	-1.619775e-03	-8.947541e-04
1471          	3.912728e-02	2.024329e-02	1.888399e-02	4.140570e-02	3.289082e-02	8.514876e-03	1.218797e-02	6.796465e-04	-1.523618e-04	-1.582719e-03	-9.437214e-04	-6.389978e-04
1472          	3.871676e-02	1.999040e-02	1.872636e-02	4.100888e-02	3.265872e-02	8.350163e-03	1.215428e-02	6.320230e-04	5.583354e-05	-7.719421e-04	-3.301375e-04	-4.418046e-04
1473          	3.849730e-02	1.981716e-02	1.868014e-02	4.086345e-02	3.257663e-02	8.286818e-03	1.214491e-02	5.685134e-04	1.570491e-04	-2.847461e-04	1.467601e-05	-2.994221e-04
1474          	3.848764e-02	1.979873e-02	1.868891e-02	4.068703e-02	3.237385e-02	8.313185e-03	1.203033e-02	5.549113e-04	1.365284e-04	-3.038788e-04	-1.541097e-05	-2.884679e-04
1475          	3.869890e-02	1.992443e-02	1.877447e-02	4.075858e-02	3.234420e-02	8.414377e-03	1.196491e-02	5.749837e-04	-1.760349e-05	-7.711599e-04	-4.031834e-04	-3.679764e-04
1476          	3.884762e-02	2.008828e-02	1.875934e-02	4.077972e-02	3.220470e-02	8.575017e-03	1.181484e-02	6.644704e-04	-3.744965e-04	-1.811035e-03	-1.280014e-03	-5.310209e-04
1477          	3.889688e-02	2.016484e-02	1.873204e-02	4.096917e-02	3.221698e-02	8.752191e-03	1.173239e-02	7.164030e-04	-8.341358e-04	-2.647847e-03	-2.158059e-03	-4.897878e-04
1478          	3.889282e-02	2.024844e-02	1.864438e-02	4.108067e-02	3.213913e-02	8.941531e-03	1.159880e-02	8.020313e-04	-1.466107e-03	-3.784413e-03	-3.358313e-03	-4.260992e-04
1479          	3.869088e-02	2.017858e-02	1.851230e-02	4.144018e-02	3.234183e-02	9.098350e-03	1.162174e-02	8.331377e-04	-1.893263e-03	-4.495935e-03	-4.141231e-03	-3.547041e-04
1480          	3.876115e-02	2.025583e-02	1.850532e-02	4.168518e-02	3.250671e-02	9.178469e-03	1.166412e-02	8.752561e-04	-2.287191e-03	-5.280136e-03	-4.927259e-03	-3.528769e-04
1481          	3.884495e-02	2.031680e-02	1.852814e-02	4.210948e-02	3.292355e-02	9.185935e-03	1.186881e-02	8.943306e-04	-2.401412e-03	-5.666342e-03	-5.234583e-03	-4.317589e-04
1482          	3.907384e-02	2.046549e-02	1.860835e-02	4.236226e-02	3.327117e-02	9.091098e-03	1.209003e-02	9.285711e-04	-2.355017e-03	-5.739394e-03	-5.224714e-03	-5.146802e-04
1483          	3.925213e-02	2.059027e-02	1.866186e-02	4.258784e-02	3.365907e-02	8.928775e-03	1.236515e-02	9.642071e-04	-2.238537e-03	-5.503390e-03	-4.990233e-03	-5.131579e-04
1484          	3.933167e-02	2.067979e-02	1.865189e-02	4.246958e-02	3.377796e-02	8.691619e-03	1.254317e-02	1.013950e-03	-2.048474e-03	-5.016558e-03	-4.556753e-03	-4.598047e-04
1485          	3.917434e-02	2.062948e-02	1.854486e-02	4.225142e-02	3.380832e-02	8.443107e-03	1.268260e-02	1.042313e-03	-1.776158e-03	-4.292588e-03	-3.922452e-03	-3.701362e-04
1486          	3.884225e-02	2.046140e-02	1.838085e-02	4.178036e-02	3.355237e-02	8.227983e-03	1.266219e-02	1.040275e-03	-1.408525e-03	-3.335979e-03	-3.076514e-03	-2.594648e-04
1487          	3.839439e-02	2.017895e-02	1.821544e-02	4.146718e-02	3.331572e-02	8.151460e-03	1.258213e-02	9.817534e-04	-9.376659e-04	-2.198922e-03	-2.037127e-03	-1.617950e-04
1488          	3.808833e-02	1.993781e-02	1.815052e-02	4.116836e-02	3.295013e-02	8.218238e-03	1.236594e-02	8.936480e-04	-3.615373e-04	-1.043892e-03	-8.834833e-04	-1.604088e-04
1489          	3.796761e-02	1.977396e-02	1.819364e-02	4.123146e-02	3.278220e-02	8.449268e-03	1.216646e-02	7.901613e-04	2.210394e-04	-1.652458e-04	1.384165e-04	-3.036623e-04
1490          	3.816080e-02	1.979872e-02	1.836207e-02	4.136811e-02	3.260775e-02	8.760365e-03	1.192369e-02	7.183244e-04	7.034472e-04	1.801784e-04	7.935364e-04	-6.133581e-04
1491          	3.850473e-02	1.995473e-02	1.854999e-02	4.173889e-02	3.261007e-02	9.128823e-03	1.174062e-02	7.023691e-04	1.003541e-03	-1.242824e-04	9.413998e-04	-1.065682e-03
1492          	3.894344e-02	2.018418e-02	1.875926e-02	4.201610e-02	3.255561e-02	9.460494e-03	1.154756e-02	7.124623e-04	1.046025e-03	-8.705480e-04	6.107511e-04	-1.481299e-03
1493          	3.924821e-02	2.035243e-02	1.889578e-02	4.238795e-02	3.262844e-02	9.759513e-03	1.143446e-02	7.283239e-04	8.640157e-04	-1.809003e-03	-4.048595e-05	-1.768517e-03
1494          	3.952780e-02	2.051896e-02	1.900884e-02	4.264312e-02	3.265845e-02	9.984665e-03	1.133689e-02	7.550562e-04	5.626614e-04	-2.865251e-03	-8.699642e-04	-1.995287e-03
1495          	3.980719e-02	2.067095e-02	1.913624e-02	4.297745e-02	3.283570e-02	1.014175e-02	1.134697e-02	7.673574e-04	2.001367e-04	-3.913869e-03	-1.756798e-03	-2.157071e-03
1496          	4.020763e-02	2.087975e-02	1.932788e-02	4.319812e-02	3.297756e-02	1.022056e-02	1.137850e-02	7.759377e-04	-1.456911e-04	-4.832091e-03	-2.561737e-03	-2.270354e-03
1497          	4.060658e-02	2.108734e-02	1.951923e-02	4.354598e-02	3.327780e-02	1.026817e-02	1.150481e-02	7.840556e-04	-4.312434e-04	-5.521876e-03	-3.192181e-03	-2.329695e-03
1498          	4.092834e-02	2.126789e-02	1.966045e-02	4.372146e-02	3.343190e-02	1.028956e-02	1.157117e-02	8.037229e-04	-5.947605e-04	-5.861789e-03	-3.525655e-03	-2.336134e-03
1499          	4.105245e-02	2.131287e-02	1.973957e-02	4.402425e-02	3.371611e-02	1.030814e-02	1.170398e-02	7.866502e-04	-6.710906e-04	-5.734792e-03	-3.538487e-03	-2.196305e-03
1500          	4.092710e-02	2.125783e-02	1.966927e-02	4.398244e-02	3.369530e-02	1.028715e-02	1.170407e-02	7.942821e-04	-6.080026e-04	-5.452125e-03	-3.334065e-03	-2.118060e-03
