# Force and moment coefficients
# dragDir     : (1.000000e+00 0.000000e+00 0.000000e+00)
# sideDir     : (0.000000e+00 1.000000e+00 0.000000e+00)
# liftDir     : (0.000000e+00 0.000000e+00 1.000000e+00)
# rollAxis    : (1.000000e+00 0.000000e+00 0.000000e+00)
# pitchAxis   : (0.000000e+00 1.000000e+00 0.000000e+00)
# yawAxis     : (0.000000e+00 0.000000e+00 1.000000e+00)
# magUInf     : 4.000000e+01
# lRef        : 2.655000e+00
# Aref        : 1.950000e+00
# CofR        : (2.300000e+00 0.000000e+00 0.000000e+00)
#
# Time        	Cd            	Cd(f)         	Cd(r)         	Cl            	Cl(f)         	Cl(r)         	CmPitch       	CmRoll        	CmYaw         	Cs            	Cs(f)         	Cs(r)         
1             	1.273383e+00	6.370387e-01	6.363444e-01	-9.172583e-01	-9.703662e-02	-8.202217e-01	3.615925e-01	3.471387e-04	4.189503e-04	7.381150e-03	4.109525e-03	3.271625e-03
2             	1.148121e+00	5.743690e-01	5.737517e-01	-1.137206e+00	-3.108864e-01	-8.263200e-01	2.577168e-01	3.086592e-04	3.323954e-03	5.560586e-03	6.104247e-03	-5.436605e-04
3             	8.821171e-01	4.403299e-01	4.417872e-01	-1.188080e+00	-4.404760e-01	-7.476036e-01	1.535638e-01	-7.286603e-04	4.715001e-03	3.539314e-03	6.484657e-03	-2.945344e-03
4             	7.446987e-01	3.706142e-01	3.740844e-01	-1.231403e+00	-4.788040e-01	-7.525992e-01	1.368976e-01	-1.735088e-03	6.546796e-03	1.810650e-03	7.452121e-03	-5.641471e-03
5             	6.810071e-01	3.382666e-01	3.427405e-01	-1.296918e+00	-4.734809e-01	-8.234375e-01	1.749783e-01	-2.236954e-03	8.116983e-03	7.260902e-04	8.480028e-03	-7.753938e-03
6             	6.627403e-01	3.288285e-01	3.339117e-01	-1.314969e+00	-4.182721e-01	-8.966970e-01	2.392125e-01	-2.541605e-03	9.172051e-03	-1.550442e-03	8.396830e-03	-9.947272e-03
7             	6.610918e-01	3.278806e-01	3.332112e-01	-1.305620e+00	-3.473125e-01	-9.583075e-01	3.054975e-01	-2.665294e-03	1.001496e-02	-1.994096e-03	9.017907e-03	-1.101200e-02
8             	6.632697e-01	3.287455e-01	3.345242e-01	-1.265692e+00	-2.658985e-01	-9.997937e-01	3.669476e-01	-2.889342e-03	1.091095e-02	-1.598522e-03	1.011169e-02	-1.171021e-02
9             	6.597922e-01	3.266475e-01	3.331448e-01	-1.193254e+00	-1.877625e-01	-1.005491e+00	4.088643e-01	-3.248658e-03	1.116709e-02	6.905718e-04	1.151237e-02	-1.082180e-02
10            	6.542557e-01	3.233725e-01	3.308832e-01	-1.102604e+00	-1.134632e-01	-9.891405e-01	4.378386e-01	-3.755394e-03	1.089074e-02	4.010953e-03	1.289622e-02	-8.885263e-03
11            	6.525998e-01	3.223140e-01	3.302858e-01	-9.924235e-01	-3.119343e-02	-9.612300e-01	4.650183e-01	-3.985880e-03	1.056981e-02	6.626497e-03	1.388306e-02	-7.256560e-03
12            	6.443709e-01	3.182192e-01	3.261517e-01	-8.762663e-01	3.813274e-02	-9.143990e-01	4.762659e-01	-3.966251e-03	1.024890e-02	8.733119e-03	1.461546e-02	-5.882336e-03
13            	6.360105e-01	3.142883e-01	3.217222e-01	-7.644865e-01	9.628192e-02	-8.607684e-01	4.785252e-01	-3.716963e-03	9.573586e-03	9.953177e-03	1.455017e-02	-4.596998e-03
14            	6.274213e-01	3.100794e-01	3.173420e-01	-6.675475e-01	1.355157e-01	-8.030632e-01	4.692894e-01	-3.631293e-03	8.705198e-03	1.029192e-02	1.385116e-02	-3.559238e-03
15            	6.189772e-01	3.056525e-01	3.133247e-01	-5.919533e-01	1.559600e-01	-7.479133e-01	4.519366e-01	-3.836115e-03	8.283013e-03	1.025361e-02	1.340982e-02	-3.156207e-03
16            	6.108074e-01	3.012768e-01	3.095306e-01	-5.280299e-01	1.624293e-01	-6.904592e-01	4.264442e-01	-4.126866e-03	8.502509e-03	9.797538e-03	1.340128e-02	-3.603740e-03
17            	6.044085e-01	2.975431e-01	3.068653e-01	-4.692975e-01	1.585904e-01	-6.278880e-01	3.932392e-01	-4.661107e-03	9.140963e-03	7.908410e-03	1.309517e-02	-5.186758e-03
18            	5.987010e-01	2.941451e-01	3.045560e-01	-4.207139e-01	1.448214e-01	-5.655353e-01	3.551784e-01	-5.205454e-03	9.927788e-03	5.633492e-03	1.274453e-02	-7.111042e-03
19            	5.936172e-01	2.910102e-01	3.026070e-01	-3.794975e-01	1.296185e-01	-5.091160e-01	3.193672e-01	-5.798383e-03	1.032309e-02	4.002755e-03	1.232447e-02	-8.321717e-03
20            	5.904482e-01	2.887427e-01	3.017054e-01	-3.384191e-01	1.192022e-01	-4.576213e-01	2.884117e-01	-6.481361e-03	1.049264e-02	2.836660e-03	1.191097e-02	-9.074308e-03
21            	5.868815e-01	2.865481e-01	3.003334e-01	-2.951113e-01	1.118264e-01	-4.069377e-01	2.593821e-01	-6.892681e-03	1.094587e-02	2.569518e-03	1.223063e-02	-9.661110e-03
22            	5.823138e-01	2.840867e-01	2.982271e-01	-2.637882e-01	1.093828e-01	-3.731709e-01	2.412768e-01	-7.070226e-03	1.107116e-02	2.999852e-03	1.257109e-02	-9.571239e-03
23            	5.744171e-01	2.805464e-01	2.938708e-01	-2.353051e-01	1.088330e-01	-3.441381e-01	2.264855e-01	-6.662210e-03	1.115334e-02	2.952399e-03	1.262954e-02	-9.677144e-03
24            	5.626944e-01	2.751492e-01	2.875452e-01	-2.083346e-01	1.099894e-01	-3.183240e-01	2.141567e-01	-6.197991e-03	1.110036e-02	2.571010e-03	1.238587e-02	-9.814859e-03
25            	5.477916e-01	2.681654e-01	2.796262e-01	-1.835131e-01	1.124478e-01	-2.959609e-01	2.042044e-01	-5.730382e-03	1.118407e-02	1.822924e-03	1.209553e-02	-1.027261e-02
26            	5.314079e-01	2.604495e-01	2.709584e-01	-1.628645e-01	1.150665e-01	-2.779310e-01	1.964987e-01	-5.254448e-03	1.134068e-02	5.798404e-04	1.163060e-02	-1.105076e-02
27            	5.169106e-01	2.539286e-01	2.629821e-01	-1.452282e-01	1.174897e-01	-2.627179e-01	1.901038e-01	-4.526747e-03	1.154281e-02	-9.115398e-04	1.108704e-02	-1.199858e-02
28            	5.067263e-01	2.497029e-01	2.570233e-01	-1.287174e-01	1.196807e-01	-2.483981e-01	1.840394e-01	-3.660188e-03	1.160994e-02	-2.429294e-03	1.039530e-02	-1.282459e-02
29            	5.009238e-01	2.474517e-01	2.534721e-01	-1.134148e-01	1.200775e-01	-2.334923e-01	1.767849e-01	-3.010230e-03	1.170072e-02	-3.720306e-03	9.840571e-03	-1.356088e-02
30            	4.958275e-01	2.451637e-01	2.506639e-01	-9.496297e-02	1.189847e-01	-2.139476e-01	1.664661e-01	-2.750102e-03	1.162527e-02	-4.084774e-03	9.582879e-03	-1.366765e-02
31            	4.930831e-01	2.435638e-01	2.495193e-01	-8.091986e-02	1.174068e-01	-1.983266e-01	1.578667e-01	-2.977757e-03	1.152764e-02	-3.707201e-03	9.674040e-03	-1.338124e-02
32            	4.868615e-01	2.400604e-01	2.468010e-01	-6.158533e-02	1.145709e-01	-1.761562e-01	1.453636e-01	-3.370307e-03	1.125454e-02	-2.072102e-03	1.021849e-02	-1.229059e-02
33            	4.832373e-01	2.379690e-01	2.452683e-01	-5.295618e-02	1.129769e-01	-1.659331e-01	1.394550e-01	-3.649618e-03	1.115610e-02	-1.416738e-03	1.044773e-02	-1.186447e-02
34            	4.768150e-01	2.342857e-01	2.425293e-01	-4.582252e-02	1.093157e-01	-1.551382e-01	1.322269e-01	-4.121790e-03	1.115428e-02	-2.666656e-04	1.102095e-02	-1.128762e-02
35            	4.690928e-01	2.297913e-01	2.393015e-01	-4.136107e-02	1.046050e-01	-1.459660e-01	1.252855e-01	-4.755127e-03	1.134163e-02	5.639136e-04	1.162359e-02	-1.105967e-02
36            	4.613874e-01	2.252952e-01	2.360922e-01	-3.601034e-02	1.012478e-01	-1.372581e-01	1.192530e-01	-5.398506e-03	1.159433e-02	9.844031e-04	1.208653e-02	-1.110213e-02
37            	4.541706e-01	2.212739e-01	2.328967e-01	-2.971762e-02	1.002406e-01	-1.299582e-01	1.150994e-01	-5.811414e-03	1.172952e-02	1.106135e-03	1.228258e-02	-1.117645e-02
38            	4.478979e-01	2.181976e-01	2.297003e-01	-2.600396e-02	1.002996e-01	-1.263036e-01	1.133016e-01	-5.751309e-03	1.167767e-02	1.219339e-03	1.228734e-02	-1.106800e-02
39            	4.432024e-01	2.164862e-01	2.267162e-01	-2.573043e-02	1.004955e-01	-1.262260e-01	1.133608e-01	-5.115026e-03	1.143699e-02	1.464979e-03	1.216948e-02	-1.070450e-02
40            	4.402693e-01	2.161394e-01	2.241299e-01	-2.867248e-02	1.001202e-01	-1.287927e-01	1.144564e-01	-3.995218e-03	1.105293e-02	1.940153e-03	1.202301e-02	-1.008286e-02
41            	4.386930e-01	2.165653e-01	2.221277e-01	-3.359019e-02	9.943233e-02	-1.330225e-01	1.162274e-01	-2.781162e-03	1.054731e-02	2.570301e-03	1.183246e-02	-9.262160e-03
42            	4.376357e-01	2.170727e-01	2.205629e-01	-3.785919e-02	9.876652e-02	-1.366257e-01	1.176961e-01	-1.745082e-03	1.013218e-02	3.419171e-03	1.184176e-02	-8.422592e-03
43            	4.363132e-01	2.171622e-01	2.191510e-01	-4.052576e-02	9.760999e-02	-1.381357e-01	1.178729e-01	-9.943648e-04	9.920038e-03	4.720070e-03	1.228007e-02	-7.560003e-03
44            	4.342976e-01	2.164440e-01	2.178536e-01	-4.087867e-02	9.592809e-02	-1.368068e-01	1.163674e-01	-7.047688e-04	9.911418e-03	6.630320e-03	1.322658e-02	-6.596258e-03
45            	4.316129e-01	2.149081e-01	2.167048e-01	-3.824714e-02	9.370551e-02	-1.319526e-01	1.128291e-01	-8.983113e-04	1.011195e-02	8.945207e-03	1.458455e-02	-5.639345e-03
46            	4.285541e-01	2.129883e-01	2.155658e-01	-3.224162e-02	9.126932e-02	-1.235109e-01	1.073901e-01	-1.288734e-03	1.048591e-02	1.121633e-02	1.609408e-02	-4.877745e-03
47            	4.253579e-01	2.110055e-01	2.143524e-01	-2.215575e-02	8.957171e-02	-1.117275e-01	1.006496e-01	-1.673456e-03	1.094019e-02	1.323899e-02	1.755969e-02	-4.320700e-03
48            	4.222303e-01	2.091509e-01	2.130794e-01	-8.476282e-03	8.939195e-02	-9.786823e-02	9.363009e-02	-1.964251e-03	1.136234e-02	1.460932e-02	1.866700e-02	-4.057680e-03
49            	4.194670e-01	2.076771e-01	2.117899e-01	6.214299e-03	9.037442e-02	-8.416012e-02	8.726727e-02	-2.056415e-03	1.185573e-02	1.477753e-02	1.924449e-02	-4.466959e-03
50            	4.173152e-01	2.067573e-01	2.105579e-01	1.916881e-02	9.124046e-02	-7.207164e-02	8.165605e-02	-1.900279e-03	1.236050e-02	1.384538e-02	1.928319e-02	-5.437804e-03
51            	4.156514e-01	2.061477e-01	2.095037e-01	2.956100e-02	9.102967e-02	-6.146867e-02	7.624917e-02	-1.678015e-03	1.271350e-02	1.244947e-02	1.893823e-02	-6.488763e-03
52            	4.141489e-01	2.055563e-01	2.085925e-01	3.834847e-02	8.999756e-02	-5.164909e-02	7.082332e-02	-1.518097e-03	1.277184e-02	1.108795e-02	1.831581e-02	-7.227865e-03
53            	4.127647e-01	2.048764e-01	2.078882e-01	4.476737e-02	8.861270e-02	-4.384533e-02	6.622902e-02	-1.505897e-03	1.248106e-02	9.916685e-03	1.743940e-02	-7.522715e-03
54            	4.113568e-01	2.041063e-01	2.072506e-01	4.825307e-02	8.744295e-02	-3.918988e-02	6.331642e-02	-1.572134e-03	1.195511e-02	9.044902e-03	1.647756e-02	-7.432662e-03
55            	4.093227e-01	2.030221e-01	2.063006e-01	4.908642e-02	8.631115e-02	-3.722473e-02	6.176794e-02	-1.639243e-03	1.126867e-02	8.423957e-03	1.548065e-02	-7.056690e-03
56            	4.062640e-01	2.013931e-01	2.048709e-01	4.679928e-02	8.421437e-02	-3.741509e-02	6.081473e-02	-1.738878e-03	1.040281e-02	8.032285e-03	1.441895e-02	-6.386666e-03
57            	4.023956e-01	1.993729e-01	2.030226e-01	4.212851e-02	8.091012e-02	-3.878161e-02	5.984587e-02	-1.824870e-03	9.324052e-03	7.300206e-03	1.297416e-02	-5.673949e-03
58            	3.980082e-01	1.970249e-01	2.009834e-01	3.690688e-02	7.704214e-02	-4.013526e-02	5.858870e-02	-1.979257e-03	8.108370e-03	6.103241e-03	1.115999e-02	-5.056750e-03
59            	3.934996e-01	1.945608e-01	1.989388e-01	3.161926e-02	7.274050e-02	-4.112124e-02	5.693087e-02	-2.188999e-03	6.892047e-03	4.767336e-03	9.275714e-03	-4.508379e-03
60            	3.892666e-01	1.921350e-01	1.971315e-01	2.737715e-02	6.873624e-02	-4.135908e-02	5.504766e-02	-2.498244e-03	5.826780e-03	3.238574e-03	7.446066e-03	-4.207493e-03
61            	3.854392e-01	1.897577e-01	1.956815e-01	2.610588e-02	6.638247e-02	-4.027659e-02	5.332953e-02	-2.961892e-03	4.984040e-03	1.163786e-03	5.565933e-03	-4.402147e-03
62            	3.820536e-01	1.876161e-01	1.944376e-01	2.863514e-02	6.611099e-02	-3.747585e-02	5.179342e-02	-3.410758e-03	4.416003e-03	-1.762153e-03	3.534926e-03	-5.297080e-03
63            	3.791951e-01	1.859382e-01	1.932569e-01	3.417692e-02	6.743136e-02	-3.325445e-02	5.034291e-02	-3.659346e-03	4.171978e-03	-4.871067e-03	1.736444e-03	-6.607512e-03
64            	3.769433e-01	1.848204e-01	1.921229e-01	3.984138e-02	6.877696e-02	-2.893559e-02	4.885627e-02	-3.651268e-03	4.338517e-03	-6.877147e-03	8.999436e-04	-7.777090e-03
65            	3.757080e-01	1.843690e-01	1.913390e-01	4.359146e-02	6.908967e-02	-2.549821e-02	4.729394e-02	-3.484993e-03	4.917050e-03	-6.612673e-03	1.610713e-03	-8.223387e-03
66            	3.758020e-01	1.845817e-01	1.912203e-01	4.528688e-02	6.820531e-02	-2.291844e-02	4.556187e-02	-3.319349e-03	5.927837e-03	-3.595772e-03	4.129951e-03	-7.725723e-03
67            	3.768830e-01	1.851980e-01	1.916851e-01	4.602438e-02	6.665600e-02	-2.063163e-02	4.364382e-02	-3.243535e-03	7.405793e-03	1.635556e-03	8.223571e-03	-6.588015e-03
68            	3.784228e-01	1.859937e-01	1.924291e-01	4.728910e-02	6.569290e-02	-1.840379e-02	4.204834e-02	-3.217727e-03	8.983993e-03	7.571877e-03	1.276993e-02	-5.198054e-03
69            	3.797899e-01	1.867774e-01	1.930125e-01	4.902544e-02	6.554811e-02	-1.652267e-02	4.103539e-02	-3.117506e-03	1.023094e-02	1.274508e-02	1.660348e-02	-3.858403e-03
70            	3.804913e-01	1.873277e-01	1.931635e-01	5.064415e-02	6.573013e-02	-1.508598e-02	4.040805e-02	-2.917878e-03	1.102046e-02	1.636176e-02	1.920134e-02	-2.839582e-03
71            	3.802999e-01	1.874903e-01	1.928096e-01	5.212935e-02	6.577781e-02	-1.364846e-02	3.971313e-02	-2.659649e-03	1.123368e-02	1.825844e-02	2.036290e-02	-2.104463e-03
72            	3.792126e-01	1.872115e-01	1.920011e-01	5.482315e-02	6.612849e-02	-1.130534e-02	3.871691e-02	-2.394798e-03	1.083118e-02	1.813214e-02	1.989725e-02	-1.765110e-03
73            	3.769810e-01	1.862734e-01	1.907076e-01	6.119216e-02	6.780005e-02	-6.607882e-03	3.720396e-02	-2.217111e-03	9.860745e-03	1.570621e-02	1.771385e-02	-2.007638e-03
74            	3.735505e-01	1.845522e-01	1.889983e-01	7.181755e-02	7.076045e-02	1.057099e-03	3.485168e-02	-2.223009e-03	8.582254e-03	1.158388e-02	1.437419e-02	-2.790315e-03
75            	3.699054e-01	1.824993e-01	1.874062e-01	8.008780e-02	7.244149e-02	7.646313e-03	3.239759e-02	-2.453464e-03	7.368206e-03	7.812139e-03	1.127428e-02	-3.462137e-03
76            	3.664803e-01	1.806323e-01	1.858480e-01	8.428036e-02	7.233893e-02	1.194143e-02	3.019875e-02	-2.607867e-03	6.320034e-03	4.962332e-03	8.801200e-03	-3.838868e-03
77            	3.642498e-01	1.796291e-01	1.846208e-01	8.449289e-02	7.147385e-02	1.301904e-02	2.922741e-02	-2.495857e-03	5.607132e-03	3.351202e-03	7.282733e-03	-3.931531e-03
78            	3.603164e-01	1.777259e-01	1.825905e-01	8.513438e-02	6.780731e-02	1.732707e-02	2.524012e-02	-2.432305e-03	5.792863e-03	3.352368e-03	7.469046e-03	-4.116679e-03
79            	3.597729e-01	1.780177e-01	1.817551e-01	8.107889e-02	6.479385e-02	1.628504e-02	2.425440e-02	-1.868718e-03	5.831850e-03	3.644998e-03	7.654349e-03	-4.009351e-03
80            	3.591102e-01	1.778504e-01	1.812598e-01	7.662084e-02	6.046262e-02	1.615822e-02	2.215220e-02	-1.704724e-03	6.419730e-03	6.025581e-03	9.432521e-03	-3.406939e-03
81            	3.596193e-01	1.782160e-01	1.814033e-01	7.346350e-02	5.827541e-02	1.518810e-02	2.154366e-02	-1.593645e-03	6.722050e-03	7.355761e-03	1.039993e-02	-3.044170e-03
82            	3.608868e-01	1.786294e-01	1.822574e-01	7.141408e-02	5.791364e-02	1.350044e-02	2.220660e-02	-1.814007e-03	6.943763e-03	8.221462e-03	1.105449e-02	-2.833032e-03
83            	3.627841e-01	1.791949e-01	1.835892e-01	6.921341e-02	5.912789e-02	1.008552e-02	2.452118e-02	-2.197121e-03	6.929885e-03	7.550909e-03	1.070534e-02	-3.154430e-03
84            	3.638094e-01	1.791073e-01	1.847021e-01	6.928331e-02	6.134825e-02	7.935055e-03	2.670660e-02	-2.797386e-03	6.913336e-03	5.603783e-03	9.715228e-03	-4.111445e-03
85            	3.638403e-01	1.782499e-01	1.855903e-01	7.230616e-02	6.449125e-02	7.814907e-03	2.833817e-02	-3.670212e-03	7.057074e-03	3.863973e-03	8.989061e-03	-5.125088e-03
86            	3.644112e-01	1.777801e-01	1.866310e-01	7.672505e-02	7.086223e-02	5.862819e-03	3.249971e-02	-4.425435e-03	6.601215e-03	4.935422e-04	6.847986e-03	-6.354444e-03
87            	3.640397e-01	1.768610e-01	1.871787e-01	7.973991e-02	7.484607e-02	4.893836e-03	3.497612e-02	-5.158822e-03	6.812309e-03	-5.034174e-04	6.560600e-03	-7.064018e-03
88            	3.638150e-01	1.762104e-01	1.876046e-01	8.306348e-02	7.955730e-02	3.506184e-03	3.802556e-02	-5.697142e-03	6.977757e-03	-1.101623e-03	6.426946e-03	-7.528569e-03
89            	3.634177e-01	1.757617e-01	1.876560e-01	8.476055e-02	8.241451e-02	2.346032e-03	4.003424e-02	-5.947156e-03	7.392330e-03	-5.408786e-04	7.121890e-03	-7.662769e-03
90            	3.627700e-01	1.754988e-01	1.872712e-01	8.417664e-02	8.248080e-02	1.695838e-03	4.039248e-02	-5.886164e-03	8.034079e-03	1.250373e-03	8.659266e-03	-7.408893e-03
91            	3.619252e-01	1.753182e-01	1.866070e-01	8.234442e-02	8.026491e-02	2.079513e-03	3.909270e-02	-5.644391e-03	8.724895e-03	3.984616e-03	1.071720e-02	-6.732588e-03
92            	3.609033e-01	1.750793e-01	1.858240e-01	8.142909e-02	7.730035e-02	4.128739e-03	3.658581e-02	-5.372362e-03	9.326775e-03	6.796929e-03	1.272524e-02	-5.928311e-03
93            	3.599447e-01	1.748144e-01	1.851304e-01	8.363148e-02	7.576550e-02	7.865981e-03	3.394976e-02	-5.158009e-03	9.777425e-03	8.837286e-03	1.419607e-02	-5.358782e-03
94            	3.591359e-01	1.744891e-01	1.846468e-01	8.922874e-02	7.677862e-02	1.245012e-02	3.216425e-02	-5.078860e-03	1.010555e-02	9.794562e-03	1.500283e-02	-5.208269e-03
95            	3.584054e-01	1.740596e-01	1.843458e-01	9.631005e-02	7.963743e-02	1.667262e-02	3.148241e-02	-5.143085e-03	1.030886e-02	9.771464e-03	1.519459e-02	-5.423126e-03
96            	3.577527e-01	1.735662e-01	1.841865e-01	1.030812e-01	8.334968e-02	1.973149e-02	3.180909e-02	-5.310134e-03	1.039313e-02	9.023140e-03	1.490470e-02	-5.881559e-03
97            	3.571543e-01	1.730432e-01	1.841111e-01	1.085799e-01	8.720744e-02	2.137246e-02	3.291749e-02	-5.533917e-03	1.029276e-02	7.896958e-03	1.424124e-02	-6.344281e-03
98            	3.566201e-01	1.725660e-01	1.840541e-01	1.120383e-01	9.044994e-02	2.158831e-02	3.443082e-02	-5.744064e-03	1.005644e-02	6.676262e-03	1.339457e-02	-6.718304e-03
99            	3.560789e-01	1.721715e-01	1.839074e-01	1.132593e-01	9.258386e-02	2.067544e-02	3.595421e-02	-5.867969e-03	9.834787e-03	5.501925e-03	1.258575e-02	-7.083824e-03
100           	3.555511e-01	1.718906e-01	1.836605e-01	1.125617e-01	9.359254e-02	1.896913e-02	3.731171e-02	-5.884954e-03	9.720221e-03	4.636558e-03	1.203850e-02	-7.401942e-03
101           	3.549754e-01	1.716056e-01	1.833698e-01	1.108665e-01	9.392053e-02	1.694595e-02	3.848729e-02	-5.882099e-03	9.748233e-03	4.281069e-03	1.188877e-02	-7.607698e-03
102           	3.543000e-01	1.711986e-01	1.831014e-01	1.089424e-01	9.394594e-02	1.499649e-02	3.947472e-02	-5.951411e-03	9.933943e-03	4.404766e-03	1.213633e-02	-7.731560e-03
103           	3.533757e-01	1.705745e-01	1.828011e-01	1.075555e-01	9.401757e-02	1.353791e-02	4.023983e-02	-6.113306e-03	1.020319e-02	4.835227e-03	1.262081e-02	-7.785580e-03
104           	3.522457e-01	1.698295e-01	1.824162e-01	1.065984e-01	9.426526e-02	1.233310e-02	4.096608e-02	-6.293351e-03	1.041856e-02	5.368171e-03	1.310264e-02	-7.734474e-03
105           	3.509278e-01	1.690044e-01	1.819234e-01	1.058871e-01	9.467171e-02	1.121537e-02	4.172817e-02	-6.459505e-03	1.045561e-02	5.840210e-03	1.337571e-02	-7.535503e-03
106           	3.494960e-01	1.681769e-01	1.813192e-01	1.048882e-01	9.499145e-02	9.896723e-03	4.254737e-02	-6.571167e-03	1.023077e-02	6.043204e-03	1.325237e-02	-7.209164e-03
107           	3.480439e-01	1.673694e-01	1.806745e-01	1.035270e-01	9.497560e-02	8.551424e-03	4.321209e-02	-6.652518e-03	9.707835e-03	5.951840e-03	1.268376e-02	-6.731915e-03
108           	3.467864e-01	1.667075e-01	1.800789e-01	1.017069e-01	9.485340e-02	6.853535e-03	4.399993e-02	-6.685729e-03	8.913183e-03	5.390012e-03	1.160819e-02	-6.218177e-03
109           	3.457173e-01	1.661517e-01	1.795656e-01	9.955116e-02	9.479985e-02	4.751305e-03	4.502427e-02	-6.706923e-03	7.958109e-03	4.350044e-03	1.013313e-02	-5.783088e-03
110           	3.450110e-01	1.658153e-01	1.791957e-01	9.714635e-02	9.503247e-02	2.113887e-03	4.645929e-02	-6.690227e-03	6.968682e-03	2.913061e-03	8.425213e-03	-5.512152e-03
111           	3.445498e-01	1.656017e-01	1.789481e-01	9.482313e-02	9.533523e-02	-5.121039e-04	4.792367e-02	-6.673176e-03	6.037520e-03	1.208388e-03	6.641714e-03	-5.433326e-03
112           	3.444242e-01	1.655815e-01	1.788427e-01	9.288892e-02	9.558657e-02	-2.697651e-03	4.914211e-02	-6.630581e-03	5.273042e-03	-5.232893e-04	5.011397e-03	-5.534686e-03
113           	3.444050e-01	1.655629e-01	1.788421e-01	9.177369e-02	9.555098e-02	-3.777281e-03	4.966413e-02	-6.639638e-03	4.777542e-03	-1.887307e-03	3.833889e-03	-5.721195e-03
114           	3.445051e-01	1.655679e-01	1.789372e-01	9.173956e-02	9.530952e-02	-3.569965e-03	4.943974e-02	-6.684672e-03	4.619807e-03	-2.583614e-03	3.328000e-03	-5.911615e-03
115           	3.444826e-01	1.653943e-01	1.790882e-01	9.336119e-02	9.490946e-02	-1.548270e-03	4.822886e-02	-6.846960e-03	4.826997e-03	-2.462891e-03	3.595551e-03	-6.058442e-03
116           	3.443342e-01	1.650588e-01	1.792754e-01	9.691156e-02	9.462244e-02	2.289118e-03	4.616666e-02	-7.108309e-03	5.376224e-03	-1.549714e-03	4.601367e-03	-6.151081e-03
117           	3.439283e-01	1.644625e-01	1.794658e-01	1.024897e-01	9.461061e-02	7.879108e-03	4.336575e-02	-7.501663e-03	6.147996e-03	-5.289256e-05	6.121550e-03	-6.174442e-03
118           	3.434787e-01	1.638297e-01	1.796490e-01	1.089300e-01	9.486212e-02	1.406787e-02	4.039712e-02	-7.909632e-03	7.025725e-03	1.731872e-03	7.891661e-03	-6.159789e-03
119           	3.430475e-01	1.631811e-01	1.798664e-01	1.145307e-01	9.507264e-02	1.945805e-02	3.780729e-02	-8.342628e-03	7.859949e-03	3.470128e-03	9.595013e-03	-6.124885e-03
120           	3.428262e-01	1.626703e-01	1.801559e-01	1.183383e-01	9.503625e-02	2.330208e-02	3.586708e-02	-8.742817e-03	8.640650e-03	5.115595e-03	1.119845e-02	-6.082852e-03
121           	3.426865e-01	1.621726e-01	1.805139e-01	1.206782e-01	9.480664e-02	2.587157e-02	3.446754e-02	-9.170682e-03	9.318878e-03	6.613234e-03	1.262549e-02	-6.012261e-03
122           	3.426608e-01	1.618310e-01	1.808299e-01	1.216672e-01	9.449306e-02	2.717415e-02	3.365946e-02	-9.499444e-03	9.858129e-03	7.802790e-03	1.375952e-02	-5.956733e-03
123           	3.426236e-01	1.615421e-01	1.810815e-01	1.219183e-01	9.421922e-02	2.769908e-02	3.326007e-02	-9.769669e-03	1.021861e-02	8.720510e-03	1.457887e-02	-5.858359e-03
124           	3.426821e-01	1.614608e-01	1.812213e-01	1.215193e-01	9.393021e-02	2.758907e-02	3.317057e-02	-9.880229e-03	1.040390e-02	9.248735e-03	1.502826e-02	-5.779530e-03
125           	3.427065e-01	1.614423e-01	1.812643e-01	1.210058e-01	9.349922e-02	2.750663e-02	3.299630e-02	-9.910991e-03	1.039799e-02	9.496429e-03	1.514620e-02	-5.649776e-03
126           	3.427427e-01	1.615236e-01	1.812191e-01	1.205177e-01	9.292857e-02	2.758912e-02	3.266973e-02	-9.847720e-03	1.026826e-02	9.561122e-03	1.504882e-02	-5.487701e-03
127           	3.426633e-01	1.615494e-01	1.811138e-01	1.203095e-01	9.218400e-02	2.812553e-02	3.202923e-02	-9.782193e-03	1.008926e-02	9.628835e-03	1.490368e-02	-5.274847e-03
128           	3.424793e-01	1.615288e-01	1.809506e-01	1.203304e-01	9.129488e-02	2.903550e-02	3.112969e-02	-9.710888e-03	9.857681e-03	9.789062e-03	1.475221e-02	-4.963150e-03
129           	3.420773e-01	1.613327e-01	1.807447e-01	1.207815e-01	9.028926e-02	3.049226e-02	2.989850e-02	-9.706006e-03	9.580183e-03	1.014886e-02	1.465461e-02	-4.505754e-03
130           	3.415488e-01	1.610756e-01	1.804732e-01	1.215167e-01	8.933541e-02	3.218129e-02	2.857706e-02	-9.698765e-03	9.334188e-03	1.072616e-02	1.469727e-02	-3.971111e-03
131           	3.408599e-01	1.606728e-01	1.801871e-01	1.228536e-01	8.867437e-02	3.417927e-02	2.724755e-02	-9.757170e-03	9.165599e-03	1.157279e-02	1.495199e-02	-3.379205e-03
132           	3.402419e-01	1.603246e-01	1.799173e-01	1.242689e-01	8.846142e-02	3.580751e-02	2.632696e-02	-9.796341e-03	9.081477e-03	1.256715e-02	1.536505e-02	-2.797900e-03
133           	3.397150e-01	1.599815e-01	1.797335e-01	1.254286e-01	8.859439e-02	3.683422e-02	2.588009e-02	-9.875977e-03	9.078813e-03	1.361743e-02	1.588753e-02	-2.270099e-03
134           	3.394788e-01	1.598038e-01	1.796750e-01	1.255554e-01	8.890103e-02	3.665437e-02	2.612333e-02	-9.935562e-03	9.149743e-03	1.453799e-02	1.641874e-02	-1.880750e-03
135           	3.394776e-01	1.597268e-01	1.797508e-01	1.246706e-01	8.919160e-02	3.547901e-02	2.685630e-02	-1.001198e-02	9.216416e-03	1.521984e-02	1.682634e-02	-1.606494e-03
136           	3.397729e-01	1.598631e-01	1.799098e-01	1.227397e-01	8.940394e-02	3.333573e-02	2.803411e-02	-1.002337e-02	9.271547e-03	1.549651e-02	1.701980e-02	-1.523293e-03
137           	3.403618e-01	1.601661e-01	1.801957e-01	1.201592e-01	8.950073e-02	3.065846e-02	2.942114e-02	-1.001479e-02	9.294371e-03	1.529644e-02	1.694259e-02	-1.646148e-03
138           	3.413059e-01	1.607575e-01	1.805484e-01	1.173053e-01	8.936702e-02	2.793832e-02	3.071435e-02	-9.895440e-03	9.228316e-03	1.458010e-02	1.651837e-02	-1.938266e-03
139           	3.422833e-01	1.613941e-01	1.808892e-01	1.152072e-01	8.891158e-02	2.629565e-02	3.130797e-02	-9.747571e-03	9.123222e-03	1.357196e-02	1.590920e-02	-2.337241e-03
140           	3.432318e-01	1.620830e-01	1.811488e-01	1.140124e-01	8.823217e-02	2.578024e-02	3.122597e-02	-9.532918e-03	9.045948e-03	1.250753e-02	1.529971e-02	-2.792182e-03
141           	3.439982e-01	1.626325e-01	1.813657e-01	1.141392e-01	8.749777e-02	2.664146e-02	3.042815e-02	-9.366576e-03	8.984672e-03	1.161735e-02	1.479335e-02	-3.175996e-03
142           	3.444837e-01	1.630468e-01	1.814369e-01	1.151348e-01	8.666417e-02	2.847065e-02	2.909676e-02	-9.195014e-03	8.990728e-03	1.101680e-02	1.449913e-02	-3.482327e-03
143           	3.445357e-01	1.631351e-01	1.814005e-01	1.172571e-01	8.584081e-02	3.141631e-02	2.721225e-02	-9.132695e-03	9.089985e-03	1.087351e-02	1.452674e-02	-3.653230e-03
144           	3.442327e-01	1.630433e-01	1.811895e-01	1.199885e-01	8.506918e-02	3.491930e-02	2.507494e-02	-9.073102e-03	9.316545e-03	1.115707e-02	1.489508e-02	-3.738011e-03
145           	3.435038e-01	1.626167e-01	1.808871e-01	1.231434e-01	8.433767e-02	3.880576e-02	2.276595e-02	-9.135213e-03	9.633404e-03	1.189091e-02	1.557886e-02	-3.687951e-03
146           	3.427666e-01	1.622181e-01	1.805485e-01	1.255500e-01	8.376035e-02	4.178970e-02	2.098533e-02	-9.165207e-03	1.000458e-02	1.282737e-02	1.641826e-02	-3.590890e-03
147           	3.419799e-01	1.616642e-01	1.803157e-01	1.271159e-01	8.324518e-02	4.387068e-02	1.968725e-02	-9.325763e-03	1.037193e-02	1.394737e-02	1.734561e-02	-3.398244e-03
148           	3.413275e-01	1.611898e-01	1.801377e-01	1.274421e-01	8.272897e-02	4.471318e-02	1.900789e-02	-9.473929e-03	1.069009e-02	1.494888e-02	1.816454e-02	-3.215655e-03
149           	3.407603e-01	1.607145e-01	1.800457e-01	1.268705e-01	8.214685e-02	4.472369e-02	1.871158e-02	-9.665613e-03	1.093509e-02	1.581277e-02	1.884148e-02	-3.028704e-03
150           	3.403930e-01	1.603813e-01	1.800117e-01	1.253424e-01	8.152745e-02	4.381494e-02	1.885625e-02	-9.815174e-03	1.106337e-02	1.638749e-02	1.925712e-02	-2.869626e-03
151           	3.401795e-01	1.601834e-01	1.799960e-01	1.231702e-01	8.078476e-02	4.238544e-02	1.919966e-02	-9.906296e-03	1.109603e-02	1.648300e-02	1.933753e-02	-2.854530e-03
152           	3.400346e-01	1.601463e-01	1.798883e-01	1.208231e-01	7.981298e-02	4.101012e-02	1.940143e-02	-9.870977e-03	1.101038e-02	1.606415e-02	1.904246e-02	-2.978304e-03
153           	3.398717e-01	1.601603e-01	1.797114e-01	1.190396e-01	7.871949e-02	4.032009e-02	1.919970e-02	-9.775573e-03	1.087040e-02	1.543366e-02	1.858723e-02	-3.153566e-03
154           	3.397746e-01	1.602376e-01	1.795370e-01	1.178595e-01	7.763588e-02	4.022366e-02	1.870611e-02	-9.649706e-03	1.077544e-02	1.484120e-02	1.819604e-02	-3.354845e-03
155           	3.396794e-01	1.602757e-01	1.794037e-01	1.173528e-01	7.658830e-02	4.076445e-02	1.791193e-02	-9.564026e-03	1.074323e-02	1.455940e-02	1.802293e-02	-3.463530e-03
156           	3.396291e-01	1.603086e-01	1.793205e-01	1.172657e-01	7.561593e-02	4.164975e-02	1.698309e-02	-9.505964e-03	1.086215e-02	1.475245e-02	1.823837e-02	-3.485927e-03
157           	3.395584e-01	1.602164e-01	1.793420e-01	1.177930e-01	7.476594e-02	4.302705e-02	1.586944e-02	-9.562833e-03	1.116903e-02	1.556364e-02	1.895085e-02	-3.387210e-03
158           	3.394832e-01	1.601016e-01	1.793816e-01	1.187639e-01	7.408418e-02	4.467974e-02	1.470222e-02	-9.639966e-03	1.167723e-02	1.693594e-02	2.014520e-02	-3.209256e-03
159           	3.393102e-01	1.598508e-01	1.794594e-01	1.202037e-01	7.357478e-02	4.662890e-02	1.347294e-02	-9.804271e-03	1.230956e-02	1.884014e-02	2.172963e-02	-2.889491e-03
160           	3.392341e-01	1.596603e-01	1.795738e-01	1.213401e-01	7.319608e-02	4.814405e-02	1.252601e-02	-9.956711e-03	1.299341e-02	2.096385e-02	2.347534e-02	-2.511487e-03
161           	3.392115e-01	1.594420e-01	1.797695e-01	1.220486e-01	7.289504e-02	4.915357e-02	1.187074e-02	-1.016374e-02	1.359397e-02	2.309967e-02	2.514380e-02	-2.044134e-03
162           	3.394499e-01	1.593744e-01	1.800755e-01	1.217498e-01	7.266505e-02	4.908476e-02	1.179014e-02	-1.035059e-02	1.403408e-02	2.499413e-02	2.653114e-02	-1.537013e-03
163           	3.398876e-01	1.593435e-01	1.805441e-01	1.207903e-01	7.259859e-02	4.819167e-02	1.220346e-02	-1.060031e-02	1.428172e-02	2.662557e-02	2.759451e-02	-9.689383e-04
164           	3.406568e-01	1.595380e-01	1.811189e-01	1.188393e-01	7.272298e-02	4.611629e-02	1.330334e-02	-1.079046e-02	1.431511e-02	2.775826e-02	2.819424e-02	-4.359747e-04
165           	3.415363e-01	1.597935e-01	1.817428e-01	1.164591e-01	7.306512e-02	4.339399e-02	1.483557e-02	-1.097467e-02	1.413195e-02	2.833543e-02	2.829966e-02	3.576779e-05
166           	3.425728e-01	1.602618e-01	1.823111e-01	1.138167e-01	7.356586e-02	4.025081e-02	1.665752e-02	-1.102465e-02	1.384753e-02	2.827210e-02	2.798358e-02	2.885199e-04
167           	3.435098e-01	1.607330e-01	1.827768e-01	1.116631e-01	7.409395e-02	3.756911e-02	1.826242e-02	-1.102191e-02	1.360411e-02	2.787236e-02	2.754029e-02	3.320688e-04
168           	3.442976e-01	1.611756e-01	1.831220e-01	1.101863e-01	7.455495e-02	3.563132e-02	1.946182e-02	-1.097323e-02	1.348660e-02	2.734090e-02	2.715705e-02	1.838521e-04
169           	3.449424e-01	1.615573e-01	1.833851e-01	1.095843e-01	7.492000e-02	3.466426e-02	2.012787e-02	-1.091387e-02	1.349270e-02	2.685612e-02	2.692076e-02	-6.464059e-05
170           	3.454440e-01	1.618784e-01	1.835656e-01	1.096911e-01	7.514710e-02	3.454399e-02	2.030155e-02	-1.084358e-02	1.363590e-02	2.659854e-02	2.693517e-02	-3.366236e-04
171           	3.457820e-01	1.620744e-01	1.837076e-01	1.103827e-01	7.508674e-02	3.529591e-02	1.989541e-02	-1.081661e-02	1.391725e-02	2.678850e-02	2.731151e-02	-5.230026e-04
172           	3.459937e-01	1.621946e-01	1.837991e-01	1.120325e-01	7.496155e-02	3.707094e-02	1.894531e-02	-1.080222e-02	1.431685e-02	2.740281e-02	2.801826e-02	-6.154460e-04
173           	3.460198e-01	1.622286e-01	1.837912e-01	1.146425e-01	7.485854e-02	3.978397e-02	1.753729e-02	-1.078126e-02	1.475947e-02	2.827316e-02	2.889605e-02	-6.228906e-04
174           	3.459733e-01	1.622650e-01	1.837083e-01	1.173873e-01	7.470140e-02	4.268592e-02	1.600774e-02	-1.072164e-02	1.514807e-02	2.911909e-02	2.970761e-02	-5.885264e-04
175           	3.459573e-01	1.623233e-01	1.836340e-01	1.196343e-01	7.441598e-02	4.521835e-02	1.459881e-02	-1.065535e-02	1.542496e-02	2.981732e-02	3.033362e-02	-5.162958e-04
176           	3.461176e-01	1.624829e-01	1.836347e-01	1.210220e-01	7.412447e-02	4.689752e-02	1.361348e-02	-1.057592e-02	1.550676e-02	3.026525e-02	3.063938e-02	-3.741338e-04
177           	3.463450e-01	1.626662e-01	1.836788e-01	1.214915e-01	7.384758e-02	4.764394e-02	1.310182e-02	-1.050633e-02	1.535068e-02	3.040013e-02	3.055075e-02	-1.506117e-04
178           	3.467151e-01	1.629441e-01	1.837710e-01	1.208963e-01	7.362078e-02	4.727553e-02	1.317263e-02	-1.041344e-02	1.495363e-02	3.005243e-02	2.997985e-02	7.258916e-05
179           	3.471917e-01	1.633086e-01	1.838831e-01	1.192507e-01	7.339862e-02	4.585204e-02	1.377329e-02	-1.028725e-02	1.428877e-02	2.906855e-02	2.882305e-02	2.454996e-04
180           	3.477562e-01	1.638434e-01	1.839129e-01	1.167506e-01	7.312670e-02	4.362395e-02	1.475137e-02	-1.003476e-02	1.338669e-02	2.734935e-02	2.706137e-02	2.879838e-04
181           	3.482204e-01	1.644021e-01	1.838183e-01	1.144912e-01	7.295555e-02	4.153570e-02	1.570992e-02	-9.708108e-03	1.248610e-02	2.526726e-02	2.511973e-02	1.475263e-04
182           	3.485549e-01	1.649301e-01	1.836247e-01	1.129772e-01	7.292907e-02	4.004812e-02	1.644048e-02	-9.347301e-03	1.175939e-02	2.324298e-02	2.338088e-02	-1.378984e-04
183           	3.486211e-01	1.652650e-01	1.833561e-01	1.125433e-01	7.282293e-02	3.972039e-02	1.655127e-02	-9.045555e-03	1.122106e-02	2.164501e-02	2.204357e-02	-3.985581e-04
184           	3.485274e-01	1.654766e-01	1.830508e-01	1.129637e-01	7.262563e-02	4.033805e-02	1.614379e-02	-8.787075e-03	1.096293e-02	2.058362e-02	2.125474e-02	-6.711177e-04
185           	3.482389e-01	1.654694e-01	1.827695e-01	1.140831e-01	7.208916e-02	4.199393e-02	1.504761e-02	-8.650039e-03	1.099132e-02	2.018253e-02	2.108258e-02	-9.000507e-04
186           	3.477965e-01	1.653142e-01	1.824823e-01	1.159678e-01	7.126292e-02	4.470491e-02	1.327901e-02	-8.584069e-03	1.127687e-02	2.047776e-02	2.151575e-02	-1.037984e-03
187           	3.471010e-01	1.649433e-01	1.821577e-01	1.188060e-01	7.032493e-02	4.848105e-02	1.092194e-02	-8.607177e-03	1.178735e-02	2.142680e-02	2.250075e-02	-1.073951e-03
188           	3.464267e-01	1.645369e-01	1.818899e-01	1.220120e-01	6.966721e-02	5.234478e-02	8.661215e-03	-8.676502e-03	1.237821e-02	2.279103e-02	2.377373e-02	-9.826974e-04
189           	3.459059e-01	1.641328e-01	1.817731e-01	1.249187e-01	6.940515e-02	5.551359e-02	6.945781e-03	-8.820128e-03	1.293793e-02	2.433794e-02	2.510690e-02	-7.689592e-04
190           	3.456454e-01	1.638312e-01	1.818142e-01	1.267825e-01	6.944940e-02	5.733309e-02	6.058155e-03	-8.991524e-03	1.342642e-02	2.585386e-02	2.635335e-02	-4.994875e-04
191           	3.455326e-01	1.635467e-01	1.819858e-01	1.275923e-01	6.975934e-02	5.783297e-02	5.963184e-03	-9.219541e-03	1.378408e-02	2.718978e-02	2.737897e-02	-1.891858e-04
192           	3.456490e-01	1.634040e-01	1.822449e-01	1.270458e-01	7.027002e-02	5.677578e-02	6.747120e-03	-9.420452e-03	1.398300e-02	2.808667e-02	2.802634e-02	6.032984e-05
193           	3.459335e-01	1.633352e-01	1.825984e-01	1.252822e-01	7.098342e-02	5.429876e-02	8.342331e-03	-9.631591e-03	1.394145e-02	2.845060e-02	2.816675e-02	2.838518e-04
194           	3.464171e-01	1.634665e-01	1.829505e-01	1.222248e-01	7.179173e-02	5.043309e-02	1.067932e-02	-9.742004e-03	1.362474e-02	2.810048e-02	2.767497e-02	4.255033e-04
195           	3.468951e-01	1.636596e-01	1.832355e-01	1.190817e-01	7.270817e-02	4.637351e-02	1.316733e-02	-9.787976e-03	1.323636e-02	2.720946e-02	2.684109e-02	3.683703e-04
196           	3.471956e-01	1.638240e-01	1.833717e-01	1.163337e-01	7.345107e-02	4.288267e-02	1.528420e-02	-9.773852e-03	1.294737e-02	2.618638e-02	2.604056e-02	1.458169e-04
197           	3.471786e-01	1.638192e-01	1.833594e-01	1.144326e-01	7.389439e-02	4.053820e-02	1.667810e-02	-9.770089e-03	1.272100e-02	2.536486e-02	2.540344e-02	-3.857280e-05
198           	3.470010e-01	1.637445e-01	1.832564e-01	1.133049e-01	7.416975e-02	3.913516e-02	1.751729e-02	-9.755956e-03	1.263422e-02	2.491778e-02	2.509311e-02	-1.753289e-04
199           	3.466886e-01	1.635168e-01	1.831718e-01	1.129661e-01	7.412869e-02	3.883737e-02	1.764566e-02	-9.827528e-03	1.270870e-02	2.498698e-02	2.520219e-02	-2.152084e-04
200           	3.463043e-01	1.631949e-01	1.831095e-01	1.132749e-01	7.375664e-02	3.951822e-02	1.711921e-02	-9.957296e-03	1.295239e-02	2.554230e-02	2.572353e-02	-1.812375e-04
201           	3.456964e-01	1.626816e-01	1.830148e-01	1.145546e-01	7.314966e-02	4.140496e-02	1.587235e-02	-1.016657e-02	1.337904e-02	2.649682e-02	2.662745e-02	-1.306292e-04
202           	3.449570e-01	1.620897e-01	1.828673e-01	1.165405e-01	7.235208e-02	4.418844e-02	1.408182e-02	-1.038881e-02	1.386614e-02	2.769135e-02	2.771182e-02	-2.046638e-05
203           	3.443100e-01	1.615336e-01	1.827764e-01	1.185964e-01	7.155378e-02	4.704263e-02	1.225558e-02	-1.062136e-02	1.421688e-02	2.883568e-02	2.863472e-02	2.009562e-04
204           	3.439602e-01	1.611563e-01	1.828038e-01	1.199101e-01	7.093692e-02	4.897318e-02	1.098187e-02	-1.082375e-02	1.444730e-02	2.979930e-02	2.934695e-02	4.523467e-04
205           	3.438634e-01	1.609157e-01	1.829477e-01	1.205151e-01	7.061114e-02	4.990394e-02	1.035360e-02	-1.101596e-02	1.454657e-02	3.056453e-02	2.982883e-02	7.356950e-04
206           	3.440235e-01	1.608467e-01	1.831769e-01	1.200899e-01	7.052562e-02	4.956430e-02	1.048066e-02	-1.116510e-02	1.449313e-02	3.097424e-02	2.998025e-02	9.939936e-04
207           	3.443839e-01	1.609026e-01	1.834813e-01	1.185792e-01	7.062056e-02	4.795864e-02	1.133096e-02	-1.128934e-02	1.426513e-02	3.085668e-02	2.969347e-02	1.163217e-03
208           	3.449737e-01	1.611740e-01	1.837997e-01	1.159259e-01	7.085866e-02	4.506726e-02	1.289570e-02	-1.131285e-02	1.380082e-02	3.009055e-02	2.884609e-02	1.244457e-03
209           	3.456214e-01	1.615929e-01	1.840285e-01	1.129966e-01	7.128763e-02	4.170901e-02	1.478931e-02	-1.121782e-02	1.317936e-02	2.877841e-02	2.756856e-02	1.209846e-03
210           	3.462548e-01	1.621249e-01	1.841299e-01	1.104223e-01	7.193612e-02	3.848616e-02	1.672498e-02	-1.100251e-02	1.258229e-02	2.719693e-02	2.618075e-02	1.016180e-03
211           	3.467514e-01	1.626184e-01	1.841330e-01	1.086470e-01	7.255853e-02	3.608843e-02	1.823505e-02	-1.075733e-02	1.214732e-02	2.573406e-02	2.501435e-02	7.197134e-04
212           	3.470592e-01	1.630277e-01	1.840316e-01	1.077249e-01	7.301970e-02	3.470519e-02	1.915726e-02	-1.050195e-02	1.193343e-02	2.464331e-02	2.425508e-02	3.882286e-04
213           	3.471534e-01	1.632405e-01	1.839130e-01	1.072867e-01	7.306295e-02	3.422371e-02	1.941962e-02	-1.033626e-02	1.197243e-02	2.409694e-02	2.402090e-02	7.604218e-05
214           	3.470837e-01	1.632448e-01	1.838389e-01	1.068487e-01	7.243956e-02	3.440911e-02	1.901523e-02	-1.029708e-02	1.225364e-02	2.417613e-02	2.434171e-02	-1.655801e-04
215           	3.468139e-01	1.630129e-01	1.838011e-01	1.068795e-01	7.132326e-02	3.555628e-02	1.788349e-02	-1.039411e-02	1.280997e-02	2.482430e-02	2.522212e-02	-3.978204e-04
216           	3.463252e-01	1.625804e-01	1.837448e-01	1.075093e-01	6.996008e-02	3.754921e-02	1.620543e-02	-1.058221e-02	1.356711e-02	2.597789e-02	2.655606e-02	-5.781659e-04
217           	3.458106e-01	1.620847e-01	1.837259e-01	1.087811e-01	6.877137e-02	4.000968e-02	1.438084e-02	-1.082056e-02	1.434242e-02	2.744075e-02	2.806279e-02	-6.220426e-04
218           	3.454844e-01	1.616943e-01	1.837901e-01	1.101110e-01	6.796396e-02	4.214706e-02	1.290845e-02	-1.104790e-02	1.497761e-02	2.896955e-02	2.946238e-02	-4.928323e-04
219           	3.454474e-01	1.614718e-01	1.839756e-01	1.110483e-01	6.757148e-02	4.347680e-02	1.204734e-02	-1.125192e-02	1.538595e-02	3.039942e-02	3.058566e-02	-1.862439e-04
220           	3.457066e-01	1.614373e-01	1.842692e-01	1.113666e-01	6.764264e-02	4.372395e-02	1.195934e-02	-1.141597e-02	1.555392e-02	3.152333e-02	3.131559e-02	2.077405e-04
221           	3.461437e-01	1.615375e-01	1.846062e-01	1.108921e-01	6.798631e-02	4.290576e-02	1.254028e-02	-1.153434e-02	1.544760e-02	3.211602e-02	3.150560e-02	6.104111e-04
222           	3.468403e-01	1.618706e-01	1.849697e-01	1.093356e-01	6.850853e-02	4.082703e-02	1.384075e-02	-1.154956e-02	1.500333e-02	3.183153e-02	3.091909e-02	9.124403e-04
223           	3.477706e-01	1.624789e-01	1.852917e-01	1.071002e-01	6.908689e-02	3.801334e-02	1.553678e-02	-1.140644e-02	1.429869e-02	3.047555e-02	2.953647e-02	9.390815e-04
224           	3.486519e-01	1.631411e-01	1.855108e-01	1.051562e-01	6.957323e-02	3.558301e-02	1.699511e-02	-1.118487e-02	1.364628e-02	2.874526e-02	2.801891e-02	7.263490e-04
225           	3.491993e-01	1.636055e-01	1.855938e-01	1.041720e-01	6.986092e-02	3.431108e-02	1.777492e-02	-1.099416e-02	1.314493e-02	2.724923e-02	2.676955e-02	4.796801e-04
226           	3.495344e-01	1.639064e-01	1.856280e-01	1.038450e-01	7.002014e-02	3.382483e-02	1.809766e-02	-1.086080e-02	1.286319e-02	2.622124e-02	2.597381e-02	2.474294e-04
227           	3.497326e-01	1.640169e-01	1.857157e-01	1.037930e-01	6.981065e-02	3.398238e-02	1.791413e-02	-1.084943e-02	1.283737e-02	2.576634e-02	2.572054e-02	4.580038e-05
228           	3.497813e-01	1.639249e-01	1.858564e-01	1.040102e-01	6.925741e-02	3.475281e-02	1.725230e-02	-1.096572e-02	1.311654e-02	2.603767e-02	2.613537e-02	-9.770733e-05
229           	3.496346e-01	1.636252e-01	1.860094e-01	1.049876e-01	6.864660e-02	3.634098e-02	1.615281e-02	-1.119208e-02	1.372377e-02	2.702905e-02	2.723829e-02	-2.092470e-04
230           	3.492430e-01	1.631685e-01	1.860745e-01	1.071798e-01	6.837839e-02	3.880138e-02	1.478850e-02	-1.145298e-02	1.447405e-02	2.855152e-02	2.874981e-02	-1.982934e-04
231           	3.487909e-01	1.627110e-01	1.860799e-01	1.098738e-01	6.843692e-02	4.143684e-02	1.350004e-02	-1.168445e-02	1.514319e-02	3.021611e-02	3.025124e-02	-3.513492e-05
232           	3.485579e-01	1.624049e-01	1.861531e-01	1.119819e-01	6.868904e-02	4.329282e-02	1.269811e-02	-1.187411e-02	1.567440e-02	3.175128e-02	3.155004e-02	2.012429e-04
233           	3.485788e-01	1.622506e-01	1.863282e-01	1.131611e-01	6.907814e-02	4.408291e-02	1.249761e-02	-1.203882e-02	1.606622e-02	3.302880e-02	3.258062e-02	4.481730e-04
234           	3.487255e-01	1.621868e-01	1.865387e-01	1.131790e-01	6.946767e-02	4.371138e-02	1.287815e-02	-1.217598e-02	1.622900e-02	3.391350e-02	3.318576e-02	7.277464e-04
235           	3.490522e-01	1.622529e-01	1.867993e-01	1.119323e-01	6.991026e-02	4.202205e-02	1.394411e-02	-1.227318e-02	1.610977e-02	3.420660e-02	3.321307e-02	9.935254e-04
236           	3.496284e-01	1.625484e-01	1.870800e-01	1.095360e-01	7.059210e-02	3.894393e-02	1.582408e-02	-1.226582e-02	1.565796e-02	3.368771e-02	3.250182e-02	1.185895e-03
237           	3.503412e-01	1.630555e-01	1.872857e-01	1.068970e-01	7.159030e-02	3.530674e-02	1.814178e-02	-1.211510e-02	1.497320e-02	3.239059e-02	3.116850e-02	1.222095e-03
238           	3.509272e-01	1.635474e-01	1.873798e-01	1.048376e-01	7.274239e-02	3.209516e-02	2.032361e-02	-1.191617e-02	1.437150e-02	3.084814e-02	2.979557e-02	1.052569e-03
239           	3.511506e-01	1.638153e-01	1.873353e-01	1.034623e-01	7.368203e-02	2.978023e-02	2.195090e-02	-1.175999e-02	1.395656e-02	2.942380e-02	2.866845e-02	7.553407e-04
240           	3.511546e-01	1.639254e-01	1.872292e-01	1.027722e-01	7.444727e-02	2.832496e-02	2.306115e-02	-1.165192e-02	1.370344e-02	2.831024e-02	2.785856e-02	4.516785e-04
241           	3.509489e-01	1.638712e-01	1.870777e-01	1.027050e-01	7.506834e-02	2.763666e-02	2.371584e-02	-1.160330e-02	1.368481e-02	2.757668e-02	2.747315e-02	1.035255e-04
242           	3.506065e-01	1.636601e-01	1.869465e-01	1.033099e-01	7.555790e-02	2.775201e-02	2.390295e-02	-1.164322e-02	1.390286e-02	2.740909e-02	2.760741e-02	-1.983138e-04
243           	3.501189e-01	1.632583e-01	1.868606e-01	1.049701e-01	7.598124e-02	2.898886e-02	2.349619e-02	-1.180118e-02	1.437288e-02	2.791752e-02	2.833164e-02	-4.141236e-04
244           	3.494414e-01	1.627023e-01	1.867391e-01	1.078672e-01	7.633526e-02	3.153196e-02	2.240165e-02	-1.201837e-02	1.500444e-02	2.899606e-02	2.950247e-02	-5.064115e-04
245           	3.487926e-01	1.622052e-01	1.865874e-01	1.107813e-01	7.640250e-02	3.437878e-02	2.101186e-02	-1.219111e-02	1.553621e-02	3.017457e-02	3.062350e-02	-4.489301e-04
246           	3.484162e-01	1.619109e-01	1.865053e-01	1.130127e-01	7.646988e-02	3.654286e-02	1.996351e-02	-1.229721e-02	1.591234e-02	3.126185e-02	3.154326e-02	-2.814079e-04
247           	3.482476e-01	1.617594e-01	1.864881e-01	1.145740e-01	7.668474e-02	3.788930e-02	1.939772e-02	-1.236436e-02	1.610786e-02	3.216486e-02	3.219029e-02	-2.542788e-05
248           	3.482766e-01	1.617619e-01	1.865147e-01	1.153495e-01	7.710638e-02	3.824308e-02	1.943165e-02	-1.237640e-02	1.606338e-02	3.269424e-02	3.241050e-02	2.837392e-04
249           	3.485143e-01	1.618971e-01	1.866172e-01	1.152527e-01	7.772065e-02	3.753202e-02	2.009431e-02	-1.236008e-02	1.578797e-02	3.269775e-02	3.213684e-02	5.609089e-04
250           	3.490175e-01	1.622311e-01	1.867864e-01	1.138832e-01	7.843786e-02	3.544530e-02	2.149628e-02	-1.227762e-02	1.526223e-02	3.194064e-02	3.123254e-02	7.080927e-04
251           	3.497613e-01	1.627791e-01	1.869823e-01	1.113299e-01	7.899926e-02	3.233066e-02	2.333430e-02	-1.210159e-02	1.449984e-02	3.036409e-02	2.968189e-02	6.822020e-04
252           	3.504182e-01	1.633265e-01	1.870917e-01	1.090276e-01	7.939778e-02	2.962978e-02	2.488400e-02	-1.188260e-02	1.374923e-02	2.860329e-02	2.805088e-02	5.524151e-04
253           	3.508153e-01	1.636972e-01	1.871180e-01	1.077582e-01	7.973745e-02	2.802078e-02	2.585834e-02	-1.171040e-02	1.316775e-02	2.711229e-02	2.672389e-02	3.883980e-04
254           	3.510216e-01	1.639078e-01	1.871138e-01	1.073536e-01	8.003932e-02	2.731427e-02	2.636253e-02	-1.160297e-02	1.279387e-02	2.608721e-02	2.583748e-02	2.497376e-04
255           	3.510812e-01	1.639634e-01	1.871178e-01	1.074385e-01	8.008108e-02	2.735741e-02	2.636183e-02	-1.157717e-02	1.270058e-02	2.558313e-02	2.549214e-02	9.098989e-05
256           	3.509211e-01	1.638431e-01	1.870780e-01	1.081183e-01	7.970561e-02	2.841268e-02	2.564646e-02	-1.161742e-02	1.291468e-02	2.572748e-02	2.577842e-02	-5.094517e-05
257           	3.505053e-01	1.635526e-01	1.869528e-01	1.098396e-01	7.904235e-02	3.079726e-02	2.412254e-02	-1.170011e-02	1.345311e-02	2.653152e-02	2.671887e-02	-1.873455e-04
258           	3.499857e-01	1.632067e-01	1.867791e-01	1.118642e-01	7.839931e-02	3.346493e-02	2.246719e-02	-1.178620e-02	1.408571e-02	2.774680e-02	2.795911e-02	-2.123064e-04
259           	3.495758e-01	1.629190e-01	1.866568e-01	1.133107e-01	7.784642e-02	3.546426e-02	2.119108e-02	-1.186889e-02	1.458566e-02	2.908650e-02	2.912891e-02	-4.240885e-05
260           	3.493669e-01	1.627569e-01	1.866100e-01	1.138896e-01	7.745140e-02	3.643817e-02	2.050662e-02	-1.192654e-02	1.490333e-02	3.030532e-02	3.005599e-02	2.493293e-04
261           	3.493433e-01	1.627168e-01	1.866265e-01	1.137393e-01	7.724501e-02	3.649429e-02	2.037536e-02	-1.195482e-02	1.499546e-02	3.121533e-02	3.060313e-02	6.122032e-04
262           	3.494427e-01	1.627928e-01	1.866498e-01	1.127876e-01	7.722249e-02	3.556511e-02	2.082869e-02	-1.192849e-02	1.482701e-02	3.164207e-02	3.064805e-02	9.940220e-04
263           	3.497611e-01	1.630492e-01	1.867119e-01	1.107508e-01	7.744211e-02	3.330866e-02	2.206672e-02	-1.183137e-02	1.439798e-02	3.137228e-02	3.008412e-02	1.288159e-03
264           	3.502224e-01	1.634703e-01	1.867522e-01	1.076105e-01	7.781844e-02	2.979207e-02	2.401319e-02	-1.164093e-02	1.375208e-02	3.030488e-02	2.890452e-02	1.400357e-03
265           	3.506171e-01	1.638586e-01	1.867585e-01	1.046309e-01	7.811244e-02	2.651848e-02	2.579698e-02	-1.144991e-02	1.313554e-02	2.895731e-02	2.761420e-02	1.343114e-03
266           	3.508994e-01	1.641564e-01	1.867430e-01	1.023305e-01	7.833103e-02	2.399942e-02	2.716580e-02	-1.129332e-02	1.271738e-02	2.768529e-02	2.656003e-02	1.125267e-03
267           	3.510359e-01	1.643290e-01	1.867070e-01	1.009257e-01	7.849424e-02	2.243142e-02	2.803141e-02	-1.118900e-02	1.252601e-02	2.664234e-02	2.584718e-02	7.951652e-04
268           	3.510468e-01	1.643977e-01	1.866491e-01	1.002524e-01	7.856408e-02	2.168828e-02	2.843790e-02	-1.112572e-02	1.253789e-02	2.601277e-02	2.554428e-02	4.684905e-04
269           	3.509604e-01	1.643615e-01	1.865989e-01	1.002737e-01	7.843708e-02	2.183663e-02	2.830023e-02	-1.111866e-02	1.275909e-02	2.590035e-02	2.570927e-02	1.910827e-04
270           	3.507593e-01	1.642162e-01	1.865431e-01	1.013516e-01	7.819443e-02	2.315720e-02	2.751862e-02	-1.116345e-02	1.315344e-02	2.644498e-02	2.637593e-02	6.905470e-05
271           	3.502714e-01	1.639161e-01	1.863553e-01	1.038281e-01	7.791427e-02	2.591385e-02	2.600021e-02	-1.121960e-02	1.363269e-02	2.752176e-02	2.739357e-02	1.281892e-04
272           	3.497052e-01	1.636534e-01	1.860518e-01	1.066164e-01	7.771830e-02	2.889814e-02	2.441008e-02	-1.119918e-02	1.402553e-02	2.863421e-02	2.834264e-02	2.915718e-04
273           	3.492305e-01	1.635052e-01	1.857252e-01	1.087717e-01	7.766305e-02	3.110868e-02	2.327718e-02	-1.110999e-02	1.426058e-02	2.953899e-02	2.903008e-02	5.089119e-04
274           	3.488842e-01	1.634524e-01	1.854319e-01	1.098144e-01	7.774896e-02	3.206545e-02	2.284175e-02	-1.098974e-02	1.433387e-02	3.021068e-02	2.943921e-02	7.714732e-04
275           	3.486824e-01	1.634876e-01	1.851948e-01	1.098384e-01	7.795162e-02	3.188676e-02	2.303243e-02	-1.085360e-02	1.424659e-02	3.051875e-02	2.950597e-02	1.012784e-03
276           	3.486265e-01	1.636128e-01	1.850137e-01	1.088265e-01	7.821162e-02	3.061492e-02	2.379835e-02	-1.070043e-02	1.394450e-02	3.035465e-02	2.912183e-02	1.232825e-03
277           	3.487366e-01	1.638445e-01	1.848921e-01	1.064323e-01	7.847076e-02	2.796152e-02	2.525462e-02	-1.052383e-02	1.341548e-02	2.951886e-02	2.817491e-02	1.343952e-03
278           	3.490715e-01	1.642572e-01	1.848143e-01	1.028891e-01	7.870964e-02	2.417949e-02	2.726508e-02	-1.027858e-02	1.272419e-02	2.795969e-02	2.670404e-02	1.255650e-03
279           	3.494184e-01	1.646468e-01	1.847715e-01	1.000560e-01	7.896181e-02	2.109423e-02	2.893379e-02	-1.006237e-02	1.212225e-02	2.628847e-02	2.526649e-02	1.021989e-03
280           	3.496581e-01	1.649259e-01	1.847322e-01	9.832169e-02	7.913084e-02	1.919084e-02	2.997000e-02	-9.903152e-03	1.168600e-02	2.487821e-02	2.412510e-02	7.531100e-04
281           	3.497890e-01	1.651064e-01	1.846826e-01	9.771664e-02	7.914212e-02	1.857452e-02	3.028380e-02	-9.788105e-03	1.145085e-02	2.374888e-02	2.332529e-02	4.235926e-04
282           	3.499618e-01	1.652686e-01	1.846932e-01	9.800959e-02	7.909109e-02	1.891849e-02	3.008630e-02	-9.712288e-03	1.140765e-02	2.306106e-02	2.293818e-02	1.228782e-04
283           	3.501760e-01	1.653864e-01	1.847896e-01	9.922672e-02	7.897057e-02	2.025615e-02	2.935721e-02	-9.701634e-03	1.156496e-02	2.293534e-02	2.303263e-02	-9.728934e-05
284           	3.501206e-01	1.653137e-01	1.848070e-01	1.019686e-01	7.877720e-02	2.319139e-02	2.779291e-02	-9.746659e-03	1.195113e-02	2.347798e-02	2.369012e-02	-2.121441e-04
285           	3.497846e-01	1.650708e-01	1.847138e-01	1.061926e-01	7.875415e-02	2.743848e-02	2.565784e-02	-9.821515e-03	1.241032e-02	2.446350e-02	2.464207e-02	-1.785714e-04
286           	3.495939e-01	1.649247e-01	1.846692e-01	1.101039e-01	7.902000e-02	3.108391e-02	2.396805e-02	-9.872242e-03	1.274272e-02	2.547638e-02	2.548091e-02	-4.526779e-06
287           	3.495422e-01	1.648643e-01	1.846780e-01	1.130948e-01	7.948366e-02	3.361111e-02	2.293627e-02	-9.906859e-03	1.295198e-02	2.636665e-02	2.613531e-02	2.313458e-04
288           	3.496261e-01	1.648803e-01	1.847457e-01	1.149497e-01	8.010397e-02	3.484576e-02	2.262910e-02	-9.932704e-03	1.300326e-02	2.704049e-02	2.652351e-02	5.169812e-04
289           	3.498180e-01	1.649294e-01	1.848886e-01	1.157075e-01	8.083891e-02	3.486861e-02	2.298515e-02	-9.979605e-03	1.288527e-02	2.742098e-02	2.659576e-02	8.252196e-04
290           	3.500829e-01	1.650136e-01	1.850693e-01	1.154947e-01	8.170087e-02	3.379382e-02	2.395353e-02	-1.002788e-02	1.257720e-02	2.732720e-02	2.624080e-02	1.086398e-03
291           	3.504683e-01	1.651713e-01	1.852970e-01	1.141152e-01	8.278791e-02	3.132729e-02	2.573031e-02	-1.006288e-02	1.205908e-02	2.657869e-02	2.534842e-02	1.230266e-03
292           	3.509425e-01	1.654316e-01	1.855109e-01	1.116354e-01	8.388997e-02	2.774547e-02	2.807225e-02	-1.003968e-02	1.140490e-02	2.530499e-02	2.405740e-02	1.247589e-03
293           	3.512048e-01	1.655692e-01	1.856356e-01	1.094067e-01	8.472744e-02	2.467926e-02	3.002409e-02	-1.003318e-02	1.085305e-02	2.401100e-02	2.285855e-02	1.152445e-03
294           	3.512040e-01	1.655622e-01	1.856418e-01	1.079907e-01	8.534242e-02	2.264832e-02	3.134705e-02	-1.003980e-02	1.047804e-02	2.290824e-02	2.193216e-02	9.760738e-04
295           	3.510239e-01	1.654658e-01	1.855581e-01	1.073677e-01	8.571193e-02	2.165579e-02	3.202807e-02	-1.004615e-02	1.029557e-02	2.206301e-02	2.132708e-02	7.359338e-04
296           	3.507790e-01	1.653591e-01	1.854200e-01	1.074674e-01	8.590943e-02	2.155800e-02	3.217572e-02	-1.003045e-02	1.028296e-02	2.157915e-02	2.107254e-02	5.066099e-04
297           	3.504566e-01	1.652210e-01	1.852356e-01	1.082841e-01	8.594625e-02	2.233781e-02	3.180422e-02	-1.000729e-02	1.044077e-02	2.152026e-02	2.120091e-02	3.193595e-04
298           	3.499745e-01	1.649825e-01	1.849920e-01	1.099855e-01	8.578630e-02	2.419921e-02	3.079354e-02	-1.000478e-02	1.075246e-02	2.204581e-02	2.177537e-02	2.704416e-04
299           	3.493410e-01	1.646400e-01	1.847010e-01	1.125417e-01	8.548978e-02	2.705194e-02	2.921892e-02	-1.003045e-02	1.117648e-02	2.299801e-02	2.267549e-02	3.225224e-04
300           	3.487929e-01	1.643578e-01	1.844351e-01	1.146803e-01	8.516485e-02	2.951547e-02	2.782469e-02	-1.003861e-02	1.154361e-02	2.395328e-02	2.352025e-02	4.330311e-04
301           	3.484255e-01	1.641760e-01	1.842495e-01	1.159545e-01	8.493796e-02	3.101652e-02	2.696072e-02	-1.003672e-02	1.184873e-02	2.482572e-02	2.426159e-02	5.641337e-04
302           	3.482620e-01	1.641007e-01	1.841613e-01	1.163007e-01	8.489323e-02	3.140742e-02	2.674290e-02	-1.003032e-02	1.208204e-02	2.558567e-02	2.487487e-02	7.107972e-04
303           	3.482940e-01	1.641092e-01	1.841848e-01	1.158263e-01	8.510321e-02	3.072310e-02	2.719006e-02	-1.003784e-02	1.223184e-02	2.617295e-02	2.531832e-02	8.546299e-04
304           	3.484835e-01	1.641859e-01	1.842976e-01	1.145475e-01	8.553740e-02	2.901005e-02	2.826367e-02	-1.005587e-02	1.226702e-02	2.652873e-02	2.553139e-02	9.973400e-04
305           	3.488443e-01	1.643358e-01	1.845085e-01	1.120814e-01	8.610126e-02	2.598014e-02	3.006056e-02	-1.008633e-02	1.216693e-02	2.651034e-02	2.542210e-02	1.088237e-03
306           	3.494262e-01	1.646430e-01	1.847832e-01	1.085378e-01	8.670953e-02	2.182832e-02	3.244061e-02	-1.007009e-02	1.188906e-02	2.588877e-02	2.483344e-02	1.055321e-03
307           	3.499768e-01	1.649874e-01	1.849894e-01	1.056804e-01	8.724401e-02	1.843636e-02	3.440383e-02	-1.000100e-02	1.159661e-02	2.491702e-02	2.405512e-02	8.619000e-04
308           	3.503588e-01	1.652687e-01	1.850901e-01	1.040325e-01	8.774065e-02	1.629186e-02	3.572439e-02	-9.910673e-03	1.145401e-02	2.394193e-02	2.342498e-02	5.169515e-04
309           	3.505399e-01	1.654477e-01	1.850922e-01	1.035930e-01	8.812698e-02	1.546599e-02	3.633049e-02	-9.822220e-03	1.143343e-02	2.311607e-02	2.299147e-02	1.245988e-04
310           	3.505627e-01	1.655415e-01	1.850212e-01	1.042010e-01	8.839856e-02	1.580241e-02	3.629808e-02	-9.739837e-03	1.150137e-02	2.257847e-02	2.279061e-02	-2.121406e-04
311           	3.505044e-01	1.655604e-01	1.849440e-01	1.057640e-01	8.859910e-02	1.716493e-02	3.571709e-02	-9.691823e-03	1.170289e-02	2.237870e-02	2.289224e-02	-5.135450e-04
312           	3.503913e-01	1.654817e-01	1.849096e-01	1.083353e-01	8.876405e-02	1.957128e-02	3.459639e-02	-9.713951e-03	1.203588e-02	2.266178e-02	2.336677e-02	-7.049851e-04
313           	3.501776e-01	1.653004e-01	1.848771e-01	1.119652e-01	8.903284e-02	2.293241e-02	3.305022e-02	-9.788349e-03	1.247602e-02	2.334662e-02	2.414933e-02	-8.027097e-04
314           	3.498751e-01	1.650708e-01	1.848044e-01	1.157763e-01	8.940074e-02	2.637556e-02	3.151259e-02	-9.866816e-03	1.291052e-02	2.415817e-02	2.498961e-02	-8.314407e-04
315           	3.495683e-01	1.648340e-01	1.847343e-01	1.188237e-01	8.965382e-02	2.916984e-02	3.024199e-02	-9.950137e-03	1.324511e-02	2.491504e-02	2.570263e-02	-7.875887e-04
316           	3.495335e-01	1.647214e-01	1.848120e-01	1.207486e-01	8.991599e-02	3.083258e-02	2.954170e-02	-1.004529e-02	1.343571e-02	2.559401e-02	2.623272e-02	-6.387027e-04
317           	3.496943e-01	1.646934e-01	1.850009e-01	1.215172e-01	9.016125e-02	3.135596e-02	2.940264e-02	-1.015373e-02	1.351929e-02	2.607733e-02	2.655795e-02	-4.806263e-04
318           	3.499699e-01	1.647274e-01	1.852425e-01	1.212486e-01	9.035220e-02	3.089638e-02	2.972791e-02	-1.025757e-02	1.345646e-02	2.628425e-02	2.659858e-02	-3.143338e-04
319           	3.503980e-01	1.648558e-01	1.855422e-01	1.198539e-01	9.047568e-02	2.937825e-02	3.054871e-02	-1.034318e-02	1.322988e-02	2.608304e-02	2.627140e-02	-1.883531e-04
320           	3.509728e-01	1.651437e-01	1.858292e-01	1.173199e-01	9.045402e-02	2.686588e-02	3.179407e-02	-1.034274e-02	1.281729e-02	2.524290e-02	2.543874e-02	-1.958414e-04
321           	3.514625e-01	1.654607e-01	1.860018e-01	1.146632e-01	9.023165e-02	2.443155e-02	3.290005e-02	-1.027052e-02	1.233580e-02	2.396141e-02	2.431651e-02	-3.550987e-04
322           	3.518329e-01	1.657287e-01	1.861041e-01	1.127541e-01	8.999896e-02	2.275516e-02	3.362190e-02	-1.018771e-02	1.195876e-02	2.269871e-02	2.330812e-02	-6.094090e-04
323           	3.519783e-01	1.658729e-01	1.861053e-01	1.117203e-01	8.976692e-02	2.195337e-02	3.390677e-02	-1.011619e-02	1.175102e-02	2.166629e-02	2.258417e-02	-9.178727e-04
324           	3.519535e-01	1.659296e-01	1.860239e-01	1.115693e-01	8.964479e-02	2.192455e-02	3.386012e-02	-1.004718e-02	1.168626e-02	2.101387e-02	2.219320e-02	-1.179324e-03
325           	3.518484e-01	1.659096e-01	1.859388e-01	1.120663e-01	8.958476e-02	2.248150e-02	3.355163e-02	-1.001462e-02	1.176714e-02	2.082873e-02	2.218151e-02	-1.352781e-03
326           	3.516783e-01	1.658086e-01	1.858697e-01	1.132872e-01	8.966516e-02	2.362204e-02	3.302156e-02	-1.003056e-02	1.198576e-02	2.116729e-02	2.256941e-02	-1.402120e-03
327           	3.513389e-01	1.655919e-01	1.857470e-01	1.155003e-01	9.001613e-02	2.548421e-02	3.226596e-02	-1.007758e-02	1.233478e-02	2.197228e-02	2.332092e-02	-1.348645e-03
328           	3.508336e-01	1.652678e-01	1.855657e-01	1.186852e-01	9.067336e-02	2.801187e-02	3.133075e-02	-1.014894e-02	1.273657e-02	2.313244e-02	2.430279e-02	-1.170347e-03
329           	3.501949e-01	1.648665e-01	1.853284e-01	1.216115e-01	9.121250e-02	3.039904e-02	3.040673e-02	-1.023091e-02	1.311312e-02	2.433826e-02	2.528225e-02	-9.439903e-04
330           	3.497115e-01	1.645408e-01	1.851706e-01	1.233326e-01	9.162672e-02	3.170586e-02	2.996043e-02	-1.031490e-02	1.341410e-02	2.543287e-02	2.613054e-02	-6.976688e-04
331           	3.493848e-01	1.643024e-01	1.850824e-01	1.240005e-01	9.205987e-02	3.194064e-02	3.005961e-02	-1.038997e-02	1.361230e-02	2.630144e-02	2.676302e-02	-4.615789e-04
332           	3.492118e-01	1.641697e-01	1.850421e-01	1.237734e-01	9.250031e-02	3.127311e-02	3.061360e-02	-1.043623e-02	1.366464e-02	2.682486e-02	2.707707e-02	-2.522116e-04
333           	3.491864e-01	1.641655e-01	1.850209e-01	1.228015e-01	9.290350e-02	2.989795e-02	3.150277e-02	-1.042773e-02	1.354242e-02	2.686101e-02	2.697292e-02	-1.119142e-04
334           	3.493357e-01	1.643582e-01	1.849774e-01	1.212505e-01	9.318200e-02	2.806850e-02	3.255675e-02	-1.030958e-02	1.318306e-02	2.628302e-02	2.632457e-02	-4.154540e-05
335           	3.495955e-01	1.647230e-01	1.848725e-01	1.195902e-01	9.329860e-02	2.629163e-02	3.350349e-02	-1.007474e-02	1.269244e-02	2.516348e-02	2.527418e-02	-1.107060e-04
336           	3.499656e-01	1.651996e-01	1.847661e-01	1.181416e-01	9.338066e-02	2.476089e-02	3.430989e-02	-9.783235e-03	1.219461e-02	2.375681e-02	2.407302e-02	-3.162074e-04
337           	3.503306e-01	1.656498e-01	1.846808e-01	1.170734e-01	9.338369e-02	2.368976e-02	3.484696e-02	-9.515487e-03	1.177384e-02	2.238948e-02	2.296858e-02	-5.791001e-04
338           	3.506635e-01	1.660112e-01	1.846522e-01	1.164587e-01	9.334381e-02	2.311486e-02	3.511448e-02	-9.320519e-03	1.153179e-02	2.132168e-02	2.219263e-02	-8.709500e-04
339           	3.509159e-01	1.662058e-01	1.847100e-01	1.161533e-01	9.309175e-02	2.306154e-02	3.501510e-02	-9.252097e-03	1.148706e-02	2.068307e-02	2.182859e-02	-1.145522e-03
340           	3.510915e-01	1.662602e-01	1.848313e-01	1.163164e-01	9.272460e-02	2.359182e-02	3.456639e-02	-9.285517e-03	1.163754e-02	2.054672e-02	2.191090e-02	-1.364178e-03
341           	3.511571e-01	1.661700e-01	1.849872e-01	1.173712e-01	9.244424e-02	2.492698e-02	3.375863e-02	-9.408593e-03	1.197706e-02	2.093688e-02	2.244550e-02	-1.508618e-03
342           	3.510947e-01	1.659679e-01	1.851268e-01	1.196833e-01	9.262256e-02	2.706079e-02	3.278089e-02	-9.579455e-03	1.245017e-02	2.186278e-02	2.338156e-02	-1.518777e-03
343           	3.509034e-01	1.656629e-01	1.852405e-01	1.230246e-01	9.321859e-02	2.980603e-02	3.170628e-02	-9.788790e-03	1.296013e-02	2.318757e-02	2.455391e-02	-1.366343e-03
344           	3.508023e-01	1.653926e-01	1.854097e-01	1.263741e-01	9.397582e-02	3.239830e-02	3.078876e-02	-1.000855e-02	1.340342e-02	2.463117e-02	2.571900e-02	-1.087831e-03
345           	3.507876e-01	1.651990e-01	1.855887e-01	1.290869e-01	9.465855e-02	3.442834e-02	3.011510e-02	-1.019485e-02	1.373294e-02	2.590681e-02	2.668635e-02	-7.795379e-04
346           	3.507672e-01	1.650514e-01	1.857158e-01	1.308953e-01	9.510402e-02	3.579131e-02	2.965635e-02	-1.033222e-02	1.390695e-02	2.679473e-02	2.730432e-02	-5.095820e-04
347           	3.507888e-01	1.649974e-01	1.857914e-01	1.319730e-01	9.535135e-02	3.662166e-02	2.936485e-02	-1.039698e-02	1.386737e-02	2.710159e-02	2.741817e-02	-3.165773e-04
348           	3.509361e-01	1.651233e-01	1.858128e-01	1.324571e-01	9.549938e-02	3.695777e-02	2.927081e-02	-1.034479e-02	1.355799e-02	2.674080e-02	2.692839e-02	-1.875870e-04
349           	3.510694e-01	1.653433e-01	1.857261e-01	1.324455e-01	9.546671e-02	3.697884e-02	2.924394e-02	-1.019142e-02	1.308240e-02	2.580206e-02	2.598343e-02	-1.813711e-04
350           	3.512523e-01	1.656405e-01	1.856118e-01	1.319312e-01	9.525568e-02	3.667549e-02	2.929009e-02	-9.985665e-03	1.253910e-02	2.454556e-02	2.481188e-02	-2.663243e-04
351           	3.514418e-01	1.659272e-01	1.855146e-01	1.310356e-01	9.492782e-02	3.610782e-02	2.941000e-02	-9.793704e-03	1.200208e-02	2.327102e-02	2.363759e-02	-3.665700e-04
352           	3.516257e-01	1.661352e-01	1.854905e-01	1.298710e-01	9.462723e-02	3.524381e-02	2.969171e-02	-9.677622e-03	1.157887e-02	2.229091e-02	2.272432e-02	-4.334147e-04
353           	3.517390e-01	1.661929e-01	1.855461e-01	1.287710e-01	9.443576e-02	3.433520e-02	3.005028e-02	-9.676592e-03	1.135705e-02	2.178204e-02	2.224808e-02	-4.660320e-04
354           	3.517556e-01	1.661123e-01	1.856433e-01	1.281013e-01	9.445308e-02	3.364819e-02	3.040244e-02	-9.765500e-03	1.133592e-02	2.176172e-02	2.221678e-02	-4.550593e-04
355           	3.516433e-01	1.659139e-01	1.857294e-01	1.281247e-01	9.469225e-02	3.343247e-02	3.062989e-02	-9.907787e-03	1.153649e-02	2.219436e-02	2.263367e-02	-4.393105e-04
356           	3.514569e-01	1.656575e-01	1.857994e-01	1.289667e-01	9.520833e-02	3.375840e-02	3.072497e-02	-1.007091e-02	1.190864e-02	2.305376e-02	2.343552e-02	-3.817622e-04
357           	3.511539e-01	1.653083e-01	1.858456e-01	1.304369e-01	9.588397e-02	3.455297e-02	3.066550e-02	-1.026863e-02	1.240159e-02	2.427043e-02	2.453680e-02	-2.663716e-04
358           	3.508149e-01	1.649181e-01	1.858967e-01	1.321740e-01	9.660890e-02	3.556507e-02	3.052192e-02	-1.048932e-02	1.290965e-02	2.567708e-02	2.574819e-02	-7.111324e-05
359           	3.504965e-01	1.645330e-01	1.859635e-01	1.337595e-01	9.722644e-02	3.653307e-02	3.034668e-02	-1.071524e-02	1.337224e-02	2.698203e-02	2.686325e-02	1.187801e-04
360           	3.502409e-01	1.642168e-01	1.860241e-01	1.347893e-01	9.762878e-02	3.716056e-02	3.023411e-02	-1.090366e-02	1.374059e-02	2.794587e-02	2.771352e-02	2.323520e-04
361           	3.501072e-01	1.640451e-01	1.860621e-01	1.350736e-01	9.768974e-02	3.738386e-02	3.015294e-02	-1.100848e-02	1.393440e-02	2.838596e-02	2.812738e-02	2.585801e-04
362           	3.500804e-01	1.640629e-01	1.860175e-01	1.347363e-01	9.746157e-02	3.727477e-02	3.009340e-02	-1.097732e-02	1.392785e-02	2.819071e-02	2.802321e-02	1.675012e-04
363           	3.501339e-01	1.642318e-01	1.859021e-01	1.339236e-01	9.700608e-02	3.691752e-02	3.004428e-02	-1.083517e-02	1.378449e-02	2.751327e-02	2.754112e-02	-2.785193e-05
364           	3.502354e-01	1.644697e-01	1.857657e-01	1.326943e-01	9.637660e-02	3.631766e-02	3.002947e-02	-1.064802e-02	1.354969e-02	2.663102e-02	2.686520e-02	-2.341762e-04
365           	3.504115e-01	1.647386e-01	1.856729e-01	1.310353e-01	9.566805e-02	3.536725e-02	3.015040e-02	-1.046717e-02	1.330621e-02	2.572912e-02	2.617077e-02	-4.416507e-04
366           	3.505711e-01	1.649405e-01	1.856305e-01	1.287926e-01	9.482763e-02	3.396495e-02	3.043134e-02	-1.034500e-02	1.312906e-02	2.504575e-02	2.565193e-02	-6.061856e-04
367           	3.507052e-01	1.650460e-01	1.856593e-01	1.262833e-01	9.395579e-02	3.232748e-02	3.081415e-02	-1.030665e-02	1.307511e-02	2.472015e-02	2.543519e-02	-7.150380e-04
368           	3.506895e-01	1.650300e-01	1.856595e-01	1.241306e-01	9.323710e-02	3.089351e-02	3.117180e-02	-1.031474e-02	1.314059e-02	2.477175e-02	2.552647e-02	-7.547181e-04
369           	3.504764e-01	1.648827e-01	1.855936e-01	1.227513e-01	9.282400e-02	2.992731e-02	3.144835e-02	-1.035544e-02	1.329639e-02	2.515648e-02	2.587462e-02	-7.181482e-04
370           	3.500810e-01	1.646328e-01	1.854482e-01	1.222377e-01	9.269659e-02	2.954112e-02	3.157774e-02	-1.040769e-02	1.348246e-02	2.582762e-02	2.639627e-02	-5.686478e-04
371           	3.496001e-01	1.643477e-01	1.852525e-01	1.223913e-01	9.276562e-02	2.962570e-02	3.156996e-02	-1.045240e-02	1.367463e-02	2.660987e-02	2.697957e-02	-3.696941e-04
372           	3.491002e-01	1.640775e-01	1.850227e-01	1.229130e-01	9.281507e-02	3.009798e-02	3.135855e-02	-1.047261e-02	1.380193e-02	2.737211e-02	2.748799e-02	-1.158779e-04
373           	3.486597e-01	1.638865e-01	1.847732e-01	1.236752e-01	9.278394e-02	3.089129e-02	3.094633e-02	-1.044334e-02	1.381406e-02	2.793479e-02	2.778146e-02	1.533297e-04
374           	3.482727e-01	1.637963e-01	1.844764e-01	1.244856e-01	9.262549e-02	3.186015e-02	3.038267e-02	-1.034002e-02	1.366889e-02	2.803872e-02	2.768825e-02	3.504724e-04
375           	3.479568e-01	1.638496e-01	1.841071e-01	1.251968e-01	9.230448e-02	3.289232e-02	2.970608e-02	-1.012874e-02	1.336446e-02	2.749689e-02	2.711291e-02	3.839827e-04
376           	3.477958e-01	1.640678e-01	1.837280e-01	1.258024e-01	9.186511e-02	3.393727e-02	2.896392e-02	-9.830093e-03	1.292157e-02	2.646350e-02	2.615332e-02	3.101749e-04
377           	3.477830e-01	1.644027e-01	1.833803e-01	1.262541e-01	9.137162e-02	3.488247e-02	2.824458e-02	-9.488776e-03	1.247785e-02	2.512372e-02	2.503971e-02	8.400592e-05
378           	3.477655e-01	1.647361e-01	1.830294e-01	1.262946e-01	9.070258e-02	3.559197e-02	2.755530e-02	-9.146624e-03	1.206747e-02	2.369231e-02	2.391363e-02	-2.213187e-04
379           	3.477936e-01	1.650597e-01	1.827339e-01	1.258315e-01	8.989856e-02	3.593298e-02	2.698279e-02	-8.837121e-03	1.172313e-02	2.239927e-02	2.292277e-02	-5.234933e-04
380           	3.478633e-01	1.653466e-01	1.825167e-01	1.249019e-01	8.909536e-02	3.580655e-02	2.664440e-02	-8.585039e-03	1.152045e-02	2.136697e-02	2.220393e-02	-8.369615e-04
381           	3.478908e-01	1.655071e-01	1.823837e-01	1.235659e-01	8.836932e-02	3.519654e-02	2.658639e-02	-8.438338e-03	1.147632e-02	2.078080e-02	2.186672e-02	-1.085920e-03
382           	3.478423e-01	1.655490e-01	1.822933e-01	1.221565e-01	8.786870e-02	3.428777e-02	2.679047e-02	-8.372162e-03	1.157280e-02	2.067928e-02	2.191245e-02	-1.233164e-03
383           	3.477460e-01	1.655149e-01	1.822311e-01	1.210573e-01	8.768726e-02	3.337004e-02	2.715861e-02	-8.358138e-03	1.178343e-02	2.100286e-02	2.228486e-02	-1.281994e-03
384           	3.475901e-01	1.654180e-01	1.821721e-01	1.203029e-01	8.779043e-02	3.251245e-02	2.763899e-02	-8.377064e-03	1.206173e-02	2.165844e-02	2.289095e-02	-1.232515e-03
385           	3.474426e-01	1.653042e-01	1.821383e-01	1.198135e-01	8.811521e-02	3.169830e-02	2.820845e-02	-8.417051e-03	1.235590e-02	2.253518e-02	2.362349e-02	-1.088310e-03
386           	3.473375e-01	1.651995e-01	1.821380e-01	1.194562e-01	8.856804e-02	3.088821e-02	2.883992e-02	-8.469227e-03	1.261883e-02	2.345672e-02	2.434719e-02	-8.904724e-04
387           	3.472781e-01	1.651242e-01	1.821539e-01	1.191262e-01	8.904851e-02	3.007765e-02	2.948543e-02	-8.514829e-03	1.280541e-02	2.421651e-02	2.491366e-02	-6.971522e-04
388           	3.472571e-01	1.651016e-01	1.821555e-01	1.186206e-01	8.944062e-02	2.917994e-02	3.013034e-02	-8.526969e-03	1.286497e-02	2.463109e-02	2.518052e-02	-5.494308e-04
389           	3.473048e-01	1.651828e-01	1.821220e-01	1.179231e-01	8.965896e-02	2.826417e-02	3.069739e-02	-8.469572e-03	1.276713e-02	2.450266e-02	2.501846e-02	-5.157953e-04
390           	3.473364e-01	1.653275e-01	1.820089e-01	1.172024e-01	8.959222e-02	2.761015e-02	3.099104e-02	-8.340679e-03	1.249981e-02	2.384519e-02	2.442241e-02	-5.772201e-04
391           	3.473619e-01	1.655110e-01	1.818508e-01	1.165600e-01	8.926717e-02	2.729283e-02	3.098717e-02	-8.169905e-03	1.215146e-02	2.282827e-02	2.356559e-02	-7.373268e-04
392           	3.473857e-01	1.657007e-01	1.816850e-01	1.160059e-01	8.875738e-02	2.724857e-02	3.075440e-02	-7.992137e-03	1.177345e-02	2.161636e-02	2.258163e-02	-9.652759e-04
393           	3.473702e-01	1.658623e-01	1.815078e-01	1.154320e-01	8.810025e-02	2.733180e-02	3.038422e-02	-7.822729e-03	1.139939e-02	2.035187e-02	2.157532e-02	-1.223452e-03
394           	3.472201e-01	1.659331e-01	1.812870e-01	1.146809e-01	8.730142e-02	2.737950e-02	2.996096e-02	-7.676926e-03	1.107389e-02	1.920828e-02	2.067803e-02	-1.469754e-03
395           	3.469762e-01	1.659007e-01	1.810755e-01	1.137416e-01	8.643262e-02	2.730899e-02	2.956181e-02	-7.587415e-03	1.085320e-02	1.836779e-02	2.003710e-02	-1.669310e-03
396           	3.466184e-01	1.657556e-01	1.808628e-01	1.128859e-01	8.568618e-02	2.719976e-02	2.924321e-02	-7.553594e-03	1.074370e-02	1.794922e-02	1.971831e-02	-1.769089e-03
397           	3.461392e-01	1.655194e-01	1.806198e-01	1.123305e-01	8.522257e-02	2.710796e-02	2.905731e-02	-7.550201e-03	1.073675e-02	1.787824e-02	1.967587e-02	-1.797629e-03
398           	3.456557e-01	1.652740e-01	1.803817e-01	1.121261e-01	8.515224e-02	2.697390e-02	2.908917e-02	-7.553844e-03	1.074343e-02	1.804151e-02	1.976418e-02	-1.722675e-03
399           	3.452569e-01	1.650855e-01	1.801715e-01	1.120752e-01	8.537817e-02	2.669704e-02	2.934056e-02	-7.542990e-03	1.074976e-02	1.829499e-02	1.989725e-02	-1.602261e-03
400           	3.449987e-01	1.649582e-01	1.800406e-01	1.119274e-01	8.574264e-02	2.618478e-02	2.977893e-02	-7.541211e-03	1.072530e-02	1.856168e-02	2.000614e-02	-1.444457e-03
401           	3.448605e-01	1.648883e-01	1.799722e-01	1.117785e-01	8.618384e-02	2.559466e-02	3.029459e-02	-7.541962e-03	1.065306e-02	1.872858e-02	2.001735e-02	-1.288767e-03
402           	3.448411e-01	1.648907e-01	1.799504e-01	1.116981e-01	8.663292e-02	2.506519e-02	3.078387e-02	-7.529872e-03	1.049931e-02	1.862024e-02	1.980943e-02	-1.189192e-03
403           	3.449367e-01	1.650112e-01	1.799255e-01	1.118212e-01	8.707396e-02	2.474721e-02	3.116338e-02	-7.457141e-03	1.023937e-02	1.798552e-02	1.923213e-02	-1.246613e-03
404           	3.451340e-01	1.652628e-01	1.798711e-01	1.122395e-01	8.744927e-02	2.479019e-02	3.132954e-02	-7.304172e-03	9.890683e-03	1.689047e-02	1.833592e-02	-1.445448e-03
405           	3.453970e-01	1.655941e-01	1.798029e-01	1.129297e-01	8.767679e-02	2.525288e-02	3.121196e-02	-7.104402e-03	9.547774e-03	1.556106e-02	1.732830e-02	-1.767244e-03
406           	3.456390e-01	1.659177e-01	1.797213e-01	1.138112e-01	8.774174e-02	2.606947e-02	3.083614e-02	-6.901823e-03	9.276756e-03	1.424149e-02	1.639750e-02	-2.156010e-03
407           	3.458200e-01	1.661655e-01	1.796544e-01	1.147947e-01	8.765984e-02	2.713489e-02	3.026247e-02	-6.744450e-03	9.121052e-03	1.311889e-02	1.568050e-02	-2.561609e-03
408           	3.459314e-01	1.663168e-01	1.796146e-01	1.158468e-01	8.746592e-02	2.838090e-02	2.954251e-02	-6.648899e-03	9.118385e-03	1.228176e-02	1.525926e-02	-2.977506e-03
409           	3.459436e-01	1.663417e-01	1.796020e-01	1.170034e-01	8.719283e-02	2.981055e-02	2.869114e-02	-6.630159e-03	9.301701e-03	1.184429e-02	1.522385e-02	-3.379557e-03
410           	3.457630e-01	1.661690e-01	1.795940e-01	1.182920e-01	8.686934e-02	3.142264e-02	2.772335e-02	-6.712484e-03	9.644166e-03	1.195544e-02	1.562189e-02	-3.666445e-03
411           	3.453919e-01	1.658291e-01	1.795628e-01	1.197594e-01	8.665653e-02	3.310285e-02	2.677684e-02	-6.866867e-03	1.007155e-02	1.256428e-02	1.635369e-02	-3.789406e-03
412           	3.449689e-01	1.654288e-01	1.795401e-01	1.212684e-01	8.666491e-02	3.460346e-02	2.603073e-02	-7.055675e-03	1.046664e-02	1.342587e-02	1.717958e-02	-3.753706e-03
413           	3.446211e-01	1.650498e-01	1.795713e-01	1.225909e-01	8.685093e-02	3.573996e-02	2.555548e-02	-7.260797e-03	1.079625e-02	1.433003e-02	1.796127e-02	-3.631237e-03
414           	3.444534e-01	1.647540e-01	1.796995e-01	1.235044e-01	8.709666e-02	3.640777e-02	2.534445e-02	-7.472740e-03	1.103554e-02	1.517097e-02	1.862103e-02	-3.450058e-03
415           	3.445519e-01	1.645860e-01	1.799659e-01	1.240811e-01	8.745723e-02	3.662390e-02	2.541667e-02	-7.689932e-03	1.120097e-02	1.590389e-02	1.915291e-02	-3.249023e-03
416           	3.447751e-01	1.644926e-01	1.802825e-01	1.244664e-01	8.785339e-02	3.661304e-02	2.562017e-02	-7.894913e-03	1.125735e-02	1.643452e-02	1.947461e-02	-3.040088e-03
417           	3.451867e-01	1.645519e-01	1.806349e-01	1.246539e-01	8.828157e-02	3.637234e-02	2.595461e-02	-8.041498e-03	1.117712e-02	1.658659e-02	1.947041e-02	-2.883822e-03
418           	3.457863e-01	1.647903e-01	1.809960e-01	1.247165e-01	8.873863e-02	3.597786e-02	2.638038e-02	-8.102822e-03	1.096591e-02	1.627253e-02	1.910217e-02	-2.829645e-03
419           	3.464549e-01	1.651315e-01	1.813234e-01	1.249300e-01	8.909647e-02	3.583348e-02	2.663150e-02	-8.095992e-03	1.069698e-02	1.567289e-02	1.853343e-02	-2.860538e-03
420           	3.470674e-01	1.654789e-01	1.815885e-01	1.254348e-01	8.924080e-02	3.619396e-02	2.652342e-02	-8.054778e-03	1.046508e-02	1.498972e-02	1.795994e-02	-2.970223e-03
421           	3.475740e-01	1.657944e-01	1.817797e-01	1.261505e-01	8.919167e-02	3.695880e-02	2.611643e-02	-7.992657e-03	1.032487e-02	1.432875e-02	1.748925e-02	-3.160497e-03
422           	3.479118e-01	1.660177e-01	1.818941e-01	1.270122e-01	8.897737e-02	3.803484e-02	2.547126e-02	-7.938211e-03	1.026659e-02	1.387217e-02	1.720268e-02	-3.330509e-03
423           	3.481086e-01	1.661282e-01	1.819805e-01	1.280425e-01	8.868493e-02	3.935755e-02	2.466369e-02	-7.926156e-03	1.034771e-02	1.374784e-02	1.722163e-02	-3.473789e-03
424           	3.481542e-01	1.660768e-01	1.820774e-01	1.292518e-01	8.840218e-02	4.084959e-02	2.377629e-02	-8.000291e-03	1.055723e-02	1.407611e-02	1.759528e-02	-3.519177e-03
425           	3.479650e-01	1.658620e-01	1.821030e-01	1.306055e-01	8.816986e-02	4.243568e-02	2.286709e-02	-8.120490e-03	1.083024e-02	1.470812e-02	1.818430e-02	-3.476186e-03
426           	3.476301e-01	1.655782e-01	1.820519e-01	1.318151e-01	8.797159e-02	4.384349e-02	2.206405e-02	-8.236804e-03	1.108859e-02	1.537827e-02	1.877772e-02	-3.399454e-03
427           	3.473548e-01	1.653235e-01	1.820313e-01	1.326720e-01	8.785810e-02	4.481393e-02	2.152208e-02	-8.353939e-03	1.129977e-02	1.606568e-02	1.933261e-02	-3.266926e-03
428           	3.471486e-01	1.650909e-01	1.820577e-01	1.330682e-01	8.782653e-02	4.524162e-02	2.129246e-02	-8.483416e-03	1.144746e-02	1.679679e-02	1.984585e-02	-3.049064e-03
429           	3.470244e-01	1.648853e-01	1.821391e-01	1.329450e-01	8.784400e-02	4.510104e-02	2.137148e-02	-8.626903e-03	1.152989e-02	1.746413e-02	2.026195e-02	-2.797829e-03
430           	3.470764e-01	1.647791e-01	1.822973e-01	1.323887e-01	8.797950e-02	4.440922e-02	2.178514e-02	-8.759144e-03	1.151465e-02	1.794552e-02	2.048741e-02	-2.541890e-03
431           	3.473466e-01	1.648125e-01	1.825341e-01	1.314387e-01	8.821335e-02	4.322538e-02	2.249398e-02	-8.860787e-03	1.139999e-02	1.812655e-02	2.046326e-02	-2.336716e-03
432           	3.477253e-01	1.649766e-01	1.827487e-01	1.302158e-01	8.843799e-02	4.177785e-02	2.333007e-02	-8.886053e-03	1.118500e-02	1.787818e-02	2.012409e-02	-2.245909e-03
433           	3.481621e-01	1.652650e-01	1.828971e-01	1.290435e-01	8.861022e-02	4.043326e-02	2.408848e-02	-8.816037e-03	1.089253e-02	1.725533e-02	1.952020e-02	-2.264867e-03
434           	3.485170e-01	1.655772e-01	1.829398e-01	1.281359e-01	8.869394e-02	3.944192e-02	2.462601e-02	-8.681305e-03	1.061368e-02	1.646583e-02	1.884660e-02	-2.380763e-03
435           	3.487706e-01	1.658693e-01	1.829013e-01	1.274809e-01	8.864970e-02	3.883123e-02	2.490923e-02	-8.515983e-03	1.040084e-02	1.569034e-02	1.824601e-02	-2.555675e-03
436           	3.489022e-01	1.661083e-01	1.827938e-01	1.271037e-01	8.849464e-02	3.860905e-02	2.494279e-02	-8.342747e-03	1.026279e-02	1.506411e-02	1.779485e-02	-2.730737e-03
437           	3.488602e-01	1.662492e-01	1.826110e-01	1.269001e-01	8.821117e-02	3.868896e-02	2.476110e-02	-8.180903e-03	1.022869e-02	1.468671e-02	1.757204e-02	-2.885331e-03
438           	3.486313e-01	1.662449e-01	1.823864e-01	1.266997e-01	8.773813e-02	3.896160e-02	2.438826e-02	-8.070712e-03	1.027979e-02	1.464582e-02	1.760270e-02	-2.956883e-03
439           	3.482438e-01	1.661227e-01	1.821211e-01	1.265979e-01	8.722739e-02	3.937049e-02	2.392845e-02	-7.999217e-03	1.038957e-02	1.488126e-02	1.783021e-02	-2.948941e-03
440           	3.476983e-01	1.658831e-01	1.818153e-01	1.266270e-01	8.681297e-02	3.981408e-02	2.349944e-02	-7.966100e-03	1.051898e-02	1.532358e-02	1.818077e-02	-2.857188e-03
441           	3.470421e-01	1.655629e-01	1.814792e-01	1.266860e-01	8.652407e-02	4.016192e-02	2.318107e-02	-7.958143e-03	1.066152e-02	1.583628e-02	1.857965e-02	-2.743378e-03
442           	3.464268e-01	1.652459e-01	1.811809e-01	1.265821e-01	8.633569e-02	4.024641e-02	2.304464e-02	-7.967518e-03	1.077850e-02	1.635511e-02	1.895606e-02	-2.600945e-03
443           	3.459576e-01	1.650097e-01	1.809479e-01	1.260944e-01	8.620109e-02	3.989326e-02	2.315391e-02	-7.969091e-03	1.083145e-02	1.678522e-02	1.922406e-02	-2.438837e-03
444           	3.455917e-01	1.648397e-01	1.807520e-01	1.251620e-01	8.611135e-02	3.905068e-02	2.353034e-02	-7.956153e-03	1.078516e-02	1.703040e-02	1.930036e-02	-2.269959e-03
445           	3.453463e-01	1.647777e-01	1.805685e-01	1.236158e-01	8.597462e-02	3.764118e-02	2.416672e-02	-7.895400e-03	1.062713e-02	1.691079e-02	1.908253e-02	-2.171736e-03
446           	3.452993e-01	1.648822e-01	1.804171e-01	1.217217e-01	8.578733e-02	3.593440e-02	2.492647e-02	-7.767460e-03	1.033738e-02	1.635204e-02	1.851340e-02	-2.161361e-03
447           	3.454385e-01	1.651431e-01	1.802955e-01	1.199705e-01	8.557543e-02	3.439504e-02	2.559019e-02	-7.576202e-03	9.995638e-03	1.543419e-02	1.771273e-02	-2.278541e-03
448           	3.456671e-01	1.654991e-01	1.801681e-01	1.185705e-01	8.533366e-02	3.323684e-02	2.604841e-02	-7.334499e-03	9.693406e-03	1.432541e-02	1.685611e-02	-2.530703e-03
449           	3.458601e-01	1.658664e-01	1.799936e-01	1.174163e-01	8.488729e-02	3.252904e-02	2.617912e-02	-7.063593e-03	9.433930e-03	1.318060e-02	1.602423e-02	-2.843629e-03
450           	3.459368e-01	1.661744e-01	1.797623e-01	1.165441e-01	8.429580e-02	3.224834e-02	2.602373e-02	-6.793941e-03	9.228946e-03	1.219348e-02	1.532568e-02	-3.132208e-03
451           	3.459313e-01	1.663993e-01	1.795320e-01	1.157553e-01	8.358838e-02	3.216697e-02	2.571070e-02	-6.566343e-03	9.129290e-03	1.153833e-02	1.489846e-02	-3.360125e-03
452           	3.457782e-01	1.664506e-01	1.793276e-01	1.149285e-01	8.266691e-02	3.226160e-02	2.520266e-02	-6.438502e-03	9.146716e-03	1.131665e-02	1.480504e-02	-3.488390e-03
453           	3.454991e-01	1.663601e-01	1.791390e-01	1.142966e-01	8.172486e-02	3.257178e-02	2.457654e-02	-6.389456e-03	9.284622e-03	1.150084e-02	1.503504e-02	-3.534202e-03
454           	3.451164e-01	1.661703e-01	1.789461e-01	1.140659e-01	8.095913e-02	3.310675e-02	2.392619e-02	-6.387880e-03	9.501171e-03	1.198518e-02	1.549376e-02	-3.508583e-03
455           	3.447078e-01	1.659477e-01	1.787600e-01	1.142488e-01	8.049279e-02	3.375599e-02	2.336840e-02	-6.406162e-03	9.763825e-03	1.262222e-02	1.607494e-02	-3.452715e-03
456           	3.443594e-01	1.657288e-01	1.786306e-01	1.146590e-01	8.026241e-02	3.439663e-02	2.293289e-02	-6.450887e-03	9.991059e-03	1.335735e-02	1.666974e-02	-3.312383e-03
457           	3.441261e-01	1.655476e-01	1.785785e-01	1.150161e-01	8.018617e-02	3.482994e-02	2.267811e-02	-6.515457e-03	1.015078e-02	1.405859e-02	1.718007e-02	-3.121481e-03
458           	3.440437e-01	1.654402e-01	1.786035e-01	1.152326e-01	8.024149e-02	3.499111e-02	2.262519e-02	-6.581632e-03	1.021596e-02	1.456174e-02	1.749683e-02	-2.935089e-03
459           	3.441754e-01	1.654676e-01	1.787078e-01	1.152686e-01	8.045003e-02	3.481861e-02	2.281571e-02	-6.620116e-03	1.016073e-02	1.471589e-02	1.751867e-02	-2.802785e-03
460           	3.444344e-01	1.656210e-01	1.788134e-01	1.151784e-01	8.076866e-02	3.440978e-02	2.317944e-02	-6.596203e-03	9.937396e-03	1.441507e-02	1.714493e-02	-2.729863e-03
461           	3.447587e-01	1.658936e-01	1.788651e-01	1.151468e-01	8.105244e-02	3.409436e-02	2.347904e-02	-6.485773e-03	9.563103e-03	1.363561e-02	1.638091e-02	-2.745298e-03
462           	3.451228e-01	1.662375e-01	1.788853e-01	1.154337e-01	8.134214e-02	3.409160e-02	2.362527e-02	-6.323946e-03	9.148258e-03	1.259189e-02	1.544420e-02	-2.852313e-03
463           	3.454558e-01	1.665819e-01	1.788739e-01	1.159658e-01	8.158337e-02	3.438244e-02	2.360046e-02	-6.146026e-03	8.771043e-03	1.147577e-02	1.450893e-02	-3.033159e-03
464           	3.456677e-01	1.668598e-01	1.788079e-01	1.166846e-01	8.171222e-02	3.497239e-02	2.336991e-02	-5.974072e-03	8.453725e-03	1.043473e-02	1.367109e-02	-3.236359e-03
465           	3.457750e-01	1.670493e-01	1.787258e-01	1.175232e-01	8.175843e-02	3.576474e-02	2.299685e-02	-5.838261e-03	8.253867e-03	9.662126e-03	1.308493e-02	-3.422803e-03
466           	3.457653e-01	1.671021e-01	1.786632e-01	1.183875e-01	8.164138e-02	3.674609e-02	2.244764e-02	-5.780581e-03	8.194864e-03	9.291419e-03	1.284057e-02	-3.549154e-03
467           	3.456269e-01	1.670111e-01	1.786158e-01	1.194081e-01	8.143510e-02	3.797296e-02	2.173107e-02	-5.802348e-03	8.291217e-03	9.377867e-03	1.298015e-02	-3.602283e-03
468           	3.453335e-01	1.667820e-01	1.785515e-01	1.206965e-01	8.127480e-02	3.942174e-02	2.092653e-02	-5.884753e-03	8.501357e-03	9.828515e-03	1.341561e-02	-3.587100e-03
469           	3.449583e-01	1.664869e-01	1.784715e-01	1.220590e-01	8.116467e-02	4.089433e-02	2.013517e-02	-5.992279e-03	8.775320e-03	1.048593e-02	1.401828e-02	-3.532356e-03
470           	3.446373e-01	1.661933e-01	1.784440e-01	1.232022e-01	8.106819e-02	4.213399e-02	1.946710e-02	-6.125322e-03	9.080492e-03	1.125929e-02	1.471014e-02	-3.450848e-03
471           	3.444620e-01	1.659548e-01	1.785072e-01	1.240054e-01	8.099256e-02	4.301283e-02	1.898987e-02	-6.276198e-03	9.378096e-03	1.208041e-02	1.541830e-02	-3.337891e-03
472           	3.444253e-01	1.657882e-01	1.786371e-01	1.244846e-01	8.093228e-02	4.355228e-02	1.869000e-02	-6.424468e-03	9.594310e-03	1.282056e-02	1.600459e-02	-3.184032e-03
473           	3.444976e-01	1.656950e-01	1.788025e-01	1.247041e-01	8.092583e-02	4.377826e-02	1.857378e-02	-6.553768e-03	9.725063e-03	1.335429e-02	1.640221e-02	-3.047916e-03
474           	3.446246e-01	1.656829e-01	1.789417e-01	1.246799e-01	8.096345e-02	4.371641e-02	1.862352e-02	-6.629385e-03	9.724501e-03	1.349874e-02	1.647387e-02	-2.975129e-03
475           	3.447446e-01	1.657726e-01	1.789720e-01	1.245234e-01	8.092987e-02	4.359356e-02	1.866815e-02	-6.599715e-03	9.562626e-03	1.315778e-02	1.614151e-02	-2.983738e-03
476           	3.448563e-01	1.659707e-01	1.788856e-01	1.244560e-01	8.080638e-02	4.364962e-02	1.857838e-02	-6.457437e-03	9.305216e-03	1.242739e-02	1.551891e-02	-3.091522e-03
477           	3.450018e-01	1.662584e-01	1.787434e-01	1.245513e-01	8.063669e-02	4.391463e-02	1.836103e-02	-6.242497e-03	9.041320e-03	1.151544e-02	1.479904e-02	-3.283598e-03
478           	3.450666e-01	1.665204e-01	1.785462e-01	1.247857e-01	8.037432e-02	4.441138e-02	1.798147e-02	-6.012927e-03	8.772961e-03	1.062125e-02	1.408359e-02	-3.462335e-03
479           	3.450885e-01	1.667411e-01	1.783475e-01	1.251653e-01	8.017690e-02	4.498845e-02	1.759423e-02	-5.803200e-03	8.589212e-03	9.911239e-03	1.354483e-02	-3.633593e-03
480           	3.450803e-01	1.668602e-01	1.782201e-01	1.254103e-01	7.996196e-02	4.544832e-02	1.725682e-02	-5.679912e-03	8.551409e-03	9.569044e-03	1.333593e-02	-3.766887e-03
481           	3.450555e-01	1.668805e-01	1.781751e-01	1.254556e-01	7.972342e-02	4.573214e-02	1.699564e-02	-5.647312e-03	8.667548e-03	9.653161e-03	1.349413e-02	-3.840968e-03
482           	3.449394e-01	1.667899e-01	1.781495e-01	1.253880e-01	7.954397e-02	4.584403e-02	1.684997e-02	-5.679832e-03	8.930079e-03	1.007391e-02	1.396704e-02	-3.893122e-03
483           	3.447752e-01	1.666227e-01	1.781525e-01	1.251992e-01	7.952360e-02	4.567560e-02	1.692400e-02	-5.764929e-03	9.274394e-03	1.075348e-02	1.465113e-02	-3.897656e-03
484           	3.446313e-01	1.664131e-01	1.782182e-01	1.248259e-01	7.970048e-02	4.512546e-02	1.728751e-02	-5.902595e-03	9.629776e-03	1.161174e-02	1.543565e-02	-3.823904e-03
485           	3.446030e-01	1.662176e-01	1.783854e-01	1.241436e-01	8.003992e-02	4.410372e-02	1.796810e-02	-6.083937e-03	9.964237e-03	1.254799e-02	1.623823e-02	-3.690242e-03
486           	3.446948e-01	1.660516e-01	1.786432e-01	1.230924e-01	8.047694e-02	4.261542e-02	1.893076e-02	-6.295838e-03	1.024220e-02	1.346085e-02	1.697263e-02	-3.511775e-03
487           	3.449280e-01	1.659538e-01	1.789742e-01	1.216675e-01	8.094632e-02	4.072116e-02	2.011258e-02	-6.510198e-03	1.042385e-02	1.421126e-02	1.752948e-02	-3.318216e-03
488           	3.452943e-01	1.659545e-01	1.793398e-01	1.198982e-01	8.145783e-02	3.844035e-02	2.150874e-02	-6.692662e-03	1.047752e-02	1.459945e-02	1.777724e-02	-3.177797e-03
489           	3.457271e-01	1.660836e-01	1.796435e-01	1.181785e-01	8.195417e-02	3.622433e-02	2.286492e-02	-6.779925e-03	1.035109e-02	1.443261e-02	1.756739e-02	-3.134785e-03
490           	3.461353e-01	1.662984e-01	1.798369e-01	1.170045e-01	8.240759e-02	3.459687e-02	2.390536e-02	-6.769244e-03	1.007341e-02	1.379855e-02	1.697269e-02	-3.174139e-03
491           	3.464806e-01	1.665574e-01	1.799231e-01	1.164159e-01	8.280298e-02	3.361291e-02	2.459504e-02	-6.682870e-03	9.772477e-03	1.286221e-02	1.620358e-02	-3.341371e-03
492           	3.467236e-01	1.667976e-01	1.799260e-01	1.162336e-01	8.307773e-02	3.315589e-02	2.496092e-02	-6.564183e-03	9.475047e-03	1.187200e-02	1.541105e-02	-3.539045e-03
493           	3.469120e-01	1.670295e-01	1.798825e-01	1.164330e-01	8.333976e-02	3.309320e-02	2.512328e-02	-6.426477e-03	9.230689e-03	1.100809e-02	1.473474e-02	-3.726643e-03
494           	3.470197e-01	1.672083e-01	1.798114e-01	1.168780e-01	8.358920e-02	3.328880e-02	2.515020e-02	-6.301572e-03	9.096623e-03	1.042497e-02	1.430911e-02	-3.884139e-03
495           	3.470943e-01	1.673227e-01	1.797716e-01	1.174727e-01	8.382913e-02	3.364352e-02	2.509280e-02	-6.224405e-03	9.068363e-03	1.021691e-02	1.417682e-02	-3.959906e-03
496           	3.471213e-01	1.673780e-01	1.797432e-01	1.182726e-01	8.420111e-02	3.407147e-02	2.506482e-02	-6.182595e-03	9.123578e-03	1.033055e-02	1.428885e-02	-3.958306e-03
497           	3.470660e-01	1.673687e-01	1.796973e-01	1.191777e-01	8.472995e-02	3.444771e-02	2.514112e-02	-6.164341e-03	9.244193e-03	1.069463e-02	1.459151e-02	-3.896880e-03
498           	3.470253e-01	1.673417e-01	1.796836e-01	1.199298e-01	8.538226e-02	3.454752e-02	2.541737e-02	-6.170945e-03	9.369788e-03	1.122426e-02	1.498192e-02	-3.757659e-03
499           	3.470284e-01	1.673092e-01	1.797192e-01	1.203020e-01	8.604751e-02	3.425449e-02	2.589651e-02	-6.205037e-03	9.462451e-03	1.186177e-02	1.539333e-02	-3.531568e-03
500           	3.470849e-01	1.672791e-01	1.798058e-01	1.201767e-01	8.668448e-02	3.349219e-02	2.659615e-02	-6.263378e-03	9.500560e-03	1.243479e-02	1.571796e-02	-3.283164e-03
501           	3.472138e-01	1.672897e-01	1.799241e-01	1.195776e-01	8.726182e-02	3.231579e-02	2.747302e-02	-6.317235e-03	9.453855e-03	1.276985e-02	1.583878e-02	-3.068927e-03
502           	3.474395e-01	1.673968e-01	1.800427e-01	1.184993e-01	8.766997e-02	3.082937e-02	2.842030e-02	-6.322920e-03	9.287931e-03	1.267893e-02	1.562739e-02	-2.948468e-03
503           	3.477337e-01	1.676426e-01	1.800912e-01	1.172981e-01	8.783382e-02	2.946430e-02	2.918476e-02	-6.224301e-03	8.989909e-03	1.204717e-02	1.501349e-02	-2.966326e-03
504           	3.479991e-01	1.679619e-01	1.800372e-01	1.163796e-01	8.777760e-02	2.860204e-02	2.958778e-02	-6.037634e-03	8.630156e-03	1.104636e-02	1.415333e-02	-3.106979e-03
505           	3.482427e-01	1.683266e-01	1.799161e-01	1.159422e-01	8.758649e-02	2.835569e-02	2.961540e-02	-5.794737e-03	8.263952e-03	9.905060e-03	1.321648e-02	-3.311422e-03
506           	3.484242e-01	1.686818e-01	1.797423e-01	1.160462e-01	8.729082e-02	2.875537e-02	2.926773e-02	-5.530238e-03	7.876155e-03	8.758337e-03	1.225532e-02	-3.496986e-03
507           	3.484439e-01	1.689397e-01	1.795042e-01	1.166386e-01	8.691869e-02	2.971994e-02	2.859937e-02	-5.282216e-03	7.575628e-03	7.785598e-03	1.146843e-02	-3.682829e-03
508           	3.482978e-01	1.690463e-01	1.792515e-01	1.174378e-01	8.640437e-02	3.103338e-02	2.768549e-02	-5.102610e-03	7.411012e-03	7.176380e-03	1.099920e-02	-3.822822e-03
509           	3.480492e-01	1.690185e-01	1.790307e-01	1.183807e-01	8.579484e-02	3.258584e-02	2.660450e-02	-5.006090e-03	7.392473e-03	6.987010e-03	1.088598e-02	-3.898968e-03
510           	3.476362e-01	1.688346e-01	1.788016e-01	1.194828e-01	8.526217e-02	3.422059e-02	2.552079e-02	-4.983458e-03	7.514077e-03	7.178920e-03	1.110354e-02	-3.924618e-03
511           	3.470821e-01	1.685336e-01	1.785486e-01	1.206413e-01	8.500112e-02	3.564015e-02	2.468048e-02	-5.007493e-03	7.745758e-03	7.658052e-03	1.157478e-02	-3.916733e-03
512           	3.465567e-01	1.682232e-01	1.783335e-01	1.217095e-01	8.508549e-02	3.662401e-02	2.423074e-02	-5.055143e-03	8.038523e-03	8.249309e-03	1.216318e-02	-3.913869e-03
513           	3.462247e-01	1.679878e-01	1.782369e-01	1.223362e-01	8.537311e-02	3.696306e-02	2.420502e-02	-5.124549e-03	8.318883e-03	8.884191e-03	1.276098e-02	-3.876787e-03
514           	3.460833e-01	1.678307e-01	1.782526e-01	1.223279e-01	8.568792e-02	3.663997e-02	2.452397e-02	-5.210954e-03	8.513202e-03	9.497022e-03	1.326171e-02	-3.764691e-03
515           	3.461814e-01	1.677948e-01	1.783866e-01	1.217071e-01	8.599474e-02	3.571233e-02	2.514121e-02	-5.295873e-03	8.598536e-03	9.920099e-03	1.355859e-02	-3.638486e-03
516           	3.464628e-01	1.678560e-01	1.786067e-01	1.205479e-01	8.629500e-02	3.425292e-02	2.602104e-02	-5.375330e-03	8.515515e-03	1.000205e-02	1.351654e-02	-3.514488e-03
517           	3.468772e-01	1.680432e-01	1.788340e-01	1.191403e-01	8.655005e-02	3.259030e-02	2.697988e-02	-5.395367e-03	8.247023e-03	9.595116e-03	1.304458e-02	-3.449465e-03
518           	3.473161e-01	1.683057e-01	1.790104e-01	1.180637e-01	8.678739e-02	3.127629e-02	2.775555e-02	-5.352318e-03	7.879582e-03	8.818943e-03	1.228905e-02	-3.470110e-03
519           	3.476804e-01	1.685844e-01	1.790961e-01	1.175725e-01	8.702918e-02	3.054331e-02	2.824294e-02	-5.255858e-03	7.538569e-03	7.840792e-03	1.145896e-02	-3.618172e-03
520           	3.478896e-01	1.688100e-01	1.790797e-01	1.175612e-01	8.714083e-02	3.042036e-02	2.836024e-02	-5.134845e-03	7.233715e-03	6.873973e-03	1.067070e-02	-3.796729e-03
521           	3.479619e-01	1.689727e-01	1.789892e-01	1.179808e-01	8.718420e-02	3.079656e-02	2.819382e-02	-5.008241e-03	7.022007e-03	6.058096e-03	1.005105e-02	-3.992958e-03
522           	3.479425e-01	1.690343e-01	1.789082e-01	1.186531e-01	8.721983e-02	3.143329e-02	2.789327e-02	-4.936973e-03	6.926097e-03	5.589795e-03	9.720994e-03	-4.131200e-03
523           	3.478255e-01	1.689540e-01	1.788714e-01	1.195295e-01	8.728913e-02	3.224041e-02	2.752436e-02	-4.958692e-03	6.952235e-03	5.605356e-03	9.754913e-03	-4.149557e-03
524           	3.475015e-01	1.686939e-01	1.788075e-01	1.206065e-01	8.746302e-02	3.314344e-02	2.715979e-02	-5.056789e-03	7.094558e-03	6.070938e-03	1.013003e-02	-4.059090e-03
525           	3.470099e-01	1.683163e-01	1.786935e-01	1.217584e-01	8.779419e-02	3.396417e-02	2.691501e-02	-5.188588e-03	7.322932e-03	6.856587e-03	1.075123e-02	-3.894638e-03
526           	3.464270e-01	1.678741e-01	1.785529e-01	1.227825e-01	8.822847e-02	3.455403e-02	2.683722e-02	-5.339375e-03	7.584197e-03	7.850334e-03	1.150936e-02	-3.659031e-03
527           	3.458694e-01	1.674151e-01	1.784543e-01	1.233650e-01	8.866680e-02	3.469819e-02	2.698431e-02	-5.519639e-03	7.878309e-03	8.914536e-03	1.233558e-02	-3.421041e-03
528           	3.454508e-01	1.670015e-01	1.784493e-01	1.233735e-01	8.906637e-02	3.430717e-02	2.737960e-02	-5.723875e-03	8.167629e-03	9.904155e-03	1.311971e-02	-3.215551e-03
529           	3.452125e-01	1.666778e-01	1.785347e-01	1.228260e-01	8.936019e-02	3.346580e-02	2.794720e-02	-5.928417e-03	8.401714e-03	1.068135e-02	1.374239e-02	-3.061038e-03
530           	3.452015e-01	1.664895e-01	1.787120e-01	1.217952e-01	8.955186e-02	3.224336e-02	2.865425e-02	-6.111233e-03	8.540294e-03	1.108759e-02	1.408409e-02	-2.996497e-03
531           	3.453809e-01	1.664736e-01	1.789073e-01	1.205003e-01	8.956542e-02	3.093485e-02	2.931529e-02	-6.216814e-03	8.492627e-03	1.096612e-02	1.397569e-02	-3.009565e-03
532           	3.457014e-01	1.666309e-01	1.790705e-01	1.195199e-01	8.946950e-02	3.005044e-02	2.970953e-02	-6.219801e-03	8.230814e-03	1.036845e-02	1.341504e-02	-3.046590e-03
533           	3.460979e-01	1.668892e-01	1.792087e-01	1.192202e-01	8.933179e-02	2.988839e-02	2.972170e-02	-6.159728e-03	7.921646e-03	9.492658e-03	1.266797e-02	-3.175317e-03
534           	3.464728e-01	1.671558e-01	1.793170e-01	1.195018e-01	8.915845e-02	3.034339e-02	2.940753e-02	-6.080566e-03	7.638542e-03	8.598870e-03	1.193798e-02	-3.339107e-03
535           	3.467627e-01	1.673957e-01	1.793670e-01	1.202179e-01	8.889392e-02	3.132399e-02	2.878496e-02	-5.985640e-03	7.441589e-03	7.816445e-03	1.134981e-02	-3.533367e-03
536           	3.469456e-01	1.675606e-01	1.793850e-01	1.210420e-01	8.842159e-02	3.262042e-02	2.790058e-02	-5.912215e-03	7.406183e-03	7.311155e-03	1.106176e-02	-3.750605e-03
537           	3.470421e-01	1.676121e-01	1.794300e-01	1.218688e-01	8.767452e-02	3.419426e-02	2.674013e-02	-5.908972e-03	7.539169e-03	7.284967e-03	1.118165e-02	-3.896685e-03
538           	3.470355e-01	1.675586e-01	1.794768e-01	1.229395e-01	8.694699e-02	3.599247e-02	2.547726e-02	-5.959095e-03	7.796543e-03	7.678025e-03	1.163556e-02	-3.957530e-03
539           	3.468581e-01	1.673932e-01	1.794649e-01	1.242806e-01	8.642652e-02	3.785406e-02	2.428623e-02	-6.035868e-03	8.133399e-03	8.326198e-03	1.229650e-02	-3.970300e-03
540           	3.465904e-01	1.671606e-01	1.794297e-01	1.256380e-01	8.612132e-02	3.951665e-02	2.330233e-02	-6.134563e-03	8.470051e-03	9.123629e-03	1.303187e-02	-3.908237e-03
541           	3.464048e-01	1.669545e-01	1.794504e-01	1.266798e-01	8.594275e-02	4.073707e-02	2.260284e-02	-6.247947e-03	8.746397e-03	9.962847e-03	1.372782e-02	-3.764974e-03
542           	3.463258e-01	1.667946e-01	1.795312e-01	1.272238e-01	8.584147e-02	4.138235e-02	2.222956e-02	-6.368329e-03	8.959134e-03	1.072503e-02	1.432165e-02	-3.596619e-03
543           	3.463848e-01	1.667209e-01	1.796639e-01	1.272448e-01	8.581578e-02	4.142900e-02	2.219339e-02	-6.471533e-03	9.094341e-03	1.125467e-02	1.472168e-02	-3.467006e-03
544           	3.466173e-01	1.667607e-01	1.798566e-01	1.267312e-01	8.585046e-02	4.088074e-02	2.248486e-02	-6.547955e-03	9.108346e-03	1.141131e-02	1.481400e-02	-3.402690e-03
545           	3.470256e-01	1.669637e-01	1.800618e-01	1.258345e-01	8.591104e-02	3.992343e-02	2.299380e-02	-6.549056e-03	8.988547e-03	1.103064e-02	1.450387e-02	-3.473229e-03
546           	3.475714e-01	1.673268e-01	1.802447e-01	1.249705e-01	8.595191e-02	3.901857e-02	2.346667e-02	-6.458951e-03	8.724373e-03	1.023288e-02	1.384081e-02	-3.607934e-03
547           	3.481068e-01	1.677441e-01	1.803626e-01	1.243789e-01	8.588388e-02	3.849498e-02	2.369445e-02	-6.309245e-03	8.408838e-03	9.299439e-03	1.305856e-02	-3.759119e-03
548           	3.485308e-01	1.681205e-01	1.804103e-01	1.240458e-01	8.568347e-02	3.836230e-02	2.366059e-02	-6.144888e-03	8.115536e-03	8.399733e-03	1.231540e-02	-3.915670e-03
549           	3.487859e-01	1.684109e-01	1.803750e-01	1.239737e-01	8.540983e-02	3.856392e-02	2.342295e-02	-5.982036e-03	7.860407e-03	7.693127e-03	1.170697e-02	-4.013844e-03
550           	3.488363e-01	1.685690e-01	1.802673e-01	1.241345e-01	8.512657e-02	3.900795e-02	2.305931e-02	-5.849172e-03	7.688040e-03	7.302895e-03	1.133949e-02	-4.036593e-03
551           	3.487199e-01	1.685911e-01	1.801288e-01	1.245061e-01	8.482217e-02	3.968395e-02	2.256911e-02	-5.768832e-03	7.651706e-03	7.312026e-03	1.130772e-02	-3.995693e-03
552           	3.484496e-01	1.684832e-01	1.799664e-01	1.251130e-01	8.459100e-02	4.052199e-02	2.203450e-02	-5.741591e-03	7.749605e-03	7.717161e-03	1.160819e-02	-3.891024e-03
553           	3.480348e-01	1.682745e-01	1.797603e-01	1.259500e-01	8.451221e-02	4.143781e-02	2.153720e-02	-5.742927e-03	7.930378e-03	8.398051e-03	1.212940e-02	-3.731353e-03
554           	3.475508e-01	1.680010e-01	1.795498e-01	1.268385e-01	8.460854e-02	4.222995e-02	2.118930e-02	-5.774417e-03	8.136711e-03	9.217577e-03	1.274550e-02	-3.527923e-03
555           	3.470999e-01	1.677025e-01	1.793974e-01	1.275241e-01	8.482445e-02	4.269961e-02	2.106242e-02	-5.847448e-03	8.333160e-03	1.008308e-02	1.337470e-02	-3.291620e-03
556           	3.467218e-01	1.674039e-01	1.793179e-01	1.278282e-01	8.507423e-02	4.275393e-02	2.116015e-02	-5.956986e-03	8.493237e-03	1.088254e-02	1.393451e-02	-3.051968e-03
557           	3.464830e-01	1.671723e-01	1.793106e-01	1.277163e-01	8.527796e-02	4.243836e-02	2.141980e-02	-6.069137e-03	8.576657e-03	1.147903e-02	1.431617e-02	-2.837140e-03
558           	3.463969e-01	1.670490e-01	1.793479e-01	1.271044e-01	8.538418e-02	4.172019e-02	2.183199e-02	-6.149483e-03	8.570300e-03	1.173189e-02	1.443624e-02	-2.704357e-03
559           	3.464722e-01	1.670929e-01	1.793792e-01	1.259961e-01	8.532735e-02	4.066876e-02	2.232930e-02	-6.143154e-03	8.421581e-03	1.147518e-02	1.415917e-02	-2.683992e-03
560           	3.466068e-01	1.672845e-01	1.793223e-01	1.247450e-01	8.509680e-02	3.964817e-02	2.272431e-02	-6.018923e-03	8.118826e-03	1.069722e-02	1.346744e-02	-2.770217e-03
561           	3.467597e-01	1.675761e-01	1.791836e-01	1.237310e-01	8.482829e-02	3.890274e-02	2.296278e-02	-5.803776e-03	7.793345e-03	9.600609e-03	1.259365e-02	-2.993040e-03
562           	3.469039e-01	1.679222e-01	1.789818e-01	1.228381e-01	8.443144e-02	3.840665e-02	2.301240e-02	-5.529793e-03	7.472821e-03	8.371391e-03	1.165852e-02	-3.287125e-03
563           	3.470253e-01	1.682935e-01	1.787317e-01	1.219885e-01	8.388562e-02	3.810286e-02	2.289138e-02	-5.219111e-03	7.180543e-03	7.181914e-03	1.077150e-02	-3.589586e-03
564           	3.470104e-01	1.685979e-01	1.784125e-01	1.210052e-01	8.314155e-02	3.786368e-02	2.263893e-02	-4.907334e-03	6.984771e-03	6.224353e-03	1.009695e-02	-3.872594e-03
565           	3.468803e-01	1.687915e-01	1.780889e-01	1.198711e-01	8.223448e-02	3.763659e-02	2.229895e-02	-4.648684e-03	6.906075e-03	5.653246e-03	9.732698e-03	-4.079452e-03
566           	3.466386e-01	1.688694e-01	1.777692e-01	1.188897e-01	8.141962e-02	3.747008e-02	2.197477e-02	-4.449917e-03	6.949211e-03	5.443484e-03	9.670953e-03	-4.227469e-03
567           	3.462733e-01	1.688395e-01	1.774337e-01	1.181363e-01	8.080424e-02	3.733201e-02	2.173611e-02	-4.297110e-03	7.095024e-03	5.483619e-03	9.836834e-03	-4.353215e-03
568           	3.458138e-01	1.687218e-01	1.770920e-01	1.174325e-01	8.035196e-02	3.708056e-02	2.163570e-02	-4.185102e-03	7.290246e-03	5.718743e-03	1.014962e-02	-4.430874e-03
569           	3.454022e-01	1.685973e-01	1.768048e-01	1.165972e-01	8.003940e-02	3.655782e-02	2.174079e-02	-4.103764e-03	7.493006e-03	6.053485e-03	1.051975e-02	-4.466263e-03
570           	3.450875e-01	1.684758e-01	1.766117e-01	1.154703e-01	7.982352e-02	3.564681e-02	2.208835e-02	-4.067923e-03	7.640772e-03	6.466104e-03	1.087382e-02	-4.407719e-03
571           	3.448899e-01	1.683940e-01	1.764958e-01	1.140720e-01	7.969696e-02	3.437504e-02	2.266096e-02	-4.050895e-03	7.696479e-03	6.741860e-03	1.106741e-02	-4.325550e-03
572           	3.447800e-01	1.683741e-01	1.764059e-01	1.124517e-01	7.963361e-02	3.281809e-02	2.340776e-02	-4.015916e-03	7.625999e-03	6.675215e-03	1.096361e-02	-4.288392e-03
573           	3.447888e-01	1.684964e-01	1.762924e-01	1.107919e-01	7.967002e-02	3.112188e-02	2.427407e-02	-3.898043e-03	7.379227e-03	6.093955e-03	1.042620e-02	-4.332249e-03
574           	3.448405e-01	1.687466e-01	1.760939e-01	1.096415e-01	7.975082e-02	2.989068e-02	2.493007e-02	-3.673642e-03	6.989093e-03	5.036151e-03	9.507168e-03	-4.471017e-03
575           	3.448387e-01	1.690570e-01	1.757817e-01	1.091045e-01	7.975191e-02	2.935255e-02	2.519968e-02	-3.362345e-03	6.580550e-03	3.717039e-03	8.439069e-03	-4.722030e-03
576           	3.448253e-01	1.694037e-01	1.754216e-01	1.089643e-01	7.966128e-02	2.930298e-02	2.517915e-02	-3.008954e-03	6.188208e-03	2.364748e-03	7.370582e-03	-5.005834e-03
577           	3.447797e-01	1.697369e-01	1.750428e-01	1.090204e-01	7.949664e-02	2.952377e-02	2.498643e-02	-2.652987e-03	5.835853e-03	1.115705e-03	6.393705e-03	-5.278000e-03
578           	3.446859e-01	1.700248e-01	1.746611e-01	1.091780e-01	7.934796e-02	2.983008e-02	2.475894e-02	-2.318161e-03	5.579381e-03	8.429985e-05	5.621531e-03	-5.537231e-03
579           	3.445853e-01	1.702442e-01	1.743412e-01	1.093690e-01	7.925084e-02	3.011813e-02	2.456636e-02	-2.048481e-03	5.448127e-03	-5.537312e-04	5.171261e-03	-5.724992e-03
580           	3.444470e-01	1.703629e-01	1.740841e-01	1.097981e-01	7.926147e-02	3.053665e-02	2.436241e-02	-1.860643e-03	5.447067e-03	-8.218264e-04	5.036154e-03	-5.857980e-03
581           	3.442258e-01	1.703657e-01	1.738601e-01	1.103585e-01	7.940066e-02	3.095782e-02	2.422142e-02	-1.747194e-03	5.539225e-03	-7.593916e-04	5.159529e-03	-5.918921e-03
582           	3.439431e-01	1.702622e-01	1.736809e-01	1.109005e-01	7.970969e-02	3.119081e-02	2.425944e-02	-1.709335e-03	5.656474e-03	-4.438639e-04	5.434542e-03	-5.878406e-03
583           	3.436332e-01	1.700687e-01	1.735645e-01	1.112005e-01	8.009621e-02	3.110429e-02	2.449596e-02	-1.747920e-03	5.793529e-03	-8.733309e-06	5.789162e-03	-5.797895e-03
584           	3.433902e-01	1.698460e-01	1.735442e-01	1.111164e-01	8.053038e-02	3.058601e-02	2.497218e-02	-1.849124e-03	5.914514e-03	4.696152e-04	6.149321e-03	-5.679706e-03
585           	3.432679e-01	1.696547e-01	1.736132e-01	1.106738e-01	8.096813e-02	2.970565e-02	2.563124e-02	-1.979244e-03	5.974938e-03	8.597744e-04	6.404826e-03	-5.545051e-03
586           	3.432664e-01	1.695347e-01	1.737317e-01	1.099156e-01	8.138995e-02	2.852568e-02	2.643214e-02	-2.098508e-03	5.943516e-03	1.012179e-03	6.449606e-03	-5.437427e-03
587           	3.433009e-01	1.694948e-01	1.738061e-01	1.089770e-01	8.173044e-02	2.724653e-02	2.724196e-02	-2.155628e-03	5.770211e-03	7.459579e-04	6.143190e-03	-5.397232e-03
588           	3.434041e-01	1.695911e-01	1.738130e-01	1.082260e-01	8.203325e-02	2.619279e-02	2.792023e-02	-2.110969e-03	5.412021e-03	1.245366e-05	5.418248e-03	-5.405794e-03
589           	3.435328e-01	1.698034e-01	1.737294e-01	1.080253e-01	8.228351e-02	2.574181e-02	2.827085e-02	-1.962996e-03	5.014410e-03	-1.067007e-03	4.480906e-03	-5.547913e-03
590           	3.435988e-01	1.700507e-01	1.735481e-01	1.082093e-01	8.233239e-02	2.587694e-02	2.822773e-02	-1.748720e-03	4.641297e-03	-2.278440e-03	3.502077e-03	-5.780517e-03
591           	3.436037e-01	1.702943e-01	1.733094e-01	1.086826e-01	8.213824e-02	2.654432e-02	2.779696e-02	-1.507593e-03	4.290267e-03	-3.401539e-03	2.589498e-03	-5.991037e-03
592           	3.436173e-01	1.705268e-01	1.730905e-01	1.092743e-01	8.184105e-02	2.743320e-02	2.720392e-02	-1.281845e-03	4.048180e-03	-4.246517e-03	1.924921e-03	-6.171438e-03
593           	3.435400e-01	1.706290e-01	1.729110e-01	1.096683e-01	8.131592e-02	2.835240e-02	2.648176e-02	-1.140998e-03	3.963990e-03	-4.660856e-03	1.633562e-03	-6.294418e-03
594           	3.433658e-01	1.705838e-01	1.727820e-01	1.099200e-01	8.071206e-02	2.920797e-02	2.575204e-02	-1.099111e-03	4.027048e-03	-4.659147e-03	1.697474e-03	-6.356622e-03
595           	3.431425e-01	1.704565e-01	1.726860e-01	1.100638e-01	8.017361e-02	2.989017e-02	2.514172e-02	-1.114739e-03	4.233732e-03	-4.400461e-03	2.033501e-03	-6.433962e-03
596           	3.429871e-01	1.703147e-01	1.726724e-01	1.099386e-01	7.983371e-02	3.010489e-02	2.486441e-02	-1.178812e-03	4.512373e-03	-3.929714e-03	2.547516e-03	-6.477230e-03
597           	3.429118e-01	1.701602e-01	1.727516e-01	1.094232e-01	7.966821e-02	2.975495e-02	2.495663e-02	-1.295671e-03	4.798890e-03	-3.259332e-03	3.169224e-03	-6.428556e-03
598           	3.429875e-01	1.700338e-01	1.729537e-01	1.085548e-01	7.972377e-02	2.883107e-02	2.544635e-02	-1.459981e-03	5.065136e-03	-2.486048e-03	3.822112e-03	-6.308160e-03
599           	3.432038e-01	1.699681e-01	1.732357e-01	1.073920e-01	7.993085e-02	2.746116e-02	2.623484e-02	-1.633803e-03	5.252661e-03	-1.786425e-03	4.359448e-03	-6.145873e-03
600           	3.435804e-01	1.699927e-01	1.735877e-01	1.059879e-01	8.030648e-02	2.568146e-02	2.731251e-02	-1.797475e-03	5.318019e-03	-1.321219e-03	4.657409e-03	-5.978628e-03
601           	3.440860e-01	1.701539e-01	1.739321e-01	1.045123e-01	8.085250e-02	2.365978e-02	2.859636e-02	-1.889127e-03	5.225307e-03	-1.364664e-03	4.542975e-03	-5.907639e-03
602           	3.446588e-01	1.704668e-01	1.741920e-01	1.035852e-01	8.150315e-02	2.208206e-02	2.971054e-02	-1.862632e-03	4.945182e-03	-1.993893e-03	3.948235e-03	-5.942128e-03
603           	3.451966e-01	1.708412e-01	1.743554e-01	1.037196e-01	8.210748e-02	2.161208e-02	3.024770e-02	-1.757105e-03	4.577340e-03	-2.942096e-03	3.106292e-03	-6.048388e-03
604           	3.456017e-01	1.711896e-01	1.744121e-01	1.048849e-01	8.259092e-02	2.229395e-02	3.014849e-02	-1.611244e-03	4.220675e-03	-4.021322e-03	2.210014e-03	-6.231336e-03
605           	3.458296e-01	1.714649e-01	1.743647e-01	1.069452e-01	8.302137e-02	2.392380e-02	2.954878e-02	-1.449883e-03	3.889370e-03	-5.062312e-03	1.358214e-03	-6.420526e-03
606           	3.458955e-01	1.716348e-01	1.742608e-01	1.095594e-01	8.339285e-02	2.616653e-02	2.861316e-02	-1.313000e-03	3.639522e-03	-5.921275e-03	6.788845e-04	-6.600160e-03
607           	3.459451e-01	1.717211e-01	1.742240e-01	1.123279e-01	8.368003e-02	2.864787e-02	2.751608e-02	-1.251466e-03	3.534970e-03	-6.468423e-03	3.007583e-04	-6.769181e-03
608           	3.459102e-01	1.716741e-01	1.742361e-01	1.150533e-01	8.387337e-02	3.117996e-02	2.634671e-02	-1.280958e-03	3.589623e-03	-6.624387e-03	2.774299e-04	-6.901817e-03
609           	3.457704e-01	1.714932e-01	1.742773e-01	1.175950e-01	8.403303e-02	3.356199e-02	2.523552e-02	-1.392041e-03	3.799712e-03	-6.431044e-03	5.841902e-04	-7.015234e-03
610           	3.456243e-01	1.712358e-01	1.743886e-01	1.196711e-01	8.420459e-02	3.546652e-02	2.436904e-02	-1.576398e-03	4.105254e-03	-5.954206e-03	1.128151e-03	-7.082357e-03
611           	3.456519e-01	1.710002e-01	1.746517e-01	1.212330e-01	8.455813e-02	3.667489e-02	2.394162e-02	-1.825790e-03	4.466929e-03	-5.236102e-03	1.848878e-03	-7.084980e-03
612           	3.457826e-01	1.707686e-01	1.750140e-01	1.223080e-01	8.509446e-02	3.721353e-02	2.394047e-02	-2.122733e-03	4.832962e-03	-4.324749e-03	2.670587e-03	-6.995337e-03
613           	3.460857e-01	1.706190e-01	1.754667e-01	1.229738e-01	8.587469e-02	3.709906e-02	2.438781e-02	-2.423832e-03	5.196388e-03	-3.380001e-03	3.506388e-03	-6.886389e-03
614           	3.465722e-01	1.705708e-01	1.760014e-01	1.231950e-01	8.681054e-02	3.638447e-02	2.521303e-02	-2.715339e-03	5.502018e-03	-2.516662e-03	4.243687e-03	-6.760349e-03
615           	3.471647e-01	1.706278e-01	1.765369e-01	1.230031e-01	8.776153e-02	3.524153e-02	2.626000e-02	-2.954555e-03	5.655643e-03	-1.928851e-03	4.691217e-03	-6.620068e-03
616           	3.478170e-01	1.708302e-01	1.769869e-01	1.226106e-01	8.861899e-02	3.399162e-02	2.731368e-02	-3.078356e-03	5.603871e-03	-1.810311e-03	4.698716e-03	-6.509027e-03
617           	3.484315e-01	1.711427e-01	1.772888e-01	1.223183e-01	8.927459e-02	3.304374e-02	2.811543e-02	-3.073049e-03	5.441109e-03	-2.107649e-03	4.387284e-03	-6.494933e-03
618           	3.488617e-01	1.714435e-01	1.774182e-01	1.222911e-01	8.960735e-02	3.268372e-02	2.846182e-02	-2.987362e-03	5.218813e-03	-2.572145e-03	3.932741e-03	-6.504886e-03
619           	3.490676e-01	1.716701e-01	1.773975e-01	1.226916e-01	8.968094e-02	3.301070e-02	2.833512e-02	-2.863697e-03	5.024606e-03	-3.039270e-03	3.504970e-03	-6.544241e-03
620           	3.490909e-01	1.717803e-01	1.773105e-01	1.232571e-01	8.951651e-02	3.374057e-02	2.788797e-02	-2.765100e-03	4.922256e-03	-3.318047e-03	3.263233e-03	-6.581280e-03
621           	3.489549e-01	1.717110e-01	1.772439e-01	1.235062e-01	8.888673e-02	3.461946e-02	2.713364e-02	-2.766415e-03	4.935413e-03	-3.293373e-03	3.288727e-03	-6.582099e-03
622           	3.486361e-01	1.714552e-01	1.771809e-01	1.234473e-01	8.785463e-02	3.559266e-02	2.613098e-02	-2.862848e-03	5.106629e-03	-2.996064e-03	3.608597e-03	-6.604661e-03
623           	3.481738e-01	1.710561e-01	1.771178e-01	1.232766e-01	8.668529e-02	3.659131e-02	2.504699e-02	-3.030850e-03	5.428483e-03	-2.435757e-03	4.210604e-03	-6.646361e-03
624           	3.476242e-01	1.705750e-01	1.770491e-01	1.232599e-01	8.566701e-02	3.759287e-02	2.403707e-02	-3.237047e-03	5.818358e-03	-1.630451e-03	5.003133e-03	-6.633583e-03
625           	3.470943e-01	1.700791e-01	1.770152e-01	1.233995e-01	8.494599e-02	3.845356e-02	2.324621e-02	-3.468058e-03	6.193715e-03	-6.368853e-04	5.875272e-03	-6.512157e-03
626           	3.467812e-01	1.696969e-01	1.770843e-01	1.235934e-01	8.463415e-02	3.895924e-02	2.283746e-02	-3.693698e-03	6.494543e-03	4.292932e-04	6.709189e-03	-6.279896e-03
627           	3.467505e-01	1.694771e-01	1.772734e-01	1.236011e-01	8.463884e-02	3.896224e-02	2.283830e-02	-3.898113e-03	6.706090e-03	1.393150e-03	7.402665e-03	-6.009514e-03
628           	3.469265e-01	1.693941e-01	1.775324e-01	1.232897e-01	8.477763e-02	3.851203e-02	2.313280e-02	-4.069161e-03	6.807352e-03	2.080277e-03	7.847490e-03	-5.767214e-03
629           	3.472180e-01	1.694494e-01	1.777687e-01	1.227206e-01	8.492190e-02	3.779867e-02	2.356162e-02	-4.159657e-03	6.719175e-03	2.290544e-03	7.864447e-03	-5.573903e-03
630           	3.475676e-01	1.696663e-01	1.779013e-01	1.222991e-01	8.509783e-02	3.720124e-02	2.394829e-02	-4.117459e-03	6.362922e-03	1.893441e-03	7.309642e-03	-5.416201e-03
631           	3.479137e-01	1.700070e-01	1.779067e-01	1.223568e-01	8.534233e-02	3.701445e-02	2.416394e-02	-3.949860e-03	5.871043e-03	1.012735e-03	6.377410e-03	-5.364676e-03
632           	3.482324e-01	1.704232e-01	1.778092e-01	1.229869e-01	8.562388e-02	3.736301e-02	2.413044e-02	-3.692973e-03	5.346577e-03	-1.332766e-04	5.279939e-03	-5.413215e-03
633           	3.484273e-01	1.708334e-01	1.775939e-01	1.240911e-01	8.583318e-02	3.825789e-02	2.378765e-02	-3.380244e-03	4.846188e-03	-1.340394e-03	4.175991e-03	-5.516385e-03
634           	3.484506e-01	1.711714e-01	1.772792e-01	1.253682e-01	8.583828e-02	3.952988e-02	2.315420e-02	-3.053916e-03	4.450586e-03	-2.415403e-03	3.242884e-03	-5.658287e-03
635           	3.483196e-01	1.713852e-01	1.769344e-01	1.265632e-01	8.552818e-02	4.103499e-02	2.224659e-02	-2.774580e-03	4.187077e-03	-3.167499e-03	2.603327e-03	-5.770826e-03
636           	3.480545e-01	1.714441e-01	1.766104e-01	1.277742e-01	8.508747e-02	4.268678e-02	2.120035e-02	-2.583134e-03	4.113954e-03	-3.478662e-03	2.374623e-03	-5.853285e-03
637           	3.475822e-01	1.713106e-01	1.762717e-01	1.290054e-01	8.460491e-02	4.440051e-02	2.010220e-02	-2.480552e-03	4.252852e-03	-3.383787e-03	2.560959e-03	-5.944746e-03
638           	3.470063e-01	1.710435e-01	1.759627e-01	1.302092e-01	8.424294e-02	4.596631e-02	1.913831e-02	-2.459591e-03	4.538516e-03	-2.982057e-03	3.047487e-03	-6.029544e-03
639           	3.464052e-01	1.707013e-01	1.757039e-01	1.312783e-01	8.406422e-02	4.721412e-02	1.842505e-02	-2.501318e-03	4.911820e-03	-2.397380e-03	3.713130e-03	-6.110510e-03
640           	3.458476e-01	1.703197e-01	1.755279e-01	1.319068e-01	8.396717e-02	4.793959e-02	1.801379e-02	-2.604104e-03	5.302929e-03	-1.645815e-03	4.480021e-03	-6.125837e-03
641           	3.454602e-01	1.699832e-01	1.754770e-01	1.320690e-01	8.396804e-02	4.810096e-02	1.793354e-02	-2.746874e-03	5.653225e-03	-8.399824e-04	5.233233e-03	-6.073216e-03
642           	3.452695e-01	1.697172e-01	1.755523e-01	1.317850e-01	8.406798e-02	4.771704e-02	1.817547e-02	-2.917527e-03	5.907999e-03	-1.210848e-04	5.847456e-03	-5.968541e-03
643           	3.452008e-01	1.695311e-01	1.756697e-01	1.310911e-01	8.410262e-02	4.698843e-02	1.855710e-02	-3.069269e-03	5.997396e-03	2.992507e-04	6.147021e-03	-5.847771e-03
644           	3.453256e-01	1.695183e-01	1.758073e-01	1.302037e-01	8.400892e-02	4.619481e-02	1.890706e-02	-3.144499e-03	5.913698e-03	2.495114e-04	6.038454e-03	-5.788942e-03
645           	3.455584e-01	1.696406e-01	1.759177e-01	1.293928e-01	8.377041e-02	4.562239e-02	1.907401e-02	-3.138549e-03	5.736419e-03	-2.046812e-04	5.634078e-03	-5.838759e-03
646           	3.457618e-01	1.698030e-01	1.759588e-01	1.286757e-01	8.327977e-02	4.539592e-02	1.894192e-02	-3.077921e-03	5.506171e-03	-8.669289e-04	5.072706e-03	-5.939635e-03
647           	3.458732e-01	1.699319e-01	1.759414e-01	1.279759e-01	8.260055e-02	4.537538e-02	1.861258e-02	-3.004755e-03	5.291294e-03	-1.507207e-03	4.537690e-03	-6.044897e-03
648           	3.458781e-01	1.699503e-01	1.759278e-01	1.269671e-01	8.168344e-02	4.528365e-02	1.819990e-02	-2.988738e-03	5.175079e-03	-1.919985e-03	4.215087e-03	-6.135072e-03
649           	3.457942e-01	1.698404e-01	1.759538e-01	1.255615e-01	8.054976e-02	4.501170e-02	1.776903e-02	-3.056714e-03	5.220556e-03	-1.953025e-03	4.244044e-03	-6.197069e-03
650           	3.456334e-01	1.696392e-01	1.759942e-01	1.240911e-01	7.945892e-02	4.463222e-02	1.741335e-02	-3.177491e-03	5.443803e-03	-1.581720e-03	4.652943e-03	-6.234663e-03
651           	3.453993e-01	1.693805e-01	1.760188e-01	1.228238e-01	7.864971e-02	4.417406e-02	1.723783e-02	-3.319111e-03	5.798102e-03	-8.305070e-04	5.382848e-03	-6.213355e-03
652           	3.451723e-01	1.691124e-01	1.760599e-01	1.218485e-01	7.825639e-02	4.359208e-02	1.733216e-02	-3.473761e-03	6.222344e-03	2.013284e-04	6.323008e-03	-6.121679e-03
653           	3.450134e-01	1.688592e-01	1.761542e-01	1.209631e-01	7.823358e-02	4.272954e-02	1.775202e-02	-3.647497e-03	6.667031e-03	1.383390e-03	7.358726e-03	-5.975336e-03
654           	3.449745e-01	1.686412e-01	1.763333e-01	1.198783e-01	7.846369e-02	4.141464e-02	1.852452e-02	-3.846051e-03	7.052397e-03	2.581899e-03	8.343347e-03	-5.761448e-03
655           	3.450566e-01	1.684843e-01	1.765723e-01	1.184529e-01	7.882021e-02	3.963267e-02	1.959377e-02	-4.044000e-03	7.309911e-03	3.609614e-03	9.114718e-03	-5.505104e-03
656           	3.452241e-01	1.684042e-01	1.768199e-01	1.165500e-01	7.912525e-02	3.742478e-02	2.085023e-02	-4.207869e-03	7.386498e-03	4.262380e-03	9.517688e-03	-5.255308e-03
657           	3.455071e-01	1.684609e-01	1.770462e-01	1.145412e-01	7.937485e-02	3.516640e-02	2.210422e-02	-4.292612e-03	7.250803e-03	4.398620e-03	9.450113e-03	-5.051493e-03
658           	3.458580e-01	1.686491e-01	1.772090e-01	1.129378e-01	7.951853e-02	3.341928e-02	2.304962e-02	-4.279948e-03	6.904046e-03	4.012605e-03	8.910348e-03	-4.897743e-03
659           	3.462008e-01	1.689152e-01	1.772856e-01	1.119801e-01	7.955835e-02	3.242173e-02	2.356831e-02	-4.185213e-03	6.489626e-03	3.197751e-03	8.088502e-03	-4.890750e-03
660           	3.464708e-01	1.692005e-01	1.772703e-01	1.116779e-01	7.951979e-02	3.215809e-02	2.368085e-02	-4.034882e-03	6.079352e-03	2.155795e-03	7.157250e-03	-5.001455e-03
661           	3.465918e-01	1.694303e-01	1.771615e-01	1.117113e-01	7.929923e-02	3.241207e-02	2.344358e-02	-3.865594e-03	5.706705e-03	1.146066e-03	6.279738e-03	-5.133672e-03
662           	3.466204e-01	1.696030e-01	1.770174e-01	1.120452e-01	7.893836e-02	3.310689e-02	2.291574e-02	-3.707175e-03	5.486047e-03	3.769039e-04	5.674499e-03	-5.297595e-03
663           	3.465442e-01	1.696724e-01	1.768718e-01	1.126855e-01	7.850365e-02	3.418183e-02	2.216091e-02	-3.599739e-03	5.451302e-03	1.929707e-05	5.460951e-03	-5.441654e-03
664           	3.464292e-01	1.696762e-01	1.767530e-01	1.138509e-01	7.823270e-02	3.561824e-02	2.130723e-02	-3.538426e-03	5.596569e-03	1.308608e-04	5.661999e-03	-5.531138e-03
665           	3.462785e-01	1.696285e-01	1.766500e-01	1.154662e-01	7.829158e-02	3.717461e-02	2.055848e-02	-3.510759e-03	5.904733e-03	6.151225e-04	6.212295e-03	-5.597172e-03
666           	3.461543e-01	1.695729e-01	1.765814e-01	1.171207e-01	7.871472e-02	3.840598e-02	2.015437e-02	-3.504295e-03	6.280571e-03	1.342311e-03	6.951726e-03	-5.609415e-03
667           	3.461379e-01	1.695311e-01	1.766067e-01	1.182811e-01	7.933150e-02	3.894955e-02	2.019097e-02	-3.537820e-03	6.661934e-03	2.212503e-03	7.768185e-03	-5.555683e-03
668           	3.462297e-01	1.695059e-01	1.767238e-01	1.187000e-01	7.999533e-02	3.870464e-02	2.064534e-02	-3.608953e-03	7.000650e-03	3.109161e-03	8.555231e-03	-5.446070e-03
669           	3.464197e-01	1.695047e-01	1.769150e-01	1.183096e-01	8.054436e-02	3.776526e-02	2.138955e-02	-3.705150e-03	7.241926e-03	3.830416e-03	9.157134e-03	-5.326718e-03
670           	3.466940e-01	1.695476e-01	1.771464e-01	1.171471e-01	8.088894e-02	3.625819e-02	2.231537e-02	-3.799414e-03	7.325112e-03	4.202089e-03	9.426156e-03	-5.224067e-03
671           	3.469988e-01	1.696648e-01	1.773341e-01	1.153773e-01	8.093038e-02	3.444694e-02	2.324172e-02	-3.834652e-03	7.238608e-03	4.031404e-03	9.254310e-03	-5.222906e-03
672           	3.472665e-01	1.698614e-01	1.774051e-01	1.135720e-01	8.065016e-02	3.292187e-02	2.386415e-02	-3.771824e-03	6.980024e-03	3.387000e-03	8.673524e-03	-5.286525e-03
673           	3.474293e-01	1.700763e-01	1.773530e-01	1.123195e-01	8.018847e-02	3.213107e-02	2.402870e-02	-3.638336e-03	6.676601e-03	2.512316e-03	7.932759e-03	-5.420443e-03
674           	3.474234e-01	1.702507e-01	1.771727e-01	1.116756e-01	7.959968e-02	3.207588e-02	2.376190e-02	-3.461008e-03	6.383209e-03	1.583069e-03	7.174744e-03	-5.591675e-03
675           	3.472143e-01	1.703414e-01	1.768729e-01	1.115324e-01	7.889687e-02	3.263550e-02	2.313068e-02	-3.265734e-03	6.123101e-03	7.638794e-04	6.505040e-03	-5.741161e-03
676           	3.468907e-01	1.703496e-01	1.765411e-01	1.117061e-01	7.814654e-02	3.355955e-02	2.229349e-02	-3.095745e-03	5.962204e-03	2.293839e-04	6.076896e-03	-5.847512e-03
677           	3.464943e-01	1.702692e-01	1.762251e-01	1.121947e-01	7.741884e-02	3.477584e-02	2.132150e-02	-2.977988e-03	5.949099e-03	4.461650e-05	5.971407e-03	-5.926790e-03
678           	3.459959e-01	1.701059e-01	1.758900e-01	1.130455e-01	7.683768e-02	3.620783e-02	2.031492e-02	-2.892062e-03	6.037732e-03	2.080710e-04	6.141768e-03	-5.933697e-03
679           	3.454524e-01	1.699082e-01	1.755442e-01	1.141900e-01	7.652254e-02	3.766748e-02	1.942753e-02	-2.817980e-03	6.149736e-03	6.413685e-04	6.470421e-03	-5.829052e-03
680           	3.450047e-01	1.697519e-01	1.752528e-01	1.153272e-01	7.654923e-02	3.877802e-02	1.888561e-02	-2.750434e-03	6.240631e-03	1.203836e-03	6.842549e-03	-5.638713e-03
681           	3.447517e-01	1.696712e-01	1.750804e-01	1.162088e-01	7.687207e-02	3.933669e-02	1.876769e-02	-2.704605e-03	6.294663e-03	1.851953e-03	7.220639e-03	-5.368686e-03
682           	3.447232e-01	1.696697e-01	1.750535e-01	1.167132e-01	7.740569e-02	3.930747e-02	1.904911e-02	-2.691916e-03	6.303584e-03	2.491456e-03	7.549311e-03	-5.057856e-03
683           	3.448877e-01	1.697476e-01	1.751401e-01	1.168411e-01	7.801902e-02	3.882207e-02	1.959847e-02	-2.696218e-03	6.254564e-03	2.964131e-03	7.736629e-03	-4.772498e-03
684           	3.452012e-01	1.699108e-01	1.752905e-01	1.166437e-01	7.864428e-02	3.799943e-02	2.032242e-02	-2.689851e-03	6.093796e-03	3.126941e-03	7.657266e-03	-4.530326e-03
685           	3.455813e-01	1.701550e-01	1.754263e-01	1.163282e-01	7.925736e-02	3.707082e-02	2.109327e-02	-2.635685e-03	5.817636e-03	2.843285e-03	7.239278e-03	-4.395993e-03
686           	3.460048e-01	1.704806e-01	1.755241e-01	1.163545e-01	7.989929e-02	3.645520e-02	2.172205e-02	-2.521739e-03	5.465771e-03	2.130274e-03	6.530908e-03	-4.400635e-03
687           	3.464223e-01	1.708346e-01	1.755877e-01	1.168810e-01	8.048895e-02	3.639208e-02	2.204843e-02	-2.376522e-03	5.136911e-03	1.211103e-03	5.742463e-03	-4.531359e-03
688           	3.467749e-01	1.711426e-01	1.756323e-01	1.176149e-01	8.087538e-02	3.673956e-02	2.206791e-02	-2.244845e-03	4.904957e-03	3.267282e-04	5.068321e-03	-4.741593e-03
689           	3.470559e-01	1.713894e-01	1.756665e-01	1.183246e-01	8.103885e-02	3.728577e-02	2.187654e-02	-2.138548e-03	4.817087e-03	-4.024638e-04	4.615855e-03	-5.018319e-03
690           	3.473111e-01	1.715915e-01	1.757196e-01	1.190144e-01	8.114078e-02	3.787366e-02	2.163356e-02	-2.064051e-03	4.871121e-03	-8.226837e-04	4.459779e-03	-5.282462e-03
691           	3.474758e-01	1.716909e-01	1.757849e-01	1.196782e-01	8.123501e-02	3.844322e-02	2.139590e-02	-2.047011e-03	5.075318e-03	-8.230268e-04	4.663805e-03	-5.486831e-03
692           	3.475037e-01	1.716507e-01	1.758530e-01	1.202938e-01	8.135449e-02	3.893932e-02	2.120759e-02	-2.101170e-03	5.393974e-03	-4.153036e-04	5.186323e-03	-5.601626e-03
693           	3.474339e-01	1.715077e-01	1.759262e-01	1.208501e-01	8.155626e-02	3.929389e-02	2.113118e-02	-2.209242e-03	5.772019e-03	2.303040e-04	5.887171e-03	-5.656867e-03
694           	3.473338e-01	1.713240e-01	1.760098e-01	1.212856e-01	8.182315e-02	3.946250e-02	2.118033e-02	-2.342923e-03	6.120949e-03	9.633265e-04	6.602612e-03	-5.639286e-03
695           	3.472018e-01	1.711197e-01	1.760821e-01	1.215386e-01	8.206079e-02	3.947780e-02	2.129149e-02	-2.481220e-03	6.395950e-03	1.653532e-03	7.222716e-03	-5.569184e-03
696           	3.471109e-01	1.709334e-01	1.761774e-01	1.216322e-01	8.228123e-02	3.935095e-02	2.146514e-02	-2.622003e-03	6.556475e-03	2.240435e-03	7.676692e-03	-5.436257e-03
697           	3.470975e-01	1.707964e-01	1.763011e-01	1.216411e-01	8.249429e-02	3.914677e-02	2.167376e-02	-2.752360e-03	6.577576e-03	2.623463e-03	7.889308e-03	-5.265845e-03
698           	3.471929e-01	1.707545e-01	1.764384e-01	1.216773e-01	8.277477e-02	3.890256e-02	2.193610e-02	-2.841980e-03	6.438306e-03	2.650515e-03	7.763564e-03	-5.113049e-03
699           	3.474061e-01	1.708680e-01	1.765381e-01	1.218656e-01	8.311316e-02	3.875240e-02	2.218038e-02	-2.835024e-03	6.127962e-03	2.090294e-03	7.173109e-03	-5.082815e-03
700           	3.476701e-01	1.711271e-01	1.765430e-01	1.224509e-01	8.340481e-02	3.904611e-02	2.217935e-02	-2.707960e-03	5.683583e-03	9.910158e-04	6.179091e-03	-5.188075e-03
701           	3.479090e-01	1.714531e-01	1.764559e-01	1.235011e-01	8.352437e-02	3.997668e-02	2.177385e-02	-2.501408e-03	5.202146e-03	-3.661544e-04	5.019069e-03	-5.385223e-03
702           	3.480647e-01	1.717865e-01	1.762782e-01	1.249211e-01	8.348591e-02	4.143519e-02	2.102536e-02	-2.245807e-03	4.740896e-03	-1.791714e-03	3.845040e-03	-5.636753e-03
703           	3.480661e-01	1.720620e-01	1.760042e-01	1.265496e-01	8.327536e-02	4.327428e-02	2.000054e-02	-1.971082e-03	4.332736e-03	-3.143676e-03	2.760897e-03	-5.904574e-03
704           	3.479292e-01	1.722609e-01	1.756683e-01	1.281854e-01	8.298294e-02	4.520246e-02	1.889024e-02	-1.703729e-03	4.040103e-03	-4.247755e-03	1.916226e-03	-6.163981e-03
705           	3.476925e-01	1.723531e-01	1.753394e-01	1.294727e-01	8.256055e-02	4.691211e-02	1.782422e-02	-1.493165e-03	3.923886e-03	-4.957874e-03	1.444949e-03	-6.402823e-03
706           	3.473517e-01	1.722932e-01	1.750585e-01	1.300645e-01	8.189422e-02	4.817029e-02	1.686196e-02	-1.382628e-03	3.973610e-03	-5.193415e-03	1.376902e-03	-6.570317e-03
707           	3.469555e-01	1.721291e-01	1.748263e-01	1.298470e-01	8.105997e-02	4.878707e-02	1.613645e-02	-1.348615e-03	4.201099e-03	-5.040734e-03	1.680732e-03	-6.721466e-03
708           	3.466106e-01	1.719076e-01	1.747030e-01	1.288928e-01	8.025824e-02	4.863461e-02	1.581181e-02	-1.397696e-03	4.545858e-03	-4.535952e-03	2.277882e-03	-6.813834e-03
709           	3.463644e-01	1.716536e-01	1.747108e-01	1.273211e-01	7.963481e-02	4.768630e-02	1.597425e-02	-1.528600e-03	4.959269e-03	-3.745639e-03	3.086449e-03	-6.832089e-03
710           	3.462704e-01	1.714150e-01	1.748554e-01	1.251849e-01	7.923461e-02	4.595031e-02	1.664215e-02	-1.720184e-03	5.388440e-03	-2.786900e-03	3.994990e-03	-6.781890e-03
711           	3.463994e-01	1.712574e-01	1.751420e-01	1.225081e-01	7.908083e-02	4.342724e-02	1.782679e-02	-1.942305e-03	5.769610e-03	-1.815292e-03	4.861964e-03	-6.677256e-03
712           	3.467659e-01	1.712254e-01	1.755405e-01	1.193878e-01	7.915160e-02	4.023623e-02	1.945769e-02	-2.157519e-03	6.028292e-03	-1.035455e-03	5.510565e-03	-6.546019e-03
713           	3.472647e-01	1.713246e-01	1.759401e-01	1.166481e-01	7.953733e-02	3.711079e-02	2.121327e-02	-2.307736e-03	6.131580e-03	-6.724963e-04	5.795332e-03	-6.467828e-03
714           	3.477400e-01	1.714804e-01	1.762596e-01	1.148780e-01	8.010789e-02	3.477015e-02	2.266887e-02	-2.389618e-03	6.067292e-03	-7.191860e-04	5.707699e-03	-6.426885e-03
715           	3.481294e-01	1.716740e-01	1.764553e-01	1.140808e-01	8.068605e-02	3.339473e-02	2.364566e-02	-2.390652e-03	5.867947e-03	-1.167398e-03	5.284249e-03	-6.451646e-03
716           	3.483699e-01	1.718937e-01	1.764761e-01	1.141859e-01	8.116781e-02	3.301813e-02	2.407484e-02	-2.291195e-03	5.612584e-03	-1.973416e-03	4.625876e-03	-6.599292e-03
717           	3.484510e-01	1.721133e-01	1.763376e-01	1.149345e-01	8.142894e-02	3.350554e-02	2.396170e-02	-2.112149e-03	5.308600e-03	-2.991606e-03	3.812797e-03	-6.804404e-03
718           	3.484145e-01	1.723300e-01	1.760845e-01	1.161519e-01	8.155025e-02	3.460162e-02	2.347431e-02	-1.877295e-03	4.954156e-03	-4.029416e-03	2.939448e-03	-6.968864e-03
719           	3.482428e-01	1.724789e-01	1.757639e-01	1.175739e-01	8.153275e-02	3.604112e-02	2.274582e-02	-1.642468e-03	4.642613e-03	-4.920708e-03	2.182259e-03	-7.102967e-03
720           	3.479172e-01	1.724897e-01	1.754275e-01	1.190310e-01	8.136573e-02	3.766528e-02	2.185022e-02	-1.468926e-03	4.393405e-03	-5.426540e-03	1.680135e-03	-7.106675e-03
721           	3.474748e-01	1.723829e-01	1.750919e-01	1.203376e-01	8.114102e-02	3.919655e-02	2.097223e-02	-1.354486e-03	4.254313e-03	-5.617706e-03	1.445460e-03	-7.063166e-03
722           	3.470402e-01	1.722395e-01	1.748007e-01	1.211359e-01	8.092482e-02	4.021109e-02	2.035687e-02	-1.280607e-03	4.211522e-03	-5.627908e-03	1.397568e-03	-7.025477e-03
723           	3.466993e-01	1.720875e-01	1.746118e-01	1.211652e-01	8.070429e-02	4.046094e-02	2.012167e-02	-1.262152e-03	4.257622e-03	-5.454492e-03	1.530376e-03	-6.984868e-03
724           	3.464877e-01	1.719335e-01	1.745542e-01	1.204080e-01	8.056033e-02	3.984766e-02	2.035633e-02	-1.310348e-03	4.363782e-03	-5.074062e-03	1.826752e-03	-6.900813e-03
725           	3.464398e-01	1.717975e-01	1.746423e-01	1.189393e-01	8.055727e-02	3.838206e-02	2.108760e-02	-1.422384e-03	4.509235e-03	-4.584361e-03	2.217054e-03	-6.801415e-03
726           	3.466112e-01	1.717211e-01	1.748902e-01	1.167709e-01	8.071262e-02	3.605832e-02	2.232715e-02	-1.584544e-03	4.630829e-03	-4.106644e-03	2.577507e-03	-6.684151e-03
727           	3.469842e-01	1.717405e-01	1.752437e-01	1.136594e-01	8.085636e-02	3.280301e-02	2.402668e-02	-1.751639e-03	4.667892e-03	-3.879157e-03	2.728313e-03	-6.607470e-03
728           	3.474935e-01	1.719104e-01	1.755832e-01	1.105047e-01	8.097524e-02	2.952942e-02	2.572291e-02	-1.836385e-03	4.557324e-03	-4.087446e-03	2.513601e-03	-6.601047e-03
729           	3.479272e-01	1.721312e-01	1.757960e-01	1.081759e-01	8.101326e-02	2.716263e-02	2.692532e-02	-1.832365e-03	4.352350e-03	-4.591774e-03	2.056463e-03	-6.648237e-03
730           	3.482185e-01	1.723611e-01	1.758574e-01	1.067589e-01	8.100191e-02	2.575700e-02	2.762245e-02	-1.748146e-03	4.110295e-03	-5.244043e-03	1.488273e-03	-6.732316e-03
731           	3.483378e-01	1.725611e-01	1.757767e-01	1.061977e-01	8.085753e-02	2.534017e-02	2.775868e-02	-1.607823e-03	3.889236e-03	-5.949576e-03	9.144475e-04	-6.864024e-03
732           	3.482855e-01	1.727056e-01	1.755799e-01	1.064197e-01	8.063087e-02	2.578880e-02	2.742103e-02	-1.437132e-03	3.715419e-03	-6.553118e-03	4.388596e-04	-6.991978e-03
733           	3.481317e-01	1.727937e-01	1.753381e-01	1.072268e-01	8.033139e-02	2.689540e-02	2.671800e-02	-1.272188e-03	3.665937e-03	-6.919131e-03	2.063714e-04	-7.125502e-03
734           	3.478628e-01	1.727488e-01	1.751140e-01	1.083271e-01	7.974644e-02	2.858068e-02	2.558288e-02	-1.182631e-03	3.737661e-03	-6.875872e-03	2.997250e-04	-7.175597e-03
735           	3.473733e-01	1.725268e-01	1.748465e-01	1.098692e-01	7.894167e-02	3.092751e-02	2.400708e-02	-1.159868e-03	3.955867e-03	-6.504589e-03	7.035722e-04	-7.208161e-03
736           	3.467092e-01	1.721671e-01	1.745421e-01	1.119494e-01	7.812813e-02	3.382124e-02	2.215344e-02	-1.187508e-03	4.275374e-03	-5.894553e-03	1.328098e-03	-7.222651e-03
737           	3.461013e-01	1.718009e-01	1.743004e-01	1.141344e-01	7.747014e-02	3.666429e-02	2.040292e-02	-1.249734e-03	4.625728e-03	-5.248420e-03	2.001518e-03	-7.249938e-03
738           	3.457309e-01	1.715111e-01	1.742197e-01	1.158682e-01	7.698566e-02	3.888256e-02	1.905155e-02	-1.354319e-03	4.931562e-03	-4.562773e-03	2.650176e-03	-7.212948e-03
739           	3.457077e-01	1.713758e-01	1.743319e-01	1.169959e-01	7.674435e-02	4.025158e-02	1.824639e-02	-1.478045e-03	5.160049e-03	-3.912926e-03	3.203586e-03	-7.116512e-03
740           	3.460193e-01	1.714191e-01	1.746002e-01	1.176322e-01	7.676488e-02	4.086733e-02	1.794877e-02	-1.590531e-03	5.264456e-03	-3.396726e-03	3.566093e-03	-6.962819e-03
741           	3.465197e-01	1.715980e-01	1.749217e-01	1.179541e-01	7.703359e-02	4.092047e-02	1.805656e-02	-1.661839e-03	5.208703e-03	-3.193859e-03	3.611774e-03	-6.805633e-03
742           	3.471596e-01	1.719343e-01	1.752254e-01	1.181605e-01	7.754287e-02	4.061765e-02	1.846261e-02	-1.645540e-03	4.956143e-03	-3.416004e-03	3.248141e-03	-6.664145e-03
743           	3.478708e-01	1.724112e-01	1.754595e-01	1.184272e-01	7.817826e-02	4.024898e-02	1.896464e-02	-1.524131e-03	4.549578e-03	-4.074426e-03	2.512364e-03	-6.586791e-03
744           	3.485361e-01	1.729474e-01	1.755886e-01	1.189144e-01	7.885209e-02	4.006227e-02	1.939491e-02	-1.320596e-03	4.086988e-03	-5.008532e-03	1.582722e-03	-6.591254e-03
745           	3.490385e-01	1.734573e-01	1.755812e-01	1.195682e-01	7.942441e-02	4.014374e-02	1.964033e-02	-1.061974e-03	3.668995e-03	-6.038942e-03	6.495243e-04	-6.688467e-03
746           	3.493288e-01	1.738738e-01	1.754550e-01	1.204289e-01	7.985572e-02	4.057321e-02	1.964126e-02	-7.906217e-04	3.298971e-03	-6.989099e-03	-1.955786e-04	-6.793520e-03
747           	3.493768e-01	1.741568e-01	1.752199e-01	1.215960e-01	8.025287e-02	4.134312e-02	1.945488e-02	-5.315362e-04	3.049042e-03	-7.742963e-03	-8.224393e-04	-6.920524e-03
748           	3.492001e-01	1.742692e-01	1.749309e-01	1.229024e-01	8.054349e-02	4.235887e-02	1.909231e-02	-3.308686e-04	2.951581e-03	-8.181998e-03	-1.139419e-03	-7.042580e-03
749           	3.488492e-01	1.742164e-01	1.746328e-01	1.241675e-01	8.066202e-02	4.350551e-02	1.857826e-02	-2.082458e-04	3.023950e-03	-8.328401e-03	-1.140250e-03	-7.188151e-03
750           	3.484037e-01	1.740438e-01	1.743600e-01	1.252093e-01	8.064951e-02	4.455983e-02	1.804484e-02	-1.581177e-04	3.218110e-03	-8.252558e-03	-9.081685e-04	-7.344389e-03
751           	3.479215e-01	1.737753e-01	1.741461e-01	1.259185e-01	8.058835e-02	4.533010e-02	1.762912e-02	-1.854093e-04	3.482515e-03	-7.980898e-03	-5.079344e-04	-7.472964e-03
752           	3.475194e-01	1.734622e-01	1.740572e-01	1.262890e-01	8.057513e-02	4.571386e-02	1.743063e-02	-2.975251e-04	3.764809e-03	-7.555011e-03	-1.269588e-05	-7.542315e-03
753           	3.472714e-01	1.731484e-01	1.741230e-01	1.263600e-01	8.068829e-02	4.567167e-02	1.750831e-02	-4.872965e-04	4.040015e-03	-7.015771e-03	5.321296e-04	-7.547901e-03
754           	3.472266e-01	1.728904e-01	1.743362e-01	1.261382e-01	8.089401e-02	4.524416e-02	1.782493e-02	-7.228804e-04	4.253580e-03	-6.498691e-03	1.004235e-03	-7.502926e-03
755           	3.474276e-01	1.727649e-01	1.746626e-01	1.256046e-01	8.112610e-02	4.447848e-02	1.832381e-02	-9.488502e-04	4.379746e-03	-6.189572e-03	1.284960e-03	-7.474532e-03
756           	3.477952e-01	1.727884e-01	1.750068e-01	1.248664e-01	8.131287e-02	4.355358e-02	1.887965e-02	-1.109156e-03	4.350565e-03	-6.205803e-03	1.247664e-03	-7.453467e-03
757           	3.481589e-01	1.729024e-01	1.752565e-01	1.242545e-01	8.140531e-02	4.284914e-02	1.927808e-02	-1.177042e-03	4.155217e-03	-6.559454e-03	8.754905e-04	-7.434944e-03
758           	3.485201e-01	1.731116e-01	1.754085e-01	1.240860e-01	8.147579e-02	4.261025e-02	1.943277e-02	-1.148437e-03	3.869054e-03	-7.134848e-03	3.016298e-04	-7.436478e-03
759           	3.488168e-01	1.733758e-01	1.754410e-01	1.243435e-01	8.155236e-02	4.279111e-02	1.938063e-02	-1.032576e-03	3.593791e-03	-7.841919e-03	-3.271688e-04	-7.514750e-03
760           	3.489087e-01	1.735951e-01	1.753135e-01	1.248024e-01	8.151510e-02	4.328727e-02	1.911391e-02	-8.592017e-04	3.345153e-03	-8.551139e-03	-9.304170e-04	-7.620722e-03
761           	3.488224e-01	1.737483e-01	1.750741e-01	1.251822e-01	8.136287e-02	4.381933e-02	1.877177e-02	-6.628710e-04	3.206447e-03	-9.133754e-03	-1.360430e-03	-7.773323e-03
762           	3.486257e-01	1.738020e-01	1.748236e-01	1.250813e-01	8.097857e-02	4.410276e-02	1.843791e-02	-5.107954e-04	3.219036e-03	-9.421480e-03	-1.491703e-03	-7.929776e-03
763           	3.483262e-01	1.737087e-01	1.746174e-01	1.243034e-01	8.030668e-02	4.399675e-02	1.815496e-02	-4.543558e-04	3.386567e-03	-9.330295e-03	-1.278580e-03	-8.051714e-03
764           	3.480078e-01	1.735146e-01	1.744932e-01	1.229092e-01	7.951388e-02	4.339534e-02	1.805927e-02	-4.893003e-04	3.694009e-03	-8.929119e-03	-7.705505e-04	-8.158568e-03
765           	3.476987e-01	1.732418e-01	1.744568e-01	1.210981e-01	7.875594e-02	4.234217e-02	1.820689e-02	-6.074916e-04	4.075329e-03	-8.297723e-03	-7.353286e-05	-8.224190e-03
766           	3.474834e-01	1.729366e-01	1.745468e-01	1.190665e-01	7.815150e-02	4.091504e-02	1.861823e-02	-8.050940e-04	4.433543e-03	-7.439777e-03	7.136542e-04	-8.153431e-03
767           	3.474059e-01	1.726443e-01	1.747616e-01	1.169828e-01	7.772909e-02	3.925374e-02	1.923768e-02	-1.058671e-03	4.726470e-03	-6.446520e-03	1.503210e-03	-7.949730e-03
768           	3.474731e-01	1.723971e-01	1.750760e-01	1.149698e-01	7.750362e-02	3.746616e-02	2.001873e-02	-1.339456e-03	4.900796e-03	-5.463301e-03	2.169145e-03	-7.632446e-03
769           	3.476624e-01	1.722107e-01	1.754517e-01	1.130486e-01	7.745740e-02	3.559118e-02	2.093311e-02	-1.620513e-03	4.940347e-03	-4.648792e-03	2.615951e-03	-7.264743e-03
770           	3.479354e-01	1.721090e-01	1.758264e-01	1.114562e-01	7.762771e-02	3.382847e-02	2.189962e-02	-1.858685e-03	4.839397e-03	-4.215164e-03	2.731815e-03	-6.946978e-03
771           	3.482680e-01	1.721325e-01	1.761355e-01	1.106294e-01	7.811216e-02	3.251723e-02	2.279746e-02	-2.001530e-03	4.559599e-03	-4.248330e-03	2.435434e-03	-6.683764e-03
772           	3.485760e-01	1.722612e-01	1.763148e-01	1.107811e-01	7.881841e-02	3.196267e-02	2.342787e-02	-2.026783e-03	4.118371e-03	-4.721053e-03	1.757844e-03	-6.478898e-03
773           	3.488019e-01	1.724540e-01	1.763479e-01	1.117504e-01	7.960498e-02	3.214545e-02	2.372977e-02	-1.946955e-03	3.691816e-03	-5.508788e-03	9.374216e-04	-6.446210e-03
774           	3.488898e-01	1.726415e-01	1.762482e-01	1.132632e-01	8.026229e-02	3.300088e-02	2.363071e-02	-1.803338e-03	3.356321e-03	-6.422787e-03	1.449270e-04	-6.567714e-03
775           	3.489869e-01	1.728659e-01	1.761210e-01	1.151272e-01	8.082410e-02	3.430307e-02	2.326052e-02	-1.627524e-03	3.169392e-03	-7.231557e-03	-4.463868e-04	-6.785171e-03
776           	3.490633e-01	1.730689e-01	1.759944e-01	1.170825e-01	8.122139e-02	3.586116e-02	2.268011e-02	-1.462777e-03	3.185246e-03	-7.760564e-03	-6.950361e-04	-7.065528e-03
777           	3.490899e-01	1.731751e-01	1.759148e-01	1.187936e-01	8.135822e-02	3.743541e-02	2.196140e-02	-1.369851e-03	3.390796e-03	-7.837383e-03	-5.278949e-04	-7.309488e-03
778           	3.490877e-01	1.732003e-01	1.758874e-01	1.201597e-01	8.135327e-02	3.880648e-02	2.127340e-02	-1.343548e-03	3.723175e-03	-7.507357e-03	-3.050360e-05	-7.476854e-03
779           	3.490469e-01	1.731518e-01	1.758951e-01	1.210699e-01	8.131263e-02	3.975729e-02	2.077767e-02	-1.371649e-03	4.142237e-03	-6.872902e-03	7.057856e-04	-7.578688e-03
780           	3.489968e-01	1.730409e-01	1.759559e-01	1.214695e-01	8.130733e-02	4.016221e-02	2.057256e-02	-1.457527e-03	4.592486e-03	-5.994072e-03	1.595450e-03	-7.589522e-03
781           	3.490051e-01	1.728984e-01	1.761067e-01	1.213240e-01	8.137623e-02	3.994779e-02	2.071422e-02	-1.604196e-03	5.061540e-03	-4.960749e-03	2.581166e-03	-7.541914e-03
782           	3.491159e-01	1.727740e-01	1.763420e-01	1.206779e-01	8.154088e-02	3.913705e-02	2.120191e-02	-1.784002e-03	5.478051e-03	-3.914540e-03	3.520781e-03	-7.435321e-03
783           	3.493333e-01	1.727049e-01	1.766284e-01	1.196216e-01	8.178594e-02	3.783570e-02	2.197512e-02	-1.961739e-03	5.767092e-03	-3.030706e-03	4.251739e-03	-7.282445e-03
784           	3.496341e-01	1.727195e-01	1.769146e-01	1.182822e-01	8.206104e-02	3.622116e-02	2.291994e-02	-2.097595e-03	5.850338e-03	-2.483024e-03	4.608826e-03	-7.091850e-03
785           	3.499799e-01	1.728533e-01	1.771266e-01	1.170492e-01	8.231485e-02	3.473430e-02	2.379027e-02	-2.136618e-03	5.689703e-03	-2.458630e-03	4.460388e-03	-6.919018e-03
786           	3.502777e-01	1.730808e-01	1.771969e-01	1.164327e-01	8.256679e-02	3.386595e-02	2.435042e-02	-2.058065e-03	5.315705e-03	-2.940376e-03	3.845517e-03	-6.785893e-03
787           	3.504670e-01	1.733584e-01	1.771086e-01	1.165776e-01	8.276604e-02	3.381154e-02	2.447725e-02	-1.875077e-03	4.873095e-03	-3.788781e-03	2.978704e-03	-6.767486e-03
788           	3.505308e-01	1.736534e-01	1.768774e-01	1.173844e-01	8.282561e-02	3.455882e-02	2.413340e-02	-1.611964e-03	4.435258e-03	-4.858005e-03	2.006255e-03	-6.864260e-03
789           	3.504486e-01	1.739161e-01	1.765325e-01	1.186630e-01	8.267294e-02	3.599009e-02	2.334142e-02	-1.308202e-03	4.050780e-03	-5.938983e-03	1.081288e-03	-7.020271e-03
790           	3.502151e-01	1.740846e-01	1.761305e-01	1.201393e-01	8.230482e-02	3.783450e-02	2.223516e-02	-1.022982e-03	3.802918e-03	-6.804397e-03	4.007197e-04	-7.205116e-03
791           	3.498788e-01	1.741027e-01	1.757761e-01	1.215067e-01	8.161787e-02	3.988885e-02	2.086451e-02	-8.367238e-04	3.697106e-03	-7.282886e-03	5.566321e-05	-7.338550e-03
792           	3.494655e-01	1.739934e-01	1.754721e-01	1.227322e-01	8.083685e-02	4.189540e-02	1.947073e-02	-7.393736e-04	3.718385e-03	-7.400119e-03	1.832538e-05	-7.418444e-03
793           	3.490302e-01	1.738087e-01	1.752215e-01	1.236392e-01	8.018571e-02	4.345352e-02	1.836610e-02	-7.063898e-04	3.852464e-03	-7.259150e-03	2.228889e-04	-7.482039e-03
794           	3.486657e-01	1.736030e-01	1.750628e-01	1.241011e-01	7.977139e-02	4.432974e-02	1.772082e-02	-7.298877e-04	4.072943e-03	-6.897474e-03	6.242057e-04	-7.521680e-03
795           	3.484155e-01	1.734104e-01	1.750051e-01	1.240718e-01	7.955049e-02	4.452132e-02	1.751458e-02	-7.973736e-04	4.329044e-03	-6.322142e-03	1.167973e-03	-7.490115e-03
796           	3.483168e-01	1.732682e-01	1.750486e-01	1.234761e-01	7.947703e-02	4.399907e-02	1.773898e-02	-8.902022e-04	4.537027e-03	-5.675064e-03	1.699496e-03	-7.374559e-03
797           	3.483942e-01	1.732030e-01	1.751912e-01	1.223791e-01	7.952071e-02	4.285837e-02	1.833117e-02	-9.940790e-04	4.682608e-03	-5.081168e-03	2.142024e-03	-7.223192e-03
798           	3.485783e-01	1.732117e-01	1.753665e-01	1.208910e-01	7.973315e-02	4.115787e-02	1.928764e-02	-1.077383e-03	4.681851e-03	-4.738928e-03	2.312387e-03	-7.051315e-03
799           	3.488358e-01	1.733545e-01	1.754812e-01	1.194089e-01	8.022603e-02	3.918285e-02	2.052159e-02	-1.063360e-03	4.494942e-03	-4.905480e-03	2.042202e-03	-6.947682e-03
800           	3.490805e-01	1.735998e-01	1.754808e-01	1.185096e-01	8.090483e-02	3.760481e-02	2.165001e-02	-9.405128e-04	4.134723e-03	-5.522478e-03	1.373484e-03	-6.895962e-03
801           	3.491942e-01	1.738524e-01	1.753418e-01	1.183875e-01	8.157986e-02	3.680769e-02	2.238609e-02	-7.447396e-04	3.767034e-03	-6.388788e-03	5.726397e-04	-6.961428e-03
802           	3.490684e-01	1.740214e-01	1.750470e-01	1.188471e-01	8.204688e-02	3.680026e-02	2.262331e-02	-5.128094e-04	3.469264e-03	-7.371045e-03	-2.162585e-04	-7.154786e-03
803           	3.487545e-01	1.740978e-01	1.746568e-01	1.197051e-01	8.227329e-02	3.743179e-02	2.242075e-02	-2.794991e-04	3.248344e-03	-8.281418e-03	-8.923654e-04	-7.389053e-03
804           	3.484147e-01	1.741507e-01	1.742640e-01	1.208704e-01	8.245798e-02	3.841240e-02	2.202279e-02	-5.663304e-05	3.092010e-03	-9.001757e-03	-1.408869e-03	-7.592888e-03
805           	3.480214e-01	1.741188e-01	1.739026e-01	1.221356e-01	8.252629e-02	3.960927e-02	2.145851e-02	1.081257e-04	3.048458e-03	-9.416630e-03	-1.659857e-03	-7.756773e-03
806           	3.475773e-01	1.739865e-01	1.735908e-01	1.234052e-01	8.249894e-02	4.090621e-02	2.079637e-02	1.978489e-04	3.082655e-03	-9.465821e-03	-1.650256e-03	-7.815565e-03
807           	3.472278e-01	1.738230e-01	1.734048e-01	1.247771e-01	8.255823e-02	4.221883e-02	2.016970e-02	2.091289e-04	3.182834e-03	-9.193325e-03	-1.413828e-03	-7.779497e-03
808           	3.470119e-01	1.736721e-01	1.733397e-01	1.261694e-01	8.279917e-02	4.337021e-02	1.971448e-02	1.661904e-04	3.349422e-03	-8.736375e-03	-1.018765e-03	-7.717609e-03
809           	3.469186e-01	1.735470e-01	1.733716e-01	1.272963e-01	8.313499e-02	4.416130e-02	1.948684e-02	8.768917e-05	3.570693e-03	-8.198850e-03	-5.287315e-04	-7.670118e-03
810           	3.470044e-01	1.734761e-01	1.735283e-01	1.279325e-01	8.354437e-02	4.438816e-02	1.957810e-02	-2.610907e-05	3.810066e-03	-7.590717e-03	1.470697e-05	-7.605424e-03
811           	3.472711e-01	1.734790e-01	1.737921e-01	1.281070e-01	8.401080e-02	4.409616e-02	1.995732e-02	-1.565758e-04	4.013337e-03	-6.989431e-03	5.186210e-04	-7.508052e-03
812           	3.476448e-01	1.735477e-01	1.740972e-01	1.277572e-01	8.440538e-02	4.335180e-02	2.052679e-02	-2.747652e-04	4.112576e-03	-6.529219e-03	8.479661e-04	-7.377185e-03
813           	3.481094e-01	1.737128e-01	1.743966e-01	1.268993e-01	8.467191e-02	4.222738e-02	2.122226e-02	-3.419173e-04	4.052223e-03	-6.415245e-03	8.446003e-04	-7.259845e-03
814           	3.486298e-01	1.740011e-01	1.746287e-01	1.258116e-01	8.478420e-02	4.102738e-02	2.187841e-02	-3.138216e-04	3.823481e-03	-6.803696e-03	4.216332e-04	-7.225329e-03
815           	3.491021e-01	1.743622e-01	1.747399e-01	1.248457e-01	8.473645e-02	4.010920e-02	2.231362e-02	-1.888450e-04	3.528323e-03	-7.596199e-03	-2.697768e-04	-7.326422e-03
816           	3.494803e-01	1.747454e-01	1.747348e-01	1.242495e-01	8.460010e-02	3.964941e-02	2.247534e-02	5.308939e-06	3.240646e-03	-8.611226e-03	-1.064967e-03	-7.546259e-03
817           	3.497253e-01	1.750946e-01	1.746307e-01	1.240591e-01	8.432468e-02	3.973440e-02	2.229514e-02	2.319748e-04	2.946378e-03	-9.676722e-03	-1.891983e-03	-7.784739e-03
818           	3.498130e-01	1.753633e-01	1.744497e-01	1.241036e-01	8.395065e-02	4.015292e-02	2.189886e-02	4.568301e-04	2.693070e-03	-1.060012e-02	-2.606991e-03	-7.993131e-03
819           	3.497797e-01	1.755038e-01	1.742759e-01	1.242043e-01	8.349081e-02	4.071344e-02	2.138869e-02	6.139198e-04	2.560178e-03	-1.117821e-02	-3.028924e-03	-8.149281e-03
820           	3.496722e-01	1.755170e-01	1.741552e-01	1.244976e-01	8.307086e-02	4.142678e-02	2.082204e-02	6.808944e-04	2.568272e-03	-1.135641e-02	-3.109932e-03	-8.246475e-03
821           	3.494227e-01	1.753908e-01	1.740319e-01	1.250212e-01	8.274474e-02	4.227641e-02	2.023416e-02	6.794940e-04	2.725167e-03	-1.116124e-02	-2.855455e-03	-8.305788e-03
822           	3.490564e-01	1.751585e-01	1.738978e-01	1.256747e-01	8.259328e-02	4.308144e-02	1.975592e-02	6.303380e-04	2.993607e-03	-1.069039e-02	-2.351590e-03	-8.338804e-03
823           	3.486776e-01	1.748805e-01	1.737970e-01	1.262971e-01	8.258615e-02	4.371095e-02	1.943760e-02	5.417440e-04	3.283538e-03	-1.000451e-02	-1.718716e-03	-8.285793e-03
824           	3.484359e-01	1.746304e-01	1.738055e-01	1.266522e-01	8.271394e-02	4.393826e-02	1.938784e-02	4.124375e-04	3.549604e-03	-9.183920e-03	-1.042356e-03	-8.141564e-03
825           	3.483581e-01	1.744312e-01	1.739268e-01	1.265706e-01	8.293104e-02	4.363955e-02	1.964575e-02	2.522042e-04	3.776943e-03	-8.382620e-03	-4.143677e-04	-7.968253e-03
826           	3.484005e-01	1.742879e-01	1.741126e-01	1.261316e-01	8.319870e-02	4.293292e-02	2.013289e-02	8.765760e-05	3.906838e-03	-7.735348e-03	3.916419e-05	-7.774512e-03
827           	3.485234e-01	1.742206e-01	1.743028e-01	1.254589e-01	8.351535e-02	4.194354e-02	2.078590e-02	-4.110592e-05	3.916244e-03	-7.446844e-03	1.928221e-04	-7.639667e-03
828           	3.487696e-01	1.742964e-01	1.744731e-01	1.247307e-01	8.387577e-02	4.085488e-02	2.151044e-02	-8.834593e-05	3.759476e-03	-7.634732e-03	-5.789032e-05	-7.576842e-03
829           	3.490729e-01	1.744858e-01	1.745871e-01	1.241822e-01	8.417095e-02	4.001127e-02	2.207984e-02	-5.068649e-05	3.481844e-03	-8.156560e-03	-5.964356e-04	-7.560124e-03
830           	3.493518e-01	1.747166e-01	1.746352e-01	1.239102e-01	8.438053e-02	3.952965e-02	2.242544e-02	4.069161e-05	3.194810e-03	-8.887041e-03	-1.248710e-03	-7.638331e-03
831           	3.495565e-01	1.749307e-01	1.746258e-01	1.237958e-01	8.445635e-02	3.933943e-02	2.255846e-02	1.524648e-04	2.933423e-03	-9.670204e-03	-1.901679e-03	-7.768525e-03
832           	3.496806e-01	1.751106e-01	1.745700e-01	1.238227e-01	8.446439e-02	3.935828e-02	2.255306e-02	2.702703e-04	2.711242e-03	-1.035550e-02	-2.466509e-03	-7.888993e-03
833           	3.496774e-01	1.752111e-01	1.744662e-01	1.238700e-01	8.445269e-02	3.941733e-02	2.251768e-02	3.724711e-04	2.595761e-03	-1.080795e-02	-2.808216e-03	-7.999738e-03
834           	3.495242e-01	1.751853e-01	1.743389e-01	1.237784e-01	8.435549e-02	3.942288e-02	2.246630e-02	4.231936e-04	2.563756e-03	-1.087691e-02	-2.874697e-03	-8.002209e-03
835           	3.492448e-01	1.750479e-01	1.741970e-01	1.236327e-01	8.423965e-02	3.939309e-02	2.242328e-02	4.254640e-04	2.613511e-03	-1.064028e-02	-2.706630e-03	-7.933652e-03
836           	3.488223e-01	1.747888e-01	1.740334e-01	1.233955e-01	8.413163e-02	3.926383e-02	2.243390e-02	3.777024e-04	2.727329e-03	-1.019110e-02	-2.368222e-03	-7.822880e-03
837           	3.483066e-01	1.744348e-01	1.738718e-01	1.229942e-01	8.403647e-02	3.895775e-02	2.253936e-02	2.815099e-04	2.900210e-03	-9.602178e-03	-1.900879e-03	-7.701299e-03
838           	3.478310e-01	1.740480e-01	1.737830e-01	1.222694e-01	8.394843e-02	3.832101e-02	2.281371e-02	1.325142e-04	3.085210e-03	-8.898600e-03	-1.364090e-03	-7.534510e-03
839           	3.474700e-01	1.736701e-01	1.738000e-01	1.212836e-01	8.393210e-02	3.735145e-02	2.329032e-02	-6.494743e-05	3.262307e-03	-8.182423e-03	-8.289048e-04	-7.353519e-03
840           	3.472607e-01	1.733373e-01	1.739234e-01	1.200993e-01	8.401062e-02	3.608864e-02	2.396099e-02	-2.930255e-04	3.359385e-03	-7.555975e-03	-4.186026e-04	-7.137372e-03
841           	3.472079e-01	1.730858e-01	1.741221e-01	1.187281e-01	8.411405e-02	3.461409e-02	2.474998e-02	-5.181236e-04	3.363950e-03	-7.190355e-03	-2.312271e-04	-6.959127e-03
842           	3.472565e-01	1.729487e-01	1.743078e-01	1.173614e-01	8.412956e-02	3.323183e-02	2.544886e-02	-6.795563e-04	3.248306e-03	-7.298019e-03	-4.007031e-04	-6.897316e-03
843           	3.473758e-01	1.729542e-01	1.744217e-01	1.163784e-01	8.402830e-02	3.235006e-02	2.583912e-02	-7.337484e-04	3.031187e-03	-7.859918e-03	-8.987718e-04	-6.961146e-03
844           	3.475083e-01	1.730461e-01	1.744622e-01	1.160312e-01	8.386585e-02	3.216533e-02	2.585026e-02	-7.080647e-04	2.783966e-03	-8.634562e-03	-1.533315e-03	-7.101247e-03
845           	3.475902e-01	1.731517e-01	1.744385e-01	1.161738e-01	8.359883e-02	3.257497e-02	2.551193e-02	-6.434084e-04	2.576191e-03	-9.400003e-03	-2.123810e-03	-7.276193e-03
846           	3.476320e-01	1.732360e-01	1.743960e-01	1.166585e-01	8.333843e-02	3.332007e-02	2.500918e-02	-5.800019e-04	2.446204e-03	-9.926368e-03	-2.516980e-03	-7.409388e-03
847           	3.476590e-01	1.732933e-01	1.743656e-01	1.172379e-01	8.309410e-02	3.414377e-02	2.447517e-02	-5.361736e-04	2.481960e-03	-1.012521e-02	-2.580645e-03	-7.544565e-03
848           	3.477004e-01	1.732967e-01	1.744037e-01	1.175241e-01	8.265566e-02	3.486848e-02	2.389359e-02	-5.534822e-04	2.711222e-03	-9.967056e-03	-2.272307e-03	-7.694750e-03
849           	3.477126e-01	1.732471e-01	1.744655e-01	1.174144e-01	8.197518e-02	3.543927e-02	2.326795e-02	-6.092283e-04	3.100808e-03	-9.496264e-03	-1.647325e-03	-7.848940e-03
850           	3.477361e-01	1.731828e-01	1.745533e-01	1.170146e-01	8.116497e-02	3.584964e-02	2.265767e-02	-6.852240e-04	3.553955e-03	-8.765271e-03	-8.286803e-04	-7.936591e-03
851           	3.478071e-01	1.731118e-01	1.746953e-01	1.163978e-01	8.037085e-02	3.602693e-02	2.217196e-02	-7.917491e-04	3.998632e-03	-7.816285e-03	9.048959e-05	-7.906775e-03
852           	3.479907e-01	1.730511e-01	1.749395e-01	1.156120e-01	7.972466e-02	3.588731e-02	2.191868e-02	-9.441973e-04	4.365837e-03	-6.718757e-03	1.006459e-03	-7.725215e-03
853           	3.483473e-01	1.730561e-01	1.752912e-01	1.146801e-01	7.929797e-02	3.538212e-02	2.195792e-02	-1.117562e-03	4.632369e-03	-5.628160e-03	1.818289e-03	-7.446449e-03
854           	3.488476e-01	1.731350e-01	1.757126e-01	1.136309e-01	7.907839e-02	3.455255e-02	2.226292e-02	-1.288757e-03	4.784010e-03	-4.733922e-03	2.417049e-03	-7.150971e-03
855           	3.494153e-01	1.732926e-01	1.761227e-01	1.124567e-01	7.897446e-02	3.348222e-02	2.274612e-02	-1.415039e-03	4.815736e-03	-4.264799e-03	2.683336e-03	-6.948135e-03
856           	3.500636e-01	1.735845e-01	1.764791e-01	1.116144e-01	7.902583e-02	3.258861e-02	2.321861e-02	-1.447315e-03	4.670803e-03	-4.400637e-03	2.470485e-03	-6.871122e-03
857           	3.507446e-01	1.739898e-01	1.767548e-01	1.116621e-01	7.932670e-02	3.233542e-02	2.349564e-02	-1.382470e-03	4.395241e-03	-5.068648e-03	1.860917e-03	-6.929565e-03
858           	3.513001e-01	1.743956e-01	1.769045e-01	1.126430e-01	7.973479e-02	3.290818e-02	2.341330e-02	-1.254428e-03	4.072818e-03	-6.032134e-03	1.056751e-03	-7.088885e-03
859           	3.516985e-01	1.747722e-01	1.769263e-01	1.143773e-01	8.015936e-02	3.421791e-02	2.297072e-02	-1.077090e-03	3.773534e-03	-7.097411e-03	2.248287e-04	-7.322240e-03
860           	3.519396e-01	1.751171e-01	1.768225e-01	1.167704e-01	8.056742e-02	3.620297e-02	2.218222e-02	-8.526832e-04	3.494655e-03	-8.140591e-03	-5.756405e-04	-7.564951e-03
861           	3.519940e-01	1.753882e-01	1.766058e-01	1.196875e-01	8.089382e-02	3.879367e-02	2.105008e-02	-6.088242e-04	3.273595e-03	-9.012676e-03	-1.232743e-03	-7.779933e-03
862           	3.518267e-01	1.755219e-01	1.763048e-01	1.228291e-01	8.109591e-02	4.173318e-02	1.968137e-02	-3.914954e-04	3.163427e-03	-9.554206e-03	-1.613676e-03	-7.940530e-03
863           	3.515186e-01	1.755470e-01	1.759715e-01	1.257185e-01	8.116900e-02	4.454949e-02	1.830976e-02	-2.122578e-04	3.171831e-03	-9.817092e-03	-1.736715e-03	-8.080377e-03
864           	3.511521e-01	1.755047e-01	1.756474e-01	1.281241e-01	8.118588e-02	4.693822e-02	1.712383e-02	-7.138932e-05	3.265644e-03	-9.884014e-03	-1.676363e-03	-8.207651e-03
865           	3.507189e-01	1.753817e-01	1.753372e-01	1.299011e-01	8.112121e-02	4.877994e-02	1.617063e-02	2.224684e-05	3.414005e-03	-9.717329e-03	-1.444659e-03	-8.272670e-03
866           	3.503374e-01	1.752215e-01	1.751159e-01	1.310798e-01	8.108328e-02	4.999650e-02	1.554339e-02	5.278834e-05	3.600469e-03	-9.334748e-03	-1.066905e-03	-8.267843e-03
867           	3.500947e-01	1.750630e-01	1.750317e-01	1.316691e-01	8.122449e-02	5.044458e-02	1.538996e-02	1.564457e-05	3.774856e-03	-8.751530e-03	-6.009087e-04	-8.150621e-03
868           	3.499211e-01	1.748917e-01	1.750294e-01	1.316517e-01	8.148954e-02	5.016220e-02	1.566367e-02	-6.888740e-05	3.895115e-03	-8.210015e-03	-2.098924e-04	-8.000123e-03
869           	3.498343e-01	1.747534e-01	1.750809e-01	1.308900e-01	8.176265e-02	4.912735e-02	1.631765e-02	-1.637662e-04	3.931458e-03	-7.939615e-03	-3.834969e-05	-7.901266e-03
870           	3.499069e-01	1.747557e-01	1.751512e-01	1.295714e-01	8.197972e-02	4.759166e-02	1.719403e-02	-1.977353e-04	3.806906e-03	-8.157771e-03	-2.719789e-04	-7.885792e-03
871           	3.500944e-01	1.749200e-01	1.751743e-01	1.281352e-01	8.213866e-02	4.599655e-02	1.807106e-02	-1.271520e-04	3.553830e-03	-8.874270e-03	-8.833051e-04	-7.990965e-03
872           	3.503074e-01	1.751964e-01	1.751110e-01	1.270434e-01	8.230353e-02	4.473991e-02	1.878181e-02	4.271545e-05	3.268523e-03	-9.904279e-03	-1.683616e-03	-8.220663e-03
873           	3.504079e-01	1.754834e-01	1.749245e-01	1.263299e-01	8.233385e-02	4.399606e-02	1.916890e-02	2.794435e-04	2.961826e-03	-1.102851e-02	-2.552430e-03	-8.476081e-03
874           	3.503736e-01	1.757213e-01	1.746522e-01	1.259621e-01	8.223500e-02	4.372712e-02	1.925394e-02	5.345548e-04	2.695899e-03	-1.205087e-02	-3.329536e-03	-8.721334e-03
875           	3.502422e-01	1.758641e-01	1.743780e-01	1.255204e-01	8.192043e-02	4.359997e-02	1.916023e-02	7.430594e-04	2.528446e-03	-1.276777e-02	-3.855440e-03	-8.912332e-03
876           	3.499654e-01	1.758384e-01	1.741270e-01	1.248032e-01	8.117415e-02	4.362902e-02	1.877257e-02	8.556736e-04	2.471258e-03	-1.310682e-02	-4.082153e-03	-9.024669e-03
877           	3.495026e-01	1.756286e-01	1.738741e-01	1.239984e-01	8.011185e-02	4.388655e-02	1.811265e-02	8.772449e-04	2.576829e-03	-1.302987e-02	-3.938105e-03	-9.091763e-03
878           	3.489323e-01	1.752818e-01	1.736505e-01	1.233479e-01	7.902711e-02	4.432075e-02	1.735318e-02	8.156592e-04	2.816127e-03	-1.255605e-02	-3.461897e-03	-9.094151e-03
879           	3.483323e-01	1.748527e-01	1.734796e-01	1.229433e-01	7.816281e-02	4.478054e-02	1.669113e-02	6.865702e-04	3.132076e-03	-1.175676e-02	-2.746303e-03	-9.010455e-03
880           	3.478510e-01	1.744170e-01	1.734340e-01	1.225741e-01	7.756693e-02	4.500717e-02	1.627988e-02	4.915309e-04	3.473329e-03	-1.073530e-02	-1.894320e-03	-8.840977e-03
881           	3.476583e-01	1.740689e-01	1.735894e-01	1.219876e-01	7.724117e-02	4.474641e-02	1.624738e-02	2.397332e-04	3.792067e-03	-9.610995e-03	-1.013430e-03	-8.597565e-03
882           	3.478267e-01	1.738603e-01	1.739663e-01	1.209406e-01	7.715441e-02	4.378614e-02	1.668414e-02	-5.298340e-05	4.043219e-03	-8.534451e-03	-2.240063e-04	-8.310445e-03
883           	3.482402e-01	1.737699e-01	1.744703e-01	1.192626e-01	7.719098e-02	4.207167e-02	1.755965e-02	-3.502025e-04	4.215823e-03	-7.708847e-03	3.613990e-04	-8.070246e-03
884           	3.488279e-01	1.738266e-01	1.750013e-01	1.171893e-01	7.746286e-02	3.972642e-02	1.886822e-02	-5.873286e-04	4.212466e-03	-7.342810e-03	5.410608e-04	-7.883871e-03
885           	3.494835e-01	1.740523e-01	1.754313e-01	1.154799e-01	7.801366e-02	3.746627e-02	2.027370e-02	-6.895066e-04	4.009297e-03	-7.564892e-03	2.268508e-04	-7.791743e-03
886           	3.501215e-01	1.743930e-01	1.757285e-01	1.145502e-01	7.874622e-02	3.580395e-02	2.147114e-02	-6.677142e-04	3.742486e-03	-8.221945e-03	-3.684865e-04	-7.853458e-03
887           	3.506268e-01	1.747286e-01	1.758982e-01	1.140792e-01	7.937204e-02	3.470719e-02	2.233242e-02	-5.847633e-04	3.496758e-03	-9.052613e-03	-1.029549e-03	-8.023065e-03
888           	3.509881e-01	1.750302e-01	1.759579e-01	1.140009e-01	7.988973e-02	3.411121e-02	2.288926e-02	-4.638505e-04	3.265830e-03	-9.800421e-03	-1.634380e-03	-8.166041e-03
889           	3.512236e-01	1.752766e-01	1.759470e-01	1.142031e-01	8.031525e-02	3.388785e-02	2.321370e-02	-3.351919e-04	3.112802e-03	-1.030863e-02	-2.041515e-03	-8.267118e-03
890           	3.514042e-01	1.754543e-01	1.759499e-01	1.147363e-01	8.070618e-02	3.403009e-02	2.333804e-02	-2.477739e-04	3.058717e-03	-1.044276e-02	-2.162662e-03	-8.280097e-03
891           	3.514281e-01	1.755051e-01	1.759230e-01	1.156033e-01	8.106056e-02	3.454273e-02	2.325892e-02	-2.089484e-04	3.105812e-03	-1.023280e-02	-2.010588e-03	-8.222212e-03
892           	3.512850e-01	1.754345e-01	1.758505e-01	1.168491e-01	8.147630e-02	3.537280e-02	2.305175e-02	-2.079898e-04	3.259609e-03	-9.806905e-03	-1.643844e-03	-8.163062e-03
893           	3.510091e-01	1.752651e-01	1.757440e-01	1.182803e-01	8.195355e-02	3.632676e-02	2.281339e-02	-2.394523e-04	3.514074e-03	-9.234043e-03	-1.102947e-03	-8.131095e-03
894           	3.506733e-01	1.750138e-01	1.756595e-01	1.195341e-01	8.241002e-02	3.712410e-02	2.264296e-02	-3.228272e-04	3.827440e-03	-8.545721e-03	-4.454207e-04	-8.100300e-03
895           	3.504008e-01	1.747352e-01	1.756656e-01	1.204064e-01	8.284871e-02	3.755764e-02	2.264553e-02	-4.652043e-04	4.157607e-03	-7.820687e-03	2.472635e-04	-8.067950e-03
896           	3.502564e-01	1.744738e-01	1.757826e-01	1.209930e-01	8.331955e-02	3.767343e-02	2.282306e-02	-6.543865e-04	4.429164e-03	-7.151753e-03	8.532874e-04	-8.005041e-03
897           	3.501937e-01	1.742502e-01	1.759436e-01	1.212880e-01	8.374282e-02	3.754520e-02	2.309881e-02	-8.466905e-04	4.588026e-03	-6.719537e-03	1.228258e-03	-7.947795e-03
898           	3.501648e-01	1.741055e-01	1.760593e-01	1.213827e-01	8.403626e-02	3.734644e-02	2.334491e-02	-9.769112e-04	4.578773e-03	-6.709406e-03	1.224070e-03	-7.933476e-03
899           	3.501445e-01	1.740765e-01	1.760679e-01	1.215092e-01	8.413331e-02	3.737584e-02	2.337873e-02	-9.957039e-04	4.427752e-03	-7.090177e-03	8.826641e-04	-7.972841e-03
900           	3.501342e-01	1.741519e-01	1.759823e-01	1.218842e-01	8.413160e-02	3.775258e-02	2.318951e-02	-9.152184e-04	4.253749e-03	-7.673848e-03	4.168254e-04	-8.090673e-03
901           	3.501178e-01	1.742944e-01	1.758233e-01	1.224975e-01	8.396795e-02	3.852953e-02	2.271921e-02	-7.644602e-04	4.087383e-03	-8.362746e-03	-9.399046e-05	-8.268756e-03
902           	3.500704e-01	1.744498e-01	1.756206e-01	1.231897e-01	8.354255e-02	3.964717e-02	2.194769e-02	-5.854153e-04	3.939841e-03	-9.002669e-03	-5.614937e-04	-8.441175e-03
903           	3.500122e-01	1.745728e-01	1.754394e-01	1.236684e-01	8.280134e-02	4.086711e-02	2.096711e-02	-4.333249e-04	3.870204e-03	-9.408465e-03	-8.340286e-04	-8.574436e-03
904           	3.499612e-01	1.746403e-01	1.753209e-01	1.238414e-01	8.176516e-02	4.207625e-02	1.984446e-02	-3.402879e-04	3.892801e-03	-9.538505e-03	-8.764509e-04	-8.662054e-03
905           	3.498473e-01	1.746344e-01	1.752129e-01	1.238159e-01	8.060662e-02	4.320924e-02	1.869869e-02	-2.892325e-04	3.989617e-03	-9.411571e-03	-7.161687e-04	-8.695402e-03
906           	3.496959e-01	1.745817e-01	1.751142e-01	1.238166e-01	7.969615e-02	4.412040e-02	1.778788e-02	-2.662242e-04	4.095832e-03	-9.065612e-03	-4.369741e-04	-8.628638e-03
907           	3.495127e-01	1.744887e-01	1.750241e-01	1.238640e-01	7.920697e-02	4.465703e-02	1.727497e-02	-2.677124e-04	4.221423e-03	-8.595907e-03	-7.652995e-05	-8.519377e-03
908           	3.493988e-01	1.743848e-01	1.750140e-01	1.238557e-01	7.910618e-02	4.474954e-02	1.717832e-02	-3.146119e-04	4.329794e-03	-7.996017e-03	3.317857e-04	-8.327803e-03
909           	3.494103e-01	1.742959e-01	1.751144e-01	1.235348e-01	7.927420e-02	4.426063e-02	1.750678e-02	-4.092695e-04	4.430690e-03	-7.359875e-03	7.507523e-04	-8.110627e-03
910           	3.495026e-01	1.742273e-01	1.752753e-01	1.227641e-01	7.950165e-02	4.326243e-02	1.811961e-02	-5.240062e-04	4.513054e-03	-6.881238e-03	1.072435e-03	-7.953673e-03
911           	3.496966e-01	1.742295e-01	1.754671e-01	1.214367e-01	7.968650e-02	4.175017e-02	1.896817e-02	-6.188042e-04	4.521631e-03	-6.758024e-03	1.142619e-03	-7.900643e-03
912           	3.499788e-01	1.743581e-01	1.756207e-01	1.200647e-01	8.000501e-02	4.005973e-02	1.997264e-02	-6.313027e-04	4.308070e-03	-7.186392e-03	7.148742e-04	-7.901266e-03
913           	3.502951e-01	1.745926e-01	1.757025e-01	1.194914e-01	8.058263e-02	3.890878e-02	2.083693e-02	-5.549422e-04	3.897990e-03	-8.025446e-03	-1.147332e-04	-7.910712e-03
914           	3.505221e-01	1.748270e-01	1.756950e-01	1.197114e-01	8.121763e-02	3.849379e-02	2.136192e-02	-4.340095e-04	3.438466e-03	-8.999705e-03	-1.061386e-03	-7.938319e-03
915           	3.506160e-01	1.750181e-01	1.755979e-01	1.203965e-01	8.174503e-02	3.865149e-02	2.154677e-02	-2.899316e-04	3.009806e-03	-9.969205e-03	-1.974796e-03	-7.994408e-03
916           	3.505048e-01	1.751365e-01	1.753683e-01	1.213490e-01	8.213787e-02	3.921110e-02	2.146338e-02	-1.159328e-04	2.640550e-03	-1.083017e-02	-2.774535e-03	-8.055636e-03
917           	3.502438e-01	1.751766e-01	1.750672e-01	1.223381e-01	8.239544e-02	3.994266e-02	2.122639e-02	5.472989e-05	2.390434e-03	-1.143644e-02	-3.327784e-03	-8.108652e-03
918           	3.498594e-01	1.750948e-01	1.747646e-01	1.231343e-01	8.253087e-02	4.060346e-02	2.096371e-02	1.650993e-04	2.302457e-03	-1.164865e-02	-3.521867e-03	-8.126781e-03
919           	3.494041e-01	1.749080e-01	1.744961e-01	1.236376e-01	8.258277e-02	4.105481e-02	2.076398e-02	2.059319e-04	2.386438e-03	-1.146431e-02	-3.345719e-03	-8.118596e-03
920           	3.489198e-01	1.746512e-01	1.742686e-01	1.238354e-01	8.266688e-02	4.116852e-02	2.074918e-02	1.913031e-04	2.584159e-03	-1.097236e-02	-2.902020e-03	-8.070338e-03
921           	3.484755e-01	1.743682e-01	1.741073e-01	1.236561e-01	8.285202e-02	4.080409e-02	2.102396e-02	1.304298e-04	2.866367e-03	-1.024281e-02	-2.255037e-03	-7.987771e-03
922           	3.481558e-01	1.740890e-01	1.740668e-01	1.230547e-01	8.318975e-02	3.986490e-02	2.166243e-02	1.105749e-05	3.200954e-03	-9.268216e-03	-1.433154e-03	-7.835061e-03
923           	3.479517e-01	1.738157e-01	1.741360e-01	1.219321e-01	8.364169e-02	3.829044e-02	2.267562e-02	-1.601568e-04	3.547559e-03	-8.143348e-03	-5.241149e-04	-7.619233e-03
924           	3.478694e-01	1.735617e-01	1.743078e-01	1.202245e-01	8.415891e-02	3.606556e-02	2.404667e-02	-3.730353e-04	3.866222e-03	-7.020623e-03	3.559100e-04	-7.376533e-03
925           	3.478986e-01	1.733706e-01	1.745279e-01	1.179323e-01	8.457414e-02	3.335819e-02	2.560798e-02	-5.786546e-04	4.093195e-03	-6.195916e-03	9.952371e-04	-7.191153e-03
926           	3.480133e-01	1.733019e-01	1.747114e-01	1.153222e-01	8.469253e-02	3.062966e-02	2.703144e-02	-7.047104e-04	4.138740e-03	-5.893269e-03	1.192105e-03	-7.085374e-03
927           	3.481630e-01	1.733774e-01	1.747856e-01	1.128655e-01	8.446227e-02	2.840319e-02	2.802954e-02	-7.040986e-04	4.024831e-03	-6.175791e-03	9.369354e-04	-7.112726e-03
928           	3.483153e-01	1.735635e-01	1.747518e-01	1.109923e-01	8.397880e-02	2.701355e-02	2.848263e-02	-5.941836e-04	3.808969e-03	-6.873438e-03	3.722503e-04	-7.245688e-03
929           	3.484276e-01	1.737813e-01	1.746464e-01	1.098316e-01	8.323696e-02	2.659468e-02	2.832114e-02	-4.325291e-04	3.508371e-03	-7.744876e-03	-3.640669e-04	-7.380809e-03
930           	3.484628e-01	1.739539e-01	1.745089e-01	1.093382e-01	8.234913e-02	2.698911e-02	2.768001e-02	-2.774890e-04	3.221468e-03	-8.556043e-03	-1.056554e-03	-7.499489e-03
931           	3.483754e-01	1.740015e-01	1.743739e-01	1.091393e-01	8.123377e-02	2.790552e-02	2.666413e-02	-1.862081e-04	3.036553e-03	-9.135220e-03	-1.531057e-03	-7.604163e-03
932           	3.482066e-01	1.739461e-01	1.742605e-01	1.092562e-01	7.998983e-02	2.926641e-02	2.536171e-02	-1.571851e-04	2.962674e-03	-9.391571e-03	-1.733111e-03	-7.658460e-03
933           	3.480253e-01	1.738617e-01	1.741635e-01	1.097708e-01	7.885633e-02	3.091444e-02	2.397095e-02	-1.509122e-04	3.030749e-03	-9.395183e-03	-1.666843e-03	-7.728341e-03
934           	3.478554e-01	1.737898e-01	1.740657e-01	1.107919e-01	7.809799e-02	3.269389e-02	2.270205e-02	-1.379269e-04	3.202247e-03	-9.167115e-03	-1.381310e-03	-7.785804e-03
935           	3.478430e-01	1.738099e-01	1.740331e-01	1.121819e-01	7.790514e-02	3.427674e-02	2.181420e-02	-1.116282e-04	3.423962e-03	-8.768258e-03	-9.601672e-04	-7.808091e-03
936           	3.480449e-01	1.739418e-01	1.741031e-01	1.135458e-01	7.811296e-02	3.543287e-02	2.134005e-02	-8.065265e-05	3.608778e-03	-8.278213e-03	-5.303287e-04	-7.747884e-03
937           	3.485264e-01	1.742102e-01	1.743162e-01	1.144109e-01	7.855857e-02	3.585235e-02	2.135311e-02	-5.303544e-05	3.725493e-03	-7.805646e-03	-1.773304e-04	-7.628316e-03
938           	3.492200e-01	1.746003e-01	1.746198e-01	1.146196e-01	7.905968e-02	3.555992e-02	2.174988e-02	-9.750105e-06	3.703321e-03	-7.538492e-03	-6.592479e-05	-7.472567e-03
939           	3.500156e-01	1.750972e-01	1.749184e-01	1.142923e-01	7.954540e-02	3.474692e-02	2.239924e-02	8.941392e-05	3.522216e-03	-7.694953e-03	-3.252610e-04	-7.369692e-03
940           	3.508294e-01	1.756848e-01	1.751446e-01	1.138856e-01	8.005985e-02	3.382574e-02	2.311705e-02	2.700851e-04	3.147453e-03	-8.337535e-03	-1.021314e-03	-7.316221e-03
941           	3.515364e-01	1.762741e-01	1.752623e-01	1.138353e-01	8.058382e-02	3.325145e-02	2.366618e-02	5.058969e-04	2.655999e-03	-9.329465e-03	-2.008734e-03	-7.320732e-03
942           	3.520821e-01	1.767959e-01	1.752862e-01	1.142689e-01	8.104210e-02	3.322677e-02	2.390767e-02	7.548335e-04	2.180332e-03	-1.046781e-02	-3.053573e-03	-7.414237e-03
943           	3.524179e-01	1.772113e-01	1.752065e-01	1.151373e-01	8.134678e-02	3.379055e-02	2.377811e-02	1.002390e-03	1.781670e-03	-1.159416e-02	-4.015409e-03	-7.578748e-03
944           	3.525304e-01	1.775105e-01	1.750198e-01	1.164907e-01	8.158995e-02	3.490076e-02	2.334460e-02	1.245345e-03	1.463993e-03	-1.255367e-02	-4.812840e-03	-7.740826e-03
945           	3.524570e-01	1.776940e-01	1.747630e-01	1.184209e-01	8.187281e-02	3.654813e-02	2.266234e-02	1.465517e-03	1.267854e-03	-1.324540e-02	-5.354846e-03	-7.890555e-03
946           	3.522573e-01	1.777507e-01	1.745066e-01	1.209495e-01	8.231055e-02	3.863894e-02	2.183580e-02	1.622004e-03	1.170839e-03	-1.352838e-02	-5.593354e-03	-7.935031e-03
947           	3.518729e-01	1.776598e-01	1.742131e-01	1.239577e-01	8.290932e-02	4.104841e-02	2.093045e-02	1.723321e-03	1.168993e-03	-1.348967e-02	-5.575842e-03	-7.913828e-03
948           	3.514087e-01	1.774910e-01	1.739176e-01	1.270325e-01	8.362177e-02	4.341075e-02	2.010551e-02	1.786706e-03	1.218820e-03	-1.325487e-02	-5.408615e-03	-7.846254e-03
949           	3.510104e-01	1.773250e-01	1.736854e-01	1.297998e-01	8.439786e-02	4.540196e-02	1.949795e-02	1.819834e-03	1.318772e-03	-1.291104e-02	-5.136746e-03	-7.774290e-03
950           	3.507526e-01	1.771786e-01	1.735740e-01	1.319667e-01	8.520717e-02	4.675954e-02	1.922381e-02	1.802295e-03	1.454762e-03	-1.242984e-02	-4.760155e-03	-7.669680e-03
951           	3.506147e-01	1.770336e-01	1.735811e-01	1.335424e-01	8.603454e-02	4.750788e-02	1.926333e-02	1.726254e-03	1.612178e-03	-1.185848e-02	-4.317061e-03	-7.541418e-03
952           	3.505929e-01	1.768924e-01	1.737005e-01	1.344500e-01	8.680850e-02	4.764146e-02	1.958352e-02	1.595916e-03	1.711569e-03	-1.129125e-02	-3.934053e-03	-7.357192e-03
953           	3.506974e-01	1.767941e-01	1.739033e-01	1.346811e-01	8.746574e-02	4.721535e-02	2.012520e-02	1.445427e-03	1.766212e-03	-1.091083e-02	-3.689201e-03	-7.221626e-03
954           	3.509185e-01	1.767864e-01	1.741321e-01	1.343614e-01	8.794946e-02	4.641193e-02	2.076876e-02	1.327159e-03	1.727908e-03	-1.082662e-02	-3.685403e-03	-7.141219e-03
955           	3.511228e-01	1.768307e-01	1.742921e-01	1.336786e-01	8.813509e-02	4.554351e-02	2.129579e-02	1.269259e-03	1.617159e-03	-1.106037e-02	-3.913027e-03	-7.147346e-03
956           	3.512581e-01	1.769051e-01	1.743529e-01	1.329142e-01	8.807408e-02	4.484014e-02	2.161697e-02	1.276105e-03	1.529262e-03	-1.155285e-02	-4.247163e-03	-7.305687e-03
957           	3.512955e-01	1.769597e-01	1.743358e-01	1.322090e-01	8.779440e-02	4.441461e-02	2.168990e-02	1.311981e-03	1.482949e-03	-1.212171e-02	-4.577906e-03	-7.543803e-03
958           	3.511835e-01	1.769335e-01	1.742500e-01	1.316144e-01	8.733288e-02	4.428151e-02	2.152569e-02	1.341761e-03	1.499382e-03	-1.259165e-02	-4.796446e-03	-7.795209e-03
959           	3.509488e-01	1.768065e-01	1.741423e-01	1.309856e-01	8.675605e-02	4.422953e-02	2.126326e-02	1.332113e-03	1.652535e-03	-1.277046e-02	-4.732694e-03	-8.037763e-03
960           	3.506164e-01	1.765577e-01	1.740586e-01	1.302724e-01	8.610805e-02	4.416439e-02	2.097183e-02	1.249538e-03	1.926689e-03	-1.253228e-02	-4.339450e-03	-8.192829e-03
961           	3.502001e-01	1.762016e-01	1.739985e-01	1.296327e-01	8.551580e-02	4.411685e-02	2.069948e-02	1.101546e-03	2.285599e-03	-1.193058e-02	-3.679693e-03	-8.250891e-03
962           	3.496175e-01	1.757216e-01	1.738959e-01	1.291424e-01	8.505810e-02	4.408430e-02	2.048690e-02	9.128462e-04	2.698940e-03	-1.110209e-02	-2.852104e-03	-8.249983e-03
963           	3.490038e-01	1.752053e-01	1.737985e-01	1.288322e-01	8.478844e-02	4.404375e-02	2.037235e-02	7.034014e-04	3.158573e-03	-1.014810e-02	-1.915475e-03	-8.232621e-03
964           	3.485269e-01	1.747380e-01	1.737889e-01	1.285934e-01	8.469605e-02	4.389736e-02	2.039935e-02	4.745699e-04	3.576977e-03	-9.108596e-03	-9.773210e-04	-8.131275e-03
965           	3.482641e-01	1.743615e-01	1.739027e-01	1.281528e-01	8.463648e-02	4.351630e-02	2.056009e-02	2.294051e-04	3.894695e-03	-8.086896e-03	-1.487529e-04	-7.938144e-03
966           	3.482214e-01	1.740859e-01	1.741354e-01	1.273018e-01	8.453266e-02	4.276912e-02	2.088177e-02	-2.475748e-05	4.057818e-03	-7.200672e-03	4.574819e-04	-7.658154e-03
967           	3.484095e-01	1.739299e-01	1.744796e-01	1.259922e-01	8.439342e-02	4.159877e-02	2.139732e-02	-2.748444e-04	4.042527e-03	-6.618269e-03	7.333922e-04	-7.351661e-03
968           	3.487842e-01	1.739076e-01	1.748766e-01	1.245142e-01	8.437600e-02	4.013818e-02	2.211891e-02	-4.844664e-04	3.818481e-03	-6.529052e-03	5.539547e-04	-7.083006e-03
969           	3.493067e-01	1.740685e-01	1.752382e-01	1.234320e-01	8.463174e-02	3.880030e-02	2.291572e-02	-5.848683e-04	3.393859e-03	-7.014342e-03	-1.133117e-04	-6.901030e-03
970           	3.498503e-01	1.743523e-01	1.754980e-01	1.229401e-01	8.506852e-02	3.787160e-02	2.359846e-02	-5.728205e-04	2.902241e-03	-7.916096e-03	-1.055807e-03	-6.860289e-03
971           	3.503428e-01	1.746788e-01	1.756640e-01	1.228287e-01	8.547969e-02	3.734897e-02	2.406536e-02	-4.925615e-04	2.477623e-03	-9.007001e-03	-2.025878e-03	-6.981123e-03
972           	3.507701e-01	1.750018e-01	1.757682e-01	1.228630e-01	8.577613e-02	3.708686e-02	2.434464e-02	-3.831978e-04	2.170847e-03	-9.969191e-03	-2.813749e-03	-7.155442e-03
973           	3.511613e-01	1.753154e-01	1.758460e-01	1.229950e-01	8.599888e-02	3.699610e-02	2.450139e-02	-2.652997e-04	2.020423e-03	-1.060838e-02	-3.283768e-03	-7.324614e-03
974           	3.515080e-01	1.755696e-01	1.759384e-01	1.232087e-01	8.619480e-02	3.701385e-02	2.459047e-02	-1.844270e-04	2.033476e-03	-1.079716e-02	-3.365102e-03	-7.432054e-03
975           	3.517410e-01	1.757102e-01	1.760308e-01	1.235161e-01	8.637560e-02	3.714054e-02	2.461753e-02	-1.602685e-04	2.190179e-03	-1.054063e-02	-3.080135e-03	-7.460494e-03
976           	3.517930e-01	1.757056e-01	1.760874e-01	1.238857e-01	8.654526e-02	3.734045e-02	2.460240e-02	-1.908970e-04	2.466780e-03	-9.935926e-03	-2.501183e-03	-7.434743e-03
977           	3.516694e-01	1.755547e-01	1.761147e-01	1.241892e-01	8.666117e-02	3.752800e-02	2.456659e-02	-2.799973e-04	2.823566e-03	-9.061959e-03	-1.707413e-03	-7.354546e-03
978           	3.514261e-01	1.752727e-01	1.761535e-01	1.243401e-01	8.676040e-02	3.757975e-02	2.459032e-02	-4.404036e-04	3.224792e-03	-7.976549e-03	-7.634829e-04	-7.213066e-03
979           	3.511393e-01	1.748972e-01	1.762422e-01	1.242089e-01	8.684200e-02	3.736687e-02	2.473756e-02	-6.724963e-04	3.654133e-03	-6.812427e-03	2.479195e-04	-7.060346e-03
980           	3.508645e-01	1.744844e-01	1.763801e-01	1.238106e-01	8.693101e-02	3.687963e-02	2.502569e-02	-9.478813e-04	4.037908e-03	-5.692965e-03	1.191426e-03	-6.884391e-03
981           	3.507265e-01	1.741444e-01	1.765822e-01	1.232195e-01	8.704714e-02	3.617240e-02	2.543737e-02	-1.218901e-03	4.351282e-03	-4.836839e-03	1.932862e-03	-6.769701e-03
982           	3.507256e-01	1.739228e-01	1.768028e-01	1.224571e-01	8.714534e-02	3.531176e-02	2.591679e-02	-1.439994e-03	4.531946e-03	-4.391467e-03	2.336212e-03	-6.727680e-03
983           	3.508809e-01	1.738850e-01	1.769958e-01	1.218815e-01	8.718151e-02	3.470004e-02	2.624073e-02	-1.555400e-03	4.541864e-03	-4.424332e-03	2.329698e-03	-6.754030e-03
984           	3.511285e-01	1.739961e-01	1.771324e-01	1.217901e-01	8.718197e-02	3.460813e-02	2.628692e-02	-1.568133e-03	4.459107e-03	-4.808461e-03	2.054876e-03	-6.863337e-03
985           	3.514173e-01	1.741994e-01	1.772180e-01	1.221898e-01	8.711226e-02	3.507758e-02	2.601734e-02	-1.509294e-03	4.361079e-03	-5.368533e-03	1.676812e-03	-7.045346e-03
986           	3.516684e-01	1.744317e-01	1.772367e-01	1.229373e-01	8.691580e-02	3.602151e-02	2.544715e-02	-1.402476e-03	4.274541e-03	-5.932885e-03	1.308098e-03	-7.240983e-03
987           	3.518719e-01	1.746486e-01	1.772233e-01	1.237192e-01	8.653044e-02	3.718879e-02	2.467082e-02	-1.287385e-03	4.262593e-03	-6.372336e-03	1.076425e-03	-7.448761e-03
988           	3.519726e-01	1.747699e-01	1.772026e-01	1.241840e-01	8.585298e-02	3.833099e-02	2.376099e-02	-1.216334e-03	4.322333e-03	-6.545562e-03	1.049552e-03	-7.595114e-03
989           	3.519131e-01	1.747669e-01	1.771461e-01	1.242828e-01	8.493638e-02	3.934639e-02	2.279499e-02	-1.189597e-03	4.456591e-03	-6.455787e-03	1.228697e-03	-7.684484e-03
990           	3.516852e-01	1.746281e-01	1.770571e-01	1.240087e-01	8.389686e-02	4.011188e-02	2.189249e-02	-1.214538e-03	4.656105e-03	-6.130495e-03	1.590858e-03	-7.721353e-03
991           	3.514018e-01	1.744131e-01	1.769887e-01	1.234132e-01	8.289859e-02	4.051463e-02	2.119198e-02	-1.287814e-03	4.884991e-03	-5.594813e-03	2.087585e-03	-7.682398e-03
992           	3.511289e-01	1.741565e-01	1.769724e-01	1.225437e-01	8.208718e-02	4.045648e-02	2.081535e-02	-1.407963e-03	5.074228e-03	-4.861241e-03	2.643607e-03	-7.504849e-03
993           	3.509402e-01	1.739053e-01	1.770349e-01	1.214127e-01	8.150536e-02	3.990733e-02	2.079902e-02	-1.564811e-03	5.187605e-03	-4.035937e-03	3.169636e-03	-7.205573e-03
994           	3.507921e-01	1.736513e-01	1.771408e-01	1.199350e-01	8.108660e-02	3.884835e-02	2.111913e-02	-1.744776e-03	5.189321e-03	-3.326294e-03	3.526174e-03	-6.852468e-03
995           	3.506583e-01	1.734171e-01	1.772412e-01	1.180795e-01	8.074075e-02	3.733872e-02	2.170101e-02	-1.912034e-03	5.071416e-03	-2.929732e-03	3.606551e-03	-6.536282e-03
996           	3.505554e-01	1.732710e-01	1.772843e-01	1.159897e-01	8.049384e-02	3.549585e-02	2.249900e-02	-2.006654e-03	4.815000e-03	-3.087820e-03	3.271090e-03	-6.358909e-03
997           	3.504923e-01	1.732724e-01	1.772199e-01	1.144483e-01	8.046538e-02	3.398289e-02	2.324125e-02	-1.973790e-03	4.430859e-03	-3.868507e-03	2.496606e-03	-6.365112e-03
998           	3.504015e-01	1.733499e-01	1.770516e-01	1.137761e-01	8.057244e-02	3.320368e-02	2.368438e-02	-1.850868e-03	3.999443e-03	-4.944650e-03	1.527118e-03	-6.471768e-03
999           	3.502850e-01	1.734576e-01	1.768274e-01	1.138231e-01	8.076028e-02	3.306280e-02	2.384874e-02	-1.684929e-03	3.642181e-03	-6.065584e-03	6.093889e-04	-6.674972e-03
1000          	3.501972e-01	1.735774e-01	1.766197e-01	1.144414e-01	8.104702e-02	3.339442e-02	2.382630e-02	-1.521155e-03	3.361898e-03	-7.017319e-03	-1.467619e-04	-6.870558e-03
1001          	3.501616e-01	1.737035e-01	1.764582e-01	1.153908e-01	8.135649e-02	3.403434e-02	2.366107e-02	-1.377343e-03	3.210060e-03	-7.677477e-03	-6.286786e-04	-7.048799e-03
1002          	3.501175e-01	1.737751e-01	1.763424e-01	1.164410e-01	8.159078e-02	3.485023e-02	2.337027e-02	-1.283613e-03	3.210784e-03	-7.958620e-03	-7.685259e-04	-7.190094e-03
1003          	3.500134e-01	1.737599e-01	1.762535e-01	1.174853e-01	8.173028e-02	3.575504e-02	2.298762e-02	-1.246800e-03	3.362658e-03	-7.837795e-03	-5.562394e-04	-7.281555e-03
1004          	3.498532e-01	1.736725e-01	1.761807e-01	1.185816e-01	8.186973e-02	3.671182e-02	2.257895e-02	-1.254137e-03	3.600670e-03	-7.337095e-03	-6.787763e-05	-7.269217e-03
1005          	3.495722e-01	1.734763e-01	1.760959e-01	1.196034e-01	8.203287e-02	3.757049e-02	2.223119e-02	-1.309800e-03	3.920804e-03	-6.515723e-03	6.629420e-04	-7.178665e-03
1006          	3.492369e-01	1.731838e-01	1.760531e-01	1.204165e-01	8.227512e-02	3.814142e-02	2.206685e-02	-1.434668e-03	4.290197e-03	-5.439147e-03	1.570624e-03	-7.009771e-03
1007          	3.489058e-01	1.728372e-01	1.760686e-01	1.208840e-01	8.259266e-02	3.829134e-02	2.215066e-02	-1.615709e-03	4.684363e-03	-4.242863e-03	2.562931e-03	-6.805794e-03
1008          	3.486375e-01	1.724908e-01	1.761467e-01	1.208510e-01	8.292333e-02	3.792765e-02	2.249784e-02	-1.827944e-03	5.062584e-03	-3.144689e-03	3.490239e-03	-6.634928e-03
1009          	3.485295e-01	1.722234e-01	1.763061e-01	1.203899e-01	8.324403e-02	3.714584e-02	2.304909e-02	-2.041307e-03	5.367303e-03	-2.308830e-03	4.212888e-03	-6.521718e-03
1010          	3.486063e-01	1.721236e-01	1.764826e-01	1.197222e-01	8.353123e-02	3.619102e-02	2.367010e-02	-2.179509e-03	5.504776e-03	-1.943385e-03	4.533083e-03	-6.476468e-03
1011          	3.488152e-01	1.722063e-01	1.766089e-01	1.192435e-01	8.384561e-02	3.539787e-02	2.422387e-02	-2.201330e-03	5.478092e-03	-2.099249e-03	4.428467e-03	-6.527716e-03
1012          	3.491589e-01	1.724570e-01	1.767019e-01	1.193072e-01	8.424011e-02	3.506709e-02	2.458651e-02	-2.122472e-03	5.360321e-03	-2.654733e-03	4.032955e-03	-6.687687e-03
1013          	3.495987e-01	1.728262e-01	1.767724e-01	1.199309e-01	8.455237e-02	3.537854e-02	2.458691e-02	-1.973094e-03	5.188703e-03	-3.396656e-03	3.490375e-03	-6.887031e-03
1014          	3.500457e-01	1.732254e-01	1.768203e-01	1.207846e-01	8.458828e-02	3.619635e-02	2.419596e-02	-1.797479e-03	5.014956e-03	-4.101695e-03	2.964108e-03	-7.065804e-03
1015          	3.503504e-01	1.735164e-01	1.768341e-01	1.213492e-01	8.416930e-02	3.717989e-02	2.349471e-02	-1.658846e-03	4.958557e-03	-4.569993e-03	2.673560e-03	-7.243553e-03
1016          	3.504524e-01	1.736464e-01	1.768060e-01	1.216169e-01	8.325717e-02	3.835970e-02	2.244874e-02	-1.579816e-03	5.019632e-03	-4.741890e-03	2.648687e-03	-7.390577e-03
1017          	3.503992e-01	1.736503e-01	1.767488e-01	1.218500e-01	8.215228e-02	3.969772e-02	2.122728e-02	-1.549251e-03	5.218578e-03	-4.640551e-03	2.898302e-03	-7.538853e-03
1018          	3.500954e-01	1.734905e-01	1.766049e-01	1.222942e-01	8.119107e-02	4.110316e-02	2.004395e-02	-1.557193e-03	5.492659e-03	-4.245971e-03	3.369673e-03	-7.615644e-03
1019          	3.496842e-01	1.732682e-01	1.764161e-01	1.229778e-01	8.057625e-02	4.240152e-02	1.908737e-02	-1.573968e-03	5.769299e-03	-3.671366e-03	3.933616e-03	-7.604983e-03
1020          	3.493330e-01	1.730680e-01	1.762650e-01	1.236123e-01	8.031462e-02	4.329771e-02	1.850845e-02	-1.598465e-03	5.995255e-03	-2.977991e-03	4.506260e-03	-7.484251e-03
1021          	3.491601e-01	1.729394e-01	1.762207e-01	1.237589e-01	8.030261e-02	4.345632e-02	1.842315e-02	-1.640675e-03	6.156805e-03	-2.258413e-03	5.027598e-03	-7.286011e-03
1022          	3.491495e-01	1.728705e-01	1.762790e-01	1.230999e-01	8.035454e-02	4.274536e-02	1.880459e-02	-1.704275e-03	6.229167e-03	-1.685754e-03	5.386290e-03	-7.072044e-03
1023          	3.493111e-01	1.728831e-01	1.764280e-01	1.216012e-01	8.041931e-02	4.118187e-02	1.961872e-02	-1.772451e-03	6.196757e-03	-1.490708e-03	5.451403e-03	-6.942111e-03
1024          	3.496155e-01	1.730437e-01	1.765718e-01	1.196299e-01	8.058865e-02	3.904129e-02	2.077368e-02	-1.764086e-03	5.958054e-03	-1.903503e-03	5.006303e-03	-6.909806e-03
1025          	3.499559e-01	1.733461e-01	1.766098e-01	1.178800e-01	8.088789e-02	3.699216e-02	2.194787e-02	-1.631831e-03	5.532259e-03	-2.869524e-03	4.097497e-03	-6.967021e-03
1026          	3.501989e-01	1.736675e-01	1.765315e-01	1.167592e-01	8.119160e-02	3.556764e-02	2.281198e-02	-1.432020e-03	5.070954e-03	-4.040191e-03	3.050858e-03	-7.091049e-03
1027          	3.502871e-01	1.739179e-01	1.763692e-01	1.162414e-01	8.134321e-02	3.489824e-02	2.322248e-02	-1.225658e-03	4.644840e-03	-5.118675e-03	2.085502e-03	-7.204177e-03
1028          	3.502189e-01	1.740704e-01	1.761485e-01	1.162609e-01	8.146292e-02	3.479795e-02	2.333249e-02	-1.039072e-03	4.281662e-03	-5.907899e-03	1.327713e-03	-7.235612e-03
1029          	3.500540e-01	1.741235e-01	1.759305e-01	1.165970e-01	8.154798e-02	3.504905e-02	2.324947e-02	-9.034707e-04	4.042833e-03	-6.341244e-03	8.722110e-04	-7.213455e-03
1030          	3.498091e-01	1.740616e-01	1.757475e-01	1.171580e-01	8.166427e-02	3.549374e-02	2.308527e-02	-8.429254e-04	3.939452e-03	-6.346665e-03	7.661196e-04	-7.112784e-03
1031          	3.494938e-01	1.739015e-01	1.755923e-01	1.180288e-01	8.193332e-02	3.609551e-02	2.291891e-02	-8.454346e-04	3.969986e-03	-5.976155e-03	9.819082e-04	-6.958063e-03
1032          	3.491156e-01	1.736655e-01	1.754502e-01	1.191462e-01	8.245431e-02	3.669186e-02	2.288122e-02	-8.923432e-04	4.098259e-03	-5.344006e-03	1.426255e-03	-6.770262e-03
1033          	3.487120e-01	1.733684e-01	1.753436e-01	1.202162e-01	8.308947e-02	3.712676e-02	2.298135e-02	-9.876118e-04	4.309970e-03	-4.562871e-03	2.028535e-03	-6.591405e-03
1034          	3.483900e-01	1.730449e-01	1.753451e-01	1.209053e-01	8.372490e-02	3.718041e-02	2.327224e-02	-1.150079e-03	4.576641e-03	-3.705481e-03	2.723901e-03	-6.429382e-03
1035          	3.482238e-01	1.727577e-01	1.754660e-01	1.210972e-01	8.431787e-02	3.677930e-02	2.376928e-02	-1.354135e-03	4.881914e-03	-2.892062e-03	3.435883e-03	-6.327945e-03
1036          	3.481736e-01	1.725126e-01	1.756610e-01	1.207772e-01	8.484269e-02	3.593451e-02	2.445409e-02	-1.574173e-03	5.153044e-03	-2.220714e-03	4.042687e-03	-6.263401e-03
1037          	3.482354e-01	1.723710e-01	1.758644e-01	1.200842e-01	8.533181e-02	3.475237e-02	2.528972e-02	-1.746723e-03	5.298986e-03	-1.857506e-03	4.370233e-03	-6.227739e-03
1038          	3.483946e-01	1.723888e-01	1.760058e-01	1.193316e-01	8.576719e-02	3.356440e-02	2.610139e-02	-1.808542e-03	5.253093e-03	-1.946925e-03	4.279630e-03	-6.226555e-03
1039          	3.486553e-01	1.725703e-01	1.760850e-01	1.187993e-01	8.608484e-02	3.271442e-02	2.668521e-02	-1.757368e-03	5.095635e-03	-2.434567e-03	3.878351e-03	-6.312918e-03
1040          	3.489593e-01	1.728405e-01	1.761188e-01	1.184462e-01	8.609357e-02	3.235267e-02	2.687045e-02	-1.639187e-03	4.918150e-03	-3.125598e-03	3.355351e-03	-6.480949e-03
1041          	3.492350e-01	1.731345e-01	1.761005e-01	1.181307e-01	8.566540e-02	3.246530e-02	2.660005e-02	-1.483037e-03	4.729515e-03	-3.847036e-03	2.805997e-03	-6.653033e-03
1042          	3.494606e-01	1.734008e-01	1.760599e-01	1.177188e-01	8.490269e-02	3.281615e-02	2.604327e-02	-1.329551e-03	4.587011e-03	-4.417735e-03	2.378144e-03	-6.795879e-03
1043          	3.496204e-01	1.735835e-01	1.760369e-01	1.170209e-01	8.376855e-02	3.325239e-02	2.525808e-02	-1.226679e-03	4.518777e-03	-4.686638e-03	2.175458e-03	-6.862096e-03
1044          	3.495718e-01	1.735985e-01	1.759733e-01	1.163033e-01	8.245095e-02	3.385237e-02	2.429929e-02	-1.187438e-03	4.559323e-03	-4.585530e-03	2.266558e-03	-6.852088e-03
1045          	3.493086e-01	1.734660e-01	1.758426e-01	1.159095e-01	8.130307e-02	3.460642e-02	2.334833e-02	-1.188288e-03	4.711062e-03	-4.210096e-03	2.606014e-03	-6.816110e-03
1046          	3.488650e-01	1.732233e-01	1.756417e-01	1.159928e-01	8.060151e-02	3.539131e-02	2.260510e-02	-1.209232e-03	4.939713e-03	-3.682318e-03	3.098554e-03	-6.780873e-03
1047          	3.484388e-01	1.729736e-01	1.754652e-01	1.163703e-01	8.037869e-02	3.599157e-02	2.219356e-02	-1.245833e-03	5.217582e-03	-3.083815e-03	3.675675e-03	-6.759490e-03
1048          	3.481985e-01	1.727778e-01	1.754207e-01	1.165701e-01	8.049062e-02	3.607949e-02	2.220557e-02	-1.321433e-03	5.474093e-03	-2.465449e-03	4.241369e-03	-6.706817e-03
1049          	3.481486e-01	1.726538e-01	1.754948e-01	1.162748e-01	8.072650e-02	3.554833e-02	2.258909e-02	-1.420520e-03	5.652980e-03	-1.962035e-03	4.671962e-03	-6.633997e-03
1050          	3.482229e-01	1.725815e-01	1.756414e-01	1.154582e-01	8.101444e-02	3.444374e-02	2.328535e-02	-1.529950e-03	5.729095e-03	-1.702430e-03	4.877880e-03	-6.580310e-03
1051          	3.483860e-01	1.725969e-01	1.757891e-01	1.143648e-01	8.140835e-02	3.295642e-02	2.422597e-02	-1.596121e-03	5.618776e-03	-1.913213e-03	4.662169e-03	-6.575382e-03
1052          	3.485850e-01	1.727265e-01	1.758585e-01	1.133957e-01	8.187906e-02	3.151669e-02	2.518118e-02	-1.565965e-03	5.285787e-03	-2.649974e-03	3.960800e-03	-6.610774e-03
1053          	3.487442e-01	1.729302e-01	1.758140e-01	1.128783e-01	8.228901e-02	3.058926e-02	2.584988e-02	-1.441922e-03	4.897859e-03	-3.706594e-03	3.044562e-03	-6.751156e-03
1054          	3.488335e-01	1.731485e-01	1.756850e-01	1.127820e-01	8.250001e-02	3.028195e-02	2.610903e-02	-1.268216e-03	4.536086e-03	-4.854093e-03	2.109040e-03	-6.963133e-03
1055          	3.488141e-01	1.733381e-01	1.754759e-01	1.130790e-01	8.249830e-02	3.058073e-02	2.595879e-02	-1.068883e-03	4.211457e-03	-5.936023e-03	1.243446e-03	-7.179468e-03
1056          	3.486589e-01	1.734500e-01	1.752089e-01	1.136928e-01	8.237783e-02	3.131494e-02	2.553145e-02	-8.794319e-04	3.976206e-03	-6.808753e-03	5.718298e-04	-7.380583e-03
1057          	3.484277e-01	1.734515e-01	1.749762e-01	1.144456e-01	8.209906e-02	3.234651e-02	2.487627e-02	-7.623421e-04	3.874378e-03	-7.342631e-03	2.030622e-04	-7.545694e-03
1058          	3.480947e-01	1.733028e-01	1.747918e-01	1.153452e-01	8.173155e-02	3.361364e-02	2.405896e-02	-7.444768e-04	3.912175e-03	-7.434374e-03	1.949881e-04	-7.629362e-03
1059          	3.476485e-01	1.730218e-01	1.746267e-01	1.165035e-01	8.142242e-02	3.508105e-02	2.317069e-02	-8.024562e-04	4.097123e-03	-7.084739e-03	5.547541e-04	-7.639493e-03
1060          	3.471569e-01	1.726679e-01	1.744890e-01	1.178801e-01	8.138749e-02	3.649262e-02	2.244744e-02	-9.105488e-04	4.384187e-03	-6.385713e-03	1.191330e-03	-7.577044e-03
1061          	3.467224e-01	1.722914e-01	1.744310e-01	1.192231e-01	8.161456e-02	3.760851e-02	2.200302e-02	-1.069791e-03	4.733776e-03	-5.450761e-03	2.008395e-03	-7.459156e-03
1062          	3.464941e-01	1.719582e-01	1.745360e-01	1.202761e-01	8.206612e-02	3.820996e-02	2.192808e-02	-1.288901e-03	5.106235e-03	-4.326701e-03	2.942885e-03	-7.269585e-03
1063          	3.465526e-01	1.717399e-01	1.748127e-01	1.209115e-01	8.267053e-02	3.824100e-02	2.221476e-02	-1.536392e-03	5.473153e-03	-3.199517e-03	3.873394e-03	-7.072912e-03
1064          	3.467927e-01	1.716204e-01	1.751723e-01	1.209687e-01	8.321173e-02	3.775698e-02	2.272737e-02	-1.775910e-03	5.755381e-03	-2.259894e-03	4.625434e-03	-6.885328e-03
1065          	3.471526e-01	1.716075e-01	1.755451e-01	1.204512e-01	8.354798e-02	3.690323e-02	2.332238e-02	-1.968820e-03	5.875788e-03	-1.638394e-03	5.056591e-03	-6.694985e-03
1066          	3.476250e-01	1.717623e-01	1.758628e-01	1.196735e-01	8.368940e-02	3.598405e-02	2.385268e-02	-2.050234e-03	5.762969e-03	-1.551014e-03	4.987462e-03	-6.538476e-03
1067          	3.480878e-01	1.720393e-01	1.760485e-01	1.191163e-01	8.370446e-02	3.541189e-02	2.414629e-02	-2.004574e-03	5.469309e-03	-1.994801e-03	4.471909e-03	-6.466709e-03
1068          	3.484248e-01	1.723433e-01	1.760815e-01	1.190019e-01	8.362320e-02	3.537868e-02	2.412226e-02	-1.869109e-03	5.110937e-03	-2.792844e-03	3.714515e-03	-6.507359e-03
1069          	3.486188e-01	1.726239e-01	1.759949e-01	1.192869e-01	8.334860e-02	3.593826e-02	2.370517e-02	-1.685525e-03	4.721514e-03	-3.756077e-03	2.843476e-03	-6.599552e-03
1070          	3.486786e-01	1.728555e-01	1.758231e-01	1.198808e-01	8.293276e-02	3.694805e-02	2.299235e-02	-1.483793e-03	4.378778e-03	-4.676358e-03	2.040598e-03	-6.716957e-03
1071          	3.485987e-01	1.729653e-01	1.756335e-01	1.204470e-01	8.224121e-02	3.820578e-02	2.201772e-02	-1.334099e-03	4.143747e-03	-5.332510e-03	1.477492e-03	-6.810003e-03
1072          	3.483537e-01	1.729258e-01	1.754279e-01	1.211361e-01	8.140484e-02	3.973124e-02	2.083680e-02	-1.251045e-03	4.045757e-03	-5.649487e-03	1.221014e-03	-6.870501e-03
1073          	3.479537e-01	1.727618e-01	1.751920e-01	1.222507e-01	8.072199e-02	4.152875e-02	1.959662e-02	-1.215083e-03	4.113643e-03	-5.625456e-03	1.300915e-03	-6.926371e-03
1074          	3.474798e-01	1.725230e-01	1.749567e-01	1.236066e-01	8.036406e-02	4.324255e-02	1.856075e-02	-1.216842e-03	4.287158e-03	-5.299775e-03	1.637271e-03	-6.937046e-03
1075          	3.470758e-01	1.722868e-01	1.747890e-01	1.247663e-01	8.030237e-02	4.446396e-02	1.791920e-02	-1.251082e-03	4.520916e-03	-4.777080e-03	2.132376e-03	-6.909456e-03
1076          	3.468470e-01	1.720941e-01	1.747528e-01	1.253815e-01	8.042967e-02	4.495188e-02	1.773890e-02	-1.329332e-03	4.764017e-03	-4.094836e-03	2.716599e-03	-6.811435e-03
1077          	3.468417e-01	1.719677e-01	1.748740e-01	1.253339e-01	8.070885e-02	4.462507e-02	1.804189e-02	-1.453180e-03	4.993365e-03	-3.319249e-03	3.333740e-03	-6.652989e-03
1078          	3.470413e-01	1.719110e-01	1.751303e-01	1.246554e-01	8.111364e-02	4.354181e-02	1.878592e-02	-1.609697e-03	5.152180e-03	-2.630481e-03	3.836939e-03	-6.467421e-03
1079          	3.473858e-01	1.719291e-01	1.754567e-01	1.233971e-01	8.159963e-02	4.179747e-02	1.990108e-02	-1.763844e-03	5.188283e-03	-2.236353e-03	4.070106e-03	-6.306460e-03
1080          	3.478723e-01	1.720840e-01	1.757883e-01	1.217209e-01	8.207998e-02	3.964094e-02	2.121952e-02	-1.852125e-03	5.042610e-03	-2.391188e-03	3.847016e-03	-6.238204e-03
1081          	3.484513e-01	1.723729e-01	1.760784e-01	1.201323e-01	8.246405e-02	3.766830e-02	2.239787e-02	-1.852780e-03	4.777892e-03	-2.985118e-03	3.285333e-03	-6.270451e-03
1082          	3.489421e-01	1.726613e-01	1.762808e-01	1.189325e-01	8.272606e-02	3.620643e-02	2.325981e-02	-1.809747e-03	4.529173e-03	-3.748332e-03	2.655007e-03	-6.403339e-03
1083          	3.492439e-01	1.728625e-01	1.763814e-01	1.181143e-01	8.280058e-02	3.531369e-02	2.374344e-02	-1.759425e-03	4.335407e-03	-4.494350e-03	2.088232e-03	-6.582582e-03
1084          	3.493865e-01	1.729758e-01	1.764107e-01	1.177220e-01	8.282946e-02	3.489256e-02	2.396845e-02	-1.717467e-03	4.210800e-03	-5.073092e-03	1.674254e-03	-6.747346e-03
1085          	3.494478e-01	1.730200e-01	1.764277e-01	1.176526e-01	8.286985e-02	3.478275e-02	2.404355e-02	-1.703828e-03	4.192433e-03	-5.345734e-03	1.519566e-03	-6.865300e-03
1086          	3.494141e-01	1.729601e-01	1.764540e-01	1.177873e-01	8.292133e-02	3.486599e-02	2.402767e-02	-1.746971e-03	4.291130e-03	-5.223179e-03	1.679540e-03	-6.902719e-03
1087          	3.492584e-01	1.727983e-01	1.764601e-01	1.181701e-01	8.305705e-02	3.511306e-02	2.397200e-02	-1.830919e-03	4.493955e-03	-4.727671e-03	2.130120e-03	-6.857790e-03
1088          	3.489625e-01	1.725315e-01	1.764311e-01	1.188386e-01	8.333882e-02	3.549977e-02	2.391953e-02	-1.949805e-03	4.740580e-03	-3.916372e-03	2.782393e-03	-6.698766e-03
1089          	3.485645e-01	1.721747e-01	1.763898e-01	1.196741e-01	8.377245e-02	3.590168e-02	2.393538e-02	-2.107563e-03	5.008723e-03	-2.901314e-03	3.558066e-03	-6.459380e-03
1090          	3.480850e-01	1.717263e-01	1.763587e-01	1.202823e-01	8.415119e-02	3.613106e-02	2.401006e-02	-2.316215e-03	5.266858e-03	-1.787962e-03	4.372877e-03	-6.160839e-03
1091          	3.477208e-01	1.713034e-01	1.764173e-01	1.204852e-01	8.444150e-02	3.604371e-02	2.419890e-02	-2.556951e-03	5.486639e-03	-7.006488e-04	5.136315e-03	-5.836963e-03
1092          	3.474771e-01	1.709224e-01	1.765547e-01	1.201645e-01	8.461178e-02	3.555274e-02	2.452952e-02	-2.816110e-03	5.622657e-03	2.216235e-04	5.733469e-03	-5.511846e-03
1093          	3.473599e-01	1.706197e-01	1.767403e-01	1.192534e-01	8.463557e-02	3.461787e-02	2.500885e-02	-3.060292e-03	5.657774e-03	7.921918e-04	6.053870e-03	-5.261678e-03
1094          	3.473733e-01	1.704516e-01	1.769217e-01	1.179671e-01	8.451843e-02	3.344870e-02	2.553487e-02	-3.235061e-03	5.527588e-03	8.902610e-04	5.972718e-03	-5.082457e-03
1095          	3.475100e-01	1.704550e-01	1.770550e-01	1.167798e-01	8.436652e-02	3.241327e-02	2.597662e-02	-3.299983e-03	5.281054e-03	4.670123e-04	5.514560e-03	-5.047548e-03
1096          	3.477185e-01	1.705931e-01	1.771254e-01	1.159539e-01	8.421254e-02	3.174139e-02	2.623558e-02	-3.266147e-03	5.031405e-03	-3.217816e-04	4.870515e-03	-5.192296e-03
1097          	3.479875e-01	1.708224e-01	1.771651e-01	1.154145e-01	8.394640e-02	3.146807e-02	2.623916e-02	-3.171333e-03	4.824133e-03	-1.221734e-03	4.213265e-03	-5.435000e-03
1098          	3.482413e-01	1.710558e-01	1.771855e-01	1.150532e-01	8.353185e-02	3.152132e-02	2.600526e-02	-3.064837e-03	4.714126e-03	-1.995874e-03	3.716188e-03	-5.712063e-03
1099          	3.484339e-01	1.712263e-01	1.772076e-01	1.147257e-01	8.297036e-02	3.175538e-02	2.560749e-02	-2.990660e-03	4.722956e-03	-2.394476e-03	3.525718e-03	-5.920194e-03
1100          	3.485041e-01	1.712706e-01	1.772335e-01	1.144579e-01	8.228241e-02	3.217553e-02	2.505344e-02	-2.981474e-03	4.843060e-03	-2.336624e-03	3.674748e-03	-6.011372e-03
1101          	3.484426e-01	1.712062e-01	1.772364e-01	1.144439e-01	8.163533e-02	3.280860e-02	2.441336e-02	-3.015074e-03	5.077109e-03	-1.895721e-03	4.129249e-03	-6.024970e-03
1102          	3.482408e-01	1.710424e-01	1.771984e-01	1.146839e-01	8.111242e-02	3.357149e-02	2.377046e-02	-3.077994e-03	5.364011e-03	-1.120184e-03	4.803919e-03	-5.924103e-03
1103          	3.479841e-01	1.708483e-01	1.771358e-01	1.151784e-01	8.091483e-02	3.426359e-02	2.332562e-02	-3.143782e-03	5.670116e-03	-1.566388e-04	5.591797e-03	-5.748436e-03
1104          	3.477251e-01	1.706447e-01	1.770804e-01	1.155988e-01	8.090762e-02	3.469114e-02	2.310824e-02	-3.217873e-03	5.954579e-03	8.479353e-04	6.378547e-03	-5.530612e-03
1105          	3.475704e-01	1.704696e-01	1.771008e-01	1.155999e-01	8.096466e-02	3.463526e-02	2.316470e-02	-3.315620e-03	6.190386e-03	1.776417e-03	7.078595e-03	-5.302178e-03
1106          	3.476226e-01	1.703884e-01	1.772342e-01	1.152082e-01	8.111910e-02	3.408910e-02	2.351500e-02	-3.422869e-03	6.302274e-03	2.486886e-03	7.545717e-03	-5.058832e-03
1107          	3.478650e-01	1.704308e-01	1.774342e-01	1.145553e-01	8.136872e-02	3.318653e-02	2.409109e-02	-3.501694e-03	6.280753e-03	2.776679e-03	7.669092e-03	-4.892414e-03
1108          	3.481982e-01	1.705940e-01	1.776043e-01	1.139077e-01	8.170872e-02	3.219894e-02	2.475489e-02	-3.505129e-03	6.071341e-03	2.544610e-03	7.343646e-03	-4.799036e-03
1109          	3.486335e-01	1.708977e-01	1.777358e-01	1.137267e-01	8.215289e-02	3.157381e-02	2.528954e-02	-3.419050e-03	5.714247e-03	1.911306e-03	6.669900e-03	-4.758593e-03
1110          	3.490378e-01	1.712459e-01	1.777920e-01	1.141800e-01	8.261822e-02	3.156175e-02	2.552823e-02	-3.273030e-03	5.365703e-03	1.101043e-03	5.916224e-03	-4.815182e-03
1111          	3.493133e-01	1.715543e-01	1.777589e-01	1.150985e-01	8.301646e-02	3.208203e-02	2.546722e-02	-3.102296e-03	5.116365e-03	2.884738e-04	5.260602e-03	-4.972128e-03
1112          	3.494195e-01	1.717808e-01	1.776387e-01	1.163991e-01	8.332966e-02	3.306943e-02	2.513012e-02	-2.928938e-03	4.976199e-03	-3.925350e-04	4.779932e-03	-5.172467e-03
1113          	3.494217e-01	1.719499e-01	1.774718e-01	1.179817e-01	8.357617e-02	3.440557e-02	2.458530e-02	-2.760943e-03	4.995881e-03	-8.548291e-04	4.568466e-03	-5.423295e-03
1114          	3.492854e-01	1.719966e-01	1.772888e-01	1.195620e-01	8.365485e-02	3.590716e-02	2.387385e-02	-2.646082e-03	5.112221e-03	-9.992659e-04	4.612588e-03	-5.611854e-03
1115          	3.490338e-01	1.719290e-01	1.771048e-01	1.210384e-01	8.362818e-02	3.741024e-02	2.310897e-02	-2.587933e-03	5.282771e-03	-8.061142e-04	4.879714e-03	-5.685828e-03
1116          	3.486553e-01	1.717433e-01	1.769119e-01	1.223479e-01	8.362119e-02	3.872671e-02	2.244724e-02	-2.584310e-03	5.470618e-03	-3.495638e-04	5.295836e-03	-5.645400e-03
1117          	3.482191e-01	1.714843e-01	1.767348e-01	1.233804e-01	8.373080e-02	3.964955e-02	2.204063e-02	-2.625210e-03	5.650860e-03	2.648899e-04	5.783304e-03	-5.518415e-03
1118          	3.477823e-01	1.711805e-01	1.766018e-01	1.239969e-01	8.395552e-02	4.004139e-02	2.195707e-02	-2.710619e-03	5.797408e-03	9.599648e-04	6.277390e-03	-5.317425e-03
1119          	3.474398e-01	1.708978e-01	1.765420e-01	1.241667e-01	8.428059e-02	3.988611e-02	2.219724e-02	-2.822111e-03	5.916880e-03	1.609505e-03	6.721632e-03	-5.112127e-03
1120          	3.471674e-01	1.706435e-01	1.765239e-01	1.239147e-01	8.463679e-02	3.927789e-02	2.267945e-02	-2.940182e-03	5.974085e-03	2.111251e-03	7.029711e-03	-4.918460e-03
1121          	3.470051e-01	1.704733e-01	1.765318e-01	1.232454e-01	8.494681e-02	3.829859e-02	2.332411e-02	-3.029245e-03	5.941242e-03	2.289957e-03	7.086221e-03	-4.796264e-03
1122          	3.469413e-01	1.704351e-01	1.765062e-01	1.223910e-01	8.520933e-02	3.718163e-02	2.401385e-02	-3.035541e-03	5.775665e-03	1.957775e-03	6.754552e-03	-4.796777e-03
1123          	3.468853e-01	1.705044e-01	1.763809e-01	1.219296e-01	8.538615e-02	3.654341e-02	2.442137e-02	-2.938270e-03	5.501660e-03	1.170797e-03	6.087058e-03	-4.916261e-03
1124          	3.468290e-01	1.706462e-01	1.761828e-01	1.221147e-01	8.546144e-02	3.665326e-02	2.440409e-02	-2.768301e-03	5.199167e-03	2.036671e-04	5.301000e-03	-5.097333e-03
1125          	3.468170e-01	1.708404e-01	1.759766e-01	1.227800e-01	8.543161e-02	3.734841e-02	2.404160e-02	-2.568108e-03	4.944006e-03	-7.258034e-04	4.581104e-03	-5.306907e-03
1126          	3.467663e-01	1.710273e-01	1.757390e-01	1.237020e-01	8.529714e-02	3.840486e-02	2.344614e-02	-2.355858e-03	4.752373e-03	-1.525342e-03	3.989702e-03	-5.515044e-03
1127          	3.466471e-01	1.711324e-01	1.755146e-01	1.245342e-01	8.505613e-02	3.947802e-02	2.278906e-02	-2.191088e-03	4.698738e-03	-1.988492e-03	3.704493e-03	-5.692984e-03
1128          	3.464628e-01	1.711049e-01	1.753579e-01	1.250414e-01	8.456346e-02	4.047799e-02	2.204274e-02	-2.126517e-03	4.780134e-03	-2.005125e-03	3.777572e-03	-5.782697e-03
1129          	3.462688e-01	1.709862e-01	1.752826e-01	1.253177e-01	8.396479e-02	4.135291e-02	2.130594e-02	-2.148202e-03	5.001070e-03	-1.647193e-03	4.177474e-03	-5.824667e-03
1130          	3.460382e-01	1.708039e-01	1.752343e-01	1.253638e-01	8.340310e-02	4.196070e-02	2.072120e-02	-2.215212e-03	5.284270e-03	-1.054330e-03	4.757105e-03	-5.811436e-03
1131          	3.458477e-01	1.706227e-01	1.752250e-01	1.252144e-01	8.304863e-02	4.216580e-02	2.044141e-02	-2.301174e-03	5.582006e-03	-3.466683e-04	5.408672e-03	-5.755340e-03
1132          	3.457075e-01	1.704456e-01	1.752619e-01	1.248077e-01	8.286086e-02	4.194683e-02	2.045702e-02	-2.408151e-03	5.827464e-03	4.232846e-04	6.039107e-03	-5.615822e-03
1133          	3.456990e-01	1.703149e-01	1.753840e-01	1.240597e-01	8.282896e-02	4.123074e-02	2.079911e-02	-2.534547e-03	5.998325e-03	1.186525e-03	6.591587e-03	-5.405062e-03
1134          	3.458577e-01	1.702592e-01	1.755986e-01	1.229967e-01	8.293951e-02	4.005716e-02	2.144117e-02	-2.669698e-03	6.083869e-03	1.781774e-03	6.974756e-03	-5.192982e-03
1135          	3.462169e-01	1.703255e-01	1.758914e-01	1.214857e-01	8.319303e-02	3.829266e-02	2.245019e-02	-2.782947e-03	6.051658e-03	2.008176e-03	7.055746e-03	-5.047571e-03
1136          	3.467478e-01	1.705722e-01	1.761756e-01	1.197949e-01	8.365096e-02	3.614394e-02	2.375351e-02	-2.801714e-03	5.823623e-03	1.607364e-03	6.627304e-03	-5.019941e-03
1137          	3.473304e-01	1.709369e-01	1.763936e-01	1.188632e-01	8.421984e-02	3.464341e-02	2.478821e-02	-2.728349e-03	5.453623e-03	7.571976e-04	5.832221e-03	-5.075024e-03
1138          	3.479057e-01	1.713534e-01	1.765523e-01	1.187151e-01	8.484288e-02	3.387222e-02	2.548533e-02	-2.599465e-03	5.052008e-03	-3.481963e-04	4.877910e-03	-5.226107e-03
1139          	3.483757e-01	1.717520e-01	1.766236e-01	1.191188e-01	8.543151e-02	3.368727e-02	2.587212e-02	-2.435782e-03	4.674351e-03	-1.542867e-03	3.902917e-03	-5.445784e-03
1140          	3.486870e-01	1.720871e-01	1.765998e-01	1.198903e-01	8.600027e-02	3.389001e-02	2.605513e-02	-2.256343e-03	4.324832e-03	-2.708525e-03	2.970570e-03	-5.679095e-03
1141          	3.489177e-01	1.723749e-01	1.765428e-01	1.208408e-01	8.658634e-02	3.425446e-02	2.616594e-02	-2.083961e-03	4.082274e-03	-3.641623e-03	2.261462e-03	-5.903086e-03
1142          	3.490251e-01	1.725418e-01	1.764833e-01	1.218124e-01	8.719543e-02	3.461696e-02	2.628923e-02	-1.970762e-03	3.963584e-03	-4.141151e-03	1.893009e-03	-6.034160e-03
1143          	3.489357e-01	1.725250e-01	1.764107e-01	1.227905e-01	8.782871e-02	3.496177e-02	2.643347e-02	-1.942873e-03	4.011586e-03	-4.150378e-03	1.936397e-03	-6.086775e-03
1144          	3.486928e-01	1.723532e-01	1.763396e-01	1.236971e-01	8.849846e-02	3.519868e-02	2.664989e-02	-1.993172e-03	4.177002e-03	-3.767640e-03	2.293182e-03	-6.060822e-03
1145          	3.483627e-01	1.720722e-01	1.762906e-01	1.243415e-01	8.921655e-02	3.512499e-02	2.704578e-02	-2.109195e-03	4.430684e-03	-3.126877e-03	2.867245e-03	-5.994122e-03
1146          	3.479962e-01	1.717237e-01	1.762725e-01	1.246012e-01	8.998134e-02	3.461987e-02	2.768074e-02	-2.274368e-03	4.759234e-03	-2.351659e-03	3.583404e-03	-5.935063e-03
1147          	3.476791e-01	1.713660e-01	1.763131e-01	1.244126e-01	9.079200e-02	3.362055e-02	2.858572e-02	-2.473519e-03	5.127191e-03	-1.516981e-03	4.368700e-03	-5.885681e-03
1148          	3.474242e-01	1.710144e-01	1.764098e-01	1.238090e-01	9.162700e-02	3.218200e-02	2.972250e-02	-2.697689e-03	5.470098e-03	-7.048965e-04	5.117650e-03	-5.822546e-03
1149          	3.472809e-01	1.707188e-01	1.765620e-01	1.227688e-01	9.245147e-02	3.031730e-02	3.106709e-02	-2.921615e-03	5.757513e-03	-9.041466e-05	5.712306e-03	-5.802721e-03
1150          	3.472934e-01	1.705662e-01	1.767272e-01	1.214194e-01	9.315432e-02	2.826504e-02	3.244464e-02	-3.080482e-03	5.900376e-03	9.839238e-05	5.949572e-03	-5.851179e-03
1151          	3.474310e-01	1.705756e-01	1.768554e-01	1.202351e-01	9.361676e-02	2.661833e-02	3.349922e-02	-3.139859e-03	5.892196e-03	-1.273073e-04	5.828543e-03	-5.955850e-03
1152          	3.476504e-01	1.707060e-01	1.769444e-01	1.195913e-01	9.393714e-02	2.565419e-02	3.414148e-02	-3.119175e-03	5.827995e-03	-5.958079e-04	5.530091e-03	-6.125899e-03
1153          	3.478556e-01	1.708870e-01	1.769686e-01	1.195395e-01	9.406298e-02	2.547656e-02	3.429321e-02	-3.040833e-03	5.691224e-03	-1.150021e-03	5.116214e-03	-6.266234e-03
1154          	3.479258e-01	1.710294e-01	1.768965e-01	1.199478e-01	9.405649e-02	2.589130e-02	3.408260e-02	-2.933544e-03	5.526245e-03	-1.658303e-03	4.697093e-03	-6.355396e-03
1155          	3.478237e-01	1.710510e-01	1.767727e-01	1.203426e-01	9.380478e-02	2.653782e-02	3.363348e-02	-2.860839e-03	5.410381e-03	-1.958496e-03	4.431133e-03	-6.389629e-03
1156          	3.476132e-01	1.709403e-01	1.766729e-01	1.206658e-01	9.328726e-02	2.737859e-02	3.295434e-02	-2.866317e-03	5.389792e-03	-1.917092e-03	4.431246e-03	-6.348338e-03
1157          	3.472287e-01	1.706886e-01	1.765401e-01	1.209381e-01	9.251417e-02	2.842392e-02	3.204513e-02	-2.925759e-03	5.505628e-03	-1.561079e-03	4.725089e-03	-6.286167e-03
1158          	3.467113e-01	1.703678e-01	1.763435e-01	1.212805e-01	9.171548e-02	2.956506e-02	3.107521e-02	-2.987840e-03	5.691537e-03	-1.030556e-03	5.176259e-03	-6.206815e-03
1159          	3.462474e-01	1.700634e-01	1.761840e-01	1.216201e-01	9.117573e-02	3.044436e-02	3.036568e-02	-3.060278e-03	5.884433e-03	-3.662543e-04	5.701306e-03	-6.067561e-03
1160          	3.459559e-01	1.698153e-01	1.761405e-01	1.217204e-01	9.091892e-02	3.080145e-02	3.005873e-02	-3.162579e-03	6.052209e-03	3.985484e-04	6.251483e-03	-5.852935e-03
1161          	3.459144e-01	1.696665e-01	1.762479e-01	1.213907e-01	9.094226e-02	3.044846e-02	3.024690e-02	-3.290715e-03	6.205083e-03	1.135364e-03	6.772765e-03	-5.637401e-03
1162          	3.460312e-01	1.695924e-01	1.764388e-01	1.206465e-01	9.115273e-02	2.949372e-02	3.082951e-02	-3.423213e-03	6.316506e-03	1.692978e-03	7.162995e-03	-5.470017e-03
1163          	3.462597e-01	1.695917e-01	1.766680e-01	1.195036e-01	9.152056e-02	2.798303e-02	3.176877e-02	-3.538161e-03	6.356108e-03	1.908385e-03	7.310300e-03	-5.401915e-03
1164          	3.466236e-01	1.697557e-01	1.768680e-01	1.181281e-01	9.198229e-02	2.614579e-02	3.291825e-02	-3.556159e-03	6.203793e-03	1.463117e-03	6.935351e-03	-5.472235e-03
1165          	3.470668e-01	1.700610e-01	1.770058e-01	1.172926e-01	9.244683e-02	2.484579e-02	3.380052e-02	-3.472434e-03	5.914656e-03	6.001470e-04	6.214730e-03	-5.614583e-03
1166          	3.475239e-01	1.704207e-01	1.771032e-01	1.171317e-01	9.287560e-02	2.425613e-02	3.430973e-02	-3.341259e-03	5.595101e-03	-3.567246e-04	5.416739e-03	-5.773464e-03
1167          	3.479055e-01	1.707731e-01	1.771325e-01	1.176521e-01	9.329044e-02	2.436165e-02	3.446439e-02	-3.179701e-03	5.233281e-03	-1.240359e-03	4.613101e-03	-5.853460e-03
1168          	3.481432e-01	1.710737e-01	1.770695e-01	1.187107e-01	9.366670e-02	2.504397e-02	3.431137e-02	-2.997912e-03	4.869881e-03	-1.976740e-03	3.881511e-03	-5.858251e-03
1169          	3.482382e-01	1.712821e-01	1.769562e-01	1.200419e-01	9.393539e-02	2.610652e-02	3.391443e-02	-2.837056e-03	4.540139e-03	-2.472446e-03	3.303916e-03	-5.776362e-03
1170          	3.481995e-01	1.713766e-01	1.768229e-01	1.217395e-01	9.423784e-02	2.750163e-02	3.336810e-02	-2.723128e-03	4.299526e-03	-2.641983e-03	2.978534e-03	-5.620518e-03
1171          	3.479280e-01	1.713020e-01	1.766260e-01	1.239002e-01	9.470958e-02	2.919060e-02	3.275949e-02	-2.661972e-03	4.210016e-03	-2.481833e-03	2.969099e-03	-5.450932e-03
1172          	3.474374e-01	1.710677e-01	1.763697e-01	1.262212e-01	9.529700e-02	3.092419e-02	3.218641e-02	-2.650974e-03	4.307770e-03	-2.090840e-03	3.262349e-03	-5.353190e-03
1173          	3.468259e-01	1.707287e-01	1.760972e-01	1.282038e-01	9.582872e-02	3.237512e-02	3.172680e-02	-2.684263e-03	4.569358e-03	-1.536063e-03	3.801326e-03	-5.337389e-03
1174          	3.463078e-01	1.703906e-01	1.759172e-01	1.295961e-01	9.633044e-02	3.326564e-02	3.153240e-02	-2.763314e-03	4.898993e-03	-8.634303e-04	4.467277e-03	-5.330708e-03
1175          	3.460107e-01	1.701153e-01	1.758954e-01	1.304261e-01	9.685008e-02	3.357606e-02	3.163701e-02	-2.890015e-03	5.223331e-03	-1.089711e-04	5.168845e-03	-5.277816e-03
1176          	3.459329e-01	1.699032e-01	1.760297e-01	1.308387e-01	9.739878e-02	3.343990e-02	3.197944e-02	-3.063279e-03	5.501412e-03	6.299547e-04	5.816389e-03	-5.186434e-03
1177          	3.459574e-01	1.697468e-01	1.762107e-01	1.308967e-01	9.779010e-02	3.310656e-02	3.234177e-02	-3.231942e-03	5.663195e-03	1.122530e-03	6.224460e-03	-5.101930e-03
1178          	3.460800e-01	1.697085e-01	1.763715e-01	1.306839e-01	9.791485e-02	3.276902e-02	3.257292e-02	-3.331475e-03	5.656893e-03	1.170112e-03	6.241949e-03	-5.071836e-03
1179          	3.462817e-01	1.697979e-01	1.764838e-01	1.303863e-01	9.778622e-02	3.260004e-02	3.259309e-02	-3.342998e-03	5.565796e-03	8.864190e-04	6.009006e-03	-5.122587e-03
1180          	3.464629e-01	1.699298e-01	1.765331e-01	1.301412e-01	9.738474e-02	3.275646e-02	3.231414e-02	-3.301652e-03	5.433433e-03	4.483822e-04	5.657624e-03	-5.209242e-03
1181          	3.465081e-01	1.700118e-01	1.764963e-01	1.299540e-01	9.669929e-02	3.325475e-02	3.172227e-02	-3.242259e-03	5.331824e-03	1.051004e-05	5.337079e-03	-5.326569e-03
1182          	3.464559e-01	1.700037e-01	1.764522e-01	1.296002e-01	9.572121e-02	3.387896e-02	3.092113e-02	-3.224275e-03	5.295945e-03	-2.341004e-04	5.178895e-03	-5.412995e-03
1183          	3.463364e-01	1.698810e-01	1.764554e-01	1.289713e-01	9.441111e-02	3.456018e-02	2.992547e-02	-3.287239e-03	5.367665e-03	-2.045603e-04	5.265385e-03	-5.469945e-03
1184          	3.460821e-01	1.696332e-01	1.764489e-01	1.282545e-01	9.293066e-02	3.532384e-02	2.880341e-02	-3.407888e-03	5.549868e-03	8.826757e-05	5.594002e-03	-5.505735e-03
1185          	3.457016e-01	1.693053e-01	1.763963e-01	1.278339e-01	9.159293e-02	3.624092e-02	2.767601e-02	-3.545477e-03	5.776984e-03	6.001513e-04	6.077059e-03	-5.476908e-03
1186          	3.452831e-01	1.689542e-01	1.763289e-01	1.279107e-01	9.062856e-02	3.728212e-02	2.667322e-02	-3.687362e-03	6.010467e-03	1.272167e-03	6.646550e-03	-5.374383e-03
1187          	3.448651e-01	1.685916e-01	1.762736e-01	1.282648e-01	8.997794e-02	3.828684e-02	2.584555e-02	-3.841001e-03	6.232504e-03	2.057284e-03	7.261147e-03	-5.203862e-03
1188          	3.445604e-01	1.682707e-01	1.762896e-01	1.285466e-01	8.950754e-02	3.903910e-02	2.523422e-02	-4.009442e-03	6.407334e-03	2.863881e-03	7.839275e-03	-4.975393e-03
1189          	3.444789e-01	1.680767e-01	1.764022e-01	1.285940e-01	8.916975e-02	3.942422e-02	2.487276e-02	-4.162780e-03	6.554194e-03	3.509287e-03	8.308837e-03	-4.799550e-03
1190          	3.445078e-01	1.679712e-01	1.765366e-01	1.281754e-01	8.880177e-02	3.937362e-02	2.471407e-02	-4.282692e-03	6.617916e-03	3.870589e-03	8.553211e-03	-4.682622e-03
1191          	3.445976e-01	1.679853e-01	1.766122e-01	1.274254e-01	8.845025e-02	3.897511e-02	2.473757e-02	-4.313450e-03	6.506969e-03	3.749907e-03	8.381922e-03	-4.632015e-03
1192          	3.448401e-01	1.681889e-01	1.766513e-01	1.269645e-01	8.831264e-02	3.865181e-02	2.483041e-02	-4.231209e-03	6.219975e-03	3.169472e-03	7.804711e-03	-4.635239e-03
1193          	3.452277e-01	1.685432e-01	1.766845e-01	1.269994e-01	8.838043e-02	3.861901e-02	2.488071e-02	-4.070637e-03	5.905415e-03	2.378676e-03	7.094753e-03	-4.716077e-03
1194          	3.455675e-01	1.689267e-01	1.766408e-01	1.271954e-01	8.829452e-02	3.890087e-02	2.469683e-02	-3.857060e-03	5.606231e-03	1.546758e-03	6.379611e-03	-4.832852e-03
1195          	3.458517e-01	1.693320e-01	1.765198e-01	1.275023e-01	8.808792e-02	3.941443e-02	2.433675e-02	-3.593915e-03	5.358178e-03	7.953058e-04	5.755831e-03	-4.960525e-03
1196          	3.460839e-01	1.697192e-01	1.763647e-01	1.277585e-01	8.775949e-02	3.999900e-02	2.388024e-02	-3.322729e-03	5.191176e-03	2.351819e-04	5.308767e-03	-5.073585e-03
1197          	3.462351e-01	1.700178e-01	1.762173e-01	1.278713e-01	8.729704e-02	4.057427e-02	2.336138e-02	-3.099758e-03	5.127350e-03	1.046054e-06	5.127873e-03	-5.126827e-03
1198          	3.462247e-01	1.701807e-01	1.760440e-01	1.279229e-01	8.675392e-02	4.116902e-02	2.279245e-02	-2.931664e-03	5.195664e-03	7.091926e-05	5.231124e-03	-5.160205e-03
1199          	3.460770e-01	1.702267e-01	1.758503e-01	1.280538e-01	8.630350e-02	4.175029e-02	2.227660e-02	-2.811791e-03	5.397654e-03	3.635430e-04	5.579425e-03	-5.215882e-03
1200          	3.458154e-01	1.701690e-01	1.756464e-01	1.281677e-01	8.599002e-02	4.217767e-02	2.190618e-02	-2.738670e-03	5.680140e-03	8.199551e-04	6.090117e-03	-5.270162e-03
1201          	3.455371e-01	1.700521e-01	1.754850e-01	1.280729e-01	8.579074e-02	4.228215e-02	2.175429e-02	-2.716414e-03	6.010197e-03	1.412582e-03	6.716488e-03	-5.303906e-03
1202          	3.453580e-01	1.699282e-01	1.754298e-01	1.277539e-01	8.579257e-02	4.196135e-02	2.191561e-02	-2.750833e-03	6.334657e-03	2.102655e-03	7.385984e-03	-5.283329e-03
1203          	3.453223e-01	1.698471e-01	1.754752e-01	1.272357e-01	8.600177e-02	4.123397e-02	2.238390e-02	-2.814063e-03	6.589992e-03	2.734070e-03	7.957027e-03	-5.222957e-03
1204          	3.454379e-01	1.698520e-01	1.755859e-01	1.263912e-01	8.632334e-02	4.006785e-02	2.312774e-02	-2.866931e-03	6.717505e-03	3.067175e-03	8.251093e-03	-5.183918e-03
1205          	3.456925e-01	1.700044e-01	1.756881e-01	1.251685e-01	8.663756e-02	3.853098e-02	2.405329e-02	-2.841835e-03	6.647145e-03	2.882508e-03	8.088399e-03	-5.205891e-03
1206          	3.460037e-01	1.702832e-01	1.757205e-01	1.238798e-01	8.682085e-02	3.705891e-02	2.488097e-02	-2.718650e-03	6.391611e-03	2.210892e-03	7.497057e-03	-5.286166e-03
1207          	3.463220e-01	1.706280e-01	1.756940e-01	1.228479e-01	8.686606e-02	3.598184e-02	2.544211e-02	-2.533007e-03	6.106466e-03	1.260502e-03	6.736718e-03	-5.476215e-03
1208          	3.465753e-01	1.709808e-01	1.755945e-01	1.221078e-01	8.665404e-02	3.545380e-02	2.560012e-02	-2.306843e-03	5.807078e-03	1.998902e-04	5.907023e-03	-5.707132e-03
1209          	3.466644e-01	1.712782e-01	1.753862e-01	1.215802e-01	8.614497e-02	3.543528e-02	2.535485e-02	-2.054016e-03	5.525432e-03	-8.443510e-04	5.103257e-03	-5.947608e-03
1210          	3.465378e-01	1.714301e-01	1.751077e-01	1.208904e-01	8.524004e-02	3.565032e-02	2.479486e-02	-1.838823e-03	5.348178e-03	-1.719317e-03	4.488519e-03	-6.207836e-03
1211          	3.462007e-01	1.714085e-01	1.747922e-01	1.199683e-01	8.387334e-02	3.609494e-02	2.388920e-02	-1.691847e-03	5.318060e-03	-2.319983e-03	4.158068e-03	-6.478051e-03
1212          	3.456817e-01	1.712288e-01	1.744529e-01	1.191729e-01	8.231718e-02	3.685573e-02	2.273072e-02	-1.612071e-03	5.428963e-03	-2.580378e-03	4.138774e-03	-6.719152e-03
1213          	3.449788e-01	1.709023e-01	1.740764e-01	1.188358e-01	8.090357e-02	3.793221e-02	2.148568e-02	-1.587065e-03	5.649740e-03	-2.531933e-03	4.383774e-03	-6.915707e-03
1214          	3.442814e-01	1.705468e-01	1.737345e-01	1.189225e-01	7.989050e-02	3.903205e-02	2.042922e-02	-1.593845e-03	5.874340e-03	-2.238413e-03	4.755134e-03	-6.993547e-03
1215          	3.438191e-01	1.702885e-01	1.735306e-01	1.191190e-01	7.934894e-02	3.977009e-02	1.978942e-02	-1.621081e-03	6.054148e-03	-1.817206e-03	5.145544e-03	-6.962751e-03
1216          	3.436792e-01	1.701763e-01	1.735029e-01	1.191022e-01	7.921363e-02	3.988860e-02	1.966251e-02	-1.663280e-03	6.138687e-03	-1.343920e-03	5.466727e-03	-6.810647e-03
1217          	3.437934e-01	1.701927e-01	1.736007e-01	1.187219e-01	7.928935e-02	3.943252e-02	1.992842e-02	-1.704014e-03	6.098923e-03	-9.583455e-04	5.619750e-03	-6.578095e-03
1218          	3.440723e-01	1.703162e-01	1.737561e-01	1.180114e-01	7.953762e-02	3.847379e-02	2.053192e-02	-1.719940e-03	5.921353e-03	-8.673764e-04	5.487665e-03	-6.355041e-03
1219          	3.444380e-01	1.705509e-01	1.738870e-01	1.171719e-01	7.995875e-02	3.721315e-02	2.137280e-02	-1.668045e-03	5.587484e-03	-1.262628e-03	4.956170e-03	-6.218798e-03
1220          	3.448249e-01	1.708890e-01	1.739358e-01	1.165095e-01	8.044445e-02	3.606508e-02	2.218968e-02	-1.523395e-03	5.122685e-03	-2.174232e-03	4.035569e-03	-6.209802e-03
1221          	3.451609e-01	1.712684e-01	1.738925e-01	1.161942e-01	8.081080e-02	3.538341e-02	2.271370e-02	-1.312086e-03	4.668434e-03	-3.378044e-03	2.979412e-03	-6.357456e-03
1222          	3.454093e-01	1.716058e-01	1.738035e-01	1.160444e-01	8.090143e-02	3.514292e-02	2.287926e-02	-1.098843e-03	4.303255e-03	-4.549416e-03	2.028547e-03	-6.577964e-03
1223          	3.455935e-01	1.718883e-01	1.737052e-01	1.161222e-01	8.083567e-02	3.528655e-02	2.277456e-02	-9.084337e-04	4.026372e-03	-5.501361e-03	1.275692e-03	-6.777053e-03
1224          	3.456961e-01	1.720947e-01	1.736015e-01	1.165028e-01	8.079317e-02	3.570959e-02	2.254179e-02	-7.534075e-04	3.868998e-03	-6.136168e-03	8.009135e-04	-6.937082e-03
1225          	3.457995e-01	1.722362e-01	1.735633e-01	1.171880e-01	8.091431e-02	3.627366e-02	2.232032e-02	-6.635633e-04	3.855352e-03	-6.337533e-03	6.865851e-04	-7.024119e-03
1226          	3.459164e-01	1.723099e-01	1.736064e-01	1.181553e-01	8.129444e-02	3.686087e-02	2.221679e-02	-6.482646e-04	3.973915e-03	-6.119447e-03	9.141915e-04	-7.033638e-03
1227          	3.459645e-01	1.722992e-01	1.736654e-01	1.192457e-01	8.184386e-02	3.740181e-02	2.222102e-02	-6.831241e-04	4.224788e-03	-5.607768e-03	1.420904e-03	-7.028672e-03
1228          	3.460332e-01	1.722663e-01	1.737669e-01	1.202164e-01	8.249719e-02	3.771921e-02	2.238899e-02	-7.503411e-04	4.545523e-03	-4.872375e-03	2.109336e-03	-6.981711e-03
1229          	3.461257e-01	1.722126e-01	1.739130e-01	1.208714e-01	8.321304e-02	3.765836e-02	2.277734e-02	-8.502193e-04	4.884399e-03	-4.029791e-03	2.869504e-03	-6.899295e-03
1230          	3.462609e-01	1.721426e-01	1.741183e-01	1.210849e-01	8.393461e-02	3.715033e-02	2.339214e-02	-9.878560e-04	5.176981e-03	-3.184452e-03	3.584755e-03	-6.769207e-03
1231          	3.465110e-01	1.721029e-01	1.744081e-01	1.208927e-01	8.461625e-02	3.627649e-02	2.416988e-02	-1.152555e-03	5.358166e-03	-2.482160e-03	4.117086e-03	-6.599246e-03
1232          	3.468435e-01	1.721108e-01	1.747327e-01	1.204321e-01	8.523618e-02	3.519592e-02	2.502013e-02	-1.310959e-03	5.403972e-03	-2.108467e-03	4.349738e-03	-6.458205e-03
1233          	3.471997e-01	1.721924e-01	1.750073e-01	1.199096e-01	8.573495e-02	3.417468e-02	2.578013e-02	-1.407442e-03	5.310712e-03	-2.208485e-03	4.206470e-03	-6.414955e-03
1234          	3.475022e-01	1.723488e-01	1.751534e-01	1.196389e-01	8.603401e-02	3.360485e-02	2.621458e-02	-1.402315e-03	5.080670e-03	-2.781456e-03	3.689942e-03	-6.471398e-03
1235          	3.478001e-01	1.725868e-01	1.752133e-01	1.199073e-01	8.622823e-02	3.367904e-02	2.627460e-02	-1.313251e-03	4.823691e-03	-3.685413e-03	2.980984e-03	-6.666397e-03
1236          	3.480497e-01	1.728534e-01	1.751962e-01	1.207288e-01	8.634648e-02	3.438233e-02	2.598208e-02	-1.171385e-03	4.616529e-03	-4.768864e-03	2.232097e-03	-7.000961e-03
1237          	3.482148e-01	1.730843e-01	1.751305e-01	1.219798e-01	8.628997e-02	3.568979e-02	2.530009e-02	-1.023116e-03	4.460906e-03	-5.795840e-03	1.562986e-03	-7.358826e-03
1238          	3.483542e-01	1.732855e-01	1.750687e-01	1.234525e-01	8.614313e-02	3.730933e-02	2.441690e-02	-8.915931e-04	4.421645e-03	-6.634477e-03	1.104406e-03	-7.738883e-03
1239          	3.485240e-01	1.734446e-01	1.750794e-01	1.248796e-01	8.592480e-02	3.895482e-02	2.348499e-02	-8.173851e-04	4.508908e-03	-7.096932e-03	9.604419e-04	-8.057374e-03
1240          	3.486877e-01	1.735303e-01	1.751574e-01	1.261619e-01	8.567595e-02	4.048594e-02	2.259501e-02	-8.135463e-04	4.668468e-03	-7.112899e-03	1.112019e-03	-8.224918e-03
1241          	3.488638e-01	1.735561e-01	1.753076e-01	1.273181e-01	8.555761e-02	4.176047e-02	2.189857e-02	-8.757536e-04	4.900273e-03	-6.744813e-03	1.527866e-03	-8.272680e-03
1242          	3.490024e-01	1.735026e-01	1.754998e-01	1.283368e-01	8.565476e-02	4.268203e-02	2.148636e-02	-9.985961e-04	5.163055e-03	-6.035443e-03	2.145333e-03	-8.180777e-03
1243          	3.491785e-01	1.734115e-01	1.757670e-01	1.291092e-01	8.595906e-02	4.315016e-02	2.140445e-02	-1.177785e-03	5.429341e-03	-5.073519e-03	2.892581e-03	-7.966100e-03
1244          	3.494369e-01	1.733212e-01	1.761157e-01	1.294483e-01	8.637053e-02	4.307776e-02	2.164639e-02	-1.397216e-03	5.681117e-03	-3.995985e-03	3.683125e-03	-7.679110e-03
1245          	3.497473e-01	1.732443e-01	1.765030e-01	1.293643e-01	8.680515e-02	4.255910e-02	2.212303e-02	-1.629385e-03	5.895024e-03	-2.963618e-03	4.413215e-03	-7.376833e-03
1246          	3.500719e-01	1.731779e-01	1.768941e-01	1.288442e-01	8.717791e-02	4.166624e-02	2.275584e-02	-1.858115e-03	6.020500e-03	-2.110497e-03	4.965252e-03	-7.075748e-03
1247          	3.504961e-01	1.732058e-01	1.772903e-01	1.279919e-01	8.754952e-02	4.044236e-02	2.355358e-02	-2.042244e-03	6.017205e-03	-1.660520e-03	5.186945e-03	-6.847465e-03
1248          	3.509867e-01	1.733786e-01	1.776081e-01	1.271716e-01	8.795862e-02	3.921300e-02	2.437281e-02	-2.114764e-03	5.820197e-03	-1.804101e-03	4.918147e-03	-6.722248e-03
1249          	3.514053e-01	1.736189e-01	1.777864e-01	1.267339e-01	8.828392e-02	3.845002e-02	2.491695e-02	-2.083708e-03	5.516902e-03	-2.359345e-03	4.337229e-03	-6.696575e-03
1250          	3.517233e-01	1.738513e-01	1.778721e-01	1.267679e-01	8.849813e-02	3.826972e-02	2.511421e-02	-2.010419e-03	5.212385e-03	-3.051558e-03	3.686606e-03	-6.738164e-03
1251          	3.518821e-01	1.740113e-01	1.778707e-01	1.271926e-01	8.855553e-02	3.863704e-02	2.495924e-02	-1.929695e-03	4.934611e-03	-3.678191e-03	3.095516e-03	-6.773707e-03
1252          	3.518703e-01	1.740765e-01	1.777938e-01	1.279533e-01	8.855506e-02	3.939821e-02	2.457842e-02	-1.858623e-03	4.733566e-03	-4.129118e-03	2.669007e-03	-6.798125e-03
1253          	3.517199e-01	1.740205e-01	1.776994e-01	1.288314e-01	8.840234e-02	4.042903e-02	2.398665e-02	-1.839488e-03	4.664771e-03	-4.306128e-03	2.511707e-03	-6.817835e-03
1254          	3.514863e-01	1.738538e-01	1.776325e-01	1.296720e-01	8.813728e-02	4.153474e-02	2.330127e-02	-1.889333e-03	4.720914e-03	-4.131680e-03	2.655074e-03	-6.786754e-03
1255          	3.510728e-01	1.735404e-01	1.775324e-01	1.304231e-01	8.779430e-02	4.262881e-02	2.258275e-02	-1.995988e-03	4.891270e-03	-3.650480e-03	3.066030e-03	-6.716510e-03
1256          	3.505592e-01	1.731354e-01	1.774237e-01	1.310830e-01	8.754507e-02	4.353795e-02	2.200356e-02	-2.144169e-03	5.122295e-03	-2.931436e-03	3.656577e-03	-6.588013e-03
1257          	3.500300e-01	1.726855e-01	1.773444e-01	1.315758e-01	8.741331e-02	4.416254e-02	2.162539e-02	-2.329440e-03	5.372656e-03	-2.034442e-03	4.355435e-03	-6.389877e-03
1258          	3.496315e-01	1.722747e-01	1.773568e-01	1.317276e-01	8.742140e-02	4.430622e-02	2.155759e-02	-2.541055e-03	5.605168e-03	-1.058286e-03	5.076025e-03	-6.134311e-03
1259          	3.493226e-01	1.719144e-01	1.774082e-01	1.315200e-01	8.751150e-02	4.400850e-02	2.175150e-02	-2.746928e-03	5.815780e-03	-1.830362e-04	5.724262e-03	-5.907299e-03
1260          	3.491701e-01	1.716543e-01	1.775157e-01	1.309434e-01	8.770343e-02	4.324000e-02	2.223172e-02	-2.930683e-03	5.956593e-03	4.562295e-04	6.184708e-03	-5.728479e-03
1261          	3.491216e-01	1.715116e-01	1.776100e-01	1.300529e-01	8.789441e-02	4.215849e-02	2.286796e-02	-3.049203e-03	5.962388e-03	6.709562e-04	6.297866e-03	-5.626910e-03
1262          	3.491607e-01	1.715335e-01	1.776272e-01	1.291389e-01	8.803006e-02	4.110879e-02	2.346064e-02	-3.046871e-03	5.784144e-03	3.131197e-04	5.940704e-03	-5.627585e-03
1263          	3.492040e-01	1.716741e-01	1.775299e-01	1.284915e-01	8.802007e-02	4.047142e-02	2.377433e-02	-2.927936e-03	5.499931e-03	-5.179054e-04	5.240978e-03	-5.758884e-03
1264          	3.492343e-01	1.718772e-01	1.773571e-01	1.282597e-01	8.784812e-02	4.041155e-02	2.371829e-02	-2.739939e-03	5.186245e-03	-1.588072e-03	4.392209e-03	-5.980281e-03
1265          	3.491789e-01	1.720765e-01	1.771024e-01	1.284118e-01	8.746443e-02	4.094741e-02	2.325851e-02	-2.512945e-03	4.880759e-03	-2.732401e-03	3.514558e-03	-6.246959e-03
1266          	3.490605e-01	1.722459e-01	1.768146e-01	1.288083e-01	8.693562e-02	4.187269e-02	2.253147e-02	-2.284323e-03	4.634160e-03	-3.755478e-03	2.756421e-03	-6.511899e-03
1267          	3.488550e-01	1.723073e-01	1.765476e-01	1.290462e-01	8.608278e-02	4.296344e-02	2.155967e-02	-2.120161e-03	4.488003e-03	-4.446335e-03	2.264836e-03	-6.711171e-03
1268          	3.485142e-01	1.722105e-01	1.763037e-01	1.290422e-01	8.490616e-02	4.413605e-02	2.038505e-02	-2.046589e-03	4.469554e-03	-4.730275e-03	2.104416e-03	-6.834691e-03
1269          	3.480312e-01	1.719561e-01	1.760751e-01	1.289077e-01	8.368002e-02	4.522766e-02	1.922618e-02	-2.059473e-03	4.596872e-03	-4.611082e-03	2.291331e-03	-6.902414e-03
1270          	3.475625e-01	1.716497e-01	1.759127e-01	1.287637e-01	8.275862e-02	4.600509e-02	1.837676e-02	-2.131508e-03	4.803739e-03	-4.181883e-03	2.712798e-03	-6.894681e-03
1271          	3.471211e-01	1.713214e-01	1.757997e-01	1.284418e-01	8.211983e-02	4.632201e-02	1.789891e-02	-2.239178e-03	5.056788e-03	-3.560748e-03	3.276414e-03	-6.837162e-03
1272          	3.468137e-01	1.710302e-01	1.757835e-01	1.277103e-01	8.167723e-02	4.603306e-02	1.782209e-02	-2.376660e-03	5.284749e-03	-2.812421e-03	3.878539e-03	-6.690960e-03
1273          	3.467486e-01	1.708477e-01	1.759009e-01	1.265669e-01	8.143593e-02	4.513096e-02	1.815248e-02	-2.526631e-03	5.457553e-03	-2.042380e-03	4.436364e-03	-6.478743e-03
1274          	3.468989e-01	1.707751e-01	1.761238e-01	1.250155e-01	8.137114e-02	4.364434e-02	1.886340e-02	-2.674321e-03	5.546670e-03	-1.406155e-03	4.843593e-03	-6.249747e-03
1275          	3.471560e-01	1.707921e-01	1.763639e-01	1.230378e-01	8.143480e-02	4.160304e-02	1.991588e-02	-2.785915e-03	5.487845e-03	-1.129269e-03	4.923211e-03	-6.052479e-03
1276          	3.475277e-01	1.709657e-01	1.765620e-01	1.211410e-01	8.165328e-02	3.948772e-02	2.108278e-02	-2.798178e-03	5.229092e-03	-1.431905e-03	4.513140e-03	-5.945045e-03
1277          	3.479808e-01	1.712705e-01	1.767103e-01	1.198128e-01	8.198880e-02	3.782397e-02	2.208242e-02	-2.719873e-03	4.886312e-03	-2.128186e-03	3.822219e-03	-5.950405e-03
1278          	3.483482e-01	1.715924e-01	1.767557e-01	1.189954e-01	8.228869e-02	3.670667e-02	2.279101e-02	-2.581656e-03	4.567824e-03	-2.998188e-03	3.068730e-03	-6.066917e-03
1279          	3.485244e-01	1.718507e-01	1.766736e-01	1.185149e-01	8.239378e-02	3.612117e-02	2.313631e-02	-2.411458e-03	4.286568e-03	-3.878168e-03	2.347484e-03	-6.225652e-03
1280          	3.485539e-01	1.720548e-01	1.764991e-01	1.183904e-01	8.242938e-02	3.596100e-02	2.323419e-02	-2.222169e-03	4.059722e-03	-4.646154e-03	1.736644e-03	-6.382799e-03
1281          	3.484521e-01	1.721605e-01	1.762916e-01	1.184005e-01	8.237224e-02	3.602827e-02	2.317198e-02	-2.065574e-03	3.943636e-03	-5.120696e-03	1.383288e-03	-6.503984e-03
1282          	3.482115e-01	1.721197e-01	1.760918e-01	1.184147e-01	8.218183e-02	3.623287e-02	2.297448e-02	-1.986041e-03	3.960604e-03	-5.159925e-03	1.380642e-03	-6.540567e-03
1283          	3.478189e-01	1.719307e-01	1.758882e-01	1.185724e-01	8.197270e-02	3.659975e-02	2.268648e-02	-1.978731e-03	4.129448e-03	-4.784520e-03	1.737188e-03	-6.521708e-03
1284          	3.473027e-01	1.716187e-01	1.756840e-01	1.189669e-01	8.188671e-02	3.708016e-02	2.240328e-02	-2.032658e-03	4.400094e-03	-4.066483e-03	2.366852e-03	-6.433335e-03
1285          	3.467083e-01	1.712110e-01	1.754973e-01	1.195171e-01	8.198125e-02	3.753586e-02	2.222270e-02	-2.143157e-03	4.746144e-03	-3.116558e-03	3.187865e-03	-6.304424e-03
1286          	3.461546e-01	1.707602e-01	1.753944e-01	1.200223e-01	8.225638e-02	3.776596e-02	2.224521e-02	-2.317065e-03	5.126658e-03	-2.023882e-03	4.114717e-03	-6.138599e-03
1287          	3.457150e-01	1.703159e-01	1.753991e-01	1.202727e-01	8.262312e-02	3.764958e-02	2.248677e-02	-2.541599e-03	5.490637e-03	-9.136364e-04	5.033819e-03	-5.947455e-03
1288          	3.455067e-01	1.699598e-01	1.755469e-01	1.201196e-01	8.303055e-02	3.708902e-02	2.297077e-02	-2.793539e-03	5.798851e-03	7.226212e-05	5.834982e-03	-5.762720e-03
1289          	3.455237e-01	1.697151e-01	1.758086e-01	1.194633e-01	8.340665e-02	3.605665e-02	2.367500e-02	-3.046733e-03	6.006730e-03	7.800520e-04	6.396756e-03	-5.616704e-03
1290          	3.457151e-01	1.696128e-01	1.761022e-01	1.184795e-01	8.369324e-02	3.478626e-02	2.445349e-02	-3.244690e-03	6.029585e-03	1.047883e-03	6.553526e-03	-5.505643e-03
1291          	3.460837e-01	1.697011e-01	1.763826e-01	1.175968e-01	8.396318e-02	3.363358e-02	2.516480e-02	-3.340737e-03	5.882198e-03	8.265750e-04	6.295486e-03	-5.468911e-03
1292          	3.465396e-01	1.699357e-01	1.766039e-01	1.171124e-01	8.423112e-02	3.288125e-02	2.567493e-02	-3.334097e-03	5.675595e-03	2.392829e-04	5.795236e-03	-5.555954e-03
1293          	3.469845e-01	1.702397e-01	1.767448e-01	1.169821e-01	8.434614e-02	3.263597e-02	2.585509e-02	-3.252554e-03	5.444869e-03	-5.138366e-04	5.187951e-03	-5.701787e-03
1294          	3.473820e-01	1.705580e-01	1.768241e-01	1.170351e-01	8.432072e-02	3.271434e-02	2.580319e-02	-3.133053e-03	5.262288e-03	-1.196466e-03	4.664055e-03	-5.860521e-03
1295          	3.476126e-01	1.707799e-01	1.768327e-01	1.171133e-01	8.407053e-02	3.304272e-02	2.551390e-02	-3.026416e-03	5.169814e-03	-1.592192e-03	4.373718e-03	-5.965910e-03
1296          	3.476987e-01	1.708718e-01	1.768269e-01	1.171631e-01	8.361438e-02	3.354875e-02	2.503281e-02	-2.977582e-03	5.189546e-03	-1.583204e-03	4.397944e-03	-5.981148e-03
1297          	3.475959e-01	1.708358e-01	1.767601e-01	1.174654e-01	8.316184e-02	3.430351e-02	2.442916e-02	-2.962170e-03	5.334038e-03	-1.233424e-03	4.717326e-03	-5.950750e-03
1298          	3.473145e-01	1.707010e-01	1.766135e-01	1.180586e-01	8.279598e-02	3.526258e-02	2.376670e-02	-2.956203e-03	5.564876e-03	-6.771240e-04	5.226314e-03	-5.903438e-03
1299          	3.469695e-01	1.705438e-01	1.764257e-01	1.187926e-01	8.254176e-02	3.625087e-02	2.314545e-02	-2.940979e-03	5.818201e-03	-3.936188e-05	5.798520e-03	-5.837882e-03
1300          	3.466945e-01	1.704145e-01	1.762799e-01	1.193834e-01	8.243412e-02	3.694927e-02	2.274242e-02	-2.932714e-03	6.038432e-03	5.724649e-04	6.324664e-03	-5.752199e-03
1301          	3.465936e-01	1.703436e-01	1.762499e-01	1.195332e-01	8.243613e-02	3.709711e-02	2.266951e-02	-2.953152e-03	6.186088e-03	1.106392e-03	6.739284e-03	-5.632892e-03
1302          	3.467367e-01	1.703740e-01	1.763627e-01	1.192046e-01	8.255488e-02	3.664973e-02	2.295257e-02	-2.994336e-03	6.204962e-03	1.433722e-03	6.921823e-03	-5.488101e-03
1303          	3.470478e-01	1.704966e-01	1.765513e-01	1.183759e-01	8.274465e-02	3.563128e-02	2.355669e-02	-3.027343e-03	6.088726e-03	1.355548e-03	6.766501e-03	-5.410952e-03
1304          	3.475110e-01	1.707690e-01	1.767420e-01	1.171739e-01	8.302404e-02	3.414985e-02	2.443710e-02	-2.986485e-03	5.789837e-03	7.313529e-04	6.155514e-03	-5.424161e-03
1305          	3.480072e-01	1.711610e-01	1.768462e-01	1.160452e-01	8.331184e-02	3.273336e-02	2.528924e-02	-2.842614e-03	5.359068e-03	-3.721145e-04	5.173011e-03	-5.545125e-03
1306          	3.484444e-01	1.715827e-01	1.768617e-01	1.152380e-01	8.347319e-02	3.176480e-02	2.585420e-02	-2.639525e-03	4.936942e-03	-1.631486e-03	4.121199e-03	-5.752684e-03
1307          	3.488412e-01	1.719903e-01	1.768510e-01	1.148117e-01	8.352083e-02	3.129091e-02	2.611496e-02	-2.430354e-03	4.604106e-03	-2.767456e-03	3.220378e-03	-5.987834e-03
1308          	3.491215e-01	1.723339e-01	1.767876e-01	1.147372e-01	8.347691e-02	3.126026e-02	2.610833e-02	-2.226863e-03	4.371478e-03	-3.643325e-03	2.549815e-03	-6.193141e-03
1309          	3.492566e-01	1.725934e-01	1.766633e-01	1.150671e-01	8.338723e-02	3.167990e-02	2.585367e-02	-2.034953e-03	4.241874e-03	-4.196974e-03	2.143387e-03	-6.340362e-03
1310          	3.493318e-01	1.727868e-01	1.765451e-01	1.158264e-01	8.332696e-02	3.249948e-02	2.541374e-02	-1.879157e-03	4.211340e-03	-4.362209e-03	2.030235e-03	-6.392444e-03
1311          	3.492120e-01	1.728417e-01	1.763703e-01	1.170634e-01	8.335816e-02	3.370526e-02	2.482645e-02	-1.764291e-03	4.299088e-03	-4.195489e-03	2.201343e-03	-6.396832e-03
1312          	3.489096e-01	1.727666e-01	1.761430e-01	1.187273e-01	8.355418e-02	3.517308e-02	2.419055e-02	-1.688164e-03	4.472614e-03	-3.768843e-03	2.588193e-03	-6.357036e-03
1313          	3.485171e-01	1.726044e-01	1.759127e-01	1.206197e-01	8.395167e-02	3.666801e-02	2.364183e-02	-1.654117e-03	4.733378e-03	-3.202467e-03	3.132145e-03	-6.334612e-03
1314          	3.481462e-01	1.723951e-01	1.757511e-01	1.222803e-01	8.440483e-02	3.787551e-02	2.326466e-02	-1.677966e-03	5.046852e-03	-2.584244e-03	3.754730e-03	-6.338974e-03
1315          	3.478560e-01	1.721719e-01	1.756841e-01	1.234060e-01	8.482235e-02	3.858364e-02	2.311935e-02	-1.756098e-03	5.346826e-03	-1.956579e-03	4.368536e-03	-6.325115e-03
1316          	3.477951e-01	1.720252e-01	1.757699e-01	1.241828e-01	8.531548e-02	3.886732e-02	2.322408e-02	-1.872323e-03	5.573954e-03	-1.405398e-03	4.871255e-03	-6.276653e-03
1317          	3.478644e-01	1.719320e-01	1.759324e-01	1.247616e-01	8.587034e-02	3.889129e-02	2.348952e-02	-2.000186e-03	5.679973e-03	-1.046200e-03	5.156873e-03	-6.203073e-03
1318          	3.479009e-01	1.718715e-01	1.760294e-01	1.252029e-01	8.634072e-02	3.886218e-02	2.373927e-02	-2.078981e-03	5.582364e-03	-1.057632e-03	5.053548e-03	-6.111180e-03
1319          	3.478921e-01	1.718758e-01	1.760163e-01	1.257670e-01	8.666537e-02	3.910168e-02	2.378185e-02	-2.070257e-03	5.316031e-03	-1.479459e-03	4.576302e-03	-6.055761e-03
1320          	3.478801e-01	1.719557e-01	1.759244e-01	1.265682e-01	8.684958e-02	3.971859e-02	2.356550e-02	-1.984383e-03	5.003998e-03	-2.158846e-03	3.924575e-03	-6.083421e-03
1321          	3.477228e-01	1.720257e-01	1.756972e-01	1.274295e-01	8.669624e-02	4.073331e-02	2.298146e-02	-1.835754e-03	4.699950e-03	-2.997282e-03	3.201309e-03	-6.198591e-03
1322          	3.474680e-01	1.720810e-01	1.753870e-01	1.282045e-01	8.621223e-02	4.199225e-02	2.210999e-02	-1.652970e-03	4.427743e-03	-3.808899e-03	2.523294e-03	-6.332192e-03
1323          	3.471495e-01	1.720755e-01	1.750740e-01	1.287579e-01	8.547711e-02	4.328076e-02	2.109817e-02	-1.499262e-03	4.269209e-03	-4.368562e-03	2.084928e-03	-6.453490e-03
1324          	3.468212e-01	1.719728e-01	1.748483e-01	1.289909e-01	8.452857e-02	4.446236e-02	2.003311e-02	-1.437733e-03	4.224597e-03	-4.524551e-03	1.962322e-03	-6.486873e-03
1325          	3.464583e-01	1.717834e-01	1.746749e-01	1.290120e-01	8.356444e-02	4.544751e-02	1.905846e-02	-1.445733e-03	4.323679e-03	-4.370718e-03	2.138320e-03	-6.509038e-03
1326          	3.461430e-01	1.715697e-01	1.745733e-01	1.287756e-01	8.278322e-02	4.599235e-02	1.839543e-02	-1.501820e-03	4.523136e-03	-3.979704e-03	2.533284e-03	-6.512988e-03
1327          	3.458511e-01	1.713246e-01	1.745265e-01	1.282563e-01	8.223588e-02	4.602043e-02	1.810772e-02	-1.600928e-03	4.794686e-03	-3.403578e-03	3.092897e-03	-6.496475e-03
1328          	3.456850e-01	1.710934e-01	1.745916e-01	1.273766e-01	8.191512e-02	4.546152e-02	1.822680e-02	-1.749121e-03	5.084409e-03	-2.661254e-03	3.753782e-03	-6.415036e-03
1329          	3.456686e-01	1.708958e-01	1.747729e-01	1.260601e-01	8.176349e-02	4.429661e-02	1.873344e-02	-1.938528e-03	5.343676e-03	-1.841516e-03	4.422918e-03	-6.264433e-03
1330          	3.458353e-01	1.707629e-01	1.750725e-01	1.242846e-01	8.171966e-02	4.256492e-02	1.957737e-02	-2.154809e-03	5.526645e-03	-1.096356e-03	4.978467e-03	-6.074823e-03
1331          	3.461387e-01	1.707059e-01	1.754328e-01	1.219663e-01	8.174906e-02	4.021725e-02	2.076591e-02	-2.363457e-03	5.593207e-03	-6.445696e-04	5.270922e-03	-5.915492e-03
1332          	3.465390e-01	1.707907e-01	1.757483e-01	1.194879e-01	8.197203e-02	3.751588e-02	2.222807e-02	-2.478804e-03	5.443107e-03	-7.848230e-04	5.050695e-03	-5.835518e-03
1333          	3.468869e-01	1.709791e-01	1.759078e-01	1.179526e-01	8.237567e-02	3.557697e-02	2.339935e-02	-2.464351e-03	5.099828e-03	-1.454401e-03	4.372628e-03	-5.827029e-03
1334          	3.471167e-01	1.712008e-01	1.759159e-01	1.173938e-01	8.281612e-02	3.457771e-02	2.411920e-02	-2.357524e-03	4.686140e-03	-2.448794e-03	3.461743e-03	-5.910537e-03
1335          	3.471827e-01	1.714014e-01	1.757813e-01	1.175146e-01	8.311324e-02	3.440135e-02	2.435595e-02	-2.189931e-03	4.276499e-03	-3.608038e-03	2.472480e-03	-6.080518e-03
1336          	3.471681e-01	1.715982e-01	1.755699e-01	1.181808e-01	8.331188e-02	3.486890e-02	2.422149e-02	-1.985837e-03	3.883437e-03	-4.743820e-03	1.511528e-03	-6.255347e-03
1337          	3.470996e-01	1.717825e-01	1.753171e-01	1.190888e-01	8.344157e-02	3.564721e-02	2.389718e-02	-1.767303e-03	3.567772e-03	-5.760405e-03	6.875700e-04	-6.447975e-03
1338          	3.470083e-01	1.719036e-01	1.751047e-01	1.201421e-01	8.347405e-02	3.666806e-02	2.340299e-02	-1.600571e-03	3.389518e-03	-6.419508e-03	1.797638e-04	-6.599272e-03
1339          	3.468542e-01	1.719152e-01	1.749390e-01	1.215147e-01	8.355934e-02	3.795538e-02	2.280198e-02	-1.511898e-03	3.409636e-03	-6.584083e-03	1.175941e-04	-6.701677e-03
1340          	3.466449e-01	1.718108e-01	1.748341e-01	1.230525e-01	8.384529e-02	3.920718e-02	2.231906e-02	-1.511635e-03	3.571098e-03	-6.259804e-03	4.411956e-04	-6.701000e-03
1341          	3.464405e-01	1.716280e-01	1.748125e-01	1.242366e-01	8.430614e-02	3.993044e-02	2.218785e-02	-1.592271e-03	3.822516e-03	-5.586792e-03	1.029120e-03	-6.615912e-03
1342          	3.463718e-01	1.714344e-01	1.749374e-01	1.247967e-01	8.495419e-02	3.984248e-02	2.255586e-02	-1.751484e-03	4.163973e-03	-4.669285e-03	1.829331e-03	-6.498616e-03
1343          	3.463849e-01	1.712286e-01	1.751563e-01	1.246703e-01	8.567335e-02	3.899694e-02	2.333821e-02	-1.963836e-03	4.575188e-03	-3.641410e-03	2.754483e-03	-6.395892e-03
1344          	3.465487e-01	1.710513e-01	1.754974e-01	1.238798e-01	8.645623e-02	3.742361e-02	2.451631e-02	-2.223052e-03	4.998128e-03	-2.555581e-03	3.720337e-03	-6.275918e-03
1345          	3.468284e-01	1.709176e-01	1.759108e-01	1.222606e-01	8.716405e-02	3.509655e-02	2.603375e-02	-2.496608e-03	5.374520e-03	-1.614104e-03	4.567468e-03	-6.181572e-03
1346          	3.472949e-01	1.709442e-01	1.763507e-01	1.199038e-01	8.771307e-02	3.219070e-02	2.776118e-02	-2.703242e-03	5.581190e-03	-1.070121e-03	5.046130e-03	-6.116251e-03
1347          	3.478481e-01	1.711374e-01	1.767108e-01	1.174907e-01	8.806102e-02	2.942963e-02	2.931570e-02	-2.786687e-03	5.626370e-03	-1.026385e-03	5.113178e-03	-6.139562e-03
1348          	3.483930e-01	1.714310e-01	1.769620e-01	1.156794e-01	8.827647e-02	2.740294e-02	3.043677e-02	-2.765513e-03	5.619973e-03	-1.323328e-03	4.958309e-03	-6.281637e-03
1349          	3.487812e-01	1.717157e-01	1.770655e-01	1.144760e-01	8.824215e-02	2.623384e-02	3.100416e-02	-2.674884e-03	5.569383e-03	-1.779107e-03	4.679829e-03	-6.458936e-03
1350          	3.490078e-01	1.719499e-01	1.770579e-01	1.137366e-01	8.795234e-02	2.578428e-02	3.108403e-02	-2.554028e-03	5.492744e-03	-2.195496e-03	4.394996e-03	-6.590492e-03
1351          	3.490500e-01	1.720636e-01	1.769863e-01	1.131091e-01	8.742201e-02	2.568709e-02	3.086746e-02	-2.461354e-03	5.498705e-03	-2.424879e-03	4.286266e-03	-6.711144e-03
1352          	3.488930e-01	1.719876e-01	1.769054e-01	1.124317e-01	8.655654e-02	2.587519e-02	3.034067e-02	-2.458893e-03	5.594001e-03	-2.347195e-03	4.420403e-03	-6.767599e-03
1353          	3.485174e-01	1.717276e-01	1.767897e-01	1.118568e-01	8.552123e-02	2.633554e-02	2.959284e-02	-2.531052e-03	5.800499e-03	-1.965337e-03	4.817831e-03	-6.783168e-03
1354          	3.480426e-01	1.713686e-01	1.766741e-01	1.116278e-01	8.464599e-02	2.698183e-02	2.883208e-02	-2.652740e-03	6.082426e-03	-1.318673e-03	5.423090e-03	-6.741763e-03
1355          	3.475887e-01	1.709941e-01	1.765946e-01	1.118479e-01	8.423459e-02	2.761327e-02	2.831066e-02	-2.800244e-03	6.389454e-03	-4.506957e-04	6.164106e-03	-6.614802e-03
1356          	3.473070e-01	1.706942e-01	1.766128e-01	1.122094e-01	8.425786e-02	2.795152e-02	2.815317e-02	-2.959336e-03	6.609190e-03	5.328314e-04	6.875606e-03	-6.342774e-03
1357          	3.472167e-01	1.704836e-01	1.767331e-01	1.123307e-01	8.458222e-02	2.774849e-02	2.841686e-02	-3.124753e-03	6.724794e-03	1.467921e-03	7.458755e-03	-5.990834e-03
1358          	3.473730e-01	1.704094e-01	1.769636e-01	1.119174e-01	8.509126e-02	2.682611e-02	2.913257e-02	-3.277070e-03	6.706511e-03	2.149446e-03	7.781234e-03	-5.631788e-03
1359          	3.476835e-01	1.704484e-01	1.772351e-01	1.107718e-01	8.562167e-02	2.515013e-02	3.023577e-02	-3.393371e-03	6.538873e-03	2.391648e-03	7.734697e-03	-5.343049e-03
1360          	3.481731e-01	1.706783e-01	1.774949e-01	1.091419e-01	8.613958e-02	2.300236e-02	3.156861e-02	-3.408293e-03	6.172269e-03	1.963501e-03	7.154020e-03	-5.190519e-03
1361          	3.487255e-01	1.710757e-01	1.776498e-01	1.077012e-01	8.653017e-02	2.117104e-02	3.267957e-02	-3.287076e-03	5.632930e-03	9.213972e-04	6.093629e-03	-5.172232e-03
1362          	3.492491e-01	1.715245e-01	1.777246e-01	1.068600e-01	8.681418e-02	2.004579e-02	3.338420e-02	-3.100074e-03	5.066319e-03	-3.410656e-04	4.895786e-03	-5.236852e-03
1363          	3.496622e-01	1.719085e-01	1.777536e-01	1.065267e-01	8.694602e-02	1.958069e-02	3.368266e-02	-2.922533e-03	4.586704e-03	-1.535119e-03	3.819145e-03	-5.354264e-03
1364          	3.499185e-01	1.721715e-01	1.777471e-01	1.066455e-01	8.701542e-02	1.963007e-02	3.369268e-02	-2.787820e-03	4.231617e-03	-2.427870e-03	3.017682e-03	-5.445552e-03
1365          	3.500002e-01	1.722794e-01	1.777208e-01	1.071378e-01	8.708245e-02	2.005532e-02	3.351356e-02	-2.720718e-03	4.072650e-03	-2.899552e-03	2.622874e-03	-5.522426e-03
1366          	3.499693e-01	1.722341e-01	1.777353e-01	1.079357e-01	8.723023e-02	2.070551e-02	3.326236e-02	-2.750599e-03	4.120803e-03	-2.864732e-03	2.688437e-03	-5.553169e-03
1367          	3.497788e-01	1.720305e-01	1.777483e-01	1.091051e-01	8.753929e-02	2.156578e-02	3.298675e-02	-2.858930e-03	4.372541e-03	-2.346664e-03	3.199210e-03	-5.545873e-03
1368          	3.493978e-01	1.716645e-01	1.777333e-01	1.106954e-01	8.805945e-02	2.263597e-02	3.271174e-02	-3.034431e-03	4.774514e-03	-1.436772e-03	4.056128e-03	-5.492900e-03
1369          	3.489107e-01	1.711958e-01	1.777149e-01	1.125379e-01	8.880128e-02	2.373658e-02	3.253235e-02	-3.259586e-03	5.265483e-03	-2.703604e-04	5.130302e-03	-5.400663e-03
1370          	3.485519e-01	1.707405e-01	1.778114e-01	1.142223e-01	8.969614e-02	2.452618e-02	3.258498e-02	-3.535486e-03	5.747235e-03	1.051603e-03	6.273037e-03	-5.221434e-03
1371          	3.483408e-01	1.703331e-01	1.780077e-01	1.152870e-01	9.054566e-02	2.474136e-02	3.290215e-02	-3.837327e-03	6.181858e-03	2.339740e-03	7.351728e-03	-5.011988e-03
1372          	3.482721e-01	1.699774e-01	1.782947e-01	1.156853e-01	9.129155e-02	2.439372e-02	3.344892e-02	-4.158619e-03	6.495609e-03	3.460827e-03	8.226022e-03	-4.765195e-03
1373          	3.483543e-01	1.697240e-01	1.786304e-01	1.156446e-01	9.195497e-02	2.368961e-02	3.413268e-02	-4.453206e-03	6.689556e-03	4.245430e-03	8.812271e-03	-4.566841e-03
1374          	3.485767e-01	1.696256e-01	1.789511e-01	1.155439e-01	9.251966e-02	2.302425e-02	3.474771e-02	-4.662755e-03	6.751011e-03	4.575194e-03	9.038608e-03	-4.463414e-03
1375          	3.488183e-01	1.696541e-01	1.791642e-01	1.155554e-01	9.278758e-02	2.276781e-02	3.500989e-02	-4.755086e-03	6.720772e-03	4.449126e-03	8.945335e-03	-4.496209e-03
1376          	3.490973e-01	1.697997e-01	1.792975e-01	1.157446e-01	9.270925e-02	2.303536e-02	3.483695e-02	-4.748898e-03	6.677232e-03	4.039501e-03	8.696982e-03	-4.657481e-03
1377          	3.493398e-01	1.699889e-01	1.793510e-01	1.161287e-01	9.229663e-02	2.383211e-02	3.423226e-02	-4.681060e-03	6.663124e-03	3.571161e-03	8.448705e-03	-4.877544e-03
1378          	3.494985e-01	1.701363e-01	1.793622e-01	1.166802e-01	9.160135e-02	2.507883e-02	3.326126e-02	-4.612967e-03	6.678472e-03	3.290741e-03	8.323842e-03	-5.033101e-03
1379          	3.495236e-01	1.701680e-01	1.793556e-01	1.172635e-01	9.072723e-02	2.653630e-02	3.209547e-02	-4.593813e-03	6.797727e-03	3.316497e-03	8.455976e-03	-5.139479e-03
1380          	3.494166e-01	1.700487e-01	1.793679e-01	1.177485e-01	8.969940e-02	2.804907e-02	3.082516e-02	-4.659622e-03	6.999895e-03	3.660637e-03	8.830214e-03	-5.169577e-03
1381          	3.491501e-01	1.697985e-01	1.793516e-01	1.182738e-01	8.871781e-02	2.955595e-02	2.958093e-02	-4.776584e-03	7.255253e-03	4.230212e-03	9.370358e-03	-5.140147e-03
1382          	3.487788e-01	1.694936e-01	1.792851e-01	1.189888e-01	8.801101e-02	3.097779e-02	2.851661e-02	-4.895740e-03	7.536988e-03	4.860032e-03	9.967003e-03	-5.106972e-03
1383          	3.482711e-01	1.691309e-01	1.791403e-01	1.199911e-01	8.761956e-02	3.237151e-02	2.762403e-02	-5.004699e-03	7.799076e-03	5.520221e-03	1.055919e-02	-5.038965e-03
1384          	3.476965e-01	1.687456e-01	1.789509e-01	1.210611e-01	8.739626e-02	3.366488e-02	2.686569e-02	-5.102629e-03	7.969423e-03	6.143469e-03	1.104116e-02	-4.897689e-03
1385          	3.472304e-01	1.684360e-01	1.787944e-01	1.219266e-01	8.726083e-02	3.466577e-02	2.629753e-02	-5.179172e-03	8.039275e-03	6.631869e-03	1.135521e-02	-4.723341e-03
1386          	3.469392e-01	1.682466e-01	1.786926e-01	1.225411e-01	8.719694e-02	3.534412e-02	2.592641e-02	-5.222998e-03	7.961581e-03	6.903800e-03	1.141348e-02	-4.509682e-03
1387          	3.467677e-01	1.681690e-01	1.785987e-01	1.229582e-01	8.717119e-02	3.578704e-02	2.569208e-02	-5.214835e-03	7.726480e-03	6.853081e-03	1.115302e-02	-4.299940e-03
1388          	3.467697e-01	1.682733e-01	1.784964e-01	1.233526e-01	8.724541e-02	3.610719e-02	2.556911e-02	-5.111542e-03	7.307837e-03	6.331937e-03	1.047381e-02	-4.141869e-03
1389          	3.469046e-01	1.685532e-01	1.783514e-01	1.239404e-01	8.733756e-02	3.660288e-02	2.536734e-02	-4.899095e-03	6.737879e-03	5.352024e-03	9.413891e-03	-4.061867e-03
1390          	3.471551e-01	1.689477e-01	1.782074e-01	1.247997e-01	8.741770e-02	3.738200e-02	2.501785e-02	-4.629826e-03	6.178753e-03	4.170732e-03	8.264119e-03	-4.093387e-03
1391          	3.474060e-01	1.693611e-01	1.780448e-01	1.257680e-01	8.738083e-02	3.838717e-02	2.449683e-02	-4.341853e-03	5.753479e-03	2.979068e-03	7.243013e-03	-4.263945e-03
1392          	3.475896e-01	1.697349e-01	1.778547e-01	1.267713e-01	8.721617e-02	3.955518e-02	2.383050e-02	-4.059880e-03	5.450058e-03	1.989549e-03	6.444833e-03	-4.455284e-03
1393          	3.476782e-01	1.700311e-01	1.776472e-01	1.278354e-01	8.701203e-02	4.082337e-02	2.309433e-02	-3.808049e-03	5.318818e-03	1.337598e-03	5.987617e-03	-4.650018e-03
1394          	3.476823e-01	1.701995e-01	1.774828e-01	1.289016e-01	8.679822e-02	4.210339e-02	2.234741e-02	-3.641611e-03	5.343032e-03	1.178484e-03	5.932274e-03	-4.753790e-03
1395          	3.475352e-01	1.702035e-01	1.773317e-01	1.300112e-01	8.673044e-02	4.328077e-02	2.172484e-02	-3.564069e-03	5.519806e-03	1.491200e-03	6.265406e-03	-4.774206e-03
1396          	3.472555e-01	1.700712e-01	1.771843e-01	1.310096e-01	8.687624e-02	4.413335e-02	2.137145e-02	-3.556539e-03	5.780165e-03	2.148299e-03	6.854315e-03	-4.706016e-03
1397          	3.469151e-01	1.698637e-01	1.770515e-01	1.316041e-01	8.716223e-02	4.444184e-02	2.136019e-02	-3.593908e-03	6.083536e-03	2.963752e-03	7.565412e-03	-4.601661e-03
1398          	3.466245e-01	1.696337e-01	1.769908e-01	1.316139e-01	8.749625e-02	4.411769e-02	2.168928e-02	-3.678598e-03	6.386284e-03	3.864701e-03	8.318635e-03	-4.453934e-03
1399          	3.463648e-01	1.693828e-01	1.769820e-01	1.309751e-01	8.780599e-02	4.316908e-02	2.231846e-02	-3.799593e-03	6.657507e-03	4.748831e-03	9.031922e-03	-4.283092e-03
1400          	3.462075e-01	1.691664e-01	1.770411e-01	1.297013e-01	8.802780e-02	4.167346e-02	2.317717e-02	-3.937333e-03	6.837922e-03	5.463889e-03	9.569867e-03	-4.105977e-03
1401          	3.462041e-01	1.690493e-01	1.771548e-01	1.277438e-01	8.813310e-02	3.961069e-02	2.426120e-02	-4.052768e-03	6.901727e-03	5.824317e-03	9.813885e-03	-3.989568e-03
1402          	3.463358e-01	1.690827e-01	1.772530e-01	1.250911e-01	8.796522e-02	3.712590e-02	2.541966e-02	-4.085148e-03	6.786854e-03	5.637741e-03	9.605724e-03	-3.967983e-03
1403          	3.465116e-01	1.692520e-01	1.772597e-01	1.223903e-01	8.750172e-02	3.488858e-02	2.630657e-02	-4.003870e-03	6.559637e-03	4.879074e-03	8.999174e-03	-4.120100e-03
1404          	3.466854e-01	1.694912e-01	1.771942e-01	1.201448e-01	8.690658e-02	3.323821e-02	2.683419e-02	-3.851475e-03	6.321357e-03	3.831617e-03	8.237165e-03	-4.405548e-03
1405          	3.467067e-01	1.696958e-01	1.770109e-01	1.183454e-01	8.618354e-02	3.216188e-02	2.701083e-02	-3.657551e-03	6.110946e-03	2.679398e-03	7.450645e-03	-4.771247e-03
1406          	3.465876e-01	1.698090e-01	1.767786e-01	1.167347e-01	8.526770e-02	3.146701e-02	2.690034e-02	-3.484806e-03	5.958149e-03	1.660412e-03	6.788355e-03	-5.127943e-03
1407          	3.463086e-01	1.697791e-01	1.765295e-01	1.151378e-01	8.425958e-02	3.087823e-02	2.669068e-02	-3.375184e-03	5.977362e-03	9.887681e-04	6.471746e-03	-5.482978e-03
1408          	3.458869e-01	1.695593e-01	1.763276e-01	1.132928e-01	8.303154e-02	3.026124e-02	2.638515e-02	-3.384117e-03	6.162900e-03	8.339647e-04	6.579883e-03	-5.745918e-03
1409          	3.453499e-01	1.691972e-01	1.761527e-01	1.116040e-01	8.180155e-02	2.980242e-02	2.599957e-02	-3.477711e-03	6.529624e-03	1.119857e-03	7.089552e-03	-5.969695e-03
1410          	3.448016e-01	1.687856e-01	1.760161e-01	1.103391e-01	8.075462e-02	2.958451e-02	2.558506e-02	-3.615265e-03	7.000957e-03	1.737225e-03	7.869570e-03	-6.132345e-03
1411          	3.442844e-01	1.683745e-01	1.759099e-01	1.095029e-01	7.997893e-02	2.952400e-02	2.522747e-02	-3.767672e-03	7.487995e-03	2.583696e-03	8.779843e-03	-6.196147e-03
1412          	3.439305e-01	1.680264e-01	1.759041e-01	1.089727e-01	7.947570e-02	2.949696e-02	2.498937e-02	-3.938860e-03	7.891078e-03	3.566917e-03	9.674536e-03	-6.107619e-03
1413          	3.437818e-01	1.677812e-01	1.760005e-01	1.084585e-01	7.917463e-02	2.928389e-02	2.494537e-02	-4.109654e-03	8.168606e-03	4.545593e-03	1.044140e-02	-5.895810e-03
1414          	3.438147e-01	1.676577e-01	1.761570e-01	1.078461e-01	7.896776e-02	2.887833e-02	2.504471e-02	-4.249650e-03	8.253285e-03	5.388999e-03	1.094778e-02	-5.558785e-03
1415          	3.439829e-01	1.676581e-01	1.763248e-01	1.071617e-01	7.881135e-02	2.835034e-02	2.523051e-02	-4.333326e-03	8.148330e-03	5.900175e-03	1.109842e-02	-5.198243e-03
1416          	3.442545e-01	1.677957e-01	1.764589e-01	1.066467e-01	7.878642e-02	2.786027e-02	2.546307e-02	-4.331600e-03	7.860292e-03	5.904273e-03	1.081243e-02	-4.908156e-03
1417          	3.445386e-01	1.680412e-01	1.764973e-01	1.065554e-01	7.883492e-02	2.772044e-02	2.555724e-02	-4.228071e-03	7.440958e-03	5.392981e-03	1.013745e-02	-4.744467e-03
1418          	3.448138e-01	1.683552e-01	1.764586e-01	1.069738e-01	7.893319e-02	2.804065e-02	2.544627e-02	-4.051672e-03	7.012241e-03	4.529734e-03	9.277108e-03	-4.747374e-03
1419          	3.450545e-01	1.686867e-01	1.763677e-01	1.076503e-01	7.896012e-02	2.869014e-02	2.513499e-02	-3.840491e-03	6.675816e-03	3.552003e-03	8.451817e-03	-4.899815e-03
1420          	3.452843e-01	1.690029e-01	1.762814e-01	1.084050e-01	7.886662e-02	2.953837e-02	2.466413e-02	-3.639287e-03	6.426777e-03	2.713615e-03	7.783584e-03	-5.069969e-03
1421          	3.454846e-01	1.692775e-01	1.762070e-01	1.093427e-01	7.881833e-02	3.052437e-02	2.414698e-02	-3.464734e-03	6.335055e-03	2.181434e-03	7.425772e-03	-5.244338e-03
1422          	3.456361e-01	1.694430e-01	1.761931e-01	1.103448e-01	7.882150e-02	3.152327e-02	2.364912e-02	-3.375046e-03	6.396888e-03	2.135571e-03	7.464674e-03	-5.329103e-03
1423          	3.457468e-01	1.694974e-01	1.762494e-01	1.114411e-01	7.896429e-02	3.247685e-02	2.324372e-02	-3.376008e-03	6.578866e-03	2.534357e-03	7.846045e-03	-5.311688e-03
1424          	3.457594e-01	1.694421e-01	1.763173e-01	1.125918e-01	7.927860e-02	3.331324e-02	2.298268e-02	-3.437606e-03	6.845030e-03	3.175742e-03	8.432901e-03	-5.257159e-03
1425          	3.456726e-01	1.693149e-01	1.763578e-01	1.136022e-01	7.971786e-02	3.388436e-02	2.291675e-02	-3.521439e-03	7.160848e-03	3.903926e-03	9.112811e-03	-5.208885e-03
1426          	3.455448e-01	1.691416e-01	1.764032e-01	1.141749e-01	8.012752e-02	3.404741e-02	2.304006e-02	-3.630778e-03	7.453872e-03	4.654585e-03	9.781164e-03	-5.126579e-03
1427          	3.454591e-01	1.689633e-01	1.764959e-01	1.141973e-01	8.047801e-02	3.371926e-02	2.337938e-02	-3.766289e-03	7.699771e-03	5.355366e-03	1.037745e-02	-5.022088e-03
1428          	3.455045e-01	1.688285e-01	1.766760e-01	1.138549e-01	8.086681e-02	3.298807e-02	2.393937e-02	-3.923740e-03	7.812483e-03	5.924792e-03	1.077488e-02	-4.850087e-03
1429          	3.457114e-01	1.687818e-01	1.769297e-01	1.133128e-01	8.134755e-02	3.196521e-02	2.469117e-02	-4.073938e-03	7.773775e-03	6.194642e-03	1.087110e-02	-4.676454e-03
1430          	3.460670e-01	1.688450e-01	1.772219e-01	1.126700e-01	8.186261e-02	3.080739e-02	2.552761e-02	-4.188454e-03	7.547050e-03	6.068487e-03	1.058129e-02	-4.512806e-03
1431          	3.464871e-01	1.690224e-01	1.774648e-01	1.122202e-01	8.234898e-02	2.987123e-02	2.623888e-02	-4.221201e-03	7.154471e-03	5.487263e-03	9.898102e-03	-4.410839e-03
1432          	3.468438e-01	1.692375e-01	1.776064e-01	1.121367e-01	8.276168e-02	2.937497e-02	2.669336e-02	-4.184456e-03	6.741038e-03	4.619834e-03	9.050956e-03	-4.431121e-03
1433          	3.471662e-01	1.694883e-01	1.776779e-01	1.124405e-01	8.316375e-02	2.927671e-02	2.694352e-02	-4.094780e-03	6.437750e-03	3.625180e-03	8.250340e-03	-4.625160e-03
1434          	3.474008e-01	1.697128e-01	1.776879e-01	1.128956e-01	8.337257e-02	2.952301e-02	2.692478e-02	-3.987541e-03	6.236494e-03	2.646611e-03	7.559800e-03	-4.913189e-03
1435          	3.475581e-01	1.698854e-01	1.776727e-01	1.132623e-01	8.340518e-02	2.985707e-02	2.677406e-02	-3.893676e-03	6.216922e-03	1.900416e-03	7.167130e-03	-5.266713e-03
1436          	3.476978e-01	1.699882e-01	1.777097e-01	1.133457e-01	8.325737e-02	3.008828e-02	2.658454e-02	-3.860744e-03	6.378669e-03	1.555856e-03	7.156597e-03	-5.600741e-03
1437          	3.477309e-01	1.699739e-01	1.777570e-01	1.131556e-01	8.286686e-02	3.028873e-02	2.628906e-02	-3.891550e-03	6.647587e-03	1.628547e-03	7.461860e-03	-5.833313e-03
1438          	3.476785e-01	1.698807e-01	1.777978e-01	1.130015e-01	8.245891e-02	3.054263e-02	2.595814e-02	-3.958592e-03	6.957667e-03	1.971813e-03	7.943574e-03	-5.971761e-03
1439          	3.475268e-01	1.697198e-01	1.778070e-01	1.131358e-01	8.218872e-02	3.094707e-02	2.562083e-02	-4.043601e-03	7.239565e-03	2.505701e-03	8.492415e-03	-5.986714e-03
1440          	3.473440e-01	1.695272e-01	1.778168e-01	1.134933e-01	8.215663e-02	3.133671e-02	2.540996e-02	-4.144807e-03	7.427100e-03	3.172046e-03	9.013123e-03	-5.841077e-03
1441          	3.472381e-01	1.693661e-01	1.778720e-01	1.138306e-01	8.236952e-02	3.146105e-02	2.545423e-02	-4.252977e-03	7.557438e-03	3.837345e-03	9.476110e-03	-5.638766e-03
1442          	3.472364e-01	1.692545e-01	1.779819e-01	1.139121e-01	8.269870e-02	3.121336e-02	2.574267e-02	-4.363706e-03	7.626551e-03	4.391384e-03	9.822243e-03	-5.430859e-03
1443          	3.473597e-01	1.692192e-01	1.781405e-01	1.136599e-01	8.306976e-02	3.059014e-02	2.623981e-02	-4.460654e-03	7.612974e-03	4.721303e-03	9.973625e-03	-5.252322e-03
1444          	3.476282e-01	1.692957e-01	1.783325e-01	1.131692e-01	8.352402e-02	2.964522e-02	2.693940e-02	-4.518416e-03	7.478275e-03	4.657082e-03	9.806816e-03	-5.149734e-03
1445          	3.480173e-01	1.695124e-01	1.785049e-01	1.129023e-01	8.414465e-02	2.875761e-02	2.769352e-02	-4.496275e-03	7.178174e-03	4.112648e-03	9.234498e-03	-5.121850e-03
1446          	3.484720e-01	1.698258e-01	1.786462e-01	1.132243e-01	8.486938e-02	2.835494e-02	2.825722e-02	-4.410170e-03	6.770930e-03	3.282480e-03	8.412170e-03	-5.129689e-03
1447          	3.488586e-01	1.701392e-01	1.787194e-01	1.140110e-01	8.552441e-02	2.848658e-02	2.851891e-02	-4.290054e-03	6.406731e-03	2.384666e-03	7.599063e-03	-5.214398e-03
1448          	3.491222e-01	1.703899e-01	1.787323e-01	1.151517e-01	8.606947e-02	2.908224e-02	2.849362e-02	-4.171164e-03	6.101668e-03	1.668603e-03	6.935969e-03	-5.267366e-03
1449          	3.492304e-01	1.705571e-01	1.786733e-01	1.165538e-01	8.657103e-02	2.998279e-02	2.829412e-02	-4.058085e-03	5.933944e-03	1.239172e-03	6.553530e-03	-5.314358e-03
1450          	3.492830e-01	1.706437e-01	1.786393e-01	1.180372e-01	8.702828e-02	3.100896e-02	2.800966e-02	-3.997817e-03	5.914394e-03	1.232853e-03	6.530821e-03	-5.297968e-03
1451          	3.492716e-01	1.706314e-01	1.786402e-01	1.196049e-01	8.753564e-02	3.206928e-02	2.773318e-02	-4.004383e-03	6.047949e-03	1.659751e-03	6.877825e-03	-5.218074e-03
1452          	3.491592e-01	1.705366e-01	1.786226e-01	1.213407e-01	8.818132e-02	3.315938e-02	2.751097e-02	-4.042998e-03	6.308753e-03	2.341288e-03	7.479397e-03	-5.138109e-03
1453          	3.489098e-01	1.703731e-01	1.785367e-01	1.231171e-01	8.898695e-02	3.413011e-02	2.742842e-02	-4.081818e-03	6.633637e-03	3.134609e-03	8.200941e-03	-5.066332e-03
1454          	3.486243e-01	1.701819e-01	1.784424e-01	1.247527e-01	8.991552e-02	3.483719e-02	2.753917e-02	-4.130291e-03	6.941481e-03	3.993088e-03	8.938025e-03	-4.944937e-03
1455          	3.484160e-01	1.700198e-01	1.783962e-01	1.260995e-01	9.100270e-02	3.509680e-02	2.795295e-02	-4.188193e-03	7.227211e-03	4.815769e-03	9.635096e-03	-4.819326e-03
1456          	3.483512e-01	1.699104e-01	1.784408e-01	1.270442e-01	9.220421e-02	3.484002e-02	2.868209e-02	-4.265208e-03	7.418980e-03	5.525794e-03	1.018188e-02	-4.656082e-03
1457          	3.484097e-01	1.698462e-01	1.785635e-01	1.274866e-01	9.341488e-02	3.407172e-02	2.967158e-02	-4.358656e-03	7.482357e-03	5.981577e-03	1.047315e-02	-4.491568e-03
1458          	3.485540e-01	1.698654e-01	1.786886e-01	1.275391e-01	9.453786e-02	3.300121e-02	3.076833e-02	-4.411608e-03	7.343976e-03	5.937123e-03	1.031254e-02	-4.375414e-03
1459          	3.487125e-01	1.699988e-01	1.787137e-01	1.274794e-01	9.544200e-02	3.203741e-02	3.170230e-02	-4.357429e-03	7.001454e-03	5.269708e-03	9.636308e-03	-4.366600e-03
1460          	3.489018e-01	1.702385e-01	1.786632e-01	1.276535e-01	9.616482e-02	3.148867e-02	3.233808e-02	-4.212349e-03	6.563693e-03	4.176542e-03	8.651964e-03	-4.475422e-03
1461          	3.490490e-01	1.705099e-01	1.785391e-01	1.281670e-01	9.665293e-02	3.151404e-02	3.256945e-02	-4.014594e-03	6.113091e-03	2.870325e-03	7.548254e-03	-4.677929e-03
1462          	3.491187e-01	1.707618e-01	1.783570e-01	1.289501e-01	9.688273e-02	3.206732e-02	3.240770e-02	-3.797591e-03	5.709848e-03	1.551977e-03	6.485836e-03	-4.933859e-03
1463          	3.491024e-01	1.709467e-01	1.781557e-01	1.296565e-01	9.681577e-02	3.284073e-02	3.198752e-02	-3.604485e-03	5.427936e-03	4.238430e-04	5.639858e-03	-5.216015e-03
1464          	3.490118e-01	1.710002e-01	1.780116e-01	1.299678e-01	9.634454e-02	3.362323e-02	3.136065e-02	-3.505684e-03	5.285453e-03	-3.124923e-04	5.129207e-03	-5.441699e-03
1465          	3.487226e-01	1.708569e-01	1.778657e-01	1.299694e-01	9.560903e-02	3.436035e-02	3.062434e-02	-3.504384e-03	5.332259e-03	-5.171203e-04	5.073699e-03	-5.590819e-03
1466          	3.482881e-01	1.705586e-01	1.777295e-01	1.298740e-01	9.496540e-02	3.490855e-02	3.002843e-02	-3.585412e-03	5.535808e-03	-1.660617e-04	5.452777e-03	-5.618839e-03
1467          	3.477557e-01	1.701569e-01	1.775988e-01	1.298219e-01	9.467002e-02	3.515189e-02	2.975906e-02	-3.720915e-03	5.843506e-03	6.312274e-04	6.159119e-03	-5.527892e-03
1468          	3.472551e-01	1.697174e-01	1.775378e-01	1.296725e-01	9.473524e-02	3.493729e-02	2.989897e-02	-3.910201e-03	6.195921e-03	1.749707e-03	7.070775e-03	-5.321067e-03
1469          	3.467976e-01	1.692464e-01	1.775512e-01	1.290371e-01	9.493943e-02	3.409766e-02	3.042088e-02	-4.152395e-03	6.590629e-03	3.027692e-03	8.104475e-03	-5.076782e-03
1470          	3.464043e-01	1.687721e-01	1.776322e-01	1.276456e-01	9.508324e-02	3.256240e-02	3.126042e-02	-4.430030e-03	6.981048e-03	4.264753e-03	9.113424e-03	-4.848671e-03
1471          	3.460781e-01	1.683148e-01	1.777633e-01	1.254234e-01	9.507865e-02	3.034476e-02	3.236695e-02	-4.724230e-03	7.336393e-03	5.232627e-03	9.952707e-03	-4.720080e-03
1472          	3.459371e-01	1.679848e-01	1.779523e-01	1.227263e-01	9.503913e-02	2.768716e-02	3.367598e-02	-4.983733e-03	7.530902e-03	5.703820e-03	1.038281e-02	-4.678992e-03
1473          	3.459254e-01	1.678106e-01	1.781147e-01	1.205331e-01	9.511573e-02	2.541738e-02	3.484918e-02	-5.152048e-03	7.513659e-03	5.661938e-03	1.034463e-02	-4.682690e-03
1474          	3.459821e-01	1.677614e-01	1.782208e-01	1.192707e-01	9.528657e-02	2.398418e-02	3.565119e-02	-5.229710e-03	7.363602e-03	5.319028e-03	1.002312e-02	-4.704088e-03
1475          	3.460686e-01	1.677942e-01	1.782744e-01	1.186815e-01	9.540648e-02	2.327498e-02	3.606575e-02	-5.240101e-03	7.136059e-03	4.848689e-03	9.560403e-03	-4.711714e-03
1476          	3.461770e-01	1.679007e-01	1.782763e-01	1.186240e-01	9.549005e-02	2.313398e-02	3.617804e-02	-5.187779e-03	6.864421e-03	4.418577e-03	9.073710e-03	-4.655133e-03
1477          	3.462488e-01	1.679992e-01	1.782496e-01	1.187115e-01	9.546131e-02	2.325016e-02	3.610557e-02	-5.125183e-03	6.620695e-03	4.170616e-03	8.706003e-03	-4.535387e-03
1478          	3.462863e-01	1.680358e-01	1.782504e-01	1.187402e-01	9.529639e-02	2.344386e-02	3.592627e-02	-5.107304e-03	6.453493e-03	4.222005e-03	8.564495e-03	-4.342490e-03
1479          	3.462368e-01	1.679770e-01	1.782598e-01	1.187932e-01	9.512145e-02	2.367173e-02	3.572486e-02	-5.141382e-03	6.404146e-03	4.564117e-03	8.686205e-03	-4.122088e-03
1480          	3.460417e-01	1.678041e-01	1.782376e-01	1.190019e-01	9.503731e-02	2.396458e-02	3.553636e-02	-5.216774e-03	6.461273e-03	5.183298e-03	9.052922e-03	-3.869624e-03
1481          	3.456971e-01	1.675195e-01	1.781776e-01	1.193718e-01	9.510478e-02	2.426698e-02	3.541890e-02	-5.329013e-03	6.631119e-03	6.035886e-03	9.649062e-03	-3.613176e-03
1482          	3.452664e-01	1.671447e-01	1.781217e-01	1.197911e-01	9.532315e-02	2.446793e-02	3.542761e-02	-5.488535e-03	6.885399e-03	7.070723e-03	1.042076e-02	-3.350037e-03
1483          	3.447926e-01	1.667113e-01	1.780813e-01	1.201016e-01	9.562380e-02	2.447785e-02	3.557297e-02	-5.684995e-03	7.169610e-03	8.139818e-03	1.123952e-02	-3.099700e-03
1484          	3.444310e-01	1.663139e-01	1.781171e-01	1.200961e-01	9.597610e-02	2.412005e-02	3.592802e-02	-5.901567e-03	7.443729e-03	9.096883e-03	1.199217e-02	-2.895287e-03
1485          	3.442213e-01	1.659807e-01	1.782406e-01	1.196031e-01	9.628330e-02	2.331978e-02	3.648176e-02	-6.129921e-03	7.689282e-03	9.829175e-03	1.260387e-02	-2.774695e-03
1486          	3.442063e-01	1.657991e-01	1.784072e-01	1.186469e-01	9.637558e-02	2.227134e-02	3.705212e-02	-6.304021e-03	7.766738e-03	1.014488e-02	1.283918e-02	-2.694299e-03
1487          	3.443726e-01	1.658054e-01	1.785671e-01	1.175395e-01	9.622214e-02	2.131737e-02	3.745238e-02	-6.380847e-03	7.715541e-03	9.979194e-03	1.270514e-02	-2.725944e-03
1488          	3.447216e-01	1.659723e-01	1.787493e-01	1.165274e-01	9.589543e-02	2.063195e-02	3.763174e-02	-6.388516e-03	7.628915e-03	9.543989e-03	1.240091e-02	-2.856920e-03
1489          	3.451163e-01	1.661745e-01	1.789418e-01	1.156112e-01	9.524209e-02	2.036916e-02	3.743646e-02	-6.383623e-03	7.558736e-03	9.114258e-03	1.211587e-02	-3.001607e-03
1490          	3.455406e-01	1.663887e-01	1.791520e-01	1.148175e-01	9.432787e-02	2.048965e-02	3.691911e-02	-6.381659e-03	7.581964e-03	8.919066e-03	1.204150e-02	-3.122431e-03
1491          	3.459019e-01	1.665181e-01	1.793838e-01	1.140477e-01	9.301440e-02	2.103326e-02	3.599057e-02	-6.432830e-03	7.760952e-03	9.096981e-03	1.230944e-02	-3.212461e-03
1492          	3.461201e-01	1.665375e-01	1.795827e-01	1.136568e-01	9.148012e-02	2.217672e-02	3.465170e-02	-6.522590e-03	8.076537e-03	9.724611e-03	1.293884e-02	-3.214232e-03
1493          	3.460941e-01	1.664121e-01	1.796820e-01	1.139329e-01	9.002562e-02	2.390727e-02	3.305917e-02	-6.634976e-03	8.522972e-03	1.072461e-02	1.388528e-02	-3.160666e-03
1494          	3.459277e-01	1.662072e-01	1.797205e-01	1.148125e-01	8.895409e-02	2.585836e-02	3.154787e-02	-6.756627e-03	9.023649e-03	1.196180e-02	1.500455e-02	-3.042752e-03
1495          	3.456744e-01	1.659565e-01	1.797179e-01	1.158960e-01	8.824263e-02	2.765341e-02	3.029461e-02	-6.880704e-03	9.510332e-03	1.325978e-02	1.614022e-02	-2.880441e-03
1496          	3.454445e-01	1.656977e-01	1.797468e-01	1.167088e-01	8.775547e-02	2.895338e-02	2.940104e-02	-7.024567e-03	9.910142e-03	1.448780e-02	1.715404e-02	-2.666243e-03
1497          	3.453223e-01	1.654838e-01	1.798386e-01	1.169719e-01	8.738119e-02	2.959075e-02	2.889522e-02	-7.177385e-03	1.017906e-02	1.545692e-02	1.790752e-02	-2.450600e-03
1498          	3.453651e-01	1.653807e-01	1.799844e-01	1.166260e-01	8.705837e-02	2.956764e-02	2.874536e-02	-7.301832e-03	1.023577e-02	1.599206e-02	1.823180e-02	-2.239744e-03
1499          	3.454895e-01	1.653947e-01	1.800948e-01	1.156852e-01	8.678137e-02	2.890379e-02	2.893879e-02	-7.350056e-03	1.007325e-02	1.589023e-02	1.801836e-02	-2.128130e-03
1500          	3.457407e-01	1.656055e-01	1.801352e-01	1.144636e-01	8.663150e-02	2.783207e-02	2.939971e-02	-7.264836e-03	9.656444e-03	1.511076e-02	1.721182e-02	-2.101065e-03
