# Solver information
# Time        	U_solver      	Ux_initial    	Ux_final      	Ux_iters      	Uy_initial    	Uy_final      	Uy_iters      	Uz_initial    	Uz_final      	Uz_iters      	U_converged   	p_solver      	p_initial     	p_final       	p_iters       	p_converged   
1             	smoothSolver	2.092790e-02	1.813390e-03	9	2.402660e-01	2.349150e-02	8	1.619580e-01	1.482290e-02	7	false	GAMG	1.000000e+00	9.884640e-03	13	true
2             	smoothSolver	1.359510e-02	1.251080e-03	8	1.449930e-01	1.219910e-02	8	8.596900e-02	7.358210e-03	8	false	GAMG	5.323620e-02	5.025190e-04	9	true
3             	smoothSolver	9.226800e-03	8.502670e-04	8	1.091170e-01	9.250430e-03	8	6.945150e-02	6.271720e-03	8	false	GAMG	3.584950e-02	3.343570e-04	7	true
4             	smoothSolver	7.277510e-03	6.804320e-04	8	8.881140e-02	7.676750e-03	8	6.217930e-02	5.860940e-03	8	false	GAMG	2.933960e-02	2.668170e-04	8	true
5             	smoothSolver	6.094120e-03	5.887850e-04	8	7.695560e-02	6.902540e-03	8	5.844130e-02	5.641550e-03	8	false	GAMG	2.575510e-02	2.246990e-04	9	true
6             	smoothSolver	5.130700e-03	4.081410e-04	9	6.879500e-02	6.465090e-03	8	5.567730e-02	5.506930e-03	8	false	GAMG	2.288280e-02	1.908500e-04	8	true
7             	smoothSolver	4.548150e-03	3.727500e-04	9	6.215060e-02	6.119590e-03	8	5.355900e-02	4.284860e-03	9	false	GAMG	2.056420e-02	1.687510e-04	7	true
8             	smoothSolver	4.045730e-03	3.446200e-04	9	5.633300e-02	4.526950e-03	9	5.138060e-02	4.267840e-03	9	false	GAMG	1.936970e-02	1.858390e-04	6	true
9             	smoothSolver	3.704270e-03	3.225090e-04	9	5.155830e-02	4.273790e-03	9	5.011070e-02	4.267220e-03	9	false	GAMG	1.790640e-02	1.709780e-04	6	true
10            	smoothSolver	3.430100e-03	3.034420e-04	9	4.812610e-02	4.075790e-03	9	4.688220e-02	4.056580e-03	9	false	GAMG	1.701540e-02	1.351040e-04	6	true
11            	smoothSolver	3.216170e-03	2.873000e-04	9	4.541080e-02	3.919850e-03	9	4.101670e-02	3.580430e-03	9	false	GAMG	1.633390e-02	1.439890e-04	6	true
12            	smoothSolver	3.036010e-03	2.751450e-04	9	4.315860e-02	3.790290e-03	9	3.575950e-02	3.162270e-03	9	false	GAMG	1.550950e-02	1.322380e-04	6	true
13            	smoothSolver	2.901160e-03	2.663860e-04	9	4.131250e-02	3.685450e-03	9	3.138990e-02	2.823580e-03	9	false	GAMG	1.494240e-02	1.216080e-04	6	true
14            	smoothSolver	2.781040e-03	2.599990e-04	9	3.968930e-02	3.590320e-03	9	2.801810e-02	2.537340e-03	9	false	GAMG	1.456060e-02	1.323110e-04	6	true
15            	smoothSolver	2.683190e-03	2.547110e-04	9	3.828890e-02	3.505300e-03	9	2.543470e-02	2.331650e-03	9	false	GAMG	1.429680e-02	8.604010e-05	6	true
16            	smoothSolver	2.615090e-03	2.515000e-04	9	3.723900e-02	3.439600e-03	9	2.354830e-02	2.185100e-03	9	false	GAMG	1.401050e-02	1.028600e-04	6	true
17            	smoothSolver	2.575000e-03	2.499980e-04	9	3.657830e-02	3.398250e-03	9	2.202700e-02	2.061630e-03	9	false	GAMG	1.383110e-02	1.182760e-04	6	true
18            	smoothSolver	2.546860e-03	2.487430e-04	9	3.610420e-02	3.358450e-03	9	2.069170e-02	1.941510e-03	9	false	GAMG	1.371910e-02	1.185670e-04	6	true
19            	smoothSolver	2.531070e-03	2.482350e-04	9	3.557490e-02	3.308530e-03	9	1.953860e-02	1.843590e-03	9	false	GAMG	1.355080e-02	1.128860e-04	6	true
20            	smoothSolver	2.526730e-03	2.491910e-04	9	3.494590e-02	3.256030e-03	9	1.853060e-02	1.755180e-03	9	false	GAMG	1.351630e-02	1.338960e-04	5	true
21            	smoothSolver	2.549420e-03	2.513450e-04	9	3.436180e-02	3.212080e-03	9	1.764500e-02	1.675170e-03	9	false	GAMG	1.343520e-02	9.954510e-05	6	true
22            	smoothSolver	2.562640e-03	2.526790e-04	9	3.395360e-02	3.182950e-03	9	1.692790e-02	1.611070e-03	9	false	GAMG	1.360500e-02	1.251440e-04	5	true
23            	smoothSolver	2.567130e-03	2.542180e-04	9	3.356820e-02	3.148840e-03	9	1.627150e-02	1.543490e-03	9	false	GAMG	1.355550e-02	1.225030e-04	6	true
24            	smoothSolver	2.623310e-03	2.560430e-04	9	3.339780e-02	3.138510e-03	9	1.575030e-02	1.492970e-03	9	false	GAMG	1.387870e-02	1.314140e-04	5	true
25            	smoothSolver	2.623170e-03	2.573360e-04	9	3.310940e-02	3.103230e-03	9	1.524940e-02	1.438750e-03	9	false	GAMG	1.403070e-02	1.319980e-04	6	true
26            	smoothSolver	2.688780e-03	2.576360e-04	9	3.305060e-02	3.082600e-03	9	1.486870e-02	1.397760e-03	9	false	GAMG	1.440790e-02	1.371560e-04	5	true
27            	smoothSolver	2.678160e-03	2.558670e-04	9	3.292280e-02	3.060060e-03	9	1.453230e-02	1.361720e-03	9	false	GAMG	1.448100e-02	1.149710e-04	6	true
28            	smoothSolver	2.721560e-03	2.553000e-04	9	3.286620e-02	3.056550e-03	9	1.430720e-02	1.336280e-03	9	false	GAMG	1.478610e-02	1.343370e-04	5	true
29            	smoothSolver	2.722740e-03	2.553440e-04	9	3.263440e-02	3.040630e-03	9	1.416620e-02	1.323120e-03	9	false	GAMG	1.494580e-02	1.462600e-04	5	true
30            	smoothSolver	2.735600e-03	2.562210e-04	9	3.242390e-02	3.030790e-03	9	1.410380e-02	1.318870e-03	9	false	GAMG	1.509150e-02	1.447180e-04	5	true
31            	smoothSolver	2.743830e-03	2.563710e-04	9	3.217090e-02	3.011800e-03	9	1.410300e-02	1.319540e-03	9	false	GAMG	1.516340e-02	1.419830e-04	5	true
32            	smoothSolver	2.739890e-03	2.551750e-04	9	3.185630e-02	2.971430e-03	9	1.414180e-02	1.323400e-03	9	false	GAMG	1.514120e-02	1.412860e-04	5	true
33            	smoothSolver	2.724430e-03	2.532520e-04	9	3.154810e-02	2.931160e-03	9	1.417400e-02	1.325130e-03	9	false	GAMG	1.512150e-02	1.426920e-04	5	true
34            	smoothSolver	2.703860e-03	2.510130e-04	9	3.128240e-02	2.896380e-03	9	1.424550e-02	1.325570e-03	9	false	GAMG	1.512970e-02	1.453040e-04	5	true
35            	smoothSolver	2.682080e-03	2.483100e-04	9	3.110090e-02	2.859140e-03	9	1.430840e-02	1.324070e-03	9	false	GAMG	1.526050e-02	1.455580e-04	5	true
36            	smoothSolver	2.662930e-03	2.447080e-04	9	3.095610e-02	2.821060e-03	9	1.437950e-02	1.319160e-03	9	false	GAMG	1.548570e-02	1.459880e-04	5	true
37            	smoothSolver	2.642320e-03	2.406670e-04	9	3.077390e-02	2.784570e-03	9	1.441830e-02	1.310310e-03	9	false	GAMG	1.582490e-02	1.485920e-04	5	true
38            	smoothSolver	2.614610e-03	2.364830e-04	9	3.043460e-02	2.738960e-03	9	1.446120e-02	1.301960e-03	9	false	GAMG	1.607170e-02	1.488020e-04	5	true
39            	smoothSolver	2.579300e-03	2.321970e-04	9	2.994930e-02	2.681020e-03	9	1.450210e-02	1.295310e-03	9	false	GAMG	1.632560e-02	1.467230e-04	5	true
40            	smoothSolver	2.548680e-03	2.278830e-04	9	2.927700e-02	2.616010e-03	9	1.447890e-02	1.284100e-03	9	false	GAMG	1.647220e-02	1.446140e-04	5	true
41            	smoothSolver	2.507070e-03	2.230120e-04	9	2.849250e-02	2.551610e-03	9	1.438260e-02	1.270350e-03	9	false	GAMG	1.643090e-02	1.424950e-04	5	true
42            	smoothSolver	2.454830e-03	2.178200e-04	9	2.769590e-02	2.492430e-03	9	1.422940e-02	1.258020e-03	9	false	GAMG	1.628430e-02	1.393960e-04	5	true
43            	smoothSolver	2.402190e-03	2.127150e-04	9	2.689270e-02	2.440630e-03	9	1.406170e-02	1.252540e-03	9	false	GAMG	1.591600e-02	1.346560e-04	5	true
44            	smoothSolver	2.347370e-03	2.079000e-04	9	2.607010e-02	2.393280e-03	9	1.389250e-02	1.247850e-03	9	false	GAMG	1.565890e-02	1.298790e-04	5	true
45            	smoothSolver	2.291780e-03	2.037170e-04	9	2.530070e-02	2.347430e-03	9	1.371670e-02	1.235750e-03	9	false	GAMG	1.532510e-02	1.268470e-04	5	true
46            	smoothSolver	2.239430e-03	1.995280e-04	9	2.458360e-02	2.303440e-03	9	1.356860e-02	1.219260e-03	9	false	GAMG	1.501290e-02	1.231160e-04	5	true
47            	smoothSolver	2.179570e-03	1.953060e-04	9	2.398460e-02	2.267150e-03	9	1.332310e-02	1.210840e-03	9	false	GAMG	1.475060e-02	1.210890e-04	5	true
48            	smoothSolver	2.128800e-03	1.922300e-04	9	2.357760e-02	2.240500e-03	9	1.318250e-02	1.207560e-03	9	false	GAMG	1.450520e-02	1.190800e-04	5	true
49            	smoothSolver	2.081200e-03	1.902010e-04	9	2.327730e-02	2.219150e-03	9	1.306410e-02	1.203590e-03	9	false	GAMG	1.439080e-02	1.152760e-04	5	true
50            	smoothSolver	2.047880e-03	1.889910e-04	9	2.313080e-02	2.204070e-03	9	1.296400e-02	1.199700e-03	9	false	GAMG	1.449780e-02	1.136820e-04	5	true
51            	smoothSolver	2.021070e-03	1.885090e-04	9	2.308980e-02	2.198420e-03	9	1.289370e-02	1.195450e-03	9	false	GAMG	1.445520e-02	1.092750e-04	5	true
52            	smoothSolver	1.994640e-03	1.882520e-04	9	2.308240e-02	2.200110e-03	9	1.278660e-02	1.191030e-03	9	false	GAMG	1.452110e-02	1.059610e-04	5	true
53            	smoothSolver	1.975120e-03	1.885560e-04	9	2.314210e-02	2.209780e-03	9	1.267560e-02	1.188630e-03	9	false	GAMG	1.456330e-02	1.059900e-04	5	true
54            	smoothSolver	1.960230e-03	1.887900e-04	9	2.326010e-02	2.226110e-03	9	1.256120e-02	1.188760e-03	9	false	GAMG	1.451410e-02	1.057750e-04	5	true
55            	smoothSolver	1.952300e-03	1.889230e-04	9	2.343150e-02	2.249170e-03	9	1.245250e-02	1.190970e-03	9	false	GAMG	1.446400e-02	1.052110e-04	5	true
56            	smoothSolver	1.950370e-03	1.893220e-04	9	2.360950e-02	2.277960e-03	9	1.239270e-02	1.195480e-03	9	false	GAMG	1.437310e-02	1.058920e-04	5	true
57            	smoothSolver	1.954970e-03	1.907300e-04	9	2.382590e-02	2.317620e-03	9	1.238520e-02	1.201620e-03	9	false	GAMG	1.422480e-02	1.092400e-04	5	true
58            	smoothSolver	1.962790e-03	1.933560e-04	9	2.408400e-02	2.366840e-03	9	1.242580e-02	1.210900e-03	9	false	GAMG	1.407440e-02	1.145910e-04	5	true
59            	smoothSolver	1.972660e-03	1.964700e-04	9	2.435190e-02	2.413230e-03	9	1.249640e-02	1.224380e-03	9	false	GAMG	1.386350e-02	1.166870e-04	5	true
60            	smoothSolver	1.982830e-03	1.566170e-04	10	2.457880e-02	2.445450e-03	9	1.262150e-02	1.240330e-03	9	false	GAMG	1.355550e-02	1.142700e-04	5	true
61            	smoothSolver	1.984180e-03	1.579620e-04	10	2.476910e-02	2.465790e-03	9	1.276220e-02	1.261280e-03	9	false	GAMG	1.326960e-02	1.110800e-04	5	true
62            	smoothSolver	1.980460e-03	1.587020e-04	10	2.481270e-02	2.464690e-03	9	1.286070e-02	1.276200e-03	9	false	GAMG	1.295760e-02	1.077870e-04	5	true
63            	smoothSolver	1.969990e-03	1.589670e-04	10	2.473010e-02	2.460400e-03	9	1.290900e-02	1.285610e-03	9	false	GAMG	1.272250e-02	1.060460e-04	5	true
64            	smoothSolver	1.956840e-03	1.586070e-04	10	2.460490e-02	2.456780e-03	9	1.292130e-02	1.290290e-03	9	false	GAMG	1.255320e-02	1.053760e-04	5	true
65            	smoothSolver	1.938470e-03	1.573510e-04	10	2.447370e-02	1.933240e-03	10	1.290530e-02	1.014900e-03	10	false	GAMG	1.250530e-02	1.065420e-04	5	true
66            	smoothSolver	1.920720e-03	1.556420e-04	10	2.424670e-02	1.924230e-03	10	1.281900e-02	1.279260e-03	9	false	GAMG	1.234170e-02	1.037310e-04	5	true
67            	smoothSolver	1.898340e-03	1.536160e-04	10	2.399620e-02	1.909010e-03	10	1.277300e-02	1.272630e-03	9	false	GAMG	1.218490e-02	1.034190e-04	5	true
68            	smoothSolver	1.875100e-03	1.514450e-04	10	2.371760e-02	1.891200e-03	10	1.268050e-02	1.263050e-03	9	false	GAMG	1.201370e-02	1.040840e-04	5	true
69            	smoothSolver	1.854320e-03	1.491330e-04	10	2.343530e-02	1.877560e-03	10	1.255580e-02	9.893510e-04	10	false	GAMG	1.185330e-02	1.063680e-04	5	true
70            	smoothSolver	1.837310e-03	1.470100e-04	10	2.323970e-02	1.874990e-03	10	1.236370e-02	9.810900e-04	10	false	GAMG	1.164210e-02	1.053400e-04	5	true
71            	smoothSolver	1.817430e-03	1.449040e-04	10	2.302970e-02	1.870140e-03	10	1.223620e-02	9.786370e-04	10	false	GAMG	1.141080e-02	1.059770e-04	5	true
72            	smoothSolver	1.795600e-03	1.428330e-04	10	2.275900e-02	1.861120e-03	10	1.216080e-02	9.777110e-04	10	false	GAMG	1.118300e-02	1.059900e-04	5	true
73            	smoothSolver	1.774610e-03	1.410140e-04	10	2.246410e-02	1.843110e-03	10	1.209560e-02	9.755630e-04	10	false	GAMG	1.098160e-02	1.051880e-04	5	true
74            	smoothSolver	1.754930e-03	1.393310e-04	10	2.211920e-02	1.821020e-03	10	1.199290e-02	9.679830e-04	10	false	GAMG	1.076660e-02	1.050890e-04	5	true
75            	smoothSolver	1.731390e-03	1.377330e-04	10	2.178820e-02	1.800300e-03	10	1.186960e-02	9.558070e-04	10	false	GAMG	1.048950e-02	1.013120e-04	5	true
76            	smoothSolver	1.702610e-03	1.362030e-04	10	2.148870e-02	1.781520e-03	10	1.164170e-02	9.429860e-04	10	false	GAMG	1.030440e-02	9.987030e-05	5	true
77            	smoothSolver	1.674560e-03	1.349460e-04	10	2.123830e-02	1.759910e-03	10	1.143090e-02	9.264430e-04	10	false	GAMG	1.018270e-02	9.956420e-05	5	true
78            	smoothSolver	1.647780e-03	1.337640e-04	10	2.103960e-02	1.735570e-03	10	1.122190e-02	9.068900e-04	10	false	GAMG	1.027550e-02	9.941390e-05	5	true
79            	smoothSolver	1.624140e-03	1.324240e-04	10	2.091590e-02	1.711180e-03	10	1.101130e-02	8.863160e-04	10	false	GAMG	1.041760e-02	9.954180e-05	5	true
80            	smoothSolver	1.602230e-03	1.307930e-04	10	2.082620e-02	1.685800e-03	10	1.080980e-02	8.639990e-04	10	false	GAMG	1.048240e-02	9.555840e-05	5	true
81            	smoothSolver	1.581600e-03	1.290990e-04	10	2.076030e-02	1.662770e-03	10	1.061930e-02	8.431760e-04	10	false	GAMG	1.059450e-02	9.420120e-05	5	true
82            	smoothSolver	1.566220e-03	1.274330e-04	10	2.073560e-02	1.644240e-03	10	1.046900e-02	1.046380e-03	9	false	GAMG	1.066390e-02	9.341310e-05	5	true
83            	smoothSolver	1.552940e-03	1.255640e-04	10	2.067260e-02	2.059730e-03	9	1.041470e-02	1.037370e-03	9	false	GAMG	1.068700e-02	9.370110e-05	5	true
84            	smoothSolver	1.542050e-03	1.239930e-04	10	2.078190e-02	2.062440e-03	9	1.038340e-02	1.030470e-03	9	false	GAMG	1.075730e-02	9.600430e-05	5	true
85            	smoothSolver	1.534420e-03	1.231800e-04	10	2.088250e-02	2.071140e-03	9	1.039770e-02	1.030400e-03	9	false	GAMG	1.085320e-02	9.861610e-05	5	true
86            	smoothSolver	1.529590e-03	1.232550e-04	10	2.099220e-02	2.089450e-03	9	1.043940e-02	1.036360e-03	9	false	GAMG	1.089780e-02	1.011960e-04	5	true
87            	smoothSolver	1.529340e-03	1.240930e-04	10	2.114180e-02	1.673540e-03	10	1.050770e-02	1.047100e-03	9	false	GAMG	1.093310e-02	1.023600e-04	5	true
88            	smoothSolver	1.535350e-03	1.252250e-04	10	2.118710e-02	1.684460e-03	10	1.060370e-02	8.374380e-04	10	false	GAMG	1.085600e-02	1.035890e-04	5	true
89            	smoothSolver	1.540990e-03	1.262890e-04	10	2.127160e-02	1.697420e-03	10	1.060910e-02	8.424410e-04	10	false	GAMG	1.071150e-02	1.023990e-04	5	true
90            	smoothSolver	1.539420e-03	1.268350e-04	10	2.125060e-02	1.705070e-03	10	1.056880e-02	8.464260e-04	10	false	GAMG	1.050220e-02	9.946020e-05	5	true
91            	smoothSolver	1.527340e-03	1.265500e-04	10	2.113060e-02	1.709960e-03	10	1.046640e-02	8.476220e-04	10	false	GAMG	1.029810e-02	9.621820e-05	5	true
92            	smoothSolver	1.509580e-03	1.255060e-04	10	2.093810e-02	1.709270e-03	10	1.031250e-02	8.436470e-04	10	false	GAMG	1.004120e-02	9.457650e-05	5	true
93            	smoothSolver	1.489980e-03	1.242520e-04	10	2.065500e-02	1.705480e-03	10	1.012660e-02	8.346640e-04	10	false	GAMG	9.730330e-03	9.256630e-05	5	true
94            	smoothSolver	1.467440e-03	1.229310e-04	10	2.029080e-02	1.695160e-03	10	9.922850e-03	8.204900e-04	10	false	GAMG	9.464750e-03	8.982660e-05	5	true
95            	smoothSolver	1.443880e-03	1.216690e-04	10	1.987890e-02	1.676470e-03	10	9.716210e-03	8.037860e-04	10	false	GAMG	9.222400e-03	8.494410e-05	5	true
96            	smoothSolver	1.422230e-03	1.205820e-04	10	1.951620e-02	1.655320e-03	10	9.500670e-03	7.887780e-04	10	false	GAMG	8.990570e-03	8.059300e-05	5	true
97            	smoothSolver	1.404860e-03	1.195040e-04	10	1.921670e-02	1.635860e-03	10	9.315920e-03	7.782070e-04	10	false	GAMG	8.817150e-03	7.836920e-05	5	true
98            	smoothSolver	1.388820e-03	1.183280e-04	10	1.900310e-02	1.619040e-03	10	9.166530e-03	7.707090e-04	10	false	GAMG	8.693800e-03	7.807390e-05	5	true
99            	smoothSolver	1.374720e-03	1.171490e-04	10	1.884690e-02	1.606030e-03	10	9.054010e-03	7.634860e-04	10	false	GAMG	8.642250e-03	7.925530e-05	5	true
100           	smoothSolver	1.361310e-03	1.158800e-04	10	1.873350e-02	1.595480e-03	10	8.978780e-03	7.551470e-04	10	false	GAMG	8.623690e-03	8.067370e-05	5	true
101           	smoothSolver	1.349550e-03	1.145830e-04	10	1.865200e-02	1.587500e-03	10	8.916920e-03	7.445000e-04	10	false	GAMG	8.640180e-03	8.282170e-05	5	true
102           	smoothSolver	1.339900e-03	1.134030e-04	10	1.857590e-02	1.580070e-03	10	8.830100e-03	7.310270e-04	10	false	GAMG	8.654710e-03	5.311030e-05	6	true
103           	smoothSolver	1.330280e-03	1.123190e-04	10	1.847900e-02	1.573520e-03	10	8.725580e-03	7.172700e-04	10	false	GAMG	8.682750e-03	7.869750e-05	5	true
104           	smoothSolver	1.321780e-03	1.112550e-04	10	1.826250e-02	1.558200e-03	10	8.564030e-03	7.000330e-04	10	false	GAMG	8.637920e-03	8.288740e-05	5	true
105           	smoothSolver	1.307960e-03	1.100750e-04	10	1.803050e-02	1.541340e-03	10	8.367920e-03	6.848560e-04	10	false	GAMG	8.598650e-03	7.820570e-05	5	true
106           	smoothSolver	1.294320e-03	1.088540e-04	10	1.777690e-02	1.518080e-03	10	8.192820e-03	6.690940e-04	10	false	GAMG	8.549030e-03	7.499300e-05	5	true
107           	smoothSolver	1.280560e-03	1.077840e-04	10	1.755210e-02	1.495660e-03	10	8.023630e-03	6.541530e-04	10	false	GAMG	8.508950e-03	7.271230e-05	5	true
108           	smoothSolver	1.267260e-03	1.068190e-04	10	1.738740e-02	1.476570e-03	10	7.878430e-03	6.407100e-04	10	false	GAMG	8.495410e-03	7.129880e-05	5	true
109           	smoothSolver	1.252420e-03	1.059220e-04	10	1.728490e-02	1.460670e-03	10	7.763110e-03	6.291000e-04	10	false	GAMG	8.553250e-03	7.097170e-05	5	true
110           	smoothSolver	1.237760e-03	1.051630e-04	10	1.726270e-02	1.448950e-03	10	7.679740e-03	6.190110e-04	10	false	GAMG	8.613090e-03	7.138000e-05	5	true
111           	smoothSolver	1.224990e-03	1.045710e-04	10	1.732800e-02	1.442170e-03	10	7.640770e-03	6.104750e-04	10	false	GAMG	8.688590e-03	7.266380e-05	5	true
112           	smoothSolver	1.217950e-03	1.041400e-04	10	1.746380e-02	1.441490e-03	10	7.635350e-03	6.040020e-04	10	false	GAMG	8.723290e-03	7.441110e-05	5	true
113           	smoothSolver	1.214790e-03	1.037320e-04	10	1.763010e-02	1.444510e-03	10	7.642520e-03	7.612690e-04	9	false	GAMG	8.745810e-03	7.489010e-05	5	true
114           	smoothSolver	1.213360e-03	1.030780e-04	10	1.772410e-02	1.444690e-03	10	7.709350e-03	7.659250e-04	9	false	GAMG	8.737070e-03	7.645450e-05	5	true
115           	smoothSolver	1.214520e-03	1.025200e-04	10	1.780670e-02	1.447540e-03	10	7.777840e-03	7.729920e-04	9	false	GAMG	8.701170e-03	7.737480e-05	5	true
116           	smoothSolver	1.218070e-03	1.021310e-04	10	1.783300e-02	1.451110e-03	10	7.838470e-03	7.811180e-04	9	false	GAMG	8.591980e-03	7.663630e-05	5	true
117           	smoothSolver	1.222050e-03	1.020980e-04	10	1.778480e-02	1.454170e-03	10	7.892730e-03	6.256340e-04	10	false	GAMG	8.526110e-03	7.708350e-05	5	true
118           	smoothSolver	1.224110e-03	1.023850e-04	10	1.769380e-02	1.459060e-03	10	7.896010e-03	6.305500e-04	10	false	GAMG	8.463410e-03	7.812830e-05	5	true
119           	smoothSolver	1.220350e-03	1.027040e-04	10	1.753770e-02	1.461420e-03	10	7.875940e-03	6.348700e-04	10	false	GAMG	8.457290e-03	7.873370e-05	5	true
120           	smoothSolver	1.212290e-03	1.028150e-04	10	1.736470e-02	1.462790e-03	10	7.830390e-03	6.353110e-04	10	false	GAMG	8.471600e-03	7.759760e-05	5	true
121           	smoothSolver	1.202990e-03	1.026020e-04	10	1.720830e-02	1.461420e-03	10	7.766960e-03	6.344030e-04	10	false	GAMG	8.418480e-03	7.543680e-05	5	true
122           	smoothSolver	1.193140e-03	1.022210e-04	10	1.705690e-02	1.460370e-03	10	7.700310e-03	6.359230e-04	10	false	GAMG	8.311020e-03	7.347320e-05	5	true
123           	smoothSolver	1.183160e-03	1.019000e-04	10	1.691980e-02	1.462190e-03	10	7.655770e-03	6.404710e-04	10	false	GAMG	8.148430e-03	7.150330e-05	5	true
124           	smoothSolver	1.173080e-03	1.016990e-04	10	1.680300e-02	1.465500e-03	10	7.634710e-03	6.462410e-04	10	false	GAMG	7.955250e-03	7.013980e-05	5	true
125           	smoothSolver	1.163160e-03	1.012890e-04	10	1.671130e-02	1.468050e-03	10	7.624340e-03	6.499180e-04	10	false	GAMG	7.769520e-03	6.957860e-05	5	true
126           	smoothSolver	1.153720e-03	1.005520e-04	10	1.667120e-02	1.466650e-03	10	7.610240e-03	6.506790e-04	10	false	GAMG	7.635790e-03	7.015910e-05	5	true
127           	smoothSolver	1.144960e-03	9.968460e-05	10	1.668620e-02	1.464520e-03	10	7.599300e-03	6.503540e-04	10	false	GAMG	7.560400e-03	7.150870e-05	5	true
128           	smoothSolver	1.137250e-03	9.879300e-05	10	1.676380e-02	1.463880e-03	10	7.603780e-03	6.498100e-04	10	false	GAMG	7.572530e-03	7.209070e-05	5	true
129           	smoothSolver	1.129430e-03	9.781110e-05	10	1.684040e-02	1.463880e-03	10	7.605350e-03	6.482450e-04	10	false	GAMG	7.659160e-03	7.190190e-05	5	true
130           	smoothSolver	1.120760e-03	9.676340e-05	10	1.690470e-02	1.465720e-03	10	7.585970e-03	6.436610e-04	10	false	GAMG	7.801990e-03	7.199700e-05	5	true
131           	smoothSolver	1.113590e-03	9.580390e-05	10	1.696180e-02	1.465760e-03	10	7.549850e-03	6.364640e-04	10	false	GAMG	7.977210e-03	7.281770e-05	5	true
132           	smoothSolver	1.109710e-03	9.499680e-05	10	1.698730e-02	1.461410e-03	10	7.514110e-03	6.281910e-04	10	false	GAMG	8.170770e-03	7.326530e-05	5	true
133           	smoothSolver	1.107600e-03	9.426630e-05	10	1.699540e-02	1.451420e-03	10	7.490880e-03	6.203460e-04	10	false	GAMG	8.382730e-03	7.355390e-05	5	true
134           	smoothSolver	1.105410e-03	9.352840e-05	10	1.697570e-02	1.438100e-03	10	7.469050e-03	6.138130e-04	10	false	GAMG	8.595470e-03	7.386650e-05	5	true
135           	smoothSolver	1.102610e-03	9.271000e-05	10	1.692200e-02	1.423180e-03	10	7.446510e-03	6.080890e-04	10	false	GAMG	8.804510e-03	7.406690e-05	5	true
136           	smoothSolver	1.100860e-03	9.189770e-05	10	1.681190e-02	1.407510e-03	10	7.423190e-03	6.021880e-04	10	false	GAMG	8.988330e-03	7.376780e-05	5	true
137           	smoothSolver	1.099240e-03	9.114370e-05	10	1.667880e-02	1.394270e-03	10	7.393130e-03	5.984510e-04	10	false	GAMG	9.106100e-03	7.258910e-05	5	true
138           	smoothSolver	1.095950e-03	9.052350e-05	10	1.654270e-02	1.386340e-03	10	7.359580e-03	5.970520e-04	10	false	GAMG	9.135870e-03	7.124220e-05	5	true
139           	smoothSolver	1.089600e-03	8.989000e-05	10	1.641250e-02	1.381340e-03	10	7.311190e-03	5.957170e-04	10	false	GAMG	9.064940e-03	7.040260e-05	5	true
140           	smoothSolver	1.080100e-03	8.915280e-05	10	1.629840e-02	1.376990e-03	10	7.236490e-03	5.914280e-04	10	false	GAMG	8.893260e-03	7.061230e-05	5	true
141           	smoothSolver	1.069260e-03	8.830230e-05	10	1.618670e-02	1.371210e-03	10	7.137090e-03	5.835270e-04	10	false	GAMG	8.694900e-03	7.210040e-05	5	true
142           	smoothSolver	1.059840e-03	8.752950e-05	10	1.613960e-02	1.363470e-03	10	7.057730e-03	5.746340e-04	10	false	GAMG	8.534780e-03	7.341110e-05	5	true
143           	smoothSolver	1.051310e-03	8.690820e-05	10	1.612340e-02	1.355830e-03	10	6.995610e-03	5.664700e-04	10	false	GAMG	8.410290e-03	7.172120e-05	5	true
144           	smoothSolver	1.043400e-03	8.629860e-05	10	1.611090e-02	1.348030e-03	10	6.953730e-03	5.591590e-04	10	false	GAMG	8.400890e-03	6.961540e-05	5	true
145           	smoothSolver	1.037960e-03	8.567730e-05	10	1.611960e-02	1.340170e-03	10	6.916500e-03	5.525280e-04	10	false	GAMG	8.504510e-03	6.769820e-05	5	true
146           	smoothSolver	1.034920e-03	8.513260e-05	10	1.615580e-02	1.332870e-03	10	6.879110e-03	5.454270e-04	10	false	GAMG	8.612750e-03	6.679030e-05	5	true
147           	smoothSolver	1.034070e-03	8.460650e-05	10	1.618730e-02	1.326910e-03	10	6.842400e-03	6.817070e-04	9	false	GAMG	8.716440e-03	6.650450e-05	5	true
148           	smoothSolver	1.032540e-03	8.399900e-05	10	1.619780e-02	1.319710e-03	10	6.837500e-03	6.783190e-04	9	false	GAMG	8.808380e-03	6.713250e-05	5	true
149           	smoothSolver	1.029900e-03	8.330820e-05	10	1.619120e-02	1.314620e-03	10	6.798600e-03	6.744390e-04	9	false	GAMG	8.867350e-03	6.983850e-05	5	true
150           	smoothSolver	1.024650e-03	8.249070e-05	10	1.613070e-02	1.310780e-03	10	6.727390e-03	6.692410e-04	9	false	GAMG	8.871160e-03	7.155040e-05	5	true
151           	smoothSolver	1.015880e-03	8.164030e-05	10	1.601330e-02	1.307830e-03	10	6.629980e-03	5.241960e-04	10	false	GAMG	8.840290e-03	7.015300e-05	5	true
152           	smoothSolver	1.004700e-03	8.087830e-05	10	1.589790e-02	1.309500e-03	10	6.470970e-03	5.152850e-04	10	false	GAMG	8.746550e-03	6.855770e-05	5	true
153           	smoothSolver	9.896410e-04	8.014350e-05	10	1.575790e-02	1.310670e-03	10	6.315180e-03	5.076000e-04	10	false	GAMG	8.607340e-03	6.855870e-05	5	true
154           	smoothSolver	9.721770e-04	7.935440e-05	10	1.559390e-02	1.308750e-03	10	6.170400e-03	5.003320e-04	10	false	GAMG	8.433200e-03	6.625210e-05	5	true
155           	smoothSolver	9.543490e-04	7.866940e-05	10	1.542500e-02	1.304810e-03	10	6.047030e-03	4.933370e-04	10	false	GAMG	8.224460e-03	6.306910e-05	5	true
156           	smoothSolver	9.399480e-04	7.830300e-05	10	1.531090e-02	1.298590e-03	10	5.955650e-03	4.875750e-04	10	false	GAMG	7.996830e-03	6.196590e-05	5	true
157           	smoothSolver	9.301710e-04	7.820960e-05	10	1.525090e-02	1.290890e-03	10	5.900030e-03	4.835280e-04	10	false	GAMG	7.811170e-03	6.228280e-05	5	true
158           	smoothSolver	9.250560e-04	7.820390e-05	10	1.523770e-02	1.281670e-03	10	5.882180e-03	4.794660e-04	10	false	GAMG	7.670740e-03	6.278640e-05	5	true
159           	smoothSolver	9.238110e-04	7.808290e-05	10	1.522750e-02	1.270240e-03	10	5.878420e-03	4.745260e-04	10	false	GAMG	7.571880e-03	6.147100e-05	5	true
160           	smoothSolver	9.249100e-04	7.777680e-05	10	1.520340e-02	1.255360e-03	10	5.879530e-03	4.696980e-04	10	false	GAMG	7.572470e-03	5.933710e-05	5	true
161           	smoothSolver	9.276990e-04	7.740790e-05	10	1.515070e-02	1.238440e-03	10	5.881910e-03	4.663390e-04	10	false	GAMG	7.638900e-03	5.820580e-05	5	true
162           	smoothSolver	9.328610e-04	7.706860e-05	10	1.506070e-02	1.221360e-03	10	5.885530e-03	5.878640e-04	9	false	GAMG	7.736220e-03	5.886850e-05	5	true
163           	smoothSolver	9.368010e-04	7.659310e-05	10	1.491950e-02	1.203750e-03	10	5.922020e-03	5.901560e-04	9	false	GAMG	7.837960e-03	6.104980e-05	5	true
164           	smoothSolver	9.387870e-04	7.607190e-05	10	1.475210e-02	1.189090e-03	10	5.931780e-03	5.909860e-04	9	false	GAMG	7.915710e-03	6.256160e-05	5	true
165           	smoothSolver	9.378380e-04	7.553980e-05	10	1.456230e-02	1.178770e-03	10	5.916430e-03	4.679660e-04	10	false	GAMG	7.918740e-03	6.368270e-05	5	true
166           	smoothSolver	9.339590e-04	7.513400e-05	10	1.435470e-02	1.169950e-03	10	5.844180e-03	4.652100e-04	10	false	GAMG	7.843220e-03	6.438550e-05	5	true
167           	smoothSolver	9.279170e-04	7.479210e-05	10	1.414180e-02	1.160570e-03	10	5.770320e-03	4.626410e-04	10	false	GAMG	7.718480e-03	6.393970e-05	5	true
168           	smoothSolver	9.193440e-04	7.451400e-05	10	1.395640e-02	1.151090e-03	10	5.699910e-03	4.586410e-04	10	false	GAMG	7.623510e-03	6.342660e-05	5	true
169           	smoothSolver	9.081090e-04	7.409260e-05	10	1.381070e-02	1.141390e-03	10	5.631890e-03	4.529330e-04	10	false	GAMG	7.591940e-03	6.386470e-05	5	true
170           	smoothSolver	8.967610e-04	7.354240e-05	10	1.373830e-02	1.132440e-03	10	5.575050e-03	4.472250e-04	10	false	GAMG	7.630490e-03	6.453510e-05	5	true
171           	smoothSolver	8.861190e-04	7.309970e-05	10	1.371130e-02	1.125840e-03	10	5.537260e-03	4.439240e-04	10	false	GAMG	7.701460e-03	6.728340e-05	5	true
172           	smoothSolver	8.789180e-04	7.284490e-05	10	1.371920e-02	1.120670e-03	10	5.525050e-03	4.431480e-04	10	false	GAMG	7.806290e-03	7.013700e-05	5	true
173           	smoothSolver	8.750210e-04	7.273570e-05	10	1.378500e-02	1.117910e-03	10	5.529290e-03	4.423140e-04	10	false	GAMG	7.912100e-03	7.096500e-05	5	true
174           	smoothSolver	8.722730e-04	7.266640e-05	10	1.385380e-02	1.118490e-03	10	5.526960e-03	4.401560e-04	10	false	GAMG	8.011870e-03	6.849550e-05	5	true
175           	smoothSolver	8.704680e-04	7.248280e-05	10	1.389210e-02	1.119510e-03	10	5.524390e-03	4.369080e-04	10	false	GAMG	8.066260e-03	6.782460e-05	5	true
176           	smoothSolver	8.694910e-04	7.233670e-05	10	1.388640e-02	1.120400e-03	10	5.530010e-03	5.504990e-04	9	false	GAMG	8.088730e-03	7.054640e-05	5	true
177           	smoothSolver	8.665110e-04	7.223480e-05	10	1.383500e-02	1.119740e-03	10	5.576790e-03	5.562850e-04	9	false	GAMG	8.059110e-03	7.285020e-05	5	true
178           	smoothSolver	8.618170e-04	7.207260e-05	10	1.377000e-02	1.121260e-03	10	5.596230e-03	4.433970e-04	10	false	GAMG	7.980390e-03	7.177430e-05	5	true
179           	smoothSolver	8.561370e-04	7.187900e-05	10	1.368920e-02	1.123360e-03	10	5.536890e-03	4.404930e-04	10	false	GAMG	7.851700e-03	6.940450e-05	5	true
180           	smoothSolver	8.492820e-04	7.155640e-05	10	1.354780e-02	1.119190e-03	10	5.459930e-03	4.365120e-04	10	false	GAMG	7.705380e-03	6.621230e-05	5	true
181           	smoothSolver	8.410550e-04	7.123500e-05	10	1.334690e-02	1.107450e-03	10	5.380600e-03	4.332290e-04	10	false	GAMG	7.531080e-03	6.468310e-05	5	true
182           	smoothSolver	8.320710e-04	7.095690e-05	10	1.310420e-02	1.092060e-03	10	5.307430e-03	4.302010e-04	10	false	GAMG	7.351190e-03	6.326530e-05	5	true
183           	smoothSolver	8.231290e-04	7.061330e-05	10	1.284440e-02	1.075140e-03	10	5.226300e-03	4.263660e-04	10	false	GAMG	7.185060e-03	6.102480e-05	5	true
184           	smoothSolver	8.138950e-04	7.027180e-05	10	1.259870e-02	1.058010e-03	10	5.146690e-03	4.205430e-04	10	false	GAMG	7.027920e-03	5.983760e-05	5	true
185           	smoothSolver	8.055320e-04	6.974980e-05	10	1.239520e-02	1.042880e-03	10	5.073850e-03	4.131180e-04	10	false	GAMG	6.896820e-03	5.920510e-05	5	true
186           	smoothSolver	7.971590e-04	6.900050e-05	10	1.225500e-02	1.031790e-03	10	5.007000e-03	4.056860e-04	10	false	GAMG	6.785470e-03	5.809210e-05	5	true
187           	smoothSolver	7.890850e-04	6.809920e-05	10	1.218910e-02	1.026020e-03	10	4.952030e-03	3.994880e-04	10	false	GAMG	6.698470e-03	5.823650e-05	5	true
188           	smoothSolver	7.823750e-04	6.735500e-05	10	1.218250e-02	1.023000e-03	10	4.905340e-03	3.934090e-04	10	false	GAMG	6.661270e-03	6.011160e-05	5	true
189           	smoothSolver	7.778010e-04	6.691840e-05	10	1.222490e-02	1.022760e-03	10	4.860320e-03	3.869250e-04	10	false	GAMG	6.665250e-03	6.251040e-05	5	true
190           	smoothSolver	7.764310e-04	6.665920e-05	10	1.229920e-02	1.026570e-03	10	4.819660e-03	4.810940e-04	9	false	GAMG	6.671370e-03	4.346270e-05	6	true
191           	smoothSolver	7.790280e-04	6.632600e-05	10	1.235770e-02	1.030190e-03	10	4.818280e-03	4.774270e-04	9	false	GAMG	6.747190e-03	4.378530e-05	6	true
192           	smoothSolver	7.775720e-04	6.603570e-05	10	1.244770e-02	1.034900e-03	10	4.810190e-03	4.741240e-04	9	false	GAMG	6.853040e-03	4.351780e-05	6	true
193           	smoothSolver	7.783600e-04	6.583780e-05	10	1.251390e-02	1.041220e-03	10	4.794990e-03	4.729620e-04	9	false	GAMG	6.969300e-03	4.272630e-05	6	true
194           	smoothSolver	7.780140e-04	6.572770e-05	10	1.255170e-02	1.048810e-03	10	4.776500e-03	4.734040e-04	9	false	GAMG	7.052340e-03	6.855040e-05	5	true
195           	smoothSolver	7.786460e-04	6.574650e-05	10	1.256150e-02	1.055610e-03	10	4.750230e-03	4.742530e-04	9	false	GAMG	7.090820e-03	7.017940e-05	5	true
196           	smoothSolver	7.771940e-04	6.581030e-05	10	1.250720e-02	1.060150e-03	10	4.716290e-03	3.756340e-04	10	false	GAMG	7.074480e-03	6.805680e-05	5	true
197           	smoothSolver	7.758700e-04	6.598340e-05	10	1.247710e-02	1.063650e-03	10	4.648370e-03	3.724140e-04	10	false	GAMG	7.004930e-03	4.265990e-05	6	true
198           	smoothSolver	7.758100e-04	6.606910e-05	10	1.243530e-02	1.063810e-03	10	4.598720e-03	3.708780e-04	10	false	GAMG	6.897710e-03	4.281660e-05	6	true
199           	smoothSolver	7.709910e-04	6.603210e-05	10	1.234920e-02	1.059210e-03	10	4.552010e-03	3.697540e-04	10	false	GAMG	6.768700e-03	4.448450e-05	6	true
200           	smoothSolver	7.683140e-04	6.595020e-05	10	1.225320e-02	1.051180e-03	10	4.516480e-03	3.681990e-04	10	false	GAMG	6.638580e-03	6.439550e-05	5	true
201           	smoothSolver	7.681690e-04	6.585360e-05	10	1.215850e-02	1.043870e-03	10	4.495130e-03	3.661430e-04	10	false	GAMG	6.516740e-03	4.334670e-05	6	true
202           	smoothSolver	7.698880e-04	6.566850e-05	10	1.214800e-02	1.040840e-03	10	4.494990e-03	3.649840e-04	10	false	GAMG	6.458030e-03	5.805670e-05	5	true
203           	smoothSolver	7.699280e-04	6.556470e-05	10	1.212080e-02	1.041520e-03	10	4.501750e-03	3.648860e-04	10	false	GAMG	6.417120e-03	5.767910e-05	5	true
204           	smoothSolver	7.731230e-04	6.553840e-05	10	1.215340e-02	1.046270e-03	10	4.520530e-03	3.664900e-04	10	false	GAMG	6.382110e-03	5.615230e-05	5	true
205           	smoothSolver	7.772710e-04	6.567430e-05	10	1.220710e-02	1.054490e-03	10	4.539130e-03	3.685620e-04	10	false	GAMG	6.352970e-03	5.555640e-05	5	true
206           	smoothSolver	7.816020e-04	6.587390e-05	10	1.230810e-02	1.066520e-03	10	4.555830e-03	3.706030e-04	10	false	GAMG	6.322790e-03	5.742260e-05	5	true
207           	smoothSolver	7.858210e-04	6.605620e-05	10	1.243610e-02	1.079330e-03	10	4.569220e-03	3.724020e-04	10	false	GAMG	6.285930e-03	6.025890e-05	5	true
208           	smoothSolver	7.906060e-04	6.633590e-05	10	1.256890e-02	1.090910e-03	10	4.593160e-03	3.749080e-04	10	false	GAMG	6.250910e-03	6.150850e-05	5	true
209           	smoothSolver	7.959630e-04	6.679290e-05	10	1.268360e-02	1.100750e-03	10	4.637920e-03	3.799790e-04	10	false	GAMG	6.227650e-03	6.107900e-05	5	true
210           	smoothSolver	8.005370e-04	6.726400e-05	10	1.279080e-02	1.110590e-03	10	4.701650e-03	3.864350e-04	10	false	GAMG	6.215000e-03	5.947480e-05	5	true
211           	smoothSolver	8.037180e-04	6.764070e-05	10	1.287010e-02	1.118630e-03	10	4.751450e-03	3.912480e-04	10	false	GAMG	6.206650e-03	5.984940e-05	5	true
212           	smoothSolver	8.058620e-04	6.786970e-05	10	1.291680e-02	1.120510e-03	10	4.786030e-03	3.929330e-04	10	false	GAMG	6.206720e-03	3.835070e-05	6	true
213           	smoothSolver	8.075720e-04	6.799430e-05	10	1.293440e-02	1.116190e-03	10	4.810070e-03	3.934290e-04	10	false	GAMG	6.253750e-03	5.967880e-05	5	true
214           	smoothSolver	8.102680e-04	6.806250e-05	10	1.295840e-02	1.110540e-03	10	4.847760e-03	3.942890e-04	10	false	GAMG	6.331280e-03	5.975640e-05	5	true
215           	smoothSolver	8.106930e-04	6.802830e-05	10	1.293710e-02	1.104950e-03	10	4.895940e-03	3.973620e-04	10	false	GAMG	6.418090e-03	6.064730e-05	5	true
216           	smoothSolver	8.125540e-04	6.793830e-05	10	1.291600e-02	1.099770e-03	10	4.943060e-03	4.011710e-04	10	false	GAMG	6.531430e-03	6.443450e-05	5	true
217           	smoothSolver	8.143930e-04	6.796770e-05	10	1.289510e-02	1.096910e-03	10	4.983190e-03	4.048110e-04	10	false	GAMG	6.630970e-03	6.558420e-05	5	true
218           	smoothSolver	8.156800e-04	6.795920e-05	10	1.287280e-02	1.097270e-03	10	4.995880e-03	4.067660e-04	10	false	GAMG	6.687370e-03	6.277010e-05	5	true
219           	smoothSolver	8.157800e-04	6.785830e-05	10	1.283860e-02	1.099690e-03	10	4.990670e-03	4.075970e-04	10	false	GAMG	6.698070e-03	5.947350e-05	5	true
220           	smoothSolver	8.161400e-04	6.768080e-05	10	1.283260e-02	1.099910e-03	10	4.987990e-03	4.083680e-04	10	false	GAMG	6.697170e-03	5.811190e-05	5	true
221           	smoothSolver	8.162740e-04	6.761680e-05	10	1.286560e-02	1.097350e-03	10	4.995500e-03	4.083220e-04	10	false	GAMG	6.690240e-03	5.867330e-05	5	true
222           	smoothSolver	8.165270e-04	6.764810e-05	10	1.292470e-02	1.093180e-03	10	5.005650e-03	4.068710e-04	10	false	GAMG	6.665790e-03	5.933480e-05	5	true
223           	smoothSolver	8.164010e-04	6.741670e-05	10	1.299620e-02	1.088540e-03	10	5.008570e-03	4.034510e-04	10	false	GAMG	6.667280e-03	6.135120e-05	5	true
224           	smoothSolver	8.161510e-04	6.690080e-05	10	1.308670e-02	1.082840e-03	10	5.013300e-03	3.988280e-04	10	false	GAMG	6.685710e-03	6.323580e-05	5	true
225           	smoothSolver	8.154090e-04	6.645870e-05	10	1.319210e-02	1.078540e-03	10	5.022660e-03	5.005600e-04	9	false	GAMG	6.751170e-03	6.379440e-05	5	true
226           	smoothSolver	8.123630e-04	6.608940e-05	10	1.324890e-02	1.074770e-03	10	5.059160e-03	5.016890e-04	9	false	GAMG	6.863590e-03	6.435020e-05	5	true
227           	smoothSolver	8.091540e-04	6.581480e-05	10	1.323220e-02	1.072830e-03	10	5.059710e-03	5.008690e-04	9	false	GAMG	6.975670e-03	6.711220e-05	5	true
228           	smoothSolver	8.059410e-04	6.555350e-05	10	1.314440e-02	1.070920e-03	10	5.031740e-03	4.981300e-04	9	false	GAMG	7.061990e-03	4.913960e-05	6	true
229           	smoothSolver	8.049590e-04	6.515840e-05	10	1.299990e-02	1.066000e-03	10	4.986560e-03	4.949100e-04	9	false	GAMG	7.091590e-03	6.799220e-05	5	true
230           	smoothSolver	8.003860e-04	6.471460e-05	10	1.291430e-02	1.060000e-03	10	4.953870e-03	4.929500e-04	9	false	GAMG	7.021690e-03	4.838660e-05	6	true
231           	smoothSolver	7.943560e-04	6.430260e-05	10	1.279370e-02	1.056010e-03	10	4.930380e-03	3.916420e-04	10	false	GAMG	6.904670e-03	6.336370e-05	5	true
232           	smoothSolver	7.882990e-04	6.403900e-05	10	1.272750e-02	1.051340e-03	10	4.874810e-03	3.901760e-04	10	false	GAMG	6.725820e-03	6.347400e-05	5	true
233           	smoothSolver	7.810130e-04	6.383950e-05	10	1.269150e-02	1.045830e-03	10	4.842140e-03	3.888980e-04	10	false	GAMG	6.573450e-03	5.996470e-05	5	true
234           	smoothSolver	7.749230e-04	6.374130e-05	10	1.267770e-02	1.040410e-03	10	4.821330e-03	3.860760e-04	10	false	GAMG	6.493660e-03	5.941920e-05	5	true
235           	smoothSolver	7.691140e-04	6.369910e-05	10	1.267030e-02	1.037350e-03	10	4.800870e-03	3.828490e-04	10	false	GAMG	6.476950e-03	5.842390e-05	5	true
236           	smoothSolver	7.645140e-04	6.363890e-05	10	1.266800e-02	1.036900e-03	10	4.775320e-03	3.804210e-04	10	false	GAMG	6.489920e-03	5.844570e-05	5	true
237           	smoothSolver	7.608540e-04	6.353900e-05	10	1.267660e-02	1.037780e-03	10	4.747510e-03	3.778450e-04	10	false	GAMG	6.573250e-03	6.436050e-05	5	true
238           	smoothSolver	7.577200e-04	6.329040e-05	10	1.268130e-02	1.036070e-03	10	4.716770e-03	3.732330e-04	10	false	GAMG	6.689710e-03	4.677310e-05	6	true
239           	smoothSolver	7.563510e-04	6.280780e-05	10	1.263170e-02	1.030950e-03	10	4.678680e-03	4.651010e-04	9	false	GAMG	6.805530e-03	4.886770e-05	6	true
240           	smoothSolver	7.530660e-04	6.226660e-05	10	1.260220e-02	1.026570e-03	10	4.670800e-03	4.643530e-04	9	false	GAMG	6.881690e-03	5.036130e-05	6	true
241           	smoothSolver	7.511450e-04	6.189280e-05	10	1.255800e-02	1.024490e-03	10	4.663540e-03	4.658340e-04	9	false	GAMG	6.905080e-03	5.062340e-05	6	true
242           	smoothSolver	7.488450e-04	6.172800e-05	10	1.249880e-02	1.024390e-03	10	4.652180e-03	3.706720e-04	10	false	GAMG	6.880800e-03	4.897440e-05	6	true
243           	smoothSolver	7.459380e-04	6.161420e-05	10	1.243020e-02	1.025650e-03	10	4.592400e-03	3.676670e-04	10	false	GAMG	6.821700e-03	4.636380e-05	6	true
244           	smoothSolver	7.409760e-04	6.137970e-05	10	1.233960e-02	1.025870e-03	10	4.535120e-03	3.641490e-04	10	false	GAMG	6.733340e-03	4.440390e-05	6	true
245           	smoothSolver	7.345550e-04	6.116570e-05	10	1.224380e-02	1.024130e-03	10	4.479790e-03	3.611390e-04	10	false	GAMG	6.625750e-03	4.344570e-05	6	true
246           	smoothSolver	7.271920e-04	6.099310e-05	10	1.213690e-02	1.021670e-03	10	4.434590e-03	3.597020e-04	10	false	GAMG	6.500530e-03	6.148060e-05	5	true
247           	smoothSolver	7.220290e-04	6.098070e-05	10	1.202750e-02	1.019970e-03	10	4.396850e-03	3.589470e-04	10	false	GAMG	6.369820e-03	6.019300e-05	5	true
248           	smoothSolver	7.151170e-04	6.109710e-05	10	1.196330e-02	1.019400e-03	10	4.373620e-03	3.576150e-04	10	false	GAMG	6.244280e-03	5.803310e-05	5	true
249           	smoothSolver	7.103400e-04	6.117710e-05	10	1.191390e-02	1.017760e-03	10	4.354330e-03	3.555210e-04	10	false	GAMG	6.146800e-03	5.724350e-05	5	true
250           	smoothSolver	7.088220e-04	6.117540e-05	10	1.187840e-02	1.015910e-03	10	4.341970e-03	3.539340e-04	10	false	GAMG	6.065590e-03	5.702560e-05	5	true
251           	smoothSolver	7.105430e-04	6.123190e-05	10	1.185140e-02	1.015480e-03	10	4.340440e-03	3.543140e-04	10	false	GAMG	6.003430e-03	5.695190e-05	5	true
252           	smoothSolver	7.144850e-04	6.137540e-05	10	1.184330e-02	1.018340e-03	10	4.349300e-03	3.561550e-04	10	false	GAMG	5.963850e-03	5.620580e-05	5	true
253           	smoothSolver	7.192790e-04	6.157980e-05	10	1.184450e-02	1.023950e-03	10	4.356020e-03	3.578210e-04	10	false	GAMG	5.950020e-03	5.518600e-05	5	true
254           	smoothSolver	7.231320e-04	6.176550e-05	10	1.186610e-02	1.031670e-03	10	4.358450e-03	3.581270e-04	10	false	GAMG	5.952850e-03	5.564640e-05	5	true
255           	smoothSolver	7.255730e-04	6.190340e-05	10	1.190180e-02	1.038450e-03	10	4.356070e-03	3.577860e-04	10	false	GAMG	5.967130e-03	5.767920e-05	5	true
256           	smoothSolver	7.279560e-04	6.209030e-05	10	1.193690e-02	1.044820e-03	10	4.357320e-03	3.590130e-04	10	false	GAMG	5.982420e-03	4.129800e-05	6	true
257           	smoothSolver	7.323030e-04	6.236400e-05	10	1.199410e-02	1.054220e-03	10	4.367830e-03	3.626920e-04	10	false	GAMG	5.981150e-03	5.585300e-05	5	true
258           	smoothSolver	7.335400e-04	6.272310e-05	10	1.204290e-02	1.061730e-03	10	4.379280e-03	3.654580e-04	10	false	GAMG	5.947560e-03	5.880790e-05	5	true
259           	smoothSolver	7.368700e-04	6.300530e-05	10	1.208600e-02	1.068120e-03	10	4.394570e-03	3.670850e-04	10	false	GAMG	5.914010e-03	5.644800e-05	5	true
260           	smoothSolver	7.391700e-04	6.310560e-05	10	1.211450e-02	1.071480e-03	10	4.403940e-03	3.671150e-04	10	false	GAMG	5.876130e-03	5.464340e-05	5	true
261           	smoothSolver	7.398340e-04	6.318980e-05	10	1.213000e-02	1.075940e-03	10	4.412460e-03	3.690010e-04	10	false	GAMG	5.820950e-03	5.477850e-05	5	true
262           	smoothSolver	7.395400e-04	6.338330e-05	10	1.213100e-02	1.081970e-03	10	4.426150e-03	3.727820e-04	10	false	GAMG	5.752440e-03	5.703000e-05	5	true
263           	smoothSolver	7.391780e-04	6.368030e-05	10	1.211180e-02	1.086450e-03	10	4.439790e-03	3.767960e-04	10	false	GAMG	5.679170e-03	4.000570e-05	6	true
264           	smoothSolver	7.397360e-04	6.390360e-05	10	1.211040e-02	1.089100e-03	10	4.457870e-03	3.794430e-04	10	false	GAMG	5.616250e-03	5.348700e-05	5	true
265           	smoothSolver	7.399710e-04	6.397090e-05	10	1.209980e-02	1.087610e-03	10	4.473060e-03	3.801400e-04	10	false	GAMG	5.559000e-03	3.215770e-05	6	true
266           	smoothSolver	7.392990e-04	6.383620e-05	10	1.213360e-02	1.084260e-03	10	4.506650e-03	3.822090e-04	10	false	GAMG	5.512270e-03	5.264130e-05	5	true
267           	smoothSolver	7.376690e-04	6.359900e-05	10	1.214390e-02	1.076550e-03	10	4.529910e-03	3.835480e-04	10	false	GAMG	5.485360e-03	3.980290e-05	6	true
268           	smoothSolver	7.371010e-04	6.338660e-05	10	1.218550e-02	1.070460e-03	10	4.558710e-03	3.838450e-04	10	false	GAMG	5.525040e-03	5.346960e-05	5	true
269           	smoothSolver	7.350650e-04	6.312000e-05	10	1.225800e-02	1.065260e-03	10	4.573170e-03	3.801950e-04	10	false	GAMG	5.614250e-03	4.318080e-05	6	true
270           	smoothSolver	7.351150e-04	6.277120e-05	10	1.232380e-02	1.063620e-03	10	4.584470e-03	3.751940e-04	10	false	GAMG	5.741040e-03	5.576230e-05	5	true
271           	smoothSolver	7.340500e-04	6.255960e-05	10	1.240640e-02	1.064050e-03	10	4.584260e-03	3.708880e-04	10	false	GAMG	5.870280e-03	4.861970e-05	6	true
272           	smoothSolver	7.358840e-04	6.249980e-05	10	1.245750e-02	1.068260e-03	10	4.585040e-03	3.696330e-04	10	false	GAMG	5.983410e-03	4.858130e-05	6	true
273           	smoothSolver	7.361940e-04	6.252370e-05	10	1.253160e-02	1.074480e-03	10	4.571890e-03	3.685410e-04	10	false	GAMG	6.073430e-03	4.838020e-05	6	true
274           	smoothSolver	7.376450e-04	6.247540e-05	10	1.261510e-02	1.083110e-03	10	4.553450e-03	3.661000e-04	10	false	GAMG	6.142760e-03	4.711320e-05	6	true
275           	smoothSolver	7.383510e-04	6.232840e-05	10	1.270330e-02	1.090290e-03	10	4.541990e-03	3.632850e-04	10	false	GAMG	6.197050e-03	4.897490e-05	6	true
276           	smoothSolver	7.382530e-04	6.214450e-05	10	1.278140e-02	1.096580e-03	10	4.541220e-03	3.626850e-04	10	false	GAMG	6.241890e-03	4.485130e-05	6	true
277           	smoothSolver	7.378460e-04	6.196140e-05	10	1.283070e-02	1.102500e-03	10	4.542650e-03	3.645870e-04	10	false	GAMG	6.252980e-03	5.586090e-05	5	true
278           	smoothSolver	7.370150e-04	6.180460e-05	10	1.285810e-02	1.107200e-03	10	4.535140e-03	3.661970e-04	10	false	GAMG	6.241690e-03	5.655150e-05	5	true
279           	smoothSolver	7.335520e-04	6.165500e-05	10	1.289130e-02	1.111660e-03	10	4.524030e-03	3.668210e-04	10	false	GAMG	6.211910e-03	5.580650e-05	5	true
280           	smoothSolver	7.303760e-04	6.155660e-05	10	1.292440e-02	1.113980e-03	10	4.509020e-03	3.658800e-04	10	false	GAMG	6.165940e-03	5.735260e-05	5	true
281           	smoothSolver	7.274070e-04	6.162780e-05	10	1.296330e-02	1.116200e-03	10	4.491550e-03	3.654590e-04	10	false	GAMG	6.118120e-03	5.976830e-05	5	true
282           	smoothSolver	7.234420e-04	6.170010e-05	10	1.299400e-02	1.118860e-03	10	4.474880e-03	3.661060e-04	10	false	GAMG	6.080150e-03	4.262210e-05	6	true
283           	smoothSolver	7.199700e-04	6.154640e-05	10	1.299490e-02	1.118800e-03	10	4.457390e-03	3.662900e-04	10	false	GAMG	6.089690e-03	5.959020e-05	5	true
284           	smoothSolver	7.148650e-04	6.109740e-05	10	1.300600e-02	1.114600e-03	10	4.435710e-03	3.640730e-04	10	false	GAMG	6.118360e-03	4.751160e-05	6	true
285           	smoothSolver	7.115270e-04	6.058390e-05	10	1.297690e-02	1.111440e-03	10	4.424270e-03	3.617800e-04	10	false	GAMG	6.200650e-03	6.123720e-05	5	true
286           	smoothSolver	7.079000e-04	6.014150e-05	10	1.301140e-02	1.106810e-03	10	4.417780e-03	3.591110e-04	10	false	GAMG	6.245390e-03	4.579080e-05	6	true
287           	smoothSolver	7.064320e-04	5.986520e-05	10	1.301000e-02	1.106390e-03	10	4.425830e-03	3.585890e-04	10	false	GAMG	6.330450e-03	6.122730e-05	5	true
288           	smoothSolver	7.071900e-04	5.974510e-05	10	1.308900e-02	1.104690e-03	10	4.434420e-03	3.576000e-04	10	false	GAMG	6.434270e-03	4.794370e-05	6	true
289           	smoothSolver	7.075280e-04	5.962560e-05	10	1.309240e-02	1.101980e-03	10	4.436790e-03	3.558860e-04	10	false	GAMG	6.618600e-03	6.522670e-05	5	true
290           	smoothSolver	7.083500e-04	5.943770e-05	10	1.312860e-02	1.093800e-03	10	4.431400e-03	3.521590e-04	10	false	GAMG	6.777870e-03	5.095860e-05	6	true
291           	smoothSolver	7.085720e-04	5.924540e-05	10	1.309510e-02	1.088080e-03	10	4.430580e-03	4.426520e-04	9	false	GAMG	6.921770e-03	5.077240e-05	6	true
292           	smoothSolver	7.075640e-04	5.915520e-05	10	1.308920e-02	1.083530e-03	10	4.457510e-03	3.528880e-04	10	false	GAMG	7.007920e-03	5.068650e-05	6	true
293           	smoothSolver	7.073150e-04	5.919880e-05	10	1.306600e-02	1.083570e-03	10	4.444590e-03	3.530310e-04	10	false	GAMG	7.072100e-03	5.002240e-05	6	true
294           	smoothSolver	7.069120e-04	5.920460e-05	10	1.303670e-02	1.085620e-03	10	4.427040e-03	3.527830e-04	10	false	GAMG	7.098500e-03	4.887250e-05	6	true
295           	smoothSolver	7.061150e-04	5.906040e-05	10	1.298460e-02	1.085040e-03	10	4.399890e-03	3.511210e-04	10	false	GAMG	7.104490e-03	7.022930e-05	5	true
296           	smoothSolver	7.077150e-04	5.885300e-05	10	1.295080e-02	1.080410e-03	10	4.378610e-03	3.488730e-04	10	false	GAMG	7.100190e-03	4.922840e-05	6	true
297           	smoothSolver	7.052620e-04	5.863920e-05	10	1.289570e-02	1.074800e-03	10	4.358670e-03	3.479520e-04	10	false	GAMG	7.054300e-03	7.021670e-05	5	true
298           	smoothSolver	7.040500e-04	5.855380e-05	10	1.283340e-02	1.069660e-03	10	4.333160e-03	3.471480e-04	10	false	GAMG	6.954520e-03	4.833020e-05	6	true
299           	smoothSolver	7.005520e-04	5.847060e-05	10	1.278620e-02	1.068050e-03	10	4.309550e-03	3.461380e-04	10	false	GAMG	6.821080e-03	6.753250e-05	5	true
300           	smoothSolver	6.960080e-04	5.821800e-05	10	1.267870e-02	1.066060e-03	10	4.273290e-03	3.431710e-04	10	false	GAMG	6.656930e-03	4.067700e-05	6	true
301           	smoothSolver	6.900110e-04	5.783970e-05	10	1.263160e-02	1.064030e-03	10	4.241930e-03	3.407200e-04	10	false	GAMG	6.493110e-03	5.753400e-05	5	true
302           	smoothSolver	6.838460e-04	5.771240e-05	10	1.253950e-02	1.062700e-03	10	4.220010e-03	3.400960e-04	10	false	GAMG	6.335040e-03	5.468890e-05	5	true
303           	smoothSolver	6.787570e-04	5.779280e-05	10	1.250650e-02	1.062400e-03	10	4.210680e-03	3.407770e-04	10	false	GAMG	6.207190e-03	5.695380e-05	5	true
304           	smoothSolver	6.751840e-04	5.789240e-05	10	1.246960e-02	1.061810e-03	10	4.198830e-03	3.406300e-04	10	false	GAMG	6.094770e-03	5.700370e-05	5	true
305           	smoothSolver	6.729520e-04	5.785200e-05	10	1.241630e-02	1.061150e-03	10	4.184930e-03	3.390130e-04	10	false	GAMG	6.010550e-03	5.712290e-05	5	true
306           	smoothSolver	6.727360e-04	5.790000e-05	10	1.237730e-02	1.060750e-03	10	4.172980e-03	3.376400e-04	10	false	GAMG	5.961960e-03	4.458400e-05	6	true
307           	smoothSolver	6.772220e-04	5.816930e-05	10	1.234520e-02	1.061510e-03	10	4.179270e-03	3.386780e-04	10	false	GAMG	5.931040e-03	4.267230e-05	6	true
308           	smoothSolver	6.796040e-04	5.848200e-05	10	1.234550e-02	1.062810e-03	10	4.187500e-03	3.410830e-04	10	false	GAMG	5.870600e-03	4.372700e-05	6	true
309           	smoothSolver	6.818260e-04	5.871600e-05	10	1.231630e-02	1.063590e-03	10	4.187750e-03	3.430210e-04	10	false	GAMG	5.805620e-03	4.474400e-05	6	true
310           	smoothSolver	6.847810e-04	5.888680e-05	10	1.226260e-02	1.062760e-03	10	4.188690e-03	3.435920e-04	10	false	GAMG	5.726370e-03	4.270050e-05	6	true
311           	smoothSolver	6.874840e-04	5.906590e-05	10	1.218250e-02	1.060310e-03	10	4.188070e-03	3.439020e-04	10	false	GAMG	5.665200e-03	5.448400e-05	5	true
312           	smoothSolver	6.915060e-04	5.934580e-05	10	1.212440e-02	1.057680e-03	10	4.195790e-03	3.455720e-04	10	false	GAMG	5.622250e-03	3.835560e-05	6	true
313           	smoothSolver	6.923310e-04	5.982190e-05	10	1.206500e-02	1.056600e-03	10	4.217930e-03	3.496530e-04	10	false	GAMG	5.578000e-03	5.479290e-05	5	true
314           	smoothSolver	6.949170e-04	6.033120e-05	10	1.204330e-02	1.053440e-03	10	4.233570e-03	3.521120e-04	10	false	GAMG	5.555840e-03	4.239760e-05	6	true
315           	smoothSolver	6.962120e-04	6.062170e-05	10	1.201360e-02	1.050110e-03	10	4.252460e-03	3.540230e-04	10	false	GAMG	5.560240e-03	3.958070e-05	6	true
316           	smoothSolver	6.955780e-04	6.057630e-05	10	1.198780e-02	1.044980e-03	10	4.257340e-03	3.538760e-04	10	false	GAMG	5.576580e-03	4.120400e-05	6	true
317           	smoothSolver	6.952190e-04	6.036140e-05	10	1.194350e-02	1.039850e-03	10	4.256950e-03	3.538950e-04	10	false	GAMG	5.617930e-03	4.179360e-05	6	true
318           	smoothSolver	6.960250e-04	6.009650e-05	10	1.187410e-02	1.033530e-03	10	4.254170e-03	3.549040e-04	10	false	GAMG	5.669300e-03	4.080190e-05	6	true
319           	smoothSolver	6.972250e-04	6.002580e-05	10	1.180570e-02	1.028130e-03	10	4.255220e-03	3.566570e-04	10	false	GAMG	5.733220e-03	5.550610e-05	5	true
320           	smoothSolver	6.995780e-04	6.001730e-05	10	1.175720e-02	1.022440e-03	10	4.264130e-03	3.574050e-04	10	false	GAMG	5.778470e-03	5.711640e-05	5	true
321           	smoothSolver	6.997080e-04	5.987650e-05	10	1.170990e-02	1.016950e-03	10	4.265210e-03	3.567290e-04	10	false	GAMG	5.810830e-03	5.454140e-05	5	true
322           	smoothSolver	6.987570e-04	5.970300e-05	10	1.166110e-02	1.012270e-03	10	4.263190e-03	3.557930e-04	10	false	GAMG	5.797410e-03	5.464480e-05	5	true
323           	smoothSolver	6.970280e-04	5.962660e-05	10	1.161190e-02	1.010390e-03	10	4.261870e-03	3.562530e-04	10	false	GAMG	5.763550e-03	5.522950e-05	5	true
324           	smoothSolver	6.947630e-04	5.970610e-05	10	1.157210e-02	1.011500e-03	10	4.260210e-03	3.580090e-04	10	false	GAMG	5.685380e-03	5.569050e-05	5	true
325           	smoothSolver	6.917360e-04	5.991340e-05	10	1.153830e-02	1.015020e-03	10	4.248130e-03	3.590430e-04	10	false	GAMG	5.599560e-03	3.978680e-05	6	true
326           	smoothSolver	6.895160e-04	6.009710e-05	10	1.151900e-02	1.019160e-03	10	4.227150e-03	3.581750e-04	10	false	GAMG	5.503600e-03	5.456460e-05	5	true
327           	smoothSolver	6.874690e-04	6.021170e-05	10	1.149760e-02	1.020300e-03	10	4.193880e-03	3.560650e-04	10	false	GAMG	5.426810e-03	4.141700e-05	6	true
328           	smoothSolver	6.859650e-04	6.022100e-05	10	1.148460e-02	1.020830e-03	10	4.174830e-03	3.543850e-04	10	false	GAMG	5.395760e-03	3.583050e-05	6	true
329           	smoothSolver	6.878840e-04	6.026910e-05	10	1.150880e-02	1.021220e-03	10	4.166380e-03	3.534660e-04	10	false	GAMG	5.364140e-03	5.252310e-05	5	true
330           	smoothSolver	6.913590e-04	6.028670e-05	10	1.154200e-02	1.021930e-03	10	4.163590e-03	3.522950e-04	10	false	GAMG	5.357000e-03	4.314780e-05	6	true
331           	smoothSolver	6.932590e-04	6.020180e-05	10	1.160960e-02	1.024420e-03	10	4.166950e-03	3.508710e-04	10	false	GAMG	5.370930e-03	3.967280e-05	6	true
332           	smoothSolver	6.947160e-04	5.998410e-05	10	1.165300e-02	1.024470e-03	10	4.157230e-03	3.478060e-04	10	false	GAMG	5.373590e-03	3.775300e-05	6	true
333           	smoothSolver	6.945820e-04	5.976970e-05	10	1.167450e-02	1.024780e-03	10	4.139890e-03	3.451360e-04	10	false	GAMG	5.366660e-03	3.847350e-05	6	true
334           	smoothSolver	6.930940e-04	5.961370e-05	10	1.166600e-02	1.024930e-03	10	4.120410e-03	3.437410e-04	10	false	GAMG	5.345750e-03	5.326770e-05	5	true
335           	smoothSolver	6.928880e-04	5.954180e-05	10	1.163390e-02	1.023500e-03	10	4.098250e-03	3.424440e-04	10	false	GAMG	5.317630e-03	3.044250e-05	6	true
336           	smoothSolver	6.902360e-04	5.951660e-05	10	1.160920e-02	1.023010e-03	10	4.078950e-03	3.410610e-04	10	false	GAMG	5.290730e-03	5.133670e-05	5	true
337           	smoothSolver	6.874430e-04	5.947740e-05	10	1.158440e-02	1.022590e-03	10	4.056600e-03	3.389820e-04	10	false	GAMG	5.279580e-03	3.562530e-05	6	true
338           	smoothSolver	6.867220e-04	5.936580e-05	10	1.157060e-02	1.024590e-03	10	4.049060e-03	3.386840e-04	10	false	GAMG	5.284350e-03	5.133380e-05	5	true
339           	smoothSolver	6.853060e-04	5.929460e-05	10	1.156440e-02	1.027420e-03	10	4.041250e-03	3.387540e-04	10	false	GAMG	5.294900e-03	3.523720e-05	6	true
340           	smoothSolver	6.858140e-04	5.933430e-05	10	1.156260e-02	1.032720e-03	10	4.043500e-03	3.399430e-04	10	false	GAMG	5.288190e-03	3.324330e-05	6	true
341           	smoothSolver	6.862670e-04	5.949790e-05	10	1.156140e-02	1.034850e-03	10	4.041630e-03	3.404110e-04	10	false	GAMG	5.283310e-03	3.364450e-05	6	true
342           	smoothSolver	6.877470e-04	5.972260e-05	10	1.158110e-02	1.037040e-03	10	4.049830e-03	3.407210e-04	10	false	GAMG	5.245810e-03	3.237870e-05	6	true
343           	smoothSolver	6.889360e-04	5.992200e-05	10	1.162480e-02	1.041140e-03	10	4.063600e-03	3.419500e-04	10	false	GAMG	5.209230e-03	3.434880e-05	6	true
344           	smoothSolver	6.901950e-04	6.007190e-05	10	1.167370e-02	1.044790e-03	10	4.087090e-03	3.446560e-04	10	false	GAMG	5.179920e-03	3.543070e-05	6	true
345           	smoothSolver	6.920880e-04	6.023460e-05	10	1.172610e-02	1.046950e-03	10	4.124700e-03	3.489410e-04	10	false	GAMG	5.189090e-03	3.475890e-05	6	true
346           	smoothSolver	6.940760e-04	6.037500e-05	10	1.177040e-02	1.046550e-03	10	4.161710e-03	3.524720e-04	10	false	GAMG	5.251110e-03	3.388260e-05	6	true
347           	smoothSolver	6.963110e-04	6.047020e-05	10	1.180470e-02	1.044630e-03	10	4.194460e-03	3.545920e-04	10	false	GAMG	5.345710e-03	3.649620e-05	6	true
348           	smoothSolver	6.983010e-04	6.050640e-05	10	1.182190e-02	1.042030e-03	10	4.219860e-03	3.556240e-04	10	false	GAMG	5.439190e-03	4.212890e-05	6	true
349           	smoothSolver	6.999830e-04	6.051880e-05	10	1.180640e-02	1.038510e-03	10	4.240520e-03	3.574010e-04	10	false	GAMG	5.559650e-03	4.460230e-05	6	true
350           	smoothSolver	7.011460e-04	6.059050e-05	10	1.175510e-02	1.033700e-03	10	4.264990e-03	3.607260e-04	10	false	GAMG	5.672260e-03	4.539560e-05	6	true
351           	smoothSolver	7.014170e-04	6.065460e-05	10	1.167290e-02	1.028360e-03	10	4.285830e-03	3.636030e-04	10	false	GAMG	5.736190e-03	4.319080e-05	6	true
352           	smoothSolver	7.003260e-04	6.052850e-05	10	1.155510e-02	1.020520e-03	10	4.293780e-03	3.649760e-04	10	false	GAMG	5.745210e-03	3.558990e-05	6	true
353           	smoothSolver	6.985720e-04	6.017910e-05	10	1.142080e-02	1.009910e-03	10	4.290340e-03	3.648620e-04	10	false	GAMG	5.729690e-03	5.693440e-05	5	true
354           	smoothSolver	6.940400e-04	5.974010e-05	10	1.129190e-02	9.981030e-04	10	4.276740e-03	3.633060e-04	10	false	GAMG	5.695770e-03	3.842130e-05	6	true
355           	smoothSolver	6.915660e-04	5.928290e-05	10	1.118960e-02	9.871410e-04	10	4.271550e-03	3.623380e-04	10	false	GAMG	5.685030e-03	5.399390e-05	5	true
356           	smoothSolver	6.899440e-04	5.895920e-05	10	1.110130e-02	9.773790e-04	10	4.269970e-03	3.616010e-04	10	false	GAMG	5.706700e-03	5.617840e-05	5	true
357           	smoothSolver	6.887210e-04	5.884860e-05	10	1.104620e-02	9.712330e-04	10	4.283970e-03	3.614300e-04	10	false	GAMG	5.766930e-03	5.754070e-05	5	true
358           	smoothSolver	6.894060e-04	5.882550e-05	10	1.102670e-02	9.672120e-04	10	4.295470e-03	3.602510e-04	10	false	GAMG	5.817200e-03	4.120710e-05	6	true
359           	smoothSolver	6.928810e-04	5.881140e-05	10	1.102600e-02	9.644960e-04	10	4.306660e-03	3.586460e-04	10	false	GAMG	5.870270e-03	3.869130e-05	6	true
360           	smoothSolver	6.956930e-04	5.879310e-05	10	1.103500e-02	9.623160e-04	10	4.302040e-03	3.565250e-04	10	false	GAMG	5.883560e-03	4.068120e-05	6	true
361           	smoothSolver	6.970690e-04	5.876440e-05	10	1.103390e-02	9.598470e-04	10	4.290520e-03	3.548170e-04	10	false	GAMG	5.850880e-03	3.965510e-05	6	true
362           	smoothSolver	6.985370e-04	5.871290e-05	10	1.102140e-02	9.565290e-04	10	4.274970e-03	3.534240e-04	10	false	GAMG	5.807960e-03	5.721590e-05	5	true
363           	smoothSolver	6.998450e-04	5.865270e-05	10	1.100010e-02	9.529360e-04	10	4.260820e-03	3.519850e-04	10	false	GAMG	5.767150e-03	4.131470e-05	6	true
364           	smoothSolver	6.988970e-04	5.870490e-05	10	1.097510e-02	9.511090e-04	10	4.262750e-03	3.515310e-04	10	false	GAMG	5.689570e-03	5.303870e-05	5	true
365           	smoothSolver	6.989120e-04	5.883570e-05	10	1.094740e-02	9.477680e-04	10	4.248380e-03	3.508150e-04	10	false	GAMG	5.662210e-03	5.471870e-05	5	true
366           	smoothSolver	6.956540e-04	5.898700e-05	10	1.092720e-02	9.463950e-04	10	4.244480e-03	3.518450e-04	10	false	GAMG	5.636410e-03	3.624920e-05	6	true
367           	smoothSolver	6.928710e-04	5.903730e-05	10	1.092410e-02	9.457980e-04	10	4.241750e-03	3.526190e-04	10	false	GAMG	5.635240e-03	3.348970e-05	6	true
368           	smoothSolver	6.903860e-04	5.896470e-05	10	1.095200e-02	9.451210e-04	10	4.230370e-03	3.514140e-04	10	false	GAMG	5.659280e-03	4.041590e-05	6	true
369           	smoothSolver	6.878430e-04	5.877080e-05	10	1.097750e-02	9.446840e-04	10	4.221390e-03	3.497650e-04	10	false	GAMG	5.713420e-03	4.007630e-05	6	true
370           	smoothSolver	6.860220e-04	5.856860e-05	10	1.098610e-02	9.445600e-04	10	4.217940e-03	3.489860e-04	10	false	GAMG	5.775650e-03	4.042360e-05	6	true
371           	smoothSolver	6.854780e-04	5.842670e-05	10	1.098380e-02	9.446580e-04	10	4.212010e-03	3.491050e-04	10	false	GAMG	5.841290e-03	4.075020e-05	6	true
372           	smoothSolver	6.854620e-04	5.816350e-05	10	1.097230e-02	9.421570e-04	10	4.205370e-03	3.480100e-04	10	false	GAMG	5.876550e-03	5.732470e-05	5	true
373           	smoothSolver	6.862910e-04	5.786340e-05	10	1.096620e-02	9.394720e-04	10	4.193280e-03	3.453350e-04	10	false	GAMG	5.901500e-03	4.058520e-05	6	true
374           	smoothSolver	6.851040e-04	5.771230e-05	10	1.094340e-02	9.408430e-04	10	4.177990e-03	3.427680e-04	10	false	GAMG	5.895250e-03	5.794380e-05	5	true
375           	smoothSolver	6.832070e-04	5.778030e-05	10	1.095670e-02	9.434840e-04	10	4.159340e-03	3.403750e-04	10	false	GAMG	5.881800e-03	4.490080e-05	6	true
376           	smoothSolver	6.839090e-04	5.793070e-05	10	1.097330e-02	9.478960e-04	10	4.147510e-03	3.401440e-04	10	false	GAMG	5.857160e-03	3.658540e-05	6	true
377           	smoothSolver	6.814310e-04	5.798950e-05	10	1.096800e-02	9.484400e-04	10	4.128690e-03	3.393620e-04	10	false	GAMG	5.832530e-03	3.614510e-05	6	true
378           	smoothSolver	6.821120e-04	5.791940e-05	10	1.098000e-02	9.480330e-04	10	4.112430e-03	3.380030e-04	10	false	GAMG	5.810000e-03	5.693640e-05	5	true
379           	smoothSolver	6.829410e-04	5.786920e-05	10	1.100240e-02	9.467600e-04	10	4.103090e-03	3.362110e-04	10	false	GAMG	5.835620e-03	4.041430e-05	6	true
380           	smoothSolver	6.863710e-04	5.791460e-05	10	1.107680e-02	9.475720e-04	10	4.110080e-03	3.355470e-04	10	false	GAMG	5.911790e-03	5.848250e-05	5	true
381           	smoothSolver	6.899690e-04	5.805510e-05	10	1.116500e-02	9.499870e-04	10	4.123890e-03	3.352780e-04	10	false	GAMG	6.013270e-03	4.192970e-05	6	true
382           	smoothSolver	6.928700e-04	5.821310e-05	10	1.127420e-02	9.548730e-04	10	4.157970e-03	3.365410e-04	10	false	GAMG	6.140110e-03	4.148150e-05	6	true
383           	smoothSolver	6.975320e-04	5.826010e-05	10	1.138860e-02	9.567590e-04	10	4.192300e-03	3.369650e-04	10	false	GAMG	6.266980e-03	4.212450e-05	6	true
384           	smoothSolver	7.025020e-04	5.825320e-05	10	1.145650e-02	9.552610e-04	10	4.218720e-03	3.370530e-04	10	false	GAMG	6.382540e-03	4.396780e-05	6	true
385           	smoothSolver	7.063830e-04	5.816290e-05	10	1.147990e-02	9.529840e-04	10	4.238890e-03	3.373770e-04	10	false	GAMG	6.473620e-03	6.433520e-05	5	true
386           	smoothSolver	7.094000e-04	5.804560e-05	10	1.144490e-02	9.519400e-04	10	4.250060e-03	3.390480e-04	10	false	GAMG	6.483660e-03	4.668680e-05	6	true
387           	smoothSolver	7.090930e-04	5.807850e-05	10	1.137960e-02	9.534470e-04	10	4.259020e-03	3.428780e-04	10	false	GAMG	6.409070e-03	5.929220e-05	5	true
388           	smoothSolver	7.033340e-04	5.801300e-05	10	1.124620e-02	9.538840e-04	10	4.235260e-03	3.451960e-04	10	false	GAMG	6.276820e-03	5.840890e-05	5	true
389           	smoothSolver	6.947740e-04	5.779060e-05	10	1.110850e-02	9.514810e-04	10	4.203800e-03	3.463210e-04	10	false	GAMG	6.143930e-03	5.621550e-05	5	true
390           	smoothSolver	6.863020e-04	5.753800e-05	10	1.096600e-02	9.475900e-04	10	4.166830e-03	3.460370e-04	10	false	GAMG	6.003410e-03	5.506850e-05	5	true
391           	smoothSolver	6.801850e-04	5.747220e-05	10	1.084380e-02	9.454700e-04	10	4.137460e-03	3.460580e-04	10	false	GAMG	5.858890e-03	5.485360e-05	5	true
392           	smoothSolver	6.766610e-04	5.771840e-05	10	1.077500e-02	9.471060e-04	10	4.122120e-03	3.469470e-04	10	false	GAMG	5.726740e-03	5.510930e-05	5	true
393           	smoothSolver	6.745270e-04	5.807270e-05	10	1.075150e-02	9.501610e-04	10	4.109300e-03	3.474730e-04	10	false	GAMG	5.614540e-03	3.079510e-05	6	true
394           	smoothSolver	6.733120e-04	5.828330e-05	10	1.075270e-02	9.509990e-04	10	4.097020e-03	3.463260e-04	10	false	GAMG	5.540620e-03	5.472340e-05	5	true
395           	smoothSolver	6.717860e-04	5.820100e-05	10	1.073610e-02	9.464520e-04	10	4.082250e-03	3.438260e-04	10	false	GAMG	5.511410e-03	3.469670e-05	6	true
396           	smoothSolver	6.705820e-04	5.799200e-05	10	1.073390e-02	9.418840e-04	10	4.083500e-03	3.435210e-04	10	false	GAMG	5.501680e-03	3.628430e-05	6	true
397           	smoothSolver	6.688700e-04	5.778630e-05	10	1.074780e-02	9.392620e-04	10	4.092400e-03	3.446250e-04	10	false	GAMG	5.534400e-03	3.790780e-05	6	true
398           	smoothSolver	6.680140e-04	5.772020e-05	10	1.077560e-02	9.386550e-04	10	4.106340e-03	3.454750e-04	10	false	GAMG	5.583880e-03	5.525120e-05	5	true
399           	smoothSolver	6.694390e-04	5.773260e-05	10	1.081250e-02	9.397320e-04	10	4.113780e-03	3.443010e-04	10	false	GAMG	5.617490e-03	3.868690e-05	6	true
400           	smoothSolver	6.698100e-04	5.762760e-05	10	1.081140e-02	9.400620e-04	10	4.113990e-03	3.425430e-04	10	false	GAMG	5.621050e-03	3.874420e-05	6	true
401           	smoothSolver	6.689640e-04	5.743650e-05	10	1.078530e-02	9.372790e-04	10	4.107000e-03	3.411250e-04	10	false	GAMG	5.614060e-03	4.239560e-05	6	true
402           	smoothSolver	6.688560e-04	5.733000e-05	10	1.071760e-02	9.330850e-04	10	4.104980e-03	3.421050e-04	10	false	GAMG	5.607780e-03	3.884980e-05	6	true
403           	smoothSolver	6.679430e-04	5.732010e-05	10	1.063870e-02	9.287670e-04	10	4.101410e-03	3.438640e-04	10	false	GAMG	5.561700e-03	3.186140e-05	6	true
404           	smoothSolver	6.683190e-04	5.737870e-05	10	1.056290e-02	9.238740e-04	10	4.098420e-03	3.442660e-04	10	false	GAMG	5.524360e-03	5.466140e-05	5	true
405           	smoothSolver	6.667580e-04	5.744180e-05	10	1.051850e-02	9.202020e-04	10	4.092180e-03	3.432250e-04	10	false	GAMG	5.530040e-03	3.149590e-05	6	true
406           	smoothSolver	6.666600e-04	5.739910e-05	10	1.050530e-02	9.169720e-04	10	4.094420e-03	3.426770e-04	10	false	GAMG	5.566460e-03	5.343610e-05	5	true
407           	smoothSolver	6.678820e-04	5.734820e-05	10	1.049350e-02	9.105860e-04	10	4.099730e-03	3.417890e-04	10	false	GAMG	5.618940e-03	3.113560e-05	6	true
408           	smoothSolver	6.704300e-04	5.738360e-05	10	1.051590e-02	9.066230e-04	10	4.122180e-03	3.426650e-04	10	false	GAMG	5.659500e-03	5.429210e-05	5	true
409           	smoothSolver	6.732880e-04	5.745190e-05	10	1.052970e-02	9.029480e-04	10	4.137660e-03	3.414940e-04	10	false	GAMG	5.692490e-03	5.680670e-05	5	true
410           	smoothSolver	6.760620e-04	5.758250e-05	10	1.055700e-02	9.021210e-04	10	4.152320e-03	3.394300e-04	10	false	GAMG	5.710020e-03	3.567970e-05	6	true
411           	smoothSolver	6.787530e-04	5.773170e-05	10	1.055250e-02	9.005840e-04	10	4.151090e-03	3.368280e-04	10	false	GAMG	5.703920e-03	3.553830e-05	6	true
412           	smoothSolver	6.806310e-04	5.783710e-05	10	1.048920e-02	8.971340e-04	10	4.135540e-03	3.352150e-04	10	false	GAMG	5.685900e-03	3.495900e-05	6	true
413           	smoothSolver	6.823590e-04	5.798300e-05	10	1.041490e-02	8.943790e-04	10	4.119430e-03	3.358870e-04	10	false	GAMG	5.666840e-03	3.333960e-05	6	true
414           	smoothSolver	6.849970e-04	5.822100e-05	10	1.036230e-02	8.932620e-04	10	4.118650e-03	3.376730e-04	10	false	GAMG	5.641390e-03	3.422660e-05	6	true
415           	smoothSolver	6.879620e-04	5.847950e-05	10	1.033660e-02	8.930390e-04	10	4.127630e-03	3.393640e-04	10	false	GAMG	5.607660e-03	4.343830e-05	6	true
416           	smoothSolver	6.926900e-04	5.868380e-05	10	1.031550e-02	8.920030e-04	10	4.135160e-03	3.403100e-04	10	false	GAMG	5.563500e-03	4.532230e-05	6	true
417           	smoothSolver	6.981310e-04	5.886530e-05	10	1.030340e-02	8.905100e-04	10	4.140920e-03	3.415490e-04	10	false	GAMG	5.501930e-03	4.078480e-05	6	true
418           	smoothSolver	6.963970e-04	5.905670e-05	10	1.028090e-02	8.878990e-04	10	4.141040e-03	3.432600e-04	10	false	GAMG	5.462950e-03	4.232570e-05	6	true
419           	smoothSolver	6.941320e-04	5.917300e-05	10	1.024850e-02	8.844900e-04	10	4.140980e-03	3.444800e-04	10	false	GAMG	5.477600e-03	4.296030e-05	6	true
420           	smoothSolver	6.928960e-04	5.913400e-05	10	1.023970e-02	8.820040e-04	10	4.143270e-03	3.447990e-04	10	false	GAMG	5.543580e-03	4.633480e-05	6	true
421           	smoothSolver	6.911970e-04	5.899230e-05	10	1.024900e-02	8.829010e-04	10	4.141950e-03	3.448550e-04	10	false	GAMG	5.621500e-03	4.386940e-05	6	true
422           	smoothSolver	6.849270e-04	5.878280e-05	10	1.027270e-02	8.863630e-04	10	4.154330e-03	3.466240e-04	10	false	GAMG	5.722590e-03	4.596610e-05	6	true
423           	smoothSolver	6.841150e-04	5.864550e-05	10	1.032510e-02	8.920490e-04	10	4.177400e-03	3.501340e-04	10	false	GAMG	5.825140e-03	4.147800e-05	6	true
424           	smoothSolver	6.853090e-04	5.868880e-05	10	1.041750e-02	8.986160e-04	10	4.210140e-03	3.532070e-04	10	false	GAMG	5.893900e-03	4.088550e-05	6	true
425           	smoothSolver	6.880610e-04	5.880780e-05	10	1.052810e-02	9.057210e-04	10	4.236430e-03	3.544460e-04	10	false	GAMG	5.914370e-03	4.165560e-05	6	true
426           	smoothSolver	6.911660e-04	5.891570e-05	10	1.065580e-02	9.157420e-04	10	4.261580e-03	3.548070e-04	10	false	GAMG	5.896110e-03	4.283190e-05	6	true
427           	smoothSolver	6.942130e-04	5.914900e-05	10	1.079440e-02	9.282610e-04	10	4.291550e-03	3.560430e-04	10	false	GAMG	5.867470e-03	3.541350e-05	6	true
428           	smoothSolver	6.975470e-04	5.954490e-05	10	1.090350e-02	9.382370e-04	10	4.322260e-03	3.590430e-04	10	false	GAMG	5.825850e-03	3.586950e-05	6	true
429           	smoothSolver	6.986610e-04	5.998770e-05	10	1.095630e-02	9.426010e-04	10	4.348700e-03	3.621660e-04	10	false	GAMG	5.827740e-03	3.981700e-05	6	true
430           	smoothSolver	7.005170e-04	6.047370e-05	10	1.100460e-02	9.446290e-04	10	4.369260e-03	3.640390e-04	10	false	GAMG	5.889030e-03	3.693080e-05	6	true
431           	smoothSolver	7.043950e-04	6.086670e-05	10	1.105630e-02	9.460060e-04	10	4.384920e-03	3.642000e-04	10	false	GAMG	5.942310e-03	4.209560e-05	6	true
432           	smoothSolver	7.090110e-04	6.123730e-05	10	1.112480e-02	9.490130e-04	10	4.408740e-03	3.639520e-04	10	false	GAMG	6.018960e-03	4.082750e-05	6	true
433           	smoothSolver	7.154140e-04	6.164710e-05	10	1.120360e-02	9.536160e-04	10	4.437390e-03	3.645160e-04	10	false	GAMG	6.094490e-03	4.326760e-05	6	true
434           	smoothSolver	7.230620e-04	6.207920e-05	10	1.128660e-02	9.579220e-04	10	4.468950e-03	3.657790e-04	10	false	GAMG	6.148380e-03	4.552610e-05	6	true
435           	smoothSolver	7.310780e-04	6.248370e-05	10	1.135210e-02	9.599680e-04	10	4.496260e-03	3.663370e-04	10	false	GAMG	6.196640e-03	4.634010e-05	6	true
436           	smoothSolver	7.381980e-04	6.277710e-05	10	1.139040e-02	9.591780e-04	10	4.516250e-03	3.661380e-04	10	false	GAMG	6.218590e-03	4.626520e-05	6	true
437           	smoothSolver	7.439500e-04	6.303550e-05	10	1.139570e-02	9.585010e-04	10	4.523450e-03	3.657660e-04	10	false	GAMG	6.241410e-03	4.538670e-05	6	true
438           	smoothSolver	7.473050e-04	6.330050e-05	10	1.139750e-02	9.613760e-04	10	4.523850e-03	3.664340e-04	10	false	GAMG	6.238120e-03	5.838250e-05	5	true
439           	smoothSolver	7.501570e-04	6.351440e-05	10	1.137890e-02	9.660900e-04	10	4.520050e-03	3.680620e-04	10	false	GAMG	6.168230e-03	5.862990e-05	5	true
440           	smoothSolver	7.490900e-04	6.360900e-05	10	1.138080e-02	9.719670e-04	10	4.523160e-03	3.703820e-04	10	false	GAMG	6.092940e-03	5.715180e-05	5	true
441           	smoothSolver	7.477760e-04	6.372100e-05	10	1.140250e-02	9.791520e-04	10	4.532690e-03	3.725320e-04	10	false	GAMG	6.038860e-03	5.806450e-05	5	true
442           	smoothSolver	7.468860e-04	6.386520e-05	10	1.143790e-02	9.867380e-04	10	4.542810e-03	3.745540e-04	10	false	GAMG	6.000120e-03	3.807140e-05	6	true
443           	smoothSolver	7.475540e-04	6.408550e-05	10	1.149590e-02	9.966480e-04	10	4.549400e-03	3.773970e-04	10	false	GAMG	5.992600e-03	5.835370e-05	5	true
444           	smoothSolver	7.490260e-04	6.434600e-05	10	1.156710e-02	1.006790e-03	10	4.541630e-03	3.790740e-04	10	false	GAMG	5.990730e-03	4.023040e-05	6	true
445           	smoothSolver	7.510530e-04	6.463330e-05	10	1.163820e-02	1.018080e-03	10	4.536010e-03	3.804790e-04	10	false	GAMG	5.999630e-03	5.936560e-05	5	true
446           	smoothSolver	7.529390e-04	6.487000e-05	10	1.169130e-02	1.023810e-03	10	4.524910e-03	3.799480e-04	10	false	GAMG	6.010380e-03	4.445080e-05	6	true
447           	smoothSolver	7.551140e-04	6.495980e-05	10	1.171380e-02	1.026300e-03	10	4.522710e-03	3.796170e-04	10	false	GAMG	6.000030e-03	5.965880e-05	5	true
448           	smoothSolver	7.547540e-04	6.488620e-05	10	1.171750e-02	1.025480e-03	10	4.510520e-03	3.791370e-04	10	false	GAMG	5.987370e-03	4.130690e-05	6	true
449           	smoothSolver	7.540090e-04	6.473800e-05	10	1.174670e-02	1.025700e-03	10	4.509610e-03	3.799680e-04	10	false	GAMG	5.951980e-03	5.682460e-05	5	true
450           	smoothSolver	7.516200e-04	6.461640e-05	10	1.177260e-02	1.026870e-03	10	4.503820e-03	3.789640e-04	10	false	GAMG	5.928920e-03	5.889850e-05	5	true
451           	smoothSolver	7.490340e-04	6.445350e-05	10	1.181210e-02	1.030610e-03	10	4.494770e-03	3.769960e-04	10	false	GAMG	5.882090e-03	3.990920e-05	6	true
452           	smoothSolver	7.470790e-04	6.426240e-05	10	1.184700e-02	1.033530e-03	10	4.484010e-03	3.745330e-04	10	false	GAMG	5.857160e-03	3.970060e-05	6	true
453           	smoothSolver	7.433330e-04	6.399980e-05	10	1.184640e-02	1.032200e-03	10	4.466320e-03	3.721090e-04	10	false	GAMG	5.842450e-03	4.301110e-05	6	true
454           	smoothSolver	7.409300e-04	6.377960e-05	10	1.184470e-02	1.029720e-03	10	4.451160e-03	3.714550e-04	10	false	GAMG	5.849050e-03	4.321420e-05	6	true
455           	smoothSolver	7.380700e-04	6.366450e-05	10	1.183930e-02	1.028830e-03	10	4.440010e-03	3.706430e-04	10	false	GAMG	5.868400e-03	3.718060e-05	6	true
456           	smoothSolver	7.348190e-04	6.352490e-05	10	1.182670e-02	1.028390e-03	10	4.425940e-03	3.681680e-04	10	false	GAMG	5.897600e-03	5.718380e-05	5	true
457           	smoothSolver	7.308520e-04	6.316260e-05	10	1.180930e-02	1.025670e-03	10	4.402110e-03	3.638450e-04	10	false	GAMG	5.962050e-03	3.828620e-05	6	true
458           	smoothSolver	7.286890e-04	6.265760e-05	10	1.182110e-02	1.023190e-03	10	4.388830e-03	3.614720e-04	10	false	GAMG	5.997340e-03	5.813550e-05	5	true
459           	smoothSolver	7.238210e-04	6.212570e-05	10	1.181220e-02	1.018250e-03	10	4.367420e-03	3.600490e-04	10	false	GAMG	6.024330e-03	3.626680e-05	6	true
460           	smoothSolver	7.224750e-04	6.176920e-05	10	1.184440e-02	1.018020e-03	10	4.369940e-03	3.612780e-04	10	false	GAMG	6.014790e-03	5.877460e-05	5	true
461           	smoothSolver	7.196920e-04	6.169300e-05	10	1.184160e-02	1.019530e-03	10	4.365590e-03	3.615180e-04	10	false	GAMG	5.993130e-03	3.628480e-05	6	true
462           	smoothSolver	7.189030e-04	6.167780e-05	10	1.184870e-02	1.020960e-03	10	4.362050e-03	3.607820e-04	10	false	GAMG	5.945600e-03	3.654520e-05	6	true
463           	smoothSolver	7.167290e-04	6.160180e-05	10	1.178550e-02	1.016870e-03	10	4.342310e-03	3.592900e-04	10	false	GAMG	5.879900e-03	4.050320e-05	6	true
464           	smoothSolver	7.138380e-04	6.147480e-05	10	1.169490e-02	1.010910e-03	10	4.317050e-03	3.588180e-04	10	false	GAMG	5.798060e-03	3.532840e-05	6	true
465           	smoothSolver	7.110630e-04	6.132980e-05	10	1.159440e-02	1.006960e-03	10	4.282390e-03	3.587230e-04	10	false	GAMG	5.712860e-03	4.222730e-05	6	true
466           	smoothSolver	7.077810e-04	6.122580e-05	10	1.150800e-02	1.001940e-03	10	4.258580e-03	3.579160e-04	10	false	GAMG	5.626530e-03	3.832120e-05	6	true
467           	smoothSolver	7.078210e-04	6.117770e-05	10	1.144000e-02	9.969420e-04	10	4.242150e-03	3.566080e-04	10	false	GAMG	5.563530e-03	3.208400e-05	6	true
468           	smoothSolver	7.047620e-04	6.114340e-05	10	1.138440e-02	9.915450e-04	10	4.242130e-03	3.553100e-04	10	false	GAMG	5.497170e-03	5.398950e-05	5	true
469           	smoothSolver	7.033550e-04	6.108220e-05	10	1.131380e-02	9.842040e-04	10	4.243280e-03	3.545680e-04	10	false	GAMG	5.474940e-03	3.470270e-05	6	true
470           	smoothSolver	7.013170e-04	6.091660e-05	10	1.124510e-02	9.747410e-04	10	4.253020e-03	3.556130e-04	10	false	GAMG	5.471160e-03	3.283190e-05	6	true
471           	smoothSolver	6.977300e-04	6.059330e-05	10	1.116420e-02	9.617600e-04	10	4.255880e-03	3.554450e-04	10	false	GAMG	5.508990e-03	3.395390e-05	6	true
472           	smoothSolver	6.947120e-04	6.030570e-05	10	1.109280e-02	9.496380e-04	10	4.254910e-03	3.535950e-04	10	false	GAMG	5.583070e-03	3.708010e-05	6	true
473           	smoothSolver	6.910820e-04	5.993790e-05	10	1.101530e-02	9.397000e-04	10	4.246480e-03	3.509140e-04	10	false	GAMG	5.672800e-03	5.626410e-05	5	true
474           	smoothSolver	6.874890e-04	5.944980e-05	10	1.092230e-02	9.302690e-04	10	4.226160e-03	3.487860e-04	10	false	GAMG	5.758830e-03	4.067220e-05	6	true
475           	smoothSolver	6.860310e-04	5.912470e-05	10	1.082580e-02	9.218230e-04	10	4.213130e-03	3.493320e-04	10	false	GAMG	5.850030e-03	5.644050e-05	5	true
476           	smoothSolver	6.848580e-04	5.903350e-05	10	1.075760e-02	9.123840e-04	10	4.208030e-03	3.491410e-04	10	false	GAMG	5.925880e-03	4.129000e-05	6	true
477           	smoothSolver	6.879840e-04	5.903180e-05	10	1.072290e-02	9.057930e-04	10	4.211360e-03	3.488490e-04	10	false	GAMG	6.007070e-03	5.800980e-05	5	true
478           	smoothSolver	6.915750e-04	5.910220e-05	10	1.072410e-02	9.022810e-04	10	4.219140e-03	3.473610e-04	10	false	GAMG	6.044320e-03	3.939660e-05	6	true
479           	smoothSolver	6.968200e-04	5.924390e-05	10	1.072830e-02	9.015340e-04	10	4.227800e-03	3.468440e-04	10	false	GAMG	6.030350e-03	5.990470e-05	5	true
480           	smoothSolver	6.996290e-04	5.944120e-05	10	1.067800e-02	8.976200e-04	10	4.228560e-03	3.474380e-04	10	false	GAMG	5.987940e-03	4.321350e-05	6	true
481           	smoothSolver	7.042460e-04	5.975690e-05	10	1.060950e-02	8.925650e-04	10	4.236460e-03	3.498240e-04	10	false	GAMG	5.910590e-03	4.014100e-05	6	true
482           	smoothSolver	7.037420e-04	6.002320e-05	10	1.050010e-02	8.863560e-04	10	4.230680e-03	3.510230e-04	10	false	GAMG	5.814540e-03	4.165540e-05	6	true
483           	smoothSolver	7.045020e-04	6.015270e-05	10	1.039750e-02	8.784860e-04	10	4.218100e-03	3.507500e-04	10	false	GAMG	5.743730e-03	3.547700e-05	6	true
484           	smoothSolver	7.041190e-04	6.011290e-05	10	1.031060e-02	8.705980e-04	10	4.203420e-03	3.500670e-04	10	false	GAMG	5.725410e-03	5.675690e-05	5	true
485           	smoothSolver	7.024560e-04	6.005500e-05	10	1.023980e-02	8.640080e-04	10	4.190890e-03	3.499920e-04	10	false	GAMG	5.742370e-03	3.934990e-05	6	true
486           	smoothSolver	7.019520e-04	5.996970e-05	10	1.019540e-02	8.585330e-04	10	4.182390e-03	3.496990e-04	10	false	GAMG	5.766880e-03	5.564340e-05	5	true
487           	smoothSolver	6.969280e-04	5.978060e-05	10	1.013320e-02	8.522360e-04	10	4.153140e-03	3.465180e-04	10	false	GAMG	5.799890e-03	3.542100e-05	6	true
488           	smoothSolver	6.925680e-04	5.932780e-05	10	1.006390e-02	8.446390e-04	10	4.121530e-03	3.421050e-04	10	false	GAMG	5.833980e-03	5.756710e-05	5	true
489           	smoothSolver	6.875350e-04	5.877410e-05	10	9.988090e-03	8.379120e-04	10	4.086140e-03	3.373790e-04	10	false	GAMG	5.831940e-03	3.494680e-05	6	true
490           	smoothSolver	6.828590e-04	5.822240e-05	10	9.915730e-03	8.353410e-04	10	4.060680e-03	3.349970e-04	10	false	GAMG	5.798470e-03	5.560370e-05	5	true
491           	smoothSolver	6.762720e-04	5.773530e-05	10	9.823780e-03	8.326410e-04	10	4.030570e-03	3.331780e-04	10	false	GAMG	5.751030e-03	5.725470e-05	5	true
492           	smoothSolver	6.691470e-04	5.725450e-05	10	9.741450e-03	8.292080e-04	10	4.000280e-03	3.317500e-04	10	false	GAMG	5.694450e-03	5.513940e-05	5	true
493           	smoothSolver	6.633800e-04	5.685290e-05	10	9.681640e-03	8.242410e-04	10	3.966450e-03	3.296920e-04	10	false	GAMG	5.659670e-03	5.455500e-05	5	true
494           	smoothSolver	6.593820e-04	5.651380e-05	10	9.668830e-03	8.212080e-04	10	3.942690e-03	3.278770e-04	10	false	GAMG	5.625470e-03	5.480660e-05	5	true
495           	smoothSolver	6.571780e-04	5.629310e-05	10	9.684540e-03	8.239870e-04	10	3.927350e-03	3.268850e-04	10	false	GAMG	5.602410e-03	5.571150e-05	5	true
496           	smoothSolver	6.562740e-04	5.621110e-05	10	9.724370e-03	8.312680e-04	10	3.913410e-03	3.256350e-04	10	false	GAMG	5.562940e-03	3.372500e-05	6	true
497           	smoothSolver	6.553480e-04	5.612760e-05	10	9.768720e-03	8.374750e-04	10	3.893920e-03	3.228560e-04	10	false	GAMG	5.513150e-03	3.293770e-05	6	true
498           	smoothSolver	6.541350e-04	5.603550e-05	10	9.777800e-03	8.396430e-04	10	3.876170e-03	3.195140e-04	10	false	GAMG	5.468130e-03	3.098740e-05	6	true
499           	smoothSolver	6.526460e-04	5.595900e-05	10	9.795500e-03	8.413070e-04	10	3.865910e-03	3.173900e-04	10	false	GAMG	5.425740e-03	3.223340e-05	6	true
500           	smoothSolver	6.525280e-04	5.603060e-05	10	9.819470e-03	8.416890e-04	10	3.864400e-03	3.169030e-04	10	false	GAMG	5.394110e-03	3.074630e-05	6	true
501           	smoothSolver	6.543860e-04	5.627980e-05	10	9.842720e-03	8.428610e-04	10	3.867860e-03	3.172450e-04	10	false	GAMG	5.389440e-03	5.220390e-05	5	true
502           	smoothSolver	6.562950e-04	5.662410e-05	10	9.872380e-03	8.445670e-04	10	3.873010e-03	3.170770e-04	10	false	GAMG	5.393440e-03	5.283040e-05	5	true
503           	smoothSolver	6.584900e-04	5.687870e-05	10	9.901110e-03	8.458340e-04	10	3.875890e-03	3.164720e-04	10	false	GAMG	5.380490e-03	5.285320e-05	5	true
504           	smoothSolver	6.594010e-04	5.698250e-05	10	9.913900e-03	8.445040e-04	10	3.870480e-03	3.154280e-04	10	false	GAMG	5.374870e-03	3.218050e-05	6	true
505           	smoothSolver	6.606830e-04	5.699680e-05	10	9.899290e-03	8.416370e-04	10	3.863870e-03	3.154780e-04	10	false	GAMG	5.393260e-03	5.323550e-05	5	true
506           	smoothSolver	6.610890e-04	5.713160e-05	10	9.850200e-03	8.388500e-04	10	3.856340e-03	3.167910e-04	10	false	GAMG	5.399330e-03	3.644420e-05	6	true
507           	smoothSolver	6.626140e-04	5.729350e-05	10	9.804720e-03	8.386880e-04	10	3.853960e-03	3.183940e-04	10	false	GAMG	5.414770e-03	5.171400e-05	5	true
508           	smoothSolver	6.626980e-04	5.724200e-05	10	9.740290e-03	8.370740e-04	10	3.844680e-03	3.179780e-04	10	false	GAMG	5.395260e-03	3.342800e-05	6	true
509           	smoothSolver	6.612700e-04	5.706690e-05	10	9.702320e-03	8.365460e-04	10	3.842630e-03	3.167920e-04	10	false	GAMG	5.387200e-03	5.135780e-05	5	true
510           	smoothSolver	6.618360e-04	5.704640e-05	10	9.688410e-03	8.342440e-04	10	3.842170e-03	3.155440e-04	10	false	GAMG	5.402060e-03	3.259860e-05	6	true
511           	smoothSolver	6.630620e-04	5.725780e-05	10	9.716100e-03	8.349040e-04	10	3.858630e-03	3.173770e-04	10	false	GAMG	5.412620e-03	5.359660e-05	5	true
512           	smoothSolver	6.656420e-04	5.764790e-05	10	9.765280e-03	8.387940e-04	10	3.871480e-03	3.199450e-04	10	false	GAMG	5.416370e-03	3.597530e-05	6	true
513           	smoothSolver	6.709710e-04	5.804120e-05	10	9.849380e-03	8.474920e-04	10	3.888220e-03	3.225550e-04	10	false	GAMG	5.424000e-03	3.209310e-05	6	true
514           	smoothSolver	6.736300e-04	5.831130e-05	10	9.945110e-03	8.548140e-04	10	3.897340e-03	3.227540e-04	10	false	GAMG	5.420490e-03	3.215290e-05	6	true
515           	smoothSolver	6.774030e-04	5.859710e-05	10	1.002670e-02	8.596370e-04	10	3.902840e-03	3.225640e-04	10	false	GAMG	5.436250e-03	3.523290e-05	6	true
516           	smoothSolver	6.810080e-04	5.894210e-05	10	1.010140e-02	8.640280e-04	10	3.911740e-03	3.226940e-04	10	false	GAMG	5.452270e-03	3.192520e-05	6	true
517           	smoothSolver	6.852760e-04	5.942200e-05	10	1.018430e-02	8.697680e-04	10	3.928830e-03	3.243190e-04	10	false	GAMG	5.469290e-03	3.480850e-05	6	true
518           	smoothSolver	6.896180e-04	5.987690e-05	10	1.028680e-02	8.765560e-04	10	3.950170e-03	3.259390e-04	10	false	GAMG	5.494640e-03	3.263600e-05	6	true
519           	smoothSolver	6.943250e-04	6.007920e-05	10	1.040260e-02	8.833150e-04	10	3.973450e-03	3.267010e-04	10	false	GAMG	5.515960e-03	5.298040e-05	5	true
520           	smoothSolver	6.985190e-04	6.008390e-05	10	1.051790e-02	8.888480e-04	10	3.995200e-03	3.264450e-04	10	false	GAMG	5.545080e-03	5.489510e-05	5	true
521           	smoothSolver	7.006920e-04	6.005020e-05	10	1.062450e-02	8.937070e-04	10	4.020730e-03	3.274450e-04	10	false	GAMG	5.563310e-03	4.046090e-05	6	true
522           	smoothSolver	7.020130e-04	5.999320e-05	10	1.067200e-02	8.957080e-04	10	4.043340e-03	3.294520e-04	10	false	GAMG	5.586480e-03	3.777680e-05	6	true
523           	smoothSolver	7.004340e-04	5.996270e-05	10	1.066790e-02	8.972460e-04	10	4.049430e-03	3.308350e-04	10	false	GAMG	5.580350e-03	3.546020e-05	6	true
524           	smoothSolver	6.965700e-04	5.985210e-05	10	1.062800e-02	8.992380e-04	10	4.043960e-03	3.307620e-04	10	false	GAMG	5.543140e-03	3.525760e-05	6	true
525           	smoothSolver	6.909990e-04	5.958040e-05	10	1.055480e-02	8.990850e-04	10	4.020040e-03	3.293180e-04	10	false	GAMG	5.488480e-03	3.376460e-05	6	true
526           	smoothSolver	6.865180e-04	5.931280e-05	10	1.047900e-02	8.970630e-04	10	3.994530e-03	3.281310e-04	10	false	GAMG	5.446650e-03	5.289800e-05	5	true
527           	smoothSolver	6.831440e-04	5.918530e-05	10	1.042190e-02	8.937640e-04	10	3.974510e-03	3.283470e-04	10	false	GAMG	5.421640e-03	3.873480e-05	6	true
528           	smoothSolver	6.816910e-04	5.913140e-05	10	1.039100e-02	8.921510e-04	10	3.973690e-03	3.302570e-04	10	false	GAMG	5.426360e-03	5.353990e-05	5	true
529           	smoothSolver	6.813920e-04	5.916530e-05	10	1.036850e-02	8.930750e-04	10	3.967290e-03	3.310830e-04	10	false	GAMG	5.409660e-03	3.555560e-05	6	true
530           	smoothSolver	6.794180e-04	5.925770e-05	10	1.038570e-02	8.982650e-04	10	3.970910e-03	3.319850e-04	10	false	GAMG	5.404180e-03	5.357500e-05	5	true
531           	smoothSolver	6.800210e-04	5.913680e-05	10	1.038250e-02	9.004360e-04	10	3.965910e-03	3.313060e-04	10	false	GAMG	5.398660e-03	3.658740e-05	6	true
532           	smoothSolver	6.783330e-04	5.898270e-05	10	1.036290e-02	8.989250e-04	10	3.967140e-03	3.311120e-04	10	false	GAMG	5.394320e-03	3.253610e-05	6	true
533           	smoothSolver	6.788650e-04	5.886210e-05	10	1.032310e-02	8.958560e-04	10	3.959550e-03	3.309300e-04	10	false	GAMG	5.366380e-03	3.099590e-05	6	true
534           	smoothSolver	6.744070e-04	5.873380e-05	10	1.028470e-02	8.937970e-04	10	3.941520e-03	3.301700e-04	10	false	GAMG	5.317390e-03	5.294930e-05	5	true
535           	smoothSolver	6.715570e-04	5.863430e-05	10	1.025330e-02	8.932180e-04	10	3.917420e-03	3.285460e-04	10	false	GAMG	5.255540e-03	3.256370e-05	6	true
536           	smoothSolver	6.688310e-04	5.847260e-05	10	1.022950e-02	8.947250e-04	10	3.897470e-03	3.279130e-04	10	false	GAMG	5.179060e-03	4.950770e-05	5	true
537           	smoothSolver	6.648160e-04	5.829410e-05	10	1.018380e-02	8.938540e-04	10	3.872490e-03	3.273290e-04	10	false	GAMG	5.117030e-03	2.919360e-05	6	true
538           	smoothSolver	6.608270e-04	5.817030e-05	10	1.014120e-02	8.922530e-04	10	3.855110e-03	3.282850e-04	10	false	GAMG	5.054670e-03	2.873180e-05	6	true
539           	smoothSolver	6.565810e-04	5.802140e-05	10	1.006850e-02	8.862980e-04	10	3.836080e-03	3.281420e-04	10	false	GAMG	5.023540e-03	2.899030e-05	6	true
540           	smoothSolver	6.528400e-04	5.775820e-05	10	1.000610e-02	8.784280e-04	10	3.824320e-03	3.266460e-04	10	false	GAMG	5.018100e-03	2.905660e-05	6	true
541           	smoothSolver	6.497900e-04	5.740370e-05	10	9.955470e-03	8.717130e-04	10	3.817550e-03	3.238900e-04	10	false	GAMG	5.041080e-03	4.991220e-05	5	true
542           	smoothSolver	6.476810e-04	5.705970e-05	10	9.907070e-03	8.659590e-04	10	3.811830e-03	3.217040e-04	10	false	GAMG	5.085300e-03	3.139690e-05	6	true
543           	smoothSolver	6.460970e-04	5.679800e-05	10	9.873890e-03	8.622440e-04	10	3.824270e-03	3.232550e-04	10	false	GAMG	5.130050e-03	4.886770e-05	5	true
544           	smoothSolver	6.463750e-04	5.669700e-05	10	9.832110e-03	8.561720e-04	10	3.828310e-03	3.248040e-04	10	false	GAMG	5.174240e-03	3.077170e-05	6	true
545           	smoothSolver	6.464730e-04	5.665560e-05	10	9.828010e-03	8.512030e-04	10	3.848820e-03	3.269570e-04	10	false	GAMG	5.217260e-03	5.106150e-05	5	true
546           	smoothSolver	6.493250e-04	5.666740e-05	10	9.837210e-03	8.465030e-04	10	3.872720e-03	3.271400e-04	10	false	GAMG	5.281960e-03	3.125330e-05	6	true
547           	smoothSolver	6.532920e-04	5.678660e-05	10	9.893050e-03	8.481750e-04	10	3.917980e-03	3.286360e-04	10	false	GAMG	5.355590e-03	3.246880e-05	6	true
548           	smoothSolver	6.578110e-04	5.689110e-05	10	9.948020e-03	8.504360e-04	10	3.963920e-03	3.308510e-04	10	false	GAMG	5.434680e-03	3.805640e-05	6	true
549           	smoothSolver	6.622920e-04	5.702860e-05	10	9.984930e-03	8.525740e-04	10	4.007050e-03	3.339550e-04	10	false	GAMG	5.494540e-03	4.112460e-05	6	true
550           	smoothSolver	6.655220e-04	5.709490e-05	10	1.000400e-02	8.551890e-04	10	4.042470e-03	3.367950e-04	10	false	GAMG	5.526720e-03	4.253980e-05	6	true
551           	smoothSolver	6.680610e-04	5.705080e-05	10	1.002670e-02	8.588980e-04	10	4.070020e-03	3.387830e-04	10	false	GAMG	5.518510e-03	4.218440e-05	6	true
552           	smoothSolver	6.704960e-04	5.711640e-05	10	1.005710e-02	8.631900e-04	10	4.098380e-03	3.410950e-04	10	false	GAMG	5.488540e-03	3.467840e-05	6	true
553           	smoothSolver	6.738330e-04	5.745000e-05	10	1.008570e-02	8.684430e-04	10	4.125150e-03	3.448060e-04	10	false	GAMG	5.442410e-03	5.385310e-05	5	true
554           	smoothSolver	6.752370e-04	5.788920e-05	10	1.009990e-02	8.737230e-04	10	4.143490e-03	3.483770e-04	10	false	GAMG	5.401510e-03	3.302870e-05	6	true
555           	smoothSolver	6.760200e-04	5.827300e-05	10	1.011430e-02	8.787180e-04	10	4.155900e-03	3.515650e-04	10	false	GAMG	5.323560e-03	3.709570e-05	6	true
556           	smoothSolver	6.757010e-04	5.844270e-05	10	1.009760e-02	8.795830e-04	10	4.148620e-03	3.526050e-04	10	false	GAMG	5.276850e-03	4.070240e-05	6	true
557           	smoothSolver	6.743350e-04	5.835800e-05	10	1.007480e-02	8.798900e-04	10	4.144010e-03	3.541610e-04	10	false	GAMG	5.245670e-03	3.548470e-05	6	true
558           	smoothSolver	6.729180e-04	5.826560e-05	10	1.006300e-02	8.836000e-04	10	4.143480e-03	3.558040e-04	10	false	GAMG	5.237590e-03	3.168840e-05	6	true
559           	smoothSolver	6.709840e-04	5.825550e-05	10	1.005540e-02	8.889080e-04	10	4.143450e-03	3.573880e-04	10	false	GAMG	5.241670e-03	5.226900e-05	5	true
560           	smoothSolver	6.693260e-04	5.825810e-05	10	1.003910e-02	8.916120e-04	10	4.129290e-03	3.572880e-04	10	false	GAMG	5.247800e-03	3.105900e-05	6	true
561           	smoothSolver	6.675190e-04	5.827150e-05	10	1.003480e-02	8.942450e-04	10	4.114180e-03	3.565390e-04	10	false	GAMG	5.262790e-03	5.010760e-05	5	true
562           	smoothSolver	6.665550e-04	5.831680e-05	10	1.004930e-02	8.944010e-04	10	4.095330e-03	3.544100e-04	10	false	GAMG	5.274790e-03	3.880940e-05	6	true
563           	smoothSolver	6.675810e-04	5.842990e-05	10	1.009310e-02	8.974990e-04	10	4.094500e-03	3.544230e-04	10	false	GAMG	5.303030e-03	3.452830e-05	6	true
564           	smoothSolver	6.689650e-04	5.871100e-05	10	1.014180e-02	9.030960e-04	10	4.096520e-03	3.553550e-04	10	false	GAMG	5.285860e-03	3.642230e-05	6	true
565           	smoothSolver	6.705840e-04	5.897430e-05	10	1.017790e-02	9.094820e-04	10	4.102640e-03	3.568930e-04	10	false	GAMG	5.265830e-03	3.539520e-05	6	true
566           	smoothSolver	6.729220e-04	5.921460e-05	10	1.020280e-02	9.133740e-04	10	4.108530e-03	3.573860e-04	10	false	GAMG	5.243420e-03	3.150960e-05	6	true
567           	smoothSolver	6.749480e-04	5.948030e-05	10	1.021330e-02	9.142780e-04	10	4.112320e-03	3.567320e-04	10	false	GAMG	5.216390e-03	3.138540e-05	6	true
568           	smoothSolver	6.772140e-04	5.974030e-05	10	1.023490e-02	9.142480e-04	10	4.117770e-03	3.559720e-04	10	false	GAMG	5.202640e-03	3.328140e-05	6	true
569           	smoothSolver	6.808470e-04	6.006830e-05	10	1.028930e-02	9.156030e-04	10	4.130120e-03	3.565050e-04	10	false	GAMG	5.200430e-03	3.301070e-05	6	true
570           	smoothSolver	6.862720e-04	6.048910e-05	10	1.038560e-02	9.190200e-04	10	4.161530e-03	3.584900e-04	10	false	GAMG	5.218370e-03	3.092020e-05	6	true
571           	smoothSolver	6.916650e-04	6.084890e-05	10	1.050490e-02	9.232120e-04	10	4.192750e-03	3.595380e-04	10	false	GAMG	5.264880e-03	5.146990e-05	5	true
572           	smoothSolver	6.965100e-04	6.104020e-05	10	1.062360e-02	9.257640e-04	10	4.213830e-03	3.583970e-04	10	false	GAMG	5.343870e-03	2.887800e-05	6	true
573           	smoothSolver	6.992420e-04	6.098770e-05	10	1.071720e-02	9.264390e-04	10	4.235960e-03	3.573070e-04	10	false	GAMG	5.401190e-03	3.192170e-05	6	true
574           	smoothSolver	7.018840e-04	6.081440e-05	10	1.078420e-02	9.258050e-04	10	4.251290e-03	3.573880e-04	10	false	GAMG	5.467750e-03	3.600010e-05	6	true
575           	smoothSolver	7.025670e-04	6.071760e-05	10	1.081740e-02	9.283970e-04	10	4.262830e-03	3.582630e-04	10	false	GAMG	5.538000e-03	3.826540e-05	6	true
576           	smoothSolver	7.012410e-04	6.056220e-05	10	1.083510e-02	9.327360e-04	10	4.267000e-03	3.576900e-04	10	false	GAMG	5.580780e-03	3.851370e-05	6	true
577           	smoothSolver	6.976860e-04	6.018920e-05	10	1.082340e-02	9.343540e-04	10	4.256940e-03	3.554460e-04	10	false	GAMG	5.602070e-03	5.352920e-05	5	true
578           	smoothSolver	6.955150e-04	5.970260e-05	10	1.080010e-02	9.337370e-04	10	4.237440e-03	3.530270e-04	10	false	GAMG	5.607840e-03	4.077920e-05	6	true
579           	smoothSolver	6.919020e-04	5.931090e-05	10	1.077990e-02	9.339520e-04	10	4.229700e-03	3.533690e-04	10	false	GAMG	5.590770e-03	5.350540e-05	5	true
580           	smoothSolver	6.897200e-04	5.910980e-05	10	1.077800e-02	9.352760e-04	10	4.215420e-03	3.545460e-04	10	false	GAMG	5.569640e-03	3.563340e-05	6	true
581           	smoothSolver	6.873210e-04	5.905890e-05	10	1.080330e-02	9.415870e-04	10	4.207200e-03	3.564580e-04	10	false	GAMG	5.543200e-03	5.376520e-05	5	true
582           	smoothSolver	6.860370e-04	5.892310e-05	10	1.081800e-02	9.453320e-04	10	4.190410e-03	3.553670e-04	10	false	GAMG	5.509550e-03	3.678060e-05	6	true
583           	smoothSolver	6.837710e-04	5.860650e-05	10	1.082070e-02	9.445400e-04	10	4.171730e-03	3.525660e-04	10	false	GAMG	5.464460e-03	5.318780e-05	5	true
584           	smoothSolver	6.810950e-04	5.829560e-05	10	1.077220e-02	9.395600e-04	10	4.145050e-03	3.500050e-04	10	false	GAMG	5.412290e-03	3.244630e-05	6	true
585           	smoothSolver	6.776110e-04	5.805630e-05	10	1.074570e-02	9.364100e-04	10	4.131980e-03	3.495840e-04	10	false	GAMG	5.351730e-03	5.141160e-05	5	true
586           	smoothSolver	6.757460e-04	5.800950e-05	10	1.073920e-02	9.350960e-04	10	4.122560e-03	3.492530e-04	10	false	GAMG	5.319050e-03	3.616790e-05	6	true
587           	smoothSolver	6.746430e-04	5.806130e-05	10	1.077620e-02	9.372310e-04	10	4.121990e-03	3.485400e-04	10	false	GAMG	5.296010e-03	5.096880e-05	5	true
588           	smoothSolver	6.734840e-04	5.800270e-05	10	1.083270e-02	9.393360e-04	10	4.116620e-03	3.461190e-04	10	false	GAMG	5.290030e-03	3.228140e-05	6	true
589           	smoothSolver	6.735080e-04	5.789280e-05	10	1.089790e-02	9.420690e-04	10	4.116200e-03	3.444940e-04	10	false	GAMG	5.294720e-03	5.208230e-05	5	true
590           	smoothSolver	6.731520e-04	5.780550e-05	10	1.094180e-02	9.422310e-04	10	4.109070e-03	3.433030e-04	10	false	GAMG	5.339790e-03	4.096170e-05	6	true
591           	smoothSolver	6.743650e-04	5.766070e-05	10	1.095700e-02	9.409270e-04	10	4.104860e-03	3.426020e-04	10	false	GAMG	5.424340e-03	3.355050e-05	6	true
592           	smoothSolver	6.720540e-04	5.749990e-05	10	1.094160e-02	9.382930e-04	10	4.083650e-03	3.400520e-04	10	false	GAMG	5.510450e-03	3.911640e-05	6	true
593           	smoothSolver	6.721110e-04	5.728550e-05	10	1.090280e-02	9.365760e-04	10	4.059130e-03	3.357950e-04	10	false	GAMG	5.593410e-03	3.543190e-05	6	true
594           	smoothSolver	6.684430e-04	5.697150e-05	10	1.085490e-02	9.338480e-04	10	4.033440e-03	3.316830e-04	10	false	GAMG	5.637580e-03	4.113460e-05	6	true
595           	smoothSolver	6.672460e-04	5.675500e-05	10	1.081170e-02	9.317640e-04	10	4.015770e-03	3.301000e-04	10	false	GAMG	5.677100e-03	5.663790e-05	5	true
596           	smoothSolver	6.644320e-04	5.679910e-05	10	1.077990e-02	9.291410e-04	10	4.006180e-03	3.307340e-04	10	false	GAMG	5.685410e-03	4.370360e-05	6	true
597           	smoothSolver	6.641890e-04	5.689900e-05	10	1.075220e-02	9.268360e-04	10	4.007670e-03	3.328440e-04	10	false	GAMG	5.695900e-03	5.303500e-05	5	true
598           	smoothSolver	6.627600e-04	5.702610e-05	10	1.072500e-02	9.246820e-04	10	3.997170e-03	3.330350e-04	10	false	GAMG	5.680390e-03	5.485790e-05	5	true
599           	smoothSolver	6.613110e-04	5.707590e-05	10	1.069510e-02	9.254970e-04	10	3.990450e-03	3.330540e-04	10	false	GAMG	5.652210e-03	5.563330e-05	5	true
600           	smoothSolver	6.611090e-04	5.714710e-05	10	1.064800e-02	9.255000e-04	10	3.983570e-03	3.336850e-04	10	false	GAMG	5.645670e-03	4.044630e-05	6	true
601           	smoothSolver	6.620260e-04	5.725730e-05	10	1.057830e-02	9.237040e-04	10	3.971430e-03	3.346410e-04	10	false	GAMG	5.614890e-03	5.419720e-05	5	true
602           	smoothSolver	6.604540e-04	5.733520e-05	10	1.048690e-02	9.202790e-04	10	3.953370e-03	3.345320e-04	10	false	GAMG	5.557140e-03	4.025850e-05	6	true
603           	smoothSolver	6.612350e-04	5.736080e-05	10	1.043680e-02	9.175110e-04	10	3.948350e-03	3.345610e-04	10	false	GAMG	5.480970e-03	5.319500e-05	5	true
604           	smoothSolver	6.582900e-04	5.727810e-05	10	1.039630e-02	9.132650e-04	10	3.940000e-03	3.333600e-04	10	false	GAMG	5.419580e-03	5.365570e-05	5	true
605           	smoothSolver	6.601590e-04	5.731240e-05	10	1.040730e-02	9.115150e-04	10	3.952490e-03	3.342670e-04	10	false	GAMG	5.343030e-03	5.189130e-05	5	true
606           	smoothSolver	6.621300e-04	5.750050e-05	10	1.042610e-02	9.113600e-04	10	3.966750e-03	3.362850e-04	10	false	GAMG	5.293640e-03	3.011890e-05	6	true
607           	smoothSolver	6.627160e-04	5.768920e-05	10	1.044270e-02	9.108450e-04	10	3.977880e-03	3.376840e-04	10	false	GAMG	5.240560e-03	3.525460e-05	6	true
608           	smoothSolver	6.624240e-04	5.777210e-05	10	1.045490e-02	9.080420e-04	10	3.980470e-03	3.367400e-04	10	false	GAMG	5.222130e-03	3.937040e-05	6	true
609           	smoothSolver	6.612070e-04	5.760570e-05	10	1.047710e-02	9.050100e-04	10	3.983890e-03	3.346830e-04	10	false	GAMG	5.236990e-03	3.916930e-05	6	true
610           	smoothSolver	6.604370e-04	5.738000e-05	10	1.051260e-02	9.047330e-04	10	3.996100e-03	3.332030e-04	10	false	GAMG	5.290600e-03	3.898420e-05	6	true
611           	smoothSolver	6.608310e-04	5.711190e-05	10	1.053760e-02	9.044870e-04	10	4.007710e-03	3.327100e-04	10	false	GAMG	5.347500e-03	3.741580e-05	6	true
612           	smoothSolver	6.612200e-04	5.687680e-05	10	1.056350e-02	9.036210e-04	10	4.012900e-03	3.322610e-04	10	false	GAMG	5.421970e-03	3.855460e-05	6	true
613           	smoothSolver	6.623790e-04	5.683170e-05	10	1.060160e-02	9.020420e-04	10	4.019680e-03	3.314400e-04	10	false	GAMG	5.506790e-03	5.481800e-05	5	true
614           	smoothSolver	6.652320e-04	5.683750e-05	10	1.065390e-02	8.994590e-04	10	4.031310e-03	3.300100e-04	10	false	GAMG	5.608340e-03	4.534560e-05	6	true
615           	smoothSolver	6.698880e-04	5.692980e-05	10	1.068900e-02	8.989180e-04	10	4.051190e-03	3.306980e-04	10	false	GAMG	5.698970e-03	4.173140e-05	6	true
616           	smoothSolver	6.722180e-04	5.723050e-05	10	1.071050e-02	9.006360e-04	10	4.080380e-03	3.336910e-04	10	false	GAMG	5.772000e-03	3.862250e-05	6	true
617           	smoothSolver	6.782440e-04	5.766090e-05	10	1.070080e-02	9.016110e-04	10	4.111610e-03	3.375250e-04	10	false	GAMG	5.811520e-03	4.074700e-05	6	true
618           	smoothSolver	6.822570e-04	5.821380e-05	10	1.064660e-02	8.982360e-04	10	4.128290e-03	3.396350e-04	10	false	GAMG	5.822280e-03	4.321340e-05	6	true
619           	smoothSolver	6.849370e-04	5.865240e-05	10	1.055060e-02	8.919790e-04	10	4.123060e-03	3.393760e-04	10	false	GAMG	5.801470e-03	4.366680e-05	6	true
620           	smoothSolver	6.862620e-04	5.897340e-05	10	1.045370e-02	8.854590e-04	10	4.108380e-03	3.374670e-04	10	false	GAMG	5.762710e-03	4.032830e-05	6	true
621           	smoothSolver	6.879660e-04	5.924690e-05	10	1.040350e-02	8.822130e-04	10	4.101880e-03	3.367070e-04	10	false	GAMG	5.709880e-03	3.628690e-05	6	true
622           	smoothSolver	6.898310e-04	5.943250e-05	10	1.036960e-02	8.804440e-04	10	4.102170e-03	3.374530e-04	10	false	GAMG	5.678010e-03	5.520720e-05	5	true
623           	smoothSolver	6.909880e-04	5.961380e-05	10	1.033570e-02	8.795240e-04	10	4.097080e-03	3.382000e-04	10	false	GAMG	5.664440e-03	5.555650e-05	5	true
624           	smoothSolver	6.913000e-04	5.969030e-05	10	1.031180e-02	8.791190e-04	10	4.088360e-03	3.381330e-04	10	false	GAMG	5.630390e-03	5.436980e-05	5	true
625           	smoothSolver	6.901010e-04	5.954590e-05	10	1.026590e-02	8.754900e-04	10	4.071330e-03	3.365710e-04	10	false	GAMG	5.595410e-03	3.355580e-05	6	true
626           	smoothSolver	6.890690e-04	5.931220e-05	10	1.021030e-02	8.711180e-04	10	4.056590e-03	3.357760e-04	10	false	GAMG	5.585750e-03	5.499030e-05	5	true
627           	smoothSolver	6.861090e-04	5.930030e-05	10	1.014880e-02	8.695780e-04	10	4.043870e-03	3.357680e-04	10	false	GAMG	5.562520e-03	3.908560e-05	6	true
628           	smoothSolver	6.849340e-04	5.932160e-05	10	1.009260e-02	8.702120e-04	10	4.038690e-03	3.361170e-04	10	false	GAMG	5.557030e-03	5.170230e-05	5	true
629           	smoothSolver	6.806050e-04	5.916140e-05	10	1.004000e-02	8.699200e-04	10	4.020480e-03	3.354200e-04	10	false	GAMG	5.532500e-03	5.327330e-05	5	true
630           	smoothSolver	6.770380e-04	5.882570e-05	10	1.001370e-02	8.705960e-04	10	4.007960e-03	3.351790e-04	10	false	GAMG	5.524430e-03	5.403570e-05	5	true
631           	smoothSolver	6.741330e-04	5.847780e-05	10	1.001250e-02	8.710260e-04	10	4.001310e-03	3.357170e-04	10	false	GAMG	5.508300e-03	3.949400e-05	6	true
632           	smoothSolver	6.749560e-04	5.832710e-05	10	1.001950e-02	8.740870e-04	10	3.999780e-03	3.379860e-04	10	false	GAMG	5.486270e-03	5.431470e-05	5	true
633           	smoothSolver	6.730260e-04	5.835210e-05	10	1.002960e-02	8.784770e-04	10	3.990800e-03	3.398470e-04	10	false	GAMG	5.415310e-03	4.040260e-05	6	true
634           	smoothSolver	6.721560e-04	5.834020e-05	10	1.001920e-02	8.822560e-04	10	3.982870e-03	3.406760e-04	10	false	GAMG	5.366750e-03	3.579780e-05	6	true
635           	smoothSolver	6.688240e-04	5.812460e-05	10	1.000260e-02	8.804110e-04	10	3.966090e-03	3.386150e-04	10	false	GAMG	5.325970e-03	3.510620e-05	6	true
636           	smoothSolver	6.665760e-04	5.780160e-05	10	9.980130e-03	8.772040e-04	10	3.947420e-03	3.359980e-04	10	false	GAMG	5.284160e-03	3.612850e-05	6	true
637           	smoothSolver	6.646050e-04	5.756330e-05	10	9.977760e-03	8.765090e-04	10	3.931540e-03	3.347160e-04	10	false	GAMG	5.245120e-03	3.631680e-05	6	true
638           	smoothSolver	6.635500e-04	5.753680e-05	10	1.001460e-02	8.800960e-04	10	3.925020e-03	3.350670e-04	10	false	GAMG	5.209780e-03	3.447630e-05	6	true
639           	smoothSolver	6.625440e-04	5.760470e-05	10	1.006080e-02	8.855680e-04	10	3.921440e-03	3.353610e-04	10	false	GAMG	5.188260e-03	5.160300e-05	5	true
640           	smoothSolver	6.621080e-04	5.765370e-05	10	1.010930e-02	8.895580e-04	10	3.913540e-03	3.344220e-04	10	false	GAMG	5.193370e-03	3.305060e-05	6	true
641           	smoothSolver	6.609770e-04	5.756620e-05	10	1.016400e-02	8.915350e-04	10	3.909970e-03	3.332780e-04	10	false	GAMG	5.181310e-03	3.089090e-05	6	true
642           	smoothSolver	6.587540e-04	5.739460e-05	10	1.020580e-02	8.913740e-04	10	3.906790e-03	3.327820e-04	10	false	GAMG	5.193080e-03	3.041590e-05	6	true
643           	smoothSolver	6.572180e-04	5.720130e-05	10	1.022840e-02	8.911690e-04	10	3.908700e-03	3.337720e-04	10	false	GAMG	5.211030e-03	3.025870e-05	6	true
644           	smoothSolver	6.557130e-04	5.715320e-05	10	1.023390e-02	8.932780e-04	10	3.908970e-03	3.346370e-04	10	false	GAMG	5.231060e-03	3.048440e-05	6	true
645           	smoothSolver	6.533300e-04	5.709480e-05	10	1.020790e-02	8.952430e-04	10	3.901440e-03	3.338650e-04	10	false	GAMG	5.226530e-03	5.110760e-05	5	true
646           	smoothSolver	6.505170e-04	5.681800e-05	10	1.015530e-02	8.934560e-04	10	3.880530e-03	3.315390e-04	10	false	GAMG	5.206060e-03	2.992020e-05	6	true
647           	smoothSolver	6.478700e-04	5.657710e-05	10	1.010050e-02	8.914820e-04	10	3.867740e-03	3.310140e-04	10	false	GAMG	5.175920e-03	5.009780e-05	5	true
648           	smoothSolver	6.465520e-04	5.651770e-05	10	1.005340e-02	8.879390e-04	10	3.866700e-03	3.321850e-04	10	false	GAMG	5.145550e-03	3.868440e-05	6	true
649           	smoothSolver	6.484560e-04	5.665870e-05	10	1.004980e-02	8.879920e-04	10	3.891330e-03	3.361310e-04	10	false	GAMG	5.107270e-03	3.536380e-05	6	true
650           	smoothSolver	6.481890e-04	5.695120e-05	10	1.007670e-02	8.918470e-04	10	3.913460e-03	3.389360e-04	10	false	GAMG	5.071440e-03	3.676350e-05	6	true
651           	smoothSolver	6.510990e-04	5.717800e-05	10	1.012780e-02	8.985260e-04	10	3.933620e-03	3.404290e-04	10	false	GAMG	5.069040e-03	3.357370e-05	6	true
652           	smoothSolver	6.549520e-04	5.728140e-05	10	1.018540e-02	9.048630e-04	10	3.955370e-03	3.415880e-04	10	false	GAMG	5.086780e-03	3.102710e-05	6	true
653           	smoothSolver	6.596690e-04	5.742580e-05	10	1.022650e-02	9.109440e-04	10	3.973780e-03	3.436490e-04	10	false	GAMG	5.111680e-03	3.105770e-05	6	true
654           	smoothSolver	6.629800e-04	5.758190e-05	10	1.026600e-02	9.181140e-04	10	3.989970e-03	3.461630e-04	10	false	GAMG	5.133570e-03	3.502700e-05	6	true
655           	smoothSolver	6.655630e-04	5.777430e-05	10	1.031850e-02	9.242500e-04	10	4.006610e-03	3.483640e-04	10	false	GAMG	5.143290e-03	3.697460e-05	6	true
656           	smoothSolver	6.691090e-04	5.789090e-05	10	1.036100e-02	9.285200e-04	10	4.020790e-03	3.493670e-04	10	false	GAMG	5.155110e-03	3.648510e-05	6	true
657           	smoothSolver	6.689980e-04	5.796600e-05	10	1.041590e-02	9.315930e-04	10	4.029160e-03	3.495580e-04	10	false	GAMG	5.157730e-03	3.759310e-05	6	true
658           	smoothSolver	6.704870e-04	5.806970e-05	10	1.046540e-02	9.342510e-04	10	4.032970e-03	3.500310e-04	10	false	GAMG	5.171080e-03	3.133030e-05	6	true
659           	smoothSolver	6.675210e-04	5.824220e-05	10	1.053610e-02	9.379920e-04	10	4.041330e-03	3.517140e-04	10	false	GAMG	5.162360e-03	3.150290e-05	6	true
660           	smoothSolver	6.678970e-04	5.836360e-05	10	1.059860e-02	9.415640e-04	10	4.055170e-03	3.532280e-04	10	false	GAMG	5.202240e-03	3.590180e-05	6	true
661           	smoothSolver	6.689130e-04	5.836910e-05	10	1.067120e-02	9.466550e-04	10	4.069280e-03	3.528390e-04	10	false	GAMG	5.270090e-03	3.580780e-05	6	true
662           	smoothSolver	6.706710e-04	5.818260e-05	10	1.075700e-02	9.515980e-04	10	4.084800e-03	3.507050e-04	10	false	GAMG	5.374240e-03	5.342310e-05	5	true
663           	smoothSolver	6.742190e-04	5.797290e-05	10	1.084180e-02	9.542360e-04	10	4.106190e-03	3.486820e-04	10	false	GAMG	5.492360e-03	3.859820e-05	6	true
664           	smoothSolver	6.772540e-04	5.793130e-05	10	1.095440e-02	9.579060e-04	10	4.146810e-03	3.499100e-04	10	false	GAMG	5.603120e-03	5.468200e-05	5	true
665           	smoothSolver	6.843290e-04	5.812750e-05	10	1.106790e-02	9.584700e-04	10	4.184980e-03	3.513100e-04	10	false	GAMG	5.716150e-03	4.243920e-05	6	true
666           	smoothSolver	6.899610e-04	5.843890e-05	10	1.119560e-02	9.592310e-04	10	4.233150e-03	3.534120e-04	10	false	GAMG	5.841790e-03	3.715760e-05	6	true
667           	smoothSolver	6.965200e-04	5.869020e-05	10	1.128160e-02	9.588500e-04	10	4.265490e-03	3.544800e-04	10	false	GAMG	5.931610e-03	5.921300e-05	5	true
668           	smoothSolver	7.018320e-04	5.885500e-05	10	1.130710e-02	9.579780e-04	10	4.285300e-03	3.546800e-04	10	false	GAMG	5.986020e-03	4.344820e-05	6	true
669           	smoothSolver	7.045490e-04	5.913910e-05	10	1.128180e-02	9.567520e-04	10	4.299280e-03	3.554450e-04	10	false	GAMG	5.985410e-03	5.882320e-05	5	true
670           	smoothSolver	7.053180e-04	5.960620e-05	10	1.119090e-02	9.543080e-04	10	4.295130e-03	3.561960e-04	10	false	GAMG	5.953270e-03	4.451310e-05	6	true
671           	smoothSolver	7.051630e-04	6.005100e-05	10	1.108460e-02	9.517040e-04	10	4.285090e-03	3.574600e-04	10	false	GAMG	5.862010e-03	4.041110e-05	6	true
672           	smoothSolver	7.021130e-04	6.046380e-05	10	1.096830e-02	9.474950e-04	10	4.261140e-03	3.569900e-04	10	false	GAMG	5.769990e-03	3.832710e-05	6	true
673           	smoothSolver	7.013210e-04	6.075380e-05	10	1.087540e-02	9.422330e-04	10	4.240520e-03	3.557950e-04	10	false	GAMG	5.697710e-03	5.620200e-05	5	true
674           	smoothSolver	7.025210e-04	6.093420e-05	10	1.081390e-02	9.364310e-04	10	4.230640e-03	3.550650e-04	10	false	GAMG	5.662400e-03	3.493430e-05	6	true
675           	smoothSolver	7.030570e-04	6.107080e-05	10	1.077870e-02	9.321200e-04	10	4.234400e-03	3.552830e-04	10	false	GAMG	5.625640e-03	5.292150e-05	5	true
676           	smoothSolver	7.030780e-04	6.107510e-05	10	1.074840e-02	9.255990e-04	10	4.227440e-03	3.536540e-04	10	false	GAMG	5.636960e-03	3.473270e-05	6	true
677           	smoothSolver	7.021070e-04	6.076160e-05	10	1.072560e-02	9.187660e-04	10	4.223790e-03	3.510170e-04	10	false	GAMG	5.668960e-03	5.583570e-05	5	true
678           	smoothSolver	6.998570e-04	6.018750e-05	10	1.069450e-02	9.101570e-04	10	4.208050e-03	3.461880e-04	10	false	GAMG	5.724130e-03	3.770620e-05	6	true
679           	smoothSolver	6.991550e-04	5.973260e-05	10	1.067460e-02	9.045740e-04	10	4.201960e-03	3.425260e-04	10	false	GAMG	5.774320e-03	5.329310e-05	5	true
680           	smoothSolver	6.962800e-04	5.937140e-05	10	1.063520e-02	8.980580e-04	10	4.190240e-03	3.394110e-04	10	false	GAMG	5.815060e-03	5.534100e-05	5	true
681           	smoothSolver	6.946580e-04	5.904410e-05	10	1.057860e-02	8.928090e-04	10	4.176010e-03	3.377250e-04	10	false	GAMG	5.854650e-03	5.399370e-05	5	true
682           	smoothSolver	6.915650e-04	5.860490e-05	10	1.050850e-02	8.873260e-04	10	4.152330e-03	3.364080e-04	10	false	GAMG	5.882670e-03	5.498480e-05	5	true
683           	smoothSolver	6.875960e-04	5.810250e-05	10	1.042460e-02	8.814550e-04	10	4.125430e-03	3.354150e-04	10	false	GAMG	5.886430e-03	5.728960e-05	5	true
684           	smoothSolver	6.836640e-04	5.780430e-05	10	1.034200e-02	8.792320e-04	10	4.092400e-03	3.353020e-04	10	false	GAMG	5.847140e-03	4.202220e-05	6	true
685           	smoothSolver	6.806470e-04	5.759690e-05	10	1.025960e-02	8.790200e-04	10	4.054270e-03	3.355520e-04	10	false	GAMG	5.779220e-03	5.552900e-05	5	true
686           	smoothSolver	6.757800e-04	5.735540e-05	10	1.016240e-02	8.758770e-04	10	4.003250e-03	3.342450e-04	10	false	GAMG	5.680330e-03	3.247790e-05	6	true
687           	smoothSolver	6.684420e-04	5.711030e-05	10	1.006830e-02	8.717370e-04	10	3.961160e-03	3.324420e-04	10	false	GAMG	5.566540e-03	5.378910e-05	5	true
688           	smoothSolver	6.628980e-04	5.669380e-05	10	9.971170e-03	8.670340e-04	10	3.910850e-03	3.289570e-04	10	false	GAMG	5.457680e-03	3.612620e-05	6	true
689           	smoothSolver	6.589700e-04	5.631360e-05	10	9.914530e-03	8.656260e-04	10	3.874990e-03	3.272980e-04	10	false	GAMG	5.339190e-03	3.483710e-05	6	true
690           	smoothSolver	6.548070e-04	5.613680e-05	10	9.877470e-03	8.661260e-04	10	3.843770e-03	3.262190e-04	10	false	GAMG	5.262850e-03	3.062840e-05	6	true
691           	smoothSolver	6.517080e-04	5.607440e-05	10	9.879500e-03	8.693200e-04	10	3.824170e-03	3.261680e-04	10	false	GAMG	5.188940e-03	5.117640e-05	5	true
692           	smoothSolver	6.472820e-04	5.605350e-05	10	9.897790e-03	8.702780e-04	10	3.805810e-03	3.252060e-04	10	false	GAMG	5.147520e-03	3.017840e-05	6	true
693           	smoothSolver	6.430860e-04	5.586300e-05	10	9.934380e-03	8.693210e-04	10	3.785760e-03	3.233660e-04	10	false	GAMG	5.122370e-03	2.926230e-05	6	true
694           	smoothSolver	6.394140e-04	5.556650e-05	10	9.936730e-03	8.651210e-04	10	3.761440e-03	3.206170e-04	10	false	GAMG	5.143170e-03	3.354200e-05	6	true
695           	smoothSolver	6.351850e-04	5.528190e-05	10	9.919440e-03	8.613760e-04	10	3.748190e-03	3.193210e-04	10	false	GAMG	5.194840e-03	3.104760e-05	6	true
696           	smoothSolver	6.322220e-04	5.505170e-05	10	9.889520e-03	8.601500e-04	10	3.743730e-03	3.185120e-04	10	false	GAMG	5.241920e-03	3.435320e-05	6	true
697           	smoothSolver	6.287700e-04	5.481170e-05	10	9.858680e-03	8.590210e-04	10	3.739180e-03	3.169120e-04	10	false	GAMG	5.260670e-03	5.087890e-05	5	true
698           	smoothSolver	6.272120e-04	5.454450e-05	10	9.813360e-03	8.552890e-04	10	3.730220e-03	3.145880e-04	10	false	GAMG	5.269210e-03	2.931040e-05	6	true
699           	smoothSolver	6.247620e-04	5.437460e-05	10	9.782620e-03	8.510950e-04	10	3.732750e-03	3.142180e-04	10	false	GAMG	5.264990e-03	5.155210e-05	5	true
700           	smoothSolver	6.243520e-04	5.440340e-05	10	9.745880e-03	8.461150e-04	10	3.740600e-03	3.151040e-04	10	false	GAMG	5.254020e-03	3.677740e-05	6	true
701           	smoothSolver	6.267200e-04	5.458390e-05	10	9.734850e-03	8.451610e-04	10	3.761160e-03	3.179480e-04	10	false	GAMG	5.258280e-03	3.289090e-05	6	true
702           	smoothSolver	6.273200e-04	5.483500e-05	10	9.723320e-03	8.457230e-04	10	3.779170e-03	3.197580e-04	10	false	GAMG	5.237530e-03	3.112280e-05	6	true
703           	smoothSolver	6.292680e-04	5.500040e-05	10	9.709950e-03	8.467660e-04	10	3.793180e-03	3.206870e-04	10	false	GAMG	5.229530e-03	2.957060e-05	6	true
704           	smoothSolver	6.320600e-04	5.510070e-05	10	9.690190e-03	8.469140e-04	10	3.806840e-03	3.215690e-04	10	false	GAMG	5.226530e-03	2.910240e-05	6	true
705           	smoothSolver	6.340620e-04	5.523610e-05	10	9.655250e-03	8.467130e-04	10	3.814560e-03	3.232500e-04	10	false	GAMG	5.212820e-03	3.024910e-05	6	true
706           	smoothSolver	6.362740e-04	5.549630e-05	10	9.615100e-03	8.468480e-04	10	3.824870e-03	3.257860e-04	10	false	GAMG	5.186660e-03	3.154070e-05	6	true
707           	smoothSolver	6.387050e-04	5.580000e-05	10	9.577040e-03	8.470840e-04	10	3.837340e-03	3.283960e-04	10	false	GAMG	5.149120e-03	3.084060e-05	6	true
708           	smoothSolver	6.414230e-04	5.608560e-05	10	9.559780e-03	8.485600e-04	10	3.854650e-03	3.306280e-04	10	false	GAMG	5.106140e-03	3.055780e-05	6	true
709           	smoothSolver	6.440950e-04	5.637240e-05	10	9.564840e-03	8.497330e-04	10	3.874920e-03	3.323720e-04	10	false	GAMG	5.077230e-03	3.508280e-05	6	true
710           	smoothSolver	6.474810e-04	5.674170e-05	10	9.601340e-03	8.505740e-04	10	3.901740e-03	3.352290e-04	10	false	GAMG	5.076510e-03	3.499170e-05	6	true
711           	smoothSolver	6.512680e-04	5.715180e-05	10	9.663910e-03	8.520280e-04	10	3.940200e-03	3.392450e-04	10	false	GAMG	5.081410e-03	3.479240e-05	6	true
712           	smoothSolver	6.547960e-04	5.753140e-05	10	9.733640e-03	8.541240e-04	10	3.983210e-03	3.430110e-04	10	false	GAMG	5.121730e-03	3.401870e-05	6	true
713           	smoothSolver	6.582560e-04	5.777260e-05	10	9.802270e-03	8.568360e-04	10	4.021290e-03	3.445970e-04	10	false	GAMG	5.189930e-03	3.263820e-05	6	true
714           	smoothSolver	6.620690e-04	5.778500e-05	10	9.871430e-03	8.582070e-04	10	4.053110e-03	3.439840e-04	10	false	GAMG	5.283640e-03	3.322790e-05	6	true
715           	smoothSolver	6.651370e-04	5.774920e-05	10	9.926180e-03	8.563840e-04	10	4.082430e-03	3.430080e-04	10	false	GAMG	5.404500e-03	3.170570e-05	6	true
716           	smoothSolver	6.689280e-04	5.786270e-05	10	9.978040e-03	8.529210e-04	10	4.111140e-03	3.426850e-04	10	false	GAMG	5.537850e-03	3.257390e-05	6	true
717           	smoothSolver	6.722050e-04	5.800120e-05	10	1.002610e-02	8.481190e-04	10	4.138770e-03	3.426110e-04	10	false	GAMG	5.673080e-03	3.498780e-05	6	true
718           	smoothSolver	6.775760e-04	5.812050e-05	10	1.007160e-02	8.446710e-04	10	4.167200e-03	3.426100e-04	10	false	GAMG	5.798500e-03	3.822320e-05	6	true
719           	smoothSolver	6.840460e-04	5.812620e-05	10	1.010690e-02	8.436380e-04	10	4.190300e-03	3.419300e-04	10	false	GAMG	5.881340e-03	3.669950e-05	6	true
720           	smoothSolver	6.893430e-04	5.819270e-05	10	1.009800e-02	8.420260e-04	10	4.207450e-03	3.415820e-04	10	false	GAMG	5.904760e-03	5.880320e-05	5	true
721           	smoothSolver	6.928430e-04	5.841870e-05	10	1.005020e-02	8.397750e-04	10	4.218390e-03	3.429930e-04	10	false	GAMG	5.900660e-03	4.234760e-05	6	true
722           	smoothSolver	6.947570e-04	5.873990e-05	10	9.995980e-03	8.391870e-04	10	4.222320e-03	3.457430e-04	10	false	GAMG	5.846310e-03	3.614980e-05	6	true
723           	smoothSolver	6.943350e-04	5.904950e-05	10	9.932310e-03	8.388430e-04	10	4.203800e-03	3.466700e-04	10	false	GAMG	5.770850e-03	4.067690e-05	6	true
724           	smoothSolver	6.930250e-04	5.925730e-05	10	9.895920e-03	8.390360e-04	10	4.183990e-03	3.462830e-04	10	false	GAMG	5.663390e-03	3.767240e-05	6	true
725           	smoothSolver	6.927160e-04	5.939730e-05	10	9.881360e-03	8.401830e-04	10	4.168050e-03	3.465230e-04	10	false	GAMG	5.551820e-03	3.462000e-05	6	true
726           	smoothSolver	6.927930e-04	5.960490e-05	10	9.890080e-03	8.432400e-04	10	4.166680e-03	3.483360e-04	10	false	GAMG	5.472610e-03	5.386130e-05	5	true
727           	smoothSolver	6.923940e-04	5.982520e-05	10	9.909020e-03	8.466910e-04	10	4.166200e-03	3.509490e-04	10	false	GAMG	5.446650e-03	3.448000e-05	6	true
728           	smoothSolver	6.905160e-04	5.993930e-05	10	9.957160e-03	8.508080e-04	10	4.171320e-03	3.529430e-04	10	false	GAMG	5.429830e-03	5.360090e-05	5	true
729           	smoothSolver	6.883940e-04	5.976010e-05	10	9.979920e-03	8.515950e-04	10	4.159570e-03	3.512280e-04	10	false	GAMG	5.434490e-03	3.683600e-05	6	true
730           	smoothSolver	6.849060e-04	5.940270e-05	10	1.002160e-02	8.546760e-04	10	4.146890e-03	3.486240e-04	10	false	GAMG	5.449950e-03	5.297300e-05	5	true
731           	smoothSolver	6.828200e-04	5.916850e-05	10	1.005290e-02	8.593350e-04	10	4.139500e-03	3.467850e-04	10	false	GAMG	5.438340e-03	2.998810e-05	6	true
732           	smoothSolver	6.790110e-04	5.901620e-05	10	1.008820e-02	8.656170e-04	10	4.141790e-03	3.474250e-04	10	false	GAMG	5.412310e-03	5.044820e-05	5	true
733           	smoothSolver	6.759900e-04	5.888510e-05	10	1.008410e-02	8.684030e-04	10	4.136450e-03	3.477050e-04	10	false	GAMG	5.400730e-03	5.332020e-05	5	true
734           	smoothSolver	6.725560e-04	5.860850e-05	10	1.007920e-02	8.681430e-04	10	4.135210e-03	3.476720e-04	10	false	GAMG	5.382140e-03	5.371140e-05	5	true
735           	smoothSolver	6.699650e-04	5.828820e-05	10	1.006610e-02	8.663230e-04	10	4.128550e-03	3.473340e-04	10	false	GAMG	5.374800e-03	3.876830e-05	6	true
736           	smoothSolver	6.710050e-04	5.818020e-05	10	1.006530e-02	8.688840e-04	10	4.122310e-03	3.480580e-04	10	false	GAMG	5.366280e-03	3.422370e-05	6	true
737           	smoothSolver	6.691910e-04	5.807850e-05	10	1.005100e-02	8.723640e-04	10	4.104620e-03	3.489120e-04	10	false	GAMG	5.329970e-03	3.530120e-05	6	true
738           	smoothSolver	6.681720e-04	5.798540e-05	10	1.002280e-02	8.737660e-04	10	4.080910e-03	3.484480e-04	10	false	GAMG	5.288700e-03	3.367030e-05	6	true
739           	smoothSolver	6.673350e-04	5.784030e-05	10	9.989500e-03	8.723450e-04	10	4.052380e-03	3.462070e-04	10	false	GAMG	5.244250e-03	3.192700e-05	6	true
740           	smoothSolver	6.672240e-04	5.761530e-05	10	9.975780e-03	8.710380e-04	10	4.033150e-03	3.438200e-04	10	false	GAMG	5.196730e-03	3.523420e-05	6	true
741           	smoothSolver	6.669030e-04	5.757960e-05	10	9.989710e-03	8.725620e-04	10	4.023120e-03	3.432000e-04	10	false	GAMG	5.160820e-03	3.548000e-05	6	true
742           	smoothSolver	6.672340e-04	5.776500e-05	10	1.003460e-02	8.781580e-04	10	4.027760e-03	3.447760e-04	10	false	GAMG	5.131900e-03	3.328820e-05	6	true
743           	smoothSolver	6.669510e-04	5.792490e-05	10	1.010310e-02	8.854080e-04	10	4.032520e-03	3.463650e-04	10	false	GAMG	5.108000e-03	2.964150e-05	6	true
744           	smoothSolver	6.655340e-04	5.796140e-05	10	1.017390e-02	8.905210e-04	10	4.027560e-03	3.458160e-04	10	false	GAMG	5.101550e-03	2.938410e-05	6	true
745           	smoothSolver	6.630380e-04	5.777810e-05	10	1.023850e-02	8.937080e-04	10	4.019300e-03	3.440730e-04	10	false	GAMG	5.119070e-03	3.249950e-05	6	true
746           	smoothSolver	6.608670e-04	5.754450e-05	10	1.027990e-02	8.963320e-04	10	4.013680e-03	3.432630e-04	10	false	GAMG	5.152410e-03	3.443920e-05	6	true
747           	smoothSolver	6.592160e-04	5.749080e-05	10	1.029640e-02	9.002770e-04	10	4.011120e-03	3.442370e-04	10	false	GAMG	5.194380e-03	3.351940e-05	6	true
748           	smoothSolver	6.579090e-04	5.754080e-05	10	1.029810e-02	9.056910e-04	10	4.007190e-03	3.450100e-04	10	false	GAMG	5.230630e-03	3.192210e-05	6	true
749           	smoothSolver	6.561520e-04	5.746690e-05	10	1.029130e-02	9.087620e-04	10	3.995230e-03	3.437520e-04	10	false	GAMG	5.245360e-03	5.194260e-05	5	true
750           	smoothSolver	6.547870e-04	5.727390e-05	10	1.026940e-02	9.076950e-04	10	3.978250e-03	3.407120e-04	10	false	GAMG	5.225640e-03	3.238320e-05	6	true
751           	smoothSolver	6.538360e-04	5.712910e-05	10	1.025280e-02	9.055330e-04	10	3.974190e-03	3.396930e-04	10	false	GAMG	5.207130e-03	3.099410e-05	6	true
752           	smoothSolver	6.551260e-04	5.719090e-05	10	1.025350e-02	9.022970e-04	10	3.980880e-03	3.407450e-04	10	false	GAMG	5.176110e-03	3.469240e-05	6	true
753           	smoothSolver	6.580330e-04	5.746010e-05	10	1.027120e-02	9.017650e-04	10	3.998640e-03	3.430070e-04	10	false	GAMG	5.164140e-03	3.370090e-05	6	true
754           	smoothSolver	6.607640e-04	5.773400e-05	10	1.029080e-02	9.019100e-04	10	4.014750e-03	3.440460e-04	10	false	GAMG	5.162360e-03	2.951400e-05	6	true
755           	smoothSolver	6.635630e-04	5.781790e-05	10	1.030570e-02	9.003500e-04	10	4.020830e-03	3.428380e-04	10	false	GAMG	5.187180e-03	3.287100e-05	6	true
756           	smoothSolver	6.675170e-04	5.777220e-05	10	1.031370e-02	8.980390e-04	10	4.025800e-03	3.409900e-04	10	false	GAMG	5.227450e-03	3.381670e-05	6	true
757           	smoothSolver	6.702790e-04	5.775160e-05	10	1.031920e-02	8.967720e-04	10	4.033850e-03	3.413720e-04	10	false	GAMG	5.268750e-03	3.055620e-05	6	true
758           	smoothSolver	6.722590e-04	5.786780e-05	10	1.032500e-02	8.983660e-04	10	4.047090e-03	3.440990e-04	10	false	GAMG	5.296970e-03	3.325300e-05	6	true
759           	smoothSolver	6.750670e-04	5.804230e-05	10	1.034510e-02	9.013630e-04	10	4.064430e-03	3.471880e-04	10	false	GAMG	5.334760e-03	3.214980e-05	6	true
760           	smoothSolver	6.768400e-04	5.815260e-05	10	1.039280e-02	9.052240e-04	10	4.090590e-03	3.491180e-04	10	false	GAMG	5.350320e-03	3.352170e-05	6	true
761           	smoothSolver	6.763020e-04	5.807620e-05	10	1.043310e-02	9.063170e-04	10	4.107100e-03	3.493090e-04	10	false	GAMG	5.375050e-03	3.054640e-05	6	true
762           	smoothSolver	6.748890e-04	5.803690e-05	10	1.045640e-02	9.050240e-04	10	4.117890e-03	3.499620e-04	10	false	GAMG	5.381340e-03	3.601730e-05	6	true
763           	smoothSolver	6.727810e-04	5.804920e-05	10	1.045480e-02	9.026980e-04	10	4.127530e-03	3.514120e-04	10	false	GAMG	5.402510e-03	3.439790e-05	6	true
764           	smoothSolver	6.711810e-04	5.805550e-05	10	1.044160e-02	9.006570e-04	10	4.142060e-03	3.524220e-04	10	false	GAMG	5.413720e-03	3.199040e-05	6	true
765           	smoothSolver	6.705550e-04	5.798950e-05	10	1.044520e-02	8.997900e-04	10	4.148370e-03	3.509270e-04	10	false	GAMG	5.433880e-03	3.248300e-05	6	true
766           	smoothSolver	6.706440e-04	5.772700e-05	10	1.047710e-02	8.972740e-04	10	4.156210e-03	3.477950e-04	10	false	GAMG	5.480200e-03	3.091110e-05	6	true
767           	smoothSolver	6.722310e-04	5.752580e-05	10	1.051990e-02	8.947230e-04	10	4.169290e-03	3.461190e-04	10	false	GAMG	5.565850e-03	5.466310e-05	5	true
768           	smoothSolver	6.741720e-04	5.747690e-05	10	1.056450e-02	8.927590e-04	10	4.192410e-03	3.465390e-04	10	false	GAMG	5.656870e-03	3.149660e-05	6	true
769           	smoothSolver	6.783790e-04	5.758710e-05	10	1.063910e-02	8.917280e-04	10	4.224790e-03	3.480210e-04	10	false	GAMG	5.770890e-03	5.693720e-05	5	true
770           	smoothSolver	6.826680e-04	5.779650e-05	10	1.067450e-02	8.906170e-04	10	4.250850e-03	3.475180e-04	10	false	GAMG	5.885100e-03	3.747720e-05	6	true
771           	smoothSolver	6.891510e-04	5.790810e-05	10	1.073730e-02	8.899860e-04	10	4.279790e-03	3.463140e-04	10	false	GAMG	5.978300e-03	3.846480e-05	6	true
772           	smoothSolver	6.936250e-04	5.805860e-05	10	1.071840e-02	8.881070e-04	10	4.296780e-03	3.462170e-04	10	false	GAMG	6.032550e-03	4.348510e-05	6	true
773           	smoothSolver	6.969710e-04	5.842790e-05	10	1.066040e-02	8.864680e-04	10	4.307590e-03	3.483970e-04	10	false	GAMG	6.040940e-03	4.221100e-05	6	true
774           	smoothSolver	6.979830e-04	5.891330e-05	10	1.056310e-02	8.839420e-04	10	4.300970e-03	3.506750e-04	10	false	GAMG	5.991840e-03	4.562950e-05	6	true
775           	smoothSolver	6.979030e-04	5.941850e-05	10	1.045540e-02	8.815530e-04	10	4.276950e-03	3.510280e-04	10	false	GAMG	5.923660e-03	4.584800e-05	6	true
776           	smoothSolver	6.962000e-04	5.974280e-05	10	1.037060e-02	8.798630e-04	10	4.247600e-03	3.494620e-04	10	false	GAMG	5.838290e-03	4.477220e-05	6	true
777           	smoothSolver	6.945730e-04	5.990180e-05	10	1.031120e-02	8.800330e-04	10	4.225480e-03	3.478610e-04	10	false	GAMG	5.775690e-03	4.218350e-05	6	true
778           	smoothSolver	6.929240e-04	5.989990e-05	10	1.026590e-02	8.796730e-04	10	4.206920e-03	3.476740e-04	10	false	GAMG	5.722820e-03	4.037200e-05	6	true
779           	smoothSolver	6.902880e-04	5.984450e-05	10	1.021530e-02	8.772530e-04	10	4.179840e-03	3.476630e-04	10	false	GAMG	5.683230e-03	3.837880e-05	6	true
780           	smoothSolver	6.873110e-04	5.968500e-05	10	1.015990e-02	8.726220e-04	10	4.144420e-03	3.451440e-04	10	false	GAMG	5.627310e-03	5.565110e-05	5	true
781           	smoothSolver	6.843060e-04	5.931350e-05	10	1.009610e-02	8.667640e-04	10	4.099980e-03	3.403360e-04	10	false	GAMG	5.575880e-03	4.020430e-05	6	true
782           	smoothSolver	6.805030e-04	5.893720e-05	10	1.005170e-02	8.646930e-04	10	4.060340e-03	3.360480e-04	10	false	GAMG	5.507690e-03	5.248610e-05	5	true
783           	smoothSolver	6.766510e-04	5.868610e-05	10	9.998510e-03	8.644520e-04	10	4.022310e-03	3.329360e-04	10	false	GAMG	5.438620e-03	5.407220e-05	5	true
784           	smoothSolver	6.728310e-04	5.855810e-05	10	9.958480e-03	8.645900e-04	10	3.998820e-03	3.322570e-04	10	false	GAMG	5.368870e-03	5.363190e-05	5	true
785           	smoothSolver	6.702800e-04	5.853580e-05	10	9.928570e-03	8.635240e-04	10	3.989170e-03	3.322380e-04	10	false	GAMG	5.339020e-03	5.320390e-05	5	true
786           	smoothSolver	6.687690e-04	5.840290e-05	10	9.924740e-03	8.610250e-04	10	3.989970e-03	3.317820e-04	10	false	GAMG	5.313450e-03	5.274010e-05	5	true
787           	smoothSolver	6.687420e-04	5.815350e-05	10	9.929050e-03	8.591340e-04	10	3.989490e-03	3.311450e-04	10	false	GAMG	5.304980e-03	5.299440e-05	5	true
788           	smoothSolver	6.695760e-04	5.800880e-05	10	9.921000e-03	8.597580e-04	10	3.985390e-03	3.309610e-04	10	false	GAMG	5.291630e-03	3.414760e-05	6	true
789           	smoothSolver	6.699520e-04	5.792320e-05	10	9.880060e-03	8.603670e-04	10	3.970810e-03	3.312290e-04	10	false	GAMG	5.291800e-03	3.298520e-05	6	true
790           	smoothSolver	6.684500e-04	5.773550e-05	10	9.810180e-03	8.566380e-04	10	3.939610e-03	3.295580e-04	10	false	GAMG	5.287900e-03	3.588050e-05	6	true
791           	smoothSolver	6.662280e-04	5.738160e-05	10	9.741950e-03	8.499610e-04	10	3.905020e-03	3.257830e-04	10	false	GAMG	5.299170e-03	3.482710e-05	6	true
792           	smoothSolver	6.641290e-04	5.695660e-05	10	9.698850e-03	8.437080e-04	10	3.872930e-03	3.218650e-04	10	false	GAMG	5.298980e-03	3.678590e-05	6	true
793           	smoothSolver	6.623680e-04	5.674350e-05	10	9.698670e-03	8.408720e-04	10	3.850720e-03	3.202270e-04	10	false	GAMG	5.304740e-03	3.653480e-05	6	true
794           	smoothSolver	6.608670e-04	5.667640e-05	10	9.733910e-03	8.426120e-04	10	3.846170e-03	3.207970e-04	10	false	GAMG	5.296090e-03	3.309800e-05	6	true
795           	smoothSolver	6.595960e-04	5.663000e-05	10	9.791020e-03	8.463050e-04	10	3.845350e-03	3.217270e-04	10	false	GAMG	5.292650e-03	3.063950e-05	6	true
796           	smoothSolver	6.565160e-04	5.654350e-05	10	9.844950e-03	8.479140e-04	10	3.839760e-03	3.209450e-04	10	false	GAMG	5.297200e-03	3.032640e-05	6	true
797           	smoothSolver	6.522420e-04	5.635750e-05	10	9.881320e-03	8.476550e-04	10	3.831130e-03	3.194580e-04	10	false	GAMG	5.302830e-03	3.439160e-05	6	true
798           	smoothSolver	6.476050e-04	5.621630e-05	10	9.892160e-03	8.479910e-04	10	3.827990e-03	3.194610e-04	10	false	GAMG	5.314060e-03	3.609100e-05	6	true
799           	smoothSolver	6.433220e-04	5.613970e-05	10	9.868330e-03	8.501440e-04	10	3.823790e-03	3.211790e-04	10	false	GAMG	5.332510e-03	3.364500e-05	6	true
800           	smoothSolver	6.405600e-04	5.601440e-05	10	9.827040e-03	8.527190e-04	10	3.820210e-03	3.223290e-04	10	false	GAMG	5.322560e-03	5.237300e-05	5	true
801           	smoothSolver	6.382840e-04	5.570360e-05	10	9.776430e-03	8.532460e-04	10	3.810490e-03	3.213540e-04	10	false	GAMG	5.294460e-03	3.486740e-05	6	true
802           	smoothSolver	6.360460e-04	5.536770e-05	10	9.718850e-03	8.532460e-04	10	3.802220e-03	3.203190e-04	10	false	GAMG	5.241690e-03	4.972260e-05	5	true
803           	smoothSolver	6.349400e-04	5.525330e-05	10	9.681800e-03	8.515730e-04	10	3.800490e-03	3.206440e-04	10	false	GAMG	5.195820e-03	3.245740e-05	6	true
804           	smoothSolver	6.357290e-04	5.540500e-05	10	9.693620e-03	8.532010e-04	10	3.825650e-03	3.245510e-04	10	false	GAMG	5.148730e-03	3.093600e-05	6	true
805           	smoothSolver	6.377060e-04	5.574470e-05	10	9.720160e-03	8.567720e-04	10	3.852350e-03	3.283960e-04	10	false	GAMG	5.111680e-03	3.267240e-05	6	true
806           	smoothSolver	6.404490e-04	5.605640e-05	10	9.758470e-03	8.620720e-04	10	3.876690e-03	3.309000e-04	10	false	GAMG	5.079700e-03	3.155830e-05	6	true
807           	smoothSolver	6.434380e-04	5.624740e-05	10	9.808790e-03	8.680210e-04	10	3.894500e-03	3.320120e-04	10	false	GAMG	5.062750e-03	2.912660e-05	6	true
808           	smoothSolver	6.470940e-04	5.640120e-05	10	9.878430e-03	8.742690e-04	10	3.912690e-03	3.329970e-04	10	false	GAMG	5.049760e-03	2.960190e-05	6	true
809           	smoothSolver	6.506690e-04	5.673610e-05	10	9.964670e-03	8.833830e-04	10	3.932240e-03	3.356730e-04	10	false	GAMG	5.067670e-03	3.459150e-05	6	true
810           	smoothSolver	6.550510e-04	5.729550e-05	10	1.006420e-02	8.943580e-04	10	3.958240e-03	3.392570e-04	10	false	GAMG	5.082800e-03	3.550580e-05	6	true
811           	smoothSolver	6.582750e-04	5.781980e-05	10	1.016420e-02	9.045500e-04	10	3.985740e-03	3.425970e-04	10	false	GAMG	5.103640e-03	3.388140e-05	6	true
812           	smoothSolver	6.611460e-04	5.808770e-05	10	1.025690e-02	9.123590e-04	10	4.014310e-03	3.443650e-04	10	false	GAMG	5.109860e-03	3.588480e-05	6	true
813           	smoothSolver	6.630780e-04	5.806180e-05	10	1.032280e-02	9.170370e-04	10	4.027180e-03	3.440410e-04	10	false	GAMG	5.140450e-03	3.115890e-05	6	true
814           	smoothSolver	6.640780e-04	5.799800e-05	10	1.037330e-02	9.187950e-04	10	4.038370e-03	3.444550e-04	10	false	GAMG	5.176000e-03	3.434790e-05	6	true
815           	smoothSolver	6.647020e-04	5.805350e-05	10	1.041020e-02	9.190290e-04	10	4.054840e-03	3.461220e-04	10	false	GAMG	5.243910e-03	3.028460e-05	6	true
816           	smoothSolver	6.657100e-04	5.815970e-05	10	1.043590e-02	9.190580e-04	10	4.069510e-03	3.472140e-04	10	false	GAMG	5.314830e-03	3.204930e-05	6	true
817           	smoothSolver	6.657020e-04	5.813130e-05	10	1.046430e-02	9.183010e-04	10	4.081030e-03	3.462220e-04	10	false	GAMG	5.403410e-03	3.632270e-05	6	true
818           	smoothSolver	6.657120e-04	5.789070e-05	10	1.049720e-02	9.165100e-04	10	4.089810e-03	3.439580e-04	10	false	GAMG	5.499050e-03	3.689420e-05	6	true
819           	smoothSolver	6.668030e-04	5.776290e-05	10	1.054280e-02	9.147030e-04	10	4.104200e-03	3.430320e-04	10	false	GAMG	5.622740e-03	3.572800e-05	6	true
820           	smoothSolver	6.696570e-04	5.792800e-05	10	1.059980e-02	9.139150e-04	10	4.130230e-03	3.446420e-04	10	false	GAMG	5.721830e-03	3.594990e-05	6	true
821           	smoothSolver	6.737940e-04	5.824670e-05	10	1.067100e-02	9.141540e-04	10	4.160220e-03	3.471620e-04	10	false	GAMG	5.834630e-03	3.874500e-05	6	true
822           	smoothSolver	6.797790e-04	5.853190e-05	10	1.076170e-02	9.163690e-04	10	4.195700e-03	3.484500e-04	10	false	GAMG	5.929320e-03	4.136840e-05	6	true
823           	smoothSolver	6.858500e-04	5.869460e-05	10	1.083000e-02	9.167280e-04	10	4.229640e-03	3.485460e-04	10	false	GAMG	6.009760e-03	4.294810e-05	6	true
824           	smoothSolver	6.925100e-04	5.902100e-05	10	1.085900e-02	9.154190e-04	10	4.270950e-03	3.503210e-04	10	false	GAMG	6.035200e-03	4.319670e-05	6	true
825           	smoothSolver	6.981120e-04	5.954700e-05	10	1.082070e-02	9.124120e-04	10	4.307060e-03	3.541540e-04	10	false	GAMG	6.029680e-03	4.208180e-05	6	true
826           	smoothSolver	7.026660e-04	6.016200e-05	10	1.072600e-02	9.071210e-04	10	4.331770e-03	3.572950e-04	10	false	GAMG	5.994080e-03	4.290070e-05	6	true
827           	smoothSolver	7.057930e-04	6.066360e-05	10	1.062580e-02	9.012580e-04	10	4.342080e-03	3.582120e-04	10	false	GAMG	5.927500e-03	3.913350e-05	6	true
828           	smoothSolver	7.081700e-04	6.093370e-05	10	1.053620e-02	8.950580e-04	10	4.341470e-03	3.574450e-04	10	false	GAMG	5.841860e-03	5.744440e-05	5	true
829           	smoothSolver	7.094870e-04	6.099740e-05	10	1.044470e-02	8.899230e-04	10	4.328350e-03	3.566390e-04	10	false	GAMG	5.761960e-03	3.929340e-05	6	true
830           	smoothSolver	7.086900e-04	6.091800e-05	10	1.036660e-02	8.844270e-04	10	4.319130e-03	3.575700e-04	10	false	GAMG	5.677280e-03	5.521690e-05	5	true
831           	smoothSolver	7.052250e-04	6.070870e-05	10	1.024100e-02	8.732040e-04	10	4.288570e-03	3.565760e-04	10	false	GAMG	5.633420e-03	3.641270e-05	6	true
832           	smoothSolver	7.001080e-04	6.028330e-05	10	1.012430e-02	8.607240e-04	10	4.255100e-03	3.539520e-04	10	false	GAMG	5.653680e-03	3.124730e-05	6	true
833           	smoothSolver	6.961020e-04	5.975130e-05	10	1.000310e-02	8.487040e-04	10	4.221110e-03	3.495240e-04	10	false	GAMG	5.701460e-03	3.345970e-05	6	true
834           	smoothSolver	6.908880e-04	5.923080e-05	10	9.921540e-03	8.421310e-04	10	4.195140e-03	3.454360e-04	10	false	GAMG	5.745380e-03	5.702510e-05	5	true
835           	smoothSolver	6.868900e-04	5.880090e-05	10	9.864690e-03	8.388640e-04	10	4.176790e-03	3.431410e-04	10	false	GAMG	5.776820e-03	3.544840e-05	6	true
836           	smoothSolver	6.834240e-04	5.856370e-05	10	9.827500e-03	8.391850e-04	10	4.174360e-03	3.437050e-04	10	false	GAMG	5.785730e-03	5.601010e-05	5	true
837           	smoothSolver	6.804370e-04	5.854030e-05	10	9.826910e-03	8.391380e-04	10	4.165560e-03	3.437090e-04	10	false	GAMG	5.769950e-03	3.775310e-05	6	true
838           	smoothSolver	6.802640e-04	5.859600e-05	10	9.847660e-03	8.414250e-04	10	4.170780e-03	3.452750e-04	10	false	GAMG	5.762740e-03	5.647220e-05	5	true
839           	smoothSolver	6.804880e-04	5.861800e-05	10	9.877280e-03	8.427640e-04	10	4.167490e-03	3.460250e-04	10	false	GAMG	5.745960e-03	3.540590e-05	6	true
840           	smoothSolver	6.822270e-04	5.874250e-05	10	9.896180e-03	8.478350e-04	10	4.170570e-03	3.483560e-04	10	false	GAMG	5.734640e-03	3.265190e-05	6	true
841           	smoothSolver	6.824920e-04	5.894110e-05	10	9.887500e-03	8.518790e-04	10	4.163200e-03	3.496240e-04	10	false	GAMG	5.708660e-03	3.178620e-05	6	true
842           	smoothSolver	6.833970e-04	5.916410e-05	10	9.873710e-03	8.541670e-04	10	4.153350e-03	3.492650e-04	10	false	GAMG	5.669960e-03	3.136650e-05	6	true
843           	smoothSolver	6.836580e-04	5.935990e-05	10	9.857550e-03	8.550730e-04	10	4.134370e-03	3.478480e-04	10	false	GAMG	5.617130e-03	3.208850e-05	6	true
844           	smoothSolver	6.839560e-04	5.952340e-05	10	9.864740e-03	8.576800e-04	10	4.111540e-03	3.457230e-04	10	false	GAMG	5.557990e-03	3.594880e-05	6	true
845           	smoothSolver	6.843580e-04	5.972700e-05	10	9.892990e-03	8.615930e-04	10	4.091210e-03	3.443310e-04	10	false	GAMG	5.494990e-03	3.375900e-05	6	true
846           	smoothSolver	6.848220e-04	6.005800e-05	10	9.952530e-03	8.683460e-04	10	4.078200e-03	3.441390e-04	10	false	GAMG	5.433630e-03	5.400510e-05	5	true
847           	smoothSolver	6.852390e-04	6.036050e-05	10	1.002390e-02	8.754540e-04	10	4.063770e-03	3.436930e-04	10	false	GAMG	5.400670e-03	3.222110e-05	6	true
848           	smoothSolver	6.850610e-04	6.050130e-05	10	1.011480e-02	8.817720e-04	10	4.053700e-03	3.426790e-04	10	false	GAMG	5.371020e-03	3.269020e-05	6	true
849           	smoothSolver	6.850390e-04	6.049700e-05	10	1.016980e-02	8.852660e-04	10	4.038020e-03	3.406700e-04	10	false	GAMG	5.354560e-03	3.942330e-05	6	true
850           	smoothSolver	6.853640e-04	6.033830e-05	10	1.020540e-02	8.896750e-04	10	4.029290e-03	3.392200e-04	10	false	GAMG	5.385460e-03	3.871750e-05	6	true
851           	smoothSolver	6.842160e-04	6.016370e-05	10	1.023380e-02	8.960520e-04	10	4.026050e-03	3.396290e-04	10	false	GAMG	5.401670e-03	3.445060e-05	6	true
852           	smoothSolver	6.836840e-04	6.000810e-05	10	1.025580e-02	9.021650e-04	10	4.022320e-03	3.399520e-04	10	false	GAMG	5.396310e-03	3.466790e-05	6	true
853           	smoothSolver	6.821750e-04	5.980150e-05	10	1.027580e-02	9.059760e-04	10	4.011570e-03	3.385160e-04	10	false	GAMG	5.383160e-03	3.006060e-05	6	true
854           	smoothSolver	6.817820e-04	5.947330e-05	10	1.030980e-02	9.069880e-04	10	4.000980e-03	3.358300e-04	10	false	GAMG	5.374590e-03	3.184180e-05	6	true
855           	smoothSolver	6.813380e-04	5.915940e-05	10	1.036190e-02	9.078150e-04	10	4.001880e-03	3.352210e-04	10	false	GAMG	5.388320e-03	3.765640e-05	6	true
856           	smoothSolver	6.829720e-04	5.912610e-05	10	1.041620e-02	9.101300e-04	10	4.019000e-03	3.374690e-04	10	false	GAMG	5.398850e-03	3.983860e-05	6	true
857           	smoothSolver	6.851070e-04	5.930050e-05	10	1.044800e-02	9.132270e-04	10	4.042460e-03	3.399420e-04	10	false	GAMG	5.395700e-03	4.092080e-05	6	true
858           	smoothSolver	6.863800e-04	5.941050e-05	10	1.044560e-02	9.130210e-04	10	4.055650e-03	3.404000e-04	10	false	GAMG	5.403470e-03	4.059040e-05	6	true
859           	smoothSolver	6.871320e-04	5.929600e-05	10	1.042160e-02	9.090050e-04	10	4.061710e-03	3.387560e-04	10	false	GAMG	5.424550e-03	3.977710e-05	6	true
860           	smoothSolver	6.874860e-04	5.905290e-05	10	1.038940e-02	9.041910e-04	10	4.069760e-03	3.383180e-04	10	false	GAMG	5.446400e-03	4.079500e-05	6	true
861           	smoothSolver	6.867920e-04	5.889890e-05	10	1.036980e-02	9.027470e-04	10	4.077480e-03	3.396930e-04	10	false	GAMG	5.462000e-03	4.065760e-05	6	true
862           	smoothSolver	6.862230e-04	5.892140e-05	10	1.037880e-02	9.034550e-04	10	4.084770e-03	3.411850e-04	10	false	GAMG	5.464880e-03	3.930310e-05	6	true
863           	smoothSolver	6.850910e-04	5.893020e-05	10	1.039160e-02	9.033330e-04	10	4.086910e-03	3.411990e-04	10	false	GAMG	5.452200e-03	3.515700e-05	6	true
864           	smoothSolver	6.838800e-04	5.880950e-05	10	1.040090e-02	9.022160e-04	10	4.083110e-03	3.405570e-04	10	false	GAMG	5.440380e-03	5.311890e-05	5	true
865           	smoothSolver	6.822720e-04	5.869530e-05	10	1.039870e-02	9.005540e-04	10	4.077700e-03	3.409100e-04	10	false	GAMG	5.424760e-03	3.714330e-05	6	true
866           	smoothSolver	6.785880e-04	5.859720e-05	10	1.039000e-02	8.994290e-04	10	4.079280e-03	3.433310e-04	10	false	GAMG	5.407370e-03	3.461920e-05	6	true
867           	smoothSolver	6.750170e-04	5.845860e-05	10	1.034440e-02	8.954000e-04	10	4.076340e-03	3.448320e-04	10	false	GAMG	5.380060e-03	3.426770e-05	6	true
868           	smoothSolver	6.709860e-04	5.823850e-05	10	1.029610e-02	8.914880e-04	10	4.066830e-03	3.443040e-04	10	false	GAMG	5.367610e-03	3.069010e-05	6	true
869           	smoothSolver	6.666660e-04	5.776230e-05	10	1.024770e-02	8.864310e-04	10	4.055950e-03	3.415480e-04	10	false	GAMG	5.342800e-03	5.225480e-05	5	true
870           	smoothSolver	6.628150e-04	5.728040e-05	10	1.019320e-02	8.797490e-04	10	4.048600e-03	3.385800e-04	10	false	GAMG	5.334350e-03	2.968100e-05	6	true
871           	smoothSolver	6.606370e-04	5.699790e-05	10	1.015380e-02	8.743950e-04	10	4.058990e-03	3.378310e-04	10	false	GAMG	5.333690e-03	5.029020e-05	5	true
872           	smoothSolver	6.593250e-04	5.699010e-05	10	1.013890e-02	8.675150e-04	10	4.069490e-03	3.376420e-04	10	false	GAMG	5.381040e-03	5.288770e-05	5	true
873           	smoothSolver	6.610280e-04	5.716260e-05	10	1.014740e-02	8.627940e-04	10	4.089220e-03	3.378310e-04	10	false	GAMG	5.442370e-03	5.334340e-05	5	true
874           	smoothSolver	6.646100e-04	5.726070e-05	10	1.016850e-02	8.610850e-04	10	4.103340e-03	3.371440e-04	10	false	GAMG	5.493500e-03	5.392660e-05	5	true
875           	smoothSolver	6.689220e-04	5.716360e-05	10	1.017740e-02	8.609590e-04	10	4.113000e-03	3.364600e-04	10	false	GAMG	5.543590e-03	3.446440e-05	6	true
876           	smoothSolver	6.731580e-04	5.704440e-05	10	1.017400e-02	8.617740e-04	10	4.120030e-03	3.370250e-04	10	false	GAMG	5.586170e-03	3.647520e-05	6	true
877           	smoothSolver	6.762070e-04	5.708780e-05	10	1.016710e-02	8.631600e-04	10	4.120920e-03	3.386270e-04	10	false	GAMG	5.610620e-03	3.877450e-05	6	true
878           	smoothSolver	6.782950e-04	5.723760e-05	10	1.018010e-02	8.672300e-04	10	4.125150e-03	3.403080e-04	10	false	GAMG	5.618840e-03	3.847690e-05	6	true
879           	smoothSolver	6.792080e-04	5.747340e-05	10	1.020460e-02	8.732710e-04	10	4.125560e-03	3.410550e-04	10	false	GAMG	5.591770e-03	4.043260e-05	6	true
880           	smoothSolver	6.794040e-04	5.765060e-05	10	1.023640e-02	8.800650e-04	10	4.120820e-03	3.408980e-04	10	false	GAMG	5.562560e-03	4.055270e-05	6	true
881           	smoothSolver	6.794180e-04	5.780510e-05	10	1.027780e-02	8.875620e-04	10	4.116060e-03	3.412430e-04	10	false	GAMG	5.547380e-03	3.943670e-05	6	true
882           	smoothSolver	6.793810e-04	5.802950e-05	10	1.031510e-02	8.940030e-04	10	4.114140e-03	3.426210e-04	10	false	GAMG	5.541660e-03	4.029860e-05	6	true
883           	smoothSolver	6.791080e-04	5.825960e-05	10	1.036210e-02	8.998020e-04	10	4.114460e-03	3.447350e-04	10	false	GAMG	5.534590e-03	3.865400e-05	6	true
884           	smoothSolver	6.783990e-04	5.840510e-05	10	1.040350e-02	9.060360e-04	10	4.108890e-03	3.451260e-04	10	false	GAMG	5.524680e-03	4.077400e-05	6	true
885           	smoothSolver	6.770020e-04	5.841230e-05	10	1.045240e-02	9.129930e-04	10	4.089740e-03	3.435590e-04	10	false	GAMG	5.528270e-03	5.506090e-05	5	true
886           	smoothSolver	6.770960e-04	5.822990e-05	10	1.049130e-02	9.183830e-04	10	4.062490e-03	3.404370e-04	10	false	GAMG	5.531260e-03	3.892990e-05	6	true
887           	smoothSolver	6.745840e-04	5.808740e-05	10	1.053610e-02	9.236760e-04	10	4.044330e-03	3.397200e-04	10	false	GAMG	5.524730e-03	5.274940e-05	5	true
888           	smoothSolver	6.737200e-04	5.821950e-05	10	1.055730e-02	9.252410e-04	10	4.027800e-03	3.397450e-04	10	false	GAMG	5.523380e-03	3.270540e-05	6	true
889           	smoothSolver	6.728790e-04	5.850300e-05	10	1.059730e-02	9.265830e-04	10	4.031670e-03	3.416550e-04	10	false	GAMG	5.498030e-03	5.261990e-05	5	true
890           	smoothSolver	6.727290e-04	5.875220e-05	10	1.064240e-02	9.251560e-04	10	4.037970e-03	3.423350e-04	10	false	GAMG	5.501600e-03	3.154590e-05	6	true
891           	smoothSolver	6.760330e-04	5.899390e-05	10	1.070660e-02	9.280130e-04	10	4.056970e-03	3.434380e-04	10	false	GAMG	5.504400e-03	5.363580e-05	5	true
892           	smoothSolver	6.809200e-04	5.932130e-05	10	1.075430e-02	9.315050e-04	10	4.079280e-03	3.447440e-04	10	false	GAMG	5.551930e-03	3.225300e-05	6	true
893           	smoothSolver	6.866240e-04	5.974240e-05	10	1.078640e-02	9.362280e-04	10	4.106670e-03	3.473030e-04	10	false	GAMG	5.579300e-03	3.543970e-05	6	true
894           	smoothSolver	6.913940e-04	6.000230e-05	10	1.077570e-02	9.373420e-04	10	4.127730e-03	3.485150e-04	10	false	GAMG	5.610960e-03	3.619980e-05	6	true
895           	smoothSolver	6.952250e-04	6.014240e-05	10	1.074970e-02	9.359540e-04	10	4.139110e-03	3.486830e-04	10	false	GAMG	5.620040e-03	3.734250e-05	6	true
896           	smoothSolver	6.976210e-04	6.026680e-05	10	1.072400e-02	9.341370e-04	10	4.142790e-03	3.485840e-04	10	false	GAMG	5.597370e-03	3.423810e-05	6	true
897           	smoothSolver	6.992320e-04	6.038930e-05	10	1.069550e-02	9.339230e-04	10	4.138710e-03	3.492740e-04	10	false	GAMG	5.536870e-03	3.383390e-05	6	true
898           	smoothSolver	6.974150e-04	6.049640e-05	10	1.065690e-02	9.352130e-04	10	4.129640e-03	3.507060e-04	10	false	GAMG	5.471440e-03	3.204850e-05	6	true
899           	smoothSolver	6.956990e-04	6.048230e-05	10	1.061900e-02	9.354760e-04	10	4.117610e-03	3.516480e-04	10	false	GAMG	5.392780e-03	3.375780e-05	6	true
900           	smoothSolver	6.922970e-04	6.034860e-05	10	1.058550e-02	9.333570e-04	10	4.105410e-03	3.517860e-04	10	false	GAMG	5.345420e-03	3.629980e-05	6	true
901           	smoothSolver	6.882970e-04	6.013340e-05	10	1.056180e-02	9.311970e-04	10	4.100590e-03	3.517470e-04	10	false	GAMG	5.325500e-03	3.826470e-05	6	true
902           	smoothSolver	6.846800e-04	5.985530e-05	10	1.055320e-02	9.315520e-04	10	4.104340e-03	3.522930e-04	10	false	GAMG	5.361140e-03	3.758330e-05	6	true
903           	smoothSolver	6.816290e-04	5.952990e-05	10	1.054920e-02	9.323380e-04	10	4.110250e-03	3.527270e-04	10	false	GAMG	5.427920e-03	3.511300e-05	6	true
904           	smoothSolver	6.789790e-04	5.926510e-05	10	1.055250e-02	9.334360e-04	10	4.117060e-03	3.527230e-04	10	false	GAMG	5.501080e-03	5.369130e-05	5	true
905           	smoothSolver	6.780250e-04	5.907730e-05	10	1.055050e-02	9.327170e-04	10	4.121000e-03	3.513120e-04	10	false	GAMG	5.549310e-03	3.964670e-05	6	true
906           	smoothSolver	6.765760e-04	5.893790e-05	10	1.056840e-02	9.318220e-04	10	4.133220e-03	3.505890e-04	10	false	GAMG	5.588070e-03	5.363980e-05	5	true
907           	smoothSolver	6.779740e-04	5.879640e-05	10	1.058710e-02	9.273020e-04	10	4.144580e-03	3.495840e-04	10	false	GAMG	5.619240e-03	3.780860e-05	6	true
908           	smoothSolver	6.807850e-04	5.870770e-05	10	1.058620e-02	9.250780e-04	10	4.161570e-03	3.502990e-04	10	false	GAMG	5.638290e-03	5.510820e-05	5	true
909           	smoothSolver	6.810700e-04	5.878920e-05	10	1.056130e-02	9.225070e-04	10	4.167700e-03	3.508720e-04	10	false	GAMG	5.617410e-03	4.220640e-05	6	true
910           	smoothSolver	6.846650e-04	5.893950e-05	10	1.049970e-02	9.194660e-04	10	4.172240e-03	3.513860e-04	10	false	GAMG	5.609830e-03	5.508120e-05	5	true
911           	smoothSolver	6.840600e-04	5.899040e-05	10	1.043820e-02	9.129230e-04	10	4.162580e-03	3.504280e-04	10	false	GAMG	5.593270e-03	3.590160e-05	6	true
912           	smoothSolver	6.845940e-04	5.903060e-05	10	1.037060e-02	9.062140e-04	10	4.160590e-03	3.501920e-04	10	false	GAMG	5.592190e-03	3.167440e-05	6	true
913           	smoothSolver	6.849630e-04	5.907220e-05	10	1.034820e-02	9.022230e-04	10	4.159400e-03	3.501480e-04	10	false	GAMG	5.601420e-03	3.692080e-05	6	true
914           	smoothSolver	6.872620e-04	5.923210e-05	10	1.035060e-02	9.019510e-04	10	4.168070e-03	3.513400e-04	10	false	GAMG	5.638570e-03	3.406890e-05	6	true
915           	smoothSolver	6.895850e-04	5.940370e-05	10	1.038540e-02	9.027910e-04	10	4.183250e-03	3.531440e-04	10	false	GAMG	5.654350e-03	5.572950e-05	5	true
916           	smoothSolver	6.929710e-04	5.945970e-05	10	1.041800e-02	9.017720e-04	10	4.190000e-03	3.532400e-04	10	false	GAMG	5.685790e-03	5.660060e-05	5	true
917           	smoothSolver	6.936060e-04	5.938880e-05	10	1.044770e-02	8.995250e-04	10	4.192000e-03	3.524850e-04	10	false	GAMG	5.691700e-03	3.610150e-05	6	true
918           	smoothSolver	6.929200e-04	5.915670e-05	10	1.046400e-02	8.956840e-04	10	4.185060e-03	3.511950e-04	10	false	GAMG	5.711910e-03	3.291160e-05	6	true
919           	smoothSolver	6.906240e-04	5.898960e-05	10	1.046220e-02	8.921900e-04	10	4.178400e-03	3.514260e-04	10	false	GAMG	5.725010e-03	3.882250e-05	6	true
920           	smoothSolver	6.878510e-04	5.895400e-05	10	1.044210e-02	8.912260e-04	10	4.175450e-03	3.517320e-04	10	false	GAMG	5.759030e-03	3.511910e-05	6	true
921           	smoothSolver	6.853580e-04	5.883780e-05	10	1.040790e-02	8.896430e-04	10	4.171400e-03	3.509000e-04	10	false	GAMG	5.773560e-03	3.729900e-05	6	true
922           	smoothSolver	6.819580e-04	5.859820e-05	10	1.038030e-02	8.866610e-04	10	4.170880e-03	3.498990e-04	10	false	GAMG	5.803610e-03	3.782370e-05	6	true
923           	smoothSolver	6.798970e-04	5.831050e-05	10	1.036300e-02	8.829500e-04	10	4.172580e-03	3.495120e-04	10	false	GAMG	5.802540e-03	4.091840e-05	6	true
924           	smoothSolver	6.775780e-04	5.810890e-05	10	1.036200e-02	8.805000e-04	10	4.176840e-03	3.508970e-04	10	false	GAMG	5.804260e-03	4.316900e-05	6	true
925           	smoothSolver	6.756850e-04	5.798200e-05	10	1.036150e-02	8.798220e-04	10	4.178220e-03	3.517590e-04	10	false	GAMG	5.774160e-03	4.355590e-05	6	true
926           	smoothSolver	6.736980e-04	5.778200e-05	10	1.034460e-02	8.804510e-04	10	4.168390e-03	3.508120e-04	10	false	GAMG	5.715870e-03	4.335630e-05	6	true
927           	smoothSolver	6.712680e-04	5.748100e-05	10	1.030040e-02	8.792380e-04	10	4.151630e-03	3.487250e-04	10	false	GAMG	5.648530e-03	4.285120e-05	6	true
928           	smoothSolver	6.688310e-04	5.715400e-05	10	1.023480e-02	8.748470e-04	10	4.130550e-03	3.466250e-04	10	false	GAMG	5.579850e-03	4.307890e-05	6	true
929           	smoothSolver	6.661960e-04	5.692540e-05	10	1.017620e-02	8.704030e-04	10	4.112450e-03	3.457380e-04	10	false	GAMG	5.504950e-03	4.262230e-05	6	true
930           	smoothSolver	6.630480e-04	5.680780e-05	10	1.013710e-02	8.686010e-04	10	4.098860e-03	3.449290e-04	10	false	GAMG	5.429560e-03	3.847780e-05	6	true
931           	smoothSolver	6.603700e-04	5.668250e-05	10	1.012770e-02	8.696430e-04	10	4.086220e-03	3.433710e-04	10	false	GAMG	5.356090e-03	5.345260e-05	5	true
932           	smoothSolver	6.577490e-04	5.650100e-05	10	1.012100e-02	8.711950e-04	10	4.072550e-03	3.410380e-04	10	false	GAMG	5.325640e-03	3.195940e-05	6	true
933           	smoothSolver	6.540390e-04	5.627930e-05	10	1.015560e-02	8.733620e-04	10	4.069080e-03	3.394860e-04	10	false	GAMG	5.291790e-03	5.090260e-05	5	true
934           	smoothSolver	6.511640e-04	5.613270e-05	10	1.014920e-02	8.725520e-04	10	4.056070e-03	3.375680e-04	10	false	GAMG	5.283770e-03	3.831430e-05	6	true
935           	smoothSolver	6.506300e-04	5.614400e-05	10	1.016700e-02	8.734250e-04	10	4.053510e-03	3.376180e-04	10	false	GAMG	5.291450e-03	3.752960e-05	6	true
936           	smoothSolver	6.479160e-04	5.624480e-05	10	1.014670e-02	8.732490e-04	10	4.041000e-03	3.365790e-04	10	false	GAMG	5.307780e-03	3.984770e-05	6	true
937           	smoothSolver	6.474570e-04	5.627080e-05	10	1.011680e-02	8.747490e-04	10	4.017480e-03	3.341070e-04	10	false	GAMG	5.322640e-03	4.023690e-05	6	true
938           	smoothSolver	6.468880e-04	5.604980e-05	10	1.007290e-02	8.761400e-04	10	3.984760e-03	3.306960e-04	10	false	GAMG	5.321920e-03	3.698090e-05	6	true
939           	smoothSolver	6.462000e-04	5.575710e-05	10	1.001800e-02	8.759460e-04	10	3.951790e-03	3.287200e-04	10	false	GAMG	5.305620e-03	5.249010e-05	5	true
940           	smoothSolver	6.459400e-04	5.571090e-05	10	9.954100e-03	8.740730e-04	10	3.926960e-03	3.287240e-04	10	false	GAMG	5.282040e-03	3.622740e-05	6	true
941           	smoothSolver	6.449610e-04	5.581550e-05	10	9.908830e-03	8.733130e-04	10	3.925530e-03	3.318110e-04	10	false	GAMG	5.231290e-03	5.115330e-05	5	true
942           	smoothSolver	6.445800e-04	5.596760e-05	10	9.852970e-03	8.693380e-04	10	3.922190e-03	3.338240e-04	10	false	GAMG	5.201140e-03	3.495430e-05	6	true
943           	smoothSolver	6.448490e-04	5.602850e-05	10	9.824040e-03	8.671690e-04	10	3.923850e-03	3.355290e-04	10	false	GAMG	5.169190e-03	3.128420e-05	6	true
944           	smoothSolver	6.451250e-04	5.602540e-05	10	9.779570e-03	8.637180e-04	10	3.921950e-03	3.359480e-04	10	false	GAMG	5.152590e-03	3.301810e-05	6	true
945           	smoothSolver	6.455340e-04	5.604800e-05	10	9.733280e-03	8.606880e-04	10	3.917280e-03	3.366180e-04	10	false	GAMG	5.133640e-03	3.647930e-05	6	true
946           	smoothSolver	6.462280e-04	5.616770e-05	10	9.694480e-03	8.581450e-04	10	3.919870e-03	3.375660e-04	10	false	GAMG	5.115870e-03	3.325750e-05	6	true
947           	smoothSolver	6.468210e-04	5.630870e-05	10	9.685390e-03	8.579850e-04	10	3.927810e-03	3.381240e-04	10	false	GAMG	5.096140e-03	3.649320e-05	6	true
948           	smoothSolver	6.484450e-04	5.640990e-05	10	9.710020e-03	8.589120e-04	10	3.941930e-03	3.379400e-04	10	false	GAMG	5.100990e-03	3.082580e-05	6	true
949           	smoothSolver	6.491830e-04	5.652900e-05	10	9.754520e-03	8.613080e-04	10	3.961330e-03	3.385410e-04	10	false	GAMG	5.100300e-03	3.000230e-05	6	true
950           	smoothSolver	6.503520e-04	5.667000e-05	10	9.796980e-03	8.653340e-04	10	3.983970e-03	3.407450e-04	10	false	GAMG	5.113930e-03	2.981960e-05	6	true
951           	smoothSolver	6.507460e-04	5.683690e-05	10	9.827470e-03	8.688440e-04	10	4.003530e-03	3.438390e-04	10	false	GAMG	5.125380e-03	2.965110e-05	6	true
952           	smoothSolver	6.501870e-04	5.696110e-05	10	9.851000e-03	8.706880e-04	10	4.017480e-03	3.457740e-04	10	false	GAMG	5.131750e-03	3.324200e-05	6	true
953           	smoothSolver	6.505850e-04	5.699330e-05	10	9.867640e-03	8.724620e-04	10	4.020030e-03	3.462720e-04	10	false	GAMG	5.131550e-03	3.608460e-05	6	true
954           	smoothSolver	6.495150e-04	5.687740e-05	10	9.879660e-03	8.755680e-04	10	4.021050e-03	3.465080e-04	10	false	GAMG	5.153540e-03	3.176090e-05	6	true
955           	smoothSolver	6.493950e-04	5.676760e-05	10	9.880810e-03	8.787620e-04	10	4.017530e-03	3.469420e-04	10	false	GAMG	5.167300e-03	5.141330e-05	5	true
956           	smoothSolver	6.499040e-04	5.668760e-05	10	9.878750e-03	8.804360e-04	10	4.005310e-03	3.468150e-04	10	false	GAMG	5.176850e-03	3.258310e-05	6	true
957           	smoothSolver	6.500530e-04	5.673940e-05	10	9.909610e-03	8.814250e-04	10	3.993220e-03	3.456230e-04	10	false	GAMG	5.182780e-03	4.924940e-05	5	true
958           	smoothSolver	6.507870e-04	5.678820e-05	10	9.958210e-03	8.805070e-04	10	3.987410e-03	3.427070e-04	10	false	GAMG	5.204520e-03	3.005770e-05	6	true
959           	smoothSolver	6.534870e-04	5.685360e-05	10	1.004740e-02	8.827570e-04	10	4.002420e-03	3.415990e-04	10	false	GAMG	5.246740e-03	2.888190e-05	6	true
960           	smoothSolver	6.588820e-04	5.706610e-05	10	1.013390e-02	8.856750e-04	10	4.033360e-03	3.432050e-04	10	false	GAMG	5.303940e-03	3.142130e-05	6	true
961           	smoothSolver	6.646620e-04	5.748080e-05	10	1.019420e-02	8.899740e-04	10	4.077560e-03	3.467190e-04	10	false	GAMG	5.351840e-03	2.958150e-05	6	true
962           	smoothSolver	6.698090e-04	5.798410e-05	10	1.020820e-02	8.923730e-04	10	4.110540e-03	3.494060e-04	10	false	GAMG	5.373800e-03	3.119010e-05	6	true
963           	smoothSolver	6.734000e-04	5.840850e-05	10	1.018060e-02	8.902540e-04	10	4.120080e-03	3.491090e-04	10	false	GAMG	5.387110e-03	3.573920e-05	6	true
964           	smoothSolver	6.755980e-04	5.865460e-05	10	1.013430e-02	8.875570e-04	10	4.120950e-03	3.479500e-04	10	false	GAMG	5.369450e-03	3.190920e-05	6	true
965           	smoothSolver	6.761600e-04	5.876760e-05	10	1.008690e-02	8.851610e-04	10	4.113130e-03	3.473430e-04	10	false	GAMG	5.324990e-03	3.379180e-05	6	true
966           	smoothSolver	6.750180e-04	5.878850e-05	10	1.005360e-02	8.829720e-04	10	4.105090e-03	3.482810e-04	10	false	GAMG	5.277500e-03	3.146540e-05	6	true
967           	smoothSolver	6.736040e-04	5.872110e-05	10	1.002070e-02	8.803210e-04	10	4.094440e-03	3.490390e-04	10	false	GAMG	5.241740e-03	5.222870e-05	5	true
968           	smoothSolver	6.719320e-04	5.859930e-05	10	1.000550e-02	8.758660e-04	10	4.085900e-03	3.479160e-04	10	false	GAMG	5.230640e-03	3.139490e-05	6	true
969           	smoothSolver	6.706140e-04	5.836660e-05	10	9.998560e-03	8.691950e-04	10	4.076890e-03	3.458060e-04	10	false	GAMG	5.254130e-03	2.941500e-05	6	true
970           	smoothSolver	6.695950e-04	5.812140e-05	10	9.994310e-03	8.624820e-04	10	4.071760e-03	3.441970e-04	10	false	GAMG	5.295190e-03	3.131330e-05	6	true
971           	smoothSolver	6.684330e-04	5.793670e-05	10	1.000390e-02	8.590250e-04	10	4.073770e-03	3.434470e-04	10	false	GAMG	5.351310e-03	3.238050e-05	6	true
972           	smoothSolver	6.675010e-04	5.774550e-05	10	1.002650e-02	8.573160e-04	10	4.083400e-03	3.419620e-04	10	false	GAMG	5.431250e-03	3.315360e-05	6	true
973           	smoothSolver	6.660870e-04	5.741870e-05	10	1.005170e-02	8.545010e-04	10	4.097610e-03	3.396160e-04	10	false	GAMG	5.501070e-03	5.345950e-05	5	true
974           	smoothSolver	6.658260e-04	5.704250e-05	10	1.007120e-02	8.499370e-04	10	4.107470e-03	3.364070e-04	10	false	GAMG	5.582170e-03	3.426780e-05	6	true
975           	smoothSolver	6.654310e-04	5.673880e-05	10	1.009400e-02	8.470810e-04	10	4.127410e-03	3.355670e-04	10	false	GAMG	5.658860e-03	5.201200e-05	5	true
976           	smoothSolver	6.661950e-04	5.660990e-05	10	1.009750e-02	8.450570e-04	10	4.142090e-03	3.368450e-04	10	false	GAMG	5.707410e-03	5.550390e-05	5	true
977           	smoothSolver	6.685820e-04	5.676710e-05	10	1.009220e-02	8.474340e-04	10	4.157120e-03	3.397220e-04	10	false	GAMG	5.731290e-03	3.344370e-05	6	true
978           	smoothSolver	6.707330e-04	5.692640e-05	10	1.005940e-02	8.497810e-04	10	4.163860e-03	3.413150e-04	10	false	GAMG	5.728880e-03	3.359460e-05	6	true
979           	smoothSolver	6.714790e-04	5.685960e-05	10	9.991640e-03	8.468610e-04	10	4.144820e-03	3.400280e-04	10	false	GAMG	5.702050e-03	3.827190e-05	6	true
980           	smoothSolver	6.715620e-04	5.673870e-05	10	9.918550e-03	8.428660e-04	10	4.117380e-03	3.381180e-04	10	false	GAMG	5.655790e-03	4.012820e-05	6	true
981           	smoothSolver	6.697680e-04	5.672110e-05	10	9.851330e-03	8.425740e-04	10	4.084190e-03	3.377860e-04	10	false	GAMG	5.584650e-03	4.153100e-05	6	true
982           	smoothSolver	6.695450e-04	5.680140e-05	10	9.799340e-03	8.454200e-04	10	4.053810e-03	3.385810e-04	10	false	GAMG	5.462400e-03	3.569210e-05	6	true
983           	smoothSolver	6.641510e-04	5.681260e-05	10	9.757900e-03	8.492780e-04	10	4.016500e-03	3.384630e-04	10	false	GAMG	5.336790e-03	3.994640e-05	6	true
984           	smoothSolver	6.611070e-04	5.664130e-05	10	9.741960e-03	8.518790e-04	10	3.980720e-03	3.370770e-04	10	false	GAMG	5.223600e-03	3.754140e-05	6	true
985           	smoothSolver	6.556190e-04	5.635340e-05	10	9.740570e-03	8.520790e-04	10	3.946520e-03	3.351640e-04	10	false	GAMG	5.133960e-03	3.891930e-05	6	true
986           	smoothSolver	6.511240e-04	5.615200e-05	10	9.752110e-03	8.512640e-04	10	3.923570e-03	3.339310e-04	10	false	GAMG	5.050680e-03	3.748700e-05	6	true
987           	smoothSolver	6.470740e-04	5.610890e-05	10	9.755330e-03	8.503830e-04	10	3.908810e-03	3.335270e-04	10	false	GAMG	4.999090e-03	3.522910e-05	6	true
988           	smoothSolver	6.448380e-04	5.610610e-05	10	9.761860e-03	8.506470e-04	10	3.898220e-03	3.322290e-04	10	false	GAMG	4.976390e-03	3.047140e-05	6	true
989           	smoothSolver	6.438120e-04	5.589900e-05	10	9.766970e-03	8.504880e-04	10	3.883430e-03	3.288510e-04	10	false	GAMG	4.968580e-03	4.906250e-05	5	true
990           	smoothSolver	6.420910e-04	5.550360e-05	10	9.752460e-03	8.484060e-04	10	3.862590e-03	3.249540e-04	10	false	GAMG	4.961370e-03	2.948480e-05	6	true
991           	smoothSolver	6.398360e-04	5.524680e-05	10	9.742680e-03	8.480140e-04	10	3.847380e-03	3.235900e-04	10	false	GAMG	4.973080e-03	3.048890e-05	6	true
992           	smoothSolver	6.377760e-04	5.522490e-05	10	9.731170e-03	8.474050e-04	10	3.838630e-03	3.240940e-04	10	false	GAMG	4.999830e-03	3.454070e-05	6	true
993           	smoothSolver	6.359280e-04	5.528040e-05	10	9.732550e-03	8.474700e-04	10	3.836500e-03	3.250680e-04	10	false	GAMG	5.026640e-03	3.662590e-05	6	true
994           	smoothSolver	6.340350e-04	5.526160e-05	10	9.722550e-03	8.474880e-04	10	3.831480e-03	3.244330e-04	10	false	GAMG	5.056500e-03	3.872370e-05	6	true
995           	smoothSolver	6.327590e-04	5.506340e-05	10	9.705390e-03	8.478100e-04	10	3.821830e-03	3.230950e-04	10	false	GAMG	5.074980e-03	3.982370e-05	6	true
996           	smoothSolver	6.317870e-04	5.483620e-05	10	9.682270e-03	8.486350e-04	10	3.812220e-03	3.228940e-04	10	false	GAMG	5.097810e-03	3.806270e-05	6	true
997           	smoothSolver	6.310580e-04	5.471530e-05	10	9.659290e-03	8.505960e-04	10	3.805970e-03	3.243510e-04	10	false	GAMG	5.101630e-03	3.415190e-05	6	true
998           	smoothSolver	6.312910e-04	5.476710e-05	10	9.657040e-03	8.544380e-04	10	3.808560e-03	3.260690e-04	10	false	GAMG	5.078040e-03	3.291520e-05	6	true
999           	smoothSolver	6.312840e-04	5.490860e-05	10	9.683300e-03	8.593630e-04	10	3.816130e-03	3.271360e-04	10	false	GAMG	5.043540e-03	3.271430e-05	6	true
1000          	smoothSolver	6.313430e-04	5.501240e-05	10	9.725710e-03	8.643310e-04	10	3.827160e-03	3.279140e-04	10	false	GAMG	5.002130e-03	3.080620e-05	6	true
1001          	smoothSolver	6.321590e-04	5.518050e-05	10	9.780000e-03	8.694800e-04	10	3.843360e-03	3.302170e-04	10	false	GAMG	4.949960e-03	3.074960e-05	6	true
1002          	smoothSolver	6.315410e-04	5.540690e-05	10	9.824320e-03	8.744950e-04	10	3.859570e-03	3.331380e-04	10	false	GAMG	4.906260e-03	3.195060e-05	6	true
1003          	smoothSolver	6.302700e-04	5.564710e-05	10	9.860350e-03	8.776870e-04	10	3.872550e-03	3.351720e-04	10	false	GAMG	4.862170e-03	3.115260e-05	6	true
1004          	smoothSolver	6.297820e-04	5.583060e-05	10	9.896440e-03	8.786140e-04	10	3.884330e-03	3.351640e-04	10	false	GAMG	4.840860e-03	3.514950e-05	6	true
1005          	smoothSolver	6.318480e-04	5.594980e-05	10	9.938480e-03	8.786330e-04	10	3.893480e-03	3.334430e-04	10	false	GAMG	4.864490e-03	3.097070e-05	6	true
1006          	smoothSolver	6.339970e-04	5.591640e-05	10	9.992100e-03	8.790010e-04	10	3.902080e-03	3.309480e-04	10	false	GAMG	4.924290e-03	3.207480e-05	6	true
1007          	smoothSolver	6.371350e-04	5.582360e-05	10	1.004860e-02	8.787140e-04	10	3.905060e-03	3.285780e-04	10	false	GAMG	5.013790e-03	2.944120e-05	6	true
1008          	smoothSolver	6.417260e-04	5.586820e-05	10	1.011440e-02	8.780970e-04	10	3.909120e-03	3.263550e-04	10	false	GAMG	5.134110e-03	5.128020e-05	5	true
1009          	smoothSolver	6.467580e-04	5.600060e-05	10	1.018850e-02	8.759370e-04	10	3.918710e-03	3.236830e-04	10	false	GAMG	5.272480e-03	3.599330e-05	6	true
1010          	smoothSolver	6.527530e-04	5.605620e-05	10	1.030370e-02	8.760800e-04	10	3.943330e-03	3.222150e-04	10	false	GAMG	5.427640e-03	3.195060e-05	6	true
1011          	smoothSolver	6.603080e-04	5.608350e-05	10	1.039030e-02	8.762280e-04	10	3.971570e-03	3.219890e-04	10	false	GAMG	5.570810e-03	3.341370e-05	6	true
1012          	smoothSolver	6.679120e-04	5.632690e-05	10	1.045210e-02	8.781410e-04	10	4.007930e-03	3.241620e-04	10	false	GAMG	5.693190e-03	3.542900e-05	6	true
1013          	smoothSolver	6.751080e-04	5.678890e-05	10	1.046610e-02	8.784250e-04	10	4.042670e-03	3.276140e-04	10	false	GAMG	5.775210e-03	3.943400e-05	6	true
1014          	smoothSolver	6.806850e-04	5.735410e-05	10	1.043760e-02	8.757250e-04	10	4.071390e-03	3.302780e-04	10	false	GAMG	5.807270e-03	4.324300e-05	6	true
1015          	smoothSolver	6.845950e-04	5.783130e-05	10	1.037710e-02	8.713570e-04	10	4.083680e-03	3.317260e-04	10	false	GAMG	5.808180e-03	4.123820e-05	6	true
1016          	smoothSolver	6.863030e-04	5.820350e-05	10	1.032160e-02	8.687840e-04	10	4.087420e-03	3.326260e-04	10	false	GAMG	5.778150e-03	3.952410e-05	6	true
1017          	smoothSolver	6.871240e-04	5.854020e-05	10	1.028680e-02	8.697670e-04	10	4.089360e-03	3.343100e-04	10	false	GAMG	5.708470e-03	3.906370e-05	6	true
1018          	smoothSolver	6.871030e-04	5.890180e-05	10	1.025570e-02	8.725670e-04	10	4.093390e-03	3.374770e-04	10	false	GAMG	5.638330e-03	3.738420e-05	6	true
1019          	smoothSolver	6.858670e-04	5.910550e-05	10	1.022320e-02	8.739990e-04	10	4.090520e-03	3.397390e-04	10	false	GAMG	5.567500e-03	3.527770e-05	6	true
1020          	smoothSolver	6.830470e-04	5.900200e-05	10	1.016510e-02	8.717140e-04	10	4.075360e-03	3.393580e-04	10	false	GAMG	5.509710e-03	3.510070e-05	6	true
1021          	smoothSolver	6.780390e-04	5.861940e-05	10	1.008980e-02	8.657990e-04	10	4.051740e-03	3.380800e-04	10	false	GAMG	5.449730e-03	3.438690e-05	6	true
1022          	smoothSolver	6.725820e-04	5.815050e-05	10	1.000600e-02	8.601580e-04	10	4.026930e-03	3.377230e-04	10	false	GAMG	5.420030e-03	3.309480e-05	6	true
1023          	smoothSolver	6.669550e-04	5.779530e-05	10	9.930060e-03	8.587600e-04	10	4.011210e-03	3.383910e-04	10	false	GAMG	5.391870e-03	5.376970e-05	5	true
1024          	smoothSolver	6.613350e-04	5.746080e-05	10	9.851380e-03	8.566420e-04	10	3.995260e-03	3.380110e-04	10	false	GAMG	5.389330e-03	3.141800e-05	6	true
1025          	smoothSolver	6.567400e-04	5.713880e-05	10	9.794010e-03	8.543180e-04	10	3.986210e-03	3.369980e-04	10	false	GAMG	5.351910e-03	4.994230e-05	5	true
1026          	smoothSolver	6.540910e-04	5.691900e-05	10	9.741630e-03	8.487630e-04	10	3.979360e-03	3.359830e-04	10	false	GAMG	5.324020e-03	5.282150e-05	5	true
1027          	smoothSolver	6.532270e-04	5.676600e-05	10	9.723890e-03	8.445160e-04	10	3.992400e-03	3.380540e-04	10	false	GAMG	5.308370e-03	5.300950e-05	5	true
1028          	smoothSolver	6.538330e-04	5.683200e-05	10	9.701370e-03	8.423560e-04	10	4.009760e-03	3.420000e-04	10	false	GAMG	5.292900e-03	3.459990e-05	6	true
1029          	smoothSolver	6.563960e-04	5.717230e-05	10	9.679360e-03	8.432550e-04	10	4.026530e-03	3.454840e-04	10	false	GAMG	5.278630e-03	5.094840e-05	5	true
1030          	smoothSolver	6.568700e-04	5.735620e-05	10	9.625850e-03	8.415610e-04	10	4.029990e-03	3.455190e-04	10	false	GAMG	5.246190e-03	3.151060e-05	6	true
1031          	smoothSolver	6.578720e-04	5.734960e-05	10	9.577560e-03	8.387060e-04	10	4.026560e-03	3.445680e-04	10	false	GAMG	5.202820e-03	3.093110e-05	6	true
1032          	smoothSolver	6.574800e-04	5.730890e-05	10	9.513480e-03	8.352930e-04	10	4.012570e-03	3.436600e-04	10	false	GAMG	5.155690e-03	3.245370e-05	6	true
1033          	smoothSolver	6.571540e-04	5.744670e-05	10	9.462470e-03	8.347410e-04	10	3.998500e-03	3.444930e-04	10	false	GAMG	5.091860e-03	3.437710e-05	6	true
1034          	smoothSolver	6.570920e-04	5.778780e-05	10	9.440700e-03	8.356090e-04	10	3.986530e-03	3.453790e-04	10	false	GAMG	5.029510e-03	3.319210e-05	6	true
1035          	smoothSolver	6.560900e-04	5.806260e-05	10	9.432380e-03	8.372310e-04	10	3.971330e-03	3.450810e-04	10	false	GAMG	4.957600e-03	3.371640e-05	6	true
1036          	smoothSolver	6.544800e-04	5.805790e-05	10	9.437400e-03	8.386250e-04	10	3.952650e-03	3.437310e-04	10	false	GAMG	4.907020e-03	3.578480e-05	6	true
1037          	smoothSolver	6.520780e-04	5.782700e-05	10	9.451990e-03	8.385530e-04	10	3.929120e-03	3.421920e-04	10	false	GAMG	4.875910e-03	3.796480e-05	6	true
1038          	smoothSolver	6.494290e-04	5.768920e-05	10	9.473320e-03	8.384490e-04	10	3.916800e-03	3.419270e-04	10	false	GAMG	4.863420e-03	3.766880e-05	6	true
1039          	smoothSolver	6.473060e-04	5.767950e-05	10	9.496230e-03	8.396100e-04	10	3.915580e-03	3.424470e-04	10	false	GAMG	4.878680e-03	3.637790e-05	6	true
1040          	smoothSolver	6.466790e-04	5.768590e-05	10	9.526680e-03	8.415350e-04	10	3.920990e-03	3.422450e-04	10	false	GAMG	4.906930e-03	3.287090e-05	6	true
1041          	smoothSolver	6.466850e-04	5.757450e-05	10	9.555490e-03	8.432580e-04	10	3.925050e-03	3.406020e-04	10	false	GAMG	4.919590e-03	3.065200e-05	6	true
1042          	smoothSolver	6.469070e-04	5.730890e-05	10	9.586450e-03	8.433430e-04	10	3.930110e-03	3.384470e-04	10	false	GAMG	4.926090e-03	2.754470e-05	6	true
1043          	smoothSolver	6.481170e-04	5.713050e-05	10	9.623610e-03	8.430490e-04	10	3.942120e-03	3.373790e-04	10	false	GAMG	4.930390e-03	3.085690e-05	6	true
1044          	smoothSolver	6.506210e-04	5.712380e-05	10	9.702290e-03	8.436360e-04	10	3.968580e-03	3.380430e-04	10	false	GAMG	4.944310e-03	3.521470e-05	6	true
1045          	smoothSolver	6.537640e-04	5.715640e-05	10	9.794870e-03	8.437610e-04	10	3.997650e-03	3.381690e-04	10	false	GAMG	4.995200e-03	3.721670e-05	6	true
1046          	smoothSolver	6.573320e-04	5.722970e-05	10	9.884650e-03	8.441110e-04	10	4.021780e-03	3.369050e-04	10	false	GAMG	5.075390e-03	3.662840e-05	6	true
1047          	smoothSolver	6.603190e-04	5.716020e-05	10	9.944200e-03	8.432600e-04	10	4.036740e-03	3.347130e-04	10	false	GAMG	5.169180e-03	3.702240e-05	6	true
1048          	smoothSolver	6.637220e-04	5.701250e-05	10	9.991530e-03	8.428000e-04	10	4.043850e-03	3.331480e-04	10	false	GAMG	5.284680e-03	3.708540e-05	6	true
1049          	smoothSolver	6.668090e-04	5.692940e-05	10	1.002280e-02	8.431920e-04	10	4.050880e-03	3.329210e-04	10	false	GAMG	5.401810e-03	3.811970e-05	6	true
1050          	smoothSolver	6.700470e-04	5.692410e-05	10	1.006300e-02	8.467800e-04	10	4.059580e-03	3.329060e-04	10	false	GAMG	5.486810e-03	3.872450e-05	6	true
1051          	smoothSolver	6.725400e-04	5.691830e-05	10	1.010840e-02	8.512690e-04	10	4.061540e-03	3.321970e-04	10	false	GAMG	5.532200e-03	3.995980e-05	6	true
1052          	smoothSolver	6.739130e-04	5.682560e-05	10	1.014950e-02	8.554480e-04	10	4.061140e-03	3.319500e-04	10	false	GAMG	5.557950e-03	3.864770e-05	6	true
1053          	smoothSolver	6.740360e-04	5.670320e-05	10	1.018300e-02	8.592100e-04	10	4.063170e-03	3.334950e-04	10	false	GAMG	5.552800e-03	3.803870e-05	6	true
1054          	smoothSolver	6.729420e-04	5.671750e-05	10	1.020660e-02	8.642630e-04	10	4.069690e-03	3.365500e-04	10	false	GAMG	5.543760e-03	4.021090e-05	6	true
1055          	smoothSolver	6.704470e-04	5.681490e-05	10	1.021870e-02	8.674230e-04	10	4.080320e-03	3.395840e-04	10	false	GAMG	5.528650e-03	4.206530e-05	6	true
1056          	smoothSolver	6.671950e-04	5.686800e-05	10	1.022480e-02	8.680610e-04	10	4.087910e-03	3.408780e-04	10	false	GAMG	5.517500e-03	3.990920e-05	6	true
1057          	smoothSolver	6.645830e-04	5.685420e-05	10	1.024230e-02	8.689990e-04	10	4.092110e-03	3.406440e-04	10	false	GAMG	5.499310e-03	3.735280e-05	6	true
1058          	smoothSolver	6.623590e-04	5.674600e-05	10	1.025540e-02	8.702880e-04	10	4.092330e-03	3.395730e-04	10	false	GAMG	5.495380e-03	3.632130e-05	6	true
1059          	smoothSolver	6.598750e-04	5.655920e-05	10	1.025280e-02	8.694350e-04	10	4.084860e-03	3.384940e-04	10	false	GAMG	5.498530e-03	5.405400e-05	5	true
1060          	smoothSolver	6.576900e-04	5.645440e-05	10	1.022210e-02	8.640670e-04	10	4.066770e-03	3.356130e-04	10	false	GAMG	5.516330e-03	3.872900e-05	6	true
1061          	smoothSolver	6.587570e-04	5.636190e-05	10	1.022420e-02	8.581440e-04	10	4.061160e-03	3.319520e-04	10	false	GAMG	5.554980e-03	5.280550e-05	5	true
1062          	smoothSolver	6.581910e-04	5.614270e-05	10	1.019050e-02	8.493630e-04	10	4.049340e-03	3.271440e-04	10	false	GAMG	5.605030e-03	3.349510e-05	6	true
1063          	smoothSolver	6.620940e-04	5.603280e-05	10	1.019960e-02	8.449210e-04	10	4.057720e-03	3.254520e-04	10	false	GAMG	5.646280e-03	5.587980e-05	5	true
1064          	smoothSolver	6.656370e-04	5.618800e-05	10	1.014120e-02	8.412210e-04	10	4.064440e-03	3.258190e-04	10	false	GAMG	5.692250e-03	3.692450e-05	6	true
1065          	smoothSolver	6.700120e-04	5.656640e-05	10	1.007740e-02	8.386410e-04	10	4.069990e-03	3.272520e-04	10	false	GAMG	5.686970e-03	5.629510e-05	5	true
1066          	smoothSolver	6.720160e-04	5.698120e-05	10	9.941560e-03	8.318660e-04	10	4.053050e-03	3.268400e-04	10	false	GAMG	5.689920e-03	4.510500e-05	6	true
1067          	smoothSolver	6.769350e-04	5.725260e-05	10	9.823340e-03	8.252060e-04	10	4.038350e-03	3.259370e-04	10	false	GAMG	5.666860e-03	3.982280e-05	6	true
1068          	smoothSolver	6.762700e-04	5.742340e-05	10	9.706450e-03	8.199730e-04	10	4.012820e-03	3.251130e-04	10	false	GAMG	5.620330e-03	4.091150e-05	6	true
1069          	smoothSolver	6.761090e-04	5.753240e-05	10	9.611800e-03	8.173920e-04	10	3.984480e-03	3.251620e-04	10	false	GAMG	5.562230e-03	3.962450e-05	6	true
1070          	smoothSolver	6.748960e-04	5.764970e-05	10	9.544090e-03	8.162140e-04	10	3.958010e-03	3.250700e-04	10	false	GAMG	5.490730e-03	3.983260e-05	6	true
1071          	smoothSolver	6.726910e-04	5.768840e-05	10	9.485050e-03	8.144800e-04	10	3.928880e-03	3.237980e-04	10	false	GAMG	5.414530e-03	4.164480e-05	6	true
1072          	smoothSolver	6.690590e-04	5.754450e-05	10	9.436580e-03	8.125790e-04	10	3.901060e-03	3.222060e-04	10	false	GAMG	5.350580e-03	4.199040e-05	6	true
1073          	smoothSolver	6.640600e-04	5.728670e-05	10	9.399040e-03	8.116100e-04	10	3.876950e-03	3.213960e-04	10	false	GAMG	5.303140e-03	4.002030e-05	6	true
1074          	smoothSolver	6.593870e-04	5.704090e-05	10	9.373070e-03	8.121000e-04	10	3.862270e-03	3.213070e-04	10	false	GAMG	5.287420e-03	3.775470e-05	6	true
1075          	smoothSolver	6.558820e-04	5.686060e-05	10	9.351150e-03	8.138630e-04	10	3.852800e-03	3.211930e-04	10	false	GAMG	5.267580e-03	3.574930e-05	6	true
1076          	smoothSolver	6.532570e-04	5.667700e-05	10	9.329760e-03	8.151970e-04	10	3.848820e-03	3.208630e-04	10	false	GAMG	5.232020e-03	5.185640e-05	5	true
1077          	smoothSolver	6.524100e-04	5.660970e-05	10	9.322840e-03	8.153540e-04	10	3.847150e-03	3.207430e-04	10	false	GAMG	5.207050e-03	3.817720e-05	6	true
1078          	smoothSolver	6.521760e-04	5.661160e-05	10	9.347240e-03	8.156730e-04	10	3.854440e-03	3.223680e-04	10	false	GAMG	5.170150e-03	5.050180e-05	5	true
1079          	smoothSolver	6.511030e-04	5.662790e-05	10	9.364080e-03	8.143080e-04	10	3.865010e-03	3.240500e-04	10	false	GAMG	5.150430e-03	2.859110e-05	6	true
1080          	smoothSolver	6.525340e-04	5.670250e-05	10	9.400390e-03	8.169160e-04	10	3.888540e-03	3.274600e-04	10	false	GAMG	5.122430e-03	5.024920e-05	5	true
1081          	smoothSolver	6.543820e-04	5.680430e-05	10	9.407670e-03	8.196480e-04	10	3.899240e-03	3.293440e-04	10	false	GAMG	5.113000e-03	3.254410e-05	6	true
1082          	smoothSolver	6.570820e-04	5.703330e-05	10	9.418090e-03	8.237750e-04	10	3.914000e-03	3.312240e-04	10	false	GAMG	5.099420e-03	2.916220e-05	6	true
1083          	smoothSolver	6.594120e-04	5.724460e-05	10	9.402060e-03	8.249300e-04	10	3.908970e-03	3.312890e-04	10	false	GAMG	5.065040e-03	3.085640e-05	6	true
1084          	smoothSolver	6.616180e-04	5.739320e-05	10	9.381960e-03	8.249410e-04	10	3.902760e-03	3.309310e-04	10	false	GAMG	5.040140e-03	3.359590e-05	6	true
1085          	smoothSolver	6.643000e-04	5.765450e-05	10	9.382630e-03	8.267970e-04	10	3.900670e-03	3.315600e-04	10	false	GAMG	5.027340e-03	3.427790e-05	6	true
1086          	smoothSolver	6.667890e-04	5.794620e-05	10	9.414680e-03	8.308630e-04	10	3.905730e-03	3.325110e-04	10	false	GAMG	4.998770e-03	3.355140e-05	6	true
1087          	smoothSolver	6.686040e-04	5.817740e-05	10	9.464010e-03	8.358170e-04	10	3.906200e-03	3.333330e-04	10	false	GAMG	4.989520e-03	2.946280e-05	6	true
1088          	smoothSolver	6.701120e-04	5.835020e-05	10	9.524430e-03	8.411620e-04	10	3.906560e-03	3.335290e-04	10	false	GAMG	4.976920e-03	2.801730e-05	6	true
1089          	smoothSolver	6.700500e-04	5.833500e-05	10	9.592190e-03	8.456340e-04	10	3.908860e-03	3.335730e-04	10	false	GAMG	4.978550e-03	2.771730e-05	6	true
1090          	smoothSolver	6.689690e-04	5.829740e-05	10	9.652700e-03	8.504190e-04	10	3.911090e-03	3.340280e-04	10	false	GAMG	4.999770e-03	2.979240e-05	6	true
1091          	smoothSolver	6.678840e-04	5.834140e-05	10	9.700400e-03	8.551970e-04	10	3.917760e-03	3.353030e-04	10	false	GAMG	5.036990e-03	3.096040e-05	6	true
1092          	smoothSolver	6.667060e-04	5.840020e-05	10	9.747930e-03	8.605850e-04	10	3.920330e-03	3.351160e-04	10	false	GAMG	5.068420e-03	2.975860e-05	6	true
1093          	smoothSolver	6.650100e-04	5.830690e-05	10	9.793210e-03	8.664970e-04	10	3.916250e-03	3.336220e-04	10	false	GAMG	5.090190e-03	2.886820e-05	6	true
1094          	smoothSolver	6.634610e-04	5.805610e-05	10	9.831300e-03	8.722320e-04	10	3.909530e-03	3.322760e-04	10	false	GAMG	5.091050e-03	2.807450e-05	6	true
1095          	smoothSolver	6.616260e-04	5.781210e-05	10	9.864770e-03	8.782680e-04	10	3.906530e-03	3.326610e-04	10	false	GAMG	5.100690e-03	3.263580e-05	6	true
1096          	smoothSolver	6.605880e-04	5.768210e-05	10	9.900220e-03	8.821650e-04	10	3.910270e-03	3.344850e-04	10	false	GAMG	5.110720e-03	3.180370e-05	6	true
1097          	smoothSolver	6.596200e-04	5.757240e-05	10	9.927110e-03	8.829090e-04	10	3.923110e-03	3.359930e-04	10	false	GAMG	5.109250e-03	3.083460e-05	6	true
1098          	smoothSolver	6.592960e-04	5.743310e-05	10	9.942650e-03	8.814020e-04	10	3.935640e-03	3.362020e-04	10	false	GAMG	5.114560e-03	3.018360e-05	6	true
1099          	smoothSolver	6.595940e-04	5.720640e-05	10	9.948760e-03	8.794990e-04	10	3.943470e-03	3.355300e-04	10	false	GAMG	5.121250e-03	3.007220e-05	6	true
1100          	smoothSolver	6.600280e-04	5.693270e-05	10	9.953270e-03	8.773010e-04	10	3.947760e-03	3.348370e-04	10	false	GAMG	5.137450e-03	3.011900e-05	6	true
1101          	smoothSolver	6.603440e-04	5.673840e-05	10	9.944210e-03	8.753960e-04	10	3.945290e-03	3.340950e-04	10	false	GAMG	5.163290e-03	2.975990e-05	6	true
1102          	smoothSolver	6.600810e-04	5.663790e-05	10	9.941530e-03	8.759880e-04	10	3.940910e-03	3.335440e-04	10	false	GAMG	5.173430e-03	3.089180e-05	6	true
1103          	smoothSolver	6.598070e-04	5.675760e-05	10	9.954830e-03	8.777500e-04	10	3.938850e-03	3.339940e-04	10	false	GAMG	5.167800e-03	3.282750e-05	6	true
1104          	smoothSolver	6.593780e-04	5.696530e-05	10	9.985430e-03	8.805570e-04	10	3.947320e-03	3.351610e-04	10	false	GAMG	5.168850e-03	3.270440e-05	6	true
1105          	smoothSolver	6.586120e-04	5.704610e-05	10	1.001770e-02	8.830110e-04	10	3.959350e-03	3.362810e-04	10	false	GAMG	5.172140e-03	3.251480e-05	6	true
1106          	smoothSolver	6.571910e-04	5.705430e-05	10	1.003280e-02	8.834960e-04	10	3.964180e-03	3.373820e-04	10	false	GAMG	5.178290e-03	3.283540e-05	6	true
1107          	smoothSolver	6.551970e-04	5.698950e-05	10	1.002030e-02	8.818300e-04	10	3.967650e-03	3.385560e-04	10	false	GAMG	5.174000e-03	3.502950e-05	6	true
1108          	smoothSolver	6.532330e-04	5.695730e-05	10	9.987060e-03	8.789200e-04	10	3.972810e-03	3.400140e-04	10	false	GAMG	5.185070e-03	3.155070e-05	6	true
1109          	smoothSolver	6.520130e-04	5.697580e-05	10	9.949440e-03	8.766770e-04	10	3.975860e-03	3.405380e-04	10	false	GAMG	5.206400e-03	3.181070e-05	6	true
1110          	smoothSolver	6.512690e-04	5.692180e-05	10	9.914030e-03	8.739440e-04	10	3.979440e-03	3.397950e-04	10	false	GAMG	5.243040e-03	3.198750e-05	6	true
1111          	smoothSolver	6.520480e-04	5.692410e-05	10	9.893330e-03	8.709130e-04	10	3.986720e-03	3.387560e-04	10	false	GAMG	5.300590e-03	3.242770e-05	6	true
1112          	smoothSolver	6.540380e-04	5.695510e-05	10	9.904280e-03	8.678500e-04	10	4.002400e-03	3.380090e-04	10	false	GAMG	5.376430e-03	5.359860e-05	5	true
1113          	smoothSolver	6.569160e-04	5.694230e-05	10	9.931450e-03	8.640190e-04	10	4.026340e-03	3.377830e-04	10	false	GAMG	5.450480e-03	3.542940e-05	6	true
1114          	smoothSolver	6.627180e-04	5.700910e-05	10	9.994710e-03	8.626110e-04	10	4.063710e-03	3.392680e-04	10	false	GAMG	5.526700e-03	5.316940e-05	5	true
1115          	smoothSolver	6.669960e-04	5.718110e-05	10	1.002510e-02	8.610050e-04	10	4.096710e-03	3.401920e-04	10	false	GAMG	5.599060e-03	3.379390e-05	6	true
1116          	smoothSolver	6.731050e-04	5.749810e-05	10	1.006710e-02	8.628480e-04	10	4.132890e-03	3.423490e-04	10	false	GAMG	5.645060e-03	5.511970e-05	5	true
1117          	smoothSolver	6.768960e-04	5.783750e-05	10	1.004200e-02	8.631550e-04	10	4.149810e-03	3.438980e-04	10	false	GAMG	5.682060e-03	3.784830e-05	6	true
1118          	smoothSolver	6.799790e-04	5.805080e-05	10	1.001300e-02	8.625380e-04	10	4.162600e-03	3.454450e-04	10	false	GAMG	5.690590e-03	5.626390e-05	5	true
1119          	smoothSolver	6.810980e-04	5.827410e-05	10	9.963920e-03	8.610570e-04	10	4.155750e-03	3.459580e-04	10	false	GAMG	5.694480e-03	4.688230e-05	6	true
1120          	smoothSolver	6.836840e-04	5.859090e-05	10	9.959350e-03	8.648250e-04	10	4.163390e-03	3.477210e-04	10	false	GAMG	5.669010e-03	3.651610e-05	6	true
1121          	smoothSolver	6.852210e-04	5.898730e-05	10	9.966500e-03	8.713160e-04	10	4.159840e-03	3.496200e-04	10	false	GAMG	5.626920e-03	4.073310e-05	6	true
1122          	smoothSolver	6.847360e-04	5.945590e-05	10	9.996110e-03	8.794270e-04	10	4.165620e-03	3.521030e-04	10	false	GAMG	5.583060e-03	3.964540e-05	6	true
1123          	smoothSolver	6.865740e-04	5.976240e-05	10	1.003990e-02	8.866410e-04	10	4.168090e-03	3.544290e-04	10	false	GAMG	5.546260e-03	4.082610e-05	6	true
1124          	smoothSolver	6.866880e-04	5.986880e-05	10	1.009400e-02	8.925970e-04	10	4.167990e-03	3.560140e-04	10	false	GAMG	5.509130e-03	4.016130e-05	6	true
1125          	smoothSolver	6.862960e-04	5.986620e-05	10	1.015270e-02	8.986870e-04	10	4.169550e-03	3.570130e-04	10	false	GAMG	5.465220e-03	3.934790e-05	6	true
1126          	smoothSolver	6.852830e-04	5.972130e-05	10	1.021390e-02	9.059890e-04	10	4.169990e-03	3.579280e-04	10	false	GAMG	5.440690e-03	3.494490e-05	6	true
1127          	smoothSolver	6.850550e-04	5.962980e-05	10	1.028900e-02	9.163730e-04	10	4.171290e-03	3.588570e-04	10	false	GAMG	5.430380e-03	5.422150e-05	5	true
1128          	smoothSolver	6.849570e-04	5.959200e-05	10	1.037100e-02	9.268090e-04	10	4.174590e-03	3.591190e-04	10	false	GAMG	5.425820e-03	3.978420e-05	6	true
1129          	smoothSolver	6.844910e-04	5.973610e-05	10	1.046850e-02	9.368820e-04	10	4.181740e-03	3.602480e-04	10	false	GAMG	5.431610e-03	5.364250e-05	5	true
1130          	smoothSolver	6.858460e-04	6.004760e-05	10	1.058960e-02	9.450870e-04	10	4.194490e-03	3.614910e-04	10	false	GAMG	5.440100e-03	2.892490e-05	6	true
1131          	smoothSolver	6.873400e-04	6.031060e-05	10	1.071620e-02	9.527010e-04	10	4.222270e-03	3.640570e-04	10	false	GAMG	5.440840e-03	5.325320e-05	5	true
1132          	smoothSolver	6.912370e-04	6.052260e-05	10	1.081680e-02	9.587070e-04	10	4.247050e-03	3.660020e-04	10	false	GAMG	5.444960e-03	3.212550e-05	6	true
1133          	smoothSolver	6.953260e-04	6.074970e-05	10	1.087950e-02	9.642290e-04	10	4.270210e-03	3.676090e-04	10	false	GAMG	5.446790e-03	3.021460e-05	6	true
1134          	smoothSolver	6.994460e-04	6.093970e-05	10	1.091260e-02	9.679170e-04	10	4.284950e-03	3.686690e-04	10	false	GAMG	5.434880e-03	3.308320e-05	6	true
1135          	smoothSolver	7.023190e-04	6.117420e-05	10	1.093820e-02	9.707000e-04	10	4.293680e-03	3.696440e-04	10	false	GAMG	5.426440e-03	3.356200e-05	6	true
1136          	smoothSolver	7.038750e-04	6.138950e-05	10	1.095290e-02	9.726330e-04	10	4.301280e-03	3.699670e-04	10	false	GAMG	5.391990e-03	3.557070e-05	6	true
1137          	smoothSolver	7.051770e-04	6.159390e-05	10	1.098310e-02	9.752380e-04	10	4.298470e-03	3.695760e-04	10	false	GAMG	5.376190e-03	3.380380e-05	6	true
1138          	smoothSolver	7.053470e-04	6.168940e-05	10	1.103000e-02	9.790150e-04	10	4.295160e-03	3.684450e-04	10	false	GAMG	5.335910e-03	3.426430e-05	6	true
1139          	smoothSolver	7.068250e-04	6.170180e-05	10	1.108080e-02	9.836830e-04	10	4.285360e-03	3.673680e-04	10	false	GAMG	5.297990e-03	3.300540e-05	6	true
1140          	smoothSolver	7.063010e-04	6.155060e-05	10	1.110020e-02	9.853450e-04	10	4.270190e-03	3.656410e-04	10	false	GAMG	5.277360e-03	3.375040e-05	6	true
1141          	smoothSolver	7.042960e-04	6.124860e-05	10	1.110330e-02	9.826650e-04	10	4.247780e-03	3.629080e-04	10	false	GAMG	5.299320e-03	3.503020e-05	6	true
1142          	smoothSolver	7.009880e-04	6.099680e-05	10	1.111070e-02	9.784020e-04	10	4.232910e-03	3.600560e-04	10	false	GAMG	5.330640e-03	3.644520e-05	6	true
1143          	smoothSolver	6.970890e-04	6.066520e-05	10	1.110420e-02	9.735760e-04	10	4.217580e-03	3.569270e-04	10	false	GAMG	5.407700e-03	3.538570e-05	6	true
1144          	smoothSolver	6.933460e-04	6.018700e-05	10	1.108750e-02	9.694890e-04	10	4.199480e-03	3.532500e-04	10	false	GAMG	5.482090e-03	3.346060e-05	6	true
1145          	smoothSolver	6.889110e-04	5.950960e-05	10	1.104440e-02	9.646760e-04	10	4.175950e-03	3.491740e-04	10	false	GAMG	5.546160e-03	5.531010e-05	5	true
1146          	smoothSolver	6.847050e-04	5.882390e-05	10	1.097850e-02	9.587420e-04	10	4.152670e-03	3.457780e-04	10	false	GAMG	5.575550e-03	3.396430e-05	6	true
1147          	smoothSolver	6.792210e-04	5.837370e-05	10	1.091560e-02	9.543640e-04	10	4.136420e-03	3.448260e-04	10	false	GAMG	5.591390e-03	5.425510e-05	5	true
1148          	smoothSolver	6.745720e-04	5.825900e-05	10	1.085760e-02	9.499410e-04	10	4.127650e-03	3.457010e-04	10	false	GAMG	5.578880e-03	3.921460e-05	6	true
1149          	smoothSolver	6.733240e-04	5.829900e-05	10	1.081540e-02	9.471860e-04	10	4.129750e-03	3.473970e-04	10	false	GAMG	5.569670e-03	5.433150e-05	5	true
1150          	smoothSolver	6.704440e-04	5.825090e-05	10	1.073390e-02	9.431150e-04	10	4.112510e-03	3.465020e-04	10	false	GAMG	5.521470e-03	3.308640e-05	6	true
1151          	smoothSolver	6.684790e-04	5.797520e-05	10	1.066050e-02	9.409910e-04	10	4.092980e-03	3.450550e-04	10	false	GAMG	5.473940e-03	5.319040e-05	5	true
1152          	smoothSolver	6.669940e-04	5.766260e-05	10	1.058440e-02	9.378840e-04	10	4.063780e-03	3.433720e-04	10	false	GAMG	5.426560e-03	3.350240e-05	6	true
1153          	smoothSolver	6.663550e-04	5.752080e-05	10	1.054380e-02	9.376800e-04	10	4.053250e-03	3.442710e-04	10	false	GAMG	5.388930e-03	3.099400e-05	6	true
1154          	smoothSolver	6.649350e-04	5.756130e-05	10	1.053410e-02	9.401230e-04	10	4.044060e-03	3.448930e-04	10	false	GAMG	5.333500e-03	3.160840e-05	6	true
1155          	smoothSolver	6.635510e-04	5.767260e-05	10	1.055040e-02	9.424830e-04	10	4.035210e-03	3.449900e-04	10	false	GAMG	5.269110e-03	3.210300e-05	6	true
1156          	smoothSolver	6.637970e-04	5.773270e-05	10	1.058190e-02	9.437220e-04	10	4.029340e-03	3.444130e-04	10	false	GAMG	5.194690e-03	3.199030e-05	6	true
1157          	smoothSolver	6.645180e-04	5.774570e-05	10	1.060370e-02	9.424820e-04	10	4.024390e-03	3.441040e-04	10	false	GAMG	5.168920e-03	3.127750e-05	6	true
1158          	smoothSolver	6.660650e-04	5.789760e-05	10	1.062440e-02	9.399490e-04	10	4.032690e-03	3.451040e-04	10	false	GAMG	5.152570e-03	3.429450e-05	6	true
1159          	smoothSolver	6.678070e-04	5.805120e-05	10	1.063710e-02	9.364140e-04	10	4.049690e-03	3.465730e-04	10	false	GAMG	5.172020e-03	3.621480e-05	6	true
1160          	smoothSolver	6.685210e-04	5.804100e-05	10	1.063930e-02	9.313220e-04	10	4.068570e-03	3.468920e-04	10	false	GAMG	5.216790e-03	3.561250e-05	6	true
1161          	smoothSolver	6.692460e-04	5.800950e-05	10	1.062440e-02	9.274270e-04	10	4.086060e-03	3.464830e-04	10	false	GAMG	5.274100e-03	3.236260e-05	6	true
1162          	smoothSolver	6.704280e-04	5.787270e-05	10	1.059770e-02	9.244350e-04	10	4.097680e-03	3.461480e-04	10	false	GAMG	5.322250e-03	3.373720e-05	6	true
1163          	smoothSolver	6.717730e-04	5.783850e-05	10	1.055450e-02	9.218750e-04	10	4.107480e-03	3.473600e-04	10	false	GAMG	5.381940e-03	3.636320e-05	6	true
1164          	smoothSolver	6.736150e-04	5.797240e-05	10	1.051110e-02	9.199500e-04	10	4.110730e-03	3.483190e-04	10	false	GAMG	5.423000e-03	3.664340e-05	6	true
1165          	smoothSolver	6.751390e-04	5.808790e-05	10	1.049090e-02	9.170330e-04	10	4.121660e-03	3.488430e-04	10	false	GAMG	5.454800e-03	5.400730e-05	5	true
1166          	smoothSolver	6.778700e-04	5.817090e-05	10	1.048870e-02	9.148440e-04	10	4.135770e-03	3.502620e-04	10	false	GAMG	5.476910e-03	3.924640e-05	6	true
1167          	smoothSolver	6.799350e-04	5.839130e-05	10	1.051020e-02	9.168110e-04	10	4.170480e-03	3.540760e-04	10	false	GAMG	5.499590e-03	3.462930e-05	6	true
1168          	smoothSolver	6.822740e-04	5.878450e-05	10	1.049380e-02	9.185260e-04	10	4.197860e-03	3.585380e-04	10	false	GAMG	5.484970e-03	3.681540e-05	6	true
1169          	smoothSolver	6.839430e-04	5.928770e-05	10	1.044360e-02	9.182230e-04	10	4.214910e-03	3.618430e-04	10	false	GAMG	5.464960e-03	3.584900e-05	6	true
1170          	smoothSolver	6.850390e-04	5.961790e-05	10	1.036260e-02	9.141570e-04	10	4.220780e-03	3.624180e-04	10	false	GAMG	5.430890e-03	3.259930e-05	6	true
1171          	smoothSolver	6.862270e-04	5.976600e-05	10	1.029110e-02	9.090020e-04	10	4.225070e-03	3.621640e-04	10	false	GAMG	5.419740e-03	3.260830e-05	6	true
1172          	smoothSolver	6.863480e-04	5.980200e-05	10	1.023820e-02	9.041470e-04	10	4.236680e-03	3.623510e-04	10	false	GAMG	5.392700e-03	3.347990e-05	6	true
1173          	smoothSolver	6.871770e-04	5.989780e-05	10	1.021040e-02	9.011850e-04	10	4.248130e-03	3.637960e-04	10	false	GAMG	5.388400e-03	3.130530e-05	6	true
1174          	smoothSolver	6.880860e-04	5.999160e-05	10	1.020320e-02	8.994970e-04	10	4.255930e-03	3.645690e-04	10	false	GAMG	5.378420e-03	2.995860e-05	6	true
1175          	smoothSolver	6.880410e-04	6.004850e-05	10	1.019470e-02	8.971720e-04	10	4.248080e-03	3.639340e-04	10	false	GAMG	5.391710e-03	3.385930e-05	6	true
1176          	smoothSolver	6.898460e-04	6.003780e-05	10	1.018800e-02	8.942600e-04	10	4.241260e-03	3.626610e-04	10	false	GAMG	5.398690e-03	3.335480e-05	6	true
1177          	smoothSolver	6.896580e-04	5.991180e-05	10	1.017080e-02	8.917160e-04	10	4.232410e-03	3.616270e-04	10	false	GAMG	5.426360e-03	3.495160e-05	6	true
1178          	smoothSolver	6.908290e-04	5.981680e-05	10	1.016500e-02	8.919150e-04	10	4.229270e-03	3.616390e-04	10	false	GAMG	5.459760e-03	3.083960e-05	6	true
1179          	smoothSolver	6.915150e-04	5.978770e-05	10	1.016760e-02	8.944860e-04	10	4.226750e-03	3.623980e-04	10	false	GAMG	5.497570e-03	3.678780e-05	6	true
1180          	smoothSolver	6.909920e-04	5.969940e-05	10	1.017930e-02	8.972340e-04	10	4.230520e-03	3.633640e-04	10	false	GAMG	5.526810e-03	3.000880e-05	6	true
1181          	smoothSolver	6.911050e-04	5.971400e-05	10	1.019800e-02	8.979270e-04	10	4.235640e-03	3.639760e-04	10	false	GAMG	5.564840e-03	3.793500e-05	6	true
1182          	smoothSolver	6.905950e-04	5.982210e-05	10	1.022870e-02	8.981310e-04	10	4.241530e-03	3.644120e-04	10	false	GAMG	5.574000e-03	3.105500e-05	6	true
1183          	smoothSolver	6.928010e-04	5.998850e-05	10	1.027960e-02	8.995250e-04	10	4.251450e-03	3.656910e-04	10	false	GAMG	5.583810e-03	3.134900e-05	6	true
1184          	smoothSolver	6.946110e-04	6.025430e-05	10	1.034640e-02	9.042450e-04	10	4.263410e-03	3.674850e-04	10	false	GAMG	5.575930e-03	3.173880e-05	6	true
1185          	smoothSolver	6.984130e-04	6.062190e-05	10	1.043290e-02	9.115680e-04	10	4.278290e-03	3.684470e-04	10	false	GAMG	5.580450e-03	3.348110e-05	6	true
1186          	smoothSolver	7.029390e-04	6.103320e-05	10	1.053770e-02	9.194070e-04	10	4.294800e-03	3.682760e-04	10	false	GAMG	5.584740e-03	3.467630e-05	6	true
1187          	smoothSolver	7.072110e-04	6.146710e-05	10	1.062580e-02	9.250580e-04	10	4.305050e-03	3.681080e-04	10	false	GAMG	5.583650e-03	3.303320e-05	6	true
1188          	smoothSolver	7.112990e-04	6.199850e-05	10	1.071270e-02	9.314170e-04	10	4.320100e-03	3.694950e-04	10	false	GAMG	5.558110e-03	3.500040e-05	6	true
1189          	smoothSolver	7.165020e-04	6.260840e-05	10	1.081470e-02	9.392320e-04	10	4.339750e-03	3.717210e-04	10	false	GAMG	5.556880e-03	3.188520e-05	6	true
1190          	smoothSolver	7.216820e-04	6.321760e-05	10	1.092580e-02	9.461490e-04	10	4.369250e-03	3.735460e-04	10	false	GAMG	5.562080e-03	3.429930e-05	6	true
1191          	smoothSolver	7.257530e-04	6.360350e-05	10	1.100940e-02	9.506660e-04	10	4.391710e-03	3.735460e-04	10	false	GAMG	5.617290e-03	3.160710e-05	6	true
1192          	smoothSolver	7.297520e-04	6.365820e-05	10	1.106460e-02	9.527240e-04	10	4.407150e-03	3.729490e-04	10	false	GAMG	5.671230e-03	3.079830e-05	6	true
1193          	smoothSolver	7.304170e-04	6.353560e-05	10	1.107780e-02	9.515370e-04	10	4.414440e-03	3.720310e-04	10	false	GAMG	5.728550e-03	3.459960e-05	6	true
1194          	smoothSolver	7.314140e-04	6.341190e-05	10	1.107530e-02	9.495550e-04	10	4.420640e-03	3.723200e-04	10	false	GAMG	5.763960e-03	3.418870e-05	6	true
1195          	smoothSolver	7.300290e-04	6.324700e-05	10	1.104460e-02	9.470650e-04	10	4.410900e-03	3.715270e-04	10	false	GAMG	5.791180e-03	5.763590e-05	5	true
1196          	smoothSolver	7.278360e-04	6.306930e-05	10	1.099440e-02	9.437590e-04	10	4.390290e-03	3.689500e-04	10	false	GAMG	5.791250e-03	3.632720e-05	6	true
1197          	smoothSolver	7.242080e-04	6.275110e-05	10	1.093790e-02	9.399630e-04	10	4.363980e-03	3.655800e-04	10	false	GAMG	5.795600e-03	5.458710e-05	5	true
1198          	smoothSolver	7.204780e-04	6.233000e-05	10	1.087330e-02	9.359200e-04	10	4.336270e-03	3.619310e-04	10	false	GAMG	5.775720e-03	5.717280e-05	5	true
1199          	smoothSolver	7.163190e-04	6.203510e-05	10	1.082730e-02	9.344970e-04	10	4.316570e-03	3.607330e-04	10	false	GAMG	5.741880e-03	3.769780e-05	6	true
1200          	smoothSolver	7.145640e-04	6.189910e-05	10	1.079180e-02	9.345900e-04	10	4.309440e-03	3.616120e-04	10	false	GAMG	5.707740e-03	5.546760e-05	5	true
1201          	smoothSolver	7.117570e-04	6.190820e-05	10	1.073680e-02	9.323450e-04	10	4.300740e-03	3.620610e-04	10	false	GAMG	5.665930e-03	4.038950e-05	6	true
1202          	smoothSolver	7.111890e-04	6.189960e-05	10	1.067640e-02	9.307800e-04	10	4.293180e-03	3.622570e-04	10	false	GAMG	5.630300e-03	5.502940e-05	5	true
1203          	smoothSolver	7.090090e-04	6.182110e-05	10	1.059590e-02	9.271740e-04	10	4.269260e-03	3.606530e-04	10	false	GAMG	5.581900e-03	3.627250e-05	6	true
1204          	smoothSolver	7.070160e-04	6.178730e-05	10	1.052920e-02	9.261510e-04	10	4.242420e-03	3.595490e-04	10	false	GAMG	5.542660e-03	5.496040e-05	5	true
1205          	smoothSolver	7.067480e-04	6.187760e-05	10	1.048210e-02	9.269640e-04	10	4.216100e-03	3.593120e-04	10	false	GAMG	5.505150e-03	3.449020e-05	6	true
1206          	smoothSolver	7.073720e-04	6.206750e-05	10	1.049330e-02	9.334590e-04	10	4.202120e-03	3.601680e-04	10	false	GAMG	5.456720e-03	3.150560e-05	6	true
1207          	smoothSolver	7.079880e-04	6.236900e-05	10	1.053660e-02	9.402990e-04	10	4.192590e-03	3.614570e-04	10	false	GAMG	5.414770e-03	3.065010e-05	6	true
1208          	smoothSolver	7.088410e-04	6.254510e-05	10	1.061420e-02	9.480180e-04	10	4.196200e-03	3.631090e-04	10	false	GAMG	5.366490e-03	3.453290e-05	6	true
1209          	smoothSolver	7.087390e-04	6.258400e-05	10	1.070310e-02	9.543090e-04	10	4.202220e-03	3.648330e-04	10	false	GAMG	5.349540e-03	3.165120e-05	6	true
1210          	smoothSolver	7.076380e-04	6.257140e-05	10	1.078460e-02	9.589500e-04	10	4.211310e-03	3.667170e-04	10	false	GAMG	5.327660e-03	3.239860e-05	6	true
1211          	smoothSolver	7.043020e-04	6.240600e-05	10	1.083960e-02	9.607590e-04	10	4.212470e-03	3.673790e-04	10	false	GAMG	5.319800e-03	3.340100e-05	6	true
1212          	smoothSolver	7.007160e-04	6.227070e-05	10	1.085820e-02	9.599300e-04	10	4.208670e-03	3.667400e-04	10	false	GAMG	5.325590e-03	3.710970e-05	6	true
1213          	smoothSolver	6.985360e-04	6.218450e-05	10	1.085310e-02	9.601570e-04	10	4.205840e-03	3.651430e-04	10	false	GAMG	5.332090e-03	3.849970e-05	6	true
1214          	smoothSolver	6.972800e-04	6.201830e-05	10	1.083420e-02	9.604500e-04	10	4.203490e-03	3.636480e-04	10	false	GAMG	5.332170e-03	3.368920e-05	6	true
1215          	smoothSolver	6.983370e-04	6.192810e-05	10	1.081320e-02	9.612690e-04	10	4.208830e-03	3.641700e-04	10	false	GAMG	5.359950e-03	2.999790e-05	6	true
1216          	smoothSolver	7.003180e-04	6.186150e-05	10	1.081570e-02	9.616490e-04	10	4.225190e-03	3.659020e-04	10	false	GAMG	5.383950e-03	3.062980e-05	6	true
1217          	smoothSolver	7.018900e-04	6.185060e-05	10	1.084160e-02	9.618980e-04	10	4.246240e-03	3.682730e-04	10	false	GAMG	5.425520e-03	3.143560e-05	6	true
1218          	smoothSolver	7.050570e-04	6.195100e-05	10	1.090290e-02	9.654540e-04	10	4.277080e-03	3.712370e-04	10	false	GAMG	5.449490e-03	3.260250e-05	6	true
1219          	smoothSolver	7.081980e-04	6.198360e-05	10	1.098320e-02	9.715100e-04	10	4.312180e-03	3.740760e-04	10	false	GAMG	5.469210e-03	3.385970e-05	6	true
1220          	smoothSolver	7.116400e-04	6.205540e-05	10	1.105570e-02	9.773800e-04	10	4.344570e-03	3.770980e-04	10	false	GAMG	5.489730e-03	3.398840e-05	6	true
1221          	smoothSolver	7.142590e-04	6.218390e-05	10	1.111480e-02	9.820070e-04	10	4.370580e-03	3.796660e-04	10	false	GAMG	5.509710e-03	3.225420e-05	6	true
1222          	smoothSolver	7.169420e-04	6.235280e-05	10	1.116010e-02	9.859530e-04	10	4.391360e-03	3.815800e-04	10	false	GAMG	5.518070e-03	3.308430e-05	6	true
1223          	smoothSolver	7.189310e-04	6.268210e-05	10	1.119780e-02	9.913870e-04	10	4.403280e-03	3.833140e-04	10	false	GAMG	5.539040e-03	3.481090e-05	6	true
1224          	smoothSolver	7.216740e-04	6.303540e-05	10	1.124930e-02	9.966760e-04	10	4.419360e-03	3.847230e-04	10	false	GAMG	5.533550e-03	3.328740e-05	6	true
1225          	smoothSolver	7.230950e-04	6.331270e-05	10	1.129640e-02	1.001780e-03	10	4.431630e-03	3.863660e-04	10	false	GAMG	5.521960e-03	3.350300e-05	6	true
1226          	smoothSolver	7.240470e-04	6.340160e-05	10	1.133970e-02	1.003760e-03	10	4.436870e-03	3.866380e-04	10	false	GAMG	5.501470e-03	3.169900e-05	6	true
1227          	smoothSolver	7.241860e-04	6.337640e-05	10	1.136880e-02	1.001420e-03	10	4.437770e-03	3.858610e-04	10	false	GAMG	5.493750e-03	3.423800e-05	6	true
1228          	smoothSolver	7.242120e-04	6.334920e-05	10	1.139010e-02	9.978090e-04	10	4.438660e-03	3.847840e-04	10	false	GAMG	5.515250e-03	3.688900e-05	6	true
1229          	smoothSolver	7.242220e-04	6.325190e-05	10	1.140570e-02	9.946100e-04	10	4.442080e-03	3.834690e-04	10	false	GAMG	5.588650e-03	3.831230e-05	6	true
1230          	smoothSolver	7.250590e-04	6.310020e-05	10	1.142410e-02	9.927890e-04	10	4.444910e-03	3.816200e-04	10	false	GAMG	5.683650e-03	3.704770e-05	6	true
1231          	smoothSolver	7.257810e-04	6.289270e-05	10	1.144300e-02	9.923490e-04	10	4.448660e-03	3.792490e-04	10	false	GAMG	5.781370e-03	3.841500e-05	6	true
1232          	smoothSolver	7.265540e-04	6.264580e-05	10	1.146990e-02	9.916930e-04	10	4.448900e-03	3.765840e-04	10	false	GAMG	5.874280e-03	3.887980e-05	6	true
1233          	smoothSolver	7.286510e-04	6.255390e-05	10	1.149480e-02	9.904880e-04	10	4.450640e-03	3.746220e-04	10	false	GAMG	5.965400e-03	5.934080e-05	5	true
1234          	smoothSolver	7.322450e-04	6.251740e-05	10	1.151770e-02	9.878530e-04	10	4.459030e-03	3.731890e-04	10	false	GAMG	6.041730e-03	4.627010e-05	6	true
1235          	smoothSolver	7.356380e-04	6.258030e-05	10	1.154810e-02	9.859890e-04	10	4.479110e-03	3.729930e-04	10	false	GAMG	6.116270e-03	4.165180e-05	6	true
1236          	smoothSolver	7.394130e-04	6.270600e-05	10	1.155410e-02	9.827600e-04	10	4.489360e-03	3.725790e-04	10	false	GAMG	6.168240e-03	4.076890e-05	6	true
1237          	smoothSolver	7.434840e-04	6.290320e-05	10	1.153100e-02	9.795940e-04	10	4.490310e-03	3.719320e-04	10	false	GAMG	6.208100e-03	4.301270e-05	6	true
1238          	smoothSolver	7.470170e-04	6.320270e-05	10	1.147770e-02	9.768960e-04	10	4.489390e-03	3.719860e-04	10	false	GAMG	6.203460e-03	4.890880e-05	6	true
1239          	smoothSolver	7.504210e-04	6.350950e-05	10	1.139960e-02	9.721290e-04	10	4.481220e-03	3.720780e-04	10	false	GAMG	6.172440e-03	4.514350e-05	6	true
1240          	smoothSolver	7.516260e-04	6.375330e-05	10	1.132070e-02	9.684750e-04	10	4.469620e-03	3.724470e-04	10	false	GAMG	6.094690e-03	3.797140e-05	6	true
1241          	smoothSolver	7.514910e-04	6.386370e-05	10	1.124640e-02	9.651700e-04	10	4.447480e-03	3.721730e-04	10	false	GAMG	5.993790e-03	3.839650e-05	6	true
1242          	smoothSolver	7.474270e-04	6.388910e-05	10	1.117810e-02	9.628900e-04	10	4.422340e-03	3.713790e-04	10	false	GAMG	5.871960e-03	5.762910e-05	5	true
1243          	smoothSolver	7.432480e-04	6.394010e-05	10	1.111550e-02	9.615990e-04	10	4.390600e-03	3.695510e-04	10	false	GAMG	5.791680e-03	3.229690e-05	6	true
1244          	smoothSolver	7.387840e-04	6.391290e-05	10	1.108760e-02	9.612490e-04	10	4.369940e-03	3.683320e-04	10	false	GAMG	5.747050e-03	5.703170e-05	5	true
1245          	smoothSolver	7.335790e-04	6.372470e-05	10	1.104740e-02	9.597450e-04	10	4.353340e-03	3.677040e-04	10	false	GAMG	5.767490e-03	3.830380e-05	6	true
1246          	smoothSolver	7.304670e-04	6.354460e-05	10	1.106080e-02	9.612260e-04	10	4.355220e-03	3.681490e-04	10	false	GAMG	5.806670e-03	3.752010e-05	6	true
1247          	smoothSolver	7.278880e-04	6.335350e-05	10	1.107510e-02	9.633430e-04	10	4.362370e-03	3.679030e-04	10	false	GAMG	5.850900e-03	3.350800e-05	6	true
1248          	smoothSolver	7.254110e-04	6.302050e-05	10	1.111230e-02	9.664510e-04	10	4.364860e-03	3.664950e-04	10	false	GAMG	5.847980e-03	5.836300e-05	5	true
1249          	smoothSolver	7.231020e-04	6.268150e-05	10	1.115010e-02	9.694780e-04	10	4.361040e-03	3.648900e-04	10	false	GAMG	5.869410e-03	3.275310e-05	6	true
1250          	smoothSolver	7.230240e-04	6.243690e-05	10	1.118840e-02	9.737490e-04	10	4.361670e-03	3.645830e-04	10	false	GAMG	5.890490e-03	5.499870e-05	5	true
1251          	smoothSolver	7.233340e-04	6.233990e-05	10	1.122790e-02	9.757600e-04	10	4.357520e-03	3.641020e-04	10	false	GAMG	5.903410e-03	3.495710e-05	6	true
1252          	smoothSolver	7.248410e-04	6.246950e-05	10	1.127200e-02	9.801030e-04	10	4.367810e-03	3.660800e-04	10	false	GAMG	5.889290e-03	5.633310e-05	5	true
1253          	smoothSolver	7.273270e-04	6.267610e-05	10	1.129310e-02	9.832950e-04	10	4.381430e-03	3.687990e-04	10	false	GAMG	5.866330e-03	3.547780e-05	6	true
1254          	smoothSolver	7.296810e-04	6.291830e-05	10	1.127970e-02	9.876360e-04	10	4.400150e-03	3.725650e-04	10	false	GAMG	5.808220e-03	5.516000e-05	5	true
1255          	smoothSolver	7.312820e-04	6.319910e-05	10	1.120420e-02	9.867170e-04	10	4.400260e-03	3.743920e-04	10	false	GAMG	5.743220e-03	5.706960e-05	5	true
1256          	smoothSolver	7.312150e-04	6.344770e-05	10	1.111490e-02	9.831640e-04	10	4.397420e-03	3.756780e-04	10	false	GAMG	5.667370e-03	3.293730e-05	6	true
1257          	smoothSolver	7.324050e-04	6.372680e-05	10	1.103760e-02	9.805050e-04	10	4.399640e-03	3.775320e-04	10	false	GAMG	5.604270e-03	5.516760e-05	5	true
1258          	smoothSolver	7.332980e-04	6.400430e-05	10	1.097960e-02	9.781680e-04	10	4.400710e-03	3.790520e-04	10	false	GAMG	5.541610e-03	3.288630e-05	6	true
1259          	smoothSolver	7.346390e-04	6.436680e-05	10	1.097330e-02	9.795230e-04	10	4.420030e-03	3.826390e-04	10	false	GAMG	5.490110e-03	5.461210e-05	5	true
1260          	smoothSolver	7.360360e-04	6.464690e-05	10	1.098110e-02	9.782290e-04	10	4.436300e-03	3.843550e-04	10	false	GAMG	5.490030e-03	3.129550e-05	6	true
1261          	smoothSolver	7.386880e-04	6.472340e-05	10	1.103550e-02	9.769960e-04	10	4.455640e-03	3.849460e-04	10	false	GAMG	5.507360e-03	5.296010e-05	5	true
1262          	smoothSolver	7.407050e-04	6.462460e-05	10	1.108760e-02	9.729720e-04	10	4.466660e-03	3.842910e-04	10	false	GAMG	5.548900e-03	3.092100e-05	6	true
1263          	smoothSolver	7.416870e-04	6.440540e-05	10	1.115270e-02	9.712130e-04	10	4.487130e-03	3.844640e-04	10	false	GAMG	5.614870e-03	3.059120e-05	6	true
1264          	smoothSolver	7.426760e-04	6.424120e-05	10	1.120920e-02	9.708800e-04	10	4.510620e-03	3.849000e-04	10	false	GAMG	5.693240e-03	3.161860e-05	6	true
1265          	smoothSolver	7.425490e-04	6.415270e-05	10	1.125780e-02	9.720220e-04	10	4.531760e-03	3.850240e-04	10	false	GAMG	5.768920e-03	5.719710e-05	5	true
1266          	smoothSolver	7.418570e-04	6.391230e-05	10	1.128320e-02	9.715130e-04	10	4.536820e-03	3.831970e-04	10	false	GAMG	5.830270e-03	3.486990e-05	6	true
1267          	smoothSolver	7.411950e-04	6.364810e-05	10	1.129760e-02	9.712420e-04	10	4.538530e-03	3.815700e-04	10	false	GAMG	5.911890e-03	5.522740e-05	5	true
1268          	smoothSolver	7.392810e-04	6.327430e-05	10	1.128860e-02	9.670730e-04	10	4.520210e-03	3.789280e-04	10	false	GAMG	5.949840e-03	4.142020e-05	6	true
1269          	smoothSolver	7.388660e-04	6.301100e-05	10	1.129580e-02	9.648640e-04	10	4.509740e-03	3.784080e-04	10	false	GAMG	5.992020e-03	5.895050e-05	5	true
1270          	smoothSolver	7.367290e-04	6.294660e-05	10	1.127800e-02	9.627440e-04	10	4.494100e-03	3.777770e-04	10	false	GAMG	6.000870e-03	4.456550e-05	6	true
1271          	smoothSolver	7.359990e-04	6.284670e-05	10	1.127410e-02	9.628520e-04	10	4.481480e-03	3.766980e-04	10	false	GAMG	6.019020e-03	4.355740e-05	6	true
1272          	smoothSolver	7.315840e-04	6.254420e-05	10	1.122250e-02	9.600110e-04	10	4.455200e-03	3.735200e-04	10	false	GAMG	5.986920e-03	4.470470e-05	6	true
1273          	smoothSolver	7.263440e-04	6.214540e-05	10	1.115990e-02	9.566400e-04	10	4.419890e-03	3.701710e-04	10	false	GAMG	5.936410e-03	4.464710e-05	6	true
1274          	smoothSolver	7.211450e-04	6.179820e-05	10	1.111190e-02	9.561740e-04	10	4.389040e-03	3.676180e-04	10	false	GAMG	5.881570e-03	4.253540e-05	6	true
1275          	smoothSolver	7.170100e-04	6.162620e-05	10	1.110840e-02	9.597270e-04	10	4.362100e-03	3.657350e-04	10	false	GAMG	5.800580e-03	3.855150e-05	6	true
1276          	smoothSolver	7.133410e-04	6.149820e-05	10	1.112960e-02	9.634520e-04	10	4.340910e-03	3.639790e-04	10	false	GAMG	5.713000e-03	5.589440e-05	5	true
1277          	smoothSolver	7.095700e-04	6.130320e-05	10	1.115010e-02	9.659520e-04	10	4.314990e-03	3.616200e-04	10	false	GAMG	5.644580e-03	3.331000e-05	6	true
1278          	smoothSolver	7.054560e-04	6.104780e-05	10	1.121060e-02	9.678860e-04	10	4.292500e-03	3.592560e-04	10	false	GAMG	5.579210e-03	5.301880e-05	5	true
1279          	smoothSolver	6.994460e-04	6.070340e-05	10	1.121520e-02	9.665020e-04	10	4.260580e-03	3.562450e-04	10	false	GAMG	5.523890e-03	3.713710e-05	6	true
1280          	smoothSolver	6.959060e-04	6.038020e-05	10	1.124300e-02	9.684310e-04	10	4.238100e-03	3.543430e-04	10	false	GAMG	5.492130e-03	3.452570e-05	6	true
1281          	smoothSolver	6.919700e-04	6.000420e-05	10	1.123500e-02	9.714730e-04	10	4.205920e-03	3.514100e-04	10	false	GAMG	5.471090e-03	5.430050e-05	5	true
1282          	smoothSolver	6.886440e-04	5.949410e-05	10	1.121860e-02	9.748620e-04	10	4.165600e-03	3.473400e-04	10	false	GAMG	5.447480e-03	4.004350e-05	6	true
1283          	smoothSolver	6.850290e-04	5.903220e-05	10	1.120310e-02	9.786480e-04	10	4.120920e-03	3.437800e-04	10	false	GAMG	5.420020e-03	5.291710e-05	5	true
1284          	smoothSolver	6.809140e-04	5.880700e-05	10	1.118140e-02	9.815600e-04	10	4.079200e-03	3.414320e-04	10	false	GAMG	5.388490e-03	3.441100e-05	6	true
1285          	smoothSolver	6.777150e-04	5.878080e-05	10	1.117840e-02	9.861200e-04	10	4.057760e-03	3.422900e-04	10	false	GAMG	5.367690e-03	5.069330e-05	5	true
1286          	smoothSolver	6.747450e-04	5.879850e-05	10	1.117590e-02	9.876690e-04	10	4.035460e-03	3.428390e-04	10	false	GAMG	5.327070e-03	5.253200e-05	5	true
1287          	smoothSolver	6.725570e-04	5.869010e-05	10	1.116630e-02	9.876040e-04	10	4.021920e-03	3.431030e-04	10	false	GAMG	5.280310e-03	5.222570e-05	5	true
1288          	smoothSolver	6.704070e-04	5.844520e-05	10	1.114220e-02	9.861020e-04	10	4.005620e-03	3.420930e-04	10	false	GAMG	5.236310e-03	3.081990e-05	6	true
1289          	smoothSolver	6.685210e-04	5.813180e-05	10	1.111190e-02	9.846460e-04	10	3.991700e-03	3.411990e-04	10	false	GAMG	5.200910e-03	5.120660e-05	5	true
1290          	smoothSolver	6.667340e-04	5.788470e-05	10	1.105340e-02	9.806550e-04	10	3.976780e-03	3.397250e-04	10	false	GAMG	5.180990e-03	3.307010e-05	6	true
1291          	smoothSolver	6.652350e-04	5.780460e-05	10	1.103130e-02	9.791190e-04	10	3.981990e-03	3.393200e-04	10	false	GAMG	5.178710e-03	3.241780e-05	6	true
1292          	smoothSolver	6.671180e-04	5.775580e-05	10	1.103310e-02	9.780410e-04	10	3.990100e-03	3.379780e-04	10	false	GAMG	5.201500e-03	3.410880e-05	6	true
1293          	smoothSolver	6.659310e-04	5.767400e-05	10	1.107710e-02	9.781240e-04	10	4.005170e-03	3.371810e-04	10	false	GAMG	5.261100e-03	3.216630e-05	6	true
1294          	smoothSolver	6.695470e-04	5.768540e-05	10	1.114780e-02	9.795360e-04	10	4.034490e-03	3.381630e-04	10	false	GAMG	5.334960e-03	5.327160e-05	5	true
1295          	smoothSolver	6.708810e-04	5.773780e-05	10	1.120930e-02	9.796140e-04	10	4.066130e-03	3.397020e-04	10	false	GAMG	5.415620e-03	3.289110e-05	6	true
1296          	smoothSolver	6.718470e-04	5.779590e-05	10	1.124170e-02	9.786590e-04	10	4.093490e-03	3.414900e-04	10	false	GAMG	5.478110e-03	3.394570e-05	6	true
1297          	smoothSolver	6.721810e-04	5.779580e-05	10	1.121800e-02	9.734530e-04	10	4.099250e-03	3.415430e-04	10	false	GAMG	5.528820e-03	3.942090e-05	6	true
1298          	smoothSolver	6.711820e-04	5.778010e-05	10	1.117580e-02	9.678070e-04	10	4.097090e-03	3.415020e-04	10	false	GAMG	5.574550e-03	3.819210e-05	6	true
1299          	smoothSolver	6.701780e-04	5.775130e-05	10	1.113790e-02	9.639880e-04	10	4.095430e-03	3.420800e-04	10	false	GAMG	5.601560e-03	4.177790e-05	6	true
1300          	smoothSolver	6.697040e-04	5.770120e-05	10	1.110800e-02	9.617690e-04	10	4.093830e-03	3.422020e-04	10	false	GAMG	5.600130e-03	3.610900e-05	6	true
1301          	smoothSolver	6.691230e-04	5.779240e-05	10	1.107860e-02	9.590270e-04	10	4.092890e-03	3.415330e-04	10	false	GAMG	5.618280e-03	5.483860e-05	5	true
1302          	smoothSolver	6.702640e-04	5.795980e-05	10	1.106860e-02	9.542000e-04	10	4.101120e-03	3.408830e-04	10	false	GAMG	5.611830e-03	3.762290e-05	6	true
1303          	smoothSolver	6.727880e-04	5.797510e-05	10	1.104510e-02	9.477750e-04	10	4.121950e-03	3.415150e-04	10	false	GAMG	5.632120e-03	5.278990e-05	5	true
1304          	smoothSolver	6.759380e-04	5.807890e-05	10	1.104010e-02	9.395780e-04	10	4.144750e-03	3.425910e-04	10	false	GAMG	5.657540e-03	3.845750e-05	6	true
1305          	smoothSolver	6.809770e-04	5.830640e-05	10	1.101810e-02	9.337720e-04	10	4.181830e-03	3.447160e-04	10	false	GAMG	5.701830e-03	5.602030e-05	5	true
1306          	smoothSolver	6.865180e-04	5.856250e-05	10	1.096070e-02	9.248300e-04	10	4.208070e-03	3.450610e-04	10	false	GAMG	5.773670e-03	4.445710e-05	6	true
1307          	smoothSolver	6.912810e-04	5.868690e-05	10	1.086950e-02	9.154400e-04	10	4.229210e-03	3.449770e-04	10	false	GAMG	5.868490e-03	4.364440e-05	6	true
1308          	smoothSolver	6.935630e-04	5.858090e-05	10	1.074450e-02	9.023160e-04	10	4.230700e-03	3.439520e-04	10	false	GAMG	5.946510e-03	4.491690e-05	6	true
1309          	smoothSolver	6.947510e-04	5.850680e-05	10	1.063080e-02	8.924590e-04	10	4.228680e-03	3.438980e-04	10	false	GAMG	5.998490e-03	4.616800e-05	6	true
1310          	smoothSolver	6.949000e-04	5.855830e-05	10	1.054650e-02	8.870320e-04	10	4.228090e-03	3.450720e-04	10	false	GAMG	5.992210e-03	4.614710e-05	6	true
1311          	smoothSolver	6.938340e-04	5.863900e-05	10	1.049390e-02	8.860910e-04	10	4.227680e-03	3.470410e-04	10	false	GAMG	5.935020e-03	4.424300e-05	6	true
1312          	smoothSolver	6.917170e-04	5.869050e-05	10	1.046120e-02	8.869410e-04	10	4.224120e-03	3.485310e-04	10	false	GAMG	5.822520e-03	5.769040e-05	5	true
1313          	smoothSolver	6.900700e-04	5.857150e-05	10	1.043160e-02	8.863990e-04	10	4.204750e-03	3.481160e-04	10	false	GAMG	5.701980e-03	4.469980e-05	6	true
1314          	smoothSolver	6.850490e-04	5.832570e-05	10	1.041760e-02	8.855440e-04	10	4.186590e-03	3.479210e-04	10	false	GAMG	5.565610e-03	3.650110e-05	6	true
1315          	smoothSolver	6.803610e-04	5.816860e-05	10	1.038160e-02	8.848410e-04	10	4.167640e-03	3.480960e-04	10	false	GAMG	5.463220e-03	3.539560e-05	6	true
1316          	smoothSolver	6.761880e-04	5.807600e-05	10	1.036240e-02	8.850580e-04	10	4.161210e-03	3.482370e-04	10	false	GAMG	5.400010e-03	5.382460e-05	5	true
1317          	smoothSolver	6.734800e-04	5.805600e-05	10	1.036470e-02	8.864630e-04	10	4.163590e-03	3.481610e-04	10	false	GAMG	5.438490e-03	3.330310e-05	6	true
1318          	smoothSolver	6.716260e-04	5.800770e-05	10	1.038140e-02	8.883900e-04	10	4.171660e-03	3.479370e-04	10	false	GAMG	5.491530e-03	5.178980e-05	5	true
1319          	smoothSolver	6.714560e-04	5.799410e-05	10	1.038650e-02	8.863700e-04	10	4.171320e-03	3.467340e-04	10	false	GAMG	5.543320e-03	4.031440e-05	6	true
1320          	smoothSolver	6.740580e-04	5.796110e-05	10	1.039310e-02	8.864400e-04	10	4.187300e-03	3.477030e-04	10	false	GAMG	5.562790e-03	5.377050e-05	5	true
1321          	smoothSolver	6.759210e-04	5.795340e-05	10	1.037290e-02	8.843180e-04	10	4.193920e-03	3.485200e-04	10	false	GAMG	5.546130e-03	3.796000e-05	6	true
1322          	smoothSolver	6.799350e-04	5.828220e-05	10	1.034480e-02	8.864800e-04	10	4.209440e-03	3.504340e-04	10	false	GAMG	5.524660e-03	5.508960e-05	5	true
1323          	smoothSolver	6.833550e-04	5.861380e-05	10	1.029510e-02	8.864130e-04	10	4.207110e-03	3.509310e-04	10	false	GAMG	5.488900e-03	3.985180e-05	6	true
1324          	smoothSolver	6.850180e-04	5.881560e-05	10	1.021040e-02	8.853290e-04	10	4.196370e-03	3.512050e-04	10	false	GAMG	5.427560e-03	3.603280e-05	6	true
1325          	smoothSolver	6.834690e-04	5.886780e-05	10	1.010920e-02	8.818980e-04	10	4.166090e-03	3.508880e-04	10	false	GAMG	5.350240e-03	3.708770e-05	6	true
1326          	smoothSolver	6.808150e-04	5.876770e-05	10	1.000880e-02	8.803020e-04	10	4.128090e-03	3.505130e-04	10	false	GAMG	5.277240e-03	3.437420e-05	6	true
1327          	smoothSolver	6.772830e-04	5.865290e-05	10	9.935220e-03	8.801470e-04	10	4.088200e-03	3.493190e-04	10	false	GAMG	5.209130e-03	3.053290e-05	6	true
1328          	smoothSolver	6.738550e-04	5.859270e-05	10	9.897960e-03	8.809350e-04	10	4.047270e-03	3.472230e-04	10	false	GAMG	5.158450e-03	3.034180e-05	6	true
1329          	smoothSolver	6.708180e-04	5.849190e-05	10	9.891080e-03	8.819650e-04	10	4.012040e-03	3.450710e-04	10	false	GAMG	5.139640e-03	2.687620e-05	6	true
1330          	smoothSolver	6.678760e-04	5.835660e-05	10	9.918560e-03	8.827060e-04	10	3.982170e-03	3.438400e-04	10	false	GAMG	5.144540e-03	2.833650e-05	6	true
1331          	smoothSolver	6.653760e-04	5.820090e-05	10	9.950250e-03	8.830410e-04	10	3.961790e-03	3.431320e-04	10	false	GAMG	5.154070e-03	3.082570e-05	6	true
1332          	smoothSolver	6.627120e-04	5.807090e-05	10	9.988130e-03	8.846710e-04	10	3.947320e-03	3.424010e-04	10	false	GAMG	5.173030e-03	3.126470e-05	6	true
1333          	smoothSolver	6.607540e-04	5.787170e-05	10	1.002000e-02	8.864780e-04	10	3.934560e-03	3.405010e-04	10	false	GAMG	5.209310e-03	2.930080e-05	6	true
1334          	smoothSolver	6.593290e-04	5.753800e-05	10	1.006030e-02	8.889760e-04	10	3.926390e-03	3.377650e-04	10	false	GAMG	5.223930e-03	2.945450e-05	6	true
1335          	smoothSolver	6.564500e-04	5.720780e-05	10	1.007310e-02	8.902160e-04	10	3.916440e-03	3.354660e-04	10	false	GAMG	5.237320e-03	5.189500e-05	5	true
1336          	smoothSolver	6.548370e-04	5.701740e-05	10	1.007250e-02	8.903280e-04	10	3.910050e-03	3.342930e-04	10	false	GAMG	5.231020e-03	3.704110e-05	6	true
1337          	smoothSolver	6.544520e-04	5.701300e-05	10	1.009540e-02	8.913620e-04	10	3.921030e-03	3.350370e-04	10	false	GAMG	5.233300e-03	3.275040e-05	6	true
1338          	smoothSolver	6.540290e-04	5.708440e-05	10	1.011060e-02	8.894600e-04	10	3.930270e-03	3.351420e-04	10	false	GAMG	5.226700e-03	3.466620e-05	6	true
1339          	smoothSolver	6.551450e-04	5.717750e-05	10	1.012870e-02	8.878740e-04	10	3.944370e-03	3.350330e-04	10	false	GAMG	5.233590e-03	3.654550e-05	6	true
1340          	smoothSolver	6.567780e-04	5.713090e-05	10	1.014160e-02	8.870580e-04	10	3.954800e-03	3.350230e-04	10	false	GAMG	5.242190e-03	3.911310e-05	6	true
1341          	smoothSolver	6.586650e-04	5.705530e-05	10	1.013650e-02	8.869150e-04	10	3.957270e-03	3.350760e-04	10	false	GAMG	5.269930e-03	3.925700e-05	6	true
1342          	smoothSolver	6.604550e-04	5.701000e-05	10	1.011680e-02	8.859590e-04	10	3.952580e-03	3.345320e-04	10	false	GAMG	5.286870e-03	3.881970e-05	6	true
1343          	smoothSolver	6.618000e-04	5.705640e-05	10	1.010490e-02	8.863740e-04	10	3.949810e-03	3.340890e-04	10	false	GAMG	5.293240e-03	3.822310e-05	6	true
1344          	smoothSolver	6.629790e-04	5.710920e-05	10	1.011180e-02	8.881240e-04	10	3.950080e-03	3.339010e-04	10	false	GAMG	5.294730e-03	3.928470e-05	6	true
1345          	smoothSolver	6.636180e-04	5.708790e-05	10	1.013760e-02	8.900110e-04	10	3.956520e-03	3.348100e-04	10	false	GAMG	5.298290e-03	3.672790e-05	6	true
1346          	smoothSolver	6.646720e-04	5.712890e-05	10	1.016420e-02	8.922010e-04	10	3.970780e-03	3.369060e-04	10	false	GAMG	5.277090e-03	3.342770e-05	6	true
1347          	smoothSolver	6.646850e-04	5.715970e-05	10	1.018890e-02	8.940960e-04	10	3.976700e-03	3.384000e-04	10	false	GAMG	5.256980e-03	5.205450e-05	5	true
1348          	smoothSolver	6.640270e-04	5.716410e-05	10	1.019470e-02	8.933360e-04	10	3.977500e-03	3.383260e-04	10	false	GAMG	5.230940e-03	3.553980e-05	6	true
1349          	smoothSolver	6.618550e-04	5.712650e-05	10	1.020590e-02	8.926660e-04	10	3.980180e-03	3.379520e-04	10	false	GAMG	5.224600e-03	3.069550e-05	6	true
1350          	smoothSolver	6.607090e-04	5.706680e-05	10	1.019810e-02	8.904110e-04	10	3.977170e-03	3.364490e-04	10	false	GAMG	5.224890e-03	3.309430e-05	6	true
1351          	smoothSolver	6.595690e-04	5.705460e-05	10	1.019610e-02	8.900540e-04	10	3.978960e-03	3.359780e-04	10	false	GAMG	5.233090e-03	3.452790e-05	6	true
1352          	smoothSolver	6.595030e-04	5.709360e-05	10	1.018570e-02	8.897120e-04	10	3.979290e-03	3.354050e-04	10	false	GAMG	5.222690e-03	3.528190e-05	6	true
1353          	smoothSolver	6.606600e-04	5.731720e-05	10	1.017950e-02	8.885360e-04	10	3.973940e-03	3.341890e-04	10	false	GAMG	5.210380e-03	5.164080e-05	5	true
1354          	smoothSolver	6.622800e-04	5.763810e-05	10	1.019250e-02	8.870060e-04	10	3.973930e-03	3.331280e-04	10	false	GAMG	5.192870e-03	3.832710e-05	6	true
1355          	smoothSolver	6.663610e-04	5.776460e-05	10	1.023120e-02	8.865950e-04	10	3.988840e-03	3.336680e-04	10	false	GAMG	5.205250e-03	5.112840e-05	5	true
1356          	smoothSolver	6.688370e-04	5.791210e-05	10	1.024970e-02	8.860790e-04	10	4.005770e-03	3.347000e-04	10	false	GAMG	5.220820e-03	3.808350e-05	6	true
1357          	smoothSolver	6.745230e-04	5.829510e-05	10	1.027240e-02	8.882620e-04	10	4.030790e-03	3.374270e-04	10	false	GAMG	5.244490e-03	3.255790e-05	6	true
1358          	smoothSolver	6.775740e-04	5.871230e-05	10	1.026110e-02	8.878490e-04	10	4.048190e-03	3.393680e-04	10	false	GAMG	5.246430e-03	3.085720e-05	6	true
1359          	smoothSolver	6.821310e-04	5.908200e-05	10	1.022430e-02	8.842840e-04	10	4.056610e-03	3.395710e-04	10	false	GAMG	5.309410e-03	3.424480e-05	6	true
1360          	smoothSolver	6.844700e-04	5.922870e-05	10	1.017640e-02	8.794090e-04	10	4.058710e-03	3.382880e-04	10	false	GAMG	5.360820e-03	3.498060e-05	6	true
1361          	smoothSolver	6.855860e-04	5.931470e-05	10	1.014290e-02	8.782600e-04	10	4.053570e-03	3.374990e-04	10	false	GAMG	5.419970e-03	3.765950e-05	6	true
1362          	smoothSolver	6.868060e-04	5.947240e-05	10	1.014160e-02	8.805440e-04	10	4.054440e-03	3.386330e-04	10	false	GAMG	5.453680e-03	3.824380e-05	6	true
1363          	smoothSolver	6.881850e-04	5.971050e-05	10	1.016010e-02	8.856790e-04	10	4.058720e-03	3.405120e-04	10	false	GAMG	5.467240e-03	3.990810e-05	6	true
1364          	smoothSolver	6.892030e-04	5.985560e-05	10	1.019850e-02	8.898530e-04	10	4.066740e-03	3.416730e-04	10	false	GAMG	5.471470e-03	4.138860e-05	6	true
1365          	smoothSolver	6.880490e-04	5.969790e-05	10	1.024700e-02	8.918450e-04	10	4.064220e-03	3.409280e-04	10	false	GAMG	5.477190e-03	4.191630e-05	6	true
1366          	smoothSolver	6.849970e-04	5.929200e-05	10	1.029470e-02	8.936330e-04	10	4.054890e-03	3.400060e-04	10	false	GAMG	5.474890e-03	4.035050e-05	6	true
1367          	smoothSolver	6.811600e-04	5.889520e-05	10	1.032090e-02	8.970160e-04	10	4.044660e-03	3.399190e-04	10	false	GAMG	5.467800e-03	3.996540e-05	6	true
1368          	smoothSolver	6.775450e-04	5.854220e-05	10	1.033810e-02	9.027780e-04	10	4.031730e-03	3.402390e-04	10	false	GAMG	5.452930e-03	3.639900e-05	6	true
1369          	smoothSolver	6.735180e-04	5.821980e-05	10	1.035040e-02	9.088480e-04	10	4.018540e-03	3.396930e-04	10	false	GAMG	5.422370e-03	3.516290e-05	6	true
1370          	smoothSolver	6.706510e-04	5.799010e-05	10	1.037500e-02	9.133970e-04	10	4.010460e-03	3.389040e-04	10	false	GAMG	5.393650e-03	5.369280e-05	5	true
1371          	smoothSolver	6.692860e-04	5.792900e-05	10	1.042280e-02	9.165140e-04	10	4.015940e-03	3.390020e-04	10	false	GAMG	5.390080e-03	3.412760e-05	6	true
1372          	smoothSolver	6.685590e-04	5.794210e-05	10	1.048750e-02	9.198490e-04	10	4.039290e-03	3.421030e-04	10	false	GAMG	5.377710e-03	5.366050e-05	5	true
1373          	smoothSolver	6.695000e-04	5.796010e-05	10	1.053620e-02	9.219430e-04	10	4.062200e-03	3.454520e-04	10	false	GAMG	5.376670e-03	3.109400e-05	6	true
1374          	smoothSolver	6.721430e-04	5.815140e-05	10	1.055940e-02	9.259910e-04	10	4.087020e-03	3.484140e-04	10	false	GAMG	5.357020e-03	5.319790e-05	5	true
1375          	smoothSolver	6.744740e-04	5.834310e-05	10	1.053820e-02	9.263580e-04	10	4.094710e-03	3.489810e-04	10	false	GAMG	5.353270e-03	3.264400e-05	6	true
1376          	smoothSolver	6.773790e-04	5.849310e-05	10	1.050860e-02	9.254960e-04	10	4.103630e-03	3.492540e-04	10	false	GAMG	5.343810e-03	3.150180e-05	6	true
1377          	smoothSolver	6.793010e-04	5.866870e-05	10	1.045960e-02	9.227760e-04	10	4.103220e-03	3.495440e-04	10	false	GAMG	5.331680e-03	3.265880e-05	6	true
1378          	smoothSolver	6.819540e-04	5.892540e-05	10	1.042180e-02	9.213880e-04	10	4.112010e-03	3.511670e-04	10	false	GAMG	5.300010e-03	3.230650e-05	6	true
1379          	smoothSolver	6.845140e-04	5.920730e-05	10	1.040890e-02	9.210130e-04	10	4.122030e-03	3.525570e-04	10	false	GAMG	5.270570e-03	3.262760e-05	6	true
1380          	smoothSolver	6.861490e-04	5.942390e-05	10	1.041310e-02	9.204810e-04	10	4.128930e-03	3.523270e-04	10	false	GAMG	5.254060e-03	3.081400e-05	6	true
1381          	smoothSolver	6.868900e-04	5.949780e-05	10	1.043830e-02	9.201010e-04	10	4.134980e-03	3.516890e-04	10	false	GAMG	5.287000e-03	5.252030e-05	5	true
1382          	smoothSolver	6.869730e-04	5.941280e-05	10	1.045950e-02	9.176480e-04	10	4.128850e-03	3.507500e-04	10	false	GAMG	5.353550e-03	3.332600e-05	6	true
1383          	smoothSolver	6.857010e-04	5.929100e-05	10	1.047380e-02	9.162480e-04	10	4.125910e-03	3.509490e-04	10	false	GAMG	5.390680e-03	3.113600e-05	6	true
1384          	smoothSolver	6.824590e-04	5.915160e-05	10	1.045350e-02	9.136780e-04	10	4.110740e-03	3.493930e-04	10	false	GAMG	5.422280e-03	3.463870e-05	6	true
1385          	smoothSolver	6.806820e-04	5.895070e-05	10	1.044230e-02	9.116440e-04	10	4.096530e-03	3.465640e-04	10	false	GAMG	5.456510e-03	5.438640e-05	5	true
1386          	smoothSolver	6.791160e-04	5.867220e-05	10	1.044330e-02	9.107340e-04	10	4.084650e-03	3.433260e-04	10	false	GAMG	5.456500e-03	3.000020e-05	6	true
1387          	smoothSolver	6.759580e-04	5.841970e-05	10	1.046100e-02	9.131160e-04	10	4.079120e-03	3.423270e-04	10	false	GAMG	5.446000e-03	5.358670e-05	5	true
1388          	smoothSolver	6.736370e-04	5.830910e-05	10	1.047480e-02	9.175990e-04	10	4.077320e-03	3.429320e-04	10	false	GAMG	5.430020e-03	3.856930e-05	6	true
1389          	smoothSolver	6.734350e-04	5.825810e-05	10	1.050930e-02	9.231740e-04	10	4.082150e-03	3.449850e-04	10	false	GAMG	5.427510e-03	3.452330e-05	6	true
1390          	smoothSolver	6.704650e-04	5.818470e-05	10	1.052600e-02	9.251000e-04	10	4.074520e-03	3.457230e-04	10	false	GAMG	5.387930e-03	3.843830e-05	6	true
1391          	smoothSolver	6.700780e-04	5.805570e-05	10	1.053320e-02	9.259340e-04	10	4.070160e-03	3.450040e-04	10	false	GAMG	5.356180e-03	3.318940e-05	6	true
1392          	smoothSolver	6.702240e-04	5.792240e-05	10	1.053560e-02	9.275620e-04	10	4.063040e-03	3.439650e-04	10	false	GAMG	5.321660e-03	3.449300e-05	6	true
1393          	smoothSolver	6.687750e-04	5.780780e-05	10	1.052550e-02	9.307700e-04	10	4.044900e-03	3.434810e-04	10	false	GAMG	5.294750e-03	3.120120e-05	6	true
1394          	smoothSolver	6.668350e-04	5.779790e-05	10	1.050560e-02	9.344150e-04	10	4.019690e-03	3.430910e-04	10	false	GAMG	5.241780e-03	3.093070e-05	6	true
1395          	smoothSolver	6.645970e-04	5.784380e-05	10	1.050100e-02	9.409330e-04	10	3.997030e-03	3.420910e-04	10	false	GAMG	5.205160e-03	3.448850e-05	6	true
1396          	smoothSolver	6.643990e-04	5.792750e-05	10	1.054730e-02	9.492250e-04	10	3.982650e-03	3.404310e-04	10	false	GAMG	5.167450e-03	3.421980e-05	6	true
1397          	smoothSolver	6.653430e-04	5.800620e-05	10	1.064550e-02	9.579190e-04	10	3.979600e-03	3.399910e-04	10	false	GAMG	5.158640e-03	3.425150e-05	6	true
1398          	smoothSolver	6.676610e-04	5.824500e-05	10	1.077110e-02	9.667600e-04	10	3.997530e-03	3.420020e-04	10	false	GAMG	5.167440e-03	3.256160e-05	6	true
1399          	smoothSolver	6.693920e-04	5.852110e-05	10	1.088240e-02	9.745810e-04	10	4.015090e-03	3.447580e-04	10	false	GAMG	5.190020e-03	3.186310e-05	6	true
1400          	smoothSolver	6.704010e-04	5.872890e-05	10	1.094200e-02	9.779800e-04	10	4.021680e-03	3.462440e-04	10	false	GAMG	5.200040e-03	3.392770e-05	6	true
1401          	smoothSolver	6.695640e-04	5.871330e-05	10	1.095070e-02	9.764570e-04	10	4.015470e-03	3.451440e-04	10	false	GAMG	5.219550e-03	3.277370e-05	6	true
1402          	smoothSolver	6.688680e-04	5.854510e-05	10	1.093050e-02	9.718200e-04	10	3.995660e-03	3.423710e-04	10	false	GAMG	5.240270e-03	3.132560e-05	6	true
1403          	smoothSolver	6.682770e-04	5.843330e-05	10	1.090030e-02	9.680380e-04	10	3.980780e-03	3.407220e-04	10	false	GAMG	5.262420e-03	3.115750e-05	6	true
1404          	smoothSolver	6.669600e-04	5.844560e-05	10	1.087560e-02	9.648810e-04	10	3.970740e-03	3.398960e-04	10	false	GAMG	5.271980e-03	3.333460e-05	6	true
1405          	smoothSolver	6.664110e-04	5.859120e-05	10	1.083600e-02	9.602250e-04	10	3.965770e-03	3.394130e-04	10	false	GAMG	5.294700e-03	5.142510e-05	5	true
1406          	smoothSolver	6.664070e-04	5.869740e-05	10	1.079010e-02	9.536930e-04	10	3.968500e-03	3.391130e-04	10	false	GAMG	5.308610e-03	3.722380e-05	6	true
1407          	smoothSolver	6.683390e-04	5.876860e-05	10	1.075880e-02	9.476870e-04	10	3.981900e-03	3.403830e-04	10	false	GAMG	5.333470e-03	5.270530e-05	5	true
1408          	smoothSolver	6.700170e-04	5.900590e-05	10	1.070920e-02	9.431080e-04	10	3.997140e-03	3.422780e-04	10	false	GAMG	5.339050e-03	3.950840e-05	6	true
1409          	smoothSolver	6.726170e-04	5.925210e-05	10	1.066450e-02	9.414880e-04	10	4.021690e-03	3.451520e-04	10	false	GAMG	5.351550e-03	3.696110e-05	6	true
1410          	smoothSolver	6.729830e-04	5.936240e-05	10	1.058760e-02	9.370040e-04	10	4.038090e-03	3.464710e-04	10	false	GAMG	5.350140e-03	3.380510e-05	6	true
1411          	smoothSolver	6.744700e-04	5.936460e-05	10	1.051720e-02	9.304830e-04	10	4.048100e-03	3.462630e-04	10	false	GAMG	5.372220e-03	3.045350e-05	6	true
1412          	smoothSolver	6.764560e-04	5.934020e-05	10	1.048770e-02	9.251170e-04	10	4.066200e-03	3.461700e-04	10	false	GAMG	5.409690e-03	3.065010e-05	6	true
1413          	smoothSolver	6.794070e-04	5.948740e-05	10	1.049620e-02	9.245660e-04	10	4.091750e-03	3.477730e-04	10	false	GAMG	5.442300e-03	3.143960e-05	6	true
1414          	smoothSolver	6.826650e-04	5.973950e-05	10	1.052520e-02	9.268120e-04	10	4.119690e-03	3.506320e-04	10	false	GAMG	5.464910e-03	5.455050e-05	5	true
1415          	smoothSolver	6.852010e-04	6.001940e-05	10	1.054520e-02	9.295620e-04	10	4.139960e-03	3.531180e-04	10	false	GAMG	5.467240e-03	3.295680e-05	6	true
1416          	smoothSolver	6.870320e-04	6.017040e-05	10	1.056950e-02	9.321740e-04	10	4.158900e-03	3.549680e-04	10	false	GAMG	5.443310e-03	5.307730e-05	5	true
1417          	smoothSolver	6.869680e-04	6.009650e-05	10	1.055690e-02	9.285370e-04	10	4.156190e-03	3.538650e-04	10	false	GAMG	5.430510e-03	3.853700e-05	6	true
1418          	smoothSolver	6.879960e-04	6.001420e-05	10	1.054980e-02	9.263450e-04	10	4.164610e-03	3.540910e-04	10	false	GAMG	5.417530e-03	3.176610e-05	6	true
1419          	smoothSolver	6.882240e-04	5.993550e-05	10	1.052670e-02	9.251510e-04	10	4.168560e-03	3.545210e-04	10	false	GAMG	5.419870e-03	3.268040e-05	6	true
1420          	smoothSolver	6.875290e-04	5.979580e-05	10	1.050860e-02	9.266550e-04	10	4.173080e-03	3.548480e-04	10	false	GAMG	5.425890e-03	3.151000e-05	6	true
1421          	smoothSolver	6.864060e-04	5.964960e-05	10	1.048920e-02	9.279220e-04	10	4.171520e-03	3.544470e-04	10	false	GAMG	5.433100e-03	5.340380e-05	5	true
1422          	smoothSolver	6.864410e-04	5.946020e-05	10	1.046990e-02	9.261210e-04	10	4.163350e-03	3.533170e-04	10	false	GAMG	5.452580e-03	3.239090e-05	6	true
1423          	smoothSolver	6.872490e-04	5.942900e-05	10	1.047850e-02	9.250340e-04	10	4.169890e-03	3.542980e-04	10	false	GAMG	5.475750e-03	5.331800e-05	5	true
1424          	smoothSolver	6.905100e-04	5.956710e-05	10	1.049670e-02	9.226490e-04	10	4.188680e-03	3.561760e-04	10	false	GAMG	5.503810e-03	3.199640e-05	6	true
1425          	smoothSolver	6.946220e-04	5.978680e-05	10	1.053420e-02	9.222740e-04	10	4.223210e-03	3.592800e-04	10	false	GAMG	5.543340e-03	3.531340e-05	6	true
1426          	smoothSolver	6.988550e-04	6.002130e-05	10	1.056370e-02	9.222000e-04	10	4.252350e-03	3.614690e-04	10	false	GAMG	5.585800e-03	4.213950e-05	6	true
1427          	smoothSolver	7.046220e-04	6.019360e-05	10	1.058340e-02	9.225430e-04	10	4.276210e-03	3.628400e-04	10	false	GAMG	5.634160e-03	4.253290e-05	6	true
1428          	smoothSolver	7.085200e-04	6.028220e-05	10	1.059110e-02	9.225550e-04	10	4.285680e-03	3.632420e-04	10	false	GAMG	5.665930e-03	4.330430e-05	6	true
1429          	smoothSolver	7.107990e-04	6.056220e-05	10	1.059040e-02	9.231670e-04	10	4.296110e-03	3.639450e-04	10	false	GAMG	5.668270e-03	4.017370e-05	6	true
1430          	smoothSolver	7.149090e-04	6.091240e-05	10	1.060550e-02	9.253690e-04	10	4.309200e-03	3.648020e-04	10	false	GAMG	5.672770e-03	4.443240e-05	6	true
1431          	smoothSolver	7.165000e-04	6.125510e-05	10	1.063270e-02	9.265220e-04	10	4.318580e-03	3.651460e-04	10	false	GAMG	5.656840e-03	3.976580e-05	6	true
1432          	smoothSolver	7.169080e-04	6.150170e-05	10	1.064270e-02	9.255160e-04	10	4.312590e-03	3.638490e-04	10	false	GAMG	5.649970e-03	3.805330e-05	6	true
1433          	smoothSolver	7.133800e-04	6.154570e-05	10	1.064480e-02	9.236740e-04	10	4.299580e-03	3.617300e-04	10	false	GAMG	5.657590e-03	3.870020e-05	6	true
1434          	smoothSolver	7.102220e-04	6.147210e-05	10	1.065220e-02	9.210940e-04	10	4.288790e-03	3.602930e-04	10	false	GAMG	5.734290e-03	3.868960e-05	6	true
1435          	smoothSolver	7.084690e-04	6.147860e-05	10	1.066850e-02	9.206620e-04	10	4.286300e-03	3.605280e-04	10	false	GAMG	5.809960e-03	3.849630e-05	6	true
1436          	smoothSolver	7.074890e-04	6.148020e-05	10	1.069090e-02	9.216230e-04	10	4.287510e-03	3.604510e-04	10	false	GAMG	5.864960e-03	3.817800e-05	6	true
1437          	smoothSolver	7.071950e-04	6.136310e-05	10	1.070410e-02	9.218080e-04	10	4.280950e-03	3.578990e-04	10	false	GAMG	5.917730e-03	3.160480e-05	6	true
1438          	smoothSolver	7.085050e-04	6.115760e-05	10	1.071110e-02	9.212230e-04	10	4.274620e-03	3.542150e-04	10	false	GAMG	5.949900e-03	5.899300e-05	5	true
1439          	smoothSolver	7.092270e-04	6.113450e-05	10	1.072280e-02	9.216220e-04	10	4.273450e-03	3.529900e-04	10	false	GAMG	5.957250e-03	3.871280e-05	6	true
1440          	smoothSolver	7.125370e-04	6.147400e-05	10	1.076060e-02	9.252680e-04	10	4.298230e-03	3.561830e-04	10	false	GAMG	5.952440e-03	5.862750e-05	5	true
1441          	smoothSolver	7.141280e-04	6.189280e-05	10	1.077590e-02	9.271980e-04	10	4.312370e-03	3.592950e-04	10	false	GAMG	5.928600e-03	4.340970e-05	6	true
1442          	smoothSolver	7.168720e-04	6.208920e-05	10	1.078520e-02	9.285460e-04	10	4.322690e-03	3.612630e-04	10	false	GAMG	5.879300e-03	5.643630e-05	5	true
1443          	smoothSolver	7.183740e-04	6.199780e-05	10	1.073640e-02	9.248050e-04	10	4.308330e-03	3.599260e-04	10	false	GAMG	5.819340e-03	5.754810e-05	5	true
1444          	smoothSolver	7.185250e-04	6.196650e-05	10	1.066240e-02	9.236520e-04	10	4.302960e-03	3.603480e-04	10	false	GAMG	5.764080e-03	3.624540e-05	6	true
1445          	smoothSolver	7.201560e-04	6.217960e-05	10	1.056600e-02	9.231400e-04	10	4.302400e-03	3.624510e-04	10	false	GAMG	5.713590e-03	5.660020e-05	5	true
1446          	smoothSolver	7.212380e-04	6.253760e-05	10	1.047770e-02	9.212250e-04	10	4.299320e-03	3.647930e-04	10	false	GAMG	5.679660e-03	4.126920e-05	6	true
1447          	smoothSolver	7.213970e-04	6.280470e-05	10	1.043700e-02	9.228960e-04	10	4.307280e-03	3.672080e-04	10	false	GAMG	5.658760e-03	3.712410e-05	6	true
1448          	smoothSolver	7.241250e-04	6.282450e-05	10	1.043120e-02	9.233440e-04	10	4.310570e-03	3.669720e-04	10	false	GAMG	5.624680e-03	3.923560e-05	6	true
1449          	smoothSolver	7.222230e-04	6.261490e-05	10	1.042300e-02	9.212570e-04	10	4.309850e-03	3.675480e-04	10	false	GAMG	5.615460e-03	3.461160e-05	6	true
1450          	smoothSolver	7.228350e-04	6.250220e-05	10	1.042700e-02	9.192070e-04	10	4.322910e-03	3.706600e-04	10	false	GAMG	5.595650e-03	3.307520e-05	6	true
1451          	smoothSolver	7.220360e-04	6.245720e-05	10	1.042900e-02	9.156260e-04	10	4.332610e-03	3.732790e-04	10	false	GAMG	5.589740e-03	5.536640e-05	5	true
1452          	smoothSolver	7.205590e-04	6.238350e-05	10	1.042260e-02	9.110890e-04	10	4.333190e-03	3.738980e-04	10	false	GAMG	5.582970e-03	3.033530e-05	6	true
1453          	smoothSolver	7.181540e-04	6.200250e-05	10	1.042680e-02	9.074110e-04	10	4.326970e-03	3.727670e-04	10	false	GAMG	5.598560e-03	3.413030e-05	6	true
1454          	smoothSolver	7.161610e-04	6.154530e-05	10	1.041750e-02	9.035170e-04	10	4.317000e-03	3.702930e-04	10	false	GAMG	5.637990e-03	3.352090e-05	6	true
1455          	smoothSolver	7.142810e-04	6.118590e-05	10	1.040440e-02	9.012840e-04	10	4.321090e-03	3.697680e-04	10	false	GAMG	5.699960e-03	3.281980e-05	6	true
1456          	smoothSolver	7.124310e-04	6.103640e-05	10	1.039290e-02	9.001590e-04	10	4.327710e-03	3.705470e-04	10	false	GAMG	5.745380e-03	5.660120e-05	5	true
1457          	smoothSolver	7.104570e-04	6.108070e-05	10	1.037640e-02	8.989790e-04	10	4.330270e-03	3.705680e-04	10	false	GAMG	5.789790e-03	3.374710e-05	6	true
1458          	smoothSolver	7.089760e-04	6.102830e-05	10	1.038760e-02	8.992980e-04	10	4.339860e-03	3.699710e-04	10	false	GAMG	5.813660e-03	5.573450e-05	5	true
1459          	smoothSolver	7.072030e-04	6.073970e-05	10	1.038410e-02	8.973290e-04	10	4.329650e-03	3.676070e-04	10	false	GAMG	5.840260e-03	3.822990e-05	6	true
1460          	smoothSolver	7.087970e-04	6.063340e-05	10	1.038560e-02	8.989380e-04	10	4.328860e-03	3.676840e-04	10	false	GAMG	5.850210e-03	3.501800e-05	6	true
1461          	smoothSolver	7.075620e-04	6.077830e-05	10	1.036390e-02	9.005480e-04	10	4.327380e-03	3.689130e-04	10	false	GAMG	5.831810e-03	3.345010e-05	6	true
1462          	smoothSolver	7.079720e-04	6.100740e-05	10	1.032660e-02	9.008300e-04	10	4.321650e-03	3.693720e-04	10	false	GAMG	5.775900e-03	5.746130e-05	5	true
1463          	smoothSolver	7.069770e-04	6.110000e-05	10	1.028990e-02	8.998140e-04	10	4.297630e-03	3.672540e-04	10	false	GAMG	5.739700e-03	3.524630e-05	6	true
1464          	smoothSolver	7.055930e-04	6.094630e-05	10	1.028720e-02	9.011910e-04	10	4.275440e-03	3.638500e-04	10	false	GAMG	5.662770e-03	5.624150e-05	5	true
1465          	smoothSolver	7.036220e-04	6.087110e-05	10	1.031220e-02	9.056420e-04	10	4.248170e-03	3.605690e-04	10	false	GAMG	5.610080e-03	3.241530e-05	6	true
1466          	smoothSolver	7.022910e-04	6.088960e-05	10	1.038380e-02	9.144520e-04	10	4.238990e-03	3.609630e-04	10	false	GAMG	5.528590e-03	5.489340e-05	5	true
1467          	smoothSolver	6.999920e-04	6.092350e-05	10	1.044250e-02	9.209890e-04	10	4.219730e-03	3.615850e-04	10	false	GAMG	5.477000e-03	3.100190e-05	6	true
1468          	smoothSolver	6.983630e-04	6.089890e-05	10	1.051880e-02	9.274030e-04	10	4.208590e-03	3.613150e-04	10	false	GAMG	5.399420e-03	5.190550e-05	5	true
1469          	smoothSolver	6.957120e-04	6.068680e-05	10	1.055320e-02	9.285020e-04	10	4.180650e-03	3.576460e-04	10	false	GAMG	5.354970e-03	3.185610e-05	6	true
1470          	smoothSolver	6.944270e-04	6.055840e-05	10	1.057890e-02	9.298270e-04	10	4.166810e-03	3.562380e-04	10	false	GAMG	5.309840e-03	3.036780e-05	6	true
1471          	smoothSolver	6.928370e-04	6.059180e-05	10	1.058160e-02	9.322120e-04	10	4.157840e-03	3.567350e-04	10	false	GAMG	5.299140e-03	3.324640e-05	6	true
1472          	smoothSolver	6.915680e-04	6.055130e-05	10	1.058710e-02	9.374340e-04	10	4.154290e-03	3.582220e-04	10	false	GAMG	5.282070e-03	3.395280e-05	6	true
1473          	smoothSolver	6.894890e-04	6.043230e-05	10	1.058560e-02	9.424180e-04	10	4.144390e-03	3.579530e-04	10	false	GAMG	5.259960e-03	3.264640e-05	6	true
1474          	smoothSolver	6.870430e-04	6.018290e-05	10	1.057640e-02	9.445410e-04	10	4.127210e-03	3.558860e-04	10	false	GAMG	5.219140e-03	3.287370e-05	6	true
1475          	smoothSolver	6.850100e-04	5.998550e-05	10	1.057080e-02	9.449640e-04	10	4.119930e-03	3.553200e-04	10	false	GAMG	5.189960e-03	3.281930e-05	6	true
1476          	smoothSolver	6.839450e-04	5.996500e-05	10	1.057420e-02	9.434010e-04	10	4.126570e-03	3.573080e-04	10	false	GAMG	5.159920e-03	3.285760e-05	6	true
1477          	smoothSolver	6.847420e-04	6.016310e-05	10	1.058110e-02	9.416330e-04	10	4.143280e-03	3.598250e-04	10	false	GAMG	5.162200e-03	3.233610e-05	6	true
1478          	smoothSolver	6.865320e-04	6.041440e-05	10	1.060220e-02	9.415070e-04	10	4.162340e-03	3.605450e-04	10	false	GAMG	5.181070e-03	3.155860e-05	6	true
1479          	smoothSolver	6.882110e-04	6.037290e-05	10	1.061610e-02	9.405560e-04	10	4.169590e-03	3.585890e-04	10	false	GAMG	5.217240e-03	3.039240e-05	6	true
1480          	smoothSolver	6.893770e-04	6.016080e-05	10	1.062130e-02	9.379030e-04	10	4.170100e-03	3.560220e-04	10	false	GAMG	5.231840e-03	3.129550e-05	6	true
1481          	smoothSolver	6.905160e-04	6.015080e-05	10	1.062630e-02	9.363330e-04	10	4.168040e-03	3.551750e-04	10	false	GAMG	5.252560e-03	3.156050e-05	6	true
1482          	smoothSolver	6.926910e-04	6.038940e-05	10	1.066320e-02	9.382220e-04	10	4.181240e-03	3.561840e-04	10	false	GAMG	5.252020e-03	3.217360e-05	6	true
1483          	smoothSolver	6.937490e-04	6.066010e-05	10	1.071990e-02	9.425630e-04	10	4.192710e-03	3.567600e-04	10	false	GAMG	5.262580e-03	3.384150e-05	6	true
1484          	smoothSolver	6.938040e-04	6.076380e-05	10	1.077760e-02	9.459270e-04	10	4.194960e-03	3.555870e-04	10	false	GAMG	5.285620e-03	5.256030e-05	5	true
1485          	smoothSolver	6.925660e-04	6.067270e-05	10	1.081240e-02	9.469630e-04	10	4.184900e-03	3.528460e-04	10	false	GAMG	5.325210e-03	3.429300e-05	6	true
1486          	smoothSolver	6.927990e-04	6.052500e-05	10	1.082940e-02	9.492070e-04	10	4.178070e-03	3.518740e-04	10	false	GAMG	5.347980e-03	3.220000e-05	6	true
1487          	smoothSolver	6.913150e-04	6.046270e-05	10	1.081480e-02	9.485690e-04	10	4.163980e-03	3.519440e-04	10	false	GAMG	5.357800e-03	3.703530e-05	6	true
1488          	smoothSolver	6.908580e-04	6.047670e-05	10	1.077990e-02	9.465390e-04	10	4.149970e-03	3.518780e-04	10	false	GAMG	5.356730e-03	3.804880e-05	6	true
1489          	smoothSolver	6.898690e-04	6.033720e-05	10	1.074150e-02	9.432500e-04	10	4.132180e-03	3.493110e-04	10	false	GAMG	5.383460e-03	3.468460e-05	6	true
1490          	smoothSolver	6.891620e-04	5.993920e-05	10	1.070660e-02	9.382870e-04	10	4.110300e-03	3.450480e-04	10	false	GAMG	5.423860e-03	5.266900e-05	5	true
1491          	smoothSolver	6.889640e-04	5.954830e-05	10	1.065720e-02	9.320360e-04	10	4.084720e-03	3.415480e-04	10	false	GAMG	5.461060e-03	3.001390e-05	6	true
1492          	smoothSolver	6.870340e-04	5.940510e-05	10	1.061730e-02	9.292980e-04	10	4.076600e-03	3.421130e-04	10	false	GAMG	5.463950e-03	5.179050e-05	5	true
1493          	smoothSolver	6.868010e-04	5.942120e-05	10	1.058420e-02	9.256880e-04	10	4.074280e-03	3.438310e-04	10	false	GAMG	5.478130e-03	5.441430e-05	5	true
1494          	smoothSolver	6.873840e-04	5.955910e-05	10	1.058350e-02	9.236020e-04	10	4.088850e-03	3.457790e-04	10	false	GAMG	5.503280e-03	5.451720e-05	5	true
1495          	smoothSolver	6.880920e-04	5.952680e-05	10	1.059350e-02	9.214700e-04	10	4.107990e-03	3.460630e-04	10	false	GAMG	5.541840e-03	3.147100e-05	6	true
1496          	smoothSolver	6.890780e-04	5.935680e-05	10	1.061030e-02	9.197190e-04	10	4.129880e-03	3.464160e-04	10	false	GAMG	5.577570e-03	5.568030e-05	5	true
1497          	smoothSolver	6.892980e-04	5.917140e-05	10	1.060890e-02	9.165650e-04	10	4.148550e-03	3.474650e-04	10	false	GAMG	5.629500e-03	4.102470e-05	6	true
1498          	smoothSolver	6.905100e-04	5.907860e-05	10	1.062560e-02	9.164930e-04	10	4.180720e-03	3.498900e-04	10	false	GAMG	5.643970e-03	3.498560e-05	6	true
1499          	smoothSolver	6.898060e-04	5.902360e-05	10	1.064240e-02	9.182480e-04	10	4.197020e-03	3.505220e-04	10	false	GAMG	5.634030e-03	3.662540e-05	6	true
1500          	smoothSolver	6.882670e-04	5.894570e-05	10	1.067460e-02	9.199980e-04	10	4.206760e-03	3.498020e-04	10	false	GAMG	5.589480e-03	3.459540e-05	6	true
