# Force and moment coefficients
# dragDir     : (1.000000e+00 0.000000e+00 0.000000e+00)
# sideDir     : (0.000000e+00 1.000000e+00 0.000000e+00)
# liftDir     : (0.000000e+00 0.000000e+00 1.000000e+00)
# rollAxis    : (1.000000e+00 0.000000e+00 0.000000e+00)
# pitchAxis   : (0.000000e+00 1.000000e+00 0.000000e+00)
# yawAxis     : (0.000000e+00 0.000000e+00 1.000000e+00)
# magUInf     : 4.000000e+01
# lRef        : 2.736000e+00
# Aref        : 2.269500e+00
# CofR        : (2.294000e+00 0.000000e+00 0.000000e+00)
#
# Time        	Cd            	Cd(f)         	Cd(r)         	Cl            	Cl(f)         	Cl(r)         	CmPitch       	CmRoll        	CmYaw         	Cs            	Cs(f)         	Cs(r)         
1             	1.239824e+00	6.220015e-01	6.178228e-01	-8.096590e-01	-1.387188e-01	-6.709402e-01	2.661107e-01	2.089325e-03	1.569301e-03	-5.312687e-03	-1.087043e-03	-4.225644e-03
2             	1.197901e+00	6.007909e-01	5.971104e-01	-8.697748e-01	-1.633345e-01	-7.064402e-01	2.715529e-01	1.840223e-03	1.471086e-03	-5.551155e-03	-1.304492e-03	-4.246663e-03
3             	1.015772e+00	5.090805e-01	5.066915e-01	-7.977012e-01	-1.573601e-01	-6.403411e-01	2.414905e-01	1.194505e-03	9.039960e-04	-3.138438e-03	-6.652229e-04	-2.473215e-03
4             	8.770598e-01	4.399370e-01	4.371228e-01	-7.738070e-01	-1.775239e-01	-5.962832e-01	2.093797e-01	1.407067e-03	4.100451e-04	-3.083074e-03	-1.131492e-03	-1.951582e-03
5             	8.008568e-01	4.020637e-01	3.987931e-01	-7.756214e-01	-1.912676e-01	-5.843538e-01	1.965431e-01	1.635292e-03	2.345710e-05	-3.512626e-03	-1.732856e-03	-1.779770e-03
6             	7.592729e-01	3.815161e-01	3.777568e-01	-7.832414e-01	-1.988982e-01	-5.843432e-01	1.927225e-01	1.879639e-03	-2.808765e-04	-3.897772e-03	-2.229763e-03	-1.668010e-03
7             	7.358585e-01	3.697682e-01	3.660903e-01	-7.823541e-01	-1.956316e-01	-5.867225e-01	1.955454e-01	1.838991e-03	-6.711990e-04	-3.864851e-03	-2.603624e-03	-1.261226e-03
8             	7.227285e-01	3.631112e-01	3.596173e-01	-7.785968e-01	-1.924840e-01	-5.861128e-01	1.968144e-01	1.746974e-03	-1.114120e-03	-3.609735e-03	-2.918988e-03	-6.907474e-04
9             	7.101660e-01	3.566514e-01	3.535146e-01	-7.626567e-01	-1.880995e-01	-5.745573e-01	1.932289e-01	1.568417e-03	-1.252114e-03	-3.743057e-03	-3.123643e-03	-6.194148e-04
10            	6.983854e-01	3.504748e-01	3.479106e-01	-7.348053e-01	-1.856279e-01	-5.491773e-01	1.817747e-01	1.282126e-03	-1.247786e-03	-3.947202e-03	-3.221387e-03	-7.258144e-04
11            	6.869512e-01	3.447023e-01	3.422489e-01	-7.050481e-01	-1.860677e-01	-5.189804e-01	1.664564e-01	1.226694e-03	-1.104020e-03	-4.308847e-03	-3.258443e-03	-1.050404e-03
12            	6.780776e-01	3.402713e-01	3.378063e-01	-6.729215e-01	-1.867178e-01	-4.862038e-01	1.497430e-01	1.232509e-03	-8.656481e-04	-4.118264e-03	-2.924780e-03	-1.193484e-03
13            	6.707826e-01	3.366964e-01	3.340862e-01	-6.450385e-01	-1.885262e-01	-4.565122e-01	1.339930e-01	1.305127e-03	-8.024849e-04	-3.558894e-03	-2.581932e-03	-9.769622e-04
14            	6.660088e-01	3.344728e-01	3.315360e-01	-6.124947e-01	-1.914633e-01	-4.210314e-01	1.147841e-01	1.468374e-03	-8.508075e-04	-3.095243e-03	-2.398429e-03	-6.968138e-04
15            	6.613344e-01	3.321718e-01	3.291626e-01	-5.953094e-01	-1.983115e-01	-3.969979e-01	9.934317e-02	1.504566e-03	-7.332021e-04	-1.927669e-03	-1.697037e-03	-2.306326e-04
16            	6.594404e-01	3.313138e-01	3.281266e-01	-5.804106e-01	-2.091990e-01	-3.712116e-01	8.100629e-02	1.593584e-03	-3.125396e-04	-1.337828e-03	-9.814534e-04	-3.563742e-04
17            	6.602242e-01	3.314430e-01	3.287812e-01	-5.647402e-01	-2.180052e-01	-3.467350e-01	6.436492e-02	1.330881e-03	1.780521e-04	-7.310765e-04	-1.874862e-04	-5.435903e-04
18            	6.631283e-01	3.325401e-01	3.305882e-01	-5.444833e-01	-2.222614e-01	-3.222220e-01	4.998030e-02	9.759902e-04	7.112169e-04	-1.386904e-04	6.418717e-04	-7.805621e-04
19            	6.675206e-01	3.344611e-01	3.330595e-01	-5.162894e-01	-2.200032e-01	-2.962862e-01	3.814151e-02	7.007963e-04	7.606100e-04	-4.152482e-05	7.398476e-04	-7.813725e-04
20            	6.729155e-01	3.369423e-01	3.359732e-01	-4.796858e-01	-2.094128e-01	-2.702730e-01	3.043009e-02	4.845509e-04	5.268054e-04	-6.273602e-04	2.131253e-04	-8.404855e-04
21            	6.785470e-01	3.394203e-01	3.391267e-01	-4.359345e-01	-1.894229e-01	-2.465115e-01	2.854432e-02	1.467522e-04	2.751016e-04	-1.883368e-03	-6.665824e-04	-1.216785e-03
22            	6.845910e-01	3.419869e-01	3.426040e-01	-3.812050e-01	-1.570360e-01	-2.241690e-01	3.356648e-02	-3.085672e-04	1.875025e-04	-2.770494e-03	-1.197745e-03	-1.572750e-03
23            	6.858294e-01	3.424836e-01	3.433457e-01	-3.449149e-01	-1.291639e-01	-2.157510e-01	4.329352e-02	-4.310498e-04	2.654701e-04	-2.913565e-03	-1.191312e-03	-1.722253e-03
24            	6.873078e-01	3.434632e-01	3.438446e-01	-3.118240e-01	-9.926400e-02	-2.125600e-01	5.664800e-02	-1.907117e-04	6.199977e-04	-2.124167e-03	-4.420857e-04	-1.682081e-03
25            	6.872214e-01	3.439041e-01	3.433172e-01	-2.899637e-01	-7.394335e-02	-2.160204e-01	7.103852e-02	2.934683e-04	1.296737e-03	-6.400906e-04	9.766913e-04	-1.616782e-03
26            	6.854455e-01	3.433221e-01	3.421234e-01	-2.773361e-01	-5.265364e-02	-2.246825e-01	8.601441e-02	5.993957e-04	2.412544e-03	1.893802e-03	3.359445e-03	-1.465643e-03
27            	6.824271e-01	3.419304e-01	3.404967e-01	-2.679414e-01	-3.199728e-02	-2.359441e-01	1.019734e-01	7.168022e-04	3.667527e-03	4.754620e-03	6.044837e-03	-1.290218e-03
28            	6.784189e-01	3.400190e-01	3.383999e-01	-2.579935e-01	-1.097348e-02	-2.470200e-01	1.180233e-01	8.095752e-04	4.526720e-03	6.907470e-03	7.980455e-03	-1.072985e-03
29            	6.738180e-01	3.378191e-01	3.359989e-01	-2.458007e-01	8.240633e-03	-2.540414e-01	1.311410e-01	9.100855e-04	4.743708e-03	7.766618e-03	8.627017e-03	-8.603990e-04
30            	6.686410e-01	3.355167e-01	3.331243e-01	-2.322558e-01	2.272646e-02	-2.549823e-01	1.388544e-01	1.196232e-03	4.184095e-03	7.117810e-03	7.743000e-03	-6.251893e-04
31            	6.626403e-01	3.328075e-01	3.298328e-01	-2.101527e-01	3.645372e-02	-2.466064e-01	1.415301e-01	1.487368e-03	2.806242e-03	5.403364e-03	5.507924e-03	-1.045600e-04
32            	6.571100e-01	3.305716e-01	3.265384e-01	-1.936847e-01	4.464507e-02	-2.383297e-01	1.414874e-01	2.016582e-03	1.619902e-03	2.704659e-03	2.972231e-03	-2.675725e-04
33            	6.531716e-01	3.287865e-01	3.243851e-01	-1.616936e-01	5.952248e-02	-2.212161e-01	1.403693e-01	2.200664e-03	2.418821e-04	6.378785e-04	5.608214e-04	7.705709e-05
34            	6.511749e-01	3.280105e-01	3.231644e-01	-1.426446e-01	6.531117e-02	-2.079558e-01	1.366335e-01	2.423053e-03	-6.731496e-04	-1.344451e-03	-1.345375e-03	9.239148e-07
35            	6.494853e-01	3.272200e-01	3.222653e-01	-1.324358e-01	6.351448e-02	-1.959503e-01	1.297324e-01	2.477374e-03	-1.032127e-03	-3.053720e-03	-2.558987e-03	-4.947334e-04
36            	6.472602e-01	3.260399e-01	3.212203e-01	-1.074267e-01	6.847122e-02	-1.758980e-01	1.221846e-01	2.409778e-03	-1.435582e-03	-4.855568e-03	-3.863367e-03	-9.922015e-04
37            	6.462522e-01	3.250051e-01	3.212471e-01	-1.040073e-01	5.905990e-02	-1.630672e-01	1.110635e-01	1.878972e-03	-1.489381e-03	-5.052085e-03	-4.015424e-03	-1.036661e-03
38            	6.443982e-01	3.234935e-01	3.209047e-01	-9.581007e-02	4.948382e-02	-1.452939e-01	9.738885e-02	1.294422e-03	-1.901380e-03	-5.107472e-03	-4.455116e-03	-6.523565e-04
39            	6.428406e-01	3.223618e-01	3.204788e-01	-9.908879e-02	3.408893e-02	-1.331777e-01	8.363332e-02	9.415294e-04	-2.012540e-03	-4.701359e-03	-4.363220e-03	-3.381389e-04
40            	6.401540e-01	3.209829e-01	3.191711e-01	-1.037202e-01	1.575574e-02	-1.194759e-01	6.761584e-02	9.059281e-04	-2.487714e-03	-4.676353e-03	-4.825891e-03	1.495379e-04
41            	6.363978e-01	3.193623e-01	3.170355e-01	-1.095052e-01	-3.702235e-03	-1.058030e-01	5.105038e-02	1.163385e-03	-3.208916e-03	-4.888039e-03	-5.652936e-03	7.648964e-04
42            	6.319461e-01	3.175578e-01	3.143883e-01	-1.179797e-01	-2.453830e-02	-9.344141e-02	3.445156e-02	1.584771e-03	-3.970130e-03	-5.365631e-03	-6.652945e-03	1.287314e-03
43            	6.264940e-01	3.153282e-01	3.111658e-01	-1.312139e-01	-4.655265e-02	-8.466127e-02	1.905431e-02	2.081173e-03	-4.558216e-03	-6.305237e-03	-7.710834e-03	1.405597e-03
44            	6.192596e-01	3.121373e-01	3.071223e-01	-1.497579e-01	-6.912494e-02	-8.063294e-02	5.754000e-03	2.507500e-03	-4.902844e-03	-7.740055e-03	-8.772872e-03	1.032817e-03
45            	6.101172e-01	3.076994e-01	3.024178e-01	-1.710956e-01	-9.132624e-02	-7.976931e-02	-5.778462e-03	2.640814e-03	-4.878643e-03	-8.963864e-03	-9.360575e-03	3.967112e-04
46            	5.994217e-01	3.021219e-01	2.972998e-01	-1.926462e-01	-1.120836e-01	-8.056264e-02	-1.576048e-02	2.411089e-03	-4.489293e-03	-9.552212e-03	-9.265399e-03	-2.868129e-04
47            	5.876710e-01	2.958979e-01	2.917731e-01	-2.118597e-01	-1.303368e-01	-8.152293e-02	-2.440691e-02	2.062431e-03	-3.967797e-03	-9.835704e-03	-8.885649e-03	-9.500543e-04
48            	5.749539e-01	2.891850e-01	2.857690e-01	-2.266768e-01	-1.449916e-01	-8.168520e-02	-3.165321e-02	1.708008e-03	-3.543926e-03	-1.028075e-02	-8.684304e-03	-1.596451e-03
49            	5.614239e-01	2.820643e-01	2.793596e-01	-2.362941e-01	-1.556204e-01	-8.067368e-02	-3.747337e-02	1.352369e-03	-3.213121e-03	-1.086476e-02	-8.645501e-03	-2.219260e-03
50            	5.480212e-01	2.750205e-01	2.730007e-01	-2.415173e-01	-1.622783e-01	-7.923900e-02	-4.151965e-02	1.009882e-03	-2.925305e-03	-1.147132e-02	-8.660964e-03	-2.810354e-03
51            	5.357167e-01	2.686443e-01	2.670724e-01	-2.445672e-01	-1.655204e-01	-7.904683e-02	-4.323677e-02	7.859416e-04	-2.661570e-03	-1.187377e-02	-8.598455e-03	-3.275316e-03
52            	5.252115e-01	2.633799e-01	2.618316e-01	-2.475549e-01	-1.665473e-01	-8.100761e-02	-4.276986e-02	7.741365e-04	-2.372755e-03	-1.206786e-02	-8.406686e-03	-3.661175e-03
53            	5.164686e-01	2.592239e-01	2.572447e-01	-2.512081e-01	-1.665238e-01	-8.468426e-02	-4.091979e-02	9.895822e-04	-2.133409e-03	-1.196203e-02	-8.114424e-03	-3.847606e-03
54            	5.090724e-01	2.558221e-01	2.532503e-01	-2.557337e-01	-1.661056e-01	-8.962810e-02	-3.823877e-02	1.285907e-03	-2.014426e-03	-1.137146e-02	-7.700155e-03	-3.671303e-03
55            	5.027937e-01	2.530516e-01	2.497421e-01	-2.610534e-01	-1.648619e-01	-9.619153e-02	-3.433517e-02	1.654742e-03	-1.971633e-03	-1.022016e-02	-7.081713e-03	-3.138447e-03
56            	4.969302e-01	2.505805e-01	2.463498e-01	-2.654352e-01	-1.616237e-01	-1.038115e-01	-2.890610e-02	2.115346e-03	-2.022060e-03	-8.997044e-03	-6.520582e-03	-2.476462e-03
57            	4.916533e-01	2.484306e-01	2.432226e-01	-2.677287e-01	-1.552043e-01	-1.125244e-01	-2.133995e-02	2.604001e-03	-2.006339e-03	-8.200151e-03	-6.106414e-03	-2.093737e-03
58            	4.871170e-01	2.465534e-01	2.405637e-01	-2.673169e-01	-1.459291e-01	-1.213878e-01	-1.227065e-02	2.994834e-03	-1.877071e-03	-8.101453e-03	-5.927798e-03	-2.173655e-03
59            	4.835429e-01	2.449934e-01	2.385495e-01	-2.651148e-01	-1.350587e-01	-1.300561e-01	-2.501298e-03	3.221973e-03	-1.659154e-03	-8.495147e-03	-5.906727e-03	-2.588419e-03
60            	4.807344e-01	2.437219e-01	2.370125e-01	-2.627386e-01	-1.239249e-01	-1.388138e-01	7.444458e-03	3.354695e-03	-1.369455e-03	-9.150651e-03	-5.944781e-03	-3.205870e-03
61            	4.785794e-01	2.428019e-01	2.357775e-01	-2.595558e-01	-1.126469e-01	-1.469089e-01	1.713098e-02	3.512209e-03	-9.376452e-04	-1.005714e-02	-5.966217e-03	-4.090926e-03
62            	4.766180e-01	2.420270e-01	2.345910e-01	-2.536458e-01	-1.006460e-01	-1.529998e-01	2.617692e-02	3.717957e-03	-4.034088e-04	-1.114154e-02	-5.974179e-03	-5.167362e-03
63            	4.745588e-01	2.411642e-01	2.333946e-01	-2.443206e-01	-8.813808e-02	-1.561825e-01	3.402222e-02	3.884765e-03	8.095053e-05	-1.213778e-02	-5.987941e-03	-6.149842e-03
64            	4.725415e-01	2.401794e-01	2.323621e-01	-2.328321e-01	-7.617448e-02	-1.566576e-01	4.024156e-02	3.908654e-03	4.332629e-04	-1.239188e-02	-5.762678e-03	-6.629204e-03
65            	4.709574e-01	2.392753e-01	2.316820e-01	-2.210733e-01	-6.546786e-02	-1.556055e-01	4.506882e-02	3.796661e-03	8.100613e-04	-1.148282e-02	-4.931351e-03	-6.551473e-03
66            	4.701662e-01	2.387177e-01	2.314486e-01	-2.106990e-01	-5.673373e-02	-1.539652e-01	4.861575e-02	3.634565e-03	1.503508e-03	-9.544255e-03	-3.268620e-03	-6.275635e-03
67            	4.703373e-01	2.385933e-01	2.317440e-01	-2.025764e-01	-5.066454e-02	-1.519119e-01	5.062366e-02	3.424685e-03	2.714606e-03	-6.714333e-03	-6.425609e-04	-6.071773e-03
68            	4.714948e-01	2.388609e-01	2.326339e-01	-1.970583e-01	-4.752986e-02	-1.495285e-01	5.099931e-02	3.113529e-03	4.394229e-03	-3.253254e-03	2.767602e-03	-6.020856e-03
69            	4.734797e-01	2.393386e-01	2.341410e-01	-1.948940e-01	-4.772422e-02	-1.471697e-01	4.972276e-02	2.598811e-03	6.292143e-03	6.203108e-04	6.602298e-03	-5.981987e-03
70            	4.757592e-01	2.397253e-01	2.360339e-01	-1.957189e-01	-5.123107e-02	-1.444878e-01	4.662837e-02	1.845668e-03	8.146630e-03	4.660184e-03	1.047672e-02	-5.816538e-03
71            	4.773874e-01	2.396733e-01	2.377140e-01	-1.977847e-01	-5.647551e-02	-1.413092e-01	4.241683e-02	9.796523e-04	9.815535e-03	8.413719e-03	1.402239e-02	-5.608676e-03
72            	4.775786e-01	2.389369e-01	2.386418e-01	-1.992809e-01	-6.148810e-02	-1.377928e-01	3.815235e-02	1.475591e-04	1.105929e-02	1.172865e-02	1.692362e-02	-5.194967e-03
73            	4.759562e-01	2.373307e-01	2.386255e-01	-1.998557e-01	-6.555888e-02	-1.342969e-01	3.436899e-02	-6.474161e-04	1.175141e-02	1.449716e-02	1.899999e-02	-4.502835e-03
74            	4.727720e-01	2.350396e-01	2.377325e-01	-2.007103e-01	-6.909150e-02	-1.316188e-01	3.126364e-02	-1.346439e-03	1.183231e-02	1.645487e-02	2.005974e-02	-3.604873e-03
75            	4.685793e-01	2.324221e-01	2.361572e-01	-2.032800e-01	-7.269226e-02	-1.305877e-01	2.894774e-02	-1.867513e-03	1.130503e-02	1.723325e-02	1.992166e-02	-2.688407e-03
76            	4.638822e-01	2.299063e-01	2.339759e-01	-2.084868e-01	-7.729989e-02	-1.311869e-01	2.694349e-02	-2.034798e-03	1.030227e-02	1.675662e-02	1.868058e-02	-1.923957e-03
77            	4.588185e-01	2.276196e-01	2.311989e-01	-2.151418e-01	-8.279375e-02	-1.323480e-01	2.477713e-02	-1.789641e-03	8.907046e-03	1.522247e-02	1.651828e-02	-1.295811e-03
78            	4.537351e-01	2.256694e-01	2.280657e-01	-2.217916e-01	-8.886962e-02	-1.329220e-01	2.202620e-02	-1.198145e-03	7.347161e-03	1.305156e-02	1.387294e-02	-8.213810e-04
79            	4.488942e-01	2.239504e-01	2.249438e-01	-2.273467e-01	-9.527812e-02	-1.320685e-01	1.839520e-02	-4.966582e-04	5.862890e-03	1.082460e-02	1.127519e-02	-4.505895e-04
80            	4.446870e-01	2.224929e-01	2.221941e-01	-2.313237e-01	-1.019401e-01	-1.293836e-01	1.372174e-02	1.494209e-04	4.641229e-03	9.114021e-03	9.198239e-03	-8.421815e-05
81            	4.413784e-01	2.212132e-01	2.201652e-01	-2.327712e-01	-1.078127e-01	-1.249585e-01	8.572902e-03	5.240166e-04	3.804928e-03	8.011273e-03	7.810565e-03	2.007084e-04
82            	4.390415e-01	2.200940e-01	2.189476e-01	-2.309390e-01	-1.117996e-01	-1.191395e-01	3.669958e-03	5.732107e-04	3.408422e-03	7.551127e-03	7.183985e-03	3.671417e-04
83            	4.376066e-01	2.190285e-01	2.185781e-01	-2.257151e-01	-1.129137e-01	-1.128014e-01	-5.617097e-05	2.252273e-04	3.352168e-03	7.656345e-03	7.180340e-03	4.760040e-04
84            	4.368499e-01	2.180190e-01	2.188309e-01	-2.180574e-01	-1.111974e-01	-1.068600e-01	-2.168726e-03	-4.059233e-04	3.482753e-03	8.254567e-03	7.610037e-03	6.445303e-04
85            	4.363943e-01	2.169588e-01	2.194355e-01	-2.089457e-01	-1.070858e-01	-1.018599e-01	-2.612938e-03	-1.238314e-03	3.564523e-03	9.171200e-03	8.150123e-03	1.021077e-03
86            	4.358361e-01	2.158581e-01	2.199780e-01	-1.990967e-01	-1.014618e-01	-9.763493e-02	-1.913436e-03	-2.059941e-03	3.442030e-03	1.008554e-02	8.484801e-03	1.600741e-03
87            	4.350041e-01	2.147685e-01	2.202356e-01	-1.895367e-01	-9.511646e-02	-9.442028e-02	-3.480851e-04	-2.733545e-03	3.069200e-03	1.043710e-02	8.287752e-03	2.149352e-03
88            	4.339439e-01	2.139384e-01	2.200056e-01	-1.816728e-01	-8.915641e-02	-9.251641e-02	1.679997e-03	-3.033591e-03	2.578779e-03	9.550909e-03	7.354233e-03	2.196676e-03
89            	4.327502e-01	2.134834e-01	2.192668e-01	-1.770416e-01	-8.461366e-02	-9.242795e-02	3.907143e-03	-2.891669e-03	2.008332e-03	7.197902e-03	5.607283e-03	1.590619e-03
90            	4.315996e-01	2.134887e-01	2.181109e-01	-1.760269e-01	-8.227298e-02	-9.375392e-02	5.740472e-03	-2.311102e-03	1.393726e-03	3.854785e-03	3.321119e-03	5.336659e-04
91            	4.306289e-01	2.139040e-01	2.167249e-01	-1.766255e-01	-8.108450e-02	-9.554104e-02	7.228272e-03	-1.410441e-03	6.774844e-04	1.773279e-04	7.661483e-04	-5.888204e-04
92            	4.300575e-01	2.146897e-01	2.153678e-01	-1.766683e-01	-7.988006e-02	-9.678825e-02	8.454096e-03	-3.390341e-04	-7.575853e-05	-3.152478e-03	-1.651997e-03	-1.500480e-03
93            	4.302983e-01	2.157388e-01	2.145595e-01	-1.755587e-01	-7.853952e-02	-9.701914e-02	9.239808e-03	5.896511e-04	-8.958166e-04	-5.483099e-03	-3.637366e-03	-1.845733e-03
94            	4.316274e-01	2.170890e-01	2.145384e-01	-1.742391e-01	-7.806325e-02	-9.617584e-02	9.056298e-03	1.275291e-03	-1.890396e-03	-6.517636e-03	-5.149214e-03	-1.368422e-03
95            	4.338586e-01	2.187906e-01	2.150680e-01	-1.744069e-01	-7.926909e-02	-9.513782e-02	7.934366e-03	1.861260e-03	-3.148632e-03	-6.402902e-03	-6.350083e-03	-5.281961e-05
96            	4.361749e-01	2.205627e-01	2.156122e-01	-1.764012e-01	-8.221861e-02	-9.418259e-02	5.981988e-03	2.475232e-03	-4.683370e-03	-5.285269e-03	-7.326005e-03	2.040735e-03
97            	4.377377e-01	2.218731e-01	2.158646e-01	-1.795584e-01	-8.693491e-02	-9.262344e-02	2.844268e-03	3.004242e-03	-6.318065e-03	-3.623013e-03	-8.129572e-03	4.506559e-03
98            	4.379939e-01	2.224143e-01	2.155796e-01	-1.833916e-01	-9.365479e-02	-8.973677e-02	-1.959010e-03	3.417398e-03	-7.582621e-03	-2.320700e-03	-8.742971e-03	6.422271e-03
99            	4.368029e-01	2.220963e-01	2.147066e-01	-1.874578e-01	-1.020494e-01	-8.540843e-02	-8.320486e-03	3.694821e-03	-8.270160e-03	-2.100996e-03	-9.320658e-03	7.219662e-03
100           	4.341942e-01	2.209902e-01	2.132040e-01	-1.917064e-01	-1.116186e-01	-8.008785e-02	-1.576537e-02	3.893118e-03	-8.375530e-03	-3.166710e-03	-9.958885e-03	6.792175e-03
101           	4.305459e-01	2.192814e-01	2.112645e-01	-1.966028e-01	-1.218311e-01	-7.477175e-02	-2.352967e-02	4.008430e-03	-8.021667e-03	-5.337043e-03	-1.069019e-02	5.353146e-03
102           	4.264329e-01	2.173437e-01	2.090892e-01	-2.022506e-01	-1.319855e-01	-7.026511e-02	-3.086021e-02	4.127254e-03	-7.332129e-03	-8.016957e-03	-1.134061e-02	3.323651e-03
103           	4.225928e-01	2.154406e-01	2.071523e-01	-2.082968e-01	-1.415607e-01	-6.673606e-02	-3.741234e-02	4.144156e-03	-6.582895e-03	-1.048286e-02	-1.182432e-02	1.341465e-03
104           	4.195458e-01	2.139038e-01	2.056419e-01	-2.138272e-01	-1.497615e-01	-6.406573e-02	-4.284787e-02	4.130952e-03	-5.982857e-03	-1.238081e-02	-1.217326e-02	-2.075463e-04
105           	4.174522e-01	2.128093e-01	2.046429e-01	-2.180645e-01	-1.558587e-01	-6.220581e-02	-4.682646e-02	4.083173e-03	-5.665144e-03	-1.367713e-02	-1.250371e-02	-1.173422e-03
106           	4.161304e-01	2.121321e-01	2.039984e-01	-2.205168e-01	-1.594328e-01	-6.108403e-02	-4.917438e-02	4.066864e-03	-5.549949e-03	-1.439455e-02	-1.274723e-02	-1.647327e-03
107           	4.154863e-01	2.117129e-01	2.037734e-01	-2.208738e-01	-1.601075e-01	-6.076633e-02	-4.967059e-02	3.969767e-03	-5.540651e-03	-1.449574e-02	-1.278852e-02	-1.707221e-03
108           	4.156584e-01	2.116821e-01	2.039763e-01	-2.189994e-01	-1.577623e-01	-6.123703e-02	-4.826266e-02	3.852874e-03	-5.485035e-03	-1.405685e-02	-1.251346e-02	-1.543389e-03
109           	4.166461e-01	2.120187e-01	2.046274e-01	-2.153587e-01	-1.527865e-01	-6.257224e-02	-4.510713e-02	3.695640e-03	-5.368015e-03	-1.330791e-02	-1.202197e-02	-1.285938e-03
110           	4.181265e-01	2.127022e-01	2.054243e-01	-2.106902e-01	-1.461174e-01	-6.457280e-02	-4.077230e-02	3.638950e-03	-5.240900e-03	-1.257737e-02	-1.152958e-02	-1.047783e-03
111           	4.196681e-01	2.134660e-01	2.062021e-01	-2.059457e-01	-1.389761e-01	-6.696957e-02	-3.600328e-02	3.631937e-03	-5.198491e-03	-1.216562e-02	-1.128130e-02	-8.843185e-04
112           	4.209046e-01	2.141211e-01	2.067835e-01	-2.014649e-01	-1.323574e-01	-6.910747e-02	-3.162497e-02	3.668792e-03	-5.239847e-03	-1.225202e-02	-1.136586e-02	-8.861652e-04
113           	4.215224e-01	2.144071e-01	2.071153e-01	-1.975768e-01	-1.268057e-01	-7.077113e-02	-2.801729e-02	3.645893e-03	-5.436464e-03	-1.290847e-02	-1.189070e-02	-1.017771e-03
114           	4.213211e-01	2.143745e-01	2.069466e-01	-1.937063e-01	-1.218493e-01	-7.185700e-02	-2.499616e-02	3.713922e-03	-5.773656e-03	-1.423233e-02	-1.288982e-02	-1.342511e-03
115           	4.202041e-01	2.140787e-01	2.061255e-01	-1.894994e-01	-1.168274e-01	-7.267206e-02	-2.207766e-02	3.976606e-03	-6.216989e-03	-1.638631e-02	-1.441014e-02	-1.976165e-03
116           	4.181870e-01	2.136733e-01	2.045137e-01	-1.856861e-01	-1.124872e-01	-7.319893e-02	-1.964412e-02	4.579797e-03	-6.815840e-03	-1.943584e-02	-1.653376e-02	-2.902079e-03
117           	4.157333e-01	2.132044e-01	2.025289e-01	-1.841129e-01	-1.105897e-01	-7.352323e-02	-1.853322e-02	5.337709e-03	-7.455702e-03	-2.299651e-02	-1.895396e-02	-4.042552e-03
118           	4.132510e-01	2.127812e-01	2.004697e-01	-1.841146e-01	-1.105817e-01	-7.353293e-02	-1.852437e-02	6.155763e-03	-8.039105e-03	-2.663504e-02	-2.135662e-02	-5.278413e-03
119           	4.113381e-01	2.125398e-01	1.987983e-01	-1.846592e-01	-1.115916e-01	-7.306765e-02	-1.926197e-02	6.870730e-03	-8.538657e-03	-3.000985e-02	-2.354358e-02	-6.466266e-03
120           	4.105549e-01	2.127593e-01	1.977956e-01	-1.845322e-01	-1.128934e-01	-7.163877e-02	-2.062732e-02	7.481875e-03	-8.947161e-03	-3.291716e-02	-2.540574e-02	-7.511421e-03
121           	4.111165e-01	2.135000e-01	1.976165e-01	-1.834341e-01	-1.141321e-01	-6.930201e-02	-2.241504e-02	7.941724e-03	-9.261876e-03	-3.524298e-02	-2.688337e-02	-8.359615e-03
122           	4.125509e-01	2.146244e-01	1.979265e-01	-1.817212e-01	-1.155817e-01	-6.613954e-02	-2.472107e-02	8.348961e-03	-9.560661e-03	-3.697859e-02	-2.804996e-02	-8.928636e-03
123           	4.143507e-01	2.157985e-01	1.985522e-01	-1.798317e-01	-1.174686e-01	-6.236318e-02	-2.755269e-02	8.623182e-03	-9.962479e-03	-3.812430e-02	-2.902463e-02	-9.099669e-03
124           	4.156874e-01	2.166704e-01	1.990170e-01	-1.784129e-01	-1.198226e-01	-5.859024e-02	-3.061620e-02	8.826709e-03	-1.059522e-02	-3.862241e-02	-2.990642e-02	-8.715986e-03
125           	4.162707e-01	2.170614e-01	1.992093e-01	-1.779407e-01	-1.229617e-01	-5.497901e-02	-3.399133e-02	8.926019e-03	-1.140397e-02	-3.844497e-02	-3.062645e-02	-7.818513e-03
126           	4.158594e-01	2.169935e-01	1.988659e-01	-1.777529e-01	-1.267314e-01	-5.102147e-02	-3.785496e-02	9.063803e-03	-1.214402e-02	-3.751326e-02	-3.090065e-02	-6.612605e-03
127           	4.146172e-01	2.166038e-01	1.980134e-01	-1.770841e-01	-1.309019e-01	-4.618222e-02	-4.235984e-02	9.295209e-03	-1.260943e-02	-3.582874e-02	-3.052380e-02	-5.304938e-03
128           	4.128568e-01	2.160758e-01	1.967810e-01	-1.755513e-01	-1.351382e-01	-4.041309e-02	-4.736253e-02	9.647383e-03	-1.265261e-02	-3.352999e-02	-2.941760e-02	-4.112384e-03
129           	4.108691e-01	2.153612e-01	1.955079e-01	-1.731914e-01	-1.388655e-01	-3.432586e-02	-5.226983e-02	9.926649e-03	-1.225279e-02	-3.070167e-02	-2.760362e-02	-3.098048e-03
130           	4.088020e-01	2.144340e-01	1.943680e-01	-1.706491e-01	-1.417607e-01	-2.888841e-02	-5.643612e-02	1.003300e-02	-1.135040e-02	-2.744268e-02	-2.507174e-02	-2.370938e-03
131           	4.068320e-01	2.132635e-01	1.935685e-01	-1.692224e-01	-1.435247e-01	-2.569767e-02	-5.891354e-02	9.847470e-03	-9.935535e-03	-2.392555e-02	-2.189831e-02	-2.027240e-03
132           	4.050566e-01	2.119141e-01	1.931424e-01	-1.698267e-01	-1.445690e-01	-2.525765e-02	-5.965568e-02	9.385862e-03	-8.083643e-03	-2.040706e-02	-1.828718e-02	-2.119888e-03
133           	4.033623e-01	2.103020e-01	1.930603e-01	-1.731688e-01	-1.454086e-01	-2.776014e-02	-5.882425e-02	8.620858e-03	-6.072738e-03	-1.735578e-02	-1.475063e-02	-2.605151e-03
134           	4.015241e-01	2.084947e-01	1.930295e-01	-1.788216e-01	-1.457354e-01	-3.308623e-02	-5.632458e-02	7.732584e-03	-4.233451e-03	-1.510523e-02	-1.178607e-02	-3.319166e-03
135           	3.995125e-01	2.066202e-01	1.928923e-01	-1.855649e-01	-1.446688e-01	-4.089610e-02	-5.188633e-02	6.863954e-03	-2.843610e-03	-1.387708e-02	-9.782149e-03	-4.094929e-03
136           	3.976306e-01	2.050502e-01	1.925804e-01	-1.922133e-01	-1.418024e-01	-5.041089e-02	-4.569575e-02	6.234874e-03	-2.002663e-03	-1.370872e-02	-8.857023e-03	-4.851698e-03
137           	3.955766e-01	2.037135e-01	1.918631e-01	-1.983172e-01	-1.375525e-01	-6.076468e-02	-3.839389e-02	5.925177e-03	-1.890597e-03	-1.436141e-02	-9.071300e-03	-5.290106e-03
138           	3.935178e-01	2.026921e-01	1.908257e-01	-2.035589e-01	-1.325216e-01	-7.103728e-02	-3.074218e-02	5.933236e-03	-2.487133e-03	-1.562036e-02	-1.029731e-02	-5.323045e-03
139           	3.916741e-01	2.019482e-01	1.897259e-01	-2.083964e-01	-1.276987e-01	-8.069773e-02	-2.350049e-02	6.111141e-03	-3.654327e-03	-1.738158e-02	-1.234512e-02	-5.036464e-03
140           	3.902136e-01	2.014818e-01	1.887317e-01	-2.134146e-01	-1.239347e-01	-8.947990e-02	-1.722741e-02	6.375034e-03	-5.198316e-03	-1.972886e-02	-1.506275e-02	-4.666116e-03
141           	3.892773e-01	2.012509e-01	1.880264e-01	-2.183014e-01	-1.211946e-01	-9.710686e-02	-1.204386e-02	6.612269e-03	-6.964235e-03	-2.270254e-02	-1.831550e-02	-4.387034e-03
142           	3.888613e-01	2.012839e-01	1.875775e-01	-2.219882e-01	-1.188778e-01	-1.031104e-01	-7.883700e-03	6.853197e-03	-8.811662e-03	-2.619665e-02	-2.190999e-02	-4.286662e-03
143           	3.889789e-01	2.015850e-01	1.873939e-01	-2.239836e-01	-1.168817e-01	-1.071019e-01	-4.889919e-03	7.095558e-03	-1.055840e-02	-2.981538e-02	-2.546609e-02	-4.349293e-03
144           	3.895610e-01	2.021119e-01	1.874491e-01	-2.247358e-01	-1.154249e-01	-1.093109e-01	-3.057012e-03	7.331409e-03	-1.208506e-02	-3.317400e-02	-2.867206e-02	-4.501941e-03
145           	3.904929e-01	2.027491e-01	1.877438e-01	-2.242875e-01	-1.142732e-01	-1.100143e-01	-2.129427e-03	7.502687e-03	-1.343359e-02	-3.599721e-02	-3.143220e-02	-4.565015e-03
146           	3.917850e-01	2.035388e-01	1.882462e-01	-2.226947e-01	-1.135098e-01	-1.091849e-01	-2.162461e-03	7.646323e-03	-1.461168e-02	-3.816984e-02	-3.369661e-02	-4.473237e-03
147           	3.932219e-01	2.043821e-01	1.888398e-01	-2.196020e-01	-1.131792e-01	-1.064227e-01	-3.378254e-03	7.771136e-03	-1.565458e-02	-3.968737e-02	-3.549826e-02	-4.189104e-03
148           	3.945762e-01	2.052006e-01	1.893756e-01	-2.154380e-01	-1.137029e-01	-1.017351e-01	-5.983945e-03	7.912470e-03	-1.648963e-02	-4.044667e-02	-3.671297e-02	-3.733707e-03
149           	3.957507e-01	2.059228e-01	1.898279e-01	-2.105053e-01	-1.151427e-01	-9.536259e-02	-9.890051e-03	8.047465e-03	-1.707445e-02	-4.046240e-02	-3.730565e-02	-3.156749e-03
150           	3.965840e-01	2.065257e-01	1.900584e-01	-2.052185e-01	-1.176005e-01	-8.761801e-02	-1.499126e-02	8.233641e-03	-1.745588e-02	-3.993151e-02	-3.742164e-02	-2.509874e-03
151           	3.966662e-01	2.067379e-01	1.899283e-01	-1.997697e-01	-1.210587e-01	-7.871104e-02	-2.117383e-02	8.404778e-03	-1.765455e-02	-3.890462e-02	-3.710686e-02	-1.797761e-03
152           	3.958035e-01	2.064727e-01	1.893309e-01	-1.945381e-01	-1.254461e-01	-6.909198e-02	-2.817705e-02	8.570920e-03	-1.764157e-02	-3.743461e-02	-3.635888e-02	-1.075732e-03
153           	3.941217e-01	2.056760e-01	1.884457e-01	-1.900234e-01	-1.302036e-01	-5.981981e-02	-3.519187e-02	8.615123e-03	-1.733365e-02	-3.555368e-02	-3.511049e-02	-4.431916e-04
154           	3.920061e-01	2.045315e-01	1.874746e-01	-1.872502e-01	-1.346224e-01	-5.262781e-02	-4.099727e-02	8.528476e-03	-1.660310e-02	-3.310044e-02	-3.315332e-02	5.287612e-05
155           	3.897353e-01	2.030793e-01	1.866560e-01	-1.868061e-01	-1.383227e-01	-4.848342e-02	-4.491962e-02	8.211654e-03	-1.540026e-02	-2.995805e-02	-3.037929e-02	4.212410e-04
156           	3.873652e-01	2.013631e-01	1.860021e-01	-1.885056e-01	-1.413445e-01	-4.716117e-02	-4.709165e-02	7.680479e-03	-1.376844e-02	-2.610462e-02	-2.682075e-02	7.161322e-04
157           	3.847944e-01	1.992434e-01	1.855509e-01	-1.922548e-01	-1.439759e-01	-4.827887e-02	-4.784854e-02	6.846247e-03	-1.185466e-02	-2.169771e-02	-2.270351e-02	1.005803e-03
158           	3.820572e-01	1.968422e-01	1.852150e-01	-1.976735e-01	-1.462219e-01	-5.145157e-02	-4.738517e-02	5.813573e-03	-9.708888e-03	-1.712240e-02	-1.827009e-02	1.147689e-03
159           	3.793904e-01	1.943473e-01	1.850431e-01	-2.042425e-01	-1.478968e-01	-5.634569e-02	-4.577557e-02	4.652055e-03	-7.390261e-03	-1.280468e-02	-1.379260e-02	9.879233e-04
160           	3.772293e-01	1.920760e-01	1.851533e-01	-2.117250e-01	-1.492026e-01	-6.252241e-02	-4.334008e-02	3.461346e-03	-4.906139e-03	-8.787568e-03	-9.299923e-03	5.123550e-04
161           	3.759510e-01	1.901882e-01	1.857629e-01	-2.198831e-01	-1.502568e-01	-6.962632e-02	-4.031523e-02	2.212639e-03	-2.334104e-03	-5.050359e-03	-4.859283e-03	-1.910758e-04
162           	3.756523e-01	1.888398e-01	1.868125e-01	-2.284733e-01	-1.512501e-01	-7.722314e-02	-3.701350e-02	1.013680e-03	2.692271e-04	-1.646440e-03	-5.539927e-04	-1.092447e-03
163           	3.762674e-01	1.880217e-01	1.882457e-01	-2.369377e-01	-1.520350e-01	-8.490264e-02	-3.356619e-02	-1.120467e-04	2.719951e-03	1.228945e-03	3.334423e-03	-2.105479e-03
164           	3.775968e-01	1.877927e-01	1.898041e-01	-2.443909e-01	-1.525058e-01	-9.188510e-02	-3.031033e-02	-1.005673e-03	4.771799e-03	3.279321e-03	6.411459e-03	-3.132138e-03
165           	3.795025e-01	1.880866e-01	1.914159e-01	-2.499992e-01	-1.524968e-01	-9.750240e-02	-2.749720e-02	-1.664634e-03	6.281016e-03	4.622668e-03	8.592350e-03	-3.969682e-03
166           	3.819870e-01	1.889413e-01	1.930457e-01	-2.531599e-01	-1.516459e-01	-1.015140e-01	-2.506594e-02	-2.052227e-03	7.382022e-03	5.533639e-03	1.014884e-02	-4.615203e-03
167           	3.848627e-01	1.902349e-01	1.946278e-01	-2.533838e-01	-1.494943e-01	-1.038895e-01	-2.280237e-02	-2.196462e-03	8.120301e-03	6.142512e-03	1.119156e-02	-5.049045e-03
168           	3.878752e-01	1.918528e-01	1.960224e-01	-2.512243e-01	-1.464943e-01	-1.047300e-01	-2.088216e-02	-2.084791e-03	8.546467e-03	6.434712e-03	1.176382e-02	-5.329111e-03
169           	3.907836e-01	1.935160e-01	1.972675e-01	-2.474206e-01	-1.430351e-01	-1.043855e-01	-1.932477e-02	-1.875751e-03	8.580151e-03	6.642142e-03	1.190122e-02	-5.259080e-03
170           	3.933270e-01	1.950791e-01	1.982479e-01	-2.428446e-01	-1.397106e-01	-1.031340e-01	-1.828832e-02	-1.584423e-03	8.175362e-03	6.899186e-03	1.162496e-02	-4.725769e-03
171           	3.951600e-01	1.962630e-01	1.988969e-01	-2.377198e-01	-1.364803e-01	-1.012395e-01	-1.762040e-02	-1.316945e-03	7.357361e-03	7.104391e-03	1.090956e-02	-3.805166e-03
172           	3.959870e-01	1.969238e-01	1.990632e-01	-2.323557e-01	-1.334807e-01	-9.887506e-02	-1.730281e-02	-1.069681e-03	6.148892e-03	7.056918e-03	9.677351e-03	-2.620433e-03
173           	3.955740e-01	1.968275e-01	1.987465e-01	-2.270187e-01	-1.305976e-01	-9.642107e-02	-1.708826e-02	-9.594907e-04	4.536216e-03	6.716640e-03	7.894535e-03	-1.177896e-03
174           	3.939163e-01	1.959501e-01	1.979662e-01	-2.221451e-01	-1.282762e-01	-9.386892e-02	-1.720362e-02	-1.008083e-03	2.631969e-03	6.232147e-03	5.748043e-03	4.841043e-04
175           	3.909729e-01	1.942424e-01	1.967305e-01	-2.176275e-01	-1.269192e-01	-9.070832e-02	-1.810544e-02	-1.244051e-03	5.752188e-04	5.630277e-03	3.390357e-03	2.239920e-03
176           	3.869761e-01	1.919919e-01	1.949842e-01	-2.133781e-01	-1.269069e-01	-8.647124e-02	-2.021783e-02	-1.496155e-03	-1.400127e-03	4.909256e-03	1.054501e-03	3.854755e-03
177           	3.822336e-01	1.893838e-01	1.928498e-01	-2.091017e-01	-1.276587e-01	-8.144300e-02	-2.310787e-02	-1.732983e-03	-3.025087e-03	4.079891e-03	-9.851411e-04	5.065033e-03
178           	3.772021e-01	1.867719e-01	1.904303e-01	-2.054688e-01	-1.289753e-01	-7.649343e-02	-2.624094e-02	-1.829191e-03	-4.131599e-03	3.092560e-03	-2.585319e-03	5.677880e-03
179           	3.721992e-01	1.843341e-01	1.878651e-01	-2.033511e-01	-1.307937e-01	-7.255740e-02	-2.911814e-02	-1.765468e-03	-4.819938e-03	1.895043e-03	-3.872416e-03	5.767460e-03
180           	3.675322e-01	1.822328e-01	1.852994e-01	-2.034850e-01	-1.334293e-01	-7.005565e-02	-3.168685e-02	-1.533305e-03	-5.088738e-03	6.723727e-04	-4.752552e-03	5.424925e-03
181           	3.633210e-01	1.803699e-01	1.829511e-01	-2.055216e-01	-1.366198e-01	-6.890180e-02	-3.385899e-02	-1.290569e-03	-5.054385e-03	-3.756474e-04	-5.242209e-03	4.866562e-03
182           	3.596581e-01	1.787331e-01	1.809250e-01	-2.087749e-01	-1.399771e-01	-6.879784e-02	-3.558963e-02	-1.095947e-03	-4.775847e-03	-1.044554e-03	-5.298124e-03	4.253569e-03
183           	3.565280e-01	1.772288e-01	1.792992e-01	-2.122510e-01	-1.429569e-01	-6.929405e-02	-3.683144e-02	-1.035203e-03	-4.233043e-03	-1.298712e-03	-4.882399e-03	3.583688e-03
184           	3.540198e-01	1.759733e-01	1.780464e-01	-2.157687e-01	-1.454646e-01	-7.030412e-02	-3.758022e-02	-1.036547e-03	-3.438351e-03	-1.120054e-03	-3.998378e-03	2.878324e-03
185           	3.520688e-01	1.748558e-01	1.772130e-01	-2.191324e-01	-1.474865e-01	-7.164583e-02	-3.792035e-02	-1.178582e-03	-2.503389e-03	-6.357957e-04	-2.821287e-03	2.185491e-03
186           	3.507803e-01	1.740312e-01	1.767491e-01	-2.223182e-01	-1.490444e-01	-7.327382e-02	-3.788527e-02	-1.358921e-03	-1.462700e-03	2.174955e-05	-1.451825e-03	1.473575e-03
187           	3.502421e-01	1.735903e-01	1.766518e-01	-2.246903e-01	-1.498417e-01	-7.484864e-02	-3.749652e-02	-1.530722e-03	-4.115223e-04	6.640465e-04	-7.949910e-05	7.435456e-04
188           	3.505272e-01	1.737477e-01	1.767795e-01	-2.258123e-01	-1.497649e-01	-7.604745e-02	-3.685872e-02	-1.515893e-03	6.224242e-04	1.227668e-03	1.236258e-03	-8.590066e-06
189           	3.515832e-01	1.744559e-01	1.771273e-01	-2.251079e-01	-1.486276e-01	-7.648032e-02	-3.607364e-02	-1.335661e-03	1.597647e-03	1.827910e-03	2.511602e-03	-6.836917e-04
190           	3.535231e-01	1.757556e-01	1.777675e-01	-2.226116e-01	-1.465703e-01	-7.604128e-02	-3.526451e-02	-1.005946e-03	2.582942e-03	2.715475e-03	3.940679e-03	-1.225204e-03
191           	3.563077e-01	1.774223e-01	1.788854e-01	-2.184815e-01	-1.437354e-01	-7.474614e-02	-3.449461e-02	-7.315207e-04	3.519257e-03	4.015117e-03	5.526815e-03	-1.511698e-03
192           	3.598869e-01	1.794017e-01	1.804852e-01	-2.133433e-01	-1.404370e-01	-7.290627e-02	-3.376537e-02	-5.417304e-04	4.311264e-03	5.605904e-03	7.114215e-03	-1.508312e-03
193           	3.639282e-01	1.814501e-01	1.824781e-01	-2.075578e-01	-1.370881e-01	-7.046968e-02	-3.330923e-02	-5.139798e-04	4.778036e-03	7.148112e-03	8.352092e-03	-1.203980e-03
194           	3.681780e-01	1.835756e-01	1.846024e-01	-2.019453e-01	-1.343343e-01	-6.761098e-02	-3.336168e-02	-5.134268e-04	4.773088e-03	8.267389e-03	8.906783e-03	-6.393934e-04
195           	3.721321e-01	1.855552e-01	1.865770e-01	-1.969064e-01	-1.326058e-01	-6.430057e-02	-3.415263e-02	-5.109147e-04	4.165785e-03	8.660831e-03	8.496200e-03	1.646306e-04
196           	3.754389e-01	1.873281e-01	1.881108e-01	-1.928959e-01	-1.322603e-01	-6.063558e-02	-3.581236e-02	-3.913646e-04	2.986085e-03	8.250627e-03	7.111399e-03	1.139228e-03
197           	3.776296e-01	1.886402e-01	1.889894e-01	-1.899281e-01	-1.330768e-01	-5.685137e-02	-3.811270e-02	-1.746219e-04	1.391507e-03	7.114465e-03	4.948740e-03	2.165725e-03
198           	3.784412e-01	1.894019e-01	1.890393e-01	-1.875900e-01	-1.343812e-01	-5.320876e-02	-4.058624e-02	1.812777e-04	-3.854794e-04	5.383881e-03	2.306461e-03	3.077420e-03
199           	3.777432e-01	1.893987e-01	1.883445e-01	-1.848237e-01	-1.351616e-01	-4.966205e-02	-4.274979e-02	5.270858e-04	-2.131919e-03	3.286610e-03	-4.886146e-04	3.775224e-03
200           	3.757194e-01	1.887021e-01	1.870174e-01	-1.815517e-01	-1.351628e-01	-4.638896e-02	-4.438689e-02	8.423580e-04	-3.683312e-03	1.021177e-03	-3.172724e-03	4.193900e-03
201           	3.726055e-01	1.873203e-01	1.852852e-01	-1.785292e-01	-1.349504e-01	-4.357884e-02	-4.568577e-02	1.017537e-03	-5.029644e-03	-1.244957e-03	-5.652122e-03	4.407165e-03
202           	3.688248e-01	1.855294e-01	1.832954e-01	-1.767706e-01	-1.351120e-01	-4.165856e-02	-4.672674e-02	1.116993e-03	-6.080982e-03	-3.378950e-03	-7.770456e-03	4.391507e-03
203           	3.649759e-01	1.835732e-01	1.814027e-01	-1.771534e-01	-1.360855e-01	-4.106790e-02	-4.750881e-02	1.085245e-03	-6.798050e-03	-5.284892e-03	-9.440496e-03	4.155604e-03
204           	3.615535e-01	1.817879e-01	1.797656e-01	-1.799974e-01	-1.378881e-01	-4.210929e-02	-4.788939e-02	1.011138e-03	-7.109419e-03	-6.764067e-03	-1.049145e-02	3.727386e-03
205           	3.587616e-01	1.802178e-01	1.785438e-01	-1.849251e-01	-1.401798e-01	-4.474524e-02	-4.771729e-02	8.369572e-04	-7.114621e-03	-7.723109e-03	-1.097618e-02	3.253066e-03
206           	3.566082e-01	1.790013e-01	1.776069e-01	-1.908473e-01	-1.424317e-01	-4.841560e-02	-4.700807e-02	6.971694e-04	-6.808339e-03	-8.045944e-03	-1.083131e-02	2.785366e-03
207           	3.551844e-01	1.781701e-01	1.770143e-01	-1.965629e-01	-1.442152e-01	-5.234773e-02	-4.593371e-02	5.779067e-04	-6.244764e-03	-7.818631e-03	-1.015408e-02	2.335448e-03
208           	3.546368e-01	1.779126e-01	1.767242e-01	-2.012037e-01	-1.453113e-01	-5.589230e-02	-4.470952e-02	5.941937e-04	-5.431089e-03	-7.262683e-03	-9.062430e-03	1.799747e-03
209           	3.551908e-01	1.782606e-01	1.769302e-01	-2.045033e-01	-1.455803e-01	-5.892303e-02	-4.332864e-02	6.652264e-04	-4.471516e-03	-6.616807e-03	-7.779920e-03	1.163113e-03
210           	3.569946e-01	1.793340e-01	1.776607e-01	-2.066167e-01	-1.449672e-01	-6.164954e-02	-4.165882e-02	8.366612e-04	-3.391274e-03	-5.976054e-03	-6.379301e-03	4.032463e-04
211           	3.600207e-01	1.809556e-01	1.790651e-01	-2.080834e-01	-1.435546e-01	-6.452876e-02	-3.951294e-02	9.452692e-04	-2.232594e-03	-5.230741e-03	-4.847965e-03	-3.827763e-04
212           	3.639033e-01	1.829077e-01	1.809956e-01	-2.091249e-01	-1.415991e-01	-6.752583e-02	-3.703664e-02	9.560850e-04	-9.771423e-04	-4.148408e-03	-3.051346e-03	-1.097061e-03
213           	3.681883e-01	1.848837e-01	1.833047e-01	-2.098955e-01	-1.393554e-01	-7.054008e-02	-3.440767e-02	7.894899e-04	2.145616e-04	-2.712880e-03	-1.141879e-03	-1.571002e-03
214           	3.724606e-01	1.867283e-01	1.857323e-01	-2.100332e-01	-1.370315e-01	-7.300165e-02	-3.201494e-02	4.980361e-04	1.229548e-03	-9.802003e-04	7.394480e-04	-1.719648e-03
215           	3.762436e-01	1.881881e-01	1.880555e-01	-2.088887e-01	-1.343559e-01	-7.453281e-02	-2.991155e-02	6.630464e-05	1.942168e-03	8.756777e-04	2.380007e-03	-1.504329e-03
216           	3.792156e-01	1.892034e-01	1.900122e-01	-2.059953e-01	-1.311373e-01	-7.485792e-02	-2.813971e-02	-4.043968e-04	2.335577e-03	2.651348e-03	3.661252e-03	-1.009903e-03
217           	3.811108e-01	1.896038e-01	1.915071e-01	-2.011490e-01	-1.271871e-01	-7.396190e-02	-2.661258e-02	-9.516655e-04	2.426616e-03	4.178464e-03	4.515848e-03	-3.373843e-04
218           	3.817545e-01	1.893837e-01	1.923708e-01	-1.948446e-01	-1.228014e-01	-7.204323e-02	-2.537907e-02	-1.493557e-03	2.300458e-03	5.289811e-03	4.945363e-03	3.444473e-04
219           	3.810023e-01	1.885095e-01	1.924928e-01	-1.877145e-01	-1.183464e-01	-6.936806e-02	-2.448919e-02	-1.991615e-03	1.971344e-03	5.786485e-03	4.864587e-03	9.218987e-04
220           	3.790172e-01	1.872302e-01	1.917870e-01	-1.808464e-01	-1.144092e-01	-6.643713e-02	-2.398606e-02	-2.278389e-03	1.476889e-03	5.522823e-03	4.238301e-03	1.284522e-03
221           	3.759508e-01	1.856518e-01	1.902991e-01	-1.749645e-01	-1.113369e-01	-6.362765e-02	-2.385461e-02	-2.323644e-03	7.589530e-04	4.477249e-03	2.997578e-03	1.479672e-03
222           	3.722201e-01	1.840280e-01	1.881921e-01	-1.707000e-01	-1.096108e-01	-6.108917e-02	-2.426083e-02	-2.082027e-03	-8.746403e-05	2.820285e-03	1.322679e-03	1.497607e-03
223           	3.681333e-01	1.824468e-01	1.856865e-01	-1.681361e-01	-1.094162e-01	-5.871987e-02	-2.534817e-02	-1.619886e-03	-1.022666e-03	7.451007e-04	-6.501157e-04	1.395216e-03
224           	3.640946e-01	1.810804e-01	1.830143e-01	-1.671538e-01	-1.106915e-01	-5.646230e-02	-2.711459e-02	-9.669368e-04	-1.975200e-03	-1.564084e-03	-2.757242e-03	1.193158e-03
225           	3.603504e-01	1.798963e-01	1.804541e-01	-1.676286e-01	-1.132236e-01	-5.440497e-02	-2.940934e-02	-2.788710e-04	-2.931247e-03	-3.840964e-03	-4.851729e-03	1.010765e-03
226           	3.571787e-01	1.789729e-01	1.782059e-01	-1.697245e-01	-1.166979e-01	-5.302662e-02	-3.183563e-02	3.834820e-04	-3.786056e-03	-5.855517e-03	-6.713814e-03	8.582970e-04
227           	3.547801e-01	1.783082e-01	1.764719e-01	-1.734262e-01	-1.207097e-01	-5.271650e-02	-3.399659e-02	9.181395e-04	-4.483668e-03	-7.489577e-03	-8.228457e-03	7.388799e-04
228           	3.533274e-01	1.780198e-01	1.753076e-01	-1.784212e-01	-1.249462e-01	-5.347498e-02	-3.573563e-02	1.356083e-03	-4.982987e-03	-8.777441e-03	-9.371708e-03	5.942670e-04
229           	3.527987e-01	1.780817e-01	1.747171e-01	-1.839075e-01	-1.290629e-01	-5.484461e-02	-3.710913e-02	1.682293e-03	-5.307501e-03	-9.694124e-03	-1.015456e-02	4.604389e-04
230           	3.530582e-01	1.785469e-01	1.745113e-01	-1.893788e-01	-1.330646e-01	-5.631419e-02	-3.837519e-02	2.017837e-03	-5.423770e-03	-1.042959e-02	-1.063856e-02	2.089757e-04
231           	3.538852e-01	1.793549e-01	1.745303e-01	-1.942289e-01	-1.367244e-01	-5.750457e-02	-3.960989e-02	2.412278e-03	-5.399755e-03	-1.122751e-02	-1.101351e-02	-2.139974e-04
232           	3.550942e-01	1.804716e-01	1.746225e-01	-1.981732e-01	-1.399115e-01	-5.826171e-02	-4.082490e-02	2.924547e-03	-5.307097e-03	-1.198398e-02	-1.129909e-02	-6.848906e-04
233           	3.564825e-01	1.816900e-01	1.747925e-01	-2.008442e-01	-1.421712e-01	-5.867308e-02	-4.174904e-02	3.448729e-03	-5.208411e-03	-1.252793e-02	-1.147238e-02	-1.055556e-03
234           	3.579185e-01	1.829055e-01	1.750130e-01	-2.020213e-01	-1.432190e-01	-5.880228e-02	-4.220837e-02	3.946240e-03	-4.976911e-03	-1.264433e-02	-1.129908e-02	-1.345256e-03
235           	3.592614e-01	1.839025e-01	1.753589e-01	-2.014370e-01	-1.426649e-01	-5.877216e-02	-4.194636e-02	4.271808e-03	-4.574701e-03	-1.229448e-02	-1.072194e-02	-1.572539e-03
236           	3.604817e-01	1.846750e-01	1.758067e-01	-1.994172e-01	-1.405993e-01	-5.881787e-02	-4.089072e-02	4.434166e-03	-3.974800e-03	-1.162527e-02	-9.787434e-03	-1.837833e-03
237           	3.614337e-01	1.851402e-01	1.762935e-01	-1.966157e-01	-1.374150e-01	-5.920075e-02	-3.910710e-02	4.423385e-03	-3.267700e-03	-1.089728e-02	-8.716342e-03	-2.180941e-03
238           	3.619479e-01	1.853250e-01	1.766229e-01	-1.936985e-01	-1.337855e-01	-5.991306e-02	-3.693620e-02	4.351034e-03	-2.547289e-03	-1.020796e-02	-7.651268e-03	-2.556691e-03
239           	3.619470e-01	1.851994e-01	1.767476e-01	-1.910156e-01	-1.302603e-01	-6.075529e-02	-3.475250e-02	4.225883e-03	-1.901153e-03	-9.618036e-03	-6.710171e-03	-2.907865e-03
240           	3.614532e-01	1.848588e-01	1.765944e-01	-1.883480e-01	-1.273170e-01	-6.103101e-02	-3.314298e-02	4.132179e-03	-1.365481e-03	-9.229341e-03	-5.980151e-03	-3.249190e-03
241           	3.606782e-01	1.843932e-01	1.762850e-01	-1.853551e-01	-1.250418e-01	-6.031322e-02	-3.236430e-02	4.054145e-03	-1.022908e-03	-9.144290e-03	-5.595053e-03	-3.549237e-03
242           	3.598274e-01	1.839333e-01	1.758941e-01	-1.817998e-01	-1.233921e-01	-5.840770e-02	-3.249222e-02	4.019580e-03	-8.978772e-04	-9.350063e-03	-5.572909e-03	-3.777155e-03
243           	3.590113e-01	1.834493e-01	1.755620e-01	-1.779042e-01	-1.223177e-01	-5.558649e-02	-3.336559e-02	3.943644e-03	-1.021520e-03	-9.758502e-03	-5.900771e-03	-3.857731e-03
244           	3.583625e-01	1.830206e-01	1.753419e-01	-1.743204e-01	-1.220543e-01	-5.226613e-02	-3.489407e-02	3.839358e-03	-1.396512e-03	-1.026161e-02	-6.527316e-03	-3.734292e-03
245           	3.579034e-01	1.826154e-01	1.752879e-01	-1.717816e-01	-1.227278e-01	-4.905377e-02	-3.683702e-02	3.663761e-03	-1.957930e-03	-1.078303e-02	-7.349443e-03	-3.433584e-03
246           	3.577224e-01	1.823921e-01	1.753303e-01	-1.709175e-01	-1.243455e-01	-4.657201e-02	-3.888673e-02	3.530880e-03	-2.574049e-03	-1.129987e-02	-8.223985e-03	-3.075887e-03
247           	3.578645e-01	1.823456e-01	1.755190e-01	-1.720640e-01	-1.267022e-01	-4.536177e-02	-4.067022e-02	3.413277e-03	-3.176893e-03	-1.173590e-02	-9.044846e-03	-2.691059e-03
248           	3.582874e-01	1.825039e-01	1.757835e-01	-1.755540e-01	-1.297326e-01	-4.582143e-02	-4.195559e-02	3.360209e-03	-3.748162e-03	-1.201056e-02	-9.753440e-03	-2.257117e-03
249           	3.586803e-01	1.826820e-01	1.759983e-01	-1.808392e-01	-1.330549e-01	-4.778437e-02	-4.263524e-02	3.341827e-03	-4.303530e-03	-1.215871e-02	-1.038289e-02	-1.775826e-03
250           	3.588805e-01	1.829118e-01	1.759687e-01	-1.870445e-01	-1.365930e-01	-5.045149e-02	-4.307077e-02	3.471554e-03	-4.758156e-03	-1.224468e-02	-1.088050e-02	-1.364184e-03
251           	3.590212e-01	1.831996e-01	1.758216e-01	-1.934818e-01	-1.399533e-01	-5.352849e-02	-4.321241e-02	3.689025e-03	-5.070728e-03	-1.232272e-02	-1.123209e-02	-1.090633e-03
252           	3.593424e-01	1.836653e-01	1.756770e-01	-1.996382e-01	-1.428653e-01	-5.677297e-02	-4.304615e-02	3.994147e-03	-5.160039e-03	-1.239858e-02	-1.135933e-02	-1.039253e-03
253           	3.598757e-01	1.841641e-01	1.757115e-01	-2.050979e-01	-1.448325e-01	-6.026540e-02	-4.228357e-02	4.226295e-03	-5.020118e-03	-1.241268e-02	-1.122646e-02	-1.186223e-03
254           	3.605593e-01	1.846889e-01	1.758704e-01	-2.095507e-01	-1.456989e-01	-6.385177e-02	-4.092356e-02	4.409223e-03	-4.634941e-03	-1.235978e-02	-1.081483e-02	-1.544949e-03
255           	3.612369e-01	1.850956e-01	1.761413e-01	-2.128121e-01	-1.453621e-01	-6.744993e-02	-3.895610e-02	4.477145e-03	-4.092649e-03	-1.220237e-02	-1.019383e-02	-2.008535e-03
256           	3.618160e-01	1.854063e-01	1.764097e-01	-2.148658e-01	-1.441287e-01	-7.073706e-02	-3.669583e-02	4.498299e-03	-3.449665e-03	-1.203524e-02	-9.467286e-03	-2.567956e-03
257           	3.622856e-01	1.855601e-01	1.767254e-01	-2.158298e-01	-1.421161e-01	-7.371371e-02	-3.420119e-02	4.417366e-03	-2.857463e-03	-1.187335e-02	-8.794136e-03	-3.079211e-03
258           	3.627428e-01	1.856695e-01	1.770733e-01	-2.158930e-01	-1.396872e-01	-7.620584e-02	-3.174067e-02	4.298097e-03	-2.349110e-03	-1.184055e-02	-8.269386e-03	-3.571166e-03
259           	3.631547e-01	1.856833e-01	1.774714e-01	-2.149113e-01	-1.370562e-01	-7.785504e-02	-2.960059e-02	4.105907e-03	-2.039423e-03	-1.195201e-02	-8.015429e-03	-3.936584e-03
260           	3.634520e-01	1.856337e-01	1.778183e-01	-2.131363e-01	-1.347096e-01	-7.842667e-02	-2.814146e-02	3.907731e-03	-2.016241e-03	-1.224623e-02	-8.139358e-03	-4.106876e-03
261           	3.635026e-01	1.855107e-01	1.779919e-01	-2.106347e-01	-1.328165e-01	-7.781829e-02	-2.749908e-02	3.759410e-03	-2.343920e-03	-1.285827e-02	-8.773055e-03	-4.085216e-03
262           	3.633667e-01	1.854763e-01	1.778904e-01	-2.076439e-01	-1.315622e-01	-7.608171e-02	-2.774022e-02	3.792956e-03	-2.987198e-03	-1.392430e-02	-9.949350e-03	-3.974955e-03
263           	3.631308e-01	1.855577e-01	1.775732e-01	-2.042436e-01	-1.308258e-01	-7.341776e-02	-2.870402e-02	3.992272e-03	-3.927940e-03	-1.539327e-02	-1.162458e-02	-3.768698e-03
264           	3.628597e-01	1.858002e-01	1.770595e-01	-2.008708e-01	-1.306665e-01	-7.020425e-02	-3.023115e-02	4.370345e-03	-5.048632e-03	-1.703982e-02	-1.356854e-02	-3.471276e-03
265           	3.624910e-01	1.860409e-01	1.764501e-01	-1.982300e-01	-1.310031e-01	-6.722685e-02	-3.188814e-02	4.795376e-03	-6.222870e-03	-1.847662e-02	-1.546118e-02	-3.015440e-03
266           	3.619350e-01	1.862291e-01	1.757060e-01	-1.972101e-01	-1.320527e-01	-6.515737e-02	-3.344767e-02	5.261555e-03	-7.296356e-03	-1.942896e-02	-1.701084e-02	-2.418125e-03
267           	3.609603e-01	1.860888e-01	1.748715e-01	-1.982279e-01	-1.338121e-01	-6.441579e-02	-3.469817e-02	5.608635e-03	-8.115045e-03	-1.977383e-02	-1.800196e-02	-1.771870e-03
268           	3.596721e-01	1.856976e-01	1.739745e-01	-2.014309e-01	-1.364786e-01	-6.495227e-02	-3.576318e-02	5.861558e-03	-8.632604e-03	-1.964731e-02	-1.845626e-02	-1.191053e-03
269           	3.583710e-01	1.851468e-01	1.732242e-01	-2.060087e-01	-1.393861e-01	-6.662251e-02	-3.638182e-02	5.961310e-03	-8.932581e-03	-1.927990e-02	-1.857253e-02	-7.073674e-04
270           	3.573546e-01	1.846597e-01	1.726949e-01	-2.113601e-01	-1.422604e-01	-6.909964e-02	-3.658039e-02	5.982388e-03	-9.056696e-03	-1.872484e-02	-1.841912e-02	-3.057247e-04
271           	3.567037e-01	1.842321e-01	1.724716e-01	-2.168168e-01	-1.446798e-01	-7.213704e-02	-3.627138e-02	5.880254e-03	-9.020519e-03	-1.800251e-02	-1.802177e-02	1.926471e-05
272           	3.564893e-01	1.839874e-01	1.725019e-01	-2.214692e-01	-1.462995e-01	-7.516973e-02	-3.556487e-02	5.742784e-03	-8.796016e-03	-1.729629e-02	-1.744416e-02	1.478733e-04
273           	3.566423e-01	1.838776e-01	1.727647e-01	-2.242526e-01	-1.466658e-01	-7.758682e-02	-3.453947e-02	5.556451e-03	-8.427820e-03	-1.665470e-02	-1.675517e-02	1.004707e-04
274           	3.570121e-01	1.838826e-01	1.731295e-01	-2.244525e-01	-1.458274e-01	-7.862511e-02	-3.360115e-02	5.376525e-03	-7.947300e-03	-1.604974e-02	-1.597217e-02	-7.757094e-05
275           	3.574921e-01	1.838665e-01	1.736256e-01	-2.219358e-01	-1.438907e-01	-7.804514e-02	-3.292276e-02	5.120425e-03	-7.446254e-03	-1.546447e-02	-1.517849e-02	-2.859814e-04
276           	3.579714e-01	1.838306e-01	1.741408e-01	-2.171885e-01	-1.413436e-01	-7.584492e-02	-3.274933e-02	4.844924e-03	-6.941619e-03	-1.487022e-02	-1.437673e-02	-4.934931e-04
277           	3.584675e-01	1.837317e-01	1.747358e-01	-2.112186e-01	-1.385037e-01	-7.271485e-02	-3.289443e-02	4.497984e-03	-6.510528e-03	-1.416126e-02	-1.359116e-02	-5.701018e-04
278           	3.589648e-01	1.836412e-01	1.753237e-01	-2.049471e-01	-1.358040e-01	-6.914313e-02	-3.333043e-02	4.158762e-03	-6.144183e-03	-1.335039e-02	-1.281938e-02	-5.310126e-04
279           	3.596227e-01	1.835692e-01	1.760535e-01	-1.990356e-01	-1.333105e-01	-6.572510e-02	-3.379271e-02	3.757838e-03	-5.867630e-03	-1.235229e-02	-1.204377e-02	-3.085133e-04
280           	3.605373e-01	1.836636e-01	1.768737e-01	-1.938140e-01	-1.312601e-01	-6.255392e-02	-3.435309e-02	3.394975e-03	-5.623281e-03	-1.114765e-02	-1.119710e-02	4.945794e-05
281           	3.617576e-01	1.839530e-01	1.778045e-01	-1.896308e-01	-1.296313e-01	-5.999958e-02	-3.481584e-02	3.074252e-03	-5.401157e-03	-9.859594e-03	-1.033095e-02	4.713599e-04
282           	3.631210e-01	1.844777e-01	1.786432e-01	-1.865596e-01	-1.285515e-01	-5.800814e-02	-3.527167e-02	2.917233e-03	-5.173560e-03	-8.681550e-03	-9.514335e-03	8.327851e-04
283           	3.644741e-01	1.851315e-01	1.793426e-01	-1.844884e-01	-1.278500e-01	-5.663838e-02	-3.560582e-02	2.894451e-03	-4.915480e-03	-7.747895e-03	-8.789427e-03	1.041532e-03
284           	3.656299e-01	1.858350e-01	1.797949e-01	-1.833659e-01	-1.277119e-01	-5.565394e-02	-3.602900e-02	3.020031e-03	-4.571290e-03	-7.063380e-03	-8.102980e-03	1.039600e-03
285           	3.664229e-01	1.863213e-01	1.801015e-01	-1.829000e-01	-1.278396e-01	-5.506040e-02	-3.638957e-02	3.109903e-03	-4.165182e-03	-6.515365e-03	-7.422865e-03	9.074996e-04
286           	3.668542e-01	1.865355e-01	1.803187e-01	-1.830698e-01	-1.283537e-01	-5.471609e-02	-3.681878e-02	3.108390e-03	-3.650126e-03	-6.073392e-03	-6.686822e-03	6.134303e-04
287           	3.670128e-01	1.864434e-01	1.805694e-01	-1.841011e-01	-1.292694e-01	-5.483170e-02	-3.721884e-02	2.936984e-03	-3.038749e-03	-5.735770e-03	-5.906634e-03	1.708645e-04
288           	3.669301e-01	1.861328e-01	1.807973e-01	-1.860956e-01	-1.309151e-01	-5.518045e-02	-3.786734e-02	2.667703e-03	-2.354135e-03	-5.389802e-03	-5.049036e-03	-3.407661e-04
289           	3.666065e-01	1.855805e-01	1.810260e-01	-1.887723e-01	-1.329581e-01	-5.581419e-02	-3.857195e-02	2.277247e-03	-1.662983e-03	-4.960978e-03	-4.143472e-03	-8.175057e-04
290           	3.660653e-01	1.849001e-01	1.811653e-01	-1.913491e-01	-1.350218e-01	-5.632728e-02	-3.934726e-02	1.867391e-03	-9.676433e-04	-4.418142e-03	-3.176714e-03	-1.241428e-03
291           	3.653657e-01	1.841336e-01	1.812321e-01	-1.932140e-01	-1.364708e-01	-5.674321e-02	-3.986377e-02	1.450742e-03	-2.666448e-04	-3.880225e-03	-2.206757e-03	-1.673468e-03
292           	3.646249e-01	1.834321e-01	1.811928e-01	-1.938743e-01	-1.370494e-01	-5.682486e-02	-4.011226e-02	1.119625e-03	4.697172e-04	-3.430471e-03	-1.245518e-03	-2.184953e-03
293           	3.639745e-01	1.828714e-01	1.811032e-01	-1.931264e-01	-1.365155e-01	-5.661097e-02	-3.995225e-02	8.840970e-04	1.143326e-03	-3.186540e-03	-4.499438e-04	-2.736596e-03
294           	3.634584e-01	1.824963e-01	1.809621e-01	-1.909753e-01	-1.350564e-01	-5.591896e-02	-3.956871e-02	7.671249e-04	1.639219e-03	-3.143415e-03	6.751200e-05	-3.210927e-03
295           	3.630525e-01	1.822220e-01	1.808305e-01	-1.875305e-01	-1.327458e-01	-5.478467e-02	-3.898057e-02	6.957395e-04	1.874866e-03	-3.163506e-03	2.931126e-04	-3.456619e-03
296           	3.626889e-01	1.820098e-01	1.806792e-01	-1.832136e-01	-1.300988e-01	-5.311480e-02	-3.849198e-02	6.652857e-04	1.826334e-03	-3.097556e-03	2.775561e-04	-3.375112e-03
297           	3.622492e-01	1.817394e-01	1.805098e-01	-1.786143e-01	-1.274949e-01	-5.111932e-02	-3.818781e-02	6.148340e-04	1.519695e-03	-2.943665e-03	4.786209e-05	-2.991527e-03
298           	3.616303e-01	1.813967e-01	1.802336e-01	-1.743849e-01	-1.254651e-01	-4.891986e-02	-3.827260e-02	5.815926e-04	9.937845e-04	-2.757356e-03	-3.848935e-04	-2.372462e-03
299           	3.607460e-01	1.809170e-01	1.798290e-01	-1.709506e-01	-1.240677e-01	-4.688283e-02	-3.859245e-02	5.439733e-04	2.629956e-04	-2.658955e-03	-1.066482e-03	-1.592473e-03
300           	3.596136e-01	1.803931e-01	1.792205e-01	-1.687074e-01	-1.235582e-01	-4.514915e-02	-3.920455e-02	5.863231e-04	-5.917127e-04	-2.733978e-03	-1.958702e-03	-7.752765e-04
301           	3.582788e-01	1.798074e-01	1.784714e-01	-1.677992e-01	-1.237265e-01	-4.407275e-02	-3.982686e-02	6.680103e-04	-1.509785e-03	-3.056379e-03	-3.037974e-03	-1.840505e-05
302           	3.568141e-01	1.792484e-01	1.775657e-01	-1.682544e-01	-1.245296e-01	-4.372479e-02	-4.040240e-02	8.413534e-04	-2.383428e-03	-3.648542e-03	-4.207700e-03	5.591572e-04
303           	3.552892e-01	1.787037e-01	1.765855e-01	-1.698415e-01	-1.255544e-01	-4.428706e-02	-4.063368e-02	1.059076e-03	-3.170446e-03	-4.489355e-03	-5.415124e-03	9.257689e-04
304           	3.538405e-01	1.783065e-01	1.755340e-01	-1.723407e-01	-1.267625e-01	-4.557819e-02	-4.059216e-02	1.386276e-03	-3.779186e-03	-5.462854e-03	-6.510613e-03	1.047759e-03
305           	3.526226e-01	1.780308e-01	1.745918e-01	-1.754719e-01	-1.278669e-01	-4.760497e-02	-4.013096e-02	1.719471e-03	-4.193646e-03	-6.412295e-03	-7.399793e-03	9.874985e-04
306           	3.517521e-01	1.779153e-01	1.738368e-01	-1.792316e-01	-1.290932e-01	-5.013843e-02	-3.947737e-02	2.039233e-03	-4.394578e-03	-7.172170e-03	-7.980664e-03	8.084934e-04
307           	3.512263e-01	1.778152e-01	1.734111e-01	-1.835293e-01	-1.303410e-01	-5.318834e-02	-3.857634e-02	2.202041e-03	-4.414801e-03	-7.564616e-03	-8.197109e-03	6.324927e-04
308           	3.510081e-01	1.777507e-01	1.732574e-01	-1.881771e-01	-1.318340e-01	-5.634312e-02	-3.774544e-02	2.246678e-03	-4.200547e-03	-7.533664e-03	-7.967379e-03	4.337149e-04
309           	3.510046e-01	1.776263e-01	1.733783e-01	-1.927735e-01	-1.333955e-01	-5.937804e-02	-3.700872e-02	2.123985e-03	-3.757624e-03	-7.116603e-03	-7.315926e-03	1.993230e-04
310           	3.511665e-01	1.774614e-01	1.737051e-01	-1.968380e-01	-1.350045e-01	-6.183350e-02	-3.658553e-02	1.878163e-03	-3.080700e-03	-6.310762e-03	-6.236081e-03	-7.468054e-05
311           	3.514997e-01	1.772449e-01	1.742548e-01	-1.998552e-01	-1.362889e-01	-6.356634e-02	-3.636127e-02	1.495082e-03	-2.238045e-03	-5.192409e-03	-4.834250e-03	-3.581590e-04
312           	3.519921e-01	1.770764e-01	1.749157e-01	-2.014538e-01	-1.371727e-01	-6.428116e-02	-3.644576e-02	1.080363e-03	-1.255703e-03	-3.844588e-03	-3.177997e-03	-6.665914e-04
313           	3.525891e-01	1.769435e-01	1.756456e-01	-2.013792e-01	-1.373188e-01	-6.406043e-02	-3.662919e-02	6.489282e-04	-2.191039e-04	-2.400407e-03	-1.419307e-03	-9.810998e-04
314           	3.533296e-01	1.769633e-01	1.763663e-01	-1.996889e-01	-1.367491e-01	-6.293978e-02	-3.690467e-02	2.984975e-04	8.270250e-04	-8.841152e-04	3.849674e-04	-1.269083e-03
315           	3.541776e-01	1.770655e-01	1.771121e-01	-1.967678e-01	-1.354708e-01	-6.129699e-02	-3.708692e-02	-2.332662e-05	1.821730e-03	7.064132e-04	2.174936e-03	-1.468523e-03
316           	3.551047e-01	1.772696e-01	1.778350e-01	-1.933585e-01	-1.340124e-01	-5.934613e-02	-3.733312e-02	-2.827089e-04	2.739577e-03	2.337603e-03	3.908379e-03	-1.570776e-03
317           	3.560340e-01	1.774790e-01	1.785550e-01	-1.900263e-01	-1.326054e-01	-5.742088e-02	-3.759226e-02	-5.380234e-04	3.488520e-03	3.958228e-03	5.467634e-03	-1.509405e-03
318           	3.569295e-01	1.776896e-01	1.792399e-01	-1.873757e-01	-1.317759e-01	-5.559972e-02	-3.808811e-02	-7.751508e-04	4.045743e-03	5.517062e-03	6.804274e-03	-1.287212e-03
319           	3.576647e-01	1.777688e-01	1.798959e-01	-1.854848e-01	-1.315579e-01	-5.392696e-02	-3.881546e-02	-1.063513e-03	4.375978e-03	6.896921e-03	7.824439e-03	-9.275174e-04
320           	3.582358e-01	1.777422e-01	1.804936e-01	-1.844687e-01	-1.320533e-01	-5.241543e-02	-3.981894e-02	-1.375722e-03	4.470500e-03	8.041850e-03	8.491425e-03	-4.495757e-04
321           	3.585151e-01	1.775097e-01	1.810054e-01	-1.839466e-01	-1.328209e-01	-5.112570e-02	-4.084760e-02	-1.747857e-03	4.277103e-03	8.904189e-03	8.729198e-03	1.749909e-04
322           	3.584721e-01	1.771479e-01	1.813242e-01	-1.838130e-01	-1.337174e-01	-5.009555e-02	-4.181093e-02	-2.088110e-03	3.823673e-03	9.383478e-03	8.515412e-03	8.680655e-04
323           	3.579623e-01	1.766167e-01	1.813456e-01	-1.835900e-01	-1.343066e-01	-4.928349e-02	-4.251154e-02	-2.364461e-03	3.065209e-03	9.378425e-03	7.754421e-03	1.624003e-03
324           	3.571106e-01	1.760943e-01	1.810163e-01	-1.832747e-01	-1.347187e-01	-4.855598e-02	-4.308136e-02	-2.460952e-03	2.031104e-03	8.815476e-03	6.438842e-03	2.376634e-03
325           	3.560351e-01	1.755959e-01	1.804392e-01	-1.828011e-01	-1.349358e-01	-4.786536e-02	-4.353521e-02	-2.421640e-03	7.921202e-04	7.703883e-03	4.644062e-03	3.059821e-03
326           	3.549772e-01	1.752470e-01	1.797302e-01	-1.825117e-01	-1.352118e-01	-4.729996e-02	-4.395591e-02	-2.241637e-03	-5.118922e-04	6.188122e-03	2.582169e-03	3.605953e-03
327           	3.539532e-01	1.749552e-01	1.789980e-01	-1.825235e-01	-1.354673e-01	-4.705623e-02	-4.420552e-02	-2.021431e-03	-1.774203e-03	4.446284e-03	4.489388e-04	3.997345e-03
328           	3.530991e-01	1.747722e-01	1.783269e-01	-1.833684e-01	-1.360375e-01	-4.733090e-02	-4.435331e-02	-1.777329e-03	-2.863932e-03	2.665647e-03	-1.531108e-03	4.196756e-03
329           	3.524273e-01	1.746378e-01	1.777896e-01	-1.850638e-01	-1.369148e-01	-4.814900e-02	-4.438288e-02	-1.575907e-03	-3.730816e-03	9.600686e-04	-3.250782e-03	4.210851e-03
330           	3.520333e-01	1.746318e-01	1.774015e-01	-1.875602e-01	-1.381516e-01	-4.940858e-02	-4.437154e-02	-1.384842e-03	-4.332667e-03	-4.982968e-04	-4.581816e-03	4.083519e-03
331           	3.518874e-01	1.746885e-01	1.771989e-01	-1.901825e-01	-1.393421e-01	-5.084044e-02	-4.425081e-02	-1.255241e-03	-4.697769e-03	-1.541684e-03	-5.468611e-03	3.926927e-03
332           	3.520863e-01	1.748930e-01	1.771933e-01	-1.924859e-01	-1.403439e-01	-5.214195e-02	-4.410098e-02	-1.150155e-03	-4.829542e-03	-2.090072e-03	-5.874577e-03	3.784506e-03
333           	3.526317e-01	1.752212e-01	1.774105e-01	-1.939294e-01	-1.408242e-01	-5.310521e-02	-4.385952e-02	-1.094628e-03	-4.742304e-03	-2.126260e-03	-5.805434e-03	3.679174e-03
334           	3.535279e-01	1.757543e-01	1.777736e-01	-1.945982e-01	-1.408717e-01	-5.372646e-02	-4.357262e-02	-1.009659e-03	-4.436047e-03	-1.705865e-03	-5.288979e-03	3.583115e-03
335           	3.546664e-01	1.764560e-01	1.782104e-01	-1.943693e-01	-1.403729e-01	-5.399645e-02	-4.318821e-02	-8.772241e-04	-3.954970e-03	-9.817218e-04	-4.445831e-03	3.464109e-03
336           	3.560052e-01	1.773390e-01	1.786662e-01	-1.934771e-01	-1.395713e-01	-5.390584e-02	-4.283273e-02	-6.635676e-04	-3.341145e-03	-3.107688e-05	-3.356683e-03	3.325606e-03
337           	3.573358e-01	1.782263e-01	1.791095e-01	-1.919222e-01	-1.384729e-01	-5.344929e-02	-4.251183e-02	-4.415947e-04	-2.698899e-03	1.087098e-03	-2.155350e-03	3.242448e-03
338           	3.585370e-01	1.790079e-01	1.795292e-01	-1.901655e-01	-1.374589e-01	-5.270658e-02	-4.237617e-02	-2.606455e-04	-2.053451e-03	2.349943e-03	-8.784790e-04	3.228422e-03
339           	3.593571e-01	1.794805e-01	1.798767e-01	-1.881809e-01	-1.365329e-01	-5.164794e-02	-4.244250e-02	-1.980842e-04	-1.463577e-03	3.622749e-03	3.477974e-04	3.274952e-03
340           	3.597135e-01	1.796090e-01	1.801045e-01	-1.862741e-01	-1.359820e-01	-5.029207e-02	-4.284497e-02	-2.477814e-04	-9.325681e-04	4.777814e-03	1.456339e-03	3.321475e-03
341           	3.594649e-01	1.792795e-01	1.801853e-01	-1.842635e-01	-1.356245e-01	-4.863906e-02	-4.349270e-02	-4.528869e-04	-4.968365e-04	5.723170e-03	2.364749e-03	3.358422e-03
342           	3.587067e-01	1.785808e-01	1.801259e-01	-1.822981e-01	-1.355531e-01	-4.674499e-02	-4.440405e-02	-7.725302e-04	-2.055641e-04	6.451115e-03	3.019993e-03	3.431122e-03
343           	3.574749e-01	1.775529e-01	1.799220e-01	-1.802966e-01	-1.355802e-01	-4.471635e-02	-4.543195e-02	-1.184558e-03	-1.204591e-04	6.871745e-03	3.315414e-03	3.556332e-03
344           	3.559974e-01	1.764402e-01	1.795572e-01	-1.785116e-01	-1.358109e-01	-4.270067e-02	-4.655511e-02	-1.558492e-03	-2.218480e-04	6.909398e-03	3.232851e-03	3.676547e-03
345           	3.543966e-01	1.753656e-01	1.790309e-01	-1.769511e-01	-1.360997e-01	-4.085132e-02	-4.762421e-02	-1.832633e-03	-4.635894e-04	6.407961e-03	2.740391e-03	3.667570e-03
346           	3.529193e-01	1.745229e-01	1.783963e-01	-1.759175e-01	-1.365528e-01	-3.936471e-02	-4.859405e-02	-1.936700e-03	-7.444198e-04	5.416498e-03	1.963829e-03	3.452669e-03
347           	3.516571e-01	1.739004e-01	1.777568e-01	-1.752831e-01	-1.369222e-01	-3.836097e-02	-4.928060e-02	-1.928207e-03	-1.020107e-03	4.108324e-03	1.034055e-03	3.074269e-03
348           	3.508139e-01	1.735592e-01	1.772547e-01	-1.752489e-01	-1.373256e-01	-3.792335e-02	-4.970110e-02	-1.847726e-03	-1.173637e-03	2.795965e-03	2.243457e-04	2.571620e-03
349           	3.503358e-01	1.733844e-01	1.769514e-01	-1.755342e-01	-1.376017e-01	-3.793255e-02	-4.983456e-02	-1.783477e-03	-1.169643e-03	1.757268e-03	-2.910092e-04	2.048278e-03
350           	3.502822e-01	1.734165e-01	1.768657e-01	-1.762312e-01	-1.379498e-01	-3.828142e-02	-4.983418e-02	-1.724570e-03	-9.762616e-04	1.213152e-03	-3.696856e-04	1.582838e-03
351           	3.505492e-01	1.735630e-01	1.769863e-01	-1.770761e-01	-1.382383e-01	-3.883776e-02	-4.970027e-02	-1.711640e-03	-6.507321e-04	1.211056e-03	-4.520385e-05	1.256260e-03
352           	3.512326e-01	1.739119e-01	1.773207e-01	-1.782005e-01	-1.386205e-01	-3.957997e-02	-4.952027e-02	-1.704410e-03	-2.314744e-04	1.753054e-03	6.450524e-04	1.108001e-03
353           	3.521853e-01	1.743801e-01	1.778052e-01	-1.792251e-01	-1.388453e-01	-4.037983e-02	-4.923273e-02	-1.712540e-03	2.138808e-04	2.690459e-03	1.559110e-03	1.131349e-03
354           	3.533558e-01	1.750253e-01	1.783305e-01	-1.800914e-01	-1.388824e-01	-4.120894e-02	-4.883675e-02	-1.652582e-03	7.130399e-04	3.880699e-03	2.653389e-03	1.227310e-03
355           	3.544693e-01	1.756847e-01	1.787845e-01	-1.802632e-01	-1.384306e-01	-4.183264e-02	-4.829897e-02	-1.549914e-03	1.246415e-03	5.205038e-03	3.848934e-03	1.356105e-03
356           	3.555043e-01	1.763702e-01	1.791341e-01	-1.797721e-01	-1.376394e-01	-4.213273e-02	-4.775331e-02	-1.381907e-03	1.833723e-03	6.575836e-03	5.121641e-03	1.454196e-03
357           	3.562938e-01	1.768802e-01	1.794136e-01	-1.783678e-01	-1.363919e-01	-4.197590e-02	-4.720800e-02	-1.266720e-03	2.434511e-03	7.964137e-03	6.416580e-03	1.547557e-03
358           	3.568962e-01	1.772434e-01	1.796529e-01	-1.763719e-01	-1.349473e-01	-4.142458e-02	-4.676135e-02	-1.204738e-03	3.066153e-03	9.372242e-03	7.752273e-03	1.619968e-03
359           	3.571186e-01	1.772540e-01	1.798646e-01	-1.737056e-01	-1.332586e-01	-4.044696e-02	-4.640582e-02	-1.305270e-03	3.704486e-03	1.074005e-02	9.074512e-03	1.665540e-03
360           	3.569715e-01	1.769781e-01	1.799933e-01	-1.709154e-01	-1.317354e-01	-3.917996e-02	-4.627773e-02	-1.507623e-03	4.313454e-03	1.194839e-02	1.028765e-02	1.660741e-03
361           	3.562828e-01	1.762890e-01	1.799938e-01	-1.681355e-01	-1.303561e-01	-3.777940e-02	-4.628836e-02	-1.852375e-03	4.781078e-03	1.286012e-02	1.121114e-02	1.648984e-03
362           	3.551448e-01	1.753017e-01	1.798430e-01	-1.659562e-01	-1.294165e-01	-3.653965e-02	-4.643845e-02	-2.270665e-03	4.998270e-03	1.341485e-02	1.170569e-02	1.709154e-03
363           	3.535045e-01	1.739989e-01	1.795056e-01	-1.644692e-01	-1.289001e-01	-3.556916e-02	-4.666545e-02	-2.753361e-03	4.876870e-03	1.356262e-02	1.165818e-02	1.904441e-03
364           	3.515552e-01	1.726101e-01	1.789451e-01	-1.641231e-01	-1.291287e-01	-3.499434e-02	-4.706719e-02	-3.167491e-03	4.472147e-03	1.329717e-02	1.112073e-02	2.176440e-03
365           	3.493723e-01	1.712056e-01	1.781667e-01	-1.646701e-01	-1.298974e-01	-3.477265e-02	-4.756238e-02	-3.480511e-03	3.838004e-03	1.258473e-02	1.013037e-02	2.454361e-03
366           	3.472769e-01	1.700540e-01	1.772229e-01	-1.662515e-01	-1.313572e-01	-3.489434e-02	-4.823142e-02	-3.584453e-03	3.063742e-03	1.146180e-02	8.794643e-03	2.667159e-03
367           	3.453787e-01	1.691220e-01	1.762567e-01	-1.685016e-01	-1.333000e-01	-3.520161e-02	-4.904920e-02	-3.567315e-03	2.205374e-03	1.008335e-02	7.247048e-03	2.836300e-03
368           	3.439884e-01	1.685553e-01	1.754331e-01	-1.714717e-01	-1.358398e-01	-3.563188e-02	-5.010394e-02	-3.438930e-03	1.355195e-03	8.762732e-03	5.736562e-03	3.026171e-03
369           	3.432016e-01	1.682941e-01	1.749074e-01	-1.744321e-01	-1.384638e-01	-3.596828e-02	-5.124778e-02	-3.306662e-03	5.914824e-04	7.749500e-03	4.466232e-03	3.283268e-03
370           	3.431431e-01	1.684662e-01	1.746770e-01	-1.772415e-01	-1.410562e-01	-3.618529e-02	-5.243545e-02	-3.105408e-03	6.712200e-05	7.121221e-03	3.627733e-03	3.493489e-03
371           	3.435707e-01	1.688656e-01	1.747051e-01	-1.794292e-01	-1.431907e-01	-3.623856e-02	-5.347605e-02	-2.919740e-03	-1.560262e-04	6.888541e-03	3.288244e-03	3.600297e-03
372           	3.444764e-01	1.695058e-01	1.749706e-01	-1.813017e-01	-1.450292e-01	-3.627247e-02	-5.437836e-02	-2.732401e-03	-6.240490e-05	7.167343e-03	3.521267e-03	3.646077e-03
373           	3.456444e-01	1.701737e-01	1.754707e-01	-1.824516e-01	-1.461628e-01	-3.628883e-02	-5.493696e-02	-2.648466e-03	3.152278e-04	8.025269e-03	4.327862e-03	3.697407e-03
374           	3.471406e-01	1.709713e-01	1.761694e-01	-1.830373e-01	-1.466412e-01	-3.639608e-02	-5.512258e-02	-2.599054e-03	9.767322e-04	9.400049e-03	5.676757e-03	3.723292e-03
375           	3.486850e-01	1.716976e-01	1.769874e-01	-1.827489e-01	-1.462817e-01	-3.646714e-02	-5.490729e-02	-2.644934e-03	1.889105e-03	1.104784e-02	7.413024e-03	3.634814e-03
376           	3.502426e-01	1.724108e-01	1.778318e-01	-1.818706e-01	-1.453572e-01	-3.651338e-02	-5.442192e-02	-2.710522e-03	3.016561e-03	1.278846e-02	9.410790e-03	3.377668e-03
377           	3.515389e-01	1.729534e-01	1.785856e-01	-1.799986e-01	-1.436404e-01	-3.635822e-02	-5.364108e-02	-2.816109e-03	4.277309e-03	1.447731e-02	1.151596e-02	2.961346e-03
378           	3.525396e-01	1.734196e-01	1.791201e-01	-1.773313e-01	-1.414248e-01	-3.590656e-02	-5.275910e-02	-2.850233e-03	5.584360e-03	1.605041e-02	1.360957e-02	2.440846e-03
379           	3.530352e-01	1.736751e-01	1.793601e-01	-1.735790e-01	-1.386128e-01	-3.496622e-02	-5.182329e-02	-2.842489e-03	6.823119e-03	1.742871e-02	1.553748e-02	1.891239e-03
380           	3.530520e-01	1.737695e-01	1.792826e-01	-1.692568e-01	-1.357749e-01	-3.348190e-02	-5.114648e-02	-2.756548e-03	7.920154e-03	1.857499e-02	1.720765e-02	1.367342e-03
381           	3.525295e-01	1.735303e-01	1.789992e-01	-1.649628e-01	-1.333094e-01	-3.165346e-02	-5.082795e-02	-2.734460e-03	8.734428e-03	1.951141e-02	1.849014e-02	1.021279e-03
382           	3.516681e-01	1.730515e-01	1.786166e-01	-1.617964e-01	-1.319590e-01	-2.983738e-02	-5.106080e-02	-2.782586e-03	9.197312e-03	2.024636e-02	1.932049e-02	9.258695e-04
383           	3.505326e-01	1.722750e-01	1.782575e-01	-1.597457e-01	-1.314819e-01	-2.826374e-02	-5.160909e-02	-2.991239e-03	9.242864e-03	2.070221e-02	1.959397e-02	1.108241e-03
384           	3.493547e-01	1.714037e-01	1.779511e-01	-1.589728e-01	-1.319610e-01	-2.701181e-02	-5.247458e-02	-3.273695e-03	8.926126e-03	2.074603e-02	1.929914e-02	1.446888e-03
385           	3.481517e-01	1.704370e-01	1.777148e-01	-1.589311e-01	-1.329024e-01	-2.602874e-02	-5.343682e-02	-3.638895e-03	8.294884e-03	2.025224e-02	1.842100e-02	1.831236e-03
386           	3.471605e-01	1.696627e-01	1.774978e-01	-1.595203e-01	-1.342655e-01	-2.525480e-02	-5.450535e-02	-3.917525e-03	7.469035e-03	1.919501e-02	1.706654e-02	2.128472e-03
387           	3.463986e-01	1.691062e-01	1.772924e-01	-1.600494e-01	-1.354821e-01	-2.456734e-02	-5.545738e-02	-4.093057e-03	6.518224e-03	1.762506e-02	1.533075e-02	2.294304e-03
388           	3.460328e-01	1.689538e-01	1.770790e-01	-1.605554e-01	-1.366025e-01	-2.395295e-02	-5.632477e-02	-4.062613e-03	5.592367e-03	1.572660e-02	1.345567e-02	2.270933e-03
389           	3.459408e-01	1.690396e-01	1.769012e-01	-1.608303e-01	-1.373718e-01	-2.345842e-02	-5.695671e-02	-3.930821e-03	4.747187e-03	1.375282e-02	1.162360e-02	2.129223e-03
390           	3.462471e-01	1.694193e-01	1.768278e-01	-1.613894e-01	-1.381047e-01	-2.328472e-02	-5.740997e-02	-3.704210e-03	4.096382e-03	1.207786e-02	1.013531e-02	1.942550e-03
391           	3.467224e-01	1.698523e-01	1.768701e-01	-1.622355e-01	-1.387644e-01	-2.347115e-02	-5.764661e-02	-3.508910e-03	3.660731e-03	1.096247e-02	9.141965e-03	1.820504e-03
392           	3.473915e-01	1.703706e-01	1.770210e-01	-1.636191e-01	-1.396154e-01	-2.400363e-02	-5.780591e-02	-3.325210e-03	3.481796e-03	1.050101e-02	8.732300e-03	1.768709e-03
393           	3.480496e-01	1.707740e-01	1.772756e-01	-1.649219e-01	-1.402166e-01	-2.470530e-02	-5.775563e-02	-3.250829e-03	3.481740e-03	1.069916e-02	8.831320e-03	1.867841e-03
394           	3.487261e-01	1.711473e-01	1.775788e-01	-1.659574e-01	-1.405403e-01	-2.541710e-02	-5.756160e-02	-3.215787e-03	3.661164e-03	1.146746e-02	9.394895e-03	2.072567e-03
395           	3.491726e-01	1.713419e-01	1.778307e-01	-1.660842e-01	-1.402132e-01	-2.587102e-02	-5.717106e-02	-3.244374e-03	4.004655e-03	1.255801e-02	1.028366e-02	2.274348e-03
396           	3.494242e-01	1.714838e-01	1.779404e-01	-1.653566e-01	-1.393714e-01	-2.598512e-02	-5.669316e-02	-3.228292e-03	4.485034e-03	1.376320e-02	1.136663e-02	2.396566e-03
397           	3.493386e-01	1.715069e-01	1.778318e-01	-1.634435e-01	-1.377906e-01	-2.565297e-02	-5.606879e-02	-3.162446e-03	4.975899e-03	1.489037e-02	1.242108e-02	2.469284e-03
398           	3.490168e-01	1.715480e-01	1.774687e-01	-1.607457e-01	-1.358343e-01	-2.491138e-02	-5.546148e-02	-2.960333e-03	5.417942e-03	1.581152e-02	1.332370e-02	2.487820e-03
399           	3.484302e-01	1.715140e-01	1.769162e-01	-1.573064e-01	-1.335542e-01	-2.375223e-02	-5.490099e-02	-2.701089e-03	5.717496e-03	1.642143e-02	1.392821e-02	2.493217e-03
400           	3.478206e-01	1.715068e-01	1.763139e-01	-1.542283e-01	-1.317499e-01	-2.247837e-02	-5.463577e-02	-2.403556e-03	5.830133e-03	1.674204e-02	1.420115e-02	2.540886e-03
401           	3.471625e-01	1.713129e-01	1.758496e-01	-1.521726e-01	-1.306678e-01	-2.150473e-02	-5.458156e-02	-2.268309e-03	5.627687e-03	1.685838e-02	1.405688e-02	2.801504e-03
402           	3.466381e-01	1.710104e-01	1.756277e-01	-1.517402e-01	-1.305242e-01	-2.121605e-02	-5.465406e-02	-2.308639e-03	5.118340e-03	1.682700e-02	1.353184e-02	3.295158e-03
403           	3.461640e-01	1.705097e-01	1.756543e-01	-1.527159e-01	-1.309215e-01	-2.179437e-02	-5.456357e-02	-2.572267e-03	4.330211e-03	1.657871e-02	1.261956e-02	3.959142e-03
404           	3.458535e-01	1.699694e-01	1.758841e-01	-1.552214e-01	-1.319549e-01	-2.326648e-02	-5.434419e-02	-2.957358e-03	3.441336e-03	1.605520e-02	1.146894e-02	4.586265e-03
405           	3.456981e-01	1.694245e-01	1.762736e-01	-1.586183e-01	-1.331227e-01	-2.549562e-02	-5.381352e-02	-3.424515e-03	2.557382e-03	1.525838e-02	1.018657e-02	5.071807e-03
406           	3.458539e-01	1.690997e-01	1.767542e-01	-1.626313e-01	-1.343474e-01	-2.828388e-02	-5.303177e-02	-3.827253e-03	1.824674e-03	1.426042e-02	8.954886e-03	5.305538e-03
407           	3.462383e-01	1.689752e-01	1.772631e-01	-1.666486e-01	-1.352742e-01	-3.137445e-02	-5.194985e-02	-4.143957e-03	1.319029e-03	1.312102e-02	7.879539e-03	5.241482e-03
408           	3.469203e-01	1.691758e-01	1.777446e-01	-1.705753e-01	-1.360229e-01	-3.455240e-02	-5.073523e-02	-4.284410e-03	1.148586e-03	1.196470e-02	7.130937e-03	4.833765e-03
409           	3.478117e-01	1.695983e-01	1.782134e-01	-1.740528e-01	-1.364076e-01	-3.764522e-02	-4.938118e-02	-4.307575e-03	1.313447e-03	1.093879e-02	6.782840e-03	4.155945e-03
410           	3.489664e-01	1.702536e-01	1.787128e-01	-1.772277e-01	-1.366908e-01	-4.053689e-02	-4.807694e-02	-4.229607e-03	1.758935e-03	1.032513e-02	6.921502e-03	3.403631e-03
411           	3.502390e-01	1.709460e-01	1.792930e-01	-1.798253e-01	-1.367942e-01	-4.303109e-02	-4.688156e-02	-4.173471e-03	2.422671e-03	1.028343e-02	7.564386e-03	2.719045e-03
412           	3.516469e-01	1.716646e-01	1.799822e-01	-1.818913e-01	-1.368371e-01	-4.505421e-02	-4.589144e-02	-4.158797e-03	3.238768e-03	1.082439e-02	8.650962e-03	2.173425e-03
413           	3.530092e-01	1.722752e-01	1.807340e-01	-1.831246e-01	-1.366023e-01	-4.652234e-02	-4.503996e-02	-4.229439e-03	4.100902e-03	1.181914e-02	1.001047e-02	1.808668e-03
414           	3.542934e-01	1.728001e-01	1.814933e-01	-1.836304e-01	-1.362315e-01	-4.739897e-02	-4.441624e-02	-4.346588e-03	4.957633e-03	1.313692e-02	1.152610e-02	1.610829e-03
415           	3.552826e-01	1.731299e-01	1.821527e-01	-1.832453e-01	-1.356605e-01	-4.758474e-02	-4.403790e-02	-4.511404e-03	5.750922e-03	1.457115e-02	1.303649e-02	1.534651e-03
416           	3.559487e-01	1.733120e-01	1.826367e-01	-1.821492e-01	-1.350672e-01	-4.708202e-02	-4.399258e-02	-4.662362e-03	6.442945e-03	1.606963e-02	1.447776e-02	1.591869e-03
417           	3.561217e-01	1.732785e-01	1.828432e-01	-1.800424e-01	-1.342523e-01	-4.579010e-02	-4.423108e-02	-4.782356e-03	6.967593e-03	1.752843e-02	1.573181e-02	1.796623e-03
418           	3.558353e-01	1.731043e-01	1.827310e-01	-1.770410e-01	-1.334252e-01	-4.361578e-02	-4.490472e-02	-4.813352e-03	7.338549e-03	1.884310e-02	1.676010e-02	2.083001e-03
419           	3.550120e-01	1.727059e-01	1.823061e-01	-1.729889e-01	-1.325196e-01	-4.046932e-02	-4.602515e-02	-4.800107e-03	7.521616e-03	1.988282e-02	1.746302e-02	2.419792e-03
420           	3.538166e-01	1.721663e-01	1.816503e-01	-1.683057e-01	-1.317814e-01	-3.652435e-02	-4.762852e-02	-4.741990e-03	7.504972e-03	2.052501e-02	1.776748e-02	2.757535e-03
421           	3.522709e-01	1.713795e-01	1.808914e-01	-1.637158e-01	-1.313183e-01	-3.239752e-02	-4.946038e-02	-4.755986e-03	7.262013e-03	2.072217e-02	1.762310e-02	3.099074e-03
422           	3.506031e-01	1.704198e-01	1.801834e-01	-1.603499e-01	-1.315387e-01	-2.881120e-02	-5.136374e-02	-4.881798e-03	6.827510e-03	2.056225e-02	1.710864e-02	3.453614e-03
423           	3.488149e-01	1.692663e-01	1.795485e-01	-1.584065e-01	-1.323226e-01	-2.608394e-02	-5.311933e-02	-5.141086e-03	6.277250e-03	2.008298e-02	1.631874e-02	3.764237e-03
424           	3.470324e-01	1.680911e-01	1.789413e-01	-1.579980e-01	-1.337280e-01	-2.427008e-02	-5.472894e-02	-5.425086e-03	5.722216e-03	1.925747e-02	1.535095e-02	3.906520e-03
425           	3.452374e-01	1.669211e-01	1.783163e-01	-1.585537e-01	-1.353090e-01	-2.324472e-02	-5.603214e-02	-5.697608e-03	5.204224e-03	1.819100e-02	1.429973e-02	3.891277e-03
426           	3.436545e-01	1.659681e-01	1.776863e-01	-1.599244e-01	-1.369943e-01	-2.293008e-02	-5.703210e-02	-5.859088e-03	4.776791e-03	1.699146e-02	1.327252e-02	3.718941e-03
427           	3.423161e-01	1.652544e-01	1.770617e-01	-1.615935e-01	-1.383891e-01	-2.320444e-02	-5.759232e-02	-5.903626e-03	4.428314e-03	1.576992e-02	1.231328e-02	3.456648e-03
428           	3.414457e-01	1.649550e-01	1.764907e-01	-1.636050e-01	-1.395639e-01	-2.404115e-02	-5.776135e-02	-5.767865e-03	4.172854e-03	1.466216e-02	1.150393e-02	3.158225e-03
429           	3.411058e-01	1.650413e-01	1.760644e-01	-1.656462e-01	-1.402884e-01	-2.535779e-02	-5.746529e-02	-5.511552e-03	4.014669e-03	1.378596e-02	1.090765e-02	2.878310e-03
430           	3.414933e-01	1.656129e-01	1.758805e-01	-1.679332e-01	-1.407756e-01	-2.715758e-02	-5.680901e-02	-5.133787e-03	3.993297e-03	1.323945e-02	1.061302e-02	2.626429e-03
431           	3.425311e-01	1.665224e-01	1.760087e-01	-1.703284e-01	-1.408957e-01	-2.943267e-02	-5.573154e-02	-4.743115e-03	4.055997e-03	1.311812e-02	1.061506e-02	2.503063e-03
432           	3.441428e-01	1.677088e-01	1.764339e-01	-1.729892e-01	-1.407950e-01	-3.219415e-02	-5.430045e-02	-4.362549e-03	4.216917e-03	1.352617e-02	1.098000e-02	2.546166e-03
433           	3.459857e-01	1.689450e-01	1.770407e-01	-1.755505e-01	-1.403268e-01	-3.522374e-02	-5.255151e-02	-4.047837e-03	4.458880e-03	1.435468e-02	1.163622e-02	2.718462e-03
434           	3.478305e-01	1.701457e-01	1.776848e-01	-1.780484e-01	-1.398141e-01	-3.823425e-02	-5.078994e-02	-3.769524e-03	4.831002e-03	1.544791e-02	1.255496e-02	2.892953e-03
435           	3.493585e-01	1.710481e-01	1.783105e-01	-1.801452e-01	-1.392099e-01	-4.093534e-02	-4.913729e-02	-3.631187e-03	5.291929e-03	1.671581e-02	1.364983e-02	3.065978e-03
436           	3.505972e-01	1.717026e-01	1.788946e-01	-1.818404e-01	-1.386284e-01	-4.321209e-02	-4.770813e-02	-3.595995e-03	5.832198e-03	1.808804e-02	1.487622e-02	3.211822e-03
437           	3.514640e-01	1.720392e-01	1.794248e-01	-1.827478e-01	-1.378907e-01	-4.485717e-02	-4.651675e-02	-3.692790e-03	6.393087e-03	1.939090e-02	1.608854e-02	3.302364e-03
438           	3.520361e-01	1.722089e-01	1.798272e-01	-1.828989e-01	-1.372043e-01	-4.569458e-02	-4.575486e-02	-3.809111e-03	6.944921e-03	2.044219e-02	1.716601e-02	3.276172e-03
439           	3.522231e-01	1.721911e-01	1.800320e-01	-1.817823e-01	-1.363149e-01	-4.546745e-02	-4.542371e-02	-3.920459e-03	7.413562e-03	2.101896e-02	1.792304e-02	3.095918e-03
440           	3.521262e-01	1.721088e-01	1.800174e-01	-1.796662e-01	-1.353501e-01	-4.431606e-02	-4.551704e-02	-3.954274e-03	7.700513e-03	2.109738e-02	1.824920e-02	2.848175e-03
441           	3.517514e-01	1.718587e-01	1.798927e-01	-1.768496e-01	-1.341527e-01	-4.269687e-02	-4.572792e-02	-4.016996e-03	7.637771e-03	2.075298e-02	1.801426e-02	2.738719e-03
442           	3.513035e-01	1.715226e-01	1.797808e-01	-1.743621e-01	-1.333026e-01	-4.105954e-02	-4.612154e-02	-4.129086e-03	7.253221e-03	2.014292e-02	1.732468e-02	2.818241e-03
443           	3.507618e-01	1.709971e-01	1.797647e-01	-1.726903e-01	-1.329175e-01	-3.977280e-02	-4.657233e-02	-4.383808e-03	6.606311e-03	1.935054e-02	1.628158e-02	3.068959e-03
444           	3.502409e-01	1.704256e-01	1.798153e-01	-1.723769e-01	-1.333713e-01	-3.900562e-02	-4.718284e-02	-4.694871e-03	5.864859e-03	1.838260e-02	1.505616e-02	3.326440e-03
445           	3.496940e-01	1.697763e-01	1.799177e-01	-1.731503e-01	-1.343777e-01	-3.877266e-02	-4.780250e-02	-5.070729e-03	5.085418e-03	1.717686e-02	1.367385e-02	3.503014e-03
446           	3.493228e-01	1.692439e-01	1.800789e-01	-1.749505e-01	-1.358880e-01	-3.906251e-02	-4.841273e-02	-5.417473e-03	4.356297e-03	1.579711e-02	1.225485e-02	3.542259e-03
447           	3.491040e-01	1.688090e-01	1.802951e-01	-1.769533e-01	-1.372616e-01	-3.969167e-02	-4.878499e-02	-5.743058e-03	3.667206e-03	1.435035e-02	1.084238e-02	3.507968e-03
448           	3.491315e-01	1.686376e-01	1.804939e-01	-1.787699e-01	-1.383274e-01	-4.044251e-02	-4.894244e-02	-5.928158e-03	3.033451e-03	1.297373e-02	9.520313e-03	3.453412e-03
449           	3.491531e-01	1.686123e-01	1.805408e-01	-1.796698e-01	-1.386438e-01	-4.102608e-02	-4.880884e-02	-5.964258e-03	2.441603e-03	1.170227e-02	8.292739e-03	3.409533e-03
450           	3.491864e-01	1.688724e-01	1.803140e-01	-1.801127e-01	-1.386454e-01	-4.146726e-02	-4.858907e-02	-5.720829e-03	1.985031e-03	1.051663e-02	7.243344e-03	3.273282e-03
451           	3.491500e-01	1.692903e-01	1.798598e-01	-1.800157e-01	-1.382325e-01	-4.178312e-02	-4.822471e-02	-5.284728e-03	1.625113e-03	9.561357e-03	6.405792e-03	3.155565e-03
452           	3.492579e-01	1.699561e-01	1.793019e-01	-1.796537e-01	-1.376247e-01	-4.202898e-02	-4.779784e-02	-4.672889e-03	1.360161e-03	8.950142e-03	5.835232e-03	3.114910e-03
453           	3.493082e-01	1.705938e-01	1.787144e-01	-1.787044e-01	-1.366525e-01	-4.205191e-02	-4.730030e-02	-4.060310e-03	1.153340e-03	8.784125e-03	5.545403e-03	3.238722e-03
454           	3.493605e-01	1.711861e-01	1.781744e-01	-1.776638e-01	-1.358066e-01	-4.185721e-02	-4.697471e-02	-3.494178e-03	1.061709e-03	9.033022e-03	5.578220e-03	3.454802e-03
455           	3.491313e-01	1.714587e-01	1.776726e-01	-1.762631e-01	-1.349669e-01	-4.129622e-02	-4.683533e-02	-3.106924e-03	1.143211e-03	9.599920e-03	5.943171e-03	3.656750e-03
456           	3.486532e-01	1.715110e-01	1.771422e-01	-1.746844e-01	-1.343628e-01	-4.032159e-02	-4.702060e-02	-2.815620e-03	1.479145e-03	1.036184e-02	6.660066e-03	3.701776e-03
457           	3.477936e-01	1.712419e-01	1.765516e-01	-1.724425e-01	-1.337155e-01	-3.872706e-02	-4.749421e-02	-2.654849e-03	2.030880e-03	1.120900e-02	7.635381e-03	3.573622e-03
458           	3.467648e-01	1.708634e-01	1.759014e-01	-1.699510e-01	-1.333059e-01	-3.664511e-02	-4.833039e-02	-2.518953e-03	2.732907e-03	1.201334e-02	8.739575e-03	3.273761e-03
459           	3.455841e-01	1.703125e-01	1.752715e-01	-1.674172e-01	-1.330644e-01	-3.435280e-02	-4.935582e-02	-2.479497e-03	3.351748e-03	1.270104e-02	9.702270e-03	2.998774e-03
460           	3.444655e-01	1.697871e-01	1.746784e-01	-1.654337e-01	-1.332081e-01	-3.222564e-02	-5.049123e-02	-2.445670e-03	3.789783e-03	1.312329e-02	1.035143e-02	2.771864e-03
461           	3.433525e-01	1.692040e-01	1.741485e-01	-1.641322e-01	-1.336018e-01	-3.053032e-02	-5.153576e-02	-2.472251e-03	3.970979e-03	1.314110e-02	1.054153e-02	2.599572e-03
462           	3.424555e-01	1.687156e-01	1.737398e-01	-1.641837e-01	-1.346496e-01	-2.953401e-02	-5.255782e-02	-2.512112e-03	3.893574e-03	1.272673e-02	1.025694e-02	2.469792e-03
463           	3.418117e-01	1.682731e-01	1.735385e-01	-1.654573e-01	-1.361828e-01	-2.927443e-02	-5.345420e-02	-2.632698e-03	3.512662e-03	1.200467e-02	9.514997e-03	2.489673e-03
464           	3.416257e-01	1.680419e-01	1.735839e-01	-1.679324e-01	-1.382722e-01	-2.966016e-02	-5.430604e-02	-2.770996e-03	2.909499e-03	1.108385e-02	8.451425e-03	2.632428e-03
465           	3.418730e-01	1.679935e-01	1.738795e-01	-1.706954e-01	-1.402396e-01	-3.045575e-02	-5.489195e-02	-2.942979e-03	2.148317e-03	1.009425e-02	7.195440e-03	2.898807e-03
466           	3.426178e-01	1.682662e-01	1.743515e-01	-1.734820e-01	-1.420018e-01	-3.148017e-02	-5.526082e-02	-3.042661e-03	1.398235e-03	9.050032e-03	5.923251e-03	3.126781e-03
467           	3.436449e-01	1.687032e-01	1.749417e-01	-1.757871e-01	-1.432296e-01	-3.255748e-02	-5.533605e-02	-3.119262e-03	7.280501e-04	8.122226e-03	4.789163e-03	3.333063e-03
468           	3.449691e-01	1.693456e-01	1.756235e-01	-1.778237e-01	-1.441274e-01	-3.369629e-02	-5.521556e-02	-3.138985e-03	2.046757e-04	7.463366e-03	3.936359e-03	3.527007e-03
469           	3.463535e-01	1.700162e-01	1.763373e-01	-1.793032e-01	-1.445272e-01	-3.477599e-02	-5.487562e-02	-3.160512e-03	-1.801867e-04	7.189929e-03	3.414778e-03	3.775151e-03
470           	3.477479e-01	1.708162e-01	1.769317e-01	-1.805618e-01	-1.447960e-01	-3.576577e-02	-5.451511e-02	-3.057788e-03	-2.579813e-04	7.263070e-03	3.373554e-03	3.889516e-03
471           	3.490329e-01	1.716608e-01	1.773721e-01	-1.810809e-01	-1.446343e-01	-3.644663e-02	-5.409384e-02	-2.855673e-03	-3.680501e-06	7.600814e-03	3.796727e-03	3.804088e-03
472           	3.502635e-01	1.725693e-01	1.776942e-01	-1.808663e-01	-1.441689e-01	-3.669734e-02	-5.373579e-02	-2.562473e-03	5.734696e-04	8.278028e-03	4.712484e-03	3.565544e-03
473           	3.512938e-01	1.733394e-01	1.779543e-01	-1.795585e-01	-1.432039e-01	-3.635460e-02	-5.342464e-02	-2.307449e-03	1.393899e-03	9.348387e-03	6.068093e-03	3.280295e-03
474           	3.521198e-01	1.739280e-01	1.781918e-01	-1.774842e-01	-1.420719e-01	-3.541234e-02	-5.332978e-02	-2.131914e-03	2.469523e-03	1.073536e-02	7.837205e-03	2.898159e-03
475           	3.525516e-01	1.741530e-01	1.783986e-01	-1.747476e-01	-1.408272e-01	-3.392039e-02	-5.345340e-02	-2.122807e-03	3.721251e-03	1.227254e-02	9.857522e-03	2.415021e-03
476           	3.525836e-01	1.740624e-01	1.785212e-01	-1.719194e-01	-1.398600e-01	-3.205944e-02	-5.390028e-02	-2.229376e-03	5.109321e-03	1.375799e-02	1.198831e-02	1.769672e-03
477           	3.520770e-01	1.735910e-01	1.784861e-01	-1.689307e-01	-1.390561e-01	-2.987457e-02	-5.459079e-02	-2.447548e-03	6.489380e-03	1.505410e-02	1.401643e-02	1.037668e-03
478           	3.511257e-01	1.728706e-01	1.782551e-01	-1.661108e-01	-1.385948e-01	-2.751602e-02	-5.553937e-02	-2.692231e-03	7.734239e-03	1.603913e-02	1.575381e-02	2.853277e-04
479           	3.496901e-01	1.718609e-01	1.778292e-01	-1.638464e-01	-1.385220e-01	-2.532443e-02	-5.659877e-02	-2.984180e-03	8.576705e-03	1.669901e-02	1.692621e-02	-2.271984e-04
480           	3.479876e-01	1.707438e-01	1.772438e-01	-1.627733e-01	-1.390715e-01	-2.370181e-02	-5.768483e-02	-3.249966e-03	8.839663e-03	1.702698e-02	1.735315e-02	-3.261753e-04
481           	3.461679e-01	1.696070e-01	1.765609e-01	-1.629055e-01	-1.401012e-01	-2.280435e-02	-5.864841e-02	-3.476925e-03	8.496618e-03	1.687843e-02	1.693583e-02	-5.740451e-05
482           	3.445186e-01	1.686708e-01	1.758478e-01	-1.642811e-01	-1.415544e-01	-2.272665e-02	-5.941389e-02	-3.588466e-03	7.691971e-03	1.622039e-02	1.580217e-02	4.182253e-04
483           	3.431637e-01	1.679379e-01	1.752258e-01	-1.665759e-01	-1.430379e-01	-2.353802e-02	-5.974992e-02	-3.643943e-03	6.580533e-03	1.507765e-02	1.411936e-02	9.582912e-04
484           	3.423516e-01	1.675363e-01	1.748153e-01	-1.697359e-01	-1.444640e-01	-2.527184e-02	-5.959610e-02	-3.639528e-03	5.348266e-03	1.356958e-02	1.213306e-02	1.436525e-03
485           	3.420423e-01	1.673707e-01	1.746716e-01	-1.730974e-01	-1.453975e-01	-2.769997e-02	-5.884874e-02	-3.650464e-03	4.106646e-03	1.180263e-02	1.000796e-02	1.794668e-03
486           	3.421961e-01	1.674651e-01	1.747310e-01	-1.765056e-01	-1.459107e-01	-3.059488e-02	-5.765790e-02	-3.632906e-03	2.969902e-03	9.854725e-03	7.897265e-03	1.957460e-03
487           	3.425710e-01	1.676687e-01	1.749023e-01	-1.794114e-01	-1.457826e-01	-3.362882e-02	-5.607688e-02	-3.616769e-03	1.925690e-03	7.808373e-03	5.829876e-03	1.978497e-03
488           	3.431618e-01	1.680550e-01	1.751068e-01	-1.816802e-01	-1.450821e-01	-3.659807e-02	-5.424203e-02	-3.525935e-03	9.782160e-04	5.831734e-03	3.894083e-03	1.937651e-03
489           	3.438243e-01	1.685431e-01	1.752812e-01	-1.830415e-01	-1.438308e-01	-3.921071e-02	-5.231002e-02	-3.369013e-03	7.278045e-05	4.084640e-03	2.115101e-03	1.969540e-03
490           	3.445234e-01	1.692092e-01	1.753142e-01	-1.838412e-01	-1.424794e-01	-4.136179e-02	-5.055883e-02	-3.052516e-03	-6.978561e-04	2.667510e-03	6.358988e-04	2.031611e-03
491           	3.451196e-01	1.699620e-01	1.751576e-01	-1.839207e-01	-1.410113e-01	-4.290942e-02	-4.905093e-02	-2.597786e-03	-1.230469e-03	1.607313e-03	-4.268119e-04	2.034125e-03
492           	3.457329e-01	1.709028e-01	1.748301e-01	-1.835718e-01	-1.396449e-01	-4.392690e-02	-4.785901e-02	-1.963614e-03	-1.439738e-03	9.291400e-04	-9.751677e-04	1.904308e-03
493           	3.462636e-01	1.718397e-01	1.744238e-01	-1.825483e-01	-1.382495e-01	-4.429880e-02	-4.697533e-02	-1.292049e-03	-1.324227e-03	7.838648e-04	-9.322943e-04	1.716159e-03
494           	3.467895e-01	1.727535e-01	1.740360e-01	-1.811977e-01	-1.371100e-01	-4.408769e-02	-4.651115e-02	-6.412758e-04	-9.246812e-04	1.278547e-03	-2.854078e-04	1.563955e-03
495           	3.471345e-01	1.734105e-01	1.737240e-01	-1.794715e-01	-1.362438e-01	-4.322776e-02	-4.650800e-02	-1.567520e-04	-2.877370e-04	2.407675e-03	9.161003e-04	1.491574e-03
496           	3.473952e-01	1.738834e-01	1.735118e-01	-1.776802e-01	-1.358474e-01	-4.183280e-02	-4.700732e-02	1.858187e-04	5.318101e-04	4.013109e-03	2.538365e-03	1.474744e-03
497           	3.474955e-01	1.740647e-01	1.734308e-01	-1.757220e-01	-1.357552e-01	-3.996683e-02	-4.789419e-02	3.169544e-04	1.450199e-03	5.826304e-03	4.363351e-03	1.462954e-03
498           	3.476321e-01	1.740675e-01	1.735646e-01	-1.742670e-01	-1.361671e-01	-3.809988e-02	-4.903362e-02	2.514091e-04	2.358357e-03	7.586248e-03	6.151481e-03	1.434767e-03
499           	3.477542e-01	1.738151e-01	1.739391e-01	-1.735113e-01	-1.368559e-01	-3.665539e-02	-5.010027e-02	-6.198335e-05	3.041386e-03	9.112126e-03	7.597449e-03	1.514677e-03
500           	3.479487e-01	1.734648e-01	1.744839e-01	-1.737729e-01	-1.379250e-01	-3.584786e-02	-5.103858e-02	-5.095576e-04	3.446420e-03	1.022176e-02	8.557302e-03	1.664462e-03
501           	3.481717e-01	1.730407e-01	1.751310e-01	-1.748442e-01	-1.391411e-01	-3.570307e-02	-5.171903e-02	-1.045161e-03	3.556587e-03	1.073860e-02	8.925886e-03	1.812713e-03
502           	3.485453e-01	1.727902e-01	1.757550e-01	-1.765615e-01	-1.404459e-01	-3.611558e-02	-5.216515e-02	-1.482388e-03	3.429918e-03	1.058192e-02	8.720876e-03	1.861040e-03
503           	3.490507e-01	1.727021e-01	1.763486e-01	-1.782784e-01	-1.414231e-01	-3.685532e-02	-5.228387e-02	-1.823244e-03	3.120828e-03	9.841729e-03	8.041693e-03	1.800036e-03
504           	3.498002e-01	1.728814e-01	1.769188e-01	-1.796636e-01	-1.420295e-01	-3.763403e-02	-5.219775e-02	-2.018706e-03	2.730890e-03	8.644626e-03	7.053203e-03	1.591424e-03
505           	3.506513e-01	1.731395e-01	1.775118e-01	-1.802013e-01	-1.420535e-01	-3.814777e-02	-5.195287e-02	-2.186158e-03	2.303888e-03	7.270067e-03	5.938922e-03	1.331145e-03
506           	3.515873e-01	1.734379e-01	1.781494e-01	-1.801286e-01	-1.418106e-01	-3.831801e-02	-5.174631e-02	-2.355733e-03	1.939546e-03	5.932884e-03	4.905988e-03	1.026896e-03
507           	3.524350e-01	1.736364e-01	1.787985e-01	-1.793482e-01	-1.412712e-01	-3.807692e-02	-5.159716e-02	-2.581032e-03	1.654654e-03	4.803627e-03	4.056467e-03	7.471598e-04
508           	3.531858e-01	1.737930e-01	1.793929e-01	-1.781823e-01	-1.406699e-01	-3.751235e-02	-5.157879e-02	-2.799950e-03	1.463082e-03	4.056921e-03	3.491543e-03	5.653789e-04
509           	3.537357e-01	1.738538e-01	1.798819e-01	-1.767356e-01	-1.399874e-01	-3.674817e-02	-5.161962e-02	-3.014076e-03	1.273394e-03	3.793552e-03	3.170170e-03	6.233821e-04
510           	3.541179e-01	1.739110e-01	1.802069e-01	-1.755895e-01	-1.395504e-01	-3.603908e-02	-5.175566e-02	-3.147939e-03	1.090903e-03	4.026879e-03	3.104342e-03	9.225367e-04
511           	3.542088e-01	1.739420e-01	1.802668e-01	-1.749261e-01	-1.393098e-01	-3.561632e-02	-5.184674e-02	-3.162437e-03	9.496424e-04	4.557910e-03	3.228597e-03	1.329313e-03
512           	3.541788e-01	1.741377e-01	1.800410e-01	-1.747163e-01	-1.391854e-01	-3.553092e-02	-5.182724e-02	-2.951639e-03	9.306729e-04	5.212597e-03	3.536971e-03	1.675626e-03
513           	3.539882e-01	1.744116e-01	1.795766e-01	-1.743617e-01	-1.388302e-01	-3.553146e-02	-5.164937e-02	-2.582493e-03	1.028014e-03	5.862032e-03	3.959030e-03	1.903002e-03
514           	3.538025e-01	1.747884e-01	1.790141e-01	-1.740486e-01	-1.384716e-01	-3.557700e-02	-5.144732e-02	-2.112871e-03	1.219460e-03	6.468012e-03	4.453466e-03	2.014545e-03
515           	3.535344e-01	1.750812e-01	1.784533e-01	-1.737315e-01	-1.380793e-01	-3.565219e-02	-5.121358e-02	-1.686045e-03	1.431272e-03	7.066973e-03	4.964759e-03	2.102215e-03
516           	3.532251e-01	1.752889e-01	1.779362e-01	-1.739153e-01	-1.379628e-01	-3.595248e-02	-5.100517e-02	-1.323652e-03	1.644768e-03	7.664753e-03	5.477145e-03	2.187609e-03
517           	3.526293e-01	1.751701e-01	1.774593e-01	-1.744462e-01	-1.379418e-01	-3.650442e-02	-5.071868e-02	-1.144600e-03	1.820082e-03	8.116895e-03	5.878530e-03	2.238365e-03
518           	3.517633e-01	1.747483e-01	1.770150e-01	-1.755090e-01	-1.382097e-01	-3.729929e-02	-5.045521e-02	-1.133346e-03	1.979314e-03	8.302636e-03	6.130632e-03	2.172005e-03
519           	3.505687e-01	1.739354e-01	1.766333e-01	-1.766085e-01	-1.383395e-01	-3.826900e-02	-5.003525e-02	-1.348938e-03	2.056522e-03	8.135724e-03	6.124385e-03	2.011340e-03
520           	3.492049e-01	1.729173e-01	1.762876e-01	-1.777466e-01	-1.383532e-01	-3.939343e-02	-4.947989e-02	-1.685149e-03	2.021391e-03	7.683677e-03	5.863229e-03	1.820448e-03
521           	3.476654e-01	1.717550e-01	1.759104e-01	-1.789160e-01	-1.382176e-01	-4.069833e-02	-4.875965e-02	-2.077709e-03	1.845178e-03	6.930256e-03	5.310306e-03	1.619949e-03
522           	3.461497e-01	1.707296e-01	1.754200e-01	-1.804846e-01	-1.382351e-01	-4.224955e-02	-4.799276e-02	-2.345214e-03	1.532475e-03	5.910605e-03	4.487777e-03	1.422828e-03
523           	3.447659e-01	1.699335e-01	1.748324e-01	-1.823466e-01	-1.384121e-01	-4.393448e-02	-4.723882e-02	-2.449489e-03	1.100565e-03	4.720732e-03	3.460932e-03	1.259801e-03
524           	3.437010e-01	1.694653e-01	1.742358e-01	-1.843767e-01	-1.388365e-01	-4.554021e-02	-4.664815e-02	-2.385230e-03	6.349322e-04	3.511059e-03	2.390462e-03	1.120597e-03
525           	3.429379e-01	1.692203e-01	1.737175e-01	-1.860265e-01	-1.392192e-01	-4.680733e-02	-4.620592e-02	-2.248605e-03	2.137725e-04	2.474774e-03	1.451159e-03	1.023614e-03
526           	3.425656e-01	1.691740e-01	1.733916e-01	-1.871423e-01	-1.396196e-01	-4.752278e-02	-4.604839e-02	-2.108801e-03	-3.377783e-05	1.834943e-03	8.836937e-04	9.512494e-04
527           	3.425052e-01	1.692026e-01	1.733026e-01	-1.872826e-01	-1.397984e-01	-4.748425e-02	-4.615705e-02	-2.050008e-03	-6.982972e-05	1.685389e-03	7.728650e-04	9.125244e-04
528           	3.428103e-01	1.693200e-01	1.734903e-01	-1.864942e-01	-1.398961e-01	-4.659813e-02	-4.664897e-02	-2.085152e-03	8.856197e-05	2.121815e-03	1.149470e-03	9.723457e-04
529           	3.434205e-01	1.694665e-01	1.739540e-01	-1.850341e-01	-1.399054e-01	-4.512866e-02	-4.738838e-02	-2.243749e-03	4.001693e-04	3.107304e-03	1.953821e-03	1.153483e-03
530           	3.443002e-01	1.697578e-01	1.745424e-01	-1.835634e-01	-1.400433e-01	-4.352006e-02	-4.826163e-02	-2.392284e-03	8.803839e-04	4.483071e-03	3.121919e-03	1.361151e-03
531           	3.452549e-01	1.701001e-01	1.751548e-01	-1.820696e-01	-1.401535e-01	-4.191611e-02	-4.911868e-02	-2.527341e-03	1.503007e-03	6.189958e-03	4.597986e-03	1.591972e-03
532           	3.462758e-01	1.705507e-01	1.757251e-01	-1.805980e-01	-1.402412e-01	-4.035685e-02	-4.994218e-02	-2.587169e-03	2.283589e-03	8.089061e-03	6.328119e-03	1.760942e-03
533           	3.472354e-01	1.709971e-01	1.762383e-01	-1.788722e-01	-1.401267e-01	-3.874553e-02	-5.069057e-02	-2.620641e-03	3.169419e-03	9.991523e-03	8.165181e-03	1.826342e-03
534           	3.481742e-01	1.714594e-01	1.767148e-01	-1.771720e-01	-1.400934e-01	-3.707860e-02	-5.150738e-02	-2.627674e-03	4.110684e-03	1.182109e-02	1.002123e-02	1.799860e-03
535           	3.489451e-01	1.717641e-01	1.771810e-01	-1.753479e-01	-1.399778e-01	-3.537002e-02	-5.230391e-02	-2.708449e-03	5.042034e-03	1.343600e-02	1.176003e-02	1.675964e-03
536           	3.496097e-01	1.719569e-01	1.776527e-01	-1.736465e-01	-1.398801e-01	-3.376639e-02	-5.305686e-02	-2.847890e-03	5.918901e-03	1.469603e-02	1.326692e-02	1.429116e-03
537           	3.501288e-01	1.719905e-01	1.781383e-01	-1.720090e-01	-1.394648e-01	-3.254415e-02	-5.346034e-02	-3.073906e-03	6.668211e-03	1.539058e-02	1.436350e-02	1.027078e-03
538           	3.505189e-01	1.719667e-01	1.785522e-01	-1.709859e-01	-1.388439e-01	-3.214199e-02	-5.335094e-02	-3.292762e-03	7.210129e-03	1.530387e-02	1.486206e-02	4.418054e-04
539           	3.506623e-01	1.717328e-01	1.789294e-01	-1.707892e-01	-1.381123e-01	-3.267684e-02	-5.271774e-02	-3.598302e-03	7.263707e-03	1.467930e-02	1.460336e-02	7.594241e-05
540           	3.506554e-01	1.713679e-01	1.792876e-01	-1.715953e-01	-1.375763e-01	-3.401904e-02	-5.177862e-02	-3.959870e-03	6.827204e-03	1.378800e-02	1.372121e-02	6.679782e-05
541           	3.504581e-01	1.708874e-01	1.795707e-01	-1.731774e-01	-1.371345e-01	-3.604298e-02	-5.054574e-02	-4.341650e-03	5.974621e-03	1.268138e-02	1.231531e-02	3.660682e-04
542           	3.501599e-01	1.704589e-01	1.797010e-01	-1.754769e-01	-1.369807e-01	-3.849619e-02	-4.924226e-02	-4.621022e-03	4.818997e-03	1.138087e-02	1.050943e-02	8.714396e-04
543           	3.498206e-01	1.701702e-01	1.796504e-01	-1.782300e-01	-1.370706e-01	-4.115932e-02	-4.795566e-02	-4.740143e-03	3.509308e-03	9.829274e-03	8.423945e-03	1.405328e-03
544           	3.495660e-01	1.701405e-01	1.794254e-01	-1.811730e-01	-1.374300e-01	-4.374294e-02	-4.684353e-02	-4.642456e-03	2.212970e-03	8.100705e-03	6.263322e-03	1.837383e-03
545           	3.494542e-01	1.703494e-01	1.791048e-01	-1.837205e-01	-1.376817e-01	-4.603882e-02	-4.582144e-02	-4.377743e-03	1.035637e-03	6.352034e-03	4.211654e-03	2.140379e-03
546           	3.495744e-01	1.707897e-01	1.787847e-01	-1.857140e-01	-1.378653e-01	-4.784872e-02	-4.500829e-02	-3.997501e-03	9.821056e-05	4.847372e-03	2.521896e-03	2.325475e-03
547           	3.498710e-01	1.713036e-01	1.785675e-01	-1.867217e-01	-1.377536e-01	-4.896811e-02	-4.439276e-02	-3.631941e-03	-5.851532e-04	3.815694e-03	1.322694e-03	2.493000e-03
548           	3.503423e-01	1.718414e-01	1.785009e-01	-1.867428e-01	-1.374598e-01	-4.928300e-02	-4.408841e-02	-3.329741e-03	-9.772584e-04	3.397300e-03	7.213915e-04	2.675908e-03
549           	3.509023e-01	1.723546e-01	1.785477e-01	-1.859687e-01	-1.369771e-01	-4.899160e-02	-4.399273e-02	-3.096511e-03	-1.019774e-03	3.429206e-03	6.948289e-04	2.734377e-03
550           	3.515854e-01	1.729286e-01	1.786568e-01	-1.850387e-01	-1.367210e-01	-4.831768e-02	-4.420165e-02	-2.864130e-03	-7.384245e-04	3.932223e-03	1.227687e-03	2.704536e-03
551           	3.523196e-01	1.734753e-01	1.788442e-01	-1.837611e-01	-1.365499e-01	-4.721123e-02	-4.466933e-02	-2.684456e-03	-2.188346e-04	4.877488e-03	2.219910e-03	2.657579e-03
552           	3.531146e-01	1.740242e-01	1.790904e-01	-1.822254e-01	-1.366221e-01	-4.560327e-02	-4.550943e-02	-2.533096e-03	5.059978e-04	6.210727e-03	3.611361e-03	2.599366e-03
553           	3.537761e-01	1.744459e-01	1.793302e-01	-1.801694e-01	-1.367741e-01	-4.339528e-02	-4.668943e-02	-2.442165e-03	1.359730e-03	7.751802e-03	5.235631e-03	2.516171e-03
554           	3.542554e-01	1.747899e-01	1.794655e-01	-1.777031e-01	-1.371301e-01	-4.057298e-02	-4.827857e-02	-2.337801e-03	2.292852e-03	9.266953e-03	6.926328e-03	2.340624e-03
555           	3.543719e-01	1.749174e-01	1.794545e-01	-1.744195e-01	-1.372764e-01	-3.714307e-02	-5.006669e-02	-2.268572e-03	3.217873e-03	1.065646e-02	8.546103e-03	2.110357e-03
556           	3.541851e-01	1.748700e-01	1.793151e-01	-1.704159e-01	-1.371313e-01	-3.328468e-02	-5.192329e-02	-2.222535e-03	4.122527e-03	1.184303e-02	1.004404e-02	1.798985e-03
557           	3.536650e-01	1.745424e-01	1.791226e-01	-1.660868e-01	-1.364947e-01	-2.959208e-02	-5.345133e-02	-2.290135e-03	4.940505e-03	1.274135e-02	1.131118e-02	1.430168e-03
558           	3.529798e-01	1.739921e-01	1.789877e-01	-1.626452e-01	-1.358364e-01	-2.680882e-02	-5.451377e-02	-2.497783e-03	5.548300e-03	1.337462e-02	1.223561e-02	1.139009e-03
559           	3.520581e-01	1.731147e-01	1.789434e-01	-1.606851e-01	-1.354394e-01	-2.524565e-02	-5.509688e-02	-2.914368e-03	5.821555e-03	1.383027e-02	1.273669e-02	1.093580e-03
560           	3.509493e-01	1.719703e-01	1.789790e-01	-1.606020e-01	-1.358166e-01	-2.478543e-02	-5.551558e-02	-3.504347e-03	5.812573e-03	1.420978e-02	1.291746e-02	1.292318e-03
561           	3.497299e-01	1.706582e-01	1.790717e-01	-1.621521e-01	-1.368116e-01	-2.534050e-02	-5.573555e-02	-4.206708e-03	5.598886e-03	1.447942e-02	1.283859e-02	1.640822e-03
562           	3.485425e-01	1.693734e-01	1.791691e-01	-1.650135e-01	-1.384007e-01	-2.661287e-02	-5.589391e-02	-4.897825e-03	5.309447e-03	1.459951e-02	1.260920e-02	1.990310e-03
563           	3.474951e-01	1.682752e-01	1.792199e-01	-1.683104e-01	-1.399732e-01	-2.833724e-02	-5.581796e-02	-5.472380e-03	4.998832e-03	1.448631e-02	1.224199e-02	2.244321e-03
564           	3.468156e-01	1.675884e-01	1.792272e-01	-1.714864e-01	-1.412765e-01	-3.020994e-02	-5.553327e-02	-5.819391e-03	4.753955e-03	1.405323e-02	1.178057e-02	2.272659e-03
565           	3.465267e-01	1.673099e-01	1.792168e-01	-1.740230e-01	-1.419755e-01	-3.204749e-02	-5.496402e-02	-5.953410e-03	4.669276e-03	1.336661e-02	1.135258e-02	2.014027e-03
566           	3.466214e-01	1.673857e-01	1.792358e-01	-1.757661e-01	-1.421384e-01	-3.362775e-02	-5.425531e-02	-5.925040e-03	4.804020e-03	1.270419e-02	1.115611e-02	1.548073e-03
567           	3.469764e-01	1.676355e-01	1.793409e-01	-1.763764e-01	-1.416570e-01	-3.471943e-02	-5.346877e-02	-5.852694e-03	5.108910e-03	1.242231e-02	1.132007e-02	1.102246e-03
568           	3.475835e-01	1.679954e-01	1.795881e-01	-1.760746e-01	-1.408059e-01	-3.526872e-02	-5.276858e-02	-5.796379e-03	5.561016e-03	1.280495e-02	1.196349e-02	8.414602e-04
569           	3.483270e-01	1.683731e-01	1.799540e-01	-1.751069e-01	-1.397039e-01	-3.540307e-02	-5.215039e-02	-5.790463e-03	6.127993e-03	1.382223e-02	1.303911e-02	7.831217e-04
570           	3.492623e-01	1.688227e-01	1.804396e-01	-1.739474e-01	-1.387233e-01	-3.522409e-02	-5.174961e-02	-5.808467e-03	6.811619e-03	1.539125e-02	1.450724e-02	8.840060e-04
571           	3.502877e-01	1.692349e-01	1.810528e-01	-1.724596e-01	-1.377859e-01	-3.467368e-02	-5.155611e-02	-5.908934e-03	7.572457e-03	1.742012e-02	1.628252e-02	1.137603e-03
572           	3.514052e-01	1.696539e-01	1.817513e-01	-1.708267e-01	-1.371460e-01	-3.368075e-02	-5.173261e-02	-6.048668e-03	8.398845e-03	1.970837e-02	1.825303e-02	1.455339e-03
573           	3.524072e-01	1.699689e-01	1.824383e-01	-1.687566e-01	-1.366254e-01	-3.213122e-02	-5.224710e-02	-6.234721e-03	9.260679e-03	2.192185e-02	2.022160e-02	1.700247e-03
574           	3.532002e-01	1.702309e-01	1.829692e-01	-1.664201e-01	-1.363663e-01	-3.005386e-02	-5.315620e-02	-6.369157e-03	1.011567e-02	2.379500e-02	2.201317e-02	1.781827e-03
575           	3.536438e-01	1.703884e-01	1.832554e-01	-1.635525e-01	-1.360497e-01	-2.750286e-02	-5.427340e-02	-6.433514e-03	1.090358e-02	2.514864e-02	2.347790e-02	1.670740e-03
576           	3.538402e-01	1.705054e-01	1.833348e-01	-1.604343e-01	-1.357258e-01	-2.470853e-02	-5.550863e-02	-6.414687e-03	1.170135e-02	2.592233e-02	2.466251e-02	1.259817e-03
577           	3.537665e-01	1.704555e-01	1.833111e-01	-1.574606e-01	-1.352631e-01	-2.219745e-02	-5.653285e-02	-6.427814e-03	1.243980e-02	2.611293e-02	2.549626e-02	6.166658e-04
578           	3.535454e-01	1.702350e-01	1.833103e-01	-1.554902e-01	-1.350104e-01	-2.047982e-02	-5.726529e-02	-6.537643e-03	1.288192e-02	2.589831e-02	2.583107e-02	6.723914e-05
579           	3.532323e-01	1.698411e-01	1.833912e-01	-1.548319e-01	-1.349420e-01	-1.988990e-02	-5.752606e-02	-6.775040e-03	1.292257e-02	2.535836e-02	2.560175e-02	-2.433904e-04
580           	3.528655e-01	1.693578e-01	1.835077e-01	-1.559167e-01	-1.354047e-01	-2.051200e-02	-5.744635e-02	-7.074910e-03	1.260457e-02	2.463619e-02	2.492266e-02	-2.864682e-04
581           	3.523715e-01	1.687985e-01	1.835730e-01	-1.585721e-01	-1.363081e-01	-2.226398e-02	-5.702206e-02	-7.387206e-03	1.199568e-02	2.385670e-02	2.392403e-02	-6.732941e-05
582           	3.517812e-01	1.682572e-01	1.835240e-01	-1.624266e-01	-1.377281e-01	-2.469849e-02	-5.651480e-02	-7.633436e-03	1.127238e-02	2.310430e-02	2.282453e-02	2.797702e-04
583           	3.510830e-01	1.677489e-01	1.833341e-01	-1.665941e-01	-1.392214e-01	-2.737263e-02	-5.592440e-02	-7.792618e-03	1.053209e-02	2.240253e-02	2.173335e-02	6.691736e-04
584           	3.503881e-01	1.673857e-01	1.830024e-01	-1.705033e-01	-1.406227e-01	-2.988057e-02	-5.537109e-02	-7.808347e-03	9.890337e-03	2.166528e-02	2.072298e-02	9.423029e-04
585           	3.496922e-01	1.671516e-01	1.825406e-01	-1.735707e-01	-1.415233e-01	-3.204741e-02	-5.473795e-02	-7.694474e-03	9.447431e-03	2.089704e-02	1.989595e-02	1.001091e-03
586           	3.490162e-01	1.670327e-01	1.819835e-01	-1.757439e-01	-1.420097e-01	-3.373428e-02	-5.413770e-02	-7.475403e-03	9.252681e-03	2.032483e-02	1.941509e-02	9.097315e-04
587           	3.482925e-01	1.668618e-01	1.814306e-01	-1.766709e-01	-1.418816e-01	-3.478939e-02	-5.354608e-02	-7.284409e-03	9.231045e-03	2.022671e-02	1.934440e-02	8.823106e-04
588           	3.476576e-01	1.667189e-01	1.809387e-01	-1.766542e-01	-1.414593e-01	-3.519491e-02	-5.313219e-02	-7.109891e-03	9.329107e-03	2.072532e-02	1.969177e-02	1.033553e-03
589           	3.472260e-01	1.666647e-01	1.805613e-01	-1.763065e-01	-1.409929e-01	-3.531359e-02	-5.283967e-02	-6.948290e-03	9.594458e-03	2.175722e-02	2.047307e-02	1.284153e-03
590           	3.470940e-01	1.667314e-01	1.803626e-01	-1.763113e-01	-1.408417e-01	-3.546957e-02	-5.268609e-02	-6.815586e-03	1.007925e-02	2.324275e-02	2.170063e-02	1.542126e-03
591           	3.472122e-01	1.667883e-01	1.804239e-01	-1.765227e-01	-1.408115e-01	-3.571115e-02	-5.255020e-02	-6.817835e-03	1.067346e-02	2.513914e-02	2.324303e-02	1.896115e-03
592           	3.475927e-01	1.668524e-01	1.807402e-01	-1.767690e-01	-1.409055e-01	-3.586351e-02	-5.252102e-02	-6.943887e-03	1.133490e-02	2.726449e-02	2.496714e-02	2.297345e-03
593           	3.480417e-01	1.668235e-01	1.812182e-01	-1.765018e-01	-1.407914e-01	-3.571041e-02	-5.254047e-02	-7.197381e-03	1.201322e-02	2.933078e-02	2.667861e-02	2.652175e-03
594           	3.484705e-01	1.667582e-01	1.817123e-01	-1.756911e-01	-1.405509e-01	-3.514015e-02	-5.270538e-02	-7.477085e-03	1.265675e-02	3.101630e-02	2.816490e-02	2.851403e-03
595           	3.487377e-01	1.666440e-01	1.820937e-01	-1.739381e-01	-1.398488e-01	-3.408933e-02	-5.287974e-02	-7.724857e-03	1.313751e-02	3.201340e-02	2.914421e-02	2.869189e-03
596           	3.488413e-01	1.665389e-01	1.823024e-01	-1.714787e-01	-1.388747e-01	-3.260399e-02	-5.313536e-02	-7.881748e-03	1.340383e-02	3.216049e-02	2.948408e-02	2.676413e-03
597           	3.487243e-01	1.663448e-01	1.823794e-01	-1.685624e-01	-1.375632e-01	-3.099922e-02	-5.328197e-02	-8.017311e-03	1.346162e-02	3.146229e-02	2.919276e-02	2.269525e-03
598           	3.485120e-01	1.660658e-01	1.824462e-01	-1.663333e-01	-1.364870e-01	-2.984625e-02	-5.332038e-02	-8.190229e-03	1.326133e-02	3.016498e-02	2.834382e-02	1.821160e-03
599           	3.482124e-01	1.656256e-01	1.825869e-01	-1.655146e-01	-1.360094e-01	-2.950521e-02	-5.325209e-02	-8.480673e-03	1.273409e-02	2.854527e-02	2.700673e-02	1.538548e-03
600           	3.478526e-01	1.650931e-01	1.827595e-01	-1.662917e-01	-1.364597e-01	-2.983197e-02	-5.331387e-02	-8.833210e-03	1.188420e-02	2.680632e-02	2.528736e-02	1.518965e-03
601           	3.473960e-01	1.644944e-01	1.829016e-01	-1.683825e-01	-1.377518e-01	-3.063071e-02	-5.356055e-02	-9.203580e-03	1.082369e-02	2.505957e-02	2.335348e-02	1.706091e-03
602           	3.469959e-01	1.640065e-01	1.829894e-01	-1.713622e-01	-1.397417e-01	-3.162050e-02	-5.406059e-02	-9.491452e-03	9.657866e-03	2.344766e-02	2.138169e-02	2.065962e-03
603           	3.467240e-01	1.637148e-01	1.830093e-01	-1.744139e-01	-1.418159e-01	-3.259803e-02	-5.460893e-02	-9.647254e-03	8.518701e-03	2.204339e-02	1.954040e-02	2.502996e-03
604           	3.466882e-01	1.637336e-01	1.829546e-01	-1.769903e-01	-1.436286e-01	-3.336171e-02	-5.513343e-02	-9.610500e-03	7.559098e-03	2.088334e-02	1.800077e-02	2.882572e-03
605           	3.469084e-01	1.640880e-01	1.828203e-01	-1.783774e-01	-1.445438e-01	-3.383360e-02	-5.535508e-02	-9.366169e-03	6.855909e-03	1.994259e-02	1.682720e-02	3.115385e-03
606           	3.474474e-01	1.648047e-01	1.826427e-01	-1.784669e-01	-1.444570e-01	-3.400992e-02	-5.522355e-02	-8.919030e-03	6.483353e-03	1.922595e-02	1.609633e-02	3.129621e-03
607           	3.482076e-01	1.657089e-01	1.824987e-01	-1.771290e-01	-1.431881e-01	-3.394095e-02	-5.462357e-02	-8.394863e-03	6.435987e-03	1.888022e-02	1.587610e-02	3.004123e-03
608           	3.492116e-01	1.667465e-01	1.824651e-01	-1.752182e-01	-1.412997e-01	-3.391848e-02	-5.369061e-02	-7.859295e-03	6.710841e-03	1.903098e-02	1.622633e-02	2.804647e-03
609           	3.503147e-01	1.677990e-01	1.825156e-01	-1.737712e-01	-1.395063e-01	-3.426491e-02	-5.262071e-02	-7.358314e-03	7.314632e-03	1.966549e-02	1.714738e-02	2.518113e-03
610           	3.515761e-01	1.688575e-01	1.827185e-01	-1.734208e-01	-1.383647e-01	-3.505605e-02	-5.165433e-02	-6.930506e-03	8.194445e-03	2.083281e-02	1.861085e-02	2.221958e-03
611           	3.528473e-01	1.697388e-01	1.831085e-01	-1.739152e-01	-1.377407e-01	-3.617449e-02	-5.078311e-02	-6.684868e-03	9.188750e-03	2.249316e-02	2.043533e-02	2.057830e-03
612           	3.540848e-01	1.703879e-01	1.836969e-01	-1.748739e-01	-1.375082e-01	-3.736569e-02	-5.007124e-02	-6.654483e-03	1.017101e-02	2.452612e-02	2.243407e-02	2.092054e-03
613           	3.551014e-01	1.707199e-01	1.843815e-01	-1.756044e-01	-1.371799e-01	-3.842459e-02	-4.937763e-02	-6.830791e-03	1.104605e-02	2.662637e-02	2.435924e-02	2.267134e-03
614           	3.558469e-01	1.708180e-01	1.850289e-01	-1.760273e-01	-1.367623e-01	-3.926502e-02	-4.874862e-02	-7.105444e-03	1.176977e-02	2.848547e-02	2.601251e-02	2.472967e-03
615           	3.562300e-01	1.707021e-01	1.855280e-01	-1.758629e-01	-1.359653e-01	-3.989757e-02	-4.803387e-02	-7.412936e-03	1.231789e-02	2.975410e-02	2.719494e-02	2.559161e-03
616           	3.563758e-01	1.705417e-01	1.858341e-01	-1.751739e-01	-1.347856e-01	-4.038830e-02	-4.719867e-02	-7.646187e-03	1.272167e-02	3.019082e-02	2.781708e-02	2.373740e-03
617           	3.562623e-01	1.702567e-01	1.860056e-01	-1.740528e-01	-1.331154e-01	-4.093734e-02	-4.608904e-02	-7.874407e-03	1.293069e-02	2.988979e-02	2.787559e-02	2.014200e-03
618           	3.559662e-01	1.698314e-01	1.861348e-01	-1.731375e-01	-1.314755e-01	-4.166194e-02	-4.490680e-02	-8.151707e-03	1.286254e-02	2.923772e-02	2.748140e-02	1.756321e-03
619           	3.554185e-01	1.691422e-01	1.862763e-01	-1.726939e-01	-1.300578e-01	-4.263605e-02	-4.371088e-02	-8.567090e-03	1.250065e-02	2.850468e-02	2.675299e-02	1.751696e-03
620           	3.545949e-01	1.682143e-01	1.863806e-01	-1.730660e-01	-1.293983e-01	-4.366775e-02	-4.286527e-02	-9.083160e-03	1.194686e-02	2.786623e-02	2.587997e-02	1.986260e-03
621           	3.535216e-01	1.670936e-01	1.864280e-01	-1.742481e-01	-1.296045e-01	-4.464356e-02	-4.248047e-02	-9.667209e-03	1.128099e-02	2.734122e-02	2.495160e-02	2.389616e-03
622           	3.524143e-01	1.660067e-01	1.864077e-01	-1.761272e-01	-1.307227e-01	-4.540454e-02	-4.265908e-02	-1.020050e-02	1.062303e-02	2.694947e-02	2.409776e-02	2.851710e-03
623           	3.514584e-01	1.650853e-01	1.863730e-01	-1.781502e-01	-1.322262e-01	-4.592397e-02	-4.315110e-02	-1.064386e-02	1.004634e-02	2.667615e-02	2.338441e-02	3.291734e-03
624           	3.508312e-01	1.645208e-01	1.863104e-01	-1.798705e-01	-1.337937e-01	-4.607683e-02	-4.385843e-02	-1.089477e-02	9.661288e-03	2.643925e-02	2.288091e-02	3.558337e-03
625           	3.504941e-01	1.642898e-01	1.862043e-01	-1.805742e-01	-1.348273e-01	-4.574694e-02	-4.454017e-02	-1.095723e-02	9.518409e-03	2.619694e-02	2.261688e-02	3.580059e-03
626           	3.504190e-01	1.644422e-01	1.859768e-01	-1.799419e-01	-1.351194e-01	-4.482253e-02	-4.514841e-02	-1.076728e-02	9.643109e-03	2.594801e-02	2.261712e-02	3.330898e-03
627           	3.505389e-01	1.648839e-01	1.856549e-01	-1.780413e-01	-1.345117e-01	-4.352963e-02	-4.549102e-02	-1.038548e-02	9.950618e-03	2.577711e-02	2.283917e-02	2.937935e-03
628           	3.509142e-01	1.656284e-01	1.852858e-01	-1.758738e-01	-1.335848e-01	-4.228894e-02	-4.564794e-02	-9.828713e-03	1.043736e-02	2.584518e-02	2.335995e-02	2.485233e-03
629           	3.514487e-01	1.665180e-01	1.849307e-01	-1.740374e-01	-1.327729e-01	-4.126453e-02	-4.575418e-02	-9.206386e-03	1.105485e-02	2.623961e-02	2.417466e-02	2.064955e-03
630           	3.521175e-01	1.674510e-01	1.846665e-01	-1.728638e-01	-1.324191e-01	-4.044468e-02	-4.598722e-02	-8.607756e-03	1.176601e-02	2.700650e-02	2.526926e-02	1.737243e-03
631           	3.527699e-01	1.682102e-01	1.845597e-01	-1.719849e-01	-1.323338e-01	-3.965111e-02	-4.634135e-02	-8.174726e-03	1.238164e-02	2.821652e-02	2.648990e-02	1.726617e-03
632           	3.533045e-01	1.687667e-01	1.845378e-01	-1.712002e-01	-1.325092e-01	-3.869099e-02	-4.690909e-02	-7.885530e-03	1.285297e-02	2.963194e-02	2.766894e-02	1.962999e-03
633           	3.535979e-01	1.690256e-01	1.845723e-01	-1.702430e-01	-1.326669e-01	-3.757610e-02	-4.754538e-02	-7.773316e-03	1.317463e-02	3.092137e-02	2.863531e-02	2.286057e-03
634           	3.536224e-01	1.690668e-01	1.845556e-01	-1.692861e-01	-1.329247e-01	-3.636134e-02	-4.828168e-02	-7.744399e-03	1.334690e-02	3.187472e-02	2.928426e-02	2.590458e-03
635           	3.533342e-01	1.688771e-01	1.844571e-01	-1.682815e-01	-1.330798e-01	-3.520176e-02	-4.893901e-02	-7.790002e-03	1.334570e-02	3.230479e-02	2.949810e-02	2.806693e-03
636           	3.528629e-01	1.686239e-01	1.842390e-01	-1.673792e-01	-1.330553e-01	-3.432384e-02	-4.936574e-02	-7.807541e-03	1.319745e-02	3.199061e-02	2.919276e-02	2.797858e-03
637           	3.523286e-01	1.683364e-01	1.839922e-01	-1.666659e-01	-1.325891e-01	-3.407683e-02	-4.925612e-02	-7.827920e-03	1.290142e-02	3.093502e-02	2.836893e-02	2.566088e-03
638           	3.518006e-01	1.680399e-01	1.837606e-01	-1.664482e-01	-1.319632e-01	-3.448501e-02	-4.873911e-02	-7.860336e-03	1.242412e-02	2.942205e-02	2.713515e-02	2.286905e-03
639           	3.512504e-01	1.676305e-01	1.836199e-01	-1.666546e-01	-1.312864e-01	-3.536827e-02	-4.795905e-02	-7.994690e-03	1.172322e-02	2.782456e-02	2.563550e-02	2.189061e-03
640           	3.506936e-01	1.671409e-01	1.835528e-01	-1.675827e-01	-1.311106e-01	-3.647205e-02	-4.731930e-02	-8.205940e-03	1.084937e-02	2.632415e-02	2.401145e-02	2.312708e-03
641           	3.501334e-01	1.665730e-01	1.835604e-01	-1.692488e-01	-1.316160e-01	-3.763273e-02	-4.699165e-02	-8.493732e-03	9.883357e-03	2.505033e-02	2.240852e-02	2.641806e-03
642           	3.496928e-01	1.660884e-01	1.836043e-01	-1.716027e-01	-1.329175e-01	-3.868522e-02	-4.711615e-02	-8.757944e-03	8.942159e-03	2.397792e-02	2.093112e-02	3.046803e-03
643           	3.494011e-01	1.657225e-01	1.836786e-01	-1.740965e-01	-1.346089e-01	-3.948765e-02	-4.756062e-02	-8.978012e-03	8.144385e-03	2.308381e-02	1.968629e-02	3.397523e-03
644           	3.493811e-01	1.655938e-01	1.837873e-01	-1.763230e-01	-1.363975e-01	-3.992554e-02	-4.823598e-02	-9.096749e-03	7.606927e-03	2.236733e-02	1.879059e-02	3.576736e-03
645           	3.496546e-01	1.656618e-01	1.839929e-01	-1.777762e-01	-1.378030e-01	-3.997313e-02	-4.891495e-02	-9.165558e-03	7.393097e-03	2.189577e-02	1.834098e-02	3.554786e-03
646           	3.502033e-01	1.659386e-01	1.842646e-01	-1.780785e-01	-1.385745e-01	-3.950394e-02	-4.953529e-02	-9.163002e-03	7.454806e-03	2.182070e-02	1.836516e-02	3.455542e-03
647           	3.508957e-01	1.663289e-01	1.845668e-01	-1.769215e-01	-1.383126e-01	-3.860889e-02	-4.985183e-02	-9.118926e-03	7.716946e-03	2.218054e-02	1.880722e-02	3.373323e-03
648           	3.516530e-01	1.669274e-01	1.847256e-01	-1.749711e-01	-1.374731e-01	-3.749806e-02	-4.998751e-02	-8.899072e-03	8.271150e-03	2.280908e-02	1.967569e-02	3.133391e-03
649           	3.524428e-01	1.676564e-01	1.847864e-01	-1.728841e-01	-1.364983e-01	-3.638584e-02	-5.005622e-02	-8.565008e-03	9.107756e-03	2.372104e-02	2.096828e-02	2.752762e-03
650           	3.533362e-01	1.684547e-01	1.848815e-01	-1.712671e-01	-1.358225e-01	-3.544466e-02	-5.018891e-02	-8.213410e-03	1.016842e-02	2.506782e-02	2.270233e-02	2.365495e-03
651           	3.541121e-01	1.690351e-01	1.850770e-01	-1.701984e-01	-1.354574e-01	-3.474099e-02	-5.035823e-02	-8.020914e-03	1.126735e-02	2.689347e-02	2.471408e-02	2.179386e-03
652           	3.545992e-01	1.693335e-01	1.852657e-01	-1.696099e-01	-1.354802e-01	-3.412970e-02	-5.067524e-02	-7.966101e-03	1.233604e-02	2.906903e-02	2.687056e-02	2.198472e-03
653           	3.546510e-01	1.692256e-01	1.854254e-01	-1.690510e-01	-1.355293e-01	-3.352167e-02	-5.100383e-02	-8.099925e-03	1.329223e-02	3.126200e-02	2.892323e-02	2.338766e-03
654           	3.543300e-01	1.688328e-01	1.854972e-01	-1.683981e-01	-1.355256e-01	-3.287245e-02	-5.132657e-02	-8.332210e-03	1.410883e-02	3.320009e-02	3.070887e-02	2.491213e-03
655           	3.536955e-01	1.682018e-01	1.854937e-01	-1.674579e-01	-1.351941e-01	-3.226387e-02	-5.146510e-02	-8.645986e-03	1.475531e-02	3.457632e-02	3.204347e-02	2.532846e-03
656           	3.528548e-01	1.674910e-01	1.853638e-01	-1.665223e-01	-1.346616e-01	-3.186070e-02	-5.140044e-02	-8.936443e-03	1.519446e-02	3.519826e-02	3.279359e-02	2.404671e-03
657           	3.518447e-01	1.666851e-01	1.851596e-01	-1.659022e-01	-1.339383e-01	-3.196385e-02	-5.098724e-02	-9.237224e-03	1.530490e-02	3.507332e-02	3.284156e-02	2.231762e-03
658           	3.507265e-01	1.658870e-01	1.848394e-01	-1.659968e-01	-1.333369e-01	-3.265997e-02	-5.033845e-02	-9.476200e-03	1.503591e-02	3.434849e-02	3.221016e-02	2.138338e-03
659           	3.495726e-01	1.651127e-01	1.844600e-01	-1.668755e-01	-1.329409e-01	-3.393453e-02	-4.950321e-02	-9.673664e-03	1.440100e-02	3.319498e-02	3.099849e-02	2.196488e-03
660           	3.485418e-01	1.645032e-01	1.840387e-01	-1.687281e-01	-1.330899e-01	-3.563813e-02	-4.872589e-02	-9.767764e-03	1.348624e-02	3.175957e-02	2.936602e-02	2.393548e-03
661           	3.477791e-01	1.640831e-01	1.836960e-01	-1.714807e-01	-1.337970e-01	-3.768367e-02	-4.805668e-02	-9.806472e-03	1.240225e-02	3.017417e-02	2.748934e-02	2.684836e-03
662           	3.473994e-01	1.639353e-01	1.834641e-01	-1.748869e-01	-1.351188e-01	-3.976807e-02	-4.767537e-02	-9.764362e-03	1.130551e-02	2.862064e-02	2.561583e-02	3.004808e-03
663           	3.473282e-01	1.639774e-01	1.833508e-01	-1.782029e-01	-1.366508e-01	-4.155204e-02	-4.754940e-02	-9.686733e-03	1.032228e-02	2.719165e-02	2.391810e-02	3.273547e-03
664           	3.474988e-01	1.641780e-01	1.833209e-01	-1.807787e-01	-1.381052e-01	-4.267349e-02	-4.771585e-02	-9.571445e-03	9.583997e-03	2.604480e-02	2.260640e-02	3.438404e-03
665           	3.478046e-01	1.644493e-01	1.833553e-01	-1.820743e-01	-1.390721e-01	-4.300223e-02	-4.803493e-02	-9.452995e-03	9.107128e-03	2.520078e-02	2.170752e-02	3.493262e-03
666           	3.482276e-01	1.648248e-01	1.834028e-01	-1.816108e-01	-1.392464e-01	-4.236442e-02	-4.844100e-02	-9.289014e-03	8.835337e-03	2.473192e-02	2.120130e-02	3.530622e-03
667           	3.486910e-01	1.652633e-01	1.834277e-01	-1.793825e-01	-1.384407e-01	-4.094183e-02	-4.874943e-02	-9.082202e-03	8.598258e-03	2.457721e-02	2.088686e-02	3.690347e-03
668           	3.492408e-01	1.659499e-01	1.832909e-01	-1.762655e-01	-1.371744e-01	-3.909107e-02	-4.904167e-02	-8.670512e-03	8.475772e-03	2.454411e-02	2.074783e-02	3.796283e-03
669           	3.498782e-01	1.668329e-01	1.830453e-01	-1.727779e-01	-1.357553e-01	-3.702258e-02	-4.936635e-02	-8.106172e-03	8.553077e-03	2.454825e-02	2.082720e-02	3.721046e-03
670           	3.506219e-01	1.678177e-01	1.828043e-01	-1.692315e-01	-1.345112e-01	-3.472025e-02	-4.989549e-02	-7.493301e-03	8.863893e-03	2.477438e-02	2.125108e-02	3.523297e-03
671           	3.512849e-01	1.686111e-01	1.826738e-01	-1.655202e-01	-1.334695e-01	-3.205077e-02	-5.070934e-02	-7.031326e-03	9.335845e-03	2.535430e-02	2.201300e-02	3.341304e-03
672           	3.518455e-01	1.691632e-01	1.826823e-01	-1.618821e-01	-1.328666e-01	-2.901552e-02	-5.192553e-02	-6.759524e-03	9.882084e-03	2.625037e-02	2.300727e-02	3.243102e-03
673           	3.521073e-01	1.693259e-01	1.827814e-01	-1.584097e-01	-1.326358e-01	-2.577384e-02	-5.343098e-02	-6.727786e-03	1.040830e-02	2.723762e-02	2.402711e-02	3.210511e-03
674           	3.520929e-01	1.692312e-01	1.828617e-01	-1.555805e-01	-1.329470e-01	-2.263347e-02	-5.515678e-02	-6.815216e-03	1.085887e-02	2.800242e-02	2.486008e-02	3.142335e-03
675           	3.518428e-01	1.689397e-01	1.829031e-01	-1.534412e-01	-1.334293e-01	-2.001192e-02	-5.670870e-02	-6.981713e-03	1.116464e-02	2.820147e-02	2.526538e-02	2.936089e-03
676           	3.515176e-01	1.686404e-01	1.828772e-01	-1.524989e-01	-1.339931e-01	-1.850573e-02	-5.774370e-02	-7.118388e-03	1.131372e-02	2.762909e-02	2.512826e-02	2.500826e-03
677           	3.511460e-01	1.682808e-01	1.828652e-01	-1.528899e-01	-1.344032e-01	-1.848667e-02	-5.795828e-02	-7.292160e-03	1.113035e-02	2.648682e-02	2.437377e-02	2.113057e-03
678           	3.507957e-01	1.680005e-01	1.827952e-01	-1.544848e-01	-1.348346e-01	-1.965022e-02	-5.759219e-02	-7.397345e-03	1.056181e-02	2.486291e-02	2.299327e-02	1.869640e-03
679           	3.504947e-01	1.678430e-01	1.826518e-01	-1.569118e-01	-1.352872e-01	-2.162458e-02	-5.683132e-02	-7.404415e-03	9.637567e-03	2.284746e-02	2.106130e-02	1.786161e-03
680           	3.503666e-01	1.679236e-01	1.824431e-01	-1.598986e-01	-1.359508e-01	-2.394777e-02	-5.600153e-02	-7.259765e-03	8.442793e-03	2.065416e-02	1.876987e-02	1.884285e-03
681           	3.504980e-01	1.681642e-01	1.823339e-01	-1.631795e-01	-1.367537e-01	-2.642580e-02	-5.516395e-02	-7.084845e-03	7.067719e-03	1.860111e-02	1.636827e-02	2.232834e-03
682           	3.509750e-01	1.685797e-01	1.823953e-01	-1.665876e-01	-1.377393e-01	-2.884829e-02	-5.444551e-02	-6.907808e-03	5.725862e-03	1.689316e-02	1.417244e-02	2.720718e-03
683           	3.516708e-01	1.690390e-01	1.826318e-01	-1.695350e-01	-1.385381e-01	-3.099692e-02	-5.377060e-02	-6.796442e-03	4.596661e-03	1.554357e-02	1.236845e-02	3.175124e-03
684           	3.524751e-01	1.695570e-01	1.829181e-01	-1.717978e-01	-1.391362e-01	-3.266156e-02	-5.323733e-02	-6.680537e-03	3.818840e-03	1.445206e-02	1.104487e-02	3.407188e-03
685           	3.532987e-01	1.700488e-01	1.832500e-01	-1.729502e-01	-1.392030e-01	-3.374725e-02	-5.272787e-02	-6.600609e-03	3.363230e-03	1.368013e-02	1.020330e-02	3.476836e-03
686           	3.541500e-01	1.705721e-01	1.835778e-01	-1.729810e-01	-1.387971e-01	-3.418390e-02	-5.230659e-02	-6.502843e-03	3.186905e-03	1.338308e-02	9.878447e-03	3.504637e-03
687           	3.548778e-01	1.710599e-01	1.838179e-01	-1.721366e-01	-1.379687e-01	-3.416789e-02	-5.190040e-02	-6.379016e-03	3.231375e-03	1.357721e-02	1.001998e-02	3.557232e-03
688           	3.554327e-01	1.716320e-01	1.838007e-01	-1.707942e-01	-1.370989e-01	-3.369531e-02	-5.170177e-02	-6.084379e-03	3.607372e-03	1.412674e-02	1.067074e-02	3.455997e-03
689           	3.557938e-01	1.721987e-01	1.835951e-01	-1.690671e-01	-1.361808e-01	-3.288630e-02	-5.164727e-02	-5.698163e-03	4.333845e-03	1.497163e-02	1.181966e-02	3.151970e-03
690           	3.560185e-01	1.727417e-01	1.832768e-01	-1.671908e-01	-1.354791e-01	-3.171166e-02	-5.188373e-02	-5.267520e-03	5.352753e-03	1.623579e-02	1.347065e-02	2.765143e-03
691           	3.560190e-01	1.730352e-01	1.829838e-01	-1.649979e-01	-1.348703e-01	-3.012762e-02	-5.237134e-02	-4.974260e-03	6.538677e-03	1.799565e-02	1.553650e-02	2.459149e-03
692           	3.557947e-01	1.730463e-01	1.827484e-01	-1.625933e-01	-1.344442e-01	-2.814914e-02	-5.314751e-02	-4.851020e-03	7.849635e-03	2.012602e-02	1.791265e-02	2.213377e-03
693           	3.552373e-01	1.726791e-01	1.825582e-01	-1.600075e-01	-1.340310e-01	-2.597653e-02	-5.402723e-02	-4.939547e-03	9.197950e-03	2.237639e-02	2.038614e-02	1.990244e-03
694           	3.543625e-01	1.720582e-01	1.823043e-01	-1.575481e-01	-1.337095e-01	-2.383861e-02	-5.493545e-02	-5.123045e-03	1.054083e-02	2.441334e-02	2.274750e-02	1.665841e-03
695           	3.532081e-01	1.711951e-01	1.820130e-01	-1.554558e-01	-1.332689e-01	-2.218689e-02	-5.554099e-02	-5.408919e-03	1.178916e-02	2.593152e-02	2.475493e-02	1.176597e-03
696           	3.520367e-01	1.702309e-01	1.818057e-01	-1.544454e-01	-1.329459e-01	-2.149951e-02	-5.572318e-02	-5.787387e-03	1.275679e-02	2.687882e-02	2.619620e-02	6.826178e-04
697           	3.509468e-01	1.691878e-01	1.817590e-01	-1.549155e-01	-1.327342e-01	-2.218134e-02	-5.527641e-02	-6.285584e-03	1.324509e-02	2.724221e-02	2.686619e-02	3.760206e-04
698           	3.499211e-01	1.681706e-01	1.817506e-01	-1.570436e-01	-1.329059e-01	-2.413765e-02	-5.438413e-02	-6.790000e-03	1.321972e-02	2.705914e-02	2.674929e-02	3.098517e-04
699           	3.489386e-01	1.672319e-01	1.817068e-01	-1.605107e-01	-1.334831e-01	-2.702766e-02	-5.322771e-02	-7.237447e-03	1.269763e-02	2.641994e-02	2.590760e-02	5.123435e-04
700           	3.480332e-01	1.664965e-01	1.815367e-01	-1.649045e-01	-1.346592e-01	-3.024531e-02	-5.220693e-02	-7.520124e-03	1.180431e-02	2.535044e-02	2.447953e-02	8.709088e-04
701           	3.472629e-01	1.659655e-01	1.812974e-01	-1.694965e-01	-1.361698e-01	-3.332676e-02	-5.142150e-02	-7.665963e-03	1.068148e-02	2.404280e-02	2.270288e-02	1.339923e-03
702           	3.467179e-01	1.656904e-01	1.810275e-01	-1.737241e-01	-1.379084e-01	-3.581575e-02	-5.104632e-02	-7.668540e-03	9.514780e-03	2.270408e-02	2.086682e-02	1.837261e-03
703           	3.463151e-01	1.655382e-01	1.807770e-01	-1.768947e-01	-1.394045e-01	-3.749021e-02	-5.095713e-02	-7.619393e-03	8.463007e-03	2.142471e-02	1.917536e-02	2.249347e-03
704           	3.460488e-01	1.654953e-01	1.805535e-01	-1.787486e-01	-1.404816e-01	-3.826695e-02	-5.110735e-02	-7.529079e-03	7.638827e-03	2.027865e-02	1.777815e-02	2.500498e-03
705           	3.458213e-01	1.654445e-01	1.803769e-01	-1.790046e-01	-1.408483e-01	-3.815625e-02	-5.134604e-02	-7.466207e-03	7.091455e-03	1.934405e-02	1.676348e-02	2.580569e-03
706           	3.456755e-01	1.654074e-01	1.802681e-01	-1.779132e-01	-1.406545e-01	-3.725866e-02	-5.169792e-02	-7.430381e-03	6.730874e-03	1.884778e-02	1.615476e-02	2.693015e-03
707           	3.457201e-01	1.654478e-01	1.802722e-01	-1.761794e-01	-1.401163e-01	-3.606314e-02	-5.202657e-02	-7.412202e-03	6.564437e-03	1.870315e-02	1.591601e-02	2.787140e-03
708           	3.460376e-01	1.657553e-01	1.802824e-01	-1.746204e-01	-1.398602e-01	-3.476016e-02	-5.255002e-02	-7.263557e-03	6.663451e-03	1.885881e-02	1.609286e-02	2.765956e-03
709           	3.465741e-01	1.662857e-01	1.802884e-01	-1.729661e-01	-1.396838e-01	-3.328228e-02	-5.320075e-02	-7.001367e-03	7.011099e-03	1.918280e-02	1.660250e-02	2.580302e-03
710           	3.473134e-01	1.670646e-01	1.802489e-01	-1.711160e-01	-1.395661e-01	-3.154982e-02	-5.400815e-02	-6.592158e-03	7.478871e-03	1.969007e-02	1.732391e-02	2.366165e-03
711           	3.480669e-01	1.678701e-01	1.801967e-01	-1.689390e-01	-1.393173e-01	-2.962172e-02	-5.484780e-02	-6.163313e-03	7.927352e-03	2.037295e-02	1.811383e-02	2.259125e-03
712           	3.487977e-01	1.686774e-01	1.801203e-01	-1.666862e-01	-1.389955e-01	-2.769068e-02	-5.565239e-02	-5.721453e-03	8.328625e-03	2.106472e-02	1.886099e-02	2.203734e-03
713           	3.493431e-01	1.693167e-01	1.800264e-01	-1.644342e-01	-1.384426e-01	-2.599159e-02	-5.622552e-02	-5.354872e-03	8.648201e-03	2.163062e-02	1.946351e-02	2.167110e-03
714           	3.497639e-01	1.698287e-01	1.799352e-01	-1.626798e-01	-1.378100e-01	-2.486974e-02	-5.647014e-02	-5.053255e-03	8.893380e-03	2.196906e-02	1.987791e-02	2.091150e-03
715           	3.500874e-01	1.701443e-01	1.799431e-01	-1.617943e-01	-1.369358e-01	-2.485850e-02	-5.603863e-02	-4.899356e-03	8.998706e-03	2.191008e-02	1.995374e-02	1.956332e-03
716           	3.503675e-01	1.702495e-01	1.801180e-01	-1.623015e-01	-1.361508e-01	-2.615068e-02	-5.500008e-02	-4.934287e-03	8.844884e-03	2.155574e-02	1.962275e-02	1.932985e-03
717           	3.506027e-01	1.700803e-01	1.805224e-01	-1.639577e-01	-1.353421e-01	-2.861558e-02	-5.336325e-02	-5.221047e-03	8.286204e-03	2.093997e-02	1.875619e-02	2.183780e-03
718           	3.507802e-01	1.697554e-01	1.810248e-01	-1.665681e-01	-1.347027e-01	-3.186541e-02	-5.141863e-02	-5.634659e-03	7.403097e-03	2.004788e-02	1.742704e-02	2.620843e-03
719           	3.508455e-01	1.693491e-01	1.814963e-01	-1.699283e-01	-1.344117e-01	-3.551663e-02	-4.944752e-02	-6.073601e-03	6.258396e-03	1.881511e-02	1.566595e-02	3.149159e-03
720           	3.509789e-01	1.691195e-01	1.818594e-01	-1.739366e-01	-1.348122e-01	-3.912448e-02	-4.784383e-02	-6.369928e-03	4.941749e-03	1.728331e-02	1.358340e-02	3.699906e-03
721           	3.513158e-01	1.691751e-01	1.821408e-01	-1.780451e-01	-1.356553e-01	-4.238978e-02	-4.663276e-02	-6.482851e-03	3.569234e-03	1.554945e-02	1.134396e-02	4.205493e-03
722           	3.519871e-01	1.695963e-01	1.823908e-01	-1.819342e-01	-1.368292e-01	-4.510493e-02	-4.586215e-02	-6.397240e-03	2.314150e-03	1.376595e-02	9.197125e-03	4.568826e-03
723           	3.529297e-01	1.702279e-01	1.827019e-01	-1.850845e-01	-1.378675e-01	-4.721700e-02	-4.532523e-02	-6.237010e-03	1.287885e-03	1.207993e-02	7.327849e-03	4.752079e-03
724           	3.540458e-01	1.709514e-01	1.830944e-01	-1.873558e-01	-1.386675e-01	-4.868828e-02	-4.498962e-02	-6.071489e-03	5.875301e-04	1.073343e-02	5.954243e-03	4.779183e-03
725           	3.551647e-01	1.715739e-01	1.835907e-01	-1.883807e-01	-1.388732e-01	-4.950745e-02	-4.468289e-02	-6.008405e-03	2.057452e-04	1.000239e-02	5.206939e-03	4.795449e-03
726           	3.561668e-01	1.720757e-01	1.840911e-01	-1.879505e-01	-1.383862e-01	-4.956422e-02	-4.441101e-02	-6.007687e-03	2.117994e-04	1.001340e-02	5.218498e-03	4.794899e-03
727           	3.569631e-01	1.724151e-01	1.845480e-01	-1.861168e-01	-1.371209e-01	-4.899592e-02	-4.406247e-02	-6.066495e-03	6.286714e-04	1.067774e-02	5.967540e-03	4.710197e-03
728           	3.575966e-01	1.727577e-01	1.848388e-01	-1.837059e-01	-1.357770e-01	-4.792889e-02	-4.392405e-02	-6.040548e-03	1.520896e-03	1.188784e-02	7.464817e-03	4.423025e-03
729           	3.580634e-01	1.730542e-01	1.850092e-01	-1.812121e-01	-1.346068e-01	-4.660529e-02	-4.400078e-02	-5.977473e-03	2.810769e-03	1.361168e-02	9.616609e-03	3.995071e-03
730           	3.583012e-01	1.733134e-01	1.849877e-01	-1.790198e-01	-1.339098e-01	-4.510992e-02	-4.439996e-02	-5.837131e-03	4.397520e-03	1.581722e-02	1.230613e-02	3.511091e-03
731           	3.581504e-01	1.733688e-01	1.847816e-01	-1.767532e-01	-1.333223e-01	-4.343086e-02	-4.494572e-02	-5.706400e-03	6.135177e-03	1.834747e-02	1.530891e-02	3.038560e-03
732           	3.575758e-01	1.732021e-01	1.843737e-01	-1.741808e-01	-1.327791e-01	-4.140175e-02	-4.568865e-02	-5.585774e-03	7.968291e-03	2.102722e-02	1.848190e-02	2.545318e-03
733           	3.565454e-01	1.726905e-01	1.838550e-01	-1.710977e-01	-1.320405e-01	-3.905717e-02	-4.649169e-02	-5.582238e-03	9.769033e-03	2.367405e-02	2.160606e-02	2.067991e-03
734           	3.551653e-01	1.719143e-01	1.832510e-01	-1.679443e-01	-1.313816e-01	-3.656269e-02	-4.740947e-02	-5.668341e-03	1.150415e-02	2.608155e-02	2.454492e-02	1.536623e-03
735           	3.535545e-01	1.708272e-01	1.827273e-01	-1.651467e-01	-1.307691e-01	-3.437763e-02	-4.819573e-02	-5.950044e-03	1.297965e-02	2.812633e-02	2.704281e-02	1.083518e-03
736           	3.518554e-01	1.695186e-01	1.823368e-01	-1.634451e-01	-1.305386e-01	-3.290646e-02	-4.881609e-02	-6.409101e-03	1.398986e-02	2.971293e-02	2.884633e-02	8.666077e-04
737           	3.501232e-01	1.680210e-01	1.821022e-01	-1.628272e-01	-1.306568e-01	-3.217036e-02	-4.924324e-02	-7.040591e-03	1.436316e-02	3.076746e-02	2.974689e-02	1.020574e-03
738           	3.483979e-01	1.664873e-01	1.819106e-01	-1.631946e-01	-1.313410e-01	-3.185367e-02	-4.974365e-02	-7.711611e-03	1.412301e-02	3.121655e-02	2.973128e-02	1.485261e-03
739           	3.466968e-01	1.650155e-01	1.816813e-01	-1.641185e-01	-1.324559e-01	-3.166255e-02	-5.039669e-02	-8.332932e-03	1.336045e-02	3.092917e-02	2.882503e-02	2.104140e-03
740           	3.451670e-01	1.638296e-01	1.813374e-01	-1.653011e-01	-1.339842e-01	-3.131691e-02	-5.133364e-02	-8.753910e-03	1.224441e-02	2.989064e-02	2.718973e-02	2.700907e-03
741           	3.440340e-01	1.630807e-01	1.809533e-01	-1.663081e-01	-1.355573e-01	-3.075081e-02	-5.240323e-02	-8.936344e-03	1.090114e-02	2.822659e-02	2.501443e-02	3.212162e-03
742           	3.434486e-01	1.628270e-01	1.806216e-01	-1.670070e-01	-1.370411e-01	-2.996599e-02	-5.353753e-02	-8.897300e-03	9.514976e-03	2.620926e-02	2.261961e-02	3.589656e-03
743           	3.434078e-01	1.629402e-01	1.804676e-01	-1.671929e-01	-1.380193e-01	-2.917359e-02	-5.442287e-02	-8.763681e-03	8.185350e-03	2.411173e-02	2.024122e-02	3.870517e-03
744           	3.438024e-01	1.633328e-01	1.804695e-01	-1.670121e-01	-1.385543e-01	-2.845779e-02	-5.504827e-02	-8.568329e-03	7.089134e-03	2.218524e-02	1.818175e-02	4.003486e-03
745           	3.445045e-01	1.638329e-01	1.806716e-01	-1.662852e-01	-1.383770e-01	-2.790823e-02	-5.523436e-02	-8.419336e-03	6.233001e-03	2.060558e-02	1.653579e-02	4.069787e-03
746           	3.455113e-01	1.644939e-01	1.810174e-01	-1.650720e-01	-1.375754e-01	-2.749661e-02	-5.503939e-02	-8.261734e-03	5.610642e-03	1.948308e-02	1.535218e-02	4.130895e-03
747           	3.466908e-01	1.652577e-01	1.814330e-01	-1.634702e-01	-1.362489e-01	-2.722133e-02	-5.451376e-02	-8.087646e-03	5.165038e-03	1.878460e-02	1.455734e-02	4.227263e-03
748           	3.480498e-01	1.662681e-01	1.817816e-01	-1.622443e-01	-1.350575e-01	-2.718683e-02	-5.393532e-02	-7.756752e-03	4.968682e-03	1.843008e-02	1.418372e-02	4.246359e-03
749           	3.495037e-01	1.674050e-01	1.820987e-01	-1.615200e-01	-1.339436e-01	-2.757647e-02	-5.318355e-02	-7.346866e-03	4.988075e-03	1.842307e-02	1.419961e-02	4.223459e-03
750           	3.510027e-01	1.686559e-01	1.823469e-01	-1.612752e-01	-1.329452e-01	-2.832999e-02	-5.230760e-02	-6.845494e-03	5.188032e-03	1.870738e-02	1.454172e-02	4.165658e-03
751           	3.522885e-01	1.698219e-01	1.824666e-01	-1.609834e-01	-1.317973e-01	-2.918617e-02	-5.130555e-02	-6.322332e-03	5.458982e-03	1.911497e-02	1.501647e-02	4.098506e-03
752           	3.532129e-01	1.708358e-01	1.823772e-01	-1.604935e-01	-1.306145e-01	-2.987897e-02	-5.036777e-02	-5.770696e-03	5.821039e-03	1.944814e-02	1.554511e-02	3.903032e-03
753           	3.536268e-01	1.715318e-01	1.820950e-01	-1.597770e-01	-1.294578e-01	-3.031914e-02	-4.956935e-02	-5.281563e-03	6.204429e-03	1.963235e-02	1.602060e-02	3.611745e-03
754           	3.535398e-01	1.718925e-01	1.816473e-01	-1.591292e-01	-1.286146e-01	-3.051464e-02	-4.904997e-02	-4.877377e-03	6.575276e-03	1.963828e-02	1.639442e-02	3.243865e-03
755           	3.529468e-01	1.717948e-01	1.811520e-01	-1.587653e-01	-1.280462e-01	-3.071901e-02	-4.866362e-02	-4.678589e-03	6.872520e-03	1.944361e-02	1.659432e-02	2.849284e-03
756           	3.519241e-01	1.712545e-01	1.806695e-01	-1.590849e-01	-1.278169e-01	-3.126803e-02	-4.827444e-02	-4.707493e-03	7.027423e-03	1.914185e-02	1.659835e-02	2.543499e-03
757           	3.505003e-01	1.702611e-01	1.802392e-01	-1.602740e-01	-1.278623e-01	-3.241171e-02	-4.772530e-02	-4.989093e-03	6.930199e-03	1.883080e-02	1.634560e-02	2.485202e-03
758           	3.488122e-01	1.689547e-01	1.798574e-01	-1.626507e-01	-1.285950e-01	-3.405568e-02	-4.726968e-02	-5.451355e-03	6.607391e-03	1.855468e-02	1.588473e-02	2.669948e-03
759           	3.470417e-01	1.674891e-01	1.795526e-01	-1.657503e-01	-1.298609e-01	-3.588935e-02	-4.698579e-02	-6.031753e-03	6.139389e-03	1.832064e-02	1.529971e-02	3.020931e-03
760           	3.454485e-01	1.661208e-01	1.793278e-01	-1.690685e-01	-1.315991e-01	-3.746943e-02	-4.706483e-02	-6.603495e-03	5.662230e-03	1.820078e-02	1.476262e-02	3.438161e-03
761           	3.442151e-01	1.650005e-01	1.792146e-01	-1.719989e-01	-1.334189e-01	-3.858004e-02	-4.741942e-02	-7.107054e-03	5.289284e-03	1.818436e-02	1.438147e-02	3.802898e-03
762           	3.435553e-01	1.642911e-01	1.792641e-01	-1.742737e-01	-1.351701e-01	-3.910363e-02	-4.803322e-02	-7.486503e-03	5.120539e-03	1.827326e-02	1.425717e-02	4.016090e-03
763           	3.434332e-01	1.639323e-01	1.795009e-01	-1.755134e-01	-1.365048e-01	-3.900861e-02	-4.874811e-02	-7.784281e-03	5.206632e-03	1.848079e-02	1.444703e-02	4.033764e-03
764           	3.437636e-01	1.638758e-01	1.798878e-01	-1.756471e-01	-1.373993e-01	-3.824784e-02	-4.957573e-02	-8.005992e-03	5.569120e-03	1.888674e-02	1.501249e-02	3.874250e-03
765           	3.443610e-01	1.639193e-01	1.804417e-01	-1.743667e-01	-1.375056e-01	-3.686107e-02	-5.032227e-02	-8.261162e-03	6.159435e-03	1.973149e-02	1.602518e-02	3.706308e-03
766           	3.451973e-01	1.641001e-01	1.810972e-01	-1.721875e-01	-1.369351e-01	-3.525244e-02	-5.084132e-02	-8.498564e-03	6.954726e-03	2.100990e-02	1.745967e-02	3.550222e-03
767           	3.460928e-01	1.643293e-01	1.817636e-01	-1.699211e-01	-1.360666e-01	-3.385455e-02	-5.110600e-02	-8.717134e-03	8.006756e-03	2.256137e-02	1.928744e-02	3.273930e-03
768           	3.469741e-01	1.645997e-01	1.823744e-01	-1.682230e-01	-1.355873e-01	-3.263570e-02	-5.147580e-02	-8.887324e-03	9.337887e-03	2.445725e-02	2.156651e-02	2.890737e-03
769           	3.477069e-01	1.647342e-01	1.829727e-01	-1.671444e-01	-1.356047e-01	-3.153963e-02	-5.203256e-02	-9.119240e-03	1.082045e-02	2.668550e-02	2.416320e-02	2.522299e-03
770           	3.482457e-01	1.647584e-01	1.834873e-01	-1.666048e-01	-1.362508e-01	-3.035408e-02	-5.294835e-02	-9.364469e-03	1.233366e-02	2.911853e-02	2.689293e-02	2.225606e-03
771           	3.484778e-01	1.646030e-01	1.838749e-01	-1.661725e-01	-1.371245e-01	-2.904803e-02	-5.403824e-02	-9.635961e-03	1.372602e-02	3.144107e-02	2.944656e-02	1.994510e-03
772           	3.484659e-01	1.644433e-01	1.840225e-01	-1.656841e-01	-1.380766e-01	-2.760750e-02	-5.523455e-02	-9.789587e-03	1.494572e-02	3.331859e-02	3.160502e-02	1.713571e-03
773           	3.482361e-01	1.643137e-01	1.839223e-01	-1.649474e-01	-1.387388e-01	-2.620854e-02	-5.626514e-02	-9.804308e-03	1.593212e-02	3.450487e-02	3.318456e-02	1.320316e-03
774           	3.479229e-01	1.643510e-01	1.835718e-01	-1.640355e-01	-1.389464e-01	-2.508913e-02	-5.692861e-02	-9.610400e-03	1.666676e-02	3.487638e-02	3.410495e-02	7.714303e-04
775           	3.475768e-01	1.644163e-01	1.831604e-01	-1.631523e-01	-1.384420e-01	-2.471025e-02	-5.686588e-02	-9.372066e-03	1.699619e-02	3.458556e-02	3.428897e-02	2.965885e-04
776           	3.472239e-01	1.643879e-01	1.828359e-01	-1.628905e-01	-1.376321e-01	-2.525840e-02	-5.618686e-02	-9.223991e-03	1.678268e-02	3.403279e-02	3.379907e-02	2.337196e-04
777           	3.468246e-01	1.641578e-01	1.826668e-01	-1.635776e-01	-1.366811e-01	-2.689653e-02	-5.489227e-02	-9.254462e-03	1.602488e-02	3.324905e-02	3.264941e-02	5.996476e-04
778           	3.463877e-01	1.638094e-01	1.825783e-01	-1.651385e-01	-1.358387e-01	-2.929973e-02	-5.326951e-02	-9.384450e-03	1.479343e-02	3.223912e-02	3.091299e-02	1.326125e-03
779           	3.459111e-01	1.633506e-01	1.825605e-01	-1.673045e-01	-1.352488e-01	-3.205579e-02	-5.159648e-02	-9.604916e-03	1.317669e-02	3.108104e-02	2.871722e-02	2.363827e-03
780           	3.454205e-01	1.629428e-01	1.824777e-01	-1.699047e-01	-1.352128e-01	-3.469192e-02	-5.026044e-02	-9.767438e-03	1.136825e-02	2.969863e-02	2.621756e-02	3.481070e-03
781           	3.449211e-01	1.626532e-01	1.822679e-01	-1.725611e-01	-1.356017e-01	-3.695942e-02	-4.932114e-02	-9.807379e-03	9.512645e-03	2.798533e-02	2.350531e-02	4.480020e-03
782           	3.445288e-01	1.626455e-01	1.818833e-01	-1.749164e-01	-1.362479e-01	-3.866843e-02	-4.878976e-02	-9.618884e-03	7.752639e-03	2.594795e-02	2.072661e-02	5.221334e-03
783           	3.443038e-01	1.628811e-01	1.814227e-01	-1.764665e-01	-1.367615e-01	-3.970502e-02	-4.852824e-02	-9.270768e-03	6.152313e-03	2.377441e-02	1.803952e-02	5.734890e-03
784           	3.443446e-01	1.633700e-01	1.809746e-01	-1.770324e-01	-1.370671e-01	-3.996527e-02	-4.855093e-02	-8.802308e-03	4.733608e-03	2.171681e-02	1.559201e-02	6.124799e-03
785           	3.447073e-01	1.640144e-01	1.806929e-01	-1.764658e-01	-1.368685e-01	-3.959727e-02	-4.863564e-02	-8.339257e-03	3.539237e-03	2.003675e-02	1.355761e-02	6.479137e-03
786           	3.454065e-01	1.648505e-01	1.805560e-01	-1.752003e-01	-1.363459e-01	-3.885435e-02	-4.874578e-02	-7.852716e-03	2.735124e-03	1.884596e-02	1.215810e-02	6.687856e-03
787           	3.462852e-01	1.657294e-01	1.805559e-01	-1.736473e-01	-1.357170e-01	-3.793029e-02	-4.889334e-02	-7.413254e-03	2.406942e-03	1.816587e-02	1.148987e-02	6.675991e-03
788           	3.473159e-01	1.666423e-01	1.806737e-01	-1.724032e-01	-1.355349e-01	-3.686829e-02	-4.933330e-02	-7.015696e-03	2.523076e-03	1.813334e-02	1.158975e-02	6.543597e-03
789           	3.483829e-01	1.674308e-01	1.809520e-01	-1.715492e-01	-1.357825e-01	-3.576675e-02	-5.000786e-02	-6.760592e-03	2.972181e-03	1.877637e-02	1.236037e-02	6.416003e-03
790           	3.494454e-01	1.681308e-01	1.813146e-01	-1.710579e-01	-1.364746e-01	-3.458332e-02	-5.094565e-02	-6.591892e-03	3.699505e-03	1.996998e-02	1.368450e-02	6.285486e-03
791           	3.503141e-01	1.686466e-01	1.816675e-01	-1.704787e-01	-1.372729e-01	-3.320584e-02	-5.203352e-02	-6.510475e-03	4.598981e-03	2.149697e-02	1.534747e-02	6.149505e-03
792           	3.508705e-01	1.690224e-01	1.818482e-01	-1.696563e-01	-1.380424e-01	-3.161391e-02	-5.321425e-02	-6.412902e-03	5.596383e-03	2.307050e-02	1.713163e-02	5.938867e-03
793           	3.510266e-01	1.692126e-01	1.818140e-01	-1.683104e-01	-1.383222e-01	-2.998823e-02	-5.416697e-02	-6.300694e-03	6.586642e-03	2.437506e-02	1.877417e-02	5.600890e-03
794           	3.509254e-01	1.693071e-01	1.816183e-01	-1.665294e-01	-1.379290e-01	-2.860041e-02	-5.466430e-02	-6.155583e-03	7.548641e-03	2.522822e-02	2.016275e-02	5.065466e-03
795           	3.506775e-01	1.692243e-01	1.814533e-01	-1.646852e-01	-1.367364e-01	-2.794881e-02	-5.439378e-02	-6.114479e-03	8.377175e-03	2.563639e-02	2.119537e-02	4.441019e-03
796           	3.504378e-01	1.689494e-01	1.814884e-01	-1.639333e-01	-1.354744e-01	-2.845889e-02	-5.350774e-02	-6.269516e-03	8.909165e-03	2.573518e-02	2.177676e-02	3.958427e-03
797           	3.501794e-01	1.683985e-01	1.817809e-01	-1.647810e-01	-1.346304e-01	-3.015060e-02	-5.223988e-02	-6.691203e-03	9.079007e-03	2.560210e-02	2.188006e-02	3.722045e-03
798           	3.498829e-01	1.676588e-01	1.822242e-01	-1.671942e-01	-1.346329e-01	-3.256127e-02	-5.103583e-02	-7.282713e-03	8.964408e-03	2.525307e-02	2.159094e-02	3.662127e-03
799           	3.495697e-01	1.667824e-01	1.827872e-01	-1.707418e-01	-1.355123e-01	-3.522957e-02	-5.014134e-02	-8.002388e-03	8.675044e-03	2.476443e-02	2.105726e-02	3.707171e-03
800           	3.493819e-01	1.659546e-01	1.834274e-01	-1.747211e-01	-1.370738e-01	-3.764733e-02	-4.971323e-02	-8.736397e-03	8.392630e-03	2.426262e-02	2.052394e-02	3.738682e-03
801           	3.493455e-01	1.652625e-01	1.840829e-01	-1.782730e-01	-1.387257e-01	-3.954735e-02	-4.958917e-02	-9.410183e-03	8.220366e-03	2.376841e-02	2.010457e-02	3.663840e-03
802           	3.495578e-01	1.648637e-01	1.846942e-01	-1.808887e-01	-1.401462e-01	-4.074250e-02	-4.970183e-02	-9.915264e-03	8.217267e-03	2.324797e-02	1.984125e-02	3.406716e-03
803           	3.500249e-01	1.647638e-01	1.852611e-01	-1.820529e-01	-1.408768e-01	-4.117609e-02	-4.985035e-02	-1.024861e-02	8.427789e-03	2.276081e-02	1.980820e-02	2.952617e-03
804           	3.507297e-01	1.649902e-01	1.857395e-01	-1.815628e-01	-1.408263e-01	-4.073648e-02	-5.004490e-02	-1.037466e-02	8.866641e-03	2.244830e-02	2.009079e-02	2.357506e-03
805           	3.515954e-01	1.654190e-01	1.861765e-01	-1.793515e-01	-1.397805e-01	-3.957097e-02	-5.010478e-02	-1.037876e-02	9.388148e-03	2.246173e-02	2.061901e-02	1.842717e-03
806           	3.526009e-01	1.660368e-01	1.865642e-01	-1.763196e-01	-1.381204e-01	-3.819917e-02	-4.996062e-02	-1.026372e-02	9.968383e-03	2.291588e-02	2.142632e-02	1.489559e-03
807           	3.536723e-01	1.667468e-01	1.869256e-01	-1.733025e-01	-1.361607e-01	-3.714183e-02	-4.950942e-02	-1.008939e-02	1.061945e-02	2.385950e-02	2.254920e-02	1.310303e-03
808           	3.548137e-01	1.675637e-01	1.872500e-01	-1.710820e-01	-1.345187e-01	-3.656330e-02	-4.897770e-02	-9.843127e-03	1.141451e-02	2.533365e-02	2.408133e-02	1.252315e-03
809           	3.558832e-01	1.683194e-01	1.875639e-01	-1.695477e-01	-1.332501e-01	-3.629761e-02	-4.847622e-02	-9.622239e-03	1.226947e-02	2.729046e-02	2.591470e-02	1.375761e-03
810           	3.568174e-01	1.689696e-01	1.878478e-01	-1.686905e-01	-1.326165e-01	-3.607399e-02	-4.827125e-02	-9.439083e-03	1.309008e-02	2.959640e-02	2.788828e-02	1.708115e-03
811           	3.574349e-01	1.693644e-01	1.880705e-01	-1.680537e-01	-1.323695e-01	-3.568421e-02	-4.834264e-02	-9.353073e-03	1.380091e-02	3.195386e-02	2.977784e-02	2.176018e-03
812           	3.576848e-01	1.695478e-01	1.881370e-01	-1.674368e-01	-1.324099e-01	-3.502695e-02	-4.869145e-02	-9.294603e-03	1.441933e-02	3.410510e-02	3.147188e-02	2.633218e-03
813           	3.575002e-01	1.695134e-01	1.879869e-01	-1.665689e-01	-1.324158e-01	-3.415311e-02	-4.913135e-02	-9.236736e-03	1.493220e-02	3.574784e-02	3.280612e-02	2.941723e-03
814           	3.570001e-01	1.693809e-01	1.876192e-01	-1.656365e-01	-1.323862e-01	-3.325033e-02	-4.956792e-02	-9.119103e-03	1.538624e-02	3.665985e-02	3.371617e-02	2.943682e-03
815           	3.561110e-01	1.690433e-01	1.870678e-01	-1.646734e-01	-1.321303e-01	-3.254311e-02	-4.979359e-02	-9.012252e-03	1.572015e-02	3.685730e-02	3.414880e-02	2.708500e-03
816           	3.549945e-01	1.685336e-01	1.864609e-01	-1.642259e-01	-1.319919e-01	-3.223401e-02	-4.987894e-02	-8.963629e-03	1.577290e-02	3.655749e-02	3.405165e-02	2.505844e-03
817           	3.537435e-01	1.678133e-01	1.859302e-01	-1.646419e-01	-1.320760e-01	-3.256594e-02	-4.975501e-02	-9.058469e-03	1.548507e-02	3.596599e-02	3.346806e-02	2.497927e-03
818           	3.524778e-01	1.669693e-01	1.855085e-01	-1.661477e-01	-1.326895e-01	-3.345820e-02	-4.961566e-02	-9.269577e-03	1.489801e-02	3.524047e-02	3.251824e-02	2.722229e-03
819           	3.512837e-01	1.660458e-01	1.852379e-01	-1.683415e-01	-1.336422e-01	-3.469939e-02	-4.947139e-02	-9.596083e-03	1.409419e-02	3.444239e-02	3.131538e-02	3.127002e-03
820           	3.503428e-01	1.651946e-01	1.851482e-01	-1.709203e-01	-1.349376e-01	-3.598267e-02	-4.947748e-02	-9.976785e-03	1.319344e-02	3.361292e-02	2.999990e-02	3.613024e-03
821           	3.496870e-01	1.644431e-01	1.852439e-01	-1.733491e-01	-1.362585e-01	-3.709059e-02	-4.958394e-02	-1.040039e-02	1.231793e-02	3.278375e-02	2.870980e-02	4.073947e-03
822           	3.493400e-01	1.638686e-01	1.854714e-01	-1.753959e-01	-1.375199e-01	-3.787598e-02	-4.982197e-02	-1.080139e-02	1.157923e-02	3.200340e-02	2.758093e-02	4.422467e-03
823           	3.492466e-01	1.634836e-01	1.857630e-01	-1.766836e-01	-1.384321e-01	-3.825151e-02	-5.009032e-02	-1.113972e-02	1.107695e-02	3.132334e-02	2.673861e-02	4.584722e-03
824           	3.493615e-01	1.633520e-01	1.860095e-01	-1.769599e-01	-1.389329e-01	-3.802705e-02	-5.045291e-02	-1.132872e-02	1.083403e-02	3.083620e-02	2.625213e-02	4.584075e-03
825           	3.496084e-01	1.634206e-01	1.861878e-01	-1.761090e-01	-1.388325e-01	-3.727658e-02	-5.077794e-02	-1.138359e-02	1.074072e-02	3.062121e-02	2.605132e-02	4.569890e-03
826           	3.501654e-01	1.638597e-01	1.863058e-01	-1.750194e-01	-1.384813e-01	-3.653807e-02	-5.097161e-02	-1.122305e-02	1.082360e-02	3.062221e-02	2.613470e-02	4.487505e-03
827           	3.510836e-01	1.646211e-01	1.864625e-01	-1.742729e-01	-1.380219e-01	-3.625097e-02	-5.088546e-02	-1.092069e-02	1.108881e-02	3.091537e-02	2.654649e-02	4.368877e-03
828           	3.523123e-01	1.655768e-01	1.867354e-01	-1.739823e-01	-1.376925e-01	-3.628978e-02	-5.070138e-02	-1.057930e-02	1.151653e-02	3.165742e-02	2.734524e-02	4.312181e-03
829           	3.535964e-01	1.664701e-01	1.871263e-01	-1.739288e-01	-1.374643e-01	-3.646452e-02	-5.049987e-02	-1.032813e-02	1.199919e-02	3.278703e-02	2.839271e-02	4.394322e-03
830           	3.547882e-01	1.672197e-01	1.875686e-01	-1.741614e-01	-1.376301e-01	-3.653124e-02	-5.054944e-02	-1.017445e-02	1.250007e-02	3.408769e-02	2.954391e-02	4.543777e-03
831           	3.556706e-01	1.676476e-01	1.880230e-01	-1.743720e-01	-1.379462e-01	-3.642577e-02	-5.076021e-02	-1.018770e-02	1.292792e-02	3.534171e-02	3.059877e-02	4.742942e-03
832           	3.561836e-01	1.678167e-01	1.883670e-01	-1.745395e-01	-1.384132e-01	-3.612634e-02	-5.114341e-02	-1.027513e-02	1.322941e-02	3.629102e-02	3.137492e-02	4.916100e-03
833           	3.562423e-01	1.677378e-01	1.885045e-01	-1.743372e-01	-1.386099e-01	-3.572732e-02	-5.144129e-02	-1.038338e-02	1.334086e-02	3.671034e-02	3.169603e-02	5.014312e-03
834           	3.559064e-01	1.675791e-01	1.883273e-01	-1.737589e-01	-1.384137e-01	-3.534522e-02	-5.153423e-02	-1.037406e-02	1.335251e-02	3.622992e-02	3.146747e-02	4.762454e-03
835           	3.551837e-01	1.672751e-01	1.879086e-01	-1.727839e-01	-1.376373e-01	-3.514660e-02	-5.124537e-02	-1.031677e-02	1.321212e-02	3.494419e-02	3.068422e-02	4.259972e-03
836           	3.542465e-01	1.668289e-01	1.874176e-01	-1.719894e-01	-1.368322e-01	-3.515717e-02	-5.083752e-02	-1.029439e-02	1.277327e-02	3.324712e-02	2.939683e-02	3.850294e-03
837           	3.531533e-01	1.662342e-01	1.869191e-01	-1.718219e-01	-1.363372e-01	-3.548469e-02	-5.042627e-02	-1.034241e-02	1.200223e-02	3.134374e-02	2.767410e-02	3.669640e-03
838           	3.520232e-01	1.655763e-01	1.864469e-01	-1.727521e-01	-1.367379e-01	-3.601419e-02	-5.036185e-02	-1.043531e-02	1.097568e-02	2.939230e-02	2.567182e-02	3.720472e-03
839           	3.509944e-01	1.649212e-01	1.860732e-01	-1.746227e-01	-1.379577e-01	-3.666498e-02	-5.064635e-02	-1.057599e-02	9.810219e-03	2.754803e-02	2.358423e-02	3.963795e-03
840           	3.502353e-01	1.644164e-01	1.858189e-01	-1.771139e-01	-1.398902e-01	-3.722375e-02	-5.133321e-02	-1.070121e-02	8.656378e-03	2.587434e-02	2.159355e-02	4.280791e-03
841           	3.498246e-01	1.641179e-01	1.857068e-01	-1.794151e-01	-1.419717e-01	-3.744345e-02	-5.226411e-02	-1.079447e-02	7.628700e-03	2.450979e-02	1.988359e-02	4.626195e-03
842           	3.498453e-01	1.641293e-01	1.857160e-01	-1.808843e-01	-1.438669e-01	-3.701747e-02	-5.342470e-02	-1.079335e-02	6.832743e-03	2.350667e-02	1.858608e-02	4.920594e-03
843           	3.501928e-01	1.643878e-01	1.858049e-01	-1.806504e-01	-1.449911e-01	-3.565929e-02	-5.466591e-02	-1.070854e-02	6.324917e-03	2.291042e-02	1.778012e-02	5.130290e-03
844           	3.508634e-01	1.649431e-01	1.859203e-01	-1.782748e-01	-1.450030e-01	-3.327179e-02	-5.586560e-02	-1.048858e-02	6.149263e-03	2.270891e-02	1.750372e-02	5.205195e-03
845           	3.517770e-01	1.657716e-01	1.860055e-01	-1.742371e-01	-1.437181e-01	-3.051897e-02	-5.659957e-02	-1.011694e-02	6.382107e-03	2.276387e-02	1.776404e-02	4.999830e-03
846           	3.528978e-01	1.668955e-01	1.860023e-01	-1.698266e-01	-1.418852e-01	-2.794143e-02	-5.697189e-02	-9.553422e-03	7.065454e-03	2.307582e-02	1.860336e-02	4.472456e-03
847           	3.541176e-01	1.681170e-01	1.860006e-01	-1.658756e-01	-1.400479e-01	-2.582775e-02	-5.711007e-02	-8.941808e-03	8.067498e-03	2.389438e-02	2.001469e-02	3.879690e-03
848           	3.554626e-01	1.693456e-01	1.861170e-01	-1.630583e-01	-1.386706e-01	-2.438762e-02	-5.714151e-02	-8.385696e-03	9.270672e-03	2.533905e-02	2.194020e-02	3.398855e-03
849           	3.567347e-01	1.702490e-01	1.864857e-01	-1.613895e-01	-1.377119e-01	-2.367763e-02	-5.701715e-02	-8.118378e-03	1.052736e-02	2.739516e-02	2.422494e-02	3.170219e-03
850           	3.578493e-01	1.708253e-01	1.870239e-01	-1.606204e-01	-1.371505e-01	-2.346990e-02	-5.684029e-02	-8.099292e-03	1.174971e-02	2.978872e-02	2.664407e-02	3.144644e-03
851           	3.586024e-01	1.709852e-01	1.876171e-01	-1.600375e-01	-1.365905e-01	-2.344697e-02	-5.657176e-02	-8.315958e-03	1.282782e-02	3.218936e-02	2.892251e-02	3.266857e-03
852           	3.590033e-01	1.708793e-01	1.881240e-01	-1.593922e-01	-1.360589e-01	-2.333329e-02	-5.636279e-02	-8.622331e-03	1.371285e-02	3.427989e-02	3.085280e-02	3.427092e-03
853           	3.589614e-01	1.705110e-01	1.884503e-01	-1.584232e-01	-1.352586e-01	-2.316459e-02	-5.604699e-02	-8.969650e-03	1.437379e-02	3.572902e-02	3.223830e-02	3.490714e-03
854           	3.585788e-01	1.700588e-01	1.885200e-01	-1.574493e-01	-1.342199e-01	-2.322945e-02	-5.549521e-02	-9.230603e-03	1.477523e-02	3.631760e-02	3.293403e-02	3.383570e-03
855           	3.579804e-01	1.695438e-01	1.884366e-01	-1.569249e-01	-1.328556e-01	-2.406929e-02	-5.439315e-02	-9.446405e-03	1.475046e-02	3.612167e-02	3.281130e-02	3.310372e-03
856           	3.573095e-01	1.690317e-01	1.882778e-01	-1.573118e-01	-1.315760e-01	-2.573578e-02	-5.292013e-02	-9.623069e-03	1.434889e-02	3.535563e-02	3.202671e-02	3.328927e-03
857           	3.565071e-01	1.684289e-01	1.880781e-01	-1.586399e-01	-1.305542e-01	-2.808575e-02	-5.123421e-02	-9.824589e-03	1.366283e-02	3.420271e-02	3.076419e-02	3.438526e-03
858           	3.556838e-01	1.677852e-01	1.878986e-01	-1.610247e-01	-1.303169e-01	-3.070781e-02	-4.980454e-02	-1.005673e-02	1.279153e-02	3.286629e-02	2.922467e-02	3.641615e-03
859           	3.548976e-01	1.670985e-01	1.877991e-01	-1.641576e-01	-1.308272e-01	-3.333037e-02	-4.874843e-02	-1.035028e-02	1.184412e-02	3.153673e-02	2.761249e-02	3.924245e-03
860           	3.543512e-01	1.665467e-01	1.878045e-01	-1.677526e-01	-1.320588e-01	-3.569379e-02	-4.818249e-02	-1.062892e-02	1.092770e-02	3.028535e-02	2.607038e-02	4.214976e-03
861           	3.541262e-01	1.661979e-01	1.879282e-01	-1.712349e-01	-1.335543e-01	-3.768056e-02	-4.793689e-02	-1.086513e-02	1.011228e-02	2.917556e-02	2.470005e-02	4.475502e-03
862           	3.543057e-01	1.661396e-01	1.881661e-01	-1.740884e-01	-1.349678e-01	-3.912064e-02	-4.792358e-02	-1.101323e-02	9.495995e-03	2.830294e-02	2.364746e-02	4.655473e-03
863           	3.547542e-01	1.663051e-01	1.884491e-01	-1.755918e-01	-1.357501e-01	-3.984175e-02	-4.795417e-02	-1.107197e-02	9.109786e-03	2.767463e-02	2.294710e-02	4.727529e-03
864           	3.554260e-01	1.667089e-01	1.887172e-01	-1.754432e-01	-1.357149e-01	-3.972827e-02	-4.799332e-02	-1.100416e-02	8.986795e-03	2.731469e-02	2.264414e-02	4.670551e-03
865           	3.562331e-01	1.673123e-01	1.889208e-01	-1.739920e-01	-1.350047e-01	-3.898732e-02	-4.800868e-02	-1.080424e-02	9.162348e-03	2.716947e-02	2.274709e-02	4.422389e-03
866           	3.571994e-01	1.681895e-01	1.890098e-01	-1.720901e-01	-1.342926e-01	-3.779749e-02	-4.824755e-02	-1.041014e-02	9.685883e-03	2.725740e-02	2.331458e-02	3.942814e-03
867           	3.582274e-01	1.691896e-01	1.890378e-01	-1.699452e-01	-1.337280e-01	-3.621719e-02	-4.875540e-02	-9.924066e-03	1.056581e-02	2.777040e-02	2.445101e-02	3.319387e-03
868           	3.593136e-01	1.701972e-01	1.891165e-01	-1.676212e-01	-1.334051e-01	-3.421606e-02	-4.959451e-02	-9.459654e-03	1.171953e-02	2.890161e-02	2.617033e-02	2.731279e-03
869           	3.602311e-01	1.709357e-01	1.892954e-01	-1.649772e-01	-1.330276e-01	-3.194959e-02	-5.053900e-02	-9.179829e-03	1.299284e-02	3.069442e-02	2.834005e-02	2.354371e-03
870           	3.608717e-01	1.713287e-01	1.895430e-01	-1.621486e-01	-1.326362e-01	-2.951237e-02	-5.156193e-02	-9.107162e-03	1.427777e-02	3.294227e-02	3.074890e-02	2.193366e-03
871           	3.610189e-01	1.712413e-01	1.897777e-01	-1.592746e-01	-1.321160e-01	-2.715856e-02	-5.247874e-02	-9.268204e-03	1.547824e-02	3.527534e-02	3.311591e-02	2.159432e-03
872           	3.606855e-01	1.707632e-01	1.899223e-01	-1.567382e-01	-1.316910e-01	-2.504721e-02	-5.332188e-02	-9.579580e-03	1.654081e-02	3.736436e-02	3.522299e-02	2.141372e-03
873           	3.598743e-01	1.699250e-01	1.899493e-01	-1.546311e-01	-1.312035e-01	-2.342756e-02	-5.388798e-02	-1.001213e-02	1.736727e-02	3.892578e-02	3.683017e-02	2.095618e-03
874           	3.586529e-01	1.688049e-01	1.898480e-01	-1.531198e-01	-1.307593e-01	-2.236048e-02	-5.419940e-02	-1.052154e-02	1.787410e-02	3.980119e-02	3.777469e-02	2.026498e-03
875           	3.570717e-01	1.674555e-01	1.896161e-01	-1.521543e-01	-1.302368e-01	-2.191748e-02	-5.415966e-02	-1.108031e-02	1.796802e-02	3.992481e-02	3.793042e-02	1.994387e-03
876           	3.553457e-01	1.660750e-01	1.892706e-01	-1.518147e-01	-1.298366e-01	-2.197810e-02	-5.392927e-02	-1.159780e-02	1.765098e-02	3.932923e-02	3.731560e-02	2.013631e-03
877           	3.536207e-01	1.647695e-01	1.888512e-01	-1.522800e-01	-1.297259e-01	-2.255409e-02	-5.358589e-02	-1.204085e-02	1.695645e-02	3.815521e-02	3.603406e-02	2.121151e-03
878           	3.520838e-01	1.636742e-01	1.884096e-01	-1.537483e-01	-1.302994e-01	-2.344883e-02	-5.342531e-02	-1.236770e-02	1.594467e-02	3.667951e-02	3.428442e-02	2.395088e-03
879           	3.509282e-01	1.628664e-01	1.880618e-01	-1.561832e-01	-1.314846e-01	-2.469858e-02	-5.339302e-02	-1.259767e-02	1.473415e-02	3.513258e-02	3.230043e-02	2.832144e-03
880           	3.503560e-01	1.624707e-01	1.878853e-01	-1.593680e-01	-1.331988e-01	-2.616921e-02	-5.351481e-02	-1.270730e-02	1.347016e-02	3.367974e-02	3.031002e-02	3.369713e-03
881           	3.503929e-01	1.624960e-01	1.878969e-01	-1.626496e-01	-1.348606e-01	-2.778898e-02	-5.353580e-02	-1.270046e-02	1.229183e-02	3.235755e-02	2.847060e-02	3.886948e-03
882           	3.509918e-01	1.629489e-01	1.880429e-01	-1.655523e-01	-1.361844e-01	-2.936792e-02	-5.340823e-02	-1.254700e-02	1.134378e-02	3.120594e-02	2.694675e-02	4.259184e-03
883           	3.519440e-01	1.636557e-01	1.882883e-01	-1.674271e-01	-1.366993e-01	-3.072779e-02	-5.298577e-02	-1.231633e-02	1.062342e-02	3.039696e-02	2.582190e-02	4.575056e-03
884           	3.529761e-01	1.644528e-01	1.885233e-01	-1.678705e-01	-1.364176e-01	-3.145286e-02	-5.248239e-02	-1.203525e-02	1.012506e-02	3.004271e-02	2.514642e-02	4.896293e-03
885           	3.537842e-01	1.651591e-01	1.886250e-01	-1.669132e-01	-1.354364e-01	-3.147681e-02	-5.197981e-02	-1.173296e-02	9.868096e-03	3.011388e-02	2.492504e-02	5.188844e-03
886           	3.543372e-01	1.659055e-01	1.884317e-01	-1.654892e-01	-1.343924e-01	-3.109672e-02	-5.164786e-02	-1.126306e-02	9.940488e-03	3.042197e-02	2.515147e-02	5.270496e-03
887           	3.546830e-01	1.667049e-01	1.879781e-01	-1.640066e-01	-1.333445e-01	-3.066213e-02	-5.134116e-02	-1.063659e-02	1.031893e-02	3.092049e-02	2.577917e-02	5.141317e-03
888           	3.549371e-01	1.675439e-01	1.873932e-01	-1.627978e-01	-1.325288e-01	-3.026900e-02	-5.112991e-02	-9.924607e-03	1.090051e-02	3.171574e-02	2.675837e-02	4.957361e-03
889           	3.549689e-01	1.681717e-01	1.867973e-01	-1.617779e-01	-1.318905e-01	-2.988738e-02	-5.100158e-02	-9.312789e-03	1.153000e-02	3.294040e-02	2.800020e-02	4.940198e-03
890           	3.547030e-01	1.684519e-01	1.862511e-01	-1.609010e-01	-1.316030e-01	-2.929802e-02	-5.115249e-02	-8.899587e-03	1.214383e-02	3.451415e-02	2.940091e-02	5.113240e-03
891           	3.540362e-01	1.682531e-01	1.857831e-01	-1.599038e-01	-1.314476e-01	-2.845621e-02	-5.149568e-02	-8.765025e-03	1.272493e-02	3.624111e-02	3.084549e-02	5.395620e-03
892           	3.530380e-01	1.676729e-01	1.853651e-01	-1.587859e-01	-1.314682e-01	-2.731772e-02	-5.207524e-02	-8.846105e-03	1.327194e-02	3.778906e-02	3.216647e-02	5.622591e-03
893           	3.518376e-01	1.668016e-01	1.850360e-01	-1.576593e-01	-1.315267e-01	-2.613258e-02	-5.269708e-02	-9.117245e-03	1.373658e-02	3.886980e-02	3.317148e-02	5.698315e-03
894           	3.505665e-01	1.657882e-01	1.847783e-01	-1.566518e-01	-1.315713e-01	-2.508043e-02	-5.324545e-02	-9.495017e-03	1.406417e-02	3.930143e-02	3.371489e-02	5.586544e-03
895           	3.492834e-01	1.646645e-01	1.846189e-01	-1.559875e-01	-1.314250e-01	-2.456253e-02	-5.343121e-02	-9.977169e-03	1.410114e-02	3.912627e-02	3.366428e-02	5.461991e-03
896           	3.479614e-01	1.634808e-01	1.844806e-01	-1.559864e-01	-1.314759e-01	-2.451049e-02	-5.348273e-02	-1.049990e-02	1.382416e-02	3.847118e-02	3.305976e-02	5.411427e-03
897           	3.466702e-01	1.623442e-01	1.843260e-01	-1.566840e-01	-1.318366e-01	-2.484733e-02	-5.349465e-02	-1.099088e-02	1.328018e-02	3.744134e-02	3.200085e-02	5.440491e-03
898           	3.456186e-01	1.614226e-01	1.841960e-01	-1.580821e-01	-1.327376e-01	-2.534449e-02	-5.369653e-02	-1.138671e-02	1.254724e-02	3.622323e-02	3.065886e-02	5.564372e-03
899           	3.449559e-01	1.607525e-01	1.842034e-01	-1.600032e-01	-1.340709e-01	-2.593228e-02	-5.406931e-02	-1.172543e-02	1.172051e-02	3.503495e-02	2.923799e-02	5.796963e-03
900           	3.447707e-01	1.603657e-01	1.844050e-01	-1.621987e-01	-1.358070e-01	-2.639170e-02	-5.470767e-02	-1.201964e-02	1.092474e-02	3.403833e-02	2.794390e-02	6.094427e-03
901           	3.449820e-01	1.601661e-01	1.848159e-01	-1.642252e-01	-1.375342e-01	-2.669105e-02	-5.542156e-02	-1.232492e-02	1.025344e-02	3.328862e-02	2.689775e-02	6.390871e-03
902           	3.455462e-01	1.601750e-01	1.853713e-01	-1.657240e-01	-1.389636e-01	-2.676042e-02	-5.610157e-02	-1.259815e-02	9.809071e-03	3.277542e-02	2.619678e-02	6.578638e-03
903           	3.463108e-01	1.603020e-01	1.860088e-01	-1.661765e-01	-1.395983e-01	-2.657821e-02	-5.651002e-02	-1.285344e-02	9.602447e-03	3.258510e-02	2.589499e-02	6.690101e-03
904           	3.471747e-01	1.605880e-01	1.865867e-01	-1.653994e-01	-1.393074e-01	-2.609197e-02	-5.660771e-02	-1.299933e-02	9.591016e-03	3.275848e-02	2.597026e-02	6.788225e-03
905           	3.480430e-01	1.610000e-01	1.870430e-01	-1.635946e-01	-1.380555e-01	-2.553907e-02	-5.625823e-02	-1.302153e-02	9.784568e-03	3.321415e-02	2.639164e-02	6.822505e-03
906           	3.489451e-01	1.616424e-01	1.873027e-01	-1.617125e-01	-1.365765e-01	-2.513606e-02	-5.572020e-02	-1.283011e-02	1.029450e-02	3.386583e-02	2.722741e-02	6.638420e-03
907           	3.499031e-01	1.624462e-01	1.874568e-01	-1.600693e-01	-1.351010e-01	-2.496822e-02	-5.506642e-02	-1.250531e-02	1.107889e-02	3.471832e-02	2.843805e-02	6.280272e-03
908           	3.509314e-01	1.633628e-01	1.875686e-01	-1.587564e-01	-1.338399e-01	-2.491653e-02	-5.446168e-02	-1.210293e-02	1.205236e-02	3.589919e-02	3.000196e-02	5.897230e-03
909           	3.518296e-01	1.641291e-01	1.877005e-01	-1.574760e-01	-1.326813e-01	-2.479463e-02	-5.394335e-02	-1.178572e-02	1.309967e-02	3.742300e-02	3.181118e-02	5.611828e-03
910           	3.525388e-01	1.646722e-01	1.878665e-01	-1.562016e-01	-1.317177e-01	-2.448392e-02	-5.361687e-02	-1.159716e-02	1.420902e-02	3.916927e-02	3.379366e-02	5.375610e-03
911           	3.529670e-01	1.648871e-01	1.880799e-01	-1.548868e-01	-1.308623e-01	-2.402452e-02	-5.341888e-02	-1.159639e-02	1.526503e-02	4.090406e-02	3.571706e-02	5.186995e-03
912           	3.532199e-01	1.649069e-01	1.883130e-01	-1.536934e-01	-1.302237e-01	-2.346964e-02	-5.337705e-02	-1.170308e-02	1.626608e-02	4.239726e-02	3.746471e-02	4.932547e-03
913           	3.532844e-01	1.647350e-01	1.885495e-01	-1.526486e-01	-1.295535e-01	-2.309506e-02	-5.322923e-02	-1.190725e-02	1.719984e-02	4.336683e-02	3.888325e-02	4.483576e-03
914           	3.531612e-01	1.643860e-01	1.887752e-01	-1.522050e-01	-1.289318e-01	-2.327327e-02	-5.282925e-02	-1.219457e-02	1.783242e-02	4.380270e-02	3.973378e-02	4.068927e-03
915           	3.528087e-01	1.638005e-01	1.890082e-01	-1.525975e-01	-1.284126e-01	-2.418494e-02	-5.211382e-02	-1.260386e-02	1.792563e-02	4.381903e-02	3.983515e-02	3.983887e-03
916           	3.522577e-01	1.631425e-01	1.891152e-01	-1.538305e-01	-1.282417e-01	-2.558886e-02	-5.132641e-02	-1.298636e-02	1.756780e-02	4.329414e-02	3.921487e-02	4.079271e-03
917           	3.515768e-01	1.625079e-01	1.890689e-01	-1.557465e-01	-1.284932e-01	-2.725328e-02	-5.061996e-02	-1.328051e-02	1.679792e-02	4.219844e-02	3.789714e-02	4.301295e-03
918           	3.509311e-01	1.620518e-01	1.888793e-01	-1.579486e-01	-1.291900e-01	-2.875863e-02	-5.021569e-02	-1.341373e-02	1.576540e-02	4.068736e-02	3.610909e-02	4.578278e-03
919           	3.504487e-01	1.617757e-01	1.886731e-01	-1.601390e-01	-1.301822e-01	-2.995681e-02	-5.011270e-02	-1.344868e-02	1.461415e-02	3.895800e-02	3.409315e-02	4.864845e-03
920           	3.502495e-01	1.617385e-01	1.885110e-01	-1.619601e-01	-1.312450e-01	-3.071519e-02	-5.026488e-02	-1.338628e-02	1.347529e-02	3.725929e-02	3.210493e-02	5.154360e-03
921           	3.503082e-01	1.618360e-01	1.884723e-01	-1.632042e-01	-1.320669e-01	-3.113729e-02	-5.046483e-02	-1.331816e-02	1.249640e-02	3.568055e-02	3.033668e-02	5.343870e-03
922           	3.505343e-01	1.620533e-01	1.884810e-01	-1.639030e-01	-1.326923e-01	-3.121069e-02	-5.074081e-02	-1.321385e-02	1.179998e-02	3.431686e-02	2.895841e-02	5.358453e-03
923           	3.508191e-01	1.622797e-01	1.885393e-01	-1.637282e-01	-1.328244e-01	-3.090374e-02	-5.096035e-02	-1.312980e-02	1.133408e-02	3.327428e-02	2.797122e-02	5.303063e-03
924           	3.512231e-01	1.625799e-01	1.886432e-01	-1.627332e-01	-1.325305e-01	-3.020266e-02	-5.116392e-02	-1.303164e-02	1.102475e-02	3.282371e-02	2.743661e-02	5.387101e-03
925           	3.517188e-01	1.629230e-01	1.887958e-01	-1.612715e-01	-1.318471e-01	-2.942447e-02	-5.121130e-02	-1.293641e-02	1.092341e-02	3.299679e-02	2.742181e-02	5.574983e-03
926           	3.523535e-01	1.634235e-01	1.889301e-01	-1.598082e-01	-1.311901e-01	-2.861814e-02	-5.128596e-02	-1.275332e-02	1.121113e-02	3.371191e-02	2.806709e-02	5.644825e-03
927           	3.530096e-01	1.639271e-01	1.890825e-01	-1.581733e-01	-1.304655e-01	-2.770778e-02	-5.137888e-02	-1.257768e-02	1.183174e-02	3.492808e-02	2.929578e-02	5.632299e-03
928           	3.536377e-01	1.644208e-01	1.892169e-01	-1.564151e-01	-1.299744e-01	-2.644063e-02	-5.176690e-02	-1.239806e-02	1.269540e-02	3.657305e-02	3.098193e-02	5.591127e-03
929           	3.540376e-01	1.647337e-01	1.893039e-01	-1.542221e-01	-1.295388e-01	-2.468327e-02	-5.242777e-02	-1.228509e-02	1.371356e-02	3.850005e-02	3.296358e-02	5.536469e-03
930           	3.542102e-01	1.649009e-01	1.893092e-01	-1.516675e-01	-1.292575e-01	-2.240995e-02	-5.342379e-02	-1.220417e-02	1.483734e-02	4.055185e-02	3.511327e-02	5.438585e-03
931           	3.540483e-01	1.648458e-01	1.892025e-01	-1.486908e-01	-1.289506e-01	-1.974016e-02	-5.460523e-02	-1.217833e-02	1.593609e-02	4.254118e-02	3.720668e-02	5.334501e-03
932           	3.536431e-01	1.646776e-01	1.889654e-01	-1.453615e-01	-1.286329e-01	-1.672867e-02	-5.595209e-02	-1.214388e-02	1.697108e-02	4.419766e-02	3.906991e-02	5.127751e-03
933           	3.530750e-01	1.643695e-01	1.887055e-01	-1.419581e-01	-1.279695e-01	-1.398860e-02	-5.699046e-02	-1.216799e-02	1.790239e-02	4.528150e-02	4.054314e-02	4.738355e-03
934           	3.524814e-01	1.639036e-01	1.885778e-01	-1.397141e-01	-1.274700e-01	-1.224408e-02	-5.761298e-02	-1.233705e-02	1.855658e-02	4.585473e-02	4.148395e-02	4.370779e-03
935           	3.518572e-01	1.632079e-01	1.886492e-01	-1.390808e-01	-1.273411e-01	-1.173973e-02	-5.780067e-02	-1.272063e-02	1.874484e-02	4.598792e-02	4.173880e-02	4.249127e-03
936           	3.512649e-01	1.624162e-01	1.888487e-01	-1.400852e-01	-1.278557e-01	-1.222955e-02	-5.781306e-02	-1.321627e-02	1.852994e-02	4.563785e-02	4.134887e-02	4.288985e-03
937           	3.507392e-01	1.616248e-01	1.891144e-01	-1.424532e-01	-1.288958e-01	-1.355738e-02	-5.766923e-02	-1.374482e-02	1.791243e-02	4.488357e-02	4.035421e-02	4.529358e-03
938           	3.503589e-01	1.610224e-01	1.893366e-01	-1.457552e-01	-1.305187e-01	-1.523653e-02	-5.764107e-02	-1.415711e-02	1.702066e-02	4.371244e-02	3.887688e-02	4.835565e-03
939           	3.501470e-01	1.606622e-01	1.894848e-01	-1.494163e-01	-1.324317e-01	-1.698465e-02	-5.772351e-02	-1.441127e-02	1.602596e-02	4.217834e-02	3.711513e-02	5.063213e-03
940           	3.501695e-01	1.605946e-01	1.895749e-01	-1.529950e-01	-1.345051e-01	-1.848994e-02	-5.800757e-02	-1.449018e-02	1.512124e-02	4.049961e-02	3.537105e-02	5.128565e-03
941           	3.503719e-01	1.607065e-01	1.896654e-01	-1.559705e-01	-1.362412e-01	-1.972923e-02	-5.825600e-02	-1.447947e-02	1.439947e-02	3.888793e-02	3.384343e-02	5.044497e-03
942           	3.507283e-01	1.609537e-01	1.897746e-01	-1.581494e-01	-1.374918e-01	-2.065758e-02	-5.841713e-02	-1.441045e-02	1.396749e-02	3.752072e-02	3.272785e-02	4.792871e-03
943           	3.511490e-01	1.612037e-01	1.899453e-01	-1.593910e-01	-1.379667e-01	-2.142432e-02	-5.827117e-02	-1.437078e-02	1.378825e-02	3.661669e-02	3.209659e-02	4.520096e-03
944           	3.516420e-01	1.615123e-01	1.901296e-01	-1.600060e-01	-1.378825e-01	-2.212349e-02	-5.787952e-02	-1.430866e-02	1.378652e-02	3.622519e-02	3.189911e-02	4.326074e-03
945           	3.522521e-01	1.619252e-01	1.903269e-01	-1.605741e-01	-1.374288e-01	-2.314530e-02	-5.714176e-02	-1.420086e-02	1.397627e-02	3.630435e-02	3.212844e-02	4.175910e-03
946           	3.531078e-01	1.625950e-01	1.905127e-01	-1.614974e-01	-1.370177e-01	-2.447964e-02	-5.626904e-02	-1.395886e-02	1.444531e-02	3.689408e-02	3.289235e-02	4.001730e-03
947           	3.541147e-01	1.634189e-01	1.906957e-01	-1.624282e-01	-1.364902e-01	-2.593800e-02	-5.527612e-02	-1.363840e-02	1.513860e-02	3.793614e-02	3.410667e-02	3.829471e-03
948           	3.551466e-01	1.643577e-01	1.907888e-01	-1.632164e-01	-1.360572e-01	-2.715917e-02	-5.444901e-02	-1.321555e-02	1.596490e-02	3.930535e-02	3.561758e-02	3.687776e-03
949           	3.560188e-01	1.652320e-01	1.907868e-01	-1.636627e-01	-1.355982e-01	-2.806446e-02	-5.376689e-02	-1.277736e-02	1.681774e-02	4.078398e-02	3.720973e-02	3.574251e-03
950           	3.566376e-01	1.659878e-01	1.906497e-01	-1.637356e-01	-1.350785e-01	-2.865710e-02	-5.321069e-02	-1.233095e-02	1.767403e-02	4.214186e-02	3.874496e-02	3.396897e-03
951           	3.569145e-01	1.664995e-01	1.904150e-01	-1.633494e-01	-1.342287e-01	-2.912071e-02	-5.255399e-02	-1.195777e-02	1.842683e-02	4.332738e-02	4.009052e-02	3.236861e-03
952           	3.568279e-01	1.667431e-01	1.900847e-01	-1.626748e-01	-1.331287e-01	-2.954613e-02	-5.179128e-02	-1.167081e-02	1.909347e-02	4.416736e-02	4.117715e-02	2.990211e-03
953           	3.563638e-01	1.666129e-01	1.897509e-01	-1.619350e-01	-1.317908e-01	-3.014428e-02	-5.082324e-02	-1.156902e-02	1.963880e-02	4.454151e-02	4.190955e-02	2.631957e-03
954           	3.555163e-01	1.660746e-01	1.894417e-01	-1.616523e-01	-1.308127e-01	-3.083960e-02	-4.998653e-02	-1.168358e-02	1.984383e-02	4.449815e-02	4.209291e-02	2.405241e-03
955           	3.543637e-01	1.651196e-01	1.892441e-01	-1.621712e-01	-1.303235e-01	-3.184769e-02	-4.923791e-02	-1.206228e-02	1.950993e-02	4.411483e-02	4.156735e-02	2.547483e-03
956           	3.530830e-01	1.639718e-01	1.891111e-01	-1.636665e-01	-1.305982e-01	-3.306834e-02	-4.876491e-02	-1.256964e-02	1.865814e-02	4.333530e-02	4.032579e-02	3.009510e-03
957           	3.517725e-01	1.627771e-01	1.889954e-01	-1.660837e-01	-1.316792e-01	-3.440452e-02	-4.863732e-02	-1.310913e-02	1.744095e-02	4.212497e-02	3.850343e-02	3.621539e-03
958           	3.506142e-01	1.617661e-01	1.888481e-01	-1.690070e-01	-1.335519e-01	-3.545519e-02	-4.904833e-02	-1.354101e-02	1.606407e-02	4.053318e-02	3.633067e-02	4.202517e-03
959           	3.497495e-01	1.611014e-01	1.886480e-01	-1.717193e-01	-1.356558e-01	-3.606351e-02	-4.979615e-02	-1.377329e-02	1.467623e-02	3.861332e-02	3.398289e-02	4.630434e-03
960           	3.492858e-01	1.608476e-01	1.884382e-01	-1.737004e-01	-1.376906e-01	-3.600978e-02	-5.084043e-02	-1.379533e-02	1.344388e-02	3.653842e-02	3.171308e-02	4.825332e-03
961           	3.491740e-01	1.608928e-01	1.882812e-01	-1.745756e-01	-1.391534e-01	-3.542225e-02	-5.186557e-02	-1.369418e-02	1.244741e-02	3.455230e-02	2.972357e-02	4.828737e-03
962           	3.492661e-01	1.611092e-01	1.881569e-01	-1.743722e-01	-1.401052e-01	-3.426705e-02	-5.291907e-02	-1.352387e-02	1.171986e-02	3.291803e-02	2.817888e-02	4.739152e-03
963           	3.493392e-01	1.612712e-01	1.880680e-01	-1.731008e-01	-1.404391e-01	-3.266169e-02	-5.388872e-02	-1.339843e-02	1.121957e-02	3.193161e-02	2.718538e-02	4.746233e-03
964           	3.494255e-01	1.614075e-01	1.880180e-01	-1.708979e-01	-1.402257e-01	-3.067227e-02	-5.477670e-02	-1.330528e-02	1.095130e-02	3.178667e-02	2.684464e-02	4.942035e-03
965           	3.496479e-01	1.616348e-01	1.880131e-01	-1.683714e-01	-1.394437e-01	-2.892762e-02	-5.525805e-02	-1.318912e-02	1.102522e-02	3.230488e-02	2.717766e-02	5.127214e-03
966           	3.501828e-01	1.620845e-01	1.880983e-01	-1.660886e-01	-1.386361e-01	-2.745250e-02	-5.559181e-02	-1.300691e-02	1.149059e-02	3.343768e-02	2.820943e-02	5.228248e-03
967           	3.510448e-01	1.626714e-01	1.883734e-01	-1.641787e-01	-1.379548e-01	-2.622398e-02	-5.586539e-02	-1.285098e-02	1.227613e-02	3.515562e-02	2.985394e-02	5.301674e-03
968           	3.520511e-01	1.633066e-01	1.887445e-01	-1.626455e-01	-1.378049e-01	-2.484057e-02	-5.648218e-02	-1.271897e-02	1.324486e-02	3.734704e-02	3.191838e-02	5.428660e-03
969           	3.529584e-01	1.638537e-01	1.891048e-01	-1.609988e-01	-1.379295e-01	-2.306928e-02	-5.743012e-02	-1.262556e-02	1.430866e-02	3.968721e-02	3.415227e-02	5.534945e-03
970           	3.536873e-01	1.643490e-01	1.893383e-01	-1.586555e-01	-1.381172e-01	-2.053828e-02	-5.878945e-02	-1.249465e-02	1.542086e-02	4.186148e-02	3.635159e-02	5.509882e-03
971           	3.541969e-01	1.647356e-01	1.894613e-01	-1.552688e-01	-1.379631e-01	-1.730574e-02	-6.032867e-02	-1.236285e-02	1.650218e-02	4.367623e-02	3.834030e-02	5.335930e-03
972           	3.544900e-01	1.649906e-01	1.894994e-01	-1.511006e-01	-1.374957e-01	-1.360491e-02	-6.194539e-02	-1.225441e-02	1.753602e-02	4.497850e-02	4.002527e-02	4.953230e-03
973           	3.545733e-01	1.649966e-01	1.895767e-01	-1.470533e-01	-1.367111e-01	-1.034215e-02	-6.318449e-02	-1.229003e-02	1.839102e-02	4.579209e-02	4.128707e-02	4.505024e-03
974           	3.545672e-01	1.647552e-01	1.898120e-01	-1.439631e-01	-1.359199e-01	-8.043121e-03	-6.393841e-02	-1.252841e-02	1.889015e-02	4.616001e-02	4.197016e-02	4.189853e-03
975           	3.544770e-01	1.642833e-01	1.901937e-01	-1.422585e-01	-1.352761e-01	-6.982362e-03	-6.414688e-02	-1.295519e-02	1.894304e-02	4.602213e-02	4.195411e-02	4.068022e-03
976           	3.542545e-01	1.636352e-01	1.906193e-01	-1.420947e-01	-1.352381e-01	-6.856657e-03	-6.419071e-02	-1.349207e-02	1.856945e-02	4.540080e-02	4.126985e-02	4.130954e-03
977           	3.539779e-01	1.629559e-01	1.910220e-01	-1.433263e-01	-1.358264e-01	-7.499861e-03	-6.416329e-02	-1.403302e-02	1.783196e-02	4.441916e-02	4.004154e-02	4.377626e-03
978           	3.538446e-01	1.624623e-01	1.913823e-01	-1.455136e-01	-1.370396e-01	-8.473995e-03	-6.428282e-02	-1.446003e-02	1.686695e-02	4.313595e-02	3.843493e-02	4.701024e-03
979           	3.539875e-01	1.623057e-01	1.916818e-01	-1.479601e-01	-1.383816e-01	-9.578474e-03	-6.440158e-02	-1.468805e-02	1.579850e-02	4.159021e-02	3.659360e-02	4.996606e-03
980           	3.545260e-01	1.625818e-01	1.919441e-01	-1.501760e-01	-1.395232e-01	-1.065285e-02	-6.443516e-02	-1.468114e-02	1.472609e-02	3.986399e-02	3.465809e-02	5.205904e-03
981           	3.554881e-01	1.632615e-01	1.922266e-01	-1.518365e-01	-1.399254e-01	-1.191104e-02	-6.400720e-02	-1.448258e-02	1.376415e-02	3.810585e-02	3.281708e-02	5.288770e-03
982           	3.569380e-01	1.643346e-01	1.926033e-01	-1.528727e-01	-1.394442e-01	-1.342856e-02	-6.300781e-02	-1.413434e-02	1.297906e-02	3.662573e-02	3.129192e-02	5.333809e-03
983           	3.586863e-01	1.656202e-01	1.930662e-01	-1.533329e-01	-1.379130e-01	-1.541992e-02	-6.124653e-02	-1.372300e-02	1.238273e-02	3.565943e-02	3.021244e-02	5.446983e-03
984           	3.604690e-01	1.669369e-01	1.935321e-01	-1.538851e-01	-1.359497e-01	-1.793538e-02	-5.900715e-02	-1.329761e-02	1.218257e-02	3.523298e-02	2.979906e-02	5.433918e-03
985           	3.621851e-01	1.681953e-01	1.939898e-01	-1.549227e-01	-1.339529e-01	-2.096981e-02	-5.649152e-02	-1.289722e-02	1.251241e-02	3.529958e-02	3.016220e-02	5.137379e-03
986           	3.638178e-01	1.693430e-01	1.944749e-01	-1.565505e-01	-1.324003e-01	-2.415017e-02	-5.412506e-02	-1.256596e-02	1.333320e-02	3.600261e-02	3.133451e-02	4.668100e-03
987           	3.652098e-01	1.702172e-01	1.949926e-01	-1.585537e-01	-1.313148e-01	-2.723888e-02	-5.203796e-02	-1.238770e-02	1.442664e-02	3.741434e-02	3.313381e-02	4.280531e-03
988           	3.662797e-01	1.707998e-01	1.954799e-01	-1.606272e-01	-1.307446e-01	-2.988251e-02	-5.043107e-02	-1.234002e-02	1.563817e-02	3.936810e-02	3.532222e-02	4.045881e-03
989           	3.668731e-01	1.710772e-01	1.957960e-01	-1.621898e-01	-1.302646e-01	-3.192517e-02	-4.916973e-02	-1.235939e-02	1.680235e-02	4.144670e-02	3.752570e-02	3.921002e-03
990           	3.669691e-01	1.711651e-01	1.958040e-01	-1.629247e-01	-1.298019e-01	-3.312276e-02	-4.833957e-02	-1.231949e-02	1.780173e-02	4.321890e-02	3.941118e-02	3.807719e-03
991           	3.665160e-01	1.710661e-01	1.954499e-01	-1.626828e-01	-1.291696e-01	-3.351323e-02	-4.782816e-02	-1.219188e-02	1.854047e-02	4.442249e-02	4.075172e-02	3.670775e-03
992           	3.655310e-01	1.707654e-01	1.947656e-01	-1.616938e-01	-1.285686e-01	-3.312513e-02	-4.772175e-02	-1.200011e-02	1.901658e-02	4.491085e-02	4.147201e-02	3.438842e-03
993           	3.641045e-01	1.701910e-01	1.939135e-01	-1.605075e-01	-1.279344e-01	-3.257310e-02	-4.768063e-02	-1.186124e-02	1.917096e-02	4.481103e-02	4.157648e-02	3.234551e-03
994           	3.624083e-01	1.692927e-01	1.931156e-01	-1.597528e-01	-1.275082e-01	-3.224461e-02	-4.763178e-02	-1.191145e-02	1.890794e-02	4.437952e-02	4.109770e-02	3.281821e-03
995           	3.604364e-01	1.680352e-01	1.924013e-01	-1.594658e-01	-1.273437e-01	-3.212207e-02	-4.761082e-02	-1.218305e-02	1.827632e-02	4.381983e-02	4.018623e-02	3.633595e-03
996           	3.582624e-01	1.664824e-01	1.917800e-01	-1.594671e-01	-1.277362e-01	-3.173093e-02	-4.800263e-02	-1.264880e-02	1.739221e-02	4.313406e-02	3.895924e-02	4.174821e-03
997           	3.560984e-01	1.648251e-01	1.912733e-01	-1.594567e-01	-1.286219e-01	-3.083475e-02	-4.889360e-02	-1.322412e-02	1.634290e-02	4.237654e-02	3.753117e-02	4.845367e-03
998           	3.541681e-01	1.632708e-01	1.908972e-01	-1.591825e-01	-1.301273e-01	-2.905515e-02	-5.053607e-02	-1.381320e-02	1.524308e-02	4.151466e-02	3.600041e-02	5.514246e-03
999           	3.527070e-01	1.620882e-01	1.906189e-01	-1.584981e-01	-1.319081e-01	-2.658997e-02	-5.265908e-02	-1.426535e-02	1.417773e-02	4.047041e-02	3.441293e-02	6.057478e-03
1000          	3.518129e-01	1.614076e-01	1.904053e-01	-1.571449e-01	-1.335632e-01	-2.358171e-02	-5.499072e-02	-1.449888e-02	1.326113e-02	3.906921e-02	3.279574e-02	6.273474e-03
1001          	3.514083e-01	1.612656e-01	1.901428e-01	-1.548512e-01	-1.345243e-01	-2.032696e-02	-5.709865e-02	-1.443858e-02	1.253551e-02	3.738842e-02	3.122972e-02	6.158703e-03
1002          	3.513045e-01	1.614779e-01	1.898266e-01	-1.517124e-01	-1.347306e-01	-1.698183e-02	-5.887437e-02	-1.417434e-02	1.198701e-02	3.577152e-02	2.987277e-02	5.898747e-03
1003          	3.514493e-01	1.619463e-01	1.895030e-01	-1.485091e-01	-1.342316e-01	-1.427744e-02	-5.997709e-02	-1.377831e-02	1.163729e-02	3.460323e-02	2.893890e-02	5.664331e-03
1004          	3.517947e-01	1.625258e-01	1.892689e-01	-1.460382e-01	-1.335482e-01	-1.249002e-02	-6.052908e-02	-1.337157e-02	1.158330e-02	3.409885e-02	2.863272e-02	5.466128e-03
1005          	3.522373e-01	1.630998e-01	1.891375e-01	-1.443508e-01	-1.328211e-01	-1.152969e-02	-6.064572e-02	-1.301886e-02	1.183863e-02	3.429047e-02	2.898386e-02	5.306611e-03
1006          	3.527005e-01	1.635866e-01	1.891139e-01	-1.432041e-01	-1.323711e-01	-1.083298e-02	-6.076907e-02	-1.276369e-02	1.236772e-02	3.515004e-02	2.994274e-02	5.207304e-03
1007          	3.530326e-01	1.638655e-01	1.891671e-01	-1.422011e-01	-1.320969e-01	-1.010424e-02	-6.099631e-02	-1.265082e-02	1.303441e-02	3.662994e-02	3.134938e-02	5.280562e-03
1008          	3.531000e-01	1.638868e-01	1.892132e-01	-1.412193e-01	-1.321190e-01	-9.100294e-03	-6.150933e-02	-1.266317e-02	1.372764e-02	3.844213e-02	3.294870e-02	5.493428e-03
1009          	3.526859e-01	1.635861e-01	1.890998e-01	-1.400793e-01	-1.321531e-01	-7.926113e-03	-6.211352e-02	-1.275688e-02	1.433687e-02	4.021598e-02	3.444487e-02	5.771118e-03
1010          	3.518230e-01	1.630964e-01	1.887266e-01	-1.388602e-01	-1.322252e-01	-6.634983e-03	-6.279511e-02	-1.281508e-02	1.482253e-02	4.156214e-02	3.560360e-02	5.958535e-03
1011          	3.506518e-01	1.625832e-01	1.880686e-01	-1.376663e-01	-1.320890e-01	-5.577275e-03	-6.325588e-02	-1.274273e-02	1.515017e-02	4.213375e-02	3.621705e-02	5.916706e-03
1012          	3.494275e-01	1.621520e-01	1.872755e-01	-1.366813e-01	-1.316952e-01	-4.986035e-03	-6.335459e-02	-1.256171e-02	1.536634e-02	4.186976e-02	3.630122e-02	5.568542e-03
1013          	3.484265e-01	1.618563e-01	1.865702e-01	-1.360999e-01	-1.307346e-01	-5.365220e-03	-6.268471e-02	-1.235692e-02	1.549742e-02	4.101868e-02	3.600676e-02	5.011914e-03
1014          	3.476818e-01	1.615774e-01	1.861044e-01	-1.360158e-01	-1.294173e-01	-6.598479e-03	-6.140941e-02	-1.226354e-02	1.548766e-02	4.002376e-02	3.549954e-02	4.524225e-03
1015          	3.471791e-01	1.612568e-01	1.859223e-01	-1.369553e-01	-1.282132e-01	-8.742045e-03	-5.973558e-02	-1.233276e-02	1.523802e-02	3.909575e-02	3.478589e-02	4.309860e-03
1016          	3.468294e-01	1.608902e-01	1.859392e-01	-1.389495e-01	-1.275239e-01	-1.142560e-02	-5.804913e-02	-1.252450e-02	1.475819e-02	3.829662e-02	3.390650e-02	4.390121e-03
1017          	3.466774e-01	1.605759e-01	1.861015e-01	-1.419165e-01	-1.273362e-01	-1.458028e-02	-5.637794e-02	-1.276279e-02	1.412672e-02	3.751291e-02	3.288317e-02	4.629735e-03
1018          	3.467811e-01	1.604085e-01	1.863726e-01	-1.454242e-01	-1.276475e-01	-1.777670e-02	-5.493541e-02	-1.298203e-02	1.342330e-02	3.672945e-02	3.178803e-02	4.941421e-03
1019          	3.471918e-01	1.604834e-01	1.867084e-01	-1.491993e-01	-1.282242e-01	-2.097507e-02	-5.362456e-02	-1.311252e-02	1.274491e-02	3.589238e-02	3.069110e-02	5.201283e-03
1020          	3.478317e-01	1.608138e-01	1.870179e-01	-1.526034e-01	-1.288887e-01	-2.371472e-02	-5.258697e-02	-1.310208e-02	1.218670e-02	3.489959e-02	2.963650e-02	5.263095e-03
1021          	3.486751e-01	1.614322e-01	1.872429e-01	-1.551754e-01	-1.292406e-01	-2.593481e-02	-5.165291e-02	-1.290533e-02	1.179605e-02	3.384318e-02	2.871764e-02	5.125545e-03
1022          	3.496672e-01	1.622692e-01	1.873980e-01	-1.563520e-01	-1.291733e-01	-2.717872e-02	-5.099729e-02	-1.256442e-02	1.159022e-02	3.303173e-02	2.810608e-02	4.925647e-03
1023          	3.507144e-01	1.632199e-01	1.874946e-01	-1.561308e-01	-1.285412e-01	-2.758954e-02	-5.047584e-02	-1.213736e-02	1.157055e-02	3.268455e-02	2.791282e-02	4.771725e-03
1024          	3.516516e-01	1.641380e-01	1.875136e-01	-1.549325e-01	-1.276226e-01	-2.730984e-02	-5.015639e-02	-1.168783e-02	1.181849e-02	3.282363e-02	2.823031e-02	4.593325e-03
1025          	3.523889e-01	1.648889e-01	1.875000e-01	-1.536384e-01	-1.266795e-01	-2.695884e-02	-4.986035e-02	-1.130553e-02	1.234301e-02	3.350791e-02	2.909696e-02	4.410947e-03
1026          	3.529215e-01	1.653992e-01	1.875223e-01	-1.528559e-01	-1.261776e-01	-2.667826e-02	-4.974969e-02	-1.106153e-02	1.310666e-02	3.475561e-02	3.048447e-02	4.271142e-03
1027          	3.532131e-01	1.655978e-01	1.876154e-01	-1.528450e-01	-1.262614e-01	-2.658363e-02	-4.983886e-02	-1.100881e-02	1.399721e-02	3.643919e-02	3.221681e-02	4.222381e-03
1028          	3.532521e-01	1.655180e-01	1.877341e-01	-1.534457e-01	-1.270202e-01	-2.642549e-02	-5.029735e-02	-1.110802e-02	1.493265e-02	3.830488e-02	3.408509e-02	4.219789e-03
1029          	3.530400e-01	1.651974e-01	1.878426e-01	-1.543058e-01	-1.280947e-01	-2.621111e-02	-5.094178e-02	-1.132260e-02	1.580156e-02	4.011283e-02	3.585798e-02	4.254852e-03
1030          	3.525706e-01	1.647521e-01	1.878185e-01	-1.551753e-01	-1.293240e-01	-2.585131e-02	-5.173635e-02	-1.153318e-02	1.653402e-02	4.158818e-02	3.732811e-02	4.260073e-03
1031          	3.519626e-01	1.643461e-01	1.876165e-01	-1.556424e-01	-1.301943e-01	-2.544811e-02	-5.237309e-02	-1.163520e-02	1.706050e-02	4.238577e-02	3.825339e-02	4.132382e-03
1032          	3.513635e-01	1.641319e-01	1.872316e-01	-1.553323e-01	-1.303241e-01	-2.500818e-02	-5.265799e-02	-1.154987e-02	1.741689e-02	4.220202e-02	3.851790e-02	3.684116e-03
1033          	3.508745e-01	1.640638e-01	1.868107e-01	-1.541570e-01	-1.293204e-01	-2.483665e-02	-5.224187e-02	-1.137349e-02	1.753456e-02	4.119485e-02	3.813198e-02	3.062870e-03
1034          	3.504425e-01	1.639433e-01	1.864992e-01	-1.529982e-01	-1.278665e-01	-2.513173e-02	-5.136738e-02	-1.127795e-02	1.724377e-02	3.983102e-02	3.715928e-02	2.671743e-03
1035          	3.499247e-01	1.636566e-01	1.862681e-01	-1.525919e-01	-1.266150e-01	-2.597689e-02	-5.031904e-02	-1.130574e-02	1.649897e-02	3.824730e-02	3.562262e-02	2.624686e-03
1036          	3.493409e-01	1.632426e-01	1.860983e-01	-1.531533e-01	-1.261724e-01	-2.698086e-02	-4.959578e-02	-1.142782e-02	1.535711e-02	3.656863e-02	3.364143e-02	2.927202e-03
1037          	3.488360e-01	1.627914e-01	1.860446e-01	-1.548095e-01	-1.267953e-01	-2.801420e-02	-4.939056e-02	-1.162661e-02	1.392501e-02	3.486955e-02	3.135979e-02	3.509767e-03
1038          	3.484339e-01	1.623926e-01	1.860413e-01	-1.571189e-01	-1.285421e-01	-2.857684e-02	-4.998263e-02	-1.182433e-02	1.241909e-02	3.311643e-02	2.897730e-02	4.139125e-03
1039          	3.481274e-01	1.621349e-01	1.859925e-01	-1.593102e-01	-1.307203e-01	-2.858991e-02	-5.106520e-02	-1.192876e-02	1.100675e-02	3.127858e-02	2.664604e-02	4.632536e-03
1040          	3.478292e-01	1.620105e-01	1.858188e-01	-1.607505e-01	-1.328979e-01	-2.785268e-02	-5.252259e-02	-1.190415e-02	9.861272e-03	2.937876e-02	2.455065e-02	4.828106e-03
1041          	3.475236e-01	1.620131e-01	1.855105e-01	-1.612060e-01	-1.346640e-01	-2.654190e-02	-5.406107e-02	-1.174872e-02	8.981874e-03	2.750377e-02	2.273376e-02	4.770010e-03
1042          	3.472321e-01	1.621518e-01	1.850803e-01	-1.603369e-01	-1.358499e-01	-2.448692e-02	-5.568151e-02	-1.146427e-02	8.349415e-03	2.588098e-02	2.128991e-02	4.591077e-03
1043          	3.470806e-01	1.624752e-01	1.846054e-01	-1.581689e-01	-1.360813e-01	-2.208763e-02	-5.699685e-02	-1.106513e-02	7.949861e-03	2.460670e-02	2.025321e-02	4.353491e-03
1044          	3.470875e-01	1.629914e-01	1.840961e-01	-1.550554e-01	-1.354893e-01	-1.956610e-02	-5.796160e-02	-1.055236e-02	7.849716e-03	2.372928e-02	1.971435e-02	4.014923e-03
1045          	3.473937e-01	1.636888e-01	1.837049e-01	-1.518067e-01	-1.344737e-01	-1.733294e-02	-5.857039e-02	-1.000806e-02	8.052029e-03	2.348323e-02	1.979365e-02	3.689587e-03
1046          	3.480160e-01	1.644396e-01	1.835763e-01	-1.487117e-01	-1.335103e-01	-1.520144e-02	-5.915443e-02	-9.568348e-03	8.560445e-03	2.408996e-02	2.060543e-02	3.484536e-03
1047          	3.488256e-01	1.650733e-01	1.837523e-01	-1.459010e-01	-1.328071e-01	-1.309389e-02	-5.985660e-02	-9.339492e-03	9.238715e-03	2.560407e-02	2.204075e-02	3.563321e-03
1048          	3.495957e-01	1.654700e-01	1.841257e-01	-1.432334e-01	-1.325406e-01	-1.069285e-02	-6.092387e-02	-9.327880e-03	9.989856e-03	2.787197e-02	2.392584e-02	3.946130e-03
1049          	3.501717e-01	1.656055e-01	1.845662e-01	-1.405549e-01	-1.324473e-01	-8.107613e-03	-6.216982e-02	-9.480347e-03	1.076955e-02	3.046319e-02	2.600114e-02	4.462046e-03
1050          	3.504722e-01	1.655364e-01	1.849359e-01	-1.377056e-01	-1.323442e-01	-5.361400e-03	-6.349140e-02	-9.699736e-03	1.155382e-02	3.293893e-02	2.802328e-02	4.915648e-03
1051          	3.505556e-01	1.653954e-01	1.851602e-01	-1.348228e-01	-1.318823e-01	-2.940444e-03	-6.447094e-02	-9.882387e-03	1.230132e-02	3.482162e-02	2.971213e-02	5.109484e-03
1052          	3.504571e-01	1.652685e-01	1.851886e-01	-1.322060e-01	-1.310981e-01	-1.107902e-03	-6.499511e-02	-9.960038e-03	1.295297e-02	3.594039e-02	3.092317e-02	5.017222e-03
1053          	3.501950e-01	1.651032e-01	1.850917e-01	-1.305441e-01	-1.301097e-01	-4.343323e-04	-6.483769e-02	-9.994234e-03	1.339456e-02	3.629245e-02	3.154079e-02	4.751663e-03
1054          	3.497407e-01	1.647875e-01	1.849531e-01	-1.303919e-01	-1.294513e-01	-9.405423e-04	-6.425539e-02	-1.008279e-02	1.353052e-02	3.604475e-02	3.155289e-02	4.491851e-03
1055          	3.492394e-01	1.642854e-01	1.849539e-01	-1.321426e-01	-1.294389e-01	-2.703784e-03	-6.336754e-02	-1.033425e-02	1.333895e-02	3.546078e-02	3.106934e-02	4.391439e-03
1056          	3.488634e-01	1.636694e-01	1.851940e-01	-1.356053e-01	-1.302936e-01	-5.311755e-03	-6.249091e-02	-1.076232e-02	1.287640e-02	3.477895e-02	3.026587e-02	4.513078e-03
1057          	3.488358e-01	1.631229e-01	1.857129e-01	-1.401454e-01	-1.317042e-01	-8.441210e-03	-6.163148e-02	-1.129504e-02	1.225438e-02	3.409085e-02	2.929980e-02	4.791050e-03
1058          	3.492445e-01	1.627694e-01	1.864751e-01	-1.448843e-01	-1.334069e-01	-1.147742e-02	-6.096475e-02	-1.185281e-02	1.162420e-02	3.342344e-02	2.833592e-02	5.087521e-03
1059          	3.501126e-01	1.626895e-01	1.874232e-01	-1.491148e-01	-1.348155e-01	-1.429931e-02	-6.025810e-02	-1.236685e-02	1.109338e-02	3.276103e-02	2.747389e-02	5.287138e-03
1060          	3.513464e-01	1.629112e-01	1.884352e-01	-1.523217e-01	-1.356341e-01	-1.668754e-02	-5.947329e-02	-1.276199e-02	1.075320e-02	3.208268e-02	2.679454e-02	5.288135e-03
1061          	3.528420e-01	1.634423e-01	1.893997e-01	-1.542308e-01	-1.354677e-01	-1.876309e-02	-5.835231e-02	-1.297874e-02	1.064197e-02	3.136108e-02	2.632251e-02	5.038564e-03
1062          	3.544044e-01	1.641993e-01	1.902051e-01	-1.546387e-01	-1.342876e-01	-2.035110e-02	-5.696826e-02	-1.300291e-02	1.081257e-02	3.072922e-02	2.617718e-02	4.552041e-03
1063          	3.559319e-01	1.651021e-01	1.908298e-01	-1.537999e-01	-1.320931e-01	-2.170677e-02	-5.519318e-02	-1.286384e-02	1.120748e-02	3.042413e-02	2.641954e-02	4.004587e-03
1064          	3.574251e-01	1.661224e-01	1.913027e-01	-1.526663e-01	-1.296946e-01	-2.297175e-02	-5.336140e-02	-1.259012e-02	1.187843e-02	3.078471e-02	2.727079e-02	3.513922e-03
1065          	3.589420e-01	1.672236e-01	1.917184e-01	-1.519122e-01	-1.275904e-01	-2.432179e-02	-5.163430e-02	-1.224738e-02	1.286905e-02	3.200233e-02	2.887022e-02	3.132117e-03
1066          	3.604787e-01	1.683336e-01	1.921451e-01	-1.515414e-01	-1.260794e-01	-2.546205e-02	-5.030866e-02	-1.190577e-02	1.408120e-02	3.401841e-02	3.109040e-02	2.928005e-03
1067          	3.618647e-01	1.692395e-01	1.926252e-01	-1.512204e-01	-1.249600e-01	-2.626039e-02	-4.934982e-02	-1.169286e-02	1.534672e-02	3.667889e-02	3.368616e-02	2.992721e-03
1068          	3.629108e-01	1.698173e-01	1.930935e-01	-1.507172e-01	-1.242449e-01	-2.647231e-02	-4.888628e-02	-1.163813e-02	1.658542e-02	3.962657e-02	3.639870e-02	3.227866e-03
1069          	3.634564e-01	1.699851e-01	1.934712e-01	-1.500535e-01	-1.237627e-01	-2.629083e-02	-4.873595e-02	-1.174306e-02	1.775885e-02	4.244330e-02	3.898050e-02	3.462797e-03
1070          	3.633904e-01	1.697783e-01	1.936121e-01	-1.492720e-01	-1.235844e-01	-2.568758e-02	-4.894842e-02	-1.191690e-02	1.882601e-02	4.477683e-02	4.121442e-02	3.562410e-03
1071          	3.627319e-01	1.692544e-01	1.934776e-01	-1.484088e-01	-1.235402e-01	-2.486858e-02	-4.933580e-02	-1.211161e-02	1.971837e-02	4.632155e-02	4.287914e-02	3.442404e-03
1072          	3.614409e-01	1.684317e-01	1.930092e-01	-1.476731e-01	-1.238188e-01	-2.385434e-02	-4.998222e-02	-1.228879e-02	2.036900e-02	4.686886e-02	4.380343e-02	3.065430e-03
1073          	3.597011e-01	1.673615e-01	1.923397e-01	-1.476414e-01	-1.244373e-01	-2.320407e-02	-5.061660e-02	-1.248911e-02	2.061609e-02	4.645583e-02	4.384401e-02	2.611829e-03
1074          	3.576954e-01	1.661273e-01	1.915682e-01	-1.484522e-01	-1.254098e-01	-2.304235e-02	-5.118373e-02	-1.272045e-02	2.038466e-02	4.527447e-02	4.302189e-02	2.252579e-03
1075          	3.556103e-01	1.648271e-01	1.907833e-01	-1.500667e-01	-1.266135e-01	-2.345316e-02	-5.158018e-02	-1.297810e-02	1.969011e-02	4.358936e-02	4.148479e-02	2.104564e-03
1076          	3.536157e-01	1.635591e-01	1.900566e-01	-1.520891e-01	-1.281732e-01	-2.391588e-02	-5.212866e-02	-1.324874e-02	1.862642e-02	4.166887e-02	3.946085e-02	2.208021e-03
1077          	3.518761e-01	1.624509e-01	1.894253e-01	-1.542282e-01	-1.300064e-01	-2.422182e-02	-5.289228e-02	-1.348720e-02	1.730992e-02	3.975775e-02	3.718880e-02	2.568952e-03
1078          	3.504319e-01	1.615480e-01	1.888839e-01	-1.562028e-01	-1.321691e-01	-2.403370e-02	-5.406768e-02	-1.366793e-02	1.586459e-02	3.793332e-02	3.483125e-02	3.102070e-03
1079          	3.492734e-01	1.608992e-01	1.883742e-01	-1.577164e-01	-1.342547e-01	-2.346165e-02	-5.539653e-02	-1.373747e-02	1.441752e-02	3.620829e-02	3.252167e-02	3.686621e-03
1080          	3.483184e-01	1.604809e-01	1.878375e-01	-1.584365e-01	-1.360632e-01	-2.237331e-02	-5.684495e-02	-1.367830e-02	1.307966e-02	3.460556e-02	3.038244e-02	4.223117e-03
1081          	3.475013e-01	1.602630e-01	1.872383e-01	-1.581401e-01	-1.371516e-01	-2.098844e-02	-5.808160e-02	-1.348762e-02	1.193417e-02	3.317454e-02	2.852144e-02	4.653103e-03
1082          	3.468034e-01	1.602194e-01	1.865840e-01	-1.566589e-01	-1.373478e-01	-1.931106e-02	-5.901839e-02	-1.318228e-02	1.102802e-02	3.204795e-02	2.705199e-02	4.995959e-03
1083          	3.464985e-01	1.604791e-01	1.860194e-01	-1.544895e-01	-1.365772e-01	-1.791239e-02	-5.933239e-02	-1.277013e-02	1.044106e-02	3.134979e-02	2.611595e-02	5.233835e-03
1084          	3.466857e-01	1.611038e-01	1.855818e-01	-1.523255e-01	-1.354333e-01	-1.689225e-02	-5.927053e-02	-1.223898e-02	1.020161e-02	3.111802e-02	2.576062e-02	5.357404e-03
1085          	3.474573e-01	1.620733e-01	1.853840e-01	-1.506024e-01	-1.341549e-01	-1.644750e-02	-5.885371e-02	-1.165532e-02	1.030795e-02	3.136287e-02	2.598939e-02	5.373483e-03
1086          	3.486622e-01	1.632392e-01	1.854230e-01	-1.493529e-01	-1.331368e-01	-1.621602e-02	-5.846041e-02	-1.109191e-02	1.074457e-02	3.200519e-02	2.674717e-02	5.258021e-03
1087          	3.501485e-01	1.644130e-01	1.857355e-01	-1.483978e-01	-1.323125e-01	-1.608527e-02	-5.811360e-02	-1.066124e-02	1.138458e-02	3.299676e-02	2.788296e-02	5.113803e-03
1088          	3.516626e-01	1.654471e-01	1.862155e-01	-1.475023e-01	-1.317828e-01	-1.571947e-02	-5.803168e-02	-1.038415e-02	1.215323e-02	3.410636e-02	2.920640e-02	4.899953e-03
1089          	3.530554e-01	1.662588e-01	1.867966e-01	-1.466077e-01	-1.312756e-01	-1.533212e-02	-5.797172e-02	-1.026888e-02	1.291758e-02	3.515976e-02	3.049746e-02	4.662302e-03
1090          	3.542936e-01	1.669017e-01	1.873919e-01	-1.459186e-01	-1.308242e-01	-1.509433e-02	-5.786496e-02	-1.024507e-02	1.359064e-02	3.597507e-02	3.157818e-02	4.396896e-03
1091          	3.554138e-01	1.674302e-01	1.879836e-01	-1.458599e-01	-1.301481e-01	-1.571176e-02	-5.721820e-02	-1.027670e-02	1.411895e-02	3.629665e-02	3.226727e-02	4.029375e-03
1092          	3.563573e-01	1.678606e-01	1.884967e-01	-1.467569e-01	-1.292449e-01	-1.751194e-02	-5.586649e-02	-1.031807e-02	1.438278e-02	3.596626e-02	3.236591e-02	3.600353e-03
1093          	3.570876e-01	1.681835e-01	1.889042e-01	-1.485641e-01	-1.279650e-01	-2.059918e-02	-5.368289e-02	-1.036035e-02	1.425992e-02	3.506906e-02	3.179445e-02	3.274611e-03
1094          	3.573650e-01	1.682755e-01	1.890894e-01	-1.508957e-01	-1.267491e-01	-2.414661e-02	-5.130124e-02	-1.040695e-02	1.378044e-02	3.369148e-02	3.062618e-02	3.065301e-03
1095          	3.571991e-01	1.681385e-01	1.890606e-01	-1.536759e-01	-1.259541e-01	-2.772179e-02	-4.911614e-02	-1.046107e-02	1.302355e-02	3.200821e-02	2.902766e-02	2.980552e-03
1096          	3.566516e-01	1.677845e-01	1.888671e-01	-1.568222e-01	-1.261275e-01	-3.069470e-02	-4.771641e-02	-1.054129e-02	1.208396e-02	3.025061e-02	2.720927e-02	3.041342e-03
1097          	3.560539e-01	1.674045e-01	1.886494e-01	-1.601479e-01	-1.271173e-01	-3.303064e-02	-4.704332e-02	-1.062242e-02	1.107430e-02	2.863235e-02	2.539048e-02	3.241871e-03
1098          	3.555822e-01	1.670965e-01	1.884858e-01	-1.632166e-01	-1.288281e-01	-3.438844e-02	-4.721985e-02	-1.069466e-02	1.013197e-02	2.717831e-02	2.372112e-02	3.457189e-03
1099          	3.553549e-01	1.669428e-01	1.884120e-01	-1.656829e-01	-1.307387e-01	-3.494423e-02	-4.789724e-02	-1.073460e-02	9.387842e-03	2.589494e-02	2.233531e-02	3.559629e-03
1100          	3.553033e-01	1.668827e-01	1.884207e-01	-1.671560e-01	-1.325961e-01	-3.455991e-02	-4.901808e-02	-1.076901e-02	8.948549e-03	2.489973e-02	2.139841e-02	3.501314e-03
1101          	3.554046e-01	1.669092e-01	1.884955e-01	-1.673213e-01	-1.339055e-01	-3.341585e-02	-5.024481e-02	-1.079313e-02	8.819459e-03	2.435102e-02	2.099497e-02	3.356049e-03
1102          	3.555783e-01	1.669723e-01	1.886061e-01	-1.661223e-01	-1.344693e-01	-3.165301e-02	-5.140813e-02	-1.081688e-02	8.946790e-03	2.443296e-02	2.116327e-02	3.269690e-03
1103          	3.558185e-01	1.671549e-01	1.886635e-01	-1.642091e-01	-1.341827e-01	-3.002638e-02	-5.207818e-02	-1.075430e-02	9.381300e-03	2.507515e-02	2.191888e-02	3.156277e-03
1104          	3.561448e-01	1.675643e-01	1.885805e-01	-1.623764e-01	-1.336629e-01	-2.871345e-02	-5.247473e-02	-1.050809e-02	1.019571e-02	2.619934e-02	2.329538e-02	2.903959e-03
1105          	3.565486e-01	1.681723e-01	1.883764e-01	-1.607616e-01	-1.330091e-01	-2.775244e-02	-5.262835e-02	-1.010204e-02	1.132804e-02	2.774709e-02	2.520159e-02	2.545508e-03
1106          	3.569622e-01	1.688440e-01	1.881183e-01	-1.594645e-01	-1.325199e-01	-2.694457e-02	-5.278768e-02	-9.637133e-03	1.263637e-02	2.972052e-02	2.749662e-02	2.223893e-03
1107          	3.572902e-01	1.693919e-01	1.878983e-01	-1.583976e-01	-1.319893e-01	-2.640825e-02	-5.279054e-02	-9.253226e-03	1.396260e-02	3.198954e-02	2.995737e-02	2.032171e-03
1108          	3.574138e-01	1.696851e-01	1.877287e-01	-1.577349e-01	-1.315889e-01	-2.614605e-02	-5.272142e-02	-9.021799e-03	1.517703e-02	3.422922e-02	3.229164e-02	1.937576e-03
1109          	3.572079e-01	1.696194e-01	1.875884e-01	-1.575383e-01	-1.311785e-01	-2.635975e-02	-5.240938e-02	-8.984514e-03	1.618750e-02	3.620022e-02	3.428761e-02	1.912612e-03
1110          	3.566520e-01	1.692103e-01	1.874417e-01	-1.579070e-01	-1.308122e-01	-2.709479e-02	-5.185873e-02	-9.115697e-03	1.695100e-02	3.763947e-02	3.577074e-02	1.868730e-03
1111          	3.558779e-01	1.685650e-01	1.873129e-01	-1.588802e-01	-1.302996e-01	-2.858063e-02	-5.085949e-02	-9.373971e-03	1.739984e-02	3.834825e-02	3.657396e-02	1.774285e-03
1112          	3.549952e-01	1.677947e-01	1.872005e-01	-1.604308e-01	-1.297508e-01	-3.068003e-02	-4.953538e-02	-9.702928e-03	1.745993e-02	3.833811e-02	3.662898e-02	1.709128e-03
1113          	3.540340e-01	1.669946e-01	1.870394e-01	-1.625363e-01	-1.291180e-01	-3.341832e-02	-4.784982e-02	-1.002239e-02	1.706495e-02	3.766157e-02	3.589574e-02	1.765837e-03
1114          	3.528782e-01	1.661822e-01	1.866960e-01	-1.650686e-01	-1.287356e-01	-3.633301e-02	-4.620128e-02	-1.025689e-02	1.622973e-02	3.638699e-02	3.442323e-02	1.963759e-03
1115          	3.515511e-01	1.654206e-01	1.861306e-01	-1.680555e-01	-1.287568e-01	-3.929869e-02	-4.472907e-02	-1.035498e-02	1.503283e-02	3.459307e-02	3.232936e-02	2.263704e-03
1116          	3.501649e-01	1.647547e-01	1.854102e-01	-1.711849e-01	-1.293633e-01	-4.182158e-02	-4.377088e-02	-1.032775e-02	1.359282e-02	3.245175e-02	2.981869e-02	2.633054e-03
1117          	3.488835e-01	1.642252e-01	1.846582e-01	-1.742434e-01	-1.303501e-01	-4.389328e-02	-4.322843e-02	-1.021650e-02	1.205152e-02	3.017495e-02	2.713900e-02	3.035952e-03
1118          	3.477625e-01	1.637852e-01	1.839773e-01	-1.769459e-01	-1.316557e-01	-4.529016e-02	-4.318278e-02	-1.009608e-02	1.053924e-02	2.789971e-02	2.448910e-02	3.410614e-03
1119          	3.468283e-01	1.634345e-01	1.833938e-01	-1.791327e-01	-1.329677e-01	-4.616502e-02	-4.340131e-02	-9.979650e-03	9.176451e-03	2.575581e-02	2.205435e-02	3.701452e-03
1120          	3.460270e-01	1.631520e-01	1.828750e-01	-1.804839e-01	-1.341807e-01	-4.630315e-02	-4.393879e-02	-9.861525e-03	8.048564e-03	2.382192e-02	1.995952e-02	3.862396e-03
1121          	3.454220e-01	1.629924e-01	1.824296e-01	-1.807209e-01	-1.348785e-01	-4.584239e-02	-4.451806e-02	-9.718624e-03	7.221763e-03	2.228007e-02	1.836180e-02	3.918271e-03
1122          	3.450421e-01	1.630119e-01	1.820302e-01	-1.797669e-01	-1.350802e-01	-4.468673e-02	-4.519672e-02	-9.509139e-03	6.733818e-03	2.121847e-02	1.734306e-02	3.875419e-03
1123          	3.449707e-01	1.632928e-01	1.816779e-01	-1.779956e-01	-1.348262e-01	-4.316936e-02	-4.582844e-02	-9.192537e-03	6.644862e-03	2.063819e-02	1.696396e-02	3.674232e-03
1124          	3.451700e-01	1.638518e-01	1.813182e-01	-1.759119e-01	-1.346863e-01	-4.122555e-02	-4.673038e-02	-8.733190e-03	6.939888e-03	2.055764e-02	1.721871e-02	3.338929e-03
1125          	3.456398e-01	1.646442e-01	1.809956e-01	-1.736069e-01	-1.345917e-01	-3.901516e-02	-4.778828e-02	-8.175691e-03	7.546591e-03	2.098413e-02	1.803865e-02	2.945471e-03
1126          	3.463138e-01	1.655481e-01	1.807657e-01	-1.709990e-01	-1.345925e-01	-3.640645e-02	-4.909304e-02	-7.608763e-03	8.393892e-03	2.189357e-02	1.934068e-02	2.552893e-03
1127          	3.470744e-01	1.664249e-01	1.806495e-01	-1.678528e-01	-1.342983e-01	-3.355447e-02	-5.037191e-02	-7.112257e-03	9.367408e-03	2.322042e-02	2.097762e-02	2.242799e-03
1128          	3.477894e-01	1.671235e-01	1.806659e-01	-1.643376e-01	-1.338050e-01	-3.053255e-02	-5.163624e-02	-6.771231e-03	1.036903e-02	2.486745e-02	2.280275e-02	2.064700e-03
1129          	3.483893e-01	1.675641e-01	1.808252e-01	-1.608021e-01	-1.330525e-01	-2.774968e-02	-5.265139e-02	-6.630547e-03	1.125636e-02	2.665379e-02	2.458326e-02	2.070539e-03
1130          	3.488656e-01	1.677377e-01	1.811278e-01	-1.576764e-01	-1.322384e-01	-2.543803e-02	-5.340016e-02	-6.695053e-03	1.196986e-02	2.843194e-02	2.618583e-02	2.246111e-03
1131          	3.492466e-01	1.676483e-01	1.815982e-01	-1.553184e-01	-1.312701e-01	-2.404830e-02	-5.361091e-02	-6.974947e-03	1.247634e-02	3.000142e-02	2.747706e-02	2.524366e-03
1132          	3.495962e-01	1.673290e-01	1.822672e-01	-1.540499e-01	-1.303719e-01	-2.367807e-02	-5.334689e-02	-7.469083e-03	1.273781e-02	3.125210e-02	2.836386e-02	2.888242e-03
1133          	3.498938e-01	1.668019e-01	1.830918e-01	-1.538838e-01	-1.295258e-01	-2.435804e-02	-5.258387e-02	-8.144934e-03	1.270578e-02	3.209756e-02	2.875456e-02	3.343005e-03
1134          	3.500776e-01	1.661520e-01	1.839256e-01	-1.546037e-01	-1.290639e-01	-2.553985e-02	-5.176200e-02	-8.886786e-03	1.236690e-02	3.244654e-02	2.859017e-02	3.856374e-03
1135          	3.502214e-01	1.655174e-01	1.847041e-01	-1.560235e-01	-1.290596e-01	-2.696381e-02	-5.104792e-02	-9.593343e-03	1.175372e-02	3.227724e-02	2.789234e-02	4.384901e-03
1136          	3.504987e-01	1.650546e-01	1.854441e-01	-1.578665e-01	-1.296477e-01	-2.821877e-02	-5.071448e-02	-1.019474e-02	1.101039e-02	3.171781e-02	2.686930e-02	4.848513e-03
1137          	3.510735e-01	1.648875e-01	1.861860e-01	-1.596992e-01	-1.305368e-01	-2.916238e-02	-5.068720e-02	-1.064928e-02	1.024909e-02	3.090630e-02	2.570224e-02	5.204060e-03
1138          	3.519956e-01	1.650648e-01	1.869308e-01	-1.610509e-01	-1.315222e-01	-2.952871e-02	-5.099675e-02	-1.093304e-02	9.596917e-03	2.995976e-02	2.457680e-02	5.382962e-03
1139          	3.532445e-01	1.655509e-01	1.876936e-01	-1.616553e-01	-1.322016e-01	-2.945372e-02	-5.137395e-02	-1.107137e-02	9.143303e-03	2.906636e-02	2.367648e-02	5.389875e-03
1140          	3.547365e-01	1.662692e-01	1.884673e-01	-1.614399e-01	-1.325493e-01	-2.889057e-02	-5.182937e-02	-1.109905e-02	8.972300e-03	2.835779e-02	2.315120e-02	5.206597e-03
1141          	3.563045e-01	1.670675e-01	1.892370e-01	-1.603011e-01	-1.322247e-01	-2.807644e-02	-5.207414e-02	-1.108472e-02	9.024393e-03	2.795703e-02	2.300291e-02	4.954123e-03
1142          	3.577902e-01	1.678179e-01	1.899723e-01	-1.585792e-01	-1.314556e-01	-2.712358e-02	-5.216601e-02	-1.107719e-02	9.249973e-03	2.809394e-02	2.329694e-02	4.796996e-03
1143          	3.589654e-01	1.684016e-01	1.905638e-01	-1.569315e-01	-1.305977e-01	-2.633374e-02	-5.213200e-02	-1.108108e-02	9.653208e-03	2.885702e-02	2.408172e-02	4.775300e-03
1144          	3.597403e-01	1.688519e-01	1.908884e-01	-1.559861e-01	-1.303465e-01	-2.563964e-02	-5.235342e-02	-1.101823e-02	1.028743e-02	3.015702e-02	2.536594e-02	4.791076e-03
1145          	3.601617e-01	1.691886e-01	1.909731e-01	-1.555169e-01	-1.305546e-01	-2.496223e-02	-5.279620e-02	-1.089228e-02	1.107481e-02	3.178953e-02	2.696958e-02	4.819958e-03
1146          	3.602760e-01	1.694458e-01	1.908301e-01	-1.550034e-01	-1.310052e-01	-2.399819e-02	-5.350352e-02	-1.069215e-02	1.192447e-02	3.358500e-02	2.871697e-02	4.868029e-03
1147          	3.600260e-01	1.695685e-01	1.904575e-01	-1.539960e-01	-1.313037e-01	-2.269226e-02	-5.430572e-02	-1.044450e-02	1.274771e-02	3.533659e-02	3.041601e-02	4.920581e-03
1148          	3.594243e-01	1.695508e-01	1.898735e-01	-1.525309e-01	-1.314838e-01	-2.104714e-02	-5.521833e-02	-1.016137e-02	1.346191e-02	3.687351e-02	3.189866e-02	4.974850e-03
1149          	3.584586e-01	1.693087e-01	1.891499e-01	-1.508163e-01	-1.314776e-01	-1.933872e-02	-5.606944e-02	-9.920620e-03	1.398743e-02	3.804526e-02	3.301006e-02	5.035200e-03
1150          	3.572223e-01	1.688769e-01	1.883454e-01	-1.493493e-01	-1.315802e-01	-1.776910e-02	-5.690557e-02	-9.734226e-03	1.426853e-02	3.871466e-02	3.362586e-02	5.088802e-03
1151          	3.557562e-01	1.681978e-01	1.875585e-01	-1.483547e-01	-1.316148e-01	-1.673997e-02	-5.743739e-02	-9.680357e-03	1.427298e-02	3.881834e-02	3.368215e-02	5.136187e-03
1152          	3.541135e-01	1.672941e-01	1.868194e-01	-1.478881e-01	-1.314805e-01	-1.640760e-02	-5.753645e-02	-9.762678e-03	1.403819e-02	3.840712e-02	3.324175e-02	5.165370e-03
1153          	3.523372e-01	1.661628e-01	1.861744e-01	-1.478038e-01	-1.309838e-01	-1.682001e-02	-5.708187e-02	-1.000579e-02	1.357642e-02	3.766496e-02	3.240890e-02	5.256061e-03
1154          	3.504674e-01	1.648825e-01	1.855849e-01	-1.480679e-01	-1.305093e-01	-1.755855e-02	-5.647540e-02	-1.035119e-02	1.292112e-02	3.669831e-02	3.127028e-02	5.428034e-03
1155          	3.485229e-01	1.635648e-01	1.849581e-01	-1.487480e-01	-1.303444e-01	-1.840365e-02	-5.597036e-02	-1.069665e-02	1.209609e-02	3.548331e-02	2.983775e-02	5.645562e-03
1156          	3.466666e-01	1.624411e-01	1.842255e-01	-1.500090e-01	-1.308465e-01	-1.916249e-02	-5.584203e-02	-1.089221e-02	1.114826e-02	3.394307e-02	2.811979e-02	5.823279e-03
1157          	3.450470e-01	1.616584e-01	1.833887e-01	-1.517004e-01	-1.318895e-01	-1.981089e-02	-5.603932e-02	-1.086515e-02	1.013802e-02	3.202579e-02	2.615091e-02	5.874881e-03
1158          	3.438103e-01	1.612884e-01	1.825219e-01	-1.535755e-01	-1.333388e-01	-2.023665e-02	-5.655108e-02	-1.061673e-02	9.182304e-03	2.986537e-02	2.411499e-02	5.750383e-03
1159          	3.430406e-01	1.612679e-01	1.817727e-01	-1.551994e-01	-1.346384e-01	-2.056103e-02	-5.703866e-02	-1.025242e-02	8.340737e-03	2.775484e-02	2.221816e-02	5.536682e-03
1160          	3.427528e-01	1.615241e-01	1.812287e-01	-1.562032e-01	-1.354850e-01	-2.071813e-02	-5.738345e-02	-9.852330e-03	7.681092e-03	2.597354e-02	2.066786e-02	5.305676e-03
1161          	3.428555e-01	1.618794e-01	1.809762e-01	-1.562304e-01	-1.354250e-01	-2.080540e-02	-5.730980e-02	-9.548409e-03	7.231205e-03	2.476456e-02	1.961349e-02	5.151076e-03
1162          	3.433255e-01	1.622929e-01	1.810326e-01	-1.556069e-01	-1.346976e-01	-2.090931e-02	-5.689413e-02	-9.369873e-03	7.040277e-03	2.430246e-02	1.919151e-02	5.110953e-03
1163          	3.440870e-01	1.627201e-01	1.813668e-01	-1.550722e-01	-1.338228e-01	-2.124937e-02	-5.628673e-02	-9.323360e-03	7.144586e-03	2.456229e-02	1.942573e-02	5.136559e-03
1164          	3.450517e-01	1.632378e-01	1.818139e-01	-1.552006e-01	-1.335500e-01	-2.165059e-02	-5.594972e-02	-9.288015e-03	7.540954e-03	2.540702e-02	2.024447e-02	5.162557e-03
1165          	3.460758e-01	1.637708e-01	1.823050e-01	-1.555578e-01	-1.336507e-01	-2.190708e-02	-5.587180e-02	-9.267128e-03	8.164756e-03	2.658411e-02	2.145681e-02	5.127300e-03
1166          	3.470434e-01	1.643419e-01	1.827015e-01	-1.557846e-01	-1.341416e-01	-2.164299e-02	-5.624931e-02	-9.179783e-03	8.924281e-03	2.789544e-02	2.287200e-02	5.023441e-03
1167          	3.478425e-01	1.648876e-01	1.829548e-01	-1.555359e-01	-1.347323e-01	-2.080355e-02	-5.696438e-02	-9.033610e-03	9.698127e-03	2.916813e-02	2.428219e-02	4.885938e-03
1168          	3.484965e-01	1.654481e-01	1.830484e-01	-1.547607e-01	-1.353117e-01	-1.944897e-02	-5.793138e-02	-8.800164e-03	1.045714e-02	3.017866e-02	2.554647e-02	4.632186e-03
1169          	3.491046e-01	1.660192e-01	1.830854e-01	-1.534590e-01	-1.355101e-01	-1.794889e-02	-5.878059e-02	-8.533120e-03	1.107632e-02	3.081461e-02	2.648362e-02	4.330987e-03
1170          	3.498312e-01	1.666661e-01	1.831651e-01	-1.520026e-01	-1.353446e-01	-1.665798e-02	-5.934330e-02	-8.249515e-03	1.154018e-02	3.101297e-02	2.704666e-02	3.966311e-03
1171          	3.507207e-01	1.672836e-01	1.834371e-01	-1.507400e-01	-1.346037e-01	-1.613625e-02	-5.923374e-02	-8.076717e-03	1.179850e-02	3.081904e-02	2.720802e-02	3.611013e-03
1172          	3.516840e-01	1.677851e-01	1.838988e-01	-1.503389e-01	-1.336297e-01	-1.670920e-02	-5.846024e-02	-8.056862e-03	1.175123e-02	3.024983e-02	2.687615e-02	3.373681e-03
1173          	3.524472e-01	1.679832e-01	1.844640e-01	-1.511722e-01	-1.327485e-01	-1.842376e-02	-5.716237e-02	-8.240410e-03	1.131268e-02	2.928175e-02	2.595356e-02	3.328196e-03
1174          	3.529443e-01	1.679617e-01	1.849825e-01	-1.530509e-01	-1.322561e-01	-2.079488e-02	-5.573059e-02	-8.510397e-03	1.052484e-02	2.794914e-02	2.449941e-02	3.449726e-03
1175          	3.532376e-01	1.678027e-01	1.854349e-01	-1.556657e-01	-1.321876e-01	-2.347807e-02	-5.435476e-02	-8.816087e-03	9.475285e-03	2.635663e-02	2.265360e-02	3.703030e-03
1176          	3.534925e-01	1.677113e-01	1.857811e-01	-1.586442e-01	-1.326095e-01	-2.603471e-02	-5.328742e-02	-9.034890e-03	8.315346e-03	2.465533e-02	2.064301e-02	4.012318e-03
1177          	3.538582e-01	1.678217e-01	1.860365e-01	-1.614699e-01	-1.331686e-01	-2.830127e-02	-5.243367e-02	-9.107418e-03	7.162370e-03	2.293986e-02	1.863230e-02	4.307562e-03
1178          	3.544035e-01	1.682267e-01	1.861767e-01	-1.638411e-01	-1.337632e-01	-3.007787e-02	-5.184266e-02	-8.975000e-03	6.208371e-03	2.120731e-02	1.681203e-02	4.395284e-03
1179          	3.551120e-01	1.688465e-01	1.862655e-01	-1.655491e-01	-1.340847e-01	-3.146436e-02	-5.131019e-02	-8.709510e-03	5.524558e-03	1.957184e-02	1.531048e-02	4.261363e-03
1180          	3.560025e-01	1.696533e-01	1.863492e-01	-1.666367e-01	-1.341554e-01	-3.248130e-02	-5.083704e-02	-8.347965e-03	5.129091e-03	1.828710e-02	1.427264e-02	4.014457e-03
1181          	3.570740e-01	1.705397e-01	1.865343e-01	-1.671358e-01	-1.338237e-01	-3.331206e-02	-5.025583e-02	-7.997264e-03	4.967852e-03	1.751316e-02	1.372443e-02	3.788727e-03
1182          	3.582631e-01	1.714343e-01	1.868288e-01	-1.672598e-01	-1.332888e-01	-3.397097e-02	-4.965891e-02	-7.697268e-03	5.043651e-03	1.735191e-02	1.371961e-02	3.632303e-03
1183          	3.592434e-01	1.721359e-01	1.871075e-01	-1.670584e-01	-1.325418e-01	-3.451664e-02	-4.901258e-02	-7.485789e-03	5.396822e-03	1.768426e-02	1.423895e-02	3.445310e-03
1184          	3.599959e-01	1.726864e-01	1.873095e-01	-1.668895e-01	-1.320614e-01	-3.482809e-02	-4.861666e-02	-7.311556e-03	6.070322e-03	1.853620e-02	1.533842e-02	3.197781e-03
1185          	3.604183e-01	1.729805e-01	1.874378e-01	-1.667239e-01	-1.318574e-01	-3.486643e-02	-4.849551e-02	-7.228681e-03	6.952403e-03	1.997461e-02	1.693971e-02	3.034903e-03
1186          	3.604804e-01	1.730252e-01	1.874552e-01	-1.664629e-01	-1.320381e-01	-3.442481e-02	-4.880667e-02	-7.215013e-03	7.985425e-03	2.198723e-02	1.897904e-02	3.008189e-03
1187          	3.600408e-01	1.727467e-01	1.872942e-01	-1.655856e-01	-1.322034e-01	-3.338215e-02	-4.941063e-02	-7.273743e-03	9.106673e-03	2.433082e-02	2.127209e-02	3.058739e-03
1188          	3.591305e-01	1.722547e-01	1.868758e-01	-1.638407e-01	-1.322043e-01	-3.163631e-02	-5.028401e-02	-7.310535e-03	1.028531e-02	2.666405e-02	2.361733e-02	3.046719e-03
1189          	3.578131e-01	1.715951e-01	1.862179e-01	-1.609390e-01	-1.316593e-01	-2.927970e-02	-5.118978e-02	-7.311395e-03	1.145971e-02	2.864490e-02	2.578216e-02	2.862733e-03
1190          	3.562602e-01	1.708905e-01	1.853697e-01	-1.571140e-01	-1.306726e-01	-2.644137e-02	-5.211562e-02	-7.239632e-03	1.259259e-02	2.999899e-02	2.759209e-02	2.406905e-03
1191          	3.546145e-01	1.700730e-01	1.845415e-01	-1.532401e-01	-1.294585e-01	-2.378166e-02	-5.283841e-02	-7.234212e-03	1.357669e-02	3.078826e-02	2.897082e-02	1.817440e-03
1192          	3.530814e-01	1.691344e-01	1.839469e-01	-1.507100e-01	-1.285913e-01	-2.211867e-02	-5.323634e-02	-7.406260e-03	1.418807e-02	3.115528e-02	2.976570e-02	1.389572e-03
1193          	3.516425e-01	1.680559e-01	1.835866e-01	-1.499094e-01	-1.282644e-01	-2.164497e-02	-5.330973e-02	-7.765331e-03	1.434183e-02	3.119852e-02	2.994109e-02	1.257426e-03
1194          	3.503451e-01	1.669480e-01	1.833970e-01	-1.509588e-01	-1.289052e-01	-2.205354e-02	-5.342584e-02	-8.224497e-03	1.409307e-02	3.092912e-02	2.955763e-02	1.371487e-03
1195          	3.493180e-01	1.659151e-01	1.834029e-01	-1.533571e-01	-1.304014e-01	-2.295574e-02	-5.372281e-02	-8.743925e-03	1.351723e-02	3.042546e-02	2.872996e-02	1.695500e-03
1196          	3.485834e-01	1.650371e-01	1.835463e-01	-1.564407e-01	-1.326217e-01	-2.381901e-02	-5.440134e-02	-9.254595e-03	1.277819e-02	2.976995e-02	2.766316e-02	2.106787e-03
1197          	3.481348e-01	1.643746e-01	1.837602e-01	-1.594093e-01	-1.350123e-01	-2.439704e-02	-5.530762e-02	-9.692813e-03	1.199540e-02	2.891897e-02	2.645489e-02	2.464083e-03
1198          	3.480003e-01	1.640591e-01	1.839411e-01	-1.617283e-01	-1.372357e-01	-2.449255e-02	-5.637159e-02	-9.941019e-03	1.125754e-02	2.779636e-02	2.515572e-02	2.640647e-03
1199          	3.480543e-01	1.640423e-01	1.840120e-01	-1.629352e-01	-1.388250e-01	-2.411020e-02	-5.735740e-02	-9.984873e-03	1.067957e-02	2.632525e-02	2.384220e-02	2.483055e-03
1200          	3.482597e-01	1.642730e-01	1.839867e-01	-1.630127e-01	-1.397449e-01	-2.326778e-02	-5.823855e-02	-9.856885e-03	1.032766e-02	2.479050e-02	2.272291e-02	2.067592e-03
1201          	3.485664e-01	1.645998e-01	1.839666e-01	-1.620823e-01	-1.398736e-01	-2.220867e-02	-5.883246e-02	-9.683440e-03	1.008495e-02	2.357045e-02	2.187017e-02	1.700276e-03
1202          	3.490515e-01	1.650638e-01	1.839876e-01	-1.608929e-01	-1.395118e-01	-2.138103e-02	-5.906540e-02	-9.461909e-03	9.952199e-03	2.285237e-02	2.137838e-02	1.473985e-03
1203          	3.497040e-01	1.656466e-01	1.840573e-01	-1.600107e-01	-1.388695e-01	-2.114124e-02	-5.886412e-02	-9.205343e-03	9.951470e-03	2.261395e-02	2.125844e-02	1.355503e-03
1204          	3.505667e-01	1.663783e-01	1.841884e-01	-1.595340e-01	-1.382357e-01	-2.129833e-02	-5.846866e-02	-8.905068e-03	1.013090e-02	2.289157e-02	2.157669e-02	1.314884e-03
1205          	3.515930e-01	1.671270e-01	1.844660e-01	-1.591179e-01	-1.375724e-01	-2.154552e-02	-5.801343e-02	-8.669542e-03	1.040240e-02	2.374287e-02	2.227383e-02	1.469038e-03
1206          	3.527549e-01	1.678753e-01	1.848796e-01	-1.587059e-01	-1.371535e-01	-2.155238e-02	-5.780057e-02	-8.502146e-03	1.068294e-02	2.510562e-02	2.323575e-02	1.869865e-03
1207          	3.537959e-01	1.684828e-01	1.853130e-01	-1.578769e-01	-1.366657e-01	-2.121113e-02	-5.772729e-02	-8.415110e-03	1.087771e-02	2.669188e-02	2.422365e-02	2.468232e-03
1208          	3.546335e-01	1.690526e-01	1.855809e-01	-1.564341e-01	-1.359501e-01	-2.048402e-02	-5.773303e-02	-8.264118e-03	1.098759e-02	2.807136e-02	2.502327e-02	3.048090e-03
1209          	3.552106e-01	1.695870e-01	1.856237e-01	-1.543511e-01	-1.347383e-01	-1.961284e-02	-5.756274e-02	-8.018350e-03	1.099421e-02	2.888899e-02	2.543871e-02	3.450280e-03
1210          	3.555400e-01	1.700712e-01	1.854687e-01	-1.519015e-01	-1.332165e-01	-1.868499e-02	-5.726575e-02	-7.698772e-03	1.100378e-02	2.899662e-02	2.550209e-02	3.494523e-03
1211          	3.555068e-01	1.702394e-01	1.852675e-01	-1.497500e-01	-1.316994e-01	-1.805059e-02	-5.682442e-02	-7.514042e-03	1.092977e-02	2.866989e-02	2.526472e-02	3.405175e-03
1212          	3.550540e-01	1.699665e-01	1.850875e-01	-1.486995e-01	-1.307676e-01	-1.793193e-02	-5.641784e-02	-7.560469e-03	1.072886e-02	2.817073e-02	2.481423e-02	3.356501e-03
1213          	3.542142e-01	1.692346e-01	1.849796e-01	-1.491409e-01	-1.306226e-01	-1.851832e-02	-5.605212e-02	-7.872541e-03	1.037510e-02	2.753510e-02	2.414265e-02	3.392454e-03
1214          	3.531135e-01	1.681771e-01	1.849365e-01	-1.513507e-01	-1.316494e-01	-1.970135e-02	-5.597401e-02	-8.379693e-03	9.866507e-03	2.689005e-02	2.331153e-02	3.578516e-03
1215          	3.519526e-01	1.669623e-01	1.849903e-01	-1.548540e-01	-1.334871e-01	-2.136695e-02	-5.606006e-02	-9.014008e-03	9.202228e-03	2.635812e-02	2.238129e-02	3.976833e-03
1216          	3.510223e-01	1.658729e-01	1.851494e-01	-1.590221e-01	-1.357659e-01	-2.325621e-02	-5.625484e-02	-9.638282e-03	8.468793e-03	2.595633e-02	2.144696e-02	4.509371e-03
1217          	3.504467e-01	1.650661e-01	1.853806e-01	-1.632202e-01	-1.379853e-01	-2.523490e-02	-5.637522e-02	-1.015722e-02	7.786627e-03	2.559664e-02	2.058495e-02	5.011694e-03
1218          	3.502198e-01	1.646452e-01	1.855746e-01	-1.669264e-01	-1.398869e-01	-2.703946e-02	-5.642373e-02	-1.046471e-02	7.303654e-03	2.513368e-02	1.987050e-02	5.263187e-03
1219          	3.502927e-01	1.645679e-01	1.857248e-01	-1.694879e-01	-1.409391e-01	-2.854873e-02	-5.619520e-02	-1.057845e-02	7.059566e-03	2.462317e-02	1.937115e-02	5.252020e-03
1220          	3.506637e-01	1.647925e-01	1.858712e-01	-1.705853e-01	-1.410319e-01	-2.955337e-02	-5.573928e-02	-1.053935e-02	7.090265e-03	2.436964e-02	1.927508e-02	5.094554e-03
1221          	3.512530e-01	1.651345e-01	1.861186e-01	-1.701960e-01	-1.400902e-01	-3.010575e-02	-5.499224e-02	-1.049204e-02	7.342937e-03	2.470246e-02	1.969417e-02	5.008293e-03
1222          	3.519871e-01	1.655952e-01	1.863919e-01	-1.689272e-01	-1.386326e-01	-3.029454e-02	-5.416904e-02	-1.039835e-02	7.868587e-03	2.565581e-02	2.069649e-02	4.959320e-03
1223          	3.527342e-01	1.660537e-01	1.866806e-01	-1.671898e-01	-1.369356e-01	-3.025421e-02	-5.334067e-02	-1.031346e-02	8.651202e-03	2.718739e-02	2.224490e-02	4.942492e-03
1224          	3.534289e-01	1.664918e-01	1.869371e-01	-1.654721e-01	-1.354661e-01	-3.000596e-02	-5.273008e-02	-1.022265e-02	9.675993e-03	2.920856e-02	2.428028e-02	4.928289e-03
1225          	3.539279e-01	1.667243e-01	1.872036e-01	-1.639546e-01	-1.343807e-01	-2.957390e-02	-5.240339e-02	-1.023962e-02	1.080542e-02	3.168778e-02	2.664931e-02	5.038471e-03
1226          	3.542265e-01	1.667765e-01	1.874500e-01	-1.628490e-01	-1.339666e-01	-2.888236e-02	-5.254213e-02	-1.033673e-02	1.195793e-02	3.442900e-02	2.917243e-02	5.256567e-03
1227          	3.541879e-01	1.665710e-01	1.876169e-01	-1.617603e-01	-1.338339e-01	-2.792639e-02	-5.295375e-02	-1.052296e-02	1.311226e-02	3.703739e-02	3.163096e-02	5.406435e-03
1228          	3.538512e-01	1.662693e-01	1.875819e-01	-1.605755e-01	-1.338249e-01	-2.675058e-02	-5.353717e-02	-1.065629e-02	1.423059e-02	3.914694e-02	3.380406e-02	5.342883e-03
1229          	3.532072e-01	1.659147e-01	1.872925e-01	-1.590302e-01	-1.335058e-01	-2.552440e-02	-5.399072e-02	-1.068887e-02	1.528140e-02	4.044309e-02	3.550294e-02	4.940146e-03
1230          	3.523751e-01	1.656009e-01	1.867742e-01	-1.574653e-01	-1.329185e-01	-2.454678e-02	-5.418586e-02	-1.058667e-02	1.625631e-02	4.075485e-02	3.663374e-02	4.121115e-03
1231          	3.514758e-01	1.651956e-01	1.862802e-01	-1.564545e-01	-1.320850e-01	-2.436950e-02	-5.385774e-02	-1.054234e-02	1.688887e-02	4.030088e-02	3.703931e-02	3.261571e-03
1232          	3.506677e-01	1.646862e-01	1.859815e-01	-1.566957e-01	-1.314045e-01	-2.529122e-02	-5.305663e-02	-1.064769e-02	1.702593e-02	3.933829e-02	3.669507e-02	2.643221e-03
1233          	3.499338e-01	1.640495e-01	1.858842e-01	-1.582140e-01	-1.309683e-01	-2.724573e-02	-5.186128e-02	-1.091734e-02	1.663334e-02	3.799886e-02	3.563277e-02	2.366090e-03
1234          	3.493504e-01	1.634330e-01	1.859174e-01	-1.611489e-01	-1.313081e-01	-2.984087e-02	-5.073360e-02	-1.124219e-02	1.581567e-02	3.636369e-02	3.399752e-02	2.366169e-03
1235          	3.489830e-01	1.629380e-01	1.860450e-01	-1.649899e-01	-1.324349e-01	-3.255500e-02	-4.993993e-02	-1.155351e-02	1.463521e-02	3.454264e-02	3.190654e-02	2.636109e-03
1236          	3.490177e-01	1.627656e-01	1.862521e-01	-1.693012e-01	-1.343621e-01	-3.493911e-02	-4.971148e-02	-1.174323e-02	1.323751e-02	3.262887e-02	2.955194e-02	3.076930e-03
1237          	3.494129e-01	1.629321e-01	1.864808e-01	-1.730465e-01	-1.364285e-01	-3.661799e-02	-4.990527e-02	-1.177432e-02	1.178015e-02	3.061699e-02	2.708864e-02	3.528348e-03
1238          	3.500891e-01	1.634519e-01	1.866373e-01	-1.756606e-01	-1.382465e-01	-3.741410e-02	-5.041618e-02	-1.159270e-02	1.047413e-02	2.851949e-02	2.473387e-02	3.785615e-03
1239          	3.508503e-01	1.641839e-01	1.866664e-01	-1.764135e-01	-1.392566e-01	-3.715683e-02	-5.104989e-02	-1.124125e-02	9.415672e-03	2.645298e-02	2.264216e-02	3.810818e-03
1240          	3.516805e-01	1.651034e-01	1.865770e-01	-1.752527e-01	-1.393898e-01	-3.586294e-02	-5.176341e-02	-1.073681e-02	8.630017e-03	2.475131e-02	2.100567e-02	3.745639e-03
1241          	3.524734e-01	1.660500e-01	1.864234e-01	-1.722161e-01	-1.383222e-01	-3.389397e-02	-5.221409e-02	-1.018670e-02	8.085264e-03	2.364783e-02	1.990918e-02	3.738649e-03
1242          	3.533197e-01	1.671217e-01	1.861980e-01	-1.687022e-01	-1.366042e-01	-3.209800e-02	-5.225311e-02	-9.538120e-03	7.908756e-03	2.301892e-02	1.941822e-02	3.600704e-03
1243          	3.541885e-01	1.682308e-01	1.859577e-01	-1.655947e-01	-1.347895e-01	-3.080522e-02	-5.199212e-02	-8.863477e-03	8.082475e-03	2.284383e-02	1.950439e-02	3.339439e-03
1244          	3.551125e-01	1.693359e-01	1.857766e-01	-1.634090e-01	-1.335106e-01	-2.989844e-02	-5.180607e-02	-8.220340e-03	8.508682e-03	2.317462e-02	2.009599e-02	3.078630e-03
1245          	3.558591e-01	1.701808e-01	1.856783e-01	-1.619172e-01	-1.328575e-01	-2.905969e-02	-5.189889e-02	-7.748740e-03	8.994896e-03	2.399750e-02	2.099365e-02	3.003856e-03
1246          	3.562927e-01	1.706936e-01	1.855991e-01	-1.608883e-01	-1.329330e-01	-2.795529e-02	-5.248886e-02	-7.452742e-03	9.437597e-03	2.513775e-02	2.200647e-02	3.131279e-03
1247          	3.563083e-01	1.707973e-01	1.855110e-01	-1.596325e-01	-1.331793e-01	-2.645319e-02	-5.336306e-02	-7.356887e-03	9.782957e-03	2.622687e-02	2.289639e-02	3.330475e-03
1248          	3.559734e-01	1.706425e-01	1.853309e-01	-1.580192e-01	-1.334431e-01	-2.457611e-02	-5.443350e-02	-7.344195e-03	1.004922e-02	2.692497e-02	2.351170e-02	3.413264e-03
1249          	3.552929e-01	1.703122e-01	1.849807e-01	-1.559036e-01	-1.333569e-01	-2.254669e-02	-5.540509e-02	-7.334247e-03	1.023409e-02	2.694881e-02	2.370850e-02	3.240310e-03
1250          	3.545020e-01	1.699864e-01	1.845156e-01	-1.538562e-01	-1.329721e-01	-2.088411e-02	-5.604399e-02	-7.264632e-03	1.034193e-02	2.623201e-02	2.345793e-02	2.774080e-03
1251          	3.537119e-01	1.696288e-01	1.840831e-01	-1.524870e-01	-1.322952e-01	-2.019180e-02	-5.605169e-02	-7.227152e-03	1.025078e-02	2.511776e-02	2.280966e-02	2.308107e-03
1252          	3.529061e-01	1.691788e-01	1.837273e-01	-1.521220e-01	-1.316495e-01	-2.047248e-02	-5.558850e-02	-7.274264e-03	9.880036e-03	2.399204e-02	2.187606e-02	2.115983e-03
1253          	3.519639e-01	1.685208e-01	1.834431e-01	-1.526592e-01	-1.311093e-01	-2.154993e-02	-5.477969e-02	-7.461145e-03	9.243732e-03	2.303501e-02	2.076124e-02	2.273770e-03
1254          	3.509233e-01	1.677177e-01	1.832056e-01	-1.541664e-01	-1.311888e-01	-2.297754e-02	-5.410565e-02	-7.743961e-03	8.524862e-03	2.226959e-02	1.965966e-02	2.609931e-03
1255          	3.498870e-01	1.668564e-01	1.830305e-01	-1.563461e-01	-1.318922e-01	-2.445391e-02	-5.371914e-02	-8.087045e-03	7.815920e-03	2.170772e-02	1.866978e-02	3.037941e-03
1256          	3.490863e-01	1.661384e-01	1.829479e-01	-1.589739e-01	-1.331999e-01	-2.577401e-02	-5.371293e-02	-8.404736e-03	7.238914e-03	2.131054e-02	1.789418e-02	3.416355e-03
1257          	3.486270e-01	1.656159e-01	1.830111e-01	-1.614722e-01	-1.346078e-01	-2.686434e-02	-5.387174e-02	-8.697615e-03	6.872242e-03	2.106623e-02	1.740536e-02	3.660873e-03
1258          	3.485046e-01	1.653483e-01	1.831562e-01	-1.636119e-01	-1.359431e-01	-2.766876e-02	-5.413717e-02	-8.903953e-03	6.847574e-03	2.097645e-02	1.733580e-02	3.640648e-03
1259          	3.485958e-01	1.652530e-01	1.833428e-01	-1.649741e-01	-1.367705e-01	-2.820362e-02	-5.428342e-02	-9.044919e-03	7.193657e-03	2.109847e-02	1.774289e-02	3.355576e-03
1260          	3.489563e-01	1.653897e-01	1.835665e-01	-1.654659e-01	-1.369012e-01	-2.856474e-02	-5.416822e-02	-9.088392e-03	7.904172e-03	2.158548e-02	1.869691e-02	2.888569e-03
1261          	3.496195e-01	1.657405e-01	1.838790e-01	-1.650807e-01	-1.361359e-01	-2.894484e-02	-5.359551e-02	-9.069241e-03	8.893132e-03	2.245126e-02	2.011876e-02	2.332500e-03
1262          	3.507011e-01	1.664586e-01	1.842425e-01	-1.645178e-01	-1.349892e-01	-2.952862e-02	-5.273027e-02	-8.891956e-03	1.021284e-02	2.364221e-02	2.203394e-02	1.608269e-03
1263          	3.521375e-01	1.674024e-01	1.847350e-01	-1.641062e-01	-1.336374e-01	-3.046880e-02	-5.158432e-02	-8.666299e-03	1.179451e-02	2.521887e-02	2.440395e-02	8.149226e-04
1264          	3.538488e-01	1.684533e-01	1.853955e-01	-1.642740e-01	-1.324445e-01	-3.182950e-02	-5.030750e-02	-8.471135e-03	1.355144e-02	2.730546e-02	2.720417e-02	1.012834e-04
1265          	3.554926e-01	1.692562e-01	1.862365e-01	-1.646292e-01	-1.311534e-01	-3.347574e-02	-4.883883e-02	-8.490135e-03	1.523431e-02	2.986475e-02	3.016668e-02	-3.019320e-04
1266          	3.568964e-01	1.697771e-01	1.871194e-01	-1.649229e-01	-1.297810e-01	-3.514191e-02	-4.731953e-02	-8.671163e-03	1.675715e-02	3.255470e-02	3.303450e-02	-4.798059e-04
1267          	3.579092e-01	1.699173e-01	1.879920e-01	-1.650076e-01	-1.282224e-01	-3.678519e-02	-4.571861e-02	-9.037342e-03	1.799036e-02	3.507094e-02	3.552583e-02	-4.548915e-04
1268          	3.585294e-01	1.698046e-01	1.887248e-01	-1.650287e-01	-1.266225e-01	-3.840620e-02	-4.410813e-02	-9.460106e-03	1.889502e-02	3.711950e-02	3.745477e-02	-3.352657e-04
1269          	3.586303e-01	1.694630e-01	1.891673e-01	-1.647882e-01	-1.248455e-01	-3.994270e-02	-4.245139e-02	-9.852134e-03	1.942297e-02	3.837912e-02	3.861253e-02	-2.334049e-04
1270          	3.581935e-01	1.689954e-01	1.891981e-01	-1.644986e-01	-1.232730e-01	-4.122566e-02	-4.102366e-02	-1.010134e-02	1.955037e-02	3.871006e-02	3.890540e-02	-1.953409e-04
1271          	3.572444e-01	1.683693e-01	1.888751e-01	-1.643275e-01	-1.220003e-01	-4.232715e-02	-3.983658e-02	-1.025291e-02	1.918273e-02	3.825326e-02	3.830936e-02	-5.610102e-05
1272          	3.559541e-01	1.676656e-01	1.882885e-01	-1.644693e-01	-1.213429e-01	-4.312643e-02	-3.910822e-02	-1.031143e-02	1.834463e-02	3.730247e-02	3.699586e-02	3.066107e-04
1273          	3.544356e-01	1.668449e-01	1.875908e-01	-1.650524e-01	-1.214320e-01	-4.362037e-02	-3.890583e-02	-1.037295e-02	1.710537e-02	3.604160e-02	3.512617e-02	9.154284e-04
1274          	3.528638e-01	1.659904e-01	1.868734e-01	-1.661309e-01	-1.224522e-01	-4.367872e-02	-3.938673e-02	-1.044149e-02	1.559729e-02	3.459379e-02	3.289419e-02	1.699600e-03
1275          	3.514004e-01	1.651409e-01	1.862594e-01	-1.675178e-01	-1.242100e-01	-4.330780e-02	-4.045110e-02	-1.055926e-02	1.395952e-02	3.301981e-02	3.046942e-02	2.550387e-03
1276          	3.501914e-01	1.644294e-01	1.857621e-01	-1.689982e-01	-1.265333e-01	-4.246494e-02	-4.203418e-02	-1.066635e-02	1.232395e-02	3.132519e-02	2.798654e-02	3.338646e-03
1277          	3.492800e-01	1.638840e-01	1.853959e-01	-1.701180e-01	-1.288315e-01	-4.128649e-02	-4.377251e-02	-1.075595e-02	1.075986e-02	2.954028e-02	2.553000e-02	4.010276e-03
1278          	3.486853e-01	1.635873e-01	1.850979e-01	-1.706093e-01	-1.307965e-01	-3.981276e-02	-4.549186e-02	-1.075532e-02	9.370298e-03	2.779638e-02	2.326849e-02	4.527892e-03
1279          	3.483291e-01	1.634521e-01	1.848770e-01	-1.700261e-01	-1.319500e-01	-3.807611e-02	-4.693694e-02	-1.071248e-02	8.210179e-03	2.631978e-02	2.137007e-02	4.949711e-03
1280          	3.481913e-01	1.635110e-01	1.846803e-01	-1.682749e-01	-1.321271e-01	-3.614778e-02	-4.798968e-02	-1.058465e-02	7.385056e-03	2.530537e-02	2.003774e-02	5.267631e-03
1281          	3.483067e-01	1.638247e-01	1.844820e-01	-1.657441e-01	-1.313351e-01	-3.440900e-02	-4.846303e-02	-1.032868e-02	7.007841e-03	2.471030e-02	1.936299e-02	5.347307e-03
1282          	3.487246e-01	1.644731e-01	1.842515e-01	-1.632170e-01	-1.303236e-01	-3.289336e-02	-4.871513e-02	-9.889181e-03	7.171121e-03	2.455833e-02	1.945029e-02	5.108045e-03
1283          	3.494131e-01	1.652842e-01	1.841289e-01	-1.608754e-01	-1.293459e-01	-3.152948e-02	-4.890823e-02	-9.422375e-03	7.786350e-03	2.506365e-02	2.031818e-02	4.745475e-03
1284          	3.502895e-01	1.661060e-01	1.841835e-01	-1.588888e-01	-1.286968e-01	-3.019205e-02	-4.925237e-02	-9.038733e-03	8.761818e-03	2.636209e-02	2.194286e-02	4.419227e-03
1285          	3.511369e-01	1.666779e-01	1.844591e-01	-1.570299e-01	-1.282171e-01	-2.881280e-02	-4.970214e-02	-8.890602e-03	9.949499e-03	2.841693e-02	2.415797e-02	4.258968e-03
1286          	3.517908e-01	1.669014e-01	1.848894e-01	-1.552123e-01	-1.279273e-01	-2.728508e-02	-5.032109e-02	-8.993994e-03	1.125391e-02	3.099903e-02	2.675342e-02	4.245605e-03
1287          	3.521207e-01	1.667224e-01	1.853983e-01	-1.534362e-01	-1.277420e-01	-2.569429e-02	-5.102384e-02	-9.337932e-03	1.253889e-02	3.374680e-02	2.941229e-02	4.334508e-03
1288          	3.521689e-01	1.662993e-01	1.858696e-01	-1.519962e-01	-1.278566e-01	-2.413962e-02	-5.185849e-02	-9.785181e-03	1.369471e-02	3.626082e-02	3.182512e-02	4.435700e-03
1289          	3.520176e-01	1.657510e-01	1.862666e-01	-1.510915e-01	-1.281590e-01	-2.293249e-02	-5.261327e-02	-1.025781e-02	1.464929e-02	3.825310e-02	3.377584e-02	4.477266e-03
1290          	3.518570e-01	1.652776e-01	1.865794e-01	-1.509965e-01	-1.286124e-01	-2.238411e-02	-5.311416e-02	-1.065091e-02	1.536272e-02	3.945940e-02	3.509242e-02	4.366978e-03
1291          	3.517731e-01	1.649175e-01	1.868556e-01	-1.515875e-01	-1.288208e-01	-2.276670e-02	-5.302705e-02	-1.096907e-02	1.575168e-02	3.985925e-02	3.568131e-02	4.177946e-03
1292          	3.517886e-01	1.646461e-01	1.871425e-01	-1.529640e-01	-1.290655e-01	-2.389849e-02	-5.258352e-02	-1.124824e-02	1.581582e-02	3.958588e-02	3.560876e-02	3.977118e-03
1293          	3.518521e-01	1.643723e-01	1.874798e-01	-1.550804e-01	-1.294777e-01	-2.560264e-02	-5.193755e-02	-1.155375e-02	1.555540e-02	3.889939e-02	3.500510e-02	3.894298e-03
1294          	3.519820e-01	1.641401e-01	1.878420e-01	-1.578753e-01	-1.303723e-01	-2.750297e-02	-5.143467e-02	-1.185096e-02	1.501163e-02	3.802697e-02	3.402511e-02	4.001860e-03
1295          	3.522498e-01	1.639618e-01	1.882880e-01	-1.609658e-01	-1.315528e-01	-2.941294e-02	-5.106994e-02	-1.216311e-02	1.425835e-02	3.716496e-02	3.284083e-02	4.324126e-03
1296          	3.526313e-01	1.639023e-01	1.887291e-01	-1.638357e-01	-1.329169e-01	-3.091884e-02	-5.099902e-02	-1.241340e-02	1.347055e-02	3.634065e-02	3.164088e-02	4.699770e-03
1297          	3.530118e-01	1.638896e-01	1.891222e-01	-1.661268e-01	-1.341734e-01	-3.195343e-02	-5.110998e-02	-1.261630e-02	1.277030e-02	3.554294e-02	3.054177e-02	5.001174e-03
1298          	3.533095e-01	1.639198e-01	1.893897e-01	-1.675398e-01	-1.352320e-01	-3.230774e-02	-5.146214e-02	-1.273499e-02	1.225709e-02	3.490220e-02	2.970819e-02	5.194012e-03
1299          	3.535400e-01	1.639554e-01	1.895846e-01	-1.678239e-01	-1.357437e-01	-3.208012e-02	-5.183181e-02	-1.281461e-02	1.191272e-02	3.452026e-02	2.917285e-02	5.347416e-03
1300          	3.537061e-01	1.640665e-01	1.896397e-01	-1.668122e-01	-1.355762e-01	-3.123595e-02	-5.217015e-02	-1.278661e-02	1.170426e-02	3.446391e-02	2.893621e-02	5.527698e-03
1301          	3.538692e-01	1.642812e-01	1.895880e-01	-1.648985e-01	-1.346898e-01	-3.020866e-02	-5.224058e-02	-1.265341e-02	1.159669e-02	3.474047e-02	2.896693e-02	5.773539e-03
1302          	3.540514e-01	1.647474e-01	1.893040e-01	-1.628267e-01	-1.337228e-01	-2.910388e-02	-5.230945e-02	-1.227830e-02	1.170877e-02	3.530250e-02	2.936002e-02	5.942476e-03
1303          	3.543164e-01	1.654184e-01	1.888980e-01	-1.609978e-01	-1.329459e-01	-2.805195e-02	-5.244695e-02	-1.173983e-02	1.206787e-02	3.625766e-02	3.019670e-02	6.060958e-03
1304          	3.546894e-01	1.662133e-01	1.884761e-01	-1.595148e-01	-1.325588e-01	-2.695602e-02	-5.280138e-02	-1.113138e-02	1.266671e-02	3.766678e-02	3.150010e-02	6.166675e-03
1305          	3.550574e-01	1.669337e-01	1.881237e-01	-1.582939e-01	-1.324497e-01	-2.584419e-02	-5.330274e-02	-1.059501e-02	1.341248e-02	3.938417e-02	3.310456e-02	6.279608e-03
1306          	3.552855e-01	1.674443e-01	1.878413e-01	-1.575409e-01	-1.328108e-01	-2.473006e-02	-5.404039e-02	-1.019852e-02	1.425572e-02	4.120599e-02	3.485871e-02	6.347277e-03
1307          	3.551835e-01	1.675862e-01	1.875973e-01	-1.573233e-01	-1.334304e-01	-2.389295e-02	-5.476871e-02	-1.000555e-02	1.509346e-02	4.289013e-02	3.653852e-02	6.351611e-03
1308          	3.547607e-01	1.674174e-01	1.873433e-01	-1.577593e-01	-1.341887e-01	-2.357065e-02	-5.530901e-02	-9.962936e-03	1.586534e-02	4.416667e-02	3.794868e-02	6.217999e-03
1309          	3.540970e-01	1.669735e-01	1.871235e-01	-1.587815e-01	-1.346366e-01	-2.414486e-02	-5.524588e-02	-1.007501e-02	1.647332e-02	4.479385e-02	3.887024e-02	5.923603e-03
1310          	3.533011e-01	1.663594e-01	1.869417e-01	-1.605187e-01	-1.347918e-01	-2.572686e-02	-5.453247e-02	-1.029118e-02	1.681809e-02	4.467295e-02	3.915456e-02	5.518387e-03
1311          	3.524516e-01	1.655980e-01	1.868536e-01	-1.629016e-01	-1.345333e-01	-2.836823e-02	-5.308255e-02	-1.062779e-02	1.673640e-02	4.392245e-02	3.869763e-02	5.224822e-03
1312          	3.515659e-01	1.648067e-01	1.867593e-01	-1.658100e-01	-1.341617e-01	-3.164835e-02	-5.125667e-02	-1.097630e-02	1.620025e-02	4.256476e-02	3.748263e-02	5.082127e-03
1313          	3.507080e-01	1.640877e-01	1.866203e-01	-1.688032e-01	-1.337308e-01	-3.507233e-02	-4.932925e-02	-1.126628e-02	1.526637e-02	4.067727e-02	3.560501e-02	5.072261e-03
1314          	3.499178e-01	1.635217e-01	1.863961e-01	-1.714948e-01	-1.335251e-01	-3.796973e-02	-4.777767e-02	-1.143723e-02	1.408346e-02	3.847783e-02	3.332238e-02	5.155451e-03
1315          	3.491908e-01	1.630565e-01	1.861343e-01	-1.735343e-01	-1.335380e-01	-3.999626e-02	-4.677088e-02	-1.153888e-02	1.281952e-02	3.610084e-02	3.086994e-02	5.230906e-03
1316          	3.484868e-01	1.626499e-01	1.858370e-01	-1.747703e-01	-1.339001e-01	-4.087021e-02	-4.651493e-02	-1.159354e-02	1.165160e-02	3.371663e-02	2.850992e-02	5.206713e-03
1317          	3.477768e-01	1.622061e-01	1.855707e-01	-1.750608e-01	-1.344798e-01	-4.058097e-02	-4.694944e-02	-1.168226e-02	1.062233e-02	3.152188e-02	2.638327e-02	5.138607e-03
1318          	3.470445e-01	1.617510e-01	1.852935e-01	-1.742911e-01	-1.352878e-01	-3.900327e-02	-4.814227e-02	-1.177122e-02	9.755366e-03	2.962406e-02	2.456739e-02	5.056662e-03
1319          	3.463284e-01	1.612763e-01	1.850521e-01	-1.722716e-01	-1.359303e-01	-3.634127e-02	-4.979453e-02	-1.188790e-02	9.035385e-03	2.822273e-02	2.314675e-02	5.075979e-03
1320          	3.458014e-01	1.609465e-01	1.848549e-01	-1.693290e-01	-1.362400e-01	-3.308901e-02	-5.157548e-02	-1.195417e-02	8.558274e-03	2.751444e-02	2.231549e-02	5.198943e-03
1321          	3.455465e-01	1.607904e-01	1.847562e-01	-1.659187e-01	-1.360143e-01	-2.990448e-02	-5.305489e-02	-1.198290e-02	8.385464e-03	2.748767e-02	2.212930e-02	5.358372e-03
1322          	3.455963e-01	1.609531e-01	1.846432e-01	-1.625918e-01	-1.356434e-01	-2.694838e-02	-5.434753e-02	-1.184505e-02	8.542850e-03	2.803210e-02	2.255890e-02	5.473200e-03
1323          	3.459645e-01	1.614395e-01	1.845250e-01	-1.594104e-01	-1.351143e-01	-2.429612e-02	-5.540909e-02	-1.154272e-02	9.021450e-03	2.889175e-02	2.346733e-02	5.424425e-03
1324          	3.466762e-01	1.622546e-01	1.844216e-01	-1.565289e-01	-1.347454e-01	-2.178346e-02	-5.648099e-02	-1.108353e-02	9.757872e-03	2.993991e-02	2.472783e-02	5.212083e-03
1325          	3.475428e-01	1.631688e-01	1.843740e-01	-1.538831e-01	-1.344841e-01	-1.939897e-02	-5.754258e-02	-1.060264e-02	1.061039e-02	3.119190e-02	2.620634e-02	4.985555e-03
1326          	3.483953e-01	1.640364e-01	1.843589e-01	-1.517000e-01	-1.345015e-01	-1.719847e-02	-5.865152e-02	-1.016122e-02	1.147679e-02	3.259426e-02	2.777392e-02	4.820343e-03
1327          	3.491094e-01	1.647285e-01	1.843809e-01	-1.499677e-01	-1.345065e-01	-1.546121e-02	-5.952266e-02	-9.826224e-03	1.224984e-02	3.399595e-02	2.924782e-02	4.748135e-03
1328          	3.497928e-01	1.653341e-01	1.844587e-01	-1.489773e-01	-1.344235e-01	-1.455377e-02	-5.993486e-02	-9.562319e-03	1.292425e-02	3.515902e-02	3.050376e-02	4.655259e-03
1329          	3.505021e-01	1.658265e-01	1.846756e-01	-1.489960e-01	-1.339830e-01	-1.501298e-02	-5.948502e-02	-9.424578e-03	1.353719e-02	3.587799e-02	3.147618e-02	4.401802e-03
1330          	3.512047e-01	1.661600e-01	1.850447e-01	-1.503785e-01	-1.334525e-01	-1.692606e-02	-5.826320e-02	-9.442391e-03	1.395050e-02	3.621490e-02	3.205795e-02	4.156953e-03
1331          	3.518527e-01	1.662706e-01	1.855821e-01	-1.532508e-01	-1.329994e-01	-2.025137e-02	-5.637401e-02	-9.655756e-03	1.396566e-02	3.617315e-02	3.205224e-02	4.120915e-03
1332          	3.524013e-01	1.662378e-01	1.861635e-01	-1.575759e-01	-1.330022e-01	-2.457373e-02	-5.421425e-02	-9.962844e-03	1.356132e-02	3.564122e-02	3.138193e-02	4.259294e-03
1333          	3.528354e-01	1.661671e-01	1.866682e-01	-1.627421e-01	-1.333293e-01	-2.941285e-02	-5.195821e-02	-1.025055e-02	1.277934e-02	3.456882e-02	3.006375e-02	4.505072e-03
1334          	3.533362e-01	1.662384e-01	1.870978e-01	-1.681698e-01	-1.340390e-01	-3.413079e-02	-4.995409e-02	-1.042970e-02	1.182932e-02	3.304569e-02	2.835216e-02	4.693530e-03
1335          	3.540618e-01	1.665062e-01	1.875556e-01	-1.733053e-01	-1.348727e-01	-3.843255e-02	-4.822008e-02	-1.052473e-02	1.085817e-02	3.136071e-02	2.653852e-02	4.822188e-03
1336          	3.550835e-01	1.669780e-01	1.881055e-01	-1.778683e-01	-1.358150e-01	-4.205331e-02	-4.688084e-02	-1.056378e-02	1.000218e-02	2.975897e-02	2.488166e-02	4.877310e-03
1337          	3.562821e-01	1.675247e-01	1.887574e-01	-1.813736e-01	-1.364626e-01	-4.491100e-02	-4.577580e-02	-1.061632e-02	9.358497e-03	2.845472e-02	2.358586e-02	4.868864e-03
1338          	3.575761e-01	1.681000e-01	1.894761e-01	-1.837412e-01	-1.367904e-01	-4.695082e-02	-4.491980e-02	-1.068801e-02	9.029391e-03	2.758416e-02	2.282147e-02	4.762689e-03
1339          	3.586780e-01	1.685230e-01	1.901550e-01	-1.846840e-01	-1.365816e-01	-4.810242e-02	-4.423960e-02	-1.081599e-02	8.978023e-03	2.723150e-02	2.259377e-02	4.637727e-03
1340          	3.594057e-01	1.687416e-01	1.906641e-01	-1.843196e-01	-1.360316e-01	-4.828797e-02	-4.387183e-02	-1.096123e-02	9.140358e-03	2.750880e-02	2.289476e-02	4.614043e-03
1341          	3.597078e-01	1.688107e-01	1.908971e-01	-1.832061e-01	-1.353819e-01	-4.782422e-02	-4.377883e-02	-1.104322e-02	9.595611e-03	2.827897e-02	2.373510e-02	4.543875e-03
1342          	3.597914e-01	1.689544e-01	1.908370e-01	-1.819960e-01	-1.351653e-01	-4.683066e-02	-4.416733e-02	-1.094132e-02	1.042425e-02	2.939385e-02	2.512118e-02	4.272675e-03
1343          	3.596800e-01	1.691279e-01	1.905521e-01	-1.804727e-01	-1.351764e-01	-4.529626e-02	-4.494009e-02	-1.071208e-02	1.152914e-02	3.081111e-02	2.693470e-02	3.876410e-03
1344          	3.594592e-01	1.693214e-01	1.901378e-01	-1.786213e-01	-1.354863e-01	-4.313504e-02	-4.617561e-02	-1.040817e-02	1.279476e-02	3.253144e-02	2.906048e-02	3.470963e-03
1345          	3.589761e-01	1.693288e-01	1.896473e-01	-1.762009e-01	-1.357717e-01	-4.042920e-02	-4.767124e-02	-1.015921e-02	1.408566e-02	3.446145e-02	3.131638e-02	3.145068e-03
1346          	3.582174e-01	1.691430e-01	1.890744e-01	-1.733531e-01	-1.361439e-01	-3.720921e-02	-4.946734e-02	-9.965736e-03	1.529481e-02	3.639568e-02	3.349265e-02	2.903030e-03
1347          	3.570509e-01	1.686502e-01	1.884008e-01	-1.700940e-01	-1.364487e-01	-3.364535e-02	-5.140165e-02	-9.875303e-03	1.631578e-02	3.815295e-02	3.539226e-02	2.760697e-03
1348          	3.555172e-01	1.679161e-01	1.876011e-01	-1.668410e-01	-1.368733e-01	-2.996765e-02	-5.345285e-02	-9.842455e-03	1.713016e-02	3.939878e-02	3.682956e-02	2.569227e-03
1349          	3.537009e-01	1.669187e-01	1.867822e-01	-1.640424e-01	-1.373022e-01	-2.674022e-02	-5.528096e-02	-9.931721e-03	1.759267e-02	3.993942e-02	3.756238e-02	2.377042e-03
1350          	3.517487e-01	1.657027e-01	1.860460e-01	-1.621012e-01	-1.379136e-01	-2.418765e-02	-5.686297e-02	-1.017165e-02	1.756119e-02	3.984930e-02	3.748583e-02	2.363462e-03
1351          	3.497228e-01	1.643025e-01	1.854203e-01	-1.610619e-01	-1.385412e-01	-2.252075e-02	-5.801020e-02	-1.055890e-02	1.704088e-02	3.919049e-02	3.663613e-02	2.554365e-03
1352          	3.476322e-01	1.628272e-01	1.848050e-01	-1.610845e-01	-1.394636e-01	-2.162094e-02	-5.892133e-02	-1.098890e-02	1.614654e-02	3.800511e-02	3.514910e-02	2.856013e-03
1353          	3.455075e-01	1.614045e-01	1.841030e-01	-1.620132e-01	-1.406035e-01	-2.140965e-02	-5.959694e-02	-1.134925e-02	1.494321e-02	3.633493e-02	3.311067e-02	3.224255e-03
1354          	3.436507e-01	1.602961e-01	1.833546e-01	-1.636759e-01	-1.420269e-01	-2.164907e-02	-6.018890e-02	-1.152928e-02	1.351054e-02	3.429050e-02	3.065579e-02	3.634711e-03
1355          	3.422353e-01	1.595996e-01	1.826357e-01	-1.656355e-01	-1.433769e-01	-2.225854e-02	-6.055918e-02	-1.151803e-02	1.194922e-02	3.203560e-02	2.796702e-02	4.068586e-03
1356          	3.413721e-01	1.593291e-01	1.820429e-01	-1.675922e-01	-1.445432e-01	-2.304895e-02	-6.074713e-02	-1.135689e-02	1.036913e-02	2.975157e-02	2.524492e-02	4.506653e-03
1357          	3.409873e-01	1.593815e-01	1.816058e-01	-1.691547e-01	-1.452102e-01	-2.394451e-02	-6.063286e-02	-1.111217e-02	8.932251e-03	2.756914e-02	2.271682e-02	4.852320e-03
1358          	3.410281e-01	1.597053e-01	1.813228e-01	-1.701302e-01	-1.454043e-01	-2.472585e-02	-6.033925e-02	-1.080878e-02	7.756700e-03	2.560269e-02	2.055805e-02	5.044646e-03
1359          	3.413882e-01	1.601772e-01	1.812109e-01	-1.702289e-01	-1.448544e-01	-2.537458e-02	-5.973989e-02	-1.051684e-02	6.854515e-03	2.406792e-02	1.888847e-02	5.179444e-03
1360          	3.421807e-01	1.609092e-01	1.812714e-01	-1.697667e-01	-1.438217e-01	-2.594507e-02	-5.893830e-02	-1.018111e-02	6.300482e-03	2.299149e-02	1.779622e-02	5.195261e-03
1361          	3.434121e-01	1.619342e-01	1.814779e-01	-1.693021e-01	-1.425209e-01	-2.678114e-02	-5.786989e-02	-9.771843e-03	6.133552e-03	2.233673e-02	1.730192e-02	5.034813e-03
1362          	3.450866e-01	1.633145e-01	1.817721e-01	-1.691757e-01	-1.414072e-01	-2.776845e-02	-5.681940e-02	-9.228805e-03	6.339019e-03	2.208336e-02	1.738070e-02	4.702661e-03
1363          	3.470571e-01	1.648814e-01	1.821757e-01	-1.691983e-01	-1.404308e-01	-2.876750e-02	-5.583167e-02	-8.647115e-03	6.812697e-03	2.226259e-02	1.794399e-02	4.318597e-03
1364          	3.491211e-01	1.665068e-01	1.826143e-01	-1.691051e-01	-1.396395e-01	-2.946562e-02	-5.508692e-02	-8.053741e-03	7.478997e-03	2.285092e-02	1.890446e-02	3.946463e-03
1365          	3.510587e-01	1.680143e-01	1.830445e-01	-1.685055e-01	-1.386693e-01	-2.983618e-02	-5.441655e-02	-7.515100e-03	8.221911e-03	2.362077e-02	2.003230e-02	3.588476e-03
1366          	3.527632e-01	1.693504e-01	1.834129e-01	-1.673076e-01	-1.375437e-01	-2.976384e-02	-5.388994e-02	-7.031245e-03	8.943019e-03	2.440713e-02	2.114658e-02	3.260545e-03
1367          	3.541488e-01	1.704183e-01	1.837305e-01	-1.656240e-01	-1.361441e-01	-2.947995e-02	-5.333207e-02	-6.656133e-03	9.515624e-03	2.504822e-02	2.203973e-02	3.008485e-03
1368          	3.552133e-01	1.712246e-01	1.839887e-01	-1.638526e-01	-1.346600e-01	-2.919261e-02	-5.273369e-02	-6.382045e-03	9.912812e-03	2.539464e-02	2.261013e-02	2.784508e-03
1369          	3.559773e-01	1.717062e-01	1.842711e-01	-1.623286e-01	-1.329791e-01	-2.934950e-02	-5.181482e-02	-6.282466e-03	1.001072e-02	2.538112e-02	2.270127e-02	2.679843e-03
1370          	3.564608e-01	1.718592e-01	1.846016e-01	-1.615671e-01	-1.314413e-01	-3.012582e-02	-5.065772e-02	-6.371203e-03	9.756467e-03	2.506416e-02	2.228855e-02	2.775613e-03
1371          	3.566030e-01	1.716461e-01	1.849570e-01	-1.616469e-01	-1.301147e-01	-3.153214e-02	-4.929130e-02	-6.655463e-03	9.167392e-03	2.454434e-02	2.143956e-02	3.104780e-03
1372          	3.564203e-01	1.711631e-01	1.852572e-01	-1.626641e-01	-1.293410e-01	-3.332311e-02	-4.800895e-02	-7.047048e-03	8.323604e-03	2.384309e-02	2.024515e-02	3.597944e-03
1373          	3.560155e-01	1.705303e-01	1.854852e-01	-1.645807e-01	-1.292409e-01	-3.533971e-02	-4.695062e-02	-7.477443e-03	7.319253e-03	2.297974e-02	1.880912e-02	4.170619e-03
1374          	3.556953e-01	1.700055e-01	1.856898e-01	-1.671220e-01	-1.299311e-01	-3.719082e-02	-4.637016e-02	-7.842176e-03	6.302905e-03	2.198402e-02	1.729491e-02	4.689104e-03
1375          	3.556705e-01	1.697552e-01	1.859153e-01	-1.697020e-01	-1.310822e-01	-3.861981e-02	-4.623121e-02	-8.080038e-03	5.378018e-03	2.088311e-02	1.581957e-02	5.063535e-03
1376          	3.560784e-01	1.698819e-01	1.861965e-01	-1.717365e-01	-1.324402e-01	-3.929629e-02	-4.657196e-02	-8.157295e-03	4.688098e-03	1.977085e-02	1.457353e-02	5.197329e-03
1377          	3.568379e-01	1.702779e-01	1.865600e-01	-1.726586e-01	-1.335127e-01	-3.914589e-02	-4.718339e-02	-8.141077e-03	4.313744e-03	1.886780e-02	1.374764e-02	5.120154e-03
1378          	3.577768e-01	1.708122e-01	1.869646e-01	-1.723025e-01	-1.342674e-01	-3.803513e-02	-4.811613e-02	-8.076186e-03	4.315273e-03	1.835148e-02	1.349101e-02	4.860468e-03
1379          	3.587309e-01	1.713235e-01	1.874074e-01	-1.706530e-01	-1.344853e-01	-3.616772e-02	-4.915879e-02	-8.041912e-03	4.644901e-03	1.833360e-02	1.381170e-02	4.521901e-03
1380          	3.595395e-01	1.717427e-01	1.877968e-01	-1.683026e-01	-1.343747e-01	-3.392788e-02	-5.022341e-02	-8.027046e-03	5.307854e-03	1.878165e-02	1.469868e-02	4.082969e-03
1381          	3.600629e-01	1.719955e-01	1.880674e-01	-1.659136e-01	-1.340415e-01	-3.187215e-02	-5.108467e-02	-8.035950e-03	6.236142e-03	1.962284e-02	1.604756e-02	3.575276e-03
1382          	3.603676e-01	1.721758e-01	1.881917e-01	-1.639293e-01	-1.339008e-01	-3.002843e-02	-5.193620e-02	-8.007948e-03	7.424736e-03	2.090753e-02	1.787850e-02	3.029027e-03
1383          	3.604481e-01	1.721964e-01	1.882517e-01	-1.623124e-01	-1.338877e-01	-2.842463e-02	-5.273154e-02	-8.027650e-03	8.747718e-03	2.269457e-02	2.009500e-02	2.599564e-03
1384          	3.602263e-01	1.720480e-01	1.881783e-01	-1.608440e-01	-1.340444e-01	-2.679953e-02	-5.362246e-02	-8.065162e-03	1.008617e-02	2.488734e-02	2.252984e-02	2.357504e-03
1385          	3.595854e-01	1.716660e-01	1.879194e-01	-1.591086e-01	-1.340226e-01	-2.508600e-02	-5.446828e-02	-8.126739e-03	1.128360e-02	2.717957e-02	2.487338e-02	2.306184e-03
1386          	3.585410e-01	1.711419e-01	1.873991e-01	-1.569249e-01	-1.337948e-01	-2.313013e-02	-5.533231e-02	-8.128575e-03	1.230360e-02	2.920623e-02	2.690672e-02	2.299516e-03
1387          	3.571735e-01	1.704711e-01	1.867023e-01	-1.542197e-01	-1.331198e-01	-2.109995e-02	-5.600991e-02	-8.115599e-03	1.310231e-02	3.068999e-02	2.844730e-02	2.242686e-03
1388          	3.555603e-01	1.697131e-01	1.858472e-01	-1.513116e-01	-1.322026e-01	-1.910894e-02	-5.654684e-02	-8.067051e-03	1.366961e-02	3.147114e-02	2.940518e-02	2.065966e-03
1389          	3.538122e-01	1.688177e-01	1.849944e-01	-1.488046e-01	-1.311400e-01	-1.766457e-02	-5.673774e-02	-8.088336e-03	1.393994e-02	3.156651e-02	2.972320e-02	1.843317e-03
1390          	3.519751e-01	1.677458e-01	1.842292e-01	-1.473500e-01	-1.304044e-01	-1.694562e-02	-5.672938e-02	-8.241719e-03	1.383731e-02	3.117745e-02	2.942604e-02	1.751411e-03
1391          	3.500662e-01	1.664581e-01	1.836081e-01	-1.471283e-01	-1.301332e-01	-1.699509e-02	-5.656905e-02	-8.575021e-03	1.329734e-02	3.047657e-02	2.853562e-02	1.940945e-03
1392          	3.480511e-01	1.650229e-01	1.830281e-01	-1.480479e-01	-1.306029e-01	-1.744505e-02	-5.657891e-02	-9.002593e-03	1.239761e-02	2.952810e-02	2.716167e-02	2.366437e-03
1393          	3.460538e-01	1.636008e-01	1.824530e-01	-1.498610e-01	-1.316858e-01	-1.817520e-02	-5.675531e-02	-9.426098e-03	1.117471e-02	2.831409e-02	2.533175e-02	2.982335e-03
1394          	3.443118e-01	1.624570e-01	1.818548e-01	-1.525272e-01	-1.334146e-01	-1.911259e-02	-5.715099e-02	-9.698882e-03	9.751097e-03	2.674167e-02	2.312193e-02	3.619736e-03
1395          	3.430814e-01	1.618285e-01	1.812530e-01	-1.557549e-01	-1.353114e-01	-2.044349e-02	-5.743397e-02	-9.712256e-03	8.222427e-03	2.472155e-02	2.058320e-02	4.138350e-03
1396          	3.425685e-01	1.618949e-01	1.806736e-01	-1.591742e-01	-1.369769e-01	-2.219730e-02	-5.738981e-02	-9.389381e-03	6.722087e-03	2.228317e-02	1.786367e-02	4.419496e-03
1397          	3.428154e-01	1.626157e-01	1.801997e-01	-1.623827e-01	-1.378049e-01	-2.457786e-02	-5.661351e-02	-8.791978e-03	5.363837e-03	1.968586e-02	1.520677e-02	4.479092e-03
1398          	3.437439e-01	1.638649e-01	1.798789e-01	-1.651017e-01	-1.376415e-01	-2.746016e-02	-5.509069e-02	-8.006981e-03	4.271912e-03	1.733685e-02	1.294034e-02	4.396514e-03
1399          	3.451252e-01	1.653463e-01	1.797789e-01	-1.669032e-01	-1.363105e-01	-3.059273e-02	-5.285886e-02	-7.216326e-03	3.525634e-03	1.563023e-02	1.134075e-02	4.289479e-03
1400          	3.467430e-01	1.668798e-01	1.798633e-01	-1.677829e-01	-1.343039e-01	-3.347902e-02	-5.041242e-02	-6.491758e-03	3.220777e-03	1.471722e-02	1.057939e-02	4.137832e-03
1401          	3.483424e-01	1.683339e-01	1.800086e-01	-1.682700e-01	-1.321596e-01	-3.611041e-02	-4.802461e-02	-5.837356e-03	3.363123e-03	1.449492e-02	1.061058e-02	3.884337e-03
1402          	3.498675e-01	1.696996e-01	1.801680e-01	-1.689861e-01	-1.305041e-01	-3.848199e-02	-4.601106e-02	-5.234181e-03	3.936215e-03	1.490821e-02	1.139032e-02	3.517890e-03
1403          	3.511608e-01	1.707998e-01	1.803610e-01	-1.698850e-01	-1.293113e-01	-4.057371e-02	-4.436880e-02	-4.780561e-03	4.784169e-03	1.596825e-02	1.276829e-02	3.199955e-03
1404          	3.521069e-01	1.715471e-01	1.805598e-01	-1.706998e-01	-1.286689e-01	-4.203093e-02	-4.331897e-02	-4.506325e-03	5.793647e-03	1.760152e-02	1.459441e-02	3.007116e-03
1405          	3.525553e-01	1.718396e-01	1.807157e-01	-1.708991e-01	-1.281826e-01	-4.271650e-02	-4.273304e-02	-4.438010e-03	6.839428e-03	1.949066e-02	1.658476e-02	2.905903e-03
1406          	3.525367e-01	1.717891e-01	1.807477e-01	-1.703799e-01	-1.278995e-01	-4.248034e-02	-4.270959e-02	-4.479303e-03	7.832206e-03	2.125945e-02	1.846193e-02	2.797521e-03
1407          	3.521277e-01	1.714633e-01	1.806645e-01	-1.691014e-01	-1.276616e-01	-4.143983e-02	-4.311087e-02	-4.600583e-03	8.696745e-03	2.265356e-02	2.002353e-02	2.630035e-03
1408          	3.514980e-01	1.710123e-01	1.804857e-01	-1.671512e-01	-1.274831e-01	-3.966805e-02	-4.390753e-02	-4.736712e-03	9.454206e-03	2.345893e-02	2.118367e-02	2.275257e-03
1409          	3.507754e-01	1.704426e-01	1.803328e-01	-1.646864e-01	-1.269951e-01	-3.769132e-02	-4.465189e-02	-4.945076e-03	9.996375e-03	2.366279e-02	2.182777e-02	1.835018e-03
1410          	3.500900e-01	1.697166e-01	1.803734e-01	-1.624831e-01	-1.264000e-01	-3.608312e-02	-4.515844e-02	-5.328358e-03	1.024113e-02	2.354532e-02	2.201379e-02	1.531525e-03
1411          	3.494117e-01	1.687763e-01	1.806354e-01	-1.612581e-01	-1.260215e-01	-3.523659e-02	-4.539244e-02	-5.929516e-03	1.017453e-02	2.319820e-02	2.177363e-02	1.424569e-03
1412          	3.486566e-01	1.677035e-01	1.809530e-01	-1.612224e-01	-1.262276e-01	-3.499489e-02	-4.561634e-02	-6.624752e-03	9.855726e-03	2.262273e-02	2.116709e-02	1.455638e-03
1413          	3.479031e-01	1.666011e-01	1.813020e-01	-1.624700e-01	-1.271108e-01	-3.535924e-02	-4.587576e-02	-7.350470e-03	9.292344e-03	2.189243e-02	2.023856e-02	1.653873e-03
1414          	3.472848e-01	1.656564e-01	1.816284e-01	-1.645792e-01	-1.285945e-01	-3.598472e-02	-4.630489e-02	-7.985998e-03	8.567871e-03	2.116292e-02	1.914933e-02	2.013588e-03
1415          	3.468218e-01	1.649366e-01	1.818852e-01	-1.670310e-01	-1.303486e-01	-3.668235e-02	-4.683313e-02	-8.474265e-03	7.853357e-03	2.045754e-02	1.808212e-02	2.375411e-03
1416          	3.465250e-01	1.645267e-01	1.819983e-01	-1.692441e-01	-1.321726e-01	-3.707145e-02	-4.755057e-02	-8.735793e-03	7.312270e-03	1.977699e-02	1.720076e-02	2.576223e-03
1417          	3.464425e-01	1.644609e-01	1.819816e-01	-1.708111e-01	-1.336413e-01	-3.716982e-02	-4.823573e-02	-8.760349e-03	7.033988e-03	1.915894e-02	1.661346e-02	2.545482e-03
1418          	3.466659e-01	1.647628e-01	1.819031e-01	-1.714414e-01	-1.345836e-01	-3.685785e-02	-4.886287e-02	-8.570145e-03	7.006410e-03	1.868879e-02	1.635080e-02	2.337983e-03
1419          	3.472221e-01	1.653434e-01	1.818787e-01	-1.709339e-01	-1.345901e-01	-3.634382e-02	-4.912311e-02	-8.267632e-03	7.129455e-03	1.861245e-02	1.643568e-02	2.176770e-03
1420          	3.480508e-01	1.660879e-01	1.819628e-01	-1.698585e-01	-1.341119e-01	-3.574662e-02	-4.918265e-02	-7.937453e-03	7.416281e-03	1.908768e-02	1.696012e-02	2.127558e-03
1421          	3.491335e-01	1.669652e-01	1.821682e-01	-1.692012e-01	-1.337740e-01	-3.542716e-02	-4.917343e-02	-7.601499e-03	7.912939e-03	2.004602e-02	1.793595e-02	2.110070e-03
1422          	3.504044e-01	1.678886e-01	1.825158e-01	-1.693026e-01	-1.340416e-01	-3.526104e-02	-4.939027e-02	-7.313558e-03	8.658926e-03	2.140366e-02	1.936076e-02	2.042905e-03
1423          	3.517048e-01	1.687087e-01	1.829961e-01	-1.700006e-01	-1.347390e-01	-3.526163e-02	-4.973867e-02	-7.143719e-03	9.551736e-03	2.308645e-02	2.109496e-02	1.991487e-03
1424          	3.528477e-01	1.693115e-01	1.835362e-01	-1.708492e-01	-1.357730e-01	-3.507619e-02	-5.034841e-02	-7.112332e-03	1.050992e-02	2.500601e-02	2.301292e-02	1.993085e-03
1425          	3.536596e-01	1.696284e-01	1.840312e-01	-1.714049e-01	-1.367880e-01	-3.461684e-02	-5.108559e-02	-7.201411e-03	1.143607e-02	2.697087e-02	2.492151e-02	2.049366e-03
1426          	3.540742e-01	1.697203e-01	1.843539e-01	-1.714075e-01	-1.377584e-01	-3.364903e-02	-5.205470e-02	-7.316783e-03	1.228511e-02	2.868638e-02	2.662829e-02	2.058082e-03
1427          	3.541154e-01	1.696935e-01	1.844219e-01	-1.705013e-01	-1.382640e-01	-3.223730e-02	-5.301333e-02	-7.364153e-03	1.300027e-02	2.988744e-02	2.794400e-02	1.943447e-03
1428          	3.539104e-01	1.697008e-01	1.842095e-01	-1.683198e-01	-1.379674e-01	-3.035243e-02	-5.380748e-02	-7.254331e-03	1.356099e-02	3.029822e-02	2.871010e-02	1.588121e-03
1429          	3.535875e-01	1.697105e-01	1.838769e-01	-1.654043e-01	-1.366645e-01	-2.873981e-02	-5.396235e-02	-7.083200e-03	1.379755e-02	2.998601e-02	2.879056e-02	1.195453e-03
1430          	3.532671e-01	1.695991e-01	1.836680e-01	-1.630530e-01	-1.351097e-01	-2.794333e-02	-5.358319e-02	-7.034460e-03	1.353399e-02	2.936935e-02	2.821866e-02	1.150689e-03
1431          	3.530045e-01	1.693271e-01	1.836774e-01	-1.620300e-01	-1.337033e-01	-2.832675e-02	-5.268826e-02	-7.175154e-03	1.281516e-02	2.852629e-02	2.707831e-02	1.447982e-03
1432          	3.528337e-01	1.689450e-01	1.838887e-01	-1.623997e-01	-1.329135e-01	-2.948617e-02	-5.171367e-02	-7.471827e-03	1.172570e-02	2.749364e-02	2.547253e-02	2.021117e-03
1433          	3.527665e-01	1.684832e-01	1.842833e-01	-1.640933e-01	-1.329291e-01	-3.116427e-02	-5.088240e-02	-7.900066e-03	1.031118e-02	2.633972e-02	2.348105e-02	2.858677e-03
1434          	3.527953e-01	1.679865e-01	1.848088e-01	-1.666392e-01	-1.338739e-01	-3.276532e-02	-5.055427e-02	-8.411139e-03	8.738987e-03	2.513891e-02	2.130844e-02	3.830468e-03
1435          	3.529105e-01	1.675360e-01	1.853744e-01	-1.694087e-01	-1.353337e-01	-3.407500e-02	-5.062935e-02	-8.919184e-03	7.185815e-03	2.387716e-02	1.912439e-02	4.752764e-03
1436          	3.530483e-01	1.671759e-01	1.858724e-01	-1.718038e-01	-1.370311e-01	-3.477278e-02	-5.112914e-02	-9.348265e-03	5.829273e-03	2.250692e-02	1.708273e-02	5.424187e-03
1437          	3.531252e-01	1.669346e-01	1.861906e-01	-1.732232e-01	-1.384357e-01	-3.478756e-02	-5.182405e-02	-9.627978e-03	4.747595e-03	2.108849e-02	1.529184e-02	5.796652e-03
1438          	3.531527e-01	1.668814e-01	1.862713e-01	-1.731674e-01	-1.392636e-01	-3.390376e-02	-5.267993e-02	-9.694961e-03	3.881050e-03	1.975240e-02	1.375725e-02	5.995150e-03
1439          	3.532548e-01	1.670879e-01	1.861669e-01	-1.716519e-01	-1.391044e-01	-3.254757e-02	-5.327839e-02	-9.539480e-03	3.283948e-03	1.869908e-02	1.263349e-02	6.065593e-03
1440          	3.535360e-01	1.675997e-01	1.859364e-01	-1.690752e-01	-1.381360e-01	-3.093912e-02	-5.359846e-02	-9.168365e-03	3.117647e-03	1.805754e-02	1.214642e-02	5.911122e-03
1441          	3.540123e-01	1.682829e-01	1.857294e-01	-1.660263e-01	-1.366984e-01	-2.932786e-02	-5.368529e-02	-8.723235e-03	3.413637e-03	1.816282e-02	1.249505e-02	5.667773e-03
1442          	3.546328e-01	1.689704e-01	1.856624e-01	-1.627960e-01	-1.352678e-01	-2.752819e-02	-5.386981e-02	-8.346018e-03	4.084990e-03	1.922485e-02	1.369742e-02	5.527435e-03
1443          	3.552097e-01	1.694480e-01	1.857616e-01	-1.595848e-01	-1.340175e-01	-2.556727e-02	-5.422513e-02	-8.156808e-03	4.995360e-03	2.124569e-02	1.561821e-02	5.627486e-03
1444          	3.555892e-01	1.696579e-01	1.859313e-01	-1.565207e-01	-1.332563e-01	-2.326440e-02	-5.499597e-02	-8.136725e-03	6.062968e-03	2.395113e-02	1.803853e-02	5.912595e-03
1445          	3.556225e-01	1.695397e-01	1.860828e-01	-1.535113e-01	-1.327873e-01	-2.072407e-02	-5.603160e-02	-8.271574e-03	7.228476e-03	2.702897e-02	2.074296e-02	6.286008e-03
1446          	3.551843e-01	1.691562e-01	1.860282e-01	-1.503354e-01	-1.325467e-01	-1.778869e-02	-5.737901e-02	-8.436010e-03	8.452239e-03	3.008280e-02	2.349364e-02	6.589162e-03
1447          	3.543070e-01	1.686121e-01	1.856949e-01	-1.469949e-01	-1.322186e-01	-1.477631e-02	-5.872114e-02	-8.541378e-03	9.716341e-03	3.266305e-02	2.604787e-02	6.615183e-03
1448          	3.531350e-01	1.680144e-01	1.851206e-01	-1.439426e-01	-1.319080e-01	-1.203462e-02	-5.993667e-02	-8.553130e-03	1.101228e-02	3.442112e-02	2.822284e-02	6.198275e-03
1449          	3.518531e-01	1.673622e-01	1.844909e-01	-1.419108e-01	-1.316871e-01	-1.022366e-02	-6.073173e-02	-8.564380e-03	1.219613e-02	3.538783e-02	2.989004e-02	5.497787e-03
1450          	3.505430e-01	1.666094e-01	1.839336e-01	-1.411524e-01	-1.316433e-01	-9.509050e-03	-6.106714e-02	-8.662124e-03	1.314776e-02	3.565920e-02	3.097736e-02	4.681838e-03
1451          	3.493034e-01	1.657022e-01	1.836012e-01	-1.420524e-01	-1.318928e-01	-1.015961e-02	-6.086661e-02	-8.949500e-03	1.376138e-02	3.545091e-02	3.148683e-02	3.964071e-03
1452          	3.482571e-01	1.646905e-01	1.835666e-01	-1.444908e-01	-1.326341e-01	-1.185675e-02	-6.038867e-02	-9.438039e-03	1.403497e-02	3.508192e-02	3.157593e-02	3.505986e-03
1453          	3.475693e-01	1.637205e-01	1.838489e-01	-1.483005e-01	-1.338651e-01	-1.443538e-02	-5.971488e-02	-1.006420e-02	1.405164e-02	3.463588e-02	3.136958e-02	3.266307e-03
1454          	3.473468e-01	1.629663e-01	1.843806e-01	-1.529597e-01	-1.354661e-01	-1.749366e-02	-5.898620e-02	-1.070715e-02	1.391873e-02	3.412845e-02	3.098296e-02	3.145497e-03
1455          	3.477155e-01	1.625844e-01	1.851310e-01	-1.580208e-01	-1.369472e-01	-2.107365e-02	-5.793676e-02	-1.127331e-02	1.370296e-02	3.357967e-02	3.049279e-02	3.086875e-03
1456          	3.486737e-01	1.626149e-01	1.860588e-01	-1.631003e-01	-1.380926e-01	-2.500772e-02	-5.654242e-02	-1.172198e-02	1.353979e-02	3.301413e-02	3.004685e-02	2.967277e-03
1457          	3.500581e-01	1.629907e-01	1.870674e-01	-1.678269e-01	-1.385880e-01	-2.923893e-02	-5.467452e-02	-1.203832e-02	1.349357e-02	3.247457e-02	2.973086e-02	2.743712e-03
1458          	3.516392e-01	1.636171e-01	1.880222e-01	-1.719825e-01	-1.385579e-01	-3.342463e-02	-5.256661e-02	-1.220255e-02	1.357940e-02	3.208045e-02	2.961962e-02	2.460825e-03
1459          	3.532058e-01	1.643712e-01	1.888346e-01	-1.751875e-01	-1.378805e-01	-3.730699e-02	-5.028673e-02	-1.223170e-02	1.375576e-02	3.194148e-02	2.972650e-02	2.214985e-03
1460          	3.545699e-01	1.652026e-01	1.893672e-01	-1.771700e-01	-1.367132e-01	-4.045684e-02	-4.812818e-02	-1.208229e-02	1.408809e-02	3.205532e-02	3.011575e-02	1.939574e-03
1461          	3.557805e-01	1.660772e-01	1.897033e-01	-1.782685e-01	-1.352157e-01	-4.305288e-02	-4.608139e-02	-1.181306e-02	1.455984e-02	3.254243e-02	3.083105e-02	1.711377e-03
1462          	3.568529e-01	1.668942e-01	1.899587e-01	-1.788443e-01	-1.338643e-01	-4.497994e-02	-4.444220e-02	-1.153223e-02	1.515672e-02	3.359672e-02	3.195508e-02	1.641645e-03
1463          	3.576896e-01	1.675016e-01	1.901880e-01	-1.789895e-01	-1.328447e-01	-4.614480e-02	-4.334994e-02	-1.134323e-02	1.575840e-02	3.518124e-02	3.334902e-02	1.832220e-03
1464          	3.581049e-01	1.678117e-01	1.902932e-01	-1.786979e-01	-1.323801e-01	-4.631780e-02	-4.303115e-02	-1.124075e-02	1.630228e-02	3.703410e-02	3.481933e-02	2.214764e-03
1465          	3.579909e-01	1.677498e-01	1.902411e-01	-1.776691e-01	-1.320327e-01	-4.563639e-02	-4.319816e-02	-1.124561e-02	1.670190e-02	3.884625e-02	3.612502e-02	2.721226e-03
1466          	3.573998e-01	1.674229e-01	1.899768e-01	-1.758445e-01	-1.317472e-01	-4.409734e-02	-4.382492e-02	-1.127694e-02	1.699101e-02	4.028602e-02	3.713402e-02	3.151997e-03
1467          	3.563617e-01	1.668928e-01	1.894689e-01	-1.732824e-01	-1.313365e-01	-4.194593e-02	-4.469526e-02	-1.128804e-02	1.716840e-02	4.101214e-02	3.767447e-02	3.337663e-03
1468          	3.549465e-01	1.662060e-01	1.887405e-01	-1.706960e-01	-1.311059e-01	-3.959011e-02	-4.575791e-02	-1.126728e-02	1.720554e-02	4.087161e-02	3.764134e-02	3.230267e-03
1469          	3.532945e-01	1.653576e-01	1.879369e-01	-1.688736e-01	-1.312456e-01	-3.762804e-02	-4.680876e-02	-1.128964e-02	1.688459e-02	3.997857e-02	3.687388e-02	3.104689e-03
1470          	3.515350e-01	1.644526e-01	1.870824e-01	-1.679646e-01	-1.318588e-01	-3.610579e-02	-4.787650e-02	-1.131492e-02	1.615097e-02	3.834771e-02	3.532483e-02	3.022887e-03
1471          	3.498275e-01	1.636004e-01	1.862272e-01	-1.678780e-01	-1.327577e-01	-3.512027e-02	-4.881872e-02	-1.131341e-02	1.494358e-02	3.613309e-02	3.301013e-02	3.122962e-03
1472          	3.482707e-01	1.628589e-01	1.854118e-01	-1.685632e-01	-1.341273e-01	-3.443591e-02	-4.984567e-02	-1.127645e-02	1.337031e-02	3.348452e-02	3.011257e-02	3.371951e-03
1473          	3.470044e-01	1.622951e-01	1.847093e-01	-1.698514e-01	-1.358272e-01	-3.402423e-02	-5.090149e-02	-1.120706e-02	1.155873e-02	3.066540e-02	2.689143e-02	3.773974e-03
1474          	3.460933e-01	1.619772e-01	1.841161e-01	-1.713235e-01	-1.378041e-01	-3.351944e-02	-5.214232e-02	-1.106947e-02	9.679862e-03	2.785044e-02	2.360508e-02	4.245360e-03
1475          	3.455225e-01	1.618733e-01	1.836492e-01	-1.723851e-01	-1.396056e-01	-3.277948e-02	-5.341308e-02	-1.088799e-02	7.910744e-03	2.527288e-02	2.054718e-02	4.725694e-03
1476          	3.452075e-01	1.619400e-01	1.832676e-01	-1.725544e-01	-1.410272e-01	-3.152718e-02	-5.475001e-02	-1.066382e-02	6.484104e-03	2.306448e-02	1.801634e-02	5.048133e-03
1477          	3.450182e-01	1.621105e-01	1.829076e-01	-1.714256e-01	-1.416905e-01	-2.973509e-02	-5.597773e-02	-1.039854e-02	5.459437e-03	2.139631e-02	1.615759e-02	5.238717e-03
1478          	3.449276e-01	1.624017e-01	1.825259e-01	-1.688985e-01	-1.415920e-01	-2.730652e-02	-5.714275e-02	-1.006211e-02	4.818913e-03	2.041732e-02	1.502757e-02	5.389748e-03
1479          	3.450598e-01	1.629323e-01	1.821275e-01	-1.656627e-01	-1.407785e-01	-2.488424e-02	-5.794713e-02	-9.597602e-03	4.555846e-03	2.004396e-02	1.457782e-02	5.466133e-03
1480          	3.455830e-01	1.638612e-01	1.817219e-01	-1.627511e-01	-1.397499e-01	-2.300123e-02	-5.837432e-02	-8.930351e-03	4.780021e-03	2.005284e-02	1.480644e-02	5.246400e-03
1481          	3.465419e-01	1.651128e-01	1.814291e-01	-1.604200e-01	-1.385142e-01	-2.190575e-02	-5.830423e-02	-8.158129e-03	5.424332e-03	2.053371e-02	1.569119e-02	4.842522e-03
1482          	3.479012e-01	1.665361e-01	1.813651e-01	-1.588349e-01	-1.374324e-01	-2.140251e-02	-5.801496e-02	-7.414456e-03	6.401184e-03	2.165676e-02	1.722957e-02	4.427198e-03
1483          	3.494130e-01	1.678239e-01	1.815892e-01	-1.579685e-01	-1.366675e-01	-2.130097e-02	-5.768326e-02	-6.882639e-03	7.577533e-03	2.337418e-02	1.926462e-02	4.109556e-03
1484          	3.508438e-01	1.688121e-01	1.820318e-01	-1.576525e-01	-1.364589e-01	-2.119364e-02	-5.763262e-02	-6.609833e-03	8.847596e-03	2.547451e-02	2.158485e-02	3.889660e-03
1485          	3.519951e-01	1.693726e-01	1.826225e-01	-1.575836e-01	-1.365469e-01	-2.103667e-02	-5.775511e-02	-6.624986e-03	1.004766e-02	2.766304e-02	2.387918e-02	3.783861e-03
1486          	3.529557e-01	1.696676e-01	1.832882e-01	-1.576358e-01	-1.367819e-01	-2.085387e-02	-5.796403e-02	-6.810296e-03	1.105704e-02	2.961951e-02	2.586680e-02	3.752711e-03
1487          	3.537470e-01	1.697806e-01	1.839664e-01	-1.575845e-01	-1.366207e-01	-2.096376e-02	-5.782848e-02	-7.092948e-03	1.178562e-02	3.098741e-02	2.727932e-02	3.708088e-03
1488          	3.543277e-01	1.697758e-01	1.845519e-01	-1.575274e-01	-1.358462e-01	-2.168127e-02	-5.708246e-02	-7.388063e-03	1.216519e-02	3.150893e-02	2.791966e-02	3.589272e-03
1489          	3.546506e-01	1.696562e-01	1.849945e-01	-1.577298e-01	-1.343444e-01	-2.338545e-02	-5.547947e-02	-7.669144e-03	1.208644e-02	3.111124e-02	2.764206e-02	3.469180e-03
1490          	3.546466e-01	1.694342e-01	1.852124e-01	-1.585184e-01	-1.327219e-01	-2.579645e-02	-5.346275e-02	-7.889065e-03	1.158447e-02	2.989034e-02	2.652964e-02	3.360702e-03
1491          	3.543175e-01	1.690890e-01	1.852286e-01	-1.601112e-01	-1.314728e-01	-2.863841e-02	-5.141719e-02	-8.069797e-03	1.073162e-02	2.808752e-02	2.477538e-02	3.312140e-03
1492          	3.537896e-01	1.686903e-01	1.850994e-01	-1.624533e-01	-1.311588e-01	-3.129451e-02	-4.993214e-02	-8.204537e-03	9.663078e-03	2.602854e-02	2.267735e-02	3.351194e-03
1493          	3.532821e-01	1.683107e-01	1.849714e-01	-1.652610e-01	-1.317117e-01	-3.354931e-02	-4.908119e-02	-8.330389e-03	8.514540e-03	2.401813e-02	2.052360e-02	3.494523e-03
1494          	3.529419e-01	1.680234e-01	1.849184e-01	-1.681150e-01	-1.330597e-01	-3.505529e-02	-4.900220e-02	-8.447491e-03	7.455709e-03	2.224125e-02	1.857634e-02	3.664918e-03
1495          	3.528306e-01	1.678288e-01	1.850019e-01	-1.705885e-01	-1.346477e-01	-3.594084e-02	-4.935342e-02	-8.586561e-03	6.561625e-03	2.078934e-02	1.695629e-02	3.833045e-03
1496          	3.529035e-01	1.676941e-01	1.852094e-01	-1.723169e-01	-1.362194e-01	-3.609746e-02	-5.006100e-02	-8.757635e-03	5.905371e-03	1.974797e-02	1.577936e-02	3.968616e-03
1497          	3.531112e-01	1.675738e-01	1.855374e-01	-1.729046e-01	-1.373140e-01	-3.559064e-02	-5.086168e-02	-8.981810e-03	5.452882e-03	1.918484e-02	1.504530e-02	4.139540e-03
1498          	3.534228e-01	1.675190e-01	1.859038e-01	-1.721512e-01	-1.377597e-01	-3.439157e-02	-5.168404e-02	-9.192384e-03	5.268446e-03	1.922829e-02	1.488259e-02	4.345699e-03
1499          	3.538496e-01	1.676915e-01	1.861582e-01	-1.705403e-01	-1.375002e-01	-3.304001e-02	-5.223012e-02	-9.233337e-03	5.490484e-03	1.958702e-02	1.528399e-02	4.303025e-03
1500          	3.544634e-01	1.682166e-01	1.862468e-01	-1.684564e-01	-1.368190e-01	-3.163739e-02	-5.259079e-02	-9.015087e-03	6.186719e-03	2.024909e-02	1.631126e-02	3.937826e-03
