# Solver information
# Time        	U_solver      	Ux_initial    	Ux_final      	Ux_iters      	Uy_initial    	Uy_final      	Uy_iters      	Uz_initial    	Uz_final      	Uz_iters      	U_converged   	p_solver      	p_initial     	p_final       	p_iters       	p_converged   
1             	smoothSolver	1.739600e-01	1.395830e-02	9	2.235620e-01	2.028580e-02	8	3.641550e-01	3.412790e-02	6	false	GAMG	1.000000e+00	8.186650e-03	8	true
2             	smoothSolver	1.141620e-01	9.109510e-03	9	1.242380e-01	1.151210e-02	8	1.165320e-01	9.658570e-03	9	false	GAMG	1.410590e-01	1.266430e-03	6	true
3             	smoothSolver	8.326840e-02	7.176340e-03	9	9.461740e-02	7.891240e-03	9	6.743350e-02	5.883950e-03	9	false	GAMG	9.218140e-02	9.122760e-04	5	true
4             	smoothSolver	6.922350e-02	6.331400e-03	9	7.475040e-02	6.868910e-03	9	5.216390e-02	4.782380e-03	9	false	GAMG	7.288660e-02	6.232730e-04	5	true
5             	smoothSolver	6.479930e-02	6.023600e-03	9	6.646150e-02	6.526850e-03	9	4.763200e-02	4.598830e-03	9	false	GAMG	6.711930e-02	6.049630e-04	5	true
6             	smoothSolver	5.952290e-02	5.703800e-03	9	6.235970e-02	5.028320e-03	10	4.569710e-02	4.561840e-03	9	false	GAMG	6.657610e-02	5.966030e-04	5	true
7             	smoothSolver	5.308100e-02	5.254350e-03	9	5.850540e-02	4.757950e-03	10	4.413480e-02	3.631950e-03	10	false	GAMG	6.928500e-02	5.705610e-04	5	true
8             	smoothSolver	4.737130e-02	3.748840e-03	10	5.407390e-02	4.422680e-03	10	4.287110e-02	3.609440e-03	10	false	GAMG	7.524610e-02	5.829090e-04	5	true
9             	smoothSolver	4.347630e-02	3.457120e-03	10	4.956110e-02	4.047010e-03	10	4.185860e-02	3.541390e-03	10	false	GAMG	7.939690e-02	6.735440e-04	5	true
10            	smoothSolver	4.060990e-02	3.229890e-03	10	4.536120e-02	3.702890e-03	10	4.001810e-02	3.419170e-03	10	false	GAMG	8.137850e-02	7.385270e-04	5	true
11            	smoothSolver	3.797430e-02	3.019380e-03	10	4.179290e-02	3.469610e-03	10	3.811610e-02	3.316550e-03	10	false	GAMG	8.097890e-02	6.961160e-04	5	true
12            	smoothSolver	3.569970e-02	2.878840e-03	10	3.927520e-02	3.372060e-03	10	3.629200e-02	3.187320e-03	10	false	GAMG	7.282290e-02	5.934860e-04	5	true
13            	smoothSolver	3.361450e-02	2.789640e-03	10	3.759090e-02	3.340480e-03	10	3.484900e-02	3.071450e-03	10	false	GAMG	6.612400e-02	6.197920e-04	5	true
14            	smoothSolver	3.167810e-02	2.669260e-03	10	3.665660e-02	3.297820e-03	10	3.373970e-02	2.993880e-03	10	false	GAMG	6.009190e-02	3.778840e-04	6	true
15            	smoothSolver	2.969470e-02	2.509250e-03	10	3.598030e-02	3.265510e-03	10	3.253690e-02	2.921400e-03	10	false	GAMG	5.697400e-02	3.460770e-04	6	true
16            	smoothSolver	2.804340e-02	2.377840e-03	10	3.507710e-02	3.202740e-03	10	3.106560e-02	2.828240e-03	10	false	GAMG	5.502410e-02	5.446450e-04	5	true
17            	smoothSolver	2.702670e-02	2.319940e-03	10	3.400060e-02	3.117700e-03	10	2.978540e-02	2.732790e-03	10	false	GAMG	5.347840e-02	4.855550e-04	5	true
18            	smoothSolver	2.639920e-02	2.290510e-03	10	3.335750e-02	3.098360e-03	10	2.931190e-02	2.713000e-03	10	false	GAMG	5.086500e-02	4.593000e-04	5	true
19            	smoothSolver	2.582690e-02	2.261720e-03	10	3.286560e-02	3.103320e-03	10	2.907570e-02	2.733080e-03	10	false	GAMG	4.872870e-02	2.663550e-04	6	true
20            	smoothSolver	2.540380e-02	2.237870e-03	10	3.281770e-02	3.141480e-03	10	2.890830e-02	2.784280e-03	10	false	GAMG	4.654870e-02	2.658160e-04	6	true
21            	smoothSolver	2.492280e-02	2.220620e-03	10	3.271690e-02	3.151320e-03	10	2.878240e-02	2.830610e-03	10	false	GAMG	4.494090e-02	2.639670e-04	6	true
22            	smoothSolver	2.446000e-02	2.221840e-03	10	3.262210e-02	3.162760e-03	10	2.871660e-02	2.854770e-03	10	false	GAMG	4.396240e-02	2.629940e-04	6	true
23            	smoothSolver	2.410000e-02	2.222430e-03	10	3.229420e-02	3.175740e-03	10	2.858130e-02	2.291630e-03	11	false	GAMG	4.385810e-02	2.618830e-04	6	true
24            	smoothSolver	2.401480e-02	2.214310e-03	10	3.173650e-02	3.158400e-03	10	2.825260e-02	2.278480e-03	11	false	GAMG	4.403460e-02	2.432010e-04	6	true
25            	smoothSolver	2.398830e-02	2.206640e-03	10	3.113270e-02	2.493910e-03	11	2.793080e-02	2.254970e-03	11	false	GAMG	4.269610e-02	2.340170e-04	6	true
26            	smoothSolver	2.399100e-02	2.200330e-03	10	3.073460e-02	2.480600e-03	11	2.781790e-02	2.249840e-03	11	false	GAMG	4.066690e-02	2.269550e-04	6	true
27            	smoothSolver	2.401480e-02	2.188870e-03	10	3.051000e-02	2.472320e-03	11	2.784790e-02	2.270980e-03	11	false	GAMG	3.898850e-02	2.179600e-04	6	true
28            	smoothSolver	2.398490e-02	2.171510e-03	10	3.028770e-02	2.443980e-03	11	2.784710e-02	2.280160e-03	11	false	GAMG	3.779300e-02	2.267030e-04	6	true
29            	smoothSolver	2.400530e-02	2.158380e-03	10	2.993520e-02	2.989720e-03	10	2.777070e-02	2.267350e-03	11	false	GAMG	3.782960e-02	2.462520e-04	6	true
30            	smoothSolver	2.408560e-02	2.150270e-03	10	2.952460e-02	2.927890e-03	10	2.762940e-02	2.246450e-03	11	false	GAMG	3.826820e-02	2.429560e-04	6	true
31            	smoothSolver	2.412720e-02	2.145130e-03	10	2.902310e-02	2.872550e-03	10	2.765740e-02	2.237790e-03	11	false	GAMG	3.810510e-02	2.452560e-04	6	true
32            	smoothSolver	2.417070e-02	2.151590e-03	10	2.889750e-02	2.880980e-03	10	2.803580e-02	2.265890e-03	11	false	GAMG	3.750960e-02	2.603250e-04	6	true
33            	smoothSolver	2.425330e-02	2.175490e-03	10	2.911610e-02	2.338860e-03	11	2.849990e-02	2.310870e-03	11	false	GAMG	3.737290e-02	2.724870e-04	6	true
34            	smoothSolver	2.427940e-02	2.205740e-03	10	2.929000e-02	2.377430e-03	11	2.891270e-02	2.358540e-03	11	false	GAMG	3.662840e-02	2.759900e-04	6	true
35            	smoothSolver	2.423540e-02	2.224520e-03	10	2.948990e-02	2.407600e-03	11	2.911530e-02	2.406520e-03	11	false	GAMG	3.621240e-02	2.849490e-04	6	true
36            	smoothSolver	2.422260e-02	2.248130e-03	10	2.965880e-02	2.420510e-03	11	2.913510e-02	2.433610e-03	11	false	GAMG	3.631510e-02	3.189600e-04	6	true
37            	smoothSolver	2.427440e-02	2.271300e-03	10	2.954650e-02	2.400600e-03	11	2.912720e-02	2.424100e-03	11	false	GAMG	3.753350e-02	3.457930e-04	6	true
38            	smoothSolver	2.433520e-02	2.260320e-03	10	2.910850e-02	2.348360e-03	11	2.895240e-02	2.379130e-03	11	false	GAMG	3.884780e-02	3.105430e-04	6	true
39            	smoothSolver	2.437120e-02	2.252400e-03	10	2.854700e-02	2.284660e-03	11	2.852000e-02	2.314510e-03	11	false	GAMG	3.863510e-02	2.683600e-04	6	true
40            	smoothSolver	2.452490e-02	2.266730e-03	10	2.849650e-02	2.283040e-03	11	2.813640e-02	2.268840e-03	11	false	GAMG	3.818770e-02	2.354810e-04	6	true
41            	smoothSolver	2.460950e-02	2.276350e-03	10	2.864470e-02	2.304760e-03	11	2.794960e-02	2.248570e-03	11	false	GAMG	3.742520e-02	2.190710e-04	6	true
42            	smoothSolver	2.455760e-02	2.267380e-03	10	2.856950e-02	2.298410e-03	11	2.792210e-02	2.236540e-03	11	false	GAMG	3.682620e-02	2.306750e-04	6	true
43            	smoothSolver	2.439620e-02	2.243900e-03	10	2.827710e-02	2.258710e-03	11	2.784360e-02	2.218870e-03	11	false	GAMG	3.650640e-02	2.569810e-04	6	true
44            	smoothSolver	2.407310e-02	2.206120e-03	10	2.788270e-02	2.762340e-03	10	2.773330e-02	2.751760e-03	10	false	GAMG	3.585680e-02	2.599710e-04	6	true
45            	smoothSolver	2.366560e-02	2.163430e-03	10	2.746530e-02	2.686880e-03	10	2.758110e-02	2.710530e-03	10	false	GAMG	3.557130e-02	2.508830e-04	6	true
46            	smoothSolver	2.337260e-02	2.131050e-03	10	2.689750e-02	2.607010e-03	10	2.734330e-02	2.665730e-03	10	false	GAMG	3.515680e-02	2.231200e-04	6	true
47            	smoothSolver	2.320680e-02	2.113290e-03	10	2.644280e-02	2.541770e-03	10	2.712910e-02	2.636400e-03	10	false	GAMG	3.482310e-02	1.932740e-04	6	true
48            	smoothSolver	2.303370e-02	2.102000e-03	10	2.613270e-02	2.501990e-03	10	2.695600e-02	2.629460e-03	10	false	GAMG	3.463200e-02	1.826520e-04	6	true
49            	smoothSolver	2.281800e-02	2.093330e-03	10	2.578290e-02	2.467990e-03	10	2.680910e-02	2.635700e-03	10	false	GAMG	3.452920e-02	1.877160e-04	6	true
50            	smoothSolver	2.250880e-02	2.083050e-03	10	2.532420e-02	2.431830e-03	10	2.658380e-02	2.633030e-03	10	false	GAMG	3.409870e-02	1.979250e-04	6	true
51            	smoothSolver	2.211620e-02	2.061380e-03	10	2.473550e-02	2.375720e-03	10	2.627070e-02	2.611640e-03	10	false	GAMG	3.339720e-02	2.056560e-04	6	true
52            	smoothSolver	2.173470e-02	2.032870e-03	10	2.398810e-02	2.293320e-03	10	2.587540e-02	2.571790e-03	10	false	GAMG	3.253260e-02	2.161520e-04	6	true
53            	smoothSolver	2.140810e-02	2.006200e-03	10	2.318760e-02	2.193930e-03	10	2.547600e-02	2.529250e-03	10	false	GAMG	3.268400e-02	2.398030e-04	6	true
54            	smoothSolver	2.119320e-02	1.985710e-03	10	2.244050e-02	2.104010e-03	10	2.514680e-02	2.490680e-03	10	false	GAMG	3.313450e-02	2.339100e-04	6	true
55            	smoothSolver	2.105210e-02	1.968940e-03	10	2.186090e-02	2.045530e-03	10	2.479050e-02	2.451740e-03	10	false	GAMG	3.278380e-02	2.071530e-04	6	true
56            	smoothSolver	2.087890e-02	1.947130e-03	10	2.144190e-02	2.011450e-03	10	2.450260e-02	2.420070e-03	10	false	GAMG	3.190730e-02	1.914200e-04	6	true
57            	smoothSolver	2.065750e-02	1.915300e-03	10	2.099930e-02	1.978900e-03	10	2.416190e-02	2.388660e-03	10	false	GAMG	3.106710e-02	1.921610e-04	6	true
58            	smoothSolver	2.037520e-02	1.870580e-03	10	2.047680e-02	1.930650e-03	10	2.375250e-02	2.347410e-03	10	false	GAMG	3.056320e-02	2.118780e-04	6	true
59            	smoothSolver	1.997490e-02	1.813010e-03	10	1.982470e-02	1.857960e-03	10	2.319430e-02	2.289780e-03	10	false	GAMG	3.050780e-02	2.345190e-04	6	true
60            	smoothSolver	1.955850e-02	1.757510e-03	10	1.907680e-02	1.768270e-03	10	2.254010e-02	2.218120e-03	10	false	GAMG	3.068390e-02	2.385280e-04	6	true
61            	smoothSolver	1.920430e-02	1.717720e-03	10	1.833080e-02	1.685520e-03	10	2.188430e-02	2.143690e-03	10	false	GAMG	3.042850e-02	2.135170e-04	6	true
62            	smoothSolver	1.886020e-02	1.690300e-03	10	1.778930e-02	1.643560e-03	10	2.137990e-02	2.084550e-03	10	false	GAMG	2.994460e-02	2.047040e-04	6	true
63            	smoothSolver	1.858250e-02	1.675470e-03	10	1.746780e-02	1.634200e-03	10	2.104060e-02	2.051290e-03	10	false	GAMG	2.950280e-02	2.113010e-04	6	true
64            	smoothSolver	1.831350e-02	1.666630e-03	10	1.721040e-02	1.632090e-03	10	2.073920e-02	2.027560e-03	10	false	GAMG	2.920440e-02	2.191410e-04	6	true
65            	smoothSolver	1.798730e-02	1.654170e-03	10	1.699910e-02	1.627350e-03	10	2.036100e-02	2.009640e-03	10	false	GAMG	2.886600e-02	2.232160e-04	6	true
66            	smoothSolver	1.768860e-02	1.637140e-03	10	1.680490e-02	1.617840e-03	10	1.991260e-02	1.988380e-03	10	false	GAMG	2.821710e-02	2.260580e-04	6	true
67            	smoothSolver	1.746010e-02	1.621010e-03	10	1.664560e-02	1.606010e-03	10	1.944300e-02	1.550930e-03	11	false	GAMG	2.801080e-02	2.423710e-04	6	true
68            	smoothSolver	1.727390e-02	1.605910e-03	10	1.652260e-02	1.593720e-03	10	1.883340e-02	1.502260e-03	11	false	GAMG	2.786230e-02	2.315060e-04	6	true
69            	smoothSolver	1.708500e-02	1.584920e-03	10	1.634900e-02	1.570770e-03	10	1.827150e-02	1.824380e-03	10	false	GAMG	2.762510e-02	1.954140e-04	6	true
70            	smoothSolver	1.692080e-02	1.568540e-03	10	1.613870e-02	1.549030e-03	10	1.789280e-02	1.779520e-03	10	false	GAMG	2.731450e-02	1.775450e-04	6	true
71            	smoothSolver	1.670970e-02	1.551560e-03	10	1.594540e-02	1.544480e-03	10	1.748010e-02	1.740870e-03	10	false	GAMG	2.685730e-02	1.637500e-04	6	true
72            	smoothSolver	1.643490e-02	1.524810e-03	10	1.579970e-02	1.547560e-03	10	1.706600e-02	1.701230e-03	10	false	GAMG	2.648520e-02	1.589800e-04	6	true
73            	smoothSolver	1.609130e-02	1.485000e-03	10	1.565100e-02	1.539510e-03	10	1.667930e-02	1.660370e-03	10	false	GAMG	2.639660e-02	1.636090e-04	6	true
74            	smoothSolver	1.569790e-02	1.441770e-03	10	1.542630e-02	1.512170e-03	10	1.632320e-02	1.620230e-03	10	false	GAMG	2.631160e-02	1.573130e-04	6	true
75            	smoothSolver	1.531210e-02	1.407010e-03	10	1.510470e-02	1.475730e-03	10	1.601220e-02	1.583080e-03	10	false	GAMG	2.608150e-02	1.425120e-04	6	true
76            	smoothSolver	1.494550e-02	1.377320e-03	10	1.477420e-02	1.439630e-03	10	1.574700e-02	1.550720e-03	10	false	GAMG	2.563140e-02	1.287780e-04	6	true
77            	smoothSolver	1.464030e-02	1.355990e-03	10	1.455850e-02	1.419900e-03	10	1.558280e-02	1.532660e-03	10	false	GAMG	2.492100e-02	1.254500e-04	6	true
78            	smoothSolver	1.438230e-02	1.340330e-03	10	1.444930e-02	1.411620e-03	10	1.551840e-02	1.532790e-03	10	false	GAMG	2.425070e-02	1.270600e-04	6	true
79            	smoothSolver	1.413570e-02	1.322030e-03	10	1.434470e-02	1.406020e-03	10	1.548880e-02	1.539130e-03	10	false	GAMG	2.361310e-02	1.273630e-04	6	true
80            	smoothSolver	1.386330e-02	1.294570e-03	10	1.422840e-02	1.400500e-03	10	1.543490e-02	1.228940e-03	11	false	GAMG	2.316800e-02	1.308340e-04	6	true
81            	smoothSolver	1.358690e-02	1.265860e-03	10	1.408660e-02	1.389780e-03	10	1.521660e-02	1.217330e-03	11	false	GAMG	2.254310e-02	1.313230e-04	6	true
82            	smoothSolver	1.331410e-02	1.240870e-03	10	1.390550e-02	1.369060e-03	10	1.499870e-02	1.200010e-03	11	false	GAMG	2.201840e-02	1.361620e-04	6	true
83            	smoothSolver	1.306100e-02	1.222850e-03	10	1.370260e-02	1.340400e-03	10	1.482940e-02	1.180100e-03	11	false	GAMG	2.164160e-02	1.274270e-04	6	true
84            	smoothSolver	1.290870e-02	1.212650e-03	10	1.355900e-02	1.319080e-03	10	1.469970e-02	1.461190e-03	10	false	GAMG	2.140560e-02	1.164550e-04	6	true
85            	smoothSolver	1.280770e-02	1.202760e-03	10	1.349200e-02	1.310690e-03	10	1.474540e-02	1.455930e-03	10	false	GAMG	2.119510e-02	1.164440e-04	6	true
86            	smoothSolver	1.269720e-02	1.187990e-03	10	1.340670e-02	1.302650e-03	10	1.474000e-02	1.451970e-03	10	false	GAMG	2.097910e-02	1.235660e-04	6	true
87            	smoothSolver	1.253910e-02	1.163080e-03	10	1.325840e-02	1.286960e-03	10	1.466040e-02	1.445870e-03	10	false	GAMG	2.094690e-02	1.384440e-04	6	true
88            	smoothSolver	1.233350e-02	1.126960e-03	10	1.300820e-02	1.259850e-03	10	1.449950e-02	1.432650e-03	10	false	GAMG	2.096810e-02	1.568050e-04	6	true
89            	smoothSolver	1.207910e-02	1.089090e-03	10	1.269270e-02	1.222290e-03	10	1.425160e-02	1.407090e-03	10	false	GAMG	2.096010e-02	1.547090e-04	6	true
90            	smoothSolver	1.185440e-02	1.063500e-03	10	1.241820e-02	1.188960e-03	10	1.401160e-02	1.379920e-03	10	false	GAMG	2.071230e-02	1.356810e-04	6	true
91            	smoothSolver	1.174380e-02	1.057090e-03	10	1.235710e-02	1.186270e-03	10	1.388360e-02	1.367570e-03	10	false	GAMG	2.037940e-02	1.314770e-04	6	true
92            	smoothSolver	1.167810e-02	1.065850e-03	10	1.236940e-02	1.195980e-03	10	1.385710e-02	1.368560e-03	10	false	GAMG	2.010920e-02	1.364050e-04	6	true
93            	smoothSolver	1.164990e-02	1.076190e-03	10	1.232900e-02	1.205880e-03	10	1.386610e-02	1.383780e-03	10	false	GAMG	1.979950e-02	1.419720e-04	6	true
94            	smoothSolver	1.161260e-02	1.077360e-03	10	1.219780e-02	1.208330e-03	10	1.386590e-02	1.114670e-03	11	false	GAMG	1.974830e-02	1.511100e-04	6	true
95            	smoothSolver	1.152250e-02	1.066660e-03	10	1.203150e-02	1.200790e-03	10	1.373130e-02	1.115510e-03	11	false	GAMG	1.961550e-02	1.589170e-04	6	true
96            	smoothSolver	1.139750e-02	1.049880e-03	10	1.182840e-02	1.181700e-03	10	1.356530e-02	1.107460e-03	11	false	GAMG	1.942930e-02	1.830570e-04	6	true
97            	smoothSolver	1.127570e-02	1.040350e-03	10	1.166280e-02	1.158560e-03	10	1.344430e-02	1.099620e-03	11	false	GAMG	1.941540e-02	1.804040e-04	6	true
98            	smoothSolver	1.125620e-02	1.043160e-03	10	1.160350e-02	1.147210e-03	10	1.334310e-02	1.088740e-03	11	false	GAMG	1.936010e-02	1.551220e-04	6	true
99            	smoothSolver	1.132430e-02	1.052310e-03	10	1.169180e-02	1.155740e-03	10	1.327080e-02	1.074720e-03	11	false	GAMG	1.910570e-02	1.370780e-04	6	true
100           	smoothSolver	1.140310e-02	1.058380e-03	10	1.180400e-02	1.173970e-03	10	1.324990e-02	1.071430e-03	11	false	GAMG	1.897810e-02	1.303760e-04	6	true
101           	smoothSolver	1.148140e-02	1.054770e-03	10	1.183250e-02	1.181560e-03	10	1.334060e-02	1.079930e-03	11	false	GAMG	1.920000e-02	1.397430e-04	6	true
102           	smoothSolver	1.148090e-02	1.032660e-03	10	1.168680e-02	1.163820e-03	10	1.337760e-02	1.079200e-03	11	false	GAMG	1.941140e-02	1.596150e-04	6	true
103           	smoothSolver	1.139800e-02	9.996720e-04	10	1.145840e-02	1.127160e-03	10	1.328710e-02	1.061470e-03	11	false	GAMG	1.968800e-02	1.548560e-04	6	true
104           	smoothSolver	1.127710e-02	9.771890e-04	10	1.123560e-02	1.085430e-03	10	1.314390e-02	1.307900e-03	10	false	GAMG	1.979100e-02	1.328380e-04	6	true
105           	smoothSolver	1.122440e-02	9.706110e-04	10	1.117360e-02	1.066460e-03	10	1.312000e-02	1.290640e-03	10	false	GAMG	1.974540e-02	1.364580e-04	6	true
106           	smoothSolver	1.129620e-02	9.869460e-04	10	1.130910e-02	1.078930e-03	10	1.322580e-02	1.287780e-03	10	false	GAMG	1.961050e-02	1.475530e-04	6	true
107           	smoothSolver	1.139190e-02	1.006600e-03	10	1.141930e-02	1.095040e-03	10	1.337220e-02	1.296230e-03	10	false	GAMG	1.947420e-02	1.556900e-04	6	true
108           	smoothSolver	1.144760e-02	1.016610e-03	10	1.142160e-02	1.101900e-03	10	1.348480e-02	1.311740e-03	10	false	GAMG	1.952810e-02	1.584060e-04	6	true
109           	smoothSolver	1.139600e-02	1.011240e-03	10	1.131350e-02	1.094200e-03	10	1.343900e-02	1.317870e-03	10	false	GAMG	1.939450e-02	1.675170e-04	6	true
110           	smoothSolver	1.130330e-02	1.000900e-03	10	1.114050e-02	1.074680e-03	10	1.324680e-02	1.303780e-03	10	false	GAMG	1.909900e-02	1.084100e-04	7	true
111           	smoothSolver	1.123080e-02	9.992450e-04	10	1.095850e-02	1.050920e-03	10	1.304100e-02	1.283990e-03	10	false	GAMG	1.918930e-02	1.792520e-04	6	true
112           	smoothSolver	1.128690e-02	1.005940e-03	10	1.080930e-02	1.032010e-03	10	1.284010e-02	1.260260e-03	10	false	GAMG	1.927900e-02	1.601920e-04	6	true
113           	smoothSolver	1.143640e-02	1.020300e-03	10	1.088040e-02	1.042210e-03	10	1.267300e-02	1.240210e-03	10	false	GAMG	1.897460e-02	1.399540e-04	6	true
114           	smoothSolver	1.155030e-02	1.034930e-03	10	1.109950e-02	1.075810e-03	10	1.261280e-02	1.236240e-03	10	false	GAMG	1.891230e-02	1.286570e-04	6	true
115           	smoothSolver	1.161020e-02	1.040010e-03	10	1.130850e-02	1.105570e-03	10	1.271390e-02	1.250550e-03	10	false	GAMG	1.909860e-02	1.329730e-04	6	true
116           	smoothSolver	1.157830e-02	1.026620e-03	10	1.135850e-02	1.104680e-03	10	1.282890e-02	1.262050e-03	10	false	GAMG	1.940620e-02	1.504470e-04	6	true
117           	smoothSolver	1.147620e-02	1.001810e-03	10	1.126600e-02	1.076770e-03	10	1.284420e-02	1.255020e-03	10	false	GAMG	1.980380e-02	1.485640e-04	6	true
118           	smoothSolver	1.139650e-02	9.887440e-04	10	1.112690e-02	1.042170e-03	10	1.280500e-02	1.239740e-03	10	false	GAMG	2.002570e-02	1.298490e-04	6	true
119           	smoothSolver	1.140020e-02	9.853980e-04	10	1.101550e-02	1.017980e-03	10	1.278820e-02	1.227530e-03	10	false	GAMG	1.995780e-02	1.245760e-04	6	true
120           	smoothSolver	1.150000e-02	1.001240e-03	10	1.113630e-02	1.033630e-03	10	1.289830e-02	1.237300e-03	10	false	GAMG	1.964960e-02	1.326910e-04	6	true
121           	smoothSolver	1.163650e-02	1.024710e-03	10	1.127940e-02	1.057860e-03	10	1.311960e-02	1.266240e-03	10	false	GAMG	1.945380e-02	1.414890e-04	6	true
122           	smoothSolver	1.170190e-02	1.039720e-03	10	1.133410e-02	1.076570e-03	10	1.337600e-02	1.305980e-03	10	false	GAMG	1.934680e-02	1.444370e-04	6	true
123           	smoothSolver	1.164700e-02	1.039210e-03	10	1.129360e-02	1.079410e-03	10	1.348710e-02	1.334190e-03	10	false	GAMG	1.916610e-02	1.510780e-04	6	true
124           	smoothSolver	1.152460e-02	1.029350e-03	10	1.115770e-02	1.064980e-03	10	1.342540e-02	1.341600e-03	10	false	GAMG	1.903290e-02	1.747320e-04	6	true
125           	smoothSolver	1.144670e-02	1.028340e-03	10	1.099180e-02	1.044390e-03	10	1.332430e-02	1.057930e-03	11	false	GAMG	1.937870e-02	1.076350e-04	7	true
126           	smoothSolver	1.149750e-02	1.033270e-03	10	1.085460e-02	1.023970e-03	10	1.316090e-02	1.309950e-03	10	false	GAMG	1.934170e-02	1.496420e-04	6	true
127           	smoothSolver	1.162530e-02	1.038520e-03	10	1.097890e-02	1.040990e-03	10	1.313660e-02	1.302150e-03	10	false	GAMG	1.908320e-02	1.386240e-04	6	true
128           	smoothSolver	1.175760e-02	1.046770e-03	10	1.127720e-02	1.083140e-03	10	1.325430e-02	1.312480e-03	10	false	GAMG	1.904310e-02	1.295630e-04	6	true
129           	smoothSolver	1.183530e-02	1.050130e-03	10	1.153520e-02	1.120820e-03	10	1.352810e-02	1.346000e-03	10	false	GAMG	1.943560e-02	1.348660e-04	6	true
130           	smoothSolver	1.179330e-02	1.037190e-03	10	1.162610e-02	1.132600e-03	10	1.376960e-02	1.375160e-03	10	false	GAMG	1.997910e-02	1.569610e-04	6	true
131           	smoothSolver	1.163310e-02	1.005200e-03	10	1.153040e-02	1.114260e-03	10	1.383210e-02	1.379090e-03	10	false	GAMG	2.063810e-02	1.644690e-04	6	true
132           	smoothSolver	1.150140e-02	9.835270e-04	10	1.139250e-02	1.085830e-03	10	1.384550e-02	1.369030e-03	10	false	GAMG	2.114930e-02	1.460150e-04	6	true
133           	smoothSolver	1.145570e-02	9.772570e-04	10	1.130350e-02	1.063660e-03	10	1.383950e-02	1.353040e-03	10	false	GAMG	2.116630e-02	1.366910e-04	6	true
134           	smoothSolver	1.153190e-02	9.942070e-04	10	1.151830e-02	1.086890e-03	10	1.392940e-02	1.359590e-03	10	false	GAMG	2.090740e-02	1.446980e-04	6	true
135           	smoothSolver	1.166680e-02	1.022920e-03	10	1.175550e-02	1.121990e-03	10	1.416380e-02	1.387260e-03	10	false	GAMG	2.070400e-02	1.565440e-04	6	true
136           	smoothSolver	1.177460e-02	1.045870e-03	10	1.192250e-02	1.153990e-03	10	1.442930e-02	1.434050e-03	10	false	GAMG	2.046140e-02	1.609890e-04	6	true
137           	smoothSolver	1.178320e-02	1.057400e-03	10	1.198940e-02	1.170960e-03	10	1.460290e-02	1.171590e-03	11	false	GAMG	2.037960e-02	1.656020e-04	6	true
138           	smoothSolver	1.172650e-02	1.058370e-03	10	1.197220e-02	1.170360e-03	10	1.447660e-02	1.174550e-03	11	false	GAMG	1.996710e-02	1.754820e-04	6	true
139           	smoothSolver	1.164600e-02	1.058220e-03	10	1.187000e-02	1.156210e-03	10	1.428440e-02	1.159640e-03	11	false	GAMG	2.020260e-02	1.123730e-04	7	true
140           	smoothSolver	1.161110e-02	1.054850e-03	10	1.169870e-02	1.129460e-03	10	1.410830e-02	1.134980e-03	11	false	GAMG	2.055740e-02	1.731070e-04	6	true
141           	smoothSolver	1.171950e-02	1.054510e-03	10	1.160010e-02	1.115400e-03	10	1.385740e-02	1.105640e-03	11	false	GAMG	2.037910e-02	1.563720e-04	6	true
142           	smoothSolver	1.183720e-02	1.062650e-03	10	1.171890e-02	1.133170e-03	10	1.371850e-02	1.369660e-03	10	false	GAMG	1.988990e-02	1.330150e-04	6	true
143           	smoothSolver	1.186510e-02	1.066580e-03	10	1.192080e-02	1.163670e-03	10	1.382060e-02	1.380950e-03	10	false	GAMG	1.985930e-02	1.262030e-04	6	true
144           	smoothSolver	1.176950e-02	1.052790e-03	10	1.204970e-02	1.178090e-03	10	1.395530e-02	1.113690e-03	11	false	GAMG	2.023760e-02	1.407020e-04	6	true
145           	smoothSolver	1.161500e-02	1.026090e-03	10	1.204010e-02	1.169070e-03	10	1.390050e-02	1.108370e-03	11	false	GAMG	2.070710e-02	1.549430e-04	6	true
146           	smoothSolver	1.144200e-02	9.972570e-04	10	1.191430e-02	1.143990e-03	10	1.384610e-02	1.377430e-03	10	false	GAMG	2.101920e-02	1.449120e-04	6	true
147           	smoothSolver	1.136540e-02	9.854030e-04	10	1.170410e-02	1.110690e-03	10	1.389960e-02	1.370400e-03	10	false	GAMG	2.106410e-02	1.292000e-04	6	true
148           	smoothSolver	1.136140e-02	9.848650e-04	10	1.160520e-02	1.095640e-03	10	1.394260e-02	1.368310e-03	10	false	GAMG	2.082740e-02	1.281040e-04	6	true
149           	smoothSolver	1.143740e-02	1.003310e-03	10	1.174440e-02	1.115830e-03	10	1.409960e-02	1.387670e-03	10	false	GAMG	2.052280e-02	1.367180e-04	6	true
150           	smoothSolver	1.150510e-02	1.024650e-03	10	1.189670e-02	1.141020e-03	10	1.432270e-02	1.419560e-03	10	false	GAMG	2.023580e-02	1.439160e-04	6	true
151           	smoothSolver	1.151710e-02	1.036410e-03	10	1.197910e-02	1.158530e-03	10	1.452950e-02	1.157720e-03	11	false	GAMG	2.006740e-02	1.485810e-04	6	true
152           	smoothSolver	1.149040e-02	1.041450e-03	10	1.197150e-02	1.162940e-03	10	1.449350e-02	1.169010e-03	11	false	GAMG	1.977390e-02	1.528750e-04	6	true
153           	smoothSolver	1.141950e-02	1.040970e-03	10	1.185460e-02	1.153000e-03	10	1.436940e-02	1.167140e-03	11	false	GAMG	1.980660e-02	1.795720e-04	6	true
154           	smoothSolver	1.136520e-02	1.043000e-03	10	1.168310e-02	1.131820e-03	10	1.423090e-02	1.154010e-03	11	false	GAMG	2.014300e-02	1.874530e-04	6	true
155           	smoothSolver	1.140710e-02	1.043620e-03	10	1.148970e-02	1.106110e-03	10	1.408790e-02	1.135990e-03	11	false	GAMG	2.011330e-02	1.575150e-04	6	true
156           	smoothSolver	1.154560e-02	1.051140e-03	10	1.151170e-02	1.110120e-03	10	1.395710e-02	1.119670e-03	11	false	GAMG	1.944240e-02	1.352760e-04	6	true
157           	smoothSolver	1.164340e-02	1.061340e-03	10	1.169330e-02	1.140340e-03	10	1.393260e-02	1.115610e-03	11	false	GAMG	1.906340e-02	1.238670e-04	6	true
158           	smoothSolver	1.167940e-02	1.060370e-03	10	1.184620e-02	1.165910e-03	10	1.404170e-02	1.127280e-03	11	false	GAMG	1.929970e-02	1.285410e-04	6	true
159           	smoothSolver	1.160180e-02	1.041480e-03	10	1.185140e-02	1.165330e-03	10	1.411770e-02	1.134540e-03	11	false	GAMG	1.988350e-02	1.499110e-04	6	true
160           	smoothSolver	1.144330e-02	1.010180e-03	10	1.173210e-02	1.143160e-03	10	1.409960e-02	1.124470e-03	11	false	GAMG	2.059110e-02	1.558680e-04	6	true
161           	smoothSolver	1.133700e-02	9.917250e-04	10	1.158460e-02	1.113970e-03	10	1.406430e-02	1.395590e-03	10	false	GAMG	2.102010e-02	1.359820e-04	6	true
162           	smoothSolver	1.129870e-02	9.837280e-04	10	1.145740e-02	1.089840e-03	10	1.412140e-02	1.389150e-03	10	false	GAMG	2.104060e-02	1.305150e-04	6	true
163           	smoothSolver	1.135610e-02	9.975810e-04	10	1.160220e-02	1.105760e-03	10	1.423120e-02	1.400770e-03	10	false	GAMG	2.075520e-02	1.383930e-04	6	true
164           	smoothSolver	1.145220e-02	1.020260e-03	10	1.179560e-02	1.135580e-03	10	1.443310e-02	1.426210e-03	10	false	GAMG	2.049280e-02	1.478450e-04	6	true
165           	smoothSolver	1.151040e-02	1.037250e-03	10	1.193570e-02	1.163080e-03	10	1.464860e-02	1.166320e-03	11	false	GAMG	2.031270e-02	1.541750e-04	6	true
166           	smoothSolver	1.151700e-02	1.045750e-03	10	1.200030e-02	1.177630e-03	10	1.466970e-02	1.184420e-03	11	false	GAMG	2.007950e-02	1.527670e-04	6	true
167           	smoothSolver	1.144350e-02	1.044530e-03	10	1.195550e-02	1.175710e-03	10	1.455810e-02	1.187810e-03	11	false	GAMG	1.984600e-02	1.674870e-04	6	true
168           	smoothSolver	1.134760e-02	1.042570e-03	10	1.181110e-02	1.159560e-03	10	1.439850e-02	1.174800e-03	11	false	GAMG	2.009100e-02	1.953730e-04	6	true
169           	smoothSolver	1.129520e-02	1.036430e-03	10	1.162830e-02	1.133940e-03	10	1.423260e-02	1.152970e-03	11	false	GAMG	2.038530e-02	1.753090e-04	6	true
170           	smoothSolver	1.137530e-02	1.035540e-03	10	1.152910e-02	1.120040e-03	10	1.400780e-02	1.127770e-03	11	false	GAMG	1.996680e-02	1.482960e-04	6	true
171           	smoothSolver	1.145870e-02	1.042140e-03	10	1.162300e-02	1.135930e-03	10	1.387410e-02	1.112600e-03	11	false	GAMG	1.943610e-02	1.303530e-04	6	true
172           	smoothSolver	1.147760e-02	1.044520e-03	10	1.179450e-02	1.163940e-03	10	1.386090e-02	1.113770e-03	11	false	GAMG	1.936550e-02	1.229300e-04	6	true
173           	smoothSolver	1.138880e-02	1.028470e-03	10	1.188240e-02	1.174020e-03	10	1.391550e-02	1.122030e-03	11	false	GAMG	1.965230e-02	1.346730e-04	6	true
174           	smoothSolver	1.122040e-02	9.991810e-04	10	1.183140e-02	1.159320e-03	10	1.390080e-02	1.116740e-03	11	false	GAMG	2.021720e-02	1.500180e-04	6	true
175           	smoothSolver	1.105100e-02	9.702120e-04	10	1.168440e-02	1.130010e-03	10	1.387310e-02	1.386100e-03	10	false	GAMG	2.062800e-02	1.405600e-04	6	true
176           	smoothSolver	1.096740e-02	9.560000e-04	10	1.148070e-02	1.094540e-03	10	1.392690e-02	1.375570e-03	10	false	GAMG	2.071790e-02	1.275730e-04	6	true
177           	smoothSolver	1.096180e-02	9.555800e-04	10	1.140290e-02	1.081120e-03	10	1.394990e-02	1.371830e-03	10	false	GAMG	2.048300e-02	1.286780e-04	6	true
178           	smoothSolver	1.102070e-02	9.728640e-04	10	1.152740e-02	1.099840e-03	10	1.407830e-02	1.387200e-03	10	false	GAMG	2.018210e-02	1.365840e-04	6	true
179           	smoothSolver	1.106360e-02	9.902160e-04	10	1.165690e-02	1.123220e-03	10	1.425010e-02	1.414590e-03	10	false	GAMG	1.987260e-02	1.419970e-04	6	true
180           	smoothSolver	1.106350e-02	9.974370e-04	10	1.171500e-02	1.138150e-03	10	1.439970e-02	1.150330e-03	11	false	GAMG	1.973130e-02	1.455850e-04	6	true
181           	smoothSolver	1.102570e-02	9.995220e-04	10	1.167780e-02	1.140210e-03	10	1.430230e-02	1.158080e-03	11	false	GAMG	1.944320e-02	1.515580e-04	6	true
182           	smoothSolver	1.094110e-02	9.974230e-04	10	1.153920e-02	1.128950e-03	10	1.414350e-02	1.151860e-03	11	false	GAMG	1.944180e-02	1.798040e-04	6	true
183           	smoothSolver	1.087320e-02	9.962310e-04	10	1.136790e-02	1.107300e-03	10	1.399030e-02	1.135340e-03	11	false	GAMG	1.976160e-02	1.818100e-04	6	true
184           	smoothSolver	1.089850e-02	9.943190e-04	10	1.118040e-02	1.082670e-03	10	1.382090e-02	1.114840e-03	11	false	GAMG	1.965700e-02	1.526650e-04	6	true
185           	smoothSolver	1.101100e-02	1.001130e-03	10	1.120230e-02	1.087710e-03	10	1.366510e-02	1.096630e-03	11	false	GAMG	1.898560e-02	1.325000e-04	6	true
186           	smoothSolver	1.107420e-02	1.009490e-03	10	1.136750e-02	1.115350e-03	10	1.360980e-02	1.090950e-03	11	false	GAMG	1.865480e-02	1.211240e-04	6	true
187           	smoothSolver	1.108700e-02	1.005420e-03	10	1.150330e-02	1.137020e-03	10	1.368680e-02	1.099970e-03	11	false	GAMG	1.889680e-02	1.256970e-04	6	true
188           	smoothSolver	1.100560e-02	9.841180e-04	10	1.149030e-02	1.131700e-03	10	1.371990e-02	1.103130e-03	11	false	GAMG	1.939830e-02	1.454790e-04	6	true
189           	smoothSolver	1.085400e-02	9.530350e-04	10	1.136430e-02	1.106790e-03	10	1.368240e-02	1.089890e-03	11	false	GAMG	2.002090e-02	1.489270e-04	6	true
190           	smoothSolver	1.074980e-02	9.357730e-04	10	1.120490e-02	1.074840e-03	10	1.362950e-02	1.350350e-03	10	false	GAMG	2.031600e-02	1.297460e-04	6	true
191           	smoothSolver	1.071030e-02	9.288000e-04	10	1.107000e-02	1.050640e-03	10	1.367040e-02	1.343980e-03	10	false	GAMG	2.027530e-02	1.266660e-04	6	true
192           	smoothSolver	1.076500e-02	9.433840e-04	10	1.118870e-02	1.065440e-03	10	1.377890e-02	1.355690e-03	10	false	GAMG	1.999020e-02	1.346200e-04	6	true
193           	smoothSolver	1.085360e-02	9.657940e-04	10	1.134830e-02	1.092760e-03	10	1.396360e-02	1.379810e-03	10	false	GAMG	1.972260e-02	1.425780e-04	6	true
194           	smoothSolver	1.090560e-02	9.815130e-04	10	1.145410e-02	1.117110e-03	10	1.415960e-02	1.126710e-03	11	false	GAMG	1.957630e-02	1.477160e-04	6	true
195           	smoothSolver	1.090880e-02	9.885890e-04	10	1.148380e-02	1.128100e-03	10	1.414570e-02	1.141680e-03	11	false	GAMG	1.936820e-02	1.485530e-04	6	true
196           	smoothSolver	1.083930e-02	9.860660e-04	10	1.141280e-02	1.122620e-03	10	1.401580e-02	1.142320e-03	11	false	GAMG	1.916100e-02	1.678320e-04	6	true
197           	smoothSolver	1.076440e-02	9.849630e-04	10	1.126760e-02	1.104730e-03	10	1.385860e-02	1.128940e-03	11	false	GAMG	1.942300e-02	1.921470e-04	6	true
198           	smoothSolver	1.075580e-02	9.833960e-04	10	1.109570e-02	1.079760e-03	10	1.371150e-02	1.109540e-03	11	false	GAMG	1.966400e-02	1.670160e-04	6	true
199           	smoothSolver	1.086320e-02	9.871010e-04	10	1.105570e-02	1.073120e-03	10	1.351710e-02	1.087870e-03	11	false	GAMG	1.920350e-02	1.412790e-04	6	true
200           	smoothSolver	1.096030e-02	9.960310e-04	10	1.120080e-02	1.095040e-03	10	1.342980e-02	1.076190e-03	11	false	GAMG	1.874230e-02	1.257820e-04	6	true
201           	smoothSolver	1.101150e-02	9.990740e-04	10	1.139380e-02	1.124600e-03	10	1.347350e-02	1.082070e-03	11	false	GAMG	1.883430e-02	1.222380e-04	6	true
202           	smoothSolver	1.095660e-02	9.840530e-04	10	1.146320e-02	1.131490e-03	10	1.356310e-02	1.092180e-03	11	false	GAMG	1.922310e-02	1.371230e-04	6	true
203           	smoothSolver	1.081020e-02	9.551020e-04	10	1.138450e-02	1.113000e-03	10	1.354890e-02	1.085690e-03	11	false	GAMG	1.980250e-02	1.494920e-04	6	true
204           	smoothSolver	1.067750e-02	9.297290e-04	10	1.123430e-02	1.082390e-03	10	1.351340e-02	1.346630e-03	10	false	GAMG	2.019420e-02	1.358840e-04	6	true
205           	smoothSolver	1.061720e-02	9.179780e-04	10	1.104710e-02	1.048870e-03	10	1.357190e-02	1.337130e-03	10	false	GAMG	2.025160e-02	1.254220e-04	6	true
206           	smoothSolver	1.063750e-02	9.232170e-04	10	1.106150e-02	1.047130e-03	10	1.362430e-02	1.338430e-03	10	false	GAMG	2.000250e-02	1.296510e-04	6	true
207           	smoothSolver	1.072160e-02	9.441550e-04	10	1.121870e-02	1.070880e-03	10	1.378730e-02	1.357080e-03	10	false	GAMG	1.974400e-02	1.384470e-04	6	true
208           	smoothSolver	1.079030e-02	9.633310e-04	10	1.134530e-02	1.096030e-03	10	1.398310e-02	1.389930e-03	10	false	GAMG	1.948390e-02	1.430590e-04	6	true
209           	smoothSolver	1.079980e-02	9.719230e-04	10	1.139070e-02	1.110190e-03	10	1.413500e-02	1.131790e-03	11	false	GAMG	1.940540e-02	1.473550e-04	6	true
210           	smoothSolver	1.075670e-02	9.727910e-04	10	1.133800e-02	1.109850e-03	10	1.401950e-02	1.138330e-03	11	false	GAMG	1.911620e-02	1.578960e-04	6	true
211           	smoothSolver	1.068980e-02	9.719300e-04	10	1.119720e-02	1.096870e-03	10	1.384770e-02	1.129350e-03	11	false	GAMG	1.922280e-02	1.893030e-04	6	true
212           	smoothSolver	1.065010e-02	9.721720e-04	10	1.103880e-02	1.074830e-03	10	1.370250e-02	1.112820e-03	11	false	GAMG	1.953570e-02	1.789130e-04	6	true
213           	smoothSolver	1.071750e-02	9.731030e-04	10	1.090860e-02	1.056620e-03	10	1.353080e-02	1.091770e-03	11	false	GAMG	1.935210e-02	1.490230e-04	6	true
214           	smoothSolver	1.084280e-02	9.825830e-04	10	1.101340e-02	1.072040e-03	10	1.342760e-02	1.077300e-03	11	false	GAMG	1.877260e-02	1.310660e-04	6	true
215           	smoothSolver	1.092470e-02	9.912920e-04	10	1.122820e-02	1.105370e-03	10	1.342120e-02	1.077260e-03	11	false	GAMG	1.869700e-02	1.222030e-04	6	true
216           	smoothSolver	1.092600e-02	9.848950e-04	10	1.137380e-02	1.124900e-03	10	1.354760e-02	1.089310e-03	11	false	GAMG	1.906010e-02	1.311950e-04	6	true
217           	smoothSolver	1.083110e-02	9.616240e-04	10	1.135290e-02	1.115460e-03	10	1.358240e-02	1.090430e-03	11	false	GAMG	1.961880e-02	1.494530e-04	6	true
218           	smoothSolver	1.069150e-02	9.311550e-04	10	1.122580e-02	1.088090e-03	10	1.355220e-02	1.076170e-03	11	false	GAMG	2.020130e-02	1.470480e-04	6	true
219           	smoothSolver	1.061800e-02	9.174370e-04	10	1.106560e-02	1.055590e-03	10	1.350920e-02	1.334240e-03	10	false	GAMG	2.039860e-02	1.277520e-04	6	true
220           	smoothSolver	1.061090e-02	9.144410e-04	10	1.099090e-02	1.039780e-03	10	1.357550e-02	1.331930e-03	10	false	GAMG	2.027840e-02	1.282670e-04	6	true
221           	smoothSolver	1.068930e-02	9.329690e-04	10	1.114430e-02	1.060430e-03	10	1.373450e-02	1.349120e-03	10	false	GAMG	2.000550e-02	1.379120e-04	6	true
222           	smoothSolver	1.078490e-02	9.564750e-04	10	1.130960e-02	1.088530e-03	10	1.394860e-02	1.378860e-03	10	false	GAMG	1.973750e-02	1.455800e-04	6	true
223           	smoothSolver	1.083890e-02	9.713220e-04	10	1.140530e-02	1.110830e-03	10	1.416080e-02	1.126920e-03	11	false	GAMG	1.963830e-02	1.500650e-04	6	true
224           	smoothSolver	1.082850e-02	9.768600e-04	10	1.141120e-02	1.118530e-03	10	1.412470e-02	1.140780e-03	11	false	GAMG	1.940160e-02	1.542490e-04	6	true
225           	smoothSolver	1.075520e-02	9.751440e-04	10	1.131640e-02	1.110050e-03	10	1.398190e-02	1.138660e-03	11	false	GAMG	1.929590e-02	1.796470e-04	6	true
226           	smoothSolver	1.069630e-02	9.761980e-04	10	1.117200e-02	1.090500e-03	10	1.382820e-02	1.124480e-03	11	false	GAMG	1.965750e-02	1.932070e-04	6	true
227           	smoothSolver	1.073640e-02	9.768100e-04	10	1.100090e-02	1.065810e-03	10	1.367720e-02	1.104160e-03	11	false	GAMG	1.978840e-02	1.633760e-04	6	true
228           	smoothSolver	1.087470e-02	9.841060e-04	10	1.102850e-02	1.068850e-03	10	1.351320e-02	1.084690e-03	11	false	GAMG	1.925190e-02	1.395580e-04	6	true
229           	smoothSolver	1.097040e-02	9.946230e-04	10	1.122470e-02	1.098640e-03	10	1.345790e-02	1.076770e-03	11	false	GAMG	1.891680e-02	1.253220e-04	6	true
230           	smoothSolver	1.101890e-02	9.960150e-04	10	1.142640e-02	1.128210e-03	10	1.355630e-02	1.087200e-03	11	false	GAMG	1.912050e-02	1.262510e-04	6	true
231           	smoothSolver	1.095350e-02	9.792000e-04	10	1.147690e-02	1.130880e-03	10	1.364400e-02	1.097040e-03	11	false	GAMG	1.960750e-02	1.442980e-04	6	true
232           	smoothSolver	1.080630e-02	9.492920e-04	10	1.138310e-02	1.109050e-03	10	1.362880e-02	1.088690e-03	11	false	GAMG	2.021190e-02	1.521840e-04	6	true
233           	smoothSolver	1.070180e-02	9.291960e-04	10	1.123620e-02	1.078150e-03	10	1.359750e-02	1.351080e-03	10	false	GAMG	2.056400e-02	1.342200e-04	6	true
234           	smoothSolver	1.067700e-02	9.207570e-04	10	1.107830e-02	1.049390e-03	10	1.367170e-02	1.344680e-03	10	false	GAMG	2.056070e-02	1.269780e-04	6	true
235           	smoothSolver	1.073140e-02	9.316850e-04	10	1.117150e-02	1.058680e-03	10	1.377530e-02	1.353360e-03	10	false	GAMG	2.026140e-02	1.339490e-04	6	true
236           	smoothSolver	1.083010e-02	9.550000e-04	10	1.134960e-02	1.086020e-03	10	1.398070e-02	1.377560e-03	10	false	GAMG	2.000590e-02	1.432240e-04	6	true
237           	smoothSolver	1.090280e-02	9.744150e-04	10	1.147810e-02	1.111840e-03	10	1.420520e-02	1.415970e-03	10	false	GAMG	1.976530e-02	1.468490e-04	6	true
238           	smoothSolver	1.090630e-02	9.827990e-04	10	1.152070e-02	1.124350e-03	10	1.435090e-02	1.152790e-03	11	false	GAMG	1.968240e-02	1.522590e-04	6	true
239           	smoothSolver	1.085360e-02	9.836820e-04	10	1.145890e-02	1.121850e-03	10	1.421950e-02	1.156660e-03	11	false	GAMG	1.942380e-02	1.664010e-04	6	true
240           	smoothSolver	1.079680e-02	9.844970e-04	10	1.131860e-02	1.107240e-03	10	1.404270e-02	1.145300e-03	11	false	GAMG	1.964580e-02	1.097780e-04	7	true
241           	smoothSolver	1.077590e-02	9.845440e-04	10	1.113600e-02	1.081480e-03	10	1.389760e-02	1.126840e-03	11	false	GAMG	1.988600e-02	1.671530e-04	6	true
242           	smoothSolver	1.087370e-02	9.870280e-04	10	1.105320e-02	1.069890e-03	10	1.369470e-02	1.103480e-03	11	false	GAMG	1.959440e-02	1.484990e-04	6	true
243           	smoothSolver	1.099810e-02	9.971690e-04	10	1.119120e-02	1.090670e-03	10	1.361140e-02	1.090770e-03	11	false	GAMG	1.902460e-02	1.301920e-04	6	true
244           	smoothSolver	1.107730e-02	1.004410e-03	10	1.140840e-02	1.124730e-03	10	1.363950e-02	1.095000e-03	11	false	GAMG	1.905270e-02	1.234720e-04	6	true
245           	smoothSolver	1.104770e-02	9.944380e-04	10	1.152700e-02	1.140070e-03	10	1.375860e-02	1.107200e-03	11	false	GAMG	1.946640e-02	1.366310e-04	6	true
246           	smoothSolver	1.092370e-02	9.685030e-04	10	1.148290e-02	1.126840e-03	10	1.376880e-02	1.105230e-03	11	false	GAMG	2.008290e-02	1.522280e-04	6	true
247           	smoothSolver	1.079040e-02	9.404510e-04	10	1.135160e-02	1.098040e-03	10	1.373840e-02	1.372890e-03	10	false	GAMG	2.058770e-02	1.430490e-04	6	true
248           	smoothSolver	1.072820e-02	9.285130e-04	10	1.118390e-02	1.065360e-03	10	1.381050e-02	1.364230e-03	10	false	GAMG	2.075980e-02	1.294270e-04	6	true
249           	smoothSolver	1.075240e-02	9.303230e-04	10	1.116450e-02	1.057550e-03	10	1.386200e-02	1.362590e-03	10	false	GAMG	2.057980e-02	1.315700e-04	6	true
250           	smoothSolver	1.084660e-02	9.511470e-04	10	1.134520e-02	1.082690e-03	10	1.402630e-02	1.381020e-03	10	false	GAMG	2.030180e-02	1.410180e-04	6	true
251           	smoothSolver	1.093410e-02	9.737090e-04	10	1.151280e-02	1.111490e-03	10	1.424630e-02	1.413960e-03	10	false	GAMG	2.001010e-02	1.477120e-04	6	true
252           	smoothSolver	1.097040e-02	9.865810e-04	10	1.160150e-02	1.131570e-03	10	1.444690e-02	1.154560e-03	11	false	GAMG	1.991630e-02	1.518040e-04	6	true
253           	smoothSolver	1.095000e-02	9.913290e-04	10	1.159440e-02	1.136820e-03	10	1.438240e-02	1.166060e-03	11	false	GAMG	1.964360e-02	1.582080e-04	6	true
254           	smoothSolver	1.087820e-02	9.906580e-04	10	1.148520e-02	1.126650e-03	10	1.422580e-02	1.160790e-03	11	false	GAMG	1.964140e-02	1.871160e-04	6	true
255           	smoothSolver	1.082590e-02	9.912710e-04	10	1.133530e-02	1.105510e-03	10	1.406610e-02	1.144240e-03	11	false	GAMG	2.002650e-02	1.909750e-04	6	true
256           	smoothSolver	1.087610e-02	9.905730e-04	10	1.115900e-02	1.080480e-03	10	1.389080e-02	1.121830e-03	11	false	GAMG	2.001240e-02	1.599030e-04	6	true
257           	smoothSolver	1.101050e-02	9.977990e-04	10	1.120260e-02	1.087120e-03	10	1.373330e-02	1.102570e-03	11	false	GAMG	1.940400e-02	1.378300e-04	6	true
258           	smoothSolver	1.109000e-02	1.007200e-03	10	1.139340e-02	1.117990e-03	10	1.367760e-02	1.096310e-03	11	false	GAMG	1.910920e-02	1.248150e-04	6	true
259           	smoothSolver	1.110530e-02	1.004780e-03	10	1.156600e-02	1.143840e-03	10	1.377350e-02	1.106750e-03	11	false	GAMG	1.934140e-02	1.284170e-04	6	true
260           	smoothSolver	1.101760e-02	9.850190e-04	10	1.158610e-02	1.141830e-03	10	1.382890e-02	1.113180e-03	11	false	GAMG	1.986960e-02	1.473770e-04	6	true
261           	smoothSolver	1.086390e-02	9.544720e-04	10	1.147910e-02	1.117900e-03	10	1.380130e-02	1.102190e-03	11	false	GAMG	2.048110e-02	1.522180e-04	6	true
262           	smoothSolver	1.077000e-02	9.371060e-04	10	1.132730e-02	1.086410e-03	10	1.376600e-02	1.367420e-03	10	false	GAMG	2.078910e-02	1.328290e-04	6	true
263           	smoothSolver	1.075280e-02	9.297510e-04	10	1.118400e-02	1.060720e-03	10	1.383750e-02	1.362350e-03	10	false	GAMG	2.072770e-02	1.280290e-04	6	true
264           	smoothSolver	1.081430e-02	9.427420e-04	10	1.129840e-02	1.074160e-03	10	1.396360e-02	1.374540e-03	10	false	GAMG	2.040740e-02	1.360540e-04	6	true
265           	smoothSolver	1.090710e-02	9.655830e-04	10	1.147290e-02	1.101830e-03	10	1.417200e-02	1.400100e-03	10	false	GAMG	2.013520e-02	1.448810e-04	6	true
266           	smoothSolver	1.096400e-02	9.831040e-04	10	1.159290e-02	1.126890e-03	10	1.438850e-02	1.438620e-03	10	false	GAMG	1.989860e-02	1.475270e-04	6	true
267           	smoothSolver	1.095820e-02	9.903570e-04	10	1.162650e-02	1.137560e-03	10	1.451020e-02	1.169330e-03	11	false	GAMG	1.979900e-02	1.537710e-04	6	true
268           	smoothSolver	1.090130e-02	9.913580e-04	10	1.155920e-02	1.133550e-03	10	1.435950e-02	1.170290e-03	11	false	GAMG	1.957080e-02	1.700070e-04	6	true
269           	smoothSolver	1.084740e-02	9.925410e-04	10	1.142230e-02	1.117950e-03	10	1.417840e-02	1.156730e-03	11	false	GAMG	1.984450e-02	1.967770e-04	6	true
270           	smoothSolver	1.083680e-02	9.915610e-04	10	1.124110e-02	1.092600e-03	10	1.402200e-02	1.136700e-03	11	false	GAMG	2.009590e-02	1.728970e-04	6	true
271           	smoothSolver	1.094350e-02	9.941480e-04	10	1.116840e-02	1.082160e-03	10	1.382210e-02	1.113600e-03	11	false	GAMG	1.963040e-02	1.451360e-04	6	true
272           	smoothSolver	1.105000e-02	1.003440e-03	10	1.130380e-02	1.104020e-03	10	1.372820e-02	1.100460e-03	11	false	GAMG	1.910010e-02	1.283560e-04	6	true
273           	smoothSolver	1.111140e-02	1.008570e-03	10	1.150250e-02	1.136000e-03	10	1.375520e-02	1.104920e-03	11	false	GAMG	1.915380e-02	1.237620e-04	6	true
274           	smoothSolver	1.106210e-02	9.956110e-04	10	1.158900e-02	1.146970e-03	10	1.384570e-02	1.115440e-03	11	false	GAMG	1.958050e-02	1.381110e-04	6	true
275           	smoothSolver	1.092170e-02	9.680950e-04	10	1.152590e-02	1.130900e-03	10	1.383600e-02	1.110700e-03	11	false	GAMG	2.018470e-02	1.518100e-04	6	true
276           	smoothSolver	1.078740e-02	9.420490e-04	10	1.138960e-02	1.101450e-03	10	1.380060e-02	1.378830e-03	10	false	GAMG	2.065000e-02	1.403840e-04	6	true
277           	smoothSolver	1.073270e-02	9.310320e-04	10	1.121970e-02	1.068870e-03	10	1.387010e-02	1.370350e-03	10	false	GAMG	2.076860e-02	1.284060e-04	6	true
278           	smoothSolver	1.075940e-02	9.346530e-04	10	1.122230e-02	1.064820e-03	10	1.392700e-02	1.371130e-03	10	false	GAMG	2.054600e-02	1.318860e-04	6	true
279           	smoothSolver	1.084950e-02	9.553520e-04	10	1.139430e-02	1.089910e-03	10	1.409750e-02	1.390200e-03	10	false	GAMG	2.026480e-02	1.410630e-04	6	true
280           	smoothSolver	1.092540e-02	9.762300e-04	10	1.154810e-02	1.117540e-03	10	1.430700e-02	1.423370e-03	10	false	GAMG	1.997430e-02	1.465390e-04	6	true
281           	smoothSolver	1.094650e-02	9.872810e-04	10	1.162460e-02	1.135280e-03	10	1.448720e-02	1.160390e-03	11	false	GAMG	1.988140e-02	1.503910e-04	6	true
282           	smoothSolver	1.091750e-02	9.908410e-04	10	1.160320e-02	1.138250e-03	10	1.439730e-02	1.169140e-03	11	false	GAMG	1.959660e-02	1.585410e-04	6	true
283           	smoothSolver	1.084680e-02	9.902380e-04	10	1.148210e-02	1.126480e-03	10	1.422900e-02	1.161500e-03	11	false	GAMG	1.964620e-02	1.892940e-04	6	true
284           	smoothSolver	1.080020e-02	9.901880e-04	10	1.132600e-02	1.103990e-03	10	1.406590e-02	1.143860e-03	11	false	GAMG	2.000580e-02	1.863730e-04	6	true
285           	smoothSolver	1.085590e-02	9.893880e-04	10	1.115760e-02	1.080110e-03	10	1.388050e-02	1.120820e-03	11	false	GAMG	1.989470e-02	1.554190e-04	6	true
286           	smoothSolver	1.098250e-02	9.966970e-04	10	1.121630e-02	1.089430e-03	10	1.373420e-02	1.102550e-03	11	false	GAMG	1.926310e-02	1.348880e-04	6	true
287           	smoothSolver	1.105530e-02	1.005010e-03	10	1.140270e-02	1.120440e-03	10	1.368700e-02	1.098170e-03	11	false	GAMG	1.903030e-02	1.235030e-04	6	true
288           	smoothSolver	1.105380e-02	9.999720e-04	10	1.154950e-02	1.142910e-03	10	1.378300e-02	1.108850e-03	11	false	GAMG	1.929720e-02	1.293680e-04	6	true
289           	smoothSolver	1.095340e-02	9.785180e-04	10	1.154380e-02	1.137400e-03	10	1.381840e-02	1.112710e-03	11	false	GAMG	1.984870e-02	1.484400e-04	6	true
290           	smoothSolver	1.080130e-02	9.478830e-04	10	1.142470e-02	1.111790e-03	10	1.378140e-02	1.100050e-03	11	false	GAMG	2.045070e-02	1.505070e-04	6	true
291           	smoothSolver	1.071660e-02	9.322670e-04	10	1.126650e-02	1.079680e-03	10	1.374030e-02	1.364140e-03	10	false	GAMG	2.071420e-02	1.308050e-04	6	true
292           	smoothSolver	1.070180e-02	9.261320e-04	10	1.114470e-02	1.057590e-03	10	1.380840e-02	1.360050e-03	10	false	GAMG	2.060920e-02	1.282810e-04	6	true
293           	smoothSolver	1.076970e-02	9.408090e-04	10	1.127450e-02	1.074140e-03	10	1.394920e-02	1.374340e-03	10	false	GAMG	2.029730e-02	1.370600e-04	6	true
294           	smoothSolver	1.085860e-02	9.632710e-04	10	1.144370e-02	1.101890e-03	10	1.415690e-02	1.400660e-03	10	false	GAMG	2.003160e-02	1.453510e-04	6	true
295           	smoothSolver	1.090780e-02	9.791500e-04	10	1.155350e-02	1.125780e-03	10	1.436350e-02	1.143740e-03	11	false	GAMG	1.988160e-02	1.506820e-04	6	true
296           	smoothSolver	1.090690e-02	9.870130e-04	10	1.158170e-02	1.135980e-03	10	1.434870e-02	1.158810e-03	11	false	GAMG	1.966250e-02	1.524290e-04	6	true
297           	smoothSolver	1.083820e-02	9.862070e-04	10	1.150080e-02	1.129680e-03	10	1.422030e-02	1.159850e-03	11	false	GAMG	1.947510e-02	1.731290e-04	6	true
298           	smoothSolver	1.077480e-02	9.865370e-04	10	1.134820e-02	1.110800e-03	10	1.406270e-02	1.146830e-03	11	false	GAMG	1.979530e-02	1.959970e-04	6	true
299           	smoothSolver	1.077970e-02	9.849750e-04	10	1.116060e-02	1.084380e-03	10	1.390840e-02	1.126820e-03	11	false	GAMG	2.000210e-02	1.688730e-04	6	true
300           	smoothSolver	1.089790e-02	9.889220e-04	10	1.112410e-02	1.078970e-03	10	1.371530e-02	1.104560e-03	11	false	GAMG	1.949030e-02	1.426040e-04	6	true
301           	smoothSolver	1.099460e-02	9.982510e-04	10	1.127800e-02	1.103630e-03	10	1.363500e-02	1.092780e-03	11	false	GAMG	1.902110e-02	1.268900e-04	6	true
302           	smoothSolver	1.104480e-02	1.001190e-03	10	1.147260e-02	1.134500e-03	10	1.368660e-02	1.099180e-03	11	false	GAMG	1.913460e-02	1.241540e-04	6	true
303           	smoothSolver	1.098420e-02	9.860380e-04	10	1.153940e-02	1.141730e-03	10	1.376800e-02	1.109060e-03	11	false	GAMG	1.958810e-02	1.400990e-04	6	true
304           	smoothSolver	1.083580e-02	9.573800e-04	10	1.146040e-02	1.122990e-03	10	1.375320e-02	1.102410e-03	11	false	GAMG	2.018980e-02	1.516620e-04	6	true
305           	smoothSolver	1.070910e-02	9.337790e-04	10	1.132000e-02	1.092610e-03	10	1.371500e-02	1.367960e-03	10	false	GAMG	2.059910e-02	1.373280e-04	6	true
306           	smoothSolver	1.066620e-02	9.240160e-04	10	1.115000e-02	1.060620e-03	10	1.378530e-02	1.360250e-03	10	false	GAMG	2.066490e-02	1.273560e-04	6	true
307           	smoothSolver	1.070190e-02	9.304500e-04	10	1.118760e-02	1.061740e-03	10	1.385610e-02	1.364020e-03	10	false	GAMG	2.040770e-02	1.324750e-04	6	true
308           	smoothSolver	1.079500e-02	9.519540e-04	10	1.135820e-02	1.087600e-03	10	1.404030e-02	1.384560e-03	10	false	GAMG	2.013410e-02	1.416340e-04	6	true
309           	smoothSolver	1.087030e-02	9.718860e-04	10	1.150090e-02	1.114510e-03	10	1.425160e-02	1.419250e-03	10	false	GAMG	1.986570e-02	1.461950e-04	6	true
310           	smoothSolver	1.088140e-02	9.815250e-04	10	1.156570e-02	1.130210e-03	10	1.441630e-02	1.155900e-03	11	false	GAMG	1.978370e-02	1.502050e-04	6	true
311           	smoothSolver	1.084370e-02	9.837660e-04	10	1.152990e-02	1.130930e-03	10	1.430630e-02	1.162350e-03	11	false	GAMG	1.949590e-02	1.607840e-04	6	true
312           	smoothSolver	1.077920e-02	9.838390e-04	10	1.139960e-02	1.117720e-03	10	1.413060e-02	1.152910e-03	11	false	GAMG	1.960510e-02	1.924620e-04	6	true
313           	smoothSolver	1.074500e-02	9.843560e-04	10	1.124000e-02	1.094210e-03	10	1.397240e-02	1.134990e-03	11	false	GAMG	1.992850e-02	1.816880e-04	6	true
314           	smoothSolver	1.081900e-02	9.846390e-04	10	1.109710e-02	1.073580e-03	10	1.378170e-02	1.111850e-03	11	false	GAMG	1.971970e-02	1.510520e-04	6	true
315           	smoothSolver	1.094340e-02	9.928860e-04	10	1.118790e-02	1.087430e-03	10	1.366020e-02	1.095540e-03	11	false	GAMG	1.911720e-02	1.321780e-04	6	true
316           	smoothSolver	1.102240e-02	1.000950e-03	10	1.138600e-02	1.119920e-03	10	1.364140e-02	1.094740e-03	11	false	GAMG	1.900210e-02	1.230930e-04	6	true
317           	smoothSolver	1.100810e-02	9.938320e-04	10	1.151660e-02	1.139290e-03	10	1.374960e-02	1.106370e-03	11	false	GAMG	1.932510e-02	1.318800e-04	6	true
318           	smoothSolver	1.089720e-02	9.706930e-04	10	1.149060e-02	1.130380e-03	10	1.377340e-02	1.107800e-03	11	false	GAMG	1.990940e-02	1.499740e-04	6	true
319           	smoothSolver	1.075240e-02	9.408570e-04	10	1.136170e-02	1.103070e-03	10	1.373600e-02	1.094030e-03	11	false	GAMG	2.048660e-02	1.485620e-04	6	true
320           	smoothSolver	1.068210e-02	9.274270e-04	10	1.120140e-02	1.070690e-03	10	1.369510e-02	1.356900e-03	10	false	GAMG	2.068890e-02	1.290610e-04	6	true
321           	smoothSolver	1.067860e-02	9.239830e-04	10	1.112010e-02	1.054460e-03	10	1.377030e-02	1.355220e-03	10	false	GAMG	2.053250e-02	1.289600e-04	6	true
322           	smoothSolver	1.075570e-02	9.409700e-04	10	1.126610e-02	1.074290e-03	10	1.393070e-02	1.372360e-03	10	false	GAMG	2.023180e-02	1.384740e-04	6	true
323           	smoothSolver	1.084290e-02	9.635210e-04	10	1.143130e-02	1.102450e-03	10	1.414370e-02	1.401200e-03	10	false	GAMG	1.996190e-02	1.461270e-04	6	true
324           	smoothSolver	1.088850e-02	9.781020e-04	10	1.153120e-02	1.125090e-03	10	1.434780e-02	1.144280e-03	11	false	GAMG	1.984080e-02	1.508200e-04	6	true
325           	smoothSolver	1.087860e-02	9.845860e-04	10	1.154360e-02	1.133310e-03	10	1.431000e-02	1.157930e-03	11	false	GAMG	1.960490e-02	1.544620e-04	6	true
326           	smoothSolver	1.080770e-02	9.838430e-04	10	1.144980e-02	1.125150e-03	10	1.416820e-02	1.156250e-03	11	false	GAMG	1.947830e-02	1.789230e-04	6	true
327           	smoothSolver	1.074760e-02	9.845670e-04	10	1.129990e-02	1.105100e-03	10	1.401150e-02	1.142150e-03	11	false	GAMG	1.984110e-02	1.945040e-04	6	true
328           	smoothSolver	1.077630e-02	9.832290e-04	10	1.111460e-02	1.078660e-03	10	1.385230e-02	1.121410e-03	11	false	GAMG	1.997230e-02	1.650470e-04	6	true
329           	smoothSolver	1.090690e-02	9.887440e-04	10	1.111660e-02	1.078880e-03	10	1.367360e-02	1.100430e-03	11	false	GAMG	1.941460e-02	1.406730e-04	6	true
330           	smoothSolver	1.099310e-02	9.979140e-04	10	1.129130e-02	1.106740e-03	10	1.360680e-02	1.090680e-03	11	false	GAMG	1.902040e-02	1.258140e-04	6	true
331           	smoothSolver	1.103200e-02	9.985730e-04	10	1.148150e-02	1.136020e-03	10	1.368480e-02	1.099250e-03	11	false	GAMG	1.919610e-02	1.256730e-04	6	true
332           	smoothSolver	1.095930e-02	9.813490e-04	10	1.152880e-02	1.139350e-03	10	1.375790e-02	1.108060e-03	11	false	GAMG	1.968490e-02	1.433130e-04	6	true
333           	smoothSolver	1.080580e-02	9.515410e-04	10	1.143610e-02	1.118030e-03	10	1.373750e-02	1.099350e-03	11	false	GAMG	2.029230e-02	1.522070e-04	6	true
334           	smoothSolver	1.069310e-02	9.308740e-04	10	1.129110e-02	1.086950e-03	10	1.369860e-02	1.363760e-03	10	false	GAMG	2.065460e-02	1.350090e-04	6	true
335           	smoothSolver	1.066480e-02	9.223880e-04	10	1.112840e-02	1.056920e-03	10	1.377000e-02	1.357090e-03	10	false	GAMG	2.066690e-02	1.273170e-04	6	true
336           	smoothSolver	1.071410e-02	9.320550e-04	10	1.120480e-02	1.063910e-03	10	1.386430e-02	1.364480e-03	10	false	GAMG	2.037590e-02	1.340260e-04	6	true
337           	smoothSolver	1.081100e-02	9.544860e-04	10	1.137820e-02	1.090770e-03	10	1.406230e-02	1.387130e-03	10	false	GAMG	2.010910e-02	1.432110e-04	6	true
338           	smoothSolver	1.088190e-02	9.734550e-04	10	1.151230e-02	1.117200e-03	10	1.427880e-02	1.423790e-03	10	false	GAMG	1.985810e-02	1.468740e-04	6	true
339           	smoothSolver	1.088750e-02	9.820580e-04	10	1.156590e-02	1.130880e-03	10	1.442680e-02	1.158580e-03	11	false	GAMG	1.977680e-02	1.516470e-04	6	true
340           	smoothSolver	1.083910e-02	9.835310e-04	10	1.151650e-02	1.129580e-03	10	1.429820e-02	1.162860e-03	11	false	GAMG	1.950610e-02	1.647770e-04	6	true
341           	smoothSolver	1.078120e-02	9.844220e-04	10	1.138190e-02	1.115260e-03	10	1.412030e-02	1.151850e-03	11	false	GAMG	1.967710e-02	1.954220e-04	6	true
342           	smoothSolver	1.076110e-02	9.851070e-04	10	1.121500e-02	1.090910e-03	10	1.396640e-02	1.133290e-03	11	false	GAMG	1.998370e-02	1.779040e-04	6	true
343           	smoothSolver	1.085260e-02	9.865370e-04	10	1.110430e-02	1.074540e-03	10	1.377030e-02	1.110120e-03	11	false	GAMG	1.966240e-02	1.481400e-04	6	true
344           	smoothSolver	1.097280e-02	9.955220e-04	10	1.122280e-02	1.092620e-03	10	1.366730e-02	1.095340e-03	11	false	GAMG	1.909330e-02	1.303380e-04	6	true
345           	smoothSolver	1.105160e-02	1.002920e-03	10	1.142690e-02	1.125700e-03	10	1.367330e-02	1.097460e-03	11	false	GAMG	1.907100e-02	1.234180e-04	6	true
346           	smoothSolver	1.102270e-02	9.934830e-04	10	1.154120e-02	1.141660e-03	10	1.378160e-02	1.109140e-03	11	false	GAMG	1.944540e-02	1.349510e-04	6	true
347           	smoothSolver	1.089960e-02	9.684130e-04	10	1.149740e-02	1.129610e-03	10	1.378940e-02	1.107980e-03	11	false	GAMG	2.004780e-02	1.510080e-04	6	true
348           	smoothSolver	1.075940e-02	9.401330e-04	10	1.136430e-02	1.101040e-03	10	1.375320e-02	1.093200e-03	11	false	GAMG	2.059060e-02	1.466260e-04	6	true
349           	smoothSolver	1.070370e-02	9.288810e-04	10	1.120190e-02	1.068580e-03	10	1.371200e-02	1.356240e-03	10	false	GAMG	2.073120e-02	1.278790e-04	6	true
350           	smoothSolver	1.071260e-02	9.284110e-04	10	1.116250e-02	1.058460e-03	10	1.379810e-02	1.357640e-03	10	false	GAMG	2.052850e-02	1.298440e-04	6	true
351           	smoothSolver	1.079380e-02	9.470170e-04	10	1.131500e-02	1.080330e-03	10	1.397650e-02	1.377260e-03	10	false	GAMG	2.023280e-02	1.397140e-04	6	true
352           	smoothSolver	1.087670e-02	9.690050e-04	10	1.147270e-02	1.108270e-03	10	1.419240e-02	1.408700e-03	10	false	GAMG	1.995170e-02	1.465340e-04	6	true
353           	smoothSolver	1.091390e-02	9.820240e-04	10	1.156300e-02	1.129130e-03	10	1.438940e-02	1.149850e-03	11	false	GAMG	1.984920e-02	1.506320e-04	6	true
354           	smoothSolver	1.089450e-02	9.871150e-04	10	1.156070e-02	1.135000e-03	10	1.432870e-02	1.161590e-03	11	false	GAMG	1.958920e-02	1.563450e-04	6	true
355           	smoothSolver	1.082190e-02	9.864760e-04	10	1.145420e-02	1.125090e-03	10	1.417650e-02	1.157320e-03	11	false	GAMG	1.954550e-02	1.843880e-04	6	true
356           	smoothSolver	1.076850e-02	9.870420e-04	10	1.130350e-02	1.103850e-03	10	1.402030e-02	1.141870e-03	11	false	GAMG	1.992610e-02	1.914420e-04	6	true
357           	smoothSolver	1.081340e-02	9.858910e-04	10	1.112180e-02	1.077910e-03	10	1.385150e-02	1.120240e-03	11	false	GAMG	1.995300e-02	1.608090e-04	6	true
358           	smoothSolver	1.094500e-02	9.922810e-04	10	1.115460e-02	1.082850e-03	10	1.369040e-02	1.100650e-03	11	false	GAMG	1.935190e-02	1.383480e-04	6	true
359           	smoothSolver	1.102350e-02	1.001180e-03	10	1.134150e-02	1.112980e-03	10	1.363480e-02	1.093410e-03	11	false	GAMG	1.903260e-02	1.248220e-04	6	true
360           	smoothSolver	1.104430e-02	9.992390e-04	10	1.151650e-02	1.139660e-03	10	1.372970e-02	1.103570e-03	11	false	GAMG	1.925400e-02	1.274180e-04	6	true
361           	smoothSolver	1.096010e-02	9.800950e-04	10	1.154040e-02	1.138960e-03	10	1.378990e-02	1.110610e-03	11	false	GAMG	1.977720e-02	1.462100e-04	6	true
362           	smoothSolver	1.080590e-02	9.495500e-04	10	1.143460e-02	1.115490e-03	10	1.376280e-02	1.100070e-03	11	false	GAMG	2.039180e-02	1.522290e-04	6	true
363           	smoothSolver	1.070690e-02	9.313290e-04	10	1.128320e-02	1.083780e-03	10	1.372360e-02	1.364400e-03	10	false	GAMG	2.071390e-02	1.332190e-04	6	true
364           	smoothSolver	1.068730e-02	9.237900e-04	10	1.113480e-02	1.056740e-03	10	1.379490e-02	1.358720e-03	10	false	GAMG	2.067470e-02	1.278320e-04	6	true
365           	smoothSolver	1.074770e-02	9.360790e-04	10	1.124190e-02	1.068750e-03	10	1.391360e-02	1.369640e-03	10	false	GAMG	2.036880e-02	1.357420e-04	6	true
366           	smoothSolver	1.084280e-02	9.588020e-04	10	1.141620e-02	1.096350e-03	10	1.411970e-02	1.394200e-03	10	false	GAMG	2.010350e-02	1.447540e-04	6	true
367           	smoothSolver	1.090500e-02	9.764840e-04	10	1.154080e-02	1.122100e-03	10	1.433540e-02	1.431940e-03	10	false	GAMG	1.986650e-02	1.475460e-04	6	true
368           	smoothSolver	1.090230e-02	9.841310e-04	10	1.158090e-02	1.133830e-03	10	1.446150e-02	1.164120e-03	11	false	GAMG	1.978230e-02	1.534120e-04	6	true
369           	smoothSolver	1.084690e-02	9.852670e-04	10	1.152040e-02	1.130710e-03	10	1.431620e-02	1.165990e-03	11	false	GAMG	1.953130e-02	1.689330e-04	6	true
370           	smoothSolver	1.079440e-02	9.866940e-04	10	1.138690e-02	1.115530e-03	10	1.413560e-02	1.153280e-03	11	false	GAMG	1.976910e-02	1.968440e-04	6	true
371           	smoothSolver	1.078410e-02	9.865200e-04	10	1.121180e-02	1.090340e-03	10	1.398080e-02	1.133860e-03	11	false	GAMG	2.004510e-02	1.743280e-04	6	true
372           	smoothSolver	1.088860e-02	9.888860e-04	10	1.113190e-02	1.078310e-03	10	1.378140e-02	1.110560e-03	11	false	GAMG	1.962470e-02	1.460320e-04	6	true
373           	smoothSolver	1.100020e-02	9.981870e-04	10	1.126690e-02	1.099490e-03	10	1.368690e-02	1.096900e-03	11	false	GAMG	1.909460e-02	1.288880e-04	6	true
374           	smoothSolver	1.106870e-02	1.004050e-03	10	1.146890e-02	1.131990e-03	10	1.371010e-02	1.100710e-03	11	false	GAMG	1.912940e-02	1.237090e-04	6	true
375           	smoothSolver	1.102420e-02	9.920900e-04	10	1.156450e-02	1.144380e-03	10	1.380570e-02	1.111640e-03	11	false	GAMG	1.954470e-02	1.373640e-04	6	true
376           	smoothSolver	1.088840e-02	9.653580e-04	10	1.150590e-02	1.129370e-03	10	1.379960e-02	1.107880e-03	11	false	GAMG	2.014970e-02	1.513790e-04	6	true
377           	smoothSolver	1.075270e-02	9.390560e-04	10	1.136950e-02	1.099890e-03	10	1.376270e-02	1.375400e-03	10	false	GAMG	2.061000e-02	1.410790e-04	6	true
378           	smoothSolver	1.069570e-02	9.279810e-04	10	1.119960e-02	1.067020e-03	10	1.383010e-02	1.366870e-03	10	false	GAMG	2.074010e-02	1.284140e-04	6	true
379           	smoothSolver	1.072340e-02	9.311160e-04	10	1.119270e-02	1.061460e-03	10	1.388450e-02	1.366860e-03	10	false	GAMG	2.052040e-02	1.312670e-04	6	true
380           	smoothSolver	1.081500e-02	9.515710e-04	10	1.136180e-02	1.086180e-03	10	1.405110e-02	1.385500e-03	10	false	GAMG	2.023190e-02	1.404410e-04	6	true
381           	smoothSolver	1.089570e-02	9.729360e-04	10	1.151600e-02	1.113990e-03	10	1.426240e-02	1.418220e-03	10	false	GAMG	1.994520e-02	1.462360e-04	6	true
382           	smoothSolver	1.092120e-02	9.844140e-04	10	1.159420e-02	1.132460e-03	10	1.444620e-02	1.156410e-03	11	false	GAMG	1.984710e-02	1.501210e-04	6	true
383           	smoothSolver	1.089320e-02	9.882110e-04	10	1.157590e-02	1.135980e-03	10	1.436210e-02	1.165690e-03	11	false	GAMG	1.956460e-02	1.576920e-04	6	true
384           	smoothSolver	1.082220e-02	9.876410e-04	10	1.145760e-02	1.124480e-03	10	1.419710e-02	1.158890e-03	11	false	GAMG	1.959320e-02	1.882130e-04	6	true
385           	smoothSolver	1.077660e-02	9.880510e-04	10	1.130340e-02	1.102210e-03	10	1.403600e-02	1.141980e-03	11	false	GAMG	1.995970e-02	1.874110e-04	6	true
386           	smoothSolver	1.083140e-02	9.873290e-04	10	1.113060e-02	1.077500e-03	10	1.385500e-02	1.119430e-03	11	false	GAMG	1.988300e-02	1.565070e-04	6	true
387           	smoothSolver	1.096000e-02	9.943750e-04	10	1.118680e-02	1.086170e-03	10	1.370990e-02	1.101110e-03	11	false	GAMG	1.926040e-02	1.356710e-04	6	true
388           	smoothSolver	1.103680e-02	1.002820e-03	10	1.137830e-02	1.117490e-03	10	1.366520e-02	1.096400e-03	11	false	GAMG	1.901390e-02	1.239040e-04	6	true
389           	smoothSolver	1.104240e-02	9.986670e-04	10	1.153350e-02	1.141160e-03	10	1.376790e-02	1.107390e-03	11	false	GAMG	1.927850e-02	1.291210e-04	6	true
390           	smoothSolver	1.094750e-02	9.778800e-04	10	1.153340e-02	1.136740e-03	10	1.381290e-02	1.112150e-03	11	false	GAMG	1.983150e-02	1.482800e-04	6	true
391           	smoothSolver	1.079630e-02	9.470520e-04	10	1.141590e-02	1.111450e-03	10	1.377760e-02	1.099950e-03	11	false	GAMG	2.044180e-02	1.512190e-04	6	true
392           	smoothSolver	1.070940e-02	9.308900e-04	10	1.125870e-02	1.079390e-03	10	1.373710e-02	1.364040e-03	10	false	GAMG	2.072400e-02	1.314510e-04	6	true
393           	smoothSolver	1.069540e-02	9.246160e-04	10	1.113240e-02	1.056200e-03	10	1.380620e-02	1.359520e-03	10	false	GAMG	2.063690e-02	1.284090e-04	6	true
394           	smoothSolver	1.076420e-02	9.391150e-04	10	1.126190e-02	1.072220e-03	10	1.394500e-02	1.373340e-03	10	false	GAMG	2.032670e-02	1.372010e-04	6	true
395           	smoothSolver	1.085710e-02	9.618530e-04	10	1.143470e-02	1.100250e-03	10	1.415500e-02	1.399520e-03	10	false	GAMG	2.006370e-02	1.458240e-04	6	true
396           	smoothSolver	1.090990e-02	9.783010e-04	10	1.155000e-02	1.125080e-03	10	1.436590e-02	1.143070e-03	11	false	GAMG	1.991570e-02	1.515220e-04	6	true
397           	smoothSolver	1.091290e-02	9.866670e-04	10	1.158470e-02	1.136310e-03	10	1.435910e-02	1.158760e-03	11	false	GAMG	1.970610e-02	1.529080e-04	6	true
398           	smoothSolver	1.084580e-02	9.862160e-04	10	1.151050e-02	1.130980e-03	10	1.423650e-02	1.160840e-03	11	false	GAMG	1.950110e-02	1.728000e-04	6	true
399           	smoothSolver	1.078440e-02	9.867940e-04	10	1.136020e-02	1.112690e-03	10	1.408010e-02	1.148490e-03	11	false	GAMG	1.980870e-02	1.971880e-04	6	true
400           	smoothSolver	1.078750e-02	9.857320e-04	10	1.117590e-02	1.086400e-03	10	1.392750e-02	1.128850e-03	11	false	GAMG	2.004630e-02	1.708250e-04	6	true
401           	smoothSolver	1.090550e-02	9.893890e-04	10	1.113290e-02	1.079620e-03	10	1.373180e-02	1.106200e-03	11	false	GAMG	1.956100e-02	1.438420e-04	6	true
402           	smoothSolver	1.100570e-02	9.989350e-04	10	1.128680e-02	1.103940e-03	10	1.364940e-02	1.093960e-03	11	false	GAMG	1.908330e-02	1.276270e-04	6	true
403           	smoothSolver	1.106220e-02	1.002680e-03	10	1.148800e-02	1.135600e-03	10	1.369640e-02	1.099820e-03	11	false	GAMG	1.917490e-02	1.243120e-04	6	true
404           	smoothSolver	1.100310e-02	9.881810e-04	10	1.156450e-02	1.144300e-03	10	1.378240e-02	1.110150e-03	11	false	GAMG	1.962000e-02	1.398210e-04	6	true
405           	smoothSolver	1.085620e-02	9.599580e-04	10	1.149120e-02	1.126550e-03	10	1.377160e-02	1.104410e-03	11	false	GAMG	2.023180e-02	1.517400e-04	6	true
406           	smoothSolver	1.072820e-02	9.357250e-04	10	1.135220e-02	1.096180e-03	10	1.373450e-02	1.370500e-03	10	false	GAMG	2.064110e-02	1.384680e-04	6	true
407           	smoothSolver	1.068350e-02	9.259490e-04	10	1.118210e-02	1.063750e-03	10	1.380500e-02	1.362590e-03	10	false	GAMG	2.072140e-02	1.275590e-04	6	true
408           	smoothSolver	1.071860e-02	9.316910e-04	10	1.120930e-02	1.063330e-03	10	1.387420e-02	1.365680e-03	10	false	GAMG	2.047060e-02	1.320780e-04	6	true
409           	smoothSolver	1.081170e-02	9.529320e-04	10	1.137670e-02	1.088940e-03	10	1.405550e-02	1.386040e-03	10	false	GAMG	2.018860e-02	1.413270e-04	6	true
410           	smoothSolver	1.088930e-02	9.733830e-04	10	1.152230e-02	1.116020e-03	10	1.426860e-02	1.420490e-03	10	false	GAMG	1.991290e-02	1.462200e-04	6	true
411           	smoothSolver	1.090310e-02	9.835340e-04	10	1.159040e-02	1.132360e-03	10	1.443960e-02	1.157280e-03	11	false	GAMG	1.982060e-02	1.501030e-04	6	true
412           	smoothSolver	1.086770e-02	9.861040e-04	10	1.155910e-02	1.133660e-03	10	1.433770e-02	1.164360e-03	11	false	GAMG	1.953480e-02	1.598970e-04	6	true
413           	smoothSolver	1.080160e-02	9.859240e-04	10	1.143100e-02	1.120740e-03	10	1.416620e-02	1.155590e-03	11	false	GAMG	1.962640e-02	1.917250e-04	6	true
414           	smoothSolver	1.076620e-02	9.864890e-04	10	1.127260e-02	1.097400e-03	10	1.400750e-02	1.137960e-03	11	false	GAMG	1.995770e-02	1.831390e-04	6	true
415           	smoothSolver	1.083540e-02	9.866940e-04	10	1.111940e-02	1.075320e-03	10	1.381870e-02	1.115070e-03	11	false	GAMG	1.978060e-02	1.523350e-04	6	true
416           	smoothSolver	1.096150e-02	9.945890e-04	10	1.120290e-02	1.088160e-03	10	1.369330e-02	1.098380e-03	11	false	GAMG	1.916670e-02	1.331140e-04	6	true
417           	smoothSolver	1.104140e-02	1.002860e-03	10	1.140170e-02	1.120640e-03	10	1.366980e-02	1.096940e-03	11	false	GAMG	1.901620e-02	1.234370e-04	6	true
418           	smoothSolver	1.103210e-02	9.966160e-04	10	1.153780e-02	1.141280e-03	10	1.378040e-02	1.108650e-03	11	false	GAMG	1.932770e-02	1.314450e-04	6	true
419           	smoothSolver	1.092500e-02	9.740970e-04	10	1.151660e-02	1.133450e-03	10	1.381160e-02	1.111000e-03	11	false	GAMG	1.991210e-02	1.500710e-04	6	true
420           	smoothSolver	1.077940e-02	9.437990e-04	10	1.139000e-02	1.106530e-03	10	1.377400e-02	1.097690e-03	11	false	GAMG	2.050520e-02	1.496590e-04	6	true
421           	smoothSolver	1.070710e-02	9.297970e-04	10	1.123000e-02	1.074150e-03	10	1.373380e-02	1.361260e-03	10	false	GAMG	2.073660e-02	1.298970e-04	6	true
422           	smoothSolver	1.070340e-02	9.257620e-04	10	1.113810e-02	1.056210e-03	10	1.380820e-02	1.358850e-03	10	false	GAMG	2.059770e-02	1.290630e-04	6	true
423           	smoothSolver	1.077980e-02	9.422360e-04	10	1.128310e-02	1.075330e-03	10	1.396500e-02	1.375510e-03	10	false	GAMG	2.029480e-02	1.385420e-04	6	true
424           	smoothSolver	1.086880e-02	9.649240e-04	10	1.145220e-02	1.103670e-03	10	1.417840e-02	1.403830e-03	10	false	GAMG	2.002770e-02	1.465430e-04	6	true
425           	smoothSolver	1.091670e-02	9.801070e-04	10	1.155810e-02	1.127260e-03	10	1.438530e-02	1.146670e-03	11	false	GAMG	1.989510e-02	1.514670e-04	6	true
426           	smoothSolver	1.090940e-02	9.873020e-04	10	1.157740e-02	1.136650e-03	10	1.435520e-02	1.161100e-03	11	false	GAMG	1.966900e-02	1.544960e-04	6	true
427           	smoothSolver	1.084120e-02	9.867760e-04	10	1.149030e-02	1.129470e-03	10	1.421930e-02	1.160520e-03	11	false	GAMG	1.952260e-02	1.775260e-04	6	true
428           	smoothSolver	1.078020e-02	9.875450e-04	10	1.134080e-02	1.110050e-03	10	1.406350e-02	1.146890e-03	11	false	GAMG	1.987420e-02	1.959380e-04	6	true
429           	smoothSolver	1.080100e-02	9.860660e-04	10	1.115560e-02	1.083510e-03	10	1.390510e-02	1.126380e-03	11	false	GAMG	2.004010e-02	1.671080e-04	6	true
430           	smoothSolver	1.092900e-02	9.909940e-04	10	1.114490e-02	1.081690e-03	10	1.371710e-02	1.104670e-03	11	false	GAMG	1.950170e-02	1.418560e-04	6	true
431           	smoothSolver	1.101710e-02	1.000320e-03	10	1.131370e-02	1.108600e-03	10	1.364390e-02	1.093870e-03	11	false	GAMG	1.907770e-02	1.264060e-04	6	true
432           	smoothSolver	1.105920e-02	1.001690e-03	10	1.150850e-02	1.138740e-03	10	1.371100e-02	1.101500e-03	11	false	GAMG	1.922210e-02	1.253280e-04	6	true
433           	smoothSolver	1.098650e-02	9.849530e-04	10	1.156460e-02	1.143580e-03	10	1.378520e-02	1.110770e-03	11	false	GAMG	1.969330e-02	1.425000e-04	6	true
434           	smoothSolver	1.083180e-02	9.554040e-04	10	1.147790e-02	1.123270e-03	10	1.376790e-02	1.102940e-03	11	false	GAMG	2.030940e-02	1.522820e-04	6	true
435           	smoothSolver	1.071460e-02	9.335880e-04	10	1.133360e-02	1.092120e-03	10	1.372850e-02	1.368070e-03	10	false	GAMG	2.067750e-02	1.361460e-04	6	true
436           	smoothSolver	1.068180e-02	9.248250e-04	10	1.116640e-02	1.061000e-03	10	1.379940e-02	1.360810e-03	10	false	GAMG	2.071040e-02	1.272810e-04	6	true
437           	smoothSolver	1.072610e-02	9.331950e-04	10	1.122660e-02	1.065860e-03	10	1.388650e-02	1.366950e-03	10	false	GAMG	2.043120e-02	1.333090e-04	6	true
438           	smoothSolver	1.082000e-02	9.550390e-04	10	1.139580e-02	1.092170e-03	10	1.407920e-02	1.388880e-03	10	false	GAMG	2.015440e-02	1.425730e-04	6	true
439           	smoothSolver	1.089190e-02	9.744650e-04	10	1.153240e-02	1.118640e-03	10	1.429360e-02	1.424770e-03	10	false	GAMG	1.989230e-02	1.465520e-04	6	true
440           	smoothSolver	1.089820e-02	9.834560e-04	10	1.159040e-02	1.132970e-03	10	1.444760e-02	1.159630e-03	11	false	GAMG	1.980080e-02	1.508630e-04	6	true
441           	smoothSolver	1.085400e-02	9.851780e-04	10	1.154580e-02	1.132250e-03	10	1.432590e-02	1.164510e-03	11	false	GAMG	1.953070e-02	1.629440e-04	6	true
442           	smoothSolver	1.079350e-02	9.856380e-04	10	1.141160e-02	1.118180e-03	10	1.415040e-02	1.154000e-03	11	false	GAMG	1.967850e-02	1.942800e-04	6	true
443           	smoothSolver	1.076820e-02	9.861560e-04	10	1.124650e-02	1.094010e-03	10	1.399570e-02	1.135630e-03	11	false	GAMG	1.998040e-02	1.792600e-04	6	true
444           	smoothSolver	1.085270e-02	9.871850e-04	10	1.111940e-02	1.075450e-03	10	1.379950e-02	1.112610e-03	11	false	GAMG	1.970350e-02	1.491760e-04	6	true
445           	smoothSolver	1.097480e-02	9.958040e-04	10	1.122760e-02	1.092010e-03	10	1.368830e-02	1.097320e-03	11	false	GAMG	1.911320e-02	1.310920e-04	6	true
446           	smoothSolver	1.105360e-02	1.003590e-03	10	1.142960e-02	1.125050e-03	10	1.368480e-02	1.098390e-03	11	false	GAMG	1.904610e-02	1.233170e-04	6	true
447           	smoothSolver	1.103060e-02	9.952260e-04	10	1.154820e-02	1.142460e-03	10	1.379500e-02	1.110230e-03	11	false	GAMG	1.939480e-02	1.338640e-04	6	true
448           	smoothSolver	1.091150e-02	9.709140e-04	10	1.150880e-02	1.131580e-03	10	1.381000e-02	1.110100e-03	11	false	GAMG	2.000020e-02	1.509590e-04	6	true
449           	smoothSolver	1.076980e-02	9.417120e-04	10	1.137650e-02	1.103420e-03	10	1.377260e-02	1.095900e-03	11	false	GAMG	2.057430e-02	1.477670e-04	6	true
450           	smoothSolver	1.071010e-02	9.297450e-04	10	1.121410e-02	1.070770e-03	10	1.373110e-02	1.359140e-03	10	false	GAMG	2.073810e-02	1.285400e-04	6	true
451           	smoothSolver	1.071790e-02	9.284360e-04	10	1.116050e-02	1.058390e-03	10	1.381550e-02	1.359280e-03	10	false	GAMG	2.056790e-02	1.296140e-04	6	true
452           	smoothSolver	1.079820e-02	9.463670e-04	10	1.131100e-02	1.079420e-03	10	1.398890e-02	1.378310e-03	10	false	GAMG	2.027030e-02	1.394620e-04	6	true
453           	smoothSolver	1.088080e-02	9.683900e-04	10	1.147260e-02	1.107490e-03	10	1.420390e-02	1.408690e-03	10	false	GAMG	1.998690e-02	1.467540e-04	6	true
454           	smoothSolver	1.092190e-02	9.820350e-04	10	1.156890e-02	1.129360e-03	10	1.440270e-02	1.150080e-03	11	false	GAMG	1.987530e-02	1.509770e-04	6	true
455           	smoothSolver	1.090660e-02	9.879950e-04	10	1.157400e-02	1.136530e-03	10	1.434900e-02	1.162700e-03	11	false	GAMG	1.962310e-02	1.557750e-04	6	true
456           	smoothSolver	1.083520e-02	9.874780e-04	10	1.147430e-02	1.127660e-03	10	1.420260e-02	1.159550e-03	11	false	GAMG	1.955370e-02	1.821910e-04	6	true
457           	smoothSolver	1.077860e-02	9.880850e-04	10	1.132440e-02	1.107170e-03	10	1.404810e-02	1.144730e-03	11	false	GAMG	1.993140e-02	1.931100e-04	6	true
458           	smoothSolver	1.081580e-02	9.865820e-04	10	1.113990e-02	1.080790e-03	10	1.388270e-02	1.123490e-03	11	false	GAMG	2.000030e-02	1.629880e-04	6	true
459           	smoothSolver	1.094690e-02	9.925300e-04	10	1.115900e-02	1.083440e-03	10	1.370730e-02	1.103060e-03	11	false	GAMG	1.941820e-02	1.395450e-04	6	true
460           	smoothSolver	1.102550e-02	1.001590e-03	10	1.134140e-02	1.112710e-03	10	1.364290e-02	1.094260e-03	11	false	GAMG	1.905490e-02	1.252400e-04	6	true
461           	smoothSolver	1.105140e-02	1.000610e-03	10	1.152470e-02	1.140730e-03	10	1.372790e-02	1.103550e-03	11	false	GAMG	1.924270e-02	1.266220e-04	6	true
462           	smoothSolver	1.096770e-02	9.820630e-04	10	1.155910e-02	1.141890e-03	10	1.379180e-02	1.111550e-03	11	false	GAMG	1.973990e-02	1.451780e-04	6	true
463           	smoothSolver	1.081060e-02	9.515850e-04	10	1.145850e-02	1.119390e-03	10	1.376880e-02	1.102050e-03	11	false	GAMG	2.036380e-02	1.524960e-04	6	true
464           	smoothSolver	1.070510e-02	9.319340e-04	10	1.130850e-02	1.087500e-03	10	1.372810e-02	1.366680e-03	10	false	GAMG	2.070090e-02	1.342890e-04	6	true
465           	smoothSolver	1.068210e-02	9.240870e-04	10	1.115030e-02	1.058560e-03	10	1.379800e-02	1.359910e-03	10	false	GAMG	2.069020e-02	1.274610e-04	6	true
466           	smoothSolver	1.073910e-02	9.351740e-04	10	1.124310e-02	1.068550e-03	10	1.390940e-02	1.369320e-03	10	false	GAMG	2.040360e-02	1.347210e-04	6	true
467           	smoothSolver	1.083330e-02	9.574000e-04	10	1.141280e-02	1.095510e-03	10	1.411280e-02	1.392990e-03	10	false	GAMG	2.012740e-02	1.439620e-04	6	true
468           	smoothSolver	1.089930e-02	9.757340e-04	10	1.154080e-02	1.121400e-03	10	1.432740e-02	1.430110e-03	10	false	GAMG	1.987990e-02	1.471740e-04	6	true
469           	smoothSolver	1.090030e-02	9.839050e-04	10	1.158860e-02	1.133890e-03	10	1.446020e-02	1.162870e-03	11	false	GAMG	1.978850e-02	1.522130e-04	6	true
470           	smoothSolver	1.084780e-02	9.852620e-04	10	1.153310e-02	1.131490e-03	10	1.432130e-02	1.165550e-03	11	false	GAMG	1.953600e-02	1.665390e-04	6	true
471           	smoothSolver	1.079400e-02	9.863860e-04	10	1.139820e-02	1.116690e-03	10	1.414480e-02	1.153500e-03	11	false	GAMG	1.974820e-02	1.960170e-04	6	true
472           	smoothSolver	1.077930e-02	9.863360e-04	10	1.122550e-02	1.091810e-03	10	1.399170e-02	1.134400e-03	11	false	GAMG	2.002850e-02	1.757670e-04	6	true
473           	smoothSolver	1.087770e-02	9.883140e-04	10	1.112710e-02	1.077100e-03	10	1.379190e-02	1.111320e-03	11	false	GAMG	1.965110e-02	1.468830e-04	6	true
474           	smoothSolver	1.099390e-02	9.974990e-04	10	1.125460e-02	1.096850e-03	10	1.368890e-02	1.097090e-03	11	false	GAMG	1.910080e-02	1.295900e-04	6	true
475           	smoothSolver	1.106450e-02	1.004140e-03	10	1.145860e-02	1.129840e-03	10	1.370150e-02	1.099930e-03	11	false	GAMG	1.909630e-02	1.233820e-04	6	true
476           	smoothSolver	1.102630e-02	9.933880e-04	10	1.156090e-02	1.144080e-03	10	1.380430e-02	1.111340e-03	11	false	GAMG	1.947790e-02	1.361390e-04	6	true
477           	smoothSolver	1.089460e-02	9.673540e-04	10	1.150740e-02	1.130510e-03	10	1.380510e-02	1.108980e-03	11	false	GAMG	2.008450e-02	1.513330e-04	6	true
478           	smoothSolver	1.075510e-02	9.396610e-04	10	1.137150e-02	1.101380e-03	10	1.376890e-02	1.093990e-03	11	false	GAMG	2.061390e-02	1.455390e-04	6	true
479           	smoothSolver	1.070650e-02	9.291190e-04	10	1.120720e-02	1.068500e-03	10	1.372330e-02	1.356920e-03	10	false	GAMG	2.072810e-02	1.273620e-04	6	true
480           	smoothSolver	1.072240e-02	9.303330e-04	10	1.118710e-02	1.061040e-03	10	1.381630e-02	1.359420e-03	10	false	GAMG	2.051800e-02	1.299900e-04	6	true
481           	smoothSolver	1.080530e-02	9.493960e-04	10	1.133590e-02	1.083030e-03	10	1.400620e-02	1.380170e-03	10	false	GAMG	2.023290e-02	1.399720e-04	6	true
482           	smoothSolver	1.088470e-02	9.705620e-04	10	1.148730e-02	1.110340e-03	10	1.422200e-02	1.412540e-03	10	false	GAMG	1.994540e-02	1.464110e-04	6	true
483           	smoothSolver	1.091560e-02	9.827600e-04	10	1.157400e-02	1.130150e-03	10	1.441010e-02	1.152310e-03	11	false	GAMG	1.984480e-02	1.502310e-04	6	true
484           	smoothSolver	1.089110e-02	9.874480e-04	10	1.156500e-02	1.135120e-03	10	1.433480e-02	1.162810e-03	11	false	GAMG	1.957140e-02	1.568170e-04	6	true
485           	smoothSolver	1.081950e-02	9.870170e-04	10	1.145320e-02	1.124680e-03	10	1.417850e-02	1.157400e-03	11	false	GAMG	1.957560e-02	1.861810e-04	6	true
486           	smoothSolver	1.077090e-02	9.875470e-04	10	1.130100e-02	1.103180e-03	10	1.402630e-02	1.141520e-03	11	false	GAMG	1.995770e-02	1.893280e-04	6	true
487           	smoothSolver	1.082160e-02	9.863900e-04	10	1.112240e-02	1.077670e-03	10	1.385390e-02	1.119770e-03	11	false	GAMG	1.992850e-02	1.586670e-04	6	true
488           	smoothSolver	1.095300e-02	9.933700e-04	10	1.116790e-02	1.084280e-03	10	1.369840e-02	1.100980e-03	11	false	GAMG	1.931230e-02	1.369550e-04	6	true
489           	smoothSolver	1.102860e-02	1.002230e-03	10	1.136110e-02	1.115440e-03	10	1.364450e-02	1.094800e-03	11	false	GAMG	1.902760e-02	1.241540e-04	6	true
490           	smoothSolver	1.103920e-02	9.991940e-04	10	1.152990e-02	1.141050e-03	10	1.374390e-02	1.105360e-03	11	false	GAMG	1.925360e-02	1.280560e-04	6	true
491           	smoothSolver	1.094800e-02	9.791610e-04	10	1.154320e-02	1.138820e-03	10	1.379770e-02	1.111790e-03	11	false	GAMG	1.978040e-02	1.475390e-04	6	true
492           	smoothSolver	1.079360e-02	9.483310e-04	10	1.143090e-02	1.114620e-03	10	1.376960e-02	1.101010e-03	11	false	GAMG	2.039960e-02	1.520410e-04	6	true
493           	smoothSolver	1.070090e-02	9.308460e-04	10	1.127640e-02	1.082300e-03	10	1.372900e-02	1.365430e-03	10	false	GAMG	2.070510e-02	1.326850e-04	6	true
494           	smoothSolver	1.068310e-02	9.238960e-04	10	1.113750e-02	1.056710e-03	10	1.379590e-02	1.359530e-03	10	false	GAMG	2.065020e-02	1.279570e-04	6	true
495           	smoothSolver	1.075000e-02	9.374420e-04	10	1.125760e-02	1.071230e-03	10	1.392810e-02	1.371580e-03	10	false	GAMG	2.035610e-02	1.361180e-04	6	true
496           	smoothSolver	1.084510e-02	9.599240e-04	10	1.142700e-02	1.098760e-03	10	1.414100e-02	1.397060e-03	10	false	GAMG	2.009370e-02	1.450850e-04	6	true
497           	smoothSolver	1.090330e-02	9.770880e-04	10	1.154500e-02	1.123830e-03	10	1.435500e-02	1.435250e-03	10	false	GAMG	1.985830e-02	1.475840e-04	6	true
498           	smoothSolver	1.089770e-02	9.843350e-04	10	1.157910e-02	1.134590e-03	10	1.446730e-02	1.166090e-03	11	false	GAMG	1.976220e-02	1.536720e-04	6	true
499           	smoothSolver	1.084110e-02	9.855330e-04	10	1.151500e-02	1.130560e-03	10	1.431060e-02	1.166300e-03	11	false	GAMG	1.953110e-02	1.702730e-04	6	true
500           	smoothSolver	1.079040e-02	9.871270e-04	10	1.138270e-02	1.114990e-03	10	1.413200e-02	1.152590e-03	11	false	GAMG	1.980690e-02	1.966310e-04	6	true
501           	smoothSolver	1.078780e-02	9.863840e-04	10	1.120440e-02	1.089570e-03	10	1.397870e-02	1.132740e-03	11	false	GAMG	2.006440e-02	1.723090e-04	6	true
502           	smoothSolver	1.089890e-02	9.891640e-04	10	1.113470e-02	1.079030e-03	10	1.377840e-02	1.109860e-03	11	false	GAMG	1.960330e-02	1.448440e-04	6	true
503           	smoothSolver	1.100550e-02	9.986110e-04	10	1.127730e-02	1.101420e-03	10	1.368390e-02	1.096760e-03	11	false	GAMG	1.909690e-02	1.282730e-04	6	true
504           	smoothSolver	1.106540e-02	1.003680e-03	10	1.148170e-02	1.133780e-03	10	1.371050e-02	1.100930e-03	11	false	GAMG	1.914920e-02	1.235420e-04	6	true
505           	smoothSolver	1.101190e-02	9.905820e-04	10	1.156880e-02	1.144970e-03	10	1.380060e-02	1.111490e-03	11	false	GAMG	1.955210e-02	1.381310e-04	6	true
506           	smoothSolver	1.086940e-02	9.630960e-04	10	1.150350e-02	1.129010e-03	10	1.379280e-02	1.107160e-03	11	false	GAMG	2.015000e-02	1.516420e-04	6	true
507           	smoothSolver	1.073450e-02	9.372390e-04	10	1.136460e-02	1.099170e-03	10	1.375700e-02	1.374700e-03	10	false	GAMG	2.059050e-02	1.400730e-04	6	true
508           	smoothSolver	1.068180e-02	9.266840e-04	10	1.119190e-02	1.065900e-03	10	1.381920e-02	1.365900e-03	10	false	GAMG	2.070380e-02	1.280140e-04	6	true
509           	smoothSolver	1.071340e-02	9.310880e-04	10	1.119960e-02	1.062340e-03	10	1.387670e-02	1.366410e-03	10	false	GAMG	2.048220e-02	1.312320e-04	6	true
510           	smoothSolver	1.080730e-02	9.518530e-04	10	1.136630e-02	1.087140e-03	10	1.405250e-02	1.385590e-03	10	false	GAMG	2.020510e-02	1.404030e-04	6	true
511           	smoothSolver	1.088620e-02	9.724430e-04	10	1.151330e-02	1.114130e-03	10	1.426650e-02	1.419140e-03	10	false	GAMG	1.992440e-02	1.459500e-04	6	true
512           	smoothSolver	1.090630e-02	9.832070e-04	10	1.158660e-02	1.131490e-03	10	1.444380e-02	1.156700e-03	11	false	GAMG	1.982550e-02	1.497390e-04	6	true
513           	smoothSolver	1.087540e-02	9.866750e-04	10	1.156310e-02	1.134240e-03	10	1.434710e-02	1.164900e-03	11	false	GAMG	1.953280e-02	1.579590e-04	6	true
514           	smoothSolver	1.080550e-02	9.864530e-04	10	1.144110e-02	1.122390e-03	10	1.417870e-02	1.157150e-03	11	false	GAMG	1.959400e-02	1.892030e-04	6	true
515           	smoothSolver	1.076540e-02	9.869370e-04	10	1.128460e-02	1.099920e-03	10	1.402150e-02	1.139930e-03	11	false	GAMG	1.995500e-02	1.852640e-04	6	true
516           	smoothSolver	1.082870e-02	9.866030e-04	10	1.111570e-02	1.075940e-03	10	1.384130e-02	1.117600e-03	11	false	GAMG	1.985000e-02	1.544890e-04	6	true
517           	smoothSolver	1.095610e-02	9.940570e-04	10	1.118230e-02	1.085920e-03	10	1.370200e-02	1.100110e-03	11	false	GAMG	1.921810e-02	1.343720e-04	6	true
518           	smoothSolver	1.103370e-02	1.002780e-03	10	1.138130e-02	1.118060e-03	10	1.366210e-02	1.096390e-03	11	false	GAMG	1.900590e-02	1.233400e-04	6	true
519           	smoothSolver	1.103260e-02	9.979490e-04	10	1.153370e-02	1.140990e-03	10	1.376520e-02	1.107600e-03	11	false	GAMG	1.927480e-02	1.295630e-04	6	true
520           	smoothSolver	1.093060e-02	9.765220e-04	10	1.152770e-02	1.135790e-03	10	1.380600e-02	1.111840e-03	11	false	GAMG	1.982360e-02	1.493280e-04	6	true
521           	smoothSolver	1.078010e-02	9.457610e-04	10	1.140640e-02	1.110250e-03	10	1.377360e-02	1.099910e-03	11	false	GAMG	2.043330e-02	1.508210e-04	6	true
522           	smoothSolver	1.069890e-02	9.301950e-04	10	1.124780e-02	1.077740e-03	10	1.373190e-02	1.364090e-03	10	false	GAMG	2.069240e-02	1.311450e-04	6	true
523           	smoothSolver	1.068620e-02	9.246740e-04	10	1.113370e-02	1.056170e-03	10	1.379750e-02	1.359510e-03	10	false	GAMG	2.059880e-02	1.284800e-04	6	true
524           	smoothSolver	1.075950e-02	9.400800e-04	10	1.127260e-02	1.073990e-03	10	1.394480e-02	1.373990e-03	10	false	GAMG	2.030360e-02	1.373300e-04	6	true
525           	smoothSolver	1.085220e-02	9.625610e-04	10	1.144090e-02	1.101980e-03	10	1.415970e-02	1.400950e-03	10	false	GAMG	2.004670e-02	1.458170e-04	6	true
526           	smoothSolver	1.090460e-02	9.785180e-04	10	1.154970e-02	1.126020e-03	10	1.437190e-02	1.144600e-03	11	false	GAMG	1.990160e-02	1.512450e-04	6	true
527           	smoothSolver	1.090390e-02	9.864430e-04	10	1.157890e-02	1.136330e-03	10	1.435430e-02	1.159750e-03	11	false	GAMG	1.967770e-02	1.529270e-04	6	true
528           	smoothSolver	1.083590e-02	9.859360e-04	10	1.150070e-02	1.130130e-03	10	1.422310e-02	1.160330e-03	11	false	GAMG	1.949430e-02	1.737710e-04	6	true
529           	smoothSolver	1.077310e-02	9.865830e-04	10	1.135100e-02	1.111400e-03	10	1.406650e-02	1.146930e-03	11	false	GAMG	1.982240e-02	1.963100e-04	6	true
530           	smoothSolver	1.078480e-02	9.851190e-04	10	1.116400e-02	1.084940e-03	10	1.391460e-02	1.126820e-03	11	false	GAMG	2.003950e-02	1.689560e-04	6	true
531           	smoothSolver	1.090820e-02	9.892800e-04	10	1.112850e-02	1.079530e-03	10	1.372310e-02	1.104840e-03	11	false	GAMG	1.954590e-02	1.428770e-04	6	true
532           	smoothSolver	1.100580e-02	9.987440e-04	10	1.128770e-02	1.104510e-03	10	1.364190e-02	1.093230e-03	11	false	GAMG	1.908520e-02	1.270700e-04	6	true
533           	smoothSolver	1.105600e-02	1.001930e-03	10	1.148970e-02	1.135820e-03	10	1.369290e-02	1.099390e-03	11	false	GAMG	1.918710e-02	1.240880e-04	6	true
534           	smoothSolver	1.099070e-02	9.867880e-04	10	1.156170e-02	1.143620e-03	10	1.377230e-02	1.109320e-03	11	false	GAMG	1.962090e-02	1.402780e-04	6	true
535           	smoothSolver	1.083880e-02	9.580420e-04	10	1.148470e-02	1.125480e-03	10	1.376240e-02	1.103310e-03	11	false	GAMG	2.021620e-02	1.519280e-04	6	true
536           	smoothSolver	1.071300e-02	9.344690e-04	10	1.134380e-02	1.095170e-03	10	1.372730e-02	1.369750e-03	10	false	GAMG	2.060980e-02	1.376300e-04	6	true
537           	smoothSolver	1.067120e-02	9.249280e-04	10	1.117100e-02	1.062610e-03	10	1.379240e-02	1.361730e-03	10	false	GAMG	2.066850e-02	1.274090e-04	6	true
538           	smoothSolver	1.070920e-02	9.317230e-04	10	1.120930e-02	1.063630e-03	10	1.386250e-02	1.365140e-03	10	false	GAMG	2.041980e-02	1.321190e-04	6	true
539           	smoothSolver	1.080300e-02	9.531180e-04	10	1.137720e-02	1.089310e-03	10	1.405070e-02	1.385860e-03	10	false	GAMG	2.014510e-02	1.412960e-04	6	true
540           	smoothSolver	1.087800e-02	9.728050e-04	10	1.151690e-02	1.115810e-03	10	1.426630e-02	1.420880e-03	10	false	GAMG	1.987650e-02	1.459710e-04	6	true
541           	smoothSolver	1.088830e-02	9.823420e-04	10	1.158070e-02	1.131260e-03	10	1.443170e-02	1.157350e-03	11	false	GAMG	1.978630e-02	1.499580e-04	6	true
542           	smoothSolver	1.085060e-02	9.846720e-04	10	1.154400e-02	1.131870e-03	10	1.432000e-02	1.163670e-03	11	false	GAMG	1.949850e-02	1.602590e-04	6	true
543           	smoothSolver	1.078520e-02	9.848430e-04	10	1.141360e-02	1.118660e-03	10	1.414480e-02	1.154100e-03	11	false	GAMG	1.961580e-02	1.920370e-04	6	true
544           	smoothSolver	1.075260e-02	9.853360e-04	10	1.125220e-02	1.095210e-03	10	1.398940e-02	1.136140e-03	11	false	GAMG	1.993730e-02	1.812770e-04	6	true
545           	smoothSolver	1.082950e-02	9.857060e-04	10	1.110480e-02	1.074160e-03	10	1.380250e-02	1.113370e-03	11	false	GAMG	1.973710e-02	1.507760e-04	6	true
546           	smoothSolver	1.095440e-02	9.939280e-04	10	1.119460e-02	1.087900e-03	10	1.368260e-02	1.097420e-03	11	false	GAMG	1.913960e-02	1.320280e-04	6	true
547           	smoothSolver	1.103510e-02	1.002260e-03	10	1.139710e-02	1.120670e-03	10	1.366460e-02	1.096680e-03	11	false	GAMG	1.901520e-02	1.229990e-04	6	true
548           	smoothSolver	1.102210e-02	9.956040e-04	10	1.153200e-02	1.140500e-03	10	1.377320e-02	1.108300e-03	11	false	GAMG	1.932810e-02	1.317010e-04	6	true
549           	smoothSolver	1.091010e-02	9.726980e-04	10	1.150860e-02	1.132300e-03	10	1.379960e-02	1.110160e-03	11	false	GAMG	1.990180e-02	1.506900e-04	6	true
550           	smoothSolver	1.076380e-02	9.426660e-04	10	1.138020e-02	1.105550e-03	10	1.376630e-02	1.097170e-03	11	false	GAMG	2.048620e-02	1.491120e-04	6	true
551           	smoothSolver	1.069450e-02	9.291920e-04	10	1.122100e-02	1.073020e-03	10	1.372410e-02	1.360960e-03	10	false	GAMG	2.069000e-02	1.297470e-04	6	true
552           	smoothSolver	1.069040e-02	9.257630e-04	10	1.114050e-02	1.056470e-03	10	1.379440e-02	1.358530e-03	10	false	GAMG	2.054770e-02	1.291260e-04	6	true
553           	smoothSolver	1.076980e-02	9.429590e-04	10	1.128980e-02	1.076750e-03	10	1.395670e-02	1.375500e-03	10	false	GAMG	2.026390e-02	1.384760e-04	6	true
554           	smoothSolver	1.085760e-02	9.652840e-04	10	1.145380e-02	1.104920e-03	10	1.417420e-02	1.404500e-03	10	false	GAMG	1.999660e-02	1.462790e-04	6	true
555           	smoothSolver	1.090510e-02	9.799220e-04	10	1.155390e-02	1.127710e-03	10	1.438060e-02	1.147300e-03	11	false	GAMG	1.986920e-02	1.510390e-04	6	true
556           	smoothSolver	1.089670e-02	9.865720e-04	10	1.156790e-02	1.136060e-03	10	1.434250e-02	1.161170e-03	11	false	GAMG	1.963390e-02	1.544400e-04	6	true
557           	smoothSolver	1.082560e-02	9.859420e-04	10	1.147640e-02	1.127960e-03	10	1.419860e-02	1.159220e-03	11	false	GAMG	1.950700e-02	1.785310e-04	6	true
558           	smoothSolver	1.076280e-02	9.864700e-04	10	1.132710e-02	1.108050e-03	10	1.404040e-02	1.144590e-03	11	false	GAMG	1.986820e-02	1.945610e-04	6	true
559           	smoothSolver	1.079110e-02	9.849140e-04	10	1.114050e-02	1.081550e-03	10	1.388260e-02	1.123560e-03	11	false	GAMG	2.000440e-02	1.652750e-04	6	true
560           	smoothSolver	1.092240e-02	9.902150e-04	10	1.113620e-02	1.081010e-03	10	1.370230e-02	1.102550e-03	11	false	GAMG	1.945950e-02	1.408820e-04	6	true
561           	smoothSolver	1.100930e-02	9.993670e-04	10	1.130710e-02	1.108240e-03	10	1.363210e-02	1.092660e-03	11	false	GAMG	1.907660e-02	1.258260e-04	6	true
562           	smoothSolver	1.104700e-02	1.000140e-03	10	1.149920e-02	1.137470e-03	10	1.370310e-02	1.100630e-03	11	false	GAMG	1.922340e-02	1.251950e-04	6	true
563           	smoothSolver	1.097230e-02	9.831830e-04	10	1.155040e-02	1.141290e-03	10	1.377150e-02	1.109110e-03	11	false	GAMG	1.968740e-02	1.428000e-04	6	true
564           	smoothSolver	1.081400e-02	9.534220e-04	10	1.146090e-02	1.120810e-03	10	1.375180e-02	1.100980e-03	11	false	GAMG	2.028980e-02	1.521200e-04	6	true
565           	smoothSolver	1.069930e-02	9.322650e-04	10	1.131620e-02	1.090150e-03	10	1.371610e-02	1.366410e-03	10	false	GAMG	2.063900e-02	1.353680e-04	6	true
566           	smoothSolver	1.066710e-02	9.234600e-04	10	1.114810e-02	1.059300e-03	10	1.378020e-02	1.359170e-03	10	false	GAMG	2.065020e-02	1.273800e-04	6	true
567           	smoothSolver	1.071390e-02	9.327960e-04	10	1.121840e-02	1.065310e-03	10	1.386840e-02	1.365670e-03	10	false	GAMG	2.036550e-02	1.334960e-04	6	true
568           	smoothSolver	1.080870e-02	9.548510e-04	10	1.138830e-02	1.091780e-03	10	1.406560e-02	1.387980e-03	10	false	GAMG	2.010400e-02	1.426040e-04	6	true
569           	smoothSolver	1.087780e-02	9.734940e-04	10	1.152020e-02	1.117840e-03	10	1.428240e-02	1.424330e-03	10	false	GAMG	1.985450e-02	1.464020e-04	6	true
570           	smoothSolver	1.088240e-02	9.819490e-04	10	1.157320e-02	1.131380e-03	10	1.443060e-02	1.159050e-03	11	false	GAMG	1.975760e-02	1.510390e-04	6	true
571           	smoothSolver	1.083500e-02	9.834600e-04	10	1.152370e-02	1.130030e-03	10	1.430040e-02	1.163360e-03	11	false	GAMG	1.949090e-02	1.636380e-04	6	true
572           	smoothSolver	1.077400e-02	9.841830e-04	10	1.138840e-02	1.115740e-03	10	1.412130e-02	1.152190e-03	11	false	GAMG	1.965640e-02	1.944010e-04	6	true
573           	smoothSolver	1.075090e-02	9.844450e-04	10	1.122070e-02	1.091500e-03	10	1.396780e-02	1.133450e-03	11	false	GAMG	1.995560e-02	1.775280e-04	6	true
574           	smoothSolver	1.084030e-02	9.856680e-04	10	1.110220e-02	1.074410e-03	10	1.377430e-02	1.110370e-03	11	false	GAMG	1.964730e-02	1.478950e-04	6	true
575           	smoothSolver	1.096080e-02	9.944670e-04	10	1.121360e-02	1.091620e-03	10	1.366950e-02	1.095650e-03	11	false	GAMG	1.907910e-02	1.301650e-04	6	true
576           	smoothSolver	1.103940e-02	1.001970e-03	10	1.141560e-02	1.124390e-03	10	1.367170e-02	1.097390e-03	11	false	GAMG	1.905630e-02	1.229820e-04	6	true
577           	smoothSolver	1.101270e-02	9.929460e-04	10	1.153220e-02	1.140610e-03	10	1.377730e-02	1.108670e-03	11	false	GAMG	1.940170e-02	1.340620e-04	6	true
578           	smoothSolver	1.089050e-02	9.683720e-04	10	1.149170e-02	1.129300e-03	10	1.378400e-02	1.107750e-03	11	false	GAMG	1.999560e-02	1.509840e-04	6	true
579           	smoothSolver	1.074760e-02	9.399020e-04	10	1.136050e-02	1.101490e-03	10	1.375110e-02	1.093690e-03	11	false	GAMG	2.054330e-02	1.467100e-04	6	true
580           	smoothSolver	1.068990e-02	9.282940e-04	10	1.119960e-02	1.069130e-03	10	1.370840e-02	1.356900e-03	10	false	GAMG	2.068440e-02	1.282150e-04	6	true
581           	smoothSolver	1.069600e-02	9.274220e-04	10	1.115450e-02	1.057910e-03	10	1.378790e-02	1.357400e-03	10	false	GAMG	2.049470e-02	1.297230e-04	6	true
582           	smoothSolver	1.077780e-02	9.460460e-04	10	1.130790e-02	1.079750e-03	10	1.396450e-02	1.376510e-03	10	false	GAMG	2.020910e-02	1.393090e-04	6	true
583           	smoothSolver	1.086150e-02	9.678790e-04	10	1.146440e-02	1.107570e-03	10	1.418090e-02	1.407620e-03	10	false	GAMG	1.993550e-02	1.462060e-04	6	true
584           	smoothSolver	1.090040e-02	9.809640e-04	10	1.155530e-02	1.128560e-03	10	1.437980e-02	1.148960e-03	11	false	GAMG	1.982920e-02	1.503330e-04	6	true
585           	smoothSolver	1.088220e-02	9.861450e-04	10	1.155450e-02	1.134590e-03	10	1.431870e-02	1.160830e-03	11	false	GAMG	1.956730e-02	1.557380e-04	6	true
586           	smoothSolver	1.080860e-02	9.854180e-04	10	1.144970e-02	1.124770e-03	10	1.416440e-02	1.156580e-03	11	false	GAMG	1.951520e-02	1.833560e-04	6	true
587           	smoothSolver	1.075240e-02	9.857170e-04	10	1.129910e-02	1.103620e-03	10	1.400640e-02	1.140940e-03	11	false	GAMG	1.989230e-02	1.912820e-04	6	true
588           	smoothSolver	1.079540e-02	9.844520e-04	10	1.111660e-02	1.077610e-03	10	1.383980e-02	1.119220e-03	11	false	GAMG	1.993040e-02	1.608690e-04	6	true
589           	smoothSolver	1.092710e-02	9.906900e-04	10	1.114360e-02	1.081810e-03	10	1.367700e-02	1.099450e-03	11	false	GAMG	1.933760e-02	1.383260e-04	6	true
590           	smoothSolver	1.100630e-02	9.995590e-04	10	1.132620e-02	1.111270e-03	10	1.361890e-02	1.091920e-03	11	false	GAMG	1.901870e-02	1.246630e-04	6	true
591           	smoothSolver	1.102860e-02	9.978550e-04	10	1.150150e-02	1.137960e-03	10	1.370980e-02	1.101750e-03	11	false	GAMG	1.923620e-02	1.268100e-04	6	true
592           	smoothSolver	1.094550e-02	9.789720e-04	10	1.152800e-02	1.137620e-03	10	1.376930e-02	1.108740e-03	11	false	GAMG	1.973510e-02	1.455110e-04	6	true
593           	smoothSolver	1.079030e-02	9.487210e-04	10	1.142350e-02	1.114640e-03	10	1.374140e-02	1.098500e-03	11	false	GAMG	2.035280e-02	1.518640e-04	6	true
594           	smoothSolver	1.068970e-02	9.301040e-04	10	1.127340e-02	1.083330e-03	10	1.370500e-02	1.362970e-03	10	false	GAMG	2.066690e-02	1.332030e-04	6	true
595           	smoothSolver	1.066480e-02	9.221010e-04	10	1.112050e-02	1.055680e-03	10	1.377070e-02	1.356860e-03	10	false	GAMG	2.062380e-02	1.277280e-04	6	true
596           	smoothSolver	1.072330e-02	9.341540e-04	10	1.122360e-02	1.066950e-03	10	1.388320e-02	1.367000e-03	10	false	GAMG	2.032440e-02	1.352320e-04	6	true
597           	smoothSolver	1.081810e-02	9.567480e-04	10	1.139620e-02	1.094360e-03	10	1.408780e-02	1.391180e-03	10	false	GAMG	2.006390e-02	1.441570e-04	6	true
598           	smoothSolver	1.088070e-02	9.742790e-04	10	1.151880e-02	1.119880e-03	10	1.430450e-02	1.428620e-03	10	false	GAMG	1.983420e-02	1.470700e-04	6	true
599           	smoothSolver	1.087810e-02	9.818130e-04	10	1.155830e-02	1.131510e-03	10	1.443060e-02	1.161430e-03	11	false	GAMG	1.974000e-02	1.529340e-04	6	true
600           	smoothSolver	1.082290e-02	9.828550e-04	10	1.149690e-02	1.128280e-03	10	1.428410e-02	1.163370e-03	11	false	GAMG	1.948880e-02	1.681630e-04	6	true
601           	smoothSolver	1.076800e-02	9.841120e-04	10	1.136240e-02	1.113020e-03	10	1.410130e-02	1.150580e-03	11	false	GAMG	1.972190e-02	1.963100e-04	6	true
602           	smoothSolver	1.075630e-02	9.838680e-04	10	1.118840e-02	1.088030e-03	10	1.394820e-02	1.131220e-03	11	false	GAMG	1.999350e-02	1.740920e-04	6	true
603           	smoothSolver	1.086030e-02	9.862410e-04	10	1.110550e-02	1.075790e-03	10	1.375220e-02	1.108060e-03	11	false	GAMG	1.958610e-02	1.457990e-04	6	true
604           	smoothSolver	1.097360e-02	9.954790e-04	10	1.123760e-02	1.096520e-03	10	1.365870e-02	1.094560e-03	11	false	GAMG	1.906110e-02	1.287660e-04	6	true
605           	smoothSolver	1.104420e-02	1.001490e-03	10	1.144000e-02	1.128950e-03	10	1.368180e-02	1.098310e-03	11	false	GAMG	1.910900e-02	1.234380e-04	6	true
606           	smoothSolver	1.100200e-02	9.898300e-04	10	1.153820e-02	1.141530e-03	10	1.377790e-02	1.109090e-03	11	false	GAMG	1.950800e-02	1.368150e-04	6	true
607           	smoothSolver	1.086770e-02	9.634780e-04	10	1.148130e-02	1.126900e-03	10	1.377110e-02	1.105320e-03	11	false	GAMG	2.009680e-02	1.513410e-04	6	true
608           	smoothSolver	1.072960e-02	9.369930e-04	10	1.134660e-02	1.097920e-03	10	1.373460e-02	1.372850e-03	10	false	GAMG	2.056220e-02	1.410290e-04	6	true
609           	smoothSolver	1.067030e-02	9.256260e-04	10	1.117740e-02	1.065180e-03	10	1.380090e-02	1.364350e-03	10	false	GAMG	2.068510e-02	1.285820e-04	6	true
610           	smoothSolver	1.069650e-02	9.286540e-04	10	1.116800e-02	1.059050e-03	10	1.385030e-02	1.363780e-03	10	false	GAMG	2.047350e-02	1.311790e-04	6	true
611           	smoothSolver	1.079010e-02	9.493090e-04	10	1.133940e-02	1.083970e-03	10	1.401690e-02	1.382180e-03	10	false	GAMG	2.019540e-02	1.401990e-04	6	true
612           	smoothSolver	1.087250e-02	9.706420e-04	10	1.149280e-02	1.111760e-03	10	1.423030e-02	1.414860e-03	10	false	GAMG	1.991880e-02	1.460950e-04	6	true
613           	smoothSolver	1.089980e-02	9.821720e-04	10	1.157140e-02	1.130340e-03	10	1.441670e-02	1.153810e-03	11	false	GAMG	1.982300e-02	1.500280e-04	6	true
614           	smoothSolver	1.087220e-02	9.859390e-04	10	1.155390e-02	1.133890e-03	10	1.433300e-02	1.163280e-03	11	false	GAMG	1.953450e-02	1.574760e-04	6	true
615           	smoothSolver	1.080110e-02	9.853820e-04	10	1.143680e-02	1.122390e-03	10	1.416680e-02	1.156440e-03	11	false	GAMG	1.956540e-02	1.878730e-04	6	true
616           	smoothSolver	1.075430e-02	9.857860e-04	10	1.128400e-02	1.100250e-03	10	1.400570e-02	1.139420e-03	11	false	GAMG	1.992970e-02	1.873640e-04	6	true
617           	smoothSolver	1.081040e-02	9.851960e-04	10	1.111240e-02	1.075730e-03	10	1.382810e-02	1.116890e-03	11	false	GAMG	1.986040e-02	1.564860e-04	6	true
618           	smoothSolver	1.094060e-02	9.922720e-04	10	1.116640e-02	1.084130e-03	10	1.368420e-02	1.098690e-03	11	false	GAMG	1.924670e-02	1.357180e-04	6	true
619           	smoothSolver	1.101890e-02	1.000780e-03	10	1.135690e-02	1.115210e-03	10	1.363920e-02	1.093980e-03	11	false	GAMG	1.900860e-02	1.238170e-04	6	true
620           	smoothSolver	1.102620e-02	9.968290e-04	10	1.151410e-02	1.138930e-03	10	1.374160e-02	1.104850e-03	11	false	GAMG	1.927380e-02	1.287940e-04	6	true
621           	smoothSolver	1.093190e-02	9.762200e-04	10	1.151650e-02	1.134690e-03	10	1.378560e-02	1.109450e-03	11	false	GAMG	1.980330e-02	1.479800e-04	6	true
622           	smoothSolver	1.077950e-02	9.456030e-04	10	1.140000e-02	1.109760e-03	10	1.374950e-02	1.097470e-03	11	false	GAMG	2.041800e-02	1.509150e-04	6	true
623           	smoothSolver	1.069230e-02	9.293160e-04	10	1.124430e-02	1.078050e-03	10	1.371040e-02	1.361390e-03	10	false	GAMG	2.068870e-02	1.313690e-04	6	true
624           	smoothSolver	1.067570e-02	9.228230e-04	10	1.111540e-02	1.054500e-03	10	1.377620e-02	1.356650e-03	10	false	GAMG	2.059690e-02	1.283310e-04	6	true
625           	smoothSolver	1.074540e-02	9.374340e-04	10	1.124440e-02	1.070310e-03	10	1.391320e-02	1.370180e-03	10	false	GAMG	2.029070e-02	1.369040e-04	6	true
626           	smoothSolver	1.083900e-02	9.602030e-04	10	1.141650e-02	1.098290e-03	10	1.412390e-02	1.396380e-03	10	false	GAMG	2.003110e-02	1.454870e-04	6	true
627           	smoothSolver	1.089250e-02	9.765760e-04	10	1.153050e-02	1.122950e-03	10	1.433710e-02	1.140550e-03	11	false	GAMG	1.989200e-02	1.512700e-04	6	true
628           	smoothSolver	1.089550e-02	9.848070e-04	10	1.156450e-02	1.134040e-03	10	1.433130e-02	1.156300e-03	11	false	GAMG	1.967490e-02	1.527140e-04	6	true
629           	smoothSolver	1.082750e-02	9.842780e-04	10	1.148890e-02	1.128580e-03	10	1.420760e-02	1.158410e-03	11	false	GAMG	1.946680e-02	1.725680e-04	6	true
630           	smoothSolver	1.076460e-02	9.848390e-04	10	1.133800e-02	1.110210e-03	10	1.404920e-02	1.146040e-03	11	false	GAMG	1.978020e-02	1.970080e-04	6	true
631           	smoothSolver	1.076820e-02	9.838770e-04	10	1.115470e-02	1.084080e-03	10	1.389890e-02	1.126460e-03	11	false	GAMG	2.001170e-02	1.705900e-04	6	true
632           	smoothSolver	1.088720e-02	9.876140e-04	10	1.111150e-02	1.077390e-03	10	1.370700e-02	1.103950e-03	11	false	GAMG	1.953070e-02	1.436240e-04	6	true
633           	smoothSolver	1.098900e-02	9.971690e-04	10	1.126520e-02	1.101660e-03	10	1.362740e-02	1.092040e-03	11	false	GAMG	1.905840e-02	1.275200e-04	6	true
634           	smoothSolver	1.104770e-02	1.001020e-03	10	1.146740e-02	1.133340e-03	10	1.367690e-02	1.098080e-03	11	false	GAMG	1.916670e-02	1.242350e-04	6	true
635           	smoothSolver	1.099110e-02	9.867500e-04	10	1.154550e-02	1.142090e-03	10	1.376480e-02	1.108410e-03	11	false	GAMG	1.960910e-02	1.396600e-04	6	true
636           	smoothSolver	1.084590e-02	9.587890e-04	10	1.147300e-02	1.124460e-03	10	1.375380e-02	1.102510e-03	11	false	GAMG	2.020690e-02	1.518200e-04	6	true
637           	smoothSolver	1.071720e-02	9.346850e-04	10	1.133530e-02	1.094550e-03	10	1.371760e-02	1.368690e-03	10	false	GAMG	2.062160e-02	1.383730e-04	6	true
638           	smoothSolver	1.067110e-02	9.246690e-04	10	1.116680e-02	1.062410e-03	10	1.378730e-02	1.360960e-03	10	false	GAMG	2.069370e-02	1.277500e-04	6	true
639           	smoothSolver	1.070590e-02	9.305430e-04	10	1.119490e-02	1.061880e-03	10	1.385320e-02	1.363800e-03	10	false	GAMG	2.044400e-02	1.321980e-04	6	true
640           	smoothSolver	1.080130e-02	9.520660e-04	10	1.136550e-02	1.087860e-03	10	1.403570e-02	1.384190e-03	10	false	GAMG	2.017040e-02	1.413240e-04	6	true
641           	smoothSolver	1.088020e-02	9.724630e-04	10	1.151070e-02	1.114990e-03	10	1.425210e-02	1.418890e-03	10	false	GAMG	1.990080e-02	1.462800e-04	6	true
642           	smoothSolver	1.089450e-02	9.825800e-04	10	1.157860e-02	1.131330e-03	10	1.442550e-02	1.156130e-03	11	false	GAMG	1.981030e-02	1.502410e-04	6	true
643           	smoothSolver	1.085860e-02	9.850760e-04	10	1.154740e-02	1.132570e-03	10	1.432300e-02	1.163270e-03	11	false	GAMG	1.951840e-02	1.600380e-04	6	true
644           	smoothSolver	1.079230e-02	9.849530e-04	10	1.142000e-02	1.119600e-03	10	1.414960e-02	1.154370e-03	11	false	GAMG	1.961690e-02	1.918430e-04	6	true
645           	smoothSolver	1.075660e-02	9.854830e-04	10	1.126230e-02	1.096310e-03	10	1.399070e-02	1.136580e-03	11	false	GAMG	1.994770e-02	1.830750e-04	6	true
646           	smoothSolver	1.082750e-02	9.857950e-04	10	1.111100e-02	1.074500e-03	10	1.380420e-02	1.113620e-03	11	false	GAMG	1.977040e-02	1.522720e-04	6	true
647           	smoothSolver	1.095500e-02	9.937350e-04	10	1.119380e-02	1.087310e-03	10	1.368070e-02	1.097100e-03	11	false	GAMG	1.916450e-02	1.330820e-04	6	true
648           	smoothSolver	1.103610e-02	1.002030e-03	10	1.139240e-02	1.119680e-03	10	1.365810e-02	1.095800e-03	11	false	GAMG	1.902460e-02	1.234210e-04	6	true
649           	smoothSolver	1.102720e-02	9.958360e-04	10	1.152940e-02	1.140220e-03	10	1.376850e-02	1.107400e-03	11	false	GAMG	1.934060e-02	1.313400e-04	6	true
650           	smoothSolver	1.092000e-02	9.733750e-04	10	1.150950e-02	1.132370e-03	10	1.379820e-02	1.109490e-03	11	false	GAMG	1.990660e-02	1.500200e-04	6	true
651           	smoothSolver	1.077360e-02	9.433200e-04	10	1.138360e-02	1.105730e-03	10	1.376050e-02	1.096320e-03	11	false	GAMG	2.050440e-02	1.494270e-04	6	true
652           	smoothSolver	1.070160e-02	9.292810e-04	10	1.122500e-02	1.073690e-03	10	1.372200e-02	1.360020e-03	10	false	GAMG	2.072290e-02	1.298640e-04	6	true
653           	smoothSolver	1.069570e-02	9.250780e-04	10	1.113160e-02	1.055560e-03	10	1.379300e-02	1.357480e-03	10	false	GAMG	2.057710e-02	1.291310e-04	6	true
654           	smoothSolver	1.077260e-02	9.417310e-04	10	1.127770e-02	1.074740e-03	10	1.394920e-02	1.374060e-03	10	false	GAMG	2.027780e-02	1.384160e-04	6	true
655           	smoothSolver	1.086130e-02	9.643490e-04	10	1.144600e-02	1.103030e-03	10	1.416380e-02	1.402510e-03	10	false	GAMG	2.001210e-02	1.463780e-04	6	true
656           	smoothSolver	1.090850e-02	9.793410e-04	10	1.155030e-02	1.126410e-03	10	1.437260e-02	1.145610e-03	11	false	GAMG	1.988710e-02	1.513530e-04	6	true
657           	smoothSolver	1.090080e-02	9.863620e-04	10	1.156840e-02	1.135600e-03	10	1.434260e-02	1.160040e-03	11	false	GAMG	1.965360e-02	1.544860e-04	6	true
658           	smoothSolver	1.083170e-02	9.857890e-04	10	1.148000e-02	1.128240e-03	10	1.420520e-02	1.159390e-03	11	false	GAMG	1.950510e-02	1.776140e-04	6	true
659           	smoothSolver	1.076960e-02	9.865530e-04	10	1.133010e-02	1.108700e-03	10	1.404750e-02	1.145640e-03	11	false	GAMG	1.986610e-02	1.957730e-04	6	true
660           	smoothSolver	1.079120e-02	9.850730e-04	10	1.114540e-02	1.082290e-03	10	1.389050e-02	1.125090e-03	11	false	GAMG	2.002240e-02	1.668160e-04	6	true
661           	smoothSolver	1.092000e-02	9.900850e-04	10	1.113520e-02	1.080710e-03	10	1.370590e-02	1.103490e-03	11	false	GAMG	1.948370e-02	1.416410e-04	6	true
662           	smoothSolver	1.100880e-02	9.993980e-04	10	1.130330e-02	1.107570e-03	10	1.363500e-02	1.093010e-03	11	false	GAMG	1.906530e-02	1.263090e-04	6	true
663           	smoothSolver	1.105210e-02	1.000760e-03	10	1.149770e-02	1.137570e-03	10	1.370370e-02	1.100780e-03	11	false	GAMG	1.922470e-02	1.253080e-04	6	true
664           	smoothSolver	1.098060e-02	9.840980e-04	10	1.155380e-02	1.142230e-03	10	1.377790e-02	1.109910e-03	11	false	GAMG	1.969570e-02	1.424450e-04	6	true
665           	smoothSolver	1.082690e-02	9.547170e-04	10	1.146720e-02	1.121910e-03	10	1.375960e-02	1.101780e-03	11	false	GAMG	2.029790e-02	1.522790e-04	6	true
666           	smoothSolver	1.070960e-02	9.331630e-04	10	1.132420e-02	1.091170e-03	10	1.372110e-02	1.367050e-03	10	false	GAMG	2.067010e-02	1.359850e-04	6	true
667           	smoothSolver	1.067540e-02	9.241910e-04	10	1.115830e-02	1.060330e-03	10	1.379080e-02	1.360010e-03	10	false	GAMG	2.069150e-02	1.274640e-04	6	true
668           	smoothSolver	1.071950e-02	9.327250e-04	10	1.121980e-02	1.065210e-03	10	1.387520e-02	1.366030e-03	10	false	GAMG	2.041020e-02	1.334640e-04	6	true
669           	smoothSolver	1.081530e-02	9.548540e-04	10	1.139150e-02	1.091830e-03	10	1.406870e-02	1.388020e-03	10	false	GAMG	2.014030e-02	1.425840e-04	6	true
670           	smoothSolver	1.088760e-02	9.741700e-04	10	1.152730e-02	1.118320e-03	10	1.428530e-02	1.424150e-03	10	false	GAMG	1.988480e-02	1.465660e-04	6	true
671           	smoothSolver	1.089430e-02	9.830680e-04	10	1.158450e-02	1.132530e-03	10	1.444100e-02	1.159180e-03	11	false	GAMG	1.979630e-02	1.510020e-04	6	true
672           	smoothSolver	1.084930e-02	9.846850e-04	10	1.153930e-02	1.131660e-03	10	1.431780e-02	1.164020e-03	11	false	GAMG	1.952080e-02	1.631670e-04	6	true
673           	smoothSolver	1.078800e-02	9.851730e-04	10	1.140500e-02	1.117460e-03	10	1.413970e-02	1.153320e-03	11	false	GAMG	1.967160e-02	1.943900e-04	6	true
674           	smoothSolver	1.076240e-02	9.856100e-04	10	1.124010e-02	1.093250e-03	10	1.398430e-02	1.134750e-03	11	false	GAMG	1.997840e-02	1.790030e-04	6	true
675           	smoothSolver	1.084790e-02	9.866760e-04	10	1.111580e-02	1.075160e-03	10	1.378980e-02	1.111610e-03	11	false	GAMG	1.969230e-02	1.489610e-04	6	true
676           	smoothSolver	1.097040e-02	9.952670e-04	10	1.122290e-02	1.091690e-03	10	1.368130e-02	1.096470e-03	11	false	GAMG	1.910780e-02	1.309500e-04	6	true
677           	smoothSolver	1.104950e-02	1.002900e-03	10	1.142310e-02	1.124460e-03	10	1.367930e-02	1.097760e-03	11	false	GAMG	1.905380e-02	1.232790e-04	6	true
678           	smoothSolver	1.102570e-02	9.943760e-04	10	1.154050e-02	1.141520e-03	10	1.378800e-02	1.109380e-03	11	false	GAMG	1.941060e-02	1.338160e-04	6	true
679           	smoothSolver	1.090600e-02	9.700200e-04	10	1.150110e-02	1.130420e-03	10	1.380050e-02	1.108850e-03	11	false	GAMG	2.000320e-02	1.508120e-04	6	true
680           	smoothSolver	1.076390e-02	9.411440e-04	10	1.136900e-02	1.102450e-03	10	1.376230e-02	1.094560e-03	11	false	GAMG	2.056840e-02	1.473750e-04	6	true
681           	smoothSolver	1.070320e-02	9.291330e-04	10	1.120780e-02	1.070210e-03	10	1.372170e-02	1.357980e-03	10	false	GAMG	2.072490e-02	1.284460e-04	6	true
682           	smoothSolver	1.070770e-02	9.276080e-04	10	1.115320e-02	1.057770e-03	10	1.380200e-02	1.358160e-03	10	false	GAMG	2.053730e-02	1.297450e-04	6	true
683           	smoothSolver	1.078820e-02	9.458150e-04	10	1.130570e-02	1.078970e-03	10	1.397400e-02	1.377070e-03	10	false	GAMG	2.024240e-02	1.393970e-04	6	true
684           	smoothSolver	1.087090e-02	9.678170e-04	10	1.146670e-02	1.107060e-03	10	1.418930e-02	1.407580e-03	10	false	GAMG	1.996310e-02	1.465570e-04	6	true
685           	smoothSolver	1.091130e-02	9.811850e-04	10	1.156070e-02	1.128650e-03	10	1.438950e-02	1.149150e-03	11	false	GAMG	1.986290e-02	1.508640e-04	6	true
686           	smoothSolver	1.089550e-02	9.868970e-04	10	1.156380e-02	1.135510e-03	10	1.433570e-02	1.161730e-03	11	false	GAMG	1.960610e-02	1.559280e-04	6	true
687           	smoothSolver	1.082290e-02	9.862870e-04	10	1.146190e-02	1.126320e-03	10	1.418650e-02	1.158400e-03	11	false	GAMG	1.953190e-02	1.826020e-04	6	true
688           	smoothSolver	1.076540e-02	9.868480e-04	10	1.131140e-02	1.105600e-03	10	1.402910e-02	1.143390e-03	11	false	GAMG	1.991590e-02	1.928180e-04	6	true
689           	smoothSolver	1.080340e-02	9.854190e-04	10	1.112900e-02	1.079520e-03	10	1.386440e-02	1.122030e-03	11	false	GAMG	1.997800e-02	1.624930e-04	6	true
690           	smoothSolver	1.093580e-02	9.914580e-04	10	1.115010e-02	1.082720e-03	10	1.369510e-02	1.101740e-03	11	false	GAMG	1.939060e-02	1.392140e-04	6	true
691           	smoothSolver	1.101560e-02	1.000450e-03	10	1.133040e-02	1.111820e-03	10	1.363430e-02	1.093390e-03	11	false	GAMG	1.904060e-02	1.251110e-04	6	true
692           	smoothSolver	1.104250e-02	9.993090e-04	10	1.151130e-02	1.139390e-03	10	1.372100e-02	1.102820e-03	11	false	GAMG	1.924950e-02	1.267060e-04	6	true
693           	smoothSolver	1.095990e-02	9.807490e-04	10	1.154430e-02	1.140070e-03	10	1.378320e-02	1.110400e-03	11	false	GAMG	1.975220e-02	1.451190e-04	6	true
694           	smoothSolver	1.080450e-02	9.504920e-04	10	1.144380e-02	1.117400e-03	10	1.375800e-02	1.100370e-03	11	false	GAMG	2.036260e-02	1.522860e-04	6	true
695           	smoothSolver	1.070070e-02	9.314120e-04	10	1.129470e-02	1.085960e-03	10	1.371870e-02	1.364870e-03	10	false	GAMG	2.069390e-02	1.338700e-04	6	true
696           	smoothSolver	1.067510e-02	9.232920e-04	10	1.113890e-02	1.057590e-03	10	1.378790e-02	1.358700e-03	10	false	GAMG	2.067010e-02	1.276550e-04	6	true
697           	smoothSolver	1.073040e-02	9.344960e-04	10	1.123350e-02	1.067720e-03	10	1.389510e-02	1.368130e-03	10	false	GAMG	2.036980e-02	1.350050e-04	6	true
698           	smoothSolver	1.082630e-02	9.571200e-04	10	1.140660e-02	1.095090e-03	10	1.409780e-02	1.391800e-03	10	false	GAMG	2.010230e-02	1.440010e-04	6	true
699           	smoothSolver	1.089170e-02	9.752650e-04	10	1.153300e-02	1.120930e-03	10	1.431390e-02	1.429100e-03	10	false	GAMG	1.986340e-02	1.471440e-04	6	true
700           	smoothSolver	1.089190e-02	9.831520e-04	10	1.157810e-02	1.133100e-03	10	1.444760e-02	1.162040e-03	11	false	GAMG	1.977690e-02	1.524850e-04	6	true
701           	smoothSolver	1.083790e-02	9.842640e-04	10	1.152070e-02	1.130340e-03	10	1.430710e-02	1.164510e-03	11	false	GAMG	1.951890e-02	1.670830e-04	6	true
702           	smoothSolver	1.078280e-02	9.853390e-04	10	1.138560e-02	1.115270e-03	10	1.412610e-02	1.152200e-03	11	false	GAMG	1.973070e-02	1.961580e-04	6	true
703           	smoothSolver	1.076810e-02	9.852860e-04	10	1.121270e-02	1.090280e-03	10	1.397180e-02	1.132910e-03	11	false	GAMG	2.001350e-02	1.752640e-04	6	true
704           	smoothSolver	1.086790e-02	9.873630e-04	10	1.112050e-02	1.076560e-03	10	1.377380e-02	1.109720e-03	11	false	GAMG	1.962480e-02	1.464800e-04	6	true
705           	smoothSolver	1.098380e-02	9.964820e-04	10	1.124760e-02	1.096490e-03	10	1.367580e-02	1.095720e-03	11	false	GAMG	1.908030e-02	1.293370e-04	6	true
706           	smoothSolver	1.105520e-02	1.002840e-03	10	1.144860e-02	1.129030e-03	10	1.369270e-02	1.099050e-03	11	false	GAMG	1.909890e-02	1.234600e-04	6	true
707           	smoothSolver	1.101640e-02	9.918000e-04	10	1.154780e-02	1.142570e-03	10	1.379360e-02	1.110140e-03	11	false	GAMG	1.949540e-02	1.363160e-04	6	true
708           	smoothSolver	1.088460e-02	9.656670e-04	10	1.149280e-02	1.128450e-03	10	1.379070e-02	1.107090e-03	11	false	GAMG	2.009490e-02	1.511600e-04	6	true
709           	smoothSolver	1.074690e-02	9.385800e-04	10	1.135690e-02	1.099400e-03	10	1.375320e-02	1.374880e-03	10	false	GAMG	2.057600e-02	1.417730e-04	6	true
710           	smoothSolver	1.068520e-02	9.269590e-04	10	1.118760e-02	1.066600e-03	10	1.381990e-02	1.366360e-03	10	false	GAMG	2.071970e-02	1.287520e-04	6	true
711           	smoothSolver	1.070980e-02	9.292080e-04	10	1.116860e-02	1.059120e-03	10	1.386960e-02	1.365280e-03	10	false	GAMG	2.051540e-02	1.310950e-04	6	true
712           	smoothSolver	1.080190e-02	9.495310e-04	10	1.133990e-02	1.083430e-03	10	1.403230e-02	1.383390e-03	10	false	GAMG	2.022790e-02	1.402050e-04	6	true
713           	smoothSolver	1.088400e-02	9.710610e-04	10	1.149720e-02	1.111480e-03	10	1.424340e-02	1.415480e-03	10	false	GAMG	1.994000e-02	1.463420e-04	6	true
714           	smoothSolver	1.091370e-02	9.829650e-04	10	1.157930e-02	1.130770e-03	10	1.443180e-02	1.154510e-03	11	false	GAMG	1.984530e-02	1.503410e-04	6	true
715           	smoothSolver	1.088820e-02	9.872940e-04	10	1.156560e-02	1.135170e-03	10	1.435330e-02	1.164690e-03	11	false	GAMG	1.956430e-02	1.573390e-04	6	true
716           	smoothSolver	1.081620e-02	9.867380e-04	10	1.145070e-02	1.124300e-03	10	1.418990e-02	1.158690e-03	11	false	GAMG	1.956860e-02	1.870450e-04	6	true
717           	smoothSolver	1.076740e-02	9.872110e-04	10	1.129770e-02	1.102510e-03	10	1.402890e-02	1.142240e-03	11	false	GAMG	1.994390e-02	1.890180e-04	6	true
718           	smoothSolver	1.081950e-02	9.863430e-04	10	1.112240e-02	1.077460e-03	10	1.385270e-02	1.119970e-03	11	false	GAMG	1.990470e-02	1.581280e-04	6	true
719           	smoothSolver	1.095100e-02	9.933540e-04	10	1.117130e-02	1.084850e-03	10	1.370170e-02	1.101160e-03	11	false	GAMG	1.928630e-02	1.366000e-04	6	true
720           	smoothSolver	1.102800e-02	1.001980e-03	10	1.136160e-02	1.115820e-03	10	1.365240e-02	1.095440e-03	11	false	GAMG	1.901650e-02	1.241730e-04	6	true
721           	smoothSolver	1.103910e-02	9.985640e-04	10	1.152520e-02	1.140590e-03	10	1.375250e-02	1.106060e-03	11	false	GAMG	1.927560e-02	1.285180e-04	6	true
722           	smoothSolver	1.094780e-02	9.783060e-04	10	1.153430e-02	1.137460e-03	10	1.380140e-02	1.111570e-03	11	false	GAMG	1.981570e-02	1.476820e-04	6	true
723           	smoothSolver	1.079610e-02	9.476830e-04	10	1.142060e-02	1.112840e-03	10	1.377010e-02	1.099920e-03	11	false	GAMG	2.042660e-02	1.516610e-04	6	true
724           	smoothSolver	1.070560e-02	9.308100e-04	10	1.126640e-02	1.080920e-03	10	1.373040e-02	1.364230e-03	10	false	GAMG	2.072090e-02	1.321100e-04	6	true
725           	smoothSolver	1.068710e-02	9.238570e-04	10	1.113160e-02	1.056210e-03	10	1.379890e-02	1.359140e-03	10	false	GAMG	2.064990e-02	1.282740e-04	6	true
726           	smoothSolver	1.075260e-02	9.376730e-04	10	1.125450e-02	1.071130e-03	10	1.392960e-02	1.371790e-03	10	false	GAMG	2.034300e-02	1.367230e-04	6	true
727           	smoothSolver	1.084720e-02	9.604880e-04	10	1.142850e-02	1.099200e-03	10	1.413880e-02	1.397310e-03	10	false	GAMG	2.008060e-02	1.454560e-04	6	true
728           	smoothSolver	1.090400e-02	9.774670e-04	10	1.154530e-02	1.124260e-03	10	1.435250e-02	1.141270e-03	11	false	GAMG	1.992770e-02	1.514770e-04	6	true
729           	smoothSolver	1.091030e-02	9.860620e-04	10	1.158550e-02	1.135890e-03	10	1.435400e-02	1.157280e-03	11	false	GAMG	1.971520e-02	1.523020e-04	6	true
730           	smoothSolver	1.084200e-02	9.855260e-04	10	1.151370e-02	1.130920e-03	10	1.423490e-02	1.160030e-03	11	false	GAMG	1.949760e-02	1.713280e-04	6	true
731           	smoothSolver	1.078000e-02	9.859040e-04	10	1.136230e-02	1.112750e-03	10	1.407580e-02	1.147950e-03	11	false	GAMG	1.978590e-02	1.972230e-04	6	true
732           	smoothSolver	1.077760e-02	9.850180e-04	10	1.117810e-02	1.086490e-03	10	1.392480e-02	1.128390e-03	11	false	GAMG	2.003570e-02	1.718580e-04	6	true
733           	smoothSolver	1.089370e-02	9.884540e-04	10	1.112450e-02	1.078150e-03	10	1.372960e-02	1.105640e-03	11	false	GAMG	1.957180e-02	1.445030e-04	6	true
734           	smoothSolver	1.100000e-02	9.979520e-04	10	1.127320e-02	1.101580e-03	10	1.364530e-02	1.093250e-03	11	false	GAMG	1.908300e-02	1.281090e-04	6	true
735           	smoothSolver	1.106040e-02	1.002440e-03	10	1.147500e-02	1.133590e-03	10	1.368760e-02	1.098690e-03	11	false	GAMG	1.916630e-02	1.240820e-04	6	true
736           	smoothSolver	1.100700e-02	9.888860e-04	10	1.155720e-02	1.143540e-03	10	1.377950e-02	1.109270e-03	11	false	GAMG	1.960130e-02	1.388990e-04	6	true
737           	smoothSolver	1.086460e-02	9.612450e-04	10	1.148880e-02	1.126580e-03	10	1.377130e-02	1.104140e-03	11	false	GAMG	2.019700e-02	1.516640e-04	6	true
738           	smoothSolver	1.073350e-02	9.363800e-04	10	1.135100e-02	1.096750e-03	10	1.373710e-02	1.370910e-03	10	false	GAMG	2.063150e-02	1.392190e-04	6	true
739           	smoothSolver	1.068530e-02	9.261910e-04	10	1.118170e-02	1.064300e-03	10	1.380760e-02	1.363050e-03	10	false	GAMG	2.072340e-02	1.278880e-04	6	true
740           	smoothSolver	1.071860e-02	9.311860e-04	10	1.119760e-02	1.061950e-03	10	1.387040e-02	1.365110e-03	10	false	GAMG	2.048140e-02	1.318970e-04	6	true
741           	smoothSolver	1.081260e-02	9.523740e-04	10	1.136770e-02	1.087290e-03	10	1.404860e-02	1.385060e-03	10	false	GAMG	2.019960e-02	1.410610e-04	6	true
742           	smoothSolver	1.089130e-02	9.730420e-04	10	1.151660e-02	1.114590e-03	10	1.426290e-02	1.419170e-03	10	false	GAMG	1.992200e-02	1.463020e-04	6	true
743           	smoothSolver	1.090800e-02	9.835370e-04	10	1.158820e-02	1.131670e-03	10	1.444000e-02	1.156600e-03	11	false	GAMG	1.983670e-02	1.502390e-04	6	true
744           	smoothSolver	1.087570e-02	9.865540e-04	10	1.156070e-02	1.133830e-03	10	1.434390e-02	1.164640e-03	11	false	GAMG	1.954670e-02	1.593960e-04	6	true
745           	smoothSolver	1.080800e-02	9.863590e-04	10	1.143560e-02	1.121460e-03	10	1.417450e-02	1.156660e-03	11	false	GAMG	1.962160e-02	1.909270e-04	6	true
746           	smoothSolver	1.076980e-02	9.870290e-04	10	1.127870e-02	1.098520e-03	10	1.401440e-02	1.139370e-03	11	false	GAMG	1.996890e-02	1.846900e-04	6	true
747           	smoothSolver	1.083500e-02	9.869430e-04	10	1.111920e-02	1.075680e-03	10	1.382970e-02	1.116600e-03	11	false	GAMG	1.982190e-02	1.537210e-04	6	true
748           	smoothSolver	1.096160e-02	9.946770e-04	10	1.119540e-02	1.087360e-03	10	1.369970e-02	1.099490e-03	11	false	GAMG	1.919980e-02	1.338980e-04	6	true
749           	smoothSolver	1.104170e-02	1.003080e-03	10	1.139350e-02	1.119700e-03	10	1.367040e-02	1.097090e-03	11	false	GAMG	1.902290e-02	1.236080e-04	6	true
750           	smoothSolver	1.103800e-02	9.974320e-04	10	1.153700e-02	1.141370e-03	10	1.378040e-02	1.108740e-03	11	false	GAMG	1.932570e-02	1.308590e-04	6	true
751           	smoothSolver	1.093470e-02	9.754620e-04	10	1.152400e-02	1.134630e-03	10	1.381580e-02	1.111890e-03	11	false	GAMG	1.990130e-02	1.498430e-04	6	true
752           	smoothSolver	1.078690e-02	9.449580e-04	10	1.140020e-02	1.108250e-03	10	1.377930e-02	1.098850e-03	11	false	GAMG	2.050400e-02	1.503830e-04	6	true
753           	smoothSolver	1.070990e-02	9.302900e-04	10	1.124140e-02	1.075970e-03	10	1.373940e-02	1.362690e-03	10	false	GAMG	2.074730e-02	1.305140e-04	6	true
754           	smoothSolver	1.070140e-02	9.254030e-04	10	1.113950e-02	1.056430e-03	10	1.381130e-02	1.359550e-03	10	false	GAMG	2.062390e-02	1.289970e-04	6	true
755           	smoothSolver	1.077610e-02	9.413770e-04	10	1.128160e-02	1.075040e-03	10	1.396310e-02	1.375370e-03	10	false	GAMG	2.032020e-02	1.382810e-04	6	true
756           	smoothSolver	1.086770e-02	9.642060e-04	10	1.145230e-02	1.103470e-03	10	1.417670e-02	1.403080e-03	10	false	GAMG	2.005810e-02	1.465070e-04	6	true
757           	smoothSolver	1.091790e-02	9.799590e-04	10	1.156120e-02	1.127480e-03	10	1.438630e-02	1.146260e-03	11	false	GAMG	1.991860e-02	1.516920e-04	6	true
758           	smoothSolver	1.091390e-02	9.875190e-04	10	1.158610e-02	1.137380e-03	10	1.436480e-02	1.161130e-03	11	false	GAMG	1.969750e-02	1.541500e-04	6	true
759           	smoothSolver	1.084580e-02	9.869220e-04	10	1.150320e-02	1.130610e-03	10	1.423250e-02	1.161250e-03	11	false	GAMG	1.952930e-02	1.761880e-04	6	true
760           	smoothSolver	1.078470e-02	9.876290e-04	10	1.135350e-02	1.111410e-03	10	1.407540e-02	1.147790e-03	11	false	GAMG	1.986930e-02	1.965900e-04	6	true
761           	smoothSolver	1.079990e-02	9.861630e-04	10	1.116720e-02	1.084780e-03	10	1.391790e-02	1.127350e-03	11	false	GAMG	2.005760e-02	1.683180e-04	6	true
762           	smoothSolver	1.092550e-02	9.907970e-04	10	1.114650e-02	1.081450e-03	10	1.372790e-02	1.105320e-03	11	false	GAMG	1.953300e-02	1.426670e-04	6	true
763           	smoothSolver	1.101880e-02	1.000160e-03	10	1.131000e-02	1.107520e-03	10	1.365150e-02	1.094110e-03	11	false	GAMG	1.909520e-02	1.269410e-04	6	true
764           	smoothSolver	1.106470e-02	1.002260e-03	10	1.150560e-02	1.138110e-03	10	1.371250e-02	1.101210e-03	11	false	GAMG	1.922330e-02	1.250220e-04	6	true
765           	smoothSolver	1.099710e-02	9.862420e-04	10	1.156760e-02	1.144080e-03	10	1.378990e-02	1.110700e-03	11	false	GAMG	1.968850e-02	1.415790e-04	6	true
766           	smoothSolver	1.084450e-02	9.570710e-04	10	1.148490e-02	1.124460e-03	10	1.377400e-02	1.103360e-03	11	false	GAMG	2.029340e-02	1.521590e-04	6	true
767           	smoothSolver	1.072250e-02	9.345900e-04	10	1.134220e-02	1.093710e-03	10	1.373560e-02	1.368940e-03	10	false	GAMG	2.067530e-02	1.367450e-04	6	true
768           	smoothSolver	1.068670e-02	9.254870e-04	10	1.117260e-02	1.062150e-03	10	1.380610e-02	1.361640e-03	10	false	GAMG	2.071770e-02	1.273870e-04	6	true
769           	smoothSolver	1.072760e-02	9.330960e-04	10	1.122180e-02	1.065050e-03	10	1.388520e-02	1.366730e-03	10	false	GAMG	2.044100e-02	1.330050e-04	6	true
770           	smoothSolver	1.082180e-02	9.548500e-04	10	1.139180e-02	1.091050e-03	10	1.407510e-02	1.388230e-03	10	false	GAMG	2.016370e-02	1.421950e-04	6	true
771           	smoothSolver	1.089490e-02	9.744480e-04	10	1.153150e-02	1.117720e-03	10	1.428940e-02	1.423710e-03	10	false	GAMG	1.990260e-02	1.465090e-04	6	true
772           	smoothSolver	1.090240e-02	9.836560e-04	10	1.159280e-02	1.132690e-03	10	1.444970e-02	1.159160e-03	11	false	GAMG	1.981700e-02	1.506880e-04	6	true
773           	smoothSolver	1.086170e-02	9.856800e-04	10	1.155150e-02	1.132700e-03	10	1.433450e-02	1.164980e-03	11	false	GAMG	1.953490e-02	1.621170e-04	6	true
774           	smoothSolver	1.079910e-02	9.860450e-04	10	1.141820e-02	1.119060e-03	10	1.415920e-02	1.155150e-03	11	false	GAMG	1.966660e-02	1.936650e-04	6	true
775           	smoothSolver	1.077020e-02	9.867250e-04	10	1.125480e-02	1.095150e-03	10	1.400260e-02	1.137100e-03	11	false	GAMG	1.998120e-02	1.805350e-04	6	true
776           	smoothSolver	1.084910e-02	9.873170e-04	10	1.111960e-02	1.075650e-03	10	1.380980e-02	1.114000e-03	11	false	GAMG	1.973120e-02	1.500900e-04	6	true
777           	smoothSolver	1.097200e-02	9.957720e-04	10	1.122000e-02	1.091020e-03	10	1.369610e-02	1.098340e-03	11	false	GAMG	1.912970e-02	1.316210e-04	6	true
778           	smoothSolver	1.105220e-02	1.003720e-03	10	1.142070e-02	1.123910e-03	10	1.368670e-02	1.098700e-03	11	false	GAMG	1.904530e-02	1.233320e-04	6	true
779           	smoothSolver	1.103370e-02	9.959240e-04	10	1.154570e-02	1.142250e-03	10	1.379710e-02	1.110480e-03	11	false	GAMG	1.938810e-02	1.331560e-04	6	true
780           	smoothSolver	1.091980e-02	9.722330e-04	10	1.151340e-02	1.132310e-03	10	1.381640e-02	1.111050e-03	11	false	GAMG	1.998570e-02	1.507890e-04	6	true
781           	smoothSolver	1.077660e-02	9.428370e-04	10	1.138290e-02	1.104590e-03	10	1.377910e-02	1.096900e-03	11	false	GAMG	2.056060e-02	1.483950e-04	6	true
782           	smoothSolver	1.071140e-02	9.301930e-04	10	1.122300e-02	1.072250e-03	10	1.373820e-02	1.360550e-03	10	false	GAMG	2.074700e-02	1.290140e-04	6	true
783           	smoothSolver	1.071280e-02	9.277130e-04	10	1.115660e-02	1.058090e-03	10	1.381720e-02	1.359880e-03	10	false	GAMG	2.057900e-02	1.295970e-04	6	true
784           	smoothSolver	1.079180e-02	9.453060e-04	10	1.130690e-02	1.078830e-03	10	1.398390e-02	1.377960e-03	10	false	GAMG	2.027940e-02	1.392670e-04	6	true
785           	smoothSolver	1.087700e-02	9.677300e-04	10	1.147120e-02	1.107190e-03	10	1.419810e-02	1.407760e-03	10	false	GAMG	2.000350e-02	1.467410e-04	6	true
786           	smoothSolver	1.092110e-02	9.818970e-04	10	1.156950e-02	1.129580e-03	10	1.440080e-02	1.149630e-03	11	false	GAMG	1.988800e-02	1.511770e-04	6	true
787           	smoothSolver	1.090890e-02	9.881160e-04	10	1.157940e-02	1.137250e-03	10	1.435630e-02	1.162800e-03	11	false	GAMG	1.964440e-02	1.553790e-04	6	true
788           	smoothSolver	1.083670e-02	9.874270e-04	10	1.148280e-02	1.128630e-03	10	1.421090e-02	1.160220e-03	11	false	GAMG	1.954050e-02	1.808830e-04	6	true
789           	smoothSolver	1.077720e-02	9.879490e-04	10	1.133320e-02	1.108220e-03	10	1.405330e-02	1.145470e-03	11	false	GAMG	1.991350e-02	1.939950e-04	6	true
790           	smoothSolver	1.080940e-02	9.863160e-04	10	1.114720e-02	1.081670e-03	10	1.388910e-02	1.124140e-03	11	false	GAMG	2.001290e-02	1.641120e-04	6	true
791           	smoothSolver	1.093990e-02	9.919280e-04	10	1.115670e-02	1.083060e-03	10	1.371200e-02	1.103260e-03	11	false	GAMG	1.943910e-02	1.402850e-04	6	true
792           	smoothSolver	1.102190e-02	1.000930e-03	10	1.133200e-02	1.111280e-03	10	1.364500e-02	1.093950e-03	11	false	GAMG	1.906160e-02	1.256420e-04	6	true
793           	smoothSolver	1.105340e-02	1.000630e-03	10	1.151660e-02	1.139690e-03	10	1.372410e-02	1.102740e-03	11	false	GAMG	1.924250e-02	1.261270e-04	6	true
794           	smoothSolver	1.097390e-02	9.826340e-04	10	1.155650e-02	1.141780e-03	10	1.379050e-02	1.110880e-03	11	false	GAMG	1.973700e-02	1.440950e-04	6	true
795           	smoothSolver	1.081780e-02	9.524880e-04	10	1.145990e-02	1.119810e-03	10	1.376660e-02	1.101500e-03	11	false	GAMG	2.034330e-02	1.522790e-04	6	true
796           	smoothSolver	1.070750e-02	9.324060e-04	10	1.131200e-02	1.088510e-03	10	1.372720e-02	1.366290e-03	10	false	GAMG	2.069270e-02	1.345270e-04	6	true
797           	smoothSolver	1.068080e-02	9.240160e-04	10	1.114960e-02	1.058950e-03	10	1.379740e-02	1.359770e-03	10	false	GAMG	2.068640e-02	1.274290e-04	6	true
798           	smoothSolver	1.073150e-02	9.341910e-04	10	1.123120e-02	1.066940e-03	10	1.389640e-02	1.368010e-03	10	false	GAMG	2.038780e-02	1.343990e-04	6	true
799           	smoothSolver	1.082600e-02	9.565400e-04	10	1.140300e-02	1.093750e-03	10	1.409550e-02	1.391030e-03	10	false	GAMG	2.011740e-02	1.434890e-04	6	true
800           	smoothSolver	1.089260e-02	9.749630e-04	10	1.153310e-02	1.119800e-03	10	1.430980e-02	1.427750e-03	10	false	GAMG	1.986940e-02	1.469300e-04	6	true
801           	smoothSolver	1.089510e-02	9.832060e-04	10	1.158280e-02	1.132780e-03	10	1.445040e-02	1.161320e-03	11	false	GAMG	1.978440e-02	1.519110e-04	6	true
802           	smoothSolver	1.084480e-02	9.845920e-04	10	1.152940e-02	1.130920e-03	10	1.431650e-02	1.164860e-03	11	false	GAMG	1.952200e-02	1.656150e-04	6	true
803           	smoothSolver	1.078820e-02	9.855760e-04	10	1.139370e-02	1.116370e-03	10	1.413840e-02	1.153410e-03	11	false	GAMG	1.970870e-02	1.956360e-04	6	true
804           	smoothSolver	1.077030e-02	9.859090e-04	10	1.122340e-02	1.091750e-03	10	1.398420e-02	1.134700e-03	11	false	GAMG	2.000550e-02	1.767510e-04	6	true
805           	smoothSolver	1.086330e-02	9.874540e-04	10	1.111890e-02	1.076320e-03	10	1.378670e-02	1.111490e-03	11	false	GAMG	1.965360e-02	1.473820e-04	6	true
806           	smoothSolver	1.098080e-02	9.964950e-04	10	1.124050e-02	1.095130e-03	10	1.368540e-02	1.096940e-03	11	false	GAMG	1.908770e-02	1.298690e-04	6	true
807           	smoothSolver	1.105580e-02	1.003450e-03	10	1.144210e-02	1.127960e-03	10	1.369470e-02	1.099460e-03	11	false	GAMG	1.907750e-02	1.233830e-04	6	true
808           	smoothSolver	1.102280e-02	9.933190e-04	10	1.155020e-02	1.142880e-03	10	1.379940e-02	1.110880e-03	11	false	GAMG	1.946410e-02	1.355510e-04	6	true
809           	smoothSolver	1.089680e-02	9.678040e-04	10	1.150120e-02	1.129970e-03	10	1.380190e-02	1.108940e-03	11	false	GAMG	2.006680e-02	1.510860e-04	6	true
810           	smoothSolver	1.075660e-02	9.399300e-04	10	1.136730e-02	1.101120e-03	10	1.376470e-02	1.093790e-03	11	false	GAMG	2.060200e-02	1.460390e-04	6	true
811           	smoothSolver	1.070410e-02	9.290880e-04	10	1.120470e-02	1.068570e-03	10	1.372200e-02	1.356890e-03	10	false	GAMG	2.073050e-02	1.276170e-04	6	true
812           	smoothSolver	1.071480e-02	9.292880e-04	10	1.117490e-02	1.059880e-03	10	1.381070e-02	1.359030e-03	10	false	GAMG	2.052190e-02	1.300500e-04	6	true
813           	smoothSolver	1.079610e-02	9.481100e-04	10	1.132620e-02	1.081950e-03	10	1.399260e-02	1.379020e-03	10	false	GAMG	2.022650e-02	1.399370e-04	6	true
814           	smoothSolver	1.087750e-02	9.698190e-04	10	1.148110e-02	1.109710e-03	10	1.420700e-02	1.410820e-03	10	false	GAMG	1.994620e-02	1.464660e-04	6	true
815           	smoothSolver	1.091210e-02	9.824370e-04	10	1.156920e-02	1.130040e-03	10	1.439950e-02	1.151230e-03	11	false	GAMG	1.984530e-02	1.504270e-04	6	true
816           	smoothSolver	1.089000e-02	9.871790e-04	10	1.156290e-02	1.135320e-03	10	1.433190e-02	1.162260e-03	11	false	GAMG	1.958300e-02	1.566410e-04	6	true
817           	smoothSolver	1.081720e-02	9.864700e-04	10	1.145360e-02	1.124990e-03	10	1.417680e-02	1.157230e-03	11	false	GAMG	1.955650e-02	1.854710e-04	6	true
818           	smoothSolver	1.076540e-02	9.868850e-04	10	1.130240e-02	1.103470e-03	10	1.402000e-02	1.141410e-03	11	false	GAMG	1.993170e-02	1.903560e-04	6	true
819           	smoothSolver	1.081210e-02	9.857390e-04	10	1.112300e-02	1.077760e-03	10	1.384810e-02	1.119550e-03	11	false	GAMG	1.993240e-02	1.596800e-04	6	true
820           	smoothSolver	1.094280e-02	9.923320e-04	10	1.116260e-02	1.083680e-03	10	1.369030e-02	1.100290e-03	11	false	GAMG	1.932600e-02	1.376170e-04	6	true
821           	smoothSolver	1.102010e-02	1.001090e-03	10	1.134970e-02	1.114060e-03	10	1.363630e-02	1.093630e-03	11	false	GAMG	1.902510e-02	1.245060e-04	6	true
822           	smoothSolver	1.103560e-02	9.984610e-04	10	1.151900e-02	1.139860e-03	10	1.373280e-02	1.104020e-03	11	false	GAMG	1.925320e-02	1.277690e-04	6	true
823           	smoothSolver	1.094820e-02	9.788140e-04	10	1.153560e-02	1.138090e-03	10	1.378830e-02	1.110460e-03	11	false	GAMG	1.978160e-02	1.467130e-04	6	true
824           	smoothSolver	1.079420e-02	9.481100e-04	10	1.142590e-02	1.114050e-03	10	1.375830e-02	1.099480e-03	11	false	GAMG	2.039690e-02	1.519360e-04	6	true
825           	smoothSolver	1.069860e-02	9.304390e-04	10	1.127220e-02	1.082140e-03	10	1.371850e-02	1.363520e-03	10	false	GAMG	2.070530e-02	1.326420e-04	6	true
826           	smoothSolver	1.068030e-02	9.231900e-04	10	1.112800e-02	1.055930e-03	10	1.378910e-02	1.358070e-03	10	false	GAMG	2.065370e-02	1.278410e-04	6	true
827           	smoothSolver	1.074280e-02	9.360240e-04	10	1.124010e-02	1.069010e-03	10	1.391360e-02	1.369780e-03	10	false	GAMG	2.034440e-02	1.359970e-04	6	true
828           	smoothSolver	1.083680e-02	9.586910e-04	10	1.141330e-02	1.096610e-03	10	1.412010e-02	1.394680e-03	10	false	GAMG	2.007900e-02	1.448870e-04	6	true
829           	smoothSolver	1.089610e-02	9.760060e-04	10	1.153460e-02	1.122040e-03	10	1.433320e-02	1.432390e-03	10	false	GAMG	1.984510e-02	1.474870e-04	6	true
830           	smoothSolver	1.089110e-02	9.833640e-04	10	1.156950e-02	1.133150e-03	10	1.445160e-02	1.164080e-03	11	false	GAMG	1.975890e-02	1.536890e-04	6	true
831           	smoothSolver	1.083530e-02	9.844610e-04	10	1.150590e-02	1.129480e-03	10	1.430150e-02	1.165170e-03	11	false	GAMG	1.951900e-02	1.699020e-04	6	true
832           	smoothSolver	1.078390e-02	9.859190e-04	10	1.137260e-02	1.114070e-03	10	1.412120e-02	1.152080e-03	11	false	GAMG	1.977180e-02	1.968210e-04	6	true
833           	smoothSolver	1.077710e-02	9.855710e-04	10	1.119660e-02	1.088770e-03	10	1.396570e-02	1.132580e-03	11	false	GAMG	2.003400e-02	1.731950e-04	6	true
834           	smoothSolver	1.088480e-02	9.882100e-04	10	1.112490e-02	1.077950e-03	10	1.376630e-02	1.109430e-03	11	false	GAMG	1.959480e-02	1.453630e-04	6	true
835           	smoothSolver	1.099270e-02	9.975600e-04	10	1.126470e-02	1.099980e-03	10	1.367460e-02	1.096120e-03	11	false	GAMG	1.907810e-02	1.284600e-04	6	true
836           	smoothSolver	1.105790e-02	1.002860e-03	10	1.146670e-02	1.132310e-03	10	1.370310e-02	1.100330e-03	11	false	GAMG	1.912810e-02	1.237760e-04	6	true
837           	smoothSolver	1.100910e-02	9.901840e-04	10	1.155680e-02	1.143750e-03	10	1.379580e-02	1.111050e-03	11	false	GAMG	1.954910e-02	1.379850e-04	6	true
838           	smoothSolver	1.087050e-02	9.630030e-04	10	1.149390e-02	1.127960e-03	10	1.378720e-02	1.106680e-03	11	false	GAMG	2.015770e-02	1.514430e-04	6	true
839           	smoothSolver	1.073610e-02	9.370960e-04	10	1.135690e-02	1.098150e-03	10	1.374970e-02	1.373630e-03	10	false	GAMG	2.060520e-02	1.403740e-04	6	true
840           	smoothSolver	1.068230e-02	9.264100e-04	10	1.118630e-02	1.065230e-03	10	1.381650e-02	1.365010e-03	10	false	GAMG	2.072460e-02	1.280990e-04	6	true
841           	smoothSolver	1.071260e-02	9.303760e-04	10	1.118990e-02	1.061240e-03	10	1.387550e-02	1.365820e-03	10	false	GAMG	2.050080e-02	1.314080e-04	6	true
842           	smoothSolver	1.080480e-02	9.510010e-04	10	1.135780e-02	1.086170e-03	10	1.404620e-02	1.384900e-03	10	false	GAMG	2.021440e-02	1.406560e-04	6	true
843           	smoothSolver	1.088480e-02	9.721500e-04	10	1.150970e-02	1.113760e-03	10	1.425720e-02	1.418020e-03	10	false	GAMG	1.992910e-02	1.462160e-04	6	true
844           	smoothSolver	1.090710e-02	9.832900e-04	10	1.158530e-02	1.131700e-03	10	1.443660e-02	1.155920e-03	11	false	GAMG	1.983430e-02	1.500490e-04	6	true
845           	smoothSolver	1.087720e-02	9.867240e-04	10	1.156350e-02	1.134650e-03	10	1.434700e-02	1.164530e-03	11	false	GAMG	1.955090e-02	1.582220e-04	6	true
846           	smoothSolver	1.080790e-02	9.862280e-04	10	1.144290e-02	1.122780e-03	10	1.418050e-02	1.157160e-03	11	false	GAMG	1.959670e-02	1.893030e-04	6	true
847           	smoothSolver	1.076580e-02	9.867510e-04	10	1.128830e-02	1.100280e-03	10	1.402000e-02	1.140080e-03	11	false	GAMG	1.995150e-02	1.862550e-04	6	true
848           	smoothSolver	1.082480e-02	9.863780e-04	10	1.112020e-02	1.076110e-03	10	1.383660e-02	1.117470e-03	11	false	GAMG	1.984980e-02	1.553370e-04	6	true
849           	smoothSolver	1.095280e-02	9.937380e-04	10	1.118530e-02	1.086020e-03	10	1.369680e-02	1.099620e-03	11	false	GAMG	1.923120e-02	1.349700e-04	6	true
850           	smoothSolver	1.103100e-02	1.002230e-03	10	1.138010e-02	1.117810e-03	10	1.365720e-02	1.095760e-03	11	false	GAMG	1.901200e-02	1.237520e-04	6	true
851           	smoothSolver	1.103310e-02	9.975490e-04	10	1.153050e-02	1.140730e-03	10	1.376320e-02	1.107040e-03	11	false	GAMG	1.928530e-02	1.297540e-04	6	true
852           	smoothSolver	1.093520e-02	9.763480e-04	10	1.152440e-02	1.135390e-03	10	1.380490e-02	1.111220e-03	11	false	GAMG	1.984730e-02	1.488860e-04	6	true
853           	smoothSolver	1.078590e-02	9.455680e-04	10	1.140390e-02	1.109580e-03	10	1.376860e-02	1.098820e-03	11	false	GAMG	2.045960e-02	1.508630e-04	6	true
854           	smoothSolver	1.070420e-02	9.300710e-04	10	1.124530e-02	1.077290e-03	10	1.372830e-02	1.362500e-03	10	false	GAMG	2.072470e-02	1.309810e-04	6	true
855           	smoothSolver	1.069440e-02	9.245080e-04	10	1.112840e-02	1.055540e-03	10	1.379940e-02	1.358520e-03	10	false	GAMG	2.062700e-02	1.284820e-04	6	true
856           	smoothSolver	1.076550e-02	9.395980e-04	10	1.126290e-02	1.072560e-03	10	1.394470e-02	1.373240e-03	10	false	GAMG	2.031680e-02	1.375490e-04	6	true
857           	smoothSolver	1.085790e-02	9.623250e-04	10	1.143480e-02	1.100670e-03	10	1.415630e-02	1.400080e-03	10	false	GAMG	2.005310e-02	1.460460e-04	6	true
858           	smoothSolver	1.090960e-02	9.784790e-04	10	1.154770e-02	1.125200e-03	10	1.436630e-02	1.143600e-03	11	false	GAMG	1.990790e-02	1.515000e-04	6	true
859           	smoothSolver	1.090880e-02	9.865240e-04	10	1.157780e-02	1.135910e-03	10	1.435280e-02	1.158940e-03	11	false	GAMG	1.969580e-02	1.533900e-04	6	true
860           	smoothSolver	1.084190e-02	9.860050e-04	10	1.149970e-02	1.130030e-03	10	1.422670e-02	1.160310e-03	11	false	GAMG	1.950650e-02	1.741630e-04	6	true
861           	smoothSolver	1.078030e-02	9.866740e-04	10	1.134950e-02	1.111430e-03	10	1.407100e-02	1.147610e-03	11	false	GAMG	1.982750e-02	1.970630e-04	6	true
862           	smoothSolver	1.078890e-02	9.855140e-04	10	1.116480e-02	1.085000e-03	10	1.391710e-02	1.127830e-03	11	false	GAMG	2.004630e-02	1.698410e-04	6	true
863           	smoothSolver	1.090970e-02	9.895600e-04	10	1.113150e-02	1.079680e-03	10	1.372320e-02	1.105490e-03	11	false	GAMG	1.954530e-02	1.433040e-04	6	true
864           	smoothSolver	1.100660e-02	9.990880e-04	10	1.129120e-02	1.104950e-03	10	1.364440e-02	1.093700e-03	11	false	GAMG	1.908290e-02	1.273270e-04	6	true
865           	smoothSolver	1.105940e-02	1.002170e-03	10	1.149220e-02	1.136370e-03	10	1.369860e-02	1.100150e-03	11	false	GAMG	1.919120e-02	1.246500e-04	6	true
866           	smoothSolver	1.099660e-02	9.870520e-04	10	1.156360e-02	1.144050e-03	10	1.378230e-02	1.110270e-03	11	false	GAMG	1.964440e-02	1.407010e-04	6	true
867           	smoothSolver	1.084740e-02	9.584150e-04	10	1.148630e-02	1.125570e-03	10	1.377060e-02	1.103980e-03	11	false	GAMG	2.025830e-02	1.520250e-04	6	true
868           	smoothSolver	1.072210e-02	9.347790e-04	10	1.134590e-02	1.094920e-03	10	1.373240e-02	1.369770e-03	10	false	GAMG	2.065800e-02	1.378730e-04	6	true
869           	smoothSolver	1.068130e-02	9.253830e-04	10	1.117640e-02	1.062740e-03	10	1.380300e-02	1.361960e-03	10	false	GAMG	2.072440e-02	1.274820e-04	6	true
870           	smoothSolver	1.072000e-02	9.320020e-04	10	1.121430e-02	1.063960e-03	10	1.387790e-02	1.365980e-03	10	false	GAMG	2.046870e-02	1.324520e-04	6	true
871           	smoothSolver	1.081390e-02	9.534250e-04	10	1.138240e-02	1.089850e-03	10	1.406370e-02	1.386880e-03	10	false	GAMG	2.018700e-02	1.417630e-04	6	true
872           	smoothSolver	1.089080e-02	9.736410e-04	10	1.152580e-02	1.116800e-03	10	1.427750e-02	1.421830e-03	10	false	GAMG	1.991450e-02	1.464180e-04	6	true
873           	smoothSolver	1.090220e-02	9.835400e-04	10	1.159190e-02	1.132670e-03	10	1.444430e-02	1.158130e-03	11	false	GAMG	1.982240e-02	1.503710e-04	6	true
874           	smoothSolver	1.086510e-02	9.858880e-04	10	1.155750e-02	1.133430e-03	10	1.433750e-02	1.164610e-03	11	false	GAMG	1.954230e-02	1.608070e-04	6	true
875           	smoothSolver	1.080120e-02	9.859320e-04	10	1.142780e-02	1.120230e-03	10	1.416490e-02	1.155330e-03	11	false	GAMG	1.965010e-02	1.926440e-04	6	true
876           	smoothSolver	1.076920e-02	9.866250e-04	10	1.126810e-02	1.096680e-03	10	1.400810e-02	1.137510e-03	11	false	GAMG	1.997070e-02	1.821660e-04	6	true
877           	smoothSolver	1.084280e-02	9.870290e-04	10	1.112160e-02	1.075430e-03	10	1.381630e-02	1.114530e-03	11	false	GAMG	1.976830e-02	1.514620e-04	6	true
878           	smoothSolver	1.096820e-02	9.951660e-04	10	1.121290e-02	1.089390e-03	10	1.369460e-02	1.098240e-03	11	false	GAMG	1.916000e-02	1.325770e-04	6	true
879           	smoothSolver	1.104830e-02	1.003360e-03	10	1.141330e-02	1.122150e-03	10	1.367660e-02	1.097540e-03	11	false	GAMG	1.903330e-02	1.234240e-04	6	true
880           	smoothSolver	1.103490e-02	9.965580e-04	10	1.154460e-02	1.141950e-03	10	1.378770e-02	1.109350e-03	11	false	GAMG	1.935440e-02	1.321720e-04	6	true
881           	smoothSolver	1.092410e-02	9.735220e-04	10	1.151810e-02	1.133290e-03	10	1.381470e-02	1.111030e-03	11	false	GAMG	1.994500e-02	1.504760e-04	6	true
882           	smoothSolver	1.077940e-02	9.434480e-04	10	1.138950e-02	1.105970e-03	10	1.377730e-02	1.097490e-03	11	false	GAMG	2.053750e-02	1.492510e-04	6	true
883           	smoothSolver	1.071110e-02	9.300280e-04	10	1.122880e-02	1.073450e-03	10	1.373660e-02	1.360990e-03	10	false	GAMG	2.074790e-02	1.295380e-04	6	true
884           	smoothSolver	1.071100e-02	9.267630e-04	10	1.114750e-02	1.057030e-03	10	1.381420e-02	1.359260e-03	10	false	GAMG	2.060080e-02	1.292180e-04	6	true
885           	smoothSolver	1.078840e-02	9.436140e-04	10	1.129420e-02	1.076740e-03	10	1.397580e-02	1.376670e-03	10	false	GAMG	2.029740e-02	1.388430e-04	6	true
886           	smoothSolver	1.087480e-02	9.661270e-04	10	1.146170e-02	1.105050e-03	10	1.419020e-02	1.405610e-03	10	false	GAMG	2.002530e-02	1.466720e-04	6	true
887           	smoothSolver	1.092070e-02	9.809060e-04	10	1.156520e-02	1.128210e-03	10	1.439510e-02	1.148030e-03	11	false	GAMG	1.989710e-02	1.514110e-04	6	true
888           	smoothSolver	1.091110e-02	9.877290e-04	10	1.158030e-02	1.137010e-03	10	1.435880e-02	1.162010e-03	11	false	GAMG	1.966270e-02	1.549070e-04	6	true
889           	smoothSolver	1.084180e-02	9.872160e-04	10	1.148940e-02	1.129340e-03	10	1.421970e-02	1.160690e-03	11	false	GAMG	1.953840e-02	1.788790e-04	6	true
890           	smoothSolver	1.078130e-02	9.879480e-04	10	1.133940e-02	1.109620e-03	10	1.406410e-02	1.146760e-03	11	false	GAMG	1.989740e-02	1.953640e-04	6	true
891           	smoothSolver	1.080690e-02	9.863950e-04	10	1.115360e-02	1.083020e-03	10	1.390400e-02	1.126050e-03	11	false	GAMG	2.003790e-02	1.660940e-04	6	true
892           	smoothSolver	1.093630e-02	9.916450e-04	10	1.115110e-02	1.082440e-03	10	1.371870e-02	1.104690e-03	11	false	GAMG	1.948670e-02	1.413140e-04	6	true
893           	smoothSolver	1.102120e-02	1.000910e-03	10	1.132440e-02	1.110090e-03	10	1.364800e-02	1.094390e-03	11	false	GAMG	1.907600e-02	1.261310e-04	6	true
894           	smoothSolver	1.105950e-02	1.001680e-03	10	1.151680e-02	1.139760e-03	10	1.372060e-02	1.102530e-03	11	false	GAMG	1.923370e-02	1.257070e-04	6	true
895           	smoothSolver	1.098370e-02	9.844520e-04	10	1.156720e-02	1.143630e-03	10	1.379230e-02	1.111520e-03	11	false	GAMG	1.971220e-02	1.433370e-04	6	true
896           	smoothSolver	1.082810e-02	9.545920e-04	10	1.147640e-02	1.122690e-03	10	1.377380e-02	1.103230e-03	11	false	GAMG	2.033200e-02	1.524940e-04	6	true
897           	smoothSolver	1.071460e-02	9.333780e-04	10	1.133090e-02	1.091340e-03	10	1.373420e-02	1.368350e-03	10	false	GAMG	2.069300e-02	1.357340e-04	6	true
898           	smoothSolver	1.068560e-02	9.249550e-04	10	1.116550e-02	1.060650e-03	10	1.380520e-02	1.361180e-03	10	false	GAMG	2.071810e-02	1.273630e-04	6	true
899           	smoothSolver	1.073390e-02	9.341380e-04	10	1.123540e-02	1.067010e-03	10	1.389960e-02	1.368260e-03	10	false	GAMG	2.043530e-02	1.337380e-04	6	true
900           	smoothSolver	1.082800e-02	9.560780e-04	10	1.140490e-02	1.093520e-03	10	1.409580e-02	1.390690e-03	10	false	GAMG	2.015800e-02	1.430400e-04	6	true
901           	smoothSolver	1.089850e-02	9.752460e-04	10	1.153960e-02	1.119880e-03	10	1.431020e-02	1.426960e-03	10	false	GAMG	1.989960e-02	1.468210e-04	6	true
902           	smoothSolver	1.090390e-02	9.840630e-04	10	1.159560e-02	1.133770e-03	10	1.445890e-02	1.161130e-03	11	false	GAMG	1.980800e-02	1.512740e-04	6	true
903           	smoothSolver	1.085770e-02	9.856780e-04	10	1.154840e-02	1.132650e-03	10	1.433270e-02	1.165450e-03	11	false	GAMG	1.954520e-02	1.639500e-04	6	true
904           	smoothSolver	1.079890e-02	9.863660e-04	10	1.141360e-02	1.118390e-03	10	1.415710e-02	1.154540e-03	11	false	GAMG	1.970800e-02	1.949140e-04	6	true
905           	smoothSolver	1.077660e-02	9.867670e-04	10	1.124640e-02	1.094010e-03	10	1.400280e-02	1.135930e-03	11	false	GAMG	2.000240e-02	1.784000e-04	6	true
906           	smoothSolver	1.086410e-02	9.879680e-04	10	1.112650e-02	1.076390e-03	10	1.380420e-02	1.112830e-03	11	false	GAMG	1.969970e-02	1.485950e-04	6	true
907           	smoothSolver	1.098450e-02	9.966990e-04	10	1.123990e-02	1.093810e-03	10	1.369530e-02	1.097790e-03	11	false	GAMG	1.911660e-02	1.307160e-04	6	true
908           	smoothSolver	1.106080e-02	1.004170e-03	10	1.144210e-02	1.126850e-03	10	1.369570e-02	1.099320e-03	11	false	GAMG	1.906580e-02	1.233610e-04	6	true
909           	smoothSolver	1.103320e-02	9.951020e-04	10	1.155590e-02	1.143390e-03	10	1.380360e-02	1.111050e-03	11	false	GAMG	1.942370e-02	1.345040e-04	6	true
910           	smoothSolver	1.091010e-02	9.702740e-04	10	1.151250e-02	1.131770e-03	10	1.381410e-02	1.110290e-03	11	false	GAMG	2.003110e-02	1.510860e-04	6	true
911           	smoothSolver	1.076840e-02	9.414040e-04	10	1.137920e-02	1.103300e-03	10	1.377710e-02	1.095840e-03	11	false	GAMG	2.059570e-02	1.472540e-04	6	true
912           	smoothSolver	1.071140e-02	9.298470e-04	10	1.121570e-02	1.070540e-03	10	1.373440e-02	1.359030e-03	10	false	GAMG	2.074340e-02	1.282290e-04	6	true
913           	smoothSolver	1.072160e-02	9.291980e-04	10	1.117080e-02	1.059440e-03	10	1.382140e-02	1.359830e-03	10	false	GAMG	2.056290e-02	1.297140e-04	6	true
914           	smoothSolver	1.080180e-02	9.474110e-04	10	1.132070e-02	1.080710e-03	10	1.399850e-02	1.379360e-03	10	false	GAMG	2.026430e-02	1.396200e-04	6	true
915           	smoothSolver	1.088350e-02	9.692370e-04	10	1.147990e-02	1.108610e-03	10	1.421270e-02	1.410220e-03	10	false	GAMG	1.997770e-02	1.466880e-04	6	true
916           	smoothSolver	1.092230e-02	9.825200e-04	10	1.157400e-02	1.130000e-03	10	1.440890e-02	1.151080e-03	11	false	GAMG	1.987110e-02	1.507850e-04	6	true
917           	smoothSolver	1.090510e-02	9.881650e-04	10	1.157550e-02	1.136610e-03	10	1.434980e-02	1.163200e-03	11	false	GAMG	1.961490e-02	1.560660e-04	6	true
918           	smoothSolver	1.083360e-02	9.876510e-04	10	1.147220e-02	1.127310e-03	10	1.420150e-02	1.159480e-03	11	false	GAMG	1.956420e-02	1.833140e-04	6	true
919           	smoothSolver	1.077890e-02	9.882120e-04	10	1.132180e-02	1.106490e-03	10	1.404700e-02	1.144380e-03	11	false	GAMG	1.994040e-02	1.922050e-04	6	true
920           	smoothSolver	1.081910e-02	9.867710e-04	10	1.113810e-02	1.080230e-03	10	1.387910e-02	1.122960e-03	11	false	GAMG	1.998650e-02	1.618730e-04	6	true
921           	smoothSolver	1.095030e-02	9.929710e-04	10	1.116400e-02	1.083970e-03	10	1.370820e-02	1.102880e-03	11	false	GAMG	1.939300e-02	1.388860e-04	6	true
922           	smoothSolver	1.102780e-02	1.001950e-03	10	1.134890e-02	1.113740e-03	10	1.364730e-02	1.094720e-03	11	false	GAMG	1.904740e-02	1.249570e-04	6	true
923           	smoothSolver	1.105000e-02	1.000410e-03	10	1.152790e-02	1.141090e-03	10	1.373650e-02	1.104420e-03	11	false	GAMG	1.924880e-02	1.270110e-04	6	true
924           	smoothSolver	1.096480e-02	9.814670e-04	10	1.155640e-02	1.141300e-03	10	1.379750e-02	1.111970e-03	11	false	GAMG	1.975590e-02	1.457960e-04	6	true
925           	smoothSolver	1.080830e-02	9.508760e-04	10	1.145270e-02	1.118280e-03	10	1.377290e-02	1.102020e-03	11	false	GAMG	2.038070e-02	1.524540e-04	6	true
926           	smoothSolver	1.070610e-02	9.317870e-04	10	1.130150e-02	1.086270e-03	10	1.373190e-02	1.366550e-03	10	false	GAMG	2.070990e-02	1.338350e-04	6	true
927           	smoothSolver	1.068450e-02	9.241630e-04	10	1.114710e-02	1.058140e-03	10	1.380190e-02	1.360070e-03	10	false	GAMG	2.068850e-02	1.275940e-04	6	true
928           	smoothSolver	1.074330e-02	9.358230e-04	10	1.124720e-02	1.069300e-03	10	1.391840e-02	1.370270e-03	10	false	GAMG	2.039780e-02	1.351550e-04	6	true
929           	smoothSolver	1.083780e-02	9.581340e-04	10	1.141780e-02	1.096470e-03	10	1.412350e-02	1.394360e-03	10	false	GAMG	2.012290e-02	1.443330e-04	6	true
930           	smoothSolver	1.090150e-02	9.761860e-04	10	1.154350e-02	1.122240e-03	10	1.433760e-02	1.431730e-03	10	false	GAMG	1.987880e-02	1.473160e-04	6	true
931           	smoothSolver	1.090050e-02	9.840960e-04	10	1.158800e-02	1.134270e-03	10	1.446500e-02	1.163910e-03	11	false	GAMG	1.978720e-02	1.526400e-04	6	true
932           	smoothSolver	1.084630e-02	9.853740e-04	10	1.153010e-02	1.131460e-03	10	1.432160e-02	1.165980e-03	11	false	GAMG	1.953910e-02	1.675430e-04	6	true
933           	smoothSolver	1.079380e-02	9.866310e-04	10	1.139590e-02	1.116490e-03	10	1.414430e-02	1.153510e-03	11	false	GAMG	1.976830e-02	1.963090e-04	6	true
934           	smoothSolver	1.078150e-02	9.863730e-04	10	1.122170e-02	1.091440e-03	10	1.399120e-02	1.134220e-03	11	false	GAMG	2.004240e-02	1.749230e-04	6	true
935           	smoothSolver	1.088310e-02	9.885780e-04	10	1.113050e-02	1.077790e-03	10	1.379070e-02	1.111140e-03	11	false	GAMG	1.964030e-02	1.464990e-04	6	true
936           	smoothSolver	1.099670e-02	9.978120e-04	10	1.126250e-02	1.098280e-03	10	1.368910e-02	1.097190e-03	11	false	GAMG	1.910290e-02	1.292460e-04	6	true
937           	smoothSolver	1.106480e-02	1.004050e-03	10	1.146610e-02	1.131120e-03	10	1.370560e-02	1.100360e-03	11	false	GAMG	1.911000e-02	1.234410e-04	6	true
938           	smoothSolver	1.102250e-02	9.926560e-04	10	1.156400e-02	1.144530e-03	10	1.380520e-02	1.111580e-03	11	false	GAMG	1.949890e-02	1.367000e-04	6	true
939           	smoothSolver	1.088800e-02	9.662120e-04	10	1.150720e-02	1.130260e-03	10	1.380300e-02	1.108650e-03	11	false	GAMG	2.010470e-02	1.513930e-04	6	true
940           	smoothSolver	1.074940e-02	9.389840e-04	10	1.137030e-02	1.100880e-03	10	1.376680e-02	1.093460e-03	11	false	GAMG	2.062210e-02	1.449230e-04	6	true
941           	smoothSolver	1.070370e-02	9.287750e-04	10	1.120560e-02	1.068010e-03	10	1.372040e-02	1.356320e-03	10	false	GAMG	2.072170e-02	1.270820e-04	6	true
942           	smoothSolver	1.072120e-02	9.305940e-04	10	1.119320e-02	1.061730e-03	10	1.381570e-02	1.359440e-03	10	false	GAMG	2.050240e-02	1.301100e-04	6	true
943           	smoothSolver	1.080480e-02	9.498730e-04	10	1.134130e-02	1.083910e-03	10	1.400870e-02	1.380490e-03	10	false	GAMG	2.021890e-02	1.400930e-04	6	true
944           	smoothSolver	1.088320e-02	9.708610e-04	10	1.149000e-02	1.111010e-03	10	1.422430e-02	1.413270e-03	10	false	GAMG	1.993280e-02	1.463030e-04	6	true
945           	smoothSolver	1.091150e-02	9.827080e-04	10	1.157410e-02	1.130240e-03	10	1.440950e-02	1.152650e-03	11	false	GAMG	1.983550e-02	1.500760e-04	6	true
946           	smoothSolver	1.088520e-02	9.870910e-04	10	1.156160e-02	1.134660e-03	10	1.432910e-02	1.162590e-03	11	false	GAMG	1.955810e-02	1.571530e-04	6	true
947           	smoothSolver	1.081430e-02	9.866780e-04	10	1.144710e-02	1.123820e-03	10	1.417080e-02	1.156650e-03	11	false	GAMG	1.958110e-02	1.871330e-04	6	true
948           	smoothSolver	1.076810e-02	9.871850e-04	10	1.129400e-02	1.102060e-03	10	1.401870e-02	1.140540e-03	11	false	GAMG	1.995750e-02	1.882810e-04	6	true
949           	smoothSolver	1.082190e-02	9.862460e-04	10	1.111790e-02	1.076890e-03	10	1.384450e-02	1.118680e-03	11	false	GAMG	1.990280e-02	1.575520e-04	6	true
950           	smoothSolver	1.095250e-02	9.934320e-04	10	1.117030e-02	1.084550e-03	10	1.369420e-02	1.100330e-03	11	false	GAMG	1.928440e-02	1.362800e-04	6	true
951           	smoothSolver	1.102810e-02	1.002210e-03	10	1.136510e-02	1.116070e-03	10	1.364430e-02	1.094840e-03	11	false	GAMG	1.901950e-02	1.239190e-04	6	true
952           	smoothSolver	1.103550e-02	9.986470e-04	10	1.152930e-02	1.140960e-03	10	1.374640e-02	1.105700e-03	11	false	GAMG	1.925820e-02	1.284880e-04	6	true
953           	smoothSolver	1.094150e-02	9.782090e-04	10	1.153690e-02	1.137840e-03	10	1.379710e-02	1.111600e-03	11	false	GAMG	1.979320e-02	1.480640e-04	6	true
954           	smoothSolver	1.078790e-02	9.473390e-04	10	1.142210e-02	1.113190e-03	10	1.376780e-02	1.100440e-03	11	false	GAMG	2.041040e-02	1.517570e-04	6	true
955           	smoothSolver	1.069810e-02	9.303680e-04	10	1.126630e-02	1.080780e-03	10	1.372690e-02	1.364690e-03	10	false	GAMG	2.070500e-02	1.322260e-04	6	true
956           	smoothSolver	1.068190e-02	9.237750e-04	10	1.113380e-02	1.056240e-03	10	1.379400e-02	1.359130e-03	10	false	GAMG	2.063930e-02	1.280790e-04	6	true
957           	smoothSolver	1.075100e-02	9.378920e-04	10	1.125930e-02	1.071730e-03	10	1.393160e-02	1.371950e-03	10	false	GAMG	2.034400e-02	1.364630e-04	6	true
958           	smoothSolver	1.084550e-02	9.603800e-04	10	1.142830e-02	1.099350e-03	10	1.414560e-02	1.397910e-03	10	false	GAMG	2.008310e-02	1.453200e-04	6	true
959           	smoothSolver	1.090220e-02	9.772170e-04	10	1.154450e-02	1.124190e-03	10	1.435860e-02	1.141900e-03	11	false	GAMG	1.992390e-02	1.512570e-04	6	true
960           	smoothSolver	1.090830e-02	9.859450e-04	10	1.158550e-02	1.135830e-03	10	1.435510e-02	1.157750e-03	11	false	GAMG	1.970560e-02	1.518560e-04	6	true
961           	smoothSolver	1.084050e-02	9.857090e-04	10	1.151460e-02	1.130980e-03	10	1.423390e-02	1.160160e-03	11	false	GAMG	1.949600e-02	1.709680e-04	6	true
962           	smoothSolver	1.078040e-02	9.862890e-04	10	1.136420e-02	1.113000e-03	10	1.407990e-02	1.148020e-03	11	false	GAMG	1.979810e-02	1.968330e-04	6	true
963           	smoothSolver	1.078060e-02	9.852650e-04	10	1.117930e-02	1.086820e-03	10	1.393230e-02	1.128570e-03	11	false	GAMG	2.005360e-02	1.714480e-04	6	true
964           	smoothSolver	1.089710e-02	9.885940e-04	10	1.112290e-02	1.078060e-03	10	1.373570e-02	1.106080e-03	11	false	GAMG	1.957870e-02	1.443150e-04	6	true
965           	smoothSolver	1.100230e-02	9.982640e-04	10	1.127380e-02	1.101570e-03	10	1.364830e-02	1.093650e-03	11	false	GAMG	1.908690e-02	1.279390e-04	6	true
966           	smoothSolver	1.105980e-02	1.002780e-03	10	1.147890e-02	1.133860e-03	10	1.368600e-02	1.098800e-03	11	false	GAMG	1.915600e-02	1.237140e-04	6	true
967           	smoothSolver	1.100350e-02	9.890770e-04	10	1.156200e-02	1.144120e-03	10	1.377780e-02	1.109550e-03	11	false	GAMG	1.957100e-02	1.387960e-04	6	true
968           	smoothSolver	1.085870e-02	9.612480e-04	10	1.149310e-02	1.127490e-03	10	1.377170e-02	1.104980e-03	11	false	GAMG	2.017180e-02	1.517170e-04	6	true
969           	smoothSolver	1.072650e-02	9.360110e-04	10	1.135430e-02	1.097480e-03	10	1.373870e-02	1.372110e-03	10	false	GAMG	2.060130e-02	1.393820e-04	6	true
970           	smoothSolver	1.067750e-02	9.258540e-04	10	1.118210e-02	1.064400e-03	10	1.380400e-02	1.363690e-03	10	false	GAMG	2.070330e-02	1.278280e-04	6	true
971           	smoothSolver	1.071180e-02	9.310180e-04	10	1.120010e-02	1.062310e-03	10	1.386740e-02	1.365240e-03	10	false	GAMG	2.047370e-02	1.315400e-04	6	true
972           	smoothSolver	1.080650e-02	9.520620e-04	10	1.136730e-02	1.087470e-03	10	1.404930e-02	1.385100e-03	10	false	GAMG	2.019900e-02	1.407730e-04	6	true
973           	smoothSolver	1.088500e-02	9.724620e-04	10	1.151290e-02	1.114390e-03	10	1.426580e-02	1.419340e-03	10	false	GAMG	1.992280e-02	1.461040e-04	6	true
974           	smoothSolver	1.090210e-02	9.829450e-04	10	1.158490e-02	1.131320e-03	10	1.444080e-02	1.156800e-03	11	false	GAMG	1.982520e-02	1.498640e-04	6	true
975           	smoothSolver	1.086980e-02	9.861360e-04	10	1.155890e-02	1.133590e-03	10	1.434080e-02	1.164560e-03	11	false	GAMG	1.953280e-02	1.586470e-04	6	true
976           	smoothSolver	1.080150e-02	9.860920e-04	10	1.143510e-02	1.121460e-03	10	1.417170e-02	1.156370e-03	11	false	GAMG	1.961190e-02	1.902330e-04	6	true
977           	smoothSolver	1.076430e-02	9.866210e-04	10	1.127790e-02	1.098760e-03	10	1.401580e-02	1.139000e-03	11	false	GAMG	1.996370e-02	1.842330e-04	6	true
978           	smoothSolver	1.083180e-02	9.865260e-04	10	1.111440e-02	1.075470e-03	10	1.383370e-02	1.116580e-03	11	false	GAMG	1.983130e-02	1.534800e-04	6	true
979           	smoothSolver	1.095860e-02	9.942170e-04	10	1.118850e-02	1.086590e-03	10	1.369980e-02	1.099530e-03	11	false	GAMG	1.920220e-02	1.337810e-04	6	true
980           	smoothSolver	1.103730e-02	1.002940e-03	10	1.138990e-02	1.119090e-03	10	1.366550e-02	1.096700e-03	11	false	GAMG	1.901610e-02	1.232660e-04	6	true
981           	smoothSolver	1.103220e-02	9.975600e-04	10	1.153760e-02	1.141290e-03	10	1.377090e-02	1.108140e-03	11	false	GAMG	1.929560e-02	1.302190e-04	6	true
982           	smoothSolver	1.092720e-02	9.757020e-04	10	1.152670e-02	1.135250e-03	10	1.380870e-02	1.111780e-03	11	false	GAMG	1.985260e-02	1.498390e-04	6	true
983           	smoothSolver	1.077820e-02	9.451110e-04	10	1.140330e-02	1.109310e-03	10	1.377610e-02	1.099560e-03	11	false	GAMG	2.045760e-02	1.504530e-04	6	true
984           	smoothSolver	1.070080e-02	9.301680e-04	10	1.124440e-02	1.076730e-03	10	1.373500e-02	1.363710e-03	10	false	GAMG	2.070310e-02	1.307600e-04	6	true
985           	smoothSolver	1.069120e-02	9.252800e-04	10	1.113970e-02	1.056530e-03	10	1.380210e-02	1.359700e-03	10	false	GAMG	2.059580e-02	1.286650e-04	6	true
986           	smoothSolver	1.076710e-02	9.412310e-04	10	1.128220e-02	1.075110e-03	10	1.395460e-02	1.374960e-03	10	false	GAMG	2.030190e-02	1.376780e-04	6	true
987           	smoothSolver	1.085900e-02	9.637290e-04	10	1.144930e-02	1.103160e-03	10	1.417050e-02	1.402560e-03	10	false	GAMG	2.004350e-02	1.460000e-04	6	true
988           	smoothSolver	1.091040e-02	9.794060e-04	10	1.155600e-02	1.126890e-03	10	1.438190e-02	1.145950e-03	11	false	GAMG	1.990220e-02	1.512320e-04	6	true
989           	smoothSolver	1.090770e-02	9.870510e-04	10	1.158140e-02	1.136760e-03	10	1.435880e-02	1.160800e-03	11	false	GAMG	1.967340e-02	1.533340e-04	6	true
990           	smoothSolver	1.083930e-02	9.865760e-04	10	1.149990e-02	1.130120e-03	10	1.422440e-02	1.160740e-03	11	false	GAMG	1.950510e-02	1.749770e-04	6	true
991           	smoothSolver	1.077670e-02	9.872880e-04	10	1.135020e-02	1.111110e-03	10	1.406810e-02	1.147040e-03	11	false	GAMG	1.984560e-02	1.959840e-04	6	true
992           	smoothSolver	1.079300e-02	9.857370e-04	10	1.116270e-02	1.084570e-03	10	1.391470e-02	1.126730e-03	11	false	GAMG	2.004460e-02	1.680100e-04	6	true
993           	smoothSolver	1.091880e-02	9.902170e-04	10	1.113500e-02	1.080390e-03	10	1.372540e-02	1.104990e-03	11	false	GAMG	1.953600e-02	1.424080e-04	6	true
994           	smoothSolver	1.101310e-02	9.996200e-04	10	1.129820e-02	1.106050e-03	10	1.364650e-02	1.093730e-03	11	false	GAMG	1.908790e-02	1.267310e-04	6	true
995           	smoothSolver	1.105970e-02	1.002210e-03	10	1.149830e-02	1.136950e-03	10	1.370270e-02	1.100360e-03	11	false	GAMG	1.920120e-02	1.243350e-04	6	true
996           	smoothSolver	1.099110e-02	9.864800e-04	10	1.156500e-02	1.143730e-03	10	1.377930e-02	1.110030e-03	11	false	GAMG	1.964380e-02	1.410020e-04	6	true
997           	smoothSolver	1.083680e-02	9.573540e-04	10	1.148440e-02	1.124960e-03	10	1.376760e-02	1.103500e-03	11	false	GAMG	2.024150e-02	1.520810e-04	6	true
998           	smoothSolver	1.071370e-02	9.343730e-04	10	1.134220e-02	1.094460e-03	10	1.373180e-02	1.369800e-03	10	false	GAMG	2.062570e-02	1.370940e-04	6	true
999           	smoothSolver	1.067460e-02	9.250240e-04	10	1.116990e-02	1.062240e-03	10	1.379670e-02	1.361920e-03	10	false	GAMG	2.067190e-02	1.273760e-04	6	true
1000          	smoothSolver	1.071440e-02	9.324680e-04	10	1.121700e-02	1.064650e-03	10	1.387140e-02	1.366100e-03	10	false	GAMG	2.041420e-02	1.324720e-04	6	true
1001          	smoothSolver	1.080810e-02	9.539770e-04	10	1.138540e-02	1.090520e-03	10	1.406210e-02	1.387200e-03	10	false	GAMG	2.014090e-02	1.416630e-04	6	true
1002          	smoothSolver	1.088130e-02	9.733880e-04	10	1.152300e-02	1.116910e-03	10	1.427780e-02	1.422590e-03	10	false	GAMG	1.987650e-02	1.461100e-04	6	true
1003          	smoothSolver	1.088980e-02	9.826330e-04	10	1.158420e-02	1.131870e-03	10	1.443850e-02	1.158450e-03	11	false	GAMG	1.978620e-02	1.501990e-04	6	true
1004          	smoothSolver	1.084980e-02	9.847420e-04	10	1.154430e-02	1.131970e-03	10	1.432190e-02	1.164220e-03	11	false	GAMG	1.950150e-02	1.610490e-04	6	true
1005          	smoothSolver	1.078550e-02	9.850540e-04	10	1.141220e-02	1.118490e-03	10	1.414530e-02	1.154170e-03	11	false	GAMG	1.963160e-02	1.927220e-04	6	true
1006          	smoothSolver	1.075540e-02	9.854760e-04	10	1.124910e-02	1.094800e-03	10	1.399070e-02	1.135980e-03	11	false	GAMG	1.994770e-02	1.803220e-04	6	true
1007          	smoothSolver	1.083530e-02	9.859940e-04	10	1.110800e-02	1.074630e-03	10	1.380130e-02	1.113110e-03	11	false	GAMG	1.972120e-02	1.500140e-04	6	true
1008          	smoothSolver	1.095920e-02	9.943920e-04	10	1.120350e-02	1.089230e-03	10	1.368480e-02	1.097450e-03	11	false	GAMG	1.912910e-02	1.315500e-04	6	true
1009          	smoothSolver	1.103940e-02	1.002600e-03	10	1.140630e-02	1.122080e-03	10	1.367100e-02	1.097280e-03	11	false	GAMG	1.902630e-02	1.229550e-04	6	true
1010          	smoothSolver	1.102280e-02	9.953820e-04	10	1.153680e-02	1.141090e-03	10	1.377860e-02	1.108860e-03	11	false	GAMG	1.934920e-02	1.322550e-04	6	true
1011          	smoothSolver	1.090820e-02	9.720430e-04	10	1.150880e-02	1.132130e-03	10	1.380080e-02	1.110080e-03	11	false	GAMG	1.992710e-02	1.508300e-04	6	true
1012          	smoothSolver	1.076300e-02	9.423260e-04	10	1.137950e-02	1.105080e-03	10	1.376760e-02	1.096830e-03	11	false	GAMG	2.050300e-02	1.485840e-04	6	true
1013          	smoothSolver	1.069640e-02	9.293940e-04	10	1.121960e-02	1.072500e-03	10	1.372470e-02	1.360570e-03	10	false	GAMG	2.069130e-02	1.293660e-04	6	true
1014          	smoothSolver	1.069510e-02	9.266100e-04	10	1.114780e-02	1.057260e-03	10	1.379740e-02	1.358800e-03	10	false	GAMG	2.053870e-02	1.292310e-04	6	true
1015          	smoothSolver	1.077510e-02	9.441600e-04	10	1.129810e-02	1.077930e-03	10	1.396320e-02	1.376310e-03	10	false	GAMG	2.025490e-02	1.386530e-04	6	true
1016          	smoothSolver	1.086110e-02	9.663220e-04	10	1.146010e-02	1.106000e-03	10	1.418050e-02	1.405800e-03	10	false	GAMG	1.998360e-02	1.462380e-04	6	true
1017          	smoothSolver	1.090660e-02	9.805360e-04	10	1.155760e-02	1.128310e-03	10	1.438470e-02	1.148170e-03	11	false	GAMG	1.986110e-02	1.508270e-04	6	true
1018          	smoothSolver	1.089590e-02	9.868200e-04	10	1.156800e-02	1.136070e-03	10	1.434060e-02	1.161540e-03	11	false	GAMG	1.962010e-02	1.546670e-04	6	true
1019          	smoothSolver	1.082350e-02	9.861180e-04	10	1.147290e-02	1.127520e-03	10	1.419400e-02	1.158960e-03	11	false	GAMG	1.951050e-02	1.796390e-04	6	true
1020          	smoothSolver	1.076150e-02	9.865540e-04	10	1.132330e-02	1.107270e-03	10	1.403590e-02	1.144030e-03	11	false	GAMG	1.987730e-02	1.937750e-04	6	true
1021          	smoothSolver	1.079380e-02	9.849910e-04	10	1.113660e-02	1.080800e-03	10	1.387650e-02	1.122820e-03	11	false	GAMG	1.998990e-02	1.641560e-04	6	true
1022          	smoothSolver	1.092520e-02	9.904670e-04	10	1.113930e-02	1.081380e-03	10	1.369970e-02	1.102120e-03	11	false	GAMG	1.943170e-02	1.402300e-04	6	true
1023          	smoothSolver	1.100940e-02	9.995330e-04	10	1.131310e-02	1.109140e-03	10	1.363210e-02	1.092740e-03	11	false	GAMG	1.906350e-02	1.254920e-04	6	true
1024          	smoothSolver	1.104340e-02	9.997190e-04	10	1.150160e-02	1.137780e-03	10	1.370750e-02	1.101130e-03	11	false	GAMG	1.922290e-02	1.255020e-04	6	true
1025          	smoothSolver	1.096580e-02	9.823020e-04	10	1.154680e-02	1.140630e-03	10	1.377340e-02	1.109300e-03	11	false	GAMG	1.969480e-02	1.434960e-04	6	true
1026          	smoothSolver	1.080700e-02	9.523110e-04	10	1.145340e-02	1.119560e-03	10	1.375170e-02	1.100710e-03	11	false	GAMG	2.030020e-02	1.521340e-04	6	true
1027          	smoothSolver	1.069570e-02	9.317300e-04	10	1.130710e-02	1.088700e-03	10	1.371570e-02	1.365930e-03	10	false	GAMG	2.064220e-02	1.348780e-04	6	true
1028          	smoothSolver	1.066550e-02	9.230900e-04	10	1.114130e-02	1.058420e-03	10	1.377950e-02	1.358860e-03	10	false	GAMG	2.064130e-02	1.274340e-04	6	true
1029          	smoothSolver	1.071520e-02	9.330810e-04	10	1.122020e-02	1.065780e-03	10	1.387300e-02	1.366190e-03	10	false	GAMG	2.035300e-02	1.338870e-04	6	true
1030          	smoothSolver	1.081010e-02	9.552730e-04	10	1.139070e-02	1.092480e-03	10	1.407240e-02	1.388890e-03	10	false	GAMG	2.009230e-02	1.429790e-04	6	true
1031          	smoothSolver	1.087780e-02	9.736540e-04	10	1.152020e-02	1.118420e-03	10	1.428900e-02	1.425530e-03	10	false	GAMG	1.984720e-02	1.465970e-04	6	true
1032          	smoothSolver	1.088130e-02	9.819240e-04	10	1.157020e-02	1.131500e-03	10	1.443170e-02	1.159760e-03	11	false	GAMG	1.975100e-02	1.514490e-04	6	true
1033          	smoothSolver	1.083160e-02	9.833280e-04	10	1.151800e-02	1.129720e-03	10	1.429690e-02	1.163490e-03	11	false	GAMG	1.948720e-02	1.646270e-04	6	true
1034          	smoothSolver	1.077220e-02	9.841950e-04	10	1.138250e-02	1.115210e-03	10	1.411670e-02	1.151890e-03	11	false	GAMG	1.966840e-02	1.949170e-04	6	true
1035          	smoothSolver	1.075180e-02	9.843120e-04	10	1.121290e-02	1.090770e-03	10	1.396340e-02	1.132970e-03	11	false	GAMG	1.996240e-02	1.766570e-04	6	true
1036          	smoothSolver	1.084490e-02	9.857770e-04	10	1.110260e-02	1.074740e-03	10	1.376890e-02	1.109820e-03	11	false	GAMG	1.962880e-02	1.473100e-04	6	true
1037          	smoothSolver	1.096390e-02	9.947230e-04	10	1.121910e-02	1.092800e-03	10	1.366660e-02	1.095340e-03	11	false	GAMG	1.907190e-02	1.297890e-04	6	true
1038          	smoothSolver	1.104080e-02	1.001910e-03	10	1.142110e-02	1.125520e-03	10	1.367320e-02	1.097570e-03	11	false	GAMG	1.906700e-02	1.230140e-04	6	true
1039          	smoothSolver	1.101030e-02	9.922570e-04	10	1.153370e-02	1.140870e-03	10	1.377710e-02	1.108730e-03	11	false	GAMG	1.942340e-02	1.346640e-04	6	true
1040          	smoothSolver	1.088510e-02	9.672590e-04	10	1.148910e-02	1.128800e-03	10	1.377990e-02	1.107140e-03	11	false	GAMG	2.001750e-02	1.510200e-04	6	true
1041          	smoothSolver	1.074290e-02	9.391870e-04	10	1.135740e-02	1.100730e-03	10	1.374700e-02	1.092830e-03	11	false	GAMG	2.055380e-02	1.460610e-04	6	true
1042          	smoothSolver	1.068810e-02	9.279620e-04	10	1.119570e-02	1.068330e-03	10	1.370380e-02	1.355920e-03	10	false	GAMG	2.067860e-02	1.278650e-04	6	true
1043          	smoothSolver	1.069560e-02	9.277220e-04	10	1.115890e-02	1.058360e-03	10	1.378540e-02	1.357100e-03	10	false	GAMG	2.047820e-02	1.298180e-04	6	true
1044          	smoothSolver	1.077770e-02	9.466140e-04	10	1.131210e-02	1.080460e-03	10	1.396520e-02	1.376630e-03	10	false	GAMG	2.019270e-02	1.394300e-04	6	true
1045          	smoothSolver	1.086010e-02	9.682180e-04	10	1.146620e-02	1.108110e-03	10	1.418190e-02	1.408230e-03	10	false	GAMG	1.992200e-02	1.461010e-04	6	true
1046          	smoothSolver	1.089630e-02	9.808720e-04	10	1.155440e-02	1.128520e-03	10	1.437820e-02	1.149220e-03	11	false	GAMG	1.981980e-02	1.501460e-04	6	true
1047          	smoothSolver	1.087540e-02	9.856600e-04	10	1.154920e-02	1.133930e-03	10	1.431190e-02	1.160560e-03	11	false	GAMG	1.955110e-02	1.560810e-04	6	true
1048          	smoothSolver	1.080190e-02	9.849260e-04	10	1.144110e-02	1.123650e-03	10	1.415530e-02	1.155710e-03	11	false	GAMG	1.952120e-02	1.844710e-04	6	true
1049          	smoothSolver	1.074750e-02	9.852420e-04	10	1.129000e-02	1.102210e-03	10	1.399760e-02	1.139790e-03	11	false	GAMG	1.989660e-02	1.903090e-04	6	true
1050          	smoothSolver	1.079400e-02	9.841300e-04	10	1.111000e-02	1.076550e-03	10	1.382950e-02	1.117960e-03	11	false	GAMG	1.990810e-02	1.597710e-04	6	true
1051          	smoothSolver	1.092580e-02	9.905970e-04	10	1.114390e-02	1.081850e-03	10	1.367200e-02	1.098660e-03	11	false	GAMG	1.930940e-02	1.376040e-04	6	true
1052          	smoothSolver	1.100460e-02	9.994070e-04	10	1.132860e-02	1.111770e-03	10	1.361760e-02	1.091890e-03	11	false	GAMG	1.901090e-02	1.243750e-04	6	true
1053          	smoothSolver	1.102360e-02	9.971830e-04	10	1.150010e-02	1.137750e-03	10	1.371260e-02	1.102090e-03	11	false	GAMG	1.924110e-02	1.272230e-04	6	true
1054          	smoothSolver	1.093850e-02	9.779240e-04	10	1.152070e-02	1.136440e-03	10	1.376860e-02	1.108540e-03	11	false	GAMG	1.974580e-02	1.461310e-04	6	true
1055          	smoothSolver	1.078380e-02	9.475770e-04	10	1.141330e-02	1.112980e-03	10	1.373860e-02	1.097860e-03	11	false	GAMG	2.036290e-02	1.516780e-04	6	true
1056          	smoothSolver	1.068650e-02	9.295800e-04	10	1.126200e-02	1.081610e-03	10	1.370130e-02	1.362110e-03	10	false	GAMG	2.066600e-02	1.327350e-04	6	true
1057          	smoothSolver	1.066370e-02	9.218950e-04	10	1.111420e-02	1.054870e-03	10	1.376680e-02	1.356290e-03	10	false	GAMG	2.061160e-02	1.278560e-04	6	true
1058          	smoothSolver	1.072560e-02	9.346410e-04	10	1.122460e-02	1.067400e-03	10	1.388600e-02	1.367320e-03	10	false	GAMG	2.030920e-02	1.356380e-04	6	true
1059          	smoothSolver	1.082060e-02	9.573030e-04	10	1.139750e-02	1.094990e-03	10	1.409240e-02	1.391990e-03	10	false	GAMG	2.004870e-02	1.444850e-04	6	true
1060          	smoothSolver	1.088080e-02	9.745710e-04	10	1.151820e-02	1.120350e-03	10	1.430810e-02	1.429680e-03	10	false	GAMG	1.982290e-02	1.471730e-04	6	true
1061          	smoothSolver	1.087630e-02	9.818750e-04	10	1.155400e-02	1.131540e-03	10	1.442890e-02	1.162040e-03	11	false	GAMG	1.972990e-02	1.533330e-04	6	true
1062          	smoothSolver	1.081990e-02	9.828750e-04	10	1.149040e-02	1.127870e-03	10	1.427830e-02	1.163320e-03	11	false	GAMG	1.948210e-02	1.692280e-04	6	true
1063          	smoothSolver	1.076630e-02	9.842540e-04	10	1.135680e-02	1.112430e-03	10	1.409550e-02	1.150180e-03	11	false	GAMG	1.973440e-02	1.964850e-04	6	true
1064          	smoothSolver	1.075790e-02	9.838690e-04	10	1.118190e-02	1.087280e-03	10	1.394160e-02	1.130630e-03	11	false	GAMG	1.999690e-02	1.731690e-04	6	true
1065          	smoothSolver	1.086530e-02	9.864630e-04	10	1.110730e-02	1.076210e-03	10	1.374500e-02	1.107470e-03	11	false	GAMG	1.956740e-02	1.452670e-04	6	true
1066          	smoothSolver	1.097530e-02	9.957360e-04	10	1.124370e-02	1.097730e-03	10	1.365390e-02	1.094260e-03	11	false	GAMG	1.905370e-02	1.284050e-04	6	true
1067          	smoothSolver	1.104280e-02	1.001240e-03	10	1.144570e-02	1.129970e-03	10	1.368180e-02	1.098430e-03	11	false	GAMG	1.911480e-02	1.235500e-04	6	true
1068          	smoothSolver	1.099670e-02	9.889080e-04	10	1.153830e-02	1.141630e-03	10	1.377530e-02	1.109080e-03	11	false	GAMG	1.952810e-02	1.374510e-04	6	true
1069          	smoothSolver	1.086020e-02	9.621000e-04	10	1.147770e-02	1.126200e-03	10	1.376660e-02	1.104700e-03	11	false	GAMG	2.011850e-02	1.513640e-04	6	true
1070          	smoothSolver	1.072430e-02	9.361970e-04	10	1.134210e-02	1.096960e-03	10	1.373010e-02	1.371800e-03	10	false	GAMG	2.057240e-02	1.403140e-04	6	true
1071          	smoothSolver	1.066800e-02	9.251530e-04	10	1.117260e-02	1.064310e-03	10	1.379660e-02	1.363410e-03	10	false	GAMG	2.068350e-02	1.282580e-04	6	true
1072          	smoothSolver	1.069600e-02	9.288700e-04	10	1.117220e-02	1.059560e-03	10	1.384950e-02	1.363610e-03	10	false	GAMG	2.046060e-02	1.313560e-04	6	true
1073          	smoothSolver	1.078990e-02	9.497300e-04	10	1.134300e-02	1.084680e-03	10	1.401950e-02	1.382450e-03	10	false	GAMG	2.018350e-02	1.404090e-04	6	true
1074          	smoothSolver	1.087130e-02	9.708590e-04	10	1.149470e-02	1.112300e-03	10	1.423280e-02	1.415580e-03	10	false	GAMG	1.990570e-02	1.460590e-04	6	true
1075          	smoothSolver	1.089520e-02	9.820050e-04	10	1.157030e-02	1.130290e-03	10	1.441560e-02	1.154070e-03	11	false	GAMG	1.981340e-02	1.499810e-04	6	true
1076          	smoothSolver	1.086550e-02	9.854310e-04	10	1.154910e-02	1.133270e-03	10	1.432660e-02	1.162920e-03	11	false	GAMG	1.952310e-02	1.580130e-04	6	true
1077          	smoothSolver	1.079550e-02	9.849380e-04	10	1.142910e-02	1.121360e-03	10	1.415830e-02	1.155560e-03	11	false	GAMG	1.956970e-02	1.889220e-04	6	true
1078          	smoothSolver	1.075190e-02	9.853710e-04	10	1.127510e-02	1.098940e-03	10	1.399710e-02	1.138370e-03	11	false	GAMG	1.992860e-02	1.862790e-04	6	true
1079          	smoothSolver	1.081150e-02	9.850390e-04	10	1.110760e-02	1.074950e-03	10	1.381740e-02	1.115760e-03	11	false	GAMG	1.983190e-02	1.553710e-04	6	true
1080          	smoothSolver	1.094080e-02	9.923630e-04	10	1.116960e-02	1.084520e-03	10	1.367910e-02	1.097970e-03	11	false	GAMG	1.921880e-02	1.349770e-04	6	true
1081          	smoothSolver	1.101980e-02	1.000830e-03	10	1.136280e-02	1.116030e-03	10	1.363930e-02	1.094080e-03	11	false	GAMG	1.900410e-02	1.236650e-04	6	true
1082          	smoothSolver	1.102330e-02	9.963170e-04	10	1.151490e-02	1.139010e-03	10	1.374450e-02	1.105200e-03	11	false	GAMG	1.928160e-02	1.294020e-04	6	true
1083          	smoothSolver	1.092610e-02	9.752790e-04	10	1.151130e-02	1.133830e-03	10	1.378560e-02	1.109280e-03	11	false	GAMG	1.982630e-02	1.485500e-04	6	true
1084          	smoothSolver	1.077550e-02	9.447130e-04	10	1.139190e-02	1.108390e-03	10	1.374900e-02	1.096950e-03	11	false	GAMG	2.043500e-02	1.506060e-04	6	true
1085          	smoothSolver	1.069200e-02	9.290220e-04	10	1.123520e-02	1.076540e-03	10	1.370990e-02	1.360700e-03	10	false	GAMG	2.069640e-02	1.309630e-04	6	true
1086          	smoothSolver	1.067840e-02	9.230680e-04	10	1.111490e-02	1.054320e-03	10	1.377660e-02	1.356480e-03	10	false	GAMG	2.059150e-02	1.285040e-04	6	true
1087          	smoothSolver	1.075000e-02	9.382600e-04	10	1.124950e-02	1.071150e-03	10	1.391910e-02	1.370820e-03	10	false	GAMG	2.028610e-02	1.373070e-04	6	true
1088          	smoothSolver	1.084310e-02	9.609970e-04	10	1.142100e-02	1.099230e-03	10	1.413130e-02	1.397580e-03	10	false	GAMG	2.002500e-02	1.457600e-04	6	true
1089          	smoothSolver	1.089490e-02	9.770670e-04	10	1.153260e-02	1.123610e-03	10	1.434340e-02	1.141610e-03	11	false	GAMG	1.988560e-02	1.513050e-04	6	true
1090          	smoothSolver	1.089450e-02	9.850340e-04	10	1.156280e-02	1.134270e-03	10	1.433160e-02	1.157030e-03	11	false	GAMG	1.967000e-02	1.531580e-04	6	true
1091          	smoothSolver	1.082670e-02	9.844420e-04	10	1.148450e-02	1.128320e-03	10	1.420450e-02	1.158450e-03	11	false	GAMG	1.947400e-02	1.737940e-04	6	true
1092          	smoothSolver	1.076430e-02	9.850960e-04	10	1.133420e-02	1.109710e-03	10	1.404670e-02	1.145720e-03	11	false	GAMG	1.979890e-02	1.968790e-04	6	true
1093          	smoothSolver	1.077310e-02	9.840160e-04	10	1.115020e-02	1.083410e-03	10	1.389470e-02	1.125940e-03	11	false	GAMG	2.001550e-02	1.696930e-04	6	true
1094          	smoothSolver	1.089480e-02	9.881220e-04	10	1.111600e-02	1.078040e-03	10	1.370340e-02	1.103630e-03	11	false	GAMG	1.951890e-02	1.431470e-04	6	true
1095          	smoothSolver	1.099350e-02	9.976980e-04	10	1.127460e-02	1.103120e-03	10	1.362620e-02	1.092030e-03	11	false	GAMG	1.905970e-02	1.272270e-04	6	true
1096          	smoothSolver	1.104850e-02	1.000940e-03	10	1.147570e-02	1.134500e-03	10	1.368120e-02	1.098550e-03	11	false	GAMG	1.917720e-02	1.245090e-04	6	true
1097          	smoothSolver	1.098800e-02	9.860560e-04	10	1.154790e-02	1.142250e-03	10	1.376580e-02	1.108650e-03	11	false	GAMG	1.962950e-02	1.404340e-04	6	true
1098          	smoothSolver	1.084030e-02	9.576250e-04	10	1.147150e-02	1.123890e-03	10	1.375360e-02	1.102270e-03	11	false	GAMG	2.022990e-02	1.519720e-04	6	true
1099          	smoothSolver	1.071500e-02	9.341740e-04	10	1.133200e-02	1.093600e-03	10	1.371630e-02	1.368050e-03	10	false	GAMG	2.063880e-02	1.377800e-04	6	true
1100          	smoothSolver	1.067340e-02	9.245670e-04	10	1.116420e-02	1.061690e-03	10	1.378760e-02	1.360540e-03	10	false	GAMG	2.069930e-02	1.275670e-04	6	true
1101          	smoothSolver	1.071110e-02	9.311470e-04	10	1.120180e-02	1.062700e-03	10	1.385940e-02	1.364310e-03	10	false	GAMG	2.044190e-02	1.324990e-04	6	true
1102          	smoothSolver	1.080660e-02	9.528190e-04	10	1.137260e-02	1.088850e-03	10	1.404550e-02	1.385150e-03	10	false	GAMG	2.016860e-02	1.416730e-04	6	true
1103          	smoothSolver	1.088430e-02	9.729980e-04	10	1.151560e-02	1.115840e-03	10	1.426150e-02	1.420240e-03	10	false	GAMG	1.990040e-02	1.463680e-04	6	true
1104          	smoothSolver	1.089610e-02	9.828400e-04	10	1.158100e-02	1.131670e-03	10	1.443090e-02	1.156940e-03	11	false	GAMG	1.981360e-02	1.504140e-04	6	true
1105          	smoothSolver	1.085870e-02	9.850990e-04	10	1.154650e-02	1.132370e-03	10	1.432410e-02	1.163510e-03	11	false	GAMG	1.952760e-02	1.608590e-04	6	true
1106          	smoothSolver	1.079410e-02	9.851280e-04	10	1.141680e-02	1.119080e-03	10	1.414990e-02	1.154170e-03	11	false	GAMG	1.963570e-02	1.926780e-04	6	true
1107          	smoothSolver	1.076110e-02	9.857710e-04	10	1.125750e-02	1.095550e-03	10	1.399220e-02	1.136300e-03	11	false	GAMG	1.996220e-02	1.821590e-04	6	true
1108          	smoothSolver	1.083490e-02	9.861860e-04	10	1.111290e-02	1.074600e-03	10	1.380250e-02	1.113300e-03	11	false	GAMG	1.975720e-02	1.514440e-04	6	true
1109          	smoothSolver	1.096060e-02	9.942990e-04	10	1.120350e-02	1.088530e-03	10	1.368270e-02	1.097090e-03	11	false	GAMG	1.915310e-02	1.325680e-04	6	true
1110          	smoothSolver	1.104130e-02	1.002430e-03	10	1.140320e-02	1.121150e-03	10	1.366560e-02	1.096510e-03	11	false	GAMG	1.903210e-02	1.234390e-04	6	true
1111          	smoothSolver	1.102810e-02	9.956050e-04	10	1.153480e-02	1.140880e-03	10	1.377650e-02	1.108230e-03	11	false	GAMG	1.936110e-02	1.321270e-04	6	true
1112          	smoothSolver	1.091740e-02	9.725980e-04	10	1.150900e-02	1.132170e-03	10	1.380290e-02	1.109780e-03	11	false	GAMG	1.994730e-02	1.503630e-04	6	true
1113          	smoothSolver	1.077330e-02	9.427250e-04	10	1.138070e-02	1.104940e-03	10	1.376550e-02	1.096150e-03	11	false	GAMG	2.053080e-02	1.490600e-04	6	true
1114          	smoothSolver	1.070430e-02	9.293050e-04	10	1.122100e-02	1.072700e-03	10	1.372570e-02	1.359670e-03	10	false	GAMG	2.073880e-02	1.294740e-04	6	true
1115          	smoothSolver	1.070210e-02	9.258410e-04	10	1.113860e-02	1.056180e-03	10	1.380070e-02	1.357940e-03	10	false	GAMG	2.058240e-02	1.293040e-04	6	true
1116          	smoothSolver	1.078010e-02	9.428700e-04	10	1.128640e-02	1.075940e-03	10	1.396110e-02	1.375240e-03	10	false	GAMG	2.028050e-02	1.388120e-04	6	true
1117          	smoothSolver	1.086700e-02	9.654450e-04	10	1.145400e-02	1.104290e-03	10	1.417610e-02	1.404230e-03	10	false	GAMG	2.001030e-02	1.465910e-04	6	true
1118          	smoothSolver	1.091340e-02	9.801430e-04	10	1.155640e-02	1.127340e-03	10	1.438250e-02	1.146950e-03	11	false	GAMG	1.988770e-02	1.513730e-04	6	true
1119          	smoothSolver	1.090410e-02	9.869000e-04	10	1.157120e-02	1.136060e-03	10	1.434730e-02	1.160960e-03	11	false	GAMG	1.965170e-02	1.549700e-04	6	true
1120          	smoothSolver	1.083440e-02	9.863600e-04	10	1.147980e-02	1.128280e-03	10	1.420700e-02	1.159620e-03	11	false	GAMG	1.952260e-02	1.790180e-04	6	true
1121          	smoothSolver	1.077390e-02	9.871480e-04	10	1.132990e-02	1.108470e-03	10	1.404980e-02	1.145630e-03	11	false	GAMG	1.988820e-02	1.952840e-04	6	true
1122          	smoothSolver	1.080040e-02	9.856800e-04	10	1.114480e-02	1.081970e-03	10	1.389010e-02	1.124870e-03	11	false	GAMG	2.002520e-02	1.659070e-04	6	true
1123          	smoothSolver	1.093090e-02	9.910220e-04	10	1.114360e-02	1.081660e-03	10	1.370790e-02	1.103580e-03	11	false	GAMG	1.947320e-02	1.411740e-04	6	true
1124          	smoothSolver	1.101700e-02	1.000300e-03	10	1.131620e-02	1.109250e-03	10	1.363930e-02	1.093510e-03	11	false	GAMG	1.906890e-02	1.260750e-04	6	true
1125          	smoothSolver	1.105640e-02	1.001060e-03	10	1.150820e-02	1.138800e-03	10	1.371340e-02	1.101750e-03	11	false	GAMG	1.923750e-02	1.257160e-04	6	true
1126          	smoothSolver	1.098160e-02	9.838790e-04	10	1.155850e-02	1.142510e-03	10	1.378530e-02	1.110620e-03	11	false	GAMG	1.971930e-02	1.432720e-04	6	true
1127          	smoothSolver	1.082640e-02	9.541000e-04	10	1.146830e-02	1.121540e-03	10	1.376580e-02	1.102100e-03	11	false	GAMG	2.032680e-02	1.524530e-04	6	true
1128          	smoothSolver	1.071290e-02	9.331810e-04	10	1.132330e-02	1.090450e-03	10	1.372680e-02	1.367170e-03	10	false	GAMG	2.069190e-02	1.355570e-04	6	true
1129          	smoothSolver	1.068240e-02	9.245300e-04	10	1.115930e-02	1.060070e-03	10	1.379800e-02	1.360350e-03	10	false	GAMG	2.070630e-02	1.274630e-04	6	true
1130          	smoothSolver	1.072920e-02	9.336900e-04	10	1.122960e-02	1.066370e-03	10	1.388920e-02	1.367330e-03	10	false	GAMG	2.041770e-02	1.338850e-04	6	true
1131          	smoothSolver	1.082450e-02	9.559110e-04	10	1.140160e-02	1.093160e-03	10	1.408570e-02	1.389750e-03	10	false	GAMG	2.014740e-02	1.430360e-04	6	true
1132          	smoothSolver	1.089480e-02	9.749760e-04	10	1.153570e-02	1.119560e-03	10	1.430150e-02	1.426230e-03	10	false	GAMG	1.989240e-02	1.468070e-04	6	true
1133          	smoothSolver	1.090010e-02	9.836610e-04	10	1.159050e-02	1.133320e-03	10	1.445180e-02	1.160600e-03	11	false	GAMG	1.980610e-02	1.514010e-04	6	true
1134          	smoothSolver	1.085280e-02	9.851390e-04	10	1.154240e-02	1.132060e-03	10	1.432480e-02	1.164930e-03	11	false	GAMG	1.953430e-02	1.641620e-04	6	true
1135          	smoothSolver	1.079300e-02	9.858300e-04	10	1.140720e-02	1.117640e-03	10	1.414680e-02	1.153890e-03	11	false	GAMG	1.969820e-02	1.950400e-04	6	true
1136          	smoothSolver	1.077030e-02	9.861710e-04	10	1.124000e-02	1.093220e-03	10	1.399150e-02	1.135150e-03	11	false	GAMG	2.000120e-02	1.782270e-04	6	true
1137          	smoothSolver	1.085880e-02	9.874170e-04	10	1.112290e-02	1.076080e-03	10	1.379520e-02	1.111980e-03	11	false	GAMG	1.968800e-02	1.484290e-04	6	true
1138          	smoothSolver	1.097970e-02	9.961510e-04	10	1.123520e-02	1.093480e-03	10	1.368930e-02	1.097050e-03	11	false	GAMG	1.910980e-02	1.306080e-04	6	true
1139          	smoothSolver	1.105700e-02	1.003530e-03	10	1.143580e-02	1.126300e-03	10	1.369130e-02	1.098840e-03	11	false	GAMG	1.907010e-02	1.233610e-04	6	true
1140          	smoothSolver	1.102940e-02	9.943720e-04	10	1.154890e-02	1.142560e-03	10	1.379840e-02	1.110380e-03	11	false	GAMG	1.944100e-02	1.344950e-04	6	true
1141          	smoothSolver	1.090680e-02	9.695640e-04	10	1.150580e-02	1.130740e-03	10	1.380730e-02	1.109300e-03	11	false	GAMG	2.004300e-02	1.509060e-04	6	true
1142          	smoothSolver	1.076660e-02	9.410620e-04	10	1.137280e-02	1.102390e-03	10	1.377020e-02	1.094650e-03	11	false	GAMG	2.059300e-02	1.468920e-04	6	true
1143          	smoothSolver	1.070890e-02	9.295630e-04	10	1.121070e-02	1.070050e-03	10	1.372890e-02	1.358070e-03	10	false	GAMG	2.073740e-02	1.281120e-04	6	true
1144          	smoothSolver	1.071580e-02	9.286570e-04	10	1.116500e-02	1.058920e-03	10	1.381250e-02	1.359010e-03	10	false	GAMG	2.053930e-02	1.298820e-04	6	true
1145          	smoothSolver	1.079630e-02	9.471500e-04	10	1.131720e-02	1.080360e-03	10	1.398750e-02	1.378400e-03	10	false	GAMG	2.024240e-02	1.396470e-04	6	true
1146          	smoothSolver	1.087840e-02	9.690390e-04	10	1.147660e-02	1.108370e-03	10	1.420180e-02	1.409400e-03	10	false	GAMG	1.996200e-02	1.465710e-04	6	true
1147          	smoothSolver	1.091650e-02	9.820740e-04	10	1.156840e-02	1.129520e-03	10	1.439970e-02	1.150420e-03	11	false	GAMG	1.986190e-02	1.507570e-04	6	true
1148          	smoothSolver	1.089850e-02	9.874940e-04	10	1.156810e-02	1.135850e-03	10	1.434090e-02	1.162500e-03	11	false	GAMG	1.960190e-02	1.562720e-04	6	true
1149          	smoothSolver	1.082560e-02	9.868900e-04	10	1.146290e-02	1.126250e-03	10	1.418930e-02	1.158630e-03	11	false	GAMG	1.954710e-02	1.836880e-04	6	true
1150          	smoothSolver	1.076970e-02	9.873730e-04	10	1.131190e-02	1.105230e-03	10	1.403180e-02	1.143330e-03	11	false	GAMG	1.992980e-02	1.919630e-04	6	true
1151          	smoothSolver	1.081080e-02	9.859880e-04	10	1.113010e-02	1.079260e-03	10	1.386450e-02	1.121770e-03	11	false	GAMG	1.996760e-02	1.614600e-04	6	true
1152          	smoothSolver	1.094300e-02	9.922520e-04	10	1.115750e-02	1.083440e-03	10	1.369940e-02	1.101820e-03	11	false	GAMG	1.936980e-02	1.386230e-04	6	true
1153          	smoothSolver	1.102160e-02	1.001160e-03	10	1.134050e-02	1.113040e-03	10	1.364140e-02	1.094090e-03	11	false	GAMG	1.903750e-02	1.248760e-04	6	true
1154          	smoothSolver	1.104440e-02	9.994660e-04	10	1.151750e-02	1.140000e-03	10	1.373200e-02	1.103880e-03	11	false	GAMG	1.925830e-02	1.270910e-04	6	true
1155          	smoothSolver	1.096010e-02	9.805160e-04	10	1.154510e-02	1.139810e-03	10	1.379200e-02	1.111080e-03	11	false	GAMG	1.976920e-02	1.457180e-04	6	true
1156          	smoothSolver	1.080490e-02	9.501580e-04	10	1.144150e-02	1.116690e-03	10	1.376520e-02	1.100650e-03	11	false	GAMG	2.038050e-02	1.522400e-04	6	true
1157          	smoothSolver	1.070350e-02	9.315190e-04	10	1.129140e-02	1.085170e-03	10	1.372610e-02	1.365230e-03	10	false	GAMG	2.070430e-02	1.334940e-04	6	true
1158          	smoothSolver	1.067880e-02	9.235470e-04	10	1.113870e-02	1.057480e-03	10	1.379450e-02	1.359240e-03	10	false	GAMG	2.066910e-02	1.278230e-04	6	true
1159          	smoothSolver	1.073640e-02	9.353330e-04	10	1.124050e-02	1.068700e-03	10	1.390670e-02	1.369390e-03	10	false	GAMG	2.036540e-02	1.353950e-04	6	true
1160          	smoothSolver	1.083200e-02	9.579900e-04	10	1.141400e-02	1.096270e-03	10	1.411090e-02	1.393460e-03	10	false	GAMG	2.009780e-02	1.443510e-04	6	true
1161          	smoothSolver	1.089500e-02	9.758760e-04	10	1.153820e-02	1.121970e-03	10	1.432630e-02	1.430970e-03	10	false	GAMG	1.986080e-02	1.472970e-04	6	true
1162          	smoothSolver	1.089360e-02	9.835520e-04	10	1.158030e-02	1.133760e-03	10	1.445460e-02	1.163350e-03	11	false	GAMG	1.977390e-02	1.528890e-04	6	true
1163          	smoothSolver	1.083860e-02	9.846480e-04	10	1.152090e-02	1.130650e-03	10	1.430990e-02	1.165310e-03	11	false	GAMG	1.951970e-02	1.680000e-04	6	true
1164          	smoothSolver	1.078470e-02	9.858550e-04	10	1.138640e-02	1.115420e-03	10	1.412810e-02	1.152590e-03	11	false	GAMG	1.974790e-02	1.963900e-04	6	true
1165          	smoothSolver	1.077250e-02	9.855790e-04	10	1.121170e-02	1.090270e-03	10	1.397360e-02	1.133080e-03	11	false	GAMG	2.002300e-02	1.744700e-04	6	true
1166          	smoothSolver	1.087550e-02	9.878660e-04	10	1.112590e-02	1.077490e-03	10	1.377510e-02	1.109830e-03	11	false	GAMG	1.961380e-02	1.461240e-04	6	true
1167          	smoothSolver	1.098940e-02	9.970430e-04	10	1.125600e-02	1.098010e-03	10	1.367850e-02	1.096080e-03	11	false	GAMG	1.908090e-02	1.290010e-04	6	true
1168          	smoothSolver	1.105820e-02	1.003040e-03	10	1.145650e-02	1.130380e-03	10	1.369890e-02	1.099690e-03	11	false	GAMG	1.911190e-02	1.234700e-04	6	true
1169          	smoothSolver	1.101590e-02	9.914390e-04	10	1.155200e-02	1.143130e-03	10	1.379620e-02	1.110540e-03	11	false	GAMG	1.951640e-02	1.367170e-04	6	true
1170          	smoothSolver	1.088170e-02	9.649700e-04	10	1.149450e-02	1.128400e-03	10	1.379050e-02	1.106890e-03	11	false	GAMG	2.011020e-02	1.511750e-04	6	true
1171          	smoothSolver	1.074430e-02	9.383000e-04	10	1.135850e-02	1.099240e-03	10	1.375330e-02	1.374510e-03	10	false	GAMG	2.058490e-02	1.411640e-04	6	true
1172          	smoothSolver	1.068510e-02	9.269580e-04	10	1.118890e-02	1.066470e-03	10	1.382010e-02	1.366030e-03	10	false	GAMG	2.071440e-02	1.284870e-04	6	true
1173          	smoothSolver	1.071110e-02	9.297120e-04	10	1.117570e-02	1.059900e-03	10	1.387160e-02	1.365520e-03	10	false	GAMG	2.050160e-02	1.311660e-04	6	true
1174          	smoothSolver	1.080310e-02	9.501780e-04	10	1.134600e-02	1.084330e-03	10	1.403640e-02	1.383890e-03	10	false	GAMG	2.021500e-02	1.402570e-04	6	true
1175          	smoothSolver	1.088380e-02	9.714990e-04	10	1.150090e-02	1.112140e-03	10	1.424720e-02	1.416310e-03	10	false	GAMG	1.992920e-02	1.461730e-04	6	true
1176          	smoothSolver	1.091070e-02	9.830300e-04	10	1.158040e-02	1.130890e-03	10	1.443300e-02	1.154900e-03	11	false	GAMG	1.983980e-02	1.501220e-04	6	true
1177          	smoothSolver	1.088340e-02	9.870190e-04	10	1.156330e-02	1.134770e-03	10	1.435040e-02	1.164580e-03	11	false	GAMG	1.955550e-02	1.575540e-04	6	true
1178          	smoothSolver	1.081180e-02	9.864480e-04	10	1.144610e-02	1.123530e-03	10	1.418570e-02	1.158150e-03	11	false	GAMG	1.957380e-02	1.877520e-04	6	true
1179          	smoothSolver	1.076480e-02	9.869560e-04	10	1.129220e-02	1.101480e-03	10	1.402440e-02	1.141500e-03	11	false	GAMG	1.994690e-02	1.879650e-04	6	true
1180          	smoothSolver	1.081830e-02	9.861890e-04	10	1.111940e-02	1.076820e-03	10	1.384620e-02	1.119110e-03	11	false	GAMG	1.988270e-02	1.570380e-04	6	true
1181          	smoothSolver	1.094800e-02	9.932570e-04	10	1.117340e-02	1.085070e-03	10	1.369970e-02	1.100650e-03	11	false	GAMG	1.925880e-02	1.359460e-04	6	true
1182          	smoothSolver	1.102480e-02	1.001740e-03	10	1.136420e-02	1.116240e-03	10	1.365370e-02	1.095550e-03	11	false	GAMG	1.900560e-02	1.239370e-04	6	true
1183          	smoothSolver	1.103310e-02	9.978420e-04	10	1.152230e-02	1.140270e-03	10	1.375590e-02	1.106440e-03	11	false	GAMG	1.927290e-02	1.289170e-04	6	true
1184          	smoothSolver	1.093950e-02	9.772330e-04	10	1.152590e-02	1.136280e-03	10	1.380170e-02	1.111480e-03	11	false	GAMG	1.982060e-02	1.481010e-04	6	true
1185          	smoothSolver	1.078800e-02	9.465470e-04	10	1.140950e-02	1.111220e-03	10	1.376730e-02	1.099380e-03	11	false	GAMG	2.042960e-02	1.513350e-04	6	true
1186          	smoothSolver	1.069980e-02	9.301560e-04	10	1.125370e-02	1.079190e-03	10	1.372590e-02	1.363310e-03	10	false	GAMG	2.071200e-02	1.316490e-04	6	true
1187          	smoothSolver	1.068360e-02	9.236350e-04	10	1.112530e-02	1.055600e-03	10	1.379440e-02	1.358590e-03	10	false	GAMG	2.063120e-02	1.283670e-04	6	true
1188          	smoothSolver	1.075200e-02	9.379790e-04	10	1.125320e-02	1.071450e-03	10	1.393080e-02	1.371990e-03	10	false	GAMG	2.032330e-02	1.370400e-04	6	true
1189          	smoothSolver	1.084660e-02	9.608190e-04	10	1.142670e-02	1.099580e-03	10	1.414090e-02	1.397950e-03	10	false	GAMG	2.006260e-02	1.456950e-04	6	true
1190          	smoothSolver	1.090200e-02	9.775460e-04	10	1.154230e-02	1.124470e-03	10	1.435300e-02	1.141870e-03	11	false	GAMG	1.991390e-02	1.515060e-04	6	true
1191          	smoothSolver	1.090590e-02	9.859440e-04	10	1.157890e-02	1.135720e-03	10	1.434930e-02	1.157630e-03	11	false	GAMG	1.970490e-02	1.526960e-04	6	true
1192          	smoothSolver	1.083790e-02	9.853540e-04	10	1.150520e-02	1.130340e-03	10	1.422740e-02	1.159770e-03	11	false	GAMG	1.949590e-02	1.723930e-04	6	true
1193          	smoothSolver	1.077640e-02	9.858310e-04	10	1.135470e-02	1.111980e-03	10	1.406940e-02	1.147400e-03	11	false	GAMG	1.979570e-02	1.971990e-04	6	true
1194          	smoothSolver	1.077840e-02	9.848780e-04	10	1.117040e-02	1.085670e-03	10	1.391750e-02	1.127700e-03	11	false	GAMG	2.003650e-02	1.710430e-04	6	true
1195          	smoothSolver	1.089640e-02	9.885210e-04	10	1.112510e-02	1.078530e-03	10	1.372280e-02	1.105120e-03	11	false	GAMG	1.955680e-02	1.440360e-04	6	true
1196          	smoothSolver	1.099980e-02	9.980280e-04	10	1.127750e-02	1.102590e-03	10	1.364040e-02	1.092940e-03	11	false	GAMG	1.907940e-02	1.278230e-04	6	true
1197          	smoothSolver	1.105670e-02	1.001940e-03	10	1.147800e-02	1.134310e-03	10	1.368710e-02	1.098770e-03	11	false	GAMG	1.917230e-02	1.242700e-04	6	true
1198          	smoothSolver	1.099990e-02	9.877540e-04	10	1.155540e-02	1.143330e-03	10	1.377550e-02	1.109130e-03	11	false	GAMG	1.961460e-02	1.395270e-04	6	true
1199          	smoothSolver	1.085430e-02	9.596820e-04	10	1.148290e-02	1.125670e-03	10	1.376490e-02	1.103470e-03	11	false	GAMG	2.021540e-02	1.517320e-04	6	true
1200          	smoothSolver	1.072490e-02	9.353030e-04	10	1.134350e-02	1.095520e-03	10	1.372850e-02	1.369630e-03	10	false	GAMG	2.063070e-02	1.385520e-04	6	true
1201          	smoothSolver	1.067940e-02	9.254050e-04	10	1.117360e-02	1.063160e-03	10	1.379880e-02	1.361820e-03	10	false	GAMG	2.071400e-02	1.276430e-04	6	true
1202          	smoothSolver	1.071450e-02	9.310410e-04	10	1.119790e-02	1.062150e-03	10	1.386560e-02	1.364650e-03	10	false	GAMG	2.046420e-02	1.320980e-04	6	true
1203          	smoothSolver	1.080900e-02	9.523860e-04	10	1.136760e-02	1.087660e-03	10	1.404720e-02	1.384990e-03	10	false	GAMG	2.018350e-02	1.413050e-04	6	true
1204          	smoothSolver	1.088700e-02	9.728240e-04	10	1.151440e-02	1.114820e-03	10	1.426150e-02	1.419420e-03	10	false	GAMG	1.990920e-02	1.463160e-04	6	true
1205          	smoothSolver	1.090090e-02	9.830120e-04	10	1.158360e-02	1.131380e-03	10	1.443420e-02	1.156550e-03	11	false	GAMG	1.982130e-02	1.502750e-04	6	true
1206          	smoothSolver	1.086640e-02	9.857570e-04	10	1.155290e-02	1.132970e-03	10	1.433320e-02	1.164020e-03	11	false	GAMG	1.953160e-02	1.599760e-04	6	true
1207          	smoothSolver	1.079980e-02	9.856780e-04	10	1.142530e-02	1.120260e-03	10	1.416170e-02	1.155520e-03	11	false	GAMG	1.962340e-02	1.917180e-04	6	true
1208          	smoothSolver	1.076410e-02	9.863270e-04	10	1.126700e-02	1.097100e-03	10	1.400270e-02	1.138050e-03	11	false	GAMG	1.995720e-02	1.836630e-04	6	true
1209          	smoothSolver	1.083400e-02	9.864960e-04	10	1.111290e-02	1.074940e-03	10	1.381640e-02	1.115210e-03	11	false	GAMG	1.978840e-02	1.527330e-04	6	true
1210          	smoothSolver	1.096010e-02	9.945060e-04	10	1.119610e-02	1.087600e-03	10	1.369070e-02	1.098500e-03	11	false	GAMG	1.917460e-02	1.332940e-04	6	true
1211          	smoothSolver	1.104120e-02	1.002890e-03	10	1.139600e-02	1.120230e-03	10	1.366680e-02	1.096850e-03	11	false	GAMG	1.902080e-02	1.235000e-04	6	true
1212          	smoothSolver	1.103400e-02	9.967780e-04	10	1.153570e-02	1.141160e-03	10	1.377790e-02	1.108580e-03	11	false	GAMG	1.933590e-02	1.313760e-04	6	true
1213          	smoothSolver	1.092820e-02	9.744380e-04	10	1.151790e-02	1.133670e-03	10	1.381000e-02	1.111130e-03	11	false	GAMG	1.991780e-02	1.501610e-04	6	true
1214          	smoothSolver	1.078280e-02	9.442220e-04	10	1.139210e-02	1.106970e-03	10	1.377480e-02	1.097920e-03	11	false	GAMG	2.051510e-02	1.499320e-04	6	true
1215          	smoothSolver	1.070960e-02	9.300650e-04	10	1.123400e-02	1.074730e-03	10	1.373650e-02	1.361830e-03	10	false	GAMG	2.074840e-02	1.301600e-04	6	true
1216          	smoothSolver	1.070320e-02	9.257030e-04	10	1.114050e-02	1.056420e-03	10	1.380960e-02	1.359210e-03	10	false	GAMG	2.061370e-02	1.291670e-04	6	true
1217          	smoothSolver	1.077920e-02	9.421370e-04	10	1.128610e-02	1.075650e-03	10	1.396480e-02	1.375580e-03	10	false	GAMG	2.031170e-02	1.385490e-04	6	true
1218          	smoothSolver	1.086950e-02	9.649300e-04	10	1.145560e-02	1.104130e-03	10	1.417910e-02	1.403830e-03	10	false	GAMG	2.004670e-02	1.465870e-04	6	true
1219          	smoothSolver	1.091840e-02	9.802950e-04	10	1.156160e-02	1.127760e-03	10	1.438820e-02	1.146830e-03	11	false	GAMG	1.991240e-02	1.516150e-04	6	true
1220          	smoothSolver	1.091220e-02	9.875210e-04	10	1.158260e-02	1.137170e-03	10	1.436160e-02	1.161360e-03	11	false	GAMG	1.968350e-02	1.544180e-04	6	true
1221          	smoothSolver	1.084300e-02	9.869110e-04	10	1.149620e-02	1.129920e-03	10	1.422530e-02	1.160830e-03	11	false	GAMG	1.952990e-02	1.772680e-04	6	true
1222          	smoothSolver	1.078130e-02	9.875690e-04	10	1.134630e-02	1.110420e-03	10	1.406750e-02	1.147030e-03	11	false	GAMG	1.987910e-02	1.960660e-04	6	true
1223          	smoothSolver	1.080090e-02	9.860230e-04	10	1.115950e-02	1.083720e-03	10	1.390850e-02	1.126350e-03	11	false	GAMG	2.004700e-02	1.673660e-04	6	true
1224          	smoothSolver	1.092870e-02	9.909820e-04	10	1.114620e-02	1.081550e-03	10	1.372080e-02	1.104580e-03	11	false	GAMG	1.951160e-02	1.421410e-04	6	true
1225          	smoothSolver	1.101920e-02	1.000270e-03	10	1.131340e-02	1.108230e-03	10	1.364690e-02	1.093810e-03	11	false	GAMG	1.908760e-02	1.266320e-04	6	true
1226          	smoothSolver	1.106220e-02	1.001860e-03	10	1.150760e-02	1.138420e-03	10	1.371320e-02	1.101360e-03	11	false	GAMG	1.922980e-02	1.252480e-04	6	true
1227          	smoothSolver	1.099170e-02	9.853720e-04	10	1.156490e-02	1.143520e-03	10	1.378820e-02	1.110590e-03	11	false	GAMG	1.970340e-02	1.421670e-04	6	true
1228          	smoothSolver	1.083830e-02	9.559650e-04	10	1.147910e-02	1.123360e-03	10	1.377150e-02	1.102800e-03	11	false	GAMG	2.030560e-02	1.522550e-04	6	true
1229          	smoothSolver	1.071960e-02	9.341290e-04	10	1.133580e-02	1.092540e-03	10	1.373380e-02	1.368290e-03	10	false	GAMG	2.068460e-02	1.362300e-04	6	true
1230          	smoothSolver	1.068650e-02	9.252090e-04	10	1.116760e-02	1.061370e-03	10	1.380480e-02	1.361250e-03	10	false	GAMG	2.071460e-02	1.273870e-04	6	true
1231          	smoothSolver	1.072990e-02	9.334480e-04	10	1.122490e-02	1.065490e-03	10	1.388790e-02	1.367020e-03	10	false	GAMG	2.043180e-02	1.333160e-04	6	true
1232          	smoothSolver	1.082430e-02	9.553660e-04	10	1.139560e-02	1.091720e-03	10	1.408030e-02	1.388880e-03	10	false	GAMG	2.015660e-02	1.424810e-04	6	true
1233          	smoothSolver	1.089610e-02	9.747280e-04	10	1.153310e-02	1.118250e-03	10	1.429520e-02	1.424750e-03	10	false	GAMG	1.989710e-02	1.465560e-04	6	true
1234          	smoothSolver	1.090260e-02	9.837180e-04	10	1.159190e-02	1.132760e-03	10	1.445170e-02	1.159750e-03	11	false	GAMG	1.981020e-02	1.509150e-04	6	true
1235          	smoothSolver	1.086000e-02	9.856060e-04	10	1.154800e-02	1.132340e-03	10	1.433210e-02	1.165060e-03	11	false	GAMG	1.953670e-02	1.628480e-04	6	true
1236          	smoothSolver	1.079890e-02	9.861170e-04	10	1.141360e-02	1.118490e-03	10	1.415620e-02	1.154850e-03	11	false	GAMG	1.967860e-02	1.941620e-04	6	true
1237          	smoothSolver	1.077280e-02	9.867820e-04	10	1.124900e-02	1.094440e-03	10	1.400090e-02	1.136650e-03	11	false	GAMG	1.998900e-02	1.796420e-04	6	true
1238          	smoothSolver	1.085490e-02	9.875880e-04	10	1.112010e-02	1.075760e-03	10	1.380600e-02	1.113560e-03	11	false	GAMG	1.971730e-02	1.494250e-04	6	true
1239          	smoothSolver	1.097670e-02	9.961890e-04	10	1.122660e-02	1.092020e-03	10	1.369540e-02	1.098170e-03	11	false	GAMG	1.912120e-02	1.311930e-04	6	true
1240          	smoothSolver	1.105590e-02	1.004000e-03	10	1.142810e-02	1.125020e-03	10	1.369040e-02	1.099060e-03	11	false	GAMG	1.905450e-02	1.233360e-04	6	true
1241          	smoothSolver	1.103400e-02	9.956590e-04	10	1.154900e-02	1.142630e-03	10	1.380040e-02	1.110850e-03	11	false	GAMG	1.940340e-02	1.337550e-04	6	true
1242          	smoothSolver	1.091680e-02	9.714900e-04	10	1.151230e-02	1.132020e-03	10	1.381580e-02	1.110870e-03	11	false	GAMG	2.000470e-02	1.509870e-04	6	true
1243          	smoothSolver	1.077370e-02	9.422840e-04	10	1.138070e-02	1.103990e-03	10	1.377860e-02	1.096580e-03	11	false	GAMG	2.057430e-02	1.479960e-04	6	true
1244          	smoothSolver	1.071140e-02	9.301250e-04	10	1.121970e-02	1.071460e-03	10	1.373680e-02	1.360050e-03	10	false	GAMG	2.074840e-02	1.287220e-04	6	true
1245          	smoothSolver	1.071630e-02	9.283760e-04	10	1.116300e-02	1.058690e-03	10	1.381930e-02	1.360040e-03	10	false	GAMG	2.057480e-02	1.296850e-04	6	true
1246          	smoothSolver	1.079600e-02	9.462370e-04	10	1.131400e-02	1.079850e-03	10	1.399080e-02	1.378690e-03	10	false	GAMG	2.027650e-02	1.394670e-04	6	true
1247          	smoothSolver	1.088010e-02	9.684830e-04	10	1.147620e-02	1.108060e-03	10	1.420540e-02	1.408970e-03	10	false	GAMG	1.999690e-02	1.467540e-04	6	true
1248          	smoothSolver	1.092240e-02	9.823150e-04	10	1.157240e-02	1.130050e-03	10	1.440590e-02	1.150440e-03	11	false	GAMG	1.988510e-02	1.510510e-04	6	true
1249          	smoothSolver	1.090810e-02	9.882160e-04	10	1.157890e-02	1.137210e-03	10	1.435590e-02	1.163150e-03	11	false	GAMG	1.963890e-02	1.556900e-04	6	true
1250          	smoothSolver	1.083560e-02	9.875230e-04	10	1.147970e-02	1.128240e-03	10	1.420880e-02	1.160020e-03	11	false	GAMG	1.955460e-02	1.820440e-04	6	true
1251          	smoothSolver	1.077820e-02	9.880490e-04	10	1.133010e-02	1.107590e-03	10	1.405220e-02	1.145050e-03	11	false	GAMG	1.992630e-02	1.933550e-04	6	true
1252          	smoothSolver	1.081420e-02	9.865450e-04	10	1.114490e-02	1.081130e-03	10	1.388590e-02	1.123630e-03	11	false	GAMG	2.000730e-02	1.632170e-04	6	true
1253          	smoothSolver	1.094460e-02	9.923740e-04	10	1.116180e-02	1.083590e-03	10	1.371200e-02	1.103090e-03	11	false	GAMG	1.942300e-02	1.397840e-04	6	true
1254          	smoothSolver	1.102490e-02	1.001360e-03	10	1.134110e-02	1.112440e-03	10	1.364740e-02	1.094270e-03	11	false	GAMG	1.905990e-02	1.254180e-04	6	true
1255          	smoothSolver	1.105280e-02	1.000540e-03	10	1.152260e-02	1.140360e-03	10	1.373070e-02	1.103470e-03	11	false	GAMG	1.924830e-02	1.265470e-04	6	true
1256          	smoothSolver	1.097130e-02	9.821590e-04	10	1.155720e-02	1.141590e-03	10	1.379490e-02	1.111340e-03	11	false	GAMG	1.975060e-02	1.448580e-04	6	true
1257          	smoothSolver	1.081540e-02	9.518130e-04	10	1.145700e-02	1.119100e-03	10	1.377020e-02	1.101680e-03	11	false	GAMG	2.036920e-02	1.523760e-04	6	true
1258          	smoothSolver	1.070920e-02	9.322640e-04	10	1.130740e-02	1.087470e-03	10	1.373050e-02	1.366260e-03	10	false	GAMG	2.070410e-02	1.341750e-04	6	true
1259          	smoothSolver	1.068570e-02	9.242110e-04	10	1.114820e-02	1.058540e-03	10	1.380150e-02	1.359900e-03	10	false	GAMG	2.069450e-02	1.274940e-04	6	true
1260          	smoothSolver	1.073930e-02	9.349900e-04	10	1.123770e-02	1.067840e-03	10	1.390710e-02	1.369030e-03	10	false	GAMG	2.039400e-02	1.347870e-04	6	true
1261          	smoothSolver	1.083370e-02	9.573820e-04	10	1.140960e-02	1.094800e-03	10	1.410820e-02	1.392500e-03	10	false	GAMG	2.012300e-02	1.439110e-04	6	true
1262          	smoothSolver	1.089870e-02	9.755970e-04	10	1.153780e-02	1.120750e-03	10	1.432260e-02	1.429460e-03	10	false	GAMG	1.987590e-02	1.471410e-04	6	true
1263          	smoothSolver	1.089940e-02	9.836850e-04	10	1.158500e-02	1.133330e-03	10	1.445720e-02	1.162460e-03	11	false	GAMG	1.978700e-02	1.523330e-04	6	true
1264          	smoothSolver	1.084720e-02	9.850270e-04	10	1.152950e-02	1.131140e-03	10	1.431980e-02	1.165440e-03	11	false	GAMG	1.952950e-02	1.665460e-04	6	true
1265          	smoothSolver	1.079200e-02	9.860990e-04	10	1.139450e-02	1.116450e-03	10	1.414130e-02	1.153590e-03	11	false	GAMG	1.973360e-02	1.960330e-04	6	true
1266          	smoothSolver	1.077590e-02	9.861610e-04	10	1.122200e-02	1.091640e-03	10	1.398760e-02	1.134700e-03	11	false	GAMG	2.001860e-02	1.760410e-04	6	true
1267          	smoothSolver	1.087220e-02	9.879680e-04	10	1.112330e-02	1.076970e-03	10	1.378830e-02	1.111480e-03	11	false	GAMG	1.964720e-02	1.469720e-04	6	true
1268          	smoothSolver	1.098830e-02	9.971620e-04	10	1.125020e-02	1.096560e-03	10	1.368740e-02	1.097160e-03	11	false	GAMG	1.909210e-02	1.296310e-04	6	true
1269          	smoothSolver	1.106030e-02	1.003830e-03	10	1.145370e-02	1.129520e-03	10	1.369970e-02	1.099970e-03	11	false	GAMG	1.909070e-02	1.234470e-04	6	true
1270          	smoothSolver	1.102320e-02	9.931570e-04	10	1.155840e-02	1.143820e-03	10	1.380240e-02	1.111340e-03	11	false	GAMG	1.947830e-02	1.361210e-04	6	true
1271          	smoothSolver	1.089300e-02	9.671980e-04	10	1.150580e-02	1.130370e-03	10	1.380220e-02	1.108970e-03	11	false	GAMG	2.008090e-02	1.513200e-04	6	true
1272          	smoothSolver	1.075280e-02	9.395350e-04	10	1.137080e-02	1.101240e-03	10	1.376550e-02	1.093830e-03	11	false	GAMG	2.061320e-02	1.456690e-04	6	true
1273          	smoothSolver	1.070410e-02	9.290290e-04	10	1.120720e-02	1.068430e-03	10	1.372250e-02	1.356810e-03	10	false	GAMG	2.072930e-02	1.274120e-04	6	true
1274          	smoothSolver	1.071860e-02	9.299910e-04	10	1.118560e-02	1.060880e-03	10	1.381580e-02	1.359530e-03	10	false	GAMG	2.052490e-02	1.300750e-04	6	true
1275          	smoothSolver	1.080020e-02	9.489140e-04	10	1.133570e-02	1.083100e-03	10	1.400200e-02	1.379960e-03	10	false	GAMG	2.022940e-02	1.400420e-04	6	true
1276          	smoothSolver	1.088070e-02	9.704000e-04	10	1.148810e-02	1.110650e-03	10	1.421700e-02	1.412160e-03	10	false	GAMG	1.994650e-02	1.464210e-04	6	true
1277          	smoothSolver	1.091310e-02	9.827890e-04	10	1.157460e-02	1.130510e-03	10	1.440640e-02	1.152080e-03	11	false	GAMG	1.984420e-02	1.502820e-04	6	true
1278          	smoothSolver	1.088960e-02	9.873760e-04	10	1.156590e-02	1.135400e-03	10	1.433340e-02	1.162630e-03	11	false	GAMG	1.957740e-02	1.568070e-04	6	true
1279          	smoothSolver	1.081840e-02	9.868040e-04	10	1.145480e-02	1.124850e-03	10	1.417790e-02	1.157160e-03	11	false	GAMG	1.957460e-02	1.861690e-04	6	true
1280          	smoothSolver	1.076920e-02	9.872150e-04	10	1.130300e-02	1.103190e-03	10	1.402270e-02	1.141160e-03	11	false	GAMG	1.994550e-02	1.894710e-04	6	true
1281          	smoothSolver	1.081930e-02	9.862270e-04	10	1.112440e-02	1.077580e-03	10	1.384980e-02	1.119290e-03	11	false	GAMG	1.992430e-02	1.588010e-04	6	true
1282          	smoothSolver	1.095010e-02	9.930900e-04	10	1.116930e-02	1.084210e-03	10	1.369370e-02	1.100410e-03	11	false	GAMG	1.931660e-02	1.371030e-04	6	true
1283          	smoothSolver	1.102650e-02	1.001850e-03	10	1.135960e-02	1.115120e-03	10	1.364160e-02	1.094210e-03	11	false	GAMG	1.902550e-02	1.242750e-04	6	true
1284          	smoothSolver	1.103850e-02	9.988360e-04	10	1.152610e-02	1.140510e-03	10	1.374030e-02	1.104860e-03	11	false	GAMG	1.925530e-02	1.280790e-04	6	true
1285          	smoothSolver	1.094840e-02	9.788460e-04	10	1.153820e-02	1.138140e-03	10	1.379420e-02	1.111090e-03	11	false	GAMG	1.978650e-02	1.472760e-04	6	true
1286          	smoothSolver	1.079460e-02	9.479970e-04	10	1.142590e-02	1.113780e-03	10	1.376430e-02	1.100060e-03	11	false	GAMG	2.040790e-02	1.518730e-04	6	true
1287          	smoothSolver	1.070040e-02	9.304470e-04	10	1.127120e-02	1.081600e-03	10	1.372330e-02	1.364090e-03	10	false	GAMG	2.071120e-02	1.324430e-04	6	true
1288          	smoothSolver	1.068440e-02	9.236550e-04	10	1.113090e-02	1.055980e-03	10	1.379280e-02	1.358430e-03	10	false	GAMG	2.065490e-02	1.278580e-04	6	true
1289          	smoothSolver	1.075040e-02	9.370380e-04	10	1.124790e-02	1.070030e-03	10	1.392540e-02	1.370900e-03	10	false	GAMG	2.035500e-02	1.361600e-04	6	true
1290          	smoothSolver	1.084320e-02	9.594560e-04	10	1.141860e-02	1.097490e-03	10	1.413460e-02	1.396290e-03	10	false	GAMG	2.008430e-02	1.451130e-04	6	true
1291          	smoothSolver	1.090050e-02	9.765330e-04	10	1.153850e-02	1.122740e-03	10	1.434630e-02	1.434140e-03	10	false	GAMG	1.985000e-02	1.475520e-04	6	true
1292          	smoothSolver	1.089360e-02	9.837820e-04	10	1.157150e-02	1.133590e-03	10	1.445890e-02	1.165200e-03	11	false	GAMG	1.975660e-02	1.538420e-04	6	true
1293          	smoothSolver	1.083690e-02	9.849580e-04	10	1.150670e-02	1.129670e-03	10	1.430430e-02	1.165700e-03	11	false	GAMG	1.952510e-02	1.704630e-04	6	true
1294          	smoothSolver	1.078650e-02	9.865440e-04	10	1.137420e-02	1.114240e-03	10	1.412700e-02	1.152320e-03	11	false	GAMG	1.980120e-02	1.967830e-04	6	true
1295          	smoothSolver	1.078290e-02	9.859080e-04	10	1.119710e-02	1.088900e-03	10	1.397210e-02	1.132730e-03	11	false	GAMG	2.005070e-02	1.725260e-04	6	true
1296          	smoothSolver	1.089320e-02	9.887450e-04	10	1.112850e-02	1.078490e-03	10	1.377190e-02	1.109770e-03	11	false	GAMG	1.959270e-02	1.448860e-04	6	true
1297          	smoothSolver	1.099820e-02	9.982150e-04	10	1.127310e-02	1.101140e-03	10	1.367770e-02	1.096640e-03	11	false	GAMG	1.908690e-02	1.282580e-04	6	true
1298          	smoothSolver	1.106000e-02	1.003220e-03	10	1.147750e-02	1.133600e-03	10	1.370740e-02	1.100890e-03	11	false	GAMG	1.913420e-02	1.237490e-04	6	true
1299          	smoothSolver	1.100750e-02	9.901320e-04	10	1.156490e-02	1.144660e-03	10	1.379840e-02	1.111640e-03	11	false	GAMG	1.954790e-02	1.384220e-04	6	true
1300          	smoothSolver	1.086600e-02	9.626370e-04	10	1.149910e-02	1.128610e-03	10	1.378950e-02	1.107210e-03	11	false	GAMG	2.015380e-02	1.517180e-04	6	true
1301          	smoothSolver	1.073170e-02	9.368670e-04	10	1.136080e-02	1.098600e-03	10	1.375260e-02	1.374430e-03	10	false	GAMG	2.060210e-02	1.401850e-04	6	true
1302          	smoothSolver	1.067970e-02	9.262550e-04	10	1.118930e-02	1.065400e-03	10	1.381630e-02	1.365570e-03	10	false	GAMG	2.071240e-02	1.280500e-04	6	true
1303          	smoothSolver	1.071330e-02	9.309160e-04	10	1.120010e-02	1.062330e-03	10	1.387730e-02	1.366260e-03	10	false	GAMG	2.049510e-02	1.313640e-04	6	true
1304          	smoothSolver	1.080800e-02	9.516890e-04	10	1.136560e-02	1.087310e-03	10	1.405470e-02	1.385790e-03	10	false	GAMG	2.022120e-02	1.406530e-04	6	true
1305          	smoothSolver	1.088770e-02	9.724680e-04	10	1.151400e-02	1.114520e-03	10	1.426800e-02	1.419330e-03	10	false	GAMG	1.993370e-02	1.462290e-04	6	true
1306          	smoothSolver	1.090860e-02	9.834980e-04	10	1.158920e-02	1.132090e-03	10	1.444420e-02	1.156790e-03	11	false	GAMG	1.983240e-02	1.499100e-04	6	true
1307          	smoothSolver	1.087770e-02	9.869310e-04	10	1.156660e-02	1.134830e-03	10	1.434850e-02	1.164900e-03	11	false	GAMG	1.954480e-02	1.582270e-04	6	true
1308          	smoothSolver	1.080990e-02	9.866700e-04	10	1.144510e-02	1.122880e-03	10	1.418190e-02	1.157160e-03	11	false	GAMG	1.961010e-02	1.895640e-04	6	true
1309          	smoothSolver	1.077030e-02	9.871400e-04	10	1.129000e-02	1.100390e-03	10	1.402490e-02	1.139940e-03	11	false	GAMG	1.996890e-02	1.854610e-04	6	true
1310          	smoothSolver	1.083290e-02	9.868260e-04	10	1.112220e-02	1.076290e-03	10	1.384220e-02	1.117450e-03	11	false	GAMG	1.984820e-02	1.546910e-04	6	true
1311          	smoothSolver	1.096090e-02	9.944210e-04	10	1.119010e-02	1.086480e-03	10	1.370280e-02	1.099910e-03	11	false	GAMG	1.923030e-02	1.346210e-04	6	true
1312          	smoothSolver	1.103820e-02	1.003030e-03	10	1.138880e-02	1.118660e-03	10	1.366180e-02	1.096280e-03	11	false	GAMG	1.902240e-02	1.235340e-04	6	true
1313          	smoothSolver	1.103610e-02	9.980930e-04	10	1.153890e-02	1.141500e-03	10	1.376760e-02	1.107510e-03	11	false	GAMG	1.928490e-02	1.298030e-04	6	true
1314          	smoothSolver	1.093470e-02	9.766310e-04	10	1.153100e-02	1.136040e-03	10	1.380850e-02	1.111690e-03	11	false	GAMG	1.983960e-02	1.492600e-04	6	true
1315          	smoothSolver	1.078430e-02	9.457650e-04	10	1.140910e-02	1.110200e-03	10	1.377360e-02	1.099590e-03	11	false	GAMG	2.044940e-02	1.507800e-04	6	true
1316          	smoothSolver	1.070300e-02	9.302260e-04	10	1.124950e-02	1.077620e-03	10	1.373180e-02	1.363550e-03	10	false	GAMG	2.071440e-02	1.309980e-04	6	true
1317          	smoothSolver	1.069250e-02	9.248420e-04	10	1.113540e-02	1.056150e-03	10	1.379880e-02	1.359060e-03	10	false	GAMG	2.061120e-02	1.284170e-04	6	true
1318          	smoothSolver	1.076680e-02	9.403390e-04	10	1.127270e-02	1.073670e-03	10	1.394860e-02	1.373800e-03	10	false	GAMG	2.031610e-02	1.373550e-04	6	true
1319          	smoothSolver	1.085930e-02	9.627790e-04	10	1.143940e-02	1.101390e-03	10	1.416470e-02	1.401080e-03	10	false	GAMG	2.005540e-02	1.458970e-04	6	true
1320          	smoothSolver	1.091050e-02	9.786470e-04	10	1.154950e-02	1.125490e-03	10	1.437540e-02	1.144540e-03	11	false	GAMG	1.990630e-02	1.513010e-04	6	true
1321          	smoothSolver	1.090860e-02	9.866410e-04	10	1.157910e-02	1.136010e-03	10	1.435630e-02	1.159620e-03	11	false	GAMG	1.968180e-02	1.530700e-04	6	true
1322          	smoothSolver	1.084080e-02	9.862850e-04	10	1.150040e-02	1.130010e-03	10	1.422590e-02	1.160420e-03	11	false	GAMG	1.949900e-02	1.740300e-04	6	true
1323          	smoothSolver	1.077950e-02	9.870630e-04	10	1.135020e-02	1.111420e-03	10	1.407190e-02	1.147420e-03	11	false	GAMG	1.983750e-02	1.965480e-04	6	true
1324          	smoothSolver	1.079140e-02	9.856800e-04	10	1.116430e-02	1.085030e-03	10	1.392090e-02	1.127620e-03	11	false	GAMG	2.005400e-02	1.691400e-04	6	true
1325          	smoothSolver	1.091380e-02	9.897610e-04	10	1.112960e-02	1.079570e-03	10	1.372720e-02	1.105550e-03	11	false	GAMG	1.954440e-02	1.429470e-04	6	true
1326          	smoothSolver	1.100990e-02	9.994570e-04	10	1.129220e-02	1.105040e-03	10	1.364630e-02	1.093890e-03	11	false	GAMG	1.908340e-02	1.270700e-04	6	true
1327          	smoothSolver	1.106000e-02	1.002530e-03	10	1.149670e-02	1.136650e-03	10	1.369720e-02	1.100170e-03	11	false	GAMG	1.918800e-02	1.242860e-04	6	true
1328          	smoothSolver	1.099440e-02	9.872670e-04	10	1.156820e-02	1.144430e-03	10	1.378040e-02	1.110350e-03	11	false	GAMG	1.962270e-02	1.406930e-04	6	true
1329          	smoothSolver	1.084270e-02	9.584820e-04	10	1.149020e-02	1.126180e-03	10	1.377000e-02	1.104400e-03	11	false	GAMG	2.022810e-02	1.521510e-04	6	true
1330          	smoothSolver	1.071720e-02	9.347860e-04	10	1.134900e-02	1.095580e-03	10	1.373400e-02	1.370840e-03	10	false	GAMG	2.063080e-02	1.379040e-04	6	true
1331          	smoothSolver	1.067560e-02	9.253150e-04	10	1.117820e-02	1.063040e-03	10	1.380040e-02	1.362730e-03	10	false	GAMG	2.069740e-02	1.275240e-04	6	true
1332          	smoothSolver	1.071480e-02	9.321510e-04	10	1.121980e-02	1.064610e-03	10	1.387350e-02	1.366210e-03	10	false	GAMG	2.044930e-02	1.322440e-04	6	true
1333          	smoothSolver	1.081010e-02	9.535970e-04	10	1.138720e-02	1.090550e-03	10	1.406360e-02	1.387040e-03	10	false	GAMG	2.018000e-02	1.415030e-04	6	true
1334          	smoothSolver	1.088710e-02	9.734400e-04	10	1.152620e-02	1.117060e-03	10	1.428110e-02	1.422350e-03	10	false	GAMG	1.991180e-02	1.462150e-04	6	true
1335          	smoothSolver	1.089830e-02	9.831960e-04	10	1.159080e-02	1.132570e-03	10	1.444710e-02	1.158570e-03	11	false	GAMG	1.981230e-02	1.500850e-04	6	true
1336          	smoothSolver	1.086080e-02	9.855980e-04	10	1.155670e-02	1.133230e-03	10	1.433520e-02	1.164680e-03	11	false	GAMG	1.952620e-02	1.603120e-04	6	true
1337          	smoothSolver	1.079610e-02	9.858270e-04	10	1.142730e-02	1.120060e-03	10	1.416100e-02	1.155010e-03	11	false	GAMG	1.964270e-02	1.922390e-04	6	true
1338          	smoothSolver	1.076510e-02	9.863310e-04	10	1.126670e-02	1.096640e-03	10	1.400730e-02	1.136980e-03	11	false	GAMG	1.997240e-02	1.815010e-04	6	true
1339          	smoothSolver	1.084210e-02	9.867570e-04	10	1.111810e-02	1.075280e-03	10	1.381870e-02	1.114280e-03	11	false	GAMG	1.977400e-02	1.510100e-04	6	true
1340          	smoothSolver	1.096750e-02	9.948830e-04	10	1.120810e-02	1.088930e-03	10	1.369560e-02	1.098180e-03	11	false	GAMG	1.916090e-02	1.323300e-04	6	true
1341          	smoothSolver	1.104710e-02	1.003330e-03	10	1.141150e-02	1.121810e-03	10	1.367480e-02	1.097320e-03	11	false	GAMG	1.903410e-02	1.230790e-04	6	true
1342          	smoothSolver	1.103140e-02	9.966060e-04	10	1.154560e-02	1.141860e-03	10	1.378170e-02	1.108920e-03	11	false	GAMG	1.934110e-02	1.317060e-04	6	true
1343          	smoothSolver	1.091840e-02	9.735770e-04	10	1.152050e-02	1.133640e-03	10	1.380990e-02	1.110850e-03	11	false	GAMG	1.991330e-02	1.505780e-04	6	true
1344          	smoothSolver	1.077280e-02	9.435210e-04	10	1.139210e-02	1.106680e-03	10	1.377570e-02	1.097900e-03	11	false	GAMG	2.050100e-02	1.491790e-04	6	true
1345          	smoothSolver	1.070390e-02	9.299650e-04	10	1.123120e-02	1.073990e-03	10	1.373310e-02	1.361740e-03	10	false	GAMG	2.070760e-02	1.296710e-04	6	true
1346          	smoothSolver	1.070130e-02	9.266410e-04	10	1.114850e-02	1.057200e-03	10	1.380420e-02	1.359250e-03	10	false	GAMG	2.056680e-02	1.290140e-04	6	true
1347          	smoothSolver	1.078000e-02	9.436500e-04	10	1.129660e-02	1.077060e-03	10	1.396660e-02	1.376210e-03	10	false	GAMG	2.027370e-02	1.383640e-04	6	true
1348          	smoothSolver	1.086640e-02	9.658300e-04	10	1.146000e-02	1.105010e-03	10	1.418380e-02	1.405190e-03	10	false	GAMG	2.000570e-02	1.462200e-04	6	true
1349          	smoothSolver	1.091260e-02	9.803830e-04	10	1.156020e-02	1.127750e-03	10	1.439010e-02	1.147820e-03	11	false	GAMG	1.987960e-02	1.509860e-04	6	true
1350          	smoothSolver	1.090350e-02	9.871190e-04	10	1.157450e-02	1.136340e-03	10	1.435150e-02	1.161690e-03	11	false	GAMG	1.963760e-02	1.542650e-04	6	true
1351          	smoothSolver	1.083290e-02	9.866490e-04	10	1.148370e-02	1.128590e-03	10	1.420870e-02	1.159990e-03	11	false	GAMG	1.951090e-02	1.781220e-04	6	true
1352          	smoothSolver	1.077050e-02	9.873600e-04	10	1.133350e-02	1.108900e-03	10	1.405250e-02	1.145680e-03	11	false	GAMG	1.987630e-02	1.946590e-04	6	true
1353          	smoothSolver	1.079790e-02	9.856970e-04	10	1.114640e-02	1.082370e-03	10	1.389570e-02	1.124980e-03	11	false	GAMG	2.002050e-02	1.654680e-04	6	true
1354          	smoothSolver	1.092840e-02	9.908510e-04	10	1.113950e-02	1.081410e-03	10	1.371310e-02	1.103920e-03	11	false	GAMG	1.948020e-02	1.408680e-04	6	true
1355          	smoothSolver	1.101370e-02	1.000100e-03	10	1.131210e-02	1.108700e-03	10	1.364160e-02	1.093760e-03	11	false	GAMG	1.906670e-02	1.258170e-04	6	true
1356          	smoothSolver	1.105260e-02	1.001170e-03	10	1.150710e-02	1.138400e-03	10	1.371070e-02	1.101570e-03	11	false	GAMG	1.921790e-02	1.250790e-04	6	true
1357          	smoothSolver	1.097540e-02	9.841170e-04	10	1.156040e-02	1.142690e-03	10	1.378040e-02	1.110530e-03	11	false	GAMG	1.967770e-02	1.429370e-04	6	true
1358          	smoothSolver	1.081760e-02	9.542500e-04	10	1.147090e-02	1.122380e-03	10	1.376450e-02	1.102710e-03	11	false	GAMG	2.028280e-02	1.523500e-04	6	true
1359          	smoothSolver	1.070370e-02	9.329720e-04	10	1.132570e-02	1.091380e-03	10	1.372690e-02	1.368400e-03	10	false	GAMG	2.064240e-02	1.358010e-04	6	true
1360          	smoothSolver	1.067040e-02	9.241280e-04	10	1.115850e-02	1.060310e-03	10	1.379150e-02	1.360900e-03	10	false	GAMG	2.066070e-02	1.273850e-04	6	true
1361          	smoothSolver	1.071710e-02	9.333050e-04	10	1.122830e-02	1.066440e-03	10	1.387990e-02	1.367140e-03	10	false	GAMG	2.038750e-02	1.334130e-04	6	true
1362          	smoothSolver	1.081180e-02	9.552650e-04	10	1.139800e-02	1.093020e-03	10	1.407740e-02	1.389240e-03	10	false	GAMG	2.012010e-02	1.425850e-04	6	true
1363          	smoothSolver	1.088240e-02	9.741230e-04	10	1.152980e-02	1.119130e-03	10	1.429410e-02	1.425670e-03	10	false	GAMG	1.986310e-02	1.464460e-04	6	true
1364          	smoothSolver	1.088850e-02	9.828050e-04	10	1.158420e-02	1.132790e-03	10	1.444340e-02	1.160240e-03	11	false	GAMG	1.977210e-02	1.509010e-04	6	true
1365          	smoothSolver	1.084210e-02	9.843880e-04	10	1.153670e-02	1.131530e-03	10	1.431360e-02	1.164380e-03	11	false	GAMG	1.950190e-02	1.632320e-04	6	true
1366          	smoothSolver	1.078140e-02	9.850860e-04	10	1.140230e-02	1.117230e-03	10	1.413470e-02	1.153070e-03	11	false	GAMG	1.966580e-02	1.942510e-04	6	true
1367          	smoothSolver	1.075870e-02	9.852290e-04	10	1.123490e-02	1.092970e-03	10	1.398190e-02	1.134200e-03	11	false	GAMG	1.997060e-02	1.777980e-04	6	true
1368          	smoothSolver	1.084860e-02	9.864220e-04	10	1.111280e-02	1.075270e-03	10	1.378820e-02	1.111250e-03	11	false	GAMG	1.967520e-02	1.481640e-04	6	true
1369          	smoothSolver	1.097020e-02	9.951480e-04	10	1.122210e-02	1.092130e-03	10	1.368030e-02	1.096380e-03	11	false	GAMG	1.910400e-02	1.304110e-04	6	true
1370          	smoothSolver	1.104740e-02	1.002790e-03	10	1.142500e-02	1.124960e-03	10	1.367890e-02	1.097750e-03	11	false	GAMG	1.905010e-02	1.229410e-04	6	true
1371          	smoothSolver	1.102030e-02	9.940210e-04	10	1.154240e-02	1.141730e-03	10	1.378330e-02	1.109150e-03	11	false	GAMG	1.940380e-02	1.337700e-04	6	true
1372          	smoothSolver	1.089670e-02	9.694090e-04	10	1.150210e-02	1.130690e-03	10	1.379470e-02	1.108620e-03	11	false	GAMG	1.999170e-02	1.509830e-04	6	true
1373          	smoothSolver	1.075430e-02	9.405690e-04	10	1.136990e-02	1.102820e-03	10	1.376130e-02	1.094710e-03	11	false	GAMG	2.054230e-02	1.470110e-04	6	true
1374          	smoothSolver	1.069520e-02	9.288820e-04	10	1.120700e-02	1.070140e-03	10	1.371660e-02	1.358040e-03	10	false	GAMG	2.068660e-02	1.283160e-04	6	true
1375          	smoothSolver	1.070030e-02	9.278020e-04	10	1.115820e-02	1.058310e-03	10	1.379540e-02	1.358090e-03	10	false	GAMG	2.050360e-02	1.295020e-04	6	true
1376          	smoothSolver	1.078110e-02	9.462350e-04	10	1.130990e-02	1.079720e-03	10	1.397030e-02	1.377070e-03	10	false	GAMG	2.021870e-02	1.390910e-04	6	true
1377          	smoothSolver	1.086290e-02	9.678370e-04	10	1.146680e-02	1.107410e-03	10	1.418690e-02	1.407840e-03	10	false	GAMG	1.993940e-02	1.461330e-04	6	true
1378          	smoothSolver	1.090180e-02	9.808380e-04	10	1.155780e-02	1.128470e-03	10	1.438500e-02	1.149210e-03	11	false	GAMG	1.983180e-02	1.503270e-04	6	true
1379          	smoothSolver	1.088440e-02	9.862540e-04	10	1.155750e-02	1.134790e-03	10	1.432460e-02	1.161350e-03	11	false	GAMG	1.957210e-02	1.555610e-04	6	true
1380          	smoothSolver	1.081040e-02	9.855720e-04	10	1.145310e-02	1.125200e-03	10	1.417120e-02	1.157330e-03	11	false	GAMG	1.951270e-02	1.826910e-04	6	true
1381          	smoothSolver	1.075280e-02	9.858960e-04	10	1.130190e-02	1.104260e-03	10	1.401400e-02	1.141850e-03	11	false	GAMG	1.989140e-02	1.916040e-04	6	true
1382          	smoothSolver	1.079470e-02	9.845660e-04	10	1.111840e-02	1.078210e-03	10	1.385020e-02	1.120370e-03	11	false	GAMG	1.993960e-02	1.613000e-04	6	true
1383          	smoothSolver	1.092750e-02	9.907220e-04	10	1.114140e-02	1.081830e-03	10	1.368480e-02	1.100560e-03	11	false	GAMG	1.935450e-02	1.384580e-04	6	true
1384          	smoothSolver	1.100710e-02	9.997030e-04	10	1.132380e-02	1.111160e-03	10	1.362610e-02	1.092730e-03	11	false	GAMG	1.903090e-02	1.246570e-04	6	true
1385          	smoothSolver	1.103170e-02	9.983570e-04	10	1.150370e-02	1.138290e-03	10	1.371450e-02	1.102250e-03	11	false	GAMG	1.923000e-02	1.265270e-04	6	true
1386          	smoothSolver	1.094850e-02	9.798760e-04	10	1.153450e-02	1.138650e-03	10	1.377360e-02	1.109490e-03	11	false	GAMG	1.972350e-02	1.453900e-04	6	true
1387          	smoothSolver	1.079080e-02	9.494980e-04	10	1.143300e-02	1.116250e-03	10	1.374970e-02	1.099870e-03	11	false	GAMG	2.033680e-02	1.521180e-04	6	true
1388          	smoothSolver	1.068990e-02	9.305430e-04	10	1.128340e-02	1.084910e-03	10	1.371270e-02	1.364660e-03	10	false	GAMG	2.065420e-02	1.337790e-04	6	true
1389          	smoothSolver	1.066350e-02	9.225030e-04	10	1.112810e-02	1.056590e-03	10	1.377600e-02	1.358130e-03	10	false	GAMG	2.062690e-02	1.277310e-04	6	true
1390          	smoothSolver	1.072150e-02	9.342910e-04	10	1.122990e-02	1.067660e-03	10	1.388570e-02	1.367710e-03	10	false	GAMG	2.033420e-02	1.349610e-04	6	true
1391          	smoothSolver	1.081760e-02	9.568050e-04	10	1.140180e-02	1.095090e-03	10	1.409110e-02	1.391560e-03	10	false	GAMG	2.007650e-02	1.439770e-04	6	true
1392          	smoothSolver	1.088200e-02	9.746460e-04	10	1.152510e-02	1.120680e-03	10	1.430850e-02	1.429050e-03	10	false	GAMG	1.983990e-02	1.470250e-04	6	true
1393          	smoothSolver	1.088150e-02	9.823480e-04	10	1.156700e-02	1.132450e-03	10	1.443710e-02	1.161940e-03	11	false	GAMG	1.974620e-02	1.525430e-04	6	true
1394          	smoothSolver	1.082690e-02	9.834360e-04	10	1.150790e-02	1.129340e-03	10	1.429150e-02	1.163930e-03	11	false	GAMG	1.949680e-02	1.673040e-04	6	true
1395          	smoothSolver	1.077120e-02	9.845570e-04	10	1.137360e-02	1.114140e-03	10	1.410870e-02	1.151050e-03	11	false	GAMG	1.971670e-02	1.959460e-04	6	true
1396          	smoothSolver	1.075800e-02	9.842330e-04	10	1.119980e-02	1.089160e-03	10	1.395600e-02	1.131460e-03	11	false	GAMG	1.999400e-02	1.743410e-04	6	true
1397          	smoothSolver	1.086110e-02	9.864570e-04	10	1.111040e-02	1.076040e-03	10	1.375930e-02	1.108340e-03	11	false	GAMG	1.959670e-02	1.460120e-04	6	true
1398          	smoothSolver	1.097620e-02	9.955720e-04	10	1.123820e-02	1.096160e-03	10	1.366250e-02	1.094680e-03	11	false	GAMG	1.907420e-02	1.289040e-04	6	true
1399          	smoothSolver	1.104640e-02	1.001740e-03	10	1.144000e-02	1.128510e-03	10	1.368120e-02	1.098120e-03	11	false	GAMG	1.910780e-02	1.232000e-04	6	true
1400          	smoothSolver	1.100520e-02	9.904740e-04	10	1.153930e-02	1.141560e-03	10	1.377780e-02	1.108750e-03	11	false	GAMG	1.948320e-02	1.361750e-04	6	true
1401          	smoothSolver	1.087010e-02	9.642970e-04	10	1.148470e-02	1.127510e-03	10	1.377220e-02	1.105500e-03	11	false	GAMG	2.008320e-02	1.511780e-04	6	true
1402          	smoothSolver	1.073150e-02	9.373270e-04	10	1.134980e-02	1.098800e-03	10	1.373890e-02	1.373480e-03	10	false	GAMG	2.054590e-02	1.412360e-04	6	true
1403          	smoothSolver	1.067040e-02	9.258210e-04	10	1.117960e-02	1.065890e-03	10	1.380250e-02	1.364890e-03	10	false	GAMG	2.067400e-02	1.286240e-04	6	true
1404          	smoothSolver	1.069520e-02	9.284110e-04	10	1.116350e-02	1.058690e-03	10	1.385020e-02	1.363760e-03	10	false	GAMG	2.047010e-02	1.309070e-04	6	true
1405          	smoothSolver	1.078760e-02	9.488910e-04	10	1.133400e-02	1.083110e-03	10	1.401450e-02	1.381880e-03	10	false	GAMG	2.018860e-02	1.399070e-04	6	true
1406          	smoothSolver	1.086890e-02	9.701160e-04	10	1.148830e-02	1.110830e-03	10	1.422720e-02	1.414210e-03	10	false	GAMG	1.990950e-02	1.459230e-04	6	true
1407          	smoothSolver	1.089700e-02	9.816670e-04	10	1.156820e-02	1.129630e-03	10	1.441460e-02	1.153290e-03	11	false	GAMG	1.981140e-02	1.498860e-04	6	true
1408          	smoothSolver	1.086990e-02	9.856910e-04	10	1.155170e-02	1.133570e-03	10	1.433200e-02	1.163120e-03	11	false	GAMG	1.952610e-02	1.570830e-04	6	true
1409          	smoothSolver	1.079760e-02	9.851190e-04	10	1.143520e-02	1.122380e-03	10	1.416590e-02	1.156700e-03	11	false	GAMG	1.954390e-02	1.870790e-04	6	true
1410          	smoothSolver	1.074940e-02	9.855250e-04	10	1.128160e-02	1.100410e-03	10	1.400500e-02	1.139970e-03	11	false	GAMG	1.991300e-02	1.878240e-04	6	true
1411          	smoothSolver	1.080400e-02	9.848400e-04	10	1.110740e-02	1.075650e-03	10	1.382920e-02	1.117610e-03	11	false	GAMG	1.985930e-02	1.569990e-04	6	true
1412          	smoothSolver	1.093520e-02	9.919120e-04	10	1.115830e-02	1.083520e-03	10	1.368260e-02	1.099190e-03	11	false	GAMG	1.924230e-02	1.358700e-04	6	true
1413          	smoothSolver	1.101330e-02	1.000520e-03	10	1.134870e-02	1.114530e-03	10	1.363630e-02	1.094020e-03	11	false	GAMG	1.899470e-02	1.237930e-04	6	true
1414          	smoothSolver	1.102360e-02	9.969280e-04	10	1.150930e-02	1.138750e-03	10	1.373830e-02	1.104810e-03	11	false	GAMG	1.925860e-02	1.284850e-04	6	true
1415          	smoothSolver	1.093190e-02	9.766540e-04	10	1.151580e-02	1.135130e-03	10	1.378510e-02	1.109880e-03	11	false	GAMG	1.978540e-02	1.478290e-04	6	true
1416          	smoothSolver	1.077940e-02	9.461550e-04	10	1.140110e-02	1.110590e-03	10	1.375200e-02	1.098310e-03	11	false	GAMG	2.040310e-02	1.512090e-04	6	true
1417          	smoothSolver	1.069140e-02	9.295140e-04	10	1.124690e-02	1.078880e-03	10	1.371390e-02	1.362500e-03	10	false	GAMG	2.068060e-02	1.318140e-04	6	true
1418          	smoothSolver	1.067250e-02	9.227750e-04	10	1.111590e-02	1.054750e-03	10	1.377810e-02	1.357370e-03	10	false	GAMG	2.060070e-02	1.283540e-04	6	true
1419          	smoothSolver	1.074120e-02	9.371610e-04	10	1.124410e-02	1.070440e-03	10	1.391200e-02	1.370330e-03	10	false	GAMG	2.030020e-02	1.367510e-04	6	true
1420          	smoothSolver	1.083650e-02	9.599520e-04	10	1.141700e-02	1.098550e-03	10	1.412330e-02	1.396220e-03	10	false	GAMG	2.004520e-02	1.454140e-04	6	true
1421          	smoothSolver	1.089260e-02	9.766500e-04	10	1.153190e-02	1.123380e-03	10	1.433810e-02	1.140510e-03	11	false	GAMG	1.989780e-02	1.513180e-04	6	true
1422          	smoothSolver	1.089700e-02	9.850220e-04	10	1.156900e-02	1.134650e-03	10	1.433510e-02	1.156390e-03	11	false	GAMG	1.968380e-02	1.524620e-04	6	true
1423          	smoothSolver	1.082870e-02	9.844140e-04	10	1.149520e-02	1.129270e-03	10	1.421210e-02	1.158620e-03	11	false	GAMG	1.947390e-02	1.719330e-04	6	true
1424          	smoothSolver	1.076560e-02	9.848000e-04	10	1.134430e-02	1.110890e-03	10	1.405250e-02	1.146160e-03	11	false	GAMG	1.977270e-02	1.970270e-04	6	true
1425          	smoothSolver	1.076710e-02	9.838550e-04	10	1.116050e-02	1.084690e-03	10	1.390230e-02	1.126430e-03	11	false	GAMG	2.001410e-02	1.710290e-04	6	true
1426          	smoothSolver	1.088550e-02	9.874820e-04	10	1.111290e-02	1.077340e-03	10	1.370990e-02	1.103890e-03	11	false	GAMG	1.954170e-02	1.439920e-04	6	true
1427          	smoothSolver	1.099040e-02	9.969570e-04	10	1.126360e-02	1.101120e-03	10	1.362820e-02	1.091830e-03	11	false	GAMG	1.906940e-02	1.277760e-04	6	true
1428          	smoothSolver	1.104930e-02	1.001060e-03	10	1.146510e-02	1.132850e-03	10	1.367460e-02	1.097610e-03	11	false	GAMG	1.917100e-02	1.240880e-04	6	true
1429          	smoothSolver	1.099370e-02	9.871250e-04	10	1.154500e-02	1.142060e-03	10	1.376320e-02	1.107890e-03	11	false	GAMG	1.959800e-02	1.391600e-04	6	true
1430          	smoothSolver	1.084880e-02	9.593660e-04	10	1.147450e-02	1.124820e-03	10	1.375250e-02	1.102340e-03	11	false	GAMG	2.019240e-02	1.517120e-04	6	true
1431          	smoothSolver	1.071800e-02	9.348260e-04	10	1.133670e-02	1.095110e-03	10	1.371820e-02	1.368820e-03	10	false	GAMG	2.060890e-02	1.386130e-04	6	true
1432          	smoothSolver	1.067080e-02	9.247320e-04	10	1.116670e-02	1.062760e-03	10	1.378670e-02	1.360950e-03	10	false	GAMG	2.068680e-02	1.277980e-04	6	true
1433          	smoothSolver	1.070540e-02	9.302800e-04	10	1.118880e-02	1.061240e-03	10	1.384970e-02	1.363340e-03	10	false	GAMG	2.044260e-02	1.319780e-04	6	true
1434          	smoothSolver	1.080050e-02	9.516780e-04	10	1.135940e-02	1.086840e-03	10	1.403090e-02	1.383530e-03	10	false	GAMG	2.016550e-02	1.410970e-04	6	true
1435          	smoothSolver	1.087880e-02	9.720700e-04	10	1.150580e-02	1.113940e-03	10	1.424670e-02	1.417950e-03	10	false	GAMG	1.989410e-02	1.462030e-04	6	true
1436          	smoothSolver	1.089340e-02	9.822770e-04	10	1.157530e-02	1.130570e-03	10	1.442110e-02	1.155460e-03	11	false	GAMG	1.980460e-02	1.501510e-04	6	true
1437          	smoothSolver	1.085900e-02	9.850390e-04	10	1.154530e-02	1.132210e-03	10	1.432010e-02	1.163050e-03	11	false	GAMG	1.951100e-02	1.596390e-04	6	true
1438          	smoothSolver	1.079160e-02	9.849420e-04	10	1.141850e-02	1.119560e-03	10	1.414790e-02	1.154550e-03	11	false	GAMG	1.960270e-02	1.913040e-04	6	true
1439          	smoothSolver	1.075480e-02	9.854670e-04	10	1.126060e-02	1.096480e-03	10	1.398890e-02	1.136990e-03	11	false	GAMG	1.993540e-02	1.835950e-04	6	true
1440          	smoothSolver	1.082490e-02	9.856400e-04	10	1.110500e-02	1.074170e-03	10	1.380490e-02	1.114160e-03	11	false	GAMG	1.977350e-02	1.527230e-04	6	true
1441          	smoothSolver	1.095190e-02	9.936110e-04	10	1.118580e-02	1.086530e-03	10	1.367900e-02	1.097480e-03	11	false	GAMG	1.916310e-02	1.332760e-04	6	true
1442          	smoothSolver	1.103340e-02	1.002050e-03	10	1.138540e-02	1.119030e-03	10	1.365390e-02	1.095690e-03	11	false	GAMG	1.901130e-02	1.233840e-04	6	true
1443          	smoothSolver	1.102710e-02	9.961300e-04	10	1.152660e-02	1.140110e-03	10	1.376470e-02	1.107350e-03	11	false	GAMG	1.931960e-02	1.310380e-04	6	true
1444          	smoothSolver	1.092220e-02	9.740030e-04	10	1.151080e-02	1.132890e-03	10	1.379780e-02	1.109980e-03	11	false	GAMG	1.988770e-02	1.500410e-04	6	true
1445          	smoothSolver	1.077530e-02	9.438070e-04	10	1.138620e-02	1.106570e-03	10	1.376300e-02	1.097150e-03	11	false	GAMG	2.049550e-02	1.498700e-04	6	true
1446          	smoothSolver	1.070200e-02	9.294510e-04	10	1.122870e-02	1.074450e-03	10	1.372590e-02	1.361100e-03	10	false	GAMG	2.072290e-02	1.302620e-04	6	true
1447          	smoothSolver	1.069390e-02	9.249420e-04	10	1.113270e-02	1.055680e-03	10	1.379560e-02	1.358110e-03	10	false	GAMG	2.058940e-02	1.290980e-04	6	true
1448          	smoothSolver	1.077060e-02	9.414230e-04	10	1.127880e-02	1.074890e-03	10	1.395060e-02	1.374260e-03	10	false	GAMG	2.029410e-02	1.383060e-04	6	true
1449          	smoothSolver	1.086160e-02	9.641580e-04	10	1.144740e-02	1.103260e-03	10	1.416630e-02	1.402470e-03	10	false	GAMG	2.003270e-02	1.464030e-04	6	true
1450          	smoothSolver	1.091110e-02	9.795450e-04	10	1.155330e-02	1.126860e-03	10	1.437730e-02	1.145750e-03	11	false	GAMG	1.990110e-02	1.514840e-04	6	true
1451          	smoothSolver	1.090570e-02	9.867910e-04	10	1.157480e-02	1.136310e-03	10	1.435130e-02	1.160370e-03	11	false	GAMG	1.967290e-02	1.543300e-04	6	true
1452          	smoothSolver	1.083690e-02	9.861800e-04	10	1.148860e-02	1.129070e-03	10	1.421510e-02	1.159940e-03	11	false	GAMG	1.951650e-02	1.770070e-04	6	true
1453          	smoothSolver	1.077500e-02	9.868620e-04	10	1.133860e-02	1.109580e-03	10	1.405670e-02	1.146170e-03	11	false	GAMG	1.986710e-02	1.960680e-04	6	true
1454          	smoothSolver	1.079450e-02	9.854040e-04	10	1.115250e-02	1.082990e-03	10	1.389900e-02	1.125540e-03	11	false	GAMG	2.003750e-02	1.674280e-04	6	true
1455          	smoothSolver	1.092210e-02	9.903250e-04	10	1.113850e-02	1.080740e-03	10	1.371240e-02	1.103800e-03	11	false	GAMG	1.950490e-02	1.421270e-04	6	true
1456          	smoothSolver	1.101370e-02	9.996310e-04	10	1.130460e-02	1.107290e-03	10	1.363940e-02	1.093070e-03	11	false	GAMG	1.908230e-02	1.266240e-04	6	true
1457          	smoothSolver	1.105820e-02	1.001340e-03	10	1.149910e-02	1.137510e-03	10	1.370560e-02	1.100630e-03	11	false	GAMG	1.923020e-02	1.251800e-04	6	true
1458          	smoothSolver	1.098900e-02	9.849970e-04	10	1.155760e-02	1.142710e-03	10	1.378150e-02	1.109910e-03	11	false	GAMG	1.970110e-02	1.420270e-04	6	true
1459          	smoothSolver	1.083630e-02	9.557070e-04	10	1.147270e-02	1.122700e-03	10	1.376480e-02	1.102110e-03	11	false	GAMG	2.030030e-02	1.522290e-04	6	true
1460          	smoothSolver	1.071670e-02	9.338310e-04	10	1.132990e-02	1.092030e-03	10	1.372700e-02	1.367580e-03	10	false	GAMG	2.067560e-02	1.362510e-04	6	true
1461          	smoothSolver	1.068190e-02	9.247630e-04	10	1.116150e-02	1.060880e-03	10	1.379690e-02	1.360520e-03	10	false	GAMG	2.070220e-02	1.274580e-04	6	true
1462          	smoothSolver	1.072450e-02	9.329390e-04	10	1.121800e-02	1.064820e-03	10	1.387800e-02	1.366100e-03	10	false	GAMG	2.041960e-02	1.333000e-04	6	true
1463          	smoothSolver	1.081910e-02	9.549220e-04	10	1.138950e-02	1.091140e-03	10	1.406990e-02	1.387900e-03	10	false	GAMG	2.014710e-02	1.424280e-04	6	true
1464          	smoothSolver	1.089140e-02	9.742730e-04	10	1.152730e-02	1.117720e-03	10	1.428590e-02	1.423820e-03	10	false	GAMG	1.989230e-02	1.465360e-04	6	true
1465          	smoothSolver	1.089810e-02	9.832420e-04	10	1.158620e-02	1.132290e-03	10	1.444380e-02	1.159100e-03	11	false	GAMG	1.980380e-02	1.509200e-04	6	true
1466          	smoothSolver	1.085480e-02	9.850720e-04	10	1.154230e-02	1.131850e-03	10	1.432400e-02	1.164490e-03	11	false	GAMG	1.952260e-02	1.627740e-04	6	true
1467          	smoothSolver	1.079280e-02	9.855630e-04	10	1.140810e-02	1.117940e-03	10	1.414640e-02	1.154210e-03	11	false	GAMG	1.966900e-02	1.940850e-04	6	true
1468          	smoothSolver	1.076560e-02	9.861010e-04	10	1.124360e-02	1.093890e-03	10	1.399080e-02	1.135880e-03	11	false	GAMG	1.997680e-02	1.796400e-04	6	true
1469          	smoothSolver	1.084800e-02	9.869120e-04	10	1.111450e-02	1.075270e-03	10	1.379750e-02	1.112720e-03	11	false	GAMG	1.970690e-02	1.494060e-04	6	true
1470          	smoothSolver	1.097070e-02	9.954910e-04	10	1.121890e-02	1.091290e-03	10	1.368740e-02	1.097410e-03	11	false	GAMG	1.911460e-02	1.311920e-04	6	true
1471          	smoothSolver	1.105070e-02	1.003300e-03	10	1.141990e-02	1.124180e-03	10	1.368220e-02	1.098300e-03	11	false	GAMG	1.905410e-02	1.232770e-04	6	true
1472          	smoothSolver	1.102980e-02	9.950840e-04	10	1.154190e-02	1.141800e-03	10	1.379210e-02	1.109980e-03	11	false	GAMG	1.940460e-02	1.335240e-04	6	true
1473          	smoothSolver	1.091300e-02	9.710500e-04	10	1.150670e-02	1.131270e-03	10	1.380680e-02	1.109850e-03	11	false	GAMG	1.998960e-02	1.509190e-04	6	true
1474          	smoothSolver	1.076900e-02	9.420090e-04	10	1.137590e-02	1.103550e-03	10	1.376950e-02	1.095740e-03	11	false	GAMG	2.056460e-02	1.478440e-04	6	true
1475          	smoothSolver	1.070630e-02	9.296850e-04	10	1.121620e-02	1.071300e-03	10	1.372930e-02	1.359380e-03	10	false	GAMG	2.073120e-02	1.287650e-04	6	true
1476          	smoothSolver	1.070900e-02	9.277160e-04	10	1.115630e-02	1.058060e-03	10	1.380790e-02	1.359100e-03	10	false	GAMG	2.055350e-02	1.297210e-04	6	true
1477          	smoothSolver	1.078970e-02	9.457380e-04	10	1.130890e-02	1.079260e-03	10	1.397840e-02	1.377590e-03	10	false	GAMG	2.026060e-02	1.393150e-04	6	true
1478          	smoothSolver	1.087430e-02	9.679630e-04	10	1.147070e-02	1.107450e-03	10	1.419390e-02	1.407850e-03	10	false	GAMG	1.998300e-02	1.466060e-04	6	true
1479          	smoothSolver	1.091680e-02	9.817500e-04	10	1.156640e-02	1.129380e-03	10	1.439590e-02	1.149560e-03	11	false	GAMG	1.987680e-02	1.509670e-04	6	true
1480          	smoothSolver	1.090290e-02	9.876500e-04	10	1.157310e-02	1.136530e-03	10	1.434630e-02	1.162370e-03	11	false	GAMG	1.962600e-02	1.555710e-04	6	true
1481          	smoothSolver	1.083020e-02	9.869810e-04	10	1.147380e-02	1.127540e-03	10	1.419840e-02	1.159280e-03	11	false	GAMG	1.953880e-02	1.818010e-04	6	true
1482          	smoothSolver	1.077180e-02	9.874840e-04	10	1.132420e-02	1.106910e-03	10	1.404080e-02	1.144260e-03	11	false	GAMG	1.991680e-02	1.932300e-04	6	true
1483          	smoothSolver	1.080800e-02	9.859890e-04	10	1.113960e-02	1.080560e-03	10	1.387650e-02	1.122830e-03	11	false	GAMG	1.999520e-02	1.630950e-04	6	true
1484          	smoothSolver	1.093890e-02	9.917990e-04	10	1.115490e-02	1.082920e-03	10	1.370420e-02	1.102300e-03	11	false	GAMG	1.941310e-02	1.396670e-04	6	true
1485          	smoothSolver	1.101980e-02	1.000760e-03	10	1.133250e-02	1.111550e-03	10	1.364040e-02	1.093580e-03	11	false	GAMG	1.905170e-02	1.253250e-04	6	true
1486          	smoothSolver	1.104830e-02	9.999710e-04	10	1.151400e-02	1.139410e-03	10	1.372320e-02	1.102730e-03	11	false	GAMG	1.924760e-02	1.263740e-04	6	true
1487          	smoothSolver	1.096720e-02	9.816450e-04	10	1.154930e-02	1.140670e-03	10	1.378700e-02	1.110500e-03	11	false	GAMG	1.974580e-02	1.445890e-04	6	true
1488          	smoothSolver	1.081160e-02	9.514250e-04	10	1.145010e-02	1.118300e-03	10	1.376190e-02	1.100720e-03	11	false	GAMG	2.035550e-02	1.522010e-04	6	true
1489          	smoothSolver	1.070440e-02	9.319140e-04	10	1.130150e-02	1.086990e-03	10	1.372290e-02	1.365370e-03	10	false	GAMG	2.069230e-02	1.340560e-04	6	true
1490          	smoothSolver	1.067830e-02	9.236030e-04	10	1.114200e-02	1.058090e-03	10	1.379240e-02	1.359070e-03	10	false	GAMG	2.067310e-02	1.275240e-04	6	true
1491          	smoothSolver	1.073130e-02	9.343800e-04	10	1.123070e-02	1.067160e-03	10	1.389550e-02	1.367980e-03	10	false	GAMG	2.037190e-02	1.347150e-04	6	true
1492          	smoothSolver	1.082600e-02	9.568570e-04	10	1.140310e-02	1.094180e-03	10	1.409620e-02	1.391380e-03	10	false	GAMG	2.010350e-02	1.437450e-04	6	true
1493          	smoothSolver	1.089110e-02	9.749880e-04	10	1.153080e-02	1.120090e-03	10	1.431120e-02	1.428380e-03	10	false	GAMG	1.986150e-02	1.470020e-04	6	true
1494          	smoothSolver	1.089180e-02	9.829880e-04	10	1.157760e-02	1.132610e-03	10	1.444770e-02	1.161610e-03	11	false	GAMG	1.977500e-02	1.522500e-04	6	true
1495          	smoothSolver	1.083910e-02	9.842170e-04	10	1.152140e-02	1.130300e-03	10	1.430950e-02	1.164620e-03	11	false	GAMG	1.951210e-02	1.664680e-04	6	true
1496          	smoothSolver	1.078290e-02	9.852620e-04	10	1.138580e-02	1.115490e-03	10	1.412920e-02	1.152720e-03	11	false	GAMG	1.971440e-02	1.959440e-04	6	true
1497          	smoothSolver	1.076630e-02	9.853420e-04	10	1.121360e-02	1.090680e-03	10	1.397490e-02	1.133750e-03	11	false	GAMG	2.000250e-02	1.758810e-04	6	true
1498          	smoothSolver	1.086290e-02	9.871640e-04	10	1.111630e-02	1.076290e-03	10	1.377730e-02	1.110490e-03	11	false	GAMG	1.963010e-02	1.468050e-04	6	true
1499          	smoothSolver	1.097970e-02	9.963060e-04	10	1.124160e-02	1.095750e-03	10	1.367860e-02	1.096280e-03	11	false	GAMG	1.907630e-02	1.295150e-04	6	true
1500          	smoothSolver	1.105320e-02	1.002950e-03	10	1.144340e-02	1.128480e-03	10	1.369230e-02	1.099250e-03	11	false	GAMG	1.908540e-02	1.234070e-04	6	true
